{"timestamp":1624720782,"route_id":"78","id":"5869","run_id":"78_496_0","predictable":true,"seconds_since_report":46,"heading":40.0,"latitude":34.054707,"longitude":-118.24276}
{"timestamp":1624720782,"route_id":"603","id":"5883","run_id":"603_27_1","predictable":true,"seconds_since_report":19,"heading":208.0,"latitude":34.066448,"longitude":-118.278877}
{"timestamp":1624720782,"route_id":"200","id":"5876","run_id":"200_43_1","predictable":true,"seconds_since_report":99,"heading":179.0,"latitude":34.0137122,"longitude":-118.2828848}
{"timestamp":1624720782,"route_id":"108","id":"5888","run_id":"108_313_0","predictable":true,"seconds_since_report":19,"heading":96.0,"latitude":33.9879887,"longitude":-118.1942467}
{"timestamp":1624720782,"route_id":"18","id":"5897","run_id":"18_249_0","predictable":true,"seconds_since_report":72,"heading":255.0,"latitude":34.061722,"longitude":-118.308014}
{"timestamp":1624720782,"route_id":"33","id":"4114","run_id":"33_527_0","predictable":true,"seconds_since_report":19,"heading":145.0,"latitude":33.989489,"longitude":-118.4722436}
{"timestamp":1624720782,"route_id":"687","id":"4156","run_id":"687_47_0","predictable":true,"seconds_since_report":19,"heading":18.0,"latitude":34.1867411,"longitude":-118.1405831}
{"timestamp":1624720782,"route_id":"28","id":"8516","run_id":"28_605_1","predictable":true,"seconds_since_report":19,"heading":272.0,"latitude":34.057256,"longitude":-118.3426775}
{"timestamp":1624720782,"route_id":"81","id":"8563","run_id":"81_263_1","predictable":true,"seconds_since_report":19,"heading":204.0,"latitude":34.0466837,"longitude":-118.253738}
{"timestamp":1624720782,"route_id":"224","id":"8577","run_id":"224_249_1","predictable":true,"seconds_since_report":19,"heading":220.0,"latitude":34.326187,"longitude":-118.447128}
{"timestamp":1624720782,"route_id":"30","id":"8589","run_id":"30_797_0","predictable":true,"seconds_since_report":19,"heading":120.0,"latitude":34.0423013,"longitude":-118.2718515}
{"timestamp":1624720782,"route_id":"81","id":"8582","run_id":"81_256_0","predictable":true,"seconds_since_report":99,"heading":360.0,"latitude":34.013596,"longitude":-118.282715}
{"timestamp":1624720782,"route_id":"28","id":"8596","run_id":"28_611_1","predictable":true,"seconds_since_report":19,"heading":289.0,"latitude":34.0494487,"longitude":-118.274594}
{"timestamp":1624720782,"route_id":"45","id":"9474","run_id":"45_585_0","predictable":true,"seconds_since_report":46,"heading":360.0,"latitude":33.9414105,"longitude":-118.2781435}
{"timestamp":1624720782,"route_id":"18","id":"5967","run_id":"18_249_0","predictable":true,"seconds_since_report":20,"heading":133.0,"latitude":34.0383223,"longitude":-118.2388315}
{"timestamp":1624720782,"route_id":"207","id":"5999","run_id":"207_284_0","predictable":true,"seconds_since_report":46,"heading":0.0,"latitude":33.944184,"longitude":-118.308956}
{"timestamp":1624720782,"route_id":"91","id":"8625","run_id":"91_341_1","predictable":true,"seconds_since_report":19,"heading":238.0,"latitude":34.2563997,"longitude":-118.376523}
{"timestamp":1624720782,"route_id":"40","id":"8644","run_id":"40_904_1","predictable":true,"seconds_since_report":46,"heading":240.0,"latitude":33.9654785,"longitude":-118.3532648}
{"timestamp":1624720782,"route_id":"720","id":"9504","run_id":"720_1207_0","predictable":true,"seconds_since_report":20,"heading":109.0,"latitude":34.023994,"longitude":-118.1922937}
{"timestamp":1624720782,"route_id":"4","id":"6016","run_id":"4_286_0","predictable":true,"seconds_since_report":19,"heading":117.0,"latitude":34.0456768,"longitude":-118.4432648}
{"timestamp":1624720782,"route_id":"165","id":"8204","run_id":"165_188_0","predictable":true,"seconds_since_report":20,"heading":90.0,"latitude":34.1938928,"longitude":-118.366085}
{"timestamp":1624720782,"route_id":"45","id":"9552","run_id":"45_583_1","predictable":true,"seconds_since_report":19,"heading":243.0,"latitude":34.0726888,"longitude":-118.2203027}
{"timestamp":1624720782,"route_id":"152","id":"8259","run_id":"152_159_0","predictable":true,"seconds_since_report":20,"heading":360.0,"latitude":34.1992433,"longitude":-118.6233427}
{"timestamp":1624720782,"route_id":"117","id":"1639","run_id":"117_68_0","predictable":true,"seconds_since_report":284,"heading":220.0,"latitude":33.950016,"longitude":-118.392685}
{"timestamp":1624720782,"route_id":"150","id":"8290","run_id":"150_171_0","predictable":true,"seconds_since_report":20,"heading":56.0,"latitude":34.1395182,"longitude":-118.3672675}
{"timestamp":1624720782,"route_id":"108","id":"3857","run_id":"108_358_1","predictable":true,"seconds_since_report":20,"heading":269.0,"latitude":33.9891263,"longitude":-118.3242478}
{"timestamp":1624720782,"route_id":"163","id":"1685","run_id":"163_129_1","predictable":true,"seconds_since_report":125,"heading":270.0,"latitude":34.201256,"longitude":-118.466858}
{"timestamp":1624720782,"route_id":"105","id":"3874","run_id":"105_250_1","predictable":true,"seconds_since_report":20,"heading":180.0,"latitude":34.0508807,"longitude":-118.3762283}
{"timestamp":1624720782,"route_id":"102","id":"3895","run_id":"102_60_1","predictable":true,"seconds_since_report":19,"heading":360.0,"latitude":33.9870703,"longitude":-118.2520862}
{"timestamp":1624720782,"route_id":"14","id":"5614","run_id":"14_480_0","predictable":true,"seconds_since_report":19,"heading":247.0,"latitude":34.0759095,"longitude":-118.3277563}
{"timestamp":1624720782,"route_id":"201","id":"5623","run_id":"201_42_0","predictable":true,"seconds_since_report":19,"heading":0.0,"latitude":34.1320635,"longitude":-118.2690335}
{"timestamp":1624720782,"route_id":"603","id":"5628","run_id":"603_27_1","predictable":true,"seconds_since_report":19,"heading":220.0,"latitude":34.145458,"longitude":-118.26088}
{"timestamp":1624720782,"route_id":"217","id":"5642","run_id":"217_218_0","predictable":true,"seconds_since_report":19,"heading":220.0,"latitude":34.026356,"longitude":-118.37075}
{"timestamp":1624720782,"route_id":"207","id":"8703","run_id":"207_271_1","predictable":true,"seconds_since_report":19,"heading":177.0,"latitude":34.0177113,"longitude":-118.3089908}
{"timestamp":1624720782,"route_id":"744","id":"8762","run_id":"744_9_1","predictable":true,"seconds_since_report":19,"heading":180.0,"latitude":34.1751645,"longitude":-118.4488663}
{"timestamp":1624720782,"route_id":"854","id":"6107","run_id":"854_34_1","predictable":true,"seconds_since_report":19,"heading":12.0,"latitude":34.0550068,"longitude":-118.233382}
{"timestamp":1624720782,"route_id":"720","id":"8783","run_id":"720_1207_0","predictable":true,"seconds_since_report":258,"heading":45.0,"latitude":34.028225,"longitude":-118.486984}
{"timestamp":1624720782,"route_id":"246","id":"6124","run_id":"246_79_0","predictable":true,"seconds_since_report":152,"heading":220.0,"latitude":33.707298,"longitude":-118.294548}
{"timestamp":1624720782,"route_id":"233","id":"8788","run_id":"233_146_0","predictable":true,"seconds_since_report":99,"heading":220.0,"latitude":34.151672,"longitude":-118.44696}
{"timestamp":1624720782,"route_id":"105","id":"6118","run_id":"105_253_0","predictable":true,"seconds_since_report":178,"heading":11.0,"latitude":34.004272,"longitude":-118.227448}
{"timestamp":1624720782,"route_id":"733","id":"8797","run_id":"733_102_0","predictable":true,"seconds_since_report":20,"heading":52.0,"latitude":34.0206208,"longitude":-118.4033543}
{"timestamp":1624720782,"route_id":"854","id":"6145","run_id":"854_32_0","predictable":true,"seconds_since_report":19,"heading":94.0,"latitude":34.04779,"longitude":-118.2286892}
{"timestamp":1624720782,"route_id":"94","id":"8329","run_id":"94_241_0","predictable":true,"seconds_since_report":20,"heading":1.0,"latitude":34.1954737,"longitude":-118.3488227}
{"timestamp":1624720782,"route_id":"166","id":"1700","run_id":"166_75_0","predictable":true,"seconds_since_report":72,"heading":186.0,"latitude":34.253944,"longitude":-118.599022}
{"timestamp":1624720782,"route_id":"611","id":"3910","run_id":"611_22_0","predictable":true,"seconds_since_report":20,"heading":119.0,"latitude":34.0035567,"longitude":-118.2269303}
{"timestamp":1624720782,"route_id":"611","id":"3938","run_id":"611_29_1","predictable":true,"seconds_since_report":19,"heading":8.0,"latitude":33.9889888,"longitude":-118.1852352}
{"timestamp":1624720782,"route_id":"62","id":"3946","run_id":"62_305_1","predictable":true,"seconds_since_report":20,"heading":176.0,"latitude":33.8606916,"longitude":-118.0910343}
{"timestamp":1624720782,"route_id":"94","id":"1780","run_id":"94_246_1","predictable":true,"seconds_since_report":46,"heading":222.0,"latitude":34.2912838,"longitude":-118.4485112}
{"timestamp":1624720782,"route_id":"183","id":"1775","run_id":"183_51_1","predictable":true,"seconds_since_report":19,"heading":1.0,"latitude":34.1679389,"longitude":-118.3703742}
{"timestamp":1624720782,"route_id":"120","id":"1794","run_id":"120_76_1","predictable":true,"seconds_since_report":19,"heading":309.0,"latitude":33.9307657,"longitude":-118.0326148}
{"timestamp":1624720782,"route_id":"266","id":"5732","run_id":"266_27_0","predictable":true,"seconds_since_report":258,"heading":359.0,"latitude":33.903402,"longitude":-118.1428113}
{"timestamp":1624720782,"route_id":"266","id":"5785","run_id":"266_26_1","predictable":true,"seconds_since_report":46,"heading":180.0,"latitude":33.999432,"longitude":-118.084244}
{"timestamp":1624720782,"route_id":"605","id":"3133","run_id":"605_44_1","predictable":true,"seconds_since_report":99,"heading":118.0,"latitude":34.040325,"longitude":-118.211456}
{"timestamp":1624720782,"route_id":"605","id":"3138","run_id":"605_45_0","predictable":true,"seconds_since_report":125,"heading":45.0,"latitude":34.061005,"longitude":-118.213814}
{"timestamp":1624720782,"route_id":"51","id":"4032","run_id":"51_273_0","predictable":true,"seconds_since_report":46,"heading":308.0,"latitude":34.045277,"longitude":-118.253181}
{"timestamp":1624720782,"route_id":"268","id":"4047","run_id":"268_123_0","predictable":true,"seconds_since_report":284,"heading":59.0,"latitude":34.0725032,"longitude":-118.045767}
{"timestamp":1624720782,"route_id":"55","id":"4053","run_id":"55_283_1","predictable":true,"seconds_since_report":19,"heading":183.0,"latitude":33.9589765,"longitude":-118.2473292}
{"timestamp":1624720782,"route_id":"2","id":"8413","run_id":"2_1082_0","predictable":true,"seconds_since_report":46,"heading":90.0,"latitude":34.0980087,"longitude":-118.3129202}
{"timestamp":1624720782,"route_id":"35","id":"8451","run_id":"35_261_1","predictable":true,"seconds_since_report":19,"heading":118.0,"latitude":34.0327388,"longitude":-118.2685653}
{"timestamp":1624720782,"route_id":"14","id":"8466","run_id":"14_480_0","predictable":true,"seconds_since_report":19,"heading":297.0,"latitude":34.0710477,"longitude":-118.2802762}
{"timestamp":1624720782,"route_id":"260","id":"1831","run_id":"260_261_0","predictable":true,"seconds_since_report":99,"heading":5.0,"latitude":34.0772042,"longitude":-118.1344125}
{"timestamp":1624720782,"route_id":"53","id":"1873","run_id":"53_198_0","predictable":true,"seconds_since_report":46,"heading":307.0,"latitude":34.0473653,"longitude":-118.2496698}
