{"timestamp":1624720782,"route_id":"181","id":"5833","run_id":"181_191_0","predictable":true,"seconds_since_report":72,"heading":360.0,"latitude":34.1441919,"longitude":-118.257767}
{"timestamp":1624720782,"route_id":"158","id":"4113","run_id":"158_46_0","predictable":true,"seconds_since_report":19,"heading":360.0,"latitude":34.253668,"longitude":-118.5988554}
{"timestamp":1624720782,"route_id":"602","id":"4166","run_id":"602_2_0","predictable":true,"seconds_since_report":19,"heading":41.0,"latitude":34.0688215,"longitude":-118.46041}
{"timestamp":1624720782,"route_id":"251","id":"8526","run_id":"251_151_0","predictable":true,"seconds_since_report":19,"heading":30.0,"latitude":34.0439,"longitude":-118.209587}
{"timestamp":1624720782,"route_id":"28","id":"8553","run_id":"28_605_1","predictable":true,"seconds_since_report":46,"heading":270.0,"latitude":34.0597748,"longitude":-118.4038082}
{"timestamp":1624720782,"route_id":"68","id":"4193","run_id":"68_144_0","predictable":true,"seconds_since_report":19,"heading":133.0,"latitude":34.0383206,"longitude":-118.1474057}
{"timestamp":1624720782,"route_id":"81","id":"8564","run_id":"81_260_0","predictable":true,"seconds_since_report":46,"heading":0.0,"latitude":33.9521798,"longitude":-118.2826432}
{"timestamp":1624720782,"route_id":"18","id":"1927","run_id":"18_250_0","predictable":true,"seconds_since_report":46,"heading":117.0,"latitude":34.062544,"longitude":-118.2817385}
{"timestamp":1624720782,"route_id":"28","id":"8570","run_id":"28_603_0","predictable":true,"seconds_since_report":20,"heading":97.0,"latitude":34.0581655,"longitude":-118.3641688}
{"timestamp":1624720782,"route_id":"232","id":"1512","run_id":"232_87_0","predictable":true,"seconds_since_report":20,"heading":272.0,"latitude":33.7828548,"longitude":-118.212561}
{"timestamp":1624720782,"route_id":"232","id":"1519","run_id":"232_87_0","predictable":true,"seconds_since_report":19,"heading":220.0,"latitude":33.774288,"longitude":-118.191002}
{"timestamp":1624720782,"route_id":"232","id":"1531","run_id":"232_84_1","predictable":true,"seconds_since_report":284,"heading":220.0,"latitude":33.949795,"longitude":-118.392685}
{"timestamp":1624720782,"route_id":"232","id":"1550","run_id":"232_84_1","predictable":true,"seconds_since_report":19,"heading":165.0,"latitude":33.8527472,"longitude":-118.3897382}
{"timestamp":1624720782,"route_id":"205","id":"1567","run_id":"205_84_0","predictable":true,"seconds_since_report":19,"heading":358.0,"latitude":33.9030405,"longitude":-118.2379568}
{"timestamp":1624720782,"route_id":"207","id":"5929","run_id":"207_284_0","predictable":true,"seconds_since_report":46,"heading":0.0,"latitude":34.018299,"longitude":-118.308853}
{"timestamp":1624720782,"route_id":"200","id":"5936","run_id":"200_40_0","predictable":true,"seconds_since_report":99,"heading":228.0,"latitude":34.011505,"longitude":-118.280258}
{"timestamp":1624720782,"route_id":"102","id":"5943","run_id":"102_66_0","predictable":true,"seconds_since_report":20,"heading":90.0,"latitude":34.0182221,"longitude":-118.3064885}
{"timestamp":1624720782,"route_id":"206","id":"5995","run_id":"206_172_1","predictable":true,"seconds_since_report":20,"heading":181.0,"latitude":33.9657493,"longitude":-118.300312}
{"timestamp":1624720782,"route_id":"164","id":"8615","run_id":"164_61_1","predictable":true,"seconds_since_report":19,"heading":272.0,"latitude":34.1867485,"longitude":-118.4666318}
{"timestamp":1624720782,"route_id":"94","id":"8629","run_id":"94_250_0","predictable":true,"seconds_since_report":72,"heading":319.0,"latitude":34.254055,"longitude":-118.409332}
{"timestamp":1624720782,"route_id":"207","id":"9508","run_id":"207_284_0","predictable":true,"seconds_since_report":19,"heading":359.0,"latitude":34.0914485,"longitude":-118.3091103}
{"timestamp":1624720782,"route_id":"240","id":"8203","run_id":"240_177_1","predictable":true,"seconds_since_report":20,"heading":296.0,"latitude":34.1663635,"longitude":-118.5297262}
{"timestamp":1624720782,"route_id":"16","id":"6032","run_id":"16_378_0","predictable":true,"seconds_since_report":20,"heading":99.0,"latitude":34.0718363,"longitude":-118.3641362}
{"timestamp":1624720782,"route_id":"207","id":"9541","run_id":"207_271_1","predictable":true,"seconds_since_report":99,"heading":180.0,"latitude":34.072445,"longitude":-118.309227}
{"timestamp":1624720782,"route_id":"152","id":"8220","run_id":"152_126_1","predictable":true,"seconds_since_report":19,"heading":269.0,"latitude":34.221634,"longitude":-118.449387}
{"timestamp":1624720782,"route_id":"45","id":"9583","run_id":"45_586_1","predictable":true,"seconds_since_report":20,"heading":268.0,"latitude":33.9311113,"longitude":-118.279952}
{"timestamp":1624720782,"route_id":"115","id":"1635","run_id":"115_492_0","predictable":true,"seconds_since_report":19,"heading":97.0,"latitude":33.9521117,"longitude":-118.1857683}
{"timestamp":1624720782,"route_id":"111","id":"1682","run_id":"111_345_1","predictable":true,"seconds_since_report":19,"heading":270.0,"latitude":33.9747738,"longitude":-118.267768}
{"timestamp":1624720782,"route_id":"92","id":"1677","run_id":"92_256_1","predictable":true,"seconds_since_report":19,"heading":142.0,"latitude":34.2285993,"longitude":-118.3653457}
{"timestamp":1624720782,"route_id":"344","id":"1689","run_id":"344_47_0","predictable":true,"seconds_since_report":20,"heading":74.0,"latitude":33.7763882,"longitude":-118.3755673}
{"timestamp":1624720782,"route_id":"51","id":"3873","run_id":"51_213_1","predictable":true,"seconds_since_report":20,"heading":353.0,"latitude":33.8966583,"longitude":-118.2204612}
{"timestamp":1624720782,"route_id":"52","id":"3878","run_id":"52_265_0","predictable":true,"seconds_since_report":20,"heading":87.0,"latitude":33.8668667,"longitude":-118.269524}
{"timestamp":1624720782,"route_id":"68","id":"3892","run_id":"68_151_1","predictable":true,"seconds_since_report":46,"heading":297.0,"latitude":34.0498625,"longitude":-118.2144697}
{"timestamp":1624720782,"route_id":"20","id":"3886","run_id":"20_730_1","predictable":true,"seconds_since_report":19,"heading":226.0,"latitude":34.050148,"longitude":-118.4602152}
{"timestamp":1624720782,"route_id":"950","id":"8710","run_id":"950_212_0","predictable":true,"seconds_since_report":46,"heading":32.0,"latitude":34.04071,"longitude":-118.268127}
{"timestamp":1624720782,"route_id":"30","id":"5679","run_id":"30_771_0","predictable":true,"seconds_since_report":20,"heading":36.0,"latitude":34.0391143,"longitude":-118.2594168}
{"timestamp":1624720782,"route_id":"704","id":"8733","run_id":"704_169_0","predictable":true,"seconds_since_report":19,"heading":158.0,"latitude":34.0886547,"longitude":-118.2764583}
{"timestamp":1624720782,"route_id":"720","id":"8738","run_id":"720_1207_0","predictable":true,"seconds_since_report":20,"heading":88.0,"latitude":34.0671028,"longitude":-118.4017698}
{"timestamp":1624720782,"route_id":"720","id":"8765","run_id":"720_1212_0","predictable":true,"seconds_since_report":99,"heading":220.0,"latitude":34.056606,"longitude":-118.44696}
{"timestamp":1624720782,"route_id":"45","id":"8771","run_id":"45_585_0","predictable":true,"seconds_since_report":46,"heading":360.0,"latitude":33.9846407,"longitude":-118.2782553}
{"timestamp":1624720782,"route_id":"51","id":"6114","run_id":"51_213_1","predictable":true,"seconds_since_report":19,"heading":212.0,"latitude":34.0346733,"longitude":-118.2526683}
{"timestamp":1624720782,"route_id":"45","id":"8790","run_id":"45_583_1","predictable":true,"seconds_since_report":152,"heading":180.0,"latitude":33.986122,"longitude":-118.27845}
{"timestamp":1624720782,"route_id":"204","id":"8306","run_id":"204_115_0","predictable":true,"seconds_since_report":19,"heading":359.0,"latitude":33.9888927,"longitude":-118.2914105}
{"timestamp":1624720782,"route_id":"70","id":"6149","run_id":"70_265_1","predictable":true,"seconds_since_report":20,"heading":285.0,"latitude":34.0581895,"longitude":-118.237217}
{"timestamp":1624720782,"route_id":"180","id":"1724","run_id":"180_198_0","predictable":true,"seconds_since_report":20,"heading":2.0,"latitude":34.1486793,"longitude":-118.1323245}
{"timestamp":1624720782,"route_id":"20","id":"1745","run_id":"20_723_1","predictable":true,"seconds_since_report":99,"heading":270.0,"latitude":34.06348,"longitude":-118.365967}
{"timestamp":1624720782,"route_id":"460","id":"3920","run_id":"460_191_1","predictable":true,"seconds_since_report":19,"heading":309.0,"latitude":33.8534028,"longitude":-117.9736095}
{"timestamp":1624720782,"route_id":"245","id":"1751","run_id":"245_61_1","predictable":true,"seconds_since_report":19,"heading":30.0,"latitude":34.2290688,"longitude":-118.6030555}
{"timestamp":1624720782,"route_id":"158","id":"1766","run_id":"158_53_1","predictable":true,"seconds_since_report":258,"heading":360.0,"latitude":34.203152,"longitude":-118.431229}
{"timestamp":1624720782,"route_id":"222","id":"3955","run_id":"222_67_1","predictable":true,"seconds_since_report":20,"heading":203.0,"latitude":34.252269,"longitude":-118.3454245}
{"timestamp":1624720782,"route_id":"4","id":"3969","run_id":"4_282_1","predictable":true,"seconds_since_report":72,"heading":220.0,"latitude":34.033176,"longitude":-118.265244}
{"timestamp":1624720782,"route_id":"115","id":"1787","run_id":"115_503_1","predictable":true,"seconds_since_report":20,"heading":270.0,"latitude":33.959944,"longitude":-118.391744}
{"timestamp":1624720782,"route_id":"200","id":"3962","run_id":"200_43_1","predictable":true,"seconds_since_report":46,"heading":208.0,"latitude":34.0608972,"longitude":-118.2740675}
{"timestamp":1624720782,"route_id":"237","id":"3976","run_id":"237_16_0","predictable":true,"seconds_since_report":152,"heading":278.0,"latitude":34.088943,"longitude":-118.338333}
{"timestamp":1624720782,"route_id":"603","id":"3988","run_id":"603_27_1","predictable":true,"seconds_since_report":152,"heading":165.0,"latitude":34.0995599,"longitude":-118.250198}
{"timestamp":1624720782,"route_id":"155","id":"3997","run_id":"155_34_0","predictable":true,"seconds_since_report":19,"heading":345.0,"latitude":34.151836,"longitude":-118.361481}
{"timestamp":1624720782,"route_id":"266","id":"5735","run_id":"266_27_0","predictable":true,"seconds_since_report":46,"heading":358.0,"latitude":34.0816432,"longitude":-118.0731418}
{"timestamp":1624720782,"route_id":"206","id":"5763","run_id":"206_176_0","predictable":true,"seconds_since_report":20,"heading":355.0,"latitude":33.9315413,"longitude":-118.3002465}
{"timestamp":1624720782,"route_id":"108","id":"5754","run_id":"108_403_1","predictable":true,"seconds_since_report":46,"heading":314.0,"latitude":33.9880425,"longitude":-118.4171302}
{"timestamp":1624720782,"route_id":"206","id":"5768","run_id":"206_172_1","predictable":true,"seconds_since_report":20,"heading":180.0,"latitude":34.0966838,"longitude":-118.300512}
{"timestamp":1624720782,"route_id":"45","id":"8802","run_id":"45_582_0","predictable":true,"seconds_since_report":46,"heading":46.0,"latitude":34.0421103,"longitude":-118.2561673}
{"timestamp":1624720782,"route_id":"45","id":"8821","run_id":"45_586_1","predictable":true,"seconds_since_report":99,"heading":220.0,"latitude":34.073849,"longitude":-118.205093}
{"timestamp":1624720782,"route_id":"105","id":"5789","run_id":"105_253_0","predictable":true,"seconds_since_report":46,"heading":303.0,"latitude":34.0119568,"longitude":-118.3368658}
{"timestamp":1624720782,"route_id":"60","id":"4035","run_id":"60_152_0","predictable":true,"seconds_since_report":19,"heading":350.0,"latitude":33.9284048,"longitude":-118.210791}
{"timestamp":1624720782,"route_id":"105","id":"4040","run_id":"105_253_0","predictable":true,"seconds_since_report":20,"heading":148.0,"latitude":34.0853127,"longitude":-118.3843703}
{"timestamp":1624720782,"route_id":"60","id":"4054","run_id":"60_151_1","predictable":true,"seconds_since_report":20,"heading":270.0,"latitude":33.8743539,"longitude":-118.2084345}
{"timestamp":1624720782,"route_id":"20","id":"8414","run_id":"20_729_0","predictable":true,"seconds_since_report":20,"heading":71.0,"latitude":34.0603603,"longitude":-118.4380718}
{"timestamp":1624720782,"route_id":"60","id":"4082","run_id":"60_152_0","predictable":true,"seconds_since_report":19,"heading":358.0,"latitude":33.8811903,"longitude":-118.2155373}
{"timestamp":1624720782,"route_id":"111","id":"8437","run_id":"111_342_0","predictable":true,"seconds_since_report":20,"heading":88.0,"latitude":33.9745374,"longitude":-118.2997877}
{"timestamp":1624720782,"route_id":"70","id":"1815","run_id":"70_265_1","predictable":true,"seconds_since_report":19,"heading":124.0,"latitude":34.033314,"longitude":-118.265175}
{"timestamp":1624720782,"route_id":"264","id":"1829","run_id":"264_84_1","predictable":true,"seconds_since_report":46,"heading":88.0,"latitude":34.1498415,"longitude":-118.094644}
{"timestamp":1624720782,"route_id":"115","id":"8475","run_id":"115_502_0","predictable":true,"seconds_since_report":19,"heading":334.0,"latitude":33.9342287,"longitude":-118.4305258}
{"timestamp":1624720782,"route_id":"78","id":"1836","run_id":"78_496_0","predictable":true,"seconds_since_report":19,"heading":84.0,"latitude":34.1060225,"longitude":-118.0653632}
{"timestamp":1624720782,"route_id":"76","id":"1843","run_id":"76_183_0","predictable":true,"seconds_since_report":19,"heading":90.0,"latitude":34.080807,"longitude":-118.073524}
{"timestamp":1624720782,"route_id":"53","id":"1860","run_id":"53_198_0","predictable":true,"seconds_since_report":19,"heading":346.0,"latitude":33.9020928,"longitude":-118.2532017}
{"timestamp":1624720782,"route_id":"83","id":"1881","run_id":"83_121_0","predictable":true,"seconds_since_report":72,"heading":220.0,"latitude":34.03354,"longitude":-118.2652215}
{"timestamp":1624720782,"route_id":"268","id":"5804","run_id":"268_136_0","predictable":true,"seconds_since_report":258,"heading":270.0,"latitude":34.169189,"longitude":-118.107323}
