{"timestamp":1624720677,"route_id":"91","id":"5828","run_id":"91_328_0","predictable":true,"seconds_since_report":49,"heading":313.0,"latitude":34.052096,"longitude":-118.2568583}
{"timestamp":1624720677,"route_id":"37","id":"5837","run_id":"37_480_0","predictable":true,"seconds_since_report":76,"heading":90.0,"latitude":34.0326052,"longitude":-118.3253127}
{"timestamp":1624720677,"route_id":"38","id":"5842","run_id":"38_258_0","predictable":true,"seconds_since_report":23,"heading":89.0,"latitude":34.0254618,"longitude":-118.3044923}
{"timestamp":1624720677,"route_id":"10","id":"5894","run_id":"10_613_0","predictable":true,"seconds_since_report":22,"heading":103.0,"latitude":34.0680004,"longitude":-118.2602628}
{"timestamp":1624720677,"route_id":"236","id":"4108","run_id":"236_123_0","predictable":true,"seconds_since_report":23,"heading":1.0,"latitude":34.2543434,"longitude":-118.5022824}
{"timestamp":1624720677,"route_id":"70","id":"4141","run_id":"70_258_0","predictable":true,"seconds_since_report":23,"heading":58.0,"latitude":34.0650473,"longitude":-118.1566892}
{"timestamp":1624720677,"route_id":"70","id":"4155","run_id":"70_265_1","predictable":true,"seconds_since_report":23,"heading":303.0,"latitude":34.0548454,"longitude":-118.2472261}
{"timestamp":1624720677,"route_id":"28","id":"8522","run_id":"28_611_1","predictable":true,"seconds_since_report":75,"heading":220.0,"latitude":34.142899,"longitude":-118.227844}
{"timestamp":1624720677,"route_id":"33","id":"4176","run_id":"33_527_0","predictable":true,"seconds_since_report":75,"heading":80.0,"latitude":34.043983,"longitude":-118.3582}
{"timestamp":1624720677,"route_id":"70","id":"4169","run_id":"70_258_0","predictable":true,"seconds_since_report":155,"heading":75.0,"latitude":34.062519,"longitude":-118.103485}
{"timestamp":1624720677,"route_id":"251","id":"8529","run_id":"251_153_0","predictable":true,"seconds_since_report":75,"heading":220.0,"latitude":33.96349,"longitude":-118.223022}
{"timestamp":1624720677,"route_id":"251","id":"8543","run_id":"251_149_1","predictable":true,"seconds_since_report":22,"heading":166.0,"latitude":34.0738388,"longitude":-118.2156988}
{"timestamp":1624720677,"route_id":"35","id":"8557","run_id":"35_258_0","predictable":true,"seconds_since_report":22,"heading":270.0,"latitude":34.0399172,"longitude":-118.337122}
{"timestamp":1624720677,"route_id":"28","id":"8548","run_id":"28_603_0","predictable":true,"seconds_since_report":49,"heading":303.0,"latitude":34.0876827,"longitude":-118.2210132}
{"timestamp":1624720677,"route_id":"251","id":"8560","run_id":"251_151_0","predictable":true,"seconds_since_report":49,"heading":359.0,"latitude":33.9813168,"longitude":-118.2251223}
{"timestamp":1624720677,"route_id":"30","id":"8117","run_id":"30_773_0","predictable":true,"seconds_since_report":22,"heading":90.0,"latitude":34.0905727,"longitude":-118.3824912}
{"timestamp":1624720677,"route_id":"30","id":"8108","run_id":"30_785_1","predictable":true,"seconds_since_report":22,"heading":306.0,"latitude":34.0527457,"longitude":-118.2440953}
{"timestamp":1624720677,"route_id":"2","id":"8134","run_id":"2_1084_0","predictable":true,"seconds_since_report":22,"heading":78.0,"latitude":34.0947663,"longitude":-118.3745025}
{"timestamp":1624720677,"route_id":"66","id":"9463","run_id":"66_392_0","predictable":true,"seconds_since_report":22,"heading":55.0,"latitude":34.0408608,"longitude":-118.2558473}
{"timestamp":1624720677,"route_id":"130","id":"1509","run_id":"130_85_0","predictable":true,"seconds_since_report":181,"heading":90.0,"latitude":33.874226,"longitude":-118.203224}
{"timestamp":1624720677,"route_id":"733","id":"9489","run_id":"733_102_0","predictable":true,"seconds_since_report":102,"heading":220.0,"latitude":34.015026,"longitude":-118.497307}
{"timestamp":1624720677,"route_id":"45","id":"9482","run_id":"45_582_0","predictable":true,"seconds_since_report":23,"heading":359.0,"latitude":33.9710252,"longitude":-118.278206}
{"timestamp":1624720677,"route_id":"234","id":"8169","run_id":"234_53_0","predictable":true,"seconds_since_report":23,"heading":34.0,"latitude":34.0588702,"longitude":-118.4440755}
{"timestamp":1624720677,"route_id":"35","id":"8162","run_id":"35_197_0","predictable":true,"seconds_since_report":49,"heading":298.0,"latitude":34.0330792,"longitude":-118.2689093}
{"timestamp":1624720677,"route_id":"152","id":"8183","run_id":"152_159_0","predictable":true,"seconds_since_report":261,"heading":67.0,"latitude":34.1656792,"longitude":-118.624204}
{"timestamp":1624720677,"route_id":"16","id":"5905","run_id":"16_394_1","predictable":true,"seconds_since_report":102,"heading":309.0,"latitude":34.0494,"longitude":-118.252754}
{"timestamp":1624720677,"route_id":"51","id":"5932","run_id":"51_248_0","predictable":true,"seconds_since_report":49,"heading":360.0,"latitude":33.938933,"longitude":-118.265139}
{"timestamp":1624720677,"route_id":"4","id":"5953","run_id":"4_286_0","predictable":true,"seconds_since_report":75,"heading":50.0,"latitude":34.0572107,"longitude":-118.424292}
{"timestamp":1624720677,"route_id":"224","id":"5958","run_id":"224_257_0","predictable":true,"seconds_since_report":102,"heading":315.0,"latitude":34.277348,"longitude":-118.434052}
{"timestamp":1624720677,"route_id":"62","id":"5970","run_id":"62_305_1","predictable":true,"seconds_since_report":22,"heading":118.0,"latitude":34.0143815,"longitude":-118.1673267}
{"timestamp":1624720677,"route_id":"120","id":"5991","run_id":"120_88_0","predictable":true,"seconds_since_report":49,"heading":355.0,"latitude":33.925842,"longitude":-118.2389772}
{"timestamp":1624720677,"route_id":"2","id":"8605","run_id":"2_1057_1","predictable":true,"seconds_since_report":23,"heading":301.0,"latitude":34.0792573,"longitude":-118.2683245}
{"timestamp":1624720677,"route_id":"234","id":"8626","run_id":"234_65_1","predictable":true,"seconds_since_report":49,"heading":134.0,"latitude":34.3025753,"longitude":-118.4368482}
{"timestamp":1624720677,"route_id":"754","id":"9513","run_id":"754_95_1","predictable":true,"seconds_since_report":22,"heading":180.0,"latitude":33.928783,"longitude":-118.292023}
{"timestamp":1624720677,"route_id":"704","id":"6048","run_id":"704_169_0","predictable":true,"seconds_since_report":23,"heading":50.0,"latitude":34.0758015,"longitude":-118.3975757}
{"timestamp":1624720677,"route_id":"260","id":"8218","run_id":"260_261_0","predictable":true,"seconds_since_report":22,"heading":350.0,"latitude":33.9554537,"longitude":-118.1838735}
{"timestamp":1624720677,"route_id":"260","id":"6057","run_id":"260_269_0","predictable":true,"seconds_since_report":76,"heading":15.0,"latitude":34.020258,"longitude":-118.1572687}
{"timestamp":1624720677,"route_id":"704","id":"9579","run_id":"704_169_0","predictable":true,"seconds_since_report":49,"heading":45.0,"latitude":34.02652,"longitude":-118.482658}
{"timestamp":1624720677,"route_id":"720","id":"9572","run_id":"720_1212_0","predictable":true,"seconds_since_report":49,"heading":113.0,"latitude":34.0509636,"longitude":-118.2586577}
{"timestamp":1624720677,"route_id":"344","id":"6081","run_id":"344_48_1","predictable":true,"seconds_since_report":260,"heading":270.0,"latitude":33.776409,"longitude":-118.377144}
{"timestamp":1624720677,"route_id":"234","id":"8279","run_id":"234_53_0","predictable":true,"seconds_since_report":288,"heading":220.0,"latitude":34.034935,"longitude":-118.436241}
{"timestamp":1624720677,"route_id":"210","id":"1631","run_id":"210_289_0","predictable":true,"seconds_since_report":128,"heading":345.0,"latitude":34.017776,"longitude":-118.33506}
{"timestamp":1624720677,"route_id":"115","id":"1644","run_id":"115_502_0","predictable":true,"seconds_since_report":75,"heading":120.0,"latitude":33.939346,"longitude":-118.131836}
{"timestamp":1624720677,"route_id":"210","id":"1650","run_id":"210_289_0","predictable":true,"seconds_since_report":22,"heading":28.0,"latitude":33.8679662,"longitude":-118.3563683}
{"timestamp":1624720677,"route_id":"158","id":"1686","run_id":"158_46_0","predictable":true,"seconds_since_report":49,"heading":181.0,"latitude":34.2102233,"longitude":-118.4310032}
{"timestamp":1624720677,"route_id":"105","id":"3882","run_id":"105_253_0","predictable":true,"seconds_since_report":22,"heading":270.0,"latitude":34.090649,"longitude":-118.376656}
{"timestamp":1624720677,"route_id":"603","id":"5603","run_id":"603_26_0","predictable":true,"seconds_since_report":22,"heading":43.0,"latitude":34.1071563,"longitude":-118.2551492}
