{"timestamp":1624720827,"route_id":"91","id":"5828","run_id":"91_328_0","predictable":true,"seconds_since_report":61,"heading":204.0,"latitude":34.0522765,"longitude":-118.261692}
{"timestamp":1624720827,"route_id":"37","id":"5837","run_id":"37_480_0","predictable":true,"seconds_since_report":7,"heading":90.0,"latitude":34.0326452,"longitude":-118.3141462}
{"timestamp":1624720827,"route_id":"38","id":"5842","run_id":"38_258_0","predictable":true,"seconds_since_report":7,"heading":90.0,"latitude":34.025448,"longitude":-118.292412}
{"timestamp":1624720827,"route_id":"10","id":"5894","run_id":"10_613_0","predictable":true,"seconds_since_report":34,"heading":139.0,"latitude":34.0649722,"longitude":-118.2529827}
{"timestamp":1624720827,"route_id":"236","id":"4108","run_id":"236_123_0","predictable":true,"seconds_since_report":8,"heading":0.0,"latitude":34.2668504,"longitude":-118.5022011}
{"timestamp":1624720827,"route_id":"70","id":"4141","run_id":"70_258_0","predictable":true,"seconds_since_report":8,"heading":56.0,"latitude":34.061807,"longitude":-118.1411518}
{"timestamp":1624720827,"route_id":"70","id":"4155","run_id":"70_265_1","predictable":true,"seconds_since_report":34,"heading":221.0,"latitude":34.0545487,"longitude":-118.249908}
{"timestamp":1624720827,"route_id":"28","id":"8522","run_id":"28_611_1","predictable":true,"seconds_since_report":60,"heading":220.0,"latitude":34.142845,"longitude":-118.227905}
{"timestamp":1624720827,"route_id":"33","id":"4176","run_id":"33_527_0","predictable":true,"seconds_since_report":34,"heading":75.0,"latitude":34.045277,"longitude":-118.349121}
{"timestamp":1624720827,"route_id":"70","id":"4169","run_id":"70_258_0","predictable":true,"seconds_since_report":113,"heading":90.0,"latitude":34.062546,"longitude":-118.090179}
{"timestamp":1624720827,"route_id":"251","id":"8529","run_id":"251_153_0","predictable":true,"seconds_since_report":60,"heading":220.0,"latitude":33.963516,"longitude":-118.222992}
{"timestamp":1624720827,"route_id":"251","id":"8543","run_id":"251_149_1","predictable":true,"seconds_since_report":7,"heading":171.0,"latitude":34.0654763,"longitude":-118.2154175}
{"timestamp":1624720827,"route_id":"35","id":"8557","run_id":"35_258_0","predictable":true,"seconds_since_report":60,"heading":285.0,"latitude":34.0400195,"longitude":-118.3454352}
{"timestamp":1624720827,"route_id":"28","id":"8548","run_id":"28_603_0","predictable":true,"seconds_since_report":7,"heading":307.0,"latitude":34.0944417,"longitude":-118.2265713}
{"timestamp":1624720827,"route_id":"251","id":"8560","run_id":"251_151_0","predictable":true,"seconds_since_report":7,"heading":360.0,"latitude":33.987057,"longitude":-118.225121}
{"timestamp":1624720827,"route_id":"30","id":"8117","run_id":"30_773_0","predictable":true,"seconds_since_report":7,"heading":184.0,"latitude":34.0832457,"longitude":-118.383866}
{"timestamp":1624720827,"route_id":"30","id":"8108","run_id":"30_785_1","predictable":true,"seconds_since_report":34,"heading":219.0,"latitude":34.0478015,"longitude":-118.2493955}
{"timestamp":1624720827,"route_id":"2","id":"8134","run_id":"2_1084_0","predictable":true,"seconds_since_report":87,"heading":92.0,"latitude":34.0978975,"longitude":-118.3668635}
{"timestamp":1624720827,"route_id":"66","id":"9463","run_id":"66_392_0","predictable":true,"seconds_since_report":34,"heading":138.0,"latitude":34.0398725,"longitude":-118.2531557}
{"timestamp":1624720827,"route_id":"66","id":"9468","run_id":"66_396_0","predictable":true,"seconds_since_report":34,"heading":108.0,"latitude":34.0578503,"longitude":-118.308742}
{"timestamp":1624720827,"route_id":"130","id":"1509","run_id":"130_85_0","predictable":true,"seconds_since_report":140,"heading":75.0,"latitude":33.874584,"longitude":-118.181526}
{"timestamp":1624720827,"route_id":"733","id":"9489","run_id":"733_102_0","predictable":true,"seconds_since_report":246,"heading":220.0,"latitude":34.015026,"longitude":-118.497307}
{"timestamp":1624720827,"route_id":"45","id":"9482","run_id":"45_582_0","predictable":true,"seconds_since_report":8,"heading":1.0,"latitude":33.9785218,"longitude":-118.2782007}
{"timestamp":1624720827,"route_id":"234","id":"8169","run_id":"234_53_0","predictable":true,"seconds_since_report":7,"heading":352.0,"latitude":34.063497,"longitude":-118.445238}
{"timestamp":1624720827,"route_id":"35","id":"8162","run_id":"35_197_0","predictable":true,"seconds_since_report":8,"heading":298.0,"latitude":34.0370682,"longitude":-118.2778522}
{"timestamp":1624720827,"route_id":"152","id":"8183","run_id":"152_159_0","predictable":true,"seconds_since_report":87,"heading":356.0,"latitude":34.1670007,"longitude":-118.623193}
{"timestamp":1624720827,"route_id":"16","id":"5905","run_id":"16_394_1","predictable":true,"seconds_since_report":34,"heading":296.0,"latitude":34.053993,"longitude":-118.261864}
{"timestamp":1624720827,"route_id":"51","id":"5932","run_id":"51_248_0","predictable":true,"seconds_since_report":7,"heading":360.0,"latitude":33.948363,"longitude":-118.265113}
{"timestamp":1624720827,"route_id":"4","id":"5953","run_id":"4_286_0","predictable":true,"seconds_since_report":60,"heading":50.0,"latitude":34.0617278,"longitude":-118.4177045}
{"timestamp":1624720827,"route_id":"224","id":"5958","run_id":"224_257_0","predictable":true,"seconds_since_report":60,"heading":325.0,"latitude":34.286835,"longitude":-118.444832}
{"timestamp":1624720827,"route_id":"62","id":"5970","run_id":"62_305_1","predictable":true,"seconds_since_report":7,"heading":162.0,"latitude":34.0096792,"longitude":-118.158442}
{"timestamp":1624720827,"route_id":"120","id":"5991","run_id":"120_88_0","predictable":true,"seconds_since_report":60,"heading":94.0,"latitude":33.9290777,"longitude":-118.2340347}
{"timestamp":1624720827,"route_id":"2","id":"8605","run_id":"2_1057_1","predictable":true,"seconds_since_report":34,"heading":339.0,"latitude":34.0874468,"longitude":-118.2757212}
{"timestamp":1624720827,"route_id":"234","id":"8626","run_id":"234_65_1","predictable":true,"seconds_since_report":7,"heading":139.0,"latitude":34.2965345,"longitude":-118.4300772}
{"timestamp":1624720827,"route_id":"754","id":"9513","run_id":"754_95_1","predictable":true,"seconds_since_report":113,"heading":180.0,"latitude":33.926777,"longitude":-118.291954}
{"timestamp":1624720827,"route_id":"704","id":"6048","run_id":"704_169_0","predictable":true,"seconds_since_report":8,"heading":49.0,"latitude":34.0811272,"longitude":-118.389408}
{"timestamp":1624720827,"route_id":"260","id":"8218","run_id":"260_261_0","predictable":true,"seconds_since_report":7,"heading":348.0,"latitude":33.9643547,"longitude":-118.1865732}
{"timestamp":1624720827,"route_id":"260","id":"6057","run_id":"260_269_0","predictable":true,"seconds_since_report":34,"heading":12.0,"latitude":34.0251952,"longitude":-118.155756}
{"timestamp":1624720827,"route_id":"704","id":"9579","run_id":"704_169_0","predictable":true,"seconds_since_report":87,"heading":44.0,"latitude":34.0310289,"longitude":-118.47715}
{"timestamp":1624720827,"route_id":"60","id":"6060","run_id":"60_152_0","predictable":true,"seconds_since_report":7,"heading":89.0,"latitude":33.8741882,"longitude":-118.2129343}
{"timestamp":1624720827,"route_id":"720","id":"9572","run_id":"720_1212_0","predictable":true,"seconds_since_report":7,"heading":129.0,"latitude":34.0464945,"longitude":-118.251669}
{"timestamp":1624720827,"route_id":"210","id":"1631","run_id":"210_289_0","predictable":true,"seconds_since_report":140,"heading":360.0,"latitude":34.0248149,"longitude":-118.33503}
{"timestamp":1624720827,"route_id":"115","id":"1644","run_id":"115_502_0","predictable":true,"seconds_since_report":7,"heading":120.0,"latitude":33.934284,"longitude":-118.121513}
{"timestamp":1624720827,"route_id":"94","id":"8293","run_id":"94_246_1","predictable":true,"seconds_since_report":7,"heading":180.0,"latitude":34.198405,"longitude":-118.3489723}
{"timestamp":1624720827,"route_id":"210","id":"1650","run_id":"210_289_0","predictable":true,"seconds_since_report":60,"heading":220.0,"latitude":33.871696,"longitude":-118.356659}
{"timestamp":1624720827,"route_id":"158","id":"1686","run_id":"158_46_0","predictable":true,"seconds_since_report":7,"heading":180.0,"latitude":34.209751,"longitude":-118.431068}
{"timestamp":1624720827,"route_id":"105","id":"3882","run_id":"105_253_0","predictable":true,"seconds_since_report":7,"heading":180.0,"latitude":34.0900968,"longitude":-118.385652}
{"timestamp":1624720827,"route_id":"603","id":"5603","run_id":"603_26_0","predictable":true,"seconds_since_report":7,"heading":16.0,"latitude":34.1149072,"longitude":-118.2459363}
{"timestamp":1624720827,"route_id":"16","id":"5655","run_id":"16_398_1","predictable":true,"seconds_since_report":113,"heading":315.0,"latitude":34.063866,"longitude":-118.274551}
{"timestamp":1624720827,"route_id":"40","id":"8700","run_id":"40_901_0","predictable":true,"seconds_since_report":34,"heading":276.0,"latitude":33.865536,"longitude":-118.354034}
{"timestamp":1624720827,"route_id":"733","id":"8723","run_id":"733_102_0","predictable":true,"seconds_since_report":113,"heading":30.0,"latitude":34.039829,"longitude":-118.257477}
{"timestamp":1624720827,"route_id":"744","id":"8761","run_id":"744_9_1","predictable":true,"seconds_since_report":87,"heading":220.0,"latitude":34.274212,"longitude":-118.411171}
{"timestamp":1624720827,"route_id":"51","id":"6104","run_id":"51_273_0","predictable":true,"seconds_since_report":7,"heading":279.0,"latitude":33.9275558,"longitude":-118.2651717}
{"timestamp":1624720827,"route_id":"233","id":"8756","run_id":"233_156_1","predictable":true,"seconds_since_report":60,"heading":220.0,"latitude":34.279823,"longitude":-118.383278}
{"timestamp":1624720827,"route_id":"52","id":"6110","run_id":"52_212_1","predictable":true,"seconds_since_report":34,"heading":1.0,"latitude":34.0635955,"longitude":-118.2899298}
{"timestamp":1624720827,"route_id":"720","id":"8794","run_id":"720_1198_1","predictable":true,"seconds_since_report":60,"heading":220.0,"latitude":34.038345,"longitude":-118.239052}
{"timestamp":1624720827,"route_id":"210","id":"6133","run_id":"210_289_0","predictable":true,"seconds_since_report":87,"heading":1.0,"latitude":33.9749575,"longitude":-118.3307877}
{"timestamp":1624720827,"route_id":"550","id":"6127","run_id":"550_124_1","predictable":true,"seconds_since_report":8,"heading":269.0,"latitude":33.791103,"longitude":-118.2932762}
{"timestamp":1624720827,"route_id":"92","id":"1703","run_id":"92_256_1","predictable":true,"seconds_since_report":7,"heading":180.0,"latitude":34.145538,"longitude":-118.25528}
{"timestamp":1624720827,"route_id":"200","id":"3907","run_id":"200_43_1","predictable":true,"seconds_since_report":140,"heading":220.0,"latitude":34.078026,"longitude":-118.257339}
{"timestamp":1624720827,"route_id":"166","id":"1734","run_id":"166_75_0","predictable":true,"seconds_since_report":34,"heading":45.0,"latitude":34.24828,"longitude":-118.417526}
{"timestamp":1624720827,"route_id":"20","id":"1741","run_id":"20_729_0","predictable":true,"seconds_since_report":7,"heading":130.0,"latitude":34.0621415,"longitude":-118.3441758}
{"timestamp":1624720827,"route_id":"120","id":"1783","run_id":"120_88_0","predictable":true,"seconds_since_report":8,"heading":295.0,"latitude":33.9447567,"longitude":-117.9942097}
{"timestamp":1624720827,"route_id":"55","id":"3966","run_id":"55_276_0","predictable":true,"seconds_since_report":7,"heading":328.0,"latitude":33.9532192,"longitude":-118.2460228}
{"timestamp":1624720827,"route_id":"164","id":"1797","run_id":"164_60_0","predictable":true,"seconds_since_report":34,"heading":90.0,"latitude":34.1866513,"longitude":-118.4424902}
{"timestamp":1624720827,"route_id":"105","id":"3972","run_id":"105_250_1","predictable":true,"seconds_since_report":7,"heading":222.0,"latitude":34.0138552,"longitude":-118.3464847}
{"timestamp":1624720827,"route_id":"222","id":"3987","run_id":"222_68_0","predictable":true,"seconds_since_report":34,"heading":35.0,"latitude":34.2201967,"longitude":-118.3680818}
{"timestamp":1624720827,"route_id":"217","id":"5750","run_id":"217_218_0","predictable":true,"seconds_since_report":34,"heading":87.0,"latitude":34.10164,"longitude":-118.3380333}
{"timestamp":1624720827,"route_id":"108","id":"5744","run_id":"108_315_0","predictable":true,"seconds_since_report":7,"heading":100.0,"latitude":33.985764,"longitude":-118.162415}
{"timestamp":1624720827,"route_id":"218","id":"3107","run_id":"218_31_1","predictable":true,"seconds_since_report":8,"heading":277.0,"latitude":34.072779,"longitude":-118.3703375}
{"timestamp":1624720827,"route_id":"108","id":"5767","run_id":"108_403_1","predictable":true,"seconds_since_report":7,"heading":270.0,"latitude":33.989171,"longitude":-118.3144067}
{"timestamp":1624720827,"route_id":"256","id":"3130","run_id":"256_65_0","predictable":true,"seconds_since_report":7,"heading":2.0,"latitude":34.1699978,"longitude":-118.13213}
{"timestamp":1624720827,"route_id":"66","id":"8819","run_id":"66_385_1","predictable":true,"seconds_since_report":34,"heading":287.0,"latitude":34.0215432,"longitude":-118.2046448}
{"timestamp":1624720827,"route_id":"910","id":"8812","run_id":"910_210_1","predictable":true,"seconds_since_report":7,"heading":216.0,"latitude":34.0480248,"longitude":-118.259275}
{"timestamp":1624720827,"route_id":"950","id":"8831","run_id":"950_212_0","predictable":true,"seconds_since_report":7,"heading":345.0,"latitude":33.870129,"longitude":-118.2817}
{"timestamp":1624720827,"route_id":"720","id":"8825","run_id":"720_1198_1","predictable":true,"seconds_since_report":8,"heading":271.0,"latitude":34.0618381,"longitude":-118.301841}
{"timestamp":1624720827,"route_id":"14","id":"5799","run_id":"14_487_1","predictable":true,"seconds_since_report":34,"heading":315.0,"latitude":34.056164,"longitude":-118.396156}
{"timestamp":1624720827,"route_id":"78","id":"4012","run_id":"78_411_1","predictable":true,"seconds_since_report":7,"heading":242.0,"latitude":34.0552005,"longitude":-118.2238733}
{"timestamp":1624720827,"route_id":"51","id":"4006","run_id":"51_230_1","predictable":true,"seconds_since_report":7,"heading":140.0,"latitude":34.0441552,"longitude":-118.2518833}
{"timestamp":1624720827,"route_id":"603","id":"4019","run_id":"603_27_1","predictable":true,"seconds_since_report":7,"heading":179.0,"latitude":34.1456912,"longitude":-118.257933}
{"timestamp":1624720827,"route_id":"52","id":"4031","run_id":"52_265_0","predictable":true,"seconds_since_report":8,"heading":296.0,"latitude":34.0568647,"longitude":-118.277414}
{"timestamp":1624720827,"route_id":"70","id":"4044","run_id":"70_265_1","predictable":true,"seconds_since_report":8,"heading":296.0,"latitude":34.0613912,"longitude":-118.1478775}
{"timestamp":1624720827,"route_id":"4","id":"8410","run_id":"4_286_0","predictable":true,"seconds_since_report":8,"heading":121.0,"latitude":34.0924262,"longitude":-118.2804515}
{"timestamp":1624720827,"route_id":"260","id":"4078","run_id":"260_269_0","predictable":true,"seconds_since_report":8,"heading":18.0,"latitude":34.2029327,"longitude":-118.1434772}
{"timestamp":1624720827,"route_id":"79","id":"1805","run_id":"79_440_1","predictable":true,"seconds_since_report":219,"heading":225.0,"latitude":34.111607,"longitude":-118.127541}
{"timestamp":1624720827,"route_id":"237","id":"4099","run_id":"237_16_0","predictable":true,"seconds_since_report":8,"heading":270.0,"latitude":34.1686294,"longitude":-118.4028314}
{"timestamp":1624720827,"route_id":"55","id":"4092","run_id":"55_283_1","predictable":true,"seconds_since_report":7,"heading":158.0,"latitude":34.0616526,"longitude":-118.2466963}
{"timestamp":1624720827,"route_id":"76","id":"1811","run_id":"76_182_1","predictable":true,"seconds_since_report":34,"heading":295.0,"latitude":34.0744558,"longitude":-118.1658663}
{"timestamp":1624720827,"route_id":"264","id":"1826","run_id":"264_86_0","predictable":true,"seconds_since_report":140,"heading":360.0,"latitude":34.17128,"longitude":-118.098274}
{"timestamp":1624720827,"route_id":"40","id":"8471","run_id":"40_901_0","predictable":true,"seconds_since_report":7,"heading":28.0,"latitude":34.0251295,"longitude":-118.269852}
{"timestamp":1624720827,"route_id":"76","id":"1832","run_id":"76_183_0","predictable":true,"seconds_since_report":7,"heading":220.0,"latitude":34.033292,"longitude":-118.2649732}
{"timestamp":1624720827,"route_id":"16","id":"5800","run_id":"16_394_1","predictable":true,"seconds_since_report":8,"heading":269.0,"latitude":34.0689648,"longitude":-118.3415972}
