{"timestamp":1624720827,"route_id":"110","id":"5847","run_id":"110_217_1","predictable":true,"seconds_since_report":7,"heading":164.0,"latitude":33.987828,"longitude":-118.394681}
{"timestamp":1624720827,"route_id":"237","id":"5864","run_id":"237_12_1","predictable":true,"seconds_since_report":7,"heading":89.0,"latitude":34.168097,"longitude":-118.3790483}
{"timestamp":1624720827,"route_id":"166","id":"4106","run_id":"166_116_1","predictable":true,"seconds_since_report":8,"heading":273.0,"latitude":34.2357621,"longitude":-118.4731144}
{"timestamp":1624720827,"route_id":"68","id":"4173","run_id":"68_144_0","predictable":true,"seconds_since_report":7,"heading":138.0,"latitude":34.0429135,"longitude":-118.2476059}
{"timestamp":1624720827,"route_id":"81","id":"8527","run_id":"81_263_1","predictable":true,"seconds_since_report":61,"heading":109.0,"latitude":34.142665,"longitude":-118.2244842}
{"timestamp":1624720827,"route_id":"30","id":"8538","run_id":"30_772_0","predictable":true,"seconds_since_report":8,"heading":95.0,"latitude":34.047491,"longitude":-118.2246218}
{"timestamp":1624720827,"route_id":"81","id":"8571","run_id":"81_256_0","predictable":true,"seconds_since_report":7,"heading":48.0,"latitude":34.0906602,"longitude":-118.2115355}
{"timestamp":1624720827,"route_id":"53","id":"1932","run_id":"53_198_0","predictable":true,"seconds_since_report":34,"heading":1.0,"latitude":33.9417922,"longitude":-118.2540788}
{"timestamp":1624720827,"route_id":"30","id":"8131","run_id":"30_772_0","predictable":true,"seconds_since_report":7,"heading":90.0,"latitude":34.0471557,"longitude":-118.3052413}
{"timestamp":1624720827,"route_id":"720","id":"9479","run_id":"720_1202_1","predictable":true,"seconds_since_report":34,"heading":137.0,"latitude":34.0186702,"longitude":-118.497881}
{"timestamp":1624720827,"route_id":"125","id":"1507","run_id":"125_152_0","predictable":true,"seconds_since_report":7,"heading":90.0,"latitude":33.9018648,"longitude":-118.3009927}
{"timestamp":1624720827,"route_id":"720","id":"9487","run_id":"720_1207_0","predictable":true,"seconds_since_report":34,"heading":94.0,"latitude":34.018684,"longitude":-118.149506}
{"timestamp":1624720827,"route_id":"240","id":"8150","run_id":"240_177_1","predictable":true,"seconds_since_report":8,"heading":2.0,"latitude":34.1798253,"longitude":-118.5359265}
{"timestamp":1624720827,"route_id":"45","id":"9493","run_id":"45_582_0","predictable":true,"seconds_since_report":8,"heading":62.0,"latitude":34.073193,"longitude":-118.2190212}
{"timestamp":1624720827,"route_id":"130","id":"1551","run_id":"130_90_1","predictable":true,"seconds_since_report":7,"heading":240.0,"latitude":33.864517,"longitude":-118.396057}
{"timestamp":1624720827,"route_id":"102","id":"5914","run_id":"102_64_0","predictable":true,"seconds_since_report":7,"heading":92.0,"latitude":33.9747082,"longitude":-118.2458265}
{"timestamp":1624720827,"route_id":"4","id":"5928","run_id":"4_285_0","predictable":true,"seconds_since_report":7,"heading":136.0,"latitude":34.0742512,"longitude":-118.2521445}
{"timestamp":1624720827,"route_id":"105","id":"5937","run_id":"105_253_0","predictable":true,"seconds_since_report":7,"heading":352.0,"latitude":34.0737205,"longitude":-118.376407}
{"timestamp":1624720827,"route_id":"4","id":"5942","run_id":"4_285_0","predictable":true,"seconds_since_report":60,"heading":119.0,"latitude":34.0335807,"longitude":-118.2651922}
{"timestamp":1624720827,"route_id":"94","id":"5956","run_id":"94_241_0","predictable":true,"seconds_since_report":7,"heading":324.0,"latitude":34.1194058,"longitude":-118.2502362}
{"timestamp":1624720827,"route_id":"224","id":"8623","run_id":"224_249_1","predictable":true,"seconds_since_report":7,"heading":138.0,"latitude":34.2716307,"longitude":-118.4281243}
{"timestamp":1624720827,"route_id":"40","id":"8642","run_id":"40_903_1","predictable":true,"seconds_since_report":61,"heading":214.0,"latitude":34.0355,"longitude":-118.2625848}
{"timestamp":1624720827,"route_id":"37","id":"6033","run_id":"37_487_1","predictable":true,"seconds_since_report":87,"heading":285.0,"latitude":34.029022,"longitude":-118.277863}
{"timestamp":1624720827,"route_id":"234","id":"8216","run_id":"234_65_1","predictable":true,"seconds_since_report":7,"heading":178.0,"latitude":34.2211255,"longitude":-118.4678603}
{"timestamp":1624720827,"route_id":"460","id":"6059","run_id":"460_191_1","predictable":true,"seconds_since_report":34,"heading":267.0,"latitude":33.9171135,"longitude":-118.0991347}
{"timestamp":1624720827,"route_id":"71","id":"6065","run_id":"71_95_1","predictable":true,"seconds_since_report":8,"heading":245.0,"latitude":34.0548682,"longitude":-118.2246733}
{"timestamp":1624720827,"route_id":"204","id":"9589","run_id":"204_116_1","predictable":true,"seconds_since_report":7,"heading":180.0,"latitude":34.0115595,"longitude":-118.2916227}
{"timestamp":1624720827,"route_id":"550","id":"6071","run_id":"550_131_0","predictable":true,"seconds_since_report":7,"heading":3.0,"latitude":33.7433538,"longitude":-118.2922177}
{"timestamp":1624720827,"route_id":"460","id":"6084","run_id":"460_198_0","predictable":true,"seconds_since_report":60,"heading":180.0,"latitude":33.8482562,"longitude":-117.9979868}
{"timestamp":1624720827,"route_id":"901","id":"19518","run_id":"901_54_1","predictable":true,"seconds_since_report":87,"heading":270.0,"latitude":34.1685299,"longitude":-118.381012}
{"timestamp":1624720827,"route_id":"210","id":"1641","run_id":"210_289_0","predictable":true,"seconds_since_report":7,"heading":358.0,"latitude":33.8944982,"longitude":-118.3264632}
{"timestamp":1624720827,"route_id":"210","id":"1683","run_id":"210_286_1","predictable":true,"seconds_since_report":8,"heading":181.0,"latitude":34.0965955,"longitude":-118.3267142}
{"timestamp":1624720827,"route_id":"460","id":"1697","run_id":"460_191_1","predictable":true,"seconds_since_report":193,"heading":255.0,"latitude":33.88792,"longitude":-118.036125}
{"timestamp":1624720827,"route_id":"33","id":"3893","run_id":"33_527_0","predictable":true,"seconds_since_report":34,"heading":41.0,"latitude":34.0448057,"longitude":-118.2504478}
{"timestamp":1624720827,"route_id":"16","id":"3887","run_id":"16_398_1","predictable":true,"seconds_since_report":7,"heading":128.0,"latitude":34.042853,"longitude":-118.248183}
{"timestamp":1624720827,"route_id":"204","id":"8711","run_id":"204_116_1","predictable":true,"seconds_since_report":7,"heading":180.0,"latitude":33.9658217,"longitude":-118.2917998}
{"timestamp":1624720827,"route_id":"207","id":"8705","run_id":"207_271_1","predictable":true,"seconds_since_report":34,"heading":188.0,"latitude":34.104839,"longitude":-118.309494}
{"timestamp":1624720827,"route_id":"910","id":"8747","run_id":"910_211_0","predictable":true,"seconds_since_report":8,"heading":2.0,"latitude":34.011984,"longitude":-118.2808972}
{"timestamp":1624720827,"route_id":"744","id":"8758","run_id":"744_9_1","predictable":true,"seconds_since_report":7,"heading":178.0,"latitude":34.234806,"longitude":-118.450439}
{"timestamp":1624720827,"route_id":"233","id":"8770","run_id":"233_157_1","predictable":true,"seconds_since_report":60,"heading":220.0,"latitude":34.274132,"longitude":-118.411331}
{"timestamp":1624720827,"route_id":"210","id":"6115","run_id":"210_286_1","predictable":true,"seconds_since_report":7,"heading":85.0,"latitude":34.0761568,"longitude":-118.3195742}
{"timestamp":1624720827,"route_id":"240","id":"8313","run_id":"240_168_0","predictable":true,"seconds_since_report":140,"heading":90.0,"latitude":34.152634,"longitude":-118.45929}
{"timestamp":1624720827,"route_id":"204","id":"8791","run_id":"204_115_0","predictable":true,"seconds_since_report":140,"heading":220.0,"latitude":33.924221,"longitude":-118.291496}
{"timestamp":1624720827,"route_id":"111","id":"8307","run_id":"111_335_1","predictable":true,"seconds_since_report":7,"heading":312.0,"latitude":33.9746108,"longitude":-118.3323763}
{"timestamp":1624720827,"route_id":"150","id":"8324","run_id":"150_171_0","predictable":true,"seconds_since_report":8,"heading":90.0,"latitude":34.1725927,"longitude":-118.5527932}
{"timestamp":1624720827,"route_id":"16","id":"3909","run_id":"16_378_0","predictable":true,"seconds_since_report":7,"heading":114.0,"latitude":34.0584514,"longitude":-118.2619997}
{"timestamp":1624720827,"route_id":"164","id":"1725","run_id":"164_60_0","predictable":true,"seconds_since_report":166,"heading":90.0,"latitude":34.186321,"longitude":-118.631828}
{"timestamp":1624720827,"route_id":"105","id":"3921","run_id":"105_253_0","predictable":true,"seconds_since_report":8,"heading":258.0,"latitude":34.0037698,"longitude":-118.2876177}
{"timestamp":1624720827,"route_id":"68","id":"3935","run_id":"68_144_0","predictable":true,"seconds_since_report":34,"heading":111.0,"latitude":34.0582103,"longitude":-118.2376212}
{"timestamp":1624720827,"route_id":"62","id":"3940","run_id":"62_311_0","predictable":true,"seconds_since_report":7,"heading":360.0,"latitude":33.927192,"longitude":-118.0725788}
{"timestamp":1624720827,"route_id":"234","id":"1778","run_id":"234_65_1","predictable":true,"seconds_since_report":140,"heading":220.0,"latitude":34.306496,"longitude":-118.413002}
{"timestamp":1624720827,"route_id":"164","id":"1773","run_id":"164_61_1","predictable":true,"seconds_since_report":7,"heading":234.0,"latitude":34.181864,"longitude":-118.3131323}
{"timestamp":1624720827,"route_id":"52","id":"3954","run_id":"52_212_1","predictable":true,"seconds_since_report":34,"heading":178.0,"latitude":33.9162,"longitude":-118.2653335}
{"timestamp":1624720827,"route_id":"181","id":"3968","run_id":"181_191_0","predictable":true,"seconds_since_report":8,"heading":90.0,"latitude":34.1017358,"longitude":-118.309644}
{"timestamp":1624720827,"route_id":"117","id":"1786","run_id":"117_68_0","predictable":true,"seconds_since_report":7,"heading":90.0,"latitude":33.945534,"longitude":-118.2653667}
{"timestamp":1624720827,"route_id":"92","id":"3996","run_id":"92_249_0","predictable":true,"seconds_since_report":7,"heading":0.0,"latitude":34.1490293,"longitude":-118.2549387}
{"timestamp":1624720827,"route_id":"110","id":"5708","run_id":"110_239_0","predictable":true,"seconds_since_report":34,"heading":88.0,"latitude":33.9823286,"longitude":-118.2951475}
{"timestamp":1624720827,"route_id":"212","id":"5741","run_id":"212_216_0","predictable":true,"seconds_since_report":7,"heading":345.0,"latitude":33.9321399,"longitude":-118.352493}
{"timestamp":1624720827,"route_id":"207","id":"5734","run_id":"207_284_0","predictable":true,"seconds_since_report":7,"heading":358.0,"latitude":33.9889937,"longitude":-118.3088808}
{"timestamp":1624720827,"route_id":"102","id":"5762","run_id":"102_60_1","predictable":true,"seconds_since_report":34,"heading":175.0,"latitude":33.9593687,"longitude":-118.396367}
{"timestamp":1624720827,"route_id":"603","id":"5783","run_id":"603_26_0","predictable":true,"seconds_since_report":7,"heading":220.0,"latitude":34.0334405,"longitude":-118.26472}
{"timestamp":1624720827,"route_id":"96","id":"3116","run_id":"96_236_1","predictable":true,"seconds_since_report":8,"heading":214.0,"latitude":34.1736425,"longitude":-118.3007312}
{"timestamp":1624720827,"route_id":"720","id":"8803","run_id":"720_1198_1","predictable":true,"seconds_since_report":7,"heading":226.0,"latitude":34.0463218,"longitude":-118.4649148}
{"timestamp":1624720827,"route_id":"66","id":"8820","run_id":"66_392_0","predictable":true,"seconds_since_report":34,"heading":174.0,"latitude":34.063122,"longitude":-118.308281}
{"timestamp":1624720827,"route_id":"854","id":"4003","run_id":"854_34_1","predictable":true,"seconds_since_report":7,"heading":88.0,"latitude":34.0547792,"longitude":-118.2394378}
{"timestamp":1624720827,"route_id":"603","id":"4017","run_id":"603_26_0","predictable":true,"seconds_since_report":8,"heading":356.0,"latitude":34.0470155,"longitude":-118.2841702}
{"timestamp":1624720827,"route_id":"105","id":"4041","run_id":"105_253_0","predictable":true,"seconds_since_report":34,"heading":15.0,"latitude":34.035404,"longitude":-118.369347}
{"timestamp":1624720827,"route_id":"200","id":"4055","run_id":"200_43_1","predictable":true,"seconds_since_report":34,"heading":220.0,"latitude":34.078136,"longitude":-118.257439}
{"timestamp":1624720827,"route_id":"2","id":"8422","run_id":"2_1024_1","predictable":true,"seconds_since_report":7,"heading":311.0,"latitude":34.0963257,"longitude":-118.28451}
{"timestamp":1624720827,"route_id":"71","id":"4069","run_id":"71_93_0","predictable":true,"seconds_since_report":7,"heading":118.0,"latitude":34.0544973,"longitude":-118.2262158}
{"timestamp":1624720827,"route_id":"30","id":"8443","run_id":"30_785_1","predictable":true,"seconds_since_report":60,"heading":308.0,"latitude":34.0576182,"longitude":-118.3618317}
{"timestamp":1624720827,"route_id":"55","id":"4088","run_id":"55_276_0","predictable":true,"seconds_since_report":34,"heading":298.0,"latitude":34.0187237,"longitude":-118.2547996}
{"timestamp":1624720827,"route_id":"10","id":"4083","run_id":"10_602_0","predictable":true,"seconds_since_report":7,"heading":214.0,"latitude":34.0339022,"longitude":-118.2624605}
{"timestamp":1624720827,"route_id":"487","id":"1800","run_id":"487_110_0","predictable":true,"seconds_since_report":7,"heading":267.0,"latitude":34.079647,"longitude":-118.101894}
{"timestamp":1624720827,"route_id":"2","id":"8457","run_id":"2_1063_1","predictable":true,"seconds_since_report":7,"heading":251.0,"latitude":34.083338,"longitude":-118.410144}
{"timestamp":1624720827,"route_id":"234","id":"8460","run_id":"234_66_1","predictable":true,"seconds_since_report":34,"heading":144.0,"latitude":34.0430883,"longitude":-118.4404897}
{"timestamp":1624720827,"route_id":"70","id":"1828","run_id":"70_258_0","predictable":true,"seconds_since_report":7,"heading":346.0,"latitude":34.071027,"longitude":-118.0422227}
{"timestamp":1624720827,"route_id":"264","id":"1823","run_id":"264_86_0","predictable":true,"seconds_since_report":34,"heading":220.0,"latitude":34.132313,"longitude":-117.970207}
{"timestamp":1624720827,"route_id":"76","id":"1837","run_id":"76_183_0","predictable":true,"seconds_since_report":34,"heading":107.0,"latitude":34.0673833,"longitude":-118.2238967}
{"timestamp":1624720827,"route_id":"117","id":"8481","run_id":"117_72_1","predictable":true,"seconds_since_report":34,"heading":299.0,"latitude":33.9122177,"longitude":-118.1459875}
{"timestamp":1624720827,"route_id":"76","id":"1842","run_id":"76_183_0","predictable":true,"seconds_since_report":34,"heading":41.0,"latitude":34.0333232,"longitude":-118.2648495}
{"timestamp":1624720827,"route_id":"18","id":"1849","run_id":"18_248_1","predictable":true,"seconds_since_report":140,"heading":220.0,"latitude":34.0065,"longitude":-118.124886}
{"timestamp":1624720827,"route_id":"460","id":"1856","run_id":"460_197_0","predictable":true,"seconds_since_report":60,"heading":180.0,"latitude":33.938629,"longitude":-118.28009}
{"timestamp":1624720827,"route_id":"83","id":"1880","run_id":"83_162_1","predictable":true,"seconds_since_report":87,"heading":240.0,"latitude":34.073189,"longitude":-118.219025}
