{"timestamp":1624720692,"route_id":"181","id":"5813","run_id":"181_188_1","predictable":true,"seconds_since_report":6,"heading":270.0,"latitude":34.146386,"longitude":-118.2536583}
{"timestamp":1624720692,"route_id":"108","id":"5887","run_id":"108_402_1","predictable":true,"seconds_since_report":165,"heading":219.0,"latitude":33.983536,"longitude":-118.162155}
{"timestamp":1624720692,"route_id":"251","id":"4133","run_id":"251_152_1","predictable":true,"seconds_since_report":6,"heading":177.0,"latitude":34.0146031,"longitude":-118.2200113}
{"timestamp":1624720692,"route_id":"33","id":"4152","run_id":"33_544_1","predictable":true,"seconds_since_report":6,"heading":212.0,"latitude":34.0450596,"longitude":-118.2519956}
{"timestamp":1624720692,"route_id":"487","id":"4159","run_id":"487_110_0","predictable":true,"seconds_since_report":244,"heading":292.0,"latitude":34.054569,"longitude":-118.23748}
{"timestamp":1624720692,"route_id":"81","id":"8519","run_id":"81_263_1","predictable":true,"seconds_since_report":6,"heading":232.0,"latitude":34.0567218,"longitude":-118.2442803}
{"timestamp":1624720692,"route_id":"81","id":"8525","run_id":"81_263_1","predictable":true,"seconds_since_report":6,"heading":161.0,"latitude":34.1213772,"longitude":-118.1843917}
{"timestamp":1624720692,"route_id":"20","id":"8550","run_id":"20_729_0","predictable":true,"seconds_since_report":32,"heading":334.0,"latitude":34.0136759,"longitude":-118.490067}
{"timestamp":1624720692,"route_id":"83","id":"1918","run_id":"83_163_1","predictable":true,"seconds_since_report":6,"heading":60.0,"latitude":34.123348,"longitude":-118.222206}
{"timestamp":1624720692,"route_id":"251","id":"8573","run_id":"251_152_1","predictable":true,"seconds_since_report":6,"heading":68.0,"latitude":33.924301,"longitude":-118.209747}
{"timestamp":1624720692,"route_id":"20","id":"1930","run_id":"20_723_1","predictable":true,"seconds_since_report":165,"heading":219.0,"latitude":34.042992,"longitude":-118.248627}
{"timestamp":1624720692,"route_id":"2","id":"8599","run_id":"2_1084_0","predictable":true,"seconds_since_report":32,"heading":119.0,"latitude":34.033726,"longitude":-118.265015}
{"timestamp":1624720692,"route_id":"45","id":"9470","run_id":"45_583_1","predictable":true,"seconds_since_report":6,"heading":270.0,"latitude":33.931073,"longitude":-118.2811462}
{"timestamp":1624720692,"route_id":"152","id":"8152","run_id":"152_126_1","predictable":true,"seconds_since_report":6,"heading":269.0,"latitude":34.2200207,"longitude":-118.5890343}
{"timestamp":1624720692,"route_id":"212","id":"5909","run_id":"212_213_1","predictable":true,"seconds_since_report":33,"heading":178.0,"latitude":34.0774105,"longitude":-118.3441655}
{"timestamp":1624720692,"route_id":"232","id":"1564","run_id":"232_87_0","predictable":true,"seconds_since_report":59,"heading":350.0,"latitude":33.858494,"longitude":-118.391144}
{"timestamp":1624720692,"route_id":"60","id":"5935","run_id":"60_151_1","predictable":true,"seconds_since_report":138,"heading":220.0,"latitude":34.061802,"longitude":-118.246719}
{"timestamp":1624720692,"route_id":"53","id":"5996","run_id":"53_193_1","predictable":true,"seconds_since_report":6,"heading":181.0,"latitude":33.9106528,"longitude":-118.2545708}
{"timestamp":1624720692,"route_id":"901","id":"19539","run_id":"901_54_1","predictable":true,"seconds_since_report":85,"heading":360.0,"latitude":34.220615,"longitude":-118.597214}
{"timestamp":1624720692,"route_id":"152","id":"8621","run_id":"152_159_0","predictable":true,"seconds_since_report":59,"heading":75.0,"latitude":34.221466,"longitude":-118.449226}
{"timestamp":1624720692,"route_id":"224","id":"8640","run_id":"224_249_1","predictable":true,"seconds_since_report":6,"heading":163.0,"latitude":34.1791798,"longitude":-118.383422}
{"timestamp":1624720692,"route_id":"120","id":"6031","run_id":"120_88_0","predictable":true,"seconds_since_report":165,"heading":220.0,"latitude":33.929611,"longitude":-118.377144}
{"timestamp":1624720692,"route_id":"754","id":"9537","run_id":"754_97_0","predictable":true,"seconds_since_report":85,"heading":360.0,"latitude":33.945614,"longitude":-118.291595}
{"timestamp":1624720692,"route_id":"150","id":"8223","run_id":"150_171_0","predictable":true,"seconds_since_report":32,"heading":220.0,"latitude":34.201832,"longitude":-118.604492}
{"timestamp":1624720692,"route_id":"733","id":"9561","run_id":"733_102_0","predictable":true,"seconds_since_report":6,"heading":111.0,"latitude":34.0437813,"longitude":-118.3257783}
{"timestamp":1624720692,"route_id":"720","id":"9575","run_id":"720_1202_1","predictable":true,"seconds_since_report":59,"heading":284.0,"latitude":34.05791,"longitude":-118.2754837}
{"timestamp":1624720692,"route_id":"901","id":"19505","run_id":"901_59_0","predictable":true,"seconds_since_report":59,"heading":220.0,"latitude":34.190529,"longitude":-118.597183}
{"timestamp":1624720692,"route_id":"901","id":"19511","run_id":"901_54_1","predictable":true,"seconds_since_report":85,"heading":285.0,"latitude":34.187889,"longitude":-118.573189}
{"timestamp":1624720692,"route_id":"210","id":"6086","run_id":"210_286_1","predictable":true,"seconds_since_report":33,"heading":181.0,"latitude":33.9396908,"longitude":-118.326599}
{"timestamp":1624720692,"route_id":"210","id":"1629","run_id":"210_289_0","predictable":true,"seconds_since_report":32,"heading":357.0,"latitude":34.0975662,"longitude":-118.3266207}
{"timestamp":1624720692,"route_id":"62","id":"6099","run_id":"62_311_0","predictable":true,"seconds_since_report":6,"heading":269.0,"latitude":34.034646,"longitude":-118.2295253}
{"timestamp":1624720692,"route_id":"16","id":"6092","run_id":"16_394_1","predictable":true,"seconds_since_report":32,"heading":131.0,"latitude":34.043213,"longitude":-118.248199}
{"timestamp":1624720692,"route_id":"18","id":"1681","run_id":"18_250_0","predictable":true,"seconds_since_report":112,"heading":126.0,"latitude":34.044369,"longitude":-118.248688}
{"timestamp":1624720692,"route_id":"206","id":"3858","run_id":"206_172_1","predictable":true,"seconds_since_report":6,"heading":160.0,"latitude":34.0406302,"longitude":-118.3006433}
{"timestamp":1624720692,"route_id":"155","id":"1674","run_id":"155_33_1","predictable":true,"seconds_since_report":6,"heading":270.0,"latitude":34.152992,"longitude":-118.339645}
{"timestamp":1624720692,"route_id":"60","id":"3870","run_id":"60_152_0","predictable":true,"seconds_since_report":6,"heading":1.0,"latitude":33.98805,"longitude":-118.2251353}
{"timestamp":1624720692,"route_id":"910","id":"8713","run_id":"910_210_1","predictable":true,"seconds_since_report":33,"heading":56.0,"latitude":33.8692012,"longitude":-118.2878597}
{"timestamp":1624720692,"route_id":"733","id":"8718","run_id":"733_101_1","predictable":true,"seconds_since_report":33,"heading":291.0,"latitude":34.0443057,"longitude":-118.3270493}
{"timestamp":1624720692,"route_id":"45","id":"8745","run_id":"45_583_1","predictable":true,"seconds_since_report":86,"heading":211.0,"latitude":34.031128,"longitude":-118.2661185}
{"timestamp":1624720692,"route_id":"66","id":"8772","run_id":"66_403_0","predictable":true,"seconds_since_report":6,"heading":105.0,"latitude":34.02642,"longitude":-118.2346485}
{"timestamp":1624720692,"route_id":"720","id":"8787","run_id":"720_1206_1","predictable":true,"seconds_since_report":6,"heading":298.0,"latitude":34.0562546,"longitude":-118.2719665}
{"timestamp":1624720692,"route_id":"40","id":"8311","run_id":"40_901_0","predictable":true,"seconds_since_report":6,"heading":281.0,"latitude":33.959862,"longitude":-118.352989}
{"timestamp":1624720692,"route_id":"733","id":"8798","run_id":"733_102_0","predictable":true,"seconds_since_report":112,"heading":135.0,"latitude":34.01244,"longitude":-118.494194}
{"timestamp":1624720692,"route_id":"267","id":"6134","run_id":"267_77_1","predictable":true,"seconds_since_report":6,"heading":180.0,"latitude":34.1307968,"longitude":-118.073253}
{"timestamp":1624720692,"route_id":"108","id":"3900","run_id":"108_315_0","predictable":true,"seconds_since_report":32,"heading":220.0,"latitude":33.984966,"longitude":-118.399956}
{"timestamp":1624720692,"route_id":"950","id":"8391","run_id":"950_209_1","predictable":true,"seconds_since_report":6,"heading":270.0,"latitude":33.7433003,"longitude":-118.2870315}
{"timestamp":1624720692,"route_id":"163","id":"1752","run_id":"163_128_0","predictable":true,"seconds_since_report":6,"heading":93.0,"latitude":34.2011232,"longitude":-118.4141633}
{"timestamp":1624720692,"route_id":"163","id":"1765","run_id":"163_128_0","predictable":true,"seconds_since_report":6,"heading":92.0,"latitude":34.2009932,"longitude":-118.593107}
{"timestamp":1624720692,"route_id":"37","id":"3949","run_id":"37_481_0","predictable":true,"seconds_since_report":85,"heading":276.0,"latitude":34.035511,"longitude":-118.369148}
{"timestamp":1624720692,"route_id":"164","id":"1771","run_id":"164_61_1","predictable":true,"seconds_since_report":138,"heading":312.0,"latitude":34.179119,"longitude":-118.312836}
{"timestamp":1624720692,"route_id":"246","id":"1784","run_id":"246_70_1","predictable":true,"seconds_since_report":6,"heading":87.0,"latitude":33.8697687,"longitude":-118.2851478}
{"timestamp":1624720692,"route_id":"207","id":"5722","run_id":"207_271_1","predictable":true,"seconds_since_report":191,"heading":188.0,"latitude":34.104427,"longitude":-118.309326}
{"timestamp":1624720692,"route_id":"266","id":"5757","run_id":"266_27_0","predictable":true,"seconds_since_report":112,"heading":220.0,"latitude":33.849831,"longitude":-118.142784}
{"timestamp":1624720692,"route_id":"200","id":"5781","run_id":"200_40_0","predictable":true,"seconds_since_report":6,"heading":358.0,"latitude":34.0152448,"longitude":-118.282708}
{"timestamp":1624720692,"route_id":"218","id":"3123","run_id":"218_27_0","predictable":true,"seconds_since_report":6,"heading":302.0,"latitude":34.131791,"longitude":-118.3814603}
