{"timestamp":1624720692,"route_id":"91","id":"5828","run_id":"91_328_0","predictable":true,"seconds_since_report":6,"heading":303.0,"latitude":34.0522262,"longitude":-118.2570638}
{"timestamp":1624720692,"route_id":"37","id":"5837","run_id":"37_480_0","predictable":true,"seconds_since_report":6,"heading":88.0,"latitude":34.0325952,"longitude":-118.3227693}
{"timestamp":1624720692,"route_id":"38","id":"5842","run_id":"38_258_0","predictable":true,"seconds_since_report":6,"heading":85.0,"latitude":34.0255008,"longitude":-118.3043615}
{"timestamp":1624720692,"route_id":"10","id":"5894","run_id":"10_613_0","predictable":true,"seconds_since_report":6,"heading":104.0,"latitude":34.067751,"longitude":-118.2591405}
{"timestamp":1624720692,"route_id":"236","id":"4108","run_id":"236_123_0","predictable":true,"seconds_since_report":6,"heading":360.0,"latitude":34.2558967,"longitude":-118.5022792}
{"timestamp":1624720692,"route_id":"70","id":"4141","run_id":"70_258_0","predictable":true,"seconds_since_report":6,"heading":167.0,"latitude":34.0643829,"longitude":-118.1546694}
{"timestamp":1624720692,"route_id":"70","id":"4155","run_id":"70_265_1","predictable":true,"seconds_since_report":6,"heading":303.0,"latitude":34.0550939,"longitude":-118.2475963}
{"timestamp":1624720692,"route_id":"28","id":"8522","run_id":"28_611_1","predictable":true,"seconds_since_report":85,"heading":220.0,"latitude":34.142899,"longitude":-118.227844}
{"timestamp":1624720692,"route_id":"33","id":"4176","run_id":"33_527_0","predictable":true,"seconds_since_report":85,"heading":80.0,"latitude":34.043983,"longitude":-118.3582}
{"timestamp":1624720692,"route_id":"70","id":"4169","run_id":"70_258_0","predictable":true,"seconds_since_report":165,"heading":75.0,"latitude":34.062519,"longitude":-118.103485}
{"timestamp":1624720692,"route_id":"251","id":"8529","run_id":"251_153_0","predictable":true,"seconds_since_report":85,"heading":220.0,"latitude":33.96349,"longitude":-118.223022}
{"timestamp":1624720692,"route_id":"251","id":"8543","run_id":"251_149_1","predictable":true,"seconds_since_report":6,"heading":179.0,"latitude":34.0707213,"longitude":-118.215583}
{"timestamp":1624720692,"route_id":"35","id":"8557","run_id":"35_258_0","predictable":true,"seconds_since_report":33,"heading":270.0,"latitude":34.0399172,"longitude":-118.337122}
{"timestamp":1624720692,"route_id":"28","id":"8548","run_id":"28_603_0","predictable":true,"seconds_since_report":6,"heading":278.0,"latitude":34.088211,"longitude":-118.2217902}
{"timestamp":1624720692,"route_id":"251","id":"8560","run_id":"251_151_0","predictable":true,"seconds_since_report":6,"heading":360.0,"latitude":33.9826562,"longitude":-118.2250995}
{"timestamp":1624720692,"route_id":"30","id":"8117","run_id":"30_773_0","predictable":true,"seconds_since_report":6,"heading":90.0,"latitude":34.0905775,"longitude":-118.3781423}
{"timestamp":1624720692,"route_id":"30","id":"8108","run_id":"30_785_1","predictable":true,"seconds_since_report":6,"heading":218.0,"latitude":34.0515598,"longitude":-118.2457358}
{"timestamp":1624720692,"route_id":"2","id":"8134","run_id":"2_1084_0","predictable":true,"seconds_since_report":6,"heading":55.0,"latitude":34.0954055,"longitude":-118.3721438}
{"timestamp":1624720692,"route_id":"66","id":"9463","run_id":"66_392_0","predictable":true,"seconds_since_report":33,"heading":55.0,"latitude":34.0408608,"longitude":-118.2558473}
{"timestamp":1624720692,"route_id":"130","id":"1509","run_id":"130_85_0","predictable":true,"seconds_since_report":6,"heading":75.0,"latitude":33.874584,"longitude":-118.181526}
{"timestamp":1624720692,"route_id":"733","id":"9489","run_id":"733_102_0","predictable":true,"seconds_since_report":112,"heading":220.0,"latitude":34.015026,"longitude":-118.497307}
{"timestamp":1624720692,"route_id":"45","id":"9482","run_id":"45_582_0","predictable":true,"seconds_since_report":6,"heading":359.0,"latitude":33.9732757,"longitude":-118.2782023}
{"timestamp":1624720692,"route_id":"234","id":"8169","run_id":"234_53_0","predictable":true,"seconds_since_report":33,"heading":34.0,"latitude":34.0588702,"longitude":-118.4440755}
{"timestamp":1624720692,"route_id":"35","id":"8162","run_id":"35_197_0","predictable":true,"seconds_since_report":59,"heading":298.0,"latitude":34.0330792,"longitude":-118.2689093}
{"timestamp":1624720692,"route_id":"152","id":"8183","run_id":"152_159_0","predictable":true,"seconds_since_report":6,"heading":46.0,"latitude":34.165762,"longitude":-118.6240147}
{"timestamp":1624720692,"route_id":"16","id":"5905","run_id":"16_394_1","predictable":true,"seconds_since_report":112,"heading":309.0,"latitude":34.0494,"longitude":-118.252754}
{"timestamp":1624720692,"route_id":"51","id":"5932","run_id":"51_248_0","predictable":true,"seconds_since_report":6,"heading":1.0,"latitude":33.9416452,"longitude":-118.2651382}
{"timestamp":1624720692,"route_id":"4","id":"5953","run_id":"4_286_0","predictable":true,"seconds_since_report":6,"heading":49.0,"latitude":34.0584293,"longitude":-118.4224605}
{"timestamp":1624720692,"route_id":"224","id":"5958","run_id":"224_257_0","predictable":true,"seconds_since_report":112,"heading":315.0,"latitude":34.277348,"longitude":-118.434052}
{"timestamp":1624720692,"route_id":"62","id":"5970","run_id":"62_305_1","predictable":true,"seconds_since_report":6,"heading":119.0,"latitude":34.0117692,"longitude":-118.161527}
{"timestamp":1624720692,"route_id":"120","id":"5991","run_id":"120_88_0","predictable":true,"seconds_since_report":6,"heading":0.0,"latitude":33.9264467,"longitude":-118.2389745}
{"timestamp":1624720692,"route_id":"2","id":"8605","run_id":"2_1057_1","predictable":true,"seconds_since_report":6,"heading":302.0,"latitude":34.0797395,"longitude":-118.2693032}
{"timestamp":1624720692,"route_id":"234","id":"8626","run_id":"234_65_1","predictable":true,"seconds_since_report":59,"heading":134.0,"latitude":34.3025753,"longitude":-118.4368482}
{"timestamp":1624720692,"route_id":"754","id":"9513","run_id":"754_95_1","predictable":true,"seconds_since_report":32,"heading":180.0,"latitude":33.928783,"longitude":-118.292023}
{"timestamp":1624720692,"route_id":"704","id":"6048","run_id":"704_169_0","predictable":true,"seconds_since_report":33,"heading":50.0,"latitude":34.0758015,"longitude":-118.3975757}
{"timestamp":1624720692,"route_id":"260","id":"8218","run_id":"260_261_0","predictable":true,"seconds_since_report":6,"heading":341.0,"latitude":33.9560203,"longitude":-118.1840403}
