{"timestamp":1624720677,"route_id":"110","id":"5847","run_id":"110_217_1","predictable":true,"seconds_since_report":22,"heading":293.0,"latitude":33.9837577,"longitude":-118.3912637}
{"timestamp":1624720677,"route_id":"237","id":"5864","run_id":"237_12_1","predictable":true,"seconds_since_report":49,"heading":81.0,"latitude":34.1683822,"longitude":-118.3968007}
{"timestamp":1624720677,"route_id":"166","id":"4106","run_id":"166_116_1","predictable":true,"seconds_since_report":23,"heading":270.0,"latitude":34.235635,"longitude":-118.4678546}
{"timestamp":1624720677,"route_id":"68","id":"4173","run_id":"68_144_0","predictable":true,"seconds_since_report":22,"heading":119.0,"latitude":34.0429286,"longitude":-118.2474576}
{"timestamp":1624720677,"route_id":"81","id":"8527","run_id":"81_263_1","predictable":true,"seconds_since_report":128,"heading":99.0,"latitude":34.142792,"longitude":-118.227219}
{"timestamp":1624720677,"route_id":"30","id":"8538","run_id":"30_772_0","predictable":true,"seconds_since_report":75,"heading":99.0,"latitude":34.0488438,"longitude":-118.2372063}
{"timestamp":1624720677,"route_id":"81","id":"8571","run_id":"81_256_0","predictable":true,"seconds_since_report":181,"heading":47.0,"latitude":34.084682,"longitude":-118.221252}
{"timestamp":1624720677,"route_id":"53","id":"1932","run_id":"53_198_0","predictable":true,"seconds_since_report":76,"heading":359.0,"latitude":33.9302423,"longitude":-118.2542038}
{"timestamp":1624720677,"route_id":"30","id":"8131","run_id":"30_772_0","predictable":true,"seconds_since_report":22,"heading":90.0,"latitude":34.0471587,"longitude":-118.3115847}
{"timestamp":1624720677,"route_id":"720","id":"9479","run_id":"720_1202_1","predictable":true,"seconds_since_report":49,"heading":226.0,"latitude":34.0233994,"longitude":-118.4932307}
{"timestamp":1624720677,"route_id":"125","id":"1507","run_id":"125_152_0","predictable":true,"seconds_since_report":22,"heading":89.0,"latitude":33.90184,"longitude":-118.3137377}
{"timestamp":1624720677,"route_id":"720","id":"9487","run_id":"720_1207_0","predictable":true,"seconds_since_report":75,"heading":94.0,"latitude":34.018684,"longitude":-118.149506}
{"timestamp":1624720677,"route_id":"240","id":"8150","run_id":"240_177_1","predictable":true,"seconds_since_report":23,"heading":356.0,"latitude":34.1739452,"longitude":-118.535901}
{"timestamp":1624720677,"route_id":"45","id":"9493","run_id":"45_582_0","predictable":true,"seconds_since_report":23,"heading":42.0,"latitude":34.0703438,"longitude":-118.2310917}
{"timestamp":1624720677,"route_id":"130","id":"1551","run_id":"130_90_1","predictable":true,"seconds_since_report":49,"heading":165.0,"latitude":33.871037,"longitude":-118.394974}
{"timestamp":1624720677,"route_id":"102","id":"5914","run_id":"102_64_0","predictable":true,"seconds_since_report":22,"heading":90.0,"latitude":33.9747438,"longitude":-118.2552442}
{"timestamp":1624720677,"route_id":"4","id":"5928","run_id":"4_285_0","predictable":true,"seconds_since_report":22,"heading":84.0,"latitude":34.07802,"longitude":-118.2607425}
{"timestamp":1624720677,"route_id":"105","id":"5937","run_id":"105_253_0","predictable":true,"seconds_since_report":22,"heading":357.0,"latitude":34.0655925,"longitude":-118.3761702}
{"timestamp":1624720677,"route_id":"4","id":"5942","run_id":"4_285_0","predictable":true,"seconds_since_report":102,"heading":119.0,"latitude":34.0335913,"longitude":-118.2652025}
{"timestamp":1624720677,"route_id":"94","id":"5956","run_id":"94_241_0","predictable":true,"seconds_since_report":23,"heading":350.0,"latitude":34.1125125,"longitude":-118.2435433}
{"timestamp":1624720677,"route_id":"224","id":"8623","run_id":"224_249_1","predictable":true,"seconds_since_report":22,"heading":117.0,"latitude":34.278342,"longitude":-118.4354262}
{"timestamp":1624720677,"route_id":"40","id":"8642","run_id":"40_903_1","predictable":true,"seconds_since_report":23,"heading":230.0,"latitude":34.0391917,"longitude":-118.2581975}
{"timestamp":1624720677,"route_id":"37","id":"6033","run_id":"37_487_1","predictable":true,"seconds_since_report":75,"heading":208.0,"latitude":34.026657,"longitude":-118.272255}
{"timestamp":1624720677,"route_id":"234","id":"8216","run_id":"234_65_1","predictable":true,"seconds_since_report":49,"heading":180.0,"latitude":34.2293218,"longitude":-118.4677713}
{"timestamp":1624720677,"route_id":"460","id":"6059","run_id":"460_191_1","predictable":true,"seconds_since_report":22,"heading":271.0,"latitude":33.9172128,"longitude":-118.089822}
{"timestamp":1624720677,"route_id":"71","id":"6065","run_id":"71_95_1","predictable":true,"seconds_since_report":49,"heading":285.0,"latitude":34.05875,"longitude":-118.212303}
{"timestamp":1624720677,"route_id":"204","id":"9589","run_id":"204_116_1","predictable":true,"seconds_since_report":22,"heading":180.0,"latitude":34.0187332,"longitude":-118.2916332}
{"timestamp":1624720677,"route_id":"550","id":"6071","run_id":"550_131_0","predictable":true,"seconds_since_report":22,"heading":1.0,"latitude":33.7350957,"longitude":-118.2923058}
{"timestamp":1624720677,"route_id":"460","id":"6084","run_id":"460_198_0","predictable":true,"seconds_since_report":22,"heading":179.0,"latitude":33.8592792,"longitude":-117.9982395}
{"timestamp":1624720677,"route_id":"901","id":"19518","run_id":"901_54_1","predictable":true,"seconds_since_report":128,"heading":220.0,"latitude":34.168503,"longitude":-118.377472}
{"timestamp":1624720677,"route_id":"111","id":"1634","run_id":"111_339_0","predictable":true,"seconds_since_report":260,"heading":220.0,"latitude":33.9508129,"longitude":-118.392487}
{"timestamp":1624720677,"route_id":"210","id":"1641","run_id":"210_289_0","predictable":true,"seconds_since_report":22,"heading":69.0,"latitude":33.8827935,"longitude":-118.3268773}
{"timestamp":1624720677,"route_id":"210","id":"1683","run_id":"210_286_1","predictable":true,"seconds_since_report":23,"heading":179.0,"latitude":34.1021172,"longitude":-118.329574}
{"timestamp":1624720677,"route_id":"460","id":"1697","run_id":"460_191_1","predictable":true,"seconds_since_report":49,"heading":255.0,"latitude":33.88792,"longitude":-118.036125}
{"timestamp":1624720677,"route_id":"33","id":"3893","run_id":"33_527_0","predictable":true,"seconds_since_report":22,"heading":41.0,"latitude":34.0414575,"longitude":-118.2551267}
{"timestamp":1624720677,"route_id":"16","id":"3887","run_id":"16_379_0","predictable":true,"seconds_since_report":23,"heading":126.0,"latitude":34.0465697,"longitude":-118.2516983}
{"timestamp":1624720677,"route_id":"4","id":"5619","run_id":"4_285_0","predictable":true,"seconds_since_report":49,"heading":133.0,"latitude":34.0137352,"longitude":-118.4956665}
{"timestamp":1624720677,"route_id":"204","id":"8711","run_id":"204_116_1","predictable":true,"seconds_since_report":102,"heading":179.0,"latitude":33.9726513,"longitude":-118.291784}
{"timestamp":1624720677,"route_id":"207","id":"8705","run_id":"207_271_1","predictable":true,"seconds_since_report":75,"heading":188.0,"latitude":34.104839,"longitude":-118.309456}
{"timestamp":1624720677,"route_id":"910","id":"8747","run_id":"910_211_0","predictable":true,"seconds_since_report":23,"heading":360.0,"latitude":33.9882777,"longitude":-118.2805202}
{"timestamp":1624720677,"route_id":"744","id":"8758","run_id":"744_9_1","predictable":true,"seconds_since_report":49,"heading":180.0,"latitude":34.2429666,"longitude":-118.4503277}
{"timestamp":1624720677,"route_id":"233","id":"8770","run_id":"233_157_1","predictable":true,"seconds_since_report":260,"heading":220.0,"latitude":34.274132,"longitude":-118.411301}
{"timestamp":1624720677,"route_id":"210","id":"6115","run_id":"210_286_1","predictable":true,"seconds_since_report":22,"heading":179.0,"latitude":34.078396,"longitude":-118.3272955}
{"timestamp":1624720677,"route_id":"240","id":"8313","run_id":"240_168_0","predictable":true,"seconds_since_report":208,"heading":90.0,"latitude":34.156487,"longitude":-118.484726}
{"timestamp":1624720677,"route_id":"204","id":"8791","run_id":"204_115_0","predictable":true,"seconds_since_report":155,"heading":220.0,"latitude":33.924248,"longitude":-118.291496}
{"timestamp":1624720677,"route_id":"111","id":"8307","run_id":"111_335_1","predictable":true,"seconds_since_report":23,"heading":270.0,"latitude":33.9746532,"longitude":-118.318478}
{"timestamp":1624720677,"route_id":"150","id":"8324","run_id":"150_171_0","predictable":true,"seconds_since_report":75,"heading":84.0,"latitude":34.1723361,"longitude":-118.564678}
{"timestamp":1624720677,"route_id":"16","id":"3909","run_id":"16_378_0","predictable":true,"seconds_since_report":23,"heading":119.0,"latitude":34.0608473,"longitude":-118.2679322}
{"timestamp":1624720677,"route_id":"164","id":"1725","run_id":"164_60_0","predictable":true,"seconds_since_report":22,"heading":90.0,"latitude":34.186321,"longitude":-118.631828}
{"timestamp":1624720677,"route_id":"105","id":"3921","run_id":"105_253_0","predictable":true,"seconds_since_report":23,"heading":273.0,"latitude":34.0038709,"longitude":-118.2803797}
{"timestamp":1624720677,"route_id":"68","id":"3935","run_id":"68_144_0","predictable":true,"seconds_since_report":22,"heading":37.0,"latitude":34.052883,"longitude":-118.2427362}
{"timestamp":1624720677,"route_id":"62","id":"3940","run_id":"62_311_0","predictable":true,"seconds_since_report":75,"heading":1.0,"latitude":33.9167638,"longitude":-118.0725158}
{"timestamp":1624720677,"route_id":"234","id":"1778","run_id":"234_65_1","predictable":true,"seconds_since_report":181,"heading":220.0,"latitude":34.306496,"longitude":-118.41304}
{"timestamp":1624720677,"route_id":"164","id":"1773","run_id":"164_61_1","predictable":true,"seconds_since_report":22,"heading":131.0,"latitude":34.1771898,"longitude":-118.3094782}
{"timestamp":1624720677,"route_id":"52","id":"3954","run_id":"52_212_1","predictable":true,"seconds_since_report":22,"heading":180.0,"latitude":33.9273278,"longitude":-118.2653735}
{"timestamp":1624720677,"route_id":"181","id":"3968","run_id":"181_191_0","predictable":true,"seconds_since_report":22,"heading":89.0,"latitude":34.101644,"longitude":-118.3175478}
{"timestamp":1624720677,"route_id":"117","id":"1786","run_id":"117_68_0","predictable":true,"seconds_since_report":49,"heading":92.0,"latitude":33.9455015,"longitude":-118.2784508}
{"timestamp":1624720677,"route_id":"92","id":"3996","run_id":"92_249_0","predictable":true,"seconds_since_report":22,"heading":360.0,"latitude":34.144302,"longitude":-118.254951}
{"timestamp":1624720677,"route_id":"110","id":"5708","run_id":"110_239_0","predictable":true,"seconds_since_report":23,"heading":92.0,"latitude":33.9823448,"longitude":-118.3051253}
{"timestamp":1624720677,"route_id":"212","id":"5741","run_id":"212_213_1","predictable":true,"seconds_since_report":23,"heading":270.0,"latitude":33.9310397,"longitude":-118.346538}
{"timestamp":1624720677,"route_id":"207","id":"5734","run_id":"207_284_0","predictable":true,"seconds_since_report":23,"heading":0.0,"latitude":33.9843918,"longitude":-118.3089088}
{"timestamp":1624720677,"route_id":"102","id":"5762","run_id":"102_60_1","predictable":true,"seconds_since_report":49,"heading":223.0,"latitude":33.9641962,"longitude":-118.3867102}
{"timestamp":1624720677,"route_id":"603","id":"5783","run_id":"603_26_0","predictable":true,"seconds_since_report":22,"heading":28.0,"latitude":34.0331353,"longitude":-118.2649343}
{"timestamp":1624720677,"route_id":"96","id":"3116","run_id":"96_236_1","predictable":true,"seconds_since_report":23,"heading":131.0,"latitude":34.1811253,"longitude":-118.3035213}
{"timestamp":1624720677,"route_id":"720","id":"8803","run_id":"720_1198_1","predictable":true,"seconds_since_report":22,"heading":213.0,"latitude":34.0513643,"longitude":-118.4587802}
{"timestamp":1624720677,"route_id":"66","id":"8820","run_id":"66_385_1","predictable":true,"seconds_since_report":23,"heading":330.0,"latitude":34.0621888,"longitude":-118.309048}
{"timestamp":1624720677,"route_id":"854","id":"4003","run_id":"854_34_1","predictable":true,"seconds_since_report":49,"heading":317.0,"latitude":34.0501575,"longitude":-118.2406153}
{"timestamp":1624720677,"route_id":"603","id":"4017","run_id":"603_26_0","predictable":true,"seconds_since_report":49,"heading":360.0,"latitude":34.039094,"longitude":-118.2839592}
{"timestamp":1624720677,"route_id":"105","id":"4041","run_id":"105_253_0","predictable":true,"seconds_since_report":22,"heading":3.0,"latitude":34.0279222,"longitude":-118.3719103}
{"timestamp":1624720677,"route_id":"200","id":"4055","run_id":"200_40_0","predictable":true,"seconds_since_report":49,"heading":81.0,"latitude":34.0805497,"longitude":-118.2616048}
{"timestamp":1624720677,"route_id":"2","id":"8422","run_id":"2_1024_1","predictable":true,"seconds_since_report":22,"heading":320.0,"latitude":34.0914047,"longitude":-118.2792668}
{"timestamp":1624720677,"route_id":"71","id":"4069","run_id":"71_93_0","predictable":true,"seconds_since_report":22,"heading":87.0,"latitude":34.0582114,"longitude":-118.2381173}
{"timestamp":1624720677,"route_id":"30","id":"8443","run_id":"30_785_1","predictable":true,"seconds_since_report":23,"heading":294.0,"latitude":34.0523979,"longitude":-118.3497448}
{"timestamp":1624720677,"route_id":"55","id":"4088","run_id":"55_276_0","predictable":true,"seconds_since_report":22,"heading":25.0,"latitude":34.0149822,"longitude":-118.2471856}
{"timestamp":1624720677,"route_id":"10","id":"4083","run_id":"10_602_0","predictable":true,"seconds_since_report":23,"heading":215.0,"latitude":34.0359797,"longitude":-118.2607928}
{"timestamp":1624720677,"route_id":"487","id":"1800","run_id":"487_110_0","predictable":true,"seconds_since_report":23,"heading":359.0,"latitude":34.0759083,"longitude":-118.0995077}
{"timestamp":1624720677,"route_id":"2","id":"8457","run_id":"2_1063_1","predictable":true,"seconds_since_report":22,"heading":239.0,"latitude":34.0885953,"longitude":-118.3956795}
{"timestamp":1624720677,"route_id":"234","id":"8460","run_id":"234_66_1","predictable":true,"seconds_since_report":23,"heading":139.0,"latitude":34.0550032,"longitude":-118.45075}
{"timestamp":1624720677,"route_id":"70","id":"1828","run_id":"70_258_0","predictable":true,"seconds_since_report":23,"heading":353.0,"latitude":34.0632228,"longitude":-118.0424838}
{"timestamp":1624720677,"route_id":"264","id":"1823","run_id":"264_86_0","predictable":true,"seconds_since_report":75,"heading":220.0,"latitude":34.132286,"longitude":-117.970177}
{"timestamp":1624720677,"route_id":"76","id":"1837","run_id":"76_183_0","predictable":true,"seconds_since_report":23,"heading":53.0,"latitude":34.0643242,"longitude":-118.2320758}
{"timestamp":1624720677,"route_id":"76","id":"1842","run_id":"76_183_0","predictable":true,"seconds_since_report":22,"heading":41.0,"latitude":34.0333102,"longitude":-118.2648322}
{"timestamp":1624720677,"route_id":"18","id":"1849","run_id":"18_248_1","predictable":true,"seconds_since_report":75,"heading":220.0,"latitude":34.0065839,"longitude":-118.124855}
{"timestamp":1624720677,"route_id":"460","id":"1856","run_id":"460_197_0","predictable":true,"seconds_since_report":75,"heading":165.0,"latitude":33.971329,"longitude":-118.280907}
{"timestamp":1624720677,"route_id":"83","id":"1880","run_id":"83_162_1","predictable":true,"seconds_since_report":22,"heading":194.0,"latitude":34.0737592,"longitude":-118.2157262}
