{"timestamp":1624720692,"route_id":"16","id":"5816","run_id":"16_398_1","predictable":true,"seconds_since_report":6,"heading":291.0,"latitude":34.0443313,"longitude":-118.2442065}
{"timestamp":1624720692,"route_id":"14","id":"5840","run_id":"14_481_0","predictable":true,"seconds_since_report":6,"heading":34.0,"latitude":34.0362103,"longitude":-118.264578}
{"timestamp":1624720692,"route_id":"234","id":"5835","run_id":"234_65_1","predictable":true,"seconds_since_report":6,"heading":250.0,"latitude":34.2716912,"longitude":-118.4631277}
{"timestamp":1624720692,"route_id":"94","id":"4101","run_id":"94_250_0","predictable":true,"seconds_since_report":6,"heading":315.0,"latitude":34.161655,"longitude":-118.282417}
{"timestamp":1624720692,"route_id":"230","id":"4115","run_id":"230_83_0","predictable":true,"seconds_since_report":6,"heading":0.0,"latitude":34.1718726,"longitude":-118.3964708}
{"timestamp":1624720692,"route_id":"16","id":"4148","run_id":"16_398_1","predictable":true,"seconds_since_report":6,"heading":231.0,"latitude":34.0677645,"longitude":-118.4094957}
{"timestamp":1624720692,"route_id":"181","id":"1902","run_id":"181_188_1","predictable":true,"seconds_since_report":6,"heading":268.0,"latitude":34.1459377,"longitude":-118.1348697}
{"timestamp":1624720692,"route_id":"28","id":"8555","run_id":"28_605_1","predictable":true,"seconds_since_report":6,"heading":101.0,"latitude":34.139074,"longitude":-118.2144955}
{"timestamp":1624720692,"route_id":"251","id":"8562","run_id":"251_151_0","predictable":true,"seconds_since_report":6,"heading":3.0,"latitude":34.0727515,"longitude":-118.215579}
{"timestamp":1624720692,"route_id":"181","id":"1921","run_id":"181_188_1","predictable":true,"seconds_since_report":6,"heading":220.0,"latitude":34.148684,"longitude":-118.0805845}
{"timestamp":1624720692,"route_id":"2","id":"8588","run_id":"2_1084_0","predictable":true,"seconds_since_report":33,"heading":117.0,"latitude":34.077076,"longitude":-118.2582893}
{"timestamp":1624720692,"route_id":"534","id":"8597","run_id":"534_153_1","predictable":true,"seconds_since_report":218,"heading":219.0,"latitude":34.013954,"longitude":-118.488068}
{"timestamp":1624720692,"route_id":"45","id":"9456","run_id":"45_585_0","predictable":true,"seconds_since_report":6,"heading":216.0,"latitude":34.0396862,"longitude":-118.2589933}
{"timestamp":1624720692,"route_id":"30","id":"8129","run_id":"30_774_1","predictable":true,"seconds_since_report":86,"heading":270.0,"latitude":34.047246,"longitude":-118.2947265}
{"timestamp":1624720692,"route_id":"720","id":"9480","run_id":"720_1207_0","predictable":true,"seconds_since_report":59,"heading":90.0,"latitude":34.061611,"longitude":-118.300873}
{"timestamp":1624720692,"route_id":"205","id":"1514","run_id":"205_84_0","predictable":true,"seconds_since_report":6,"heading":107.0,"latitude":33.7859742,"longitude":-118.28142}
{"timestamp":1624720692,"route_id":"234","id":"8160","run_id":"234_53_0","predictable":true,"seconds_since_report":33,"heading":317.0,"latitude":34.3020482,"longitude":-118.4361158}
{"timestamp":1624720692,"route_id":"66","id":"9494","run_id":"66_387_1","predictable":true,"seconds_since_report":85,"heading":220.0,"latitude":34.018902,"longitude":-118.179886}
{"timestamp":1624720692,"route_id":"205","id":"1537","run_id":"205_85_1","predictable":true,"seconds_since_report":6,"heading":91.0,"latitude":33.7432643,"longitude":-118.2808332}
{"timestamp":1624720692,"route_id":"460","id":"5907","run_id":"460_198_0","predictable":true,"seconds_since_report":6,"heading":183.0,"latitude":33.8095152,"longitude":-117.915477}
{"timestamp":1624720692,"route_id":"232","id":"1556","run_id":"232_84_1","predictable":true,"seconds_since_report":6,"heading":178.0,"latitude":33.7793275,"longitude":-118.2795697}
{"timestamp":1624720692,"route_id":"204","id":"5918","run_id":"204_115_0","predictable":true,"seconds_since_report":6,"heading":308.0,"latitude":34.0992978,"longitude":-118.2887598}
{"timestamp":1624720692,"route_id":"18","id":"5945","run_id":"18_249_0","predictable":true,"seconds_since_report":6,"heading":174.0,"latitude":34.0630949,"longitude":-118.308342}
{"timestamp":1624720692,"route_id":"204","id":"8613","run_id":"204_115_0","predictable":true,"seconds_since_report":6,"heading":180.0,"latitude":34.10033,"longitude":-118.291954}
{"timestamp":1624720692,"route_id":"40","id":"8618","run_id":"40_901_0","predictable":true,"seconds_since_report":6,"heading":37.0,"latitude":34.0489552,"longitude":-118.249859}
{"timestamp":1624720692,"route_id":"234","id":"8630","run_id":"234_53_0","predictable":true,"seconds_since_report":6,"heading":4.0,"latitude":34.2351268,"longitude":-118.4674393}
{"timestamp":1624720692,"route_id":"720","id":"9532","run_id":"720_1212_0","predictable":true,"seconds_since_report":6,"heading":90.0,"latitude":34.0617,"longitude":-118.3118685}
{"timestamp":1624720692,"route_id":"152","id":"8205","run_id":"152_126_1","predictable":true,"seconds_since_report":33,"heading":34.0,"latitude":34.2226535,"longitude":-118.3660595}
{"timestamp":1624720692,"route_id":"38","id":"6034","run_id":"38_261_1","predictable":true,"seconds_since_report":32,"heading":273.0,"latitude":34.0255579,"longitude":-118.36187}
{"timestamp":1624720692,"route_id":"162","id":"8226","run_id":"162_131_0","predictable":true,"seconds_since_report":6,"heading":91.0,"latitude":34.2010838,"longitude":-118.5012368}
{"timestamp":1624720692,"route_id":"252","id":"6041","run_id":"252_82_1","predictable":true,"seconds_since_report":59,"heading":273.0,"latitude":34.073875,"longitude":-118.204338}
{"timestamp":1624720692,"route_id":"754","id":"9564","run_id":"754_95_1","predictable":true,"seconds_since_report":6,"heading":166.0,"latitude":33.9508213,"longitude":-118.2909765}
{"timestamp":1624720692,"route_id":"210","id":"1604","run_id":"210_289_0","predictable":true,"seconds_since_report":59,"heading":0.0,"latitude":33.9296532,"longitude":-118.3264308}
{"timestamp":1624720692,"route_id":"704","id":"9585","run_id":"704_149_1","predictable":true,"seconds_since_report":138,"heading":240.0,"latitude":34.043957,"longitude":-118.45591}
{"timestamp":1624720692,"route_id":"754","id":"9591","run_id":"754_95_1","predictable":true,"seconds_since_report":59,"heading":315.0,"latitude":34.10033,"longitude":-118.291756}
{"timestamp":1624720692,"route_id":"91","id":"8285","run_id":"91_341_1","predictable":true,"seconds_since_report":6,"heading":111.0,"latitude":34.2468294,"longitude":-118.277248}
{"timestamp":1624720692,"route_id":"120","id":"1690","run_id":"120_76_1","predictable":true,"seconds_since_report":6,"heading":242.0,"latitude":33.9303397,"longitude":-118.2208507}
{"timestamp":1624720692,"route_id":"183","id":"1684","run_id":"183_52_0","predictable":true,"seconds_since_report":85,"heading":75.0,"latitude":34.1656679,"longitude":-118.380424}
{"timestamp":1624720692,"route_id":"212","id":"3861","run_id":"212_216_0","predictable":true,"seconds_since_report":32,"heading":18.0,"latitude":34.032349,"longitude":-118.35096}
{"timestamp":1624720692,"route_id":"233","id":"8709","run_id":"233_148_0","predictable":true,"seconds_since_report":6,"heading":359.0,"latitude":34.1648337,"longitude":-118.4486555}
{"timestamp":1624720692,"route_id":"233","id":"8716","run_id":"233_157_1","predictable":true,"seconds_since_report":32,"heading":180.0,"latitude":34.179611,"longitude":-118.448898}
{"timestamp":1624720692,"route_id":"910","id":"8754","run_id":"910_210_1","predictable":true,"seconds_since_report":85,"heading":220.0,"latitude":34.072472,"longitude":-118.044449}
{"timestamp":1624720692,"route_id":"744","id":"8763","run_id":"744_4_0","predictable":true,"seconds_since_report":138,"heading":180.0,"latitude":34.156017,"longitude":-118.45752}
{"timestamp":1624720692,"route_id":"233","id":"8777","run_id":"233_148_0","predictable":true,"seconds_since_report":6,"heading":48.0,"latitude":34.2532817,"longitude":-118.439597}
{"timestamp":1624720692,"route_id":"200","id":"6106","run_id":"200_40_0","predictable":true,"seconds_since_report":6,"heading":24.0,"latitude":34.0563045,"longitude":-118.2768327}
{"timestamp":1624720692,"route_id":"234","id":"8314","run_id":"234_53_0","predictable":true,"seconds_since_report":6,"heading":2.0,"latitude":34.1710678,"longitude":-118.466066}
{"timestamp":1624720692,"route_id":"233","id":"8789","run_id":"233_146_0","predictable":true,"seconds_since_report":59,"heading":2.0,"latitude":34.2012013,"longitude":-118.4487932}
{"timestamp":1624720692,"route_id":"854","id":"6144","run_id":"854_34_1","predictable":true,"seconds_since_report":6,"heading":281.0,"latitude":34.054211,"longitude":-118.233444}
{"timestamp":1624720692,"route_id":"240","id":"8337","run_id":"240_168_0","predictable":true,"seconds_since_report":6,"heading":180.0,"latitude":34.2327672,"longitude":-118.5361732}
{"timestamp":1624720692,"route_id":"165","id":"1701","run_id":"165_188_0","predictable":true,"seconds_since_report":6,"heading":91.0,"latitude":34.1936115,"longitude":-118.5818115}
{"timestamp":1624720692,"route_id":"14","id":"3905","run_id":"14_487_1","predictable":true,"seconds_since_report":32,"heading":327.0,"latitude":34.0593815,"longitude":-118.3983263}
{"timestamp":1624720692,"route_id":"18","id":"3932","run_id":"18_248_1","predictable":true,"seconds_since_report":165,"heading":220.0,"latitude":34.006474,"longitude":-118.124756}
{"timestamp":1624720692,"route_id":"20","id":"1757","run_id":"20_723_1","predictable":true,"seconds_since_report":32,"heading":220.0,"latitude":34.057816,"longitude":-118.275734}
{"timestamp":1624720692,"route_id":"68","id":"3964","run_id":"68_151_1","predictable":true,"seconds_since_report":112,"heading":220.0,"latitude":34.034439,"longitude":-118.084633}
{"timestamp":1624720692,"route_id":"110","id":"5710","run_id":"110_217_1","predictable":true,"seconds_since_report":6,"heading":219.0,"latitude":33.965057,"longitude":-118.150719}
{"timestamp":1624720692,"route_id":"110","id":"5733","run_id":"110_239_0","predictable":true,"seconds_since_report":6,"heading":94.0,"latitude":33.9764152,"longitude":-118.3822362}
{"timestamp":1624720692,"route_id":"10","id":"5752","run_id":"10_604_0","predictable":true,"seconds_since_report":6,"heading":90.0,"latitude":34.0834482,"longitude":-118.3350367}
{"timestamp":1624720692,"route_id":"167","id":"3111","run_id":"167_98_0","predictable":true,"seconds_since_report":6,"heading":180.0,"latitude":34.198743,"longitude":-118.413885}
{"timestamp":1624720692,"route_id":"4","id":"5765","run_id":"4_282_1","predictable":true,"seconds_since_report":6,"heading":270.0,"latitude":34.0907888,"longitude":-118.338566}
{"timestamp":1624720692,"route_id":"720","id":"8804","run_id":"720_1206_1","predictable":true,"seconds_since_report":6,"heading":270.0,"latitude":34.0621267,"longitude":-118.333261}
