{"timestamp":1624720677,"route_id":"16","id":"5816","run_id":"16_398_1","predictable":true,"seconds_since_report":49,"heading":30.0,"latitude":34.0437538,"longitude":-118.244204}
{"timestamp":1624720677,"route_id":"14","id":"5840","run_id":"14_481_0","predictable":true,"seconds_since_report":23,"heading":32.0,"latitude":34.0351115,"longitude":-118.2654745}
{"timestamp":1624720677,"route_id":"234","id":"5835","run_id":"234_65_1","predictable":true,"seconds_since_report":23,"heading":273.0,"latitude":34.2718663,"longitude":-118.4591893}
{"timestamp":1624720677,"route_id":"94","id":"4101","run_id":"94_250_0","predictable":true,"seconds_since_report":22,"heading":332.0,"latitude":34.1616381,"longitude":-118.2823665}
{"timestamp":1624720677,"route_id":"230","id":"4115","run_id":"230_83_0","predictable":true,"seconds_since_report":23,"heading":360.0,"latitude":34.1707773,"longitude":-118.396468}
{"timestamp":1624720677,"route_id":"16","id":"4148","run_id":"16_398_1","predictable":true,"seconds_since_report":23,"heading":230.0,"latitude":34.0699082,"longitude":-118.4063689}
{"timestamp":1624720677,"route_id":"181","id":"1902","run_id":"181_188_1","predictable":true,"seconds_since_report":23,"heading":348.0,"latitude":34.1460768,"longitude":-118.133301}
{"timestamp":1624720677,"route_id":"28","id":"8555","run_id":"28_605_1","predictable":true,"seconds_since_report":23,"heading":103.0,"latitude":34.1393303,"longitude":-118.2156737}
{"timestamp":1624720677,"route_id":"251","id":"8562","run_id":"251_151_0","predictable":true,"seconds_since_report":22,"heading":360.0,"latitude":34.0691982,"longitude":-118.2155013}
{"timestamp":1624720677,"route_id":"181","id":"1921","run_id":"181_188_1","predictable":true,"seconds_since_report":49,"heading":220.0,"latitude":34.1486908,"longitude":-118.0805808}
{"timestamp":1624720677,"route_id":"2","id":"8588","run_id":"2_1084_0","predictable":true,"seconds_since_report":23,"heading":117.0,"latitude":34.077076,"longitude":-118.2582893}
{"timestamp":1624720677,"route_id":"534","id":"8597","run_id":"534_153_1","predictable":true,"seconds_since_report":208,"heading":219.0,"latitude":34.013954,"longitude":-118.488068}
{"timestamp":1624720677,"route_id":"45","id":"9456","run_id":"45_585_0","predictable":true,"seconds_since_report":22,"heading":36.0,"latitude":34.0390235,"longitude":-118.2595803}
{"timestamp":1624720677,"route_id":"30","id":"8129","run_id":"30_774_1","predictable":true,"seconds_since_report":75,"heading":270.0,"latitude":34.047246,"longitude":-118.2947265}
{"timestamp":1624720677,"route_id":"720","id":"9480","run_id":"720_1207_0","predictable":true,"seconds_since_report":49,"heading":90.0,"latitude":34.061611,"longitude":-118.300873}
{"timestamp":1624720677,"route_id":"205","id":"1514","run_id":"205_84_0","predictable":true,"seconds_since_report":22,"heading":167.0,"latitude":33.7887908,"longitude":-118.2820782}
{"timestamp":1624720677,"route_id":"234","id":"8160","run_id":"234_53_0","predictable":true,"seconds_since_report":23,"heading":317.0,"latitude":34.3020482,"longitude":-118.4361158}
{"timestamp":1624720677,"route_id":"66","id":"9494","run_id":"66_387_1","predictable":true,"seconds_since_report":75,"heading":220.0,"latitude":34.018902,"longitude":-118.179886}
{"timestamp":1624720677,"route_id":"205","id":"1537","run_id":"205_85_1","predictable":true,"seconds_since_report":23,"heading":90.0,"latitude":33.743271,"longitude":-118.283429}
{"timestamp":1624720677,"route_id":"460","id":"5907","run_id":"460_198_0","predictable":true,"seconds_since_report":22,"heading":180.0,"latitude":33.81004,"longitude":-117.915504}
{"timestamp":1624720677,"route_id":"232","id":"1556","run_id":"232_84_1","predictable":true,"seconds_since_report":22,"heading":171.0,"latitude":33.7820958,"longitude":-118.2802433}
{"timestamp":1624720677,"route_id":"204","id":"5918","run_id":"204_115_0","predictable":true,"seconds_since_report":22,"heading":88.0,"latitude":34.0981923,"longitude":-118.288789}
{"timestamp":1624720677,"route_id":"18","id":"5945","run_id":"18_249_0","predictable":true,"seconds_since_report":23,"heading":180.0,"latitude":34.063282,"longitude":-118.3083178}
{"timestamp":1624720677,"route_id":"204","id":"8613","run_id":"204_116_1","predictable":true,"seconds_since_report":181,"heading":180.0,"latitude":34.100304,"longitude":-118.291924}
{"timestamp":1624720677,"route_id":"40","id":"8618","run_id":"40_901_0","predictable":true,"seconds_since_report":49,"heading":41.0,"latitude":34.0473093,"longitude":-118.2513027}
{"timestamp":1624720677,"route_id":"234","id":"8630","run_id":"234_53_0","predictable":true,"seconds_since_report":23,"heading":355.0,"latitude":34.2325898,"longitude":-118.4674577}
{"timestamp":1624720677,"route_id":"720","id":"9532","run_id":"720_1212_0","predictable":true,"seconds_since_report":23,"heading":87.0,"latitude":34.061672,"longitude":-118.3144673}
{"timestamp":1624720677,"route_id":"152","id":"8205","run_id":"152_126_1","predictable":true,"seconds_since_report":22,"heading":34.0,"latitude":34.2226535,"longitude":-118.3660595}
{"timestamp":1624720677,"route_id":"38","id":"6034","run_id":"38_261_1","predictable":true,"seconds_since_report":22,"heading":273.0,"latitude":34.0255579,"longitude":-118.36187}
{"timestamp":1624720677,"route_id":"162","id":"8226","run_id":"162_131_0","predictable":true,"seconds_since_report":23,"heading":90.0,"latitude":34.2010892,"longitude":-118.5013752}
{"timestamp":1624720677,"route_id":"252","id":"6041","run_id":"252_82_1","predictable":true,"seconds_since_report":49,"heading":273.0,"latitude":34.073875,"longitude":-118.204338}
{"timestamp":1624720677,"route_id":"754","id":"9564","run_id":"754_95_1","predictable":true,"seconds_since_report":23,"heading":179.0,"latitude":33.9555847,"longitude":-118.291834}
{"timestamp":1624720677,"route_id":"210","id":"1604","run_id":"210_289_0","predictable":true,"seconds_since_report":49,"heading":0.0,"latitude":33.9296532,"longitude":-118.3264308}
{"timestamp":1624720677,"route_id":"704","id":"9585","run_id":"704_149_1","predictable":true,"seconds_since_report":128,"heading":240.0,"latitude":34.043957,"longitude":-118.45591}
{"timestamp":1624720677,"route_id":"754","id":"9591","run_id":"754_95_1","predictable":true,"seconds_since_report":49,"heading":315.0,"latitude":34.10033,"longitude":-118.291756}
{"timestamp":1624720677,"route_id":"91","id":"8285","run_id":"91_341_1","predictable":true,"seconds_since_report":49,"heading":105.0,"latitude":34.2475758,"longitude":-118.2797157}
{"timestamp":1624720677,"route_id":"120","id":"1690","run_id":"120_76_1","predictable":true,"seconds_since_report":22,"heading":243.0,"latitude":33.9306343,"longitude":-118.2202758}
{"timestamp":1624720677,"route_id":"183","id":"1684","run_id":"183_52_0","predictable":true,"seconds_since_report":75,"heading":75.0,"latitude":34.1656679,"longitude":-118.380424}
{"timestamp":1624720677,"route_id":"212","id":"3861","run_id":"212_216_0","predictable":true,"seconds_since_report":22,"heading":18.0,"latitude":34.032349,"longitude":-118.35096}
{"timestamp":1624720677,"route_id":"233","id":"8709","run_id":"233_148_0","predictable":true,"seconds_since_report":23,"heading":360.0,"latitude":34.1621967,"longitude":-118.4486408}
{"timestamp":1624720677,"route_id":"233","id":"8716","run_id":"233_157_1","predictable":true,"seconds_since_report":22,"heading":180.0,"latitude":34.179611,"longitude":-118.448898}
{"timestamp":1624720677,"route_id":"910","id":"8754","run_id":"910_210_1","predictable":true,"seconds_since_report":75,"heading":220.0,"latitude":34.072472,"longitude":-118.044449}
{"timestamp":1624720677,"route_id":"744","id":"8763","run_id":"744_4_0","predictable":true,"seconds_since_report":128,"heading":180.0,"latitude":34.156017,"longitude":-118.45752}
{"timestamp":1624720677,"route_id":"233","id":"8777","run_id":"233_148_0","predictable":true,"seconds_since_report":23,"heading":50.0,"latitude":34.251477,"longitude":-118.4420442}
{"timestamp":1624720677,"route_id":"200","id":"6106","run_id":"200_40_0","predictable":true,"seconds_since_report":22,"heading":29.0,"latitude":34.0550358,"longitude":-118.2776857}
{"timestamp":1624720677,"route_id":"234","id":"8314","run_id":"234_53_0","predictable":true,"seconds_since_report":22,"heading":0.0,"latitude":34.1679796,"longitude":-118.4660668}
{"timestamp":1624720677,"route_id":"233","id":"8789","run_id":"233_146_0","predictable":true,"seconds_since_report":49,"heading":2.0,"latitude":34.2012013,"longitude":-118.4487932}
{"timestamp":1624720677,"route_id":"854","id":"6144","run_id":"854_32_0","predictable":true,"seconds_since_report":208,"heading":281.0,"latitude":34.054241,"longitude":-118.233444}
{"timestamp":1624720677,"route_id":"240","id":"8337","run_id":"240_168_0","predictable":true,"seconds_since_report":49,"heading":181.0,"latitude":34.2357092,"longitude":-118.5361802}
{"timestamp":1624720677,"route_id":"165","id":"1701","run_id":"165_188_0","predictable":true,"seconds_since_report":22,"heading":131.0,"latitude":34.1935995,"longitude":-118.5835108}
{"timestamp":1624720677,"route_id":"14","id":"3905","run_id":"14_487_1","predictable":true,"seconds_since_report":22,"heading":327.0,"latitude":34.0593815,"longitude":-118.3983263}
{"timestamp":1624720677,"route_id":"18","id":"3932","run_id":"18_248_1","predictable":true,"seconds_since_report":155,"heading":220.0,"latitude":34.006474,"longitude":-118.124756}
{"timestamp":1624720677,"route_id":"20","id":"1757","run_id":"20_723_1","predictable":true,"seconds_since_report":22,"heading":220.0,"latitude":34.057816,"longitude":-118.275734}
{"timestamp":1624720677,"route_id":"68","id":"3964","run_id":"68_151_1","predictable":true,"seconds_since_report":102,"heading":220.0,"latitude":34.034439,"longitude":-118.084633}
{"timestamp":1624720677,"route_id":"110","id":"5710","run_id":"110_217_1","predictable":true,"seconds_since_report":181,"heading":219.0,"latitude":33.965084,"longitude":-118.150719}
{"timestamp":1624720677,"route_id":"110","id":"5733","run_id":"110_239_0","predictable":true,"seconds_since_report":23,"heading":114.0,"latitude":33.9768223,"longitude":-118.38595}
{"timestamp":1624720677,"route_id":"10","id":"5752","run_id":"10_604_0","predictable":true,"seconds_since_report":22,"heading":91.0,"latitude":34.0834312,"longitude":-118.3387013}
{"timestamp":1624720677,"route_id":"167","id":"3111","run_id":"167_98_0","predictable":true,"seconds_since_report":22,"heading":178.0,"latitude":34.2011942,"longitude":-118.413894}
{"timestamp":1624720677,"route_id":"4","id":"5765","run_id":"4_282_1","predictable":true,"seconds_since_report":22,"heading":270.0,"latitude":34.0907915,"longitude":-118.3347812}
{"timestamp":1624720677,"route_id":"720","id":"8804","run_id":"720_1206_1","predictable":true,"seconds_since_report":22,"heading":271.0,"latitude":34.062026,"longitude":-118.3291167}
{"timestamp":1624720677,"route_id":"165","id":"4010","run_id":"165_196_1","predictable":true,"seconds_since_report":22,"heading":282.0,"latitude":34.1945748,"longitude":-118.6533925}
{"timestamp":1624720677,"route_id":"105","id":"4027","run_id":"105_250_1","predictable":true,"seconds_since_report":49,"heading":102.0,"latitude":34.0039092,"longitude":-118.2393613}
{"timestamp":1624720677,"route_id":"534","id":"8406","run_id":"534_152_0","predictable":true,"seconds_since_report":22,"heading":91.0,"latitude":34.0338153,"longitude":-118.7159692}
{"timestamp":1624720677,"route_id":"79","id":"4065","run_id":"79_501_0","predictable":true,"seconds_since_report":23,"heading":96.0,"latitude":34.0856492,"longitude":-118.1830316}
{"timestamp":1624720677,"route_id":"94","id":"4071","run_id":"94_246_1","predictable":true,"seconds_since_report":23,"heading":131.0,"latitude":34.1669934,"longitude":-118.2898583}
{"timestamp":1624720677,"route_id":"487","id":"1807","run_id":"487_110_0","predictable":true,"seconds_since_report":23,"heading":180.0,"latitude":34.1514158,"longitude":-118.0317853}
{"timestamp":1624720677,"route_id":"686","id":"1818","run_id":"686_51_1","predictable":true,"seconds_since_report":128,"heading":220.0,"latitude":34.178814,"longitude":-118.113251}
{"timestamp":1624720677,"route_id":"534","id":"8467","run_id":"534_153_1","predictable":true,"seconds_since_report":22,"heading":264.0,"latitude":34.0341408,"longitude":-118.7116358}
{"timestamp":1624720677,"route_id":"70","id":"1824","run_id":"70_258_0","predictable":true,"seconds_since_report":22,"heading":38.0,"latitude":34.0450205,"longitude":-118.2570518}
{"timestamp":1624720677,"route_id":"232","id":"1872","run_id":"232_87_0","predictable":true,"seconds_since_report":23,"heading":270.0,"latitude":33.791091,"longitude":-118.2895957}
{"timestamp":1624720677,"route_id":"81","id":"1887","run_id":"81_256_0","predictable":true,"seconds_since_report":102,"heading":350.0,"latitude":33.927574,"longitude":-118.281891}
{"timestamp":1624720677,"route_id":"206","id":"1893","run_id":"206_172_1","predictable":true,"seconds_since_report":22,"heading":255.0,"latitude":34.095654,"longitude":-118.29097}
