{"timestamp":1624720692,"route_id":"754","id":"9550","run_id":"754_95_1","predictable":true,"seconds_since_report":59,"heading":180.0,"latitude":34.0186,"longitude":-118.291695}
{"timestamp":1624720692,"route_id":"91","id":"8231","run_id":"91_328_0","predictable":true,"seconds_since_report":6,"heading":11.0,"latitude":34.197614,"longitude":-118.22932}
{"timestamp":1624720692,"route_id":"207","id":"9567","run_id":"207_271_1","predictable":true,"seconds_since_report":6,"heading":179.0,"latitude":33.9736372,"longitude":-118.3091265}
{"timestamp":1624720692,"route_id":"111","id":"8250","run_id":"111_339_0","predictable":true,"seconds_since_report":6,"heading":123.0,"latitude":33.9472722,"longitude":-118.1169258}
{"timestamp":1624720692,"route_id":"901","id":"19503","run_id":"901_55_0","predictable":true,"seconds_since_report":138,"heading":220.0,"latitude":34.25235,"longitude":-118.599052}
{"timestamp":1624720692,"route_id":"117","id":"6080","run_id":"117_68_0","predictable":true,"seconds_since_report":6,"heading":90.0,"latitude":33.9454195,"longitude":-118.3824797}
{"timestamp":1624720692,"route_id":"901","id":"19517","run_id":"901_54_1","predictable":true,"seconds_since_report":85,"heading":285.0,"latitude":34.17997,"longitude":-118.431068}
{"timestamp":1624720692,"route_id":"224","id":"8278","run_id":"224_257_0","predictable":true,"seconds_since_report":85,"heading":1.0,"latitude":34.1986333,"longitude":-118.387749}
{"timestamp":1624720692,"route_id":"111","id":"1679","run_id":"111_349_1","predictable":true,"seconds_since_report":6,"heading":281.0,"latitude":33.9693055,"longitude":-118.1774722}
{"timestamp":1624720692,"route_id":"18","id":"1672","run_id":"18_249_0","predictable":true,"seconds_since_report":59,"heading":117.0,"latitude":34.0561997,"longitude":-118.2673478}
{"timestamp":1624720692,"route_id":"102","id":"3855","run_id":"102_62_1","predictable":true,"seconds_since_report":33,"heading":310.0,"latitude":34.005873,"longitude":-118.3302543}
{"timestamp":1624720692,"route_id":"166","id":"1693","run_id":"166_75_0","predictable":true,"seconds_since_report":85,"heading":90.0,"latitude":34.235382,"longitude":-118.594788}
{"timestamp":1624720692,"route_id":"18","id":"1687","run_id":"18_248_1","predictable":true,"seconds_since_report":6,"heading":284.0,"latitude":34.0155474,"longitude":-118.1339363}
{"timestamp":1624720692,"route_id":"60","id":"3883","run_id":"60_152_0","predictable":true,"seconds_since_report":6,"heading":328.0,"latitude":33.9562972,"longitude":-118.2205948}
{"timestamp":1624720692,"route_id":"265","id":"5609","run_id":"265_14_0","predictable":true,"seconds_since_report":6,"heading":42.0,"latitude":33.9947558,"longitude":-118.0952285}
{"timestamp":1624720692,"route_id":"603","id":"5602","run_id":"603_26_0","predictable":true,"seconds_since_report":85,"heading":30.0,"latitude":34.065983,"longitude":-118.278976}
{"timestamp":1624720692,"route_id":"14","id":"5654","run_id":"14_487_1","predictable":true,"seconds_since_report":6,"heading":119.0,"latitude":34.0695557,"longitude":-118.2770873}
{"timestamp":1624720692,"route_id":"950","id":"8701","run_id":"950_209_1","predictable":true,"seconds_since_report":59,"heading":180.0,"latitude":33.9902469,"longitude":-118.2805352}
{"timestamp":1624720692,"route_id":"733","id":"8743","run_id":"733_100_1","predictable":true,"seconds_since_report":32,"heading":191.0,"latitude":34.056961,"longitude":-118.231026}
{"timestamp":1624720692,"route_id":"744","id":"8760","run_id":"744_4_0","predictable":true,"seconds_since_report":6,"heading":48.0,"latitude":34.2528695,"longitude":-118.4401632}
{"timestamp":1624720692,"route_id":"233","id":"8757","run_id":"233_156_1","predictable":true,"seconds_since_report":6,"heading":229.0,"latitude":34.2596915,"longitude":-118.4309708}
{"timestamp":1624720692,"route_id":"233","id":"8774","run_id":"233_156_1","predictable":true,"seconds_since_report":6,"heading":180.0,"latitude":34.223112,"longitude":-118.4488945}
{"timestamp":1624720692,"route_id":"246","id":"6105","run_id":"246_79_0","predictable":true,"seconds_since_report":32,"heading":1.0,"latitude":33.8665043,"longitude":-118.2659467}
{"timestamp":1624720692,"route_id":"53","id":"1716","run_id":"53_193_1","predictable":true,"seconds_since_report":32,"heading":144.0,"latitude":34.0484948,"longitude":-118.25498}
{"timestamp":1624720692,"route_id":"55","id":"3912","run_id":"55_283_1","predictable":true,"seconds_since_report":6,"heading":217.0,"latitude":34.0338617,"longitude":-118.2625128}
{"timestamp":1624720692,"route_id":"18","id":"1740","run_id":"18_248_1","predictable":true,"seconds_since_report":6,"heading":297.0,"latitude":34.0555127,"longitude":-118.265497}
{"timestamp":1624720692,"route_id":"94","id":"1782","run_id":"94_250_0","predictable":true,"seconds_since_report":6,"heading":38.0,"latitude":34.0513635,"longitude":-118.2493378}
{"timestamp":1624720692,"route_id":"108","id":"3992","run_id":"108_359_1","predictable":true,"seconds_since_report":6,"heading":270.0,"latitude":33.9893008,"longitude":-118.2332073}
{"timestamp":1624720692,"route_id":"260","id":"5707","run_id":"260_274_1","predictable":true,"seconds_since_report":6,"heading":168.0,"latitude":33.967886,"longitude":-118.1876162}
{"timestamp":1624720692,"route_id":"102","id":"5724","run_id":"102_64_0","predictable":true,"seconds_since_report":6,"heading":6.0,"latitude":33.959385,"longitude":-118.3961108}
{"timestamp":1624720692,"route_id":"110","id":"5751","run_id":"110_217_1","predictable":true,"seconds_since_report":6,"heading":180.0,"latitude":33.97718,"longitude":-118.2412442}
{"timestamp":1624720692,"route_id":"204","id":"5745","run_id":"204_116_1","predictable":true,"seconds_since_report":6,"heading":178.0,"latitude":34.0671442,"longitude":-118.291742}
{"timestamp":1624720692,"route_id":"96","id":"3106","run_id":"96_249_0","predictable":true,"seconds_since_report":6,"heading":318.0,"latitude":34.1045895,"longitude":-118.253576}
{"timestamp":1624720692,"route_id":"167","id":"3119","run_id":"167_96_1","predictable":true,"seconds_since_report":33,"heading":271.0,"latitude":34.2356468,"longitude":-118.5270183}
{"timestamp":1624720692,"route_id":"40","id":"8807","run_id":"40_905_0","predictable":true,"seconds_since_report":6,"heading":10.0,"latitude":34.0557287,"longitude":-118.2320142}
{"timestamp":1624720692,"route_id":"256","id":"3131","run_id":"256_66_1","predictable":true,"seconds_since_report":6,"heading":89.0,"latitude":34.0146185,"longitude":-118.1753725}
{"timestamp":1624720692,"route_id":"720","id":"8813","run_id":"720_1206_1","predictable":true,"seconds_since_report":6,"heading":273.0,"latitude":34.0621497,"longitude":-118.3328627}
{"timestamp":1624720692,"route_id":"108","id":"5787","run_id":"108_315_0","predictable":true,"seconds_since_report":32,"heading":86.0,"latitude":33.9891482,"longitude":-118.2806952}
{"timestamp":1624720692,"route_id":"207","id":"8830","run_id":"207_271_1","predictable":true,"seconds_since_report":6,"heading":179.0,"latitude":34.06644,"longitude":-118.3091695}
{"timestamp":1624720692,"route_id":"256","id":"3144","run_id":"256_65_0","predictable":true,"seconds_since_report":6,"heading":20.0,"latitude":34.0965795,"longitude":-118.1802293}
{"timestamp":1624720692,"route_id":"217","id":"5798","run_id":"217_191_1","predictable":true,"seconds_since_report":6,"heading":179.0,"latitude":34.1010335,"longitude":-118.3616513}
{"timestamp":1624720692,"route_id":"60","id":"4007","run_id":"60_151_1","predictable":true,"seconds_since_report":6,"heading":180.0,"latitude":33.9915763,"longitude":-118.2253282}
{"timestamp":1624720692,"route_id":"501","id":"4024","run_id":"501_7_1","predictable":true,"seconds_since_report":59,"heading":90.0,"latitude":34.1445239,"longitude":-118.149109}
{"timestamp":1624720692,"route_id":"230","id":"4018","run_id":"230_87_1","predictable":true,"seconds_since_report":6,"heading":180.0,"latitude":34.1709735,"longitude":-118.3965848}
{"timestamp":1624720692,"route_id":"52","id":"4030","run_id":"52_265_0","predictable":true,"seconds_since_report":32,"heading":310.0,"latitude":34.042389,"longitude":-118.249115}
{"timestamp":1624720692,"route_id":"111","id":"8411","run_id":"111_342_0","predictable":true,"seconds_since_report":6,"heading":96.0,"latitude":33.9670232,"longitude":-118.157793}
{"timestamp":1624720692,"route_id":"33","id":"4079","run_id":"33_544_1","predictable":true,"seconds_since_report":6,"heading":238.0,"latitude":33.9950779,"longitude":-118.4509909}
{"timestamp":1624720692,"route_id":"48","id":"4072","run_id":"48_567_1","predictable":true,"seconds_since_report":6,"heading":28.0,"latitude":34.0189522,"longitude":-118.2683468}
{"timestamp":1624720692,"route_id":"117","id":"8453","run_id":"117_72_1","predictable":true,"seconds_since_report":32,"heading":278.0,"latitude":33.9454017,"longitude":-118.2157867}
{"timestamp":1624720692,"route_id":"111","id":"8458","run_id":"111_320_0","predictable":true,"seconds_since_report":6,"heading":90.0,"latitude":33.974655,"longitude":-118.247902}
{"timestamp":1624720692,"route_id":"265","id":"1810","run_id":"265_13_1","predictable":true,"seconds_since_report":6,"heading":212.0,"latitude":33.9268217,"longitude":-118.1500253}
{"timestamp":1624720692,"route_id":"487","id":"1833","run_id":"487_111_1","predictable":true,"seconds_since_report":6,"heading":271.0,"latitude":34.1501145,"longitude":-118.0882898}
{"timestamp":1624720692,"route_id":"487","id":"1838","run_id":"487_111_1","predictable":true,"seconds_since_report":6,"heading":60.0,"latitude":34.0724743,"longitude":-118.0460297}
{"timestamp":1624720692,"route_id":"910","id":"8485","run_id":"910_211_0","predictable":true,"seconds_since_report":6,"heading":61.0,"latitude":34.0707377,"longitude":-118.1466577}
{"timestamp":1624720692,"route_id":"53","id":"1846","run_id":"53_190_1","predictable":true,"seconds_since_report":32,"heading":216.0,"latitude":34.0264045,"longitude":-118.2489133}
{"timestamp":1624720692,"route_id":"94","id":"8491","run_id":"94_246_1","predictable":true,"seconds_since_report":6,"heading":215.0,"latitude":34.0510762,"longitude":-118.2497217}
{"timestamp":1624720692,"route_id":"18","id":"1865","run_id":"18_248_1","predictable":true,"seconds_since_report":6,"heading":270.0,"latitude":34.0240368,"longitude":-118.1761822}
{"timestamp":1624720692,"route_id":"201","id":"1890","run_id":"201_43_1","predictable":true,"seconds_since_report":85,"heading":165.0,"latitude":34.105556,"longitude":-118.266617}
{"timestamp":1624720692,"route_id":"28","id":"1884","run_id":"28_605_1","predictable":true,"seconds_since_report":6,"heading":202.0,"latitude":34.060363,"longitude":-118.2394063}
