{"timestamp":1624720692,"route_id":"78","id":"5869","run_id":"78_496_0","predictable":true,"seconds_since_report":6,"heading":39.0,"latitude":34.0543593,"longitude":-118.2430207}
{"timestamp":1624720692,"route_id":"603","id":"5883","run_id":"603_27_1","predictable":true,"seconds_since_report":6,"heading":208.0,"latitude":34.067715,"longitude":-118.2780252}
{"timestamp":1624720692,"route_id":"200","id":"5876","run_id":"200_43_1","predictable":true,"seconds_since_report":6,"heading":179.0,"latitude":34.0137122,"longitude":-118.2828848}
{"timestamp":1624720692,"route_id":"108","id":"5888","run_id":"108_313_0","predictable":true,"seconds_since_report":6,"heading":98.0,"latitude":33.9887168,"longitude":-118.2013343}
{"timestamp":1624720692,"route_id":"18","id":"5897","run_id":"18_249_0","predictable":true,"seconds_since_report":85,"heading":174.0,"latitude":34.063068,"longitude":-118.308311}
{"timestamp":1624720692,"route_id":"33","id":"4114","run_id":"33_527_0","predictable":true,"seconds_since_report":6,"heading":220.0,"latitude":33.994041,"longitude":-118.476067}
{"timestamp":1624720692,"route_id":"687","id":"4156","run_id":"687_47_0","predictable":true,"seconds_since_report":6,"heading":1.0,"latitude":34.1811532,"longitude":-118.1416946}
{"timestamp":1624720692,"route_id":"28","id":"8516","run_id":"28_605_1","predictable":true,"seconds_since_report":33,"heading":271.0,"latitude":34.0571241,"longitude":-118.337599}
{"timestamp":1624720692,"route_id":"81","id":"8563","run_id":"81_263_1","predictable":true,"seconds_since_report":32,"heading":219.0,"latitude":34.048519,"longitude":-118.252228}
{"timestamp":1624720692,"route_id":"224","id":"8577","run_id":"224_249_1","predictable":true,"seconds_since_report":112,"heading":220.0,"latitude":34.326214,"longitude":-118.447128}
{"timestamp":1624720692,"route_id":"30","id":"8589","run_id":"30_797_0","predictable":true,"seconds_since_report":6,"heading":118.0,"latitude":34.0446498,"longitude":-118.2770178}
{"timestamp":1624720692,"route_id":"81","id":"8582","run_id":"81_256_0","predictable":true,"seconds_since_report":6,"heading":360.0,"latitude":34.013596,"longitude":-118.282715}
{"timestamp":1624720692,"route_id":"28","id":"8596","run_id":"28_611_1","predictable":true,"seconds_since_report":32,"heading":298.0,"latitude":34.045898,"longitude":-118.2668133}
{"timestamp":1624720692,"route_id":"45","id":"9474","run_id":"45_585_0","predictable":true,"seconds_since_report":6,"heading":8.0,"latitude":33.9380818,"longitude":-118.2781237}
{"timestamp":1624720692,"route_id":"18","id":"5967","run_id":"18_249_0","predictable":true,"seconds_since_report":32,"heading":131.0,"latitude":34.0395502,"longitude":-118.2409585}
{"timestamp":1624720692,"route_id":"207","id":"5999","run_id":"207_284_0","predictable":true,"seconds_since_report":6,"heading":352.0,"latitude":33.9380785,"longitude":-118.3089432}
{"timestamp":1624720692,"route_id":"91","id":"8625","run_id":"91_341_1","predictable":true,"seconds_since_report":6,"heading":230.0,"latitude":34.2655851,"longitude":-118.3664378}
{"timestamp":1624720692,"route_id":"40","id":"8644","run_id":"40_904_1","predictable":true,"seconds_since_report":59,"heading":222.0,"latitude":33.9662448,"longitude":-118.3520608}
{"timestamp":1624720692,"route_id":"720","id":"9504","run_id":"720_1207_0","predictable":true,"seconds_since_report":6,"heading":122.0,"latitude":34.0274662,"longitude":-118.2002127}
{"timestamp":1624720692,"route_id":"4","id":"6016","run_id":"4_286_0","predictable":true,"seconds_since_report":85,"heading":220.0,"latitude":34.045689,"longitude":-118.443291}
{"timestamp":1624720692,"route_id":"165","id":"8204","run_id":"165_188_0","predictable":true,"seconds_since_report":59,"heading":90.0,"latitude":34.1939258,"longitude":-118.3735168}
{"timestamp":1624720692,"route_id":"45","id":"9552","run_id":"45_583_1","predictable":true,"seconds_since_report":6,"heading":263.0,"latitude":34.0739045,"longitude":-118.2159232}
{"timestamp":1624720692,"route_id":"152","id":"8259","run_id":"152_159_0","predictable":true,"seconds_since_report":6,"heading":359.0,"latitude":34.1917535,"longitude":-118.6233058}
{"timestamp":1624720692,"route_id":"117","id":"1639","run_id":"117_68_0","predictable":true,"seconds_since_report":191,"heading":220.0,"latitude":33.950016,"longitude":-118.392685}
{"timestamp":1624720692,"route_id":"150","id":"8290","run_id":"150_171_0","predictable":true,"seconds_since_report":6,"heading":115.0,"latitude":34.1398643,"longitude":-118.368754}
{"timestamp":1624720692,"route_id":"108","id":"3857","run_id":"108_358_1","predictable":true,"seconds_since_report":6,"heading":255.0,"latitude":33.989174,"longitude":-118.317421}
{"timestamp":1624720692,"route_id":"163","id":"1685","run_id":"163_129_1","predictable":true,"seconds_since_report":32,"heading":270.0,"latitude":34.201256,"longitude":-118.466858}
{"timestamp":1624720692,"route_id":"105","id":"3874","run_id":"105_250_1","predictable":true,"seconds_since_report":6,"heading":179.0,"latitude":34.053857,"longitude":-118.376233}
{"timestamp":1624720692,"route_id":"102","id":"3895","run_id":"102_60_1","predictable":true,"seconds_since_report":6,"heading":90.0,"latitude":33.9821423,"longitude":-118.2522473}
{"timestamp":1624720692,"route_id":"14","id":"5614","run_id":"14_480_0","predictable":true,"seconds_since_report":33,"heading":266.0,"latitude":34.0762915,"longitude":-118.3233388}
{"timestamp":1624720692,"route_id":"201","id":"5623","run_id":"201_42_0","predictable":true,"seconds_since_report":6,"heading":326.0,"latitude":34.1261338,"longitude":-118.2665353}
{"timestamp":1624720692,"route_id":"603","id":"5628","run_id":"603_27_1","predictable":true,"seconds_since_report":112,"heading":220.0,"latitude":34.145485,"longitude":-118.260849}
{"timestamp":1624720692,"route_id":"217","id":"5642","run_id":"217_218_0","predictable":true,"seconds_since_report":85,"heading":220.0,"latitude":34.026356,"longitude":-118.37075}
{"timestamp":1624720692,"route_id":"207","id":"8703","run_id":"207_271_1","predictable":true,"seconds_since_report":6,"heading":176.0,"latitude":34.0191623,"longitude":-118.3089808}
{"timestamp":1624720692,"route_id":"744","id":"8762","run_id":"744_9_1","predictable":true,"seconds_since_report":6,"heading":180.0,"latitude":34.1808808,"longitude":-118.4488395}
{"timestamp":1624720692,"route_id":"720","id":"8783","run_id":"720_1207_0","predictable":true,"seconds_since_report":165,"heading":45.0,"latitude":34.028225,"longitude":-118.486984}
{"timestamp":1624720692,"route_id":"246","id":"6124","run_id":"246_79_0","predictable":true,"seconds_since_report":59,"heading":220.0,"latitude":33.707298,"longitude":-118.294548}
{"timestamp":1624720692,"route_id":"233","id":"8788","run_id":"233_146_0","predictable":true,"seconds_since_report":6,"heading":220.0,"latitude":34.151672,"longitude":-118.44696}
{"timestamp":1624720692,"route_id":"105","id":"6118","run_id":"105_253_0","predictable":true,"seconds_since_report":85,"heading":11.0,"latitude":34.004272,"longitude":-118.227448}
{"timestamp":1624720692,"route_id":"733","id":"8797","run_id":"733_102_0","predictable":true,"seconds_since_report":6,"heading":45.0,"latitude":34.018764,"longitude":-118.406647}
{"timestamp":1624720692,"route_id":"854","id":"6145","run_id":"854_32_0","predictable":true,"seconds_since_report":6,"heading":108.0,"latitude":34.049191,"longitude":-118.2390297}
{"timestamp":1624720692,"route_id":"94","id":"8329","run_id":"94_241_0","predictable":true,"seconds_since_report":33,"heading":320.0,"latitude":34.1934763,"longitude":-118.347891}
{"timestamp":1624720692,"route_id":"166","id":"1700","run_id":"166_75_0","predictable":true,"seconds_since_report":191,"heading":186.0,"latitude":34.253971,"longitude":-118.599022}
{"timestamp":1624720692,"route_id":"611","id":"3910","run_id":"611_22_0","predictable":true,"seconds_since_report":6,"heading":93.0,"latitude":34.0039063,"longitude":-118.2303883}
{"timestamp":1624720692,"route_id":"611","id":"3938","run_id":"611_29_1","predictable":true,"seconds_since_report":6,"heading":277.0,"latitude":33.98707,"longitude":-118.184239}
{"timestamp":1624720692,"route_id":"62","id":"3946","run_id":"62_305_1","predictable":true,"seconds_since_report":6,"heading":182.0,"latitude":33.8638872,"longitude":-118.091077}
{"timestamp":1624720692,"route_id":"94","id":"1780","run_id":"94_246_1","predictable":true,"seconds_since_report":165,"heading":139.0,"latitude":34.291915,"longitude":-118.4483647}
{"timestamp":1624720692,"route_id":"183","id":"1775","run_id":"183_51_1","predictable":true,"seconds_since_report":6,"heading":264.0,"latitude":34.1649442,"longitude":-118.3666907}
{"timestamp":1624720692,"route_id":"120","id":"1794","run_id":"120_76_1","predictable":true,"seconds_since_report":59,"heading":311.0,"latitude":33.9243263,"longitude":-118.0233263}
{"timestamp":1624720692,"route_id":"266","id":"5732","run_id":"266_27_0","predictable":true,"seconds_since_report":165,"heading":359.0,"latitude":33.903402,"longitude":-118.1428113}
{"timestamp":1624720692,"route_id":"266","id":"5785","run_id":"266_26_1","predictable":true,"seconds_since_report":138,"heading":195.0,"latitude":34.0082049,"longitude":-118.081787}
