{"timestamp":1624720677,"route_id":"266","id":"5634","run_id":"266_26_1","predictable":true,"seconds_since_report":260,"heading":220.0,"latitude":34.148426,"longitude":-118.080475}
{"timestamp":1624720677,"route_id":"16","id":"5655","run_id":"16_398_1","predictable":true,"seconds_since_report":181,"heading":297.0,"latitude":34.059879,"longitude":-118.265404}
{"timestamp":1624720677,"route_id":"40","id":"8700","run_id":"40_904_1","predictable":true,"seconds_since_report":22,"heading":180.0,"latitude":33.865948,"longitude":-118.352821}
{"timestamp":1624720677,"route_id":"733","id":"8723","run_id":"733_102_0","predictable":true,"seconds_since_report":75,"heading":30.0,"latitude":34.035072,"longitude":-118.261475}
{"timestamp":1624720677,"route_id":"744","id":"8761","run_id":"744_9_1","predictable":true,"seconds_since_report":75,"heading":220.0,"latitude":34.274239,"longitude":-118.411171}
{"timestamp":1624720677,"route_id":"51","id":"6104","run_id":"51_273_0","predictable":true,"seconds_since_report":49,"heading":254.0,"latitude":33.9276358,"longitude":-118.2651778}
{"timestamp":1624720677,"route_id":"233","id":"8756","run_id":"233_156_1","predictable":true,"seconds_since_report":49,"heading":220.0,"latitude":34.279797,"longitude":-118.38324}
{"timestamp":1624720677,"route_id":"52","id":"6110","run_id":"52_212_1","predictable":true,"seconds_since_report":181,"heading":220.0,"latitude":34.062214,"longitude":-118.289429}
{"timestamp":1624720677,"route_id":"720","id":"8794","run_id":"720_1198_1","predictable":true,"seconds_since_report":49,"heading":220.0,"latitude":34.038372,"longitude":-118.238953}
{"timestamp":1624720677,"route_id":"210","id":"6133","run_id":"210_289_0","predictable":true,"seconds_since_report":49,"heading":1.0,"latitude":33.9656722,"longitude":-118.3308105}
{"timestamp":1624720677,"route_id":"550","id":"6127","run_id":"550_124_1","predictable":true,"seconds_since_report":49,"heading":180.0,"latitude":33.797722,"longitude":-118.291039}
{"timestamp":1624720677,"route_id":"92","id":"1703","run_id":"92_256_1","predictable":true,"seconds_since_report":49,"heading":180.0,"latitude":34.151535,"longitude":-118.25531}
{"timestamp":1624720677,"route_id":"200","id":"3907","run_id":"200_43_1","predictable":true,"seconds_since_report":22,"heading":220.0,"latitude":34.077999,"longitude":-118.257339}
{"timestamp":1624720677,"route_id":"166","id":"1734","run_id":"166_75_0","predictable":true,"seconds_since_report":208,"heading":90.0,"latitude":34.235657,"longitude":-118.447128}
{"timestamp":1624720677,"route_id":"20","id":"1741","run_id":"20_729_0","predictable":true,"seconds_since_report":23,"heading":92.0,"latitude":34.0623607,"longitude":-118.3530485}
{"timestamp":1624720677,"route_id":"164","id":"1762","run_id":"164_60_0","predictable":true,"seconds_since_report":181,"heading":2.0,"latitude":34.187202,"longitude":-118.642708}
{"timestamp":1624720677,"route_id":"120","id":"1783","run_id":"120_88_0","predictable":true,"seconds_since_report":23,"heading":357.0,"latitude":33.9397855,"longitude":-117.9930512}
{"timestamp":1624720677,"route_id":"55","id":"3966","run_id":"55_276_0","predictable":true,"seconds_since_report":22,"heading":1.0,"latitude":33.945534,"longitude":-118.246231}
{"timestamp":1624720677,"route_id":"164","id":"1797","run_id":"164_60_0","predictable":true,"seconds_since_report":49,"heading":90.0,"latitude":34.186622,"longitude":-118.4485098}
{"timestamp":1624720677,"route_id":"105","id":"3972","run_id":"105_250_1","predictable":true,"seconds_since_report":22,"heading":120.0,"latitude":34.021046,"longitude":-118.351875}
{"timestamp":1624720677,"route_id":"222","id":"3987","run_id":"222_68_0","predictable":true,"seconds_since_report":49,"heading":269.0,"latitude":34.2157687,"longitude":-118.3701867}
{"timestamp":1624720677,"route_id":"217","id":"5750","run_id":"217_218_0","predictable":true,"seconds_since_report":22,"heading":121.0,"latitude":34.1014743,"longitude":-118.3435915}
{"timestamp":1624720677,"route_id":"108","id":"5744","run_id":"108_315_0","predictable":true,"seconds_since_report":22,"heading":97.0,"latitude":33.9860968,"longitude":-118.175538}
{"timestamp":1624720677,"route_id":"218","id":"3107","run_id":"218_31_1","predictable":true,"seconds_since_report":23,"heading":179.0,"latitude":34.0761103,"longitude":-118.3615522}
{"timestamp":1624720677,"route_id":"108","id":"5767","run_id":"108_403_1","predictable":true,"seconds_since_report":22,"heading":270.0,"latitude":33.989182,"longitude":-118.3003935}
{"timestamp":1624720677,"route_id":"256","id":"3130","run_id":"256_65_0","predictable":true,"seconds_since_report":22,"heading":358.0,"latitude":34.1645818,"longitude":-118.121487}
{"timestamp":1624720677,"route_id":"66","id":"8819","run_id":"66_385_1","predictable":true,"seconds_since_report":22,"heading":305.0,"latitude":34.0191588,"longitude":-118.1991143}
{"timestamp":1624720677,"route_id":"910","id":"8812","run_id":"910_210_1","predictable":true,"seconds_since_report":49,"heading":212.0,"latitude":34.0499632,"longitude":-118.2541463}
{"timestamp":1624720677,"route_id":"950","id":"8831","run_id":"950_212_0","predictable":true,"seconds_since_report":22,"heading":360.0,"latitude":33.8627307,"longitude":-118.2815175}
{"timestamp":1624720677,"route_id":"720","id":"8825","run_id":"720_1198_1","predictable":true,"seconds_since_report":23,"heading":268.0,"latitude":34.0620405,"longitude":-118.291934}
{"timestamp":1624720677,"route_id":"14","id":"5799","run_id":"14_487_1","predictable":true,"seconds_since_report":22,"heading":343.0,"latitude":34.0556958,"longitude":-118.3956263}
{"timestamp":1624720677,"route_id":"78","id":"4012","run_id":"78_411_1","predictable":true,"seconds_since_report":22,"heading":227.0,"latitude":34.061455,"longitude":-118.2133678}
{"timestamp":1624720677,"route_id":"51","id":"4006","run_id":"51_230_1","predictable":true,"seconds_since_report":22,"heading":125.0,"latitude":34.0461158,"longitude":-118.2545945}
{"timestamp":1624720677,"route_id":"603","id":"4019","run_id":"603_27_1","predictable":true,"seconds_since_report":22,"heading":220.0,"latitude":34.145264,"longitude":-118.260818}
{"timestamp":1624720677,"route_id":"52","id":"4031","run_id":"52_265_0","predictable":true,"seconds_since_report":23,"heading":298.0,"latitude":34.0547003,"longitude":-118.2728097}
{"timestamp":1624720677,"route_id":"70","id":"4044","run_id":"70_265_1","predictable":true,"seconds_since_report":22,"heading":267.0,"latitude":34.0625858,"longitude":-118.1346845}
{"timestamp":1624720677,"route_id":"4","id":"8410","run_id":"4_286_0","predictable":true,"seconds_since_report":75,"heading":94.0,"latitude":34.0908492,"longitude":-118.2954042}
{"timestamp":1624720677,"route_id":"260","id":"4078","run_id":"260_269_0","predictable":true,"seconds_since_report":23,"heading":21.0,"latitude":34.1902095,"longitude":-118.1493236}
{"timestamp":1624720677,"route_id":"79","id":"1805","run_id":"79_440_1","predictable":true,"seconds_since_report":75,"heading":225.0,"latitude":34.111607,"longitude":-118.127541}
{"timestamp":1624720677,"route_id":"237","id":"4099","run_id":"237_16_0","predictable":true,"seconds_since_report":49,"heading":0.0,"latitude":34.1686983,"longitude":-118.3790087}
{"timestamp":1624720677,"route_id":"55","id":"4092","run_id":"55_276_0","predictable":true,"seconds_since_report":23,"heading":358.0,"latitude":34.0611656,"longitude":-118.2471698}
{"timestamp":1624720677,"route_id":"76","id":"1811","run_id":"76_182_1","predictable":true,"seconds_since_report":23,"heading":264.0,"latitude":34.0768727,"longitude":-118.1535098}
{"timestamp":1624720677,"route_id":"40","id":"8471","run_id":"40_901_0","predictable":true,"seconds_since_report":22,"heading":28.0,"latitude":34.0189775,"longitude":-118.273836}
{"timestamp":1624720677,"route_id":"16","id":"5800","run_id":"16_394_1","predictable":true,"seconds_since_report":23,"heading":270.0,"latitude":34.068998,"longitude":-118.3292728}
