{"timestamp":1624720692,"route_id":"110","id":"5847","run_id":"110_217_1","predictable":true,"seconds_since_report":6,"heading":240.0,"latitude":33.9836442,"longitude":-118.394687}
{"timestamp":1624720692,"route_id":"237","id":"5864","run_id":"237_12_1","predictable":true,"seconds_since_report":6,"heading":88.0,"latitude":34.1684305,"longitude":-118.3958563}
{"timestamp":1624720692,"route_id":"166","id":"4106","run_id":"166_116_1","predictable":true,"seconds_since_report":33,"heading":270.0,"latitude":34.235635,"longitude":-118.4678546}
{"timestamp":1624720692,"route_id":"68","id":"4173","run_id":"68_144_0","predictable":true,"seconds_since_report":6,"heading":305.0,"latitude":34.0429172,"longitude":-118.2475247}
{"timestamp":1624720692,"route_id":"81","id":"8527","run_id":"81_263_1","predictable":true,"seconds_since_report":6,"heading":77.0,"latitude":34.1427215,"longitude":-118.227129}
{"timestamp":1624720692,"route_id":"30","id":"8538","run_id":"30_772_0","predictable":true,"seconds_since_report":6,"heading":97.0,"latitude":34.0483775,"longitude":-118.2336788}
{"timestamp":1624720692,"route_id":"81","id":"8571","run_id":"81_256_0","predictable":true,"seconds_since_report":6,"heading":47.0,"latitude":34.084656,"longitude":-118.221291}
{"timestamp":1624720692,"route_id":"53","id":"1932","run_id":"53_198_0","predictable":true,"seconds_since_report":6,"heading":0.0,"latitude":33.9331063,"longitude":-118.2541772}
{"timestamp":1624720692,"route_id":"30","id":"8131","run_id":"30_772_0","predictable":true,"seconds_since_report":32,"heading":90.0,"latitude":34.0471587,"longitude":-118.3115847}
{"timestamp":1624720692,"route_id":"720","id":"9479","run_id":"720_1202_1","predictable":true,"seconds_since_report":6,"heading":226.0,"latitude":34.0216712,"longitude":-118.4953647}
{"timestamp":1624720692,"route_id":"125","id":"1507","run_id":"125_152_0","predictable":true,"seconds_since_report":6,"heading":90.0,"latitude":33.9018492,"longitude":-118.3109602}
{"timestamp":1624720692,"route_id":"720","id":"9487","run_id":"720_1207_0","predictable":true,"seconds_since_report":85,"heading":94.0,"latitude":34.018684,"longitude":-118.149506}
{"timestamp":1624720692,"route_id":"240","id":"8150","run_id":"240_177_1","predictable":true,"seconds_since_report":6,"heading":359.0,"latitude":34.174352,"longitude":-118.5359518}
{"timestamp":1624720692,"route_id":"45","id":"9493","run_id":"45_582_0","predictable":true,"seconds_since_report":6,"heading":54.0,"latitude":34.0708928,"longitude":-118.2302563}
{"timestamp":1624720692,"route_id":"130","id":"1551","run_id":"130_90_1","predictable":true,"seconds_since_report":59,"heading":165.0,"latitude":33.871037,"longitude":-118.394974}
{"timestamp":1624720692,"route_id":"102","id":"5914","run_id":"102_64_0","predictable":true,"seconds_since_report":32,"heading":90.0,"latitude":33.9747438,"longitude":-118.2552442}
{"timestamp":1624720692,"route_id":"4","id":"5928","run_id":"4_285_0","predictable":true,"seconds_since_report":6,"heading":126.0,"latitude":34.0769485,"longitude":-118.2579463}
{"timestamp":1624720692,"route_id":"105","id":"5937","run_id":"105_253_0","predictable":true,"seconds_since_report":6,"heading":360.0,"latitude":34.0659897,"longitude":-118.3761418}
{"timestamp":1624720692,"route_id":"4","id":"5942","run_id":"4_282_1","predictable":true,"seconds_since_report":112,"heading":119.0,"latitude":34.0335913,"longitude":-118.2652025}
{"timestamp":1624720692,"route_id":"94","id":"5956","run_id":"94_241_0","predictable":true,"seconds_since_report":6,"heading":322.0,"latitude":34.1130007,"longitude":-118.2438323}
{"timestamp":1624720692,"route_id":"224","id":"8623","run_id":"224_249_1","predictable":true,"seconds_since_report":6,"heading":138.0,"latitude":34.275791,"longitude":-118.4324365}
{"timestamp":1624720692,"route_id":"40","id":"8642","run_id":"40_903_1","predictable":true,"seconds_since_report":6,"heading":215.0,"latitude":34.0393935,"longitude":-118.2592835}
{"timestamp":1624720692,"route_id":"37","id":"6033","run_id":"37_487_1","predictable":true,"seconds_since_report":85,"heading":208.0,"latitude":34.026657,"longitude":-118.272255}
{"timestamp":1624720692,"route_id":"234","id":"8216","run_id":"234_65_1","predictable":true,"seconds_since_report":59,"heading":180.0,"latitude":34.2293218,"longitude":-118.4677713}
