{"timestamp":1624720677,"route_id":"16","id":"5844","run_id":"16_379_0","predictable":true,"seconds_since_report":22,"heading":89.0,"latitude":34.0688735,"longitude":-118.3396377}
{"timestamp":1624720677,"route_id":"60","id":"5878","run_id":"60_151_1","predictable":true,"seconds_since_report":22,"heading":153.0,"latitude":33.9547818,"longitude":-118.2198342}
{"timestamp":1624720677,"route_id":"206","id":"5886","run_id":"206_172_1","predictable":true,"seconds_since_report":102,"heading":359.0,"latitude":33.924385,"longitude":-118.291527}
{"timestamp":1624720677,"route_id":"108","id":"5899","run_id":"108_313_0","predictable":true,"seconds_since_report":23,"heading":356.0,"latitude":33.9878677,"longitude":-118.3949165}
{"timestamp":1624720677,"route_id":"90","id":"4111","run_id":"90_334_0","predictable":true,"seconds_since_report":23,"heading":319.0,"latitude":34.0857478,"longitude":-118.2245583}
{"timestamp":1624720677,"route_id":"161","id":"4105","run_id":"161_94_1","predictable":true,"seconds_since_report":49,"heading":250.0,"latitude":34.1669999,"longitude":-118.6205141}
{"timestamp":1624720677,"route_id":"180","id":"4170","run_id":"180_189_1","predictable":true,"seconds_since_report":49,"heading":266.0,"latitude":34.1395899,"longitude":-118.2017745}
{"timestamp":1624720677,"route_id":"28","id":"8551","run_id":"28_603_0","predictable":true,"seconds_since_report":23,"heading":36.0,"latitude":34.0476529,"longitude":-118.252587}
{"timestamp":1624720677,"route_id":"81","id":"8572","run_id":"81_260_0","predictable":true,"seconds_since_report":155,"heading":16.0,"latitude":34.137951,"longitude":-118.18808}
{"timestamp":1624720677,"route_id":"66","id":"9446","run_id":"66_385_1","predictable":true,"seconds_since_report":155,"heading":300.0,"latitude":34.033699,"longitude":-118.246201}
{"timestamp":1624720677,"route_id":"28","id":"8593","run_id":"28_603_0","predictable":true,"seconds_since_report":23,"heading":15.0,"latitude":34.1351123,"longitude":-118.2151847}
{"timestamp":1624720677,"route_id":"260","id":"8158","run_id":"260_268_1","predictable":true,"seconds_since_report":49,"heading":168.0,"latitude":34.1043497,"longitude":-118.1505495}
{"timestamp":1624720677,"route_id":"150","id":"8153","run_id":"150_176_1","predictable":true,"seconds_since_report":23,"heading":282.0,"latitude":34.1524168,"longitude":-118.4571727}
{"timestamp":1624720677,"route_id":"130","id":"1510","run_id":"130_90_1","predictable":true,"seconds_since_report":22,"heading":270.0,"latitude":33.8747822,"longitude":-118.1577125}
{"timestamp":1624720677,"route_id":"125","id":"1533","run_id":"125_150_1","predictable":true,"seconds_since_report":23,"heading":270.0,"latitude":33.9020705,"longitude":-118.269955}
{"timestamp":1624720677,"route_id":"207","id":"5908","run_id":"207_271_1","predictable":true,"seconds_since_report":23,"heading":204.0,"latitude":33.9238272,"longitude":-118.3178875}
{"timestamp":1624720677,"route_id":"212","id":"5917","run_id":"212_216_0","predictable":true,"seconds_since_report":22,"heading":360.0,"latitude":33.9525072,"longitude":-118.3438508}
{"timestamp":1624720677,"route_id":"230","id":"1571","run_id":"230_83_0","predictable":true,"seconds_since_report":23,"heading":319.0,"latitude":34.2708974,"longitude":-118.4449157}
{"timestamp":1624720677,"route_id":"180","id":"5955","run_id":"180_198_0","predictable":true,"seconds_since_report":75,"heading":359.0,"latitude":34.1041515,"longitude":-118.2917583}
{"timestamp":1624720677,"route_id":"45","id":"5962","run_id":"45_582_0","predictable":true,"seconds_since_report":22,"heading":168.0,"latitude":33.90293,"longitude":-118.2693165}
{"timestamp":1624720677,"route_id":"105","id":"5988","run_id":"105_250_1","predictable":true,"seconds_since_report":23,"heading":85.0,"latitude":34.0039088,"longitude":-118.2476987}
{"timestamp":1624720677,"route_id":"18","id":"5997","run_id":"18_249_0","predictable":true,"seconds_since_report":49,"heading":115.0,"latitude":34.0204632,"longitude":-118.1578742}
{"timestamp":1624720677,"route_id":"901","id":"19527","run_id":"901_55_0","predictable":true,"seconds_since_report":75,"heading":75.0,"latitude":34.180603,"longitude":-118.445259}
{"timestamp":1624720677,"route_id":"901","id":"19538","run_id":"901_55_0","predictable":true,"seconds_since_report":128,"heading":220.0,"latitude":34.186844,"longitude":-118.570206}
{"timestamp":1624720677,"route_id":"117","id":"8617","run_id":"117_68_0","predictable":true,"seconds_since_report":22,"heading":96.0,"latitude":33.9297704,"longitude":-118.1674718}
{"timestamp":1624720677,"route_id":"40","id":"8641","run_id":"40_903_1","predictable":true,"seconds_since_report":22,"heading":180.0,"latitude":33.9370008,"longitude":-118.3527588}
{"timestamp":1624720677,"route_id":"754","id":"9501","run_id":"754_97_0","predictable":true,"seconds_since_report":102,"heading":184.0,"latitude":33.9917358,"longitude":-118.3189702}
{"timestamp":1624720677,"route_id":"200","id":"6013","run_id":"200_40_0","predictable":true,"seconds_since_report":22,"heading":350.0,"latitude":34.0394898,"longitude":-118.2839793}
{"timestamp":1624720677,"route_id":"10","id":"6024","run_id":"10_597_1","predictable":true,"seconds_since_report":181,"heading":285.0,"latitude":34.070549,"longitude":-118.268814}
{"timestamp":1624720677,"route_id":"35","id":"6018","run_id":"35_200_1","predictable":true,"seconds_since_report":22,"heading":60.0,"latitude":34.0402723,"longitude":-118.3578667}
{"timestamp":1624720677,"route_id":"754","id":"9529","run_id":"754_97_0","predictable":true,"seconds_since_report":102,"heading":357.0,"latitude":34.0835,"longitude":-118.291664}
{"timestamp":1624720677,"route_id":"754","id":"9557","run_id":"754_97_0","predictable":true,"seconds_since_report":208,"heading":154.0,"latitude":33.9596448,"longitude":-118.2917917}
{"timestamp":1624720677,"route_id":"51","id":"6066","run_id":"51_213_1","predictable":true,"seconds_since_report":23,"heading":183.0,"latitude":33.9848948,"longitude":-118.265239}
{"timestamp":1624720677,"route_id":"53","id":"6072","run_id":"53_190_1","predictable":true,"seconds_since_report":181,"heading":220.0,"latitude":34.064003,"longitude":-118.251381}
{"timestamp":1624720677,"route_id":"30","id":"8274","run_id":"30_777_1","predictable":true,"seconds_since_report":22,"heading":191.0,"latitude":34.0557267,"longitude":-118.2328857}
{"timestamp":1624720677,"route_id":"210","id":"1637","run_id":"210_286_1","predictable":true,"seconds_since_report":23,"heading":179.0,"latitude":33.9870763,"longitude":-118.3310565}
{"timestamp":1624720677,"route_id":"115","id":"1649","run_id":"115_503_1","predictable":true,"seconds_since_report":22,"heading":268.0,"latitude":33.9600927,"longitude":-118.3406563}
{"timestamp":1624720677,"route_id":"115","id":"1656","run_id":"115_472_1","predictable":true,"seconds_since_report":75,"heading":285.0,"latitude":33.9556592,"longitude":-118.2198087}
{"timestamp":1624720677,"route_id":"105","id":"3859","run_id":"105_250_1","predictable":true,"seconds_since_report":22,"heading":90.0,"latitude":34.0036903,"longitude":-118.3206012}
{"timestamp":1624720677,"route_id":"92","id":"1694","run_id":"92_249_0","predictable":true,"seconds_since_report":260,"heading":45.0,"latitude":34.042664,"longitude":-118.253342}
{"timestamp":1624720677,"route_id":"260","id":"5639","run_id":"260_270_1","predictable":true,"seconds_since_report":75,"heading":217.0,"latitude":34.0330248,"longitude":-118.1531528}
{"timestamp":1624720677,"route_id":"10","id":"5653","run_id":"10_613_0","predictable":true,"seconds_since_report":181,"heading":220.0,"latitude":34.08614,"longitude":-118.382126}
{"timestamp":1624720677,"route_id":"52","id":"6109","run_id":"52_212_1","predictable":true,"seconds_since_report":49,"heading":213.0,"latitude":34.0360705,"longitude":-118.251676}
{"timestamp":1624720677,"route_id":"40","id":"8304","run_id":"40_901_0","predictable":true,"seconds_since_report":49,"heading":360.0,"latitude":33.994896,"longitude":-118.330666}
{"timestamp":1624720677,"route_id":"45","id":"8786","run_id":"45_586_1","predictable":true,"seconds_since_report":22,"heading":208.0,"latitude":34.0242665,"longitude":-118.2705373}
{"timestamp":1624720677,"route_id":"70","id":"6135","run_id":"70_265_1","predictable":true,"seconds_since_report":49,"heading":271.0,"latitude":34.0627018,"longitude":-118.0975397}
{"timestamp":1624720677,"route_id":"234","id":"8333","run_id":"234_65_1","predictable":true,"seconds_since_report":22,"heading":154.0,"latitude":34.0736842,"longitude":-118.4686763}
{"timestamp":1624720677,"route_id":"40","id":"8327","run_id":"40_903_1","predictable":true,"seconds_since_report":22,"heading":282.0,"latitude":34.057013,"longitude":-118.2333115}
{"timestamp":1624720677,"route_id":"252","id":"1726","run_id":"252_82_1","predictable":true,"seconds_since_report":128,"heading":204.0,"latitude":34.065622,"longitude":-118.1965512}
{"timestamp":1624720677,"route_id":"165","id":"1739","run_id":"165_196_1","predictable":true,"seconds_since_report":49,"heading":270.0,"latitude":34.1939787,"longitude":-118.4765252}
{"timestamp":1624720677,"route_id":"115","id":"1747","run_id":"115_492_0","predictable":true,"seconds_since_report":102,"heading":89.0,"latitude":33.9598192,"longitude":-118.3912378}
{"timestamp":1624720677,"route_id":"16","id":"3948","run_id":"16_379_0","predictable":true,"seconds_since_report":22,"heading":220.0,"latitude":34.076019,"longitude":-118.37944}
{"timestamp":1624720677,"route_id":"53","id":"3943","run_id":"53_198_0","predictable":true,"seconds_since_report":22,"heading":360.0,"latitude":34.0016413,"longitude":-118.2564302}
{"timestamp":1624720677,"route_id":"52","id":"3957","run_id":"52_265_0","predictable":true,"seconds_since_report":181,"heading":345.0,"latitude":33.9364009,"longitude":-118.265175}
{"timestamp":1624720677,"route_id":"212","id":"3981","run_id":"212_216_0","predictable":true,"seconds_since_report":49,"heading":356.0,"latitude":33.974536,"longitude":-118.3575435}
{"timestamp":1624720677,"route_id":"92","id":"3974","run_id":"92_249_0","predictable":true,"seconds_since_report":22,"heading":220.0,"latitude":34.039665,"longitude":-118.257607}
{"timestamp":1624720677,"route_id":"217","id":"3995","run_id":"217_191_1","predictable":true,"seconds_since_report":23,"heading":201.0,"latitude":34.0343767,"longitude":-118.370045}
{"timestamp":1624720677,"route_id":"212","id":"5714","run_id":"212_216_0","predictable":true,"seconds_since_report":22,"heading":360.0,"latitude":34.068169,"longitude":-118.3439815}
{"timestamp":1624720677,"route_id":"96","id":"3101","run_id":"96_249_0","predictable":true,"seconds_since_report":23,"heading":41.0,"latitude":34.0333583,"longitude":-118.2648788}
{"timestamp":1624720677,"route_id":"206","id":"5756","run_id":"206_176_0","predictable":true,"seconds_since_report":22,"heading":357.0,"latitude":34.0730135,"longitude":-118.3003583}
{"timestamp":1624720677,"route_id":"167","id":"3122","run_id":"167_98_0","predictable":true,"seconds_since_report":23,"heading":91.0,"latitude":34.2426957,"longitude":-118.5830122}
{"timestamp":1624720677,"route_id":"167","id":"3115","run_id":"167_96_1","predictable":true,"seconds_since_report":22,"heading":354.0,"latitude":34.170418,"longitude":-118.4138765}
{"timestamp":1624720677,"route_id":"256","id":"3136","run_id":"256_66_1","predictable":true,"seconds_since_report":22,"heading":272.0,"latitude":34.1358532,"longitude":-118.148017}
{"timestamp":1624720677,"route_id":"40","id":"8828","run_id":"40_903_1","predictable":true,"seconds_since_report":22,"heading":269.0,"latitude":34.0108978,"longitude":-118.3215775}
{"timestamp":1624720677,"route_id":"4","id":"4000","run_id":"4_283_1","predictable":true,"seconds_since_report":155,"heading":231.0,"latitude":34.084076,"longitude":-118.385468}
{"timestamp":1624720677,"route_id":"501","id":"4023","run_id":"501_8_0","predictable":true,"seconds_since_report":75,"heading":266.0,"latitude":34.1681503,"longitude":-118.3746482}
{"timestamp":1624720677,"route_id":"60","id":"4042","run_id":"60_152_0","predictable":true,"seconds_since_report":22,"heading":303.0,"latitude":34.0475793,"longitude":-118.2498337}
{"timestamp":1624720677,"route_id":"200","id":"4056","run_id":"200_43_1","predictable":true,"seconds_since_report":23,"heading":297.0,"latitude":34.0770749,"longitude":-118.2578961}
{"timestamp":1624720677,"route_id":"200","id":"4075","run_id":"200_43_1","predictable":true,"seconds_since_report":49,"heading":207.0,"latitude":34.0516277,"longitude":-118.2800058}
{"timestamp":1624720677,"route_id":"268","id":"4080","run_id":"268_138_1","predictable":true,"seconds_since_report":23,"heading":183.0,"latitude":34.1592368,"longitude":-118.0529484}
{"timestamp":1624720677,"route_id":"78","id":"1808","run_id":"78_411_1","predictable":true,"seconds_since_report":22,"heading":262.0,"latitude":34.1034063,"longitude":-118.095163}
{"timestamp":1624720677,"route_id":"950","id":"8463","run_id":"950_209_1","predictable":true,"seconds_since_report":22,"heading":240.0,"latitude":34.0568253,"longitude":-118.1825557}
{"timestamp":1624720677,"route_id":"4","id":"8468","run_id":"4_282_1","predictable":true,"seconds_since_report":22,"heading":42.0,"latitude":34.0604538,"longitude":-118.2440673}
{"timestamp":1624720677,"route_id":"207","id":"8477","run_id":"207_284_0","predictable":true,"seconds_since_report":22,"heading":360.0,"latitude":34.0507557,"longitude":-118.3089892}
{"timestamp":1624720677,"route_id":"267","id":"1834","run_id":"267_75_0","predictable":true,"seconds_since_report":22,"heading":290.0,"latitude":34.0769692,"longitude":-118.047434}
{"timestamp":1624720677,"route_id":"687","id":"1841","run_id":"687_50_1","predictable":true,"seconds_since_report":23,"heading":183.0,"latitude":34.149799,"longitude":-118.1415338}
