{"timestamp":1624720692,"route_id":"92","id":"5829","run_id":"92_249_0","predictable":true,"seconds_since_report":6,"heading":319.0,"latitude":34.233699,"longitude":-118.3703947}
{"timestamp":1624720692,"route_id":"161","id":"4109","run_id":"161_93_0","predictable":true,"seconds_since_report":6,"heading":220.0,"latitude":34.1539428,"longitude":-118.8276398}
{"timestamp":1624720692,"route_id":"70","id":"4116","run_id":"70_265_1","predictable":true,"seconds_since_report":6,"heading":179.0,"latitude":34.0701491,"longitude":-118.0422928}
{"timestamp":1624720692,"route_id":"76","id":"4168","run_id":"76_182_1","predictable":true,"seconds_since_report":218,"heading":220.0,"latitude":34.072418,"longitude":-118.04422}
{"timestamp":1624720692,"route_id":"28","id":"8528","run_id":"28_603_0","predictable":true,"seconds_since_report":6,"heading":89.0,"latitude":34.0525587,"longitude":-118.2990553}
{"timestamp":1624720692,"route_id":"33","id":"4182","run_id":"33_537_1","predictable":true,"seconds_since_report":6,"heading":270.0,"latitude":34.043571,"longitude":-118.31749}
{"timestamp":1624720692,"route_id":"601","id":"4196","run_id":"601_1_0","predictable":true,"seconds_since_report":6,"heading":267.0,"latitude":34.1793117,"longitude":-118.5977469}
{"timestamp":1624720692,"route_id":"28","id":"8561","run_id":"28_611_1","predictable":true,"seconds_since_report":138,"heading":180.0,"latitude":34.113998,"longitude":-118.236465}
{"timestamp":1624720692,"route_id":"204","id":"8102","run_id":"204_115_0","predictable":true,"seconds_since_report":85,"heading":360.0,"latitude":33.9696782,"longitude":-118.2915467}
{"timestamp":1624720692,"route_id":"152","id":"8580","run_id":"152_159_0","predictable":true,"seconds_since_report":32,"heading":89.0,"latitude":34.2203963,"longitude":-118.5539382}
{"timestamp":1624720692,"route_id":"204","id":"9441","run_id":"204_115_0","predictable":true,"seconds_since_report":59,"heading":360.0,"latitude":34.055779,"longitude":-118.291626}
{"timestamp":1624720692,"route_id":"152","id":"8135","run_id":"152_159_0","predictable":true,"seconds_since_report":6,"heading":180.0,"latitude":34.1951814,"longitude":-118.370417}
{"timestamp":1624720692,"route_id":"30","id":"8140","run_id":"30_771_0","predictable":true,"seconds_since_report":6,"heading":26.0,"latitude":34.0331085,"longitude":-118.1944952}
{"timestamp":1624720692,"route_id":"130","id":"1508","run_id":"130_88_0","predictable":true,"seconds_since_report":218,"heading":45.0,"latitude":33.863583,"longitude":-118.398483}
{"timestamp":1624720692,"route_id":"733","id":"9488","run_id":"733_100_1","predictable":true,"seconds_since_report":59,"heading":208.0,"latitude":34.036476,"longitude":-118.260361}
{"timestamp":1624720692,"route_id":"45","id":"9483","run_id":"45_586_1","predictable":true,"seconds_since_report":33,"heading":231.0,"latitude":34.0550043,"longitude":-118.2427075}
{"timestamp":1624720692,"route_id":"205","id":"1517","run_id":"205_85_1","predictable":true,"seconds_since_report":138,"heading":346.0,"latitude":33.848129,"longitude":-118.264648}
{"timestamp":1624720692,"route_id":"83","id":"5938","run_id":"83_121_0","predictable":true,"seconds_since_report":6,"heading":22.0,"latitude":34.0612572,"longitude":-118.2388372}
{"timestamp":1624720692,"route_id":"60","id":"5933","run_id":"60_151_1","predictable":true,"seconds_since_report":6,"heading":127.0,"latitude":34.0390957,"longitude":-118.2402233}
{"timestamp":1624720692,"route_id":"234","id":"5946","run_id":"234_65_1","predictable":true,"seconds_since_report":6,"heading":230.0,"latitude":34.1477197,"longitude":-118.4710655}
{"timestamp":1624720692,"route_id":"212","id":"5971","run_id":"212_213_1","predictable":true,"seconds_since_report":6,"heading":178.0,"latitude":34.0185187,"longitude":-118.3557127}
{"timestamp":1624720692,"route_id":"901","id":"19520","run_id":"901_57_1","predictable":true,"seconds_since_report":59,"heading":270.0,"latitude":34.168503,"longitude":-118.416153}
{"timestamp":1624720692,"route_id":"901","id":"19534","run_id":"901_59_0","predictable":true,"seconds_since_report":59,"heading":90.0,"latitude":34.186184,"longitude":-118.483902}
{"timestamp":1624720692,"route_id":"111","id":"8610","run_id":"111_335_1","predictable":true,"seconds_since_report":6,"heading":301.0,"latitude":33.9440628,"longitude":-118.110204}
{"timestamp":1624720692,"route_id":"117","id":"8633","run_id":"117_72_1","predictable":true,"seconds_since_report":6,"heading":270.0,"latitude":33.9455685,"longitude":-118.3251952}
{"timestamp":1624720692,"route_id":"111","id":"8638","run_id":"111_347_1","predictable":true,"seconds_since_report":6,"heading":270.0,"latitude":33.9526437,"longitude":-118.3855758}
{"timestamp":1624720692,"route_id":"704","id":"9506","run_id":"704_149_1","predictable":true,"seconds_since_report":6,"heading":301.0,"latitude":34.0795176,"longitude":-118.2688005}
{"timestamp":1624720692,"route_id":"60","id":"6014","run_id":"60_151_1","predictable":true,"seconds_since_report":32,"heading":25.0,"latitude":34.0614739,"longitude":-118.246887}
{"timestamp":1624720692,"route_id":"733","id":"9525","run_id":"733_100_1","predictable":true,"seconds_since_report":32,"heading":255.0,"latitude":34.045689,"longitude":-118.34774}
{"timestamp":1624720692,"route_id":"210","id":"6037","run_id":"210_286_1","predictable":true,"seconds_since_report":86,"heading":238.0,"latitude":33.8745707,"longitude":-118.3522085}
