{"timestamp":1624720677,"route_id":"18","id":"5810","run_id":"18_248_1","predictable":true,"seconds_since_report":49,"heading":360.0,"latitude":34.037849,"longitude":-118.238495}
{"timestamp":1624720677,"route_id":"181","id":"5833","run_id":"181_191_0","predictable":true,"seconds_since_report":128,"heading":360.0,"latitude":34.135254,"longitude":-118.258163}
{"timestamp":1624720677,"route_id":"158","id":"4113","run_id":"158_46_0","predictable":true,"seconds_since_report":23,"heading":360.0,"latitude":34.2536739,"longitude":-118.5988569}
{"timestamp":1624720677,"route_id":"602","id":"4166","run_id":"602_2_0","predictable":true,"seconds_since_report":23,"heading":142.0,"latitude":34.0680125,"longitude":-118.4629274}
{"timestamp":1624720677,"route_id":"251","id":"8526","run_id":"251_151_0","predictable":true,"seconds_since_report":22,"heading":29.0,"latitude":34.037787,"longitude":-118.2135168}
{"timestamp":1624720677,"route_id":"28","id":"8553","run_id":"28_605_1","predictable":true,"seconds_since_report":49,"heading":276.0,"latitude":34.0594718,"longitude":-118.397383}
{"timestamp":1624720677,"route_id":"68","id":"4193","run_id":"68_144_0","predictable":true,"seconds_since_report":23,"heading":90.0,"latitude":34.0405804,"longitude":-118.1604696}
{"timestamp":1624720677,"route_id":"81","id":"8564","run_id":"81_260_0","predictable":true,"seconds_since_report":22,"heading":359.0,"latitude":33.946247,"longitude":-118.282591}
{"timestamp":1624720677,"route_id":"18","id":"1927","run_id":"18_250_0","predictable":true,"seconds_since_report":22,"heading":87.0,"latitude":34.0636871,"longitude":-118.2845785}
{"timestamp":1624720677,"route_id":"28","id":"8570","run_id":"28_603_0","predictable":true,"seconds_since_report":23,"heading":98.0,"latitude":34.0592758,"longitude":-118.3735618}
{"timestamp":1624720677,"route_id":"260","id":"8151","run_id":"260_261_0","predictable":true,"seconds_since_report":234,"heading":187.0,"latitude":33.8753637,"longitude":-118.2231942}
{"timestamp":1624720677,"route_id":"232","id":"1512","run_id":"232_87_0","predictable":true,"seconds_since_report":23,"heading":256.0,"latitude":33.7826857,"longitude":-118.1990425}
{"timestamp":1624720677,"route_id":"232","id":"1519","run_id":"232_87_0","predictable":true,"seconds_since_report":22,"heading":225.0,"latitude":33.773907,"longitude":-118.190834}
{"timestamp":1624720677,"route_id":"232","id":"1531","run_id":"232_84_1","predictable":true,"seconds_since_report":181,"heading":220.0,"latitude":33.949795,"longitude":-118.392685}
{"timestamp":1624720677,"route_id":"232","id":"1550","run_id":"232_84_1","predictable":true,"seconds_since_report":22,"heading":167.0,"latitude":33.8572347,"longitude":-118.3909637}
{"timestamp":1624720677,"route_id":"205","id":"1567","run_id":"205_84_0","predictable":true,"seconds_since_report":49,"heading":356.0,"latitude":33.8956303,"longitude":-118.2374913}
{"timestamp":1624720677,"route_id":"207","id":"5929","run_id":"207_284_0","predictable":true,"seconds_since_report":22,"heading":360.0,"latitude":34.016647,"longitude":-118.308868}
{"timestamp":1624720677,"route_id":"200","id":"5936","run_id":"200_40_0","predictable":true,"seconds_since_report":208,"heading":228.0,"latitude":34.011505,"longitude":-118.280289}
{"timestamp":1624720677,"route_id":"102","id":"5943","run_id":"102_66_0","predictable":true,"seconds_since_report":22,"heading":355.0,"latitude":34.0168877,"longitude":-118.308879}
{"timestamp":1624720677,"route_id":"206","id":"5995","run_id":"206_172_1","predictable":true,"seconds_since_report":76,"heading":182.0,"latitude":33.974824,"longitude":-118.3003932}
{"timestamp":1624720677,"route_id":"164","id":"8615","run_id":"164_61_1","predictable":true,"seconds_since_report":22,"heading":269.0,"latitude":34.1867205,"longitude":-118.4588832}
{"timestamp":1624720677,"route_id":"94","id":"8629","run_id":"94_250_0","predictable":true,"seconds_since_report":75,"heading":319.0,"latitude":34.2516652,"longitude":-118.406749}
{"timestamp":1624720677,"route_id":"207","id":"9508","run_id":"207_284_0","predictable":true,"seconds_since_report":23,"heading":360.0,"latitude":34.0868137,"longitude":-118.3090583}
{"timestamp":1624720677,"route_id":"240","id":"8203","run_id":"240_177_1","predictable":true,"seconds_since_report":23,"heading":286.0,"latitude":34.1627117,"longitude":-118.5192357}
{"timestamp":1624720677,"route_id":"16","id":"6032","run_id":"16_378_0","predictable":true,"seconds_since_report":23,"heading":97.0,"latitude":34.0730272,"longitude":-118.3735305}
{"timestamp":1624720677,"route_id":"207","id":"9541","run_id":"207_271_1","predictable":true,"seconds_since_report":155,"heading":180.0,"latitude":34.082977,"longitude":-118.309265}
{"timestamp":1624720677,"route_id":"152","id":"8220","run_id":"152_126_1","predictable":true,"seconds_since_report":49,"heading":270.0,"latitude":34.2216732,"longitude":-118.4465897}
{"timestamp":1624720677,"route_id":"45","id":"9583","run_id":"45_586_1","predictable":true,"seconds_since_report":22,"heading":183.0,"latitude":33.9410742,"longitude":-118.2783473}
{"timestamp":1624720677,"route_id":"115","id":"1635","run_id":"115_492_0","predictable":true,"seconds_since_report":23,"heading":96.0,"latitude":33.9530677,"longitude":-118.1951357}
{"timestamp":1624720677,"route_id":"111","id":"1682","run_id":"111_345_1","predictable":true,"seconds_since_report":22,"heading":271.0,"latitude":33.9748277,"longitude":-118.2645338}
{"timestamp":1624720677,"route_id":"92","id":"1677","run_id":"92_256_1","predictable":true,"seconds_since_report":22,"heading":139.0,"latitude":34.2317622,"longitude":-118.368527}
{"timestamp":1624720677,"route_id":"344","id":"1689","run_id":"344_47_0","predictable":true,"seconds_since_report":49,"heading":94.0,"latitude":33.779129,"longitude":-118.385437}
{"timestamp":1624720677,"route_id":"51","id":"3873","run_id":"51_213_1","predictable":true,"seconds_since_report":23,"heading":354.0,"latitude":33.894177,"longitude":-118.220164}
{"timestamp":1624720677,"route_id":"52","id":"3878","run_id":"52_265_0","predictable":true,"seconds_since_report":22,"heading":174.0,"latitude":33.8629652,"longitude":-118.2815638}
{"timestamp":1624720677,"route_id":"68","id":"3892","run_id":"68_151_1","predictable":true,"seconds_since_report":22,"heading":297.0,"latitude":34.0478758,"longitude":-118.2100793}
{"timestamp":1624720677,"route_id":"20","id":"3886","run_id":"20_730_1","predictable":true,"seconds_since_report":102,"heading":249.0,"latitude":34.0575537,"longitude":-118.4488057}
{"timestamp":1624720677,"route_id":"950","id":"8710","run_id":"950_212_0","predictable":true,"seconds_since_report":102,"heading":29.0,"latitude":34.0341562,"longitude":-118.2721275}
{"timestamp":1624720677,"route_id":"30","id":"5679","run_id":"30_771_0","predictable":true,"seconds_since_report":23,"heading":122.0,"latitude":34.0376105,"longitude":-118.2620038}
{"timestamp":1624720677,"route_id":"704","id":"8733","run_id":"704_169_0","predictable":true,"seconds_since_report":22,"heading":99.0,"latitude":34.0925202,"longitude":-118.2808015}
{"timestamp":1624720677,"route_id":"720","id":"8738","run_id":"720_1207_0","predictable":true,"seconds_since_report":22,"heading":89.0,"latitude":34.0669975,"longitude":-118.4097425}
{"timestamp":1624720677,"route_id":"720","id":"8765","run_id":"720_1212_0","predictable":true,"seconds_since_report":181,"heading":220.0,"latitude":34.056606,"longitude":-118.446899}
{"timestamp":1624720677,"route_id":"45","id":"8771","run_id":"45_585_0","predictable":true,"seconds_since_report":22,"heading":360.0,"latitude":33.9820017,"longitude":-118.278264}
{"timestamp":1624720677,"route_id":"51","id":"6114","run_id":"51_213_1","predictable":true,"seconds_since_report":22,"heading":224.0,"latitude":34.0376525,"longitude":-118.250061}
{"timestamp":1624720677,"route_id":"45","id":"8790","run_id":"45_583_1","predictable":true,"seconds_since_report":49,"heading":180.0,"latitude":33.986122,"longitude":-118.27845}
{"timestamp":1624720677,"route_id":"204","id":"8306","run_id":"204_115_0","predictable":true,"seconds_since_report":22,"heading":0.0,"latitude":33.9874275,"longitude":-118.2914175}
{"timestamp":1624720677,"route_id":"70","id":"6149","run_id":"70_265_1","predictable":true,"seconds_since_report":23,"heading":282.0,"latitude":34.0571718,"longitude":-118.2338817}
{"timestamp":1624720677,"route_id":"180","id":"1724","run_id":"180_198_0","predictable":true,"seconds_since_report":22,"heading":360.0,"latitude":34.146336,"longitude":-118.132164}
{"timestamp":1624720677,"route_id":"20","id":"1745","run_id":"20_723_1","predictable":true,"seconds_since_report":181,"heading":274.0,"latitude":34.062519,"longitude":-118.355415}
{"timestamp":1624720677,"route_id":"460","id":"3920","run_id":"460_191_1","predictable":true,"seconds_since_report":23,"heading":303.0,"latitude":33.8391949,"longitude":-117.9473512}
{"timestamp":1624720677,"route_id":"245","id":"1751","run_id":"245_61_1","predictable":true,"seconds_since_report":49,"heading":1.0,"latitude":34.2189873,"longitude":-118.6058883}
{"timestamp":1624720677,"route_id":"158","id":"1766","run_id":"158_53_1","predictable":true,"seconds_since_report":155,"heading":360.0,"latitude":34.203152,"longitude":-118.431229}
{"timestamp":1624720677,"route_id":"222","id":"3955","run_id":"222_67_1","predictable":true,"seconds_since_report":22,"heading":271.0,"latitude":34.2596082,"longitude":-118.3330887}
{"timestamp":1624720677,"route_id":"115","id":"1787","run_id":"115_503_1","predictable":true,"seconds_since_report":23,"heading":270.0,"latitude":33.9599588,"longitude":-118.382267}
{"timestamp":1624720677,"route_id":"200","id":"3962","run_id":"200_43_1","predictable":true,"seconds_since_report":22,"heading":211.0,"latitude":34.0634702,"longitude":-118.2724738}
{"timestamp":1624720677,"route_id":"237","id":"3976","run_id":"237_16_0","predictable":true,"seconds_since_report":49,"heading":278.0,"latitude":34.088943,"longitude":-118.338333}
{"timestamp":1624720677,"route_id":"603","id":"3988","run_id":"603_27_1","predictable":true,"seconds_since_report":49,"heading":165.0,"latitude":34.0995599,"longitude":-118.250198}
{"timestamp":1624720677,"route_id":"155","id":"3997","run_id":"155_34_0","predictable":true,"seconds_since_report":49,"heading":347.0,"latitude":34.1420626,"longitude":-118.3608505}
{"timestamp":1624720677,"route_id":"266","id":"5735","run_id":"266_27_0","predictable":true,"seconds_since_report":23,"heading":359.0,"latitude":34.080406,"longitude":-118.0731183}
{"timestamp":1624720677,"route_id":"206","id":"5763","run_id":"206_176_0","predictable":true,"seconds_since_report":22,"heading":270.0,"latitude":33.9310792,"longitude":-118.2923153}
{"timestamp":1624720677,"route_id":"108","id":"5754","run_id":"108_403_1","predictable":true,"seconds_since_report":23,"heading":242.0,"latitude":33.9814682,"longitude":-118.409038}
{"timestamp":1624720677,"route_id":"206","id":"5768","run_id":"206_172_1","predictable":true,"seconds_since_report":22,"heading":270.0,"latitude":34.101826,"longitude":-118.2992683}
{"timestamp":1624720677,"route_id":"45","id":"8802","run_id":"45_582_0","predictable":true,"seconds_since_report":22,"heading":37.0,"latitude":34.0393582,"longitude":-118.2592163}
{"timestamp":1624720677,"route_id":"45","id":"8821","run_id":"45_586_1","predictable":true,"seconds_since_report":22,"heading":269.0,"latitude":34.0739007,"longitude":-118.2048645}
{"timestamp":1624720677,"route_id":"105","id":"5789","run_id":"105_253_0","predictable":true,"seconds_since_report":49,"heading":354.0,"latitude":34.0083697,"longitude":-118.3350492}
{"timestamp":1624720677,"route_id":"66","id":"8816","run_id":"66_392_0","predictable":true,"seconds_since_report":234,"heading":90.0,"latitude":34.018822,"longitude":-118.179268}
{"timestamp":1624720677,"route_id":"60","id":"4035","run_id":"60_152_0","predictable":true,"seconds_since_report":22,"heading":356.0,"latitude":33.921144,"longitude":-118.2095315}
{"timestamp":1624720677,"route_id":"105","id":"4040","run_id":"105_253_0","predictable":true,"seconds_since_report":23,"heading":256.0,"latitude":34.0906463,"longitude":-118.3811678}
{"timestamp":1624720677,"route_id":"60","id":"4054","run_id":"60_151_1","predictable":true,"seconds_since_report":23,"heading":167.0,"latitude":33.877953,"longitude":-118.2039243}
{"timestamp":1624720677,"route_id":"20","id":"8414","run_id":"20_729_0","predictable":true,"seconds_since_report":23,"heading":70.0,"latitude":34.0583373,"longitude":-118.4451458}
{"timestamp":1624720677,"route_id":"60","id":"4082","run_id":"60_151_1","predictable":true,"seconds_since_report":23,"heading":270.0,"latitude":33.8743275,"longitude":-118.2109712}
{"timestamp":1624720677,"route_id":"111","id":"8437","run_id":"111_342_0","predictable":true,"seconds_since_report":49,"heading":90.0,"latitude":33.974491,"longitude":-118.304802}
{"timestamp":1624720677,"route_id":"70","id":"1815","run_id":"70_265_1","predictable":true,"seconds_since_report":49,"heading":124.0,"latitude":34.033394,"longitude":-118.265144}
{"timestamp":1624720677,"route_id":"264","id":"1829","run_id":"264_84_1","predictable":true,"seconds_since_report":102,"heading":171.0,"latitude":34.1499393,"longitude":-118.0986145}
{"timestamp":1624720677,"route_id":"115","id":"8475","run_id":"115_502_0","predictable":true,"seconds_since_report":22,"heading":157.0,"latitude":33.9309932,"longitude":-118.435056}
{"timestamp":1624720677,"route_id":"78","id":"1836","run_id":"78_496_0","predictable":true,"seconds_since_report":75,"heading":89.0,"latitude":34.1034107,"longitude":-118.0763177}
{"timestamp":1624720677,"route_id":"76","id":"1843","run_id":"76_183_0","predictable":true,"seconds_since_report":23,"heading":82.0,"latitude":34.0806308,"longitude":-118.0772413}
{"timestamp":1624720677,"route_id":"53","id":"1860","run_id":"53_198_0","predictable":true,"seconds_since_report":23,"heading":349.0,"latitude":33.8950615,"longitude":-118.2515827}
{"timestamp":1624720677,"route_id":"83","id":"1881","run_id":"83_121_0","predictable":true,"seconds_since_report":22,"heading":220.0,"latitude":34.033367,"longitude":-118.265602}
{"timestamp":1624720677,"route_id":"268","id":"5804","run_id":"268_136_0","predictable":true,"seconds_since_report":155,"heading":270.0,"latitude":34.169189,"longitude":-118.107323}
