{"timestamp":1624720692,"route_id":"165","id":"4010","run_id":"165_196_1","predictable":true,"seconds_since_report":6,"heading":225.0,"latitude":34.194958,"longitude":-118.656967}
{"timestamp":1624720692,"route_id":"105","id":"4027","run_id":"105_250_1","predictable":true,"seconds_since_report":59,"heading":102.0,"latitude":34.0039092,"longitude":-118.2393613}
{"timestamp":1624720692,"route_id":"534","id":"8406","run_id":"534_152_0","predictable":true,"seconds_since_report":6,"heading":83.0,"latitude":34.0343092,"longitude":-118.7088485}
{"timestamp":1624720692,"route_id":"79","id":"4065","run_id":"79_501_0","predictable":true,"seconds_since_report":6,"heading":94.0,"latitude":34.0852232,"longitude":-118.1808992}
{"timestamp":1624720692,"route_id":"94","id":"4071","run_id":"94_246_1","predictable":true,"seconds_since_report":6,"heading":129.0,"latitude":34.1657721,"longitude":-118.2882118}
{"timestamp":1624720692,"route_id":"487","id":"1807","run_id":"487_110_0","predictable":true,"seconds_since_report":33,"heading":180.0,"latitude":34.1514158,"longitude":-118.0317853}
{"timestamp":1624720692,"route_id":"686","id":"1818","run_id":"686_51_1","predictable":true,"seconds_since_report":138,"heading":220.0,"latitude":34.178814,"longitude":-118.113251}
{"timestamp":1624720692,"route_id":"534","id":"8467","run_id":"534_153_1","predictable":true,"seconds_since_report":6,"heading":272.0,"latitude":34.034,"longitude":-118.7184585}
{"timestamp":1624720692,"route_id":"70","id":"1824","run_id":"70_258_0","predictable":true,"seconds_since_report":6,"heading":37.0,"latitude":34.0464429,"longitude":-118.2556505}
{"timestamp":1624720692,"route_id":"232","id":"1872","run_id":"232_87_0","predictable":true,"seconds_since_report":6,"heading":268.0,"latitude":33.7910984,"longitude":-118.2918293}
{"timestamp":1624720692,"route_id":"81","id":"1887","run_id":"81_256_0","predictable":true,"seconds_since_report":112,"heading":350.0,"latitude":33.927574,"longitude":-118.281891}
{"timestamp":1624720692,"route_id":"206","id":"1893","run_id":"206_172_1","predictable":true,"seconds_since_report":6,"heading":220.0,"latitude":34.095654,"longitude":-118.291695}
