{"timestamp":1624720692,"route_id":"16","id":"5844","run_id":"16_379_0","predictable":true,"seconds_since_report":33,"heading":89.0,"latitude":34.0688735,"longitude":-118.3396377}
{"timestamp":1624720692,"route_id":"60","id":"5878","run_id":"60_151_1","predictable":true,"seconds_since_report":32,"heading":153.0,"latitude":33.9547818,"longitude":-118.2198342}
{"timestamp":1624720692,"route_id":"206","id":"5886","run_id":"206_172_1","predictable":true,"seconds_since_report":112,"heading":359.0,"latitude":33.924385,"longitude":-118.291527}
{"timestamp":1624720692,"route_id":"108","id":"5899","run_id":"108_313_0","predictable":true,"seconds_since_report":33,"heading":356.0,"latitude":33.9878677,"longitude":-118.3949165}
{"timestamp":1624720692,"route_id":"90","id":"4111","run_id":"90_334_0","predictable":true,"seconds_since_report":6,"heading":318.0,"latitude":34.0862624,"longitude":-118.2250782}
{"timestamp":1624720692,"route_id":"161","id":"4105","run_id":"161_94_1","predictable":true,"seconds_since_report":59,"heading":250.0,"latitude":34.1669999,"longitude":-118.6205141}
{"timestamp":1624720692,"route_id":"180","id":"4170","run_id":"180_189_1","predictable":true,"seconds_since_report":6,"heading":267.0,"latitude":34.139485,"longitude":-118.2049384}
{"timestamp":1624720692,"route_id":"28","id":"8551","run_id":"28_603_0","predictable":true,"seconds_since_report":33,"heading":36.0,"latitude":34.0476529,"longitude":-118.252587}
{"timestamp":1624720692,"route_id":"66","id":"9446","run_id":"66_385_1","predictable":true,"seconds_since_report":165,"heading":300.0,"latitude":34.033699,"longitude":-118.246201}
{"timestamp":1624720692,"route_id":"28","id":"8593","run_id":"28_603_0","predictable":true,"seconds_since_report":6,"heading":9.0,"latitude":34.1355188,"longitude":-118.2150902}
{"timestamp":1624720692,"route_id":"260","id":"8158","run_id":"260_268_1","predictable":true,"seconds_since_report":6,"heading":90.0,"latitude":34.1040628,"longitude":-118.1497633}
{"timestamp":1624720692,"route_id":"150","id":"8153","run_id":"150_176_1","predictable":true,"seconds_since_report":6,"heading":281.0,"latitude":34.1528362,"longitude":-118.4596913}
{"timestamp":1624720692,"route_id":"130","id":"1510","run_id":"130_90_1","predictable":true,"seconds_since_report":6,"heading":269.0,"latitude":33.8747692,"longitude":-118.1610922}
{"timestamp":1624720692,"route_id":"125","id":"1533","run_id":"125_150_1","predictable":true,"seconds_since_report":6,"heading":270.0,"latitude":33.9020643,"longitude":-118.2736832}
{"timestamp":1624720692,"route_id":"207","id":"5908","run_id":"207_271_1","predictable":true,"seconds_since_report":6,"heading":270.0,"latitude":33.9237933,"longitude":-118.3209792}
{"timestamp":1624720692,"route_id":"212","id":"5917","run_id":"212_216_0","predictable":true,"seconds_since_report":6,"heading":360.0,"latitude":33.953995,"longitude":-118.3438495}
{"timestamp":1624720692,"route_id":"230","id":"1571","run_id":"230_83_0","predictable":true,"seconds_since_report":6,"heading":315.0,"latitude":34.2716577,"longitude":-118.445661}
{"timestamp":1624720692,"route_id":"180","id":"5955","run_id":"180_198_0","predictable":true,"seconds_since_report":6,"heading":360.0,"latitude":34.1066395,"longitude":-118.291746}
{"timestamp":1624720692,"route_id":"45","id":"5962","run_id":"45_582_0","predictable":true,"seconds_since_report":6,"heading":227.0,"latitude":33.9020795,"longitude":-118.2691687}
{"timestamp":1624720692,"route_id":"105","id":"5988","run_id":"105_250_1","predictable":true,"seconds_since_report":6,"heading":90.0,"latitude":34.0039337,"longitude":-118.2445015}
{"timestamp":1624720692,"route_id":"18","id":"5997","run_id":"18_249_0","predictable":true,"seconds_since_report":6,"heading":101.0,"latitude":34.0203532,"longitude":-118.1574912}
{"timestamp":1624720692,"route_id":"901","id":"19527","run_id":"901_55_0","predictable":true,"seconds_since_report":85,"heading":75.0,"latitude":34.180603,"longitude":-118.445259}
{"timestamp":1624720692,"route_id":"901","id":"19538","run_id":"901_55_0","predictable":true,"seconds_since_report":138,"heading":220.0,"latitude":34.186844,"longitude":-118.570206}
{"timestamp":1624720692,"route_id":"117","id":"8617","run_id":"117_68_0","predictable":true,"seconds_since_report":6,"heading":101.0,"latitude":33.9295495,"longitude":-118.1654642}
{"timestamp":1624720692,"route_id":"40","id":"8641","run_id":"40_903_1","predictable":true,"seconds_since_report":6,"heading":184.0,"latitude":33.9346293,"longitude":-118.352772}
{"timestamp":1624720692,"route_id":"754","id":"9501","run_id":"754_97_0","predictable":true,"seconds_since_report":112,"heading":184.0,"latitude":33.9917358,"longitude":-118.3189702}
{"timestamp":1624720692,"route_id":"200","id":"6013","run_id":"200_40_0","predictable":true,"seconds_since_report":6,"heading":356.0,"latitude":34.0401252,"longitude":-118.284045}
{"timestamp":1624720692,"route_id":"10","id":"6024","run_id":"10_597_1","predictable":true,"seconds_since_report":6,"heading":285.0,"latitude":34.073326,"longitude":-118.27668}
{"timestamp":1624720692,"route_id":"35","id":"6018","run_id":"35_200_1","predictable":true,"seconds_since_report":6,"heading":60.0,"latitude":34.041004,"longitude":-118.3565023}
{"timestamp":1624720692,"route_id":"754","id":"9529","run_id":"754_97_0","predictable":true,"seconds_since_report":112,"heading":357.0,"latitude":34.0835,"longitude":-118.291664}
{"timestamp":1624720692,"route_id":"754","id":"9557","run_id":"754_97_0","predictable":true,"seconds_since_report":218,"heading":154.0,"latitude":33.9596448,"longitude":-118.2917917}
{"timestamp":1624720692,"route_id":"240","id":"8243","run_id":"240_177_1","predictable":true,"seconds_since_report":6,"heading":255.0,"latitude":34.139957,"longitude":-118.365211}
{"timestamp":1624720692,"route_id":"51","id":"6066","run_id":"51_213_1","predictable":true,"seconds_since_report":6,"heading":181.0,"latitude":33.9840322,"longitude":-118.2652847}
{"timestamp":1624720692,"route_id":"53","id":"6072","run_id":"53_190_1","predictable":true,"seconds_since_report":6,"heading":220.0,"latitude":34.064003,"longitude":-118.251244}
{"timestamp":1624720692,"route_id":"30","id":"8274","run_id":"30_777_1","predictable":true,"seconds_since_report":6,"heading":102.0,"latitude":34.0550227,"longitude":-118.2323547}
{"timestamp":1624720692,"route_id":"210","id":"1637","run_id":"210_286_1","predictable":true,"seconds_since_report":6,"heading":181.0,"latitude":33.9837428,"longitude":-118.3309708}
{"timestamp":1624720692,"route_id":"115","id":"1649","run_id":"115_503_1","predictable":true,"seconds_since_report":6,"heading":270.0,"latitude":33.9600455,"longitude":-118.3416977}
{"timestamp":1624720692,"route_id":"115","id":"1656","run_id":"115_472_1","predictable":true,"seconds_since_report":85,"heading":285.0,"latitude":33.9556592,"longitude":-118.2198087}
{"timestamp":1624720692,"route_id":"105","id":"3859","run_id":"105_250_1","predictable":true,"seconds_since_report":6,"heading":2.0,"latitude":34.0039348,"longitude":-118.3181742}
{"timestamp":1624720692,"route_id":"92","id":"1694","run_id":"92_249_0","predictable":true,"seconds_since_report":271,"heading":45.0,"latitude":34.042664,"longitude":-118.253342}
{"timestamp":1624720692,"route_id":"260","id":"5639","run_id":"260_270_1","predictable":true,"seconds_since_report":6,"heading":208.0,"latitude":34.0325577,"longitude":-118.1534828}
{"timestamp":1624720692,"route_id":"10","id":"5653","run_id":"10_613_0","predictable":true,"seconds_since_report":191,"heading":220.0,"latitude":34.08614,"longitude":-118.382126}
{"timestamp":1624720692,"route_id":"52","id":"6109","run_id":"52_212_1","predictable":true,"seconds_since_report":6,"heading":215.0,"latitude":34.033901,"longitude":-118.2532618}
{"timestamp":1624720692,"route_id":"40","id":"8304","run_id":"40_901_0","predictable":true,"seconds_since_report":59,"heading":360.0,"latitude":33.994896,"longitude":-118.330666}
{"timestamp":1624720692,"route_id":"45","id":"8786","run_id":"45_586_1","predictable":true,"seconds_since_report":33,"heading":208.0,"latitude":34.0242665,"longitude":-118.2705373}
{"timestamp":1624720692,"route_id":"70","id":"6135","run_id":"70_265_1","predictable":true,"seconds_since_report":59,"heading":271.0,"latitude":34.0627018,"longitude":-118.0975397}
{"timestamp":1624720692,"route_id":"234","id":"8333","run_id":"234_65_1","predictable":true,"seconds_since_report":6,"heading":140.0,"latitude":34.0728228,"longitude":-118.4679425}
{"timestamp":1624720692,"route_id":"40","id":"8327","run_id":"40_903_1","predictable":true,"seconds_since_report":6,"heading":198.0,"latitude":34.0579058,"longitude":-118.2372273}
{"timestamp":1624720692,"route_id":"252","id":"1726","run_id":"252_82_1","predictable":true,"seconds_since_report":138,"heading":204.0,"latitude":34.065622,"longitude":-118.1965512}
{"timestamp":1624720692,"route_id":"165","id":"1739","run_id":"165_196_1","predictable":true,"seconds_since_report":6,"heading":270.0,"latitude":34.1939772,"longitude":-118.4812388}
{"timestamp":1624720692,"route_id":"115","id":"1747","run_id":"115_492_0","predictable":true,"seconds_since_report":112,"heading":89.0,"latitude":33.9598192,"longitude":-118.3912378}
{"timestamp":1624720692,"route_id":"16","id":"3948","run_id":"16_379_0","predictable":true,"seconds_since_report":32,"heading":220.0,"latitude":34.076019,"longitude":-118.37944}
{"timestamp":1624720692,"route_id":"53","id":"3943","run_id":"53_198_0","predictable":true,"seconds_since_report":6,"heading":2.0,"latitude":34.0034623,"longitude":-118.2564393}
{"timestamp":1624720692,"route_id":"52","id":"3957","run_id":"52_265_0","predictable":true,"seconds_since_report":6,"heading":220.0,"latitude":33.945423,"longitude":-118.265114}
{"timestamp":1624720692,"route_id":"212","id":"3981","run_id":"212_216_0","predictable":true,"seconds_since_report":59,"heading":356.0,"latitude":33.974536,"longitude":-118.3575435}
{"timestamp":1624720692,"route_id":"92","id":"3974","run_id":"92_249_0","predictable":true,"seconds_since_report":6,"heading":220.0,"latitude":34.039692,"longitude":-118.257637}
{"timestamp":1624720692,"route_id":"217","id":"3995","run_id":"217_191_1","predictable":true,"seconds_since_report":6,"heading":203.0,"latitude":34.0326378,"longitude":-118.3708107}
{"timestamp":1624720692,"route_id":"212","id":"5714","run_id":"212_216_0","predictable":true,"seconds_since_report":6,"heading":356.0,"latitude":34.068853,"longitude":-118.3439577}
{"timestamp":1624720692,"route_id":"96","id":"3101","run_id":"96_249_0","predictable":true,"seconds_since_report":6,"heading":244.0,"latitude":34.0334218,"longitude":-118.2647728}
{"timestamp":1624720692,"route_id":"206","id":"5756","run_id":"206_176_0","predictable":true,"seconds_since_report":6,"heading":359.0,"latitude":34.0743248,"longitude":-118.3004062}
{"timestamp":1624720692,"route_id":"167","id":"3122","run_id":"167_98_0","predictable":true,"seconds_since_report":6,"heading":91.0,"latitude":34.2426847,"longitude":-118.5801013}
{"timestamp":1624720692,"route_id":"167","id":"3115","run_id":"167_96_1","predictable":true,"seconds_since_report":6,"heading":14.0,"latitude":34.1720987,"longitude":-118.413782}
