{"timestamp":1624720782,"route_id":"181","id":"5813","run_id":"181_188_1","predictable":true,"seconds_since_report":20,"heading":327.0,"latitude":34.1464588,"longitude":-118.2562165}
{"timestamp":1624720782,"route_id":"108","id":"5887","run_id":"108_402_1","predictable":true,"seconds_since_report":72,"heading":219.0,"latitude":33.983536,"longitude":-118.162125}
{"timestamp":1624720782,"route_id":"251","id":"4133","run_id":"251_152_1","predictable":true,"seconds_since_report":19,"heading":179.0,"latitude":34.0057788,"longitude":-118.2197904}
{"timestamp":1624720782,"route_id":"33","id":"4152","run_id":"33_544_1","predictable":true,"seconds_since_report":20,"heading":218.0,"latitude":34.0440147,"longitude":-118.2529202}
{"timestamp":1624720782,"route_id":"81","id":"8519","run_id":"81_263_1","predictable":true,"seconds_since_report":19,"heading":218.0,"latitude":34.0545022,"longitude":-118.246549}
{"timestamp":1624720782,"route_id":"81","id":"8525","run_id":"81_263_1","predictable":true,"seconds_since_report":20,"heading":176.0,"latitude":34.1182575,"longitude":-118.183612}
{"timestamp":1624720782,"route_id":"20","id":"8550","run_id":"20_729_0","predictable":true,"seconds_since_report":125,"heading":334.0,"latitude":34.0136759,"longitude":-118.490067}
{"timestamp":1624720782,"route_id":"83","id":"1918","run_id":"83_163_1","predictable":true,"seconds_since_report":19,"heading":60.0,"latitude":34.123375,"longitude":-118.222206}
{"timestamp":1624720782,"route_id":"251","id":"8573","run_id":"251_152_1","predictable":true,"seconds_since_report":46,"heading":68.0,"latitude":33.924332,"longitude":-118.209785}
{"timestamp":1624720782,"route_id":"20","id":"1930","run_id":"20_723_1","predictable":true,"seconds_since_report":72,"heading":219.0,"latitude":34.04269,"longitude":-118.247803}
{"timestamp":1624720782,"route_id":"2","id":"8599","run_id":"2_1024_1","predictable":true,"seconds_since_report":125,"heading":119.0,"latitude":34.033726,"longitude":-118.265015}
{"timestamp":1624720782,"route_id":"45","id":"9470","run_id":"45_583_1","predictable":true,"seconds_since_report":20,"heading":167.0,"latitude":33.9283707,"longitude":-118.2827505}
{"timestamp":1624720782,"route_id":"152","id":"8152","run_id":"152_126_1","predictable":true,"seconds_since_report":20,"heading":270.0,"latitude":34.2198818,"longitude":-118.5966217}
{"timestamp":1624720782,"route_id":"212","id":"5909","run_id":"212_213_1","predictable":true,"seconds_since_report":20,"heading":179.0,"latitude":34.0757453,"longitude":-118.3441203}
{"timestamp":1624720782,"route_id":"232","id":"1564","run_id":"232_87_0","predictable":true,"seconds_since_report":19,"heading":346.0,"latitude":33.8617187,"longitude":-118.3920233}
{"timestamp":1624720782,"route_id":"60","id":"5935","run_id":"60_151_1","predictable":true,"seconds_since_report":46,"heading":220.0,"latitude":34.061749,"longitude":-118.246689}
{"timestamp":1624720782,"route_id":"53","id":"5996","run_id":"53_193_1","predictable":true,"seconds_since_report":46,"heading":164.0,"latitude":33.9040095,"longitude":-118.2541053}
{"timestamp":1624720782,"route_id":"901","id":"19539","run_id":"901_54_1","predictable":true,"seconds_since_report":178,"heading":360.0,"latitude":34.220615,"longitude":-118.597214}
{"timestamp":1624720782,"route_id":"152","id":"8621","run_id":"152_159_0","predictable":true,"seconds_since_report":19,"heading":90.0,"latitude":34.2215824,"longitude":-118.4445592}
{"timestamp":1624720782,"route_id":"224","id":"8640","run_id":"224_249_1","predictable":true,"seconds_since_report":19,"heading":153.0,"latitude":34.1741388,"longitude":-118.3803278}
{"timestamp":1624720782,"route_id":"120","id":"6031","run_id":"120_88_0","predictable":true,"seconds_since_report":72,"heading":220.0,"latitude":33.929527,"longitude":-118.377144}
{"timestamp":1624720782,"route_id":"754","id":"9537","run_id":"754_97_0","predictable":true,"seconds_since_report":178,"heading":360.0,"latitude":33.945614,"longitude":-118.291595}
{"timestamp":1624720782,"route_id":"150","id":"8223","run_id":"150_171_0","predictable":true,"seconds_since_report":125,"heading":220.0,"latitude":34.201832,"longitude":-118.604492}
{"timestamp":1624720782,"route_id":"733","id":"9561","run_id":"733_102_0","predictable":true,"seconds_since_report":20,"heading":90.0,"latitude":34.0435123,"longitude":-118.3178622}
{"timestamp":1624720782,"route_id":"720","id":"9575","run_id":"720_1202_1","predictable":true,"seconds_since_report":19,"heading":277.0,"latitude":34.0596775,"longitude":-118.2791602}
{"timestamp":1624720782,"route_id":"901","id":"19505","run_id":"901_59_0","predictable":true,"seconds_since_report":152,"heading":220.0,"latitude":34.190529,"longitude":-118.597183}
{"timestamp":1624720782,"route_id":"901","id":"19511","run_id":"901_54_1","predictable":true,"seconds_since_report":19,"heading":255.0,"latitude":34.188633,"longitude":-118.589806}
{"timestamp":1624720782,"route_id":"210","id":"6086","run_id":"210_286_1","predictable":true,"seconds_since_report":19,"heading":183.0,"latitude":33.9312205,"longitude":-118.3266145}
{"timestamp":1624720782,"route_id":"210","id":"1629","run_id":"210_289_0","predictable":true,"seconds_since_report":20,"heading":92.0,"latitude":34.1016013,"longitude":-118.3264643}
{"timestamp":1624720782,"route_id":"62","id":"6099","run_id":"62_311_0","predictable":true,"seconds_since_report":20,"heading":274.0,"latitude":34.0348065,"longitude":-118.2349377}
{"timestamp":1624720782,"route_id":"16","id":"6092","run_id":"16_394_1","predictable":true,"seconds_since_report":46,"heading":131.0,"latitude":34.0431202,"longitude":-118.2480223}
{"timestamp":1624720782,"route_id":"18","id":"1681","run_id":"18_250_0","predictable":true,"seconds_since_report":19,"heading":120.0,"latitude":34.039471,"longitude":-118.240921}
{"timestamp":1624720782,"route_id":"206","id":"3858","run_id":"206_172_1","predictable":true,"seconds_since_report":46,"heading":163.0,"latitude":34.0402382,"longitude":-118.3005162}
{"timestamp":1624720782,"route_id":"155","id":"1674","run_id":"155_33_1","predictable":true,"seconds_since_report":19,"heading":275.0,"latitude":34.1519617,"longitude":-118.3435848}
{"timestamp":1624720782,"route_id":"60","id":"3870","run_id":"60_152_0","predictable":true,"seconds_since_report":99,"heading":1.0,"latitude":33.98805,"longitude":-118.2251353}
{"timestamp":1624720782,"route_id":"910","id":"8713","run_id":"910_210_1","predictable":true,"seconds_since_report":46,"heading":64.0,"latitude":33.8698373,"longitude":-118.287026}
{"timestamp":1624720782,"route_id":"733","id":"8718","run_id":"733_101_1","predictable":true,"seconds_since_report":20,"heading":291.0,"latitude":34.0453266,"longitude":-118.330316}
{"timestamp":1624720782,"route_id":"45","id":"8745","run_id":"45_583_1","predictable":true,"seconds_since_report":19,"heading":209.0,"latitude":34.028601,"longitude":-118.2676905}
{"timestamp":1624720782,"route_id":"66","id":"8772","run_id":"66_403_0","predictable":true,"seconds_since_report":99,"heading":105.0,"latitude":34.02642,"longitude":-118.2346485}
{"timestamp":1624720782,"route_id":"720","id":"8787","run_id":"720_1206_1","predictable":true,"seconds_since_report":19,"heading":311.0,"latitude":34.0588517,"longitude":-118.2768555}
{"timestamp":1624720782,"route_id":"40","id":"8311","run_id":"40_901_0","predictable":true,"seconds_since_report":46,"heading":360.0,"latitude":33.961599,"longitude":-118.3532697}
{"timestamp":1624720782,"route_id":"733","id":"8798","run_id":"733_102_0","predictable":true,"seconds_since_report":46,"heading":135.0,"latitude":34.002403,"longitude":-118.484161}
{"timestamp":1624720782,"route_id":"267","id":"6134","run_id":"267_77_1","predictable":true,"seconds_since_report":99,"heading":180.0,"latitude":34.1307968,"longitude":-118.073253}
{"timestamp":1624720782,"route_id":"108","id":"3900","run_id":"108_315_0","predictable":true,"seconds_since_report":19,"heading":54.0,"latitude":33.9873615,"longitude":-118.3995762}
{"timestamp":1624720782,"route_id":"950","id":"8385","run_id":"950_212_0","predictable":true,"seconds_since_report":20,"heading":268.0,"latitude":33.7242437,"longitude":-118.2881292}
{"timestamp":1624720782,"route_id":"950","id":"8391","run_id":"950_209_1","predictable":true,"seconds_since_report":46,"heading":180.0,"latitude":33.7428978,"longitude":-118.2879822}
{"timestamp":1624720782,"route_id":"163","id":"1752","run_id":"163_128_0","predictable":true,"seconds_since_report":19,"heading":89.0,"latitude":34.2011447,"longitude":-118.4111877}
{"timestamp":1624720782,"route_id":"163","id":"1765","run_id":"163_128_0","predictable":true,"seconds_since_report":19,"heading":87.0,"latitude":34.200978,"longitude":-118.5877572}
{"timestamp":1624720782,"route_id":"37","id":"3949","run_id":"37_481_0","predictable":true,"seconds_since_report":178,"heading":276.0,"latitude":34.035511,"longitude":-118.369148}
{"timestamp":1624720782,"route_id":"164","id":"1771","run_id":"164_61_1","predictable":true,"seconds_since_report":231,"heading":312.0,"latitude":34.179119,"longitude":-118.312836}
{"timestamp":1624720782,"route_id":"246","id":"1784","run_id":"246_70_1","predictable":true,"seconds_since_report":46,"heading":98.0,"latitude":33.8702147,"longitude":-118.281375}
{"timestamp":1624720782,"route_id":"207","id":"5722","run_id":"207_271_1","predictable":true,"seconds_since_report":284,"heading":188.0,"latitude":34.104427,"longitude":-118.309326}
{"timestamp":1624720782,"route_id":"266","id":"5757","run_id":"266_27_0","predictable":true,"seconds_since_report":46,"heading":220.0,"latitude":33.849831,"longitude":-118.142815}
{"timestamp":1624720782,"route_id":"200","id":"5781","run_id":"200_40_0","predictable":true,"seconds_since_report":20,"heading":28.0,"latitude":34.018992,"longitude":-118.2817622}
{"timestamp":1624720782,"route_id":"218","id":"3123","run_id":"218_27_0","predictable":true,"seconds_since_report":19,"heading":342.0,"latitude":34.13441,"longitude":-118.3918075}
{"timestamp":1624720782,"route_id":"51","id":"5795","run_id":"51_230_1","predictable":true,"seconds_since_report":20,"heading":179.0,"latitude":33.9781998,"longitude":-118.265233}
{"timestamp":1624720782,"route_id":"4","id":"4036","run_id":"4_282_1","predictable":true,"seconds_since_report":20,"heading":229.0,"latitude":34.0923585,"longitude":-118.2816733}
{"timestamp":1624720782,"route_id":"51","id":"4043","run_id":"51_273_0","predictable":true,"seconds_since_report":20,"heading":0.0,"latitude":33.9985567,"longitude":-118.2651898}
{"timestamp":1624720782,"route_id":"115","id":"8420","run_id":"115_502_0","predictable":true,"seconds_since_report":46,"heading":75.0,"latitude":33.959969,"longitude":-118.286873}
{"timestamp":1624720782,"route_id":"165","id":"4074","run_id":"165_196_1","predictable":true,"seconds_since_report":19,"heading":282.0,"latitude":34.1933774,"longitude":-118.3544784}
{"timestamp":1624720782,"route_id":"665","id":"1802","run_id":"665_23_1","predictable":true,"seconds_since_report":19,"heading":270.0,"latitude":34.036071,"longitude":-118.1880185}
{"timestamp":1624720782,"route_id":"51","id":"4095","run_id":"51_248_0","predictable":true,"seconds_since_report":19,"heading":9.0,"latitude":34.0244005,"longitude":-118.2595286}
{"timestamp":1624720782,"route_id":"70","id":"1835","run_id":"70_258_0","predictable":true,"seconds_since_report":19,"heading":137.0,"latitude":34.060181,"longitude":-118.214172}
{"timestamp":1624720782,"route_id":"204","id":"8483","run_id":"204_115_0","predictable":true,"seconds_since_report":46,"heading":0.0,"latitude":33.9294918,"longitude":-118.2915755}
{"timestamp":1624720782,"route_id":"79","id":"1840","run_id":"79_440_1","predictable":true,"seconds_since_report":19,"heading":232.0,"latitude":34.0448565,"longitude":-118.2589453}
{"timestamp":1624720782,"route_id":"460","id":"1854","run_id":"460_197_0","predictable":true,"seconds_since_report":19,"heading":176.0,"latitude":33.9045119,"longitude":-118.0826893}
{"timestamp":1624720782,"route_id":"53","id":"1868","run_id":"53_193_1","predictable":true,"seconds_since_report":19,"heading":181.0,"latitude":33.9437632,"longitude":-118.2542053}
