{"timestamp":1624720692,"route_id":"18","id":"5810","run_id":"18_248_1","predictable":true,"seconds_since_report":59,"heading":360.0,"latitude":34.037849,"longitude":-118.238495}
{"timestamp":1624720692,"route_id":"181","id":"5833","run_id":"181_191_0","predictable":true,"seconds_since_report":138,"heading":360.0,"latitude":34.135254,"longitude":-118.258163}
{"timestamp":1624720692,"route_id":"158","id":"4113","run_id":"158_46_0","predictable":true,"seconds_since_report":6,"heading":360.0,"latitude":34.253675,"longitude":-118.5988515}
{"timestamp":1624720692,"route_id":"602","id":"4166","run_id":"602_2_0","predictable":true,"seconds_since_report":6,"heading":70.0,"latitude":34.0669592,"longitude":-118.4618846}
{"timestamp":1624720692,"route_id":"251","id":"8526","run_id":"251_151_0","predictable":true,"seconds_since_report":6,"heading":28.0,"latitude":34.040272,"longitude":-118.211936}
{"timestamp":1624720692,"route_id":"28","id":"8553","run_id":"28_605_1","predictable":true,"seconds_since_report":6,"heading":272.0,"latitude":34.059776,"longitude":-118.4010212}
{"timestamp":1624720692,"route_id":"68","id":"4193","run_id":"68_144_0","predictable":true,"seconds_since_report":6,"heading":89.0,"latitude":34.0405943,"longitude":-118.1560817}
{"timestamp":1624720692,"route_id":"81","id":"8564","run_id":"81_260_0","predictable":true,"seconds_since_report":6,"heading":359.0,"latitude":33.94768,"longitude":-118.2826103}
{"timestamp":1624720692,"route_id":"18","id":"1927","run_id":"18_250_0","predictable":true,"seconds_since_report":6,"heading":75.0,"latitude":34.063618,"longitude":-118.284317}
{"timestamp":1624720692,"route_id":"28","id":"8570","run_id":"28_603_0","predictable":true,"seconds_since_report":6,"heading":98.0,"latitude":34.0589033,"longitude":-118.3703983}
{"timestamp":1624720692,"route_id":"260","id":"8151","run_id":"260_261_0","predictable":true,"seconds_since_report":245,"heading":187.0,"latitude":33.8753637,"longitude":-118.2231942}
{"timestamp":1624720692,"route_id":"232","id":"1512","run_id":"232_87_0","predictable":true,"seconds_since_report":6,"heading":272.0,"latitude":33.7827073,"longitude":-118.2007858}
{"timestamp":1624720692,"route_id":"232","id":"1519","run_id":"232_87_0","predictable":true,"seconds_since_report":32,"heading":225.0,"latitude":33.773907,"longitude":-118.190834}
{"timestamp":1624720692,"route_id":"232","id":"1531","run_id":"232_84_1","predictable":true,"seconds_since_report":191,"heading":220.0,"latitude":33.949795,"longitude":-118.392685}
{"timestamp":1624720692,"route_id":"232","id":"1550","run_id":"232_84_1","predictable":true,"seconds_since_report":32,"heading":167.0,"latitude":33.8572347,"longitude":-118.3909637}
{"timestamp":1624720692,"route_id":"205","id":"1567","run_id":"205_84_0","predictable":true,"seconds_since_report":59,"heading":356.0,"latitude":33.8956303,"longitude":-118.2374913}
{"timestamp":1624720692,"route_id":"207","id":"5929","run_id":"207_284_0","predictable":true,"seconds_since_report":6,"heading":2.0,"latitude":34.0170853,"longitude":-118.3088893}
{"timestamp":1624720692,"route_id":"200","id":"5936","run_id":"200_40_0","predictable":true,"seconds_since_report":6,"heading":228.0,"latitude":34.011505,"longitude":-118.280258}
{"timestamp":1624720692,"route_id":"102","id":"5943","run_id":"102_66_0","predictable":true,"seconds_since_report":6,"heading":3.0,"latitude":34.0180065,"longitude":-118.3088517}
{"timestamp":1624720692,"route_id":"206","id":"5995","run_id":"206_172_1","predictable":true,"seconds_since_report":6,"heading":180.0,"latitude":33.9734932,"longitude":-118.3003515}
{"timestamp":1624720692,"route_id":"164","id":"8615","run_id":"164_61_1","predictable":true,"seconds_since_report":6,"heading":270.0,"latitude":34.1867185,"longitude":-118.4628497}
{"timestamp":1624720692,"route_id":"94","id":"8629","run_id":"94_250_0","predictable":true,"seconds_since_report":85,"heading":319.0,"latitude":34.2516652,"longitude":-118.406749}
{"timestamp":1624720692,"route_id":"207","id":"9508","run_id":"207_284_0","predictable":true,"seconds_since_report":6,"heading":360.0,"latitude":34.0884197,"longitude":-118.309099}
{"timestamp":1624720692,"route_id":"240","id":"8203","run_id":"240_177_1","predictable":true,"seconds_since_report":6,"heading":295.0,"latitude":34.1636327,"longitude":-118.5220305}
{"timestamp":1624720692,"route_id":"16","id":"6032","run_id":"16_378_0","predictable":true,"seconds_since_report":6,"heading":99.0,"latitude":34.0727073,"longitude":-118.3708187}
{"timestamp":1624720692,"route_id":"207","id":"9541","run_id":"207_271_1","predictable":true,"seconds_since_report":6,"heading":180.0,"latitude":34.072445,"longitude":-118.309227}
{"timestamp":1624720692,"route_id":"152","id":"8220","run_id":"152_126_1","predictable":true,"seconds_since_report":59,"heading":270.0,"latitude":34.2216732,"longitude":-118.4465897}
{"timestamp":1624720692,"route_id":"45","id":"9583","run_id":"45_586_1","predictable":true,"seconds_since_report":6,"heading":180.0,"latitude":33.9374617,"longitude":-118.2783743}
{"timestamp":1624720692,"route_id":"115","id":"1635","run_id":"115_492_0","predictable":true,"seconds_since_report":6,"heading":97.0,"latitude":33.9527687,"longitude":-118.1921343}
{"timestamp":1624720692,"route_id":"111","id":"1682","run_id":"111_345_1","predictable":true,"seconds_since_report":6,"heading":267.0,"latitude":33.9748357,"longitude":-118.2647552}
{"timestamp":1624720692,"route_id":"92","id":"1677","run_id":"92_256_1","predictable":true,"seconds_since_report":6,"heading":137.0,"latitude":34.230162,"longitude":-118.3669017}
{"timestamp":1624720692,"route_id":"344","id":"1689","run_id":"344_47_0","predictable":true,"seconds_since_report":6,"heading":93.0,"latitude":33.7788437,"longitude":-118.382617}
{"timestamp":1624720692,"route_id":"51","id":"3873","run_id":"51_213_1","predictable":true,"seconds_since_report":33,"heading":354.0,"latitude":33.894177,"longitude":-118.220164}
{"timestamp":1624720692,"route_id":"52","id":"3878","run_id":"52_265_0","predictable":true,"seconds_since_report":6,"heading":62.0,"latitude":33.863999,"longitude":-118.2788522}
{"timestamp":1624720692,"route_id":"68","id":"3892","run_id":"68_151_1","predictable":true,"seconds_since_report":33,"heading":297.0,"latitude":34.0478758,"longitude":-118.2100793}
{"timestamp":1624720692,"route_id":"20","id":"3886","run_id":"20_730_1","predictable":true,"seconds_since_report":6,"heading":249.0,"latitude":34.054988,"longitude":-118.4539098}
{"timestamp":1624720692,"route_id":"950","id":"8710","run_id":"950_212_0","predictable":true,"seconds_since_report":112,"heading":29.0,"latitude":34.0341562,"longitude":-118.2721275}
{"timestamp":1624720692,"route_id":"30","id":"5679","run_id":"30_771_0","predictable":true,"seconds_since_report":6,"heading":125.0,"latitude":34.0372297,"longitude":-118.2613143}
{"timestamp":1624720692,"route_id":"704","id":"8733","run_id":"704_169_0","predictable":true,"seconds_since_report":32,"heading":99.0,"latitude":34.0925202,"longitude":-118.2808015}
{"timestamp":1624720692,"route_id":"720","id":"8738","run_id":"720_1207_0","predictable":true,"seconds_since_report":6,"heading":87.0,"latitude":34.0670428,"longitude":-118.4065273}
{"timestamp":1624720692,"route_id":"720","id":"8765","run_id":"720_1212_0","predictable":true,"seconds_since_report":6,"heading":220.0,"latitude":34.056606,"longitude":-118.44696}
{"timestamp":1624720692,"route_id":"45","id":"8771","run_id":"45_585_0","predictable":true,"seconds_since_report":33,"heading":360.0,"latitude":33.9820017,"longitude":-118.278264}
{"timestamp":1624720692,"route_id":"51","id":"6114","run_id":"51_213_1","predictable":true,"seconds_since_report":6,"heading":230.0,"latitude":34.0373195,"longitude":-118.2504278}
{"timestamp":1624720692,"route_id":"45","id":"8790","run_id":"45_583_1","predictable":true,"seconds_since_report":59,"heading":180.0,"latitude":33.986122,"longitude":-118.27845}
{"timestamp":1624720692,"route_id":"204","id":"8306","run_id":"204_115_0","predictable":true,"seconds_since_report":32,"heading":0.0,"latitude":33.9874275,"longitude":-118.2914175}
{"timestamp":1624720692,"route_id":"70","id":"6149","run_id":"70_265_1","predictable":true,"seconds_since_report":33,"heading":282.0,"latitude":34.0571718,"longitude":-118.2338817}
{"timestamp":1624720692,"route_id":"180","id":"1724","run_id":"180_198_0","predictable":true,"seconds_since_report":6,"heading":0.0,"latitude":34.1464333,"longitude":-118.1322353}
{"timestamp":1624720692,"route_id":"20","id":"1745","run_id":"20_723_1","predictable":true,"seconds_since_report":6,"heading":270.0,"latitude":34.06348,"longitude":-118.365967}
{"timestamp":1624720692,"route_id":"460","id":"3920","run_id":"460_191_1","predictable":true,"seconds_since_report":6,"heading":303.0,"latitude":33.8424515,"longitude":-117.953382}
{"timestamp":1624720692,"route_id":"245","id":"1751","run_id":"245_61_1","predictable":true,"seconds_since_report":6,"heading":360.0,"latitude":34.2209985,"longitude":-118.6058878}
{"timestamp":1624720692,"route_id":"158","id":"1766","run_id":"158_53_1","predictable":true,"seconds_since_report":165,"heading":360.0,"latitude":34.203152,"longitude":-118.431229}
{"timestamp":1624720692,"route_id":"222","id":"3955","run_id":"222_67_1","predictable":true,"seconds_since_report":6,"heading":279.0,"latitude":34.2603855,"longitude":-118.3381282}
{"timestamp":1624720692,"route_id":"115","id":"1787","run_id":"115_503_1","predictable":true,"seconds_since_report":6,"heading":270.0,"latitude":33.9599698,"longitude":-118.3850387}
{"timestamp":1624720692,"route_id":"200","id":"3962","run_id":"200_43_1","predictable":true,"seconds_since_report":6,"heading":208.0,"latitude":34.0631263,"longitude":-118.2727085}
{"timestamp":1624720692,"route_id":"237","id":"3976","run_id":"237_16_0","predictable":true,"seconds_since_report":59,"heading":278.0,"latitude":34.088943,"longitude":-118.338333}
{"timestamp":1624720692,"route_id":"603","id":"3988","run_id":"603_27_1","predictable":true,"seconds_since_report":59,"heading":165.0,"latitude":34.0995599,"longitude":-118.250198}
{"timestamp":1624720692,"route_id":"155","id":"3997","run_id":"155_34_0","predictable":true,"seconds_since_report":6,"heading":360.0,"latitude":34.1454537,"longitude":-118.3614}
{"timestamp":1624720692,"route_id":"266","id":"5735","run_id":"266_27_0","predictable":true,"seconds_since_report":6,"heading":359.0,"latitude":34.0806382,"longitude":-118.0731228}
{"timestamp":1624720692,"route_id":"206","id":"5763","run_id":"206_176_0","predictable":true,"seconds_since_report":6,"heading":270.0,"latitude":33.9310345,"longitude":-118.2931558}
{"timestamp":1624720692,"route_id":"108","id":"5754","run_id":"108_403_1","predictable":true,"seconds_since_report":6,"heading":316.0,"latitude":33.9830073,"longitude":-118.411045}
{"timestamp":1624720692,"route_id":"206","id":"5768","run_id":"206_172_1","predictable":true,"seconds_since_report":6,"heading":225.0,"latitude":34.10165,"longitude":-118.300545}
