{"timestamp":1624720677,"route_id":"92","id":"5829","run_id":"92_249_0","predictable":true,"seconds_since_report":22,"heading":318.0,"latitude":34.2315518,"longitude":-118.3680733}
{"timestamp":1624720677,"route_id":"161","id":"4109","run_id":"161_93_0","predictable":true,"seconds_since_report":22,"heading":220.0,"latitude":34.1539428,"longitude":-118.8276269}
{"timestamp":1624720677,"route_id":"70","id":"4116","run_id":"70_265_1","predictable":true,"seconds_since_report":23,"heading":88.0,"latitude":34.071116,"longitude":-118.0427316}
{"timestamp":1624720677,"route_id":"76","id":"4168","run_id":"76_182_1","predictable":true,"seconds_since_report":208,"heading":220.0,"latitude":34.072418,"longitude":-118.04422}
{"timestamp":1624720677,"route_id":"28","id":"8528","run_id":"28_603_0","predictable":true,"seconds_since_report":22,"heading":94.0,"latitude":34.0525782,"longitude":-118.3002385}
{"timestamp":1624720677,"route_id":"33","id":"4182","run_id":"33_537_1","predictable":true,"seconds_since_report":22,"heading":270.0,"latitude":34.0435831,"longitude":-118.317404}
{"timestamp":1624720677,"route_id":"601","id":"4196","run_id":"601_1_0","predictable":true,"seconds_since_report":23,"heading":358.0,"latitude":34.1782781,"longitude":-118.5973985}
{"timestamp":1624720677,"route_id":"28","id":"8561","run_id":"28_611_1","predictable":true,"seconds_since_report":128,"heading":180.0,"latitude":34.113998,"longitude":-118.236465}
{"timestamp":1624720677,"route_id":"204","id":"8102","run_id":"204_115_0","predictable":true,"seconds_since_report":75,"heading":360.0,"latitude":33.9696782,"longitude":-118.2915467}
{"timestamp":1624720677,"route_id":"152","id":"8580","run_id":"152_159_0","predictable":true,"seconds_since_report":22,"heading":89.0,"latitude":34.2203963,"longitude":-118.5539382}
{"timestamp":1624720677,"route_id":"204","id":"9441","run_id":"204_115_0","predictable":true,"seconds_since_report":49,"heading":360.0,"latitude":34.055779,"longitude":-118.291626}
{"timestamp":1624720677,"route_id":"152","id":"8135","run_id":"152_159_0","predictable":true,"seconds_since_report":23,"heading":180.0,"latitude":34.1968503,"longitude":-118.3704232}
{"timestamp":1624720677,"route_id":"30","id":"8140","run_id":"30_771_0","predictable":true,"seconds_since_report":23,"heading":303.0,"latitude":34.0320883,"longitude":-118.1927188}
{"timestamp":1624720677,"route_id":"130","id":"1508","run_id":"130_88_0","predictable":true,"seconds_since_report":208,"heading":45.0,"latitude":33.863583,"longitude":-118.398483}
{"timestamp":1624720677,"route_id":"733","id":"9488","run_id":"733_100_1","predictable":true,"seconds_since_report":49,"heading":208.0,"latitude":34.036476,"longitude":-118.260361}
{"timestamp":1624720677,"route_id":"45","id":"9483","run_id":"45_586_1","predictable":true,"seconds_since_report":23,"heading":231.0,"latitude":34.0550043,"longitude":-118.2427075}
{"timestamp":1624720677,"route_id":"205","id":"1517","run_id":"205_85_1","predictable":true,"seconds_since_report":128,"heading":346.0,"latitude":33.848129,"longitude":-118.264648}
{"timestamp":1624720677,"route_id":"83","id":"5938","run_id":"83_121_0","predictable":true,"seconds_since_report":75,"heading":22.0,"latitude":34.0598444,"longitude":-118.239519}
{"timestamp":1624720677,"route_id":"60","id":"5933","run_id":"60_151_1","predictable":true,"seconds_since_report":22,"heading":130.0,"latitude":34.0404912,"longitude":-118.2423757}
{"timestamp":1624720677,"route_id":"234","id":"5946","run_id":"234_65_1","predictable":true,"seconds_since_report":22,"heading":190.0,"latitude":34.1499975,"longitude":-118.4674745}
{"timestamp":1624720677,"route_id":"212","id":"5971","run_id":"212_213_1","predictable":true,"seconds_since_report":23,"heading":180.0,"latitude":34.0210437,"longitude":-118.3557352}
{"timestamp":1624720677,"route_id":"901","id":"19520","run_id":"901_57_1","predictable":true,"seconds_since_report":49,"heading":270.0,"latitude":34.168503,"longitude":-118.416153}
{"timestamp":1624720677,"route_id":"901","id":"19534","run_id":"901_59_0","predictable":true,"seconds_since_report":49,"heading":90.0,"latitude":34.186184,"longitude":-118.483902}
{"timestamp":1624720677,"route_id":"111","id":"8610","run_id":"111_335_1","predictable":true,"seconds_since_report":22,"heading":302.0,"latitude":33.9415918,"longitude":-118.105294}
{"timestamp":1624720677,"route_id":"117","id":"8633","run_id":"117_72_1","predictable":true,"seconds_since_report":23,"heading":270.0,"latitude":33.9455493,"longitude":-118.3207375}
{"timestamp":1624720677,"route_id":"111","id":"8638","run_id":"111_347_1","predictable":true,"seconds_since_report":49,"heading":270.0,"latitude":33.9526777,"longitude":-118.383678}
{"timestamp":1624720677,"route_id":"704","id":"9506","run_id":"704_149_1","predictable":true,"seconds_since_report":22,"heading":300.0,"latitude":34.0789418,"longitude":-118.2676535}
{"timestamp":1624720677,"route_id":"60","id":"6014","run_id":"60_151_1","predictable":true,"seconds_since_report":22,"heading":25.0,"latitude":34.0614739,"longitude":-118.246887}
{"timestamp":1624720677,"route_id":"733","id":"9525","run_id":"733_100_1","predictable":true,"seconds_since_report":22,"heading":255.0,"latitude":34.045689,"longitude":-118.34774}
{"timestamp":1624720677,"route_id":"210","id":"6037","run_id":"210_286_1","predictable":true,"seconds_since_report":76,"heading":238.0,"latitude":33.8745707,"longitude":-118.3522085}
{"timestamp":1624720677,"route_id":"754","id":"9550","run_id":"754_95_1","predictable":true,"seconds_since_report":49,"heading":180.0,"latitude":34.0186,"longitude":-118.291695}
{"timestamp":1624720677,"route_id":"91","id":"8231","run_id":"91_328_0","predictable":true,"seconds_since_report":22,"heading":339.0,"latitude":34.1941555,"longitude":-118.2285388}
{"timestamp":1624720677,"route_id":"207","id":"9567","run_id":"207_271_1","predictable":true,"seconds_since_report":22,"heading":254.0,"latitude":33.9740253,"longitude":-118.3091805}
{"timestamp":1624720677,"route_id":"111","id":"8250","run_id":"111_339_0","predictable":true,"seconds_since_report":49,"heading":121.0,"latitude":33.9486717,"longitude":-118.119667}
{"timestamp":1624720677,"route_id":"901","id":"19503","run_id":"901_55_0","predictable":true,"seconds_since_report":128,"heading":220.0,"latitude":34.25235,"longitude":-118.599052}
{"timestamp":1624720677,"route_id":"117","id":"6080","run_id":"117_68_0","predictable":true,"seconds_since_report":22,"heading":76.0,"latitude":33.9453397,"longitude":-118.38559}
{"timestamp":1624720677,"route_id":"901","id":"19517","run_id":"901_54_1","predictable":true,"seconds_since_report":75,"heading":285.0,"latitude":34.17997,"longitude":-118.431068}
{"timestamp":1624720677,"route_id":"224","id":"8278","run_id":"224_257_0","predictable":true,"seconds_since_report":75,"heading":1.0,"latitude":34.1986333,"longitude":-118.387749}
{"timestamp":1624720677,"route_id":"111","id":"1679","run_id":"111_349_1","predictable":true,"seconds_since_report":23,"heading":277.0,"latitude":33.9689548,"longitude":-118.1742625}
{"timestamp":1624720677,"route_id":"18","id":"1672","run_id":"18_249_0","predictable":true,"seconds_since_report":49,"heading":117.0,"latitude":34.0561997,"longitude":-118.2673478}
{"timestamp":1624720677,"route_id":"102","id":"3855","run_id":"102_62_1","predictable":true,"seconds_since_report":23,"heading":310.0,"latitude":34.005873,"longitude":-118.3302543}
{"timestamp":1624720677,"route_id":"166","id":"1693","run_id":"166_75_0","predictable":true,"seconds_since_report":75,"heading":90.0,"latitude":34.235382,"longitude":-118.594788}
{"timestamp":1624720677,"route_id":"18","id":"1687","run_id":"18_248_1","predictable":true,"seconds_since_report":23,"heading":289.0,"latitude":34.0152827,"longitude":-118.1326027}
{"timestamp":1624720677,"route_id":"60","id":"3883","run_id":"60_152_0","predictable":true,"seconds_since_report":102,"heading":333.0,"latitude":33.9542302,"longitude":-118.2193453}
{"timestamp":1624720677,"route_id":"265","id":"5609","run_id":"265_14_0","predictable":true,"seconds_since_report":22,"heading":33.0,"latitude":33.9914542,"longitude":-118.098377}
{"timestamp":1624720677,"route_id":"603","id":"5602","run_id":"603_26_0","predictable":true,"seconds_since_report":75,"heading":30.0,"latitude":34.065983,"longitude":-118.278976}
{"timestamp":1624720677,"route_id":"14","id":"5654","run_id":"14_487_1","predictable":true,"seconds_since_report":22,"heading":117.0,"latitude":34.070632,"longitude":-118.2795263}
{"timestamp":1624720677,"route_id":"950","id":"8701","run_id":"950_209_1","predictable":true,"seconds_since_report":49,"heading":180.0,"latitude":33.9902469,"longitude":-118.2805352}
{"timestamp":1624720677,"route_id":"733","id":"8743","run_id":"733_100_1","predictable":true,"seconds_since_report":22,"heading":191.0,"latitude":34.056961,"longitude":-118.231026}
{"timestamp":1624720677,"route_id":"744","id":"8760","run_id":"744_4_0","predictable":true,"seconds_since_report":22,"heading":48.0,"latitude":34.2513187,"longitude":-118.442277}
{"timestamp":1624720677,"route_id":"233","id":"8757","run_id":"233_156_1","predictable":true,"seconds_since_report":22,"heading":221.0,"latitude":34.2613174,"longitude":-118.4288328}
{"timestamp":1624720677,"route_id":"233","id":"8774","run_id":"233_156_1","predictable":true,"seconds_since_report":49,"heading":171.0,"latitude":34.2248677,"longitude":-118.4489548}
{"timestamp":1624720677,"route_id":"246","id":"6105","run_id":"246_79_0","predictable":true,"seconds_since_report":22,"heading":1.0,"latitude":33.8665043,"longitude":-118.2659467}
{"timestamp":1624720677,"route_id":"53","id":"1716","run_id":"53_193_1","predictable":true,"seconds_since_report":22,"heading":144.0,"latitude":34.0484948,"longitude":-118.25498}
{"timestamp":1624720677,"route_id":"55","id":"3912","run_id":"55_283_1","predictable":true,"seconds_since_report":22,"heading":213.0,"latitude":34.0357385,"longitude":-118.2609283}
{"timestamp":1624720677,"route_id":"18","id":"1740","run_id":"18_248_1","predictable":true,"seconds_since_report":22,"heading":296.0,"latitude":34.0548017,"longitude":-118.26379}
{"timestamp":1624720677,"route_id":"94","id":"1782","run_id":"94_250_0","predictable":true,"seconds_since_report":49,"heading":41.0,"latitude":34.049288,"longitude":-118.2512907}
{"timestamp":1624720677,"route_id":"108","id":"3992","run_id":"108_359_1","predictable":true,"seconds_since_report":22,"heading":268.0,"latitude":33.9892915,"longitude":-118.230237}
{"timestamp":1624720677,"route_id":"260","id":"5707","run_id":"260_274_1","predictable":true,"seconds_since_report":49,"heading":165.0,"latitude":33.9692725,"longitude":-118.1879913}
{"timestamp":1624720677,"route_id":"102","id":"5724","run_id":"102_64_0","predictable":true,"seconds_since_report":23,"heading":360.0,"latitude":33.9562943,"longitude":-118.3961187}
{"timestamp":1624720677,"route_id":"110","id":"5751","run_id":"110_217_1","predictable":true,"seconds_since_report":22,"heading":180.0,"latitude":33.9812362,"longitude":-118.2412668}
{"timestamp":1624720677,"route_id":"204","id":"5745","run_id":"204_116_1","predictable":true,"seconds_since_report":76,"heading":180.0,"latitude":34.068319,"longitude":-118.29175}
{"timestamp":1624720677,"route_id":"96","id":"3106","run_id":"96_249_0","predictable":true,"seconds_since_report":22,"heading":338.0,"latitude":34.1017816,"longitude":-118.2510643}
{"timestamp":1624720677,"route_id":"167","id":"3119","run_id":"167_96_1","predictable":true,"seconds_since_report":23,"heading":271.0,"latitude":34.2356468,"longitude":-118.5270183}
{"timestamp":1624720677,"route_id":"40","id":"8807","run_id":"40_905_0","predictable":true,"seconds_since_report":49,"heading":194.0,"latitude":34.0553894,"longitude":-118.2329823}
{"timestamp":1624720677,"route_id":"256","id":"3131","run_id":"256_66_1","predictable":true,"seconds_since_report":23,"heading":180.0,"latitude":34.0155792,"longitude":-118.1759267}
{"timestamp":1624720677,"route_id":"720","id":"8813","run_id":"720_1206_1","predictable":true,"seconds_since_report":22,"heading":270.0,"latitude":34.06204,"longitude":-118.3286347}
{"timestamp":1624720677,"route_id":"108","id":"5787","run_id":"108_315_0","predictable":true,"seconds_since_report":22,"heading":86.0,"latitude":33.9891482,"longitude":-118.2806952}
{"timestamp":1624720677,"route_id":"207","id":"8830","run_id":"207_271_1","predictable":true,"seconds_since_report":49,"heading":179.0,"latitude":34.068967,"longitude":-118.3092252}
{"timestamp":1624720677,"route_id":"256","id":"3144","run_id":"256_65_0","predictable":true,"seconds_since_report":22,"heading":20.0,"latitude":34.0953338,"longitude":-118.1807603}
{"timestamp":1624720677,"route_id":"217","id":"5798","run_id":"217_191_1","predictable":true,"seconds_since_report":23,"heading":257.0,"latitude":34.1013817,"longitude":-118.361103}
{"timestamp":1624720677,"route_id":"60","id":"4007","run_id":"60_151_1","predictable":true,"seconds_since_report":49,"heading":180.0,"latitude":33.993027,"longitude":-118.225418}
{"timestamp":1624720677,"route_id":"501","id":"4024","run_id":"501_7_1","predictable":true,"seconds_since_report":49,"heading":90.0,"latitude":34.1445239,"longitude":-118.149109}
{"timestamp":1624720677,"route_id":"230","id":"4018","run_id":"230_87_1","predictable":true,"seconds_since_report":22,"heading":181.0,"latitude":34.1718628,"longitude":-118.396629}
{"timestamp":1624720677,"route_id":"52","id":"4030","run_id":"52_265_0","predictable":true,"seconds_since_report":22,"heading":310.0,"latitude":34.042389,"longitude":-118.249115}
{"timestamp":1624720677,"route_id":"111","id":"8411","run_id":"111_342_0","predictable":true,"seconds_since_report":23,"heading":97.0,"latitude":33.967099,"longitude":-118.1585438}
{"timestamp":1624720677,"route_id":"33","id":"4079","run_id":"33_544_1","predictable":true,"seconds_since_report":23,"heading":238.0,"latitude":33.9971679,"longitude":-118.4468745}
{"timestamp":1624720677,"route_id":"48","id":"4072","run_id":"48_567_1","predictable":true,"seconds_since_report":23,"heading":27.0,"latitude":34.0176117,"longitude":-118.2692114}
{"timestamp":1624720677,"route_id":"117","id":"8453","run_id":"117_72_1","predictable":true,"seconds_since_report":22,"heading":278.0,"latitude":33.9454017,"longitude":-118.2157867}
{"timestamp":1624720677,"route_id":"111","id":"8458","run_id":"111_320_0","predictable":true,"seconds_since_report":22,"heading":90.0,"latitude":33.9746873,"longitude":-118.247891}
{"timestamp":1624720677,"route_id":"265","id":"1810","run_id":"265_13_1","predictable":true,"seconds_since_report":22,"heading":213.0,"latitude":33.9294207,"longitude":-118.148034}
{"timestamp":1624720677,"route_id":"487","id":"1833","run_id":"487_111_1","predictable":true,"seconds_since_report":22,"heading":268.0,"latitude":34.1501177,"longitude":-118.0839755}
{"timestamp":1624720677,"route_id":"487","id":"1838","run_id":"487_111_1","predictable":true,"seconds_since_report":23,"heading":297.0,"latitude":34.0724857,"longitude":-118.0460085}
{"timestamp":1624720677,"route_id":"910","id":"8485","run_id":"910_211_0","predictable":true,"seconds_since_report":22,"heading":57.0,"latitude":34.0669425,"longitude":-118.1538537}
{"timestamp":1624720677,"route_id":"53","id":"1846","run_id":"53_190_1","predictable":true,"seconds_since_report":22,"heading":216.0,"latitude":34.0264045,"longitude":-118.2489133}
{"timestamp":1624720677,"route_id":"94","id":"8491","run_id":"94_246_1","predictable":true,"seconds_since_report":75,"heading":302.0,"latitude":34.051499,"longitude":-118.2489913}
{"timestamp":1624720677,"route_id":"18","id":"1865","run_id":"18_248_1","predictable":true,"seconds_since_report":49,"heading":275.0,"latitude":34.0234697,"longitude":-118.1713725}
{"timestamp":1624720677,"route_id":"201","id":"1890","run_id":"201_43_1","predictable":true,"seconds_since_report":75,"heading":165.0,"latitude":34.105556,"longitude":-118.266617}
{"timestamp":1624720677,"route_id":"28","id":"1884","run_id":"28_605_1","predictable":true,"seconds_since_report":49,"heading":211.0,"latitude":34.0607415,"longitude":-118.2392118}
