{"timestamp":1624720677,"route_id":"181","id":"5813","run_id":"181_188_1","predictable":true,"seconds_since_report":22,"heading":271.0,"latitude":34.1464055,"longitude":-118.252922}
{"timestamp":1624720677,"route_id":"108","id":"5887","run_id":"108_402_1","predictable":true,"seconds_since_report":155,"heading":219.0,"latitude":33.983536,"longitude":-118.162155}
{"timestamp":1624720677,"route_id":"251","id":"4133","run_id":"251_152_1","predictable":true,"seconds_since_report":23,"heading":179.0,"latitude":34.0157392,"longitude":-118.2200499}
{"timestamp":1624720677,"route_id":"33","id":"4152","run_id":"33_544_1","predictable":true,"seconds_since_report":49,"heading":208.0,"latitude":34.0471154,"longitude":-118.2498731}
{"timestamp":1624720677,"route_id":"487","id":"4159","run_id":"487_110_0","predictable":true,"seconds_since_report":234,"heading":292.0,"latitude":34.054569,"longitude":-118.23748}
{"timestamp":1624720677,"route_id":"81","id":"8519","run_id":"81_263_1","predictable":true,"seconds_since_report":22,"heading":217.0,"latitude":34.0581757,"longitude":-118.2419402}
{"timestamp":1624720677,"route_id":"81","id":"8525","run_id":"81_263_1","predictable":true,"seconds_since_report":22,"heading":159.0,"latitude":34.1239247,"longitude":-118.185566}
{"timestamp":1624720677,"route_id":"20","id":"8550","run_id":"20_729_0","predictable":true,"seconds_since_report":22,"heading":334.0,"latitude":34.0136759,"longitude":-118.490067}
{"timestamp":1624720677,"route_id":"83","id":"1918","run_id":"83_163_1","predictable":true,"seconds_since_report":22,"heading":60.0,"latitude":34.123348,"longitude":-118.222237}
{"timestamp":1624720677,"route_id":"251","id":"8573","run_id":"251_152_1","predictable":true,"seconds_since_report":22,"heading":330.0,"latitude":33.9236963,"longitude":-118.2097058}
{"timestamp":1624720677,"route_id":"20","id":"1930","run_id":"20_723_1","predictable":true,"seconds_since_report":155,"heading":219.0,"latitude":34.042992,"longitude":-118.248627}
{"timestamp":1624720677,"route_id":"2","id":"8599","run_id":"2_1084_0","predictable":true,"seconds_since_report":22,"heading":119.0,"latitude":34.033726,"longitude":-118.265015}
{"timestamp":1624720677,"route_id":"45","id":"9470","run_id":"45_583_1","predictable":true,"seconds_since_report":49,"heading":192.0,"latitude":33.9329467,"longitude":-118.2786022}
{"timestamp":1624720677,"route_id":"152","id":"8152","run_id":"152_126_1","predictable":true,"seconds_since_report":23,"heading":270.0,"latitude":34.2200587,"longitude":-118.5865387}
{"timestamp":1624720677,"route_id":"212","id":"5909","run_id":"212_213_1","predictable":true,"seconds_since_report":23,"heading":178.0,"latitude":34.0774105,"longitude":-118.3441655}
{"timestamp":1624720677,"route_id":"232","id":"1564","run_id":"232_87_0","predictable":true,"seconds_since_report":49,"heading":350.0,"latitude":33.858494,"longitude":-118.391144}
{"timestamp":1624720677,"route_id":"60","id":"5935","run_id":"60_151_1","predictable":true,"seconds_since_report":128,"heading":220.0,"latitude":34.061802,"longitude":-118.246719}
{"timestamp":1624720677,"route_id":"53","id":"5996","run_id":"53_193_1","predictable":true,"seconds_since_report":23,"heading":180.0,"latitude":33.9138007,"longitude":-118.2545368}
{"timestamp":1624720677,"route_id":"901","id":"19539","run_id":"901_54_1","predictable":true,"seconds_since_report":75,"heading":360.0,"latitude":34.220615,"longitude":-118.597214}
{"timestamp":1624720677,"route_id":"152","id":"8621","run_id":"152_159_0","predictable":true,"seconds_since_report":49,"heading":75.0,"latitude":34.221466,"longitude":-118.449226}
{"timestamp":1624720677,"route_id":"224","id":"8640","run_id":"224_249_1","predictable":true,"seconds_since_report":22,"heading":152.0,"latitude":34.1819662,"longitude":-118.3850397}
{"timestamp":1624720677,"route_id":"120","id":"6031","run_id":"120_88_0","predictable":true,"seconds_since_report":155,"heading":220.0,"latitude":33.929611,"longitude":-118.377144}
{"timestamp":1624720677,"route_id":"754","id":"9537","run_id":"754_97_0","predictable":true,"seconds_since_report":75,"heading":360.0,"latitude":33.945614,"longitude":-118.291595}
{"timestamp":1624720677,"route_id":"150","id":"8223","run_id":"150_171_0","predictable":true,"seconds_since_report":22,"heading":220.0,"latitude":34.201832,"longitude":-118.604492}
{"timestamp":1624720677,"route_id":"733","id":"9561","run_id":"733_102_0","predictable":true,"seconds_since_report":23,"heading":105.0,"latitude":34.0445735,"longitude":-118.3282585}
{"timestamp":1624720677,"route_id":"720","id":"9575","run_id":"720_1202_1","predictable":true,"seconds_since_report":49,"heading":284.0,"latitude":34.05791,"longitude":-118.2754837}
{"timestamp":1624720677,"route_id":"901","id":"19505","run_id":"901_59_0","predictable":true,"seconds_since_report":49,"heading":220.0,"latitude":34.190529,"longitude":-118.597183}
{"timestamp":1624720677,"route_id":"901","id":"19511","run_id":"901_54_1","predictable":true,"seconds_since_report":75,"heading":285.0,"latitude":34.187889,"longitude":-118.573189}
{"timestamp":1624720677,"route_id":"210","id":"6086","run_id":"210_286_1","predictable":true,"seconds_since_report":23,"heading":181.0,"latitude":33.9396908,"longitude":-118.326599}
{"timestamp":1624720677,"route_id":"210","id":"1629","run_id":"210_289_0","predictable":true,"seconds_since_report":22,"heading":357.0,"latitude":34.0975662,"longitude":-118.3266207}
{"timestamp":1624720677,"route_id":"62","id":"6099","run_id":"62_311_0","predictable":true,"seconds_since_report":23,"heading":271.0,"latitude":34.0346298,"longitude":-118.2263672}
{"timestamp":1624720677,"route_id":"16","id":"6092","run_id":"16_394_1","predictable":true,"seconds_since_report":22,"heading":131.0,"latitude":34.043213,"longitude":-118.248199}
{"timestamp":1624720677,"route_id":"18","id":"1681","run_id":"18_250_0","predictable":true,"seconds_since_report":102,"heading":126.0,"latitude":34.044369,"longitude":-118.248688}
{"timestamp":1624720677,"route_id":"206","id":"3858","run_id":"206_172_1","predictable":true,"seconds_since_report":23,"heading":192.0,"latitude":34.0430673,"longitude":-118.300764}
{"timestamp":1624720677,"route_id":"155","id":"1674","run_id":"155_33_1","predictable":true,"seconds_since_report":23,"heading":272.0,"latitude":34.1530477,"longitude":-118.3395053}
{"timestamp":1624720677,"route_id":"60","id":"3870","run_id":"60_152_0","predictable":true,"seconds_since_report":22,"heading":330.0,"latitude":33.985462,"longitude":-118.225189}
{"timestamp":1624720677,"route_id":"910","id":"8713","run_id":"910_210_1","predictable":true,"seconds_since_report":23,"heading":56.0,"latitude":33.8692012,"longitude":-118.2878597}
{"timestamp":1624720677,"route_id":"733","id":"8718","run_id":"733_101_1","predictable":true,"seconds_since_report":23,"heading":291.0,"latitude":34.0443057,"longitude":-118.3270493}
{"timestamp":1624720677,"route_id":"45","id":"8745","run_id":"45_583_1","predictable":true,"seconds_since_report":76,"heading":211.0,"latitude":34.031128,"longitude":-118.2661185}
{"timestamp":1624720677,"route_id":"66","id":"8772","run_id":"66_403_0","predictable":true,"seconds_since_report":22,"heading":109.0,"latitude":34.0265877,"longitude":-118.2354452}
{"timestamp":1624720677,"route_id":"720","id":"8787","run_id":"720_1206_1","predictable":true,"seconds_since_report":23,"heading":300.0,"latitude":34.0555268,"longitude":-118.2703592}
{"timestamp":1624720677,"route_id":"40","id":"8311","run_id":"40_901_0","predictable":true,"seconds_since_report":75,"heading":1.0,"latitude":33.9591477,"longitude":-118.3532245}
{"timestamp":1624720677,"route_id":"733","id":"8798","run_id":"733_102_0","predictable":true,"seconds_since_report":102,"heading":135.0,"latitude":34.01244,"longitude":-118.494194}
{"timestamp":1624720677,"route_id":"267","id":"6134","run_id":"267_77_1","predictable":true,"seconds_since_report":22,"heading":177.0,"latitude":34.133221,"longitude":-118.0733008}
{"timestamp":1624720677,"route_id":"108","id":"3900","run_id":"108_315_0","predictable":true,"seconds_since_report":22,"heading":220.0,"latitude":33.984966,"longitude":-118.399956}
{"timestamp":1624720677,"route_id":"950","id":"8391","run_id":"950_209_1","predictable":true,"seconds_since_report":23,"heading":271.0,"latitude":33.7433042,"longitude":-118.2853998}
{"timestamp":1624720677,"route_id":"163","id":"1752","run_id":"163_128_0","predictable":true,"seconds_since_report":22,"heading":89.0,"latitude":34.2011458,"longitude":-118.4177105}
{"timestamp":1624720677,"route_id":"163","id":"1765","run_id":"163_128_0","predictable":true,"seconds_since_report":22,"heading":90.0,"latitude":34.2010013,"longitude":-118.5940132}
{"timestamp":1624720677,"route_id":"37","id":"3949","run_id":"37_481_0","predictable":true,"seconds_since_report":75,"heading":276.0,"latitude":34.035511,"longitude":-118.369148}
{"timestamp":1624720677,"route_id":"164","id":"1771","run_id":"164_61_1","predictable":true,"seconds_since_report":128,"heading":312.0,"latitude":34.179119,"longitude":-118.312836}
{"timestamp":1624720677,"route_id":"246","id":"1784","run_id":"246_70_1","predictable":true,"seconds_since_report":22,"heading":138.0,"latitude":33.8696337,"longitude":-118.2866017}
{"timestamp":1624720677,"route_id":"207","id":"5722","run_id":"207_271_1","predictable":true,"seconds_since_report":181,"heading":188.0,"latitude":34.104427,"longitude":-118.309326}
{"timestamp":1624720677,"route_id":"266","id":"5757","run_id":"266_27_0","predictable":true,"seconds_since_report":102,"heading":220.0,"latitude":33.849831,"longitude":-118.142784}
{"timestamp":1624720677,"route_id":"200","id":"5781","run_id":"200_40_0","predictable":true,"seconds_since_report":49,"heading":0.0,"latitude":34.0135075,"longitude":-118.2826973}
{"timestamp":1624720677,"route_id":"218","id":"3123","run_id":"218_27_0","predictable":true,"seconds_since_report":49,"heading":311.0,"latitude":34.1306048,"longitude":-118.3801572}
{"timestamp":1624720677,"route_id":"51","id":"5795","run_id":"51_230_1","predictable":true,"seconds_since_report":22,"heading":175.0,"latitude":33.9862218,"longitude":-118.2652493}
{"timestamp":1624720677,"route_id":"162","id":"4001","run_id":"162_126_1","predictable":true,"seconds_since_report":49,"heading":219.0,"latitude":34.168667,"longitude":-118.375015}
{"timestamp":1624720677,"route_id":"611","id":"4015","run_id":"611_22_0","predictable":true,"seconds_since_report":234,"heading":102.0,"latitude":33.958374,"longitude":-118.184349}
{"timestamp":1624720677,"route_id":"4","id":"4036","run_id":"4_282_1","predictable":true,"seconds_since_report":23,"heading":305.0,"latitude":34.0904942,"longitude":-118.2775685}
{"timestamp":1624720677,"route_id":"51","id":"4043","run_id":"51_273_0","predictable":true,"seconds_since_report":22,"heading":359.0,"latitude":33.9946887,"longitude":-118.2651713}
{"timestamp":1624720677,"route_id":"115","id":"8420","run_id":"115_502_0","predictable":true,"seconds_since_report":75,"heading":89.0,"latitude":33.959942,"longitude":-118.291107}
{"timestamp":1624720677,"route_id":"165","id":"4074","run_id":"165_196_1","predictable":true,"seconds_since_report":23,"heading":280.0,"latitude":34.1921924,"longitude":-118.3481087}
{"timestamp":1624720677,"route_id":"665","id":"1802","run_id":"665_23_1","predictable":true,"seconds_since_report":22,"heading":180.0,"latitude":34.0383663,"longitude":-118.184687}
{"timestamp":1624720677,"route_id":"51","id":"4095","run_id":"51_248_0","predictable":true,"seconds_since_report":75,"heading":28.0,"latitude":34.0207301,"longitude":-118.261834}
{"timestamp":1624720677,"route_id":"70","id":"1835","run_id":"70_258_0","predictable":true,"seconds_since_report":49,"heading":47.0,"latitude":34.0572877,"longitude":-118.2185627}
{"timestamp":1624720677,"route_id":"204","id":"8483","run_id":"204_115_0","predictable":true,"seconds_since_report":49,"heading":220.0,"latitude":33.924576,"longitude":-118.291496}
{"timestamp":1624720677,"route_id":"79","id":"1840","run_id":"79_440_1","predictable":true,"seconds_since_report":49,"heading":221.0,"latitude":34.0486425,"longitude":-118.2555958}
{"timestamp":1624720677,"route_id":"460","id":"1854","run_id":"460_197_0","predictable":true,"seconds_since_report":23,"heading":180.0,"latitude":33.9116147,"longitude":-118.0819128}
{"timestamp":1624720677,"route_id":"53","id":"1868","run_id":"53_193_1","predictable":true,"seconds_since_report":22,"heading":180.0,"latitude":33.9535345,"longitude":-118.2565552}
