{"route_id":158,"direction":"0","day_type":0,"velocity":1.438170624848619,"velocity_sign":1}
{"route_id":212,"direction":"0","day_type":0,"velocity":3.193682989271049,"velocity_sign":1}
{"route_id":222,"direction":"1","day_type":1,"velocity":4.0509029231604945,"velocity_sign":1}
{"route_id":268,"direction":"0","day_type":0,"velocity":8.487599983233928,"velocity_sign":-1}
{"route_id":605,"direction":"1","day_type":1,"velocity":1.254278450012303,"velocity_sign":1}
{"route_id":704,"direction":"0","day_type":0,"velocity":5.642305044125233,"velocity_sign":-1}
{"route_id":744,"direction":"0","day_type":0,"velocity":6.133157432960874,"velocity_sign":-1}
