{"route_id":18,"direction":"0","day_type":0,"velocity":5.166235006790809,"velocity_sign":-1}
{"route_id":106,"direction":"1","day_type":0,"velocity":3.2722231062391436,"velocity_sign":-1}
{"route_id":212,"direction":"1","day_type":0,"velocity":3.2209583460677433,"velocity_sign":-1}
{"route_id":265,"direction":"1","day_type":1,"velocity":7.467003906269449,"velocity_sign":-1}
{"route_id":266,"direction":"1","day_type":0,"velocity":2.8811268954579776,"velocity_sign":1}
{"route_id":605,"direction":"0","day_type":0,"velocity":5.452803625341588,"velocity_sign":-1}
{"route_id":754,"direction":"1","day_type":0,"velocity":7.635044577211186,"velocity_sign":-1}
