{"route_id":"30","segment_first_lat":34.0480741084,"segment_first_lon":-118.3377835806,"segment_second_lat":34.0482289386,"segment_second_lon":-118.3382298605,"segment_sequence":10001,"segment_id":1,"segment_len_meter":44.57577341458877,"segment_cum_len":44.57577341458877}
{"route_id":"30","segment_first_lat":34.0482289386,"segment_first_lon":-118.3382298605,"segment_second_lat":34.048283396,"segment_second_lon":-118.3384083427,"segment_sequence":10002,"segment_id":1,"segment_len_meter":17.523482861006624,"segment_cum_len":62.099256275595394}
{"route_id":"30","segment_first_lat":34.048283396,"segment_first_lon":-118.3384083427,"segment_second_lat":34.048324151,"segment_second_lon":-118.3385735651,"segment_sequence":10003,"segment_id":1,"segment_len_meter":15.882564690905594,"segment_cum_len":77.98182096650099}
{"route_id":"30","segment_first_lat":34.048324151,"segment_first_lon":-118.3385735651,"segment_second_lat":34.0483122244,"segment_second_lon":-118.3389069331,"segment_sequence":10004,"segment_id":1,"segment_len_meter":30.742579207132295,"segment_cum_len":108.72440017363328}
{"route_id":"30","segment_first_lat":34.0483122244,"segment_first_lon":-118.3389069331,"segment_second_lat":34.0485009172,"segment_second_lon":-118.3392312108,"segment_sequence":10005,"segment_id":1,"segment_len_meter":36.50796430568599,"segment_cum_len":145.23236447931927}
{"route_id":"30","segment_first_lat":34.0485009172,"segment_first_lon":-118.3392312108,"segment_second_lat":34.0485996756,"segment_second_lon":-118.3383105871,"segment_sequence":10006,"segment_id":1,"segment_len_meter":85.52687305125211,"segment_cum_len":230.7592375305714}
{"route_id":"30","segment_first_lat":34.0485996756,"segment_first_lon":-118.3383105871,"segment_second_lat":34.0487038305,"segment_second_lon":-118.3374229946,"segment_sequence":10007,"segment_id":1,"segment_len_meter":82.59166391844559,"segment_cum_len":313.350901449017}
{"route_id":"30","segment_first_lat":34.0487038305,"segment_first_lon":-118.3374229946,"segment_second_lat":34.0487513091,"segment_second_lon":-118.3371491892,"segment_sequence":10008,"segment_id":1,"segment_len_meter":25.77271858666351,"segment_cum_len":339.1236200356805}
{"route_id":"30","segment_first_lat":34.0487513091,"segment_first_lon":-118.3371491892,"segment_second_lat":34.0487710508,"segment_second_lon":-118.3369677045,"segment_sequence":10009,"segment_id":1,"segment_len_meter":16.863998794173153,"segment_cum_len":355.98761882985366}
{"route_id":"30","segment_first_lat":34.0487710508,"segment_first_lon":-118.3369677045,"segment_second_lat":34.0487993488,"segment_second_lon":-118.3366740143,"segment_sequence":10010,"segment_id":1,"segment_len_meter":27.240549400261898,"segment_cum_len":383.22816823011556}
{"route_id":"30","segment_first_lat":34.0487993488,"segment_first_lon":-118.3366740143,"segment_second_lat":34.0488001767,"segment_second_lon":-118.3363769124,"segment_sequence":10011,"segment_id":1,"segment_len_meter":27.372681513742886,"segment_cum_len":410.6008497438584}
{"route_id":"30","segment_first_lat":34.0488001767,"segment_first_lon":-118.3363769124,"segment_second_lat":34.0487656035,"segment_second_lon":-118.3359641274,"segment_sequence":10012,"segment_id":1,"segment_len_meter":38.22443602531878,"segment_cum_len":448.8252857691772}
{"route_id":"30","segment_first_lat":34.0487656035,"segment_first_lon":-118.3359641274,"segment_second_lat":34.0487360015,"segment_second_lon":-118.3357395292,"segment_sequence":10013,"segment_id":1,"segment_len_meter":20.95280614487009,"segment_cum_len":469.77809191404725}
{"route_id":"30","segment_first_lat":34.0487360015,"segment_first_lon":-118.3357395292,"segment_second_lat":34.0486587707,"segment_second_lon":-118.3350525772,"segment_sequence":10014,"segment_id":1,"segment_len_meter":63.87014828820764,"segment_cum_len":533.6482402022549}
{"route_id":"30","segment_first_lat":34.0486587707,"segment_first_lon":-118.3350525772,"segment_second_lat":34.0486260527,"segment_second_lon":-118.3347619439,"segment_sequence":20001,"segment_id":1,"segment_len_meter":27.02263099299886,"segment_cum_len":560.6708711952538}
{"route_id":"30","segment_first_lat":34.0486260527,"segment_first_lon":-118.3347619439,"segment_second_lat":34.048518862,"segment_second_lon":-118.3337777699,"segment_sequence":20002,"segment_id":1,"segment_len_meter":91.45396837170772,"segment_cum_len":652.1248395669614}
{"route_id":"30","segment_first_lat":34.048518862,"segment_first_lon":-118.3337777699,"segment_second_lat":34.048470568,"segment_second_lon":-118.3333550293,"segment_sequence":20003,"segment_id":1,"segment_len_meter":39.31644512700653,"segment_cum_len":691.441284693968}
{"route_id":"30","segment_first_lat":34.048470568,"segment_first_lon":-118.3333550293,"segment_second_lat":34.0484346587,"segment_second_lon":-118.3330244406,"segment_sequence":20004,"segment_id":1,"segment_len_meter":30.718465542144923,"segment_cum_len":722.1597502361129}
{"route_id":"30","segment_first_lat":34.0484346587,"segment_first_lon":-118.3330244406,"segment_second_lat":34.0483928468,"segment_second_lon":-118.3326416705,"segment_sequence":30001,"segment_id":2,"segment_len_meter":35.57060238323819,"segment_cum_len":757.7303526193512}
{"route_id":"30","segment_first_lat":34.0483928468,"segment_first_lon":-118.3326416705,"segment_second_lat":34.0483044113,"segment_second_lon":-118.331825935,"segment_sequence":30002,"segment_id":2,"segment_len_meter":75.7961603645164,"segment_cum_len":833.5265129838675}
{"route_id":"30","segment_first_lat":34.0483044113,"segment_first_lon":-118.331825935,"segment_second_lat":34.048272226,"segment_second_lon":-118.3315386075,"segment_sequence":30003,"segment_id":2,"segment_len_meter":26.712974802064416,"segment_cum_len":860.2394877859319}
{"route_id":"30","segment_first_lat":34.048272226,"segment_first_lon":-118.3315386075,"segment_second_lat":34.0482055578,"segment_second_lon":-118.3307988867,"segment_sequence":30004,"segment_id":2,"segment_len_meter":68.55423720189471,"segment_cum_len":928.7937249878266}
{"route_id":"30","segment_first_lat":34.0482055578,"segment_first_lon":-118.3307988867,"segment_second_lat":34.0481468398,"segment_second_lon":-118.3301648351,"segment_sequence":30005,"segment_id":2,"segment_len_meter":58.78047520791285,"segment_cum_len":987.5742001957395}
{"route_id":"30","segment_first_lat":34.0481468398,"segment_first_lon":-118.3301648351,"segment_second_lat":34.0480854517,"segment_second_lon":-118.3295010636,"segment_sequence":30006,"segment_id":2,"segment_len_meter":61.53472095220118,"segment_cum_len":1049.1089211479407}
{"route_id":"30","segment_first_lat":34.0480854517,"segment_first_lon":-118.3295010636,"segment_second_lat":34.0479546902,"segment_second_lon":-118.3280744582,"segment_sequence":30007,"segment_id":2,"segment_len_meter":132.23869109496047,"segment_cum_len":1181.347612242901}
{"route_id":"30","segment_first_lat":34.0479546902,"segment_first_lon":-118.3280744582,"segment_second_lat":34.0478292289,"segment_second_lon":-118.3267139006,"segment_sequence":30008,"segment_id":2,"segment_len_meter":126.125843735296,"segment_cum_len":1307.473455978197}
{"route_id":"30","segment_first_lat":34.0478292289,"segment_first_lon":-118.3267139006,"segment_second_lat":34.0478073617,"segment_second_lon":-118.3264678811,"segment_sequence":30009,"segment_id":2,"segment_len_meter":22.796523033907103,"segment_cum_len":1330.2699790121042}
{"route_id":"30","segment_first_lat":34.0478073617,"segment_first_lon":-118.3264678811,"segment_second_lat":34.0477679021,"segment_second_lon":-118.3260204243,"segment_sequence":40001,"segment_id":2,"segment_len_meter":41.45832181953723,"segment_cum_len":1371.7283008316415}
{"route_id":"30","segment_first_lat":34.0477679021,"segment_first_lon":-118.3260204243,"segment_second_lat":34.0477198568,"segment_second_lon":-118.3254953581,"segment_sequence":40002,"segment_id":2,"segment_len_meter":48.6699855052651,"segment_cum_len":1420.3982863369065}
{"route_id":"30","segment_first_lat":34.0477198568,"segment_first_lon":-118.3254953581,"segment_second_lat":34.0477064912,"segment_second_lon":-118.3253566589,"segment_sequence":40003,"segment_id":2,"segment_len_meter":12.864900289086618,"segment_cum_len":1433.263186625993}
{"route_id":"30","segment_first_lat":34.0477064912,"segment_first_lon":-118.3253566589,"segment_second_lat":34.04762906,"segment_second_lon":-118.3245178728,"segment_sequence":40004,"segment_id":2,"segment_len_meter":77.75803744055318,"segment_cum_len":1511.0212240665462}
{"route_id":"30","segment_first_lat":34.04762906,"segment_first_lon":-118.3245178728,"segment_second_lat":34.0475833599,"segment_second_lon":-118.3240380428,"segment_sequence":40005,"segment_id":2,"segment_len_meter":44.49931504684779,"segment_cum_len":1555.520539113394}
{"route_id":"30","segment_first_lat":34.0475833599,"segment_first_lon":-118.3240380428,"segment_second_lat":34.0475675877,"segment_second_lon":-118.3238739161,"segment_sequence":50001,"segment_id":3,"segment_len_meter":15.222865539716894,"segment_cum_len":1570.743404653111}
{"route_id":"30","segment_first_lat":34.0475675877,"segment_first_lon":-118.3238739161,"segment_second_lat":34.0475329452,"segment_second_lon":-118.3234710455,"segment_sequence":50002,"segment_id":3,"segment_len_meter":37.317080408805985,"segment_cum_len":1608.060485061917}
{"route_id":"30","segment_first_lat":34.0475329452,"segment_first_lon":-118.3234710455,"segment_second_lat":34.0474848624,"segment_second_lon":-118.3229558855,"segment_sequence":50003,"segment_id":3,"segment_len_meter":47.763515787740346,"segment_cum_len":1655.8240008496573}
{"route_id":"30","segment_first_lat":34.0474848624,"segment_first_lon":-118.3229558855,"segment_second_lat":34.047439437,"segment_second_lon":-118.3224737475,"segment_sequence":50004,"segment_id":3,"segment_len_meter":44.70718737324027,"segment_cum_len":1700.5311882228975}
{"route_id":"30","segment_first_lat":34.047439437,"segment_first_lon":-118.3224737475,"segment_second_lat":34.0473476071,"segment_second_lon":-118.3214622634,"segment_sequence":50005,"segment_id":3,"segment_len_meter":93.74911935460699,"segment_cum_len":1794.2803075775046}
{"route_id":"30","segment_first_lat":34.0473476071,"segment_first_lon":-118.3214622634,"segment_second_lat":34.0473326558,"segment_second_lon":-118.3212981408,"segment_sequence":60001,"segment_id":3,"segment_len_meter":15.21228586073608,"segment_cum_len":1809.4925934382406}
{"route_id":"30","segment_first_lat":34.0473326558,"segment_first_lon":-118.3212981408,"segment_second_lat":34.0472952744,"segment_second_lon":-118.3208886598,"segment_sequence":60002,"segment_id":3,"segment_len_meter":37.95516495775462,"segment_cum_len":1847.4477583959952}
{"route_id":"30","segment_first_lat":34.0472952744,"segment_first_lon":-118.3208886598,"segment_second_lat":34.0472314639,"segment_second_lon":-118.3200829452,"segment_sequence":60003,"segment_id":3,"segment_len_meter":74.57159223475475,"segment_cum_len":1922.0193506307498}
{"route_id":"30","segment_first_lat":34.0472314639,"segment_first_lon":-118.3200829452,"segment_second_lat":34.0472047376,"segment_second_lon":-118.319798948,"segment_sequence":60004,"segment_id":3,"segment_len_meter":26.333881086898145,"segment_cum_len":1948.353231717648}
{"route_id":"30","segment_first_lat":34.0472047376,"segment_first_lon":-118.319798948,"segment_second_lat":34.0471888623,"segment_second_lon":-118.31956781,"segment_sequence":60005,"segment_id":3,"segment_len_meter":21.36859611826197,"segment_cum_len":1969.72182783591}
{"route_id":"30","segment_first_lat":34.0471888623,"segment_first_lon":-118.31956781,"segment_second_lat":34.0471812213,"segment_second_lon":-118.3193400047,"segment_sequence":60006,"segment_id":3,"segment_len_meter":21.005697538786798,"segment_cum_len":1990.7275253746968}
{"route_id":"30","segment_first_lat":34.0471812213,"segment_first_lon":-118.3193400047,"segment_second_lat":34.047176912,"segment_second_lon":-118.3188910381,"segment_sequence":60007,"segment_id":3,"segment_len_meter":41.367657669496346,"segment_cum_len":2032.0951830441932}
{"route_id":"30","segment_first_lat":34.047176912,"segment_first_lon":-118.3188910381,"segment_second_lat":34.0471774553,"segment_second_lon":-118.3178511926,"segment_sequence":60008,"segment_id":3,"segment_len_meter":95.80466858083616,"segment_cum_len":2127.8998516250294}
{"route_id":"30","segment_first_lat":34.0471774553,"segment_first_lon":-118.3178511926,"segment_second_lat":34.0471775572,"segment_second_lon":-118.3176036102,"segment_sequence":70001,"segment_id":4,"segment_len_meter":22.810646292611583,"segment_cum_len":2150.710497917641}
{"route_id":"30","segment_first_lat":34.0471775572,"segment_first_lon":-118.3176036102,"segment_second_lat":34.0471825433,"segment_second_lon":-118.3157021935,"segment_sequence":70002,"segment_id":4,"segment_len_meter":175.1851276876788,"segment_cum_len":2325.8956256053198}
{"route_id":"30","segment_first_lat":34.0471825433,"segment_first_lon":-118.3157021935,"segment_second_lat":34.0471853004,"segment_second_lon":-118.3146458507,"segment_sequence":70003,"segment_id":4,"segment_len_meter":97.32507934937465,"segment_cum_len":2423.2207049546946}
{"route_id":"30","segment_first_lat":34.0471853004,"segment_first_lon":-118.3146458507,"segment_second_lat":34.0471857304,"segment_second_lon":-118.3144807972,"segment_sequence":80001,"segment_id":4,"segment_len_meter":15.207037325297959,"segment_cum_len":2438.4277422799923}
{"route_id":"30","segment_first_lat":34.0471857304,"segment_first_lon":-118.3144807972,"segment_second_lat":34.0471895043,"segment_second_lon":-118.3130283258,"segment_sequence":80002,"segment_id":4,"segment_len_meter":133.8219768991654,"segment_cum_len":2572.2497191791576}
{"route_id":"30","segment_first_lat":34.0471895043,"segment_first_lon":-118.3130283258,"segment_second_lat":34.0471959746,"segment_second_lon":-118.3115890688,"segment_sequence":80003,"segment_id":4,"segment_len_meter":132.6057733772391,"segment_cum_len":2704.8554925563967}
{"route_id":"30","segment_first_lat":34.0471959746,"segment_first_lon":-118.3115890688,"segment_second_lat":34.0472024108,"segment_second_lon":-118.3101564138,"segment_sequence":80004,"segment_id":4,"segment_len_meter":131.99748617742287,"segment_cum_len":2836.85297873382}
{"route_id":"30","segment_first_lat":34.0472024108,"segment_first_lon":-118.3101564138,"segment_second_lat":34.0472073643,"segment_second_lon":-118.3091892087,"segment_sequence":80005,"segment_id":4,"segment_len_meter":89.11370529236937,"segment_cum_len":2925.9666840261893}
{"route_id":"30","segment_first_lat":34.0472073643,"segment_first_lon":-118.3091892087,"segment_second_lat":34.0472080615,"segment_second_lon":-118.3090241561,"segment_sequence":90001,"segment_id":5,"segment_len_meter":15.20707286866646,"segment_cum_len":2941.1737568948556}
{"route_id":"30","segment_first_lat":34.0472080615,"segment_first_lon":-118.3090241561,"segment_second_lat":34.047213391,"segment_second_lon":-118.306934577,"segment_sequence":90002,"segment_id":5,"segment_len_meter":192.52116067251666,"segment_cum_len":3133.694917567372}
{"route_id":"30","segment_first_lat":34.047213391,"segment_first_lon":-118.306934577,"segment_second_lat":34.0472175834,"segment_second_lon":-118.3052807393,"segment_sequence":90003,"segment_id":5,"segment_len_meter":152.37457024019125,"segment_cum_len":3286.0694878075633}
{"route_id":"30","segment_first_lat":34.0472175834,"segment_first_lon":-118.3052807393,"segment_second_lat":34.0472150108,"segment_second_lon":-118.3052114068,"segment_sequence":90004,"segment_id":5,"segment_len_meter":6.3942478398734774,"segment_cum_len":3292.463735647437}
{"route_id":"30","segment_first_lat":34.0472150108,"segment_first_lon":-118.3052114068,"segment_second_lat":34.0472194835,"segment_second_lon":-118.3043102217,"segment_sequence":90005,"segment_id":5,"segment_len_meter":83.03082596289292,"segment_cum_len":3375.4945616103296}
{"route_id":"30","segment_first_lat":34.0472194835,"segment_first_lon":-118.3043102217,"segment_second_lat":34.0472204489,"segment_second_lon":-118.3041451701,"segment_sequence":100001,"segment_id":5,"segment_len_meter":15.207159814835096,"segment_cum_len":3390.7017214251646}
{"route_id":"30","segment_first_lat":34.0472204489,"segment_first_lon":-118.3041451701,"segment_second_lat":34.0472230718,"segment_second_lon":-118.3031020308,"segment_sequence":100002,"segment_id":5,"segment_len_meter":96.10851100008998,"segment_cum_len":3486.8102324252545}
{"route_id":"30","segment_first_lat":34.0472230718,"segment_first_lon":-118.3031020308,"segment_second_lat":34.0472245453,"segment_second_lon":-118.3025144396,"segment_sequence":100003,"segment_id":5,"segment_len_meter":54.137076950827144,"segment_cum_len":3540.9473093760816}
{"route_id":"30","segment_first_lat":34.0472245453,"segment_first_lon":-118.3025144396,"segment_second_lat":34.0472257022,"segment_second_lon":-118.3020522893,"segment_sequence":100004,"segment_id":5,"segment_len_meter":42.57971454437229,"segment_cum_len":3583.5270239204538}
{"route_id":"30","segment_first_lat":34.0472257022,"segment_first_lon":-118.3020522893,"segment_second_lat":34.0472283235,"segment_second_lon":-118.3010025477,"segment_sequence":100005,"segment_id":5,"segment_len_meter":96.71679465752996,"segment_cum_len":3680.243818577984}
{"route_id":"30","segment_first_lat":34.0472283235,"segment_first_lon":-118.3010025477,"segment_second_lat":34.047233585,"segment_second_lon":-118.2999924288,"segment_sequence":100006,"segment_id":5,"segment_len_meter":93.06761248183241,"segment_cum_len":3773.311431059816}
{"route_id":"30","segment_first_lat":34.047233585,"segment_first_lon":-118.2999924288,"segment_second_lat":34.0472344047,"segment_second_lon":-118.2996623214,"segment_sequence":100007,"segment_id":5,"segment_len_meter":30.414080355078944,"segment_cum_len":3803.725511414895}
{"route_id":"30","segment_first_lat":34.0472344047,"segment_first_lon":-118.2996623214,"segment_second_lat":34.0472362701,"segment_second_lon":-118.2989096764,"segment_sequence":110001,"segment_id":6,"segment_len_meter":69.3441127367879,"segment_cum_len":3873.069624151683}
{"route_id":"30","segment_first_lat":34.0472362701,"segment_first_lon":-118.2989096764,"segment_second_lat":34.047239655,"segment_second_lon":-118.2986522023,"segment_sequence":110002,"segment_id":6,"segment_len_meter":23.724969671652918,"segment_cum_len":3896.794593823336}
{"route_id":"30","segment_first_lat":34.047239655,"segment_first_lon":-118.2986522023,"segment_second_lat":34.0472415874,"segment_second_lon":-118.2978698476,"segment_sequence":110003,"segment_id":6,"segment_len_meter":72.08137631750343,"segment_cum_len":3968.8759701408394}
{"route_id":"30","segment_first_lat":34.0472415874,"segment_first_lon":-118.2978698476,"segment_second_lat":34.047247718,"segment_second_lon":-118.2976123833,"segment_sequence":110004,"segment_id":6,"segment_len_meter":23.73087227958914,"segment_cum_len":3992.6068424204286}
{"route_id":"30","segment_first_lat":34.047247718,"segment_first_lon":-118.2976123833,"segment_second_lat":34.0472488886,"segment_second_lon":-118.2971370284,"segment_sequence":110005,"segment_id":6,"segment_len_meter":43.79628756169479,"segment_cum_len":4036.4031299821236}
{"route_id":"30","segment_first_lat":34.0472488886,"segment_first_lon":-118.2971370284,"segment_second_lat":34.0472492947,"segment_second_lon":-118.2969719746,"segment_sequence":120001,"segment_id":6,"segment_len_meter":15.207045440292488,"segment_cum_len":4051.610175422416}
{"route_id":"30","segment_first_lat":34.0472492947,"segment_first_lon":-118.2969719746,"segment_second_lat":34.0472469202,"segment_second_lon":-118.2968201154,"segment_sequence":120002,"segment_id":6,"segment_len_meter":13.993805426586254,"segment_cum_len":4065.6039808490023}
{"route_id":"30","segment_first_lat":34.0472469202,"segment_first_lon":-118.2968201154,"segment_second_lat":34.0472493019,"segment_second_lon":-118.2958495993,"segment_sequence":120003,"segment_id":6,"segment_len_meter":89.41740370605532,"segment_cum_len":4155.021384555058}
{"route_id":"30","segment_first_lat":34.0472493019,"segment_first_lon":-118.2958495993,"segment_second_lat":34.0472494798,"segment_second_lon":-118.2957769756,"segment_sequence":120004,"segment_id":6,"segment_len_meter":6.691102290702931,"segment_cum_len":4161.712486845761}
{"route_id":"30","segment_first_lat":34.0472494798,"segment_first_lon":-118.2957769756,"segment_second_lat":34.047253874,"segment_second_lon":-118.2948790908,"segment_sequence":120005,"segment_id":6,"segment_len_meter":82.72667764786115,"segment_cum_len":4244.439164493622}
{"route_id":"30","segment_first_lat":34.047253874,"segment_first_lon":-118.2948790908,"segment_second_lat":34.0472548266,"segment_second_lon":-118.2947140389,"segment_sequence":130001,"segment_id":7,"segment_len_meter":15.207171306679692,"segment_cum_len":4259.646335800302}
{"route_id":"30","segment_first_lat":34.0472548266,"segment_first_lon":-118.2947140389,"segment_second_lat":34.0472562431,"segment_second_lon":-118.2941330496,"segment_sequence":130002,"segment_id":7,"segment_len_meter":53.52878461445495,"segment_cum_len":4313.175120414757}
{"route_id":"30","segment_first_lat":34.0472562431,"segment_first_lon":-118.2941330496,"segment_second_lat":34.0472573198,"segment_second_lon":-118.2936907054,"segment_sequence":130003,"segment_id":7,"segment_len_meter":40.75487573277763,"segment_cum_len":4353.929996147534}
{"route_id":"30","segment_first_lat":34.0472573198,"segment_first_lon":-118.2936907054,"segment_second_lat":34.0472604048,"segment_second_lon":-118.2935520698,"segment_sequence":130004,"segment_id":7,"segment_len_meter":12.777582168702434,"segment_cum_len":4366.707578316237}
{"route_id":"30","segment_first_lat":34.0472604048,"segment_first_lon":-118.2935520698,"segment_second_lat":34.0472626242,"segment_second_lon":-118.2926376717,"segment_sequence":130005,"segment_id":7,"segment_len_meter":84.24701384840978,"segment_cum_len":4450.954592164647}
{"route_id":"30","segment_first_lat":34.0472626242,"segment_first_lon":-118.2926376717,"segment_second_lat":34.0472686637,"segment_second_lon":-118.2924132177,"segment_sequence":130006,"segment_id":7,"segment_len_meter":20.690621980612413,"segment_cum_len":4471.645214145259}
{"route_id":"30","segment_first_lat":34.0472686637,"segment_first_lon":-118.2924132177,"segment_second_lat":34.0472658561,"segment_second_lon":-118.2917562881,"segment_sequence":130007,"segment_id":7,"segment_len_meter":60.52599204343597,"segment_cum_len":4532.171206188696}
{"route_id":"30","segment_first_lat":34.0472658561,"segment_first_lon":-118.2917562881,"segment_second_lat":34.0472651556,"segment_second_lon":-118.2915912304,"segment_sequence":140001,"segment_id":7,"segment_len_meter":15.207534252946969,"segment_cum_len":4547.378740441643}
{"route_id":"30","segment_first_lat":34.0472651556,"segment_first_lon":-118.2915912304,"segment_second_lat":34.0472701637,"segment_second_lon":-118.2906537342,"segment_sequence":140002,"segment_id":7,"segment_len_meter":86.37654891641559,"segment_cum_len":4633.755289358058}
{"route_id":"30","segment_first_lat":34.0472701637,"segment_first_lon":-118.2906537342,"segment_second_lat":34.0472734834,"segment_second_lon":-118.2904160662,"segment_sequence":140003,"segment_id":7,"segment_len_meter":21.900281466699916,"segment_cum_len":4655.655570824758}
{"route_id":"30","segment_first_lat":34.0472734834,"segment_first_lon":-118.2904160662,"segment_second_lat":34.0472760193,"segment_second_lon":-118.2893597216,"segment_sequence":140004,"segment_id":7,"segment_len_meter":97.32506656645793,"segment_cum_len":4752.980637391216}
{"route_id":"30","segment_first_lat":34.0472760193,"segment_first_lon":-118.2893597216,"segment_second_lat":34.0472766124,"segment_second_lon":-118.2891121408,"segment_sequence":150001,"segment_id":8,"segment_len_meter":22.8105648193298,"segment_cum_len":4775.791202210546}
{"route_id":"30","segment_first_lat":34.0472766124,"segment_first_lon":-118.2891121408,"segment_second_lat":34.0472779862,"segment_second_lon":-118.2885377533,"segment_sequence":150002,"segment_id":8,"segment_len_meter":52.920513117801036,"segment_cum_len":4828.711715328347}
{"route_id":"30","segment_first_lat":34.0472779862,"segment_first_lon":-118.2885377533,"segment_second_lat":34.0472800261,"segment_second_lon":-118.2876827743,"segment_sequence":150003,"segment_id":8,"segment_len_meter":78.77247598998306,"segment_cum_len":4907.48419131833}
{"route_id":"30","segment_first_lat":34.0472800261,"segment_first_lon":-118.2876827743,"segment_second_lat":34.0472841803,"segment_second_lon":-118.2870918908,"segment_sequence":150004,"segment_id":8,"segment_len_meter":54.44208237049086,"segment_cum_len":4961.92627368882}
{"route_id":"30","segment_first_lat":34.0472841803,"segment_first_lon":-118.2870918908,"segment_second_lat":34.047285239,"segment_second_lon":-118.2866462453,"segment_sequence":150005,"segment_id":8,"segment_len_meter":41.059015296012724,"segment_cum_len":5002.9852889848335}
{"route_id":"30","segment_first_lat":34.047285239,"segment_first_lon":-118.2866462453,"segment_second_lat":34.0472856307,"segment_second_lon":-118.2864811914,"segment_sequence":160001,"segment_id":8,"segment_len_meter":15.207043465580528,"segment_cum_len":5018.192332450414}
{"route_id":"30","segment_first_lat":34.0472856307,"segment_first_lon":-118.2864811914,"segment_second_lat":34.0472858891,"segment_second_lon":-118.2863722558,"segment_sequence":160002,"segment_id":8,"segment_len_meter":10.036651004784122,"segment_cum_len":5028.228983455198}
{"route_id":"30","segment_first_lat":34.0472858891,"segment_first_lon":-118.2863722558,"segment_second_lat":34.0472869998,"segment_second_lon":-118.2859035028,"segment_sequence":160003,"segment_id":8,"segment_len_meter":43.18799537522583,"segment_cum_len":5071.416978830424}
{"route_id":"30","segment_first_lat":34.0472869998,"segment_first_lon":-118.2859035028,"segment_second_lat":34.0472898571,"segment_second_lon":-118.2858572971,"segment_sequence":160004,"segment_id":8,"segment_len_meter":4.268928793311482,"segment_cum_len":5075.685907623736}
{"route_id":"30","segment_first_lat":34.0472898571,"segment_first_lon":-118.2858572971,"segment_second_lat":34.047288335,"segment_second_lon":-118.2853390184,"segment_sequence":160005,"segment_id":8,"segment_len_meter":47.751089540647335,"segment_cum_len":5123.436997164384}
{"route_id":"30","segment_first_lat":34.047288335,"segment_first_lon":-118.2853390184,"segment_second_lat":34.0472898077,"segment_second_lon":-118.2847151147,"segment_sequence":160006,"segment_id":8,"segment_len_meter":57.48261544461075,"segment_cum_len":5180.919612608995}
{"route_id":"30","segment_first_lat":34.0472898077,"segment_first_lon":-118.2847151147,"segment_second_lat":34.0472905233,"segment_second_lon":-118.2844114155,"segment_sequence":160007,"segment_id":8,"segment_len_meter":27.980958998867013,"segment_cum_len":5208.900571607862}
{"route_id":"30","segment_first_lat":34.0472905233,"segment_first_lon":-118.2844114155,"segment_second_lat":34.0472910285,"segment_second_lon":-118.2841968454,"segment_sequence":170001,"segment_id":9,"segment_len_meter":19.769156751211277,"segment_cum_len":5228.669728359073}
{"route_id":"30","segment_first_lat":34.0472910285,"segment_first_lon":-118.2841968454,"segment_second_lat":34.0472911917,"segment_second_lon":-118.2841275227,"segment_sequence":170002,"segment_id":9,"segment_len_meter":6.3869631232943265,"segment_cum_len":5235.056691482368}
{"route_id":"30","segment_first_lat":34.0472911917,"segment_first_lon":-118.2841275227,"segment_second_lat":34.0472928208,"segment_second_lon":-118.2834342963,"segment_sequence":170003,"segment_id":9,"segment_len_meter":63.869574362918804,"segment_cum_len":5298.926265845286}
{"route_id":"30","segment_first_lat":34.0472928208,"segment_first_lon":-118.2834342963,"segment_second_lat":34.0472938969,"segment_second_lon":-118.2829754464,"segment_sequence":170004,"segment_id":9,"segment_len_meter":42.27557816518768,"segment_cum_len":5341.201844010474}
{"route_id":"30","segment_first_lat":34.0472938969,"segment_first_lon":-118.2829754464,"segment_second_lat":34.0472832536,"segment_second_lon":-118.2828268607,"segment_sequence":170005,"segment_id":9,"segment_len_meter":13.740769899568233,"segment_cum_len":5354.942613910042}
{"route_id":"30","segment_first_lat":34.0472832536,"segment_first_lon":-118.2828268607,"segment_second_lat":34.0472616032,"segment_second_lon":-118.2826848401,"segment_sequence":170006,"segment_id":9,"segment_len_meter":13.304467201093981,"segment_cum_len":5368.247081111136}
{"route_id":"30","segment_first_lat":34.0472616032,"segment_first_lon":-118.2826848401,"segment_second_lat":34.0472424841,"segment_second_lon":-118.2826352589,"segment_sequence":170007,"segment_id":9,"segment_len_meter":5.038558751977077,"segment_cum_len":5373.285639863113}
{"route_id":"30","segment_first_lat":34.0472424841,"segment_first_lon":-118.2826352589,"segment_second_lat":34.0471850419,"segment_second_lon":-118.2825228275,"segment_sequence":170008,"segment_id":9,"segment_len_meter":12.169634342800421,"segment_cum_len":5385.455274205913}
{"route_id":"30","segment_first_lat":34.0471850419,"segment_first_lon":-118.2825228275,"segment_second_lat":34.0471443044,"segment_second_lon":-118.2824348807,"segment_sequence":170009,"segment_id":9,"segment_len_meter":9.283066273345375,"segment_cum_len":5394.738340479258}
{"route_id":"30","segment_first_lat":34.0471443044,"segment_first_lon":-118.2824348807,"segment_second_lat":34.0469280404,"segment_second_lon":-118.2819673765,"segment_sequence":180001,"segment_id":9,"segment_len_meter":49.33106668697031,"segment_cum_len":5444.069407166228}
{"route_id":"30","segment_first_lat":34.0469280404,"segment_first_lon":-118.2819673765,"segment_second_lat":34.0466574047,"segment_second_lon":-118.2813656681,"segment_sequence":180002,"segment_id":9,"segment_len_meter":63.07895783792763,"segment_cum_len":5507.1483650041555}
{"route_id":"30","segment_first_lat":34.0466574047,"segment_first_lon":-118.2813656681,"segment_second_lat":34.0463840259,"segment_second_lon":-118.2807606532,"segment_sequence":180003,"segment_id":9,"segment_len_meter":63.49248764544106,"segment_cum_len":5570.640852649596}
{"route_id":"30","segment_first_lat":34.0463840259,"segment_first_lon":-118.2807606532,"segment_second_lat":34.0462610025,"segment_second_lon":-118.2804892231,"segment_sequence":180004,"segment_id":9,"segment_len_meter":28.504988211805916,"segment_cum_len":5599.145840861402}
{"route_id":"30","segment_first_lat":34.0462610025,"segment_first_lon":-118.2804892231,"segment_second_lat":34.0461953907,"segment_second_lon":-118.2803440866,"segment_sequence":190001,"segment_id":10,"segment_len_meter":15.232859441886824,"segment_cum_len":5614.3787003032885}
{"route_id":"30","segment_first_lat":34.0461953907,"segment_first_lon":-118.2803440866,"segment_second_lat":34.0460805938,"segment_second_lon":-118.2800796174,"segment_sequence":190002,"segment_id":10,"segment_len_meter":27.507836458764622,"segment_cum_len":5641.886536762053}
{"route_id":"30","segment_first_lat":34.0460805938,"segment_first_lon":-118.2800796174,"segment_second_lat":34.0459958545,"segment_second_lon":-118.2798878727,"segment_sequence":190003,"segment_id":10,"segment_len_meter":20.022116372139998,"segment_cum_len":5661.908653134193}
{"route_id":"30","segment_first_lat":34.0459958545,"segment_first_lon":-118.2798878727,"segment_second_lat":34.0455584518,"segment_second_lon":-118.278912604,"segment_sequence":190004,"segment_id":10,"segment_len_meter":102.17501883320232,"segment_cum_len":5764.083671967395}
{"route_id":"30","segment_first_lat":34.0455584518,"segment_first_lon":-118.278912604,"segment_second_lat":34.0450799907,"segment_second_lon":-118.2778645867,"segment_sequence":190005,"segment_id":10,"segment_len_meter":110.24639994293055,"segment_cum_len":5874.330071910325}
{"route_id":"30","segment_first_lat":34.0450799907,"segment_first_lon":-118.2778645867,"segment_second_lat":34.0446343509,"segment_second_lon":-118.2768794091,"segment_sequence":190006,"segment_id":10,"segment_len_meter":103.41543070739624,"segment_cum_len":5977.745502617721}
{"route_id":"30","segment_first_lat":34.0446343509,"segment_first_lon":-118.2768794091,"segment_second_lat":34.0444738782,"segment_second_lon":-118.2765184096,"segment_sequence":190007,"segment_id":10,"segment_len_meter":37.745281637548764,"segment_cum_len":6015.49078425527}
{"route_id":"30","segment_first_lat":34.0444738782,"segment_first_lon":-118.2765184096,"segment_second_lat":34.0441668712,"segment_second_lon":-118.2758281503,"segment_sequence":200001,"segment_id":10,"segment_len_meter":72.18105904535238,"segment_cum_len":6087.671843300623}
{"route_id":"30","segment_first_lat":34.0441668712,"segment_first_lon":-118.2758281503,"segment_second_lat":34.0439043883,"segment_second_lon":-118.2752529162,"segment_sequence":200002,"segment_id":10,"segment_len_meter":60.50538121173131,"segment_cum_len":6148.177224512354}
{"route_id":"30","segment_first_lat":34.0439043883,"segment_first_lon":-118.2752529162,"segment_second_lat":34.0438824958,"segment_second_lon":-118.2752132326,"segment_sequence":200003,"segment_id":10,"segment_len_meter":4.392579190268349,"segment_cum_len":6152.569803702622}
{"route_id":"30","segment_first_lat":34.0438824958,"segment_first_lon":-118.2752132326,"segment_second_lat":34.0437184744,"segment_second_lon":-118.2748396843,"segment_sequence":200004,"segment_id":10,"segment_len_meter":38.95144799586633,"segment_cum_len":6191.521251698488}
{"route_id":"30","segment_first_lat":34.0437184744,"segment_first_lon":-118.2748396843,"segment_second_lat":34.0434062339,"segment_second_lon":-118.2741507406,"segment_sequence":200005,"segment_id":10,"segment_len_meter":72.3522256925613,"segment_cum_len":6263.87347739105}
{"route_id":"30","segment_first_lat":34.0434062339,"segment_first_lon":-118.2741507406,"segment_second_lat":34.0433274899,"segment_second_lon":-118.2739768528,"segment_sequence":210001,"segment_id":11,"segment_len_meter":18.258111619398914,"segment_cum_len":6282.131589010449}
{"route_id":"30","segment_first_lat":34.0433274899,"segment_first_lon":-118.2739768528,"segment_second_lat":34.0429748123,"segment_second_lon":-118.273183474,"segment_sequence":210002,"segment_id":11,"segment_len_meter":82.95505384298241,"segment_cum_len":6365.086642853431}
{"route_id":"30","segment_first_lat":34.0429748123,"segment_first_lon":-118.273183474,"segment_second_lat":34.0428435799,"segment_second_lon":-118.2728892629,"segment_sequence":210003,"segment_id":11,"segment_len_meter":30.786120401103663,"segment_cum_len":6395.872763254534}
{"route_id":"30","segment_first_lat":34.0428435799,"segment_first_lon":-118.2728892629,"segment_second_lat":34.0427916467,"segment_second_lon":-118.2727669593,"segment_sequence":210004,"segment_id":11,"segment_len_meter":12.662309605977626,"segment_cum_len":6408.535072860512}
{"route_id":"30","segment_first_lat":34.0427916467,"segment_first_lon":-118.2727669593,"segment_second_lat":34.0425483247,"segment_second_lon":-118.272218214,"segment_sequence":210005,"segment_id":11,"segment_len_meter":57.34460919741015,"segment_cum_len":6465.879682057922}
{"route_id":"30","segment_first_lat":34.0425483247,"segment_first_lon":-118.272218214,"segment_second_lat":34.0423788281,"segment_second_lon":-118.2718314561,"segment_sequence":210006,"segment_id":11,"segment_len_meter":40.31245614757248,"segment_cum_len":6506.192138205494}
{"route_id":"30","segment_first_lat":34.0423788281,"segment_first_lon":-118.2718314561,"segment_second_lat":34.0423406183,"segment_second_lon":-118.2717158002,"segment_sequence":210007,"segment_id":11,"segment_len_meter":11.472160712740498,"segment_cum_len":6517.664298918235}
{"route_id":"30","segment_first_lat":34.0423406183,"segment_first_lon":-118.2717158002,"segment_second_lat":34.0420808785,"segment_second_lon":-118.2711339987,"segment_sequence":210008,"segment_id":11,"segment_len_meter":60.891871327959905,"segment_cum_len":6578.556170246195}
{"route_id":"30","segment_first_lat":34.0420808785,"segment_first_lon":-118.2711339987,"segment_second_lat":34.0418046785,"segment_second_lon":-118.2705389441,"segment_sequence":210009,"segment_id":11,"segment_len_meter":62.84365453624763,"segment_cum_len":6641.399824782442}
{"route_id":"30","segment_first_lat":34.0418046785,"segment_first_lon":-118.2705389441,"segment_second_lat":34.0413207448,"segment_second_lon":-118.2694480931,"segment_sequence":210010,"segment_id":11,"segment_len_meter":114.00879658864613,"segment_cum_len":6755.408621371088}
{"route_id":"30","segment_first_lat":34.0413207448,"segment_first_lon":-118.2694480931,"segment_second_lat":34.0409926507,"segment_second_lon":-118.2687076451,"segment_sequence":210011,"segment_id":11,"segment_len_meter":77.36671109167727,"segment_cum_len":6832.775332462766}
{"route_id":"30","segment_first_lat":34.0409926507,"segment_first_lon":-118.2687076451,"segment_second_lat":34.0409571049,"segment_second_lon":-118.2686283105,"segment_sequence":210012,"segment_id":11,"segment_len_meter":8.31006465170505,"segment_cum_len":6841.085397114471}
{"route_id":"30","segment_first_lat":34.0409571049,"segment_first_lon":-118.2686283105,"segment_second_lat":34.0408449422,"segment_second_lon":-118.2684034927,"segment_sequence":210013,"segment_id":11,"segment_len_meter":24.179568459306104,"segment_cum_len":6865.264965573777}
{"route_id":"30","segment_first_lat":34.0408449422,"segment_first_lon":-118.2684034927,"segment_second_lat":34.0406944925,"segment_second_lon":-118.2680960317,"segment_sequence":210014,"segment_id":11,"segment_len_meter":32.90037189467477,"segment_cum_len":6898.165337468452}
{"route_id":"30","segment_first_lat":34.0406944925,"segment_first_lon":-118.2680960317,"segment_second_lat":34.0406507028,"segment_second_lon":-118.2680166712,"segment_sequence":210015,"segment_id":11,"segment_len_meter":8.785165334813401,"segment_cum_len":6906.950502803265}
{"route_id":"30","segment_first_lat":34.0406507028,"segment_first_lon":-118.2680166712,"segment_second_lat":34.0404977051,"segment_second_lon":-118.2677425419,"segment_sequence":210016,"segment_id":11,"segment_len_meter":30.453534801920657,"segment_cum_len":6937.404037605186}
{"route_id":"30","segment_first_lat":34.0404977051,"segment_first_lon":-118.2677425419,"segment_second_lat":34.0404974311,"segment_second_lon":-118.2677422109,"segment_sequence":220001,"segment_id":11,"segment_len_meter":0.04310948871038273,"segment_cum_len":6937.447147093897}
{"route_id":"30","segment_first_lat":34.0404974311,"segment_first_lon":-118.2677422109,"segment_second_lat":34.0403360467,"segment_second_lon":-118.2674083109,"segment_sequence":220002,"segment_id":11,"segment_len_meter":35.61691479528128,"segment_cum_len":6973.064061889178}
{"route_id":"30","segment_first_lat":34.0403360467,"segment_first_lon":-118.2674083109,"segment_second_lat":34.0400598356,"segment_second_lon":-118.2668099801,"segment_sequence":220003,"segment_id":11,"segment_len_meter":63.108781558122054,"segment_cum_len":7036.172843447301}
{"route_id":"30","segment_first_lat":34.0400598356,"segment_first_lon":-118.2668099801,"segment_second_lat":34.0397698605,"segment_second_lon":-118.266221512,"segment_sequence":220004,"segment_id":11,"segment_len_meter":63.08499984152135,"segment_cum_len":7099.257843288822}
{"route_id":"30","segment_first_lat":34.0397698605,"segment_first_lon":-118.266221512,"segment_second_lat":34.0395975605,"segment_second_lon":-118.2658512743,"segment_sequence":220005,"segment_id":11,"segment_len_meter":39.126079321081654,"segment_cum_len":7138.3839226099035}
{"route_id":"30","segment_first_lat":34.0395975605,"segment_first_lon":-118.2658512743,"segment_second_lat":34.0395046059,"segment_second_lon":-118.2656364273,"segment_sequence":220006,"segment_id":11,"segment_len_meter":22.33230428901388,"segment_cum_len":7160.716226898918}
{"route_id":"30","segment_first_lat":34.0395046059,"segment_first_lon":-118.2656364273,"segment_second_lat":34.0390041843,"segment_second_lon":-118.2645257779,"segment_sequence":220007,"segment_id":11,"segment_len_meter":116.48726181190293,"segment_cum_len":7277.20348871082}
{"route_id":"30","segment_first_lat":34.0390041843,"segment_first_lon":-118.2645257779,"segment_second_lat":34.0389817554,"segment_second_lon":-118.264478506,"segment_sequence":220008,"segment_id":11,"segment_len_meter":5.019210670345732,"segment_cum_len":7282.222699381166}
{"route_id":"30","segment_first_lat":34.0389817554,"segment_first_lon":-118.264478506,"segment_second_lat":34.0388865689,"segment_second_lon":-118.2642778483,"segment_sequence":230001,"segment_id":12,"segment_len_meter":21.304303684791538,"segment_cum_len":7303.527003065958}
{"route_id":"30","segment_first_lat":34.0388865689,"segment_first_lon":-118.2642778483,"segment_second_lat":34.0387196433,"segment_second_lon":-118.2639604477,"segment_sequence":230002,"segment_id":12,"segment_len_meter":34.63895483099838,"segment_cum_len":7338.165957896956}
{"route_id":"30","segment_first_lat":34.0387196433,"segment_first_lon":-118.2639604477,"segment_second_lat":34.0386101477,"segment_second_lon":-118.2637686582,"segment_sequence":230003,"segment_id":12,"segment_len_meter":21.460185364176898,"segment_cum_len":7359.626143261133}
{"route_id":"30","segment_first_lat":34.0386101477,"segment_first_lon":-118.2637686582,"segment_second_lat":34.0383117703,"segment_second_lon":-118.2632461994,"segment_sequence":230004,"segment_id":12,"segment_len_meter":58.46650418244302,"segment_cum_len":7418.0926474435755}
{"route_id":"30","segment_first_lat":34.0383117703,"segment_first_lon":-118.2632461994,"segment_second_lat":34.0380982219,"segment_second_lon":-118.2628857469,"segment_sequence":230005,"segment_id":12,"segment_len_meter":40.82855163720941,"segment_cum_len":7458.921199080785}
{"route_id":"30","segment_first_lat":34.0380982219,"segment_first_lon":-118.2628857469,"segment_second_lat":34.0379969322,"segment_second_lon":-118.2627104897,"segment_sequence":230006,"segment_id":12,"segment_len_meter":19.68849502961065,"segment_cum_len":7478.609694110396}
{"route_id":"30","segment_first_lat":34.0379969322,"segment_first_lon":-118.2627104897,"segment_second_lat":34.0377530497,"segment_second_lon":-118.2622723778,"segment_sequence":230007,"segment_id":12,"segment_len_meter":48.632165400273195,"segment_cum_len":7527.241859510669}
{"route_id":"30","segment_first_lat":34.0377530497,"segment_first_lon":-118.2622723778,"segment_second_lat":34.0376766822,"segment_second_lon":-118.2621351584,"segment_sequence":240001,"segment_id":12,"segment_len_meter":15.230801652775975,"segment_cum_len":7542.472661163445}
{"route_id":"30","segment_first_lat":34.0376766822,"segment_first_lon":-118.2621351584,"segment_second_lat":34.0371264817,"segment_second_lon":-118.2611564272,"segment_sequence":240002,"segment_id":12,"segment_len_meter":108.97775834215712,"segment_cum_len":7651.450419505602}
{"route_id":"30","segment_first_lat":34.0371264817,"segment_first_lon":-118.2611564272,"segment_second_lat":34.0373992759,"segment_second_lon":-118.2609341504,"segment_sequence":240003,"segment_id":12,"segment_len_meter":36.600609056176715,"segment_cum_len":7688.051028561779}
{"route_id":"30","segment_first_lat":34.0373992759,"segment_first_lon":-118.2609341504,"segment_second_lat":34.0374292803,"segment_second_lon":-118.2609098187,"segment_sequence":250001,"segment_id":13,"segment_len_meter":4.019678550567016,"segment_cum_len":7692.070707112346}
{"route_id":"30","segment_first_lat":34.0374292803,"segment_first_lon":-118.2609098187,"segment_second_lat":34.03817812,"segment_second_lon":-118.2602520049,"segment_sequence":250002,"segment_id":13,"segment_len_meter":102.9922742103399,"segment_cum_len":7795.062981322686}
{"route_id":"30","segment_first_lat":34.03817812,"segment_first_lon":-118.2602520049,"segment_second_lat":34.038333942,"segment_second_lon":-118.2601161686,"segment_sequence":250003,"segment_id":13,"segment_len_meter":21.374559359614103,"segment_cum_len":7816.4375406823}
{"route_id":"30","segment_first_lat":34.038333942,"segment_first_lon":-118.2601161686,"segment_second_lat":34.0392462954,"segment_second_lon":-118.2593212048,"segment_sequence":260001,"segment_id":13,"segment_len_meter":125.12988106507275,"segment_cum_len":7941.5674217473725}
{"route_id":"30","segment_first_lat":34.0392462954,"segment_first_lon":-118.2593212048,"segment_second_lat":34.0393977319,"segment_second_lon":-118.2591797401,"segment_sequence":260002,"segment_id":13,"segment_len_meter":21.294559743634558,"segment_cum_len":7962.861981491007}
{"route_id":"30","segment_first_lat":34.0393977319,"segment_first_lon":-118.2591797401,"segment_second_lat":34.0395546498,"segment_second_lon":-118.2590448935,"segment_sequence":260003,"segment_id":13,"segment_len_meter":21.42032817433964,"segment_cum_len":7984.2823096653465}
{"route_id":"30","segment_first_lat":34.0395546498,"segment_first_lon":-118.2590448935,"segment_second_lat":34.0396152299,"segment_second_lon":-118.2589856666,"segment_sequence":260004,"segment_id":13,"segment_len_meter":8.669383608908314,"segment_cum_len":7992.9516932742545}
{"route_id":"30","segment_first_lat":34.0396152299,"segment_first_lon":-118.2589856666,"segment_second_lat":34.0396510228,"segment_second_lon":-118.2589527694,"segment_sequence":260005,"segment_id":13,"segment_len_meter":5.002850844781829,"segment_cum_len":7997.954544119037}
{"route_id":"30","segment_first_lat":34.0396510228,"segment_first_lon":-118.2589527694,"segment_second_lat":34.0397804902,"segment_second_lon":-118.2588046338,"segment_sequence":260006,"segment_id":13,"segment_len_meter":19.838244149284872,"segment_cum_len":8017.792788268322}
{"route_id":"30","segment_first_lat":34.0397804902,"segment_first_lon":-118.2588046338,"segment_second_lat":34.0399486252,"segment_second_lon":-118.2585641945,"segment_sequence":260007,"segment_id":13,"segment_len_meter":28.98879752071241,"segment_cum_len":8046.781585789034}
{"route_id":"30","segment_first_lat":34.0399486252,"segment_first_lon":-118.2585641945,"segment_second_lat":34.0400230221,"segment_second_lon":-118.2584687007,"segment_sequence":260008,"segment_id":13,"segment_len_meter":12.077100244932103,"segment_cum_len":8058.858686033966}
{"route_id":"30","segment_first_lat":34.0400230221,"segment_first_lon":-118.2584687007,"segment_second_lat":34.0406263465,"segment_second_lon":-118.2577476804,"segment_sequence":260009,"segment_id":13,"segment_len_meter":94.41552945671984,"segment_cum_len":8153.2742154906855}
{"route_id":"30","segment_first_lat":34.0406263465,"segment_first_lon":-118.2577476804,"segment_second_lat":34.0409184072,"segment_second_lon":-118.2573788848,"segment_sequence":260010,"segment_id":13,"segment_len_meter":47.00402274497736,"segment_cum_len":8200.278238235664}
{"route_id":"30","segment_first_lat":34.0409184072,"segment_first_lon":-118.2573788848,"segment_second_lat":34.0410230717,"segment_second_lon":-118.2572636768,"segment_sequence":260011,"segment_id":13,"segment_len_meter":15.752185655207672,"segment_cum_len":8216.030423890872}
{"route_id":"30","segment_first_lat":34.0410230717,"segment_first_lon":-118.2572636768,"segment_second_lat":34.0411827212,"segment_second_lon":-118.257135434,"segment_sequence":260012,"segment_id":13,"segment_len_meter":21.32525017365425,"segment_cum_len":8237.355674064527}
{"route_id":"30","segment_first_lat":34.0411827212,"segment_first_lon":-118.257135434,"segment_second_lat":34.0412928461,"segment_second_lon":-118.2570367464,"segment_sequence":260013,"segment_id":13,"segment_len_meter":15.25228259760957,"segment_cum_len":8252.607956662137}
{"route_id":"30","segment_first_lat":34.0412928461,"segment_first_lon":-118.2570367464,"segment_second_lat":34.0415709359,"segment_second_lon":-118.2567758412,"segment_sequence":260014,"segment_id":13,"segment_len_meter":39.16746647367577,"segment_cum_len":8291.775423135814}
{"route_id":"30","segment_first_lat":34.0415709359,"segment_first_lon":-118.2567758412,"segment_second_lat":34.0423170943,"segment_second_lon":-118.2560760282,"segment_sequence":270001,"segment_id":14,"segment_len_meter":105.07882624385536,"segment_cum_len":8396.854249379669}
{"route_id":"30","segment_first_lat":34.0423170943,"segment_first_lon":-118.2560760282,"segment_second_lat":34.0428429827,"segment_second_lon":-118.2555824986,"segment_sequence":270002,"segment_id":14,"segment_len_meter":74.07603701105089,"segment_cum_len":8470.93028639072}
{"route_id":"30","segment_first_lat":34.0428429827,"segment_first_lon":-118.2555824986,"segment_second_lat":34.0437790794,"segment_second_lon":-118.2547205054,"segment_sequence":270003,"segment_id":14,"segment_len_meter":130.92911671004455,"segment_cum_len":8601.859403100763}
{"route_id":"30","segment_first_lat":34.0437790794,"segment_first_lon":-118.2547205054,"segment_second_lat":34.0450609741,"segment_second_lon":-118.2535386836,"segment_sequence":270004,"segment_id":14,"segment_len_meter":179.3725525330019,"segment_cum_len":8781.231955633764}
{"route_id":"30","segment_first_lat":34.0450609741,"segment_first_lon":-118.2535386836,"segment_second_lat":34.0452245138,"segment_second_lon":-118.2533879924,"segment_sequence":280001,"segment_id":14,"segment_len_meter":22.87909896567914,"segment_cum_len":8804.111054599443}
{"route_id":"30","segment_first_lat":34.0452245138,"segment_first_lon":-118.2533879924,"segment_second_lat":34.0466699681,"segment_second_lon":-118.252038928,"segment_sequence":280002,"segment_id":14,"segment_len_meter":203.1814336788854,"segment_cum_len":9007.292488278328}
{"route_id":"30","segment_first_lat":34.0466699681,"segment_first_lon":-118.252038928,"segment_second_lat":34.0470364018,"segment_second_lon":-118.2517069516,"segment_sequence":280003,"segment_id":14,"segment_len_meter":50.94822649760229,"segment_cum_len":9058.240714775931}
{"route_id":"30","segment_first_lat":34.0470364018,"segment_first_lon":-118.2517069516,"segment_second_lat":34.0481153251,"segment_second_lon":-118.2507294304,"segment_sequence":290001,"segment_id":15,"segment_len_meter":150.01389332054706,"segment_cum_len":9208.254608096478}
{"route_id":"30","segment_first_lat":34.0481153251,"segment_first_lon":-118.2507294304,"segment_second_lat":34.0495085066,"segment_second_lon":-118.2493966237,"segment_sequence":290002,"segment_id":15,"segment_len_meter":197.67876670752486,"segment_cum_len":9405.933374804003}
{"route_id":"30","segment_first_lat":34.0495085066,"segment_first_lon":-118.2493966237,"segment_second_lat":34.0495250347,"segment_second_lon":-118.2493768658,"segment_sequence":290003,"segment_id":15,"segment_len_meter":2.586736569146951,"segment_cum_len":9408.52011137315}
{"route_id":"30","segment_first_lat":34.0495250347,"segment_first_lon":-118.2493768658,"segment_second_lat":34.0497238125,"segment_second_lon":-118.249191931,"segment_sequence":290004,"segment_id":15,"segment_len_meter":27.907826021677952,"segment_cum_len":9436.427937394827}
{"route_id":"30","segment_first_lat":34.0497238125,"segment_first_lon":-118.249191931,"segment_second_lat":34.0509649284,"segment_second_lon":-118.2480375502,"segment_sequence":300001,"segment_id":15,"segment_len_meter":174.23147193252908,"segment_cum_len":9610.659409327356}
{"route_id":"30","segment_first_lat":34.0509649284,"segment_first_lon":-118.2480375502,"segment_second_lat":34.0511799592,"segment_second_lon":-118.2478318593,"segment_sequence":300002,"segment_id":15,"segment_len_meter":30.509222577561,"segment_cum_len":9641.168631904917}
{"route_id":"30","segment_first_lat":34.0511799592,"segment_first_lon":-118.2478318593,"segment_second_lat":34.0523938699,"segment_second_lon":-118.2466717458,"segment_sequence":310001,"segment_id":16,"segment_len_meter":172.17151843123034,"segment_cum_len":9813.340150336147}
{"route_id":"30","segment_first_lat":34.0523938699,"segment_first_lon":-118.2466717458,"segment_second_lat":34.0534805065,"segment_second_lon":-118.2456647378,"segment_sequence":310002,"segment_id":16,"segment_len_meter":152.33625291457128,"segment_cum_len":9965.676403250718}
{"route_id":"30","segment_first_lat":34.0534805065,"segment_first_lon":-118.2456647378,"segment_second_lat":34.0536437629,"segment_second_lon":-118.245513355,"segment_sequence":320001,"segment_id":16,"segment_len_meter":22.891992188908485,"segment_cum_len":9988.568395439626}
{"route_id":"30","segment_first_lat":34.0536437629,"segment_first_lon":-118.245513355,"segment_second_lat":34.0529562218,"segment_second_lon":-118.2444417082,"segment_sequence":320002,"segment_id":16,"segment_len_meter":124.86746752792985,"segment_cum_len":10113.435862967555}
{"route_id":"30","segment_first_lat":34.0529562218,"segment_first_lon":-118.2444417082,"segment_second_lat":34.0522192364,"segment_second_lon":-118.24335673,"segment_sequence":320003,"segment_id":16,"segment_len_meter":129.25535915132588,"segment_cum_len":10242.691222118881}
{"route_id":"30","segment_first_lat":34.0522192364,"segment_first_lon":-118.24335673,"segment_second_lat":34.0520422152,"segment_second_lon":-118.2431129102,"segment_sequence":320004,"segment_id":16,"segment_len_meter":29.866801633836737,"segment_cum_len":10272.558023752717}
{"route_id":"30","segment_first_lat":34.0520422152,"segment_first_lon":-118.2431129102,"segment_second_lat":34.0515040254,"segment_second_lon":-118.2423708721,"segment_sequence":330001,"segment_id":17,"segment_len_meter":90.85585575621741,"segment_cum_len":10363.413879508935}
{"route_id":"30","segment_first_lat":34.0515040254,"segment_first_lon":-118.2423708721,"segment_second_lat":34.0513341288,"segment_second_lon":-118.2421359904,"segment_sequence":330002,"segment_id":17,"segment_len_meter":28.725558517060488,"segment_cum_len":10392.139438025995}
{"route_id":"30","segment_first_lat":34.0513341288,"segment_first_lon":-118.2421359904,"segment_second_lat":34.0505325792,"segment_second_lon":-118.2410353519,"segment_sequence":330003,"segment_id":17,"segment_len_meter":135.0039057197918,"segment_cum_len":10527.143343745787}
{"route_id":"30","segment_first_lat":34.0505325792,"segment_first_lon":-118.2410353519,"segment_second_lat":34.0503969313,"segment_second_lon":-118.2408491022,"segment_sequence":340001,"segment_id":17,"segment_len_meter":22.846118526594676,"segment_cum_len":10549.989462272382}
{"route_id":"30","segment_first_lat":34.0503969313,"segment_first_lon":-118.2408491022,"segment_second_lat":34.050095503,"segment_second_lon":-118.2404289806,"segment_sequence":340002,"segment_id":17,"segment_len_meter":51.20112484320941,"segment_cum_len":10601.190587115592}
{"route_id":"30","segment_first_lat":34.050095503,"segment_first_lon":-118.2404289806,"segment_second_lat":34.0493857639,"segment_second_lon":-118.2394431884,"segment_sequence":340003,"segment_id":17,"segment_len_meter":120.31984746564962,"segment_cum_len":10721.510434581241}
{"route_id":"30","segment_first_lat":34.0493857639,"segment_first_lon":-118.2394431884,"segment_second_lat":34.0492514921,"segment_second_lon":-118.239254637,"segment_sequence":340004,"segment_id":17,"segment_len_meter":22.905962098116767,"segment_cum_len":10744.416396679359}
{"route_id":"30","segment_first_lat":34.0492514921,"segment_first_lon":-118.239254637,"segment_second_lat":34.0492079253,"segment_second_lon":-118.2390531407,"segment_sequence":340005,"segment_id":17,"segment_len_meter":19.18579623327887,"segment_cum_len":10763.602192912638}
{"route_id":"30","segment_first_lat":34.0492079253,"segment_first_lon":-118.2390531407,"segment_second_lat":34.0489845448,"segment_second_lon":-118.2380687545,"segment_sequence":340006,"segment_id":17,"segment_len_meter":94.03283142353631,"segment_cum_len":10857.635024336174}
{"route_id":"30","segment_first_lat":34.0489845448,"segment_first_lon":-118.2380687545,"segment_second_lat":34.0488545703,"segment_second_lon":-118.2370912406,"segment_sequence":340007,"segment_id":17,"segment_len_meter":91.21223981689884,"segment_cum_len":10948.847264153073}
{"route_id":"30","segment_first_lat":34.0488545703,"segment_first_lon":-118.2370912406,"segment_second_lat":34.0487246332,"segment_second_lon":-118.2360906218,"segment_sequence":340008,"segment_id":17,"segment_len_meter":93.31414603365837,"segment_cum_len":11042.161410186733}
{"route_id":"30","segment_first_lat":34.0487246332,"segment_first_lon":-118.2360906218,"segment_second_lat":34.0486000998,"segment_second_lon":-118.2351329363,"segment_sequence":340009,"segment_id":17,"segment_len_meter":89.31342448757303,"segment_cum_len":11131.474834674305}
{"route_id":"30","segment_first_lat":34.0486000998,"segment_first_lon":-118.2351329363,"segment_second_lat":34.0484563282,"segment_second_lon":-118.2340312698,"segment_sequence":340010,"segment_id":17,"segment_len_meter":102.75010541385511,"segment_cum_len":11234.224940088161}
{"route_id":"30","segment_first_lat":34.0484563282,"segment_first_lon":-118.2340312698,"segment_second_lat":34.0484349361,"segment_second_lon":-118.2338681334,"segment_sequence":350001,"segment_id":18,"segment_len_meter":15.217173676192719,"segment_cum_len":11249.442113764353}
{"route_id":"30","segment_first_lat":34.0484349361,"segment_first_lon":-118.2338681334,"segment_second_lat":34.0484186791,"segment_second_lon":-118.2337492467,"segment_sequence":350002,"segment_id":18,"segment_len_meter":11.101457425484998,"segment_cum_len":11260.543571189837}
{"route_id":"30","segment_first_lat":34.0484186791,"segment_first_lon":-118.2337492467,"segment_second_lat":34.0482506004,"segment_second_lon":-118.2325636685,"segment_sequence":350003,"segment_id":18,"segment_len_meter":110.8174014387983,"segment_cum_len":11371.360972628636}
{"route_id":"30","segment_first_lat":34.0482506004,"segment_first_lon":-118.2325636685,"segment_second_lat":34.0482397171,"segment_second_lon":-118.2325075189,"segment_sequence":350004,"segment_id":18,"segment_len_meter":5.312858642750672,"segment_cum_len":11376.673831271386}
{"route_id":"30","segment_first_lat":34.0482397171,"segment_first_lon":-118.2325075189,"segment_second_lat":34.0480474707,"segment_second_lon":-118.2310214762,"segment_sequence":350005,"segment_id":18,"segment_len_meter":138.57159984363048,"segment_cum_len":11515.245431115016}
{"route_id":"30","segment_first_lat":34.0480474707,"segment_first_lon":-118.2310214762,"segment_second_lat":34.0480285198,"segment_second_lon":-118.230872873,"segment_sequence":350006,"segment_id":18,"segment_len_meter":13.852416436944276,"segment_cum_len":11529.09784755196}
{"route_id":"30","segment_first_lat":34.0480285198,"segment_first_lon":-118.230872873,"segment_second_lat":34.048009575,"segment_second_lon":-118.2307209688,"segment_sequence":350007,"segment_id":18,"segment_len_meter":14.152984406596026,"segment_cum_len":11543.250831958556}
{"route_id":"30","segment_first_lat":34.048009575,"segment_first_lon":-118.2307209688,"segment_second_lat":34.0479852037,"segment_second_lon":-118.2305327374,"segment_sequence":350008,"segment_id":18,"segment_len_meter":17.55271545988718,"segment_cum_len":11560.803547418443}
{"route_id":"30","segment_first_lat":34.0479852037,"segment_first_lon":-118.2305327374,"segment_second_lat":34.0478359898,"segment_second_lon":-118.2295254842,"segment_sequence":350009,"segment_id":18,"segment_len_meter":94.2725564398345,"segment_cum_len":11655.076103858279}
{"route_id":"30","segment_first_lat":34.0478359898,"segment_first_lon":-118.2295254842,"segment_second_lat":34.0478333172,"segment_second_lon":-118.2294858634,"segment_sequence":350010,"segment_id":18,"segment_len_meter":3.6624531696858527,"segment_cum_len":11658.738557027964}
{"route_id":"30","segment_first_lat":34.0478333172,"segment_first_lon":-118.2294858634,"segment_second_lat":34.047825381,"segment_second_lon":-118.2293240867,"segment_sequence":350011,"segment_id":18,"segment_len_meter":14.9310466715328,"segment_cum_len":11673.669603699496}
{"route_id":"30","segment_first_lat":34.047825381,"segment_first_lon":-118.2293240867,"segment_second_lat":34.0477907108,"segment_second_lon":-118.2287694035,"segment_sequence":350012,"segment_id":18,"segment_len_meter":51.24975126344179,"segment_cum_len":11724.919354962938}
{"route_id":"30","segment_first_lat":34.0477907108,"segment_first_lon":-118.2287694035,"segment_second_lat":34.0477402118,"segment_second_lon":-118.2278647592,"segment_sequence":350013,"segment_id":18,"segment_len_meter":83.53644448221945,"segment_cum_len":11808.455799445157}
{"route_id":"30","segment_first_lat":34.0477402118,"segment_first_lon":-118.2278647592,"segment_second_lat":34.0477321613,"segment_second_lon":-118.2277624026,"segment_sequence":350014,"segment_id":18,"segment_len_meter":9.472805588179206,"segment_cum_len":11817.928605033336}
{"route_id":"30","segment_first_lat":34.0477321613,"segment_first_lon":-118.2277624026,"segment_second_lat":34.0477217546,"segment_second_lon":-118.2275979787,"segment_sequence":350015,"segment_id":18,"segment_len_meter":15.192990190027514,"segment_cum_len":11833.121595223363}
{"route_id":"30","segment_first_lat":34.0477217546,"segment_first_lon":-118.2275979787,"segment_second_lat":34.0476654342,"segment_second_lon":-118.2267157676,"segment_sequence":360001,"segment_id":18,"segment_len_meter":81.5216409651887,"segment_cum_len":11914.643236188553}
{"route_id":"30","segment_first_lat":34.0476654342,"segment_first_lon":-118.2267157676,"segment_second_lat":34.0475824614,"segment_second_lon":-118.2253878358,"segment_sequence":360002,"segment_id":18,"segment_len_meter":122.69379567157513,"segment_cum_len":12037.337031860128}
{"route_id":"30","segment_first_lat":34.0475824614,"segment_first_lon":-118.2253878358,"segment_second_lat":34.0475720515,"segment_second_lon":-118.2252234125,"segment_sequence":370001,"segment_id":19,"segment_len_meter":15.192988844301746,"segment_cum_len":12052.53002070443}
{"route_id":"30","segment_first_lat":34.0475720515,"segment_first_lon":-118.2252234125,"segment_second_lat":34.0475000457,"segment_second_lon":-118.2240480242,"segment_sequence":370002,"segment_id":19,"segment_len_meter":108.5878165190085,"segment_cum_len":12161.117837223437}
{"route_id":"30","segment_first_lat":34.0475000457,"segment_first_lon":-118.2240480242,"segment_second_lat":34.047428071,"segment_second_lon":-118.2228495304,"segment_sequence":370003,"segment_id":19,"segment_len_meter":110.71075904759387,"segment_cum_len":12271.82859627103}
{"route_id":"30","segment_first_lat":34.047428071,"segment_first_lon":-118.2228495304,"segment_second_lat":34.0473557329,"segment_second_lon":-118.2218425016,"segment_sequence":370004,"segment_id":19,"segment_len_meter":93.1289138679121,"segment_cum_len":12364.957510138942}
{"route_id":"30","segment_first_lat":34.0473557329,"segment_first_lon":-118.2218425016,"segment_second_lat":34.0473423331,"segment_second_lon":-118.2216576043,"segment_sequence":370005,"segment_id":19,"segment_len_meter":17.100245773777008,"segment_cum_len":12382.05775591272}
{"route_id":"30","segment_first_lat":34.0473423331,"segment_first_lon":-118.2216576043,"segment_second_lat":34.0473343682,"segment_second_lon":-118.2215057326,"segment_sequence":370006,"segment_id":19,"segment_len_meter":14.020452058778229,"segment_cum_len":12396.078207971497}
{"route_id":"30","segment_first_lat":34.0473343682,"segment_first_lon":-118.2215057326,"segment_second_lat":34.0473264091,"segment_second_lon":-118.2213505598,"segment_sequence":370007,"segment_id":19,"segment_len_meter":14.323960462565717,"segment_cum_len":12410.402168434062}
{"route_id":"30","segment_first_lat":34.0473264091,"segment_first_lon":-118.2213505598,"segment_second_lat":34.0473077667,"segment_second_lon":-118.2210270026,"segment_sequence":370008,"segment_id":19,"segment_len_meter":29.882408401567893,"segment_cum_len":12440.284576835631}
{"route_id":"30","segment_first_lat":34.0473077667,"segment_first_lon":-118.2210270026,"segment_second_lat":34.0473791867,"segment_second_lon":-118.2210403957,"segment_sequence":370009,"segment_id":19,"segment_len_meter":8.036835187347794,"segment_cum_len":12448.321412022979}
{"route_id":"30","segment_first_lat":34.0473791867,"segment_first_lon":-118.2210403957,"segment_second_lat":34.0475247263,"segment_second_lon":-118.2210935979,"segment_sequence":370010,"segment_id":19,"segment_len_meter":16.909306551924665,"segment_cum_len":12465.230718574903}
{"route_id":"30","segment_first_lat":34.0475247263,"segment_first_lon":-118.2210935979,"segment_second_lat":34.0477388593,"segment_second_lon":-118.2212031006,"segment_sequence":370011,"segment_id":19,"segment_len_meter":25.8597042500457,"segment_cum_len":12491.09042282495}
{"route_id":"30","segment_first_lat":34.0477388593,"segment_first_lon":-118.2212031006,"segment_second_lat":34.0479968732,"segment_second_lon":-118.2213589357,"segment_sequence":370012,"segment_id":19,"segment_len_meter":32.08185143420495,"segment_cum_len":12523.172274259154}
{"route_id":"30","segment_first_lat":34.0479968732,"segment_first_lon":-118.2213589357,"segment_second_lat":34.04813958,"segment_second_lon":-118.2214583473,"segment_sequence":370013,"segment_id":19,"segment_len_meter":18.32185024202689,"segment_cum_len":12541.494124501181}
{"route_id":"30","segment_first_lat":34.04813958,"segment_first_lon":-118.2214583473,"segment_second_lat":34.0482630941,"segment_second_lon":-118.2215346004,"segment_sequence":370014,"segment_id":19,"segment_len_meter":15.426686244258233,"segment_cum_len":12556.92081074544}
{"route_id":"30","segment_first_lat":34.0482630941,"segment_first_lon":-118.2215346004,"segment_second_lat":34.0484744668,"segment_second_lon":-118.2216507001,"segment_sequence":370015,"segment_id":19,"segment_len_meter":25.823120763933012,"segment_cum_len":12582.743931509372}
{"route_id":"30","segment_first_lat":34.0484744668,"segment_first_lon":-118.2216507001,"segment_second_lat":34.0485595533,"segment_second_lon":-118.2217037439,"segment_sequence":370016,"segment_id":19,"segment_len_meter":10.648811317299753,"segment_cum_len":12593.392742826672}
{"route_id":"30","segment_first_lat":34.0485595533,"segment_first_lon":-118.2217037439,"segment_second_lat":34.0486418798,"segment_second_lon":-118.2217633828,"segment_sequence":370017,"segment_id":19,"segment_len_meter":10.67671287067285,"segment_cum_len":12604.069455697345}
{"route_id":"30","segment_first_lat":34.0486418798,"segment_first_lon":-118.2217633828,"segment_second_lat":34.0487900395,"segment_second_lon":-118.2218859184,"segment_sequence":370018,"segment_id":19,"segment_len_meter":19.97157969559131,"segment_cum_len":12624.041035392936}
{"route_id":"30","segment_first_lat":34.0487900395,"segment_first_lon":-118.2218859184,"segment_second_lat":34.0490864132,"segment_second_lon":-118.2221012804,"segment_sequence":370019,"segment_id":19,"segment_len_meter":38.46738582582138,"segment_cum_len":12662.508421218758}
{"route_id":"30","segment_first_lat":34.0490864132,"segment_first_lon":-118.2221012804,"segment_second_lat":34.0493033054,"segment_second_lon":-118.2222041927,"segment_sequence":370020,"segment_id":19,"segment_len_meter":25.91413955488997,"segment_cum_len":12688.422560773648}
{"route_id":"30","segment_first_lat":34.0493033054,"segment_first_lon":-118.2222041927,"segment_second_lat":34.0497811098,"segment_second_lon":-118.2223804251,"segment_sequence":370021,"segment_id":19,"segment_len_meter":55.555004590051276,"segment_cum_len":12743.977565363699}
{"route_id":"30","segment_first_lat":34.0497811098,"segment_first_lon":-118.2223804251,"segment_second_lat":34.0500310064,"segment_second_lon":-118.2224669207,"segment_sequence":370022,"segment_id":19,"segment_len_meter":28.907327445533912,"segment_cum_len":12772.884892809232}
{"route_id":"30","segment_first_lat":34.0500310064,"segment_first_lon":-118.2224669207,"segment_second_lat":34.0501243848,"segment_second_lon":-118.2224935787,"segment_sequence":370023,"segment_id":19,"segment_len_meter":10.669720102521094,"segment_cum_len":12783.554612911754}
{"route_id":"30","segment_first_lat":34.0501243848,"segment_first_lon":-118.2224935787,"segment_second_lat":34.0502864534,"segment_second_lon":-118.2225237207,"segment_sequence":370024,"segment_id":19,"segment_len_meter":18.233911885248393,"segment_cum_len":12801.788524797003}
{"route_id":"30","segment_first_lat":34.0502864534,"segment_first_lon":-118.2225237207,"segment_second_lat":34.050607794,"segment_second_lon":-118.2226104073,"segment_sequence":370025,"segment_id":19,"segment_len_meter":36.61310249989543,"segment_cum_len":12838.401627296898}
{"route_id":"30","segment_first_lat":34.050607794,"segment_first_lon":-118.2226104073,"segment_second_lat":34.0506902053,"segment_second_lon":-118.2226238315,"segment_sequence":370026,"segment_id":19,"segment_len_meter":9.24680118739846,"segment_cum_len":12847.648428484297}
{"route_id":"30","segment_first_lat":34.0506902053,"segment_first_lon":-118.2226238315,"segment_second_lat":34.0507451624,"segment_second_lon":-118.2226239777,"segment_sequence":370027,"segment_id":19,"segment_len_meter":6.110965546994073,"segment_cum_len":12853.75939403129}
{"route_id":"30","segment_first_lat":34.0507451624,"segment_first_lon":-118.2226239777,"segment_second_lat":34.0507863984,"segment_second_lon":-118.2226141837,"segment_sequence":370028,"segment_id":19,"segment_len_meter":4.673173232979471,"segment_cum_len":12858.43256726427}
{"route_id":"30","segment_first_lat":34.0507863984,"segment_first_lon":-118.2226141837,"segment_second_lat":34.0508221692,"segment_second_lon":-118.222587869,"segment_sequence":370029,"segment_id":19,"segment_len_meter":4.6581425232848765,"segment_cum_len":12863.090709787555}
{"route_id":"30","segment_first_lat":34.0508221692,"segment_first_lon":-118.222587869,"segment_second_lat":34.0508910177,"segment_second_lon":-118.2225055211,"segment_sequence":370030,"segment_id":19,"segment_len_meter":10.778028634738996,"segment_cum_len":12873.868738422294}
{"route_id":"30","segment_first_lat":34.0508910177,"segment_first_lon":-118.2225055211,"segment_second_lat":34.0509130735,"segment_second_lon":-118.2224659649,"segment_sequence":370031,"segment_id":19,"segment_len_meter":4.392674780389996,"segment_cum_len":12878.261413202685}
{"route_id":"30","segment_first_lat":34.0509130735,"segment_first_lon":-118.2224659649,"segment_second_lat":34.050926904,"segment_second_lon":-118.222416483,"segment_sequence":370032,"segment_id":19,"segment_len_meter":4.811154050537882,"segment_cum_len":12883.072567253223}
{"route_id":"30","segment_first_lat":34.050926904,"segment_first_lon":-118.222416483,"segment_second_lat":34.0509380473,"segment_second_lon":-118.2223339815,"segment_sequence":370033,"segment_id":19,"segment_len_meter":7.701153278563769,"segment_cum_len":12890.773720531786}
{"route_id":"30","segment_first_lat":34.0509380473,"segment_first_lon":-118.2223339815,"segment_second_lat":34.0509578168,"segment_second_lon":-118.2220435246,"segment_sequence":370034,"segment_id":19,"segment_len_meter":26.849773603018914,"segment_cum_len":12917.623494134805}
{"route_id":"30","segment_first_lat":34.0509578168,"segment_first_lon":-118.2220435246,"segment_second_lat":34.0510045,"segment_second_lon":-118.2220601547,"segment_sequence":370035,"segment_id":19,"segment_len_meter":5.4123194473033465,"segment_cum_len":12923.035813582108}
{"route_id":"30","segment_first_lat":34.0510045,"segment_first_lon":-118.2220601547,"segment_second_lat":34.0510676642,"segment_second_lon":-118.2220801298,"segment_sequence":370036,"segment_id":19,"segment_len_meter":7.260631684936065,"segment_cum_len":12930.296445267044}
{"route_id":"30","segment_first_lat":34.0510676642,"segment_first_lon":-118.2220801298,"segment_second_lat":34.0512983503,"segment_second_lon":-118.2221533698,"segment_sequence":370037,"segment_id":19,"segment_len_meter":26.52375316285459,"segment_cum_len":12956.8201984299}
{"route_id":"30","segment_first_lat":34.0512983503,"segment_first_lon":-118.2221533698,"segment_second_lat":34.0526330292,"segment_second_lon":-118.2225794814,"segment_sequence":370038,"segment_id":19,"segment_len_meter":153.51382599014207,"segment_cum_len":13110.33402442004}
{"route_id":"30","segment_first_lat":34.0526330292,"segment_first_lon":-118.2225794814,"segment_second_lat":34.0530724302,"segment_second_lon":-118.2227193062,"segment_sequence":370039,"segment_id":19,"segment_len_meter":50.528761033065166,"segment_cum_len":13160.862785453106}
{"route_id":"30","segment_first_lat":34.0530724302,"segment_first_lon":-118.2227193062,"segment_second_lat":34.0531189122,"segment_second_lon":-118.2228448804,"segment_sequence":370040,"segment_id":19,"segment_len_meter":12.670868223414034,"segment_cum_len":13173.53365367652}
{"route_id":"30","segment_first_lat":34.0531189122,"segment_first_lon":-118.2228448804,"segment_second_lat":34.0531435272,"segment_second_lon":-118.2229076713,"segment_sequence":370041,"segment_id":19,"segment_len_meter":6.3995900036977895,"segment_cum_len":13179.933243680218}
{"route_id":"30","segment_first_lat":34.0531435272,"segment_first_lon":-118.2229076713,"segment_second_lat":34.0531954743,"segment_second_lon":-118.223049767,"segment_sequence":370042,"segment_id":19,"segment_len_meter":14.308584603001798,"segment_cum_len":13194.24182828322}
{"route_id":"30","segment_first_lat":34.0531954743,"segment_first_lon":-118.223049767,"segment_second_lat":34.0532720177,"segment_second_lon":-118.2232645579,"segment_sequence":370043,"segment_id":19,"segment_len_meter":21.54083131830062,"segment_cum_len":13215.78265960152}
{"route_id":"30","segment_first_lat":34.0532720177,"segment_first_lon":-118.2232645579,"segment_second_lat":34.0533102984,"segment_second_lon":-118.2233670015,"segment_sequence":370044,"segment_id":19,"segment_len_meter":10.353313007235744,"segment_cum_len":13226.135972608756}
{"route_id":"30","segment_first_lat":34.0533102984,"segment_first_lon":-118.2233670015,"segment_second_lat":34.0533786465,"segment_second_lon":-118.2235553603,"segment_sequence":370045,"segment_id":19,"segment_len_meter":18.944197035405377,"segment_cum_len":13245.080169644161}
{"route_id":"30","segment_first_lat":34.0533786465,"segment_first_lon":-118.2235553603,"segment_second_lat":34.053479938,"segment_second_lon":-118.2237603143,"segment_sequence":370046,"segment_id":19,"segment_len_meter":21.985853645125687,"segment_cum_len":13267.066023289288}
{"route_id":"30","segment_first_lat":34.053479938,"segment_first_lon":-118.2237603143,"segment_second_lat":34.0543335758,"segment_second_lon":-118.2257467253,"segment_sequence":370047,"segment_id":19,"segment_len_meter":206.15296870538907,"segment_cum_len":13473.218991994678}
{"route_id":"30","segment_first_lat":34.0543335758,"segment_first_lon":-118.2257467253,"segment_second_lat":34.0544703695,"segment_second_lon":-118.2260673285,"segment_sequence":370048,"segment_id":19,"segment_len_meter":33.22243768624084,"segment_cum_len":13506.44142968092}
{"route_id":"30","segment_first_lat":34.0544703695,"segment_first_lon":-118.2260673285,"segment_second_lat":34.0546975133,"segment_second_lon":-118.2265631511,"segment_sequence":370049,"segment_id":19,"segment_len_meter":52.195773770015094,"segment_cum_len":13558.637203450935}
{"route_id":"30","segment_first_lat":34.0546975133,"segment_first_lon":-118.2265631511,"segment_second_lat":34.0549930658,"segment_second_lon":-118.2272110266,"segment_sequence":370050,"segment_id":19,"segment_len_meter":68.1352861994048,"segment_cum_len":13626.77248965034}
{"route_id":"30","segment_first_lat":34.0549930658,"segment_first_lon":-118.2272110266,"segment_second_lat":34.0550888865,"segment_second_lon":-118.2273994671,"segment_sequence":370051,"segment_id":19,"segment_len_meter":20.369011783018976,"segment_cum_len":13647.14150143336}
{"route_id":"30","segment_first_lat":34.0550888865,"segment_first_lon":-118.2273994671,"segment_second_lat":34.0551080158,"segment_second_lon":-118.227455643,"segment_sequence":370052,"segment_id":19,"segment_len_meter":5.595281998895561,"segment_cum_len":13652.736783432256}
{"route_id":"30","segment_first_lat":34.0551080158,"segment_first_lon":-118.227455643,"segment_second_lat":34.0551681451,"segment_second_lon":-118.2276274799,"segment_sequence":370053,"segment_id":19,"segment_len_meter":17.184496030223798,"segment_cum_len":13669.92127946248}
{"route_id":"30","segment_first_lat":34.0551681451,"segment_first_lon":-118.2276274799,"segment_second_lat":34.0558406998,"segment_second_lon":-118.229435196,"segment_sequence":370054,"segment_id":19,"segment_len_meter":182.55582669440437,"segment_cum_len":13852.477106156884}
{"route_id":"30","segment_first_lat":34.0558406998,"segment_first_lon":-118.229435196,"segment_second_lat":34.0563298792,"segment_second_lon":-118.2308462595,"segment_sequence":370055,"segment_id":19,"segment_len_meter":140.9142201086354,"segment_cum_len":13993.39132626552}
{"route_id":"30","segment_first_lat":34.0563298792,"segment_first_lon":-118.2308462595,"segment_second_lat":34.0566273713,"segment_second_lon":-118.2319035504,"segment_sequence":370056,"segment_id":19,"segment_len_meter":102.86529045522414,"segment_cum_len":14096.256616720744}
{"route_id":"30","segment_first_lat":34.0566273713,"segment_first_lon":-118.2319035504,"segment_second_lat":34.0557582754,"segment_second_lon":-118.2323039163,"segment_sequence":370057,"segment_id":19,"segment_len_meter":103.43828024976177,"segment_cum_len":14199.694896970506}
{"route_id":"30","segment_first_lat":34.0557582754,"segment_first_lon":-118.2323039163,"segment_second_lat":34.0554392448,"segment_second_lon":-118.232448293,"segment_sequence":370058,"segment_id":19,"segment_len_meter":37.88604618748735,"segment_cum_len":14237.580943157993}
{"route_id":"30","segment_first_lat":34.0554392448,"segment_first_lon":-118.232448293,"segment_second_lat":34.055376076,"segment_second_lon":-118.2324316104,"segment_sequence":370059,"segment_id":19,"segment_len_meter":7.190220651348347,"segment_cum_len":14244.77116380934}
{"route_id":"30","segment_first_lat":34.055376076,"segment_first_lon":-118.2324316104,"segment_second_lat":34.0553017695,"segment_second_lon":-118.2324908295,"segment_sequence":370060,"segment_id":19,"segment_len_meter":9.901107094634318,"segment_cum_len":14254.672270903975}
{"route_id":"30","segment_first_lat":34.0553017695,"segment_first_lon":-118.2324908295,"segment_second_lat":34.0552495476,"segment_second_lon":-118.2324972872,"segment_sequence":370061,"segment_id":19,"segment_len_meter":5.837205575074907,"segment_cum_len":14260.50947647905}
{"route_id":"30","segment_first_lat":34.0552495476,"segment_first_lon":-118.2324972872,"segment_second_lat":34.0550764328,"segment_second_lon":-118.2324968061,"segment_sequence":370062,"segment_id":19,"segment_len_meter":19.249538511004165,"segment_cum_len":14279.759014990053}
{"route_id":"30","segment_first_lat":34.0550764328,"segment_first_lon":-118.2324968061,"segment_second_lat":34.0551442576,"segment_second_lon":-118.2329492878,"segment_sequence":370063,"segment_id":19,"segment_len_meter":42.361590332016384,"segment_cum_len":14322.12060532207}
{"route_id":"30","segment_first_lat":34.0551442576,"segment_first_lon":-118.2329492878,"segment_second_lat":34.0546082414,"segment_second_lon":-118.2330435356,"segment_sequence":370064,"segment_id":19,"segment_len_meter":60.23138287727701,"segment_cum_len":14382.351988199347}
{"route_id":"30","segment_first_lat":34.0546082414,"segment_first_lon":-118.2330435356,"segment_second_lat":34.0545339857,"segment_second_lon":-118.2330763426,"segment_sequence":370065,"segment_id":19,"segment_len_meter":8.792630928264277,"segment_cum_len":14391.144619127612}
{"route_id":"30","segment_first_lat":34.0545339857,"segment_first_lon":-118.2330763426,"segment_second_lat":34.0545064243,"segment_second_lon":-118.2331191839,"segment_sequence":370066,"segment_id":19,"segment_len_meter":4.996936580981438,"segment_cum_len":14396.141555708593}
{"route_id":"30","segment_first_lat":34.0545064243,"segment_first_lon":-118.2331191839,"segment_second_lat":34.0545007947,"segment_second_lon":-118.2331884973,"segment_sequence":370067,"segment_id":19,"segment_len_meter":6.41614687272725,"segment_cum_len":14402.55770258132}
{"route_id":"30","segment_first_lat":34.0545007947,"segment_first_lon":-118.2331884973,"segment_second_lat":34.0545089235,"segment_second_lon":-118.2332479448,"segment_sequence":370068,"segment_id":19,"segment_len_meter":5.550723985742507,"segment_cum_len":14408.108426567063}
{"route_id":"30","segment_first_lat":34.0545089235,"segment_first_lon":-118.2332479448,"segment_second_lat":34.0545363064,"segment_second_lon":-118.233297542,"segment_sequence":370069,"segment_id":19,"segment_len_meter":5.49075231849637,"segment_cum_len":14413.599178885559}
{"route_id":"30","segment_first_lat":34.0545363064,"segment_first_lon":-118.233297542,"segment_second_lat":34.0545719902,"segment_second_lon":-118.2333174498,"segment_sequence":370070,"segment_id":19,"segment_len_meter":4.371213793812397,"segment_cum_len":14417.970392679372}
{"route_id":"30","segment_first_lat":34.0545719902,"segment_first_lon":-118.2333174498,"segment_second_lat":34.0546351654,"segment_second_lon":-118.2333308315,"segment_sequence":370071,"segment_id":19,"segment_len_meter":7.1321148294597085,"segment_cum_len":14425.102507508831}
{"route_id":"30","segment_first_lat":34.0546351654,"segment_first_lon":-118.2333308315,"segment_second_lat":34.0554015379,"segment_second_lon":-118.2331926585,"segment_sequence":370072,"segment_id":19,"segment_len_meter":86.16219608367877,"segment_cum_len":14511.26470359251}
{"route_id":"30","segment_first_lat":34.0554015379,"segment_first_lon":-118.2331926585,"segment_second_lat":34.0558968764,"segment_second_lon":-118.2331032496,"segment_sequence":380001,"segment_id":19,"segment_len_meter":55.69159876204993,"segment_cum_len":14566.95630235456}
{"route_id":"30","segment_first_lat":34.0558968764,"segment_first_lon":-118.2331032496,"segment_second_lat":34.0559766215,"segment_second_lon":-118.2330737588,"segment_sequence":380002,"segment_id":19,"segment_len_meter":9.274114247876069,"segment_cum_len":14576.230416602435}
{"route_id":"30","segment_first_lat":34.0559766215,"segment_first_lon":-118.2330737588,"segment_second_lat":34.0560233924,"segment_second_lon":-118.2330441761,"segment_sequence":380003,"segment_id":19,"segment_len_meter":5.871479260278673,"segment_cum_len":14582.101895862714}
{"route_id":"30","segment_first_lat":34.0560233924,"segment_first_lon":-118.2330441761,"segment_second_lat":34.0560426847,"segment_second_lon":-118.2330145168,"segment_sequence":380004,"segment_id":19,"segment_len_meter":3.473836596378087,"segment_cum_len":14585.575732459092}
{"route_id":"30","segment_first_lat":34.0560426847,"segment_first_lon":-118.2330145168,"segment_second_lat":34.0560509856,"segment_second_lon":-118.2329848269,"segment_sequence":380005,"segment_id":19,"segment_len_meter":2.8866944649498616,"segment_cum_len":14588.462426924041}
{"route_id":"30","segment_first_lat":34.0560509856,"segment_first_lon":-118.2329848269,"segment_second_lat":34.0560429331,"segment_second_lon":-118.2328857611,"segment_sequence":380006,"segment_id":19,"segment_len_meter":9.170147383416666,"segment_cum_len":14597.632574307458}
{"route_id":"30","segment_first_lat":34.0560429331,"segment_first_lon":-118.2328857611,"segment_second_lat":34.0560319989,"segment_second_lon":-118.2328560177,"segment_sequence":380007,"segment_id":19,"segment_len_meter":2.997710202533842,"segment_cum_len":14600.63028450999}
{"route_id":"30","segment_first_lat":34.0560319989,"segment_first_lon":-118.2328560177,"segment_second_lat":34.0560128149,"segment_second_lon":-118.2328295528,"segment_sequence":380008,"segment_id":19,"segment_len_meter":3.2395180464536804,"segment_cum_len":14603.869802556444}
{"route_id":"30","segment_first_lat":34.0560128149,"segment_first_lon":-118.2328295528,"segment_second_lat":34.0559633981,"segment_second_lon":-118.2328063051,"segment_sequence":380009,"segment_id":19,"segment_len_meter":5.8975121836790905,"segment_cum_len":14609.767314740124}
{"route_id":"30","segment_first_lat":34.0559633981,"segment_first_lon":-118.2328063051,"segment_second_lat":34.0555400822,"segment_second_lon":-118.23288106,"segment_sequence":380010,"segment_id":19,"segment_len_meter":47.57170054782695,"segment_cum_len":14657.339015287951}
{"route_id":"30","segment_first_lat":34.0555400822,"segment_first_lon":-118.23288106,"segment_second_lat":34.0554163906,"segment_second_lon":-118.2329005242,"segment_sequence":380011,"segment_id":19,"segment_len_meter":13.87027347749178,"segment_cum_len":14671.209288765443}
{"route_id":"30","segment_first_lat":34.0554163906,"segment_first_lon":-118.2329005242,"segment_second_lat":34.0551442576,"segment_second_lon":-118.2329492878,"segment_sequence":380012,"segment_id":19,"segment_len_meter":30.59145472618588,"segment_cum_len":14701.800743491629}
{"route_id":"30","segment_first_lat":34.0551442576,"segment_first_lon":-118.2329492878,"segment_second_lat":34.0550764328,"segment_second_lon":-118.2324968061,"segment_sequence":380013,"segment_id":19,"segment_len_meter":42.361590332016384,"segment_cum_len":14744.162333823646}
{"route_id":"30","segment_first_lat":34.0550764328,"segment_first_lon":-118.2324968061,"segment_second_lat":34.0552495476,"segment_second_lon":-118.2324972872,"segment_sequence":380014,"segment_id":19,"segment_len_meter":19.249538511004165,"segment_cum_len":14763.41187233465}
{"route_id":"30","segment_first_lat":34.0552495476,"segment_first_lon":-118.2324972872,"segment_second_lat":34.0553017695,"segment_second_lon":-118.2324908295,"segment_sequence":380015,"segment_id":19,"segment_len_meter":5.837205575074907,"segment_cum_len":14769.249077909724}
{"route_id":"30","segment_first_lat":34.0553017695,"segment_first_lon":-118.2324908295,"segment_second_lat":34.055376076,"segment_second_lon":-118.2324316104,"segment_sequence":380016,"segment_id":19,"segment_len_meter":9.901107094634318,"segment_cum_len":14779.150185004359}
{"route_id":"30","segment_first_lat":34.055376076,"segment_first_lon":-118.2324316104,"segment_second_lat":34.0554392448,"segment_second_lon":-118.232448293,"segment_sequence":380017,"segment_id":19,"segment_len_meter":7.190220651348347,"segment_cum_len":14786.340405655706}
{"route_id":"30","segment_first_lat":34.0554392448,"segment_first_lon":-118.232448293,"segment_second_lat":34.0557582754,"segment_second_lon":-118.2323039163,"segment_sequence":380018,"segment_id":19,"segment_len_meter":37.88604618748735,"segment_cum_len":14824.226451843193}
{"route_id":"30","segment_first_lat":34.0557582754,"segment_first_lon":-118.2323039163,"segment_second_lat":34.0566273713,"segment_second_lon":-118.2319035504,"segment_sequence":380019,"segment_id":19,"segment_len_meter":103.43828024976177,"segment_cum_len":14927.664732092955}
{"route_id":"30","segment_first_lat":34.0566273713,"segment_first_lon":-118.2319035504,"segment_second_lat":34.0569573039,"segment_second_lon":-118.2318054205,"segment_sequence":380020,"segment_id":19,"segment_len_meter":37.784199468123965,"segment_cum_len":14965.448931561079}
{"route_id":"30","segment_first_lat":34.0569573039,"segment_first_lon":-118.2318054205,"segment_second_lat":34.0570837622,"segment_second_lon":-118.2317760575,"segment_sequence":380021,"segment_id":19,"segment_len_meter":14.319337475534997,"segment_cum_len":14979.768269036615}
{"route_id":"30","segment_first_lat":34.0570837622,"segment_first_lon":-118.2317760575,"segment_second_lat":34.0572541798,"segment_second_lon":-118.2317501176,"segment_sequence":380022,"segment_id":19,"segment_len_meter":19.099652918427065,"segment_cum_len":14998.867921955041}
{"route_id":"30","segment_first_lat":34.0572541798,"segment_first_lon":-118.2317501176,"segment_second_lat":34.0574740081,"segment_second_lon":-118.2317507266,"segment_sequence":380023,"segment_id":19,"segment_len_meter":24.443856075673096,"segment_cum_len":15023.311778030715}
{"route_id":"30","segment_first_lat":34.0574740081,"segment_first_lon":-118.2317507266,"segment_second_lat":34.0576663009,"segment_second_lon":-118.2317809729,"segment_sequence":380024,"segment_id":19,"segment_len_meter":21.562769234054553,"segment_cum_len":15044.87454726477}
{"route_id":"30","segment_first_lat":34.0576663009,"segment_first_lon":-118.2317809729,"segment_second_lat":34.0578146153,"segment_second_lon":-118.2318177004,"segment_sequence":380025,"segment_id":19,"segment_len_meter":16.8352975172911,"segment_cum_len":15061.70984478206}
{"route_id":"30","segment_first_lat":34.0578146153,"segment_first_lon":-118.2318177004,"segment_second_lat":34.0577275703,"segment_second_lon":-118.2313552475,"segment_sequence":380026,"segment_id":19,"segment_len_meter":43.68776980071076,"segment_cum_len":15105.397614582771}
{"route_id":"30","segment_first_lat":34.0577275703,"segment_first_lon":-118.2313552475,"segment_second_lat":34.0577004268,"segment_second_lon":-118.2311801924,"segment_sequence":380027,"segment_id":19,"segment_len_meter":16.40645548335277,"segment_cum_len":15121.804070066124}
{"route_id":"30","segment_first_lat":34.0577004268,"segment_first_lon":-118.2311801924,"segment_second_lat":34.0576774964,"segment_second_lon":-118.2309572771,"segment_sequence":380028,"segment_id":19,"segment_len_meter":20.693116590166753,"segment_cum_len":15142.49718665629}
{"route_id":"30","segment_first_lat":34.0576774964,"segment_first_lon":-118.2309572771,"segment_second_lat":34.056822526,"segment_second_lon":-118.2311576275,"segment_sequence":380029,"segment_id":19,"segment_len_meter":96.84342299680509,"segment_cum_len":15239.340609653094}
{"route_id":"30","segment_first_lat":34.056822526,"segment_first_lon":-118.2311576275,"segment_second_lat":34.0567638487,"segment_second_lon":-118.2308038775,"segment_sequence":380030,"segment_id":19,"segment_len_meter":33.235280143379505,"segment_cum_len":15272.575889796473}
