{"route_id":"245","segment_first_lat":34.1905038491,"segment_first_lon":-118.5964705685,"segment_second_lat":34.1905025572,"segment_second_lon":-118.5960079366,"segment_sequence":10001,"segment_id":1,"segment_len_meter":42.55197826740356,"segment_cum_len":42.55197826740356}
{"route_id":"245","segment_first_lat":34.1905025572,"segment_first_lon":-118.5960079366,"segment_second_lat":34.1904928365,"segment_second_lon":-118.5957499362,"segment_sequence":10002,"segment_id":1,"segment_len_meter":23.754843151475082,"segment_cum_len":66.30682141887864}
{"route_id":"245","segment_first_lat":34.1904928365,"segment_first_lon":-118.5957499362,"segment_second_lat":34.1908681316,"segment_second_lon":-118.5959873974,"segment_sequence":10003,"segment_id":1,"segment_len_meter":47.10095826998487,"segment_cum_len":113.40777968886351}
{"route_id":"245","segment_first_lat":34.1908681316,"segment_first_lon":-118.5959873974,"segment_second_lat":34.1916485715,"segment_second_lon":-118.5965385972,"segment_sequence":10004,"segment_id":1,"segment_len_meter":100.50460145319907,"segment_cum_len":213.9123811420626}
{"route_id":"245","segment_first_lat":34.1916485715,"segment_first_lon":-118.5965385972,"segment_second_lat":34.1918966835,"segment_second_lon":-118.5966551174,"segment_sequence":10005,"segment_id":1,"segment_len_meter":29.59725333015288,"segment_cum_len":243.50963447221548}
{"route_id":"245","segment_first_lat":34.1918966835,"segment_first_lon":-118.5966551174,"segment_second_lat":34.1919003426,"segment_second_lon":-118.5974726006,"segment_sequence":10006,"segment_id":1,"segment_len_meter":75.18993593488122,"segment_cum_len":318.6995704070967}
{"route_id":"245","segment_first_lat":34.1919003426,"segment_first_lon":-118.5974726006,"segment_second_lat":34.190506338,"segment_second_lon":-118.5974695735,"segment_sequence":10007,"segment_id":1,"segment_len_meter":155.00648929128468,"segment_cum_len":473.7060596983814}
{"route_id":"245","segment_first_lat":34.190506338,"segment_first_lon":-118.5974695735,"segment_second_lat":34.1883464191,"segment_second_lon":-118.5974805778,"segment_sequence":10008,"segment_id":1,"segment_len_meter":240.17415641833944,"segment_cum_len":713.8802161167208}
{"route_id":"245","segment_first_lat":34.1883464191,"segment_first_lon":-118.5974805778,"segment_second_lat":34.1883564465,"segment_second_lon":-118.5976757463,"segment_sequence":10009,"segment_id":1,"segment_len_meter":17.986166606507204,"segment_cum_len":731.8663827232281}
{"route_id":"245","segment_first_lat":34.1883564465,"segment_first_lon":-118.5976757463,"segment_second_lat":34.1883523913,"segment_second_lon":-118.5979402553,"segment_sequence":10010,"segment_id":1,"segment_len_meter":24.33368046622596,"segment_cum_len":756.200063189454}
{"route_id":"245","segment_first_lat":34.1883523913,"segment_first_lon":-118.5979402553,"segment_second_lat":34.1883434449,"segment_second_lon":-118.5980823804,"segment_sequence":10011,"segment_id":1,"segment_len_meter":13.110444557611327,"segment_cum_len":769.3105077470653}
{"route_id":"245","segment_first_lat":34.1883434449,"segment_first_lon":-118.5980823804,"segment_second_lat":34.1883089337,"segment_second_lon":-118.5983929652,"segment_sequence":10012,"segment_id":1,"segment_len_meter":28.82414837620147,"segment_cum_len":798.1346561232668}
{"route_id":"245","segment_first_lat":34.1883089337,"segment_first_lon":-118.5983929652,"segment_second_lat":34.1881957473,"segment_second_lon":-118.5990534981,"segment_sequence":10013,"segment_id":1,"segment_len_meter":62.045697006841266,"segment_cum_len":860.1803531301081}
{"route_id":"245","segment_first_lat":34.1881957473,"segment_first_lon":-118.5990534981,"segment_second_lat":34.1880717956,"segment_second_lon":-118.5996676579,"segment_sequence":10014,"segment_id":1,"segment_len_meter":58.14757354951717,"segment_cum_len":918.3279266796252}
{"route_id":"245","segment_first_lat":34.1880717956,"segment_first_lon":-118.5996676579,"segment_second_lat":34.1880066114,"segment_second_lon":-118.6000673021,"segment_sequence":10015,"segment_id":1,"segment_len_meter":37.46713289099155,"segment_cum_len":955.7950595706168}
{"route_id":"245","segment_first_lat":34.1880066114,"segment_first_lon":-118.6000673021,"segment_second_lat":34.1879269317,"segment_second_lon":-118.6006189499,"segment_sequence":10016,"segment_id":1,"segment_len_meter":51.508448321255436,"segment_cum_len":1007.3035078918722}
{"route_id":"245","segment_first_lat":34.1879269317,"segment_first_lon":-118.6006189499,"segment_second_lat":34.1878731464,"segment_second_lon":-118.600936007,"segment_sequence":10017,"segment_id":1,"segment_len_meter":29.769956638134197,"segment_cum_len":1037.0734645300063}
{"route_id":"245","segment_first_lat":34.1878731464,"segment_first_lon":-118.600936007,"segment_second_lat":34.1878111826,"segment_second_lon":-118.601239778,"segment_sequence":10018,"segment_id":1,"segment_len_meter":28.777970635765026,"segment_cum_len":1065.8514351657714}
{"route_id":"245","segment_first_lat":34.1878111826,"segment_first_lon":-118.601239778,"segment_second_lat":34.187743821,"segment_second_lon":-118.6015236694,"segment_sequence":10019,"segment_id":1,"segment_len_meter":27.165516344920906,"segment_cum_len":1093.0169515106923}
{"route_id":"245","segment_first_lat":34.187743821,"segment_first_lon":-118.6015236694,"segment_second_lat":34.1877160865,"segment_second_lon":-118.601685498,"segment_sequence":10020,"segment_id":1,"segment_len_meter":15.201195899685306,"segment_cum_len":1108.2181474103775}
{"route_id":"245","segment_first_lat":34.1877160865,"segment_first_lon":-118.601685498,"segment_second_lat":34.1876645789,"segment_second_lon":-118.6019860365,"segment_sequence":20001,"segment_id":1,"segment_len_meter":28.23079065322005,"segment_cum_len":1136.4489380635976}
{"route_id":"245","segment_first_lat":34.1876645789,"segment_first_lon":-118.6019860365,"segment_second_lat":34.1875652933,"segment_second_lon":-118.6026102862,"segment_sequence":20002,"segment_id":1,"segment_len_meter":58.47062229711454,"segment_cum_len":1194.919560360712}
{"route_id":"245","segment_first_lat":34.1875652933,"segment_first_lon":-118.6026102862,"segment_second_lat":34.1874128722,"segment_second_lon":-118.6034193253,"segment_sequence":20003,"segment_id":1,"segment_len_meter":76.32169862318348,"segment_cum_len":1271.2412589838955}
{"route_id":"245","segment_first_lat":34.1874128722,"segment_first_lon":-118.6034193253,"segment_second_lat":34.1871957092,"segment_second_lon":-118.6045354144,"segment_sequence":20004,"segment_id":1,"segment_len_meter":105.46074644414993,"segment_cum_len":1376.7020054280454}
{"route_id":"245","segment_first_lat":34.1871957092,"segment_first_lon":-118.6045354144,"segment_second_lat":34.187096675,"segment_second_lon":-118.6051067527,"segment_sequence":20005,"segment_id":1,"segment_len_meter":53.69374486799191,"segment_cum_len":1430.3957502960372}
{"route_id":"245","segment_first_lat":34.187096675,"segment_first_lon":-118.6051067527,"segment_second_lat":34.1870171875,"segment_second_lon":-118.6056154045,"segment_sequence":20006,"segment_id":1,"segment_len_meter":47.613992613898816,"segment_cum_len":1478.009742909936}
{"route_id":"245","segment_first_lat":34.1870171875,"segment_first_lon":-118.6056154045,"segment_second_lat":34.1869889476,"segment_second_lon":-118.6057673067,"segment_sequence":20007,"segment_id":1,"segment_len_meter":14.3206812358055,"segment_cum_len":1492.3304241457415}
{"route_id":"245","segment_first_lat":34.1869889476,"segment_first_lon":-118.6057673067,"segment_second_lat":34.1869608732,"segment_second_lon":-118.6058861433,"segment_sequence":20008,"segment_id":1,"segment_len_meter":11.367786504340952,"segment_cum_len":1503.6982106500825}
{"route_id":"245","segment_first_lat":34.1869608732,"segment_first_lon":-118.6058861433,"segment_second_lat":34.187235647,"segment_second_lon":-118.6058897897,"segment_sequence":20009,"segment_id":1,"segment_len_meter":30.555293407509314,"segment_cum_len":1534.2535040575917}
{"route_id":"245","segment_first_lat":34.187235647,"segment_first_lon":-118.6058897897,"segment_second_lat":34.1891068551,"segment_second_lon":-118.6059149365,"segment_sequence":30001,"segment_id":2,"segment_len_meter":208.08170331377443,"segment_cum_len":1742.335207371366}
{"route_id":"245","segment_first_lat":34.1891068551,"segment_first_lon":-118.6059149365,"segment_second_lat":34.1894643615,"segment_second_lon":-118.6059145537,"segment_sequence":30002,"segment_id":2,"segment_len_meter":39.75291351568134,"segment_cum_len":1782.0881208870474}
{"route_id":"245","segment_first_lat":34.1894643615,"segment_first_lon":-118.6059145537,"segment_second_lat":34.1899174954,"segment_second_lon":-118.6059142033,"segment_sequence":40001,"segment_id":2,"segment_len_meter":50.386201078556034,"segment_cum_len":1832.4743219656034}
{"route_id":"245","segment_first_lat":34.1899174954,"segment_first_lon":-118.6059142033,"segment_second_lat":34.1911458707,"segment_second_lon":-118.6059032731,"segment_sequence":40002,"segment_id":2,"segment_len_meter":136.59280108258505,"segment_cum_len":1969.0671230481885}
{"route_id":"245","segment_first_lat":34.1911458707,"segment_first_lon":-118.6059032731,"segment_second_lat":34.1914206577,"segment_second_lon":-118.6059042744,"segment_sequence":40003,"segment_id":2,"segment_len_meter":30.555059102433678,"segment_cum_len":1999.6221821506222}
{"route_id":"245","segment_first_lat":34.1914206577,"segment_first_lon":-118.6059042744,"segment_second_lat":34.1920828942,"segment_second_lon":-118.6059067635,"segment_sequence":50001,"segment_id":3,"segment_len_meter":73.63769492074346,"segment_cum_len":2073.2598770713657}
{"route_id":"245","segment_first_lat":34.1920828942,"segment_first_lon":-118.6059067635,"segment_second_lat":34.1924236405,"segment_second_lon":-118.6059059284,"segment_sequence":50002,"segment_id":3,"segment_len_meter":37.889337686479465,"segment_cum_len":2111.149214757845}
{"route_id":"245","segment_first_lat":34.1924236405,"segment_first_lon":-118.6059059284,"segment_second_lat":34.1929924395,"segment_second_lon":-118.6059100546,"segment_sequence":50003,"segment_id":3,"segment_len_meter":63.24870166047666,"segment_cum_len":2174.397916418322}
{"route_id":"245","segment_first_lat":34.1929924395,"segment_first_lon":-118.6059100546,"segment_second_lat":34.1937591644,"segment_second_lon":-118.605899082,"segment_sequence":50004,"segment_id":3,"segment_len_meter":85.26189188316901,"segment_cum_len":2259.659808301491}
{"route_id":"245","segment_first_lat":34.1937591644,"segment_first_lon":-118.605899082,"segment_second_lat":34.194033963,"segment_second_lon":-118.6058977685,"segment_sequence":50005,"segment_id":3,"segment_len_meter":30.556448982080266,"segment_cum_len":2290.2162572835714}
{"route_id":"245","segment_first_lat":34.194033963,"segment_first_lon":-118.6058977685,"segment_second_lat":34.1946137864,"segment_second_lon":-118.6058953607,"segment_sequence":60001,"segment_id":3,"segment_len_meter":64.4738007525507,"segment_cum_len":2354.690058036122}
{"route_id":"245","segment_first_lat":34.1946137864,"segment_first_lon":-118.6058953607,"segment_second_lat":34.1955645324,"segment_second_lon":-118.6059022577,"segment_sequence":60002,"segment_id":3,"segment_len_meter":105.72003479104487,"segment_cum_len":2460.410092827167}
{"route_id":"245","segment_first_lat":34.1955645324,"segment_first_lon":-118.6059022577,"segment_second_lat":34.1963531571,"segment_second_lon":-118.6059079788,"segment_sequence":60003,"segment_id":3,"segment_len_meter":87.69264428458531,"segment_cum_len":2548.102737111752}
{"route_id":"245","segment_first_lat":34.1963531571,"segment_first_lon":-118.6059079788,"segment_second_lat":34.1964905481,"segment_second_lon":-118.6059089755,"segment_sequence":70001,"segment_id":4,"segment_len_meter":15.277457180534899,"segment_cum_len":2563.380194292287}
{"route_id":"245","segment_first_lat":34.1964905481,"segment_first_lon":-118.6059089755,"segment_second_lat":34.1970318523,"segment_second_lon":-118.6059162095,"segment_sequence":70002,"segment_id":4,"segment_len_meter":60.1939577494409,"segment_cum_len":2623.5741520417278}
{"route_id":"245","segment_first_lat":34.1970318523,"segment_first_lon":-118.6059162095,"segment_second_lat":34.1973616074,"segment_second_lon":-118.6059152947,"segment_sequence":70003,"segment_id":4,"segment_len_meter":36.66719067986337,"segment_cum_len":2660.241342721591}
{"route_id":"245","segment_first_lat":34.1973616074,"segment_first_lon":-118.6059152947,"segment_second_lat":34.1989663348,"segment_second_lon":-118.6059269367,"segment_sequence":70004,"segment_id":4,"segment_len_meter":178.44075785304034,"segment_cum_len":2838.6821005746315}
{"route_id":"245","segment_first_lat":34.1989663348,"segment_first_lon":-118.6059269367,"segment_second_lat":34.1992054284,"segment_second_lon":-118.605922057,"segment_sequence":70005,"segment_id":4,"segment_len_meter":26.589782767572967,"segment_cum_len":2865.2718833422045}
{"route_id":"245","segment_first_lat":34.1992054284,"segment_first_lon":-118.605922057,"segment_second_lat":34.2001370391,"segment_second_lon":-118.6059089727,"segment_sequence":70006,"segment_id":4,"segment_len_meter":103.59737230030512,"segment_cum_len":2968.86925564251}
{"route_id":"245","segment_first_lat":34.2001370391,"segment_first_lon":-118.6059089727,"segment_second_lat":34.2010218706,"segment_second_lon":-118.6059087777,"segment_sequence":70007,"segment_id":4,"segment_len_meter":98.3887753699309,"segment_cum_len":3067.258031012441}
{"route_id":"245","segment_first_lat":34.2010218706,"segment_first_lon":-118.6059087777,"segment_second_lat":34.2012966328,"segment_second_lon":-118.6059147397,"segment_sequence":70008,"segment_id":4,"segment_len_meter":30.55708228363669,"segment_cum_len":3097.8151132960775}
{"route_id":"245","segment_first_lat":34.2012966328,"segment_first_lon":-118.6059147397,"segment_second_lat":34.2019670548,"segment_second_lon":-118.605928864,"segment_sequence":80001,"segment_id":4,"segment_len_meter":74.55884094184346,"segment_cum_len":3172.3739542379208}
{"route_id":"245","segment_first_lat":34.2019670548,"segment_first_lon":-118.605928864,"segment_second_lat":34.202838081,"segment_second_lon":-118.6059417982,"segment_sequence":80002,"segment_id":4,"segment_len_meter":96.86099835840558,"segment_cum_len":3269.2349525963264}
{"route_id":"245","segment_first_lat":34.202838081,"segment_first_lon":-118.6059417982,"segment_second_lat":34.2037448619,"segment_second_lon":-118.6059483774,"segment_sequence":80003,"segment_id":4,"segment_len_meter":100.83125099200377,"segment_cum_len":3370.06620358833}
{"route_id":"245","segment_first_lat":34.2037448619,"segment_first_lon":-118.6059483774,"segment_second_lat":34.2046599194,"segment_second_lon":-118.6059484021,"segment_sequence":80004,"segment_id":4,"segment_len_meter":101.7497516136403,"segment_cum_len":3471.8159552019706}
{"route_id":"245","segment_first_lat":34.2046599194,"segment_first_lon":-118.6059484021,"segment_second_lat":34.2055585066,"segment_second_lon":-118.6059449999,"segment_sequence":80005,"segment_id":4,"segment_len_meter":99.91882762993018,"segment_cum_len":3571.7347828319007}
{"route_id":"245","segment_first_lat":34.2055585066,"segment_first_lon":-118.6059449999,"segment_second_lat":34.2058332937,"segment_second_lon":-118.6059460014,"segment_sequence":80006,"segment_id":4,"segment_len_meter":30.55507023006005,"segment_cum_len":3602.289853061961}
{"route_id":"245","segment_first_lat":34.2058332937,"segment_first_lon":-118.6059460014,"segment_second_lat":34.2064625563,"segment_second_lon":-118.6059482521,"segment_sequence":90001,"segment_id":5,"segment_len_meter":69.97111476574366,"segment_cum_len":3672.2609678277045}
{"route_id":"245","segment_first_lat":34.2064625563,"segment_first_lon":-118.6059482521,"segment_second_lat":34.2073940677,"segment_second_lon":-118.6059550111,"segment_sequence":90002,"segment_id":5,"segment_len_meter":103.58120667620943,"segment_cum_len":3775.842174503914}
{"route_id":"245","segment_first_lat":34.2073940677,"segment_first_lon":-118.6059550111,"segment_second_lat":34.2082816139,"segment_second_lon":-118.6059614512,"segment_sequence":90003,"segment_id":5,"segment_len_meter":98.69241149100846,"segment_cum_len":3874.5345859949225}
{"route_id":"245","segment_first_lat":34.2082816139,"segment_first_lon":-118.6059614512,"segment_second_lat":34.2085564092,"segment_second_lon":-118.6059607992,"segment_sequence":90004,"segment_id":5,"segment_len_meter":30.555902049182354,"segment_cum_len":3905.090488044105}
{"route_id":"245","segment_first_lat":34.2085564092,"segment_first_lon":-118.6059607992,"segment_second_lat":34.2099193981,"segment_second_lon":-118.6059567976,"segment_sequence":100001,"segment_id":5,"segment_len_meter":151.55789746695888,"segment_cum_len":4056.6483855110637}
{"route_id":"245","segment_first_lat":34.2099193981,"segment_first_lon":-118.6059567976,"segment_second_lat":34.211667062,"segment_second_lon":-118.6059595565,"segment_sequence":100002,"segment_id":5,"segment_len_meter":194.3315247569103,"segment_cum_len":4250.9799102679735}
{"route_id":"245","segment_first_lat":34.211667062,"segment_first_lon":-118.6059595565,"segment_second_lat":34.2127057383,"segment_second_lon":-118.6059670937,"segment_sequence":100003,"segment_id":5,"segment_len_meter":115.49761449644022,"segment_cum_len":4366.477524764414}
{"route_id":"245","segment_first_lat":34.2127057383,"segment_first_lon":-118.6059670937,"segment_second_lat":34.2128431294,"segment_second_lon":-118.6059680907,"segment_sequence":110001,"segment_id":6,"segment_len_meter":15.27746835807124,"segment_cum_len":4381.754993122485}
{"route_id":"245","segment_first_lat":34.2128431294,"segment_first_lon":-118.6059680907,"segment_second_lat":34.2144478569,"segment_second_lon":-118.6059797359,"segment_sequence":110002,"segment_id":6,"segment_len_meter":178.4407695582316,"segment_cum_len":4560.195762680716}
{"route_id":"245","segment_first_lat":34.2144478569,"segment_first_lon":-118.6059797359,"segment_second_lat":34.2155497828,"segment_second_lon":-118.6059778093,"segment_sequence":110003,"segment_id":6,"segment_len_meter":122.52869768154436,"segment_cum_len":4682.72446036226}
{"route_id":"245","segment_first_lat":34.2155497828,"segment_first_lon":-118.6059778093,"segment_second_lat":34.2158245732,"segment_second_lon":-118.6059781495,"segment_sequence":110004,"segment_id":6,"segment_len_meter":30.555314383676645,"segment_cum_len":4713.279774745937}
{"route_id":"245","segment_first_lat":34.2158245732,"segment_first_lon":-118.6059781495,"segment_second_lat":34.2175887323,"segment_second_lon":-118.6059793748,"segment_sequence":120001,"segment_id":6,"segment_len_meter":196.16557406749288,"segment_cum_len":4909.44534881343}
{"route_id":"245","segment_first_lat":34.2175887323,"segment_first_lon":-118.6059793748,"segment_second_lat":34.2196633372,"segment_second_lon":-118.605994431,"segment_sequence":120002,"segment_id":6,"segment_len_meter":230.68969351459987,"segment_cum_len":5140.13504232803}
{"route_id":"245","segment_first_lat":34.2196633372,"segment_first_lon":-118.605994431,"segment_second_lat":34.2199381193,"segment_second_lon":-118.6059964253,"segment_sequence":120003,"segment_id":6,"segment_len_meter":30.554925671221607,"segment_cum_len":5170.689967999252}
{"route_id":"245","segment_first_lat":34.2199381193,"segment_first_lon":-118.6059964253,"segment_second_lat":34.2209438218,"segment_second_lon":-118.6060037244,"segment_sequence":130001,"segment_id":7,"segment_len_meter":111.83102946204187,"segment_cum_len":5282.5209974612935}
{"route_id":"245","segment_first_lat":34.2209438218,"segment_first_lon":-118.6060037244,"segment_second_lat":34.2224359383,"segment_second_lon":-118.6060046299,"segment_sequence":130002,"segment_id":7,"segment_len_meter":165.91580565120665,"segment_cum_len":5448.4368031125005}
{"route_id":"245","segment_first_lat":34.2224359383,"segment_first_lon":-118.6060046299,"segment_second_lat":34.2242550953,"segment_second_lon":-118.6059979846,"segment_sequence":130003,"segment_id":7,"segment_len_meter":202.28195188582907,"segment_cum_len":5650.718754998329}
{"route_id":"245","segment_first_lat":34.2242550953,"segment_first_lon":-118.6059979846,"segment_second_lat":34.2245298774,"segment_second_lon":-118.605999979,"segment_sequence":130004,"segment_id":7,"segment_len_meter":30.554925666416484,"segment_cum_len":5681.273680664745}
{"route_id":"245","segment_first_lat":34.2245298774,"segment_first_lon":-118.605999979,"segment_second_lat":34.224642538,"segment_second_lon":-118.6060007967,"segment_sequence":140001,"segment_id":7,"segment_len_meter":12.527512736738288,"segment_cum_len":5693.801193401484}
{"route_id":"245","segment_first_lat":34.224642538,"segment_first_lon":-118.6060007967,"segment_second_lat":34.2251288526,"segment_second_lon":-118.606014251,"segment_sequence":140002,"segment_id":7,"segment_len_meter":54.08986255247219,"segment_cum_len":5747.891055953956}
{"route_id":"245","segment_first_lat":34.2251288526,"segment_first_lon":-118.606014251,"segment_second_lat":34.2255437902,"segment_second_lon":-118.6060139545,"segment_sequence":140003,"segment_id":7,"segment_len_meter":46.13896404689027,"segment_cum_len":5794.030020000847}
{"route_id":"245","segment_first_lat":34.2255437902,"segment_first_lon":-118.6060139545,"segment_second_lat":34.2258461499,"segment_second_lon":-118.6059962999,"segment_sequence":140004,"segment_id":7,"segment_len_meter":33.66002304820336,"segment_cum_len":5827.6900430490505}
{"route_id":"245","segment_first_lat":34.2258461499,"segment_first_lon":-118.6059962999,"segment_second_lat":34.2261403821,"segment_second_lon":-118.6059554286,"segment_sequence":140005,"segment_id":7,"segment_len_meter":32.93220996751753,"segment_cum_len":5860.622253016568}
{"route_id":"245","segment_first_lat":34.2261403821,"segment_first_lon":-118.6059554286,"segment_second_lat":34.226346684,"segment_second_lon":-118.6059139189,"segment_sequence":140006,"segment_id":7,"segment_len_meter":23.255008544707945,"segment_cum_len":5883.877261561276}
{"route_id":"245","segment_first_lat":34.226346684,"segment_first_lon":-118.6059139189,"segment_second_lat":34.2265696053,"segment_second_lon":-118.6058460636,"segment_sequence":140007,"segment_id":7,"segment_len_meter":25.56070873696806,"segment_cum_len":5909.437970298244}
{"route_id":"245","segment_first_lat":34.2265696053,"segment_first_lon":-118.6058460636,"segment_second_lat":34.2267651146,"segment_second_lon":-118.6057647761,"segment_sequence":140008,"segment_id":7,"segment_len_meter":22.988344510590288,"segment_cum_len":5932.426314808835}
{"route_id":"245","segment_first_lat":34.2267651146,"segment_first_lon":-118.6057647761,"segment_second_lat":34.2269387241,"segment_second_lon":-118.6056667881,"segment_sequence":140009,"segment_id":7,"segment_len_meter":21.303102105782656,"segment_cum_len":5953.729416914617}
{"route_id":"245","segment_first_lat":34.2269387241,"segment_first_lon":-118.6056667881,"segment_second_lat":34.2272558823,"segment_second_lon":-118.6054375102,"segment_sequence":140010,"segment_id":7,"segment_len_meter":41.08592092227755,"segment_cum_len":5994.815337836894}
{"route_id":"245","segment_first_lat":34.2272558823,"segment_first_lon":-118.6054375102,"segment_second_lat":34.2274103726,"segment_second_lon":-118.6053162244,"segment_sequence":140011,"segment_id":7,"segment_len_meter":20.480237263546947,"segment_cum_len":6015.295575100441}
{"route_id":"245","segment_first_lat":34.2274103726,"segment_first_lon":-118.6053162244,"segment_second_lat":34.2276010146,"segment_second_lon":-118.6051091849,"segment_sequence":140012,"segment_id":7,"segment_len_meter":28.490172948832825,"segment_cum_len":6043.785748049274}
{"route_id":"245","segment_first_lat":34.2276010146,"segment_first_lon":-118.6051091849,"segment_second_lat":34.2277973999,"segment_second_lon":-118.6048525617,"segment_sequence":140013,"segment_id":7,"segment_len_meter":32.14799354528989,"segment_cum_len":6075.933741594564}
{"route_id":"245","segment_first_lat":34.2277973999,"segment_first_lon":-118.6048525617,"segment_second_lat":34.2279525012,"segment_second_lon":-118.6046088716,"segment_sequence":140014,"segment_id":7,"segment_len_meter":28.273371875486237,"segment_cum_len":6104.20711347005}
{"route_id":"245","segment_first_lat":34.2279525012,"segment_first_lon":-118.6046088716,"segment_second_lat":34.2281632358,"segment_second_lon":-118.6042299429,"segment_sequence":140015,"segment_id":7,"segment_len_meter":41.98489911808737,"segment_cum_len":6146.192012588137}
{"route_id":"245","segment_first_lat":34.2281632358,"segment_first_lon":-118.6042299429,"segment_second_lat":34.228257438,"segment_second_lon":-118.6040751342,"segment_sequence":140016,"segment_id":7,"segment_len_meter":17.671646643946854,"segment_cum_len":6163.863659232084}
{"route_id":"245","segment_first_lat":34.228257438,"segment_first_lon":-118.6040751342,"segment_second_lat":34.2283902745,"segment_second_lon":-118.6038875216,"segment_sequence":140017,"segment_id":7,"segment_len_meter":22.708637231781474,"segment_cum_len":6186.572296463865}
{"route_id":"245","segment_first_lat":34.2283902745,"segment_first_lon":-118.6038875216,"segment_second_lat":34.2287000769,"segment_second_lon":-118.6034795303,"segment_sequence":140018,"segment_id":7,"segment_len_meter":50.92767601926766,"segment_cum_len":6237.499972483133}
{"route_id":"245","segment_first_lat":34.2287000769,"segment_first_lon":-118.6034795303,"segment_second_lat":34.2287527385,"segment_second_lon":-118.603444181,"segment_sequence":140019,"segment_id":7,"segment_len_meter":6.697080599774854,"segment_cum_len":6244.1970530829085}
{"route_id":"245","segment_first_lat":34.2287527385,"segment_first_lon":-118.603444181,"segment_second_lat":34.2288269056,"segment_second_lon":-118.6033944305,"segment_sequence":150001,"segment_id":8,"segment_len_meter":9.430439736856988,"segment_cum_len":6253.627492819765}
{"route_id":"245","segment_first_lat":34.2288269056,"segment_first_lon":-118.6033944305,"segment_second_lat":34.2290034259,"segment_second_lon":-118.6032633728,"segment_sequence":150002,"segment_id":8,"segment_len_meter":23.03128296182131,"segment_cum_len":6276.658775781587}
{"route_id":"245","segment_first_lat":34.2290034259,"segment_first_lon":-118.6032633728,"segment_second_lat":34.2292434922,"segment_second_lon":-118.6030632984,"segment_sequence":150003,"segment_id":8,"segment_len_meter":32.417804619844134,"segment_cum_len":6309.076580401431}
{"route_id":"245","segment_first_lat":34.2292434922,"segment_first_lon":-118.6030632984,"segment_second_lat":34.2294254253,"segment_second_lon":-118.6029488202,"segment_sequence":150004,"segment_id":8,"segment_len_meter":22.803969291066647,"segment_cum_len":6331.880549692498}
{"route_id":"245","segment_first_lat":34.2294254253,"segment_first_lon":-118.6029488202,"segment_second_lat":34.2295548202,"segment_second_lon":-118.6029001293,"segment_sequence":150005,"segment_id":8,"segment_len_meter":15.068321001269627,"segment_cum_len":6346.948870693767}
{"route_id":"245","segment_first_lat":34.2295548202,"segment_first_lon":-118.6029001293,"segment_second_lat":34.2296759221,"segment_second_lon":-118.6028613035,"segment_sequence":150006,"segment_id":8,"segment_len_meter":13.930967216623335,"segment_cum_len":6360.879837910391}
{"route_id":"245","segment_first_lat":34.2296759221,"segment_first_lon":-118.6028613035,"segment_second_lat":34.2297914789,"segment_second_lon":-118.6028323626,"segment_sequence":150007,"segment_id":8,"segment_len_meter":13.121907711941361,"segment_cum_len":6374.001745622332}
{"route_id":"245","segment_first_lat":34.2297914789,"segment_first_lon":-118.6028323626,"segment_second_lat":34.2301437439,"segment_second_lon":-118.6027257296,"segment_sequence":150008,"segment_id":8,"segment_len_meter":40.37819822860721,"segment_cum_len":6414.3799438509395}
{"route_id":"245","segment_first_lat":34.2301437439,"segment_first_lon":-118.6027257296,"segment_second_lat":34.2302125053,"segment_second_lon":-118.6027129925,"segment_sequence":150009,"segment_id":8,"segment_len_meter":7.735066797267809,"segment_cum_len":6422.115010648207}
{"route_id":"245","segment_first_lat":34.2302125053,"segment_first_lon":-118.6027129925,"segment_second_lat":34.2303444666,"segment_second_lon":-118.6027007116,"segment_sequence":150010,"segment_id":8,"segment_len_meter":14.716799220678558,"segment_cum_len":6436.831809868886}
{"route_id":"245","segment_first_lat":34.2303444666,"segment_first_lon":-118.6027007116,"segment_second_lat":34.2305918035,"segment_second_lon":-118.6026958804,"segment_sequence":150011,"segment_id":8,"segment_len_meter":27.50619460889221,"segment_cum_len":6464.338004477779}
{"route_id":"245","segment_first_lat":34.2305918035,"segment_first_lon":-118.6026958804,"segment_second_lat":34.2308061006,"segment_second_lon":-118.6027040442,"segment_sequence":150012,"segment_id":8,"segment_len_meter":23.840566979325292,"segment_cum_len":6488.178571457104}
{"route_id":"245","segment_first_lat":34.2308061006,"segment_first_lon":-118.6027040442,"segment_second_lat":34.2308967293,"segment_second_lon":-118.6027146237,"segment_sequence":150013,"segment_id":8,"segment_len_meter":10.124277888568951,"segment_cum_len":6498.302849345673}
{"route_id":"245","segment_first_lat":34.2308967293,"segment_first_lon":-118.6027146237,"segment_second_lat":34.2311737649,"segment_second_lon":-118.6028158763,"segment_sequence":150014,"segment_id":8,"segment_len_meter":32.18063143897149,"segment_cum_len":6530.483480784645}
{"route_id":"245","segment_first_lat":34.2311737649,"segment_first_lon":-118.6028158763,"segment_second_lat":34.2313255003,"segment_second_lon":-118.602860974,"segment_sequence":150015,"segment_id":8,"segment_len_meter":17.37413083275547,"segment_cum_len":6547.8576116174}
{"route_id":"245","segment_first_lat":34.2313255003,"segment_first_lon":-118.602860974,"segment_second_lat":34.2314591264,"segment_second_lon":-118.6029006476,"segment_sequence":160001,"segment_id":8,"segment_len_meter":15.299647272461254,"segment_cum_len":6563.157258889862}
{"route_id":"245","segment_first_lat":34.2314591264,"segment_first_lon":-118.6029006476,"segment_second_lat":34.2318597479,"segment_second_lon":-118.603016028,"segment_sequence":160002,"segment_id":8,"segment_len_meter":45.79252493444445,"segment_cum_len":6608.949783824306}
{"route_id":"245","segment_first_lat":34.2318597479,"segment_first_lon":-118.603016028,"segment_second_lat":34.2319941273,"segment_second_lon":-118.6030699339,"segment_sequence":160003,"segment_id":8,"segment_len_meter":15.742663777149758,"segment_cum_len":6624.692447601456}
{"route_id":"245","segment_first_lat":34.2319941273,"segment_first_lon":-118.6030699339,"segment_second_lat":34.2330989758,"segment_second_lon":-118.6035841152,"segment_sequence":160004,"segment_id":8,"segment_len_meter":131.63359371151932,"segment_cum_len":6756.326041312975}
{"route_id":"245","segment_first_lat":34.2330989758,"segment_first_lon":-118.6035841152,"segment_second_lat":34.2335018989,"segment_second_lon":-118.6037888477,"segment_sequence":160005,"segment_id":8,"segment_len_meter":48.59575915497802,"segment_cum_len":6804.921800467952}
{"route_id":"245","segment_first_lat":34.2335018989,"segment_first_lon":-118.6037888477,"segment_second_lat":34.2336115146,"segment_second_lon":-118.6038491938,"segment_sequence":160006,"segment_id":8,"segment_len_meter":13.391828187044105,"segment_cum_len":6818.313628654996}
{"route_id":"245","segment_first_lat":34.2336115146,"segment_first_lon":-118.6038491938,"segment_second_lat":34.2339456591,"segment_second_lon":-118.6040699738,"segment_sequence":160007,"segment_id":8,"segment_len_meter":42.337331043319615,"segment_cum_len":6860.650959698316}
{"route_id":"245","segment_first_lat":34.2339456591,"segment_first_lon":-118.6040699738,"segment_second_lat":34.2343593083,"segment_second_lon":-118.6043277251,"segment_sequence":160008,"segment_id":8,"segment_len_meter":51.74030425059182,"segment_cum_len":6912.391263948908}
{"route_id":"245","segment_first_lat":34.2343593083,"segment_first_lon":-118.6043277251,"segment_second_lat":34.2351810266,"segment_second_lon":-118.6048597378,"segment_sequence":160009,"segment_id":8,"segment_len_meter":103.6368040705979,"segment_cum_len":7016.028068019506}
{"route_id":"245","segment_first_lat":34.2351810266,"segment_first_lon":-118.6048597378,"segment_second_lat":34.2353316938,"segment_second_lon":-118.6049534699,"segment_sequence":160010,"segment_id":8,"segment_len_meter":18.839435794230937,"segment_cum_len":7034.867503813736}
{"route_id":"245","segment_first_lat":34.2353316938,"segment_first_lon":-118.6049534699,"segment_second_lat":34.2354495524,"segment_second_lon":-118.6050138786,"segment_sequence":160011,"segment_id":8,"segment_len_meter":14.233315865031239,"segment_cum_len":7049.100819678767}
{"route_id":"245","segment_first_lat":34.2354495524,"segment_first_lon":-118.6050138786,"segment_second_lat":34.2356986395,"segment_second_lon":-118.6051536525,"segment_sequence":160012,"segment_id":8,"segment_len_meter":30.532566064905662,"segment_cum_len":7079.633385743673}
{"route_id":"245","segment_first_lat":34.2356986395,"segment_first_lon":-118.6051536525,"segment_second_lat":34.2357838602,"segment_second_lon":-118.6052015833,"segment_sequence":170001,"segment_id":9,"segment_len_meter":10.450414467995898,"segment_cum_len":7090.083800211669}
{"route_id":"245","segment_first_lat":34.2357838602,"segment_first_lon":-118.6052015833,"segment_second_lat":34.2363371658,"segment_second_lon":-118.605556309,"segment_sequence":170002,"segment_id":9,"segment_len_meter":69.63228487722591,"segment_cum_len":7159.716085088895}
{"route_id":"245","segment_first_lat":34.2363371658,"segment_first_lon":-118.605556309,"segment_second_lat":34.2364522597,"segment_second_lon":-118.6056200078,"segment_sequence":170003,"segment_id":9,"segment_len_meter":14.073876858570365,"segment_cum_len":7173.789961947466}
{"route_id":"245","segment_first_lat":34.2364522597,"segment_first_lon":-118.6056200078,"segment_second_lat":34.2365646058,"segment_second_lon":-118.6056836869,"segment_sequence":170004,"segment_id":9,"segment_len_meter":13.795851403055376,"segment_cum_len":7187.585813350521}
{"route_id":"245","segment_first_lat":34.2365646058,"segment_first_lon":-118.6056836869,"segment_second_lat":34.2367757078,"segment_second_lon":-118.6057811692,"segment_sequence":170005,"segment_id":9,"segment_len_meter":25.12584742249304,"segment_cum_len":7212.711660773014}
{"route_id":"245","segment_first_lat":34.2367757078,"segment_first_lon":-118.6057811692,"segment_second_lat":34.2368497664,"segment_second_lon":-118.6058081758,"segment_sequence":170006,"segment_id":9,"segment_len_meter":8.601030465210403,"segment_cum_len":7221.312691238224}
{"route_id":"245","segment_first_lat":34.2368497664,"segment_first_lon":-118.6058081758,"segment_second_lat":34.2369677571,"segment_second_lon":-118.6058421186,"segment_sequence":170007,"segment_id":9,"segment_len_meter":13.485901394445339,"segment_cum_len":7234.798592632669}
{"route_id":"245","segment_first_lat":34.2369677571,"segment_first_lon":-118.6058421186,"segment_second_lat":34.2372036225,"segment_second_lon":-118.6059331642,"segment_sequence":170008,"segment_id":9,"segment_len_meter":27.53009780333847,"segment_cum_len":7262.3286904360075}
{"route_id":"245","segment_first_lat":34.2372036225,"segment_first_lon":-118.6059331642,"segment_second_lat":34.2375878039,"segment_second_lon":-118.6060385217,"segment_sequence":170009,"segment_id":9,"segment_len_meter":43.80315793423921,"segment_cum_len":7306.131848370247}
{"route_id":"245","segment_first_lat":34.2375878039,"segment_first_lon":-118.6060385217,"segment_second_lat":34.2377442971,"segment_second_lon":-118.6060661272,"segment_sequence":170010,"segment_id":9,"segment_len_meter":17.58531319686853,"segment_cum_len":7323.717161567116}
{"route_id":"245","segment_first_lat":34.2377442971,"segment_first_lon":-118.6060661272,"segment_second_lat":34.2388926873,"segment_second_lon":-118.6061141694,"segment_sequence":170011,"segment_id":9,"segment_len_meter":127.77150930265263,"segment_cum_len":7451.488670869769}
{"route_id":"245","segment_first_lat":34.2388926873,"segment_first_lon":-118.6061141694,"segment_second_lat":34.2391015217,"segment_second_lon":-118.6061156857,"segment_sequence":170012,"segment_id":9,"segment_len_meter":23.221744112799293,"segment_cum_len":7474.710414982568}
{"route_id":"245","segment_first_lat":34.2391015217,"segment_first_lon":-118.6061156857,"segment_second_lat":34.2393763419,"segment_second_lon":-118.606110071,"segment_sequence":170013,"segment_id":9,"segment_len_meter":30.562970303594106,"segment_cum_len":7505.273385286162}
{"route_id":"245","segment_first_lat":34.2393763419,"segment_first_lon":-118.606110071,"segment_second_lat":34.2401925557,"segment_second_lon":-118.6060938285,"segment_sequence":180001,"segment_id":9,"segment_len_meter":90.77111402735544,"segment_cum_len":7596.044499313517}
{"route_id":"245","segment_first_lat":34.2401925557,"segment_first_lon":-118.6060938285,"segment_second_lat":34.2403491814,"segment_second_lon":-118.6060949657,"segment_sequence":180002,"segment_id":9,"segment_len_meter":17.416296942215695,"segment_cum_len":7613.460796255733}
{"route_id":"245","segment_first_lat":34.2403491814,"segment_first_lon":-118.6060949657,"segment_second_lat":34.2412886876,"segment_second_lon":-118.6061514195,"segment_sequence":180003,"segment_id":9,"segment_len_meter":104.59713276138919,"segment_cum_len":7718.057929017122}
{"route_id":"245","segment_first_lat":34.2412886876,"segment_first_lon":-118.6061514195,"segment_second_lat":34.2416291688,"segment_second_lon":-118.6062035244,"segment_sequence":180004,"segment_id":9,"segment_len_meter":38.16154078110974,"segment_cum_len":7756.219469798231}
{"route_id":"245","segment_first_lat":34.2416291688,"segment_first_lon":-118.6062035244,"segment_second_lat":34.241848779,"segment_second_lon":-118.6062481342,"segment_sequence":180005,"segment_id":9,"segment_len_meter":24.761439691094594,"segment_cum_len":7780.980909489326}
{"route_id":"245","segment_first_lat":34.241848779,"segment_first_lon":-118.6062481342,"segment_second_lat":34.2424542255,"segment_second_lon":-118.606396798,"segment_sequence":180006,"segment_id":9,"segment_len_meter":68.69549780198675,"segment_cum_len":7849.676407291313}
{"route_id":"245","segment_first_lat":34.2424542255,"segment_first_lon":-118.606396798,"segment_second_lat":34.2426968444,"segment_second_lon":-118.606456135,"segment_sequence":190001,"segment_id":10,"segment_len_meter":27.523832522959804,"segment_cum_len":7877.200239814273}
{"route_id":"245","segment_first_lat":34.2426968444,"segment_first_lon":-118.606456135,"segment_second_lat":34.243385652,"segment_second_lon":-118.6066398203,"segment_sequence":190002,"segment_id":10,"segment_len_meter":78.43088223310131,"segment_cum_len":7955.631122047374}
{"route_id":"245","segment_first_lat":34.243385652,"segment_first_lon":-118.6066398203,"segment_second_lat":34.2443050937,"segment_second_lon":-118.6068615836,"segment_sequence":190003,"segment_id":10,"segment_len_meter":104.24958825001995,"segment_cum_len":8059.880710297394}
{"route_id":"245","segment_first_lat":34.2443050937,"segment_first_lon":-118.6068615836,"segment_second_lat":34.2449252549,"segment_second_lon":-118.6070348496,"segment_sequence":190004,"segment_id":10,"segment_len_meter":70.77401848632904,"segment_cum_len":8130.654728783723}
{"route_id":"245","segment_first_lat":34.2449252549,"segment_first_lon":-118.6070348496,"segment_second_lat":34.2450294895,"segment_second_lon":-118.6070720063,"segment_sequence":190005,"segment_id":10,"segment_len_meter":12.083094896987774,"segment_cum_len":8142.737823680711}
{"route_id":"245","segment_first_lat":34.2450294895,"segment_first_lon":-118.6070720063,"segment_second_lat":34.245358813,"segment_second_lon":-118.607157126,"segment_sequence":190006,"segment_id":10,"segment_len_meter":37.44561294777052,"segment_cum_len":8180.183436628481}
{"route_id":"245","segment_first_lat":34.245358813,"segment_first_lon":-118.607157126,"segment_second_lat":34.2455152728,"segment_second_lon":-118.6071913539,"segment_sequence":190007,"segment_id":10,"segment_len_meter":17.679719713733228,"segment_cum_len":8197.863156342215}
{"route_id":"245","segment_first_lat":34.2455152728,"segment_first_lon":-118.6071913539,"segment_second_lat":34.2456965128,"segment_second_lon":-118.6072158353,"segment_sequence":190008,"segment_id":10,"segment_len_meter":20.278210915545863,"segment_cum_len":8218.14136725776}
{"route_id":"245","segment_first_lat":34.2456965128,"segment_first_lon":-118.6072158353,"segment_second_lat":34.2460262512,"segment_second_lon":-118.607218234,"segment_sequence":190009,"segment_id":10,"segment_len_meter":36.66590011205256,"segment_cum_len":8254.807267369813}
{"route_id":"245","segment_first_lat":34.2460262512,"segment_first_lon":-118.607218234,"segment_second_lat":34.2461114668,"segment_second_lon":-118.6072122359,"segment_sequence":190010,"segment_id":10,"segment_len_meter":9.491568082813382,"segment_cum_len":8264.298835452626}
{"route_id":"245","segment_first_lat":34.2461114668,"segment_first_lon":-118.6072122359,"segment_second_lat":34.2462655108,"segment_second_lon":-118.6071802662,"segment_sequence":190011,"segment_id":10,"segment_len_meter":17.379145060770213,"segment_cum_len":8281.677980513396}
{"route_id":"245","segment_first_lat":34.2462655108,"segment_first_lon":-118.6071802662,"segment_second_lat":34.246411361,"segment_second_lon":-118.6071383098,"segment_sequence":190012,"segment_id":10,"segment_len_meter":16.670021559331396,"segment_cum_len":8298.348002072727}
{"route_id":"245","segment_first_lat":34.246411361,"segment_first_lon":-118.6071383098,"segment_second_lat":34.2466839595,"segment_second_lon":-118.6070277853,"segment_sequence":190013,"segment_id":10,"segment_len_meter":31.968684066683032,"segment_cum_len":8330.316686139411}
{"route_id":"245","segment_first_lat":34.2466839595,"segment_first_lon":-118.6070277853,"segment_second_lat":34.2468961058,"segment_second_lon":-118.6069168206,"segment_sequence":190014,"segment_id":10,"segment_len_meter":25.700145383468925,"segment_cum_len":8356.01683152288}
{"route_id":"245","segment_first_lat":34.2468961058,"segment_first_lon":-118.6069168206,"segment_second_lat":34.2471001081,"segment_second_lon":-118.6067859418,"segment_sequence":190015,"segment_id":10,"segment_len_meter":25.676483493125126,"segment_cum_len":8381.693315016006}
{"route_id":"245","segment_first_lat":34.2471001081,"segment_first_lon":-118.6067859418,"segment_second_lat":34.247408942,"segment_second_lon":-118.6065730975,"segment_sequence":190016,"segment_id":10,"segment_len_meter":39.5224832097049,"segment_cum_len":8421.21579822571}
{"route_id":"245","segment_first_lat":34.247408942,"segment_first_lon":-118.6065730975,"segment_second_lat":34.2477177093,"segment_second_lon":-118.6063734876,"segment_sequence":190017,"segment_id":10,"segment_len_meter":38.928125163702425,"segment_cum_len":8460.143923389413}
{"route_id":"245","segment_first_lat":34.2477177093,"segment_first_lon":-118.6063734876,"segment_second_lat":34.2478445234,"segment_second_lon":-118.6062916817,"segment_sequence":190018,"segment_id":10,"segment_len_meter":15.98057587894524,"segment_cum_len":8476.124499268357}
{"route_id":"245","segment_first_lat":34.2478445234,"segment_first_lon":-118.6062916817,"segment_second_lat":34.2481034151,"segment_second_lon":-118.6061744349,"segment_sequence":190019,"segment_id":10,"segment_len_meter":30.738485948110213,"segment_cum_len":8506.862985216467}
{"route_id":"245","segment_first_lat":34.2481034151,"segment_first_lon":-118.6061744349,"segment_second_lat":34.2482052668,"segment_second_lon":-118.6061387745,"segment_sequence":190020,"segment_id":10,"segment_len_meter":11.790161304045702,"segment_cum_len":8518.653146520512}
{"route_id":"245","segment_first_lat":34.2482052668,"segment_first_lon":-118.6061387745,"segment_second_lat":34.2485931899,"segment_second_lon":-118.6060456272,"segment_sequence":190021,"segment_id":10,"segment_len_meter":43.97653578711832,"segment_cum_len":8562.62968230763}
{"route_id":"245","segment_first_lat":34.2485931899,"segment_first_lon":-118.6060456272,"segment_second_lat":34.2493543693,"segment_second_lon":-118.6060445357,"segment_sequence":190022,"segment_id":10,"segment_len_meter":84.63934700389424,"segment_cum_len":8647.269029311525}
{"route_id":"245","segment_first_lat":34.2493543693,"segment_first_lon":-118.6060445357,"segment_second_lat":34.2498322932,"segment_second_lon":-118.6060324527,"segment_sequence":190023,"segment_id":10,"segment_len_meter":53.15431633090856,"segment_cum_len":8700.423345642434}
{"route_id":"245","segment_first_lat":34.2498322932,"segment_first_lon":-118.6060324527,"segment_second_lat":34.2499699805,"segment_second_lon":-118.6060291505,"segment_sequence":200001,"segment_id":10,"segment_len_meter":15.313137419720666,"segment_cum_len":8715.736483062154}
{"route_id":"245","segment_first_lat":34.2499699805,"segment_first_lon":-118.6060291505,"segment_second_lat":34.2503601876,"segment_second_lon":-118.6060286745,"segment_sequence":200002,"segment_id":10,"segment_len_meter":43.3890719184269,"segment_cum_len":8759.125554980581}
{"route_id":"245","segment_first_lat":34.2503601876,"segment_first_lon":-118.6060286745,"segment_second_lat":34.2509399114,"segment_second_lon":-118.6060461205,"segment_sequence":200003,"segment_id":10,"segment_len_meter":64.48228571755354,"segment_cum_len":8823.607840698134}
{"route_id":"245","segment_first_lat":34.2509399114,"segment_first_lon":-118.6060461205,"segment_second_lat":34.2519758066,"segment_second_lon":-118.6060602607,"segment_sequence":200004,"segment_id":10,"segment_len_meter":115.19362242007553,"segment_cum_len":8938.80146311821}
{"route_id":"245","segment_first_lat":34.2519758066,"segment_first_lon":-118.6060602607,"segment_second_lat":34.2534762076,"segment_second_lon":-118.6060529544,"segment_sequence":200005,"segment_id":10,"segment_len_meter":166.8383305601066,"segment_cum_len":9105.639793678318}
{"route_id":"245","segment_first_lat":34.2534762076,"segment_first_lon":-118.6060529544,"segment_second_lat":34.2536136069,"segment_second_lon":-118.6060522974,"segment_sequence":210001,"segment_id":11,"segment_len_meter":15.278224412055915,"segment_cum_len":9120.918018090373}
{"route_id":"245","segment_first_lat":34.2536136069,"segment_first_lon":-118.6060522974,"segment_second_lat":34.2541219537,"segment_second_lon":-118.6060559887,"segment_sequence":210002,"segment_id":11,"segment_len_meter":56.52660323483713,"segment_cum_len":9177.44462132521}
{"route_id":"245","segment_first_lat":34.2541219537,"segment_first_lon":-118.6060559887,"segment_second_lat":34.2554382755,"segment_second_lon":-118.6060423814,"segment_sequence":210003,"segment_id":11,"segment_len_meter":146.37364867651146,"segment_cum_len":9323.818270001722}
{"route_id":"245","segment_first_lat":34.2554382755,"segment_first_lon":-118.6060423814,"segment_second_lat":34.2567271192,"segment_second_lon":-118.6060285741,"segment_sequence":210004,"segment_id":11,"segment_len_meter":143.31849866826573,"segment_cum_len":9467.136768669989}
{"route_id":"245","segment_first_lat":34.2567271192,"segment_first_lon":-118.6060285741,"segment_second_lat":34.2572134833,"segment_second_lon":-118.6060321057,"segment_sequence":210005,"segment_id":11,"segment_len_meter":54.08219438082413,"segment_cum_len":9521.218963050813}
{"route_id":"245","segment_first_lat":34.2572134833,"segment_first_lon":-118.6060321057,"segment_second_lat":34.25722091,"segment_second_lon":-118.6057012142,"segment_sequence":210006,"segment_id":11,"segment_len_meter":30.421695565981704,"segment_cum_len":9551.640658616794}
{"route_id":"245","segment_first_lat":34.25722091,"segment_first_lon":-118.6057012142,"segment_second_lat":34.2572381969,"segment_second_lon":-118.6049368554,"segment_sequence":220001,"segment_id":11,"segment_len_meter":70.27445213852975,"segment_cum_len":9621.915110755324}
{"route_id":"245","segment_first_lat":34.2572381969,"segment_first_lon":-118.6049368554,"segment_second_lat":34.2572463146,"segment_second_lon":-118.6038613412,"segment_sequence":220002,"segment_id":11,"segment_len_meter":98.84890489215384,"segment_cum_len":9720.764015647479}
{"route_id":"245","segment_first_lat":34.2572463146,"segment_first_lon":-118.6038613412,"segment_second_lat":34.2572322424,"segment_second_lon":-118.6028253801,"segment_sequence":220003,"segment_id":11,"segment_len_meter":95.22252947028757,"segment_cum_len":9815.986545117767}
{"route_id":"245","segment_first_lat":34.2572322424,"segment_first_lon":-118.6028253801,"segment_second_lat":34.2572242491,"segment_second_lon":-118.6016703228,"segment_sequence":220004,"segment_id":11,"segment_len_meter":106.15890483706892,"segment_cum_len":9922.145449954836}
{"route_id":"245","segment_first_lat":34.2572242491,"segment_first_lon":-118.6016703228,"segment_second_lat":34.2572316623,"segment_second_lon":-118.6013397618,"segment_sequence":220005,"segment_id":11,"segment_len_meter":30.391287629533803,"segment_cum_len":9952.53673758437}
{"route_id":"245","segment_first_lat":34.2572316623,"segment_first_lon":-118.6013397618,"segment_second_lat":34.2572419003,"segment_second_lon":-118.6008827998,"segment_sequence":230001,"segment_id":12,"segment_len_meter":42.01237373148401,"segment_cum_len":9994.549111315855}
{"route_id":"245","segment_first_lat":34.2572419003,"segment_first_lon":-118.6008827998,"segment_second_lat":34.2572520082,"segment_second_lon":-118.5999529158,"segment_sequence":230002,"segment_id":12,"segment_len_meter":85.46807301521933,"segment_cum_len":10080.017184331075}
{"route_id":"245","segment_first_lat":34.2572520082,"segment_first_lon":-118.5999529158,"segment_second_lat":34.2572515557,"segment_second_lon":-118.5994895888,"segment_sequence":230003,"segment_id":12,"segment_len_meter":42.58194247465534,"segment_cum_len":10122.59912680573}
{"route_id":"245","segment_first_lat":34.2572515557,"segment_first_lon":-118.5994895888,"segment_second_lat":34.2572453132,"segment_second_lon":-118.5985298022,"segment_sequence":230004,"segment_id":12,"segment_len_meter":88.21160061156294,"segment_cum_len":10210.810727417293}
{"route_id":"245","segment_first_lat":34.2572453132,"segment_first_lon":-118.5985298022,"segment_second_lat":34.256261544,"segment_second_lon":-118.5985326755,"segment_sequence":230005,"segment_id":12,"segment_len_meter":109.39046276736457,"segment_cum_len":10320.201190184656}
{"route_id":"245","segment_first_lat":34.256261544,"segment_first_lon":-118.5985326755,"segment_second_lat":34.2551224566,"segment_second_lon":-118.5988256595,"segment_sequence":230006,"segment_id":12,"segment_len_meter":129.49135687905235,"segment_cum_len":10449.692547063709}
{"route_id":"245","segment_first_lat":34.2551224566,"segment_first_lon":-118.5988256595,"segment_second_lat":34.253381437,"segment_second_lon":-118.5988131684,"segment_sequence":230007,"segment_id":12,"segment_len_meter":193.59595067280634,"segment_cum_len":10643.288497736516}
