{"route_id":"83","segment_first_lat":34.1233049708,"segment_first_lon":-118.2221372292,"segment_second_lat":34.1234773625,"segment_second_lon":-118.221783487,"segment_sequence":10001,"segment_id":1,"segment_len_meter":37.78558656663882,"segment_cum_len":37.78558656663882}
{"route_id":"83","segment_first_lat":34.1234773625,"segment_first_lon":-118.221783487,"segment_second_lat":34.1235904066,"segment_second_lon":-118.2215756278,"segment_sequence":10002,"segment_id":1,"segment_len_meter":22.893134033843307,"segment_cum_len":60.67872060048212}
{"route_id":"83","segment_first_lat":34.1235904066,"segment_first_lon":-118.2215756278,"segment_second_lat":34.1236482874,"segment_second_lon":-118.2214799619,"segment_sequence":10003,"segment_id":1,"segment_len_meter":10.907331514295509,"segment_cum_len":71.58605211477763}
{"route_id":"83","segment_first_lat":34.1236482874,"segment_first_lon":-118.2214799619,"segment_second_lat":34.1238411822,"segment_second_lon":-118.2211831019,"segment_sequence":10004,"segment_id":1,"segment_len_meter":34.73857879701559,"segment_cum_len":106.32463091179322}
{"route_id":"83","segment_first_lat":34.1238411822,"segment_first_lon":-118.2211831019,"segment_second_lat":34.1239210817,"segment_second_lon":-118.2210676689,"segment_sequence":10005,"segment_id":1,"segment_len_meter":13.85051354203662,"segment_cum_len":120.17514445382984}
{"route_id":"83","segment_first_lat":34.1239210817,"segment_first_lon":-118.2210676689,"segment_second_lat":34.1240070132,"segment_second_lon":-118.2209595208,"segment_sequence":10006,"segment_id":1,"segment_len_meter":13.798679711235364,"segment_cum_len":133.9738241650652}
{"route_id":"83","segment_first_lat":34.1240070132,"segment_first_lon":-118.2209595208,"segment_second_lat":34.1241304024,"segment_second_lon":-118.2208038918,"segment_sequence":20001,"segment_id":1,"segment_len_meter":19.836057686580087,"segment_cum_len":153.8098818516453}
{"route_id":"83","segment_first_lat":34.1241304024,"segment_first_lon":-118.2208038918,"segment_second_lat":34.1241167777,"segment_second_lon":-118.2207410773,"segment_sequence":20002,"segment_id":1,"segment_len_meter":5.977248403307021,"segment_cum_len":159.7871302549523}
{"route_id":"83","segment_first_lat":34.1241167777,"segment_first_lon":-118.2207410773,"segment_second_lat":34.1240897997,"segment_second_lon":-118.2204667631,"segment_sequence":20003,"segment_id":1,"segment_len_meter":25.428155272724908,"segment_cum_len":185.21528552767722}
{"route_id":"83","segment_first_lat":34.1240897997,"segment_first_lon":-118.2204667631,"segment_second_lat":34.1240789107,"segment_second_lon":-118.2204105641,"segment_sequence":20004,"segment_id":1,"segment_len_meter":5.312920931311654,"segment_cum_len":190.52820645898888}
{"route_id":"83","segment_first_lat":34.1240789107,"segment_first_lon":-118.2204105641,"segment_second_lat":34.1237070407,"segment_second_lon":-118.21848857,"segment_sequence":20005,"segment_id":1,"segment_len_meter":181.68771921973982,"segment_cum_len":372.2159256787287}
{"route_id":"83","segment_first_lat":34.1237070407,"segment_first_lon":-118.21848857,"segment_second_lat":34.1236760053,"segment_second_lon":-118.2183279089,"segment_sequence":30001,"segment_id":2,"segment_len_meter":15.18621088287866,"segment_cum_len":387.40213656160734}
{"route_id":"83","segment_first_lat":34.1236760053,"segment_first_lon":-118.2183279089,"segment_second_lat":34.1234500578,"segment_second_lon":-118.2171477527,"segment_sequence":30002,"segment_id":2,"segment_len_meter":111.5013710433793,"segment_cum_len":498.90350760498666}
{"route_id":"83","segment_first_lat":34.1234500578,"segment_first_lon":-118.2171477527,"segment_second_lat":34.1232553826,"segment_second_lon":-118.2161447834,"segment_sequence":30003,"segment_id":2,"segment_len_meter":94.82780354903545,"segment_cum_len":593.7313111540221}
{"route_id":"83","segment_first_lat":34.1232553826,"segment_first_lon":-118.2161447834,"segment_second_lat":34.1232240693,"segment_second_lon":-118.2159841233,"segment_sequence":40001,"segment_id":2,"segment_len_meter":15.193250093708247,"segment_cum_len":608.9245612477304}
{"route_id":"83","segment_first_lat":34.1232240693,"segment_first_lon":-118.2159841233,"segment_second_lat":34.1230253249,"segment_second_lon":-118.2149461256,"segment_sequence":40002,"segment_id":2,"segment_len_meter":98.07104214449349,"segment_cum_len":706.9956033922239}
{"route_id":"83","segment_first_lat":34.1230253249,"segment_first_lon":-118.2149461256,"segment_second_lat":34.1228048051,"segment_second_lon":-118.2137858262,"segment_sequence":40003,"segment_id":2,"segment_len_meter":109.58549652025924,"segment_cum_len":816.5810999124831}
{"route_id":"83","segment_first_lat":34.1228048051,"segment_first_lon":-118.2137858262,"segment_second_lat":34.1227693925,"segment_second_lon":-118.2136106194,"segment_sequence":40004,"segment_id":2,"segment_len_meter":16.601757789952927,"segment_cum_len":833.182857702436}
{"route_id":"83","segment_first_lat":34.1227693925,"segment_first_lon":-118.2136106194,"segment_second_lat":34.1227204095,"segment_second_lon":-118.2133395599,"segment_sequence":40005,"segment_id":2,"segment_len_meter":25.53895401818311,"segment_cum_len":858.721811720619}
{"route_id":"83","segment_first_lat":34.1227204095,"segment_first_lon":-118.2133395599,"segment_second_lat":34.1225036592,"segment_second_lon":-118.2122146321,"segment_sequence":40006,"segment_id":2,"segment_len_meter":106.31911137590257,"segment_cum_len":965.0409230965216}
{"route_id":"83","segment_first_lat":34.1225036592,"segment_first_lon":-118.2122146321,"segment_second_lat":34.122472616,"segment_second_lon":-118.2120536452,"segment_sequence":50001,"segment_id":3,"segment_len_meter":15.215819949499444,"segment_cum_len":980.256743046021}
{"route_id":"83","segment_first_lat":34.122472616,"segment_first_lon":-118.2120536452,"segment_second_lat":34.1222574834,"segment_second_lon":-118.2109396316,"segment_sequence":50002,"segment_id":3,"segment_len_meter":105.3001253327686,"segment_cum_len":1085.5568683787897}
{"route_id":"83","segment_first_lat":34.1222574834,"segment_first_lon":-118.2109396316,"segment_second_lat":34.1220695781,"segment_second_lon":-118.2099644622,"segment_sequence":50003,"segment_id":3,"segment_len_meter":92.1658785944313,"segment_cum_len":1177.7227469732209}
{"route_id":"83","segment_first_lat":34.1220695781,"segment_first_lon":-118.2099644622,"segment_second_lat":34.1219154372,"segment_second_lon":-118.2091635048,"segment_sequence":50004,"segment_id":3,"segment_len_meter":75.69585456067207,"segment_cum_len":1253.418601533893}
{"route_id":"83","segment_first_lat":34.1219154372,"segment_first_lon":-118.2091635048,"segment_second_lat":34.12188439,"segment_second_lon":-118.2090025202,"segment_sequence":60001,"segment_id":3,"segment_len_meter":15.215815063521722,"segment_cum_len":1268.6344165974147}
{"route_id":"83","segment_first_lat":34.12188439,"segment_first_lon":-118.2090025202,"segment_second_lat":34.1214758658,"segment_second_lon":-118.2068770089,"segment_sequence":60002,"segment_id":3,"segment_len_meter":200.86267600488193,"segment_cum_len":1469.4970926022966}
{"route_id":"83","segment_first_lat":34.1214758658,"segment_first_lon":-118.2068770089,"segment_second_lat":34.121100836,"segment_second_lon":-118.2049092018,"segment_sequence":60003,"segment_id":3,"segment_len_meter":185.88057096015118,"segment_cum_len":1655.3776635624477}
{"route_id":"83","segment_first_lat":34.121100836,"segment_first_lon":-118.2049092018,"segment_second_lat":34.1210700578,"segment_second_lon":-118.204748221,"segment_sequence":70001,"segment_id":4,"segment_len_meter":15.20885465454631,"segment_cum_len":1670.586518216994}
{"route_id":"83","segment_first_lat":34.1210700578,"segment_first_lon":-118.204748221,"segment_second_lat":34.120689789,"segment_second_lon":-118.2027705085,"segment_sequence":70002,"segment_id":4,"segment_len_meter":186.90105125258395,"segment_cum_len":1857.487569469578}
{"route_id":"83","segment_first_lat":34.120689789,"segment_first_lon":-118.2027705085,"segment_second_lat":34.1206587332,"segment_second_lon":-118.2026095286,"segment_sequence":80001,"segment_id":4,"segment_len_meter":15.215819893036304,"segment_cum_len":1872.7033893626142}
{"route_id":"83","segment_first_lat":34.1206587332,"segment_first_lon":-118.2026095286,"segment_second_lat":34.1202555814,"segment_second_lon":-118.2004907008,"segment_sequence":80002,"segment_id":4,"segment_len_meter":200.1315212959047,"segment_cum_len":2072.8349106585188}
{"route_id":"83","segment_first_lat":34.1202555814,"segment_first_lon":-118.2004907008,"segment_second_lat":34.1200330009,"segment_second_lon":-118.1993294822,"segment_sequence":80003,"segment_id":4,"segment_len_meter":109.7228392274332,"segment_cum_len":2182.557749885952}
{"route_id":"83","segment_first_lat":34.1200330009,"segment_first_lon":-118.1993294822,"segment_second_lat":34.1200022153,"segment_second_lon":-118.1991685055,"segment_sequence":90001,"segment_id":5,"segment_len_meter":15.20885443119635,"segment_cum_len":2197.7666043171484}
{"route_id":"83","segment_first_lat":34.1200022153,"segment_first_lon":-118.1991685055,"segment_second_lat":34.1199612804,"segment_second_lon":-118.1989966016,"segment_sequence":90002,"segment_id":5,"segment_len_meter":16.466128164671847,"segment_cum_len":2214.23273248182}
{"route_id":"83","segment_first_lat":34.1199612804,"segment_first_lon":-118.1989966016,"segment_second_lat":34.1197098451,"segment_second_lon":-118.1981634058,"segment_sequence":90003,"segment_id":5,"segment_len_meter":81.6362193141535,"segment_cum_len":2295.8689517959738}
{"route_id":"83","segment_first_lat":34.1197098451,"segment_first_lon":-118.1981634058,"segment_second_lat":34.119647007,"segment_second_lon":-118.1979418919,"segment_sequence":90004,"segment_id":5,"segment_len_meter":21.555300819853542,"segment_cum_len":2317.4242526158273}
{"route_id":"83","segment_first_lat":34.119647007,"segment_first_lon":-118.1979418919,"segment_second_lat":34.1196060758,"segment_second_lon":-118.1977666854,"segment_sequence":90005,"segment_id":5,"segment_len_meter":16.758464593276717,"segment_cum_len":2334.182717209104}
{"route_id":"83","segment_first_lat":34.1196060758,"segment_first_lon":-118.1977666854,"segment_second_lat":34.1195298539,"segment_second_lon":-118.1973270797,"segment_sequence":90006,"segment_id":5,"segment_len_meter":41.345838589822726,"segment_cum_len":2375.5285557989264}
{"route_id":"83","segment_first_lat":34.1195298539,"segment_first_lon":-118.1973270797,"segment_second_lat":34.1194336431,"segment_second_lon":-118.1968431549,"segment_sequence":90007,"segment_id":5,"segment_len_meter":45.81423104119107,"segment_cum_len":2421.3427868401172}
{"route_id":"83","segment_first_lat":34.1194336431,"segment_first_lon":-118.1968431549,"segment_second_lat":34.1194017545,"segment_second_lon":-118.196682508,"segment_sequence":100001,"segment_id":5,"segment_len_meter":15.207506274445782,"segment_cum_len":2436.550293114563}
{"route_id":"83","segment_first_lat":34.1194017545,"segment_first_lon":-118.196682508,"segment_second_lat":34.119137617,"segment_second_lon":-118.1951984199,"segment_sequence":100002,"segment_id":5,"segment_len_meter":139.7394023167439,"segment_cum_len":2576.289695431307}
{"route_id":"83","segment_first_lat":34.119137617,"segment_first_lon":-118.1951984199,"segment_second_lat":34.1188998569,"segment_second_lon":-118.1938756339,"segment_sequence":100003,"segment_id":5,"segment_len_meter":124.6065414511794,"segment_cum_len":2700.8962368824864}
{"route_id":"83","segment_first_lat":34.1188998569,"segment_first_lon":-118.1938756339,"segment_second_lat":34.1188707133,"segment_second_lon":-118.1937143348,"segment_sequence":110001,"segment_id":6,"segment_len_meter":15.197990849954875,"segment_cum_len":2716.094227732441}
{"route_id":"83","segment_first_lat":34.1188707133,"segment_first_lon":-118.1937143348,"segment_second_lat":34.1186038072,"segment_second_lon":-118.1922203474,"segment_sequence":110002,"segment_id":6,"segment_len_meter":140.69592221650942,"segment_cum_len":2856.790149948951}
{"route_id":"83","segment_first_lat":34.1186038072,"segment_first_lon":-118.1922203474,"segment_second_lat":34.1183450897,"segment_second_lon":-118.1907495157,"segment_sequence":110003,"segment_id":6,"segment_len_meter":138.42131525578657,"segment_cum_len":2995.2114652047376}
{"route_id":"83","segment_first_lat":34.1183450897,"segment_first_lon":-118.1907495157,"segment_second_lat":34.1181479039,"segment_second_lon":-118.1896310276,"segment_sequence":110004,"segment_id":6,"segment_len_meter":105.2725059926963,"segment_cum_len":3100.4839711974337}
{"route_id":"83","segment_first_lat":34.1181479039,"segment_first_lon":-118.1896310276,"segment_second_lat":34.1181108625,"segment_second_lon":-118.1894208159,"segment_sequence":120001,"segment_id":6,"segment_len_meter":19.784805478593583,"segment_cum_len":3120.2687766760273}
{"route_id":"83","segment_first_lat":34.1181108625,"segment_first_lon":-118.1894208159,"segment_second_lat":34.117702255,"segment_second_lon":-118.1871269991,"segment_sequence":120002,"segment_id":6,"segment_len_meter":215.99380581305408,"segment_cum_len":3336.2625824890815}
{"route_id":"83","segment_first_lat":34.117702255,"segment_first_lon":-118.1871269991,"segment_second_lat":34.1176286862,"segment_second_lon":-118.1867237617,"segment_sequence":120003,"segment_id":6,"segment_len_meter":38.011476956208625,"segment_cum_len":3374.2740594452903}
{"route_id":"83","segment_first_lat":34.1176286862,"segment_first_lon":-118.1867237617,"segment_second_lat":34.1175904865,"segment_second_lon":-118.1865485711,"segment_sequence":120004,"segment_id":6,"segment_len_meter":16.67749481122215,"segment_cum_len":3390.9515542565123}
{"route_id":"83","segment_first_lat":34.1175904865,"segment_first_lon":-118.1865485711,"segment_second_lat":34.1175385677,"segment_second_lon":-118.1863601346,"segment_sequence":120005,"segment_id":6,"segment_len_meter":18.28233083105196,"segment_cum_len":3409.2338850875644}
{"route_id":"83","segment_first_lat":34.1175385677,"segment_first_lon":-118.1863601346,"segment_second_lat":34.1175166765,"segment_second_lon":-118.1863006162,"segment_sequence":120006,"segment_id":6,"segment_len_meter":5.99547167600857,"segment_cum_len":3415.229356763573}
{"route_id":"83","segment_first_lat":34.1175166765,"segment_first_lon":-118.1863006162,"segment_second_lat":34.1174563915,"segment_second_lon":-118.1861914542,"segment_sequence":120007,"segment_id":6,"segment_len_meter":12.079755571493022,"segment_cum_len":3427.309112335066}
{"route_id":"83","segment_first_lat":34.1174563915,"segment_first_lon":-118.1861914542,"segment_second_lat":34.1174300746,"segment_second_lon":-118.186150758,"segment_sequence":120008,"segment_id":6,"segment_len_meter":4.753797674173591,"segment_cum_len":3432.0629100092397}
{"route_id":"83","segment_first_lat":34.1174300746,"segment_first_lon":-118.186150758,"segment_second_lat":34.117396081,"segment_second_lon":-118.1860988116,"segment_sequence":130001,"segment_id":7,"segment_len_meter":6.095543515075455,"segment_cum_len":3438.158453524315}
{"route_id":"83","segment_first_lat":34.117396081,"segment_first_lon":-118.1860988116,"segment_second_lat":34.1173028418,"segment_second_lon":-118.1859763612,"segment_sequence":130002,"segment_id":7,"segment_len_meter":15.315278068614345,"segment_cum_len":3453.473731592929}
{"route_id":"83","segment_first_lat":34.1173028418,"segment_first_lon":-118.1859763612,"segment_second_lat":34.1169406015,"segment_second_lon":-118.1856649937,"segment_sequence":130003,"segment_id":7,"segment_len_meter":49.43711882163908,"segment_cum_len":3502.9108504145684}
{"route_id":"83","segment_first_lat":34.1169406015,"segment_first_lon":-118.1856649937,"segment_second_lat":34.1163588402,"segment_second_lon":-118.185151609,"segment_sequence":130004,"segment_id":7,"segment_len_meter":80.11411835033337,"segment_cum_len":3583.0249687649016}
{"route_id":"83","segment_first_lat":34.1163588402,"segment_first_lon":-118.185151609,"segment_second_lat":34.1159389583,"segment_second_lon":-118.1847971717,"segment_sequence":130005,"segment_id":7,"segment_len_meter":56.96041068815646,"segment_cum_len":3639.985379453058}
{"route_id":"83","segment_first_lat":34.1159389583,"segment_first_lon":-118.1847971717,"segment_second_lat":34.1158703426,"segment_second_lon":-118.1847441591,"segment_sequence":130006,"segment_id":7,"segment_len_meter":9.057024324284495,"segment_cum_len":3649.0424037773428}
{"route_id":"83","segment_first_lat":34.1158703426,"segment_first_lon":-118.1847441591,"segment_second_lat":34.1156919637,"segment_second_lon":-118.1845917902,"segment_sequence":130007,"segment_id":7,"segment_len_meter":24.293515038298143,"segment_cum_len":3673.335918815641}
{"route_id":"83","segment_first_lat":34.1156919637,"segment_first_lon":-118.1845917902,"segment_second_lat":34.1155849585,"segment_second_lon":-118.1844858326,"segment_sequence":130008,"segment_id":7,"segment_len_meter":15.3857176153941,"segment_cum_len":3688.721636431035}
{"route_id":"83","segment_first_lat":34.1155849585,"segment_first_lon":-118.1844858326,"segment_second_lat":34.1155575354,"segment_second_lon":-118.1844494304,"segment_sequence":130009,"segment_id":7,"segment_len_meter":4.53084273198254,"segment_cum_len":3693.2524791630176}
{"route_id":"83","segment_first_lat":34.1155575354,"segment_first_lon":-118.1844494304,"segment_second_lat":34.1154945059,"segment_second_lon":-118.1843369624,"segment_sequence":130010,"segment_id":7,"segment_len_meter":12.502773508221539,"segment_cum_len":3705.7552526712393}
{"route_id":"83","segment_first_lat":34.1154945059,"segment_first_lon":-118.1843369624,"segment_second_lat":34.114908333,"segment_second_lon":-118.1849105254,"segment_sequence":130011,"segment_id":7,"segment_len_meter":83.88330025363906,"segment_cum_len":3789.6385529248782}
{"route_id":"83","segment_first_lat":34.114908333,"segment_first_lon":-118.1849105254,"segment_second_lat":34.1147115599,"segment_second_lon":-118.1851066639,"segment_sequence":130012,"segment_id":7,"segment_len_meter":28.368633386125524,"segment_cum_len":3818.007186311004}
{"route_id":"83","segment_first_lat":34.1147115599,"segment_first_lon":-118.1851066639,"segment_second_lat":34.1144019518,"segment_second_lon":-118.1854148787,"segment_sequence":140001,"segment_id":7,"segment_len_meter":44.61290153768074,"segment_cum_len":3862.6200878486848}
{"route_id":"83","segment_first_lat":34.1144019518,"segment_first_lon":-118.1854148787,"segment_second_lat":34.1143771095,"segment_second_lon":-118.185487506,"segment_sequence":140002,"segment_id":7,"segment_len_meter":7.234256525996482,"segment_cum_len":3869.854344374681}
{"route_id":"83","segment_first_lat":34.1143771095,"segment_first_lon":-118.185487506,"segment_second_lat":34.1141617705,"segment_second_lon":-118.1861411683,"segment_sequence":140003,"segment_id":7,"segment_len_meter":64.76541406761942,"segment_cum_len":3934.6197584423007}
{"route_id":"83","segment_first_lat":34.1141617705,"segment_first_lon":-118.1861411683,"segment_second_lat":34.1139906081,"segment_second_lon":-118.1866561692,"segment_sequence":140004,"segment_id":7,"segment_len_meter":51.08886138514369,"segment_cum_len":3985.7086198274446}
{"route_id":"83","segment_first_lat":34.1139906081,"segment_first_lon":-118.1866561692,"segment_second_lat":34.1134300698,"segment_second_lon":-118.1884091871,"segment_sequence":140005,"segment_id":7,"segment_len_meter":173.00287717888278,"segment_cum_len":4158.711497006328}
{"route_id":"83","segment_first_lat":34.1134300698,"segment_first_lon":-118.1884091871,"segment_second_lat":34.1131738175,"segment_second_lon":-118.1892090958,"segment_sequence":140006,"segment_id":7,"segment_len_meter":78.96130565737478,"segment_cum_len":4237.672802663702}
{"route_id":"83","segment_first_lat":34.1131738175,"segment_first_lon":-118.1892090958,"segment_second_lat":34.113109753,"segment_second_lon":-118.1894094851,"segment_sequence":150001,"segment_id":8,"segment_len_meter":19.77580526456348,"segment_cum_len":4257.448607928265}
{"route_id":"83","segment_first_lat":34.113109753,"segment_first_lon":-118.1894094851,"segment_second_lat":34.1139524184,"segment_second_lon":-118.1900027618,"segment_sequence":150002,"segment_id":8,"segment_len_meter":108.45655401444652,"segment_cum_len":4365.905161942712}
{"route_id":"83","segment_first_lat":34.1139524184,"segment_first_lon":-118.1900027618,"segment_second_lat":34.1138476633,"segment_second_lon":-118.1902162748,"segment_sequence":150003,"segment_id":8,"segment_len_meter":22.848374908459416,"segment_cum_len":4388.753536851172}
{"route_id":"83","segment_first_lat":34.1138476633,"segment_first_lon":-118.1902162748,"segment_second_lat":34.1132880412,"segment_second_lon":-118.191359074,"segment_sequence":160001,"segment_id":8,"segment_len_meter":122.23281892208806,"segment_cum_len":4510.98635577326}
{"route_id":"83","segment_first_lat":34.1132880412,"segment_first_lon":-118.191359074,"segment_second_lat":34.1128510998,"segment_second_lon":-118.1922434618,"segment_sequence":160002,"segment_id":8,"segment_len_meter":94.81310171915102,"segment_cum_len":4605.7994574924105}
{"route_id":"83","segment_first_lat":34.1128510998,"segment_first_lon":-118.1922434618,"segment_second_lat":34.1127808033,"segment_second_lon":-118.1923853585,"segment_sequence":170001,"segment_id":9,"segment_len_meter":15.223327689185428,"segment_cum_len":4621.022785181596}
{"route_id":"83","segment_first_lat":34.1127808033,"segment_first_lon":-118.1923853585,"segment_second_lat":34.1122818161,"segment_second_lon":-118.1934017387,"segment_sequence":170002,"segment_id":9,"segment_len_meter":108.78419676334575,"segment_cum_len":4729.806981944942}
{"route_id":"83","segment_first_lat":34.1122818161,"segment_first_lon":-118.1934017387,"segment_second_lat":34.1117773194,"segment_second_lon":-118.1944213976,"segment_sequence":170003,"segment_id":9,"segment_len_meter":109.35741045207182,"segment_cum_len":4839.164392397014}
{"route_id":"83","segment_first_lat":34.1117773194,"segment_first_lon":-118.1944213976,"segment_second_lat":34.1114492324,"segment_second_lon":-118.195097879,"segment_sequence":170004,"segment_id":9,"segment_len_meter":72.1776266055239,"segment_cum_len":4911.342019002538}
{"route_id":"83","segment_first_lat":34.1114492324,"segment_first_lon":-118.195097879,"segment_second_lat":34.1111917436,"segment_second_lon":-118.1956159466,"segment_sequence":170005,"segment_id":9,"segment_len_meter":55.62911339227762,"segment_cum_len":4966.971132394816}
{"route_id":"83","segment_first_lat":34.1111917436,"segment_first_lon":-118.1956159466,"segment_second_lat":34.1111211683,"segment_second_lon":-118.195757837,"segment_sequence":180001,"segment_id":9,"segment_len_meter":15.238991354959865,"segment_cum_len":4982.210123749775}
{"route_id":"83","segment_first_lat":34.1111211683,"segment_first_lon":-118.195757837,"segment_second_lat":34.1104622654,"segment_second_lon":-118.1970876419,"segment_sequence":180002,"segment_id":9,"segment_len_meter":142.67631636868455,"segment_cum_len":5124.88644011846}
{"route_id":"83","segment_first_lat":34.1104622654,"segment_first_lon":-118.1970876419,"segment_second_lat":34.1098706126,"segment_second_lon":-118.1982854426,"segment_sequence":180003,"segment_id":9,"segment_len_meter":128.40898497022678,"segment_cum_len":5253.295425088687}
{"route_id":"83","segment_first_lat":34.1098706126,"segment_first_lon":-118.1982854426,"segment_second_lat":34.1098005838,"segment_second_lon":-118.1984273299,"segment_sequence":190001,"segment_id":10,"segment_len_meter":15.20771694336546,"segment_cum_len":5268.503142032052}
{"route_id":"83","segment_first_lat":34.1098005838,"segment_first_lon":-118.1984273299,"segment_second_lat":34.1091444048,"segment_second_lon":-118.1997537957,"segment_sequence":190002,"segment_id":10,"segment_len_meter":142.25866787184927,"segment_cum_len":5410.761809903901}
{"route_id":"83","segment_first_lat":34.1091444048,"segment_first_lon":-118.1997537957,"segment_second_lat":34.1088273123,"segment_second_lon":-118.2004104401,"segment_sequence":190003,"segment_id":10,"segment_len_meter":69.98564292690156,"segment_cum_len":5480.747452830802}
{"route_id":"83","segment_first_lat":34.1088273123,"segment_first_lon":-118.2004104401,"segment_second_lat":34.1087280824,"segment_second_lon":-118.2005951996,"segment_sequence":190004,"segment_id":10,"segment_len_meter":20.27540417983455,"segment_cum_len":5501.0228570106365}
{"route_id":"83","segment_first_lat":34.1087280824,"segment_first_lon":-118.2005951996,"segment_second_lat":34.1085585181,"segment_second_lon":-118.2009383585,"segment_sequence":190005,"segment_id":10,"segment_len_meter":36.79197071301641,"segment_cum_len":5537.814827723653}
{"route_id":"83","segment_first_lat":34.1085585181,"segment_first_lon":-118.2009383585,"segment_second_lat":34.1084882113,"segment_second_lon":-118.2010802407,"segment_sequence":200001,"segment_id":10,"segment_len_meter":15.223339120507294,"segment_cum_len":5553.0381668441605}
{"route_id":"83","segment_first_lat":34.1084882113,"segment_first_lon":-118.2010802407,"segment_second_lat":34.1078375101,"segment_second_lon":-118.2024000712,"segment_sequence":200002,"segment_id":10,"segment_len_meter":141.42361883684532,"segment_cum_len":5694.4617856810055}
{"route_id":"83","segment_first_lat":34.1078375101,"segment_first_lon":-118.2024000712,"segment_second_lat":34.1073136413,"segment_second_lon":-118.2034559128,"segment_sequence":200003,"segment_id":10,"segment_len_meter":113.32629423919327,"segment_cum_len":5807.7880799201985}
{"route_id":"83","segment_first_lat":34.1073136413,"segment_first_lon":-118.2034559128,"segment_second_lat":34.1072695031,"segment_second_lon":-118.2035582129,"segment_sequence":200004,"segment_id":10,"segment_len_meter":10.620622704363296,"segment_cum_len":5818.408702624562}
{"route_id":"83","segment_first_lat":34.1072695031,"segment_first_lon":-118.2035582129,"segment_second_lat":34.1071648004,"segment_second_lon":-118.2037264345,"segment_sequence":200005,"segment_id":10,"segment_len_meter":19.375752346214586,"segment_cum_len":5837.784454970776}
{"route_id":"83","segment_first_lat":34.1071648004,"segment_first_lon":-118.2037264345,"segment_second_lat":34.1071015495,"segment_second_lon":-118.2037560115,"segment_sequence":200006,"segment_id":10,"segment_len_meter":7.541943575730415,"segment_cum_len":5845.326398546506}
{"route_id":"83","segment_first_lat":34.1071015495,"segment_first_lon":-118.2037560115,"segment_second_lat":34.1070241742,"segment_second_lon":-118.2038509625,"segment_sequence":200007,"segment_id":10,"segment_len_meter":12.265672596732495,"segment_cum_len":5857.592071143239}
{"route_id":"83","segment_first_lat":34.1070241742,"segment_first_lon":-118.2038509625,"segment_second_lat":34.1069831463,"segment_second_lon":-118.203901075,"segment_sequence":210001,"segment_id":11,"segment_len_meter":6.488427361646608,"segment_cum_len":5864.080498504885}
{"route_id":"83","segment_first_lat":34.1069831463,"segment_first_lon":-118.203901075,"segment_second_lat":34.1068427378,"segment_second_lon":-118.2040592982,"segment_sequence":210002,"segment_id":11,"segment_len_meter":21.353349758673257,"segment_cum_len":5885.4338482635585}
{"route_id":"83","segment_first_lat":34.1068427378,"segment_first_lon":-118.2040592982,"segment_second_lat":34.1068096742,"segment_second_lon":-118.2041120727,"segment_sequence":210003,"segment_id":11,"segment_len_meter":6.09306054928614,"segment_cum_len":5891.526908812844}
{"route_id":"83","segment_first_lat":34.1068096742,"segment_first_lon":-118.2041120727,"segment_second_lat":34.1066690866,"segment_second_lon":-118.2043760049,"segment_sequence":210004,"segment_id":11,"segment_len_meter":28.894028592715912,"segment_cum_len":5920.42093740556}
{"route_id":"83","segment_first_lat":34.1066690866,"segment_first_lon":-118.2043760049,"segment_second_lat":34.1066001274,"segment_second_lon":-118.204531098,"segment_sequence":210005,"segment_id":11,"segment_len_meter":16.20783315246053,"segment_cum_len":5936.628770558021}
{"route_id":"83","segment_first_lat":34.1066001274,"segment_first_lon":-118.204531098,"segment_second_lat":34.1065587864,"segment_second_lon":-118.2046036725,"segment_sequence":210006,"segment_id":11,"segment_len_meter":8.110413180434058,"segment_cum_len":5944.739183738455}
{"route_id":"83","segment_first_lat":34.1065587864,"segment_first_lon":-118.2046036725,"segment_second_lat":34.1063166624,"segment_second_lon":-118.2051114777,"segment_sequence":210007,"segment_id":11,"segment_len_meter":53.95094658280247,"segment_cum_len":5998.690130321257}
{"route_id":"83","segment_first_lat":34.1063166624,"segment_first_lon":-118.2051114777,"segment_second_lat":34.1062140767,"segment_second_lon":-118.205326279,"segment_sequence":220001,"segment_id":11,"segment_len_meter":22.830547560772672,"segment_cum_len":6021.52067788203}
{"route_id":"83","segment_first_lat":34.1062140767,"segment_first_lon":-118.205326279,"segment_second_lat":34.1061120914,"segment_second_lon":-118.2055110201,"segment_sequence":220002,"segment_id":11,"segment_len_meter":20.442783390282298,"segment_cum_len":6041.963461272312}
{"route_id":"83","segment_first_lat":34.1061120914,"segment_first_lon":-118.2055110201,"segment_second_lat":34.1060928171,"segment_second_lon":-118.2055340967,"segment_sequence":220003,"segment_id":11,"segment_len_meter":3.017857488212085,"segment_cum_len":6044.981318760524}
{"route_id":"83","segment_first_lat":34.1060928171,"segment_first_lon":-118.2055340967,"segment_second_lat":34.1060597978,"segment_second_lon":-118.2055604428,"segment_sequence":220004,"segment_id":11,"segment_len_meter":4.400497146686722,"segment_cum_len":6049.381815907211}
{"route_id":"83","segment_first_lat":34.1060597978,"segment_first_lon":-118.2055604428,"segment_second_lat":34.1060185574,"segment_second_lon":-118.2055735551,"segment_sequence":220005,"segment_id":11,"segment_len_meter":4.741971567564602,"segment_cum_len":6054.123787474775}
{"route_id":"83","segment_first_lat":34.1060185574,"segment_first_lon":-118.2055735551,"segment_second_lat":34.1059498552,"segment_second_lon":-118.2055766896,"segment_sequence":220006,"segment_id":11,"segment_len_meter":7.644785236263988,"segment_cum_len":6061.768572711039}
{"route_id":"83","segment_first_lat":34.1059498552,"segment_first_lon":-118.2055766896,"segment_second_lat":34.1054855567,"segment_second_lon":-118.2055226937,"segment_sequence":220007,"segment_id":11,"segment_len_meter":51.86644147450475,"segment_cum_len":6113.635014185544}
{"route_id":"83","segment_first_lat":34.1054855567,"segment_first_lon":-118.2055226937,"segment_second_lat":34.1053372116,"segment_second_lon":-118.2054992054,"segment_sequence":220008,"segment_id":11,"segment_len_meter":16.636378436917052,"segment_cum_len":6130.271392622461}
{"route_id":"83","segment_first_lat":34.1053372116,"segment_first_lon":-118.2054992054,"segment_second_lat":34.1050762266,"segment_second_lon":-118.2054622268,"segment_sequence":220009,"segment_id":11,"segment_len_meter":29.219240495365735,"segment_cum_len":6159.490633117826}
{"route_id":"83","segment_first_lat":34.1050762266,"segment_first_lon":-118.2054622268,"segment_second_lat":34.1038757315,"segment_second_lon":-118.2052709869,"segment_sequence":220010,"segment_id":11,"segment_len_meter":134.64521738319763,"segment_cum_len":6294.135850501024}
{"route_id":"83","segment_first_lat":34.1038757315,"segment_first_lon":-118.2052709869,"segment_second_lat":34.1032905663,"segment_second_lon":-118.2051935742,"segment_sequence":220011,"segment_id":11,"segment_len_meter":65.45661787914852,"segment_cum_len":6359.592468380172}
{"route_id":"83","segment_first_lat":34.1032905663,"segment_first_lon":-118.2051935742,"segment_second_lat":34.1025762347,"segment_second_lon":-118.2051257557,"segment_sequence":220012,"segment_id":11,"segment_len_meter":79.67511181383455,"segment_cum_len":6439.267580194007}
{"route_id":"83","segment_first_lat":34.1025762347,"segment_first_lon":-118.2051257557,"segment_second_lat":34.1020569564,"segment_second_lon":-118.2050848426,"segment_sequence":220013,"segment_id":11,"segment_len_meter":57.86386159627196,"segment_cum_len":6497.131441790279}
{"route_id":"83","segment_first_lat":34.1020569564,"segment_first_lon":-118.2050848426,"segment_second_lat":34.1013975372,"segment_second_lon":-118.2050435865,"segment_sequence":220014,"segment_id":11,"segment_len_meter":73.42239930538013,"segment_cum_len":6570.553841095659}
{"route_id":"83","segment_first_lat":34.1013975372,"segment_first_lon":-118.2050435865,"segment_second_lat":34.1008342651,"segment_second_lon":-118.2050190828,"segment_sequence":220015,"segment_id":11,"segment_len_meter":62.67362281926492,"segment_cum_len":6633.227463914924}
{"route_id":"83","segment_first_lat":34.1008342651,"segment_first_lon":-118.2050190828,"segment_second_lat":34.10073809,"segment_second_lon":-118.205018847,"segment_sequence":220016,"segment_id":11,"segment_len_meter":10.694205228455916,"segment_cum_len":6643.921669143379}
{"route_id":"83","segment_first_lat":34.10073809,"segment_first_lon":-118.205018847,"segment_second_lat":34.1006144138,"segment_second_lon":-118.2050317566,"segment_sequence":220017,"segment_id":11,"segment_len_meter":13.803440619701924,"segment_cum_len":6657.7251097630815}
{"route_id":"83","segment_first_lat":34.1006144138,"segment_first_lon":-118.2050317566,"segment_second_lat":34.1003312833,"segment_second_lon":-118.2050905198,"segment_sequence":220018,"segment_id":11,"segment_len_meter":31.944233289396447,"segment_cum_len":6689.669343052478}
{"route_id":"83","segment_first_lat":34.1003312833,"segment_first_lon":-118.2050905198,"segment_second_lat":34.1001058242,"segment_second_lon":-118.2051692432,"segment_sequence":220019,"segment_id":11,"segment_len_meter":26.09677019170538,"segment_cum_len":6715.7661132441835}
{"route_id":"83","segment_first_lat":34.1001058242,"segment_first_lon":-118.2051692432,"segment_second_lat":34.0997565879,"segment_second_lon":-118.2053203321,"segment_sequence":220020,"segment_id":11,"segment_len_meter":41.2499776384938,"segment_cum_len":6757.016090882677}
{"route_id":"83","segment_first_lat":34.0997565879,"segment_first_lon":-118.2053203321,"segment_second_lat":34.0994677256,"segment_second_lon":-118.2055178123,"segment_sequence":220021,"segment_id":11,"segment_len_meter":36.90972667170836,"segment_cum_len":6793.9258175543855}
{"route_id":"83","segment_first_lat":34.0994677256,"segment_first_lon":-118.2055178123,"segment_second_lat":34.0992008403,"segment_second_lon":-118.2057186484,"segment_sequence":220022,"segment_id":11,"segment_len_meter":34.96640314341936,"segment_cum_len":6828.892220697805}
{"route_id":"83","segment_first_lat":34.0992008403,"segment_first_lon":-118.2057186484,"segment_second_lat":34.0991237821,"segment_second_lon":-118.2057878248,"segment_sequence":220023,"segment_id":11,"segment_len_meter":10.676615471067882,"segment_cum_len":6839.568836168873}
{"route_id":"83","segment_first_lat":34.0991237821,"segment_first_lon":-118.2057878248,"segment_second_lat":34.0990081694,"segment_second_lon":-118.2059064534,"segment_sequence":220024,"segment_id":11,"segment_len_meter":16.869396999042888,"segment_cum_len":6856.438233167915}
{"route_id":"83","segment_first_lat":34.0990081694,"segment_first_lon":-118.2059064534,"segment_second_lat":34.0988457415,"segment_second_lon":-118.2060844226,"segment_sequence":220025,"segment_id":11,"segment_len_meter":24.387221261977597,"segment_cum_len":6880.8254544298925}
{"route_id":"83","segment_first_lat":34.0988457415,"segment_first_lon":-118.2060844226,"segment_second_lat":34.098790666,"segment_second_lon":-118.2061536526,"segment_sequence":220026,"segment_id":11,"segment_len_meter":8.839642445391311,"segment_cum_len":6889.665096875284}
{"route_id":"83","segment_first_lat":34.098790666,"segment_first_lon":-118.2061536526,"segment_second_lat":34.0987300835,"segment_second_lon":-118.2062294752,"segment_sequence":220027,"segment_id":11,"segment_len_meter":9.70165211438942,"segment_cum_len":6899.366748989673}
{"route_id":"83","segment_first_lat":34.0987300835,"segment_first_lon":-118.2062294752,"segment_second_lat":34.0985926257,"segment_second_lon":-118.2064279843,"segment_sequence":220028,"segment_id":11,"segment_len_meter":23.82673201397143,"segment_cum_len":6923.193481003645}
{"route_id":"83","segment_first_lat":34.0985926257,"segment_first_lon":-118.2064279843,"segment_second_lat":34.0984628808,"segment_second_lon":-118.2066152811,"segment_sequence":230001,"segment_id":12,"segment_len_meter":22.484601382159113,"segment_cum_len":6945.6780823858035}
{"route_id":"83","segment_first_lat":34.0984628808,"segment_first_lon":-118.2066152811,"segment_second_lat":34.0980000125,"segment_second_lon":-118.2073309102,"segment_sequence":230002,"segment_id":12,"segment_len_meter":83.61219847587796,"segment_cum_len":7029.290280861682}
{"route_id":"83","segment_first_lat":34.0980000125,"segment_first_lon":-118.2073309102,"segment_second_lat":34.0977796108,"segment_second_lon":-118.207663976,"segment_sequence":230003,"segment_id":12,"segment_len_meter":39.25756660723309,"segment_cum_len":7068.547847468915}
{"route_id":"83","segment_first_lat":34.0977796108,"segment_first_lon":-118.207663976,"segment_second_lat":34.0975069363,"segment_second_lon":-118.2080332439,"segment_sequence":230004,"segment_id":12,"segment_len_meter":45.556768310868854,"segment_cum_len":7114.104615779785}
{"route_id":"83","segment_first_lat":34.0975069363,"segment_first_lon":-118.2080332439,"segment_second_lat":34.0973059158,"segment_second_lon":-118.2082804743,"segment_sequence":230005,"segment_id":12,"segment_len_meter":31.903988932938095,"segment_cum_len":7146.008604712722}
{"route_id":"83","segment_first_lat":34.0973059158,"segment_first_lon":-118.2082804743,"segment_second_lat":34.0970102492,"segment_second_lon":-118.2085965014,"segment_sequence":230006,"segment_id":12,"segment_len_meter":43.90506515377245,"segment_cum_len":7189.913669866495}
{"route_id":"83","segment_first_lat":34.0970102492,"segment_first_lon":-118.2085965014,"segment_second_lat":34.0969975856,"segment_second_lon":-118.2086100124,"segment_sequence":240001,"segment_id":12,"segment_len_meter":1.8789812438333529,"segment_cum_len":7191.792651110329}
{"route_id":"83","segment_first_lat":34.0969975856,"segment_first_lon":-118.2086100124,"segment_second_lat":34.0969095115,"segment_second_lon":-118.2086923691,"segment_sequence":240002,"segment_id":12,"segment_len_meter":12.386196249315788,"segment_cum_len":7204.178847359644}
{"route_id":"83","segment_first_lat":34.0969095115,"segment_first_lon":-118.2086923691,"segment_second_lat":34.0967884459,"segment_second_lon":-118.2087845524,"segment_sequence":240003,"segment_id":12,"segment_len_meter":15.91451194088539,"segment_cum_len":7220.093359300529}
{"route_id":"83","segment_first_lat":34.0967884459,"segment_first_lon":-118.2087845524,"segment_second_lat":34.0965820881,"segment_second_lon":-118.2089392803,"segment_sequence":240004,"segment_id":12,"segment_len_meter":27.009290336006906,"segment_cum_len":7247.102649636537}
{"route_id":"83","segment_first_lat":34.0965820881,"segment_first_lon":-118.2089392803,"segment_second_lat":34.0965243145,"segment_second_lon":-118.2089787724,"segment_sequence":240005,"segment_id":12,"segment_len_meter":7.381941679790325,"segment_cum_len":7254.484591316327}
{"route_id":"83","segment_first_lat":34.0965243145,"segment_first_lon":-118.2089787724,"segment_second_lat":34.0962519964,"segment_second_lon":-118.2091399404,"segment_sequence":240006,"segment_id":12,"segment_len_meter":33.721480406689516,"segment_cum_len":7288.206071723017}
{"route_id":"83","segment_first_lat":34.0962519964,"segment_first_lon":-118.2091399404,"segment_second_lat":34.0957376718,"segment_second_lon":-118.209412804,"segment_sequence":240007,"segment_id":12,"segment_len_meter":62.46611023138588,"segment_cum_len":7350.672181954403}
{"route_id":"83","segment_first_lat":34.0957376718,"segment_first_lon":-118.209412804,"segment_second_lat":34.0955451097,"segment_second_lon":-118.2095345329,"segment_sequence":240008,"segment_id":12,"segment_len_meter":24.168370624211402,"segment_cum_len":7374.840552578614}
{"route_id":"83","segment_first_lat":34.0955451097,"segment_first_lon":-118.2095345329,"segment_second_lat":34.0954875987,"segment_second_lon":-118.2095809611,"segment_sequence":240009,"segment_id":12,"segment_len_meter":7.6923399236971886,"segment_cum_len":7382.532892502311}
{"route_id":"83","segment_first_lat":34.0954875987,"segment_first_lon":-118.2095809611,"segment_second_lat":34.0954515507,"segment_second_lon":-118.2096102675,"segment_sequence":250001,"segment_id":13,"segment_len_meter":4.832096191858061,"segment_cum_len":7387.364988694169}
{"route_id":"83","segment_first_lat":34.0954515507,"segment_first_lon":-118.2096102675,"segment_second_lat":34.0953772382,"segment_second_lon":-118.2096794442,"segment_sequence":250002,"segment_id":13,"segment_len_meter":10.433370798994948,"segment_cum_len":7397.798359493165}
{"route_id":"83","segment_first_lat":34.0953772382,"segment_first_lon":-118.2096794442,"segment_second_lat":34.0951433145,"segment_second_lon":-118.2098836429,"segment_sequence":250003,"segment_id":13,"segment_len_meter":32.095590144623905,"segment_cum_len":7429.893949637789}
{"route_id":"83","segment_first_lat":34.0951433145,"segment_first_lon":-118.2098836429,"segment_second_lat":34.0950056863,"segment_second_lon":-118.2100187197,"segment_sequence":250004,"segment_id":13,"segment_len_meter":19.72066069202479,"segment_cum_len":7449.614610329813}
{"route_id":"83","segment_first_lat":34.0950056863,"segment_first_lon":-118.2100187197,"segment_second_lat":34.0942954156,"segment_second_lon":-118.2107766153,"segment_sequence":250005,"segment_id":13,"segment_len_meter":105.39466919193964,"segment_cum_len":7555.009279521753}
{"route_id":"83","segment_first_lat":34.0942954156,"segment_first_lon":-118.2107766153,"segment_second_lat":34.0941247601,"segment_second_lon":-118.2109413326,"segment_sequence":250006,"segment_id":13,"segment_len_meter":24.292891944995514,"segment_cum_len":7579.302171466748}
{"route_id":"83","segment_first_lat":34.0941247601,"segment_first_lon":-118.2109413326,"segment_second_lat":34.0939183938,"segment_second_lon":-118.2110993531,"segment_sequence":250007,"segment_id":13,"segment_len_meter":27.171481860965216,"segment_cum_len":7606.473653327714}
{"route_id":"83","segment_first_lat":34.0939183938,"segment_first_lon":-118.2110993531,"segment_second_lat":34.0938000916,"segment_second_lon":-118.2111816278,"segment_sequence":250008,"segment_id":13,"segment_len_meter":15.180272219886366,"segment_cum_len":7621.6539255476}
{"route_id":"83","segment_first_lat":34.0938000916,"segment_first_lon":-118.2111816278,"segment_second_lat":34.0935525301,"segment_second_lon":-118.2113263314,"segment_sequence":250009,"segment_id":13,"segment_len_meter":30.582944743636457,"segment_cum_len":7652.236870291236}
{"route_id":"83","segment_first_lat":34.0935525301,"segment_first_lon":-118.2113263314,"segment_second_lat":34.0934232652,"segment_second_lon":-118.2113920631,"segment_sequence":250010,"segment_id":13,"segment_len_meter":15.596044750503527,"segment_cum_len":7667.832915041739}
{"route_id":"83","segment_first_lat":34.0934232652,"segment_first_lon":-118.2113920631,"segment_second_lat":34.0933671684,"segment_second_lon":-118.2114150417,"segment_sequence":250011,"segment_id":13,"segment_len_meter":6.586795145533687,"segment_cum_len":7674.419710187273}
{"route_id":"83","segment_first_lat":34.0933671684,"segment_first_lon":-118.2114150417,"segment_second_lat":34.0932555244,"segment_second_lon":-118.2114610003,"segment_sequence":260001,"segment_id":13,"segment_len_meter":13.11577432049777,"segment_cum_len":7687.535484507771}
{"route_id":"83","segment_first_lat":34.0932555244,"segment_first_lon":-118.2114610003,"segment_second_lat":34.0931923121,"segment_second_lon":-118.2114674462,"segment_sequence":260002,"segment_id":13,"segment_len_meter":7.053904441490065,"segment_cum_len":7694.589388949261}
{"route_id":"83","segment_first_lat":34.0931923121,"segment_first_lon":-118.2114674462,"segment_second_lat":34.0931483058,"segment_second_lon":-118.2114904553,"segment_sequence":260003,"segment_id":13,"segment_len_meter":5.3322888051546276,"segment_cum_len":7699.921677754415}
{"route_id":"83","segment_first_lat":34.0931483058,"segment_first_lon":-118.2114904553,"segment_second_lat":34.0927002602,"segment_second_lon":-118.2115718945,"segment_sequence":260004,"segment_id":13,"segment_len_meter":50.38164837270022,"segment_cum_len":7750.303326127116}
{"route_id":"83","segment_first_lat":34.0927002602,"segment_first_lon":-118.2115718945,"segment_second_lat":34.092507887,"segment_second_lon":-118.2115846193,"segment_sequence":260005,"segment_id":13,"segment_len_meter":21.422992962982153,"segment_cum_len":7771.726319090098}
{"route_id":"83","segment_first_lat":34.092507887,"segment_first_lon":-118.2115846193,"segment_second_lat":34.0923567605,"segment_second_lon":-118.2115809341,"segment_sequence":260006,"segment_id":13,"segment_len_meter":16.80792613190143,"segment_cum_len":7788.534245221999}
{"route_id":"83","segment_first_lat":34.0923567605,"segment_first_lon":-118.2115809341,"segment_second_lat":34.0917660229,"segment_second_lon":-118.2115497138,"segment_sequence":260007,"segment_id":13,"segment_len_meter":65.74990693294336,"segment_cum_len":7854.284152154943}
{"route_id":"83","segment_first_lat":34.0917660229,"segment_first_lon":-118.2115497138,"segment_second_lat":34.0914501405,"segment_second_lon":-118.211479555,"segment_sequence":260008,"segment_id":13,"segment_len_meter":35.71373890419527,"segment_cum_len":7889.997891059138}
{"route_id":"83","segment_first_lat":34.0914501405,"segment_first_lon":-118.211479555,"segment_second_lat":34.0912826078,"segment_second_lon":-118.2114295888,"segment_sequence":260009,"segment_id":13,"segment_len_meter":19.188600141395266,"segment_cum_len":7909.186491200533}
{"route_id":"83","segment_first_lat":34.0912826078,"segment_first_lon":-118.2114295888,"segment_second_lat":34.0911755164,"segment_second_lon":-118.2113863813,"segment_sequence":260010,"segment_id":13,"segment_len_meter":12.555147340882925,"segment_cum_len":7921.741638541416}
{"route_id":"83","segment_first_lat":34.0911755164,"segment_first_lon":-118.2113863813,"segment_second_lat":34.0909640815,"segment_second_lon":-118.2112999734,"segment_sequence":260011,"segment_id":13,"segment_len_meter":24.820475240662045,"segment_cum_len":7946.562113782078}
{"route_id":"83","segment_first_lat":34.0909640815,"segment_first_lon":-118.2112999734,"segment_second_lat":34.0906866864,"segment_second_lon":-118.2112200051,"segment_sequence":260012,"segment_id":13,"segment_len_meter":31.711789538386014,"segment_cum_len":7978.273903320464}
{"route_id":"83","segment_first_lat":34.0906866864,"segment_first_lon":-118.2112200051,"segment_second_lat":34.0904778722,"segment_second_lon":-118.2112062664,"segment_sequence":260013,"segment_id":13,"segment_len_meter":23.253521373261872,"segment_cum_len":8001.527424693726}
{"route_id":"83","segment_first_lat":34.0904778722,"segment_first_lon":-118.2112062664,"segment_second_lat":34.0903570299,"segment_second_lon":-118.2111696305,"segment_sequence":260014,"segment_id":13,"segment_len_meter":13.85409689285175,"segment_cum_len":8015.381521586578}
{"route_id":"83","segment_first_lat":34.0903570299,"segment_first_lon":-118.2111696305,"segment_second_lat":34.0902389297,"segment_second_lon":-118.2111363043,"segment_sequence":260015,"segment_id":13,"segment_len_meter":13.48596752423926,"segment_cum_len":8028.867489110818}
{"route_id":"83","segment_first_lat":34.0902389297,"segment_first_lon":-118.2111363043,"segment_second_lat":34.0902040457,"segment_second_lon":-118.2111282895,"segment_sequence":260016,"segment_id":13,"segment_len_meter":3.9485159149809386,"segment_cum_len":8032.816005025798}
{"route_id":"83","segment_first_lat":34.0902040457,"segment_first_lon":-118.2111282895,"segment_second_lat":34.0901235658,"segment_second_lon":-118.2111095907,"segment_sequence":270001,"segment_id":14,"segment_len_meter":9.113111849660275,"segment_cum_len":8041.929116875459}
{"route_id":"83","segment_first_lat":34.0901235658,"segment_first_lon":-118.2111095907,"segment_second_lat":34.0899971412,"segment_second_lon":-118.2111224827,"segment_sequence":270002,"segment_id":14,"segment_len_meter":14.107814166076194,"segment_cum_len":8056.036931041535}
{"route_id":"83","segment_first_lat":34.0899971412,"segment_first_lon":-118.2111224827,"segment_second_lat":34.0897085294,"segment_second_lon":-118.2111712957,"segment_sequence":270003,"segment_id":14,"segment_len_meter":32.40544269435204,"segment_cum_len":8088.4423737358875}
{"route_id":"83","segment_first_lat":34.0897085294,"segment_first_lon":-118.2111712957,"segment_second_lat":34.0894281093,"segment_second_lon":-118.2112498539,"segment_sequence":270004,"segment_id":14,"segment_len_meter":32.00948309308128,"segment_cum_len":8120.451856828969}
{"route_id":"83","segment_first_lat":34.0894281093,"segment_first_lon":-118.2112498539,"segment_second_lat":34.0891806287,"segment_second_lon":-118.2113483114,"segment_sequence":270005,"segment_id":14,"segment_len_meter":28.973750446920857,"segment_cum_len":8149.42560727589}
{"route_id":"83","segment_first_lat":34.0891806287,"segment_first_lon":-118.2113483114,"segment_second_lat":34.0889991082,"segment_second_lon":-118.2114403295,"segment_sequence":270006,"segment_id":14,"segment_len_meter":21.890748775736782,"segment_cum_len":8171.316356051627}
{"route_id":"83","segment_first_lat":34.0889991082,"segment_first_lon":-118.2114403295,"segment_second_lat":34.0886965199,"segment_second_lon":-118.2116245175,"segment_sequence":270007,"segment_id":14,"segment_len_meter":37.67978972808361,"segment_cum_len":8208.99614577971}
{"route_id":"83","segment_first_lat":34.0886965199,"segment_first_lon":-118.2116245175,"segment_second_lat":34.0883251132,"segment_second_lon":-118.211877887,"segment_sequence":270008,"segment_id":14,"segment_len_meter":47.43387425565547,"segment_cum_len":8256.430020035366}
{"route_id":"83","segment_first_lat":34.0883251132,"segment_first_lon":-118.211877887,"segment_second_lat":34.088138085,"segment_second_lon":-118.2119764945,"segment_sequence":270009,"segment_id":14,"segment_len_meter":22.69265005169496,"segment_cum_len":8279.122670087061}
{"route_id":"83","segment_first_lat":34.088138085,"segment_first_lon":-118.2119764945,"segment_second_lat":34.0881105659,"segment_second_lon":-118.2119995437,"segment_sequence":270010,"segment_id":14,"segment_len_meter":3.724089561481198,"segment_cum_len":8282.846759648543}
{"route_id":"83","segment_first_lat":34.0881105659,"segment_first_lon":-118.2119995437,"segment_second_lat":34.0880473304,"segment_second_lon":-118.2120191997,"segment_sequence":270011,"segment_id":14,"segment_len_meter":7.260716053833934,"segment_cum_len":8290.107475702376}
{"route_id":"83","segment_first_lat":34.0880473304,"segment_first_lon":-118.2120191997,"segment_second_lat":34.0875660666,"segment_second_lon":-118.2122392597,"segment_sequence":270012,"segment_id":14,"segment_len_meter":57.22268748857516,"segment_cum_len":8347.33016319095}
{"route_id":"83","segment_first_lat":34.0875660666,"segment_first_lon":-118.2122392597,"segment_second_lat":34.0873732867,"segment_second_lon":-118.212326952,"segment_sequence":270013,"segment_id":14,"segment_len_meter":22.906834738755173,"segment_cum_len":8370.236997929705}
{"route_id":"83","segment_first_lat":34.0873732867,"segment_first_lon":-118.212326952,"segment_second_lat":34.0866777939,"segment_second_lon":-118.2126432318,"segment_sequence":280001,"segment_id":14,"segment_len_meter":82.63827287465888,"segment_cum_len":8452.875270804365}
{"route_id":"83","segment_first_lat":34.0866777939,"segment_first_lon":-118.2126432318,"segment_second_lat":34.086636547,"segment_second_lon":-118.2126596402,"segment_sequence":280002,"segment_id":14,"segment_len_meter":4.828953174562225,"segment_cum_len":8457.704223978926}
{"route_id":"83","segment_first_lat":34.086636547,"segment_first_lon":-118.2126596402,"segment_second_lat":34.0865292933,"segment_second_lon":-118.2127089072,"segment_sequence":280003,"segment_id":14,"segment_len_meter":12.759927396253115,"segment_cum_len":8470.46415137518}
{"route_id":"83","segment_first_lat":34.0865292933,"segment_first_lon":-118.2127089072,"segment_second_lat":34.0864055466,"segment_second_lon":-118.2127614348,"segment_sequence":280004,"segment_id":14,"segment_len_meter":14.585517285611925,"segment_cum_len":8485.049668660791}
{"route_id":"83","segment_first_lat":34.0864055466,"segment_first_lon":-118.2127614348,"segment_second_lat":34.0861607894,"segment_second_lon":-118.2128731016,"segment_sequence":280005,"segment_id":14,"segment_len_meter":29.09378152409943,"segment_cum_len":8514.14345018489}
{"route_id":"83","segment_first_lat":34.0861607894,"segment_first_lon":-118.2128731016,"segment_second_lat":34.086125044,"segment_second_lon":-118.2128862212,"segment_sequence":280006,"segment_id":14,"segment_len_meter":4.15428005251039,"segment_cum_len":8518.297730237402}
{"route_id":"83","segment_first_lat":34.086125044,"segment_first_lon":-118.2128862212,"segment_second_lat":34.086012277,"segment_second_lon":-118.2129453814,"segment_sequence":280007,"segment_id":14,"segment_len_meter":13.671565031197643,"segment_cum_len":8531.9692952686}
{"route_id":"83","segment_first_lat":34.086012277,"segment_first_lon":-118.2129453814,"segment_second_lat":34.0859077769,"segment_second_lon":-118.2129913521,"segment_sequence":280008,"segment_id":14,"segment_len_meter":12.367061100385522,"segment_cum_len":8544.336356368985}
{"route_id":"83","segment_first_lat":34.0859077769,"segment_first_lon":-118.2129913521,"segment_second_lat":34.0857708538,"segment_second_lon":-118.2130362492,"segment_sequence":280009,"segment_id":14,"segment_len_meter":15.776583263202877,"segment_cum_len":8560.112939632188}
{"route_id":"83","segment_first_lat":34.0857708538,"segment_first_lon":-118.2130362492,"segment_second_lat":34.0856383295,"segment_second_lon":-118.2130798364,"segment_sequence":290001,"segment_id":15,"segment_len_meter":15.272947058087546,"segment_cum_len":8575.385886690276}
{"route_id":"83","segment_first_lat":34.0856383295,"segment_first_lon":-118.2130798364,"segment_second_lat":34.0849070437,"segment_second_lon":-118.2132794308,"segment_sequence":290002,"segment_id":15,"segment_len_meter":83.36688271173487,"segment_cum_len":8658.75276940201}
{"route_id":"83","segment_first_lat":34.0849070437,"segment_first_lon":-118.2132794308,"segment_second_lat":34.084654095,"segment_second_lon":-118.2133613501,"segment_sequence":290003,"segment_id":15,"segment_len_meter":29.12079600842138,"segment_cum_len":8687.873565410431}
{"route_id":"83","segment_first_lat":34.084654095,"segment_first_lon":-118.2133613501,"segment_second_lat":34.084252721,"segment_second_lon":-118.213466008,"segment_sequence":290004,"segment_id":15,"segment_len_meter":45.65961195264079,"segment_cum_len":8733.533177363071}
{"route_id":"83","segment_first_lat":34.084252721,"segment_first_lon":-118.213466008,"segment_second_lat":34.0839723461,"segment_second_lon":-118.2135181331,"segment_sequence":290005,"segment_id":15,"segment_len_meter":31.543671479128594,"segment_cum_len":8765.0768488422}
{"route_id":"83","segment_first_lat":34.0839723461,"segment_first_lon":-118.2135181331,"segment_second_lat":34.0832942113,"segment_second_lon":-118.2136511447,"segment_sequence":290006,"segment_id":15,"segment_len_meter":76.39364000317055,"segment_cum_len":8841.47048884537}
{"route_id":"83","segment_first_lat":34.0832942113,"segment_first_lon":-118.2136511447,"segment_second_lat":34.083158694,"segment_second_lon":-118.2136778791,"segment_sequence":300001,"segment_id":15,"segment_len_meter":15.268650868620114,"segment_cum_len":8856.73913971399}
{"route_id":"83","segment_first_lat":34.083158694,"segment_first_lon":-118.2136778791,"segment_second_lat":34.0830047614,"segment_second_lon":-118.2137072084,"segment_sequence":300002,"segment_id":15,"segment_len_meter":17.328334181517885,"segment_cum_len":8874.06747389551}
{"route_id":"83","segment_first_lat":34.0830047614,"segment_first_lon":-118.2137072084,"segment_second_lat":34.0827463692,"segment_second_lon":-118.2137593881,"segment_sequence":300003,"segment_id":15,"segment_len_meter":29.130993347796494,"segment_cum_len":8903.198467243306}
{"route_id":"83","segment_first_lat":34.0827463692,"segment_first_lon":-118.2137593881,"segment_second_lat":34.0823422529,"segment_second_lon":-118.2138607322,"segment_sequence":300004,"segment_id":15,"segment_len_meter":45.894726670043525,"segment_cum_len":8949.09319391335}
{"route_id":"83","segment_first_lat":34.0823422529,"segment_first_lon":-118.2138607322,"segment_second_lat":34.0819710991,"segment_second_lon":-118.2139687646,"segment_sequence":300005,"segment_id":15,"segment_len_meter":42.45275136266819,"segment_cum_len":8991.545945276019}
{"route_id":"83","segment_first_lat":34.0819710991,"segment_first_lon":-118.2139687646,"segment_second_lat":34.0817401738,"segment_second_lon":-118.2140276181,"segment_sequence":300006,"segment_id":15,"segment_len_meter":26.24354323849814,"segment_cum_len":9017.789488514516}
{"route_id":"83","segment_first_lat":34.0817401738,"segment_first_lon":-118.2140276181,"segment_second_lat":34.0814468082,"segment_second_lon":-118.2141223081,"segment_sequence":300007,"segment_id":15,"segment_len_meter":33.766299167675264,"segment_cum_len":9051.555787682191}
{"route_id":"83","segment_first_lat":34.0814468082,"segment_first_lon":-118.2141223081,"segment_second_lat":34.08131401,"segment_second_lon":-118.2141652301,"segment_sequence":310001,"segment_id":16,"segment_len_meter":15.286432061728659,"segment_cum_len":9066.84221974392}
{"route_id":"83","segment_first_lat":34.08131401,"segment_first_lon":-118.2141652301,"segment_second_lat":34.0809373426,"segment_second_lon":-118.214283153,"segment_sequence":310002,"segment_id":16,"segment_len_meter":43.2686269297549,"segment_cum_len":9110.110846673675}
{"route_id":"83","segment_first_lat":34.0809373426,"segment_first_lon":-118.214283153,"segment_second_lat":34.0807916241,"segment_second_lon":-118.2143290135,"segment_sequence":310003,"segment_id":16,"segment_len_meter":16.744587662558406,"segment_cum_len":9126.855434336234}
{"route_id":"83","segment_first_lat":34.0807916241,"segment_first_lon":-118.2143290135,"segment_second_lat":34.0802637365,"segment_second_lon":-118.2144960832,"segment_sequence":310004,"segment_id":16,"segment_len_meter":60.68158176004632,"segment_cum_len":9187.53701609628}
{"route_id":"83","segment_first_lat":34.0802637365,"segment_first_lon":-118.2144960832,"segment_second_lat":34.07996405,"segment_second_lon":-118.2145910839,"segment_sequence":310005,"segment_id":16,"segment_len_meter":34.45307914823777,"segment_cum_len":9221.990095244517}
{"route_id":"83","segment_first_lat":34.07996405,"segment_first_lon":-118.2145910839,"segment_second_lat":34.0794125222,"segment_second_lon":-118.2147627129,"segment_sequence":310006,"segment_id":16,"segment_len_meter":63.33138906075417,"segment_cum_len":9285.32148430527}
{"route_id":"83","segment_first_lat":34.0794125222,"segment_first_lon":-118.2147627129,"segment_second_lat":34.0792794519,"segment_second_lon":-118.2148039809,"segment_sequence":320001,"segment_id":16,"segment_len_meter":15.277077072765694,"segment_cum_len":9300.598561378036}
{"route_id":"83","segment_first_lat":34.0792794519,"segment_first_lon":-118.2148039809,"segment_second_lat":34.0771266798,"segment_second_lon":-118.2154721167,"segment_sequence":320002,"segment_id":16,"segment_len_meter":247.16004508670153,"segment_cum_len":9547.758606464737}
{"route_id":"83","segment_first_lat":34.0771266798,"segment_first_lon":-118.2154721167,"segment_second_lat":34.0767747184,"segment_second_lon":-118.2156033005,"segment_sequence":320003,"segment_id":16,"segment_len_meter":40.95889210520767,"segment_cum_len":9588.717498569944}
{"route_id":"83","segment_first_lat":34.0767747184,"segment_first_lon":-118.2156033005,"segment_second_lat":34.0766592435,"segment_second_lon":-118.2156393277,"segment_sequence":320004,"segment_id":16,"segment_len_meter":13.262031966776766,"segment_cum_len":9601.97953053672}
{"route_id":"83","segment_first_lat":34.0766592435,"segment_first_lon":-118.2156393277,"segment_second_lat":34.0766015032,"segment_second_lon":-118.2156589924,"segment_sequence":320005,"segment_id":16,"segment_len_meter":6.670994042010145,"segment_cum_len":9608.65052457873}
{"route_id":"83","segment_first_lat":34.0766015032,"segment_first_lon":-118.2156589924,"segment_second_lat":34.0764778083,"segment_second_lon":-118.2156817892,"segment_sequence":320006,"segment_id":16,"segment_len_meter":13.913578931934465,"segment_cum_len":9622.564103510666}
{"route_id":"83","segment_first_lat":34.0764778083,"segment_first_lon":-118.2156817892,"segment_second_lat":34.0762744551,"segment_second_lon":-118.2156878693,"segment_sequence":320007,"segment_id":16,"segment_len_meter":22.61877722019777,"segment_cum_len":9645.182880730863}
{"route_id":"83","segment_first_lat":34.0762744551,"segment_first_lon":-118.2156878693,"segment_second_lat":34.076131573,"segment_second_lon":-118.2156838684,"segment_sequence":320008,"segment_id":16,"segment_len_meter":15.892037326936677,"segment_cum_len":9661.0749180578}
{"route_id":"83","segment_first_lat":34.076131573,"segment_first_lon":-118.2156838684,"segment_second_lat":34.0739114036,"segment_second_lon":-118.2156226674,"segment_sequence":330001,"segment_id":17,"segment_len_meter":246.93591778941115,"segment_cum_len":9908.010835847212}
{"route_id":"83","segment_first_lat":34.0739114036,"segment_first_lon":-118.2156226674,"segment_second_lat":34.0736366303,"segment_second_lon":-118.2156150246,"segment_sequence":340001,"segment_id":17,"segment_len_meter":30.561505069620882,"segment_cum_len":9938.572340916833}
{"route_id":"83","segment_first_lat":34.0736366303,"segment_first_lon":-118.2156150246,"segment_second_lat":34.0736177604,"segment_second_lon":-118.2169457376,"segment_sequence":340002,"segment_id":17,"segment_len_meter":122.58300451763415,"segment_cum_len":10061.155345434467}
{"route_id":"83","segment_first_lat":34.0736177604,"segment_first_lon":-118.2169457376,"segment_second_lat":34.0736051872,"segment_second_lon":-118.2176721753,"segment_sequence":340003,"segment_id":17,"segment_len_meter":66.92301156208268,"segment_cum_len":10128.07835699655}
{"route_id":"83","segment_first_lat":34.0736051872,"segment_first_lon":-118.2176721753,"segment_second_lat":34.0736024165,"segment_second_lon":-118.217837275,"segment_sequence":350001,"segment_id":18,"segment_len_meter":15.209598568403104,"segment_cum_len":10143.287955564952}
{"route_id":"83","segment_first_lat":34.0736024165,"segment_first_lon":-118.217837275,"segment_second_lat":34.0731746064,"segment_second_lon":-118.2188829331,"segment_sequence":350002,"segment_id":18,"segment_len_meter":107.41799993351471,"segment_cum_len":10250.705955498468}
{"route_id":"83","segment_first_lat":34.0731746064,"segment_first_lon":-118.2188829331,"segment_second_lat":34.0731194099,"segment_second_lon":-118.2190148734,"segment_sequence":350003,"segment_id":18,"segment_len_meter":13.614355355333565,"segment_cum_len":10264.320310853802}
{"route_id":"83","segment_first_lat":34.0731194099,"segment_first_lon":-118.2190148734,"segment_second_lat":34.0730366328,"segment_second_lon":-118.2192028772,"segment_sequence":350004,"segment_id":18,"segment_len_meter":19.61046594540912,"segment_cum_len":10283.93077679921}
{"route_id":"83","segment_first_lat":34.0730366328,"segment_first_lon":-118.2192028772,"segment_second_lat":34.0729593811,"segment_second_lon":-118.2193743846,"segment_sequence":350005,"segment_id":18,"segment_len_meter":17.981268646861796,"segment_cum_len":10301.912045446072}
{"route_id":"83","segment_first_lat":34.0729593811,"segment_first_lon":-118.2193743846,"segment_second_lat":34.0728517766,"segment_second_lon":-118.2196151563,"segment_sequence":350006,"segment_id":18,"segment_len_meter":25.198342357063186,"segment_cum_len":10327.110387803135}
{"route_id":"83","segment_first_lat":34.0728517766,"segment_first_lon":-118.2196151563,"segment_second_lat":34.0728214241,"segment_second_lon":-118.2196844209,"segment_sequence":350007,"segment_id":18,"segment_len_meter":7.217409440438487,"segment_cum_len":10334.327797243574}
{"route_id":"83","segment_first_lat":34.0728214241,"segment_first_lon":-118.2196844209,"segment_second_lat":34.0726939293,"segment_second_lon":-118.2199829262,"segment_sequence":350008,"segment_id":18,"segment_len_meter":30.933861614179936,"segment_cum_len":10365.261658857753}
{"route_id":"83","segment_first_lat":34.0726939293,"segment_first_lon":-118.2199829262,"segment_second_lat":34.0726310104,"segment_second_lon":-118.2201297042,"segment_sequence":360001,"segment_id":18,"segment_len_meter":15.222156828982786,"segment_cum_len":10380.483815686735}
{"route_id":"83","segment_first_lat":34.0726310104,"segment_first_lon":-118.2201297042,"segment_second_lat":34.0721315609,"segment_second_lon":-118.2212709094,"segment_sequence":360002,"segment_id":18,"segment_len_meter":118.88149888745156,"segment_cum_len":10499.365314574186}
{"route_id":"83","segment_first_lat":34.0721315609,"segment_first_lon":-118.2212709094,"segment_second_lat":34.0716767818,"segment_second_lon":-118.2223220735,"segment_sequence":360003,"segment_id":18,"segment_len_meter":109.23002505423675,"segment_cum_len":10608.595339628424}
{"route_id":"83","segment_first_lat":34.0716767818,"segment_first_lon":-118.2223220735,"segment_second_lat":34.0716348363,"segment_second_lon":-118.2224187124,"segment_sequence":370001,"segment_id":19,"segment_len_meter":10.049074185439233,"segment_cum_len":10618.644413813863}
{"route_id":"83","segment_first_lat":34.0716348363,"segment_first_lon":-118.2224187124,"segment_second_lat":34.0718207469,"segment_second_lon":-118.2229310272,"segment_sequence":370002,"segment_id":19,"segment_len_meter":51.51722325688857,"segment_cum_len":10670.161637070752}
{"route_id":"83","segment_first_lat":34.0718207469,"segment_first_lon":-118.2229310272,"segment_second_lat":34.0719650465,"segment_second_lon":-118.2236545659,"segment_sequence":370003,"segment_id":19,"segment_len_meter":68.54713712970081,"segment_cum_len":10738.708774200453}
{"route_id":"83","segment_first_lat":34.0719650465,"segment_first_lon":-118.2236545659,"segment_second_lat":34.0719812156,"segment_second_lon":-118.2238263169,"segment_sequence":370004,"segment_id":19,"segment_len_meter":15.921240980681088,"segment_cum_len":10754.630015181134}
{"route_id":"83","segment_first_lat":34.0719812156,"segment_first_lon":-118.2238263169,"segment_second_lat":34.0719841789,"segment_second_lon":-118.223858355,"segment_sequence":370005,"segment_id":19,"segment_len_meter":2.9692593093056323,"segment_cum_len":10757.59927449044}
{"route_id":"83","segment_first_lat":34.0719841789,"segment_first_lon":-118.223858355,"segment_second_lat":34.0720189384,"segment_second_lon":-118.2242292711,"segment_sequence":380001,"segment_id":19,"segment_len_meter":34.38174663967872,"segment_cum_len":10791.98102113012}
{"route_id":"83","segment_first_lat":34.0720189384,"segment_first_lon":-118.2242292711,"segment_second_lat":34.07200496,"segment_second_lon":-118.2243580146,"segment_sequence":380002,"segment_id":19,"segment_len_meter":11.959553999625832,"segment_cum_len":10803.940575129745}
{"route_id":"83","segment_first_lat":34.07200496,"segment_first_lon":-118.2243580146,"segment_second_lat":34.0720021324,"segment_second_lon":-118.2244009339,"segment_sequence":380003,"segment_id":19,"segment_len_meter":3.965632836164413,"segment_cum_len":10807.90620796591}
{"route_id":"83","segment_first_lat":34.0720021324,"segment_first_lon":-118.2244009339,"segment_second_lat":34.0719038171,"segment_second_lon":-118.2255497909,"segment_sequence":380004,"segment_id":19,"segment_len_meter":106.38053866262621,"segment_cum_len":10914.286746628537}
{"route_id":"83","segment_first_lat":34.0719038171,"segment_first_lon":-118.2255497909,"segment_second_lat":34.071867305,"segment_second_lon":-118.2259723574,"segment_sequence":380005,"segment_id":19,"segment_len_meter":39.13237926158013,"segment_cum_len":10953.419125890117}
{"route_id":"83","segment_first_lat":34.071867305,"segment_first_lon":-118.2259723574,"segment_second_lat":34.071861661,"segment_second_lon":-118.2260515918,"segment_sequence":380006,"segment_id":19,"segment_len_meter":7.324954336377409,"segment_cum_len":10960.744080226495}
{"route_id":"83","segment_first_lat":34.071861661,"segment_first_lon":-118.2260515918,"segment_second_lat":34.0718364357,"segment_second_lon":-118.2263156891,"segment_sequence":380007,"segment_id":19,"segment_len_meter":24.48632136602241,"segment_cum_len":10985.230401592518}
{"route_id":"83","segment_first_lat":34.0718364357,"segment_first_lon":-118.2263156891,"segment_second_lat":34.071797111,"segment_second_lon":-118.226771268,"segment_sequence":380008,"segment_id":19,"segment_len_meter":42.1891144361326,"segment_cum_len":11027.41951602865}
{"route_id":"83","segment_first_lat":34.071797111,"segment_first_lon":-118.226771268,"segment_second_lat":34.0717661773,"segment_second_lon":-118.2271476196,"segment_sequence":380009,"segment_id":19,"segment_len_meter":34.83477813488598,"segment_cum_len":11062.254294163537}
{"route_id":"83","segment_first_lat":34.0717661773,"segment_first_lon":-118.2271476196,"segment_second_lat":34.0717356403,"segment_second_lon":-118.2273126399,"segment_sequence":380010,"segment_id":19,"segment_len_meter":15.574162595626913,"segment_cum_len":11077.828456759164}
{"route_id":"83","segment_first_lat":34.0717356403,"segment_first_lon":-118.2273126399,"segment_second_lat":34.0716913203,"segment_second_lon":-118.2275007371,"segment_sequence":380011,"segment_id":19,"segment_len_meter":18.012327429156002,"segment_cum_len":11095.84078418832}
{"route_id":"83","segment_first_lat":34.0716913203,"segment_first_lon":-118.2275007371,"segment_second_lat":34.0716219517,"segment_second_lon":-118.2278571709,"segment_sequence":380012,"segment_id":19,"segment_len_meter":33.7239921722387,"segment_cum_len":11129.56477636056}
{"route_id":"83","segment_first_lat":34.0716219517,"segment_first_lon":-118.2278571709,"segment_second_lat":34.0713337635,"segment_second_lon":-118.2291309767,"segment_sequence":380013,"segment_id":19,"segment_len_meter":121.62407853223135,"segment_cum_len":11251.188854892791}
{"route_id":"83","segment_first_lat":34.0713337635,"segment_first_lon":-118.2291309767,"segment_second_lat":34.0712229527,"segment_second_lon":-118.2296028655,"segment_sequence":380014,"segment_id":19,"segment_len_meter":45.17718532217489,"segment_cum_len":11296.366040214965}
{"route_id":"83","segment_first_lat":34.0712229527,"segment_first_lon":-118.2296028655,"segment_second_lat":34.0711941948,"segment_second_lon":-118.2296975552,"segment_sequence":380015,"segment_id":19,"segment_len_meter":9.289360739848526,"segment_cum_len":11305.655400954814}
{"route_id":"83","segment_first_lat":34.0711941948,"segment_first_lon":-118.2296975552,"segment_second_lat":34.0711897712,"segment_second_lon":-118.2297117419,"segment_sequence":390001,"segment_id":20,"segment_len_meter":1.3962142820203256,"segment_cum_len":11307.051615236835}
{"route_id":"83","segment_first_lat":34.0711897712,"segment_first_lon":-118.2297117419,"segment_second_lat":34.0711179563,"segment_second_lon":-118.2299063651,"segment_sequence":390002,"segment_id":20,"segment_len_meter":19.62442348291641,"segment_cum_len":11326.67603871975}
{"route_id":"83","segment_first_lat":34.0711179563,"segment_first_lon":-118.2299063651,"segment_second_lat":34.0710710479,"segment_second_lon":-118.2300085993,"segment_sequence":390003,"segment_id":20,"segment_len_meter":10.764648527950524,"segment_cum_len":11337.440687247701}
{"route_id":"83","segment_first_lat":34.0710710479,"segment_first_lon":-118.2300085993,"segment_second_lat":34.0709745773,"segment_second_lon":-118.2301635297,"segment_sequence":390004,"segment_id":20,"segment_len_meter":17.852452311287042,"segment_cum_len":11355.293139558988}
{"route_id":"83","segment_first_lat":34.0709745773,"segment_first_lon":-118.2301635297,"segment_second_lat":34.0706052937,"segment_second_lon":-118.230723857,"segment_sequence":390005,"segment_id":20,"segment_len_meter":65.95282866300302,"segment_cum_len":11421.24596822199}
{"route_id":"83","segment_first_lat":34.0706052937,"segment_first_lon":-118.230723857,"segment_second_lat":34.0694892917,"segment_second_lon":-118.2323486531,"segment_sequence":390006,"segment_id":20,"segment_len_meter":194.4138069020892,"segment_cum_len":11615.65977512408}
{"route_id":"83","segment_first_lat":34.0694892917,"segment_first_lon":-118.2323486531,"segment_second_lat":34.0689210862,"segment_second_lon":-118.2331761955,"segment_sequence":390007,"segment_id":20,"segment_len_meter":99.0055570316063,"segment_cum_len":11714.665332155688}
{"route_id":"83","segment_first_lat":34.0689210862,"segment_first_lon":-118.2331761955,"segment_second_lat":34.0689078589,"segment_second_lon":-118.2331956401,"segment_sequence":400001,"segment_id":20,"segment_len_meter":2.3175642691804197,"segment_cum_len":11716.982896424868}
{"route_id":"83","segment_first_lat":34.0689078589,"segment_first_lon":-118.2331956401,"segment_second_lat":34.0688416872,"segment_second_lon":-118.2333110239,"segment_sequence":400002,"segment_id":20,"segment_len_meter":12.926479059562798,"segment_cum_len":11729.90937548443}
{"route_id":"83","segment_first_lat":34.0688416872,"segment_first_lon":-118.2333110239,"segment_second_lat":34.0686625214,"segment_second_lon":-118.2335977933,"segment_sequence":400003,"segment_id":20,"segment_len_meter":33.085002165783564,"segment_cum_len":11762.994377650215}
{"route_id":"83","segment_first_lat":34.0686625214,"segment_first_lon":-118.2335977933,"segment_second_lat":34.068521991,"segment_second_lon":-118.2337988191,"segment_sequence":400004,"segment_id":20,"segment_len_meter":24.228959868876924,"segment_cum_len":11787.223337519092}
{"route_id":"83","segment_first_lat":34.068521991,"segment_first_lon":-118.2337988191,"segment_second_lat":34.0682850551,"segment_second_lon":-118.234118444,"segment_sequence":400005,"segment_id":20,"segment_len_meter":39.50792505783208,"segment_cum_len":11826.731262576925}
{"route_id":"83","segment_first_lat":34.0682850551,"segment_first_lon":-118.234118444,"segment_second_lat":34.0680206526,"segment_second_lon":-118.2344313862,"segment_sequence":400006,"segment_id":20,"segment_len_meter":41.17369201568018,"segment_cum_len":11867.904954592605}
{"route_id":"83","segment_first_lat":34.0680206526,"segment_first_lon":-118.2344313862,"segment_second_lat":34.0674862273,"segment_second_lon":-118.2351199851,"segment_sequence":400007,"segment_id":20,"segment_len_meter":86.91630261239317,"segment_cum_len":11954.821257204998}
{"route_id":"83","segment_first_lat":34.0674862273,"segment_first_lon":-118.2351199851,"segment_second_lat":34.0672934338,"segment_second_lon":-118.2353472736,"segment_sequence":400008,"segment_id":20,"segment_len_meter":29.96473265227658,"segment_cum_len":11984.785989857275}
{"route_id":"83","segment_first_lat":34.0672934338,"segment_first_lon":-118.2353472736,"segment_second_lat":34.0671804757,"segment_second_lon":-118.2354988425,"segment_sequence":400009,"segment_id":20,"segment_len_meter":18.779777444634583,"segment_cum_len":12003.56576730191}
{"route_id":"83","segment_first_lat":34.0671804757,"segment_first_lon":-118.2354988425,"segment_second_lat":34.067141922,"segment_second_lon":-118.2355416585,"segment_sequence":400010,"segment_id":20,"segment_len_meter":5.825134515740002,"segment_cum_len":12009.390901817651}
{"route_id":"83","segment_first_lat":34.067141922,"segment_first_lon":-118.2355416585,"segment_second_lat":34.0670263318,"segment_second_lon":-118.2356337856,"segment_sequence":400011,"segment_id":20,"segment_len_meter":15.401720019444799,"segment_cum_len":12024.792621837096}
{"route_id":"83","segment_first_lat":34.0670263318,"segment_first_lon":-118.2356337856,"segment_second_lat":34.0669354464,"segment_second_lon":-118.2357391896,"segment_sequence":400012,"segment_id":20,"segment_len_meter":14.014112289288066,"segment_cum_len":12038.806734126383}
{"route_id":"83","segment_first_lat":34.0669354464,"segment_first_lon":-118.2357391896,"segment_second_lat":34.0668914034,"segment_second_lon":-118.235778688,"segment_sequence":400013,"segment_id":20,"segment_len_meter":6.100917981542867,"segment_cum_len":12044.907652107926}
{"route_id":"83","segment_first_lat":34.0668914034,"segment_first_lon":-118.235778688,"segment_second_lat":34.0668823251,"segment_second_lon":-118.2357839454,"segment_sequence":400014,"segment_id":20,"segment_len_meter":1.119611095097657,"segment_cum_len":12046.027263203023}
{"route_id":"83","segment_first_lat":34.0668823251,"segment_first_lon":-118.2357839454,"segment_second_lat":34.0667593516,"segment_second_lon":-118.2358575606,"segment_sequence":410001,"segment_id":21,"segment_len_meter":15.2629979441982,"segment_cum_len":12061.290261147222}
{"route_id":"83","segment_first_lat":34.0667593516,"segment_first_lon":-118.2358575606,"segment_second_lat":34.0666053105,"segment_second_lon":-118.2359396729,"segment_sequence":410002,"segment_id":21,"segment_len_meter":18.724207328695083,"segment_cum_len":12080.014468475916}
{"route_id":"83","segment_first_lat":34.0666053105,"segment_first_lon":-118.2359396729,"segment_second_lat":34.0659476629,"segment_second_lon":-118.236403377,"segment_sequence":410003,"segment_id":21,"segment_len_meter":84.68752090775521,"segment_cum_len":12164.701989383671}
{"route_id":"83","segment_first_lat":34.0659476629,"segment_first_lon":-118.236403377,"segment_second_lat":34.0657413023,"segment_second_lon":-118.2365414706,"segment_sequence":410004,"segment_id":21,"segment_len_meter":26.2361440389651,"segment_cum_len":12190.938133422636}
{"route_id":"83","segment_first_lat":34.0657413023,"segment_first_lon":-118.2365414706,"segment_second_lat":34.0655514481,"segment_second_lon":-118.2366697048,"segment_sequence":410005,"segment_id":21,"segment_len_meter":24.190752806754094,"segment_cum_len":12215.128886229391}
{"route_id":"83","segment_first_lat":34.0655514481,"segment_first_lon":-118.2366697048,"segment_second_lat":34.0654303936,"segment_second_lon":-118.2367453041,"segment_sequence":410006,"segment_id":21,"segment_len_meter":15.15527913770166,"segment_cum_len":12230.284165367093}
{"route_id":"83","segment_first_lat":34.0654303936,"segment_first_lon":-118.2367453041,"segment_second_lat":34.0652477548,"segment_second_lon":-118.2368372379,"segment_sequence":410007,"segment_id":21,"segment_len_meter":22.00338202701037,"segment_cum_len":12252.287547394104}
{"route_id":"83","segment_first_lat":34.0652477548,"segment_first_lon":-118.2368372379,"segment_second_lat":34.0646217212,"segment_second_lon":-118.2371524368,"segment_sequence":420001,"segment_id":21,"segment_len_meter":75.42405593956269,"segment_cum_len":12327.711603333666}
{"route_id":"83","segment_first_lat":34.0646217212,"segment_first_lon":-118.2371524368,"segment_second_lat":34.0641343227,"segment_second_lon":-118.2373947253,"segment_sequence":420002,"segment_id":21,"segment_len_meter":58.61179106088842,"segment_cum_len":12386.323394394554}
{"route_id":"83","segment_first_lat":34.0641343227,"segment_first_lon":-118.2373947253,"segment_second_lat":34.0640276008,"segment_second_lon":-118.237447911,"segment_sequence":430001,"segment_id":22,"segment_len_meter":12.838472502883757,"segment_cum_len":12399.161866897439}
{"route_id":"83","segment_first_lat":34.0640276008,"segment_first_lon":-118.237447911,"segment_second_lat":34.0624572988,"segment_second_lon":-118.2382315695,"segment_sequence":430002,"segment_id":22,"segment_len_meter":188.9432731598947,"segment_cum_len":12588.105140057334}
{"route_id":"83","segment_first_lat":34.0624572988,"segment_first_lon":-118.2382315695,"segment_second_lat":34.062330497,"segment_second_lon":-118.2382949311,"segment_sequence":440001,"segment_id":22,"segment_len_meter":15.26004123621223,"segment_cum_len":12603.365181293546}
{"route_id":"83","segment_first_lat":34.062330497,"segment_first_lon":-118.2382949311,"segment_second_lat":34.061398042,"segment_second_lon":-118.238764412,"segment_sequence":440002,"segment_id":22,"segment_len_meter":112.34219315102207,"segment_cum_len":12715.707374444568}
{"route_id":"83","segment_first_lat":34.061398042,"segment_first_lon":-118.238764412,"segment_second_lat":34.0604707918,"segment_second_lon":-118.2392411609,"segment_sequence":440003,"segment_id":22,"segment_len_meter":112.0691265859062,"segment_cum_len":12827.776501030474}
{"route_id":"83","segment_first_lat":34.0604707918,"segment_first_lon":-118.2392411609,"segment_second_lat":34.0603445358,"segment_second_lon":-118.2393061719,"segment_sequence":450001,"segment_id":23,"segment_len_meter":15.263010966723655,"segment_cum_len":12843.039511997198}
{"route_id":"83","segment_first_lat":34.0603445358,"segment_first_lon":-118.2393061719,"segment_second_lat":34.0585511393,"segment_second_lon":-118.2402056653,"segment_sequence":450002,"segment_id":23,"segment_len_meter":215.94677249139653,"segment_cum_len":13058.986284488594}
{"route_id":"83","segment_first_lat":34.0585511393,"segment_first_lon":-118.2402056653,"segment_second_lat":34.0583923675,"segment_second_lon":-118.2399014679,"segment_sequence":450003,"segment_id":23,"segment_len_meter":33.120641760023375,"segment_cum_len":13092.106926248618}
{"route_id":"83","segment_first_lat":34.0583923675,"segment_first_lon":-118.2399014679,"segment_second_lat":34.0583322098,"segment_second_lon":-118.2397527262,"segment_sequence":450004,"segment_id":23,"segment_len_meter":15.24790515758092,"segment_cum_len":13107.354831406199}
{"route_id":"83","segment_first_lat":34.0583322098,"segment_first_lon":-118.2397527262,"segment_second_lat":34.0582997095,"segment_second_lon":-118.2396522664,"segment_sequence":450005,"segment_id":23,"segment_len_meter":9.9350811814134,"segment_cum_len":13117.289912587612}
{"route_id":"83","segment_first_lat":34.0582997095,"segment_first_lon":-118.2396522664,"segment_second_lat":34.0582775869,"segment_second_lon":-118.2395841914,"segment_sequence":460001,"segment_id":23,"segment_len_meter":6.736376629910827,"segment_cum_len":13124.026289217523}
{"route_id":"83","segment_first_lat":34.0582775869,"segment_first_lon":-118.2395841914,"segment_second_lat":34.0582585287,"segment_second_lon":-118.2394949954,"segment_sequence":460002,"segment_id":23,"segment_len_meter":8.485742734678121,"segment_cum_len":13132.512031952201}
{"route_id":"83","segment_first_lat":34.0582585287,"segment_first_lon":-118.2394949954,"segment_second_lat":34.0580741147,"segment_second_lon":-118.2396496392,"segment_sequence":460003,"segment_id":23,"segment_len_meter":24.968810120769753,"segment_cum_len":13157.480842072971}
{"route_id":"83","segment_first_lat":34.0580741147,"segment_first_lon":-118.2396496392,"segment_second_lat":34.0579970241,"segment_second_lon":-118.2397253534,"segment_sequence":460004,"segment_id":23,"segment_len_meter":11.051252544378546,"segment_cum_len":13168.53209461735}
{"route_id":"83","segment_first_lat":34.0579970241,"segment_first_lon":-118.2397253534,"segment_second_lat":34.0578758891,"segment_second_lon":-118.2398405595,"segment_sequence":460005,"segment_id":23,"segment_len_meter":17.148347000768023,"segment_cum_len":13185.680441618118}
{"route_id":"83","segment_first_lat":34.0578758891,"segment_first_lon":-118.2398405595,"segment_second_lat":34.0572922283,"segment_second_lon":-118.2404001405,"segment_sequence":460006,"segment_id":23,"segment_len_meter":82.88192043807385,"segment_cum_len":13268.562362056193}
{"route_id":"83","segment_first_lat":34.0572922283,"segment_first_lon":-118.2404001405,"segment_second_lat":34.0571545924,"segment_second_lon":-118.2405219001,"segment_sequence":460007,"segment_id":23,"segment_len_meter":18.97477267739657,"segment_cum_len":13287.53713473359}
{"route_id":"83","segment_first_lat":34.0571545924,"segment_first_lon":-118.2405219001,"segment_second_lat":34.0566370548,"segment_second_lon":-118.2409925224,"segment_sequence":460008,"segment_id":23,"segment_len_meter":72.05128991821971,"segment_cum_len":13359.588424651809}
{"route_id":"83","segment_first_lat":34.0566370548,"segment_first_lon":-118.2409925224,"segment_second_lat":34.0564966639,"segment_second_lon":-118.2411175736,"segment_sequence":460009,"segment_id":23,"segment_len_meter":19.401267646646595,"segment_cum_len":13378.989692298455}
{"route_id":"83","segment_first_lat":34.0564966639,"segment_first_lon":-118.2411175736,"segment_second_lat":34.0564526125,"segment_second_lon":-118.2411603657,"segment_sequence":460010,"segment_id":23,"segment_len_meter":6.287595383420614,"segment_cum_len":13385.277287681876}
{"route_id":"83","segment_first_lat":34.0564526125,"segment_first_lon":-118.2411603657,"segment_second_lat":34.0563424874,"segment_second_lon":-118.2412656949,"segment_sequence":460011,"segment_id":23,"segment_len_meter":15.623784036870168,"segment_cum_len":13400.901071718747}
{"route_id":"83","segment_first_lat":34.0563424874,"segment_first_lon":-118.2412656949,"segment_second_lat":34.0562351166,"segment_second_lon":-118.2413677303,"segment_sequence":460012,"segment_id":23,"segment_len_meter":15.195375344586461,"segment_cum_len":13416.096447063333}
{"route_id":"83","segment_first_lat":34.0562351166,"segment_first_lon":-118.2413677303,"segment_second_lat":34.0561552771,"segment_second_lon":-118.2414434334,"segment_sequence":460013,"segment_id":23,"segment_len_meter":11.289455783485126,"segment_cum_len":13427.385902846818}
{"route_id":"83","segment_first_lat":34.0561552771,"segment_first_lon":-118.2414434334,"segment_second_lat":34.0560919576,"segment_second_lon":-118.2415026767,"segment_sequence":460014,"segment_id":23,"segment_len_meter":8.90840409861044,"segment_cum_len":13436.294306945429}
{"route_id":"83","segment_first_lat":34.0560919576,"segment_first_lon":-118.2415026767,"segment_second_lat":34.0550568088,"segment_second_lon":-118.2424759148,"segment_sequence":460015,"segment_id":23,"segment_len_meter":145.90237665216648,"segment_cum_len":13582.196683597595}
{"route_id":"83","segment_first_lat":34.0550568088,"segment_first_lon":-118.2424759148,"segment_second_lat":34.0549053897,"segment_second_lon":-118.2426184267,"segment_sequence":470001,"segment_id":24,"segment_len_meter":21.35074355748759,"segment_cum_len":13603.547427155083}
{"route_id":"83","segment_first_lat":34.0549053897,"segment_first_lon":-118.2426184267,"segment_second_lat":34.0529562218,"segment_second_lon":-118.2444417082,"segment_sequence":470002,"segment_id":24,"segment_len_meter":274.20753634861524,"segment_cum_len":13877.754963503698}
{"route_id":"83","segment_first_lat":34.0529562218,"segment_first_lon":-118.2444417082,"segment_second_lat":34.0517118213,"segment_second_lon":-118.2456067241,"segment_sequence":470003,"segment_id":24,"segment_len_meter":175.11818572363924,"segment_cum_len":14052.873149227336}
{"route_id":"83","segment_first_lat":34.0517118213,"segment_first_lon":-118.2456067241,"segment_second_lat":34.0509946221,"segment_second_lon":-118.2462840155,"segment_sequence":470004,"segment_id":24,"segment_len_meter":101.25918340244529,"segment_cum_len":14154.132332629782}
{"route_id":"83","segment_first_lat":34.0509946221,"segment_first_lon":-118.2462840155,"segment_second_lat":34.0508197954,"segment_second_lon":-118.2464492232,"segment_sequence":480001,"segment_id":24,"segment_len_meter":24.68949396303127,"segment_cum_len":14178.821826592814}
{"route_id":"83","segment_first_lat":34.0508197954,"segment_first_lon":-118.2464492232,"segment_second_lat":34.0502691999,"segment_second_lon":-118.2469493866,"segment_sequence":480002,"segment_id":24,"segment_len_meter":76.6268486302388,"segment_cum_len":14255.448675223053}
{"route_id":"83","segment_first_lat":34.0502691999,"segment_first_lon":-118.2469493866,"segment_second_lat":34.0493662072,"segment_second_lon":-118.2477753185,"segment_sequence":480003,"segment_id":24,"segment_len_meter":125.98433808296969,"segment_cum_len":14381.433013306023}
{"route_id":"83","segment_first_lat":34.0493662072,"segment_first_lon":-118.2477753185,"segment_second_lat":34.0488403504,"segment_second_lon":-118.2482689356,"segment_sequence":480004,"segment_id":24,"segment_len_meter":74.07606487134188,"segment_cum_len":14455.509078177365}
{"route_id":"83","segment_first_lat":34.0488403504,"segment_first_lon":-118.2482689356,"segment_second_lat":34.0484444405,"segment_second_lon":-118.2486414507,"segment_sequence":480005,"segment_id":24,"segment_len_meter":55.82059969811441,"segment_cum_len":14511.32967787548}
{"route_id":"83","segment_first_lat":34.0484444405,"segment_first_lon":-118.2486414507,"segment_second_lat":34.0474031749,"segment_second_lon":-118.2496214258,"segment_sequence":490001,"segment_id":25,"segment_len_meter":146.82537731430352,"segment_cum_len":14658.155055189784}
{"route_id":"83","segment_first_lat":34.0474031749,"segment_first_lon":-118.2496214258,"segment_second_lat":34.0459578162,"segment_second_lon":-118.2509375335,"segment_sequence":490002,"segment_id":25,"segment_len_meter":201.32909482009853,"segment_cum_len":14859.484150009883}
{"route_id":"83","segment_first_lat":34.0459578162,"segment_first_lon":-118.2509375335,"segment_second_lat":34.044531554,"segment_second_lon":-118.2523130712,"segment_sequence":490003,"segment_id":25,"segment_len_meter":203.01183250485647,"segment_cum_len":15062.49598251474}
{"route_id":"83","segment_first_lat":34.044531554,"segment_first_lon":-118.2523130712,"segment_second_lat":34.0443490314,"segment_second_lon":-118.2524752594,"segment_sequence":490004,"segment_id":25,"segment_len_meter":25.203526042975405,"segment_cum_len":15087.699508557715}
{"route_id":"83","segment_first_lat":34.0443490314,"segment_first_lon":-118.2524752594,"segment_second_lat":34.0433808029,"segment_second_lon":-118.2533361959,"segment_sequence":500001,"segment_id":25,"segment_len_meter":133.72905546543453,"segment_cum_len":15221.428564023148}
{"route_id":"83","segment_first_lat":34.0433808029,"segment_first_lon":-118.2533361959,"segment_second_lat":34.0430641695,"segment_second_lon":-118.2536356224,"segment_sequence":500002,"segment_id":25,"segment_len_meter":44.729533171580364,"segment_cum_len":15266.158097194728}
{"route_id":"83","segment_first_lat":34.0430641695,"segment_first_lon":-118.2536356224,"segment_second_lat":34.042419891,"segment_second_lon":-118.2542430174,"segment_sequence":500003,"segment_id":25,"segment_len_meter":90.9085977210238,"segment_cum_len":15357.066694915751}
{"route_id":"83","segment_first_lat":34.042419891,"segment_first_lon":-118.2542430174,"segment_second_lat":34.042216144,"segment_second_lon":-118.254435171,"segment_sequence":510001,"segment_id":26,"segment_len_meter":28.75304959607395,"segment_cum_len":15385.819744511826}
{"route_id":"83","segment_first_lat":34.042216144,"segment_first_lon":-118.254435171,"segment_second_lat":34.0417097739,"segment_second_lon":-118.2547967283,"segment_sequence":510002,"segment_id":26,"segment_len_meter":65.42276137112803,"segment_cum_len":15451.242505882954}
{"route_id":"83","segment_first_lat":34.0417097739,"segment_first_lon":-118.2547967283,"segment_second_lat":34.0415939879,"segment_second_lon":-118.2549746231,"segment_sequence":510003,"segment_id":26,"segment_len_meter":20.842997619217176,"segment_cum_len":15472.08550350217}
{"route_id":"83","segment_first_lat":34.0415939879,"segment_first_lon":-118.2549746231,"segment_second_lat":34.0412162554,"segment_second_lon":-118.2555775299,"segment_sequence":510004,"segment_id":26,"segment_len_meter":69.64306415185403,"segment_cum_len":15541.728567654025}
{"route_id":"83","segment_first_lat":34.0412162554,"segment_first_lon":-118.2555775299,"segment_second_lat":34.0404664524,"segment_second_lon":-118.2567008238,"segment_sequence":510005,"segment_id":26,"segment_len_meter":132.90479052606796,"segment_cum_len":15674.633358180094}
{"route_id":"83","segment_first_lat":34.0404664524,"segment_first_lon":-118.2567008238,"segment_second_lat":34.0402963575,"segment_second_lon":-118.2569600771,"segment_sequence":510006,"segment_id":26,"segment_len_meter":30.468943582682993,"segment_cum_len":15705.102301762776}
{"route_id":"83","segment_first_lat":34.0402963575,"segment_first_lon":-118.2569600771,"segment_second_lat":34.0401659605,"segment_second_lon":-118.2571587162,"segment_sequence":520001,"segment_id":26,"segment_len_meter":23.350126141077567,"segment_cum_len":15728.452427903854}
{"route_id":"83","segment_first_lat":34.0401659605,"segment_first_lon":-118.2571587162,"segment_second_lat":34.0401025771,"segment_second_lon":-118.2572443427,"segment_sequence":520002,"segment_id":26,"segment_len_meter":10.57926643646143,"segment_cum_len":15739.031694340316}
{"route_id":"83","segment_first_lat":34.0401025771,"segment_first_lon":-118.2572443427,"segment_second_lat":34.0400144209,"segment_second_lon":-118.2573496977,"segment_sequence":520003,"segment_id":26,"segment_len_meter":13.795863717034806,"segment_cum_len":15752.82755805735}
{"route_id":"83","segment_first_lat":34.0400144209,"segment_first_lon":-118.2573496977,"segment_second_lat":34.0398354376,"segment_second_lon":-118.2575240901,"segment_sequence":520004,"segment_id":26,"segment_len_meter":25.579213433144332,"segment_cum_len":15778.406771490494}
{"route_id":"83","segment_first_lat":34.0398354376,"segment_first_lon":-118.2575240901,"segment_second_lat":34.0397996452,"segment_second_lon":-118.257556988,"segment_sequence":520005,"segment_id":26,"segment_len_meter":5.0028417014085305,"segment_cum_len":15783.409613191903}
{"route_id":"83","segment_first_lat":34.0397996452,"segment_first_lon":-118.257556988,"segment_second_lat":34.0396675089,"segment_second_lon":-118.2576688086,"segment_sequence":520006,"segment_id":26,"segment_len_meter":17.945460738095043,"segment_cum_len":15801.355073929999}
{"route_id":"83","segment_first_lat":34.0396675089,"segment_first_lon":-118.2576688086,"segment_second_lat":34.0391951602,"segment_second_lon":-118.2580502449,"segment_sequence":520007,"segment_id":26,"segment_len_meter":63.19734049047771,"segment_cum_len":15864.552414420477}
{"route_id":"83","segment_first_lat":34.0391951602,"segment_first_lon":-118.2580502449,"segment_second_lat":34.0390812017,"segment_second_lon":-118.2581423153,"segment_sequence":530001,"segment_id":27,"segment_len_meter":15.249284938015427,"segment_cum_len":15879.801699358493}
{"route_id":"83","segment_first_lat":34.0390812017,"segment_first_lon":-118.2581423153,"segment_second_lat":34.0375947741,"segment_second_lon":-118.2593457934,"segment_sequence":530002,"segment_id":27,"segment_len_meter":199.0367596412252,"segment_cum_len":16078.838458999719}
{"route_id":"83","segment_first_lat":34.0375947741,"segment_first_lon":-118.2593457934,"segment_second_lat":34.0369176108,"segment_second_lon":-118.2598982112,"segment_sequence":530003,"segment_id":27,"segment_len_meter":90.88832158584721,"segment_cum_len":16169.726780585566}
{"route_id":"83","segment_first_lat":34.0369176108,"segment_first_lon":-118.2598982112,"segment_second_lat":34.036721353,"segment_second_lon":-118.2600537241,"segment_sequence":530004,"segment_id":27,"segment_len_meter":26.107051810236428,"segment_cum_len":16195.833832395803}
{"route_id":"83","segment_first_lat":34.036721353,"segment_first_lon":-118.2600537241,"segment_second_lat":34.0366065707,"segment_second_lon":-118.2601447962,"segment_sequence":540001,"segment_id":27,"segment_len_meter":15.274894962477902,"segment_cum_len":16211.108727358282}
{"route_id":"83","segment_first_lat":34.0366065707,"segment_first_lon":-118.2601447962,"segment_second_lat":34.0363753388,"segment_second_lon":-118.2603355163,"segment_sequence":540002,"segment_id":27,"segment_len_meter":31.143867697273095,"segment_cum_len":16242.252595055556}
{"route_id":"83","segment_first_lat":34.0363753388,"segment_first_lon":-118.2603355163,"segment_second_lat":34.0357174559,"segment_second_lon":-118.2608648737,"segment_sequence":540003,"segment_id":27,"segment_len_meter":87.92432749089157,"segment_cum_len":16330.176922546447}
{"route_id":"83","segment_first_lat":34.0357174559,"segment_first_lon":-118.2608648737,"segment_second_lat":34.0353155635,"segment_second_lon":-118.2611903833,"segment_sequence":540004,"segment_id":27,"segment_len_meter":53.82119778288223,"segment_cum_len":16383.998120329328}
{"route_id":"83","segment_first_lat":34.0353155635,"segment_first_lon":-118.2611903833,"segment_second_lat":34.0349769851,"segment_second_lon":-118.2614632777,"segment_sequence":540005,"segment_id":27,"segment_len_meter":45.273867976586764,"segment_cum_len":16429.271988305914}
{"route_id":"83","segment_first_lat":34.0349769851,"segment_first_lon":-118.2614632777,"segment_second_lat":34.0343025744,"segment_second_lon":-118.2620090685,"segment_sequence":540006,"segment_id":27,"segment_len_meter":90.29424453058684,"segment_cum_len":16519.5662328365}
{"route_id":"83","segment_first_lat":34.0343025744,"segment_first_lon":-118.2620090685,"segment_second_lat":34.0337311109,"segment_second_lon":-118.2624723293,"segment_sequence":540007,"segment_id":27,"segment_len_meter":76.55146200378337,"segment_cum_len":16596.117694840283}
{"route_id":"83","segment_first_lat":34.0337311109,"segment_first_lon":-118.2624723293,"segment_second_lat":34.0336171483,"segment_second_lon":-118.2625647177,"segment_sequence":550001,"segment_id":28,"segment_len_meter":15.266289629050517,"segment_cum_len":16611.383984469332}
{"route_id":"83","segment_first_lat":34.0336171483,"segment_first_lon":-118.2625647177,"segment_second_lat":34.0328931923,"segment_second_lon":-118.263146641,"segment_sequence":550002,"segment_id":28,"segment_len_meter":96.7251921191184,"segment_cum_len":16708.109176588452}
{"route_id":"83","segment_first_lat":34.0328931923,"segment_first_lon":-118.263146641,"segment_second_lat":34.0330026744,"segment_second_lon":-118.2633450176,"segment_sequence":550003,"segment_id":28,"segment_len_meter":21.962892192676033,"segment_cum_len":16730.07206878113}
{"route_id":"83","segment_first_lat":34.0330026744,"segment_first_lon":-118.2633450176,"segment_second_lat":34.0334626042,"segment_second_lon":-118.264128697,"segment_sequence":550004,"segment_id":28,"segment_len_meter":88.49011584753384,"segment_cum_len":16818.562184628663}
{"route_id":"83","segment_first_lat":34.0334626042,"segment_first_lon":-118.264128697,"segment_second_lat":34.0335666324,"segment_second_lon":-118.2643072557,"segment_sequence":550005,"segment_id":28,"segment_len_meter":20.113070818661193,"segment_cum_len":16838.675255447324}
{"route_id":"83","segment_first_lat":34.0335666324,"segment_first_lon":-118.2643072557,"segment_second_lat":34.0338540645,"segment_second_lon":-118.26480655,"segment_sequence":550006,"segment_id":28,"segment_len_meter":56.020873903706004,"segment_cum_len":16894.69612935103}
{"route_id":"83","segment_first_lat":34.0338540645,"segment_first_lon":-118.26480655,"segment_second_lat":34.0334863029,"segment_second_lon":-118.2651011163,"segment_sequence":550007,"segment_id":28,"segment_len_meter":49.081966504866664,"segment_cum_len":16943.778095855894}
