{"route_id":"605","segment_first_lat":34.0203087395,"segment_first_lon":-118.2103503823,"segment_second_lat":34.0209040481,"segment_second_lon":-118.2099647817,"segment_sequence":10001,"segment_id":1,"segment_len_meter":75.13160453940766,"segment_cum_len":75.13160453940766}
{"route_id":"605","segment_first_lat":34.0209040481,"segment_first_lon":-118.2099647817,"segment_second_lat":34.0216412632,"segment_second_lon":-118.2095112191,"segment_sequence":10002,"segment_id":1,"segment_len_meter":92.01718761919858,"segment_cum_len":167.14879215860623}
{"route_id":"605","segment_first_lat":34.0216412632,"segment_first_lon":-118.2095112191,"segment_second_lat":34.0217636725,"segment_second_lon":-118.2094366134,"segment_sequence":10003,"segment_id":1,"segment_len_meter":15.249369294193674,"segment_cum_len":182.3981614527999}
{"route_id":"605","segment_first_lat":34.0217636725,"segment_first_lon":-118.2094366134,"segment_second_lat":34.0220401251,"segment_second_lon":-118.2092680099,"segment_sequence":20001,"segment_id":1,"segment_len_meter":34.444238146180595,"segment_cum_len":216.8423995989805}
{"route_id":"605","segment_first_lat":34.0220401251,"segment_first_lon":-118.2092680099,"segment_second_lat":34.022185927,"segment_second_lon":-118.2091726713,"segment_sequence":20002,"segment_id":1,"segment_len_meter":18.440312975847387,"segment_cum_len":235.28271257482788}
{"route_id":"605","segment_first_lat":34.022185927,"segment_first_lon":-118.2091726713,"segment_second_lat":34.0223702387,"segment_second_lon":-118.2090543278,"segment_sequence":20003,"segment_id":1,"segment_len_meter":23.215935497645326,"segment_cum_len":258.4986480724732}
{"route_id":"605","segment_first_lat":34.0223702387,"segment_first_lon":-118.2090543278,"segment_second_lat":34.0226866299,"segment_second_lon":-118.2088307094,"segment_sequence":20004,"segment_id":1,"segment_len_meter":40.77290523561259,"segment_cum_len":299.2715533080858}
{"route_id":"605","segment_first_lat":34.0226866299,"segment_first_lon":-118.2088307094,"segment_second_lat":34.0230167315,"segment_second_lon":-118.2086236241,"segment_sequence":20005,"segment_id":1,"segment_len_meter":41.370750647032196,"segment_cum_len":340.642303955118}
{"route_id":"605","segment_first_lat":34.0230167315,"segment_first_lon":-118.2086236241,"segment_second_lat":34.0232532747,"segment_second_lon":-118.2084922077,"segment_sequence":20006,"segment_id":1,"segment_len_meter":28.9568610186437,"segment_cum_len":369.5991649737617}
{"route_id":"605","segment_first_lat":34.0232532747,"segment_first_lon":-118.2084922077,"segment_second_lat":34.0231884019,"segment_second_lon":-118.2083465096,"segment_sequence":20007,"segment_id":1,"segment_len_meter":15.242440865760383,"segment_cum_len":384.84160583952206}
{"route_id":"605","segment_first_lat":34.0231884019,"segment_first_lon":-118.2083465096,"segment_second_lat":34.0230342949,"segment_second_lon":-118.2079999411,"segment_sequence":30001,"segment_id":2,"segment_len_meter":36.24610937062537,"segment_cum_len":421.08771521014745}
{"route_id":"605","segment_first_lat":34.0230342949,"segment_first_lon":-118.2079999411,"segment_second_lat":34.0228016135,"segment_second_lon":-118.2074845422,"segment_sequence":30002,"segment_id":2,"segment_len_meter":54.088602313565076,"segment_cum_len":475.17631752371256}
{"route_id":"605","segment_first_lat":34.0228016135,"segment_first_lon":-118.2074845422,"segment_second_lat":34.0226258759,"segment_second_lon":-118.2070913915,"segment_sequence":30003,"segment_id":2,"segment_len_meter":41.16640056996568,"segment_cum_len":516.3427180936783}
{"route_id":"605","segment_first_lat":34.0226258759,"segment_first_lon":-118.2070913915,"segment_second_lat":34.022560726,"segment_second_lon":-118.2069460249,"segment_sequence":40001,"segment_id":2,"segment_len_meter":15.230253632770442,"segment_cum_len":531.5729717264487}
{"route_id":"605","segment_first_lat":34.022560726,"segment_first_lon":-118.2069460249,"segment_second_lat":34.021892658,"segment_second_lon":-118.2055352318,"segment_sequence":40002,"segment_id":2,"segment_len_meter":149.74469101525133,"segment_cum_len":681.3176627417}
{"route_id":"605","segment_first_lat":34.021892658,"segment_first_lon":-118.2055352318,"segment_second_lat":34.0217995736,"segment_second_lon":-118.2053336975,"segment_sequence":40003,"segment_id":2,"segment_len_meter":21.26293165288614,"segment_cum_len":702.5805943945861}
{"route_id":"605","segment_first_lat":34.0217995736,"segment_first_lon":-118.2053336975,"segment_second_lat":34.0216736437,"segment_second_lon":-118.2050561812,"segment_sequence":40004,"segment_id":2,"segment_len_meter":29.15854805096591,"segment_cum_len":731.739142445552}
{"route_id":"605","segment_first_lat":34.0216736437,"segment_first_lon":-118.2050561812,"segment_second_lat":34.0215751133,"segment_second_lon":-118.2048249339,"segment_sequence":40005,"segment_id":2,"segment_len_meter":23.96328928765986,"segment_cum_len":755.7024317332119}
{"route_id":"605","segment_first_lat":34.0215751133,"segment_first_lon":-118.2048249339,"segment_second_lat":34.0217583132,"segment_second_lon":-118.2047115291,"segment_sequence":40006,"segment_id":2,"segment_len_meter":22.89558885282926,"segment_cum_len":778.5980205860412}
{"route_id":"605","segment_first_lat":34.0217583132,"segment_first_lon":-118.2047115291,"segment_second_lat":34.0223810835,"segment_second_lon":-118.2043252887,"segment_sequence":50001,"segment_id":3,"segment_len_meter":77.8620666776543,"segment_cum_len":856.4600872636955}
{"route_id":"605","segment_first_lat":34.0223810835,"segment_first_lon":-118.2043252887,"segment_second_lat":34.0231265266,"segment_second_lon":-118.2038683884,"segment_sequence":50002,"segment_id":3,"segment_len_meter":92.97176103515208,"segment_cum_len":949.4318482988476}
{"route_id":"605","segment_first_lat":34.0231265266,"segment_first_lon":-118.2038683884,"segment_second_lat":34.0238912307,"segment_second_lon":-118.2033950259,"segment_sequence":50003,"segment_id":3,"segment_len_meter":95.56895490254801,"segment_cum_len":1045.0008032013957}
{"route_id":"605","segment_first_lat":34.0238912307,"segment_first_lon":-118.2033950259,"segment_second_lat":34.0240128153,"segment_second_lon":-118.2033184272,"segment_sequence":50004,"segment_id":3,"segment_len_meter":15.25163039834284,"segment_cum_len":1060.2524335997384}
{"route_id":"605","segment_first_lat":34.0240128153,"segment_first_lon":-118.2033184272,"segment_second_lat":34.0241415519,"segment_second_lon":-118.2032372253,"segment_sequence":60001,"segment_id":3,"segment_len_meter":16.152932925270502,"segment_cum_len":1076.405366525009}
{"route_id":"605","segment_first_lat":34.0241415519,"segment_first_lon":-118.2032372253,"segment_second_lat":34.0242928282,"segment_second_lon":-118.2031517877,"segment_sequence":60002,"segment_id":3,"segment_len_meter":18.57277698957948,"segment_cum_len":1094.9781435145885}
{"route_id":"605","segment_first_lat":34.0242928282,"segment_first_lon":-118.2031517877,"segment_second_lat":34.0244386031,"segment_second_lon":-118.2030696366,"segment_sequence":60003,"segment_id":3,"segment_len_meter":17.89033924764403,"segment_cum_len":1112.8684827622326}
{"route_id":"605","segment_first_lat":34.0244386031,"segment_first_lon":-118.2030696366,"segment_second_lat":34.0246476451,"segment_second_lon":-118.2029480362,"segment_sequence":60004,"segment_id":3,"segment_len_meter":25.804795173325708,"segment_cum_len":1138.6732779355582}
{"route_id":"605","segment_first_lat":34.0246476451,"segment_first_lon":-118.2029480362,"segment_second_lat":34.024683406,"segment_second_lon":-118.2029250215,"segment_sequence":60005,"segment_id":3,"segment_len_meter":4.506727578407605,"segment_cum_len":1143.1800055139659}
{"route_id":"605","segment_first_lat":34.024683406,"segment_first_lon":-118.2029250215,"segment_second_lat":34.0257121934,"segment_second_lon":-118.2022773673,"segment_sequence":60006,"segment_id":3,"segment_len_meter":129.0304851805559,"segment_cum_len":1272.2104906945217}
{"route_id":"605","segment_first_lat":34.0257121934,"segment_first_lon":-118.2022773673,"segment_second_lat":34.0258337778,"segment_second_lon":-118.2022004353,"segment_sequence":60007,"segment_id":3,"segment_len_meter":15.265781524448084,"segment_cum_len":1287.4762722189698}
{"route_id":"605","segment_first_lat":34.0258337778,"segment_first_lon":-118.2022004353,"segment_second_lat":34.0262320898,"segment_second_lon":-118.2019485971,"segment_sequence":70001,"segment_id":4,"segment_len_meter":50.002641845186886,"segment_cum_len":1337.4789140641567}
{"route_id":"605","segment_first_lat":34.0262320898,"segment_first_lon":-118.2019485971,"segment_second_lat":34.026738235,"segment_second_lon":-118.2016263903,"segment_sequence":70002,"segment_id":4,"segment_len_meter":63.633464883736906,"segment_cum_len":1401.1123789478936}
{"route_id":"605","segment_first_lat":34.026738235,"segment_first_lon":-118.2016263903,"segment_second_lat":34.0272691376,"segment_second_lon":-118.2012877375,"segment_sequence":70003,"segment_id":4,"segment_len_meter":66.77542982403536,"segment_cum_len":1467.887808771929}
{"route_id":"605","segment_first_lat":34.0272691376,"segment_first_lon":-118.2012877375,"segment_second_lat":34.0277890314,"segment_second_lon":-118.2009589551,"segment_sequence":70004,"segment_id":4,"segment_len_meter":65.26843057528797,"segment_cum_len":1533.156239347217}
{"route_id":"605","segment_first_lat":34.0277890314,"segment_first_lon":-118.2009589551,"segment_second_lat":34.0280316505,"segment_second_lon":-118.2008040917,"segment_sequence":70005,"segment_id":4,"segment_len_meter":30.5202351844607,"segment_cum_len":1563.6764745316777}
{"route_id":"605","segment_first_lat":34.0280316505,"segment_first_lon":-118.2008040917,"segment_second_lat":34.0283089297,"segment_second_lon":-118.2006268682,"segment_sequence":80001,"segment_id":4,"segment_len_meter":34.8904754224754,"segment_cum_len":1598.5669499541532}
{"route_id":"605","segment_first_lat":34.0283089297,"segment_first_lon":-118.2006268682,"segment_second_lat":34.0288288381,"segment_second_lon":-118.2002881765,"segment_sequence":80002,"segment_id":4,"segment_len_meter":65.69857771482364,"segment_cum_len":1664.2655276689768}
{"route_id":"605","segment_first_lat":34.0288288381,"segment_first_lon":-118.2002881765,"segment_second_lat":34.0289443738,"segment_second_lon":-118.2002125444,"segment_sequence":80003,"segment_id":4,"segment_len_meter":14.615830085819844,"segment_cum_len":1678.8813577547967}
{"route_id":"605","segment_first_lat":34.0289443738,"segment_first_lon":-118.2002125444,"segment_second_lat":34.0292634529,"segment_second_lon":-118.2000152845,"segment_sequence":80004,"segment_id":4,"segment_len_meter":39.865687607043775,"segment_cum_len":1718.7470453618405}
{"route_id":"605","segment_first_lat":34.0292634529,"segment_first_lon":-118.2000152845,"segment_second_lat":34.0294972662,"segment_second_lon":-118.1998673255,"segment_sequence":80005,"segment_id":4,"segment_len_meter":29.357271745763335,"segment_cum_len":1748.1043171076037}
{"route_id":"605","segment_first_lat":34.0294972662,"segment_first_lon":-118.1998673255,"segment_second_lat":34.0296595534,"segment_second_lon":-118.199768701,"segment_sequence":80006,"segment_id":4,"segment_len_meter":20.204988616105723,"segment_cum_len":1768.3093057237095}
{"route_id":"605","segment_first_lat":34.0296595534,"segment_first_lon":-118.199768701,"segment_second_lat":34.0298080903,"segment_second_lon":-118.1996766441,"segment_sequence":80007,"segment_id":4,"segment_len_meter":18.567776644500384,"segment_cum_len":1786.8770823682098}
{"route_id":"605","segment_first_lat":34.0298080903,"segment_first_lon":-118.1996766441,"segment_second_lat":34.0299428769,"segment_second_lon":-118.1995911549,"segment_sequence":80008,"segment_id":4,"segment_len_meter":16.931954635163578,"segment_cum_len":1803.8090370033733}
{"route_id":"605","segment_first_lat":34.0299428769,"segment_first_lon":-118.1995911549,"segment_second_lat":34.0308423889,"segment_second_lon":-118.1990091207,"segment_sequence":80009,"segment_id":4,"segment_len_meter":113.49449277470006,"segment_cum_len":1917.3035297780734}
{"route_id":"605","segment_first_lat":34.0308423889,"segment_first_lon":-118.1990091207,"segment_second_lat":34.0308919046,"segment_second_lon":-118.198976234,"segment_sequence":80010,"segment_id":4,"segment_len_meter":6.284832073035077,"segment_cum_len":1923.5883618511084}
{"route_id":"605","segment_first_lat":34.0308919046,"segment_first_lon":-118.198976234,"segment_second_lat":34.0309634249,"segment_second_lon":-118.1989301977,"segment_sequence":80011,"segment_id":4,"segment_len_meter":9.013459920394002,"segment_cum_len":1932.6018217715025}
{"route_id":"605","segment_first_lat":34.0309634249,"segment_first_lon":-118.1989301977,"segment_second_lat":34.0310841856,"segment_second_lon":-118.1988516038,"segment_sequence":80012,"segment_id":4,"segment_len_meter":15.256623942600745,"segment_cum_len":1947.8584457141033}
{"route_id":"605","segment_first_lat":34.0310841856,"segment_first_lon":-118.1988516038,"segment_second_lat":34.0316346233,"segment_second_lon":-118.1984928293,"segment_sequence":90001,"segment_id":5,"segment_len_meter":69.56443982949357,"segment_cum_len":2017.4228855435967}
{"route_id":"605","segment_first_lat":34.0316346233,"segment_first_lon":-118.1984928293,"segment_second_lat":34.0319784737,"segment_second_lon":-118.1982692113,"segment_sequence":90002,"segment_id":5,"segment_len_meter":43.43382040233951,"segment_cum_len":2060.8567059459365}
{"route_id":"605","segment_first_lat":34.0319784737,"segment_first_lon":-118.1982692113,"segment_second_lat":34.032432281,"segment_second_lon":-118.1980194475,"segment_sequence":90003,"segment_id":5,"segment_len_meter":55.462071092537414,"segment_cum_len":2116.318777038474}
{"route_id":"605","segment_first_lat":34.032432281,"segment_first_lon":-118.1980194475,"segment_second_lat":34.0326495615,"segment_second_lon":-118.1978978424,"segment_sequence":90004,"segment_id":5,"segment_len_meter":26.63268931909607,"segment_cum_len":2142.95146635757}
{"route_id":"605","segment_first_lat":34.0326495615,"segment_first_lon":-118.1978978424,"segment_second_lat":34.0331559067,"segment_second_lon":-118.1974468658,"segment_sequence":90005,"segment_id":5,"segment_len_meter":69.97870694133594,"segment_cum_len":2212.930173298906}
{"route_id":"605","segment_first_lat":34.0331559067,"segment_first_lon":-118.1974468658,"segment_second_lat":34.0332054167,"segment_second_lon":-118.1974172777,"segment_sequence":90006,"segment_id":5,"segment_len_meter":6.143430119114736,"segment_cum_len":2219.073603418021}
{"route_id":"605","segment_first_lat":34.0332054167,"segment_first_lon":-118.1974172777,"segment_second_lat":34.0334485788,"segment_second_lon":-118.1972637156,"segment_sequence":90007,"segment_id":5,"segment_len_meter":30.517407447374953,"segment_cum_len":2249.5910108653957}
{"route_id":"605","segment_first_lat":34.0334485788,"segment_first_lon":-118.1972637156,"segment_second_lat":34.0340031186,"segment_second_lon":-118.1969141718,"segment_sequence":100001,"segment_id":5,"segment_len_meter":69.56778024603693,"segment_cum_len":2319.1587911114325}
{"route_id":"605","segment_first_lat":34.0340031186,"segment_first_lon":-118.1969141718,"segment_second_lat":34.0340523969,"segment_second_lon":-118.1970265073,"segment_sequence":100002,"segment_id":5,"segment_len_meter":11.712295486229351,"segment_cum_len":2330.871086597662}
{"route_id":"605","segment_first_lat":34.0340523969,"segment_first_lon":-118.1970265073,"segment_second_lat":34.0344739733,"segment_second_lon":-118.1980011746,"segment_sequence":100003,"segment_id":5,"segment_len_meter":101.31082494338125,"segment_cum_len":2432.181911541043}
{"route_id":"605","segment_first_lat":34.0344739733,"segment_first_lon":-118.1980011746,"segment_second_lat":34.0346710709,"segment_second_lon":-118.1984571238,"segment_sequence":100004,"segment_id":5,"segment_len_meter":47.38709610945254,"segment_cum_len":2479.5690076504957}
{"route_id":"605","segment_first_lat":34.0346710709,"segment_first_lon":-118.1984571238,"segment_second_lat":34.034753208,"segment_second_lon":-118.1986388517,"segment_sequence":100005,"segment_id":5,"segment_len_meter":19.07443857813181,"segment_cum_len":2498.6434462286275}
{"route_id":"605","segment_first_lat":34.034753208,"segment_first_lon":-118.1986388517,"segment_second_lat":34.0354896977,"segment_second_lon":-118.2002645111,"segment_sequence":100006,"segment_id":5,"segment_len_meter":170.72307844827822,"segment_cum_len":2669.3665246769056}
{"route_id":"605","segment_first_lat":34.0354896977,"segment_first_lon":-118.2002645111,"segment_second_lat":34.0356361556,"segment_second_lon":-118.200597566,"segment_sequence":100007,"segment_id":5,"segment_len_meter":34.74295598512552,"segment_cum_len":2704.1094806620313}
{"route_id":"605","segment_first_lat":34.0356361556,"segment_first_lon":-118.200597566,"segment_second_lat":34.0357004876,"segment_second_lon":-118.2007436085,"segment_sequence":110001,"segment_id":6,"segment_len_meter":15.240350900822172,"segment_cum_len":2719.3498315628535}
{"route_id":"605","segment_first_lat":34.0357004876,"segment_first_lon":-118.2007436085,"segment_second_lat":34.0359112976,"segment_second_lon":-118.2012095057,"segment_sequence":110002,"segment_id":6,"segment_len_meter":48.91328776567791,"segment_cum_len":2768.2631193285315}
{"route_id":"605","segment_first_lat":34.0359112976,"segment_first_lon":-118.2012095057,"segment_second_lat":34.0363711831,"segment_second_lon":-118.2022602237,"segment_sequence":110003,"segment_id":6,"segment_len_meter":109.49383011626978,"segment_cum_len":2877.756949444801}
{"route_id":"605","segment_first_lat":34.0363711831,"segment_first_lon":-118.2022602237,"segment_second_lat":34.0368721272,"segment_second_lon":-118.2034001716,"segment_sequence":110004,"segment_id":6,"segment_len_meter":118.89605123664892,"segment_cum_len":2996.65300068145}
{"route_id":"605","segment_first_lat":34.0368721272,"segment_first_lon":-118.2034001716,"segment_second_lat":34.0371981761,"segment_second_lon":-118.2041241475,"segment_sequence":110005,"segment_id":6,"segment_len_meter":75.92566646025831,"segment_cum_len":3072.5786671417086}
{"route_id":"605","segment_first_lat":34.0371981761,"segment_first_lon":-118.2041241475,"segment_second_lat":34.0372636047,"segment_second_lon":-118.204269208,"segment_sequence":120001,"segment_id":6,"segment_len_meter":15.218208348515377,"segment_cum_len":3087.796875490224}
{"route_id":"605","segment_first_lat":34.0372636047,"segment_first_lon":-118.204269208,"segment_second_lat":34.0373238284,"segment_second_lon":-118.2044046839,"segment_sequence":120002,"segment_id":6,"segment_len_meter":14.166070669060668,"segment_cum_len":3101.9629461592845}
{"route_id":"605","segment_first_lat":34.0373238284,"segment_first_lon":-118.2044046839,"segment_second_lat":34.0377097693,"segment_second_lon":-118.2052935204,"segment_sequence":120003,"segment_id":6,"segment_len_meter":92.46318233649158,"segment_cum_len":3194.426128495776}
{"route_id":"605","segment_first_lat":34.0377097693,"segment_first_lon":-118.2052935204,"segment_second_lat":34.0381860782,"segment_second_lon":-118.2063608277,"segment_sequence":120004,"segment_id":6,"segment_len_meter":111.70018661881885,"segment_cum_len":3306.126315114595}
{"route_id":"605","segment_first_lat":34.0381860782,"segment_first_lon":-118.2063608277,"segment_second_lat":34.0384406625,"segment_second_lon":-118.2069258836,"segment_sequence":120005,"segment_id":6,"segment_len_meter":59.26418009384663,"segment_cum_len":3365.3904952084417}
{"route_id":"605","segment_first_lat":34.0384406625,"segment_first_lon":-118.2069258836,"segment_second_lat":34.0388433405,"segment_second_lon":-118.2078184161,"segment_sequence":120006,"segment_id":6,"segment_len_meter":93.639525222343,"segment_cum_len":3459.0300204307846}
{"route_id":"605","segment_first_lat":34.0388433405,"segment_first_lon":-118.2078184161,"segment_second_lat":34.0389087647,"segment_second_lon":-118.2079634823,"segment_sequence":130001,"segment_id":7,"segment_len_meter":15.21820806650072,"segment_cum_len":3474.2482284972853}
{"route_id":"605","segment_first_lat":34.0389087647,"segment_first_lon":-118.2079634823,"segment_second_lat":34.0395246988,"segment_second_lon":-118.209315037,"segment_sequence":130002,"segment_id":7,"segment_len_meter":142.12574488908317,"segment_cum_len":3616.3739733863686}
{"route_id":"605","segment_first_lat":34.0395246988,"segment_first_lon":-118.209315037,"segment_second_lat":34.0400994921,"segment_second_lon":-118.2106136951,"segment_sequence":130003,"segment_id":7,"segment_len_meter":135.65992212617562,"segment_cum_len":3752.0338955125444}
{"route_id":"605","segment_first_lat":34.0400994921,"segment_first_lon":-118.2106136951,"segment_second_lat":34.0405054177,"segment_second_lon":-118.2115191445,"segment_sequence":130004,"segment_id":7,"segment_len_meter":94.85641139457229,"segment_cum_len":3846.8903069071166}
{"route_id":"605","segment_first_lat":34.0405054177,"segment_first_lon":-118.2115191445,"segment_second_lat":34.0406031342,"segment_second_lon":-118.2117372467,"segment_sequence":140001,"segment_id":7,"segment_len_meter":22.845436083646224,"segment_cum_len":3869.735742990763}
{"route_id":"605","segment_first_lat":34.0406031342,"segment_first_lon":-118.2117372467,"segment_second_lat":34.0414394123,"segment_second_lon":-118.211207923,"segment_sequence":140002,"segment_id":7,"segment_len_meter":105.00393754236389,"segment_cum_len":3974.739680533127}
{"route_id":"605","segment_first_lat":34.0414394123,"segment_first_lon":-118.211207923,"segment_second_lat":34.0421354035,"segment_second_lon":-118.210760758,"segment_sequence":140003,"segment_id":7,"segment_len_meter":87.67487511809877,"segment_cum_len":4062.414555651226}
{"route_id":"605","segment_first_lat":34.0421354035,"segment_first_lon":-118.210760758,"segment_second_lat":34.0423609751,"segment_second_lon":-118.2106193873,"segment_sequence":140004,"segment_id":7,"segment_len_meter":28.26300733081963,"segment_cum_len":4090.6775629820454}
{"route_id":"605","segment_first_lat":34.0423609751,"segment_first_lon":-118.2106193873,"segment_second_lat":34.0437034387,"segment_second_lon":-118.2097546147,"segment_sequence":140005,"segment_id":7,"segment_len_meter":169.2091146497274,"segment_cum_len":4259.886677631773}
{"route_id":"605","segment_first_lat":34.0437034387,"segment_first_lon":-118.2097546147,"segment_second_lat":34.0439094834,"segment_second_lon":-118.2096224324,"segment_sequence":140006,"segment_id":7,"segment_len_meter":25.94697389045927,"segment_cum_len":4285.833651522232}
{"route_id":"605","segment_first_lat":34.0439094834,"segment_first_lon":-118.2096224324,"segment_second_lat":34.0450376355,"segment_second_lon":-118.2088996968,"segment_sequence":150001,"segment_id":8,"segment_len_meter":142.0234673538389,"segment_cum_len":4427.857118876071}
{"route_id":"605","segment_first_lat":34.0450376355,"segment_first_lon":-118.2088996968,"segment_second_lat":34.0452576808,"segment_second_lon":-118.2087748075,"segment_sequence":150002,"segment_id":8,"segment_len_meter":27.038581527520815,"segment_cum_len":4454.895700403591}
{"route_id":"605","segment_first_lat":34.0452576808,"segment_first_lon":-118.2087748075,"segment_second_lat":34.0453044742,"segment_second_lon":-118.20872871,"segment_sequence":150003,"segment_id":8,"segment_len_meter":6.716551063643431,"segment_cum_len":4461.612251467234}
{"route_id":"605","segment_first_lat":34.0453044742,"segment_first_lon":-118.20872871,"segment_second_lat":34.0466158111,"segment_second_lon":-118.2079001111,"segment_sequence":150004,"segment_id":8,"segment_len_meter":164.5902670771286,"segment_cum_len":4626.202518544363}
{"route_id":"605","segment_first_lat":34.0466158111,"segment_first_lon":-118.2079001111,"segment_second_lat":34.0467981927,"segment_second_lon":-118.2077850265,"segment_sequence":160001,"segment_id":8,"segment_len_meter":22.8845531052193,"segment_cum_len":4649.087071649582}
{"route_id":"605","segment_first_lat":34.0467981927,"segment_first_lon":-118.2077850265,"segment_second_lat":34.0477059942,"segment_second_lon":-118.2071996825,"segment_sequence":160002,"segment_id":8,"segment_len_meter":114.44602782831177,"segment_cum_len":4763.533099477893}
{"route_id":"605","segment_first_lat":34.0477059942,"segment_first_lon":-118.2071996825,"segment_second_lat":34.0483552177,"segment_second_lon":-118.2067754431,"segment_sequence":160003,"segment_id":8,"segment_len_meter":82.09254353029417,"segment_cum_len":4845.625643008188}
{"route_id":"605","segment_first_lat":34.0483552177,"segment_first_lon":-118.2067754431,"segment_second_lat":34.0486055268,"segment_second_lon":-118.2066275099,"segment_sequence":160004,"segment_id":8,"segment_len_meter":30.991000627751067,"segment_cum_len":4876.616643635939}
{"route_id":"605","segment_first_lat":34.0486055268,"segment_first_lon":-118.2066275099,"segment_second_lat":34.0486440701,"segment_second_lon":-118.2065846901,"segment_sequence":160005,"segment_id":8,"segment_len_meter":5.825104734256774,"segment_cum_len":4882.4417483701955}
{"route_id":"605","segment_first_lat":34.0486440701,"segment_first_lon":-118.2065846901,"segment_second_lat":34.0494582924,"segment_second_lon":-118.2060849205,"segment_sequence":160006,"segment_id":8,"segment_len_meter":101.57321087453548,"segment_cum_len":4984.014959244731}
{"route_id":"605","segment_first_lat":34.0494582924,"segment_first_lon":-118.2060849205,"segment_second_lat":34.0497960932,"segment_second_lon":-118.2058721651,"segment_sequence":160007,"segment_id":8,"segment_len_meter":42.36857997504774,"segment_cum_len":5026.383539219778}
{"route_id":"605","segment_first_lat":34.0497960932,"segment_first_lon":-118.2058721651,"segment_second_lat":34.0499176795,"segment_second_lon":-118.2057955463,"segment_sequence":170001,"segment_id":9,"segment_len_meter":15.251657427331807,"segment_cum_len":5041.63519664711}
{"route_id":"605","segment_first_lat":34.0499176795,"segment_first_lon":-118.2057955463,"segment_second_lat":34.0503358144,"segment_second_lon":-118.2055258748,"segment_sequence":170002,"segment_id":9,"segment_len_meter":52.71628770983698,"segment_cum_len":5094.351484356947}
{"route_id":"605","segment_first_lat":34.0503358144,"segment_first_lon":-118.2055258748,"segment_second_lat":34.0506521715,"segment_second_lon":-118.2053186744,"segment_sequence":170003,"segment_id":9,"segment_len_meter":40.02307362534624,"segment_cum_len":5134.3745579822935}
{"route_id":"605","segment_first_lat":34.0506521715,"segment_first_lon":-118.2053186744,"segment_second_lat":34.0511913399,"segment_second_lon":-118.204973366,"segment_sequence":170004,"segment_id":9,"segment_len_meter":67.87053293554433,"segment_cum_len":5202.245090917838}
{"route_id":"605","segment_first_lat":34.0511913399,"segment_first_lon":-118.204973366,"segment_second_lat":34.0520908285,"segment_second_lon":-118.2044209534,"segment_sequence":170005,"segment_id":9,"segment_len_meter":112.22217554721033,"segment_cum_len":5314.467266465048}
{"route_id":"605","segment_first_lat":34.0520908285,"segment_first_lon":-118.2044209534,"segment_second_lat":34.0525502396,"segment_second_lon":-118.2041150544,"segment_sequence":170006,"segment_id":9,"segment_len_meter":58.342183842870504,"segment_cum_len":5372.809450307918}
{"route_id":"605","segment_first_lat":34.0525502396,"segment_first_lon":-118.2041150544,"segment_second_lat":34.0529903703,"segment_second_lon":-118.2038355157,"segment_sequence":170007,"segment_id":9,"segment_len_meter":55.30262142763161,"segment_cum_len":5428.11207173555}
{"route_id":"605","segment_first_lat":34.0529903703,"segment_first_lon":-118.2038355157,"segment_second_lat":34.0531735691,"segment_second_lon":-118.2037223963,"segment_sequence":170008,"segment_id":9,"segment_len_meter":22.881726637898375,"segment_cum_len":5450.993798373448}
{"route_id":"605","segment_first_lat":34.0531735691,"segment_first_lon":-118.2037223963,"segment_second_lat":34.0533314608,"segment_second_lon":-118.2036250612,"segment_sequence":180001,"segment_id":9,"segment_len_meter":19.7142103028931,"segment_cum_len":5470.708008676341}
{"route_id":"605","segment_first_lat":34.0533314608,"segment_first_lon":-118.2036250612,"segment_second_lat":34.0537192922,"segment_second_lon":-118.2033982118,"segment_sequence":180002,"segment_id":9,"segment_len_meter":47.92200495826808,"segment_cum_len":5518.630013634609}
{"route_id":"605","segment_first_lat":34.0537192922,"segment_first_lon":-118.2033982118,"segment_second_lat":34.0539503733,"segment_second_lon":-118.2032436096,"segment_sequence":180003,"segment_id":9,"segment_len_meter":29.37850300256861,"segment_cum_len":5548.008516637177}
{"route_id":"605","segment_first_lat":34.0539503733,"segment_first_lon":-118.2032436096,"segment_second_lat":34.0541154168,"segment_second_lon":-118.2031416682,"segment_sequence":180004,"segment_id":9,"segment_len_meter":20.61541835964426,"segment_cum_len":5568.623934996822}
{"route_id":"605","segment_first_lat":34.0541154168,"segment_first_lon":-118.2031416682,"segment_second_lat":34.0542611975,"segment_second_lon":-118.2030561864,"segment_sequence":180005,"segment_id":9,"segment_len_meter":18.02175202765523,"segment_cum_len":5586.645687024477}
{"route_id":"605","segment_first_lat":34.0542611975,"segment_first_lon":-118.2030561864,"segment_second_lat":34.0545665201,"segment_second_lon":-118.2028720499,"segment_sequence":180006,"segment_id":9,"segment_len_meter":37.95249169491059,"segment_cum_len":5624.598178719388}
{"route_id":"605","segment_first_lat":34.0545665201,"segment_first_lon":-118.2028720499,"segment_second_lat":34.0546215327,"segment_second_lon":-118.2028391694,"segment_sequence":180007,"segment_id":9,"segment_len_meter":6.826040002910489,"segment_cum_len":5631.424218722298}
{"route_id":"605","segment_first_lat":34.0546215327,"segment_first_lon":-118.2028391694,"segment_second_lat":34.0547526678,"segment_second_lon":-118.2031293496,"segment_sequence":180008,"segment_id":9,"segment_len_meter":30.451158750476928,"segment_cum_len":5661.875377472775}
{"route_id":"605","segment_first_lat":34.0547526678,"segment_first_lon":-118.2031293496,"segment_second_lat":34.0547693675,"segment_second_lon":-118.2031663658,"segment_sequence":190001,"segment_id":10,"segment_len_meter":3.882928783421889,"segment_cum_len":5665.758306256196}
{"route_id":"605","segment_first_lat":34.0547693675,"segment_first_lon":-118.2031663658,"segment_second_lat":34.0548515031,"segment_second_lon":-118.2033448406,"segment_sequence":190002,"segment_id":10,"segment_len_meter":18.808331710067392,"segment_cum_len":5684.566637966263}
{"route_id":"605","segment_first_lat":34.0548515031,"segment_first_lon":-118.2033448406,"segment_second_lat":34.0549172069,"segment_second_lon":-118.2034902619,"segment_sequence":190003,"segment_id":10,"segment_len_meter":15.259593107485296,"segment_cum_len":5699.826231073749}
{"route_id":"605","segment_first_lat":34.0549172069,"segment_first_lon":-118.2034902619,"segment_second_lat":34.0549664847,"segment_second_lon":-118.203599328,"segment_sequence":190004,"segment_id":10,"segment_len_meter":11.444696295398549,"segment_cum_len":5711.270927369148}
{"route_id":"605","segment_first_lat":34.0549664847,"segment_first_lon":-118.203599328,"segment_second_lat":34.0550403873,"segment_second_lon":-118.2037711808,"segment_sequence":190005,"segment_id":10,"segment_len_meter":17.83758277814677,"segment_cum_len":5729.1085101472945}
{"route_id":"605","segment_first_lat":34.0550403873,"segment_first_lon":-118.2037711808,"segment_second_lat":34.0553688686,"segment_second_lon":-118.2045181011,"segment_sequence":190006,"segment_id":10,"segment_len_meter":77.90321436000228,"segment_cum_len":5807.011724507297}
{"route_id":"605","segment_first_lat":34.0553688686,"segment_first_lon":-118.2045181011,"segment_second_lat":34.0555823729,"segment_second_lon":-118.205007234,"segment_sequence":190007,"segment_id":10,"segment_len_meter":50.932522254630214,"segment_cum_len":5857.944246761927}
{"route_id":"605","segment_first_lat":34.0555823729,"segment_first_lon":-118.205007234,"segment_second_lat":34.0556781755,"segment_second_lon":-118.2052266837,"segment_sequence":190008,"segment_id":10,"segment_len_meter":22.85158202907297,"segment_cum_len":5880.7958287910005}
{"route_id":"605","segment_first_lat":34.0556781755,"segment_first_lon":-118.2052266837,"segment_second_lat":34.0560340104,"segment_second_lon":-118.2060416925,"segment_sequence":200001,"segment_id":10,"segment_len_meter":84.86961310533543,"segment_cum_len":5965.665441896336}
{"route_id":"605","segment_first_lat":34.0560340104,"segment_first_lon":-118.2060416925,"segment_second_lat":34.0565184945,"segment_second_lon":-118.2071455742,"segment_sequence":200002,"segment_id":10,"segment_len_meter":115.08172208761899,"segment_cum_len":6080.747163983955}
{"route_id":"605","segment_first_lat":34.0565184945,"segment_first_lon":-118.2071455742,"segment_second_lat":34.0566225056,"segment_second_lon":-118.2073832071,"segment_sequence":200003,"segment_id":10,"segment_len_meter":24.758842009984686,"segment_cum_len":6105.50600599394}
{"route_id":"605","segment_first_lat":34.0566225056,"segment_first_lon":-118.2073832071,"segment_second_lat":34.0569482219,"segment_second_lon":-118.2081271776,"segment_sequence":210001,"segment_id":11,"segment_len_meter":77.51803689691609,"segment_cum_len":6183.0240428908555}
{"route_id":"605","segment_first_lat":34.0569482219,"segment_first_lon":-118.2081271776,"segment_second_lat":34.0570494884,"segment_second_lon":-118.2083618349,"segment_sequence":210002,"segment_id":11,"segment_len_meter":24.374221060630603,"segment_cum_len":6207.398263951486}
{"route_id":"605","segment_first_lat":34.0570494884,"segment_first_lon":-118.2083618349,"segment_second_lat":34.0572875936,"segment_second_lon":-118.2089170787,"segment_sequence":210003,"segment_id":11,"segment_len_meter":57.59654572834722,"segment_cum_len":6264.994809679833}
{"route_id":"605","segment_first_lat":34.0572875936,"segment_first_lon":-118.2089170787,"segment_second_lat":34.057435389,"segment_second_lon":-118.2092575022,"segment_sequence":210004,"segment_id":11,"segment_len_meter":35.405794824970386,"segment_cum_len":6300.400604504804}
{"route_id":"605","segment_first_lat":34.057435389,"segment_first_lon":-118.2092575022,"segment_second_lat":34.0577580626,"segment_second_lon":-118.2100064318,"segment_sequence":210005,"segment_id":11,"segment_len_meter":77.76498207548855,"segment_cum_len":6378.165586580292}
{"route_id":"605","segment_first_lat":34.0577580626,"segment_first_lon":-118.2100064318,"segment_second_lat":34.057821283,"segment_second_lon":-118.2101531777,"segment_sequence":220001,"segment_id":11,"segment_len_meter":15.237076303508099,"segment_cum_len":6393.4026628838}
{"route_id":"605","segment_first_lat":34.057821283,"segment_first_lon":-118.2101531777,"segment_second_lat":34.0581935407,"segment_second_lon":-118.2109860981,"segment_sequence":220002,"segment_id":11,"segment_len_meter":87.18315896098139,"segment_cum_len":6480.585821844781}
{"route_id":"605","segment_first_lat":34.0581935407,"segment_first_lon":-118.2109860981,"segment_second_lat":34.0585548418,"segment_second_lon":-118.2117958874,"segment_sequence":220003,"segment_id":11,"segment_len_meter":84.72906762148942,"segment_cum_len":6565.314889466271}
{"route_id":"605","segment_first_lat":34.0585548418,"segment_first_lon":-118.2117958874,"segment_second_lat":34.0589243461,"segment_second_lon":-118.2126255139,"segment_sequence":220004,"segment_id":11,"segment_len_meter":86.77024805549938,"segment_cum_len":6652.08513752177}
{"route_id":"605","segment_first_lat":34.0589243461,"segment_first_lon":-118.2126255139,"segment_second_lat":34.0590447748,"segment_second_lon":-118.2128965481,"segment_sequence":220005,"segment_id":11,"segment_len_meter":28.332220082458168,"segment_cum_len":6680.417357604228}
{"route_id":"605","segment_first_lat":34.0590447748,"segment_first_lon":-118.2128965481,"segment_second_lat":34.0590639633,"segment_second_lon":-118.2129230094,"segment_sequence":220006,"segment_id":11,"segment_len_meter":3.239532380022508,"segment_cum_len":6683.6568899842505}
{"route_id":"605","segment_first_lat":34.0590639633,"segment_first_lon":-118.2129230094,"segment_second_lat":34.0591297721,"segment_second_lon":-118.2130024145,"segment_sequence":220007,"segment_id":11,"segment_len_meter":10.346704289554996,"segment_cum_len":6694.003594273806}
{"route_id":"605","segment_first_lat":34.0591297721,"segment_first_lon":-118.2130024145,"segment_second_lat":34.0592809465,"segment_second_lon":-118.2131345321,"segment_sequence":220008,"segment_id":11,"segment_len_meter":20.753242271501904,"segment_cum_len":6714.756836545308}
{"route_id":"605","segment_first_lat":34.0592809465,"segment_first_lon":-118.2131345321,"segment_second_lat":34.0593081089,"segment_second_lon":-118.2131580425,"segment_sequence":230001,"segment_id":12,"segment_len_meter":3.7165806938937904,"segment_cum_len":6718.473417239202}
{"route_id":"605","segment_first_lat":34.0593081089,"segment_first_lon":-118.2131580425,"segment_second_lat":34.060619398,"segment_second_lon":-118.2143961913,"segment_sequence":230002,"segment_id":12,"segment_len_meter":185.11986450785335,"segment_cum_len":6903.593281747055}
{"route_id":"605","segment_first_lat":34.060619398,"segment_first_lon":-118.2143961913,"segment_second_lat":34.0608892618,"segment_second_lon":-118.2140733226,"segment_sequence":230003,"segment_id":12,"segment_len_meter":42.24987568888738,"segment_cum_len":6945.843157435942}
{"route_id":"605","segment_first_lat":34.0608892618,"segment_first_lon":-118.2140733226,"segment_second_lat":34.0610959357,"segment_second_lon":-118.2137436871,"segment_sequence":230004,"segment_id":12,"segment_len_meter":38.081443096057534,"segment_cum_len":6983.924600531999}
{"route_id":"605","segment_first_lat":34.0610959357,"segment_first_lon":-118.2137436871,"segment_second_lat":34.0611786051,"segment_second_lon":-118.2136118325,"segment_sequence":240001,"segment_id":12,"segment_len_meter":15.232579349984457,"segment_cum_len":6999.157179881983}
{"route_id":"605","segment_first_lat":34.0611786051,"segment_first_lon":-118.2136118325,"segment_second_lat":34.0614459112,"segment_second_lon":-118.2131799979,"segment_sequence":240002,"segment_id":12,"segment_len_meter":49.65778412508056,"segment_cum_len":7048.814964007064}
{"route_id":"605","segment_first_lat":34.0614459112,"segment_first_lon":-118.2131799979,"segment_second_lat":34.0617379699,"segment_second_lon":-118.2127350168,"segment_sequence":240003,"segment_id":12,"segment_len_meter":52.29620665521902,"segment_cum_len":7101.111170662283}
{"route_id":"605","segment_first_lat":34.0617379699,"segment_first_lon":-118.2127350168,"segment_second_lat":34.062678191,"segment_second_lon":-118.211383048,"segment_sequence":240004,"segment_id":12,"segment_len_meter":162.60490589091646,"segment_cum_len":7263.7160765532}
{"route_id":"605","segment_first_lat":34.062678191,"segment_first_lon":-118.211383048,"segment_second_lat":34.0628013309,"segment_second_lon":-118.2112057271,"segment_sequence":250001,"segment_id":13,"segment_len_meter":21.3141184391174,"segment_cum_len":7285.030194992317}
{"route_id":"605","segment_first_lat":34.0628013309,"segment_first_lon":-118.2112057271,"segment_second_lat":34.0624143391,"segment_second_lon":-118.2109439161,"segment_sequence":250002,"segment_id":13,"segment_len_meter":49.32900476603985,"segment_cum_len":7334.359199758357}
{"route_id":"605","segment_first_lat":34.0624143391,"segment_first_lon":-118.2109439161,"segment_second_lat":34.0623429871,"segment_second_lon":-118.2108909091,"segment_sequence":250003,"segment_id":13,"segment_len_meter":9.316127935847001,"segment_cum_len":7343.6753276942045}
{"route_id":"605","segment_first_lat":34.0623429871,"segment_first_lon":-118.2108909091,"segment_second_lat":34.0622304922,"segment_second_lon":-118.2107948766,"segment_sequence":250004,"segment_id":13,"segment_len_meter":15.320820810531247,"segment_cum_len":7358.996148504736}
{"route_id":"605","segment_first_lat":34.0622304922,"segment_first_lon":-118.2107948766,"segment_second_lat":34.0620988428,"segment_second_lon":-118.2106525725,"segment_sequence":250005,"segment_id":13,"segment_len_meter":19.6501885949643,"segment_cum_len":7378.646337099701}
{"route_id":"605","segment_first_lat":34.0620988428,"segment_first_lon":-118.2106525725,"segment_second_lat":34.0619946545,"segment_second_lon":-118.210520243,"segment_sequence":250006,"segment_id":13,"segment_len_meter":16.81694009069419,"segment_cum_len":7395.463277190395}
{"route_id":"605","segment_first_lat":34.0619946545,"segment_first_lon":-118.210520243,"segment_second_lat":34.0618521227,"segment_second_lon":-118.2103151805,"segment_sequence":250007,"segment_id":13,"segment_len_meter":24.657883996013382,"segment_cum_len":7420.121161186408}
{"route_id":"605","segment_first_lat":34.0618521227,"segment_first_lon":-118.2103151805,"segment_second_lat":34.0617315618,"segment_second_lon":-118.2101167773,"segment_sequence":250008,"segment_id":13,"segment_len_meter":22.665891027591748,"segment_cum_len":7442.787052214}
{"route_id":"605","segment_first_lat":34.0617315618,"segment_first_lon":-118.2101167773,"segment_second_lat":34.0615754392,"segment_second_lon":-118.2098258389,"segment_sequence":250009,"segment_id":13,"segment_len_meter":31.931859174652548,"segment_cum_len":7474.7189113886525}
{"route_id":"605","segment_first_lat":34.0615754392,"segment_first_lon":-118.2098258389,"segment_second_lat":34.06115655,"segment_second_lon":-118.2087817984,"segment_sequence":250010,"segment_id":13,"segment_len_meter":106.86057949906296,"segment_cum_len":7581.579490887715}
{"route_id":"605","segment_first_lat":34.06115655,"segment_first_lon":-118.2087817984,"segment_second_lat":34.0610966293,"segment_second_lon":-118.2086327447,"segment_sequence":260001,"segment_id":13,"segment_len_meter":15.261812725432613,"segment_cum_len":7596.841303613148}
{"route_id":"605","segment_first_lat":34.0610966293,"segment_first_lon":-118.2086327447,"segment_second_lat":34.060732843,"segment_second_lon":-118.207657857,"segment_sequence":260002,"segment_id":13,"segment_len_meter":98.4951332649485,"segment_cum_len":7695.336436878097}
{"route_id":"605","segment_first_lat":34.060732843,"segment_first_lon":-118.207657857,"segment_second_lat":34.0606124196,"segment_second_lon":-118.20737692,"segment_sequence":260003,"segment_id":13,"segment_len_meter":29.138607586515793,"segment_cum_len":7724.475044464612}
{"route_id":"605","segment_first_lat":34.0606124196,"segment_first_lon":-118.20737692,"segment_second_lat":34.059739323,"segment_second_lon":-118.2053442781,"segment_sequence":260004,"segment_id":13,"segment_len_meter":210.91768569719787,"segment_cum_len":7935.3927301618105}
{"route_id":"605","segment_first_lat":34.059739323,"segment_first_lon":-118.2053442781,"segment_second_lat":34.0591864759,"segment_second_lon":-118.2056532685,"segment_sequence":260005,"segment_id":13,"segment_len_meter":67.7439369207797,"segment_cum_len":8003.13666708259}
{"route_id":"605","segment_first_lat":34.0591864759,"segment_first_lon":-118.2056532685,"segment_second_lat":34.0590296063,"segment_second_lon":-118.20579485,"segment_sequence":260006,"segment_id":13,"segment_len_meter":21.780047829488247,"segment_cum_len":8024.9167149120785}
{"route_id":"605","segment_first_lat":34.0590296063,"segment_first_lon":-118.20579485,"segment_second_lat":34.0588892519,"segment_second_lon":-118.2059199639,"segment_sequence":260007,"segment_id":13,"segment_len_meter":19.401239756068748,"segment_cum_len":8044.317954668148}
{"route_id":"605","segment_first_lat":34.0588892519,"segment_first_lon":-118.2059199639,"segment_second_lat":34.0587268806,"segment_second_lon":-118.2060648324,"segment_sequence":260008,"segment_id":13,"segment_len_meter":22.451688093347215,"segment_cum_len":8066.769642761495}
{"route_id":"605","segment_first_lat":34.0587268806,"segment_first_lon":-118.2060648324,"segment_second_lat":34.0588307523,"segment_second_lon":-118.206385339,"segment_sequence":260009,"segment_id":13,"segment_len_meter":31.704100212271957,"segment_cum_len":8098.473742973767}
{"route_id":"605","segment_first_lat":34.0588307523,"segment_first_lon":-118.206385339,"segment_second_lat":34.058830662,"segment_second_lon":-118.2064381636,"segment_sequence":260010,"segment_id":13,"segment_len_meter":4.8662589078605505,"segment_cum_len":8103.340001881627}
{"route_id":"605","segment_first_lat":34.058830662,"segment_first_lon":-118.2064381636,"segment_second_lat":34.0588168719,"segment_second_lon":-118.2064678435,"segment_sequence":260011,"segment_id":13,"segment_len_meter":3.134772181296331,"segment_cum_len":8106.474774062924}
{"route_id":"605","segment_first_lat":34.0588168719,"segment_first_lon":-118.2064678435,"segment_second_lat":34.0588030705,"segment_second_lon":-118.2065041266,"segment_sequence":260012,"segment_id":13,"segment_len_meter":3.677905385892192,"segment_cum_len":8110.152679448815}
{"route_id":"605","segment_first_lat":34.0588030705,"segment_first_lon":-118.2065041266,"segment_second_lat":34.0587755694,"segment_second_lon":-118.2065172649,"segment_sequence":260013,"segment_id":13,"segment_len_meter":3.2887862071674796,"segment_cum_len":8113.441465655983}
{"route_id":"605","segment_first_lat":34.0587755694,"segment_first_lon":-118.2065172649,"segment_second_lat":34.0587453204,"segment_second_lon":-118.2065303964,"segment_sequence":260014,"segment_id":13,"segment_len_meter":3.574452536967145,"segment_cum_len":8117.01591819295}
{"route_id":"605","segment_first_lat":34.0587453204,"segment_first_lon":-118.2065303964,"segment_second_lat":34.0587288276,"segment_second_lon":-118.2065336573,"segment_sequence":260015,"segment_id":13,"segment_len_meter":1.858355532294973,"segment_cum_len":8118.874273725245}
{"route_id":"605","segment_first_lat":34.0587288276,"segment_first_lon":-118.2065336573,"segment_second_lat":34.0586766184,"segment_second_lon":-118.2065335284,"segment_sequence":260016,"segment_id":13,"segment_len_meter":5.805410308112276,"segment_cum_len":8124.679684033357}
{"route_id":"605","segment_first_lat":34.0586766184,"segment_first_lon":-118.2065335284,"segment_second_lat":34.0585506515,"segment_second_lon":-118.2062789986,"segment_sequence":260017,"segment_id":13,"segment_len_meter":27.3126559486868,"segment_cum_len":8151.992339982044}
{"route_id":"605","segment_first_lat":34.0585506515,"segment_first_lon":-118.2062789986,"segment_second_lat":34.0585089732,"segment_second_lon":-118.2062267315,"segment_sequence":260018,"segment_id":13,"segment_len_meter":6.682899715583194,"segment_cum_len":8158.675239697627}
{"route_id":"605","segment_first_lat":34.0585089732,"segment_first_lon":-118.2062267315,"segment_second_lat":34.0584190363,"segment_second_lon":-118.2061135972,"segment_sequence":270001,"segment_id":14,"segment_len_meter":14.44403724723596,"segment_cum_len":8173.1192769448635}
{"route_id":"605","segment_first_lat":34.0584190363,"segment_first_lon":-118.2061135972,"segment_second_lat":34.0585207633,"segment_second_lon":-118.2060808324,"segment_sequence":270002,"segment_id":14,"segment_len_meter":11.70730427918235,"segment_cum_len":8184.826581224046}
{"route_id":"605","segment_first_lat":34.0585207633,"segment_first_lon":-118.2060808324,"segment_second_lat":34.0587268806,"segment_second_lon":-118.2060648324,"segment_sequence":270003,"segment_id":14,"segment_len_meter":22.966543745224758,"segment_cum_len":8207.79312496927}
{"route_id":"605","segment_first_lat":34.0587268806,"segment_first_lon":-118.2060648324,"segment_second_lat":34.0588307523,"segment_second_lon":-118.206385339,"segment_sequence":270004,"segment_id":14,"segment_len_meter":31.704100212271957,"segment_cum_len":8239.497225181542}
{"route_id":"605","segment_first_lat":34.0588307523,"segment_first_lon":-118.206385339,"segment_second_lat":34.058830662,"segment_second_lon":-118.2064381636,"segment_sequence":270005,"segment_id":14,"segment_len_meter":4.8662589078605505,"segment_cum_len":8244.363484089403}
{"route_id":"605","segment_first_lat":34.058830662,"segment_first_lon":-118.2064381636,"segment_second_lat":34.0588168719,"segment_second_lon":-118.2064678435,"segment_sequence":270006,"segment_id":14,"segment_len_meter":3.134772181296331,"segment_cum_len":8247.4982562707}
{"route_id":"605","segment_first_lat":34.0588168719,"segment_first_lon":-118.2064678435,"segment_second_lat":34.0588030705,"segment_second_lon":-118.2065041266,"segment_sequence":270007,"segment_id":14,"segment_len_meter":3.677905385892192,"segment_cum_len":8251.176161656591}
{"route_id":"605","segment_first_lat":34.0588030705,"segment_first_lon":-118.2065041266,"segment_second_lat":34.0587755694,"segment_second_lon":-118.2065172649,"segment_sequence":270008,"segment_id":14,"segment_len_meter":3.2887862071674796,"segment_cum_len":8254.464947863758}
{"route_id":"605","segment_first_lat":34.0587755694,"segment_first_lon":-118.2065172649,"segment_second_lat":34.0587453204,"segment_second_lon":-118.2065303964,"segment_sequence":270009,"segment_id":14,"segment_len_meter":3.574452536967145,"segment_cum_len":8258.039400400725}
{"route_id":"605","segment_first_lat":34.0587453204,"segment_first_lon":-118.2065303964,"segment_second_lat":34.0587387233,"segment_second_lon":-118.2065317008,"segment_sequence":270010,"segment_id":14,"segment_len_meter":0.7433406124456815,"segment_cum_len":8258.78274101317}
