{"route_id":"163","segment_first_lat":34.2025148073,"segment_first_lon":-118.6294301369,"segment_second_lat":34.2022565417,"segment_second_lon":-118.629422568,"segment_sequence":10001,"segment_id":1,"segment_len_meter":28.726258983160914,"segment_cum_len":28.726258983160914}
{"route_id":"163","segment_first_lat":34.2022565417,"segment_first_lon":-118.629422568,"segment_second_lat":34.2020779164,"segment_second_lon":-118.6294245291,"segment_sequence":10002,"segment_id":1,"segment_len_meter":19.863045926847274,"segment_cum_len":48.58930491000819}
{"route_id":"163","segment_first_lat":34.2020779164,"segment_first_lon":-118.6294245291,"segment_second_lat":34.2018830446,"segment_second_lon":-118.6294329822,"segment_sequence":10003,"segment_id":1,"segment_len_meter":21.682695851864132,"segment_cum_len":70.27200076187232}
{"route_id":"163","segment_first_lat":34.2018830446,"segment_first_lon":-118.6294329822,"segment_second_lat":34.2016161627,"segment_second_lon":-118.6294441998,"segment_sequence":20001,"segment_id":1,"segment_len_meter":29.693839245351466,"segment_cum_len":99.96584000722379}
{"route_id":"163","segment_first_lat":34.2016161627,"segment_first_lon":-118.6294441998,"segment_second_lat":34.2014017297,"segment_second_lon":-118.6294624272,"segment_sequence":20002,"segment_id":1,"segment_len_meter":23.902713168060462,"segment_cum_len":123.86855317528425}
{"route_id":"163","segment_first_lat":34.2014017297,"segment_first_lon":-118.6294624272,"segment_second_lat":34.2011158879,"segment_second_lon":-118.6294735017,"segment_sequence":20003,"segment_id":1,"segment_len_meter":31.800471542343466,"segment_cum_len":155.6690247176277}
{"route_id":"163","segment_first_lat":34.2011158879,"segment_first_lon":-118.6294735017,"segment_second_lat":34.2009923566,"segment_second_lon":-118.6294494201,"segment_sequence":20004,"segment_id":1,"segment_len_meter":13.913447504690101,"segment_cum_len":169.58247222231782}
{"route_id":"163","segment_first_lat":34.2009923566,"segment_first_lon":-118.6294494201,"segment_second_lat":34.2009128936,"segment_second_lon":-118.6294058272,"segment_sequence":20005,"segment_id":1,"segment_len_meter":9.7028584255056,"segment_cum_len":179.28533064782343}
{"route_id":"163","segment_first_lat":34.2009128936,"segment_first_lon":-118.6294058272,"segment_second_lat":34.2007541912,"segment_second_lon":-118.6292756495,"segment_sequence":20006,"segment_id":1,"segment_len_meter":21.324653778894675,"segment_cum_len":200.6099844267181}
{"route_id":"163","segment_first_lat":34.2007541912,"segment_first_lon":-118.6292756495,"segment_second_lat":34.2006940488,"segment_second_lon":-118.6292156664,"segment_sequence":20007,"segment_id":1,"segment_len_meter":8.669142652525048,"segment_cum_len":209.27912707924315}
{"route_id":"163","segment_first_lat":34.2006940488,"segment_first_lon":-118.6292156664,"segment_second_lat":34.2005408074,"segment_second_lon":-118.629092145,"segment_sequence":20008,"segment_id":1,"segment_len_meter":20.479159028609406,"segment_cum_len":229.75828610785257}
{"route_id":"163","segment_first_lat":34.2005408074,"segment_first_lon":-118.629092145,"segment_second_lat":34.2005574319,"segment_second_lon":-118.6290658125,"segment_sequence":20009,"segment_id":1,"segment_len_meter":3.0466131218183774,"segment_cum_len":232.80489922967095}
{"route_id":"163","segment_first_lat":34.2005574319,"segment_first_lon":-118.6290658125,"segment_second_lat":34.2006767744,"segment_second_lon":-118.6288385133,"segment_sequence":20010,"segment_id":1,"segment_len_meter":24.760326896642898,"segment_cum_len":257.56522612631386}
{"route_id":"163","segment_first_lat":34.2006767744,"segment_first_lon":-118.6288385133,"segment_second_lat":34.2008414045,"segment_second_lon":-118.628356898,"segment_sequence":20011,"segment_id":1,"segment_len_meter":47.92626631337141,"segment_cum_len":305.49149243968526}
{"route_id":"163","segment_first_lat":34.2008414045,"segment_first_lon":-118.628356898,"segment_second_lat":34.2009226197,"segment_second_lon":-118.6280631657,"segment_sequence":20012,"segment_id":1,"segment_len_meter":28.482977798526605,"segment_cum_len":333.9744702382119}
{"route_id":"163","segment_first_lat":34.2009226197,"segment_first_lon":-118.6280631657,"segment_second_lat":34.2009368841,"segment_second_lon":-118.6279620718,"segment_sequence":20013,"segment_id":1,"segment_len_meter":9.431545143267552,"segment_cum_len":343.40601538147945}
{"route_id":"163","segment_first_lat":34.2009368841,"segment_first_lon":-118.6279620718,"segment_second_lat":34.2009597146,"segment_second_lon":-118.6277988663,"segment_sequence":30001,"segment_id":2,"segment_len_meter":15.222552451171808,"segment_cum_len":358.62856783265124}
{"route_id":"163","segment_first_lat":34.2009597146,"segment_first_lon":-118.6277988663,"segment_second_lat":34.2009774712,"segment_second_lon":-118.6275542647,"segment_sequence":30002,"segment_id":2,"segment_len_meter":22.581541494539493,"segment_cum_len":381.2101093271907}
{"route_id":"163","segment_first_lat":34.2009774712,"segment_first_lon":-118.6275542647,"segment_second_lat":34.2009795636,"segment_second_lon":-118.6271507983,"segment_sequence":30003,"segment_id":2,"segment_len_meter":37.10595926174687,"segment_cum_len":418.3160685889376}
{"route_id":"163","segment_first_lat":34.2009795636,"segment_first_lon":-118.6271507983,"segment_second_lat":34.2009917479,"segment_second_lon":-118.6263902267,"segment_sequence":30004,"segment_id":2,"segment_len_meter":69.95991509395371,"segment_cum_len":488.2759836828913}
{"route_id":"163","segment_first_lat":34.2009917479,"segment_first_lon":-118.6263902267,"segment_second_lat":34.200993939,"segment_second_lon":-118.6259669176,"segment_sequence":30005,"segment_id":2,"segment_len_meter":38.93084125160233,"segment_cum_len":527.2068249344936}
{"route_id":"163","segment_first_lat":34.200993939,"segment_first_lon":-118.6259669176,"segment_second_lat":34.2009895212,"segment_second_lon":-118.6257585289,"segment_sequence":30006,"segment_id":2,"segment_len_meter":19.170987017216245,"segment_cum_len":546.3778119517099}
{"route_id":"163","segment_first_lat":34.2009895212,"segment_first_lon":-118.6257585289,"segment_second_lat":34.2009878723,"segment_second_lon":-118.6250143897,"segment_sequence":30007,"segment_id":2,"segment_len_meter":68.43581471950183,"segment_cum_len":614.8136266712118}
{"route_id":"163","segment_first_lat":34.2009878723,"segment_first_lon":-118.6250143897,"segment_second_lat":34.2009934858,"segment_second_lon":-118.6233938888,"segment_sequence":30008,"segment_id":2,"segment_len_meter":149.03242758213713,"segment_cum_len":763.8460542533489}
{"route_id":"163","segment_first_lat":34.2009934858,"segment_first_lon":-118.6233938888,"segment_second_lat":34.2009938156,"segment_second_lon":-118.6230631682,"segment_sequence":30009,"segment_id":2,"segment_len_meter":30.415099215790757,"segment_cum_len":794.2611534691397}
{"route_id":"163","segment_first_lat":34.2009938156,"segment_first_lon":-118.6230631682,"segment_second_lat":34.2009961646,"segment_second_lon":-118.621270667,"segment_sequence":40001,"segment_id":2,"segment_len_meter":164.84951280196364,"segment_cum_len":959.1106662711034}
{"route_id":"163","segment_first_lat":34.2009961646,"segment_first_lon":-118.621270667,"segment_second_lat":34.2009981857,"segment_second_lon":-118.6203413505,"segment_sequence":40002,"segment_id":2,"segment_len_meter":85.46588735166276,"segment_cum_len":1044.5765536227661}
{"route_id":"163","segment_first_lat":34.2009981857,"segment_first_lon":-118.6203413505,"segment_second_lat":34.2010054784,"segment_second_lon":-118.6199908383,"segment_sequence":40003,"segment_id":2,"segment_len_meter":32.245427897444294,"segment_cum_len":1076.8219815202103}
{"route_id":"163","segment_first_lat":34.2010054784,"segment_first_lon":-118.6199908383,"segment_second_lat":34.2010066417,"segment_second_lon":-118.6199247023,"segment_sequence":40004,"segment_id":2,"segment_len_meter":6.083643097816284,"segment_cum_len":1082.9056246180266}
{"route_id":"163","segment_first_lat":34.2010066417,"segment_first_lon":-118.6199247023,"segment_second_lat":34.2010212626,"segment_second_lon":-118.6190550092,"segment_sequence":50001,"segment_id":3,"segment_len_meter":79.99876733049098,"segment_cum_len":1162.9043919485175}
{"route_id":"163","segment_first_lat":34.2010212626,"segment_first_lon":-118.6190550092,"segment_second_lat":34.2010291728,"segment_second_lon":-118.6175072839,"segment_sequence":50002,"segment_id":3,"segment_len_meter":142.3408928555563,"segment_cum_len":1305.245284804074}
{"route_id":"163","segment_first_lat":34.2010291728,"segment_first_lon":-118.6175072839,"segment_second_lat":34.2010251623,"segment_second_lon":-118.6172162179,"segment_sequence":50003,"segment_id":3,"segment_len_meter":26.771902749763036,"segment_cum_len":1332.017187553837}
{"route_id":"163","segment_first_lat":34.2010251623,"segment_first_lon":-118.6172162179,"segment_second_lat":34.2010133973,"segment_second_lon":-118.6146695642,"segment_sequence":50004,"segment_id":3,"segment_len_meter":234.20933994210765,"segment_cum_len":1566.2265274959445}
{"route_id":"163","segment_first_lat":34.2010133973,"segment_first_lon":-118.6146695642,"segment_second_lat":34.2010131538,"segment_second_lon":-118.6143388395,"segment_sequence":50005,"segment_id":3,"segment_len_meter":30.415459141422236,"segment_cum_len":1596.6419866373667}
{"route_id":"163","segment_first_lat":34.2010131538,"segment_first_lon":-118.6143388395,"segment_second_lat":34.2010114164,"segment_second_lon":-118.6128935677,"segment_sequence":60001,"segment_id":3,"segment_len_meter":132.91609278542256,"segment_cum_len":1729.5580794227892}
{"route_id":"163","segment_first_lat":34.2010114164,"segment_first_lon":-118.6128935677,"segment_second_lat":34.2010161642,"segment_second_lon":-118.6103238858,"segment_sequence":60002,"segment_id":3,"segment_len_meter":236.32410403124504,"segment_cum_len":1965.8821834540342}
{"route_id":"163","segment_first_lat":34.2010161642,"segment_first_lon":-118.6103238858,"segment_second_lat":34.2010164583,"segment_second_lon":-118.6099931651,"segment_sequence":60003,"segment_id":3,"segment_len_meter":30.415095711279466,"segment_cum_len":1996.2972791653137}
{"route_id":"163","segment_first_lat":34.2010164583,"segment_first_lon":-118.6099931651,"segment_second_lat":34.2010190126,"segment_second_lon":-118.6081212924,"segment_sequence":70001,"segment_id":4,"segment_len_meter":172.14897932288983,"segment_cum_len":2168.4462584882035}
{"route_id":"163","segment_first_lat":34.2010190126,"segment_first_lon":-118.6081212924,"segment_second_lat":34.2010218706,"segment_second_lon":-118.6059087777,"segment_sequence":70002,"segment_id":4,"segment_len_meter":203.47648708100652,"segment_cum_len":2371.92274556921}
{"route_id":"163","segment_first_lat":34.2010218706,"segment_first_lon":-118.6059087777,"segment_second_lat":34.2010235266,"segment_second_lon":-118.6055780669,"segment_sequence":70003,"segment_id":4,"segment_len_meter":30.41472277921738,"segment_cum_len":2402.337468348427}
{"route_id":"163","segment_first_lat":34.2010235266,"segment_first_lon":-118.6055780669,"segment_second_lat":34.2010257276,"segment_second_lon":-118.6051382215,"segment_sequence":80001,"segment_id":4,"segment_len_meter":40.45158268531585,"segment_cum_len":2442.789051033743}
{"route_id":"163","segment_first_lat":34.2010257276,"segment_first_lon":-118.6051382215,"segment_second_lat":34.2010239352,"segment_second_lon":-118.6043973895,"segment_sequence":80002,"segment_id":4,"segment_len_meter":68.13168118652123,"segment_cum_len":2510.920732220264}
{"route_id":"163","segment_first_lat":34.2010239352,"segment_first_lon":-118.6043973895,"segment_second_lat":34.2010233485,"segment_second_lon":-118.6028628317,"segment_sequence":80003,"segment_id":4,"segment_len_meter":141.12723004529988,"segment_cum_len":2652.047962265564}
{"route_id":"163","segment_first_lat":34.2010233485,"segment_first_lon":-118.6028628317,"segment_second_lat":34.2010264737,"segment_second_lon":-118.601738397,"segment_sequence":80004,"segment_id":4,"segment_len_meter":103.41039695547937,"segment_cum_len":2755.4583592210433}
{"route_id":"163","segment_first_lat":34.2010264737,"segment_first_lon":-118.601738397,"segment_second_lat":34.2010270213,"segment_second_lon":-118.6015730396,"segment_sequence":90001,"segment_id":5,"segment_len_meter":15.20738778606452,"segment_cum_len":2770.6657470071077}
{"route_id":"163","segment_first_lat":34.2010270213,"segment_first_lon":-118.6015730396,"segment_second_lat":34.2010334609,"segment_second_lon":-118.6002766528,"segment_sequence":90002,"segment_id":5,"segment_len_meter":119.2257104852427,"segment_cum_len":2889.8914574923506}
{"route_id":"163","segment_first_lat":34.2010334609,"segment_first_lon":-118.6002766528,"segment_second_lat":34.2010375868,"segment_second_lon":-118.5999988754,"segment_sequence":90003,"segment_id":5,"segment_len_meter":25.550205109603784,"segment_cum_len":2915.4416626019542}
{"route_id":"163","segment_first_lat":34.2010375868,"segment_first_lon":-118.5999988754,"segment_second_lat":34.2010341617,"segment_second_lon":-118.599026526,"segment_sequence":90004,"segment_id":5,"segment_len_meter":89.42392880386059,"segment_cum_len":3004.865591405815}
{"route_id":"163","segment_first_lat":34.2010341617,"segment_first_lon":-118.599026526,"segment_second_lat":34.201033051,"segment_second_lon":-118.5986957954,"segment_sequence":90005,"segment_id":5,"segment_len_meter":30.416233097369616,"segment_cum_len":3035.2818245031845}
{"route_id":"163","segment_first_lat":34.201033051,"segment_first_lon":-118.5986957954,"segment_second_lat":34.2010324287,"segment_second_lon":-118.5977102373,"segment_sequence":90006,"segment_id":5,"segment_len_meter":90.63789931187436,"segment_cum_len":3125.9197238150587}
{"route_id":"163","segment_first_lat":34.2010324287,"segment_first_lon":-118.5977102373,"segment_second_lat":34.2010336865,"segment_second_lon":-118.5974555899,"segment_sequence":90007,"segment_id":5,"segment_len_meter":23.419329807910547,"segment_cum_len":3149.339053622969}
{"route_id":"163","segment_first_lat":34.2010336865,"segment_first_lon":-118.5974555899,"segment_second_lat":34.2010328544,"segment_second_lon":-118.5972902226,"segment_sequence":90008,"segment_id":5,"segment_len_meter":15.20845662515643,"segment_cum_len":3164.5475102481255}
{"route_id":"163","segment_first_lat":34.2010328544,"segment_first_lon":-118.5972902226,"segment_second_lat":34.201032294,"segment_second_lon":-118.5971810801,"segment_sequence":100001,"segment_id":5,"segment_len_meter":10.037596659662462,"segment_cum_len":3174.585106907788}
{"route_id":"163","segment_first_lat":34.201032294,"segment_first_lon":-118.5971810801,"segment_second_lat":34.2010348723,"segment_second_lon":-118.5966585567,"segment_sequence":100002,"segment_id":5,"segment_len_meter":48.055261171029805,"segment_cum_len":3222.640368078818}
{"route_id":"163","segment_first_lat":34.2010348723,"segment_first_lon":-118.5966585567,"segment_second_lat":34.2010374513,"segment_second_lon":-118.5956333349,"segment_sequence":100003,"segment_id":5,"segment_len_meter":94.28601849220519,"segment_cum_len":3316.926386571023}
{"route_id":"163","segment_first_lat":34.2010374513,"segment_first_lon":-118.5956333349,"segment_second_lat":34.2010379906,"segment_second_lon":-118.5954679774,"segment_sequence":110001,"segment_id":6,"segment_len_meter":15.20739133467442,"segment_cum_len":3332.1337779056976}
{"route_id":"163","segment_first_lat":34.2010379906,"segment_first_lon":-118.5954679774,"segment_second_lat":34.2010356178,"segment_second_lon":-118.5942740518,"segment_sequence":110002,"segment_id":6,"segment_len_meter":109.8009178620134,"segment_cum_len":3441.9346957677108}
{"route_id":"163","segment_first_lat":34.2010356178,"segment_first_lon":-118.5942740518,"segment_second_lat":34.2010342992,"segment_second_lon":-118.5939830066,"segment_sequence":110003,"segment_id":6,"segment_len_meter":26.766674571723517,"segment_cum_len":3468.701370339434}
{"route_id":"163","segment_first_lat":34.2010342992,"segment_first_lon":-118.5939830066,"segment_second_lat":34.2010454402,"segment_second_lon":-118.592832171,"segment_sequence":110004,"segment_id":6,"segment_len_meter":105.84503057384154,"segment_cum_len":3574.5464009132756}
{"route_id":"163","segment_first_lat":34.2010454402,"segment_first_lon":-118.592832171,"segment_second_lat":34.2009657533,"segment_second_lon":-118.5928316054,"segment_sequence":110005,"segment_id":6,"segment_len_meter":8.860931675335724,"segment_cum_len":3583.4073325886116}
{"route_id":"163","segment_first_lat":34.2009657533,"segment_first_lon":-118.5928316054,"segment_second_lat":34.2009673735,"segment_second_lon":-118.5925008946,"segment_sequence":110006,"segment_id":6,"segment_len_meter":30.414719190207926,"segment_cum_len":3613.8220517788195}
{"route_id":"163","segment_first_lat":34.2009673735,"segment_first_lon":-118.5925008946,"segment_second_lat":34.2009741684,"segment_second_lon":-118.591111909,"segment_sequence":120001,"segment_id":6,"segment_len_meter":127.74182975084797,"segment_cum_len":3741.5638815296675}
{"route_id":"163","segment_first_lat":34.2009741684,"segment_first_lon":-118.591111909,"segment_second_lat":34.2009820869,"segment_second_lon":-118.5906158816,"segment_sequence":120002,"segment_id":6,"segment_len_meter":45.626200609573445,"segment_cum_len":3787.190082139241}
{"route_id":"163","segment_first_lat":34.2009820869,"segment_first_lon":-118.5906158816,"segment_second_lat":34.2009928319,"segment_second_lon":-118.5901033379,"segment_sequence":120003,"segment_id":6,"segment_len_meter":47.15177825371262,"segment_cum_len":3834.3418603929535}
{"route_id":"163","segment_first_lat":34.2009928319,"segment_first_lon":-118.5901033379,"segment_second_lat":34.200992664,"segment_second_lon":-118.5895741809,"segment_sequence":120004,"segment_id":6,"segment_len_meter":48.664499019147826,"segment_cum_len":3883.0063594121016}
{"route_id":"163","segment_first_lat":34.200992664,"segment_first_lon":-118.5895741809,"segment_second_lat":34.2009843352,"segment_second_lon":-118.5884628952,"segment_sequence":120005,"segment_id":6,"segment_len_meter":102.20479173758388,"segment_cum_len":3985.2111511496855}
{"route_id":"163","segment_first_lat":34.2009843352,"segment_first_lon":-118.5884628952,"segment_second_lat":34.2009859435,"segment_second_lon":-118.5881321842,"segment_sequence":120006,"segment_id":6,"segment_len_meter":30.414723071571313,"segment_cum_len":4015.6258742212567}
{"route_id":"163","segment_first_lat":34.2009859435,"segment_first_lon":-118.5881321842,"segment_second_lat":34.2009949169,"segment_second_lon":-118.5862835097,"segment_sequence":130001,"segment_id":7,"segment_len_meter":170.01828112176293,"segment_cum_len":4185.6441553430195}
{"route_id":"163","segment_first_lat":34.2009949169,"segment_first_lon":-118.5862835097,"segment_second_lat":34.2010042763,"segment_second_lon":-118.5849176922,"segment_sequence":130002,"segment_id":7,"segment_len_meter":125.61318370907232,"segment_cum_len":4311.257339052092}
{"route_id":"163","segment_first_lat":34.2010042763,"segment_first_lon":-118.5849176922,"segment_second_lat":34.2010000116,"segment_second_lon":-118.5840941638,"segment_sequence":130003,"segment_id":7,"segment_len_meter":75.73815555408314,"segment_cum_len":4386.995494606175}
{"route_id":"163","segment_first_lat":34.2010000116,"segment_first_lon":-118.5840941638,"segment_second_lat":34.2009941888,"segment_second_lon":-118.5837634008,"segment_sequence":130004,"segment_id":7,"segment_len_meter":30.42586507910324,"segment_cum_len":4417.421359685279}
{"route_id":"163","segment_first_lat":34.2009941888,"segment_first_lon":-118.5837634008,"segment_second_lat":34.2009849732,"segment_second_lon":-118.5832242592,"segment_sequence":140001,"segment_id":7,"segment_len_meter":49.59332974196781,"segment_cum_len":4467.014689427247}
{"route_id":"163","segment_first_lat":34.2009849732,"segment_first_lon":-118.5832242592,"segment_second_lat":34.2009897132,"segment_second_lon":-118.5828108896,"segment_sequence":140002,"segment_id":7,"segment_len_meter":38.01963798971959,"segment_cum_len":4505.034327416966}
{"route_id":"163","segment_first_lat":34.2009897132,"segment_first_lon":-118.5828108896,"segment_second_lat":34.2009830045,"segment_second_lon":-118.5819212001,"segment_sequence":140003,"segment_id":7,"segment_len_meter":81.82466316777813,"segment_cum_len":4586.858990584745}
{"route_id":"163","segment_first_lat":34.2009830045,"segment_first_lon":-118.5819212001,"segment_second_lat":34.2009935,"segment_second_lon":-118.5797351996,"segment_sequence":140004,"segment_id":7,"segment_len_meter":201.04129679639055,"segment_cum_len":4787.900287381135}
{"route_id":"163","segment_first_lat":34.2009935,"segment_first_lon":-118.5797351996,"segment_second_lat":34.2009942601,"segment_second_lon":-118.5794044827,"segment_sequence":140005,"segment_id":7,"segment_len_meter":30.414854185595626,"segment_cum_len":4818.315141566731}
{"route_id":"163","segment_first_lat":34.2009942601,"segment_first_lon":-118.5794044827,"segment_second_lat":34.2009984131,"segment_second_lon":-118.5775590818,"segment_sequence":150001,"segment_id":8,"segment_len_meter":169.71490938759464,"segment_cum_len":4988.030050954326}
{"route_id":"163","segment_first_lat":34.2009984131,"segment_first_lon":-118.5775590818,"segment_second_lat":34.2010042172,"segment_second_lon":-118.5763420644,"segment_sequence":150002,"segment_id":8,"segment_len_meter":111.92616993821763,"segment_cum_len":5099.956220892544}
{"route_id":"163","segment_first_lat":34.2010042172,"segment_first_lon":-118.5763420644,"segment_second_lat":34.2010033656,"segment_second_lon":-118.5753664282,"segment_sequence":150003,"segment_id":8,"segment_len_meter":89.725475851488,"segment_cum_len":5189.681696744032}
{"route_id":"163","segment_first_lat":34.2010033656,"segment_first_lon":-118.5753664282,"segment_second_lat":34.2010038389,"segment_second_lon":-118.5750357094,"segment_sequence":150004,"segment_id":8,"segment_len_meter":30.414953512417117,"segment_cum_len":5220.096650256449}
{"route_id":"163","segment_first_lat":34.2010038389,"segment_first_lon":-118.5750357094,"segment_second_lat":34.2010050497,"segment_second_lon":-118.5744338035,"segment_sequence":160001,"segment_id":8,"segment_len_meter":55.355082705771586,"segment_cum_len":5275.45173296222}
{"route_id":"163","segment_first_lat":34.2010050497,"segment_first_lon":-118.5744338035,"segment_second_lat":34.2009985017,"segment_second_lon":-118.5740765786,"segment_sequence":160002,"segment_id":8,"segment_len_meter":32.86063793161268,"segment_cum_len":5308.312370893833}
{"route_id":"163","segment_first_lat":34.2009985017,"segment_first_lon":-118.5740765786,"segment_second_lat":34.2009924181,"segment_second_lon":-118.5730413768,"segment_sequence":160003,"segment_id":8,"segment_len_meter":95.20585263133684,"segment_cum_len":5403.51822352517}
{"route_id":"163","segment_first_lat":34.2009924181,"segment_first_lon":-118.5730413768,"segment_second_lat":34.2009987125,"segment_second_lon":-118.5728727517,"segment_sequence":160004,"segment_id":8,"segment_len_meter":15.523575265307601,"segment_cum_len":5419.0417987904775}
{"route_id":"163","segment_first_lat":34.2009987125,"segment_first_lon":-118.5728727517,"segment_second_lat":34.2010131358,"segment_second_lon":-118.5709844274,"segment_sequence":160005,"segment_id":8,"segment_len_meter":173.66916360028006,"segment_cum_len":5592.710962390757}
{"route_id":"163","segment_first_lat":34.2010131358,"segment_first_lon":-118.5709844274,"segment_second_lat":34.2010146962,"segment_second_lon":-118.570653716,"segment_sequence":160006,"segment_id":8,"segment_len_meter":30.414718626692547,"segment_cum_len":5623.12568101745}
{"route_id":"163","segment_first_lat":34.2010146962,"segment_first_lon":-118.570653716,"segment_second_lat":34.2010196369,"segment_second_lon":-118.5696053608,"segment_sequence":170001,"segment_id":9,"segment_len_meter":96.41465637062919,"segment_cum_len":5719.540337388079}
{"route_id":"163","segment_first_lat":34.2010196369,"segment_first_lon":-118.5696053608,"segment_second_lat":34.2010161871,"segment_second_lon":-118.5680013353,"segment_sequence":170002,"segment_id":9,"segment_len_meter":147.51639352140623,"segment_cum_len":5867.056730909485}
{"route_id":"163","segment_first_lat":34.2010161871,"segment_first_lon":-118.5680013353,"segment_second_lat":34.2010146734,"segment_second_lon":-118.5668008041,"segment_sequence":170003,"segment_id":9,"segment_len_meter":110.40824797861637,"segment_cum_len":5977.4649788881015}
{"route_id":"163","segment_first_lat":34.2010146734,"segment_first_lon":-118.5668008041,"segment_second_lat":34.2010143488,"segment_second_lon":-118.5666354409,"segment_sequence":180001,"segment_id":9,"segment_len_meter":15.207844324790905,"segment_cum_len":5992.672823212893}
{"route_id":"163","segment_first_lat":34.2010143488,"segment_first_lon":-118.5666354409,"segment_second_lat":34.2010190108,"segment_second_lon":-118.5644626289,"segment_sequence":180002,"segment_id":9,"segment_len_meter":199.82561971789792,"segment_cum_len":6192.498442930791}
{"route_id":"163","segment_first_lat":34.2010190108,"segment_first_lon":-118.5644626289,"segment_second_lat":34.2010320309,"segment_second_lon":-118.5622568011,"segment_sequence":180003,"segment_id":9,"segment_len_meter":202.86642501711378,"segment_cum_len":6395.364867947905}
{"route_id":"163","segment_first_lat":34.2010320309,"segment_first_lon":-118.5622568011,"segment_second_lat":34.2010297205,"segment_second_lon":-118.5619260636,"segment_sequence":180004,"segment_id":9,"segment_len_meter":30.417702820290227,"segment_cum_len":6425.782570768195}
{"route_id":"163","segment_first_lat":34.2010297205,"segment_first_lon":-118.5619260636,"segment_second_lat":34.2010168435,"segment_second_lon":-118.5601996086,"segment_sequence":190001,"segment_id":10,"segment_len_meter":158.78169879524827,"segment_cum_len":6584.564269563443}
{"route_id":"163","segment_first_lat":34.2010168435,"segment_first_lon":-118.5601996086,"segment_second_lat":34.2010192368,"segment_second_lon":-118.5578978003,"segment_sequence":190002,"segment_id":10,"segment_len_meter":211.6883919554369,"segment_cum_len":6796.25266151888}
{"route_id":"163","segment_first_lat":34.2010192368,"segment_first_lon":-118.5578978003,"segment_second_lat":34.2010218607,"segment_second_lon":-118.557567096,"segment_sequence":190003,"segment_id":10,"segment_len_meter":30.414967806802306,"segment_cum_len":6826.667629325682}
{"route_id":"163","segment_first_lat":34.2010218607,"segment_first_lon":-118.557567096,"segment_second_lat":34.2010377089,"segment_second_lon":-118.5556754724,"segment_sequence":200001,"segment_id":10,"segment_len_meter":173.97405785844583,"segment_cum_len":7000.641687184128}
{"route_id":"163","segment_first_lat":34.2010377089,"segment_first_lon":-118.5556754724,"segment_second_lat":34.2010338094,"segment_second_lon":-118.5535290616,"segment_sequence":200002,"segment_id":10,"segment_len_meter":197.39736466040765,"segment_cum_len":7198.039051844536}
{"route_id":"163","segment_first_lat":34.2010338094,"segment_first_lon":-118.5535290616,"segment_second_lat":34.2010336735,"segment_second_lon":-118.5531983389,"segment_sequence":200003,"segment_id":10,"segment_len_meter":30.41525952738753,"segment_cum_len":7228.454311371923}
{"route_id":"163","segment_first_lat":34.2010336735,"segment_first_lon":-118.5531983389,"segment_second_lat":34.2010328307,"segment_second_lon":-118.5513363695,"segment_sequence":210001,"segment_id":11,"segment_len_meter":171.23797172802966,"segment_cum_len":7399.692283099953}
{"route_id":"163","segment_first_lat":34.2010328307,"segment_first_lon":-118.5513363695,"segment_second_lat":34.2010265261,"segment_second_lon":-118.5497025624,"segment_sequence":210002,"segment_id":11,"segment_len_meter":150.256405411788,"segment_cum_len":7549.948688511741}
{"route_id":"163","segment_first_lat":34.2010265261,"segment_first_lon":-118.5497025624,"segment_second_lat":34.2010282837,"segment_second_lon":-118.5493156295,"segment_sequence":210003,"segment_id":11,"segment_len_meter":35.58522440930879,"segment_cum_len":7585.53391292105}
{"route_id":"163","segment_first_lat":34.2010282837,"segment_first_lon":-118.5493156295,"segment_second_lat":34.2010290345,"segment_second_lon":-118.5491502736,"segment_sequence":220001,"segment_id":11,"segment_len_meter":15.207356747730744,"segment_cum_len":7600.741269668781}
{"route_id":"163","segment_first_lat":34.2010290345,"segment_first_lon":-118.5491502736,"segment_second_lat":34.2011114543,"segment_second_lon":-118.5491541227,"segment_sequence":220002,"segment_id":11,"segment_len_meter":9.171497450161453,"segment_cum_len":7609.912767118942}
{"route_id":"163","segment_first_lat":34.2011114543,"segment_first_lon":-118.5491541227,"segment_second_lat":34.2011229931,"segment_second_lon":-118.5447787455,"segment_sequence":220003,"segment_id":11,"segment_len_meter":402.3877447037449,"segment_cum_len":8012.3005118226865}
{"route_id":"163","segment_first_lat":34.2011229931,"segment_first_lon":-118.5447787455,"segment_second_lat":34.2011220089,"segment_second_lon":-118.5444480171,"segment_sequence":220004,"segment_id":11,"segment_len_meter":30.415944839424725,"segment_cum_len":8042.716456662111}
{"route_id":"163","segment_first_lat":34.2011220089,"segment_first_lon":-118.5444480171,"segment_second_lat":34.2011196445,"segment_second_lon":-118.5436906483,"segment_sequence":230001,"segment_id":12,"segment_len_meter":69.65263065364913,"segment_cum_len":8112.36908731576}
{"route_id":"163","segment_first_lat":34.2011196445,"segment_first_lon":-118.5436906483,"segment_second_lat":34.2011217372,"segment_second_lon":-118.5426125081,"segment_sequence":230002,"segment_id":12,"segment_len_meter":99.15245136626604,"segment_cum_len":8211.521538682025}
{"route_id":"163","segment_first_lat":34.2011217372,"segment_first_lon":-118.5426125081,"segment_second_lat":34.2011240127,"segment_second_lon":-118.5414913754,"segment_sequence":230003,"segment_id":12,"segment_len_meter":103.10633183299149,"segment_cum_len":8314.627870515016}
{"route_id":"163","segment_first_lat":34.2011240127,"segment_first_lon":-118.5414913754,"segment_second_lat":34.2011288041,"segment_second_lon":-118.5404198672,"segment_sequence":230004,"segment_id":12,"segment_len_meter":98.54369375975001,"segment_cum_len":8413.171564274766}
{"route_id":"163","segment_first_lat":34.2011288041,"segment_first_lon":-118.5404198672,"segment_second_lat":34.2011320964,"segment_second_lon":-118.5396823785,"segment_sequence":230005,"segment_id":12,"segment_len_meter":67.82482260957,"segment_cum_len":8480.996386884335}
{"route_id":"163","segment_first_lat":34.2011320964,"segment_first_lon":-118.5396823785,"segment_second_lat":34.2011384515,"segment_second_lon":-118.5387497835,"segment_sequence":230006,"segment_id":12,"segment_len_meter":85.76987326256581,"segment_cum_len":8566.7662601469}
{"route_id":"163","segment_first_lat":34.2011384515,"segment_first_lon":-118.5387497835,"segment_second_lat":34.2011397374,"segment_second_lon":-118.5385844308,"segment_sequence":240001,"segment_id":12,"segment_len_meter":15.20748558896072,"segment_cum_len":8581.97374573586}
{"route_id":"163","segment_first_lat":34.2011397374,"segment_first_lon":-118.5385844308,"segment_second_lat":34.2011424457,"segment_second_lon":-118.5373574697,"segment_sequence":240002,"segment_id":12,"segment_len_meter":112.83900701472977,"segment_cum_len":8694.812752750591}
{"route_id":"163","segment_first_lat":34.2011424457,"segment_first_lon":-118.5373574697,"segment_second_lat":34.2011373524,"segment_second_lon":-118.5360279346,"segment_sequence":240003,"segment_id":12,"segment_len_meter":122.27323068454,"segment_cum_len":8817.08598343513}
{"route_id":"163","segment_first_lat":34.2011373524,"segment_first_lon":-118.5360279346,"segment_second_lat":34.2011388173,"segment_second_lon":-118.5356972221,"segment_sequence":240004,"segment_id":12,"segment_len_meter":30.41471626610195,"segment_cum_len":8847.500699701231}
{"route_id":"163","segment_first_lat":34.2011388173,"segment_first_lon":-118.5356972221,"segment_second_lat":34.2011429289,"segment_second_lon":-118.5347679198,"segment_sequence":250001,"segment_id":13,"segment_len_meter":85.46536313529383,"segment_cum_len":8932.966062836525}
{"route_id":"163","segment_first_lat":34.2011429289,"segment_first_lon":-118.5347679198,"segment_second_lat":34.2011440397,"segment_second_lon":-118.5345165782,"segment_sequence":250002,"segment_id":13,"segment_len_meter":23.11519057728167,"segment_cum_len":8956.081253413808}
{"route_id":"163","segment_first_lat":34.2011440397,"segment_first_lon":-118.5345165782,"segment_second_lat":34.2011379286,"segment_second_lon":-118.5340336851,"segment_sequence":250003,"segment_id":13,"segment_len_meter":44.414906251375086,"segment_cum_len":9000.496159665183}
{"route_id":"163","segment_first_lat":34.2011379286,"segment_first_lon":-118.5340336851,"segment_second_lat":34.2011374425,"segment_second_lon":-118.5335210631,"segment_sequence":250004,"segment_id":13,"segment_len_meter":47.143786227320106,"segment_cum_len":9047.639945892503}
{"route_id":"163","segment_first_lat":34.2011374425,"segment_first_lon":-118.5335210631,"segment_second_lat":34.2011455524,"segment_second_lon":-118.5316789939,"segment_sequence":250005,"segment_id":13,"segment_len_meter":169.40998617696815,"segment_cum_len":9217.04993206947}
{"route_id":"163","segment_first_lat":34.2011455524,"segment_first_lon":-118.5316789939,"segment_second_lat":34.2010576217,"segment_second_lon":-118.5316784341,"segment_sequence":250006,"segment_id":13,"segment_len_meter":9.777583274185762,"segment_cum_len":9226.827515343657}
{"route_id":"163","segment_first_lat":34.2010576217,"segment_first_lon":-118.5316784341,"segment_second_lat":34.2010642956,"segment_second_lon":-118.531347755,"segment_sequence":250007,"segment_id":13,"segment_len_meter":30.420289405521626,"segment_cum_len":9257.247804749179}
{"route_id":"163","segment_first_lat":34.2010642956,"segment_first_lon":-118.531347755,"segment_second_lat":34.2010752819,"segment_second_lon":-118.5307855982,"segment_sequence":260001,"segment_id":13,"segment_len_meter":51.713741503144576,"segment_cum_len":9308.961546252323}
{"route_id":"163","segment_first_lat":34.2010752819,"segment_first_lon":-118.5307855982,"segment_second_lat":34.2010880863,"segment_second_lon":-118.5303722775,"segment_sequence":260002,"segment_id":13,"segment_len_meter":38.03810061167191,"segment_cum_len":9346.999646863995}
{"route_id":"163","segment_first_lat":34.2010880863,"segment_first_lon":-118.5303722775,"segment_second_lat":34.2011037561,"segment_second_lon":-118.5293041459,"segment_sequence":260003,"segment_id":13,"segment_len_meter":98.24720871466381,"segment_cum_len":9445.246855578658}
{"route_id":"163","segment_first_lat":34.2011037561,"segment_first_lon":-118.5293041459,"segment_second_lat":34.2010935593,"segment_second_lon":-118.5284938133,"segment_sequence":260004,"segment_id":13,"segment_len_meter":74.53164463769644,"segment_cum_len":9519.778500216355}
{"route_id":"163","segment_first_lat":34.2010935593,"segment_first_lon":-118.5284938133,"segment_second_lat":34.2010600718,"segment_second_lon":-118.5274779556,"segment_sequence":260005,"segment_id":13,"segment_len_meter":93.49853581682905,"segment_cum_len":9613.277036033183}
{"route_id":"163","segment_first_lat":34.2010600718,"segment_first_lon":-118.5274779556,"segment_second_lat":34.201054746,"segment_second_lon":-118.527312892,"segment_sequence":270001,"segment_id":14,"segment_len_meter":15.191787650567946,"segment_cum_len":9628.468823683752}
{"route_id":"163","segment_first_lat":34.201054746,"segment_first_lon":-118.527312892,"segment_second_lat":34.2010405211,"segment_second_lon":-118.5267935696,"segment_sequence":270002,"segment_id":14,"segment_len_meter":47.78619986536416,"segment_cum_len":9676.255023549116}
{"route_id":"163","segment_first_lat":34.2010405211,"segment_first_lon":-118.5267935696,"segment_second_lat":34.2010319191,"segment_second_lon":-118.5262445179,"segment_sequence":270003,"segment_id":14,"segment_len_meter":50.5031655494086,"segment_cum_len":9726.758189098526}
{"route_id":"163","segment_first_lat":34.2010319191,"segment_first_lon":-118.5262445179,"segment_second_lat":34.2010202464,"segment_second_lon":-118.525136528,"segment_sequence":270004,"segment_id":14,"segment_len_meter":101.90571453778664,"segment_cum_len":9828.663903636312}
{"route_id":"163","segment_first_lat":34.2010202464,"segment_first_lon":-118.525136528,"segment_second_lat":34.2010148625,"segment_second_lon":-118.5242237035,"segment_sequence":270005,"segment_id":14,"segment_len_meter":83.95100164154603,"segment_cum_len":9912.614905277858}
{"route_id":"163","segment_first_lat":34.2010148625,"segment_first_lon":-118.5242237035,"segment_second_lat":34.2010139303,"segment_second_lon":-118.524058337,"segment_sequence":280001,"segment_id":14,"segment_len_meter":15.208458248112892,"segment_cum_len":9927.823363525971}
{"route_id":"163","segment_first_lat":34.2010139303,"segment_first_lon":-118.524058337,"segment_second_lat":34.2010187531,"segment_second_lon":-118.5229438366,"segment_sequence":280002,"segment_id":14,"segment_len_meter":102.49760809711762,"segment_cum_len":10030.320971623089}
{"route_id":"163","segment_first_lat":34.2010187531,"segment_first_lon":-118.5229438366,"segment_second_lat":34.2010277236,"segment_second_lon":-118.5222030772,"segment_sequence":280003,"segment_id":14,"segment_len_meter":68.13201628124773,"segment_cum_len":10098.452987904337}
{"route_id":"163","segment_first_lat":34.2010277236,"segment_first_lon":-118.5222030772,"segment_second_lat":34.2010316237,"segment_second_lon":-118.5218723803,"segment_sequence":290001,"segment_id":15,"segment_len_meter":30.415976320471774,"segment_cum_len":10128.868964224808}
{"route_id":"163","segment_first_lat":34.2010316237,"segment_first_lon":-118.5218723803,"segment_second_lat":34.201044613,"segment_second_lon":-118.5207711595,"segment_sequence":290002,"segment_id":15,"segment_len_meter":101.2852054298088,"segment_cum_len":10230.154169654617}
{"route_id":"163","segment_first_lat":34.201044613,"segment_first_lon":-118.5207711595,"segment_second_lat":34.2010603685,"segment_second_lon":-118.5196633411,"segment_sequence":290003,"segment_id":15,"segment_len_meter":101.8967061082044,"segment_cum_len":10332.050875762821}
{"route_id":"163","segment_first_lat":34.2010603685,"segment_first_lon":-118.5196633411,"segment_second_lat":34.2010707845,"segment_second_lon":-118.5191574022,"segment_sequence":290004,"segment_id":15,"segment_len_meter":46.54359041126942,"segment_cum_len":10378.59446617409}
{"route_id":"163","segment_first_lat":34.2010707845,"segment_first_lon":-118.5191574022,"segment_second_lat":34.201075972,"segment_second_lon":-118.5185885937,"segment_sequence":290005,"segment_id":15,"segment_len_meter":52.314218625096835,"segment_cum_len":10430.908684799188}
{"route_id":"163","segment_first_lat":34.201075972,"segment_first_lon":-118.5185885937,"segment_second_lat":34.2010771145,"segment_second_lon":-118.5182578794,"segment_sequence":290006,"segment_id":15,"segment_len_meter":30.4147331379822,"segment_cum_len":10461.32341793717}
{"route_id":"163","segment_first_lat":34.2010771145,"segment_first_lon":-118.5182578794,"segment_second_lat":34.2010850021,"segment_second_lon":-118.5158337404,"segment_sequence":300001,"segment_id":15,"segment_len_meter":222.9400549147493,"segment_cum_len":10684.263472851919}
{"route_id":"163","segment_first_lat":34.2010850021,"segment_first_lon":-118.5158337404,"segment_second_lat":34.2011564458,"segment_second_lon":-118.5158341817,"segment_sequence":300002,"segment_id":15,"segment_len_meter":7.944280647776315,"segment_cum_len":10692.207753499695}
{"route_id":"163","segment_first_lat":34.2011564458,"segment_first_lon":-118.5158341817,"segment_second_lat":34.2011613361,"segment_second_lon":-118.5153315149,"segment_sequence":300003,"segment_id":15,"segment_len_meter":46.23140253631854,"segment_cum_len":10738.439156036015}
{"route_id":"163","segment_first_lat":34.2011613361,"segment_first_lon":-118.5153315149,"segment_second_lat":34.2011562718,"segment_second_lon":-118.5132909312,"segment_sequence":300004,"segment_id":15,"segment_len_meter":187.66496074502302,"segment_cum_len":10926.104116781038}
{"route_id":"163","segment_first_lat":34.2011562718,"segment_first_lon":-118.5132909312,"segment_second_lat":34.2011585859,"segment_second_lon":-118.5127452547,"segment_sequence":300005,"segment_id":15,"segment_len_meter":50.18429077131185,"segment_cum_len":10976.28840755235}
{"route_id":"163","segment_first_lat":34.2011585859,"segment_first_lon":-118.5127452547,"segment_second_lat":34.2011592866,"segment_second_lon":-118.5125798982,"segment_sequence":310001,"segment_id":16,"segment_len_meter":15.207358864267094,"segment_cum_len":10991.495766416618}
{"route_id":"163","segment_first_lat":34.2011592866,"segment_first_lon":-118.5125798982,"segment_second_lat":34.2011592529,"segment_second_lon":-118.5106385621,"segment_sequence":310002,"segment_id":16,"segment_len_meter":178.53672008996236,"segment_cum_len":11170.03248650658}
{"route_id":"163","segment_first_lat":34.2011592529,"segment_first_lon":-118.5106385621,"segment_second_lat":34.2011543153,"segment_second_lon":-118.5098547218,"segment_sequence":310003,"segment_id":16,"segment_len_meter":72.08867092385618,"segment_cum_len":11242.121157430436}
{"route_id":"163","segment_first_lat":34.2011543153,"segment_first_lon":-118.5098547218,"segment_second_lat":34.2011562582,"segment_second_lon":-118.5095240121,"segment_sequence":310004,"segment_id":16,"segment_len_meter":30.414783659110498,"segment_cum_len":11272.535941089547}
{"route_id":"163","segment_first_lat":34.2011562582,"segment_first_lon":-118.5095240121,"segment_second_lat":34.2011654513,"segment_second_lon":-118.5078605387,"segment_sequence":320001,"segment_id":16,"segment_len_meter":152.98623932225405,"segment_cum_len":11425.522180411801}
{"route_id":"163","segment_first_lat":34.2011654513,"segment_first_lon":-118.5078605387,"segment_second_lat":34.2011561477,"segment_second_lon":-118.5054892089,"segment_sequence":320002,"segment_id":16,"segment_len_meter":218.08392705058236,"segment_cum_len":11643.606107462383}
{"route_id":"163","segment_first_lat":34.2011561477,"segment_first_lon":-118.5054892089,"segment_second_lat":34.201158903,"segment_second_lon":-118.505158504,"segment_sequence":320003,"segment_id":16,"segment_len_meter":30.415117241246758,"segment_cum_len":11674.02122470363}
{"route_id":"163","segment_first_lat":34.201158903,"segment_first_lon":-118.505158504,"segment_second_lat":34.2011614505,"segment_second_lon":-118.5048774062,"segment_sequence":330001,"segment_id":17,"segment_len_meter":25.85296358320848,"segment_cum_len":11699.87418828684}
{"route_id":"163","segment_first_lat":34.2011614505,"segment_first_lon":-118.5048774062,"segment_second_lat":34.2011569361,"segment_second_lon":-118.5033229879,"segment_sequence":330002,"segment_id":17,"segment_len_meter":142.95435813430748,"segment_cum_len":11842.828546421148}
{"route_id":"163","segment_first_lat":34.2011569361,"segment_first_lon":-118.5033229879,"segment_second_lat":34.2011568834,"segment_second_lon":-118.5026747736,"segment_sequence":330003,"segment_id":17,"segment_len_meter":59.61361291953432,"segment_cum_len":11902.442159340682}
{"route_id":"163","segment_first_lat":34.2011568834,"segment_first_lon":-118.5026747736,"segment_second_lat":34.2011715481,"segment_second_lon":-118.5011270852,"segment_sequence":330004,"segment_id":17,"segment_len_meter":142.3438873298768,"segment_cum_len":12044.786046670559}
{"route_id":"163","segment_first_lat":34.2011715481,"segment_first_lon":-118.5011270852,"segment_second_lat":34.2011687945,"segment_second_lon":-118.500796678,"segment_sequence":330005,"segment_id":17,"segment_len_meter":30.387733918601366,"segment_cum_len":12075.17378058916}
{"route_id":"163","segment_first_lat":34.2011687945,"segment_first_lon":-118.500796678,"segment_second_lat":34.2011624205,"segment_second_lon":-118.5000124992,"segment_sequence":340001,"segment_id":17,"segment_len_meter":72.12118570581411,"segment_cum_len":12147.294966294974}
{"route_id":"163","segment_first_lat":34.2011624205,"segment_first_lon":-118.5000124992,"segment_second_lat":34.2011751426,"segment_second_lon":-118.498927809,"segment_sequence":340002,"segment_id":17,"segment_len_meter":99.7645283760711,"segment_cum_len":12247.059494671044}
{"route_id":"163","segment_first_lat":34.2011751426,"segment_first_lon":-118.498927809,"segment_second_lat":34.2011714088,"segment_second_lon":-118.4978330987,"segment_sequence":340003,"segment_id":17,"segment_len_meter":100.67685643747467,"segment_cum_len":12347.736351108519}
{"route_id":"163","segment_first_lat":34.2011714088,"segment_first_lon":-118.4978330987,"segment_second_lat":34.2011678415,"segment_second_lon":-118.4966953958,"segment_sequence":340004,"segment_id":17,"segment_len_meter":104.63060925207643,"segment_cum_len":12452.366960360596}
{"route_id":"163","segment_first_lat":34.2011678415,"segment_first_lon":-118.4966953958,"segment_second_lat":34.2011875269,"segment_second_lon":-118.495848866,"segment_sequence":340005,"segment_id":17,"segment_len_meter":77.88262342254531,"segment_cum_len":12530.249583783141}
{"route_id":"163","segment_first_lat":34.2011875269,"segment_first_lon":-118.495848866,"segment_second_lat":34.2011912271,"segment_second_lon":-118.4956835272,"segment_sequence":350001,"segment_id":18,"segment_len_meter":15.211091548904603,"segment_cum_len":12545.460675332046}
{"route_id":"163","segment_first_lat":34.2011912271,"segment_first_lon":-118.4956835272,"segment_second_lat":34.2012016241,"segment_second_lon":-118.4951577417,"segment_sequence":350002,"segment_id":18,"segment_len_meter":48.36813340525285,"segment_cum_len":12593.828808737298}
{"route_id":"163","segment_first_lat":34.2012016241,"segment_first_lon":-118.4951577417,"segment_second_lat":34.2012040591,"segment_second_lon":-118.4945624574,"segment_sequence":350003,"segment_id":18,"segment_len_meter":54.746497176419446,"segment_cum_len":12648.575305913719}
{"route_id":"163","segment_first_lat":34.2012040591,"segment_first_lon":-118.4945624574,"segment_second_lat":34.2011978212,"segment_second_lon":-118.4933982809,"segment_sequence":350004,"segment_id":18,"segment_len_meter":107.06673252135866,"segment_cum_len":12755.642038435077}
{"route_id":"163","segment_first_lat":34.2011978212,"segment_first_lon":-118.4933982809,"segment_second_lat":34.2011821887,"segment_second_lon":-118.4927165718,"segment_sequence":350005,"segment_id":18,"segment_len_meter":62.718060325082675,"segment_cum_len":12818.36009876016}
{"route_id":"163","segment_first_lat":34.2011821887,"segment_first_lon":-118.4927165718,"segment_second_lat":34.201174466,"segment_second_lon":-118.4923861356,"segment_sequence":360001,"segment_id":18,"segment_len_meter":30.40098584609103,"segment_cum_len":12848.76108460625}
{"route_id":"163","segment_first_lat":34.201174466,"segment_first_lon":-118.4923861356,"segment_second_lat":34.2011500139,"segment_second_lon":-118.4916418686,"segment_sequence":360002,"segment_id":18,"segment_len_meter":68.50116304248984,"segment_cum_len":12917.262247648741}
{"route_id":"163","segment_first_lat":34.2011500139,"segment_first_lon":-118.4916418686,"segment_second_lat":34.2011097546,"segment_second_lon":-118.4907288414,"segment_sequence":360003,"segment_id":18,"segment_len_meter":84.08664533061751,"segment_cum_len":13001.348892979358}
{"route_id":"163","segment_first_lat":34.2011097546,"segment_first_lon":-118.4907288414,"segment_second_lat":34.2011197772,"segment_second_lon":-118.4882517994,"segment_sequence":360004,"segment_id":18,"segment_len_meter":227.8062411686863,"segment_cum_len":13229.155134148044}
{"route_id":"163","segment_first_lat":34.2011197772,"segment_first_lon":-118.4882517994,"segment_second_lat":34.2011484926,"segment_second_lon":-118.4858972326,"segment_sequence":360005,"segment_id":18,"segment_len_meter":216.56345759439577,"segment_cum_len":13445.71859174244}
{"route_id":"163","segment_first_lat":34.2011484926,"segment_first_lon":-118.4858972326,"segment_second_lat":34.2011694302,"segment_second_lon":-118.4838270396,"segment_sequence":360006,"segment_id":18,"segment_len_meter":190.40139584257028,"segment_cum_len":13636.119987585009}
{"route_id":"163","segment_first_lat":34.2011694302,"segment_first_lon":-118.4838270396,"segment_second_lat":34.2011711905,"segment_second_lon":-118.4836616892,"segment_sequence":370001,"segment_id":19,"segment_len_meter":15.207855913415727,"segment_cum_len":13651.327843498424}
{"route_id":"163","segment_first_lat":34.2011711905,"segment_first_lon":-118.4836616892,"segment_second_lat":34.2011906443,"segment_second_lon":-118.4794649493,"segment_sequence":370002,"segment_id":19,"segment_len_meter":385.9629212794946,"segment_cum_len":14037.29076477792}
{"route_id":"163","segment_first_lat":34.2011906443,"segment_first_lon":-118.4794649493,"segment_second_lat":34.2011912995,"segment_second_lon":-118.4792995925,"segment_sequence":380001,"segment_id":19,"segment_len_meter":15.207355595669217,"segment_cum_len":14052.498120373588}
{"route_id":"163","segment_first_lat":34.2011912995,"segment_first_lon":-118.4792995925,"segment_second_lat":34.2011831215,"segment_second_lon":-118.4792830095,"segment_sequence":380002,"segment_id":19,"segment_len_meter":1.7756012414733646,"segment_cum_len":14054.273721615062}
{"route_id":"163","segment_first_lat":34.2011831215,"segment_first_lon":-118.4792830095,"segment_second_lat":34.2011969147,"segment_second_lon":-118.4750895438,"segment_sequence":380003,"segment_id":19,"segment_len_meter":385.6587528865099,"segment_cum_len":14439.932474501571}
{"route_id":"163","segment_first_lat":34.2011969147,"segment_first_lon":-118.4750895438,"segment_second_lat":34.201197564,"segment_second_lon":-118.4749241869,"segment_sequence":390001,"segment_id":20,"segment_len_meter":15.20736053294322,"segment_cum_len":14455.139835034513}
{"route_id":"163","segment_first_lat":34.201197564,"segment_first_lon":-118.4749241869,"segment_second_lat":34.2011983702,"segment_second_lon":-118.4740180155,"segment_sequence":390002,"segment_id":20,"segment_len_meter":83.33687757755855,"segment_cum_len":14538.476712612071}
{"route_id":"163","segment_first_lat":34.2011983702,"segment_first_lon":-118.4740180155,"segment_second_lat":34.2011835022,"segment_second_lon":-118.4736045298,"segment_sequence":390003,"segment_id":20,"segment_len_meter":38.062491280112056,"segment_cum_len":14576.539203892184}
{"route_id":"163","segment_first_lat":34.2011835022,"segment_first_lon":-118.4736045298,"segment_second_lat":34.2011816346,"segment_second_lon":-118.4733796288,"segment_sequence":390004,"segment_id":20,"segment_len_meter":20.684259481899506,"segment_cum_len":14597.223463374083}
{"route_id":"163","segment_first_lat":34.2011816346,"segment_first_lon":-118.4733796288,"segment_second_lat":34.2011778851,"segment_second_lon":-118.4729331342,"segment_sequence":390005,"segment_id":20,"segment_len_meter":41.064383958625314,"segment_cum_len":14638.287847332707}
{"route_id":"163","segment_first_lat":34.2011778851,"segment_first_lon":-118.4729331342,"segment_second_lat":34.2011741081,"segment_second_lon":-118.4724932538,"segment_sequence":390006,"segment_id":20,"segment_len_meter":40.4561685152981,"segment_cum_len":14678.744015848006}
{"route_id":"163","segment_first_lat":34.2011741081,"segment_first_lon":-118.4724932538,"segment_second_lat":34.2011747022,"segment_second_lon":-118.4723411255,"segment_sequence":390007,"segment_id":20,"segment_len_meter":13.990769351459877,"segment_cum_len":14692.734785199465}
{"route_id":"163","segment_first_lat":34.2011747022,"segment_first_lon":-118.4723411255,"segment_second_lat":34.2011785712,"segment_second_lon":-118.4707139998,"segment_sequence":390008,"segment_id":20,"segment_len_meter":149.64066568358342,"segment_cum_len":14842.37545088305}
{"route_id":"163","segment_first_lat":34.2011785712,"segment_first_lon":-118.4707139998,"segment_second_lat":34.2011789397,"segment_second_lon":-118.4705486414,"segment_sequence":400001,"segment_id":20,"segment_len_meter":15.207385631034365,"segment_cum_len":14857.582836514084}
{"route_id":"163","segment_first_lat":34.2011789397,"segment_first_lon":-118.4705486414,"segment_second_lat":34.2011931057,"segment_second_lon":-118.4661798962,"segment_sequence":400002,"segment_id":20,"segment_len_meter":401.77854089167425,"segment_cum_len":15259.361377405758}
{"route_id":"163","segment_first_lat":34.2011931057,"segment_first_lon":-118.4661798962,"segment_second_lat":34.2011932932,"segment_second_lon":-118.465845869,"segment_sequence":400003,"segment_id":20,"segment_len_meter":30.71910651106627,"segment_cum_len":15290.080483916823}
{"route_id":"163","segment_first_lat":34.2011932932,"segment_first_lon":-118.465845869,"segment_second_lat":34.2011958544,"segment_second_lon":-118.4619532973,"segment_sequence":410001,"segment_id":21,"segment_len_meter":357.98381987427024,"segment_cum_len":15648.064303791094}
{"route_id":"163","segment_first_lat":34.2011958544,"segment_first_lon":-118.4619532973,"segment_second_lat":34.2011976611,"segment_second_lon":-118.4592413955,"segment_sequence":420001,"segment_id":21,"segment_len_meter":249.40245753452575,"segment_cum_len":15897.46676132562}
{"route_id":"163","segment_first_lat":34.2011976611,"segment_first_lon":-118.4592413955,"segment_second_lat":34.2012088231,"segment_second_lon":-118.4576010809,"segment_sequence":420002,"segment_id":21,"segment_len_meter":150.8580342360302,"segment_cum_len":16048.324795561652}
{"route_id":"163","segment_first_lat":34.2012088231,"segment_first_lon":-118.4576010809,"segment_second_lat":34.2012099981,"segment_second_lon":-118.4574357269,"segment_sequence":430001,"segment_id":22,"segment_len_meter":15.207481512351974,"segment_cum_len":16063.532277074004}
{"route_id":"163","segment_first_lat":34.2012099981,"segment_first_lon":-118.4574357269,"segment_second_lat":34.201197008,"segment_second_lon":-118.4550511582,"segment_sequence":430002,"segment_id":22,"segment_len_meter":219.30364648837934,"segment_cum_len":16282.835923562383}
{"route_id":"163","segment_first_lat":34.201197008,"segment_first_lon":-118.4550511582,"segment_second_lat":34.201206458,"segment_second_lon":-118.4531925583,"segment_sequence":430003,"segment_id":22,"segment_len_meter":170.93095481271877,"segment_cum_len":16453.766878375103}
{"route_id":"163","segment_first_lat":34.201206458,"segment_first_lon":-118.4531925583,"segment_second_lat":34.2012181308,"segment_second_lon":-118.4508775753,"segment_sequence":440001,"segment_id":22,"segment_len_meter":212.90331578215918,"segment_cum_len":16666.67019415726}
{"route_id":"163","segment_first_lat":34.2012181308,"segment_first_lon":-118.4508775753,"segment_second_lat":34.2012206033,"segment_second_lon":-118.4487345174,"segment_sequence":440002,"segment_id":22,"segment_len_meter":197.0882980320947,"segment_cum_len":16863.758492189354}
{"route_id":"163","segment_first_lat":34.2012206033,"segment_first_lon":-118.4487345174,"segment_second_lat":34.2012163326,"segment_second_lon":-118.4484041043,"segment_sequence":440003,"segment_id":22,"segment_len_meter":30.390426966436483,"segment_cum_len":16894.148919155792}
{"route_id":"163","segment_first_lat":34.2012163326,"segment_first_lon":-118.4484041043,"segment_second_lat":34.201209928,"segment_second_lon":-118.447907658,"segment_sequence":450001,"segment_id":23,"segment_len_meter":45.6616551145416,"segment_cum_len":16939.810574270334}
{"route_id":"163","segment_first_lat":34.201209928,"segment_first_lon":-118.447907658,"segment_second_lat":34.2012078321,"segment_second_lon":-118.4462441212,"segment_sequence":450002,"segment_id":23,"segment_len_meter":152.98874511626397,"segment_cum_len":17092.7993193866}
{"route_id":"163","segment_first_lat":34.2012078321,"segment_first_lon":-118.4462441212,"segment_second_lat":34.2012079972,"segment_second_lon":-118.4454536994,"segment_sequence":450003,"segment_id":23,"segment_len_meter":72.6918119437901,"segment_cum_len":17165.49113133039}
{"route_id":"163","segment_first_lat":34.2012079972,"segment_first_lon":-118.4454536994,"segment_second_lat":34.2012091687,"segment_second_lon":-118.4445376092,"segment_sequence":450004,"segment_id":23,"segment_len_meter":84.24911040236135,"segment_cum_len":17249.74024173275}
{"route_id":"163","segment_first_lat":34.2012091687,"segment_first_lon":-118.4445376092,"segment_second_lat":34.2012092266,"segment_second_lon":-118.4443722491,"segment_sequence":460001,"segment_id":23,"segment_len_meter":15.20748264182,"segment_cum_len":17264.94772437457}
{"route_id":"163","segment_first_lat":34.2012092266,"segment_first_lon":-118.4443722491,"segment_second_lat":34.2012079893,"segment_second_lon":-118.4432114127,"segment_sequence":460002,"segment_id":23,"segment_len_meter":106.75738950445758,"segment_cum_len":17371.70511387903}
{"route_id":"163","segment_first_lat":34.2012079893,"segment_first_lon":-118.4432114127,"segment_second_lat":34.2012087562,"segment_second_lon":-118.4399901971,"segment_sequence":460003,"segment_id":23,"segment_len_meter":296.2418288313937,"segment_cum_len":17667.946942710423}
{"route_id":"163","segment_first_lat":34.2012087562,"segment_first_lon":-118.4399901971,"segment_second_lat":34.2012088594,"segment_second_lon":-118.4396594769,"segment_sequence":460004,"segment_id":23,"segment_len_meter":30.414964863401323,"segment_cum_len":17698.361907573824}
{"route_id":"163","segment_first_lat":34.2012088594,"segment_first_lon":-118.4396594769,"segment_second_lat":34.2012086829,"segment_second_lon":-118.4377379889,"segment_sequence":470001,"segment_id":24,"segment_len_meter":176.71126901704386,"segment_cum_len":17875.073176590868}
{"route_id":"163","segment_first_lat":34.2012086829,"segment_first_lon":-118.4377379889,"segment_second_lat":34.2012081628,"segment_second_lon":-118.4355982237,"segment_sequence":470002,"segment_id":24,"segment_len_meter":196.78532441867907,"segment_cum_len":18071.85850100955}
{"route_id":"163","segment_first_lat":34.2012081628,"segment_first_lon":-118.4355982237,"segment_second_lat":34.2012085288,"segment_second_lon":-118.435267505,"segment_sequence":470003,"segment_id":24,"segment_len_meter":30.41485214474642,"segment_cum_len":18102.273353154294}
{"route_id":"163","segment_first_lat":34.2012085288,"segment_first_lon":-118.435267505,"segment_second_lat":34.2012127171,"segment_second_lon":-118.431259193,"segment_sequence":480001,"segment_id":24,"segment_len_meter":368.6280869057027,"segment_cum_len":18470.901440059995}
{"route_id":"163","segment_first_lat":34.2012127171,"segment_first_lon":-118.431259193,"segment_second_lat":34.2012130712,"segment_second_lon":-118.4309284743,"segment_sequence":480002,"segment_id":24,"segment_len_meter":30.414848762038172,"segment_cum_len":18501.316288822032}
{"route_id":"163","segment_first_lat":34.2012130712,"segment_first_lon":-118.4309284743,"segment_second_lat":34.2012141966,"segment_second_lon":-118.4292980277,"segment_sequence":490001,"segment_id":25,"segment_len_meter":149.94544316263267,"segment_cum_len":18651.261731984665}
{"route_id":"163","segment_first_lat":34.2012141966,"segment_first_lon":-118.4292980277,"segment_second_lat":34.2012060911,"segment_second_lon":-118.4281735363,"segment_sequence":490002,"segment_id":25,"segment_len_meter":103.41872774978712,"segment_cum_len":18754.680459734453}
{"route_id":"163","segment_first_lat":34.2012060911,"segment_first_lon":-118.4281735363,"segment_second_lat":34.2012050275,"segment_second_lon":-118.4280081706,"segment_sequence":500001,"segment_id":25,"segment_len_meter":15.20845679604303,"segment_cum_len":18769.888916530497}
{"route_id":"163","segment_first_lat":34.2012050275,"segment_first_lon":-118.4280081706,"segment_second_lat":34.2011998114,"segment_second_lon":-118.4271515778,"segment_sequence":500002,"segment_id":25,"segment_len_meter":78.77942189659845,"segment_cum_len":18848.668338427095}
{"route_id":"163","segment_first_lat":34.2011998114,"segment_first_lon":-118.4271515778,"segment_second_lat":34.2012023549,"segment_second_lon":-118.4264306202,"segment_sequence":500003,"segment_id":25,"segment_len_meter":66.3040842775744,"segment_cum_len":18914.972422704668}
{"route_id":"163","segment_first_lat":34.2012023549,"segment_first_lon":-118.4264306202,"segment_second_lat":34.2012053973,"segment_second_lon":-118.4248630207,"segment_sequence":500004,"segment_id":25,"segment_len_meter":144.16601822141004,"segment_cum_len":19059.13844092608}
{"route_id":"163","segment_first_lat":34.2012053973,"segment_first_lon":-118.4248630207,"segment_second_lat":34.2012057031,"segment_second_lon":-118.424697662,"segment_sequence":510001,"segment_id":26,"segment_len_meter":15.207391200582139,"segment_cum_len":19074.345832126663}
{"route_id":"163","segment_first_lat":34.2012057031,"segment_first_lon":-118.424697662,"segment_second_lat":34.2012050679,"segment_second_lon":-118.4225248255,"segment_sequence":510002,"segment_id":26,"segment_len_meter":199.82676567047156,"segment_cum_len":19274.172597797133}
{"route_id":"163","segment_first_lat":34.2012050679,"segment_first_lon":-118.4225248255,"segment_second_lat":34.201205673,"segment_second_lon":-118.4221941081,"segment_sequence":510003,"segment_id":26,"segment_len_meter":30.41478085849823,"segment_cum_len":19304.58737865563}
{"route_id":"163","segment_first_lat":34.201205673,"segment_first_lon":-118.4221941081,"segment_second_lat":34.2012074167,"segment_second_lon":-118.4210630531,"segment_sequence":520001,"segment_id":26,"segment_len_meter":104.0186124761638,"segment_cum_len":19408.605991131793}
{"route_id":"163","segment_first_lat":34.2012074167,"segment_first_lon":-118.4210630531,"segment_second_lat":34.2012117185,"segment_second_lon":-118.4183180953,"segment_sequence":520002,"segment_id":26,"segment_len_meter":252.4428148640262,"segment_cum_len":19661.04880599582}
{"route_id":"163","segment_first_lat":34.2012117185,"segment_first_lon":-118.4183180953,"segment_second_lat":34.2012120154,"segment_second_lon":-118.4181527366,"segment_sequence":530001,"segment_id":27,"segment_len_meter":15.207387879221416,"segment_cum_len":19676.25619387504}
{"route_id":"163","segment_first_lat":34.2012120154,"segment_first_lon":-118.4181527366,"segment_second_lat":34.2012183669,"segment_second_lon":-118.4139889987,"segment_sequence":530002,"segment_id":27,"segment_len_meter":382.92229720894835,"segment_cum_len":20059.17849108399}
{"route_id":"163","segment_first_lat":34.2012183669,"segment_first_lon":-118.4139889987,"segment_second_lat":34.201218771,"segment_second_lon":-118.4137905685,"segment_sequence":540001,"segment_id":27,"segment_len_meter":18.24885425214405,"segment_cum_len":20077.42734533613}
{"route_id":"163","segment_first_lat":34.201218771,"segment_first_lon":-118.4137905685,"segment_second_lat":34.201221048,"segment_second_lon":-118.4123188742,"segment_sequence":540002,"segment_id":27,"segment_len_meter":135.34582908990987,"segment_cum_len":20212.77317442604}
{"route_id":"163","segment_first_lat":34.201221048,"segment_first_lon":-118.4123188742,"segment_second_lat":34.2012171481,"segment_second_lon":-118.409421745,"segment_sequence":540003,"segment_id":27,"segment_len_meter":266.4372557361084,"segment_cum_len":20479.21043016215}
{"route_id":"163","segment_first_lat":34.2012171481,"segment_first_lon":-118.409421745,"segment_second_lat":34.2012163434,"segment_second_lon":-118.4090910207,"segment_sequence":540004,"segment_id":27,"segment_len_meter":30.415468512660244,"segment_cum_len":20509.62589867481}
{"route_id":"163","segment_first_lat":34.2012163434,"segment_first_lon":-118.4090910207,"segment_second_lat":34.2012070399,"segment_second_lon":-118.4053240718,"segment_sequence":550001,"segment_id":28,"segment_len_meter":346.4321719275837,"segment_cum_len":20856.058070602394}
{"route_id":"163","segment_first_lat":34.2012070399,"segment_first_lon":-118.4053240718,"segment_second_lat":34.2012067695,"segment_second_lon":-118.4051587104,"segment_sequence":560001,"segment_id":28,"segment_len_meter":15.207630970706255,"segment_cum_len":20871.2657015731}
{"route_id":"163","segment_first_lat":34.2012067695,"segment_first_lon":-118.4051587104,"segment_second_lat":34.2012047913,"segment_second_lon":-118.4041070106,"segment_sequence":560002,"segment_id":28,"segment_len_meter":96.72071454425024,"segment_cum_len":20967.98641611735}
{"route_id":"163","segment_first_lat":34.2012047913,"segment_first_lon":-118.4041070106,"segment_second_lat":34.2012033354,"segment_second_lon":-118.403720061,"segment_sequence":560003,"segment_id":28,"segment_len_meter":35.58651722492925,"segment_cum_len":21003.57293334228}
{"route_id":"163","segment_first_lat":34.2012033354,"segment_first_lon":-118.403720061,"segment_second_lat":34.2012041077,"segment_second_lon":-118.4034885606,"segment_sequence":560004,"segment_id":28,"segment_len_meter":21.29030441554782,"segment_cum_len":21024.863237757825}
{"route_id":"163","segment_first_lat":34.2012041077,"segment_first_lon":-118.4034885606,"segment_second_lat":34.2012023853,"segment_second_lon":-118.4031809825,"segment_sequence":560005,"segment_id":28,"segment_len_meter":28.287330146402265,"segment_cum_len":21053.150567904228}
{"route_id":"163","segment_first_lat":34.2012023853,"segment_first_lon":-118.4031809825,"segment_second_lat":34.2012003868,"segment_second_lon":-118.4029560832,"segment_sequence":560006,"segment_id":28,"segment_len_meter":20.68424978913029,"segment_cum_len":21073.834817693358}
{"route_id":"163","segment_first_lat":34.2012003868,"segment_first_lon":-118.4029560832,"segment_second_lat":34.2012053249,"segment_second_lon":-118.4022979739,"segment_sequence":560007,"segment_id":28,"segment_len_meter":60.52607297020742,"segment_cum_len":21134.360890663564}
{"route_id":"163","segment_first_lat":34.2012053249,"segment_first_lon":-118.4022979739,"segment_second_lat":34.2012075007,"segment_second_lon":-118.4016431584,"segment_sequence":560008,"segment_id":28,"segment_len_meter":60.221148574566925,"segment_cum_len":21194.582039238132}
{"route_id":"163","segment_first_lat":34.2012075007,"segment_first_lon":-118.4016431584,"segment_second_lat":34.2012107316,"segment_second_lon":-118.4014976571,"segment_sequence":560009,"segment_id":28,"segment_len_meter":13.385971843828544,"segment_cum_len":21207.96801108196}
{"route_id":"163","segment_first_lat":34.2012107316,"segment_first_lon":-118.4014976571,"segment_second_lat":34.201214094,"segment_second_lon":-118.40131247,"segment_sequence":560010,"segment_id":28,"segment_len_meter":17.034990882597747,"segment_cum_len":21225.00300196456}
{"route_id":"163","segment_first_lat":34.201214094,"segment_first_lon":-118.40131247,"segment_second_lat":34.2012026785,"segment_second_lon":-118.4006112884,"segment_sequence":560011,"segment_id":28,"segment_len_meter":64.49725072728177,"segment_cum_len":21289.500252691843}
{"route_id":"163","segment_first_lat":34.2012026785,"segment_first_lon":-118.4006112884,"segment_second_lat":34.201187505,"segment_second_lon":-118.4002143516,"segment_sequence":560012,"segment_id":28,"segment_len_meter":36.543604338993845,"segment_cum_len":21326.043857030836}
{"route_id":"163","segment_first_lat":34.201187505,"segment_first_lon":-118.4002143516,"segment_second_lat":34.2011770058,"segment_second_lon":-118.4000654773,"segment_sequence":560013,"segment_id":28,"segment_len_meter":13.741039370704184,"segment_cum_len":21339.78489640154}
{"route_id":"163","segment_first_lat":34.2011770058,"segment_first_lon":-118.4000654773,"segment_second_lat":34.2010993836,"segment_second_lon":-118.3994400452,"segment_sequence":560014,"segment_id":28,"segment_len_meter":58.16243156203574,"segment_cum_len":21397.947327963575}
{"route_id":"163","segment_first_lat":34.2010993836,"segment_first_lon":-118.3994400452,"segment_second_lat":34.2010644148,"segment_second_lon":-118.3992116815,"segment_sequence":560015,"segment_id":28,"segment_len_meter":21.35861346253486,"segment_cum_len":21419.30594142611}
{"route_id":"163","segment_first_lat":34.2010644148,"segment_first_lon":-118.3992116815,"segment_second_lat":34.2010131221,"segment_second_lon":-118.398933632,"segment_sequence":560016,"segment_id":28,"segment_len_meter":26.199453861296814,"segment_cum_len":21445.505395287408}
{"route_id":"163","segment_first_lat":34.2010131221,"segment_first_lon":-118.398933632,"segment_second_lat":34.2009163353,"segment_second_lon":-118.3982849606,"segment_sequence":560017,"segment_id":28,"segment_len_meter":60.618790853557144,"segment_cum_len":21506.124186140965}
{"route_id":"163","segment_first_lat":34.2009163353,"segment_first_lon":-118.3982849606,"segment_second_lat":34.200816732,"segment_second_lon":-118.3976561203,"segment_sequence":560018,"segment_id":28,"segment_len_meter":58.88303453697305,"segment_cum_len":21565.007220677937}
{"route_id":"163","segment_first_lat":34.200816732,"segment_first_lon":-118.3976561203,"segment_second_lat":34.200697923,"segment_second_lon":-118.3970172687,"segment_sequence":560019,"segment_id":28,"segment_len_meter":60.21981276976825,"segment_cum_len":21625.227033447703}
{"route_id":"163","segment_first_lat":34.200697923,"segment_first_lon":-118.3970172687,"segment_second_lat":34.2006305068,"segment_second_lon":-118.3966267012,"segment_sequence":560020,"segment_id":28,"segment_len_meter":36.69301038479004,"segment_cum_len":21661.920043832495}
{"route_id":"163","segment_first_lat":34.2006305068,"segment_first_lon":-118.3966267012,"segment_second_lat":34.2006090118,"segment_second_lon":-118.3964777762,"segment_sequence":560021,"segment_id":28,"segment_len_meter":13.903098642137806,"segment_cum_len":21675.823142474634}
{"route_id":"163","segment_first_lat":34.2006090118,"segment_first_lon":-118.3964777762,"segment_second_lat":34.2005674906,"segment_second_lon":-118.3961508301,"segment_sequence":560022,"segment_id":28,"segment_len_meter":30.420496024149962,"segment_cum_len":21706.243638498785}
{"route_id":"163","segment_first_lat":34.2005674906,"segment_first_lon":-118.3961508301,"segment_second_lat":34.2005607964,"segment_second_lon":-118.3960972221,"segment_sequence":570001,"segment_id":29,"segment_len_meter":4.98601852333516,"segment_cum_len":21711.22965702212}
{"route_id":"163","segment_first_lat":34.2005607964,"segment_first_lon":-118.3960972221,"segment_second_lat":34.2005368451,"segment_second_lon":-118.395858992,"segment_sequence":570002,"segment_id":29,"segment_len_meter":22.070482323694694,"segment_cum_len":21733.300139345814}
{"route_id":"163","segment_first_lat":34.2005368451,"segment_first_lon":-118.395858992,"segment_second_lat":34.2005290885,"segment_second_lon":-118.3957101324,"segment_sequence":570003,"segment_id":29,"segment_len_meter":13.717250900138511,"segment_cum_len":21747.017390245954}
{"route_id":"163","segment_first_lat":34.2005290885,"segment_first_lon":-118.3957101324,"segment_second_lat":34.2005295968,"segment_second_lon":-118.3955546976,"segment_sequence":570004,"segment_id":29,"segment_len_meter":14.29491969327254,"segment_cum_len":21761.312309939225}
{"route_id":"163","segment_first_lat":34.2005295968,"segment_first_lon":-118.3955546976,"segment_second_lat":34.2005383269,"segment_second_lon":-118.3954059161,"segment_sequence":570005,"segment_id":29,"segment_len_meter":13.717317642583264,"segment_cum_len":21775.029627581807}
{"route_id":"163","segment_first_lat":34.2005383269,"segment_first_lon":-118.3954059161,"segment_second_lat":34.2005663781,"segment_second_lon":-118.3952307687,"segment_sequence":570006,"segment_id":29,"segment_len_meter":16.406926427469124,"segment_cum_len":21791.436554009277}
{"route_id":"163","segment_first_lat":34.2005663781,"segment_first_lon":-118.3952307687,"segment_second_lat":34.200666942,"segment_second_lon":-118.3947285533,"segment_sequence":570007,"segment_id":29,"segment_len_meter":47.52135695585171,"segment_cum_len":21838.957910965128}
{"route_id":"163","segment_first_lat":34.200666942,"segment_first_lon":-118.3947285533,"segment_second_lat":34.2007114686,"segment_second_lon":-118.3945567903,"segment_sequence":570008,"segment_id":29,"segment_len_meter":16.554177976988353,"segment_cum_len":21855.512088942116}
{"route_id":"163","segment_first_lat":34.2007114686,"segment_first_lon":-118.3945567903,"segment_second_lat":34.2007919434,"segment_second_lon":-118.3943157461,"segment_sequence":570009,"segment_id":29,"segment_len_meter":23.905895682943097,"segment_cum_len":21879.41798462506}
{"route_id":"163","segment_first_lat":34.2007919434,"segment_first_lon":-118.3943157461,"segment_second_lat":34.2008889479,"segment_second_lon":-118.3940615506,"segment_sequence":570010,"segment_id":29,"segment_len_meter":25.745868032909797,"segment_cum_len":21905.16385265797}
{"route_id":"163","segment_first_lat":34.2008889479,"segment_first_lon":-118.3940615506,"segment_second_lat":34.2010221798,"segment_second_lon":-118.3936520873,"segment_sequence":570011,"segment_id":29,"segment_len_meter":40.46611681564569,"segment_cum_len":21945.629969473615}
{"route_id":"163","segment_first_lat":34.2010221798,"segment_first_lon":-118.3936520873,"segment_second_lat":34.2011000232,"segment_second_lon":-118.3933746497,"segment_sequence":570012,"segment_id":29,"segment_len_meter":26.94307279293694,"segment_cum_len":21972.57304226655}
{"route_id":"163","segment_first_lat":34.2011000232,"segment_first_lon":-118.3933746497,"segment_second_lat":34.201155765,"segment_second_lon":-118.3931334868,"segment_sequence":570013,"segment_id":29,"segment_len_meter":23.02858314678674,"segment_cum_len":21995.60162541334}
{"route_id":"163","segment_first_lat":34.201155765,"segment_first_lon":-118.3931334868,"segment_second_lat":34.2011865931,"segment_second_lon":-118.3929484287,"segment_sequence":570014,"segment_id":29,"segment_len_meter":17.36082222514567,"segment_cum_len":22012.962447638485}
{"route_id":"163","segment_first_lat":34.2011865931,"segment_first_lon":-118.3929484287,"segment_second_lat":34.2011979926,"segment_second_lon":-118.3928228087,"segment_sequence":570015,"segment_id":29,"segment_len_meter":11.622082322816365,"segment_cum_len":22024.584529961303}
{"route_id":"163","segment_first_lat":34.2011979926,"segment_first_lon":-118.3928228087,"segment_second_lat":34.2012215101,"segment_second_lon":-118.3923499896,"segment_sequence":570016,"segment_id":29,"segment_len_meter":43.561768921969,"segment_cum_len":22068.14629888327}
{"route_id":"163","segment_first_lat":34.2012215101,"segment_first_lon":-118.3923499896,"segment_second_lat":34.201219273,"segment_second_lon":-118.3922772207,"segment_sequence":570017,"segment_id":29,"segment_len_meter":6.6968740290836815,"segment_cum_len":22074.843172912355}
{"route_id":"163","segment_first_lat":34.201219273,"segment_first_lon":-118.3922772207,"segment_second_lat":34.2012140386,"segment_second_lon":-118.3921118361,"segment_sequence":580001,"segment_id":29,"segment_len_meter":15.220865610660256,"segment_cum_len":22090.064038523014}
{"route_id":"163","segment_first_lat":34.2012140386,"segment_first_lon":-118.3921118361,"segment_second_lat":34.2011986658,"segment_second_lon":-118.3917678151,"segment_sequence":580002,"segment_id":29,"segment_len_meter":31.68432720355871,"segment_cum_len":22121.748365726573}
{"route_id":"163","segment_first_lat":34.2011986658,"segment_first_lon":-118.3917678151,"segment_second_lat":34.2012148018,"segment_second_lon":-118.3910270779,"segment_sequence":580003,"segment_id":29,"segment_len_meter":68.14614896837186,"segment_cum_len":22189.894514694945}
{"route_id":"163","segment_first_lat":34.2012148018,"segment_first_lon":-118.3910270779,"segment_second_lat":34.201221099,"segment_second_lon":-118.3907790673,"segment_sequence":580004,"segment_id":29,"segment_len_meter":22.819247688877347,"segment_cum_len":22212.71376238382}
{"route_id":"163","segment_first_lat":34.201221099,"segment_first_lon":-118.3907790673,"segment_second_lat":34.2012152035,"segment_second_lon":-118.3900514557,"segment_sequence":580005,"segment_id":29,"segment_len_meter":66.9186193457763,"segment_cum_len":22279.632381729596}
{"route_id":"163","segment_first_lat":34.2012152035,"segment_first_lon":-118.3900514557,"segment_second_lat":34.201214264,"segment_second_lon":-118.3877794048,"segment_sequence":580006,"segment_id":29,"segment_len_meter":208.95109264987818,"segment_cum_len":22488.583474379473}
{"route_id":"163","segment_first_lat":34.201214264,"segment_first_lon":-118.3877794048,"segment_second_lat":34.201213675,"segment_second_lon":-118.387448682,"segment_sequence":580007,"segment_id":29,"segment_len_meter":30.415270462594798,"segment_cum_len":22518.99874484207}
{"route_id":"163","segment_first_lat":34.201213675,"segment_first_lon":-118.387448682,"segment_second_lat":34.201212452,"segment_second_lon":-118.3866284908,"segment_sequence":590001,"segment_id":30,"segment_len_meter":75.42969566708072,"segment_cum_len":22594.42844050915}
{"route_id":"163","segment_first_lat":34.201212452,"segment_first_lon":-118.3866284908,"segment_second_lat":34.2012132503,"segment_second_lon":-118.3855172754,"segment_sequence":590002,"segment_id":30,"segment_len_meter":102.19389704733071,"segment_cum_len":22696.62233755648}
{"route_id":"163","segment_first_lat":34.2012132503,"segment_first_lon":-118.3855172754,"segment_second_lat":34.2012138808,"segment_second_lon":-118.3844556672,"segment_sequence":590003,"segment_id":30,"segment_len_meter":97.63171498595986,"segment_cum_len":22794.25405254244}
{"route_id":"163","segment_first_lat":34.2012138808,"segment_first_lon":-118.3844556672,"segment_second_lat":34.2012121592,"segment_second_lon":-118.3835263362,"segment_sequence":590004,"segment_id":30,"segment_len_meter":85.46692095279309,"segment_cum_len":22879.720973495234}
{"route_id":"163","segment_first_lat":34.2012121592,"segment_first_lon":-118.3835263362,"segment_second_lat":34.201211859,"segment_second_lon":-118.3833609749,"segment_sequence":600001,"segment_id":30,"segment_len_meter":15.207627766869496,"segment_cum_len":22894.928601262105}
{"route_id":"163","segment_first_lat":34.201211859,"segment_first_lon":-118.3833609749,"segment_second_lat":34.2012124915,"segment_second_lon":-118.3822927524,"segment_sequence":600002,"segment_id":30,"segment_len_meter":98.24000626356491,"segment_cum_len":22993.16860752567}
{"route_id":"163","segment_first_lat":34.2012124915,"segment_first_lon":-118.3822927524,"segment_second_lat":34.2012132188,"segment_second_lon":-118.3811914584,"segment_sequence":600003,"segment_id":30,"segment_len_meter":101.28146088660279,"segment_cum_len":23094.450068412272}
{"route_id":"163","segment_first_lat":34.2012132188,"segment_first_lon":-118.3811914584,"segment_second_lat":34.2012111154,"segment_second_lon":-118.3801133019,"segment_sequence":600004,"segment_id":30,"segment_len_meter":99.15384561866021,"segment_cum_len":23193.603914030933}
{"route_id":"163","segment_first_lat":34.2012111154,"segment_first_lon":-118.3801133019,"segment_second_lat":34.2012115899,"segment_second_lon":-118.3791740596,"segment_sequence":600005,"segment_id":30,"segment_len_meter":86.37822541933723,"segment_cum_len":23279.98213945027}
{"route_id":"163","segment_first_lat":34.2012115899,"segment_first_lon":-118.3791740596,"segment_second_lat":34.2012118332,"segment_second_lon":-118.3790087007,"segment_sequence":610001,"segment_id":31,"segment_len_meter":15.207394531257023,"segment_cum_len":23295.189533981527}
{"route_id":"163","segment_first_lat":34.2012118332,"segment_first_lon":-118.3790087007,"segment_second_lat":34.2012099584,"segment_second_lon":-118.3778511727,"segment_sequence":610002,"segment_id":31,"segment_len_meter":106.45324228173016,"segment_cum_len":23401.64277626326}
{"route_id":"163","segment_first_lat":34.2012099584,"segment_first_lon":-118.3778511727,"segment_second_lat":34.2012064571,"segment_second_lon":-118.3748250704,"segment_sequence":610003,"segment_id":31,"segment_len_meter":278.29832980607193,"segment_cum_len":23679.94110606933}
{"route_id":"163","segment_first_lat":34.2012064571,"segment_first_lon":-118.3748250704,"segment_second_lat":34.2012061449,"segment_second_lon":-118.3746597091,"segment_sequence":620001,"segment_id":31,"segment_len_meter":15.207631782649756,"segment_cum_len":23695.14873785198}
{"route_id":"163","segment_first_lat":34.2012061449,"segment_first_lon":-118.3746597091,"segment_second_lat":34.2012049328,"segment_second_lon":-118.3732739878,"segment_sequence":620002,"segment_id":31,"segment_len_meter":127.43910669871548,"segment_cum_len":23822.587844550697}
{"route_id":"163","segment_first_lat":34.2012049328,"segment_first_lon":-118.3732739878,"segment_second_lat":34.2012044786,"segment_second_lon":-118.3725298662,"segment_sequence":620003,"segment_id":31,"segment_len_meter":68.4337938000877,"segment_cum_len":23891.021638350783}
{"route_id":"163","segment_first_lat":34.2012044786,"segment_first_lon":-118.3725298662,"segment_second_lat":34.2012086046,"segment_second_lon":-118.3702909117,"segment_sequence":620004,"segment_id":31,"segment_len_meter":205.90785948406383,"segment_cum_len":24096.929497834848}
{"route_id":"163","segment_first_lat":34.2012086046,"segment_first_lon":-118.3702909117,"segment_second_lat":34.2014833848,"segment_second_lon":-118.3702937837,"segment_sequence":620005,"segment_id":31,"segment_len_meter":30.55530577760384,"segment_cum_len":24127.484803612453}
{"route_id":"163","segment_first_lat":34.2014833848,"segment_first_lon":-118.3702937837,"segment_second_lat":34.2023406995,"segment_second_lon":-118.3703025457,"segment_sequence":630001,"segment_id":32,"segment_len_meter":95.33245074439974,"segment_cum_len":24222.817254356854}
{"route_id":"163","segment_first_lat":34.2023406995,"segment_first_lon":-118.3703025457,"segment_second_lat":34.203920745,"segment_second_lon":-118.3702996297,"segment_sequence":630002,"segment_id":32,"segment_len_meter":175.693248123019,"segment_cum_len":24398.510502479872}
{"route_id":"163","segment_first_lat":34.203920745,"segment_first_lon":-118.3702996297,"segment_second_lat":34.2048330421,"segment_second_lon":-118.3703003675,"segment_sequence":630003,"segment_id":32,"segment_len_meter":101.4428318032883,"segment_cum_len":24499.95333428316}
{"route_id":"163","segment_first_lat":34.2048330421,"segment_first_lon":-118.3703003675,"segment_second_lat":34.2051078304,"segment_second_lon":-118.3703005937,"segment_sequence":630004,"segment_id":32,"segment_len_meter":30.555071942598182,"segment_cum_len":24530.50840622576}
{"route_id":"163","segment_first_lat":34.2051078304,"segment_first_lon":-118.3703005937,"segment_second_lat":34.2066411492,"segment_second_lon":-118.37030177,"segment_sequence":640001,"segment_id":32,"segment_len_meter":170.49730580449108,"segment_cum_len":24701.00571203025}
{"route_id":"163","segment_first_lat":34.2066411492,"segment_first_lon":-118.37030177,"segment_second_lat":34.2084547318,"segment_second_lon":-118.3703098118,"segment_sequence":640002,"segment_id":32,"segment_len_meter":201.66254011124167,"segment_cum_len":24902.668252141495}
{"route_id":"163","segment_first_lat":34.2084547318,"segment_first_lon":-118.3703098118,"segment_second_lat":34.208729517,"segment_second_lon":-118.3703110303,"segment_sequence":640003,"segment_id":32,"segment_len_meter":30.554925612615087,"segment_cum_len":24933.22317775411}
{"route_id":"163","segment_first_lat":34.208729517,"segment_first_lon":-118.3703110303,"segment_second_lat":34.2093642709,"segment_second_lon":-118.370313845,"segment_sequence":650001,"segment_id":33,"segment_len_meter":70.5818879331038,"segment_cum_len":25003.805065687215}
{"route_id":"163","segment_first_lat":34.2093642709,"segment_first_lon":-118.370313845,"segment_second_lat":34.2102600708,"segment_second_lon":-118.3703178174,"segment_sequence":650002,"segment_id":33,"segment_len_meter":99.60907396541047,"segment_cum_len":25103.414139652625}
{"route_id":"163","segment_first_lat":34.2102600708,"segment_first_lon":-118.3703178174,"segment_second_lat":34.2119472896,"segment_second_lon":-118.3703130614,"segment_sequence":650003,"segment_id":33,"segment_len_meter":187.61068043844296,"segment_cum_len":25291.02482009107}
{"route_id":"163","segment_first_lat":34.2119472896,"segment_first_lon":-118.3703130614,"segment_second_lat":34.2120846852,"segment_second_lon":-118.3703126784,"segment_sequence":660001,"segment_id":33,"segment_len_meter":15.277734256207744,"segment_cum_len":25306.302554347276}
{"route_id":"163","segment_first_lat":34.2120846852,"segment_first_lon":-118.3703126784,"segment_second_lat":34.2139120273,"segment_second_lon":-118.3703141666,"segment_sequence":660002,"segment_id":33,"segment_len_meter":203.1912168447839,"segment_cum_len":25509.49377119206}
{"route_id":"163","segment_first_lat":34.2139120273,"segment_first_lon":-118.3703141666,"segment_second_lat":34.215709143,"segment_second_lon":-118.3703155208,"segment_sequence":660003,"segment_id":33,"segment_len_meter":199.83018722939445,"segment_cum_len":25709.323958421457}
{"route_id":"163","segment_first_lat":34.215709143,"segment_first_lon":-118.3703155208,"segment_second_lat":34.2159839312,"segment_second_lon":-118.3703157471,"segment_sequence":660004,"segment_id":33,"segment_len_meter":30.55506082734195,"segment_cum_len":25739.879019248798}
{"route_id":"163","segment_first_lat":34.2159839312,"segment_first_lon":-118.3703157471,"segment_second_lat":34.2167203628,"segment_second_lon":-118.3703166976,"segment_sequence":670001,"segment_id":34,"segment_len_meter":81.88750437983528,"segment_cum_len":25821.766523628634}
{"route_id":"163","segment_first_lat":34.2167203628,"segment_first_lon":-118.3703166976,"segment_second_lat":34.2168907094,"segment_second_lon":-118.3703240687,"segment_sequence":670002,"segment_id":34,"segment_len_meter":18.95379956111175,"segment_cum_len":25840.720323189747}
{"route_id":"163","segment_first_lat":34.2168907094,"segment_first_lon":-118.3703240687,"segment_second_lat":34.2170995563,"segment_second_lon":-118.3703216871,"segment_sequence":670003,"segment_id":34,"segment_len_meter":23.223748190809445,"segment_cum_len":25863.944071380556}
{"route_id":"163","segment_first_lat":34.2170995563,"segment_first_lon":-118.3703216871,"segment_second_lat":34.2172369894,"segment_second_lon":-118.3703090653,"segment_sequence":670004,"segment_id":34,"segment_len_meter":15.325868277469828,"segment_cum_len":25879.269939658025}
{"route_id":"163","segment_first_lat":34.2172369894,"segment_first_lon":-118.3703090653,"segment_second_lat":34.2174320869,"segment_second_lon":-118.3703099305,"segment_sequence":670005,"segment_id":34,"segment_len_meter":21.69399806596124,"segment_cum_len":25900.963937723987}
{"route_id":"163","segment_first_lat":34.2174320869,"segment_first_lon":-118.3703099305,"segment_second_lat":34.2175035412,"segment_second_lon":-118.3703069395,"segment_sequence":670006,"segment_id":34,"segment_len_meter":7.950113873195925,"segment_cum_len":25908.914051597185}
{"route_id":"163","segment_first_lat":34.2175035412,"segment_first_lon":-118.3703069395,"segment_second_lat":34.2188912147,"segment_second_lon":-118.3703104473,"segment_sequence":670007,"segment_id":34,"segment_len_meter":154.30259012819232,"segment_cum_len":26063.216641725376}
