{"route_id":"10","stop_id":"12102","stop_lat":34.054753,"stop_lon":-118.246042,"stop_sequence":12,"segment_first_lat":34.0548188384,"segment_first_lon":-118.2461457197,"segment_second_lat":34.0556389858,"segment_second_lon":-118.24538055,"segment_sequence":120001,"segment_id":6,"segment_len_meter":115.26381721625769,"segment_cum_len":3657.7256858561427,"stop_segment_distance":12.613134172382118}
{"route_id":"102","stop_id":"1420","stop_lat":33.974623,"stop_lon":-118.245681,"stop_sequence":79,"segment_first_lat":33.9747518542,"segment_first_lon":-118.2458889413,"segment_second_lat":33.9747522775,"segment_second_lon":-118.2456811533,"segment_sequence":780005,"segment_id":39,"segment_len_meter":19.160638752775565,"segment_cum_len":26165.27731010607,"stop_segment_distance":19.150953346207668}
{"route_id":"102","stop_id":"142073","stop_lat":33.981505,"stop_lon":-118.36736,"stop_sequence":17,"segment_first_lat":33.9808696979,"segment_first_lon":-118.3684919373,"segment_second_lat":33.9815791445,"segment_second_lon":-118.3674279871,"segment_sequence":160008,"segment_id":8,"segment_len_meter":125.88517303882237,"segment_cum_len":5637.495344450504,"stop_segment_distance":10.501816546369142}
{"route_id":"105","stop_id":"5212","stop_lat":34.02405,"stop_lon":-118.372055,"stop_sequence":43,"segment_first_lat":34.0233732432,"segment_first_lon":-118.3722465572,"segment_second_lat":34.024055113,"segment_second_lon":-118.3722070174,"segment_sequence":420003,"segment_id":21,"segment_len_meter":75.90797643102815,"segment_cum_len":15355.369493142434,"stop_segment_distance":15.408203224652539}
{"route_id":"106","stop_id":"8614","stop_lat":34.037106,"stop_lon":-118.161597,"stop_sequence":6,"segment_first_lat":34.0369889534,"segment_first_lon":-118.1605244859,"segment_second_lat":34.0370402763,"segment_second_lon":-118.1616009398,"segment_sequence":50004,"segment_id":3,"segment_len_meter":99.3534316140265,"segment_cum_len":1926.1662102068171,"stop_segment_distance":7.643372090625604}
{"route_id":"150","stop_id":"6598","stop_lat":34.186685,"stop_lon":-118.60604,"stop_sequence":7,"segment_first_lat":34.1866860862,"segment_first_lon":-118.6058851421,"segment_second_lat":34.1861667364,"segment_second_lon":-118.6058836897,"segment_sequence":70001,"segment_id":4,"segment_len_meter":57.74921744027623,"segment_cum_len":1836.6951329036085,"stop_segment_distance":15.890150105596767}
{"route_id":"152","stop_id":"10410","stop_lat":34.171665,"stop_lon":-118.623469,"stop_sequence":95,"segment_first_lat":34.1716652995,"segment_first_lon":-118.6233158898,"segment_second_lat":34.1710305298,"segment_second_lon":-118.6233157824,"segment_sequence":950001,"segment_id":48,"segment_len_meter":70.58317091921012,"segment_cum_len":38354.83704689354,"stop_segment_distance":15.446956933381273}
{"route_id":"152","stop_id":"24021","stop_lat":34.211948,"stop_lon":-118.37016,"stop_sequence":16,"segment_first_lat":34.2102600708,"segment_first_lon":-118.3703178174,"segment_second_lat":34.2119472896,"segment_second_lon":-118.3703130614,"segment_sequence":150003,"segment_id":8,"segment_len_meter":187.61068043844296,"segment_cum_len":6397.3688829341945,"stop_segment_distance":14.713533766074676}
{"route_id":"161","stop_id":"3737","stop_lat":34.188072,"stop_lon":-118.597637,"stop_sequence":2,"segment_first_lat":34.1880716238,"segment_first_lon":-118.5974812576,"segment_second_lat":34.1873076933,"segment_second_lon":-118.597483068,"segment_sequence":20001,"segment_id":1,"segment_len_meter":84.94535912858974,"segment_cum_len":829.3814824483111,"stop_segment_distance":15.538287776823708}
{"route_id":"176","stop_id":"8223","stop_lat":34.054608,"stop_lon":-118.081791,"stop_sequence":12,"segment_first_lat":34.0546074725,"segment_first_lon":-118.0819111023,"segment_second_lat":34.0553878613,"segment_second_lon":-118.0819168185,"segment_sequence":120001,"segment_id":6,"segment_len_meter":86.77687323537162,"segment_cum_len":3910.5555503509095,"stop_segment_distance":11.775615015739461}
{"route_id":"180","stop_id":"4906","stop_lat":34.136909,"stop_lon":-118.257708,"stop_sequence":31,"segment_first_lat":34.1369088752,"segment_first_lon":-118.2578469779,"segment_second_lat":34.1377167404,"segment_second_lon":-118.2578521139,"segment_sequence":310001,"segment_id":16,"segment_len_meter":89.83175531911427,"segment_cum_len":9660.935719181141,"stop_segment_distance":13.749910053883653}
{"route_id":"202","stop_id":"17050","stop_lat":33.873908,"stop_lon":-118.214634,"stop_sequence":24,"segment_first_lat":33.8739285764,"segment_first_lon":-118.2144811392,"segment_second_lat":33.873595101,"segment_second_lon":-118.2144186835,"segment_sequence":240001,"segment_id":12,"segment_len_meter":37.526397829518345,"segment_cum_len":10346.82684346908,"stop_segment_distance":16.84121120289307}
{"route_id":"205","stop_id":"17635","stop_lat":33.920128,"stop_lon":-118.238906,"stop_sequence":125,"segment_first_lat":33.9201262365,"segment_first_lon":-118.2390586814,"segment_second_lat":33.9207263536,"segment_second_lon":-118.2390646784,"segment_sequence":1260001,"segment_id":63,"segment_len_meter":66.73227116124183,"segment_cum_len":47259.24090950346,"stop_segment_distance":15.483046582707601}
{"route_id":"205","stop_id":"17637","stop_lat":33.920727,"stop_lon":-118.238914,"stop_sequence":126,"segment_first_lat":33.9201262365,"segment_first_lon":-118.2390586814,"segment_second_lat":33.9207263536,"segment_second_lon":-118.2390646784,"segment_sequence":1260001,"segment_id":63,"segment_len_meter":66.73227116124183,"segment_cum_len":47259.24090950346,"stop_segment_distance":15.29385681967311}
{"route_id":"207","stop_id":"5724","stop_lat":34.071021,"stop_lon":-118.308964,"stop_sequence":48,"segment_first_lat":34.068982003,"segment_first_lon":-118.3091078972,"segment_second_lat":34.0710209075,"segment_second_lon":-118.3091154317,"segment_sequence":470002,"segment_id":24,"segment_len_meter":226.71689849129527,"segment_cum_len":17841.29031060544,"stop_segment_distance":14.344324742142277}
{"route_id":"207","stop_id":"5746","stop_lat":33.97079,"stop_lon":-118.308818,"stop_sequence":15,"segment_first_lat":33.9699821524,"segment_first_lon":-118.3089700622,"segment_second_lat":33.9707900232,"segment_second_lon":-118.3089700744,"segment_sequence":140005,"segment_id":7,"segment_len_meter":89.83113435163452,"segment_cum_len":6695.728387981604,"stop_segment_distance":15.109103880957463}
{"route_id":"210","stop_id":"141022","stop_lat":33.966489,"stop_lon":-118.331,"stop_sequence":58,"segment_first_lat":33.9672642161,"segment_first_lon":-118.3308452572,"segment_second_lat":33.9664893123,"segment_second_lon":-118.3308478026,"segment_sequence":570004,"segment_id":29,"segment_len_meter":86.16569094377878,"segment_cum_len":18690.59357859415,"stop_segment_distance":15.24352511177203}
{"route_id":"211","stop_id":"12869","stop_lat":33.909877,"stop_lon":-118.344016,"stop_sequence":49,"segment_first_lat":33.9108582758,"segment_first_lon":-118.3438681456,"segment_second_lat":33.909877305,"segment_second_lon":-118.3438641206,"segment_sequence":480005,"segment_id":24,"segment_len_meter":109.07960854790241,"segment_cum_len":17212.20192745459,"stop_segment_distance":14.898910883953988}
{"route_id":"224","stop_id":"2013","stop_lat":34.322921,"stop_lon":-118.455629,"stop_sequence":64,"segment_first_lat":34.3230483575,"segment_first_lon":-118.4556481516,"segment_second_lat":34.3231249541,"segment_second_lon":-118.4547890947,"segment_sequence":640001,"segment_id":32,"segment_len_meter":79.34793717512721,"segment_cum_len":25305.515182972733,"stop_segment_distance":15.318162339154924}
{"route_id":"233","stop_id":"468","stop_lat":34.20833,"stop_lon":-118.448607,"stop_sequence":20,"segment_first_lat":34.2071889686,"segment_first_lon":-118.4487533578,"segment_second_lat":34.2083293237,"segment_second_lon":-118.4487594856,"segment_sequence":190003,"segment_id":10,"segment_len_meter":126.80295378895367,"segment_cum_len":6446.565519573079,"stop_segment_distance":14.808282674252027}
{"route_id":"233","stop_id":"557","stop_lat":34.17241,"stop_lon":-118.448375,"stop_sequence":8,"segment_first_lat":34.1724096666,"segment_first_lon":-118.4485255509,"segment_second_lat":34.175624697,"segment_second_lon":-118.4485282646,"segment_sequence":80001,"segment_id":4,"segment_len_meter":357.4951566567215,"segment_cum_len":2808.9766488788623,"stop_segment_distance":14.091125658374153}
{"route_id":"234","stop_id":"14981","stop_lat":34.283222,"stop_lon":-118.440916,"stop_sequence":25,"segment_first_lat":34.2833041678,"segment_first_lon":-118.440800847,"segment_second_lat":34.2828448515,"segment_second_lon":-118.4403114543,"segment_sequence":250001,"segment_id":13,"segment_len_meter":68.04592436213322,"segment_cum_len":9060.169225719606,"stop_segment_distance":15.530409957668894}
{"route_id":"252","stop_id":"473","stop_lat":34.075522,"stop_lon":-118.202893,"stop_sequence":28,"segment_first_lat":34.0755249619,"segment_first_lon":-118.2027650379,"segment_second_lat":34.0738238364,"segment_second_lon":-118.2027173258,"segment_sequence":280001,"segment_id":14,"segment_len_meter":189.2075640352913,"segment_cum_len":10724.93852828817,"stop_segment_distance":12.101831442612053}
{"route_id":"30","stop_id":"4799","stop_lat":34.044985,"stop_lon":-118.25342,"stop_sequence":28,"segment_first_lat":34.0437790794,"segment_first_lon":-118.2547205054,"segment_second_lat":34.0450609741,"segment_second_lon":-118.2535386836,"segment_sequence":270004,"segment_id":14,"segment_len_meter":179.3725525330019,"segment_cum_len":8781.231955633764,"stop_segment_distance":14.274861319167286}
{"route_id":"30","stop_id":"7904","stop_lat":34.047159,"stop_lon":-118.286646,"stop_sequence":16,"segment_first_lat":34.0472841803,"segment_first_lon":-118.2870918908,"segment_second_lat":34.047285239,"segment_second_lon":-118.2866462453,"segment_sequence":150005,"segment_id":8,"segment_len_meter":41.059015296012724,"segment_cum_len":5002.9852889848335,"stop_segment_distance":16.35368399525872}
{"route_id":"45","stop_id":"13219","stop_lat":33.938412,"stop_lon":-118.278516,"stop_sequence":56,"segment_first_lat":33.9392037462,"segment_first_lon":-118.2783640186,"segment_second_lat":33.9384123644,"segment_second_lon":-118.2783643563,"segment_sequence":550005,"segment_id":28,"segment_len_meter":87.9976467132237,"segment_cum_len":18751.581544280736,"stop_segment_distance":15.139358585366551}
{"route_id":"460","stop_id":"10640","stop_lat":33.858624,"stop_lon":-117.978804,"stop_sequence":66,"segment_first_lat":33.8585801411,"segment_first_lon":-117.9779181856,"segment_second_lat":33.8585803003,"segment_second_lon":-117.9788041809,"segment_sequence":660023,"segment_id":33,"segment_len_meter":81.81100480120972,"segment_cum_len":54848.827266453234,"stop_segment_distance":4.987747197162349}
{"route_id":"460","stop_id":"371","stop_lat":33.863102,"stop_lon":-117.99823,"stop_sequence":55,"segment_first_lat":33.8631023132,"segment_first_lon":-117.9980746404,"segment_second_lat":33.8628385224,"segment_second_lon":-117.9980720114,"segment_sequence":560001,"segment_id":28,"segment_len_meter":29.33320307544749,"segment_cum_len":49560.566795075254,"stop_segment_distance":17.739852119594598}
{"route_id":"487","stop_id":"7776","stop_lat":34.102308,"stop_lon":-118.105746,"stop_sequence":16,"segment_first_lat":34.1024350531,"segment_first_lon":-118.1057504172,"segment_second_lat":34.1024492668,"segment_second_lon":-118.1048909241,"segment_sequence":160001,"segment_id":8,"segment_len_meter":79.15227673478893,"segment_cum_len":18175.258165447634,"stop_segment_distance":15.26283440865025}
{"route_id":"55","stop_id":"8627","stop_lat":34.008775,"stop_lon":-118.247731,"stop_sequence":38,"segment_first_lat":34.0086772416,"segment_first_lon":-118.2477492494,"segment_second_lat":34.0089032863,"segment_second_lon":-118.2494010322,"segment_sequence":380001,"segment_id":19,"segment_len_meter":154.3142446239915,"segment_cum_len":11092.871087594769,"stop_segment_distance":11.280420012134869}
{"route_id":"60","stop_id":"12710","stop_lat":33.985698,"stop_lon":-118.225341,"stop_sequence":35,"segment_first_lat":33.9860447336,"segment_first_lon":-118.2251898631,"segment_second_lat":33.9856985054,"segment_second_lon":-118.225188932,"segment_sequence":340003,"segment_id":17,"segment_len_meter":38.498915015107556,"segment_cum_len":11002.962507975457,"stop_segment_distance":16.517875155814366}
{"route_id":"66","stop_id":"30010","stop_lat":34.00656,"stop_lon":-118.124931,"stop_sequence":66,"segment_first_lat":34.0062107617,"segment_first_lon":-118.1252105773,"segment_second_lat":34.006591803,"segment_second_lon":-118.1250286855,"segment_sequence":650005,"segment_id":33,"segment_len_meter":45.566619733987444,"segment_cum_len":20639.994378940024,"stop_segment_distance":10.71396152840532}
{"route_id":"66","stop_id":"7433","stop_lat":34.057794,"stop_lon":-118.308519,"stop_sequence":3,"segment_first_lat":34.0578839194,"segment_first_lon":-118.308449837,"segment_second_lat":34.0578439872,"segment_second_lon":-118.3083767261,"segment_sequence":30001,"segment_id":2,"segment_len_meter":8.067074716011696,"segment_cum_len":797.5125946975605,"stop_segment_distance":18.025466744859756}
{"route_id":"68","stop_id":"3161","stop_lat":34.042894,"stop_lon":-118.248198,"stop_sequence":46,"segment_first_lat":34.043137941,"segment_first_lon":-118.2485524016,"segment_second_lat":34.0428949338,"segment_second_lon":-118.2481981503,"segment_sequence":450007,"segment_id":23,"segment_len_meter":42.373517410728375,"segment_cum_len":17671.274671956864,"stop_segment_distance":0.18169407974382779}
{"route_id":"687","stop_id":"10392","stop_lat":34.131463,"stop_lon":-118.150482,"stop_sequence":35,"segment_first_lat":34.1314627576,"segment_first_lon":-118.1503290489,"segment_second_lat":34.131045085,"segment_second_lon":-118.1503259847,"segment_sequence":350001,"segment_id":18,"segment_len_meter":46.44393047032293,"segment_cum_len":9320.07034028767,"stop_segment_distance":16.272177040483378}
{"route_id":"704","stop_id":"6040","stop_lat":34.057689,"stop_lon":-118.423718,"stop_sequence":10,"segment_first_lat":34.0578033978,"segment_first_lon":-118.4238330039,"segment_second_lat":34.0584756423,"segment_second_lon":-118.4228604678,"segment_sequence":100001,"segment_id":5,"segment_len_meter":116.68009997815767,"segment_cum_len":9227.120266488662,"stop_segment_distance":17.73739573520419}
{"route_id":"733","stop_id":"140728","stop_lat":34.043936,"stop_lon":-118.300086,"stop_sequence":16,"segment_first_lat":34.0437983214,"segment_first_lon":-118.3000524038,"segment_second_lat":34.0437400041,"segment_second_lon":-118.3004090291,"segment_sequence":160001,"segment_id":8,"segment_len_meter":33.49222464890276,"segment_cum_len":9523.255656898957,"stop_segment_distance":19.01581019879371}
{"route_id":"733","stop_id":"15282","stop_lat":34.006434,"stop_lon":-118.428939,"stop_sequence":29,"segment_first_lat":34.0074830562,"segment_first_lon":-118.426803209,"segment_second_lat":34.0063293698,"segment_second_lon":-118.4288545689,"segment_sequence":280015,"segment_id":14,"segment_len_meter":228.49806622504929,"segment_cum_len":22741.589040670406,"stop_segment_distance":14.334368022275697}
{"route_id":"744","stop_id":"15582","stop_lat":34.224935,"stop_lon":-118.44867,"stop_sequence":13,"segment_first_lat":34.2247753885,"segment_first_lon":-118.4487883332,"segment_second_lat":34.2249110375,"segment_second_lon":-118.448814535,"segment_sequence":120007,"segment_id":6,"segment_len_meter":15.274640543649504,"segment_cum_len":12387.59135309043,"stop_segment_distance":19.095605592914985}
{"route_id":"744","stop_id":"73400","stop_lat":34.154562,"stop_lon":-118.466009,"stop_sequence":1,"segment_first_lat":34.154562952,"segment_first_lon":-118.466164025,"segment_second_lat":34.154792146,"segment_second_lon":-118.4661590233,"segment_sequence":10001,"segment_id":1,"segment_len_meter":25.489365426401122,"segment_cum_len":25.489365426401122,"stop_segment_distance":17.85289270221333}
{"route_id":"81","stop_id":"11997","stop_lat":34.12663,"stop_lon":-118.186886,"stop_sequence":19,"segment_first_lat":34.1271689192,"segment_first_lon":-118.1869697615,"segment_second_lat":34.1266966239,"segment_second_lon":-118.1867506257,"segment_sequence":180006,"segment_id":9,"segment_len_meter":56.25724559667181,"segment_cum_len":5226.7935051901095,"stop_segment_distance":18.658466309266572}
{"route_id":"94","stop_id":"10363","stop_lat":34.191841,"stop_lon":-118.343117,"stop_sequence":35,"segment_first_lat":34.1919401509,"segment_first_lon":-118.3431139836,"segment_second_lat":34.1919288695,"segment_second_lon":-118.3423434466,"segment_sequence":350001,"segment_id":18,"segment_len_meter":70.8819821700092,"segment_cum_len":15917.158682556232,"stop_segment_distance":11.9627007823633}
{"route_id":"94","stop_id":"16381","stop_lat":34.056366,"stop_lon":-118.244805,"stop_sequence":86,"segment_first_lat":34.056415481,"segment_first_lon":-118.2445937782,"segment_second_lat":34.0563011922,"segment_second_lon":-118.2447182392,"segment_sequence":850024,"segment_id":43,"segment_len_meter":17.116253580470083,"segment_cum_len":37900.575909872125,"stop_segment_distance":13.866862624819035}
{"route_id":"DSE","stop_id":"30005","stop_lat":33.869338,"stop_lon":-118.287306,"stop_sequence":6,"segment_first_lat":33.869311,"segment_first_lon":-118.28728,"segment_second_lat":34.05550814,"segment_second_lon":-118.2369929,"segment_sequence":524,"segment_id":0,"segment_len_meter":21217.249766403373,"segment_cum_len":51300.13683157311,"stop_segment_distance":1.438466938707279}
