{"route_id":"111","stop_id":"7639","stop_lat":33.974484,"stop_lon":-118.29646,"stop_sequence":31,"segment_first_lat":33.9746012161,"segment_first_lon":-118.298083119,"segment_second_lat":33.9746098856,"segment_second_lon":-118.2964604153,"segment_sequence":300003,"segment_id":15,"segment_len_meter":149.63638128259478,"segment_cum_len":11572.904300626817,"stop_segment_distance":14.59963365071286}
{"route_id":"125","stop_id":"3194","stop_lat":33.901802,"stop_lon":-118.320153,"stop_sequence":22,"segment_first_lat":33.90193126,"segment_first_lon":-118.3201525357,"segment_second_lat":33.9019306228,"segment_second_lon":-118.3180055912,"segment_sequence":220001,"segment_id":11,"segment_len_meter":198.1438070698612,"segment_cum_len":9682.225888145522,"stop_segment_distance":14.931499390866378}
{"route_id":"125","stop_id":"924","stop_lat":33.901796,"stop_lon":-118.32599,"stop_sequence":20,"segment_first_lat":33.9019296931,"segment_first_lon":-118.3263725661,"segment_second_lat":33.9019244163,"segment_second_lon":-118.3259869856,"segment_sequence":190005,"segment_id":10,"segment_len_meter":35.59047362184629,"segment_cum_len":8945.605390513727,"stop_segment_distance":17.000935563343063}
{"route_id":"128","stop_id":"17249","stop_lat":33.888852,"stop_lon":-118.200932,"stop_sequence":38,"segment_first_lat":33.8887329663,"segment_first_lon":-118.1999995812,"segment_second_lat":33.8887267442,"segment_second_lon":-118.2009320101,"segment_sequence":370006,"segment_id":19,"segment_len_meter":86.07095902736413,"segment_cum_len":18167.69181722933,"stop_segment_distance":14.935838515013728}
{"route_id":"130","stop_id":"642","stop_lat":33.865755,"stop_lon":-118.095309,"stop_sequence":2,"segment_first_lat":33.8656533568,"segment_first_lon":-118.0953090925,"segment_second_lat":33.8656368486,"segment_second_lon":-118.0984119668,"segment_sequence":20001,"segment_id":1,"segment_len_meter":286.4952737871538,"segment_cum_len":995.677343179318,"stop_segment_distance":11.60577132593994}
{"route_id":"155","stop_id":"30003","stop_lat":34.179294,"stop_lon":-118.312829,"stop_sequence":57,"segment_first_lat":34.1797573156,"segment_first_lon":-118.3133762865,"segment_second_lat":34.1793199747,"segment_second_lon":-118.3127983535,"segment_sequence":560017,"segment_id":28,"segment_len_meter":72.05047144015482,"segment_cum_len":22057.68403905529,"stop_segment_distance":4.018343538728061}
{"route_id":"167","stop_id":"1840","stop_lat":34.14496,"stop_lon":-118.41176,"stop_sequence":96,"segment_first_lat":34.1447869893,"segment_first_lon":-118.4116802089,"segment_second_lat":34.1448069272,"segment_second_lon":-118.4117966421,"segment_sequence":950018,"segment_id":48,"segment_len_meter":10.941987462940709,"segment_cum_len":38371.68570180757,"stop_segment_distance":27.001397969073047}
{"route_id":"169","stop_id":"15495","stop_lat":34.187814,"stop_lon":-118.601709,"stop_sequence":3,"segment_first_lat":34.1877160865,"segment_first_lon":-118.601685498,"segment_second_lat":34.1876645789,"segment_second_lon":-118.6019860365,"segment_sequence":30001,"segment_id":2,"segment_len_meter":28.23079065322005,"segment_cum_len":722.9664367457477,"stop_segment_distance":13.289358280231607}
{"route_id":"169","stop_id":"6071","stop_lat":34.208294,"stop_lon":-118.505172,"stop_sequence":75,"segment_first_lat":34.2084193604,"segment_first_lon":-118.5051726558,"segment_second_lat":34.2084206798,"segment_second_lon":-118.5043954007,"segment_sequence":750001,"segment_id":38,"segment_len_meter":71.47495784271985,"segment_cum_len":30624.74068174749,"stop_segment_distance":15.255122249504169}
{"route_id":"183","stop_id":"20154","stop_lat":34.173174,"stop_lon":-118.330712,"stop_sequence":38,"segment_first_lat":34.1730037821,"segment_first_lon":-118.331636859,"segment_second_lat":34.1732911205,"segment_second_lon":-118.3307668454,"segment_sequence":370007,"segment_id":19,"segment_len_meter":86.17973048439887,"segment_cum_len":15258.646759581223,"stop_segment_distance":14.95034834870485}
{"route_id":"20","stop_id":"16762","stop_lat":34.06722,"stop_lon":-118.408981,"stop_sequence":55,"segment_first_lat":34.0670943728,"segment_first_lon":-118.4089799185,"segment_second_lat":34.0670951677,"segment_second_lon":-118.4094752075,"segment_sequence":550001,"segment_id":28,"segment_len_meter":45.62209410914759,"segment_cum_len":16208.228652342856,"stop_segment_distance":15.938956035193087}
{"route_id":"20","stop_id":"16775","stop_lat":34.061782,"stop_lon":-118.433601,"stop_sequence":61,"segment_first_lat":34.0616826048,"segment_first_lon":-118.4335058066,"segment_second_lat":34.0615533102,"segment_second_lon":-118.4336989455,"segment_sequence":610001,"segment_id":31,"segment_len_meter":22.87431421953982,"segment_cum_len":18796.754438290576,"stop_segment_distance":18.21645479591499}
{"route_id":"204","stop_id":"5669","stop_lat":33.979434,"stop_lon":-118.291464,"stop_sequence":21,"segment_first_lat":33.97943402,"segment_first_lon":-118.2916156076,"segment_second_lat":33.9798516912,"segment_second_lon":-118.2916170621,"segment_sequence":210001,"segment_id":11,"segment_len_meter":46.44311208902259,"segment_cum_len":6211.208555536739,"stop_segment_distance":16.078315302734765}
{"route_id":"210","stop_id":"25400131","stop_lat":34.061313,"stop_lon":-118.31948,"stop_sequence":25,"segment_first_lat":34.0612621451,"segment_first_lon":-118.3193439001,"segment_second_lat":34.059256291,"segment_second_lon":-118.3204492061,"segment_sequence":250001,"segment_id":13,"segment_len_meter":245.18262473699497,"segment_cum_len":7968.80181165145,"stop_segment_distance":14.076651513387844}
{"route_id":"212","stop_id":"2497","stop_lat":34.101756,"stop_lon":-118.326991,"stop_sequence":2,"segment_first_lat":34.1016280803,"segment_first_lon":-118.3269901731,"segment_second_lat":34.1016205137,"segment_second_lon":-118.3281594954,"segment_sequence":20001,"segment_id":1,"segment_len_meter":107.66786745604865,"segment_cum_len":480.1405636385697,"stop_segment_distance":15.194388477123567}
{"route_id":"232","stop_id":"23200069","stop_lat":33.782876,"stop_lon":-118.21907,"stop_sequence":16,"segment_first_lat":33.782758271,"segment_first_lon":-118.2187376624,"segment_second_lat":33.7827488803,"segment_second_lon":-118.2190663783,"segment_sequence":150006,"segment_id":8,"segment_len_meter":30.397821490787972,"segment_cum_len":5061.577665539789,"stop_segment_distance":17.129168271742348}
{"route_id":"233","stop_id":"440","stop_lat":34.164622,"stop_lon":-118.448525,"stop_sequence":6,"segment_first_lat":34.1639539482,"segment_first_lon":-118.4486434632,"segment_second_lat":34.1646216912,"segment_second_lon":-118.4486424206,"segment_sequence":50005,"segment_id":3,"segment_len_meter":74.24969586642554,"segment_cum_len":1584.6053045010544,"stop_segment_distance":11.6330449931137}
{"route_id":"246","stop_id":"3824","stop_lat":33.753675,"stop_lon":-118.290325,"stop_sequence":26,"segment_first_lat":33.7536666787,"segment_first_lon":-118.2904841104,"segment_second_lat":33.7538040546,"segment_second_lon":-118.290489849,"segment_sequence":260001,"segment_id":13,"segment_len_meter":15.284713562931227,"segment_cum_len":5989.455510636121,"stop_segment_distance":20.387565492021064}
{"route_id":"265","stop_id":"4269","stop_lat":33.930175,"stop_lon":-118.147134,"stop_sequence":37,"segment_first_lat":33.9297732368,"segment_first_lon":-118.1476243901,"segment_second_lat":33.9302421845,"segment_second_lon":-118.1472639217,"segment_sequence":360005,"segment_id":18,"segment_len_meter":61.847323425059365,"segment_cum_len":14185.646068689604,"stop_segment_distance":15.859465711323729}
{"route_id":"266","stop_id":"13071","stop_lat":34.078105,"stop_lon":-118.072944,"stop_sequence":57,"segment_first_lat":34.0781018627,"segment_first_lon":-118.073096473,"segment_second_lat":34.0785552527,"segment_second_lon":-118.0731090878,"segment_sequence":570001,"segment_id":29,"segment_len_meter":50.42805322437255,"segment_cum_len":29888.15942885118,"stop_segment_distance":15.942675611739645}
{"route_id":"268","stop_id":"10169","stop_lat":34.158506,"stop_lon":-118.094523,"stop_sequence":54,"segment_first_lat":34.158380815,"segment_first_lon":-118.0945191165,"segment_second_lat":34.1582989817,"segment_second_lon":-118.0982442981,"segment_sequence":540001,"segment_id":27,"segment_len_meter":342.88434718078673,"segment_cum_len":22253.68098527245,"stop_segment_distance":14.219081348328814}
{"route_id":"35","stop_id":"3","stop_lat":34.025471,"stop_lon":-118.328402,"stop_sequence":18,"segment_first_lat":34.0256019969,"segment_first_lon":-118.3286237846,"segment_second_lat":34.0256009499,"segment_second_lon":-118.3284026635,"segment_sequence":170006,"segment_id":9,"segment_len_meter":20.37818518219536,"segment_cum_len":5717.058924414481,"stop_segment_distance":19.170064767494296}
{"route_id":"40","stop_id":"30000","stop_lat":34.055394,"stop_lon":-118.233118,"stop_sequence":2,"segment_first_lat":34.0554015379,"segment_first_lon":-118.2331926585,"segment_second_lat":34.0558968764,"segment_second_lon":-118.2331032496,"segment_sequence":20001,"segment_id":1,"segment_len_meter":55.69159876204993,"segment_cum_len":929.4578015825746,"stop_segment_distance":7.170983731480675}
{"route_id":"487","stop_id":"12384","stop_lat":34.159097,"stop_lon":-118.031894,"stop_sequence":67,"segment_first_lat":34.1590994517,"segment_first_lon":-118.0317734303,"segment_second_lat":34.1587971874,"segment_second_lon":-118.0317680266,"segment_sequence":670001,"segment_id":34,"segment_len_meter":33.61393410177017,"segment_cum_len":34970.6362589565,"stop_segment_distance":12.778440097277262}
{"route_id":"51","stop_id":"249","stop_lat":34.006745,"stop_lon":-118.265387,"stop_sequence":38,"segment_first_lat":34.0075532747,"segment_first_lon":-118.2652479774,"segment_second_lat":34.0067454273,"segment_second_lon":-118.2652368389,"segment_sequence":370004,"segment_id":19,"segment_len_meter":89.83439970913327,"segment_cum_len":9813.670593977655,"stop_segment_distance":14.792169386729}
{"route_id":"534","stop_id":"12717","stop_lat":34.039536,"stop_lon":-118.670624,"stop_sequence":19,"segment_first_lat":34.0394121129,"segment_first_lon":-118.6705970736,"segment_second_lat":34.0393473356,"segment_second_lon":-118.671028966,"segment_sequence":190001,"segment_id":10,"segment_len_meter":40.442039558203426,"segment_cum_len":19129.711609483154,"stop_segment_distance":16.36245627710189}
{"route_id":"550","stop_id":"17560","stop_lat":33.732376,"stop_lon":-118.296424,"stop_sequence":9,"segment_first_lat":33.7324466578,"segment_first_lon":-118.2964244861,"segment_second_lat":33.7324465472,"segment_second_lon":-118.2956878101,"segment_sequence":90001,"segment_id":5,"segment_len_meter":68.12346915140596,"segment_cum_len":2123.469593102918,"stop_segment_distance":8.262451256622114}
{"route_id":"685","stop_id":"10302","stop_lat":34.105049,"stop_lon":-118.238285,"stop_sequence":28,"segment_first_lat":34.1050797167,"segment_first_lon":-118.2381422537,"segment_second_lat":34.1049448873,"segment_second_lon":-118.2380959528,"segment_sequence":280001,"segment_id":14,"segment_len_meter":15.586635107890343,"segment_cum_len":8188.628138406859,"stop_segment_distance":18.896755038348182}
{"route_id":"685","stop_id":"15424","stop_lat":34.131002,"stop_lon":-118.233052,"stop_sequence":15,"segment_first_lat":34.132133805,"segment_first_lon":-118.2331275034,"segment_second_lat":34.131024919,"segment_second_lon":-118.2329036763,"segment_sequence":140003,"segment_id":7,"segment_len_meter":125.0116993562208,"segment_cum_len":4853.611006967689,"stop_segment_distance":14.918894044443093}
{"route_id":"76","stop_id":"13561","stop_lat":34.05007,"stop_lon":-118.254268,"stop_sequence":65,"segment_first_lat":34.0499951488,"segment_first_lon":-118.2541438916,"segment_second_lat":34.048859251,"segment_second_lon":-118.2551525782,"segment_sequence":650001,"segment_id":33,"segment_len_meter":156.81029857311745,"segment_cum_len":24067.940866890363,"stop_segment_distance":14.706992998238775}
{"route_id":"76","stop_id":"15034","stop_lat":34.073258,"stop_lon":-118.17086,"stop_sequence":38,"segment_first_lat":34.0731695147,"segment_first_lon":-118.1707581675,"segment_second_lat":34.0730376685,"segment_second_lon":-118.1709160696,"segment_sequence":380001,"segment_id":19,"segment_len_meter":20.650695074530198,"segment_cum_len":13324.194075389732,"stop_segment_distance":17.980794072959796}
{"route_id":"92","stop_id":"10784","stop_lat":34.237491,"stop_lon":-118.374247,"stop_sequence":96,"segment_first_lat":34.2369038307,"segment_first_lon":-118.3738207172,"segment_second_lat":34.2374091434,"segment_second_lon":-118.3743619562,"segment_sequence":950004,"segment_id":48,"segment_len_meter":75.05066256913449,"segment_cum_len":30873.81362414638,"stop_segment_distance":15.043672295542024}
{"route_id":"92","stop_id":"5292","stop_lat":34.04141,"stop_lon":-118.255014,"stop_sequence":2,"segment_first_lat":34.0412162554,"segment_first_lon":-118.2555775299,"segment_second_lat":34.0415112735,"segment_second_lon":-118.255106406,"segment_sequence":10008,"segment_id":1,"segment_len_meter":54.41050162863291,"segment_cum_len":300.9503219073096,"stop_segment_distance":15.922510010962078}
{"route_id":"94","stop_id":"5133","stop_lat":34.053811,"stop_lon":-118.247234,"stop_sequence":87,"segment_first_lat":34.0543477817,"segment_first_lon":-118.246585068,"segment_second_lat":34.0537498097,"segment_second_lon":-118.2471402444,"segment_sequence":860005,"segment_id":43,"segment_len_meter":83.88712293108499,"segment_cum_len":38261.5590948598,"stop_segment_distance":11.587029953842475}
