{"route_id":"102","stop_id":"1955","stop_lat":33.974605,"stop_lon":-118.238336,"stop_sequence":81,"segment_first_lat":33.9747327973,"segment_first_lon":-118.2389625795,"segment_second_lat":33.9747321133,"segment_second_lon":-118.2383359119,"segment_sequence":800007,"segment_id":40,"segment_len_meter":57.78643830209997,"segment_cum_len":26842.690251660246,"stop_segment_distance":15.848074529062387}
{"route_id":"108","stop_id":"36557","stop_lat":33.983856,"stop_lon":-118.393895,"stop_sequence":5,"segment_first_lat":33.9839276618,"segment_first_lon":-118.3939327854,"segment_second_lat":33.9839939001,"segment_second_lon":-118.3937599194,"segment_sequence":50001,"segment_id":3,"segment_len_meter":17.558138136749612,"segment_cum_len":2489.759559074432,"stop_segment_distance":10.89324031049297}
{"route_id":"110","stop_id":"623","stop_lat":33.976453,"stop_lon":-118.36149,"stop_sequence":14,"segment_first_lat":33.9767228757,"segment_first_lon":-118.3631501826,"segment_second_lat":33.9765803517,"segment_second_lon":-118.3614730257,"segment_sequence":130003,"segment_id":7,"segment_len_meter":155.46070411167923,"segment_cum_len":6380.340840469818,"stop_segment_distance":14.785651329457494}
{"route_id":"115","stop_id":"1555","stop_lat":33.959979,"stop_lon":-118.274097,"stop_sequence":43,"segment_first_lat":33.9600967453,"segment_first_lon":-118.2778992332,"segment_second_lat":33.9601054447,"segment_second_lon":-118.2740970512,"segment_sequence":420001,"segment_id":21,"segment_len_meter":350.66916357858753,"segment_cum_len":11527.13485739186,"stop_segment_distance":14.307986698343484}
{"route_id":"115","stop_id":"18303","stop_lat":33.957111,"stop_lon":-118.229033,"stop_sequence":56,"segment_first_lat":33.9577120694,"segment_first_lon":-118.2307624272,"segment_second_lat":33.957235132,"segment_second_lon":-118.2289850523,"segment_sequence":550003,"segment_id":28,"segment_len_meter":172.29387610219933,"segment_cum_len":15814.566409088531,"stop_segment_distance":15.143532689369835}
{"route_id":"130","stop_id":"10847","stop_lat":33.852058,"stop_lon":-118.39727,"stop_sequence":79,"segment_first_lat":33.8523078345,"segment_first_lon":-118.3972814879,"segment_second_lat":33.8520952637,"segment_second_lon":-118.3971642227,"segment_sequence":780012,"segment_id":39,"segment_len_meter":25.999265392217634,"segment_cum_len":36813.95937089831,"stop_segment_distance":12.41181508150962}
{"route_id":"130","stop_id":"13334","stop_lat":33.872933,"stop_lon":-118.248852,"stop_sequence":34,"segment_first_lat":33.8729329472,"segment_first_lon":-118.2487000992,"segment_second_lat":33.8727955565,"segment_second_lon":-118.2486996916,"segment_sequence":340001,"segment_id":17,"segment_len_meter":15.277195153673395,"segment_cum_len":17012.403245731897,"stop_segment_distance":19.514334266639032}
{"route_id":"150","stop_id":"6996","stop_lat":34.16679,"stop_lon":-118.531434,"stop_sequence":30,"segment_first_lat":34.1669033038,"segment_first_lon":-118.5313672061,"segment_second_lat":34.1666741094,"segment_second_lon":-118.5308083814,"segment_sequence":300001,"segment_id":15,"segment_len_meter":57.383559066311804,"segment_cum_len":11023.33807818895,"stop_segment_distance":15.618027456072653}
{"route_id":"154","stop_id":"15881","stop_lat":34.177766,"stop_lon":-118.341469,"stop_sequence":11,"segment_first_lat":34.1777338987,"segment_first_lon":-118.3411545341,"segment_second_lat":34.1776471668,"segment_second_lon":-118.3414107458,"segment_sequence":100006,"segment_id":5,"segment_len_meter":25.466081916348617,"segment_cum_len":4951.394150228431,"stop_segment_distance":17.94044698590721}
{"route_id":"167","stop_id":"18218","stop_lat":34.164628,"stop_lon":-118.413861,"stop_sequence":86,"segment_first_lat":34.1649027677,"segment_first_lon":-118.4137429475,"segment_second_lat":34.164627983,"segment_second_lon":-118.4137415868,"segment_sequence":850005,"segment_id":43,"segment_len_meter":30.55492103343193,"segment_cum_len":34471.573460858504,"stop_segment_distance":12.857754531631862}
{"route_id":"18","stop_id":"13533","stop_lat":34.014364,"stop_lon":-118.130252,"stop_sequence":69,"segment_first_lat":34.0146718392,"segment_first_lon":-118.1300046554,"segment_second_lat":34.0143348494,"segment_second_lon":-118.1300998261,"segment_sequence":680003,"segment_id":34,"segment_len_meter":38.484566182901915,"segment_cum_len":19066.520776242014,"stop_segment_distance":17.037856207071982}
{"route_id":"180","stop_id":"3672","stop_lat":34.154143,"stop_lon":-118.132244,"stop_sequence":78,"segment_first_lat":34.1523483673,"segment_first_lon":-118.1323507227,"segment_second_lat":34.1541399297,"segment_second_lon":-118.1323965293,"segment_sequence":770003,"segment_id":39,"segment_len_meter":199.2572365677159,"segment_cum_len":23733.426990650994,"stop_segment_distance":14.577773772437098}
{"route_id":"20","stop_id":"16701","stop_lat":34.057995,"stop_lon":-118.275596,"stop_sequence":12,"segment_first_lat":34.0574059812,"segment_first_lon":-118.2746799568,"segment_second_lat":34.0578724905,"segment_second_lon":-118.2756795384,"segment_sequence":110003,"segment_id":6,"segment_len_meter":105.68941014439626,"segment_cum_len":3696.6262423033104,"stop_segment_distance":16.778877935858915}
{"route_id":"20","stop_id":"16747","stop_lat":34.067217,"stop_lon":-118.40182,"stop_sequence":51,"segment_first_lat":34.0670842143,"segment_first_lon":-118.4012765376,"segment_second_lat":34.0670878987,"segment_second_lon":-118.4018213686,"segment_sequence":500014,"segment_id":25,"segment_len_meter":50.18709336350687,"segment_cum_len":15503.188812632465,"stop_segment_distance":16.360281393026945}
{"route_id":"202","stop_id":"13924","stop_lat":33.846847,"stop_lon":-118.211818,"stop_sequence":38,"segment_first_lat":33.8466465205,"segment_first_lon":-118.2116790016,"segment_second_lat":33.8469130997,"segment_second_lon":-118.2116559633,"segment_sequence":350007,"segment_id":18,"segment_len_meter":29.718511980702512,"segment_cum_len":14670.441862254682,"stop_segment_distance":12.677303874757857}
{"route_id":"207","stop_id":"5731","stop_lat":33.999945,"stop_lon":-118.308761,"stop_sequence":25,"segment_first_lat":33.9991700792,"segment_first_lon":-118.3089194203,"segment_second_lat":33.999944991,"segment_second_lon":-118.3089140317,"segment_sequence":240009,"segment_id":12,"segment_len_meter":86.16769262822959,"segment_cum_len":9937.887771785403,"stop_segment_distance":15.335585608265404}
{"route_id":"233","stop_id":"276","stop_lat":34.235696,"stop_lon":-118.450091,"stop_sequence":30,"segment_first_lat":34.2356956218,"segment_first_lon":-118.4502449113,"segment_second_lat":34.2390480705,"segment_second_lon":-118.4502414861,"segment_sequence":300001,"segment_id":15,"segment_len_meter":372.77542025260357,"segment_cum_len":9891.848174330924,"stop_segment_distance":14.363288436616585}
{"route_id":"256","stop_id":"10227","stop_lat":34.089174,"stop_lon":-118.183173,"stop_sequence":43,"segment_first_lat":34.0878786369,"segment_first_lon":-118.1838246131,"segment_second_lat":34.0892064026,"segment_second_lon":-118.1832852199,"segment_sequence":420001,"segment_id":21,"segment_len_meter":155.77262680725096,"segment_cum_len":12604.58648220473,"stop_segment_distance":11.208809117152924}
{"route_id":"258","stop_id":"13393","stop_lat":33.985484,"stop_lon":-118.162266,"stop_sequence":61,"segment_first_lat":33.9854672541,"segment_first_lon":-118.1621047305,"segment_second_lat":33.9834389045,"segment_second_lon":-118.162427363,"segment_sequence":610002,"segment_id":31,"segment_len_meter":227.49544136587662,"segment_cum_len":22891.645749945463,"stop_segment_distance":15.38025040095576}
{"route_id":"258","stop_id":"1951","stop_lat":34.044088,"stop_lon":-118.173366,"stop_sequence":35,"segment_first_lat":34.0441879103,"segment_first_lon":-118.1733658801,"segment_second_lat":34.044190728,"segment_second_lon":-118.1727420019,"segment_sequence":350001,"segment_id":18,"segment_len_meter":57.48298784465257,"segment_cum_len":14374.150345936661,"stop_segment_distance":12.243520665440158}
{"route_id":"265","stop_id":"8296","stop_lat":34.000132,"stop_lon":-118.081345,"stop_sequence":61,"segment_first_lat":34.0008149401,"segment_first_lon":-118.0825958551,"segment_second_lat":34.0002445568,"segment_second_lon":-118.0812769171,"segment_sequence":600002,"segment_id":30,"segment_len_meter":137.133293424524,"segment_cum_len":24926.496435512843,"stop_segment_distance":14.936774548741795}
{"route_id":"266","stop_id":"17871","stop_lat":34.016821,"stop_lon":-118.07878,"stop_sequence":48,"segment_first_lat":34.0168610194,"segment_first_lon":-118.0789290093,"segment_second_lat":34.0169913022,"segment_second_lon":-118.0788763338,"segment_sequence":480001,"segment_id":24,"segment_len_meter":15.278649883187569,"segment_cum_len":22326.941992838183,"stop_segment_distance":20.07283724055243}
{"route_id":"268","stop_id":"14323","stop_lat":34.085944,"stop_lon":-118.029125,"stop_sequence":10,"segment_first_lat":34.0858254011,"segment_first_lon":-118.0294449924,"segment_second_lat":34.0860257699,"segment_second_lon":-118.0292412912,"segment_sequence":90012,"segment_id":5,"segment_len_meter":29.125644840676546,"segment_cum_len":2801.7669945776356,"stop_segment_distance":17.20777233088557}
{"route_id":"4","stop_id":"14416","stop_lat":34.090894,"stop_lon":-118.313393,"stop_sequence":41,"segment_first_lat":34.0907777769,"segment_first_lon":-118.3113980489,"segment_second_lat":34.0907676726,"segment_second_lon":-118.3133929167,"segment_sequence":400003,"segment_id":20,"segment_len_meter":183.70312463835575,"segment_cum_len":12606.317857452894,"stop_segment_distance":14.505072633037628}
{"route_id":"45","stop_id":"16952","stop_lat":34.048496,"stop_lon":-118.248723,"stop_sequence":20,"segment_first_lat":34.0484444405,"segment_first_lon":-118.2486414507,"segment_second_lat":34.0474031749,"segment_second_lon":-118.2496214258,"segment_sequence":200001,"segment_id":10,"segment_len_meter":146.82537731430352,"segment_cum_len":5692.0453094434615,"stop_segment_distance":9.655714483221459}
{"route_id":"460","stop_id":"602","stop_lat":33.898548,"stop_lon":-118.046725,"stop_sequence":37,"segment_first_lat":33.8985485262,"segment_first_lon":-118.0465720859,"segment_second_lat":33.897628005,"segment_second_lon":-118.0465666316,"segment_sequence":380001,"segment_id":19,"segment_len_meter":102.35852520761107,"segment_cum_len":41062.9655890411,"stop_segment_distance":15.092489238275661}
{"route_id":"487","stop_id":"30020","stop_lat":34.072197,"stop_lon":-118.045125,"stop_sequence":95,"segment_first_lat":34.0720155426,"segment_first_lon":-118.0444513297,"segment_second_lat":34.0720149716,"segment_second_lon":-118.0459768846,"segment_sequence":940025,"segment_id":47,"segment_len_meter":140.5136065433712,"segment_cum_len":45793.30489477575,"stop_segment_distance":5.766603869612339}
{"route_id":"53","stop_id":"4861","stop_lat":34.042001,"stop_lon":-118.240125,"stop_sequence":71,"segment_first_lat":34.0416745383,"segment_first_lon":-118.2398007236,"segment_second_lat":34.0419218833,"segment_second_lon":-118.240196879,"segment_sequence":700003,"segment_id":35,"segment_len_meter":45.7034315267856,"segment_cum_len":23016.192338377605,"stop_segment_distance":12.32401572399666}
{"route_id":"534","stop_id":"11613","stop_lat":34.034994,"stop_lon":-118.703535,"stop_sequence":26,"segment_first_lat":34.0354476988,"segment_first_lon":-118.7034336885,"segment_second_lat":34.0350099855,"segment_second_lon":-118.7033811589,"segment_sequence":250015,"segment_id":13,"segment_len_meter":48.9115979197355,"segment_cum_len":23055.780331566464,"stop_segment_distance":16.68086145773546}
{"route_id":"55","stop_id":"797","stop_lat":33.93194,"stop_lon":-118.246152,"stop_sequence":8,"segment_first_lat":33.9315905726,"segment_first_lon":-118.2462699427,"segment_second_lat":33.931939547,"segment_second_lon":-118.2462709684,"segment_sequence":70008,"segment_id":4,"segment_len_meter":38.80429819288949,"segment_cum_len":2229.5191402648816,"stop_segment_distance":12.521119116580152}
{"route_id":"60","stop_id":"12712","stop_lat":33.975561,"stop_lon":-118.22531,"stop_sequence":39,"segment_first_lat":33.9769081767,"segment_first_lon":-118.2251553989,"segment_second_lat":33.975561729,"segment_second_lon":-118.2251547471,"segment_sequence":380002,"segment_id":19,"segment_len_meter":149.71816529622447,"segment_cum_len":12130.126502610883,"stop_segment_distance":15.074158218516118}
{"route_id":"605","stop_id":"17150","stop_lat":34.020273,"stop_lon":-118.210272,"stop_sequence":1,"segment_first_lat":34.0203087395,"segment_first_lon":-118.2103503823,"segment_second_lat":34.0209040481,"segment_second_lon":-118.2099647817,"segment_sequence":10001,"segment_id":1,"segment_len_meter":75.13160453940766,"segment_cum_len":75.13160453940766,"stop_segment_distance":8.779783789657941}
{"route_id":"605","stop_id":"17152","stop_lat":34.021702,"stop_lon":-118.204574,"stop_sequence":5,"segment_first_lat":34.0217583132,"segment_first_lon":-118.2047115291,"segment_second_lat":34.0223810835,"segment_second_lon":-118.2043252887,"segment_sequence":50001,"segment_id":3,"segment_len_meter":77.8620666776543,"segment_cum_len":856.4600872636955,"stop_segment_distance":15.188079628646022}
{"route_id":"611","stop_id":"12681","stop_lat":34.003823,"stop_lon":-118.228072,"stop_sequence":46,"segment_first_lat":34.0039712468,"segment_first_lon":-118.2283890043,"segment_second_lat":34.0039581003,"segment_second_lon":-118.2280755262,"segment_sequence":450004,"segment_id":23,"segment_len_meter":28.933510233610935,"segment_cum_len":13549.61617641895,"stop_segment_distance":19.642964925776337}
{"route_id":"611","stop_id":"1687","stop_lat":34.003793,"stop_lon":-118.243576,"stop_sequence":42,"segment_first_lat":34.0039187432,"segment_first_lon":-118.243985079,"segment_second_lat":34.0039195696,"segment_second_lon":-118.2435759569,"segment_sequence":410006,"segment_id":21,"segment_len_meter":37.71319931662894,"segment_cum_len":12120.717535464231,"stop_segment_distance":16.57855431525408}
{"route_id":"66","stop_id":"1596","stop_lat":34.018793,"stop_lon":-118.172521,"stop_sequence":50,"segment_first_lat":34.0189100547,"segment_first_lon":-118.1729835246,"segment_second_lat":34.0189186799,"segment_second_lon":-118.1725248456,"segment_sequence":490008,"segment_id":25,"segment_len_meter":42.2846797205517,"segment_cum_len":15327.281749984717,"stop_segment_distance":16.265869547777136}
{"route_id":"68","stop_id":"16223","stop_lat":34.036739,"stop_lon":-118.140746,"stop_sequence":9,"segment_first_lat":34.0366336991,"segment_first_lon":-118.1390001045,"segment_second_lat":34.0366116208,"segment_second_lon":-118.1407428234,"segment_sequence":80002,"segment_id":4,"segment_len_meter":160.60161368784358,"segment_cum_len":5701.379201596985,"stop_segment_distance":14.86630709541393}
{"route_id":"68","stop_id":"8894","stop_lat":34.040758,"stop_lon":-118.157003,"stop_sequence":14,"segment_first_lat":34.0406293786,"segment_first_lon":-118.1567157068,"segment_second_lat":34.0406276316,"segment_second_lon":-118.157002876,"segment_sequence":130007,"segment_id":7,"segment_len_meter":26.460671940515454,"segment_cum_len":7355.073369316397,"stop_segment_distance":18.123536177695577}
{"route_id":"71","stop_id":"3804","stop_lat":34.056418,"stop_lon":-118.220338,"stop_sequence":18,"segment_first_lat":34.0565368091,"segment_first_lon":-118.2203950539,"segment_second_lat":34.0569838399,"segment_second_lon":-118.2190617726,"segment_sequence":180001,"segment_id":9,"segment_len_meter":132.50312617146878,"segment_cum_len":6425.199071366932,"stop_segment_distance":15.062219152944834}
{"route_id":"734","stop_id":"14981","stop_lat":34.283222,"stop_lon":-118.440916,"stop_sequence":3,"segment_first_lat":34.2833041678,"segment_first_lon":-118.440800847,"segment_second_lat":34.2828448515,"segment_second_lon":-118.4403114543,"segment_sequence":30001,"segment_id":2,"segment_len_meter":68.04592436213322,"segment_cum_len":1715.6060437651229,"stop_segment_distance":15.530409957668894}
{"route_id":"744","stop_id":"276","stop_lat":34.235696,"stop_lon":-118.450091,"stop_sequence":14,"segment_first_lat":34.2356956218,"segment_first_lon":-118.4502449113,"segment_second_lat":34.2390480705,"segment_second_lon":-118.4502414861,"segment_sequence":140001,"segment_id":7,"segment_len_meter":372.77542025260357,"segment_cum_len":13988.548056543501,"stop_segment_distance":14.363288436616585}
{"route_id":"81","stop_id":"12006","stop_lat":34.104933,"stop_lon":-118.20238,"stop_sequence":30,"segment_first_lat":34.1048507125,"segment_first_lon":-118.2023168637,"segment_second_lat":34.1047157963,"segment_second_lon":-118.2024784021,"segment_sequence":300002,"segment_id":15,"segment_len_meter":21.125000313710455,"segment_cum_len":8631.301378752123,"stop_segment_distance":15.51066878754332}
{"route_id":"81","stop_id":"764","stop_lat":34.142624,"stop_lon":-118.224855,"stop_sequence":2,"segment_first_lat":34.1427707175,"segment_first_lon":-118.2259525546,"segment_second_lat":34.1427686415,"segment_second_lon":-118.2248553318,"segment_sequence":10004,"segment_id":1,"segment_len_meter":100.97718144170021,"segment_cum_len":213.81602224635077,"stop_segment_distance":17.422803910406486}
{"route_id":"90","stop_id":"11056","stop_lat":34.205413,"stop_lon":-118.228222,"stop_sequence":38,"segment_first_lat":34.2055288756,"segment_first_lon":-118.228181181,"segment_second_lat":34.2054953793,"segment_second_lon":-118.2280206828,"segment_sequence":380001,"segment_id":19,"segment_len_meter":15.222304363747913,"segment_cum_len":11865.606463265318,"stop_segment_distance":18.853731658399358}
{"route_id":"910","stop_id":"4675","stop_lat":34.044218,"stop_lon":-118.26308,"stop_sequence":11,"segment_first_lat":34.0441554105,"segment_first_lon":-118.2629833406,"segment_second_lat":34.0429510211,"segment_second_lon":-118.264115736,"segment_sequence":110001,"segment_id":6,"segment_len_meter":169.76782015855434,"segment_cum_len":22199.96412903461,"stop_segment_distance":11.695202545048915}
{"route_id":"92","stop_id":"2241","stop_lat":34.290231,"stop_lon":-118.429001,"stop_sequence":113,"segment_first_lat":34.290149377,"segment_first_lon":-118.4291150372,"segment_second_lat":34.2910046267,"segment_second_lon":-118.4300149982,"segment_sequence":1130001,"segment_id":57,"segment_len_meter":126.0139902650263,"segment_cum_len":38740.32986249555,"stop_segment_distance":14.64509387713774}
{"route_id":"94","stop_id":"14211","stop_lat":34.221552,"stop_lon":-118.372879,"stop_sequence":25,"segment_first_lat":34.2222908465,"segment_first_lon":-118.3737255211,"segment_second_lat":34.2216518533,"segment_second_lon":-118.3727808712,"segment_sequence":240005,"segment_id":12,"segment_len_meter":112.2147035423524,"segment_cum_len":10950.790546780561,"stop_segment_distance":15.261861099869279}
{"route_id":"94","stop_id":"14245","stop_lat":34.236013,"stop_lon":-118.390475,"stop_sequence":20,"segment_first_lat":34.2360951196,"segment_first_lon":-118.3903603324,"segment_second_lat":34.2351812753,"segment_second_lon":-118.3893896331,"segment_sequence":200001,"segment_id":10,"segment_len_meter":135.23465072481685,"segment_cum_len":8801.465228211231,"stop_segment_distance":14.757297620307554}
