{"route_id":"10","stop_id":"14915","stop_lat":34.033504,"stop_lon":-118.265139,"stop_sequence":1,"segment_first_lat":34.0334863029,"segment_first_lon":-118.2651011163,"segment_second_lat":34.0331273498,"segment_second_lon":-118.2653884468,"segment_sequence":10001,"segment_id":1,"segment_len_meter":47.897240942126935,"segment_cum_len":47.897240942126935,"stop_segment_distance":3.884916869835486}
{"route_id":"110","stop_id":"9984","stop_lat":33.982332,"stop_lon":-118.273424,"stop_sequence":41,"segment_first_lat":33.9824311127,"segment_first_lon":-118.2734246598,"segment_second_lat":33.9824370742,"segment_second_lon":-118.2717589131,"segment_sequence":410001,"segment_id":21,"segment_len_meter":153.58965752213678,"segment_cum_len":15279.89665969702,"stop_segment_distance":11.402754391519835}
{"route_id":"111","stop_id":"1971","stop_lat":33.962873,"stop_lon":-118.147983,"stop_sequence":68,"segment_first_lat":33.9631616331,"segment_first_lon":-118.1481680134,"segment_second_lat":33.9629753969,"segment_second_lon":-118.1478886924,"segment_sequence":670006,"segment_id":34,"segment_len_meter":33.052043043883565,"segment_cum_len":25466.32890258691,"stop_segment_distance":17.62414946498079}
{"route_id":"111","stop_id":"7644","stop_lat":33.974523,"stop_lon":-118.28734,"stop_sequence":33,"segment_first_lat":33.9746419974,"segment_first_lon":-118.2892307831,"segment_second_lat":33.9746489862,"segment_second_lon":-118.2873409149,"segment_sequence":320007,"segment_id":16,"segment_len_meter":174.27078576730148,"segment_cum_len":12413.876053464619,"stop_segment_distance":14.593413843329984}
{"route_id":"117","stop_id":"1118","stop_lat":33.94314,"stop_lon":-118.24879,"stop_sequence":39,"segment_first_lat":33.943269525,"segment_first_lon":-118.248790215,"segment_second_lat":33.9432632259,"segment_second_lon":-118.2477120765,"segment_sequence":390001,"segment_id":20,"segment_len_meter":99.45674984895219,"segment_cum_len":15371.077924955147,"stop_segment_distance":15.319948639621018}
{"route_id":"120","stop_id":"14869","stop_lat":33.941957,"stop_lon":-118.051187,"stop_sequence":23,"segment_first_lat":33.9418967932,"segment_first_lon":-118.0505343773,"segment_second_lat":33.9418858027,"segment_second_lon":-118.0511838676,"segment_sequence":220005,"segment_id":11,"segment_len_meter":59.92650476253105,"segment_cum_len":8051.88316293116,"stop_segment_distance":8.569607358028904}
{"route_id":"120","stop_id":"36518","stop_lat":33.917159,"stop_lon":-118.130074,"stop_sequence":42,"segment_first_lat":33.9170322066,"segment_first_lon":-118.1300740116,"segment_second_lat":33.917027692,"segment_second_lon":-118.1319527035,"segment_sequence":420001,"segment_id":21,"segment_len_meter":173.35649103659955,"segment_cum_len":19456.732864436948,"stop_segment_distance":14.71277855157797}
{"route_id":"125","stop_id":"17357","stop_lat":33.9025,"stop_lon":-118.257629,"stop_sequence":38,"segment_first_lat":33.9025486711,"segment_first_lon":-118.2593464425,"segment_second_lat":33.9026276296,"segment_second_lon":-118.2576360422,"segment_sequence":370005,"segment_id":19,"segment_len_meter":158.09742504298396,"segment_cum_len":15258.623064073543,"stop_segment_distance":14.705074469663174}
{"route_id":"130","stop_id":"13000038","stop_lat":33.873053,"stop_lon":-118.111219,"stop_sequence":5,"segment_first_lat":33.8729428583,"segment_first_lon":-118.1085404134,"segment_second_lat":33.8729275015,"segment_second_lon":-118.1112186013,"segment_sequence":40011,"segment_id":2,"segment_len_meter":247.26273949274375,"segment_cum_len":3005.4545159814393,"stop_segment_distance":14.288661031833072}
{"route_id":"14","stop_id":"7481","stop_lat":34.032377,"stop_lon":-118.368098,"stop_sequence":4,"segment_first_lat":34.0324707084,"segment_first_lon":-118.3689105827,"segment_second_lat":34.0324753849,"segment_second_lon":-118.3680986731,"segment_sequence":30005,"segment_id":2,"segment_len_meter":74.81888404093094,"segment_cum_len":1226.3823632519473,"stop_segment_distance":11.721860373890564}
{"route_id":"154","stop_id":"9103","stop_lat":34.172443,"stop_lon":-118.531146,"stop_sequence":65,"segment_first_lat":34.1723452282,"segment_first_lon":-118.5309369832,"segment_second_lat":34.1723390928,"segment_second_lon":-118.5311452271,"segment_sequence":640008,"segment_id":32,"segment_len_meter":19.170024841866727,"segment_cum_len":27576.244413702614,"stop_segment_distance":14.473690800323759}
{"route_id":"155","stop_id":"18063","stop_lat":34.142976,"stop_lon":-118.379085,"stop_sequence":26,"segment_first_lat":34.1429759352,"segment_first_lon":-118.3789670243,"segment_second_lat":34.1414261305,"segment_second_lon":-118.3789656151,"segment_sequence":260001,"segment_id":13,"segment_len_meter":172.33046872897899,"segment_cum_len":9641.182028887008,"stop_segment_distance":11.214254224124943}
{"route_id":"158","stop_id":"1014","stop_lat":34.257642,"stop_lon":-118.502151,"stop_sequence":52,"segment_first_lat":34.2574996541,"segment_first_lon":-118.4982882305,"segment_second_lat":34.2575248996,"segment_second_lon":-118.5021538161,"segment_sequence":510001,"segment_id":26,"segment_len_meter":355.27534019904135,"segment_cum_len":20741.39566514469,"stop_segment_distance":13.106071727463586}
{"route_id":"169","stop_id":"6075","stop_lat":34.208174,"stop_lon":-118.597665,"stop_sequence":54,"segment_first_lat":34.2082995183,"segment_first_lon":-118.5990554889,"segment_second_lat":34.2083014423,"segment_second_lon":-118.5976663466,"segment_sequence":530003,"segment_id":27,"segment_len_meter":127.74307719163531,"segment_cum_len":22047.437135949887,"stop_segment_distance":15.05469252631329}
{"route_id":"18","stop_id":"1210","stop_lat":34.039356,"stop_lon":-118.240745,"stop_sequence":32,"segment_first_lat":34.0398359224,"segment_first_lon":-118.241327029,"segment_second_lat":34.0394354838,"segment_second_lon":-118.2406759484,"segment_sequence":310005,"segment_id":16,"segment_len_meter":74.71033608244352,"segment_cum_len":7726.027042204472,"stop_segment_distance":11.836333431011653}
{"route_id":"20","stop_id":"72000003","stop_lat":34.055547,"stop_lon":-118.265321,"stop_sequence":9,"segment_first_lat":34.0551967164,"segment_first_lon":-118.264827883,"segment_second_lat":34.0554328958,"segment_second_lon":-118.2653911933,"segment_sequence":80007,"segment_id":4,"segment_len_meter":58.161495194732716,"segment_cum_len":2524.3861568687444,"stop_segment_distance":15.919012455893458}
{"route_id":"212","stop_id":"13828","stop_lat":33.945192,"stop_lon":-118.344068,"stop_sequence":64,"segment_first_lat":33.94519257,"segment_first_lon":-118.3439167625,"segment_second_lat":33.944546831,"segment_second_lon":-118.3439141115,"segment_sequence":640001,"segment_id":32,"segment_len_meter":71.8033171535627,"segment_cum_len":21321.37424426147,"stop_segment_distance":15.278092418766107}
{"route_id":"217","stop_id":"11982","stop_lat":34.094202,"stop_lon":-118.361702,"stop_sequence":16,"segment_first_lat":34.094476883,"segment_first_lon":-118.361554252,"segment_second_lat":34.094202118,"segment_second_lon":-118.3615464581,"segment_sequence":150006,"segment_id":8,"segment_len_meter":30.560902036189308,"segment_cum_len":4355.358210174431,"stop_segment_distance":17.218478716960345}
{"route_id":"218","stop_id":"32164","stop_lat":34.144074,"stop_lon":-118.393787,"stop_sequence":1,"segment_first_lat":34.1441355731,"segment_first_lon":-118.393747022,"segment_second_lat":34.1440695466,"segment_second_lon":-118.3936019546,"segment_sequence":10001,"segment_id":1,"segment_len_meter":15.235881478236523,"segment_cum_len":15.235881478236523,"stop_segment_distance":9.573209695289185}
{"route_id":"237","stop_id":"516","stop_lat":34.172263,"stop_lon":-118.439801,"stop_sequence":46,"segment_first_lat":34.1721372495,"segment_first_lon":-118.4388915618,"segment_second_lat":34.1721361449,"segment_second_lon":-118.4398007214,"segment_sequence":450004,"segment_id":23,"segment_len_meter":83.64054363117894,"segment_cum_len":17594.612404515225,"stop_segment_distance":15.291547571487754}
{"route_id":"265","stop_id":"4287","stop_lat":33.9993,"stop_lon":-118.090922,"stop_sequence":57,"segment_first_lat":33.9993566116,"segment_first_lon":-118.0910578608,"segment_second_lat":33.9998060923,"segment_second_lon":-118.0907835246,"segment_sequence":570001,"segment_id":29,"segment_len_meter":56.01400659478833,"segment_cum_len":23719.302216893484,"stop_segment_distance":15.707944242371298}
{"route_id":"267","stop_id":"2976","stop_lat":34.181122,"stop_lon":-118.159509,"stop_sequence":71,"segment_first_lat":34.1811213457,"segment_first_lon":-118.1596617383,"segment_second_lat":34.1816434374,"segment_second_lon":-118.1596650506,"segment_sequence":710001,"segment_id":36,"segment_len_meter":58.05474784466673,"segment_cum_len":23589.76037170226,"stop_segment_distance":15.72719512822082}
{"route_id":"267","stop_id":"3752","stop_lat":34.146112,"stop_lon":-118.141274,"stop_sequence":52,"segment_first_lat":34.1461166362,"segment_first_lon":-118.1414249716,"segment_second_lat":34.1464136945,"segment_second_lon":-118.1414135762,"segment_sequence":520001,"segment_id":26,"segment_len_meter":33.04801811570514,"segment_cum_len":17434.138555675632,"stop_segment_distance":16.776675418361116}
{"route_id":"28","stop_id":"11901","stop_lat":34.066943,"stop_lon":-118.235908,"stop_sequence":44,"segment_first_lat":34.0668823251,"segment_first_lon":-118.2357839454,"segment_second_lat":34.0667593516,"segment_second_lon":-118.2358575606,"segment_sequence":440001,"segment_id":22,"segment_len_meter":15.2629979441982,"segment_cum_len":13838.293731930584,"stop_segment_distance":18.94964858693613}
{"route_id":"28","stop_id":"11914","stop_lat":34.071333,"stop_lon":-118.229758,"stop_sequence":42,"segment_first_lat":34.0711897712,"segment_first_lon":-118.2297117419,"segment_second_lat":34.0711179563,"segment_second_lon":-118.2299063651,"segment_sequence":420002,"segment_id":21,"segment_len_meter":19.62442348291641,"segment_cum_len":13103.679509503112,"stop_segment_distance":24.403198704837433}
{"route_id":"28","stop_id":"142086","stop_lat":34.102434,"stop_lon":-118.236236,"stop_sequence":28,"segment_first_lat":34.1024913038,"segment_first_lon":-118.2361390401,"segment_second_lat":34.1008241893,"segment_second_lon":-118.2347182443,"segment_sequence":280001,"segment_id":14,"segment_len_meter":226.88614869691696,"segment_cum_len":8401.731691902023,"stop_segment_distance":11.174563489779246}
{"route_id":"28","stop_id":"142100","stop_lat":34.142882,"stop_lon":-118.233838,"stop_sequence":3,"segment_first_lat":34.1427648023,"segment_first_lon":-118.233405023,"segment_second_lat":34.14275847,"segment_second_lon":-118.2338379434,"segment_sequence":20004,"segment_id":1,"segment_len_meter":39.84769370551602,"segment_cum_len":548.0783042801598,"stop_segment_distance":15.811756674677532}
{"route_id":"35","stop_id":"16460","stop_lat":34.040093,"stop_lon":-118.304126,"stop_sequence":57,"segment_first_lat":34.0399708408,"segment_first_lon":-118.3033398269,"segment_second_lat":34.0399666663,"segment_second_lon":-118.3041254064,"segment_sequence":560007,"segment_id":28,"segment_len_meter":72.38586294925987,"segment_cum_len":18043.512552856,"stop_segment_distance":15.363484143887504}
{"route_id":"4","stop_id":"14391","stop_lat":34.090961,"stop_lon":-118.361222,"stop_sequence":56,"segment_first_lat":34.0908405599,"segment_first_lon":-118.3609275069,"segment_second_lat":34.0908366588,"segment_second_lon":-118.3612214421,"segment_sequence":550007,"segment_id":28,"segment_len_meter":27.070814549929604,"segment_cum_len":17010.798763099545,"stop_segment_distance":17.000688718810235}
{"route_id":"45","stop_id":"11915","stop_lat":34.073913,"stop_lon":-118.205062,"stop_sequence":1,"segment_first_lat":34.0737918565,"segment_first_lon":-118.2050584685,"segment_second_lat":34.073789389,"segment_second_lon":-118.2052169654,"segment_sequence":10001,"segment_id":1,"segment_len_meter":14.600874204883933,"segment_cum_len":14.600874204883933,"stop_segment_distance":18.68878527686535}
{"route_id":"45","stop_id":"12411","stop_lat":34.055101,"stop_lon":-118.242543,"stop_sequence":18,"segment_first_lat":34.0560919576,"segment_first_lon":-118.2415026767,"segment_second_lat":34.0550568088,"segment_second_lon":-118.2424759148,"segment_sequence":170009,"segment_id":9,"segment_len_meter":145.90237665216648,"segment_cum_len":4616.086937851275,"stop_segment_distance":8.030436974610154}
{"route_id":"51","stop_id":"248","stop_lat":34.009334,"stop_lon":-118.265396,"stop_sequence":37,"segment_first_lat":34.0102214534,"segment_first_lon":-118.2652465332,"segment_second_lat":34.0093338996,"segment_second_lon":-118.2652437208,"segment_sequence":360002,"segment_id":18,"segment_len_meter":98.6918201408246,"segment_cum_len":9525.835680401893,"stop_segment_distance":14.981856490613936}
{"route_id":"51","stop_id":"279","stop_lat":33.916566,"stop_lon":-118.265392,"stop_sequence":76,"segment_first_lat":33.9176682323,"segment_first_lon":-118.2652337409,"segment_second_lat":33.9165663347,"segment_second_lon":-118.2652391524,"segment_sequence":750002,"segment_id":38,"segment_len_meter":122.52644031947094,"segment_cum_len":19841.451405585496,"stop_segment_distance":15.0072175427633}
{"route_id":"534","stop_id":"12726","stop_lat":34.037525,"stop_lon":-118.60827,"stop_sequence":14,"segment_first_lat":34.0375956274,"segment_first_lon":-118.6079767017,"segment_second_lat":34.0374383429,"segment_second_lon":-118.6081610618,"segment_sequence":130043,"segment_id":7,"segment_len_meter":24.381445159793003,"segment_cum_len":13236.43109141576,"stop_segment_distance":17.676583680964065}
{"route_id":"534","stop_id":"6605","stop_lat":34.03152,"stop_lon":-118.843388,"stop_sequence":37,"segment_first_lat":34.0311341721,"segment_first_lon":-118.8435718801,"segment_second_lat":34.0315179539,"segment_second_lon":-118.8433905859,"segment_sequence":360064,"segment_id":18,"segment_len_meter":45.828204331417325,"segment_cum_len":37205.2791605837,"stop_segment_distance":0.6284012427925418}
{"route_id":"55","stop_id":"817","stop_lat":33.945495,"stop_lon":-118.24611,"stop_sequence":13,"segment_first_lat":33.9442609796,"segment_first_lon":-118.2462313581,"segment_second_lat":33.9454947682,"segment_second_lon":-118.2462293795,"segment_sequence":120003,"segment_id":6,"segment_len_meter":137.19115427793434,"segment_cum_len":3736.9349044528667,"stop_segment_distance":11.493602938191827}
{"route_id":"550","stop_id":"3548","stop_lat":33.764209,"stop_lon":-118.293296,"stop_sequence":19,"segment_first_lat":33.7641887778,"segment_first_lon":-118.2934462918,"segment_second_lat":33.7657326345,"segment_second_lon":-118.2937257481,"segment_sequence":190001,"segment_id":10,"segment_len_meter":173.60179746515362,"segment_cum_len":6205.840092475345,"stop_segment_distance":14.487462558110536}
{"route_id":"602","stop_id":"8076","stop_lat":34.062668,"stop_lon":-118.472853,"stop_sequence":39,"segment_first_lat":34.0620123816,"segment_first_lon":-118.4738764847,"segment_second_lat":34.0627587273,"segment_second_lon":-118.472960518,"segment_sequence":380004,"segment_id":19,"segment_len_meter":118.34967398566968,"segment_cum_len":11943.383742355498,"stop_segment_distance":14.965919347094882}
{"route_id":"611","stop_id":"9951","stop_lat":33.97488,"stop_lon":-118.245061,"stop_sequence":27,"segment_first_lat":33.9747516675,"segment_first_lon":-118.2446290124,"segment_second_lat":33.9747527142,"segment_second_lon":-118.2450610852,"segment_sequence":260008,"segment_id":13,"segment_len_meter":39.842537429463654,"segment_cum_len":8255.75624471985,"stop_segment_distance":16.624314491882807}
{"route_id":"665","stop_id":"32045","stop_lat":34.050982,"stop_lon":-118.188566,"stop_sequence":7,"segment_first_lat":34.0510537473,"segment_first_lon":-118.1885691363,"segment_second_lat":34.0510823008,"segment_second_lon":-118.1875260066,"segment_sequence":70001,"segment_id":4,"segment_len_meter":96.15525724457645,"segment_cum_len":3060.7059805174663,"stop_segment_distance":8.288757754316563}
{"route_id":"76","stop_id":"16397","stop_lat":34.076987,"stop_lon":-118.152204,"stop_sequence":34,"segment_first_lat":34.0768591677,"segment_first_lon":-118.1521888213,"segment_second_lat":34.0767372005,"segment_second_lon":-118.1538938851,"segment_sequence":340001,"segment_id":17,"segment_len_meter":157.62320646088992,"segment_cum_len":11603.833922703478,"stop_segment_distance":14.759387616525146}
{"route_id":"770","stop_id":"660","stop_lat":34.058101,"stop_lon":-118.238811,"stop_sequence":9,"segment_first_lat":34.0582225119,"segment_first_lon":-118.238811145,"segment_second_lat":34.058229982,"segment_second_lon":-118.2386464199,"segment_sequence":90001,"segment_id":5,"segment_len_meter":15.197445898370322,"segment_cum_len":4467.402115154401,"stop_segment_distance":19.184252233032293}
{"route_id":"78","stop_id":"3798","stop_lat":34.070547,"stop_lon":-118.198684,"stop_sequence":24,"segment_first_lat":34.0706122984,"segment_first_lon":-118.1988121705,"segment_second_lat":34.0708381675,"segment_second_lon":-118.1986485965,"segment_sequence":240001,"segment_id":12,"segment_len_meter":29.28799453518984,"segment_cum_len":8683.857683475391,"stop_segment_distance":17.111842774562447}
{"route_id":"90","stop_id":"15426","stop_lat":34.199817,"stop_lon":-118.228901,"stop_sequence":42,"segment_first_lat":34.1997720838,"segment_first_lon":-118.2287564365,"segment_second_lat":34.1997041628,"segment_second_lon":-118.228782046,"segment_sequence":420001,"segment_id":21,"segment_len_meter":7.911192683400641,"segment_cum_len":12804.477089112257,"stop_segment_distance":22.937613353102954}
