{"route_id":"108","stop_id":"497","stop_lat":33.988749,"stop_lon":-118.380481,"stop_sequence":10,"segment_first_lat":33.9885454046,"segment_first_lon":-118.3805927222,"segment_second_lat":33.9887573529,"segment_second_lon":-118.380564986,"segment_sequence":90015,"segment_id":5,"segment_len_meter":23.705903876231613,"segment_cum_len":4220.205135772276,"stop_segment_distance":8.964802467452902}
{"route_id":"108","stop_id":"7978","stop_lat":33.989034,"stop_lon":-118.287321,"stop_sequence":37,"segment_first_lat":33.9891561953,"segment_first_lon":-118.2892314385,"segment_second_lat":33.9891607582,"segment_second_lon":-118.2873214414,"segment_sequence":360003,"segment_id":18,"segment_len_meter":176.09584735470614,"segment_cum_len":12877.389815090291,"stop_segment_distance":14.658330182851103}
{"route_id":"110","stop_id":"7656","stop_lat":33.982249,"stop_lon":-118.295511,"stop_sequence":36,"segment_first_lat":33.982347166,"segment_first_lon":-118.2955114392,"segment_second_lat":33.9823443079,"segment_second_lon":-118.292625202,"segment_sequence":360001,"segment_id":18,"segment_len_meter":266.12259304754025,"segment_cum_len":13339.767550603141,"stop_segment_distance":11.08606901698522}
{"route_id":"111","stop_id":"1520","stop_lat":33.957338,"stop_lon":-118.352418,"stop_sequence":14,"segment_first_lat":33.9569653362,"segment_first_lon":-118.3521628138,"segment_second_lat":33.9572451065,"segment_second_lon":-118.3525260624,"segment_sequence":130005,"segment_id":7,"segment_len_meter":45.71887852907802,"segment_cum_len":4958.768276968618,"stop_segment_distance":16.290748368558532}
{"route_id":"125","stop_id":"17317","stop_lat":33.901704,"stop_lon":-118.366737,"stop_sequence":12,"segment_first_lat":33.9018287619,"segment_first_lon":-118.366737308,"segment_second_lat":33.901826947,"segment_second_lon":-118.364163605,"segment_sequence":120001,"segment_id":6,"segment_len_meter":237.5301637895077,"segment_cum_len":5422.008557350291,"stop_segment_distance":14.237723914196863}
{"route_id":"125","stop_id":"17367","stop_lat":33.903193,"stop_lon":-118.234491,"stop_sequence":44,"segment_first_lat":33.9033189702,"segment_first_lon":-118.2361786501,"segment_second_lat":33.9033197911,"segment_second_lon":-118.2344913922,"segment_sequence":430002,"segment_id":22,"segment_len_meter":155.71631935358494,"segment_cum_len":17397.152811298347,"stop_segment_distance":14.763444682751555}
{"route_id":"128","stop_id":"17247","stop_lat":33.888899,"stop_lon":-118.194498,"stop_sequence":36,"segment_first_lat":33.8887702407,"segment_first_lon":-118.1940063281,"segment_second_lat":33.8887694495,"segment_second_lon":-118.1944972597,"segment_sequence":350003,"segment_id":18,"segment_len_meter":45.3156785307428,"segment_cum_len":17573.70833492959,"stop_segment_distance":16.678549322621542}
{"route_id":"14","stop_id":"7464","stop_lat":34.032498,"stop_lon":-118.332971,"stop_sequence":13,"segment_first_lat":34.0325952167,"segment_first_lon":-118.3336746524,"segment_second_lat":34.0325971576,"segment_second_lon":-118.3329716473,"segment_sequence":120003,"segment_id":6,"segment_len_meter":64.78184543335234,"segment_cum_len":4463.407749901803,"stop_segment_distance":11.980229921475427}
{"route_id":"150","stop_id":"8922","stop_lat":34.159267,"stop_lon":-118.501626,"stop_sequence":39,"segment_first_lat":34.1595254329,"segment_first_lon":-118.5021797135,"segment_second_lat":34.1593877588,"segment_second_lon":-118.5015848768,"segment_sequence":380005,"segment_id":19,"segment_len_meter":56.832369926301624,"segment_cum_len":13846.692741876725,"stop_segment_distance":15.611735330718176}
{"route_id":"154","stop_id":"9116","stop_lat":34.171661,"stop_lon":-118.476042,"stop_sequence":55,"segment_first_lat":34.1715758896,"segment_first_lon":-118.4760035004,"segment_second_lat":34.1714791766,"segment_second_lon":-118.4762793339,"segment_sequence":550001,"segment_id":28,"segment_len_meter":27.560830146928335,"segment_cum_len":22162.512313109233,"stop_segment_distance":12.301387781187376}
{"route_id":"158","stop_id":"140733","stop_lat":34.257259,"stop_lon":-118.441954,"stop_sequence":40,"segment_first_lat":34.2570800222,"segment_first_lon":-118.4419725437,"segment_second_lat":34.2571796776,"segment_second_lon":-118.442073347,"segment_sequence":390005,"segment_id":20,"segment_len_meter":14.443677519205842,"segment_cum_len":15205.620729917333,"stop_segment_distance":19.605593249484727}
{"route_id":"164","stop_id":"13101","stop_lat":34.177806,"stop_lon":-118.307266,"stop_sequence":2,"segment_first_lat":34.1777424143,"segment_first_lon":-118.3073321551,"segment_second_lat":34.1782049396,"segment_second_lon":-118.3079580824,"segment_sequence":20001,"segment_id":1,"segment_len_meter":77.20443994976442,"segment_cum_len":851.9266710961418,"stop_segment_distance":9.720134918943458}
{"route_id":"164","stop_id":"20442","stop_lat":34.186749,"stop_lon":-118.505405,"stop_sequence":53,"segment_first_lat":34.1866277746,"segment_first_lon":-118.5054045973,"segment_second_lat":34.1866172702,"segment_second_lon":-118.5073885174,"segment_sequence":530001,"segment_id":27,"segment_len_meter":182.48818877028157,"segment_cum_len":20192.8668590566,"stop_segment_distance":14.025836567784097}
{"route_id":"18","stop_id":"8330","stop_lat":34.03435,"stop_lon":-118.215943,"stop_sequence":39,"segment_first_lat":34.0346705906,"segment_first_lon":-118.2163331758,"segment_second_lat":34.0344634024,"segment_second_lon":-118.2158722075,"segment_sequence":380004,"segment_id":19,"segment_len_meter":48.322397599543905,"segment_cum_len":10691.004501909876,"stop_segment_distance":16.505304656026723}
{"route_id":"183","stop_id":"10241","stop_lat":34.179713,"stop_lon":-118.304743,"stop_sequence":47,"segment_first_lat":34.1796504521,"segment_first_lon":-118.3046534371,"segment_second_lat":34.1786503927,"segment_second_lon":-118.3056750729,"segment_sequence":470001,"segment_id":24,"segment_len_meter":145.5955157371941,"segment_cum_len":19105.439300611153,"stop_segment_distance":11.174559306098445}
{"route_id":"20","stop_id":"16663","stop_lat":34.067213,"stop_lon":-118.402958,"stop_sequence":52,"segment_first_lat":34.0670863129,"segment_first_lon":-118.4029572143,"segment_second_lat":34.067088001,"segment_second_lon":-118.4034392997,"segment_sequence":520001,"segment_id":26,"segment_len_meter":44.406200585218194,"segment_cum_len":15652.247217945662,"stop_segment_distance":16.142109228373286}
{"route_id":"201","stop_id":"10746","stop_lat":34.116294,"stop_lon":-118.26297,"stop_sequence":31,"segment_first_lat":34.1166750741,"segment_first_lon":-118.2622275792,"segment_second_lat":34.1162013214,"segment_second_lon":-118.262868687,"segment_sequence":300006,"segment_id":15,"segment_len_meter":79.10965245057405,"segment_cum_len":8043.745861351787,"stop_segment_distance":15.20522594225578}
{"route_id":"204","stop_id":"140948","stop_lat":34.091149,"stop_lon":-118.291589,"stop_sequence":62,"segment_first_lat":34.0911483462,"segment_first_lon":-118.291740279,"segment_second_lat":34.0924288523,"segment_second_lon":-118.2917421039,"segment_sequence":620001,"segment_id":31,"segment_len_meter":142.3858810229252,"segment_cum_len":18731.022688960962,"stop_segment_distance":14.554678858794546}
{"route_id":"211","stop_id":"141063","stop_lat":33.912523,"stop_lon":-118.361115,"stop_sequence":8,"segment_first_lat":33.9120906262,"segment_first_lon":-118.3612716578,"segment_second_lat":33.9125220412,"segment_second_lon":-118.3612708809,"segment_sequence":70007,"segment_id":4,"segment_len_meter":47.971212849958576,"segment_cum_len":2910.163248071211,"stop_segment_distance":16.617976884586568}
{"route_id":"222","stop_id":"9136","stop_lat":34.12879,"stop_lon":-118.346354,"stop_sequence":17,"segment_first_lat":34.1286721066,"segment_first_lon":-118.3463535648,"segment_second_lat":34.1287482924,"segment_second_lon":-118.346425254,"segment_sequence":160009,"segment_id":8,"segment_len_meter":10.738142077551029,"segment_cum_len":5720.71987374591,"stop_segment_distance":10.403670790258293}
{"route_id":"232","stop_id":"23200083","stop_lat":33.789641,"stop_lon":-118.314388,"stop_sequence":39,"segment_first_lat":33.7895066358,"segment_first_lon":-118.3133441336,"segment_second_lat":33.7895157228,"segment_second_lon":-118.3143906955,"segment_sequence":380005,"segment_id":19,"segment_len_meter":96.72076274584926,"segment_cum_len":15065.91043590604,"stop_segment_distance":14.82810773017951}
{"route_id":"233","stop_id":"6789","stop_lat":34.154642,"stop_lon":-118.448577,"stop_sequence":3,"segment_first_lat":34.1530254106,"segment_first_lon":-118.4486839492,"segment_second_lat":34.1546411309,"segment_second_lon":-118.4486955995,"segment_sequence":20003,"segment_id":1,"segment_len_meter":179.6630986164794,"segment_cum_len":474.6892941064318,"stop_segment_distance":11.276181690900586}
{"route_id":"234","stop_id":"20007","stop_lat":34.126003,"stop_lon":-118.479427,"stop_sequence":66,"segment_first_lat":34.1261024607,"segment_first_lon":-118.4792913304,"segment_second_lat":34.1259954893,"segment_second_lon":-118.4791724253,"segment_sequence":660001,"segment_id":33,"segment_len_meter":16.164010013496913,"segment_cum_len":29882.576643275446,"stop_segment_distance":23.965196784654687}
{"route_id":"243","stop_id":"14831","stop_lat":34.190463,"stop_lon":-118.553343,"stop_sequence":47,"segment_first_lat":34.1896246559,"segment_first_lon":-118.5534898294,"segment_second_lat":34.1904627438,"segment_second_lon":-118.5534953829,"segment_sequence":460004,"segment_id":23,"segment_len_meter":93.19252245214618,"segment_cum_len":21025.81057211862,"stop_segment_distance":15.016111445038874}
{"route_id":"258","stop_id":"10314","stop_lat":33.963318,"stop_lon":-118.165485,"stop_sequence":69,"segment_first_lat":33.9642248983,"segment_first_lon":-118.1652097381,"segment_second_lat":33.9633033739,"segment_second_lon":-118.1653342256,"segment_sequence":680003,"segment_id":34,"segment_len_meter":103.10999116104857,"segment_cum_len":25146.713463160115,"stop_segment_distance":14.878577603332516}
{"route_id":"260","stop_id":"13158","stop_lat":34.046238,"stop_lon":-118.140525,"stop_sequence":47,"segment_first_lat":34.0462081317,"segment_first_lon":-118.1403750531,"segment_second_lat":34.0449549561,"segment_second_lon":-118.1407403522,"segment_sequence":470001,"segment_id":24,"segment_len_meter":143.35379722017254,"segment_cum_len":17295.082795696497,"stop_segment_distance":14.896193546439292}
{"route_id":"265","stop_id":"4290","stop_lat":33.992745,"stop_lon":-118.097143,"stop_sequence":56,"segment_first_lat":33.9928231492,"segment_first_lon":-118.0972590405,"segment_second_lat":33.9933742564,"segment_second_lon":-118.0967146913,"segment_sequence":560001,"segment_id":28,"segment_len_meter":79.20726409826479,"segment_cum_len":22810.084811918332,"stop_segment_distance":14.918535747650878}
{"route_id":"266","stop_id":"3849","stop_lat":34.122859,"stop_lon":-118.072765,"stop_sequence":70,"segment_first_lat":34.1218343081,"segment_first_lon":-118.0728495741,"segment_second_lat":34.1228537263,"segment_second_lon":-118.0729175352,"segment_sequence":690006,"segment_id":35,"segment_len_meter":113.52663137380023,"segment_cum_len":34819.18243348027,"stop_segment_distance":14.732861654417093}
{"route_id":"35","stop_id":"16476","stop_lat":34.040084,"stop_lon":-118.306357,"stop_sequence":58,"segment_first_lat":34.0399648719,"segment_first_lon":-118.3057064915,"segment_second_lat":34.0399588272,"segment_second_lon":-118.3063567305,"segment_sequence":570004,"segment_id":29,"segment_len_meter":59.917689907083,"segment_cum_len":18249.114801243726,"stop_segment_distance":15.385901481921891}
{"route_id":"40","stop_id":"13588","stop_lat":33.945046,"stop_lon":-118.352795,"stop_sequence":62,"segment_first_lat":33.9450464646,"segment_first_lon":-118.3526432098,"segment_second_lat":33.9445271152,"segment_second_lon":-118.3526446504,"segment_sequence":620001,"segment_id":31,"segment_len_meter":57.749171330481175,"segment_cum_len":23562.706671595937,"stop_segment_distance":15.593533125079844}
{"route_id":"45","stop_id":"11901","stop_lat":34.066943,"stop_lon":-118.235908,"stop_sequence":12,"segment_first_lat":34.0668823251,"segment_first_lon":-118.2357839454,"segment_second_lat":34.0667593516,"segment_second_lon":-118.2358575606,"segment_sequence":120001,"segment_id":6,"segment_len_meter":15.2629979441982,"segment_cum_len":3095.180497020996,"stop_segment_distance":18.94964858693613}
{"route_id":"45","stop_id":"13217","stop_lat":33.942064,"stop_lon":-118.278525,"stop_sequence":55,"segment_first_lat":33.9428336299,"segment_first_lon":-118.2783760798,"segment_second_lat":33.9420642374,"segment_second_lon":-118.2783735232,"segment_sequence":540004,"segment_id":27,"segment_len_meter":85.55286766220276,"segment_cum_len":18345.510579946123,"stop_segment_distance":15.09505212968692}
{"route_id":"487","stop_id":"1531","stop_lat":34.103261,"stop_lon":-118.093618,"stop_sequence":20,"segment_first_lat":34.1033811545,"segment_first_lon":-118.094460248,"segment_second_lat":34.1033864814,"segment_second_lon":-118.0936179106,"segment_sequence":190003,"segment_id":10,"segment_len_meter":77.55831002202432,"segment_cum_len":19219.943194153322,"stop_segment_distance":15.0849787131869}
{"route_id":"53","stop_id":"1213","stop_lat":34.039201,"stop_lon":-118.239787,"stop_sequence":70,"segment_first_lat":34.0392064021,"segment_first_lon":-118.2399402054,"segment_second_lat":34.0415591089,"segment_second_lon":-118.2398102955,"segment_sequence":700001,"segment_id":35,"segment_len_meter":261.88276314737243,"segment_cum_len":22957.623477838373,"stop_segment_distance":14.465226120379441}
{"route_id":"53","stop_id":"15694","stop_lat":34.049104,"stop_lon":-118.252096,"stop_sequence":77,"segment_first_lat":34.0490232436,"segment_first_lon":-118.2521701408,"segment_second_lat":34.0494655554,"segment_second_lon":-118.2528726462,"segment_sequence":770001,"segment_id":39,"segment_len_meter":81.2894997444294,"segment_cum_len":24459.943031309616,"stop_segment_distance":12.067170255124452}
{"route_id":"55","stop_id":"801","stop_lat":34.002057,"stop_lon":-118.247606,"stop_sequence":35,"segment_first_lat":34.002058993,"segment_first_lon":-118.247760677,"segment_second_lat":34.0026909973,"segment_second_lon":-118.2477625474,"segment_sequence":350002,"segment_id":18,"segment_len_meter":70.27588328603126,"segment_cum_len":10235.823780601562,"stop_segment_distance":15.94349387259814}
{"route_id":"602","stop_id":"16556","stop_lat":34.058932,"stop_lon":-118.444214,"stop_sequence":54,"segment_first_lat":34.0587986231,"segment_first_lon":-118.4438898394,"segment_second_lat":34.0586591551,"segment_second_lon":-118.4444536683,"segment_sequence":540003,"segment_id":27,"segment_len_meter":54.20622893863397,"segment_cum_len":16968.667751754023,"stop_segment_distance":16.657927281130114}
{"route_id":"603","stop_id":"4499","stop_lat":34.099702,"stop_lon":-118.250233,"stop_sequence":24,"segment_first_lat":34.0997471914,"segment_first_lon":-118.2501113055,"segment_second_lat":34.0996448057,"segment_second_lon":-118.2500581486,"segment_sequence":240001,"segment_id":12,"segment_len_meter":12.392300363309989,"segment_cum_len":7571.9562733114335,"stop_segment_distance":17.198364584006974}
{"route_id":"62","stop_id":"1217","stop_lat":34.043467,"stop_lon":-118.247325,"stop_sequence":8,"segment_first_lat":34.0439252039,"segment_first_lon":-118.2478846435,"segment_second_lat":34.0435481134,"segment_second_lon":-118.2472550247,"segment_sequence":70002,"segment_id":4,"segment_len_meter":71.57855422817093,"segment_cum_len":3244.5106554042363,"stop_segment_distance":11.99792777779875}
{"route_id":"665","stop_id":"11946","stop_lat":34.059219,"stop_lon":-118.172892,"stop_sequence":2,"segment_first_lat":34.059262211,"segment_first_lon":-118.1727450586,"segment_second_lat":34.0589881424,"segment_second_lon":-118.1726272874,"segment_sequence":20001,"segment_id":1,"segment_len_meter":32.348600597640846,"segment_cum_len":857.8329445229022,"stop_segment_distance":17.421537744685047}
{"route_id":"720","stop_id":"16743","stop_lat":34.067201,"stop_lon":-118.394317,"stop_sequence":25,"segment_first_lat":34.0670736144,"segment_first_lon":-118.3943160858,"segment_second_lat":34.0670752075,"segment_second_lon":-118.3948377931,"segment_sequence":250001,"segment_id":13,"segment_len_meter":48.05578621396696,"segment_cum_len":24568.67452688796,"stop_segment_distance":16.077959625771875}
{"route_id":"734","stop_id":"14534","stop_lat":34.228416,"stop_lon":-118.467804,"stop_sequence":8,"segment_first_lat":34.2292792202,"segment_first_lon":-118.4676501258,"segment_second_lat":34.228413617,"segment_second_lon":-118.4676538788,"segment_sequence":70009,"segment_id":4,"segment_len_meter":96.25130275645284,"segment_cum_len":9447.686204373114,"stop_segment_distance":14.575382603198662}
{"route_id":"744","stop_id":"2260","stop_lat":34.28618,"stop_lon":-118.40766,"stop_sequence":22,"segment_first_lat":34.2862661046,"segment_first_lon":-118.4075432182,"segment_second_lat":34.2858463797,"segment_second_lon":-118.4070892769,"segment_sequence":220001,"segment_id":11,"segment_len_meter":62.59008026462666,"segment_cum_len":21662.52862938011,"stop_segment_distance":16.020078260786597}
{"route_id":"76","stop_id":"15033","stop_lat":34.071804,"stop_lon":-118.172641,"stop_sequence":39,"segment_first_lat":34.0730376685,"segment_first_lon":-118.1709160696,"segment_second_lat":34.0717136419,"segment_second_lon":-118.1725356663,"segment_sequence":380002,"segment_id":19,"segment_len_meter":209.59088813427815,"segment_cum_len":13533.78496352401,"stop_segment_distance":14.279661521327341}
{"route_id":"78","stop_id":"3803","stop_lat":34.073617,"stop_lon":-118.196529,"stop_sequence":25,"segment_first_lat":34.0730114905,"segment_first_lon":-118.1971182754,"segment_second_lat":34.0736805193,"segment_second_lon":-118.1966598641,"segment_sequence":240004,"segment_id":12,"segment_len_meter":85.5392248534125,"segment_cum_len":9049.231377210164,"stop_segment_distance":14.912636336978593}
{"route_id":"78","stop_id":"7791","stop_lat":34.091409,"stop_lon":-118.139355,"stop_sequence":46,"segment_first_lat":34.0915342498,"segment_first_lon":-118.1393555845,"segment_second_lat":34.0915423264,"segment_second_lon":-118.1383052944,"segment_sequence":460001,"segment_id":23,"segment_len_meter":96.72046304028416,"segment_cum_len":15590.55044754829,"stop_segment_distance":14.999594818135762}
{"route_id":"81","stop_id":"13596","stop_lat":34.050438,"stop_lon":-118.250406,"stop_sequence":48,"segment_first_lat":34.0514357408,"segment_first_lon":-118.2493221477,"segment_second_lat":34.0503782332,"segment_second_lon":-118.2503136551,"segment_sequence":470001,"segment_id":24,"segment_len_meter":148.90121939064517,"segment_cum_len":16330.018622416956,"stop_segment_distance":11.15761425939263}
{"route_id":"90","stop_id":"10597","stop_lat":34.247888,"stop_lon":-118.285575,"stop_sequence":17,"segment_first_lat":34.2480134924,"segment_first_lon":-118.2855662218,"segment_second_lat":34.2477971838,"segment_second_lon":-118.2819540018,"segment_sequence":170001,"segment_id":9,"segment_len_meter":332.8868267086958,"segment_cum_len":4445.519116146228,"stop_segment_distance":14.067603654688355}
{"route_id":"90","stop_id":"12362","stop_lat":34.104419,"stop_lon":-118.238415,"stop_sequence":77,"segment_first_lat":34.1046695087,"segment_first_lon":-118.2383957749,"segment_second_lat":34.1044784923,"segment_second_lon":-118.2382763094,"segment_sequence":760007,"segment_id":38,"segment_len_meter":23.91913545920455,"segment_cum_len":24608.954712587467,"stop_segment_distance":18.37356482711986}
