{"route_id":"102","stop_id":"4163","stop_lat":33.996958,"stop_lon":-118.357633,"stop_sequence":25,"segment_first_lat":33.996611997,"segment_first_lon":-118.3576114638,"segment_second_lat":33.996925126,"segment_second_lon":-118.3577474057,"segment_sequence":240009,"segment_id":12,"segment_len_meter":37.0050700835834,"segment_cum_len":8406.132308484994,"stop_segment_distance":12.682248386112057}
{"route_id":"105","stop_id":"3658","stop_lat":34.085196,"stop_lon":-118.376323,"stop_sequence":66,"segment_first_lat":34.0848549198,"segment_first_lon":-118.3764800224,"segment_second_lat":34.0851984221,"segment_second_lon":-118.3764746332,"segment_sequence":650005,"segment_id":33,"segment_len_meter":38.198937333898364,"segment_cum_len":23223.775499286687,"stop_segment_distance":16.357537334551623}
{"route_id":"106","stop_id":"16905","stop_lat":34.062529,"stop_lon":-118.211113,"stop_sequence":35,"segment_first_lat":34.0628013309,"segment_first_lon":-118.2112057271,"segment_second_lat":34.0625620001,"segment_second_lon":-118.2110436697,"segment_sequence":340005,"segment_id":17,"segment_len_meter":30.51342629143449,"segment_cum_len":12104.34666663577,"stop_segment_distance":8.31563068773712}
{"route_id":"130","stop_id":"13000070","stop_lat":33.872981,"stop_lon":-118.368354,"stop_sequence":66,"segment_first_lat":33.8728606152,"segment_first_lon":-118.3664030629,"segment_second_lat":33.8728546697,"segment_second_lon":-118.3683532304,"segment_sequence":650003,"segment_id":33,"segment_len_meter":180.04560033804322,"segment_cum_len":31463.196393528076,"stop_segment_distance":14.61391825328053}
{"route_id":"150","stop_id":"7050","stop_lat":34.143277,"stop_lon":-118.397187,"stop_sequence":66,"segment_first_lat":34.1434045946,"segment_first_lon":-118.3972031615,"segment_second_lat":34.1435629062,"segment_second_lon":-118.3954328074,"segment_sequence":660001,"segment_id":33,"segment_len_meter":163.87175247008253,"segment_cum_len":23849.024558694673,"stop_segment_distance":14.930699052755728}
{"route_id":"154","stop_id":"9109","stop_lat":34.172246,"stop_lon":-118.462124,"stop_sequence":53,"segment_first_lat":34.1721179058,"segment_first_lon":-118.4617958219,"segment_second_lat":34.1721182916,"segment_second_lon":-118.4621264299,"segment_sequence":520006,"segment_id":26,"segment_len_meter":30.415162125460917,"segment_cum_len":20850.733210576334,"stop_segment_distance":17.169839131710745}
{"route_id":"165","stop_id":"6851","stop_lat":34.193819,"stop_lon":-118.387907,"stop_sequence":62,"segment_first_lat":34.1939479371,"segment_first_lon":-118.3889163163,"segment_second_lat":34.1939465043,"segment_second_lon":-118.3879077014,"segment_sequence":610004,"segment_id":31,"segment_len_meter":92.7662475239176,"segment_cum_len":24007.369053146766,"stop_segment_distance":15.343041361765387}
{"route_id":"165","stop_id":"6879","stop_lat":34.193624,"stop_lon":-118.605551,"stop_sequence":11,"segment_first_lat":34.1937570561,"segment_first_lon":-118.605551838,"segment_second_lat":34.1937517129,"segment_second_lon":-118.6046423908,"segment_sequence":110001,"segment_id":6,"segment_len_meter":83.64758522293562,"segment_cum_len":4073.1022635650916,"stop_segment_distance":15.914268740490314}
{"route_id":"167","stop_id":"4579","stop_lat":34.221497,"stop_lon":-118.443571,"stop_sequence":59,"segment_first_lat":34.2216038298,"segment_first_lon":-118.4459462408,"segment_second_lat":34.2216227266,"segment_second_lon":-118.4435711862,"segment_sequence":580007,"segment_id":29,"segment_len_meter":218.38113288690985,"segment_cum_len":23864.547613248968,"stop_segment_distance":14.310174809572004}
{"route_id":"18","stop_id":"8322","stop_lat":34.018221,"stop_lon":-118.147444,"stop_sequence":62,"segment_first_lat":34.0185334731,"segment_first_lon":-118.1482990342,"segment_second_lat":34.0183457853,"segment_second_lon":-118.1474090342,"segment_sequence":610005,"segment_id":31,"segment_len_meter":84.63995814213376,"segment_cum_len":17372.717639302064,"stop_segment_distance":15.728754605764806}
{"route_id":"18","stop_id":"9764","stop_lat":34.034422,"stop_lon":-118.230225,"stop_sequence":36,"segment_first_lat":34.034556225,"segment_first_lon":-118.2306145646,"segment_second_lat":34.0345492806,"segment_second_lon":-118.2302217744,"segment_sequence":350007,"segment_id":18,"segment_len_meter":36.2027756882212,"segment_cum_len":9104.875974560448,"stop_segment_distance":16.829754270206678}
{"route_id":"180","stop_id":"12964","stop_lat":34.116599,"stop_lon":-118.271716,"stop_sequence":23,"segment_first_lat":34.1165162078,"segment_first_lon":-118.2719436642,"segment_second_lat":34.1166565789,"segment_second_lon":-118.2718417017,"segment_sequence":220009,"segment_id":11,"segment_len_meter":18.213532788166667,"segment_cum_len":6641.922052993961,"stop_segment_distance":17.902543814498266}
{"route_id":"183","stop_id":"6168","stop_lat":34.15429,"stop_lon":-118.466007,"stop_sequence":1,"segment_first_lat":34.1542966161,"segment_first_lon":-118.4661807187,"segment_second_lat":34.1545558063,"segment_second_lon":-118.4661643156,"segment_sequence":10001,"segment_id":1,"segment_len_meter":28.860131498185748,"segment_cum_len":28.860131498185748,"stop_segment_distance":20.05266579300262}
{"route_id":"2","stop_id":"8078","stop_lat":34.090517,"stop_lon":-118.385697,"stop_sequence":28,"segment_first_lat":34.0906403171,"segment_first_lon":-118.3865730824,"segment_second_lat":34.0906431145,"segment_second_lon":-118.3856978461,"segment_sequence":270004,"segment_id":14,"segment_len_meter":80.59786323367695,"segment_cum_len":8476.189548092761,"stop_segment_distance":15.257909141218875}
{"route_id":"200","stop_id":"4661","stop_lat":34.053203,"stop_lon":-118.27872,"stop_sequence":23,"segment_first_lat":34.0517280367,"segment_first_lon":-118.2798344203,"segment_second_lat":34.0532633409,"segment_second_lon":-118.2788544356,"segment_sequence":220002,"segment_id":11,"segment_len_meter":193.12123837529546,"segment_cum_len":5351.007666555427,"stop_segment_distance":14.458021228418602}
{"route_id":"205","stop_id":"17579","stop_lat":33.749963,"stop_lon":-118.309072,"stop_sequence":37,"segment_first_lat":33.74926722,"segment_first_lon":-118.3093223566,"segment_second_lat":33.7499775057,"segment_second_lon":-118.3092230012,"segment_sequence":360004,"segment_id":18,"segment_len_meter":79.51256885738131,"segment_cum_len":8986.29452270649,"stop_segment_distance":15.296721581424222}
{"route_id":"232","stop_id":"9804","stop_lat":33.780651,"stop_lon":-118.252356,"stop_sequence":23,"segment_first_lat":33.7805443762,"segment_first_lon":-118.2520361552,"segment_second_lat":33.7805258669,"segment_second_lon":-118.2523457461,"segment_sequence":220005,"segment_id":11,"segment_len_meter":28.687018138761548,"segment_cum_len":8147.324565843588,"stop_segment_distance":17.10909104286584}
{"route_id":"233","stop_id":"6817","stop_lat":34.2047,"stop_lon":-118.448598,"stop_sequence":19,"segment_first_lat":34.2030341432,"segment_first_lon":-118.4487541835,"segment_second_lat":34.2046993818,"segment_second_lon":-118.4487508944,"segment_sequence":180003,"segment_id":9,"segment_len_meter":185.16633102430228,"segment_cum_len":6042.933006971249,"stop_segment_distance":14.685164271660483}
{"route_id":"234","stop_id":"16556","stop_lat":34.058932,"stop_lon":-118.444214,"stop_sequence":74,"segment_first_lat":34.0587986231,"segment_first_lon":-118.4438898394,"segment_second_lat":34.0586591551,"segment_second_lon":-118.4444536683,"segment_sequence":740003,"segment_id":37,"segment_len_meter":54.20622893863397,"segment_cum_len":42807.116705335895,"stop_segment_distance":16.657927281130114}
{"route_id":"239","stop_id":"20035","stop_lat":34.283487,"stop_lon":-118.443662,"stop_sequence":62,"segment_first_lat":34.2832068328,"segment_first_lon":-118.4442759821,"segment_second_lat":34.2835829861,"segment_second_lon":-118.4437605582,"segment_sequence":610004,"segment_id":31,"segment_len_meter":63.181891818405845,"segment_cum_len":24004.219761374028,"stop_segment_distance":15.25596452289895}
{"route_id":"245","stop_id":"6593","stop_lat":34.2013,"stop_lon":-118.605762,"stop_sequence":8,"segment_first_lat":34.2012966328,"segment_first_lon":-118.6059147397,"segment_second_lat":34.2019670548,"segment_second_lon":-118.605928864,"segment_sequence":80001,"segment_id":4,"segment_len_meter":74.55884094184346,"segment_cum_len":3172.3739542379208,"stop_segment_distance":15.236886367414726}
{"route_id":"246","stop_id":"2329","stop_lat":33.770939,"stop_lon":-118.265813,"stop_sequence":33,"segment_first_lat":33.7710392364,"segment_first_lon":-118.2663037062,"segment_second_lat":33.7710647543,"segment_second_lon":-118.265823083,"segment_sequence":320006,"segment_id":16,"segment_len_meter":44.51572578042619,"segment_cum_len":9497.41290995764,"stop_segment_distance":16.205144661604102}
{"route_id":"256","stop_id":"10255","stop_lat":34.090904,"stop_lon":-118.18246,"stop_sequence":44,"segment_first_lat":34.089336457,"segment_first_lon":-118.1832323305,"segment_second_lat":34.0909361657,"segment_second_lon":-118.1825729597,"segment_sequence":430002,"segment_id":22,"segment_len_meter":187.9573242177404,"segment_cum_len":12807.803335844616,"stop_segment_distance":11.296874878555798}
{"route_id":"258","stop_id":"676","stop_lat":34.040741,"stop_lon":-118.161991,"stop_sequence":41,"segment_first_lat":34.0415073816,"segment_first_lon":-118.1618766071,"segment_second_lat":34.0407407335,"segment_second_lon":-118.1618724833,"segment_sequence":400003,"segment_id":20,"segment_len_meter":85.24822603882741,"segment_cum_len":15758.292473541078,"stop_segment_distance":11.539110039961514}
{"route_id":"30","stop_id":"13242","stop_lat":34.049649,"stop_lon":-118.249074,"stop_sequence":30,"segment_first_lat":34.0497238125,"segment_first_lon":-118.249191931,"segment_second_lat":34.0509649284,"segment_second_lon":-118.2480375502,"segment_sequence":300001,"segment_id":15,"segment_len_meter":174.23147193252908,"segment_cum_len":9610.659409327356,"stop_segment_distance":14.177703553318622}
{"route_id":"33","stop_id":"140719","stop_lat":34.035746,"stop_lon":-118.266512,"stop_sequence":69,"segment_first_lat":34.0363400308,"segment_first_lon":-118.2676860005,"segment_second_lat":34.0358352133,"segment_second_lon":-118.266459184,"segment_sequence":680005,"segment_id":34,"segment_len_meter":126.21516205798078,"segment_cum_len":22024.805473188193,"stop_segment_distance":11.58507361146367}
{"route_id":"33","stop_id":"2123","stop_lat":34.028593,"stop_lon":-118.389224,"stop_sequence":30,"segment_first_lat":34.028699496,"segment_first_lon":-118.3893081393,"segment_second_lat":34.0293575856,"segment_second_lon":-118.3881217333,"segment_sequence":300001,"segment_id":15,"segment_len_meter":131.56012411468967,"segment_cum_len":9976.216299021798,"stop_segment_distance":15.055898890204048}
{"route_id":"33","stop_id":"6963","stop_lat":34.043435,"stop_lon":-118.314622,"stop_sequence":52,"segment_first_lat":34.0435615033,"segment_first_lon":-118.3154508622,"segment_second_lat":34.0435614667,"segment_second_lon":-118.314622321,"segment_sequence":510005,"segment_id":26,"segment_len_meter":76.339690859437,"segment_cum_len":17322.129793265452,"stop_segment_distance":15.376776582367299}
{"route_id":"35","stop_id":"16515","stop_lat":34.040131,"stop_lon":-118.294148,"stop_sequence":53,"segment_first_lat":34.0400064078,"segment_first_lon":-118.2933945893,"segment_second_lat":34.0400045768,"segment_second_lon":-118.2941471694,"segment_sequence":520003,"segment_id":26,"segment_len_meter":69.34403340887641,"segment_cum_len":17124.08683507179,"stop_segment_distance":15.502918155265178}
{"route_id":"4","stop_id":"1297","stop_lat":34.066771,"stop_lon":-118.411082,"stop_sequence":70,"segment_first_lat":34.0666564887,"segment_first_lon":-118.4109658415,"segment_second_lat":34.0650708168,"segment_second_lon":-118.4132623923,"segment_sequence":700001,"segment_id":35,"segment_len_meter":275.38808273363225,"segment_cum_len":22799.593639871517,"stop_segment_distance":17.066766540069978}
{"route_id":"4","stop_id":"16315","stop_lat":34.087806,"stop_lon":-118.275797,"stop_sequence":28,"segment_first_lat":34.0877588693,"segment_first_lon":-118.275938567,"segment_second_lat":34.0885274299,"segment_second_lon":-118.2763080364,"segment_sequence":280001,"segment_id":14,"segment_len_meter":91.98399701513976,"segment_cum_len":8836.024730398247,"stop_segment_distance":15.071398438440326}
{"route_id":"460","stop_id":"4388","stop_lat":33.90527,"stop_lon":-118.082772,"stop_sequence":25,"segment_first_lat":33.9052696399,"segment_first_lon":-118.0826216531,"segment_second_lat":33.9039781715,"segment_second_lon":-118.0826025846,"segment_sequence":260001,"segment_id":13,"segment_len_meter":143.61551626366276,"segment_cum_len":37006.84715227762,"stop_segment_distance":14.752842142461674}
{"route_id":"487","stop_id":"13906","stop_lat":34.137996,"stop_lon":-118.031525,"stop_sequence":74,"segment_first_lat":34.1384026019,"segment_first_lon":-118.0313769307,"segment_second_lat":34.1379959186,"segment_second_lon":-118.031371821,"segment_sequence":730004,"segment_id":37,"segment_len_meter":45.22356488244919,"segment_cum_len":37283.95343759112,"stop_segment_distance":16.095405466519473}
{"route_id":"603","stop_id":"14223","stop_lat":34.126566,"stop_lon":-118.25792,"stop_sequence":13,"segment_first_lat":34.1266467513,"segment_first_lon":-118.2578004543,"segment_second_lat":34.1264893321,"segment_second_lon":-118.257655574,"segment_sequence":130001,"segment_id":7,"segment_len_meter":22.005495021155156,"segment_cum_len":3524.273235975305,"stop_segment_distance":17.986425035630937}
{"route_id":"603","stop_id":"17133","stop_lat":34.062006,"stop_lon":-118.280622,"stop_sequence":41,"segment_first_lat":34.062433012,"segment_first_lon":-118.2813328831,"segment_second_lat":34.0620954335,"segment_second_lon":-118.2805660862,"segment_sequence":400004,"segment_id":20,"segment_len_meter":79.98969263397711,"segment_cum_len":13414.83800151251,"stop_segment_distance":12.09667588235132}
{"route_id":"70","stop_id":"5388","stop_lat":34.038081,"stop_lon":-118.263255,"stop_sequence":5,"segment_first_lat":34.0381068468,"segment_first_lon":-118.2633412762,"segment_second_lat":34.0383117703,"segment_second_lon":-118.2632461994,"segment_sequence":50001,"segment_id":3,"segment_len_meter":24.41254047227294,"segment_cum_len":923.5301844930085,"stop_segment_distance":9.714105790009679}
{"route_id":"76","stop_id":"13551","stop_lat":34.041771,"stop_lon":-118.261973,"stop_sequence":70,"segment_first_lat":34.0430163643,"segment_first_lon":-118.2606004474,"segment_second_lat":34.0416922111,"segment_second_lon":-118.2618499984,"segment_sequence":690002,"segment_id":35,"segment_len_meter":186.90842704732935,"segment_cum_len":25075.88236872552,"stop_segment_distance":14.952082662319214}
{"route_id":"76","stop_id":"3098","stop_lat":34.079889,"stop_lon":-118.099225,"stop_sequence":18,"segment_first_lat":34.0798488335,"segment_first_lon":-118.0974091135,"segment_second_lat":34.0797591565,"segment_second_lon":-118.0992160684,"segment_sequence":170006,"segment_id":9,"segment_len_meter":166.71555047870427,"segment_cum_len":6556.677062919931,"stop_segment_distance":15.044955652587078}
{"route_id":"78","stop_id":"3801","stop_lat":34.067669,"stop_lon":-118.202346,"stop_sequence":23,"segment_first_lat":34.0670648325,"segment_first_lon":-118.2039028301,"segment_second_lat":34.0677776455,"segment_second_lon":-118.2024230021,"segment_sequence":220003,"segment_id":11,"segment_len_meter":157.67861008755182,"segment_cum_len":8189.188986908603,"stop_segment_distance":14.688791953933247}
{"route_id":"90","stop_id":"9159","stop_lat":34.190017,"stop_lon":-118.229033,"stop_sequence":45,"segment_first_lat":34.1910932261,"segment_first_lon":-118.2282988178,"segment_second_lat":34.1899649225,"segment_second_lon":-118.2288935923,"segment_sequence":440015,"segment_id":22,"segment_len_meter":136.8698436477285,"segment_cum_len":13944.331277824062,"stop_segment_distance":14.608367231374501}
{"route_id":"901","stop_id":"15684","stop_lat":34.168463,"stop_lon":-118.377987,"stop_sequence":1,"segment_first_lat":34.1685176085,"segment_first_lon":-118.3779876305,"segment_second_lat":34.1685168289,"segment_second_lon":-118.3774454587,"segment_sequence":10001,"segment_id":1,"segment_len_meter":49.88069024798238,"segment_cum_len":49.88069024798238,"stop_segment_distance":6.372648702123051}
