{"route_id":"102","stop_id":"766","stop_lat":33.99274,"stop_lon":-118.252213,"stop_sequence":70,"segment_first_lat":33.9930150579,"segment_first_lon":-118.2520918424,"segment_second_lat":33.9927402736,"segment_second_lon":-118.252091015,"segment_sequence":690009,"segment_id":35,"segment_len_meter":30.55471529902712,"segment_cum_len":22785.119845229532,"stop_segment_distance":13.252309008233777}
{"route_id":"111","stop_id":"101","stop_lat":33.952558,"stop_lon":-118.376535,"stop_sequence":5,"segment_first_lat":33.9526591843,"segment_first_lon":-118.3765354581,"segment_second_lat":33.952661094,"segment_second_lon":-118.3753055419,"segment_sequence":50001,"segment_id":3,"segment_len_meter":113.44289141041888,"segment_cum_len":2347.7041025847598,"stop_segment_distance":11.786820392512894}
{"route_id":"111","stop_id":"1955","stop_lat":33.974605,"stop_lon":-118.238336,"stop_sequence":46,"segment_first_lat":33.9747327973,"segment_first_lon":-118.2389625795,"segment_second_lat":33.9747321133,"segment_second_lon":-118.2383359119,"segment_sequence":450007,"segment_id":23,"segment_len_meter":57.78643830209997,"segment_cum_len":16932.918821645824,"stop_segment_distance":15.848074529062387}
{"route_id":"111","stop_id":"7642","stop_lat":33.97446,"stop_lon":-118.313611,"stop_sequence":27,"segment_first_lat":33.9745898561,"segment_first_lon":-118.3155175806,"segment_second_lat":33.9745876822,"segment_second_lon":-118.3136111887,"segment_sequence":260004,"segment_id":13,"segment_len_meter":175.79302456997954,"segment_cum_len":9991.376238946892,"stop_segment_distance":14.806946038656179}
{"route_id":"115","stop_id":"1890","stop_lat":33.937081,"stop_lon":-118.127428,"stop_sequence":77,"segment_first_lat":33.9371929895,"segment_first_lon":-118.1273521913,"segment_second_lat":33.9366808405,"segment_second_lon":-118.1262605229,"segment_sequence":770001,"segment_id":39,"segment_len_meter":115.6961170876832,"segment_cum_len":25735.474400087714,"stop_segment_distance":15.118896032865024}
{"route_id":"120","stop_id":"11441","stop_lat":33.928369,"stop_lon":-118.005837,"stop_sequence":9,"segment_first_lat":33.9283769054,"segment_first_lon":-118.0052434841,"segment_second_lat":33.9282466325,"segment_second_lon":-118.0057989196,"segment_sequence":80006,"segment_id":4,"segment_len_meter":53.253863420599735,"segment_cum_len":3101.2478337765783,"stop_segment_distance":15.565337970428281}
{"route_id":"14","stop_id":"425","stop_lat":34.076421,"stop_lon":-118.300229,"stop_sequence":54,"segment_first_lat":34.076299269,"segment_first_lon":-118.2994197151,"segment_second_lat":34.0762950626,"segment_second_lon":-118.3002287515,"segment_sequence":530007,"segment_id":27,"segment_len_meter":74.51524946958817,"segment_cum_len":19897.70549113979,"stop_segment_distance":15.244071963311384}
{"route_id":"14","stop_id":"7465","stop_lat":34.032655,"stop_lon":-118.296121,"stop_sequence":24,"segment_first_lat":34.0327500828,"segment_first_lon":-118.2964419445,"segment_second_lat":34.032752509,"segment_second_lon":-118.296125102,"segment_sequence":230007,"segment_id":12,"segment_len_meter":29.198033755675624,"segment_cum_len":7858.857226146383,"stop_segment_distance":13.05888211699547}
{"route_id":"152","stop_id":"13035","stop_lat":34.220004,"stop_lon":-118.592712,"stop_sequence":75,"segment_first_lat":34.2198972321,"segment_first_lon":-118.5909283069,"segment_second_lat":34.219875888,"segment_second_lon":-118.5927078447,"segment_sequence":740002,"segment_id":37,"segment_len_meter":163.63764282041853,"segment_cum_len":30147.001365245396,"stop_segment_distance":15.044395428277454}
{"route_id":"152","stop_id":"13043","stop_lat":34.220335,"stop_lon":-118.571375,"stop_sequence":70,"segment_first_lat":34.2202060521,"segment_first_lon":-118.5713703894,"segment_second_lat":34.2201798404,"segment_second_lon":-118.5727297899,"segment_sequence":700001,"segment_id":35,"segment_len_meter":125.02423443308084,"segment_cum_len":28309.64672195835,"stop_segment_distance":15.075751150417403}
{"route_id":"154","stop_id":"12656","stop_lat":34.179523,"stop_lon":-118.414073,"stop_sequence":40,"segment_first_lat":34.1794253561,"segment_first_lon":-118.4140727681,"segment_second_lat":34.1794253965,"segment_second_lon":-118.4145422687,"segment_sequence":400001,"segment_id":20,"segment_len_meter":43.18917337096374,"segment_cum_len":15666.736271317646,"stop_segment_distance":12.179568557384385}
{"route_id":"158","stop_id":"140792","stop_lat":34.257526,"stop_lon":-118.523096,"stop_sequence":57,"segment_first_lat":34.2575151079,"segment_first_lon":-118.5224539194,"segment_second_lat":34.2574041909,"segment_second_lon":-118.5230674584,"segment_sequence":560008,"segment_id":28,"segment_len_meter":57.72002998395175,"segment_cum_len":22665.913551391823,"stop_segment_distance":15.098628303324915}
{"route_id":"161","stop_id":"20102","stop_lat":34.148322,"stop_lon":-118.819513,"stop_sequence":52,"segment_first_lat":34.1482246604,"segment_first_lon":-118.8195411738,"segment_second_lat":34.1482731867,"segment_second_lon":-118.8197604533,"segment_sequence":520001,"segment_id":26,"segment_len_meter":20.887864317699968,"segment_cum_len":29850.41556005976,"stop_segment_distance":13.65146058547364}
{"route_id":"167","stop_id":"152","stop_lat":34.253716,"stop_lon":-118.598806,"stop_sequence":1,"segment_first_lat":34.2537152973,"segment_first_lon":-118.5988155637,"segment_second_lat":34.2551224566,"segment_second_lon":-118.5988256595,"segment_sequence":10001,"segment_id":1,"segment_len_meter":156.47172635111187,"segment_cum_len":156.47172635111187,"stop_segment_distance":0.8120012444540521}
{"route_id":"169","stop_id":"6081","stop_lat":34.207298,"stop_lon":-118.418339,"stop_sequence":110,"segment_first_lat":34.20793433,"segment_first_lon":-118.421044051,"segment_second_lat":34.2073961538,"segment_second_lon":-118.4183113691,"segment_sequence":1090002,"segment_id":55,"segment_len_meter":258.32125587817006,"segment_cum_len":43770.70550038554,"stop_segment_distance":11.50569225230447}
{"route_id":"18","stop_id":"125455","stop_lat":34.035217,"stop_lon":-118.217955,"stop_sequence":38,"segment_first_lat":34.0356829844,"segment_first_lon":-118.218728758,"segment_second_lat":34.0353289366,"segment_second_lon":-118.2178848523,"segment_sequence":370020,"segment_id":19,"segment_len_meter":87.1602288157424,"segment_cum_len":10482.048998039305,"stop_segment_distance":15.003082133332654}
{"route_id":"2","stop_id":"2441","stop_lat":34.077648,"stop_lon":-118.438891,"stop_sequence":8,"segment_first_lat":34.0774746764,"segment_first_lon":-118.4389958557,"segment_second_lat":34.0776408977,"segment_second_lon":-118.4390030026,"segment_sequence":70018,"segment_id":4,"segment_len_meter":18.49468236423907,"segment_cum_len":2172.487532531122,"stop_segment_distance":13.407890481563136}
{"route_id":"2","stop_id":"8028","stop_lat":34.077443,"stop_lon":-118.263769,"stop_sequence":68,"segment_first_lat":34.0775110307,"segment_first_lon":-118.2640993802,"segment_second_lat":34.0775622543,"segment_second_lon":-118.2637960608,"segment_sequence":670017,"segment_id":34,"segment_len_meter":28.51062338860034,"segment_cum_len":21066.20726910944,"stop_segment_distance":16.336468362450415}
{"route_id":"202","stop_id":"14811","stop_lat":33.84682,"stop_lon":-118.206914,"stop_sequence":35,"segment_first_lat":33.8479712211,"segment_first_lon":-118.2067885704,"segment_second_lat":33.846819879,"segment_second_lon":-118.2067913302,"segment_sequence":340004,"segment_id":17,"segment_len_meter":128.02365404624334,"segment_cum_len":14167.963318380196,"stop_segment_distance":11.837954316361106}
{"route_id":"205","stop_id":"17494","stop_lat":33.876189,"stop_lon":-118.230643,"stop_sequence":107,"segment_first_lat":33.8763034032,"segment_first_lon":-118.2306174249,"segment_second_lat":33.8762393293,"segment_second_lon":-118.2332132087,"segment_sequence":1110001,"segment_id":56,"segment_len_meter":239.74561600254526,"segment_cum_len":42002.256977095225,"stop_segment_distance":10.537505456858383}
{"route_id":"211","stop_id":"141071","stop_lat":33.934406,"stop_lon":-118.361154,"stop_sequence":16,"segment_first_lat":33.9336721526,"segment_first_lon":-118.3613119702,"segment_second_lat":33.9344058298,"segment_second_lon":-118.3613121672,"segment_sequence":150003,"segment_id":8,"segment_len_meter":81.58118445877294,"segment_cum_len":5343.543127700055,"stop_segment_distance":15.902008977542224}
{"route_id":"211","stop_id":"4457","stop_lat":33.894536,"stop_lon":-118.369892,"stop_sequence":2,"segment_first_lat":33.8946365201,"segment_first_lon":-118.3698922042,"segment_second_lat":33.8946358821,"segment_second_lon":-118.3695626912,"segment_sequence":20001,"segment_id":1,"segment_len_meter":30.41379016445829,"segment_cum_len":160.70249931305602,"stop_segment_distance":13.124025843950946}
{"route_id":"212","stop_id":"11260","stop_lat":34.000578,"stop_lon":-118.359024,"stop_sequence":42,"segment_first_lat":34.0008616001,"segment_first_lon":-118.3589922201,"segment_second_lat":34.0006261606,"segment_second_lon":-118.3588820046,"segment_sequence":410043,"segment_id":21,"segment_len_meter":28.082079776807394,"segment_cum_len":13672.629438329972,"stop_segment_distance":17.73141163394062}
{"route_id":"212","stop_id":"141088","stop_lat":34.065054,"stop_lon":-118.344169,"stop_sequence":22,"segment_first_lat":34.0668926681,"segment_first_lon":-118.3440142816,"segment_second_lat":34.0650543327,"segment_second_lon":-118.3440159668,"segment_sequence":210002,"segment_id":11,"segment_len_meter":204.413628890789,"segment_cum_len":6125.540162922485,"stop_segment_distance":14.629616252984505}
{"route_id":"222","stop_id":"6373","stop_lat":34.221275,"stop_lon":-118.367042,"stop_sequence":45,"segment_first_lat":34.220307889,"segment_first_lon":-118.3680137326,"segment_second_lat":34.2213455857,"segment_second_lon":-118.3671688132,"segment_sequence":440005,"segment_id":22,"segment_len_meter":139.10114341760638,"segment_cum_len":18507.432409340447,"stop_segment_distance":14.764739376653068}
{"route_id":"230","stop_id":"2912","stop_lat":34.225738,"stop_lon":-118.397338,"stop_sequence":27,"segment_first_lat":34.2258099911,"segment_first_lon":-118.397214091,"segment_second_lat":34.2253827345,"segment_second_lon":-118.3968666866,"segment_sequence":270001,"segment_id":14,"segment_len_meter":57.24729236544394,"segment_cum_len":10354.700744439735,"stop_segment_distance":15.312448312211913}
{"route_id":"232","stop_id":"23200075","stop_lat":33.780931,"stop_lon":-118.247305,"stop_sequence":21,"segment_first_lat":33.7808327909,"segment_first_lon":-118.2467818975,"segment_second_lat":33.7808045336,"segment_second_lon":-118.2472954804,"segment_sequence":200005,"segment_id":10,"segment_len_meter":47.57022047871934,"segment_cum_len":7679.537438842023,"stop_segment_distance":16.083815015571133}
{"route_id":"232","stop_id":"23200112","stop_lat":33.883641,"stop_lon":-118.395835,"stop_sequence":76,"segment_first_lat":33.882815885,"segment_first_lon":-118.3959928939,"segment_second_lat":33.8836402634,"segment_second_lon":-118.3959855861,"segment_sequence":750007,"segment_id":38,"segment_len_meter":91.669177908594,"segment_cum_len":29945.873024751345,"stop_segment_distance":15.130923767208643}
{"route_id":"243","stop_id":"176143","stop_lat":34.224469,"stop_lon":-118.553397,"stop_sequence":56,"segment_first_lat":34.2236078326,"segment_first_lon":-118.5535463925,"segment_second_lat":34.2244679168,"segment_second_lon":-118.5535491174,"segment_sequence":550004,"segment_id":28,"segment_len_meter":95.63732766940937,"segment_cum_len":24807.14907471611,"stop_segment_distance":15.086448824071098}
{"route_id":"246","stop_id":"3374","stop_lat":33.802644,"stop_lon":-118.263807,"stop_sequence":45,"segment_first_lat":33.801883022,"segment_first_lon":-118.2639593342,"segment_second_lat":33.8026441661,"segment_second_lon":-118.2639590953,"segment_sequence":440005,"segment_id":22,"segment_len_meter":84.63536524446482,"segment_cum_len":13367.108440110873,"stop_segment_distance":15.197600689650898}
{"route_id":"268","stop_id":"16245","stop_lat":34.161979,"stop_lon":-118.060112,"stop_sequence":39,"segment_first_lat":34.1618535917,"segment_first_lon":-118.0601115562,"segment_second_lat":34.1618500566,"segment_second_lon":-118.0605875627,"segment_sequence":390001,"segment_id":20,"segment_len_meter":43.79853043447609,"segment_cum_len":15748.016139423404,"stop_segment_distance":16.191413330873637}
{"route_id":"460","stop_id":"142333","stop_lat":33.887766,"stop_lon":-118.046014,"stop_sequence":38,"segment_first_lat":33.8878965053,"segment_first_lon":-118.0460142865,"segment_second_lat":33.8879068543,"segment_second_lon":-118.0448018001,"segment_sequence":390001,"segment_id":20,"segment_len_meter":111.92598695015711,"segment_cum_len":42303.29159718943,"stop_segment_distance":15.570119442526092}
{"route_id":"460","stop_id":"8634","stop_lat":34.04625,"stop_lon":-118.247677,"stop_sequence":2,"segment_first_lat":34.0461737789,"segment_first_lon":-118.2477533208,"segment_second_lat":34.0463677386,"segment_second_lon":-118.2480404276,"segment_sequence":20001,"segment_id":1,"segment_len_meter":34.13036766662839,"segment_cum_len":616.3025280069944,"stop_segment_distance":12.834907502424223}
{"route_id":"487","stop_id":"4007","stop_lat":34.081725,"stop_lon":-118.108161,"stop_sequence":9,"segment_first_lat":34.081158549,"segment_first_lon":-118.1082855406,"segment_second_lat":34.0817246146,"segment_second_lon":-118.1082796686,"segment_sequence":80004,"segment_id":4,"segment_len_meter":62.945945961127364,"segment_cum_len":15227.862124169267,"stop_segment_distance":12.005309483972042}
{"route_id":"55","stop_id":"16928","stop_lat":34.062108,"stop_lon":-118.246436,"stop_sequence":68,"segment_first_lat":34.06165379,"segment_first_lon":-118.2468674349,"segment_second_lat":34.0621630234,"segment_second_lon":-118.246572446,"segment_sequence":670015,"segment_id":34,"segment_len_meter":62.80687806288596,"segment_cum_len":20624.96376617687,"stop_segment_distance":15.439803747571574}
{"route_id":"602","stop_id":"6401","stop_lat":34.04876,"stop_lon":-118.539865,"stop_sequence":9,"segment_first_lat":34.0488912638,"segment_first_lon":-118.5398508621,"segment_second_lat":34.0488707087,"segment_second_lon":-118.539654308,"segment_sequence":90001,"segment_id":5,"segment_len_meter":18.252532466363405,"segment_cum_len":2649.9082938198503,"stop_segment_distance":19.38711042106759}
{"route_id":"611","stop_id":"20500011","stop_lat":33.974194,"stop_lon":-118.223466,"stop_sequence":19,"segment_first_lat":33.9739937072,"segment_first_lon":-118.2231356546,"segment_second_lat":33.9740306945,"segment_second_lon":-118.2234913004,"segment_sequence":180006,"segment_id":9,"segment_len_meter":33.052038398488165,"segment_cum_len":6261.82231357486,"stop_segment_distance":22.991373595765715}
{"route_id":"665","stop_id":"9705","stop_lat":34.036088,"stop_lon":-118.187228,"stop_sequence":13,"segment_first_lat":34.0360151247,"segment_first_lon":-118.18722819,"segment_second_lat":34.0360093841,"segment_second_lon":-118.188092948,"segment_sequence":130001,"segment_id":7,"segment_len_meter":79.68626378882907,"segment_cum_len":5298.196886711719,"stop_segment_distance":8.596263870396541}
{"route_id":"704","stop_id":"14378","stop_lat":34.084912,"stop_lon":-118.38363,"stop_sequence":15,"segment_first_lat":34.085006328,"segment_first_lon":-118.3837289284,"segment_second_lat":34.0853502473,"segment_second_lon":-118.3832460124,"segment_sequence":150001,"segment_id":8,"segment_len_meter":58.65396668529813,"segment_cum_len":13977.466534852061,"stop_segment_distance":15.448646508373471}
{"route_id":"720","stop_id":"72000003","stop_lat":34.055547,"stop_lon":-118.265321,"stop_sequence":15,"segment_first_lat":34.0551967164,"segment_first_lon":-118.264827883,"segment_second_lat":34.0554328958,"segment_second_lon":-118.2653911933,"segment_sequence":140030,"segment_id":7,"segment_len_meter":58.161495194732716,"segment_cum_len":12233.159475916591,"stop_segment_distance":15.919012455893458}
{"route_id":"734","stop_id":"9269","stop_lat":34.073338,"stop_lon":-118.468538,"stop_sequence":21,"segment_first_lat":34.0735825565,"segment_first_lon":-118.468549598,"segment_second_lat":34.0734209082,"segment_second_lon":-118.4684265126,"segment_sequence":200067,"segment_id":10,"segment_len_meter":21.250976547913883,"segment_cum_len":29225.41552057363,"stop_segment_distance":19.763172005624146}
{"route_id":"754","stop_id":"12439","stop_lat":34.076477,"stop_lon":-118.291835,"stop_sequence":5,"segment_first_lat":34.0777278475,"segment_first_lon":-118.2916875239,"segment_second_lat":34.0764775749,"segment_second_lon":-118.2916831637,"segment_sequence":40013,"segment_id":2,"segment_len_meter":139.0245500338427,"segment_cum_len":3534.627257242519,"stop_segment_distance":14.70951145626077}
{"route_id":"76","stop_id":"16390","stop_lat":34.077186,"stop_lon":-118.149011,"stop_sequence":33,"segment_first_lat":34.0770596158,"segment_first_lon":-118.1489998536,"segment_second_lat":34.077017224,"segment_second_lon":-118.1497269375,"segment_sequence":330001,"segment_id":17,"segment_len_meter":67.13091335947479,"segment_cum_len":11218.773315847147,"stop_segment_distance":15.51706623587242}
{"route_id":"78","stop_id":"7775","stop_lat":34.102274,"stop_lon":-118.110559,"stop_sequence":58,"segment_first_lat":34.1024035382,"segment_first_lon":-118.1105665438,"segment_second_lat":34.1024170997,"segment_second_lon":-118.1101595989,"segment_sequence":580001,"segment_id":29,"segment_len_meter":37.49916796026013,"segment_cum_len":18494.315064715713,"stop_segment_distance":16.990726784933827}
{"route_id":"81","stop_id":"12007","stop_lat":34.106463,"stop_lon":-118.199437,"stop_sequence":29,"segment_first_lat":34.1065930802,"segment_first_lon":-118.1988755924,"segment_second_lat":34.1063523967,"segment_second_lon":-118.1993576511,"segment_sequence":280006,"segment_id":14,"segment_len_meter":51.8273105647494,"segment_cum_len":8290.373905792512,"stop_segment_distance":16.151331498023616}
{"route_id":"81","stop_id":"13426","stop_lat":33.933676,"stop_lon":-118.282737,"stop_sequence":97,"segment_first_lat":33.9336762416,"segment_first_lon":-118.2825867658,"segment_second_lat":33.9329205773,"segment_second_lon":-118.282589162,"segment_sequence":970001,"segment_id":49,"segment_len_meter":84.02632721025032,"segment_cum_len":31139.336561353262,"stop_segment_distance":14.93308002141876}
{"route_id":"910","stop_id":"13560","stop_lat":34.052881,"stop_lon":-118.251572,"stop_sequence":8,"segment_first_lat":34.0528055328,"segment_first_lon":-118.2514526094,"segment_second_lat":34.0517747108,"segment_second_lon":-118.2524207476,"segment_sequence":80001,"segment_id":4,"segment_len_meter":145.23624685652308,"segment_cum_len":20507.249741928394,"stop_segment_distance":14.360562606637274}
