{"route_id":"10","stop_id":"11715","stop_lat":34.083675,"stop_lon":-118.348476,"stop_sequence":54,"segment_first_lat":34.0835240657,"segment_first_lon":-118.3474248631,"segment_second_lat":34.0835471349,"segment_second_lon":-118.3484788002,"segment_sequence":530005,"segment_id":27,"segment_len_meter":97.0951934951746,"segment_cum_len":14894.132658141649,"stop_segment_distance":15.372546034935908}
{"route_id":"102","stop_id":"7437","stop_lat":33.948834,"stop_lon":-118.395853,"stop_sequence":2,"segment_first_lat":33.9487825858,"segment_first_lon":-118.3954837223,"segment_second_lat":33.9487613347,"segment_second_lon":-118.3958469771,"segment_sequence":10012,"segment_id":1,"segment_len_meter":33.589963258020724,"segment_cum_len":653.7268217980277,"stop_segment_distance":9.047845374533559}
{"route_id":"105","stop_id":"4198","stop_lat":34.004094,"stop_lon":-118.23056,"stop_sequence":3,"segment_first_lat":34.0039662947,"segment_first_lon":-118.2305599905,"segment_second_lat":34.0039629824,"segment_second_lon":-118.2312858475,"segment_sequence":30001,"segment_id":2,"segment_len_meter":66.9108525815921,"segment_cum_len":424.9270767843704,"stop_segment_distance":15.765920482382583}
{"route_id":"111","stop_id":"1988","stop_lat":33.95544,"stop_lon":-118.134044,"stop_sequence":72,"segment_first_lat":33.9555488426,"segment_first_lon":-118.1339664835,"segment_second_lat":33.955191043,"segment_second_lon":-118.1332493721,"segment_sequence":720001,"segment_id":36,"segment_len_meter":77.18535634278632,"segment_cum_len":27071.167739758846,"stop_segment_distance":15.216303974392702}
{"route_id":"115","stop_id":"10457","stop_lat":33.939858,"stop_lon":-118.132938,"stop_sequence":75,"segment_first_lat":33.9399670413,"segment_first_lon":-118.1328585468,"segment_second_lat":33.9394995007,"segment_second_lon":-118.1319782066,"segment_sequence":750001,"segment_id":38,"segment_len_meter":96.426519219328,"segment_cum_len":25121.690718620113,"stop_segment_distance":14.84258816257929}
{"route_id":"115","stop_id":"7824","stop_lat":33.959864,"stop_lon":-118.32891,"stop_sequence":28,"segment_first_lat":33.9599879667,"segment_first_lon":-118.3298107269,"segment_second_lat":33.9599904248,"segment_second_lon":-118.3289104731,"segment_sequence":270003,"segment_id":14,"segment_len_meter":83.0292110610137,"segment_cum_len":6471.561521276834,"stop_segment_distance":15.236992946578184}
{"route_id":"117","stop_id":"7559","stop_lat":33.945338,"stop_lon":-118.347937,"stop_sequence":13,"segment_first_lat":33.9454651675,"segment_first_lon":-118.3479370447,"segment_second_lat":33.9454623227,"segment_second_lon":-118.346634679,"segment_sequence":130001,"segment_id":7,"segment_len_meter":120.13572735800247,"segment_cum_len":6034.760760310817,"stop_segment_distance":14.928713920955403}
{"route_id":"125","stop_id":"17341","stop_lat":33.901807,"stop_lon":-118.304939,"stop_sequence":26,"segment_first_lat":33.9019455815,"segment_first_lon":-118.3077965514,"segment_second_lat":33.9019347072,"segment_second_lon":-118.3049394153,"segment_sequence":250003,"segment_id":13,"segment_len_meter":263.6908774150735,"segment_cum_len":10888.186803848344,"stop_segment_distance":14.686005157269449}
{"route_id":"130","stop_id":"13131","stop_lat":33.87438,"stop_lon":-118.214872,"stop_sequence":26,"segment_first_lat":33.8742529489,"segment_first_lon":-118.2148716831,"segment_second_lat":33.8742453886,"segment_second_lon":-118.2164858638,"segment_sequence":260001,"segment_id":13,"segment_len_meter":149.02517855370567,"segment_cum_len":12788.678005258884,"stop_segment_distance":14.845701061846995}
{"route_id":"150","stop_id":"7025","stop_lat":34.152052,"stop_lon":-118.456261,"stop_sequence":49,"segment_first_lat":34.1521758176,"segment_first_lon":-118.4562319254,"segment_second_lat":34.1520116745,"segment_second_lon":-118.4552361453,"segment_sequence":490001,"segment_id":25,"segment_len_meter":93.43118029470808,"segment_cum_len":18192.456884261548,"stop_segment_distance":15.007362470092303}
{"route_id":"152","stop_id":"13023","stop_lat":34.221785,"stop_lon":-118.399628,"stop_sequence":31,"segment_first_lat":34.2216559369,"segment_first_lon":-118.3987378471,"segment_second_lat":34.2216576727,"segment_second_lon":-118.3996277104,"segment_sequence":300003,"segment_id":15,"segment_len_meter":81.8174033504808,"segment_cum_len":12345.159164966282,"stop_segment_distance":15.433212388758221}
{"route_id":"152","stop_id":"15550","stop_lat":34.175673,"stop_lon":-118.370112,"stop_sequence":7,"segment_first_lat":34.1740046054,"segment_first_lon":-118.3702562955,"segment_second_lat":34.1756423454,"segment_second_lon":-118.3702569415,"segment_sequence":60003,"segment_id":3,"segment_len_meter":182.10838885965003,"segment_cum_len":2360.3309523166567,"stop_segment_distance":17.64543981059839}
{"route_id":"155","stop_id":"18065","stop_lat":34.147743,"stop_lon":-118.361339,"stop_sequence":33,"segment_first_lat":34.1467859295,"segment_first_lon":-118.3614533566,"segment_second_lat":34.1477421818,"segment_second_lon":-118.3614574925,"segment_sequence":320003,"segment_id":16,"segment_len_meter":106.33108552855069,"segment_cum_len":12872.847651733366,"stop_segment_distance":11.5139031859335}
{"route_id":"155","stop_id":"6989","stop_lat":34.139869,"stop_lon":-118.378575,"stop_sequence":27,"segment_first_lat":34.1399892495,"segment_first_lon":-118.378618047,"segment_second_lat":34.1400652466,"segment_second_lon":-118.3783050983,"segment_sequence":270001,"segment_id":14,"segment_len_meter":30.01557974035726,"segment_cum_len":9870.03197236142,"stop_segment_distance":16.993646515101666}
{"route_id":"158","stop_id":"140791","stop_lat":34.17562,"stop_lon":-118.431041,"stop_sequence":12,"segment_first_lat":34.1739565902,"segment_first_lon":-118.4311879244,"segment_second_lat":34.1756190472,"segment_second_lon":-118.4311935293,"segment_sequence":110002,"segment_id":6,"segment_len_meter":184.85750327392984,"segment_cum_len":4769.3463759668675,"stop_segment_distance":14.630566547540553}
{"route_id":"158","stop_id":"16854","stop_lat":34.215537,"stop_lon":-118.430748,"stop_sequence":24,"segment_first_lat":34.2155387712,"segment_first_lon":-118.4309025095,"segment_second_lat":34.21739919,"segment_second_lon":-118.4308763854,"segment_sequence":240001,"segment_id":12,"segment_len_meter":206.8830776264484,"segment_cum_len":9417.32298987346,"stop_segment_distance":14.727778426085337}
{"route_id":"164","stop_id":"7112","stop_lat":34.186183,"stop_lon":-118.567481,"stop_sequence":67,"segment_first_lat":34.186256487,"segment_first_lon":-118.5669685004,"segment_second_lat":34.1860702893,"segment_second_lon":-118.5674136315,"segment_sequence":660012,"segment_id":33,"segment_len_meter":45.88125932041049,"segment_cum_len":25724.281889271824,"stop_segment_distance":15.943669871165625}
{"route_id":"165","stop_id":"6849","stop_lat":34.193815,"stop_lon":-118.439657,"stop_sequence":50,"segment_first_lat":34.1939406781,"segment_first_lon":-118.4396575944,"segment_second_lat":34.1939403939,"segment_second_lon":-118.4377660353,"segment_sequence":500001,"segment_id":25,"segment_len_meter":173.97383054051662,"segment_cum_len":19421.69345112665,"stop_segment_distance":14.478350404071847}
{"route_id":"169","stop_id":"8497","stop_lat":34.206252,"stop_lon":-118.632026,"stop_sequence":46,"segment_first_lat":34.2062488257,"segment_first_lon":-118.6321442523,"segment_second_lat":34.2070565939,"segment_second_lon":-118.6321675657,"segment_sequence":460001,"segment_id":23,"segment_len_meter":89.8453083459909,"segment_cum_len":18739.096266680484,"stop_segment_distance":11.44389495747106}
{"route_id":"175","stop_id":"8051","stop_lat":34.098002,"stop_lon":-118.300677,"stop_sequence":7,"segment_first_lat":34.0981243448,"segment_first_lon":-118.3021535673,"segment_second_lat":34.098128028,"segment_second_lon":-118.300677089,"segment_sequence":60002,"segment_id":3,"segment_len_meter":135.9520026937534,"segment_cum_len":1828.170502253072,"stop_segment_distance":14.700274750340668}
{"route_id":"180","stop_id":"142408","stop_lat":34.146011,"stop_lon":-118.234422,"stop_sequence":43,"segment_first_lat":34.1461663535,"segment_first_lon":-118.2344225498,"segment_second_lat":34.1461666871,"segment_second_lon":-118.2333979989,"segment_sequence":430001,"segment_id":22,"segment_len_meter":94.28517183795202,"segment_cum_len":12942.352977437353,"stop_segment_distance":18.801021291323735}
{"route_id":"2","stop_id":"14915","stop_lat":34.033504,"stop_lon":-118.265139,"stop_sequence":92,"segment_first_lat":34.0338540645,"segment_first_lon":-118.26480655,"segment_second_lat":34.0334863029,"segment_second_lon":-118.2651011163,"segment_sequence":910008,"segment_id":46,"segment_len_meter":49.081966504866664,"segment_cum_len":28248.542128509776,"stop_segment_distance":4.4599165723685275}
{"route_id":"2","stop_id":"6393","stop_lat":34.075369,"stop_lon":-118.254457,"stop_sequence":71,"segment_first_lat":34.0758511093,"segment_first_lon":-118.2552474658,"segment_second_lat":34.0754808617,"segment_second_lon":-118.2543874299,"segment_sequence":700005,"segment_id":35,"segment_len_meter":89.27152794534207,"segment_cum_len":22008.27905524045,"stop_segment_distance":15.13190110411766}
{"route_id":"207","stop_id":"5756","stop_lat":34.032516,"stop_lon":-118.308805,"stop_sequence":35,"segment_first_lat":34.0322185963,"segment_first_lon":-118.3089556029,"segment_second_lat":34.0325153635,"segment_second_lon":-118.3089566986,"segment_sequence":340006,"segment_id":17,"segment_len_meter":32.999161503152415,"segment_cum_len":13559.584142373906,"stop_segment_distance":16.84372564923212}
{"route_id":"211","stop_id":"12180","stop_lat":33.964343,"stop_lon":-118.350317,"stop_sequence":29,"segment_first_lat":33.9629883419,"segment_first_lon":-118.3503809503,"segment_second_lat":33.9643429698,"segment_second_lon":-118.3504044257,"segment_sequence":280002,"segment_id":14,"segment_len_meter":150.64330813135422,"segment_cum_len":9712.720943500051,"stop_segment_distance":8.165915752000927}
{"route_id":"217","stop_id":"13408","stop_lat":34.061225,"stop_lon":-118.362451,"stop_sequence":28,"segment_first_lat":34.0619821421,"segment_first_lon":-118.3619024633,"segment_second_lat":34.0611757835,"segment_second_lon":-118.3623126731,"segment_sequence":270002,"segment_id":14,"segment_len_meter":97.30035109954733,"segment_cum_len":8045.160743452534,"stop_segment_distance":14.757700228928229}
{"route_id":"234","stop_id":"9269","stop_lat":34.073338,"stop_lon":-118.468538,"stop_sequence":69,"segment_first_lat":34.0735825565,"segment_first_lon":-118.468549598,"segment_second_lat":34.0734209082,"segment_second_lon":-118.4684265126,"segment_sequence":680067,"segment_id":34,"segment_len_meter":21.250976547913883,"segment_cum_len":36569.978861445874,"stop_segment_distance":19.763172005624146}
{"route_id":"236","stop_id":"337","stop_lat":34.287433,"stop_lon":-118.501907,"stop_sequence":34,"segment_first_lat":34.2873034624,"segment_first_lon":-118.5020681974,"segment_second_lat":34.2874408816,"segment_second_lon":-118.502062403,"segment_sequence":330004,"segment_id":17,"segment_len_meter":15.289588014485986,"segment_cum_len":14163.547369753547,"stop_segment_distance":19.673411188773066}
{"route_id":"251","stop_id":"12405","stop_lat":34.050099,"stop_lon":-118.205852,"stop_sequence":14,"segment_first_lat":34.0503358144,"segment_first_lon":-118.2055258748,"segment_second_lat":34.0500387184,"segment_second_lon":-118.2057176054,"segment_sequence":130007,"segment_id":7,"segment_len_meter":37.4616128430605,"segment_cum_len":5250.911987480286,"stop_segment_distance":16.57019799870789}
{"route_id":"251","stop_id":"1696","stop_lat":34.005672,"stop_lon":-118.219799,"stop_sequence":26,"segment_first_lat":34.0089087674,"segment_first_lon":-118.2197146655,"segment_second_lat":34.0056746654,"segment_second_lon":-118.2196434875,"segment_sequence":250002,"segment_id":13,"segment_len_meter":359.67558001974464,"segment_cum_len":10496.618069504795,"stop_segment_distance":14.658465548462345}
{"route_id":"258","stop_id":"13399","stop_lat":33.988925,"stop_lon":-118.161719,"stop_sequence":60,"segment_first_lat":33.9889071898,"segment_first_lon":-118.1615664296,"segment_second_lat":33.9873581753,"segment_second_lon":-118.1618082066,"segment_sequence":600001,"segment_id":30,"segment_len_meter":173.67900870803075,"segment_cum_len":22452.022800984905,"stop_segment_distance":14.943200947434065}
{"route_id":"260","stop_id":"11971","stop_lat":34.18066,"stop_lon":-118.150928,"stop_sequence":3,"segment_first_lat":34.1806601143,"segment_first_lon":-118.1507766523,"segment_second_lat":34.1782969742,"segment_second_lon":-118.1507515577,"segment_sequence":30001,"segment_id":2,"segment_len_meter":262.77932975944185,"segment_cum_len":574.1396478991683,"stop_segment_distance":14.400191523168246}
{"route_id":"268","stop_id":"16489","stop_lat":34.183009,"stop_lon":-118.163784,"stop_sequence":92,"segment_first_lat":34.1831173398,"segment_first_lon":-118.1630040891,"segment_second_lat":34.183104846,"segment_second_lon":-118.1641150362,"segment_sequence":830005,"segment_id":42,"segment_len_meter":102.20055933592624,"segment_cum_len":31002.37455847889,"stop_segment_distance":2.806245030783927}
{"route_id":"35","stop_id":"7767","stop_lat":34.025441,"stop_lon":-118.308568,"stop_sequence":24,"segment_first_lat":34.0255680929,"segment_first_lon":-118.3085680247,"segment_second_lat":34.0255662174,"segment_second_lon":-118.3077957593,"segment_sequence":240001,"segment_id":12,"segment_len_meter":71.16998075935788,"segment_cum_len":7616.158243391866,"stop_segment_distance":15.478801203808587}
{"route_id":"487","stop_id":"1533","stop_lat":34.102654,"stop_lon":-118.099807,"stop_sequence":18,"segment_first_lat":34.1026808808,"segment_first_lon":-118.1007290819,"segment_second_lat":34.1027816526,"segment_second_lon":-118.0998260855,"segment_sequence":170005,"segment_id":9,"segment_len_meter":83.89340311178493,"segment_cum_len":18643.827050040207,"stop_segment_distance":15.360916283814817}
{"route_id":"55","stop_id":"1258","stop_lat":34.021831,"stop_lon":-118.261597,"stop_sequence":46,"segment_first_lat":34.0217417516,"segment_first_lon":-118.2616522781,"segment_second_lat":34.0224537954,"segment_second_lon":-118.2632623241,"segment_sequence":460001,"segment_id":23,"segment_len_meter":168.18540260557438,"segment_cum_len":13647.214334604298,"stop_segment_distance":11.347781258609558}
{"route_id":"55","stop_id":"789","stop_lat":33.940428,"stop_lon":-118.246108,"stop_sequence":11,"segment_first_lat":33.9396775678,"segment_first_lon":-118.2462310745,"segment_second_lat":33.9404277374,"segment_second_lon":-118.2462276746,"segment_sequence":100003,"segment_id":5,"segment_len_meter":83.41564328342798,"segment_cum_len":3173.3817690885926,"stop_segment_distance":11.83741002221744}
{"route_id":"602","stop_id":"6428","stop_lat":34.039712,"stop_lon":-118.554291,"stop_sequence":1,"segment_first_lat":34.0398321169,"segment_first_lon":-118.5543772052,"segment_second_lat":34.0399565415,"segment_second_lon":-118.5542096861,"segment_sequence":10002,"segment_id":1,"segment_len_meter":20.728509016984535,"segment_cum_len":25.945351351328128,"stop_segment_distance":23.0164158835489}
{"route_id":"66","stop_id":"1598","stop_lat":34.013817,"stop_lon":-118.147284,"stop_sequence":58,"segment_first_lat":34.0139395026,"segment_first_lon":-118.1472593839,"segment_second_lat":34.013904868,"segment_second_lon":-118.1470435175,"segment_sequence":580001,"segment_id":29,"segment_len_meter":20.265629456700367,"segment_cum_len":17744.722497455048,"stop_segment_distance":17.766798817708008}
{"route_id":"68","stop_id":"14694","stop_lat":34.057309,"stop_lon":-118.240496,"stop_sequence":39,"segment_first_lat":34.0572652513,"segment_first_lon":-118.2404241639,"segment_second_lat":34.0571545924,"segment_second_lon":-118.2405219001,"segment_sequence":390001,"segment_id":20,"segment_len_meter":15.247057453557144,"segment_cum_len":15588.580096287109,"stop_segment_distance":10.300618464205812}
{"route_id":"685","stop_id":"15423","stop_lat":34.133219,"stop_lon":-118.233497,"stop_sequence":14,"segment_first_lat":34.1335346784,"segment_first_lon":-118.2334089891,"segment_second_lat":34.1332415952,"segment_second_lon":-118.2333493507,"segment_sequence":130007,"segment_id":7,"segment_len_meter":33.04840347636729,"segment_cum_len":4603.737722330626,"stop_segment_distance":16.795927758628537}
{"route_id":"734","stop_id":"14526","stop_lat":34.088388,"stop_lon":-118.474937,"stop_sequence":20,"segment_first_lat":34.0886742385,"segment_first_lon":-118.4748202241,"segment_second_lat":34.0884012465,"segment_second_lon":-118.4747823439,"segment_sequence":190107,"segment_id":10,"segment_len_meter":30.55510191957931,"segment_cum_len":27225.60972247368,"stop_segment_distance":17.358800502248595}
{"route_id":"734","stop_id":"2622","stop_lat":34.164486,"stop_lon":-118.466316,"stop_sequence":16,"segment_first_lat":34.1644867257,"segment_first_lon":-118.4661615411,"segment_second_lat":34.1639563848,"segment_second_lon":-118.4661605657,"segment_sequence":160001,"segment_id":8,"segment_len_meter":58.971285757625665,"segment_cum_len":16640.011646839062,"stop_segment_distance":15.842133275776078}
{"route_id":"757","stop_id":"65300070","stop_lat":34.039536,"stop_lon":-118.309144,"stop_sequence":12,"segment_first_lat":34.0399482683,"segment_first_lon":-118.308990744,"segment_second_lat":34.0395360855,"segment_second_lon":-118.3089915325,"segment_sequence":110004,"segment_id":6,"segment_len_meter":45.832693795019296,"segment_cum_len":8555.664875158262,"stop_segment_distance":16.18376844527871}
{"route_id":"76","stop_id":"3934","stop_lat":34.055274,"stop_lon":-118.242378,"stop_sequence":60,"segment_first_lat":34.0560919576,"segment_first_lon":-118.2415026767,"segment_second_lat":34.055229976,"segment_second_lon":-118.2423133268,"segment_sequence":590009,"segment_id":30,"segment_len_meter":121.5073093596106,"segment_cum_len":22285.074727292103,"stop_segment_distance":7.756157214989187}
{"route_id":"90","stop_id":"3368","stop_lat":34.178258,"stop_lon":-118.229142,"stop_sequence":49,"segment_first_lat":34.1782593366,"segment_first_lon":-118.2289864971,"segment_second_lat":34.1773882777,"segment_second_lon":-118.2289768358,"segment_sequence":490001,"segment_id":25,"segment_len_meter":96.86140798421464,"segment_cum_len":15345.661163477895,"stop_segment_distance":15.339165143505639}
{"route_id":"92","stop_id":"8088","stop_lat":34.063145,"stop_lon":-118.251105,"stop_sequence":11,"segment_first_lat":34.0617348933,"segment_first_lon":-118.2501858541,"segment_second_lat":34.0630739493,"segment_second_lon":-118.2512358451,"segment_sequence":100010,"segment_id":5,"segment_len_meter":177.5534750589126,"segment_cum_len":3519.157510345168,"stop_segment_distance":15.054643048808572}
