{"route_id":"105","stop_id":"5223","stop_lat":34.059744,"stop_lon":-118.376001,"stop_sequence":57,"segment_first_lat":34.0597457964,"segment_first_lon":-118.3761511011,"segment_second_lat":34.0620815818,"segment_second_lon":-118.376123304,"segment_sequence":570001,"segment_id":29,"segment_len_meter":259.7401084177669,"segment_cum_len":20652.233038882554,"stop_segment_distance":14.259923681186365}
{"route_id":"111","stop_id":"9965","stop_lat":33.973821,"stop_lon":-118.222706,"stop_sequence":51,"segment_first_lat":33.9739937072,"segment_first_lon":-118.2231356546,"segment_second_lat":33.9739478202,"segment_second_lon":-118.2226882953,"segment_sequence":500004,"segment_id":25,"segment_len_meter":41.56670181552236,"segment_cum_len":18381.236577206542,"stop_segment_distance":16.657952051019194}
{"route_id":"115","stop_id":"30016","stop_lat":33.913142,"stop_lon":-118.104021,"stop_sequence":87,"segment_first_lat":33.9133344981,"segment_first_lon":-118.1039719923,"segment_second_lat":33.9131421461,"segment_second_lon":-118.1039760382,"segment_sequence":860017,"segment_id":43,"segment_len_meter":21.39182481904672,"segment_cum_len":30142.10382219547,"stop_segment_distance":4.634569835064259}
{"route_id":"120","stop_id":"36521","stop_lat":33.931592,"stop_lon":-118.192421,"stop_sequence":59,"segment_first_lat":33.9314670173,"segment_first_lon":-118.1924387943,"segment_second_lat":33.9315171918,"segment_second_lon":-118.1930240447,"segment_sequence":590001,"segment_id":30,"segment_len_meter":54.28212332202774,"segment_cum_len":25494.595471236375,"stop_segment_distance":15.96664548244739}
{"route_id":"120","stop_id":"4078","stop_lat":33.94171,"stop_lon":-118.072841,"stop_sequence":26,"segment_first_lat":33.9417096133,"segment_first_lon":-118.0726889868,"segment_second_lat":33.9408605323,"segment_second_lon":-118.0726856126,"segment_sequence":260001,"segment_id":13,"segment_len_meter":94.41401260118542,"segment_cum_len":10153.664054746176,"stop_segment_distance":15.146918774502723}
{"route_id":"130","stop_id":"30014","stop_lat":33.875981,"stop_lon":-118.222832,"stop_sequence":28,"segment_first_lat":33.8761487962,"segment_first_lon":-118.222974081,"segment_second_lat":33.8754370139,"segment_second_lon":-118.2230248974,"segment_sequence":270008,"segment_id":14,"segment_len_meter":79.28549595588638,"segment_cum_len":14111.22959039579,"stop_segment_distance":6.577277396990468}
{"route_id":"14","stop_id":"140897","stop_lat":34.076323,"stop_lon":-118.334526,"stop_sequence":62,"segment_first_lat":34.076198328,"segment_first_lon":-118.3345357976,"segment_second_lat":34.0762039168,"segment_second_lon":-118.3347006023,"segment_sequence":620001,"segment_id":31,"segment_len_meter":15.191557734370706,"segment_cum_len":23087.879137258806,"stop_segment_distance":19.53192961243463}
{"route_id":"150","stop_id":"6580","stop_lat":34.174688,"stop_lon":-118.605919,"stop_sequence":10,"segment_first_lat":34.1748541738,"segment_first_lon":-118.6057586664,"segment_second_lat":34.1746834795,"segment_second_lon":-118.6057683391,"segment_sequence":90024,"segment_id":5,"segment_len_meter":19.001187400317196,"segment_cum_len":3142.3843283482406,"stop_segment_distance":18.51074974141537}
{"route_id":"158","stop_id":"20335","stop_lat":34.226607,"stop_lon":-118.432654,"stop_sequence":29,"segment_first_lat":34.2266796315,"segment_first_lon":-118.4327325492,"segment_second_lat":34.2272106496,"segment_second_lon":-118.4320055046,"segment_sequence":290001,"segment_id":15,"segment_len_meter":89.1877698241955,"segment_cum_len":10592.061349379772,"stop_segment_distance":11.424745272216057}
{"route_id":"161","stop_id":"303","stop_lat":34.158817,"stop_lon":-118.636354,"stop_sequence":17,"segment_first_lat":34.1589305139,"segment_first_lon":-118.6361535925,"segment_second_lat":34.1587640833,"segment_second_lon":-118.6362402534,"segment_sequence":160023,"segment_id":8,"segment_len_meter":20.151006658146425,"segment_cum_len":7017.634525702266,"stop_segment_distance":14.201804918373984}
{"route_id":"164","stop_id":"8150","stop_lat":34.184713,"stop_lon":-118.341378,"stop_sequence":12,"segment_first_lat":34.1845725274,"segment_first_lon":-118.3404847842,"segment_second_lat":34.184586214,"segment_second_lon":-118.3413809113,"segment_sequence":110004,"segment_id":6,"segment_len_meter":82.44338693971773,"segment_cum_len":4850.999116906606,"stop_segment_distance":15.290177337752539}
{"route_id":"167","stop_id":"12658","stop_lat":34.179516,"stop_lon":-118.418428,"stop_sequence":79,"segment_first_lat":34.1794180637,"segment_first_lon":-118.4184271829,"segment_second_lat":34.1794152776,"segment_second_lon":-118.4198654273,"segment_sequence":790001,"segment_id":40,"segment_len_meter":132.30390569554908,"segment_cum_len":31821.586633379153,"stop_segment_distance":11.2881431309317}
{"route_id":"169","stop_id":"6117","stop_lat":34.208283,"stop_lon":-118.518759,"stop_sequence":72,"segment_first_lat":34.2083943808,"segment_first_lon":-118.5196990567,"segment_second_lat":34.2084099387,"segment_second_lon":-118.5187631297,"segment_sequence":710006,"segment_id":36,"segment_len_meter":86.08335725243325,"segment_cum_len":29303.474059041597,"stop_segment_distance":15.365170272702159}
{"route_id":"175","stop_id":"2598","stop_lat":34.098834,"stop_lon":-118.274162,"stop_sequence":26,"segment_first_lat":34.0987799268,"segment_first_lon":-118.2740604378,"segment_second_lat":34.0986196966,"segment_second_lon":-118.2741943501,"segment_sequence":260001,"segment_id":13,"segment_len_meter":21.66735920307994,"segment_cum_len":7233.808973820479,"stop_segment_distance":13.465287616396004}
{"route_id":"176","stop_id":"11760","stop_lat":34.115926,"stop_lon":-118.152889,"stop_sequence":82,"segment_first_lat":34.1157933932,"segment_first_lon":-118.1528821323,"segment_second_lat":34.115790944,"segment_second_lon":-118.1530803558,"segment_sequence":820001,"segment_id":41,"segment_len_meter":18.25027384220738,"segment_cum_len":30054.94944104699,"stop_segment_distance":19.656908200408342}
{"route_id":"176","stop_id":"2170","stop_lat":34.115813,"stop_lon":-118.182395,"stop_sequence":94,"segment_first_lat":34.1163448876,"segment_first_lon":-118.1834897548,"segment_second_lat":34.1159339097,"segment_second_lon":-118.1823318594,"segment_sequence":930004,"segment_id":47,"segment_len_meter":115.97708078169494,"segment_cum_len":33466.46360082238,"stop_segment_distance":15.52416551147455}
{"route_id":"18","stop_id":"7347","stop_lat":34.063504,"stop_lon":-118.295564,"stop_sequence":7,"segment_first_lat":34.0635972219,"segment_first_lon":-118.2966337995,"segment_second_lat":34.0636023176,"segment_second_lon":-118.2955640507,"segment_sequence":60003,"segment_id":3,"segment_len_meter":98.5422827441945,"segment_cum_len":1771.7559843564723,"stop_segment_distance":11.479197541067407}
{"route_id":"2","stop_id":"13597","stop_lat":34.048613,"stop_lon":-118.252055,"stop_sequence":82,"segment_first_lat":34.048549672,"segment_first_lon":-118.2519614012,"segment_second_lat":34.0473849132,"segment_second_lon":-118.2531139409,"segment_sequence":820001,"segment_id":41,"segment_len_meter":167.48072693448387,"segment_cum_len":25940.168064556994,"stop_segment_distance":11.48094102871707}
{"route_id":"2","stop_id":"6407","stop_lat":34.097928,"stop_lon":-118.361784,"stop_sequence":35,"segment_first_lat":34.0980507686,"segment_first_lon":-118.3628414046,"segment_second_lat":34.0980539381,"segment_second_lon":-118.361784421,"segment_sequence":340008,"segment_id":17,"segment_len_meter":97.32581421240532,"segment_cum_len":10916.153565726796,"stop_segment_distance":14.994282216863098}
{"route_id":"20","stop_id":"16716","stop_lat":34.062461,"stop_lon":-118.348443,"stop_sequence":36,"segment_first_lat":34.0623355219,"segment_first_lon":-118.3484462395,"segment_second_lat":34.062351632,"segment_second_lon":-118.3493377671,"segment_sequence":360001,"segment_id":18,"segment_len_meter":82.14443630183953,"segment_cum_len":10609.008302296672,"stop_segment_distance":15.126867742002815}
{"route_id":"20","stop_id":"16734","stop_lat":34.061977,"stop_lon":-118.324101,"stop_sequence":30,"segment_first_lat":34.0618235589,"segment_first_lon":-118.3228494577,"segment_second_lat":34.0618517988,"segment_second_lon":-118.3241042063,"segment_sequence":290002,"segment_id":15,"segment_len_meter":115.62708894445966,"segment_cum_len":8283.806141189574,"stop_segment_distance":14.842456078530788}
{"route_id":"20","stop_id":"16778","stop_lat":34.067223,"stop_lon":-118.414802,"stop_sequence":56,"segment_first_lat":34.0670970537,"segment_first_lon":-118.4148011827,"segment_second_lat":34.0670993636,"segment_second_lon":-118.4170828081,"segment_sequence":560001,"segment_id":28,"segment_len_meter":210.16498826251853,"segment_cum_len":16908.97943014902,"stop_segment_distance":14.378524689301969}
{"route_id":"202","stop_id":"14295","stop_lat":33.78077,"stop_lon":-118.250395,"stop_sequence":50,"segment_first_lat":33.7817568493,"segment_first_lon":-118.2503878853,"segment_second_lat":33.780775771,"segment_second_lon":-118.2503099326,"segment_sequence":490005,"segment_id":25,"segment_len_meter":109.32856806294784,"segment_cum_len":24841.72607618225,"stop_segment_distance":8.294282237435013}
{"route_id":"204","stop_id":"5637","stop_lat":34.013505,"stop_lon":-118.291388,"stop_sequence":33,"segment_first_lat":34.0135049644,"segment_first_lon":-118.2915386299,"segment_second_lat":34.0141259825,"segment_second_lon":-118.291538483,"segment_sequence":330001,"segment_id":17,"segment_len_meter":69.05406340168582,"segment_cum_len":10023.967745272126,"stop_segment_distance":15.258861600622154}
{"route_id":"205","stop_id":"7410","stop_lat":33.737846,"stop_lon":-118.301318,"stop_sequence":15,"segment_first_lat":33.7379134113,"segment_first_lon":-118.3017192503,"segment_second_lat":33.7379122204,"segment_second_lon":-118.301317337,"segment_sequence":140004,"segment_id":7,"segment_len_meter":37.16444856984886,"segment_cum_len":2861.6745726525246,"stop_segment_distance":8.051704150419134}
{"route_id":"212","stop_id":"12132","stop_lat":34.094481,"stop_lon":-118.34424,"stop_sequence":11,"segment_first_lat":34.0961628571,"segment_first_lon":-118.3440950603,"segment_second_lat":34.0944811733,"segment_second_lon":-118.3440881405,"segment_sequence":100004,"segment_id":5,"segment_len_meter":186.99579237696597,"segment_cum_len":2853.3803851516814,"stop_segment_distance":14.47736194484915}
{"route_id":"222","stop_id":"10882","stop_lat":34.10042,"stop_lon":-118.339984,"stop_sequence":1,"segment_first_lat":34.100349903,"segment_first_lon":-118.3399832838,"segment_second_lat":34.100347328,"segment_second_lon":-118.3413838322,"segment_sequence":10001,"segment_id":1,"segment_len_meter":128.9568325972905,"segment_cum_len":128.9568325972905,"stop_segment_distance":7.981455919818075}
{"route_id":"222","stop_id":"9135","stop_lat":34.118553,"stop_lon":-118.337107,"stop_sequence":14,"segment_first_lat":34.1185225426,"segment_first_lon":-118.3372125105,"segment_second_lat":34.118684417,"segment_second_lon":-118.3373023696,"segment_sequence":140002,"segment_id":7,"segment_len_meter":19.80941591233532,"segment_cum_len":4312.008927721166,"stop_segment_distance":13.650095532349123}
{"route_id":"230","stop_id":"2908","stop_lat":34.246589,"stop_lon":-118.419393,"stop_sequence":20,"segment_first_lat":34.246670941,"segment_first_lon":-118.4192778662,"segment_second_lat":34.2440154721,"segment_second_lon":-118.4164642064,"segment_sequence":200001,"segment_id":10,"segment_len_meter":392.52267733813903,"segment_cum_len":7608.167961372244,"stop_segment_distance":14.33171265811086}
{"route_id":"232","stop_id":"23200066","stop_lat":33.782739,"stop_lon":-118.193916,"stop_sequence":11,"segment_first_lat":33.7826092942,"segment_first_lon":-118.1939159383,"segment_second_lat":33.782610422,"segment_second_lon":-118.194409215,"segment_sequence":110001,"segment_id":6,"segment_len_meter":45.588818644838476,"segment_cum_len":2782.64119903778,"stop_segment_distance":16.606313614935125}
{"route_id":"243","stop_id":"11679","stop_lat":34.246493,"stop_lon":-118.579922,"stop_sequence":12,"segment_first_lat":34.2472763236,"segment_first_lon":-118.5798051633,"segment_second_lat":34.2464931793,"segment_second_lon":-118.5798027016,"segment_sequence":110003,"segment_id":6,"segment_len_meter":87.08196695447756,"segment_cum_len":6600.104673376578,"stop_segment_distance":11.644686227485536}
{"route_id":"260","stop_id":"13140","stop_lat":34.024651,"stop_lon":-118.156138,"stop_sequence":54,"segment_first_lat":34.024621556,"segment_first_lon":-118.1559887298,"segment_second_lat":34.0226310443,"segment_second_lon":-118.1565962027,"segment_sequence":540001,"segment_id":27,"segment_len_meter":228.3053265195614,"segment_cum_len":20321.088825702827,"stop_segment_distance":14.379210687331977}
{"route_id":"266","stop_id":"4607","stop_lat":34.117163,"stop_lon":-118.072988,"stop_sequence":68,"segment_first_lat":34.1171797931,"segment_first_lon":-118.0731405521,"segment_second_lat":34.1179349774,"segment_second_lon":-118.0730245858,"segment_sequence":680001,"segment_id":34,"segment_len_meter":84.64853580086941,"segment_cum_len":34270.869747155855,"stop_segment_distance":15.424634095767047}
{"route_id":"344","stop_id":"2394","stop_lat":33.755179,"stop_lon":-118.396009,"stop_sequence":8,"segment_first_lat":33.754730225,"segment_first_lon":-118.3963460744,"segment_second_lat":33.7552199529,"segment_second_lon":-118.3961582454,"segment_sequence":70018,"segment_id":4,"segment_len_meter":57.15688957894191,"segment_cum_len":2794.124945360293,"stop_segment_distance":16.205299973375723}
{"route_id":"4","stop_id":"4819","stop_lat":34.036907,"stop_lon":-118.261152,"stop_sequence":3,"segment_first_lat":34.0362621129,"segment_first_lon":-118.2618666738,"segment_second_lat":34.0369789342,"segment_second_lon":-118.2612774323,"segment_sequence":20005,"segment_id":1,"segment_len_meter":96.44276964715058,"segment_cum_len":691.1065442669814,"stop_segment_distance":14.971963225043197}
{"route_id":"460","stop_id":"16944","stop_lat":33.809993,"stop_lon":-117.915457,"stop_sequence":71,"segment_first_lat":33.8107047326,"segment_first_lon":-117.9153111752,"segment_second_lat":33.8099930516,"segment_second_lon":-117.9153118935,"segment_sequence":710132,"segment_id":36,"segment_len_meter":79.1353444158825,"segment_cum_len":63971.549816548075,"stop_segment_distance":14.550762068013682}
{"route_id":"487","stop_id":"14320","stop_lat":34.100169,"stop_lon":-118.029298,"stop_sequence":86,"segment_first_lat":34.1001852685,"segment_first_lon":-118.0291451655,"segment_second_lat":34.099902798,"segment_second_lon":-118.0291031168,"segment_sequence":860001,"segment_id":43,"segment_len_meter":31.64700895099936,"segment_cum_len":41535.869327508415,"stop_segment_distance":17.155730774174895}
{"route_id":"487","stop_id":"4453","stop_lat":34.087839,"stop_lon":-118.107611,"stop_sequence":11,"segment_first_lat":34.0855831187,"segment_first_lon":-118.1077199188,"segment_second_lat":34.0878391087,"segment_second_lon":-118.1077290997,"segment_sequence":100005,"segment_id":5,"segment_len_meter":250.8560673397605,"segment_cum_len":15919.703962467835,"stop_segment_distance":11.06267983404598}
{"route_id":"487","stop_id":"6246","stop_lat":34.158663,"stop_lon":-118.093683,"stop_sequence":49,"segment_first_lat":34.158670426,"segment_first_lon":-118.0938322321,"segment_second_lat":34.1591689178,"segment_second_lon":-118.0937961007,"segment_sequence":490001,"segment_id":25,"segment_len_meter":55.529367322767364,"segment_cum_len":28789.03135221721,"stop_segment_distance":15.43656409050218}
{"route_id":"601","stop_id":"1734","stop_lat":34.179129,"stop_lon":-118.597745,"stop_sequence":8,"segment_first_lat":34.1792484704,"segment_first_lon":-118.6011682317,"segment_second_lat":34.1792582871,"segment_second_lon":-118.5977462146,"segment_sequence":70001,"segment_id":4,"segment_len_meter":314.7925238843237,"segment_cum_len":2861.48099088919,"stop_segment_distance":14.766669183398449}
{"route_id":"603","stop_id":"14242","stop_lat":34.128129,"stop_lon":-118.25921,"stop_sequence":12,"segment_first_lat":34.1282036899,"segment_first_lon":-118.2590896366,"segment_second_lat":34.1275810749,"segment_second_lon":-118.2585510928,"segment_sequence":120001,"segment_id":6,"segment_len_meter":85.14851477614465,"segment_cum_len":3377.4056813595835,"stop_segment_distance":14.665216398397277}
{"route_id":"62","stop_id":"140995","stop_lat":34.048472,"stop_lon":-118.255005,"stop_sequence":4,"segment_first_lat":34.0487488543,"segment_first_lon":-118.2552506161,"segment_second_lat":34.0485516784,"segment_second_lon":-118.254933104,"segment_sequence":30009,"segment_id":2,"segment_len_meter":36.55738282327328,"segment_cum_len":2343.9958070374664,"stop_segment_distance":12.711916874747239}
{"route_id":"734","stop_id":"30015","stop_lat":34.293471,"stop_lon":-118.45085,"stop_sequence":1,"segment_first_lat":34.2934632292,"segment_first_lon":-118.4507788433,"segment_second_lat":34.2934296883,"segment_second_lon":-118.4507832973,"segment_sequence":10001,"segment_id":1,"segment_len_meter":3.751955384428228,"segment_cum_len":3.751955384428228,"stop_segment_distance":10.500033860065148}
{"route_id":"750","stop_id":"12673","stop_lat":34.179096,"stop_lon":-118.60488,"stop_sequence":17,"segment_first_lat":34.1792197824,"segment_first_lon":-118.6053770269,"segment_second_lat":34.1792250116,"segment_second_lon":-118.6048811101,"segment_sequence":160042,"segment_id":8,"segment_len_meter":45.62300407559609,"segment_cum_len":24557.56707675246,"stop_segment_distance":16.471073576687168}
{"route_id":"757","stop_id":"20400012","stop_lat":34.099733,"stop_lon":-118.324832,"stop_sequence":1,"segment_first_lat":34.0998087575,"segment_first_lon":-118.3248326871,"segment_second_lat":34.0998115864,"segment_second_lon":-118.3243933749,"segment_sequence":10001,"segment_id":1,"segment_len_meter":40.45147144037774,"segment_cum_len":40.45147144037774,"stop_segment_distance":9.294155288354382}
{"route_id":"78","stop_id":"1541","stop_lat":34.109473,"stop_lon":-118.015,"stop_sequence":86,"segment_first_lat":34.1094403194,"segment_first_lon":-118.0161532353,"segment_second_lat":34.1095965435,"segment_second_lon":-118.0150277455,"segment_sequence":850006,"segment_id":43,"segment_len_meter":105.06509049634474,"segment_cum_len":27368.89071528281,"stop_segment_distance":15.143512562552587}
{"route_id":"81","stop_id":"12014","stop_lat":34.11392,"stop_lon":-118.186121,"stop_sequence":23,"segment_first_lat":34.1140881882,"segment_first_lon":-118.1857445563,"segment_second_lat":34.1138347117,"segment_second_lon":-118.1860030052,"segment_sequence":220003,"segment_id":11,"segment_len_meter":36.88522790770704,"segment_cum_len":6796.188312089388,"stop_segment_distance":16.914671711417583}
{"route_id":"83","stop_id":"12789","stop_lat":34.083315,"stop_lon":-118.2138,"stop_sequence":30,"segment_first_lat":34.0839723461,"segment_first_lon":-118.2135181331,"segment_second_lat":34.0832942113,"segment_second_lon":-118.2136511447,"segment_sequence":290006,"segment_id":15,"segment_len_meter":76.39364000317055,"segment_cum_len":8841.47048884537,"stop_segment_distance":15.074686405134642}
{"route_id":"90","stop_id":"10587","stop_lat":34.259126,"stop_lon":-118.302915,"stop_sequence":9,"segment_first_lat":34.2593652142,"segment_first_lon":-118.3029954607,"segment_second_lat":34.259221681,"segment_second_lon":-118.3028132487,"segment_sequence":80009,"segment_id":4,"segment_len_meter":23.133226679377515,"segment_cum_len":2048.050347999963,"stop_segment_distance":18.639572592363848}
{"route_id":"90","stop_id":"10588","stop_lat":34.251083,"stop_lon":-118.293008,"stop_sequence":14,"segment_first_lat":34.2513518337,"segment_first_lon":-118.2931778271,"segment_second_lat":34.2511815442,"segment_second_lon":-118.292918121,"segment_sequence":130003,"segment_id":7,"segment_len_meter":30.468324422658995,"segment_cum_len":3328.8272247616596,"stop_segment_distance":16.97718597513746}
{"route_id":"90","stop_id":"13543","stop_lat":34.132414,"stop_lon":-118.252304,"stop_sequence":68,"segment_first_lat":34.1326562711,"segment_first_lon":-118.2521098504,"segment_second_lat":34.132396508,"segment_second_lon":-118.2521523554,"segment_sequence":670003,"segment_id":34,"segment_len_meter":29.148074757422883,"segment_cum_len":20992.99616469234,"stop_segment_distance":17.271551100891003}
{"route_id":"92","stop_id":"2230","stop_lat":34.20686,"stop_lon":-118.341538,"stop_sequence":84,"segment_first_lat":34.2066382962,"segment_first_lon":-118.3413751412,"segment_second_lat":34.2067453475,"segment_second_lon":-118.3416110667,"segment_sequence":830011,"segment_id":42,"segment_len_meter":24.746659675781146,"segment_cum_len":26304.81773567822,"stop_segment_distance":18.509376532850958}
{"route_id":"96","stop_id":"18080","stop_lat":34.158708,"stop_lon":-118.297067,"stop_sequence":16,"segment_first_lat":34.1588048934,"segment_first_lon":-118.2969694697,"segment_second_lat":34.1585885454,"segment_second_lon":-118.2966702139,"segment_sequence":160001,"segment_id":8,"segment_len_meter":36.563861065197344,"segment_cum_len":5543.44733282478,"stop_segment_distance":16.308368237157957}
