{"route_id":"16","stop_id":"15625","stop_lat":34.069173,"stop_lon":-118.297717,"stop_sequence":26,"segment_first_lat":34.069048957,"segment_first_lon":-118.2966531322,"segment_second_lat":34.069046341,"segment_second_lon":-118.2977163555,"segment_sequence":250003,"segment_id":13,"segment_len_meter":97.93368794406081,"segment_cum_len":6913.514875504122,"stop_segment_distance":15.108776217356038}
{"route_id":"175","stop_id":"6446","stop_lat":34.101683,"stop_lon":-118.282951,"stop_sequence":16,"segment_first_lat":34.100913024,"segment_first_lon":-118.2830346834,"segment_second_lat":34.1016824235,"segment_second_lon":-118.2830372877,"segment_sequence":150003,"segment_id":8,"segment_len_meter":85.55365700600905,"segment_cum_len":4327.531980804223,"stop_segment_distance":8.354915431420991}
{"route_id":"183","stop_id":"11567","stop_lat":34.164773,"stop_lon":-118.396714,"stop_sequence":20,"segment_first_lat":34.1648999073,"segment_first_lon":-118.3982256724,"segment_second_lat":34.1649002016,"segment_second_lon":-118.3967149397,"segment_sequence":190006,"segment_id":10,"segment_len_meter":138.99562327855284,"segment_cum_len":7564.911961290787,"stop_segment_distance":14.945044653001844}
{"route_id":"183","stop_id":"3084","stop_lat":34.164768,"stop_lon":-118.440126,"stop_sequence":10,"segment_first_lat":34.1648957281,"segment_first_lon":-118.4440072184,"segment_second_lat":34.1648953522,"segment_second_lon":-118.4401262426,"segment_sequence":90001,"segment_id":5,"segment_len_meter":357.07088872490505,"segment_cum_len":3570.826432812394,"stop_segment_distance":14.465855017563513}
{"route_id":"200","stop_id":"8885","stop_lat":34.022261,"stop_lon":-118.280333,"stop_sequence":6,"segment_first_lat":34.0221252604,"segment_first_lon":-118.2804192277,"segment_second_lat":34.0229124825,"segment_second_lon":-118.2822059225,"segment_sequence":60001,"segment_id":3,"segment_len_meter":186.4834914435877,"segment_cum_len":1749.9130008197335,"stop_segment_distance":17.768413219170696}
{"route_id":"205","stop_id":"5636","stop_lat":33.850104,"stop_lon":-118.290356,"stop_sequence":75,"segment_first_lat":33.8498373396,"segment_first_lon":-118.2904964408,"segment_second_lat":33.8501011028,"segment_second_lon":-118.2905082225,"segment_sequence":750005,"segment_id":38,"segment_len_meter":29.349303375968233,"segment_cum_len":25507.1530064151,"stop_segment_distance":17.07528941513847}
{"route_id":"206","stop_id":"12550","stop_lat":33.954462,"stop_lon":-118.300359,"stop_sequence":58,"segment_first_lat":33.9550256082,"segment_first_lon":-118.3002458431,"segment_second_lat":33.9544623093,"segment_second_lon":-118.3002411861,"segment_sequence":570006,"segment_id":29,"segment_len_meter":62.637452632653954,"segment_cum_len":17938.989859505582,"stop_segment_distance":11.762558615932868}
{"route_id":"209","stop_id":"5614","stop_lat":33.97077,"stop_lon":-118.317621,"stop_sequence":23,"segment_first_lat":33.9700005923,"segment_first_lon":-118.3177396743,"segment_second_lat":33.9707699925,"segment_second_lon":-118.317739955,"segment_sequence":220005,"segment_id":11,"segment_len_meter":85.55340271520282,"segment_cum_len":8597.515747694251,"stop_segment_distance":11.6675449454425}
{"route_id":"212","stop_id":"12643","stop_lat":33.996562,"stop_lon":-118.357717,"stop_sequence":43,"segment_first_lat":33.996597455,"segment_first_lon":-118.3576041437,"segment_second_lat":33.9963705493,"segment_second_lon":-118.3574883656,"segment_sequence":430001,"segment_id":22,"segment_len_meter":27.395497235571987,"segment_cum_len":14166.083015273809,"stop_segment_distance":13.68799915084601}
{"route_id":"218","stop_id":"32170","stop_lat":34.101596,"stop_lon":-118.365556,"stop_sequence":9,"segment_first_lat":34.101944978,"segment_first_lon":-118.3654249444,"segment_second_lat":34.1016021215,"segment_second_lon":-118.3653986716,"segment_sequence":80125,"segment_id":4,"segment_len_meter":38.200573212641366,"segment_cum_len":6768.3030576970805,"stop_segment_distance":16.938796478549108}
{"route_id":"233","stop_id":"10345","stop_lat":34.279783,"stop_lon":-118.383093,"stop_sequence":56,"segment_first_lat":34.2791145147,"segment_first_lon":-118.3825040227,"segment_second_lat":34.279732912,"segment_second_lon":-118.3831606441,"segment_sequence":550013,"segment_id":28,"segment_len_meter":91.47726290326752,"segment_cum_len":19151.828692957482,"stop_segment_distance":8.812570404660192}
{"route_id":"246","stop_id":"203","stop_lat":33.819107,"stop_lon":-118.263539,"stop_sequence":51,"segment_first_lat":33.8185902776,"segment_first_lon":-118.2637090249,"segment_second_lat":33.8191124046,"segment_second_lon":-118.2636899257,"segment_sequence":500006,"segment_id":25,"segment_len_meter":58.084677695767475,"segment_cum_len":15199.139991356631,"stop_segment_distance":15.43603512084865}
{"route_id":"251","stop_id":"13949","stop_lat":34.002009,"stop_lon":-118.219779,"stop_sequence":27,"segment_first_lat":34.0027921562,"segment_first_lon":-118.2196458227,"segment_second_lat":34.0020115237,"segment_second_lon":-118.219626948,"segment_sequence":260010,"segment_id":13,"segment_len_meter":86.81980964863614,"segment_cum_len":10904.177663856497,"stop_segment_distance":15.143633524962638}
{"route_id":"256","stop_id":"10061","stop_lat":34.047295,"stop_lon":-118.174884,"stop_sequence":19,"segment_first_lat":34.0471980617,"segment_first_lon":-118.1749823902,"segment_second_lat":34.0472869095,"segment_second_lon":-118.1751086779,"segment_sequence":190001,"segment_id":10,"segment_len_meter":15.263806863822794,"segment_cum_len":4207.352690895938,"stop_segment_distance":19.540202388695718}
{"route_id":"256","stop_id":"10105","stop_lat":34.061295,"stop_lon":-118.173613,"stop_sequence":24,"segment_first_lat":34.0622236182,"segment_first_lon":-118.1717590172,"segment_second_lat":34.0612257656,"segment_second_lon":-118.1739426583,"segment_sequence":250012,"segment_id":13,"segment_len_meter":229.72466270012853,"segment_cum_len":7301.5173152816815,"stop_segment_distance":1.1768744429735989}
{"route_id":"256","stop_id":"10155","stop_lat":34.074893,"stop_lon":-118.180116,"stop_sequence":33,"segment_first_lat":34.0747580274,"segment_first_lon":-118.1802350362,"segment_second_lat":34.07489267,"segment_second_lon":-118.1802369774,"segment_sequence":320005,"segment_id":16,"segment_len_meter":14.972641559025314,"segment_cum_len":9720.496168973998,"stop_segment_distance":14.756128752234888}
{"route_id":"258","stop_id":"7631","stop_lat":34.044113,"stop_lon":-118.167186,"stop_sequence":37,"segment_first_lat":34.044214978,"segment_first_lon":-118.1692001059,"segment_second_lat":34.0442128366,"segment_second_lon":-118.167186507,"segment_sequence":360007,"segment_id":18,"segment_len_meter":185.52663565701255,"segment_cum_len":14886.02765631148,"stop_segment_distance":11.494216173082606}
{"route_id":"260","stop_id":"13165","stop_lat":34.059527,"stop_lon":-118.133785,"stop_sequence":42,"segment_first_lat":34.0595118664,"segment_first_lon":-118.1336327754,"segment_second_lat":34.0593480567,"segment_second_lon":-118.1336661897,"segment_sequence":420001,"segment_id":21,"segment_len_meter":18.47306463859979,"segment_cum_len":15558.36784782737,"stop_segment_distance":18.359594253077635}
{"route_id":"266","stop_id":"17797","stop_lat":33.871009,"stop_lon":-118.142385,"stop_sequence":8,"segment_first_lat":33.8696018178,"segment_first_lon":-118.1425278905,"segment_second_lat":33.8710086947,"segment_second_lon":-118.1425362115,"segment_sequence":70002,"segment_id":4,"segment_len_meter":156.43946002766998,"segment_cum_len":4582.715491256821,"stop_segment_distance":14.5477858965846}
{"route_id":"40","stop_id":"11253","stop_lat":34.011005,"stop_lon":-118.323478,"stop_sequence":35,"segment_first_lat":34.0108818172,"segment_first_lon":-118.3234778993,"segment_second_lat":34.0108755696,"segment_second_lon":-118.3237583473,"segment_sequence":350001,"segment_id":18,"segment_len_meter":25.85905676917143,"segment_cum_len":13391.954437203627,"stop_segment_distance":17.41623441456032}
{"route_id":"45","stop_id":"19010","stop_lat":33.945015,"stop_lon":-118.278538,"stop_sequence":54,"segment_first_lat":33.9455594858,"segment_first_lon":-118.2783818408,"segment_second_lat":33.9450154106,"segment_second_lon":-118.278382011,"segment_sequence":530007,"segment_id":27,"segment_len_meter":60.49840398993729,"segment_cum_len":18017.35400155132,"stop_segment_distance":16.124857073682875}
{"route_id":"534","stop_id":"9283","stop_lat":34.036196,"stop_lon":-118.690458,"stop_sequence":23,"segment_first_lat":34.0360530315,"segment_first_lon":-118.6904438129,"segment_second_lat":34.03585587,"segment_second_lon":-118.6912838693,"segment_sequence":230002,"segment_id":12,"segment_len_meter":80.45229892624398,"segment_cum_len":21395.012601025825,"stop_segment_distance":20.479075408676948}
{"route_id":"55","stop_id":"1254","stop_lat":34.016558,"stop_lon":-118.249886,"stop_sequence":43,"segment_first_lat":34.0158732541,"segment_first_lon":-118.2487288289,"segment_second_lat":34.0164945302,"segment_second_lon":-118.2499338139,"segment_sequence":420002,"segment_id":21,"segment_len_meter":130.7928595791306,"segment_cum_len":12251.370571576877,"stop_segment_distance":8.570439450236222}
{"route_id":"55","stop_id":"809","stop_lat":33.976232,"stop_lon":-118.247516,"stop_sequence":25,"segment_first_lat":33.9757347059,"segment_first_lon":-118.247663004,"segment_second_lat":33.9762293015,"segment_second_lon":-118.2476720528,"segment_sequence":240003,"segment_id":12,"segment_len_meter":55.00285075944771,"segment_cum_len":7293.3642046893865,"stop_segment_distance":16.323811664579353}
{"route_id":"55","stop_id":"9731","stop_lat":33.992796,"stop_lon":-118.247598,"stop_sequence":31,"segment_first_lat":33.9925541678,"segment_first_lon":-118.247749045,"segment_second_lat":33.992795978,"segment_second_lon":-118.2477497605,"segment_sequence":300009,"segment_id":15,"segment_len_meter":26.88814836409651,"segment_cum_len":9135.542901216633,"stop_segment_distance":17.38525629771918}
{"route_id":"550","stop_id":"17558","stop_lat":33.732384,"stop_lon":-118.298644,"stop_sequence":8,"segment_first_lat":33.7324551731,"segment_first_lon":-118.2986476984,"segment_second_lat":33.7324535706,"segment_second_lon":-118.2984076153,"segment_sequence":80001,"segment_id":4,"segment_len_meter":22.202187506486133,"segment_cum_len":1871.9558717938191,"stop_segment_distance":8.907231097243027}
{"route_id":"602","stop_id":"7992","stop_lat":34.0555,"stop_lon":-118.496993,"stop_sequence":27,"segment_first_lat":34.0554384666,"segment_first_lon":-118.497348885,"segment_second_lat":34.0556077088,"segment_second_lon":-118.4970887456,"segment_sequence":260019,"segment_id":13,"segment_len_meter":30.4709874829313,"segment_cum_len":8805.886178663251,"stop_segment_distance":17.89531531988986}
{"route_id":"70","stop_id":"3451","stop_lat":34.05786,"stop_lon":-118.172021,"stop_sequence":33,"segment_first_lat":34.0577605241,"segment_first_lon":-118.1721526384,"segment_second_lat":34.057846779,"segment_second_lon":-118.1721722949,"segment_sequence":320013,"segment_id":16,"segment_len_meter":9.7605492129355,"segment_cum_len":11243.366371909126,"stop_segment_distance":20.668048119769693}
{"route_id":"71","stop_id":"8219","stop_lat":34.051381,"stop_lon":-118.200293,"stop_sequence":26,"segment_first_lat":34.0516382707,"segment_first_lon":-118.2006431951,"segment_second_lat":34.0514677505,"segment_second_lon":-118.2002383815,"segment_sequence":250003,"segment_id":13,"segment_len_meter":41.83819784607729,"segment_cum_len":8863.022474128931,"stop_segment_distance":12.160933049867225}
{"route_id":"757","stop_id":"65300075","stop_lat":33.988733,"stop_lon":-118.309079,"stop_sequence":18,"segment_first_lat":33.9887336671,"segment_first_lon":-118.3089284178,"segment_second_lat":33.9879780068,"segment_second_lon":-118.308927609,"segment_sequence":180001,"segment_id":9,"segment_len_meter":84.02562471541044,"segment_cum_len":14288.866591720556,"stop_segment_distance":14.961628588645695}
{"route_id":"81","stop_id":"12003","stop_lat":34.090732,"stop_lon":-118.211795,"stop_sequence":37,"segment_first_lat":34.0906322811,"segment_first_lon":-118.2116895272,"segment_second_lat":34.090429834,"segment_second_lon":-118.2119624867,"segment_sequence":370001,"segment_id":19,"segment_len_meter":33.74256459559927,"segment_cum_len":10495.677591671103,"stop_segment_distance":17.96811050755459}
{"route_id":"92","stop_id":"1544","stop_lat":34.182834,"stop_lon":-118.311715,"stop_sequence":73,"segment_first_lat":34.1823509574,"segment_first_lon":-118.3124535989,"segment_second_lat":34.1829183642,"segment_second_lon":-118.3118268312,"segment_sequence":720007,"segment_id":36,"segment_len_meter":85.46736391797518,"segment_cum_len":22117.497159486808,"stop_segment_distance":15.062489037079672}
{"route_id":"92","stop_id":"2246","stop_lat":34.264944,"stop_lon":-118.402013,"stop_sequence":104,"segment_first_lat":34.2648575109,"segment_first_lon":-118.4021325197,"segment_second_lat":34.2676484333,"segment_second_lon":-118.4050510106,"segment_sequence":1040001,"segment_id":52,"segment_len_meter":410.16683385029546,"segment_cum_len":35274.78927529436,"stop_segment_distance":14.763608389485682}
{"route_id":"96","stop_id":"18081","stop_lat":34.154675,"stop_lon":-118.293655,"stop_sequence":17,"segment_first_lat":34.1548471031,"segment_first_lon":-118.2939399294,"segment_second_lat":34.154770934,"segment_second_lon":-118.2936223478,"segment_sequence":160019,"segment_id":8,"segment_len_meter":30.425353065171937,"segment_cum_len":6081.321055338565,"stop_segment_distance":13.116562593707823}
