{"route_id":"102","stop_id":"1831","stop_lat":34.018081,"stop_lon":-118.304689,"stop_sequence":45,"segment_first_lat":34.0182101281,"segment_first_lon":-118.3056501339,"segment_second_lat":34.0182078845,"segment_second_lon":-118.3046898375,"segment_sequence":440002,"segment_id":22,"segment_len_meter":88.50607541170595,"segment_cum_len":15300.571551702358,"stop_segment_distance":15.342155702371471}
{"route_id":"105","stop_id":"4518","stop_lat":34.021679,"stop_lon":-118.360636,"stop_sequence":40,"segment_first_lat":34.0215516949,"segment_first_lon":-118.3603779028,"segment_second_lat":34.0215509252,"segment_second_lon":-118.360635637,"segment_sequence":390005,"segment_id":20,"segment_len_meter":23.753293040900715,"segment_cum_len":14015.134435174165,"stop_segment_distance":18.168051906799874}
{"route_id":"108","stop_id":"6262","stop_lat":33.987003,"stop_lon":-118.185255,"stop_sequence":69,"segment_first_lat":33.9871288422,"segment_first_lon":-118.1852336555,"segment_second_lat":33.9870371449,"segment_second_lon":-118.1844632012,"segment_sequence":690001,"segment_id":35,"segment_len_meter":71.76300219700133,"segment_cum_len":22376.186036680956,"stop_segment_distance":15.469324301215295}
{"route_id":"115","stop_id":"7796","stop_lat":33.959778,"stop_lon":-118.380699,"stop_sequence":8,"segment_first_lat":33.9599031073,"segment_first_lon":-118.3809967952,"segment_second_lat":33.9599040443,"segment_second_lon":-118.3807000091,"segment_sequence":70003,"segment_id":4,"segment_len_meter":27.372264944321252,"segment_cum_len":1537.1064641337723,"stop_segment_distance":17.430847926417428}
{"route_id":"128","stop_id":"17253","stop_lat":33.888794,"stop_lon":-118.209206,"stop_sequence":42,"segment_first_lat":33.8886654228,"segment_first_lon":-118.2091950221,"segment_second_lat":33.8886336324,"segment_second_lon":-118.2099366137,"segment_sequence":420001,"segment_id":21,"segment_len_meter":68.5441501919301,"segment_cum_len":18999.06620059084,"stop_segment_distance":15.546124669093317}
{"route_id":"130","stop_id":"17496","stop_lat":33.876538,"stop_lon":-118.225205,"stop_sequence":29,"segment_first_lat":33.876465875,"segment_first_lon":-118.2252019209,"segment_second_lat":33.8764072163,"segment_second_lon":-118.2273200443,"segment_sequence":290001,"segment_id":15,"segment_len_meter":195.65105278077618,"segment_cum_len":14727.418408706513,"stop_segment_distance":8.172676653145743}
{"route_id":"150","stop_id":"7030","stop_lat":34.160696,"stop_lon":-118.509512,"stop_sequence":37,"segment_first_lat":34.1608196359,"segment_first_lon":-118.5094853056,"segment_second_lat":34.1606083281,"segment_second_lon":-118.5080470682,"segment_sequence":370001,"segment_id":19,"segment_len_meter":134.40198997059977,"segment_cum_len":13236.109023079562,"stop_segment_distance":14.70392764066122}
{"route_id":"152","stop_id":"13032","stop_lat":34.221669,"stop_lon":-118.449083,"stop_sequence":43,"segment_first_lat":34.2215433205,"segment_first_lon":-118.4490819143,"segment_second_lat":34.2215167546,"segment_second_lon":-118.4516421733,"segment_sequence":430001,"segment_id":22,"segment_len_meter":235.41814595270517,"segment_cum_len":17127.75731615263,"stop_segment_distance":14.464946323411823}
{"route_id":"165","stop_id":"12346","stop_lat":34.19153,"stop_lon":-118.325431,"stop_sequence":77,"segment_first_lat":34.1916012026,"segment_first_lon":-118.3262795897,"segment_second_lat":34.1916249119,"segment_second_lon":-118.3254347916,"segment_sequence":760018,"segment_id":38,"segment_len_meter":77.74612527528433,"segment_cum_len":29845.977903175462,"stop_segment_distance":11.264090321506245}
{"route_id":"169","stop_id":"15458","stop_lat":34.190603,"stop_lon":-118.596816,"stop_sequence":1,"segment_first_lat":34.1905046242,"segment_first_lon":-118.5968148129,"segment_second_lat":34.190506338,"segment_second_lon":-118.5974695735,"segment_sequence":10001,"segment_id":1,"segment_len_meter":60.2235574067536,"segment_cum_len":60.2235574067536,"stop_segment_distance":11.783246656528917}
{"route_id":"176","stop_id":"3279","stop_lat":34.034472,"stop_lon":-118.084382,"stop_sequence":1,"segment_first_lat":34.0343422074,"segment_first_lon":-118.0844056496,"segment_second_lat":34.034434074,"segment_second_lon":-118.0850632189,"segment_sequence":10001,"segment_id":1,"segment_len_meter":61.448346735726005,"segment_cum_len":61.448346735726005,"stop_segment_distance":16.061562805249295}
{"route_id":"180","stop_id":"762","stop_lat":34.139209,"stop_lon":-118.206386,"stop_sequence":52,"segment_first_lat":34.1393058734,"segment_first_lon":-118.2074300709,"segment_second_lat":34.1393362329,"segment_second_lon":-118.206389155,"segment_sequence":510003,"segment_id":26,"segment_len_meter":95.85839018761082,"segment_cum_len":15678.793402558638,"stop_segment_distance":14.983496545262867}
{"route_id":"204","stop_id":"5659","stop_lat":34.068866,"stop_lon":-118.291495,"stop_sequence":53,"segment_first_lat":34.0673822026,"segment_first_lon":-118.2916448452,"segment_second_lat":34.0688660422,"segment_second_lon":-118.2916500186,"segment_sequence":520002,"segment_id":26,"segment_len_meter":164.99612360364364,"segment_cum_len":16110.925288091423,"stop_segment_distance":14.849692724676942}
{"route_id":"205","stop_id":"17428","stop_lat":33.789339,"stop_lon":-118.301328,"stop_sequence":52,"segment_first_lat":33.7894705852,"segment_first_lon":-118.3027339238,"segment_second_lat":33.7894666918,"segment_second_lon":-118.3013286675,"segment_sequence":510003,"segment_id":26,"segment_len_meter":129.86414557204498,"segment_cum_len":14165.77327130459,"stop_segment_distance":15.081152973379318}
{"route_id":"205","stop_id":"17484","stop_lat":33.860639,"stop_lon":-118.234902,"stop_sequence":102,"segment_first_lat":33.8581032521,"segment_first_lon":-118.2348359478,"segment_second_lat":33.8606311056,"segment_second_lon":-118.2350525095,"segment_sequence":1020002,"segment_id":51,"segment_len_meter":281.7948806004419,"segment_cum_len":37726.83895582483,"stop_segment_distance":14.15847946082664}
{"route_id":"205","stop_id":"5120","stop_lat":33.738563,"stop_lon":-118.279702,"stop_sequence":24,"segment_first_lat":33.7380651765,"segment_first_lon":-118.2798548555,"segment_second_lat":33.7385625278,"segment_second_lon":-118.2798542106,"segment_sequence":230006,"segment_id":12,"segment_len_meter":55.30297347035229,"segment_cum_len":4935.102296499665,"stop_segment_distance":15.903103787643609}
{"route_id":"211","stop_id":"12870","stop_lat":33.90498,"stop_lon":-118.344009,"stop_sequence":50,"segment_first_lat":33.9049806582,"segment_first_lon":-118.3438572127,"segment_second_lat":33.9041260875,"segment_second_lon":-118.3438537067,"segment_sequence":500001,"segment_id":25,"segment_len_meter":95.02447717294453,"segment_cum_len":17851.711105111932,"stop_segment_distance":15.010078618234274}
{"route_id":"212","stop_id":"1559","stop_lat":33.961673,"stop_lon":-118.349083,"stop_sequence":58,"segment_first_lat":33.9617968987,"segment_first_lon":-118.3490436784,"segment_second_lat":33.9617426766,"segment_second_lon":-118.3487895265,"segment_sequence":580002,"segment_id":29,"segment_len_meter":24.20248901025632,"segment_cum_len":19086.98316553528,"stop_segment_distance":18.196764303625397}
{"route_id":"224","stop_id":"4112","stop_lat":34.324494,"stop_lon":-118.446533,"stop_sequence":69,"segment_first_lat":34.3243854412,"segment_first_lon":-118.4465074553,"segment_second_lat":34.324310871,"segment_second_lon":-118.4469823409,"segment_sequence":690001,"segment_id":35,"segment_len_meter":44.39066317686654,"segment_cum_len":26811.274865311912,"stop_segment_distance":13.920814488079962}
{"route_id":"234","stop_id":"20088","stop_lat":34.313084,"stop_lon":-118.443756,"stop_sequence":13,"segment_first_lat":34.3153532504,"segment_first_lon":-118.4409947398,"segment_second_lat":34.3129974325,"segment_second_lon":-118.4436421929,"segment_sequence":120001,"segment_id":6,"segment_len_meter":357.4096132838947,"segment_cum_len":4253.6166195754995,"stop_segment_distance":14.54749874947521}
{"route_id":"246","stop_id":"5406","stop_lat":33.713196,"stop_lon":-118.287778,"stop_sequence":6,"segment_first_lat":33.7115409971,"segment_first_lon":-118.2879303745,"segment_second_lat":33.7131951606,"segment_second_lon":-118.287930126,"segment_sequence":50002,"segment_id":3,"segment_len_meter":183.93459047672067,"segment_cum_len":1301.8495764822749,"stop_segment_distance":14.703432642065508}
{"route_id":"251","stop_id":"12702","stop_lat":33.982582,"stop_lon":-118.225326,"stop_sequence":36,"segment_first_lat":33.9835442028,"segment_first_lon":-118.2251798398,"segment_second_lat":33.982582464,"segment_second_lon":-118.2251739549,"segment_sequence":350005,"segment_id":18,"segment_len_meter":106.94185187615804,"segment_cum_len":13607.834259412832,"stop_segment_distance":14.914816515283306}
{"route_id":"251","stop_id":"13952","stop_lat":34.03764,"stop_lon":-118.213796,"stop_sequence":18,"segment_first_lat":34.0392111662,"segment_first_lon":-118.2126183335,"segment_second_lat":34.0375801151,"segment_second_lon":-118.2136618365,"segment_sequence":170002,"segment_id":9,"segment_len_meter":205.27602843712785,"segment_cum_len":6818.121205694148,"stop_segment_distance":14.428786605681239}
{"route_id":"33","stop_id":"6965","stop_lat":34.012901,"stop_lon":-118.416793,"stop_sequence":21,"segment_first_lat":34.0130055246,"segment_first_lon":-118.4168802559,"segment_second_lat":34.0136328122,"segment_second_lon":-118.4157802595,"segment_sequence":210001,"segment_id":11,"segment_len_meter":123.06322153163318,"segment_cum_len":6884.613490150428,"stop_segment_distance":14.904886899453388}
{"route_id":"35","stop_id":"7739","stop_lat":34.025459,"stop_lon":-118.321399,"stop_sequence":20,"segment_first_lat":34.0255913012,"segment_first_lon":-118.3223994657,"segment_second_lat":34.0255868232,"segment_second_lon":-118.321399472,"segment_sequence":190004,"segment_id":10,"segment_len_meter":92.1577573023586,"segment_cum_len":6362.455538725997,"stop_segment_distance":15.421848840051766}
{"route_id":"35","stop_id":"7752","stop_lat":34.024857,"stop_lon":-118.286814,"stop_sequence":30,"segment_first_lat":34.0250980236,"segment_first_lon":-118.2870322869,"segment_second_lat":34.0249687422,"segment_second_lon":-118.2867407637,"segment_sequence":290010,"segment_id":15,"segment_len_meter":30.47030136883062,"segment_cum_len":9569.724480494047,"stop_segment_distance":17.180199750566025}
{"route_id":"35","stop_id":"7762","stop_lat":34.025408,"stop_lon":-118.354576,"stop_sequence":9,"segment_first_lat":34.0255332797,"segment_first_lon":-118.3548407196,"segment_second_lat":34.0255340554,"segment_second_lon":-118.3545767026,"segment_sequence":80005,"segment_id":4,"segment_len_meter":24.331181513530133,"segment_cum_len":3304.9161803648453,"stop_segment_distance":17.778620296131812}
{"route_id":"4","stop_id":"14384","stop_lat":34.070466,"stop_lon":-118.405678,"stop_sequence":69,"segment_first_lat":34.0709719866,"segment_first_lon":-118.4047161147,"segment_second_lat":34.0703697641,"segment_second_lon":-118.4055832856,"segment_sequence":680004,"segment_id":34,"segment_len_meter":104.23025631359563,"segment_cum_len":21878.99846405641,"stop_segment_distance":14.528661574188192}
{"route_id":"460","stop_id":"2628","stop_lat":33.916983,"stop_lon":-118.094497,"stop_sequence":19,"segment_first_lat":33.9171084804,"segment_first_lon":-118.0944974795,"segment_second_lat":33.9171052423,"segment_second_lon":-118.0930076999,"segment_sequence":200001,"segment_id":10,"segment_len_meter":137.46933906745267,"segment_cum_len":34498.21804185525,"stop_segment_distance":14.578832164926808}
{"route_id":"550","stop_id":"209","stop_lat":33.738001,"stop_lon":-118.306304,"stop_sequence":1,"segment_first_lat":33.737929304,"segment_first_lon":-118.3063040982,"segment_second_lat":33.7379288852,"segment_second_lon":-118.306468544,"segment_sequence":10001,"segment_id":1,"segment_len_meter":15.206080964232871,"segment_cum_len":15.206080964232871,"stop_segment_distance":9.964990601723411}
{"route_id":"602","stop_id":"6412","stop_lat":34.048813,"stop_lon":-118.535937,"stop_sequence":11,"segment_first_lat":34.0489442639,"segment_first_lon":-118.5360960846,"segment_second_lat":34.0489449833,"segment_second_lon":-118.5359340001,"segment_sequence":100009,"segment_id":5,"segment_len_meter":14.933322138826906,"segment_cum_len":3008.635489308184,"stop_segment_distance":20.429919572883843}
{"route_id":"62","stop_id":"6506","stop_lat":33.951731,"stop_lon":-118.096835,"stop_sequence":44,"segment_first_lat":33.9518292322,"segment_first_lon":-118.0967475089,"segment_second_lat":33.9517526771,"segment_second_lon":-118.0966105814,"segment_sequence":440001,"segment_id":22,"segment_len_meter":15.230722358094397,"segment_cum_len":22376.11679750546,"stop_segment_distance":19.18951087157913}
{"route_id":"733","stop_id":"15605","stop_lat":34.033624,"stop_lon":-118.264258,"stop_sequence":12,"segment_first_lat":34.0335666324,"segment_first_lon":-118.2643072557,"segment_second_lat":34.0338540645,"segment_second_lon":-118.26480655,"segment_sequence":120002,"segment_id":6,"segment_len_meter":56.020873903706004,"segment_cum_len":5781.630157540125,"stop_segment_distance":8.460748041355359}
{"route_id":"734","stop_id":"14535","stop_lat":34.242518,"stop_lon":-118.467688,"stop_sequence":6,"segment_first_lat":34.2425190481,"segment_first_lon":-118.4675353632,"segment_second_lat":34.239172036,"segment_second_lon":-118.4675533445,"segment_sequence":60001,"segment_id":3,"segment_len_meter":372.1744353281976,"segment_cum_len":8251.31743174865,"stop_segment_distance":14.116603573904229}
{"route_id":"81","stop_id":"13422","stop_lat":34.019194,"stop_lon":-118.28192,"stop_sequence":64,"segment_first_lat":34.0196787497,"segment_first_lon":-118.2814003756,"segment_second_lat":34.0191206485,"segment_second_lon":-118.2817578686,"segment_sequence":630002,"segment_id":32,"segment_len_meter":70.262088293475,"segment_cum_len":21532.44007075131,"stop_segment_distance":18.865041428972503}
{"route_id":"83","stop_id":"16868","stop_lat":34.117327,"stop_lon":-118.186241,"stop_sequence":13,"segment_first_lat":34.1174300746,"segment_first_lon":-118.186150758,"segment_second_lat":34.117396081,"segment_second_lon":-118.1860988116,"segment_sequence":130001,"segment_id":7,"segment_len_meter":6.095543515075455,"segment_cum_len":3438.158453524315,"stop_segment_distance":23.23681442772549}
{"route_id":"92","stop_id":"381","stop_lat":34.06828,"stop_lon":-118.255776,"stop_sequence":14,"segment_first_lat":34.0677268046,"segment_first_lon":-118.2547016345,"segment_second_lat":34.0682176948,"segment_second_lon":-118.2558148883,"segment_sequence":130001,"segment_id":7,"segment_len_meter":116.1658504795519,"segment_cum_len":4304.791344333254,"stop_segment_distance":8.15390450534477}
{"route_id":"94","stop_id":"14219","stop_lat":34.138772,"stop_lon":-118.267832,"stop_sequence":64,"segment_first_lat":34.1408036955,"segment_first_lon":-118.2687079791,"segment_second_lat":34.1388222492,"segment_second_lon":-118.2676949916,"segment_sequence":630007,"segment_id":32,"segment_len_meter":239.23911944683033,"segment_cum_len":26560.22293259098,"stop_segment_distance":14.420744839141861}
{"route_id":"94","stop_id":"5820","stop_lat":34.210228,"stop_lon":-118.356251,"stop_sequence":28,"segment_first_lat":34.2103248483,"segment_first_lon":-118.3561551421,"segment_second_lat":34.2091781281,"segment_second_lon":-118.3544799583,"segment_sequence":280001,"segment_id":14,"segment_len_meter":199.97060657188175,"segment_cum_len":13131.577632921528,"stop_segment_distance":14.324017615514919}
{"route_id":"DSE","stop_id":"63500001","stop_lat":34.07540822,"stop_lon":-118.239379,"stop_sequence":3,"segment_first_lat":34.07554118,"segment_first_lon":-118.2395926,"segment_second_lat":34.07538498,"segment_second_lon":-118.2390738,"segment_sequence":57,"segment_id":0,"segment_len_meter":50.84169958158651,"segment_cum_len":4846.731233988335,"stop_segment_distance":1.9958508933997479}
