{"route_id":"102","stop_id":"36555","stop_lat":33.959659,"stop_lon":-118.396059,"stop_sequence":5,"segment_first_lat":33.9574524245,"segment_first_lon":-118.3962217657,"segment_second_lat":33.9596590002,"segment_second_lon":-118.3962097799,"segment_sequence":40001,"segment_id":2,"segment_len_meter":245.36251332961922,"segment_cum_len":1888.6866798119636,"stop_segment_distance":14.36250069943651}
{"route_id":"115","stop_id":"5503","stop_lat":33.959996,"stop_lon":-118.269167,"stop_sequence":44,"segment_first_lat":33.9601225913,"segment_first_lon":-118.2691670936,"segment_second_lat":33.9601273521,"segment_second_lon":-118.2680162228,"segment_sequence":440001,"segment_id":22,"segment_len_meter":106.14385932912218,"segment_cum_len":12087.963046089171,"stop_segment_distance":15.066710556956153}
{"route_id":"125","stop_id":"17345","stop_lat":33.901792,"stop_lon":-118.300062,"stop_sequence":27,"segment_first_lat":33.9019172696,"segment_first_lon":-118.3000621882,"segment_second_lat":33.9019145376,"segment_second_lon":-118.296054996,"segment_sequence":270001,"segment_id":14,"segment_len_meter":369.8282257805902,"segment_cum_len":11708.14438023692,"stop_segment_distance":14.163061937946964}
{"route_id":"125","stop_id":"17512","stop_lat":33.901862,"stop_lon":-118.125005,"stop_sequence":75,"segment_first_lat":33.9019903716,"segment_first_lon":-118.1253185146,"segment_second_lat":33.9019879489,"segment_second_lon":-118.1250054507,"segment_sequence":740013,"segment_id":37,"segment_len_meter":28.894236863754752,"segment_cum_len":29762.538339477345,"stop_segment_distance":17.374704602599078}
{"route_id":"127","stop_id":"8695","stop_lat":33.889455,"stop_lon":-118.130104,"stop_sequence":16,"segment_first_lat":33.8893357838,"segment_first_lon":-118.1287064964,"segment_second_lat":33.8893293378,"segment_second_lon":-118.130103513,"segment_sequence":150005,"segment_id":8,"segment_len_meter":128.95319054003028,"segment_cum_len":7040.794430177863,"stop_segment_distance":14.695284278721402}
{"route_id":"130","stop_id":"13000080","stop_lat":33.846123,"stop_lon":-118.392049,"stop_sequence":81,"segment_first_lat":33.8461675119,"segment_first_lon":-118.3919137943,"segment_second_lat":33.8460604968,"segment_second_lon":-118.3918675188,"segment_sequence":810001,"segment_id":41,"segment_len_meter":12.643682090590195,"segment_cum_len":37755.53244932533,"stop_segment_distance":18.93188359553421}
{"route_id":"14","stop_id":"6952","stop_lat":34.035059,"stop_lon":-118.265404,"stop_sequence":35,"segment_first_lat":34.0344752432,"segment_first_lon":-118.2659835283,"segment_second_lat":34.0350990237,"segment_second_lon":-118.2654775452,"segment_sequence":340008,"segment_id":17,"segment_len_meter":83.5754402711916,"segment_cum_len":11543.690780658371,"stop_segment_distance":8.586702744802864}
{"route_id":"150","stop_id":"20252","stop_lat":34.167678,"stop_lon":-118.597118,"stop_sequence":14,"segment_first_lat":34.1678610466,"segment_first_lon":-118.5974068133,"segment_second_lat":34.1678030124,"segment_second_lon":-118.5970837414,"segment_sequence":130009,"segment_id":7,"segment_len_meter":30.41577638001122,"segment_cum_len":4639.160329217118,"stop_segment_distance":17.30905231748039}
{"route_id":"161","stop_id":"15362","stop_lat":34.168839,"stop_lon":-118.610033,"stop_sequence":11,"segment_first_lat":34.16864698,"segment_first_lon":-118.6095155009,"segment_second_lat":34.1687115911,"segment_second_lon":-118.6100535197,"segment_sequence":100006,"segment_id":5,"segment_len_meter":50.01711024632891,"segment_cum_len":4161.698939646605,"stop_segment_distance":16.45444153734745}
{"route_id":"163","stop_id":"34697","stop_lat":34.201012,"stop_lon":-118.535696,"stop_sequence":25,"segment_first_lat":34.2011388173,"segment_first_lon":-118.5356972221,"segment_second_lat":34.2011429289,"segment_second_lon":-118.5347679198,"segment_sequence":250001,"segment_id":13,"segment_len_meter":85.46536313529383,"segment_cum_len":8932.966062836525,"stop_segment_distance":15.221082988346865}
{"route_id":"165","stop_id":"6865","stop_lat":34.193676,"stop_lon":-118.575002,"stop_sequence":19,"segment_first_lat":34.1938012352,"segment_first_lon":-118.5753333501,"segment_second_lat":34.1937992354,"segment_second_lon":-118.5750026427,"segment_sequence":180005,"segment_id":9,"segment_len_meter":30.417270838951882,"segment_cum_len":6799.228479916606,"stop_segment_distance":16.792451761500583}
{"route_id":"169","stop_id":"2099","stop_lat":34.208365,"stop_lon":-118.457627,"stop_sequence":88,"segment_first_lat":34.2084573056,"segment_first_lon":-118.4600453499,"segment_second_lat":34.2084640018,"segment_second_lon":-118.4576276065,"segment_sequence":870002,"segment_id":44,"segment_len_meter":222.3319336396792,"segment_cum_len":36402.96661277043,"stop_segment_distance":11.300027139853967}
{"route_id":"176","stop_id":"4438","stop_lat":34.072099,"stop_lon":-118.040122,"stop_sequence":35,"segment_first_lat":34.0720063015,"segment_first_lon":-118.0394090683,"segment_second_lat":34.0719978242,"segment_second_lon":-118.0401190086,"segment_sequence":340007,"segment_id":17,"segment_len_meter":65.39695282498828,"segment_cum_len":12692.220026148429,"stop_segment_distance":12.326378011831807}
{"route_id":"20","stop_id":"16736","stop_lat":34.062225,"stop_lon":-118.336976,"stop_sequence":33,"segment_first_lat":34.0620884728,"segment_first_lon":-118.3365326965,"segment_second_lat":34.0620973961,"segment_second_lon":-118.3369787913,"segment_sequence":320004,"segment_id":16,"segment_len_meter":41.10504031851517,"segment_cum_len":9470.141714968397,"stop_segment_distance":16.65267258198388}
{"route_id":"204","stop_id":"5664","stop_lat":33.996276,"stop_lon":-118.291354,"stop_sequence":27,"segment_first_lat":33.9959929106,"segment_first_lon":-118.2915017323,"segment_second_lat":33.9962759326,"segment_second_lon":-118.2915050271,"segment_sequence":260006,"segment_id":13,"segment_len_meter":31.472076315107483,"segment_cum_len":8039.10751349962,"stop_segment_distance":16.748982986940565}
{"route_id":"204","stop_id":"5695","stop_lat":34.052324,"stop_lon":-118.29145,"stop_sequence":46,"segment_first_lat":34.0509170464,"segment_first_lon":-118.2916039578,"segment_second_lat":34.0523239522,"segment_second_lon":-118.2916058901,"segment_sequence":450003,"segment_id":23,"segment_len_meter":156.44088851460836,"segment_cum_len":14271.43876484734,"stop_segment_distance":15.008716004015128}
{"route_id":"205","stop_id":"17435","stop_lat":33.791275,"stop_lon":-118.290751,"stop_sequence":59,"segment_first_lat":33.7912750022,"segment_first_lon":-118.2908357686,"segment_second_lat":33.7924619879,"segment_second_lon":-118.2908639069,"segment_sequence":600001,"segment_id":30,"segment_len_meter":132.01239912542965,"segment_cum_len":19090.89231260671,"stop_segment_distance":8.219914026713809}
{"route_id":"211","stop_id":"12873","stop_lat":33.920206,"stop_lon":-118.344028,"stop_sequence":46,"segment_first_lat":33.9219101066,"segment_first_lon":-118.3438772407,"segment_second_lat":33.9202064404,"segment_second_lon":-118.343876512,"segment_sequence":450002,"segment_id":23,"segment_len_meter":189.43905006817252,"segment_cum_len":16063.65137003931,"stop_segment_distance":14.536949400270174}
{"route_id":"211","stop_id":"141059","stop_lat":33.894922,"stop_lon":-118.361158,"stop_sequence":3,"segment_first_lat":33.8949219538,"segment_first_lon":-118.3613080476,"segment_second_lat":33.8964167882,"segment_second_lon":-118.3613062531,"segment_sequence":30001,"segment_id":2,"segment_len_meter":166.2180839741527,"segment_cum_len":1119.3289379492624,"stop_segment_distance":14.406264543357139}
{"route_id":"217","stop_id":"10880","stop_lat":34.101708,"stop_lon":-118.345049,"stop_sequence":9,"segment_first_lat":34.101577306,"segment_first_lon":-118.3446656817,"segment_second_lat":34.1015819735,"segment_second_lon":-118.3450521817,"segment_sequence":80004,"segment_id":4,"segment_len_meter":35.59053591095429,"segment_cum_len":2035.578464860271,"stop_segment_distance":16.594661641543176}
{"route_id":"222","stop_id":"11037","stop_lat":34.16436,"stop_lon":-118.345087,"stop_sequence":27,"segment_first_lat":34.1636952239,"segment_first_lon":-118.3449318372,"segment_second_lat":34.1643140282,"segment_second_lon":-118.3452276104,"segment_sequence":260003,"segment_id":13,"segment_len_meter":73.99375625431455,"segment_cum_len":10048.987395007522,"stop_segment_distance":15.202216797460068}
{"route_id":"232","stop_id":"17429","stop_lat":33.789593,"stop_lon":-118.301,"stop_sequence":35,"segment_first_lat":33.7894619189,"segment_first_lon":-118.3007099489,"segment_second_lat":33.7894647673,"segment_second_lon":-118.3009995641,"segment_sequence":340009,"segment_id":17,"segment_len_meter":26.76597664204241,"segment_cum_len":13828.355582830649,"stop_segment_distance":18.00389982835477}
{"route_id":"233","stop_id":"6778","stop_lat":34.249019,"stop_lon":-118.445269,"stop_sequence":35,"segment_first_lat":34.2473298918,"segment_first_lon":-118.4478156323,"segment_second_lat":34.2491157146,"segment_second_lon":-118.4453675403,"segment_sequence":340001,"segment_id":17,"segment_len_meter":300.1060736306903,"segment_cum_len":11203.937533961527,"stop_segment_distance":14.064708169685105}
{"route_id":"234","stop_id":"20089","stop_lat":34.309988,"stop_lon":-118.446571,"stop_sequence":14,"segment_first_lat":34.310057993,"segment_first_lon":-118.4464890391,"segment_second_lat":34.307628589,"segment_second_lon":-118.4433444182,"segment_sequence":140001,"segment_id":7,"segment_len_meter":395.46910902910395,"segment_cum_len":5096.892487084813,"stop_segment_distance":11.157676778312009}
{"route_id":"236","stop_id":"123612","stop_lat":34.320837,"stop_lon":-118.488323,"stop_sequence":41,"segment_first_lat":34.3209192706,"segment_first_lon":-118.4884464399,"segment_second_lat":34.3209131698,"segment_second_lon":-118.4883238616,"segment_sequence":400031,"segment_id":20,"segment_len_meter":11.277407289146128,"segment_cum_len":19111.885533054723,"stop_segment_distance":11.759564003521417}
{"route_id":"239","stop_id":"11483","stop_lat":34.228523,"stop_lon":-118.527222,"stop_sequence":23,"segment_first_lat":34.2271790158,"segment_first_lon":-118.5273356334,"segment_second_lat":34.2285227336,"segment_second_lon":-118.5273378348,"segment_sequence":220004,"segment_id":11,"segment_len_meter":149.41473927590394,"segment_cum_len":8552.507657168544,"stop_segment_distance":11.043632498685525}
{"route_id":"246","stop_id":"3478","stop_lat":33.869628,"stop_lon":-118.265977,"stop_sequence":62,"segment_first_lat":33.8696285378,"segment_first_lon":-118.2661316102,"segment_second_lat":33.8717361374,"segment_second_lon":-118.2661261114,"segment_sequence":620001,"segment_id":31,"segment_len_meter":234.3549328006446,"segment_cum_len":21106.163371227816,"stop_segment_distance":14.737817649212474}
{"route_id":"251","stop_id":"142319","stop_lat":34.065701,"stop_lon":-118.215555,"stop_sequence":9,"segment_first_lat":34.0657099546,"segment_first_lon":-118.215403748,"segment_second_lat":34.0653769628,"segment_second_lon":-118.2153758157,"segment_sequence":90001,"segment_id":5,"segment_len_meter":37.116285914344864,"segment_cum_len":2858.2688038653855,"stop_segment_distance":16.48338188122456}
{"route_id":"252","stop_id":"2579","stop_lat":34.082919,"stop_lon":-118.189041,"stop_sequence":17,"segment_first_lat":34.0825532354,"segment_first_lon":-118.189535131,"segment_second_lat":34.0829806074,"segment_second_lon":-118.1891345148,"segment_sequence":160006,"segment_id":8,"segment_len_meter":60.16245080709253,"segment_cum_len":7234.047704356463,"stop_segment_distance":11.875016811484564}
{"route_id":"256","stop_id":"10471","stop_lat":34.127369,"stop_lon":-118.176344,"stop_sequence":70,"segment_first_lat":34.1273688362,"segment_first_lon":-118.1764537428,"segment_second_lat":34.1275227132,"segment_second_lon":-118.1764563806,"segment_sequence":700001,"segment_id":35,"segment_len_meter":17.11206433075424,"segment_cum_len":19935.236308789204,"stop_segment_distance":12.967950007413137}
{"route_id":"266","stop_id":"17843","stop_lat":33.95072,"stop_lon":-118.115321,"stop_sequence":32,"segment_first_lat":33.9496554294,"segment_first_lon":-118.1160421292,"segment_second_lat":33.9507683152,"segment_second_lon":-118.1154603803,"segment_sequence":310003,"segment_id":16,"segment_len_meter":134.8805304475578,"segment_cum_len":14116.110759757705,"stop_segment_distance":14.835933121718057}
{"route_id":"266","stop_id":"17865","stop_lat":34.007757,"stop_lon":-118.081659,"stop_sequence":45,"segment_first_lat":34.0058710716,"segment_first_lon":-118.0824787638,"segment_second_lat":34.0077922808,"segment_second_lon":-118.081804582,"segment_sequence":440011,"segment_id":22,"segment_len_meter":222.48402626851896,"segment_cum_len":21268.931274462022,"stop_segment_distance":14.401198917904964}
{"route_id":"267","stop_id":"176170","stop_lat":34.078237,"stop_lon":-118.050531,"stop_sequence":5,"segment_first_lat":34.0780337728,"segment_first_lon":-118.0504085844,"segment_second_lat":34.0781161355,"segment_second_lon":-118.0505836564,"segment_sequence":40011,"segment_id":2,"segment_len_meter":18.54351868872071,"segment_cum_len":1988.323136059214,"stop_segment_distance":20.998449054618526}
{"route_id":"30","stop_id":"7918","stop_lat":34.047457,"stop_lon":-118.324055,"stop_sequence":5,"segment_first_lat":34.04762906,"segment_first_lon":-118.3245178728,"segment_second_lat":34.0475833599,"segment_second_lon":-118.3240380428,"segment_sequence":40005,"segment_id":2,"segment_len_meter":44.49931504684779,"segment_cum_len":1555.520539113394,"stop_segment_distance":16.378804030250016}
{"route_id":"33","stop_id":"6939","stop_lat":34.018632,"stop_lon":-118.406664,"stop_sequence":24,"segment_first_lat":34.0187369875,"segment_first_lon":-118.4067497742,"segment_second_lat":34.019241969,"segment_second_lon":-118.405875085,"segment_sequence":240001,"segment_id":12,"segment_len_meter":98.24334533445519,"segment_cum_len":7990.285288816222,"stop_segment_distance":15.288918997083826}
{"route_id":"33","stop_id":"8122","stop_lat":34.044106,"stop_lon":-118.294502,"stop_sequence":59,"segment_first_lat":34.044229301,"segment_first_lon":-118.2947628002,"segment_second_lat":34.0442332267,"segment_second_lon":-118.2945053372,"segment_sequence":580005,"segment_id":29,"segment_len_meter":23.725818295164167,"segment_cum_len":19180.643264585626,"stop_segment_distance":18.09005222614993}
{"route_id":"35","stop_id":"16955","stop_lat":34.034632,"stop_lon":-118.272249,"stop_sequence":46,"segment_first_lat":34.0345212962,"segment_first_lon":-118.2723198357,"segment_second_lat":34.0350164601,"segment_second_lon":-118.2734149423,"segment_sequence":460001,"segment_id":23,"segment_len_meter":114.95461789069739,"segment_cum_len":15071.696490450204,"stop_segment_distance":14.609462336569493}
{"route_id":"45","stop_id":"644","stop_lat":34.073907,"stop_lon":-118.205399,"stop_sequence":2,"segment_first_lat":34.0737868876,"segment_first_lon":-118.205395275,"segment_second_lat":34.0737707183,"segment_second_lon":-118.2064981512,"segment_sequence":20001,"segment_id":1,"segment_len_meter":101.59591280974136,"segment_cum_len":132.62227978471856,"stop_segment_distance":14.129106242878848}
{"route_id":"460","stop_id":"10994","stop_lat":33.988866,"stop_lon":-118.280733,"stop_sequence":15,"segment_first_lat":33.9888660366,"segment_first_lon":-118.2806129776,"segment_second_lat":33.9861402235,"segment_second_lon":-118.2805850399,"segment_sequence":150001,"segment_id":8,"segment_len_meter":303.1075325191927,"segment_cum_len":9503.780279715806,"stop_segment_distance":11.357512672176085}
{"route_id":"550","stop_id":"5651","stop_lat":33.858743,"stop_lon":-118.290372,"stop_sequence":31,"segment_first_lat":33.858138487,"segment_first_lon":-118.290515316,"segment_second_lat":33.858742992,"segment_second_lon":-118.2905226801,"segment_sequence":300003,"segment_id":15,"segment_len_meter":67.2213284741146,"segment_cum_len":17082.079420430873,"stop_segment_distance":15.201193023277327}
{"route_id":"704","stop_id":"5917","stop_lat":34.06154,"stop_lon":-118.417966,"stop_sequence":11,"segment_first_lat":34.061277336,"segment_first_lon":-118.4184569921,"segment_second_lat":34.0615839078,"segment_second_lon":-118.4180075155,"segment_sequence":100010,"segment_id":5,"segment_len_meter":53.6324715979943,"segment_cum_len":9812.047861466433,"stop_segment_distance":6.40918218692336}
{"route_id":"744","stop_id":"6795","stop_lat":34.165172,"stop_lon":-118.448524,"stop_sequence":4,"segment_first_lat":34.1651712695,"segment_first_lon":-118.448642727,"segment_second_lat":34.1662841557,"segment_second_lon":-118.4486460581,"segment_sequence":40001,"segment_id":2,"segment_len_meter":123.74767888614822,"segment_cum_len":5866.1633583133225,"stop_segment_distance":11.351025584626782}
{"route_id":"770","stop_id":"3103","stop_lat":34.056416,"stop_lon":-118.231639,"stop_sequence":10,"segment_first_lat":34.0565392155,"segment_first_lon":-118.2315906572,"segment_second_lat":34.0563298792,"segment_second_lon":-118.2308462595,"segment_sequence":100001,"segment_id":5,"segment_len_meter":72.41935181131129,"segment_cum_len":5221.056771291548,"stop_segment_distance":15.64246439750356}
{"route_id":"78","stop_id":"7776","stop_lat":34.102308,"stop_lon":-118.105746,"stop_sequence":59,"segment_first_lat":34.1024350531,"segment_first_lon":-118.1057504172,"segment_second_lat":34.1024492668,"segment_second_lon":-118.1048909241,"segment_sequence":590001,"segment_id":30,"segment_len_meter":79.15227673478893,"segment_cum_len":18979.51841408042,"stop_segment_distance":15.26283440865025}
{"route_id":"90","stop_id":"15419","stop_lat":34.198549,"stop_lon":-118.229338,"stop_sequence":43,"segment_first_lat":34.1990991509,"segment_first_lon":-118.2290350354,"segment_second_lat":34.1985212549,"segment_second_lon":-118.229189214,"segment_sequence":420005,"segment_id":21,"segment_len_meter":65.80495823186823,"segment_cum_len":12941.506083927507,"stop_segment_distance":15.442815778849223}
