{"route_id":"110","stop_id":"1444","stop_lat":33.98184,"stop_lon":-118.264847,"stop_sequence":43,"segment_first_lat":33.9819436917,"segment_first_lon":-118.2650283166,"segment_second_lat":33.9819344805,"segment_second_lon":-118.2648432401,"segment_sequence":420014,"segment_id":21,"segment_len_meter":17.095571623915724,"segment_cum_len":15930.329034164135,"stop_segment_distance":13.724484206140254}
{"route_id":"110","stop_id":"7337","stop_lat":33.983315,"stop_lon":-118.311134,"stop_sequence":31,"segment_first_lat":33.9833861547,"segment_first_lon":-118.3111339162,"segment_second_lat":33.9833903708,"segment_second_lon":-118.3094945336,"segment_sequence":310001,"segment_id":16,"segment_len_meter":151.15638617021185,"segment_cum_len":11606.78090016948,"stop_segment_distance":8.151256873355294}
{"route_id":"111","stop_id":"1965","stop_lat":33.97203,"stop_lon":-118.205479,"stop_sequence":55,"segment_first_lat":33.9724052183,"segment_first_lon":-118.2078807895,"segment_second_lat":33.9721565616,"segment_second_lon":-118.2054606591,"segment_sequence":540002,"segment_id":27,"segment_len_meter":224.878198858216,"segment_cum_len":19982.32762664622,"stop_segment_distance":14.672436700830445}
{"route_id":"111","stop_id":"6358","stop_lat":33.927737,"stop_lon":-118.099401,"stop_sequence":85,"segment_first_lat":33.9277371457,"segment_first_lon":-118.0992493355,"segment_second_lat":33.9256872624,"segment_second_lon":-118.0992439408,"segment_sequence":850001,"segment_id":43,"segment_len_meter":227.9371666201679,"segment_cum_len":32333.953283034254,"stop_segment_distance":14.436500100726875}
{"route_id":"115","stop_id":"3131","stop_lat":33.959862,"stop_lon":-118.337606,"stop_sequence":25,"segment_first_lat":33.9599839144,"segment_first_lon":-118.3401752841,"segment_second_lat":33.9599886583,"segment_second_lon":-118.3376064189,"segment_sequence":240003,"segment_id":12,"segment_len_meter":236.92233357210128,"segment_cum_len":5669.549081602543,"stop_segment_distance":14.509489883568705}
{"route_id":"125","stop_id":"17502","stop_lat":33.903623,"stop_lon":-118.151124,"stop_sequence":69,"segment_first_lat":33.9037476987,"segment_first_lon":-118.1511244455,"segment_second_lat":33.9037545142,"segment_second_lon":-118.1494042371,"segment_sequence":690001,"segment_id":35,"segment_len_meter":158.75828471200532,"segment_cum_len":27461.38894746596,"stop_segment_distance":14.495391503500741}
{"route_id":"127","stop_id":"1357","stop_lat":33.896148,"stop_lon":-118.218351,"stop_sequence":42,"segment_first_lat":33.8960175033,"segment_first_lon":-118.2183511276,"segment_second_lat":33.8960152393,"segment_second_lon":-118.2186905213,"segment_sequence":420001,"segment_id":21,"segment_len_meter":31.326190358291893,"segment_cum_len":16020.504016242334,"stop_segment_distance":17.824380904043583}
{"route_id":"130","stop_id":"17473","stop_lat":33.867007,"stop_lon":-118.271279,"stop_sequence":40,"segment_first_lat":33.8669158858,"segment_first_lon":-118.2700800852,"segment_second_lat":33.8668794017,"segment_second_lon":-118.2712756901,"segment_sequence":390004,"segment_id":20,"segment_len_meter":110.4634900182081,"segment_cum_len":19689.91736776712,"stop_segment_distance":14.885249529933006}
{"route_id":"14","stop_id":"140901","stop_lat":34.076296,"stop_lon":-118.348881,"stop_sequence":66,"segment_first_lat":34.076169291,"segment_first_lon":-118.3488803265,"segment_second_lat":34.0761666361,"segment_second_lon":-118.3497983412,"segment_sequence":660001,"segment_id":33,"segment_len_meter":84.55153322435423,"segment_cum_len":24478.428131017696,"stop_segment_distance":15.242699265221034}
{"route_id":"14","stop_id":"140910","stop_lat":34.076202,"stop_lon":-118.372977,"stop_sequence":73,"segment_first_lat":34.0760807161,"segment_first_lon":-118.3721145807,"segment_second_lat":34.0760758597,"segment_second_lon":-118.3729764464,"segment_sequence":720004,"segment_id":36,"segment_len_meter":79.38150176004855,"segment_cum_len":26613.209036180553,"stop_segment_distance":15.21208786416851}
{"route_id":"150","stop_id":"7007","stop_lat":34.17247,"stop_lon":-118.562339,"stop_sequence":21,"segment_first_lat":34.1724793781,"segment_first_lon":-118.563830095,"segment_second_lat":34.172597549,"segment_second_lon":-118.5623524071,"segment_sequence":200003,"segment_id":10,"segment_len_meter":136.57658362935064,"segment_cum_len":7972.805878134472,"stop_segment_distance":14.840246500998347}
{"route_id":"152","stop_id":"12999","stop_lat":34.221796,"stop_lon":-118.433086,"stop_sequence":39,"segment_first_lat":34.2216703293,"segment_first_lon":-118.4330850249,"segment_second_lat":34.2216688767,"segment_second_lon":-118.4341038864,"segment_sequence":390001,"segment_id":20,"segment_len_meter":93.67785096244822,"segment_cum_len":15515.033540170845,"stop_segment_distance":14.945854520111425}
{"route_id":"154","stop_id":"2725","stop_lat":34.175481,"stop_lon":-118.457553,"stop_sequence":51,"segment_first_lat":34.1754814289,"segment_first_lon":-118.457432719,"segment_second_lat":34.1730934754,"segment_second_lon":-118.4574404727,"segment_sequence":510001,"segment_id":26,"segment_len_meter":265.52927235380895,"segment_cum_len":20313.409528580112,"stop_segment_distance":11.218323888280395}
{"route_id":"158","stop_id":"16851","stop_lat":34.209722,"stop_lon":-118.430767,"stop_sequence":22,"segment_first_lat":34.2097288607,"segment_first_lon":-118.4309118902,"segment_second_lat":34.210026496,"segment_second_lon":-118.4309011881,"segment_sequence":220001,"segment_id":11,"segment_len_meter":33.11016407400599,"segment_cum_len":8597.484789357804,"stop_segment_distance":16.272104758881405}
{"route_id":"163","stop_id":"6193","stop_lat":34.201089,"stop_lon":-118.40909,"stop_sequence":55,"segment_first_lat":34.2012163434,"segment_first_lon":-118.4090910207,"segment_second_lat":34.2012070399,"segment_second_lon":-118.4053240718,"segment_sequence":550001,"segment_id":28,"segment_len_meter":346.4321719275837,"segment_cum_len":20856.058070602394,"stop_segment_distance":14.313722484454217}
{"route_id":"164","stop_id":"7168","stop_lat":34.186755,"stop_lon":-118.518324,"stop_sequence":56,"segment_first_lat":34.1866235385,"segment_first_lon":-118.5175829288,"segment_second_lat":34.1866272364,"segment_second_lon":-118.5183236395,"segment_sequence":550002,"segment_id":28,"segment_len_meter":68.13310788745456,"segment_cum_len":21198.703783365912,"stop_segment_distance":15.788337972753737}
{"route_id":"166","stop_id":"12503","stop_lat":34.235394,"stop_lon":-118.55773,"stop_sequence":21,"segment_first_lat":34.2354920274,"segment_first_lon":-118.5577311455,"segment_second_lat":34.235496849,"segment_second_lon":-118.5574003193,"segment_sequence":210001,"segment_id":11,"segment_len_meter":30.417057647653984,"segment_cum_len":9727.244316543916,"stop_segment_distance":12.876588841382656}
{"route_id":"166","stop_id":"12526","stop_lat":34.235606,"stop_lon":-118.498323,"stop_sequence":35,"segment_first_lat":34.2357544125,"segment_first_lon":-118.5022048368,"segment_second_lat":34.2357314487,"segment_second_lon":-118.4983204213,"segment_sequence":340001,"segment_id":17,"segment_len_meter":357.096283128679,"segment_cum_len":15187.82272888549,"stop_segment_distance":14.086738568877422}
{"route_id":"167","stop_id":"12849","stop_lat":34.242618,"stop_lon":-118.566557,"stop_sequence":12,"segment_first_lat":34.2427429924,"segment_first_lon":-118.5668889181,"segment_second_lat":34.2427412443,"segment_second_lon":-118.5665580189,"segment_sequence":110004,"segment_id":6,"segment_len_meter":30.417045369951573,"segment_cum_len":4947.523361368545,"stop_segment_distance":16.814052000887564}
{"route_id":"167","stop_id":"18188","stop_lat":34.242946,"stop_lon":-118.510881,"stop_sequence":29,"segment_first_lat":34.2430728807,"segment_first_lon":-118.5108784145,"segment_second_lat":34.2430588743,"segment_second_lon":-118.5094422767,"segment_sequence":290001,"segment_id":15,"segment_len_meter":132.01920273904457,"segment_cum_len":11844.830695927678,"stop_segment_distance":14.933311100989016}
{"route_id":"167","stop_id":"18189","stop_lat":34.242861,"stop_lon":-118.498237,"stop_sequence":31,"segment_first_lat":34.243002024,"segment_first_lon":-118.5000116426,"segment_second_lat":34.2429892783,"segment_second_lon":-118.4982380112,"segment_sequence":300003,"segment_id":15,"segment_len_meter":163.03877745129213,"segment_cum_len":12874.769228696156,"stop_segment_distance":15.103088666151137}
{"route_id":"169","stop_id":"6811","stop_lat":34.209984,"stop_lon":-118.44861,"stop_sequence":90,"segment_first_lat":34.2084667159,"segment_first_lon":-118.4487602239,"segment_second_lat":34.2099835354,"segment_second_lon":-118.4487657291,"segment_sequence":890005,"segment_id":45,"segment_len_meter":168.66339277853754,"segment_cum_len":37387.08448654789,"stop_segment_distance":14.935861727224022}
{"route_id":"2","stop_id":"8027","stop_lat":34.098007,"stop_lon":-118.298483,"stop_sequence":53,"segment_first_lat":34.0981311368,"segment_first_lon":-118.2994252202,"segment_second_lat":34.098133466,"segment_second_lon":-118.2984838413,"segment_sequence":520003,"segment_id":26,"segment_len_meter":86.68080531343284,"segment_cum_len":16744.886441393195,"stop_segment_distance":15.230946144228838}
{"route_id":"201","stop_id":"19091","stop_lat":34.093412,"stop_lon":-118.267258,"stop_sequence":40,"segment_first_lat":34.0933367901,"segment_first_lon":-118.267255757,"segment_second_lat":34.0933399304,"segment_second_lon":-118.2673267798,"segment_sequence":400001,"segment_id":20,"segment_len_meter":6.549332995801834,"segment_cum_len":11336.886895269958,"stop_segment_distance":12.030550602490383}
{"route_id":"206","stop_id":"12548","stop_lat":34.085315,"stop_lon":-118.300572,"stop_sequence":11,"segment_first_lat":34.085315234,"segment_first_lon":-118.3004526837,"segment_second_lat":34.0849003083,"segment_second_lon":-118.3004511931,"segment_sequence":110001,"segment_id":6,"segment_len_meter":46.137836987053504,"segment_cum_len":3389.305145466613,"stop_segment_distance":12.285025999373538}
{"route_id":"209","stop_id":"9300","stop_lat":34.018355,"stop_lon":-118.328882,"stop_sequence":40,"segment_first_lat":34.0182611468,"segment_first_lon":-118.3280867684,"segment_second_lat":34.0182567844,"segment_second_lon":-118.3288820426,"segment_sequence":390031,"segment_id":20,"segment_len_meter":73.29801366040155,"segment_cum_len":14940.527145346256,"stop_segment_distance":11.65475831622561}
{"route_id":"211","stop_id":"141068","stop_lat":33.927185,"stop_lon":-118.361152,"stop_sequence":13,"segment_first_lat":33.9264040984,"segment_first_lon":-118.3613037044,"segment_second_lat":33.9271844881,"segment_second_lon":-118.3613041027,"segment_sequence":120005,"segment_id":6,"segment_len_meter":86.77538322760907,"segment_cum_len":4540.560279705064,"stop_segment_distance":15.211463503555038}
{"route_id":"224","stop_id":"11309","stop_lat":34.190193,"stop_lon":-118.387589,"stop_sequence":20,"segment_first_lat":34.1887664273,"segment_first_lon":-118.3877447636,"segment_second_lat":34.1901925902,"segment_second_lon":-118.3877424557,"segment_sequence":190004,"segment_id":10,"segment_len_meter":158.5822211252062,"segment_cum_len":6549.630899668746,"stop_segment_distance":14.805701259537983}
{"route_id":"230","stop_id":"2910","stop_lat":34.179568,"stop_lon":-118.396619,"stop_sequence":40,"segment_first_lat":34.1806538581,"segment_first_lon":-118.3964657268,"segment_second_lat":34.1795684382,"segment_second_lon":-118.3964665269,"segment_sequence":390005,"segment_id":20,"segment_len_meter":120.69320860033477,"segment_cum_len":15456.560798475932,"stop_segment_distance":14.895134345047069}
{"route_id":"230","stop_id":"2929","stop_lat":34.229063,"stop_lon":-118.400765,"stop_sequence":26,"segment_first_lat":34.2297757858,"segment_first_lon":-118.4012843435,"segment_second_lat":34.2291420293,"segment_second_lon":-118.4006487489,"segment_sequence":250010,"segment_id":13,"segment_len_meter":91.54536947955117,"segment_cum_len":9810.412322919095,"stop_segment_distance":14.819598390370558}
{"route_id":"236","stop_id":"11062","stop_lat":34.291863,"stop_lon":-118.447947,"stop_sequence":54,"segment_first_lat":34.2916951901,"segment_first_lon":-118.4479763031,"segment_second_lat":34.2919497348,"segment_second_lon":-118.448249156,"segment_sequence":540002,"segment_id":27,"segment_len_meter":37.80783689318114,"segment_cum_len":26124.88787419846,"stop_segment_distance":10.43080350826137}
{"route_id":"251","stop_id":"142417","stop_lat":33.988891,"stop_lon":-118.225356,"stop_sequence":34,"segment_first_lat":33.9888914932,"segment_first_lon":-118.2252008183,"segment_second_lat":33.9872015694,"segment_second_lon":-118.2251962731,"segment_sequence":340001,"segment_id":17,"segment_len_meter":187.91142024171856,"segment_cum_len":13094.208534748215,"stop_segment_distance":14.828392608656259}
{"route_id":"267","stop_id":"1381","stop_lat":34.140498,"stop_lon":-118.134153,"stop_sequence":47,"segment_first_lat":34.1403937013,"segment_first_lon":-118.1341414848,"segment_second_lat":34.1403846608,"segment_second_lon":-118.1343642118,"segment_sequence":470001,"segment_id":24,"segment_len_meter":20.522677427410883,"segment_cum_len":16119.742243507959,"stop_segment_distance":14.289379535576593}
{"route_id":"28","stop_id":"16157","stop_lat":34.041628,"stop_lon":-118.258219,"stop_sequence":57,"segment_first_lat":34.0413539063,"segment_first_lon":-118.2580403979,"segment_second_lat":34.0415294676,"segment_second_lon":-118.2583102907,"segment_sequence":560006,"segment_id":28,"segment_len_meter":31.614878022229405,"segment_cum_len":17641.2909070749,"stop_segment_distance":16.834755045547027}
{"route_id":"35","stop_id":"7753","stop_lat":34.022735,"stop_lon":-118.282133,"stop_sequence":32,"segment_first_lat":34.0228482483,"segment_first_lon":-118.2820601697,"segment_second_lat":34.0219298174,"segment_second_lon":-118.2799756989,"segment_sequence":320001,"segment_id":16,"segment_len_meter":217.56407367511162,"segment_cum_len":10278.936213560957,"stop_segment_distance":14.752973068014882}
{"route_id":"4","stop_id":"8598","stop_lat":34.090955,"stop_lon":-118.301091,"stop_sequence":38,"segment_first_lat":34.0908301575,"segment_first_lon":-118.3004791031,"segment_second_lat":34.090826438,"segment_second_lon":-118.3010901123,"segment_sequence":370005,"segment_id":19,"segment_len_meter":56.266965912044355,"segment_cum_len":11473.349596175927,"stop_segment_distance":16.060657258274404}
{"route_id":"487","stop_id":"16389","stop_lat":34.079773,"stop_lon":-118.102396,"stop_sequence":7,"segment_first_lat":34.0796392586,"segment_first_lon":-118.1016392052,"segment_second_lat":34.0796053817,"segment_second_lon":-118.1023825272,"segment_sequence":60006,"segment_id":3,"segment_len_meter":68.5622329266535,"segment_cum_len":14418.01353766203,"stop_segment_distance":21.385607211869058}
{"route_id":"487","stop_id":"7948","stop_lat":34.161731,"stop_lon":-118.057371,"stop_sequence":59,"segment_first_lat":34.1618559538,"segment_first_lon":-118.0597809961,"segment_second_lat":34.1618670135,"segment_second_lon":-118.0573712081,"segment_sequence":580002,"segment_id":29,"segment_len_meter":221.72498397805873,"segment_cum_len":32265.952609514123,"stop_segment_distance":15.574816408847198}
{"route_id":"53","stop_id":"4881","stop_lat":33.975049,"stop_lon":-118.256253,"stop_sequence":44,"segment_first_lat":33.9750487074,"segment_first_lon":-118.2564086047,"segment_second_lat":33.9757604132,"segment_second_lon":-118.2564035277,"segment_sequence":440001,"segment_id":22,"segment_len_meter":79.13945895263201,"segment_cum_len":15197.425831223094,"stop_segment_distance":15.52325189058081}
{"route_id":"53","stop_id":"4896","stop_lat":33.891015,"stop_lon":-118.25054,"stop_sequence":8,"segment_first_lat":33.8894413416,"segment_first_lon":-118.2503141469,"segment_second_lat":33.890990336,"segment_second_lon":-118.2506920898,"segment_sequence":70003,"segment_id":4,"segment_len_meter":175.73766989175905,"segment_cum_len":3415.879290884269,"stop_segment_distance":14.786330699588461}
{"route_id":"603","stop_id":"17131","stop_lat":34.069668,"stop_lon":-118.276824,"stop_sequence":39,"segment_first_lat":34.0709695744,"segment_first_lon":-118.2758438877,"segment_second_lat":34.0696208422,"segment_second_lon":-118.2767180983,"segment_sequence":380002,"segment_id":19,"segment_len_meter":170.22182993850666,"segment_cum_len":12429.583787456992,"stop_segment_distance":11.428829140431304}
{"route_id":"605","stop_id":"9773","stop_lat":34.0231,"stop_lon":-118.208403,"stop_sequence":3,"segment_first_lat":34.0230167315,"segment_first_lon":-118.2086236241,"segment_second_lat":34.0232532747,"segment_second_lon":-118.2084922077,"segment_sequence":20006,"segment_id":1,"segment_len_meter":28.9568610186437,"segment_cum_len":369.5991649737617,"stop_segment_distance":12.30738979851052}
{"route_id":"68","stop_id":"16225","stop_lat":34.036769,"stop_lon":-118.138284,"stop_sequence":8,"segment_first_lat":34.0366419445,"segment_first_lon":-118.1382805711,"segment_second_lat":34.0366336991,"segment_second_lon":-118.1390001045,"segment_sequence":80001,"segment_id":4,"segment_len_meter":66.30773877557807,"segment_cum_len":5540.777587909141,"stop_segment_distance":15.502502463066392}
{"route_id":"71","stop_id":"4105","stop_lat":34.053042,"stop_lon":-118.249358,"stop_sequence":11,"segment_first_lat":34.0523289595,"segment_first_lon":-118.2501742341,"segment_second_lat":34.0531017847,"segment_second_lon":-118.249449922,"segment_sequence":100006,"segment_id":5,"segment_len_meter":108.80011057616888,"segment_cum_len":3002.598048121715,"stop_segment_distance":11.241000453704075}
{"route_id":"757","stop_id":"65300064","stop_lat":34.090558,"stop_lon":-118.30932,"stop_sequence":4,"segment_first_lat":34.0905581972,"segment_first_lon":-118.3091605648,"segment_second_lat":34.0895662294,"segment_second_lon":-118.3091542555,"segment_sequence":40001,"segment_id":2,"segment_len_meter":110.30331693507308,"segment_cum_len":2992.46630542533,"stop_segment_distance":15.709563293049243}
{"route_id":"78","stop_id":"3935","stop_lat":34.054699,"stop_lon":-118.242704,"stop_sequence":12,"segment_first_lat":34.0529562218,"segment_first_lon":-118.2444417082,"segment_second_lat":34.0547426851,"segment_second_lon":-118.2427704793,"segment_sequence":110005,"segment_id":6,"segment_len_meter":251.32657488975624,"segment_cum_len":3702.7352318742064,"stop_segment_distance":7.851065900807583}
{"route_id":"81","stop_id":"10293","stop_lat":34.13903,"stop_lon":-118.214482,"stop_sequence":5,"segment_first_lat":34.1393088087,"segment_first_lon":-118.2151829822,"segment_second_lat":34.1391708069,"segment_second_lon":-118.2144426983,"segment_sequence":40004,"segment_id":2,"segment_len_meter":69.83754887115212,"segment_cum_len":1276.3007070707804,"stop_segment_distance":17.808124621949688}
{"route_id":"90","stop_id":"10562","stop_lat":34.248368,"stop_lon":-118.288369,"stop_sequence":16,"segment_first_lat":34.2484774578,"segment_first_lon":-118.2882964612,"segment_second_lat":34.2482322889,"segment_second_lon":-118.2877433337,"segment_sequence":160001,"segment_id":8,"segment_len_meter":57.688256875089635,"segment_cum_len":3910.040940722315,"stop_segment_distance":15.644159172673213}
{"route_id":"92","stop_id":"2529","stop_lat":34.296703,"stop_lon":-118.442514,"stop_sequence":118,"segment_first_lat":34.2966329483,"segment_first_lon":-118.4424267797,"segment_second_lat":34.2959610515,"segment_second_lon":-118.44318838,"segment_sequence":1180001,"segment_id":59,"segment_len_meter":102.35481679932886,"segment_cum_len":40543.613806734626,"stop_segment_distance":11.990365808283102}
{"route_id":"92","stop_id":"7681","stop_lat":34.17263,"stop_lon":-118.291245,"stop_sequence":65,"segment_first_lat":34.1719416753,"segment_first_lon":-118.2905287407,"segment_second_lat":34.1725357333,"segment_second_lon":-118.2913424428,"segment_sequence":640002,"segment_id":32,"segment_len_meter":99.83597729055158,"segment_cum_len":19260.996442383723,"stop_segment_distance":14.952150048723254}
