{"route_id":"105","stop_id":"16532","stop_lat":34.084957,"stop_lon":-118.381626,"stop_sequence":73,"segment_first_lat":34.0849989638,"segment_first_lon":-118.3813685237,"segment_second_lat":34.0849204417,"segment_second_lon":-118.3816082647,"segment_sequence":720005,"segment_id":36,"segment_len_meter":23.742114804680572,"segment_cum_len":25888.430563893744,"stop_segment_distance":4.805211024776792}
{"route_id":"105","stop_id":"5216","stop_lat":34.071897,"stop_lon":-118.37627,"stop_sequence":61,"segment_first_lat":34.071887846,"segment_first_lon":-118.3764203386,"segment_second_lat":34.0724812527,"segment_second_lon":-118.3764639552,"segment_sequence":610001,"segment_id":31,"segment_len_meter":66.10599825406287,"segment_cum_len":21809.142352599236,"stop_segment_distance":15.155947399654593}
{"route_id":"106","stop_id":"8618","stop_lat":34.037144,"stop_lon":-118.157574,"stop_sequence":5,"segment_first_lat":34.0370456036,"segment_first_lon":-118.1575704757,"segment_second_lat":34.0370272835,"segment_second_lon":-118.1585507463,"segment_sequence":50001,"segment_id":3,"segment_len_meter":90.34957075470903,"segment_cum_len":1644.8788694123764,"stop_segment_distance":11.529154795820418}
{"route_id":"108","stop_id":"6272","stop_lat":33.98834,"stop_lon":-118.198393,"stop_sequence":63,"segment_first_lat":33.988464847,"segment_first_lon":-118.1983736656,"segment_second_lat":33.9882899229,"segment_second_lon":-118.1967934694,"segment_sequence":630001,"segment_id":32,"segment_len_meter":146.9826235896049,"segment_cum_len":21230.744499161472,"stop_segment_distance":14.591440869290494}
{"route_id":"111","stop_id":"1998","stop_lat":33.969521,"stop_lon":-118.181743,"stop_sequence":61,"segment_first_lat":33.9696495918,"segment_first_lon":-118.1817228222,"segment_second_lat":33.9695878669,"segment_second_lon":-118.1811069453,"segment_sequence":610001,"segment_id":31,"segment_len_meter":57.20798398793106,"segment_cum_len":22246.265916787055,"stop_segment_distance":16.336275617044734}
{"route_id":"115","stop_id":"1905","stop_lat":33.955063,"stop_lon":-118.215903,"stop_sequence":59,"segment_first_lat":33.9552840749,"segment_first_lon":-118.2168371019,"segment_second_lat":33.955190156,"segment_second_lon":-118.2158858686,"segment_sequence":580004,"segment_id":29,"segment_len_meter":88.35476412145876,"segment_cum_len":17048.824757646427,"stop_segment_distance":15.466133023476232}
{"route_id":"120","stop_id":"4528","stop_lat":33.924721,"stop_lon":-118.2367,"stop_sequence":72,"segment_first_lat":33.9246208667,"segment_first_lon":-118.2367001692,"segment_second_lat":33.9246118206,"segment_second_lon":-118.239056975,"segment_sequence":720001,"segment_id":36,"segment_len_meter":217.45655178645256,"segment_cum_len":30982.87349231626,"stop_segment_distance":11.486081305806948}
{"route_id":"125","stop_id":"17331","stop_lat":33.901802,"stop_lon":-118.32398,"stop_sequence":21,"segment_first_lat":33.9019251555,"segment_first_lon":-118.3239801,"segment_second_lat":33.9019313595,"segment_second_lon":-118.3206320144,"segment_sequence":210001,"segment_id":11,"segment_len_meter":308.99916551934007,"segment_cum_len":9439.830480014833,"stop_segment_distance":14.019118551597956}
{"route_id":"154","stop_id":"12657","stop_lat":34.179537,"stop_lon":-118.38758,"stop_sequence":33,"segment_first_lat":34.179438231,"segment_first_lon":-118.3866070691,"segment_second_lat":34.1794375929,"segment_second_lon":-118.3875791295,"segment_sequence":320004,"segment_id":16,"segment_len_meter":89.419463775463,"segment_cum_len":13186.39308194567,"stop_segment_distance":11.805179817503827}
{"route_id":"158","stop_id":"9574","stop_lat":34.257384,"stop_lon":-118.58015,"stop_sequence":70,"segment_first_lat":34.2572575795,"segment_first_lon":-118.5801491881,"segment_second_lat":34.2572641565,"segment_second_lon":-118.5822705924,"segment_sequence":700001,"segment_id":35,"segment_len_meter":194.96830220029958,"segment_cum_len":28108.517504184714,"stop_segment_distance":14.436439919312306}
{"route_id":"163","stop_id":"6240","stop_lat":34.200888,"stop_lon":-118.570653,"stop_sequence":17,"segment_first_lat":34.2010146962,"segment_first_lon":-118.570653716,"segment_second_lat":34.2010196369,"segment_second_lon":-118.5696053608,"segment_sequence":170001,"segment_id":9,"segment_len_meter":96.41465637062919,"segment_cum_len":5719.540337388079,"stop_segment_distance":15.126319470483963}
{"route_id":"167","stop_id":"4538","stop_lat":34.221545,"stop_lon":-118.414576,"stop_sequence":67,"segment_first_lat":34.2216720851,"segment_first_lon":-118.4143782086,"segment_second_lat":34.219863956,"segment_second_lon":-118.4143824671,"segment_sequence":670002,"segment_id":34,"segment_len_meter":201.05516389797185,"segment_cum_len":26749.73070271437,"stop_segment_distance":9.744074425881138}
{"route_id":"176","stop_id":"15019","stop_lat":34.063033,"stop_lon":-118.035555,"stop_sequence":30,"segment_first_lat":34.0630213927,"segment_first_lon":-118.035705597,"segment_second_lat":34.0637995633,"segment_second_lon":-118.0357864916,"segment_sequence":300001,"segment_id":15,"segment_len_meter":86.84889221790506,"segment_cum_len":11388.589936992195,"stop_segment_distance":14.948262757424729}
{"route_id":"18","stop_id":"8340","stop_lat":34.026652,"stop_lon":-118.198709,"stop_sequence":45,"segment_first_lat":34.0277890314,"segment_first_lon":-118.2009589551,"segment_second_lat":34.0267638001,"segment_second_lon":-118.1986367206,"segment_sequence":440002,"segment_id":22,"segment_len_meter":242.47606155396974,"segment_cum_len":12495.406354071969,"stop_segment_distance":14.479561800869163}
{"route_id":"180","stop_id":"3662","stop_lat":34.183645,"stop_lon":-118.131438,"stop_sequence":89,"segment_first_lat":34.1822212554,"segment_first_lon":-118.1316494767,"segment_second_lat":34.1836502146,"segment_second_lon":-118.1315895669,"segment_sequence":880001,"segment_id":44,"segment_len_meter":158.98855045147667,"segment_cum_len":27016.531606922643,"stop_segment_distance":14.46922339292641}
{"route_id":"183","stop_id":"3092","stop_lat":34.164771,"stop_lon":-118.444007,"stop_sequence":9,"segment_first_lat":34.1648957281,"segment_first_lon":-118.4440072184,"segment_second_lat":34.1648953522,"segment_second_lon":-118.4401262426,"segment_sequence":90001,"segment_id":5,"segment_len_meter":357.07088872490505,"segment_cum_len":3570.826432812394,"stop_segment_distance":14.11695555173145}
{"route_id":"20","stop_id":"16738","stop_lat":34.061832,"stop_lon":-118.316424,"stop_sequence":27,"segment_first_lat":34.0617062444,"segment_first_lon":-118.3152485447,"segment_second_lat":34.0617056437,"segment_second_lon":-118.3164239393,"segment_sequence":260002,"segment_id":13,"segment_len_meter":108.27473020302364,"segment_cum_len":7576.05446148586,"stop_segment_distance":14.95484950050485}
{"route_id":"20","stop_id":"16777","stop_lat":34.058839,"stop_lon":-118.44425,"stop_sequence":64,"segment_first_lat":34.0587986231,"segment_first_lon":-118.4438898394,"segment_second_lat":34.0587202436,"segment_second_lon":-118.4442063747,"segment_sequence":630003,"segment_id":32,"segment_len_meter":30.434136919124068,"segment_cum_len":19817.27899440536,"stop_segment_distance":16.849679481934547}
{"route_id":"202","stop_id":"7594","stop_lat":33.774028,"stop_lon":-118.261815,"stop_sequence":60,"segment_first_lat":33.7727416085,"segment_first_lon":-118.2618704836,"segment_second_lat":33.7740193993,"segment_second_lon":-118.261967587,"segment_sequence":590005,"segment_id":30,"segment_len_meter":142.3670504119108,"segment_cum_len":29096.456305590018,"stop_segment_distance":14.900956789237938}
{"route_id":"206","stop_id":"3976","stop_lat":34.098433,"stop_lon":-118.291608,"stop_sequence":2,"segment_first_lat":34.0984329211,"segment_first_lon":-118.2917597484,"segment_second_lat":34.0990979018,"segment_second_lon":-118.2917620686,"segment_sequence":20001,"segment_id":1,"segment_len_meter":73.94278878272952,"segment_cum_len":453.1481239023683,"stop_segment_distance":15.312293270004602}
{"route_id":"207","stop_id":"3985","stop_lat":34.076055,"stop_lon":-118.308982,"stop_sequence":50,"segment_first_lat":34.0746535569,"segment_first_lon":-118.3091321588,"segment_second_lat":34.0760549606,"segment_second_lon":-118.3091373382,"segment_sequence":490003,"segment_id":25,"segment_len_meter":155.82971179431345,"segment_cum_len":18401.055462087214,"stop_segment_distance":14.923133084284672}
{"route_id":"207","stop_id":"3988","stop_lat":34.086827,"stop_lon":-118.308989,"stop_sequence":54,"segment_first_lat":34.0868266288,"segment_first_lon":-118.3091411558,"segment_second_lat":34.087609759,"segment_second_lon":-118.3091470231,"segment_sequence":540001,"segment_id":27,"segment_len_meter":87.08178143037989,"segment_cum_len":19685.931327959046,"stop_segment_distance":15.17734946993555}
{"route_id":"209","stop_id":"2489","stop_lat":34.022732,"stop_lon":-118.334952,"stop_sequence":43,"segment_first_lat":34.0227319106,"segment_first_lon":-118.3350972921,"segment_second_lat":34.0240453879,"segment_second_lon":-118.3350992509,"segment_sequence":430001,"segment_id":22,"segment_len_meter":146.0521235863624,"segment_cum_len":16159.15716919256,"stop_segment_distance":14.009232737974315}
{"route_id":"210","stop_id":"9425","stop_lat":34.044939,"stop_lon":-118.328455,"stop_sequence":31,"segment_first_lat":34.0475163343,"segment_first_lon":-118.326884337,"segment_second_lat":34.0448868573,"segment_second_lon":-118.3283156173,"segment_sequence":300001,"segment_id":15,"segment_len_meter":320.74680110098075,"segment_cum_len":9723.285376211505,"stop_segment_distance":14.394155470222529}
{"route_id":"217","stop_id":"104720","stop_lat":34.101071,"stop_lon":-118.361708,"stop_sequence":14,"segment_first_lat":34.1010717991,"segment_first_lon":-118.3615556814,"segment_second_lat":34.0998984758,"segment_second_lon":-118.3615479655,"segment_sequence":140001,"segment_id":7,"segment_len_meter":130.46953258390712,"segment_cum_len":3721.7623262187562,"stop_segment_distance":14.764257848866066}
{"route_id":"224","stop_id":"5836","stop_lat":34.251185,"stop_lon":-118.406093,"stop_sequence":35,"segment_first_lat":34.2482270594,"segment_first_lon":-118.4031864158,"segment_second_lat":34.2511027907,"segment_second_lon":-118.4062090125,"segment_sequence":340002,"segment_id":17,"segment_len_meter":423.5945864172235,"segment_cum_len":13957.71652843426,"stop_segment_distance":14.184876647226304}
{"route_id":"234","stop_id":"23408","stop_lat":34.220999,"stop_lon":-118.467839,"stop_sequence":47,"segment_first_lat":34.2211562181,"segment_first_lon":-118.4677038705,"segment_second_lat":34.2210056953,"segment_second_lon":-118.4676878106,"segment_sequence":460005,"segment_id":23,"segment_len_meter":16.802380801125317,"segment_cum_len":17616.07455306161,"stop_segment_distance":18.565685422487057}
{"route_id":"246","stop_id":"5401","stop_lat":33.72683,"stop_lon":-118.287818,"stop_sequence":14,"segment_first_lat":33.726051936,"segment_first_lon":-118.2879702551,"segment_second_lat":33.726829559,"segment_second_lon":-118.2879702905,"segment_sequence":130003,"segment_id":7,"segment_len_meter":86.4677325046229,"segment_cum_len":2817.9422530509355,"stop_segment_distance":15.271301433662956}
{"route_id":"256","stop_id":"10125","stop_lat":34.066468,"stop_lon":-118.180151,"stop_sequence":30,"segment_first_lat":34.0661736636,"segment_first_lon":-118.1802528608,"segment_second_lat":34.0664618843,"segment_second_lon":-118.180273293,"segment_sequence":290013,"segment_id":15,"segment_len_meter":32.10389440333843,"segment_cum_len":8781.477530571794,"stop_segment_distance":13.228412888083966}
{"route_id":"51","stop_id":"287","stop_lat":33.902318,"stop_lon":-118.265413,"stop_sequence":81,"segment_first_lat":33.9036294113,"segment_first_lon":-118.2652749958,"segment_second_lat":33.9023187321,"segment_second_lon":-118.2652563477,"segment_sequence":800004,"segment_id":40,"segment_len_meter":145.75103884749706,"segment_cum_len":21425.766709745974,"stop_segment_distance":15.084169582296624}
{"route_id":"53","stop_id":"9200","stop_lat":33.867778,"stop_lon":-118.248514,"stop_sequence":2,"segment_first_lat":33.8677780856,"segment_first_lon":-118.2486663631,"segment_second_lat":33.8688469743,"segment_second_lon":-118.2486748036,"segment_sequence":20001,"segment_id":1,"segment_len_meter":118.85755532215151,"segment_cum_len":936.2033112787143,"stop_segment_distance":14.997956154011746}
{"route_id":"55","stop_id":"806","stop_lat":33.985971,"stop_lon":-118.247578,"stop_sequence":29,"segment_first_lat":33.9856955537,"segment_first_lon":-118.2477287516,"segment_second_lat":33.9859703378,"segment_second_lon":-118.2477295645,"segment_sequence":280010,"segment_id":14,"segment_len_meter":30.554689766887343,"segment_cum_len":8376.555369154239,"stop_segment_distance":17.054250643382737}
{"route_id":"550","stop_id":"5063","stop_lat":33.743658,"stop_lon":-118.292142,"stop_sequence":15,"segment_first_lat":33.7436575453,"segment_first_lon":-118.2923078665,"segment_second_lat":33.744234572,"segment_second_lon":-118.2923118486,"segment_sequence":150001,"segment_id":8,"segment_len_meter":64.16349799186594,"segment_cum_len":3743.9938202277635,"stop_segment_distance":17.180246664194513}
{"route_id":"60","stop_id":"11511","stop_lat":33.921396,"stop_lon":-118.209795,"stop_sequence":58,"segment_first_lat":33.922322532,"segment_first_lon":-118.2097045835,"segment_second_lat":33.921401839,"segment_second_lon":-118.20964196,"segment_sequence":570011,"segment_id":29,"segment_len_meter":102.53932604972358,"segment_cum_len":18400.137094052956,"stop_segment_distance":14.95947862421336}
{"route_id":"602","stop_id":"6384","stop_lat":34.050351,"stop_lon":-118.511365,"stop_sequence":22,"segment_first_lat":34.0503806905,"segment_first_lon":-118.5115577926,"segment_second_lat":34.0505594697,"segment_second_lon":-118.5115186103,"segment_sequence":220001,"segment_id":11,"segment_len_meter":20.204437072290176,"segment_cum_len":6352.828715909662,"stop_segment_distance":25.02112964525253}
{"route_id":"611","stop_id":"162","stop_lat":33.955836,"stop_lon":-118.183883,"stop_sequence":4,"segment_first_lat":33.9558043512,"segment_first_lon":-118.1840290575,"segment_second_lat":33.9570251574,"segment_second_lon":-118.1844300825,"segment_sequence":790001,"segment_id":40,"segment_len_meter":140.6962553972567,"segment_cum_len":24182.367811386852,"stop_segment_distance":14.755824107679786}
{"route_id":"611","stop_id":"808","stop_lat":33.978288,"stop_lon":-118.247529,"stop_sequence":30,"segment_first_lat":33.9780126381,"segment_first_lon":-118.2476829345,"segment_second_lat":33.9782874221,"segment_second_lon":-118.2476837473,"segment_sequence":290005,"segment_id":15,"segment_len_meter":30.554678642015745,"segment_cum_len":8888.6709074633,"stop_segment_distance":17.463311486136092}
{"route_id":"62","stop_id":"13560","stop_lat":34.052881,"stop_lon":-118.251572,"stop_sequence":3,"segment_first_lat":34.0528055328,"segment_first_lon":-118.2514526094,"segment_second_lat":34.0517747108,"segment_second_lon":-118.2524207476,"segment_sequence":30001,"segment_id":2,"segment_len_meter":145.23624685652308,"segment_cum_len":1881.473463719956,"stop_segment_distance":14.360562606637274}
{"route_id":"62","stop_id":"6472","stop_lat":34.004709,"stop_lon":-118.153062,"stop_sequence":32,"segment_first_lat":34.0053152061,"segment_first_lon":-118.1535514223,"segment_second_lat":34.0047823164,"segment_second_lon":-118.1529654578,"segment_sequence":310009,"segment_id":16,"segment_len_meter":80.1785579360632,"segment_cum_len":14474.499490826976,"stop_segment_distance":13.00159943509334}
{"route_id":"66","stop_id":"1587","stop_lat":34.018167,"stop_lon":-118.168035,"stop_sequence":52,"segment_first_lat":34.0182916801,"segment_first_lon":-118.1680003083,"segment_second_lat":34.0180749259,"segment_second_lon":-118.1669726007,"segment_sequence":520001,"segment_id":26,"segment_len_meter":97.73708675614493,"segment_cum_len":15850.093391863591,"stop_segment_distance":14.940569165278205}
{"route_id":"71","stop_id":"3455","stop_lat":34.059367,"stop_lon":-118.172638,"stop_sequence":39,"segment_first_lat":34.0589881424,"segment_first_lon":-118.1726272874,"segment_second_lat":34.0593267459,"segment_second_lon":-118.1727729251,"segment_sequence":380005,"segment_id":19,"segment_len_meter":39.96989039703398,"segment_cum_len":12353.444277318984,"stop_segment_distance":15.379448135467243}
{"route_id":"750","stop_id":"15413","stop_lat":34.169125,"stop_lon":-118.536464,"stop_sequence":12,"segment_first_lat":34.1690035602,"segment_first_lon":-118.5365259396,"segment_second_lat":34.169117806,"segment_second_lon":-118.5368506566,"segment_sequence":120001,"segment_id":6,"segment_len_meter":32.463078431769006,"segment_cum_len":16724.786739762003,"stop_segment_distance":17.775285234942572}
{"route_id":"78","stop_id":"3931","stop_lat":34.057507,"stop_lon":-118.240081,"stop_sequence":13,"segment_first_lat":34.0572922283,"segment_first_lon":-118.2404001405,"segment_second_lat":34.0575534994,"segment_second_lon":-118.2401496466,"segment_sequence":120011,"segment_id":6,"segment_len_meter":37.101568254168306,"segment_cum_len":4097.702826974775,"stop_segment_distance":8.944265361067913}
{"route_id":"94","stop_id":"12356","stop_lat":34.108115,"stop_lon":-118.241481,"stop_sequence":76,"segment_first_lat":34.1081825705,"segment_first_lon":-118.2413508663,"segment_second_lat":34.1071794784,"segment_second_lon":-118.2405832186,"segment_sequence":760001,"segment_id":38,"segment_len_meter":132.04519398915502,"segment_cum_len":30993.528942729892,"stop_segment_distance":14.962944652008105}
{"route_id":"94","stop_id":"278","stop_lat":34.047555,"stop_lon":-118.253101,"stop_sequence":90,"segment_first_lat":34.0487616958,"segment_first_lon":-118.2517514257,"segment_second_lat":34.0474909261,"segment_second_lon":-118.2530089562,"segment_sequence":890002,"segment_id":45,"segment_len_meter":182.72927756052525,"segment_cum_len":39143.0071672671,"stop_segment_distance":11.278888664780311}
{"route_id":"96","stop_id":"12960","stop_lat":34.105688,"stop_lon":-118.256429,"stop_sequence":28,"segment_first_lat":34.1058306451,"segment_first_lon":-118.2564357187,"segment_second_lat":34.1057541754,"segment_second_lon":-118.2563433191,"segment_sequence":270025,"segment_id":14,"segment_len_meter":12.02806763346275,"segment_cum_len":14003.509142147685,"stop_segment_distance":14.63317620249066}
