{"route_id":"10","stop_id":"11722","stop_lat":34.083645,"stop_lon":-118.313346,"stop_sequence":42,"segment_first_lat":34.0835177079,"segment_first_lon":-118.312530208,"segment_second_lat":34.0835177932,"segment_second_lon":-118.313345935,"segment_sequence":410008,"segment_id":21,"segment_len_meter":75.12359371781827,"segment_cum_len":11658.309297447011,"stop_segment_distance":15.472368830095789}
{"route_id":"108","stop_id":"14656","stop_lat":33.986548,"stop_lon":-118.180771,"stop_sequence":71,"segment_first_lat":33.9866745511,"segment_first_lon":-118.1807503673,"segment_second_lat":33.9864931626,"segment_second_lon":-118.1789267843,"segment_sequence":710001,"segment_id":36,"segment_len_meter":169.33858730718418,"segment_cum_len":22890.21783806404,"stop_segment_distance":15.006130251281547}
{"route_id":"108","stop_id":"7989","stop_lat":33.989003,"stop_lon":-118.3151,"stop_sequence":30,"segment_first_lat":33.9891311522,"segment_first_lon":-118.3156680427,"segment_second_lat":33.9891304368,"segment_second_lon":-118.3151006439,"segment_sequence":290006,"segment_id":15,"segment_len_meter":52.312281426746296,"segment_cum_len":10316.228038760895,"stop_segment_distance":16.133817685144834}
{"route_id":"111","stop_id":"1966","stop_lat":33.949836,"stop_lon":-118.122116,"stop_sequence":76,"segment_first_lat":33.9508918665,"segment_first_lon":-118.124405782,"segment_second_lat":33.9499501134,"segment_second_lon":-118.1220504709,"segment_sequence":750006,"segment_id":38,"segment_len_meter":241.1714288380449,"segment_cum_len":28258.65607157964,"stop_segment_distance":14.528890011660593}
{"route_id":"115","stop_id":"7833","stop_lat":33.961596,"stop_lon":-118.357528,"stop_sequence":18,"segment_first_lat":33.9617035976,"segment_first_lon":-118.3592036224,"segment_second_lat":33.9617212143,"segment_second_lon":-118.3575284461,"segment_sequence":170001,"segment_id":9,"segment_len_meter":154.5077343763209,"segment_cum_len":3747.5676461576236,"stop_segment_distance":14.4145431618374}
{"route_id":"120","stop_id":"11165","stop_lat":33.930579,"stop_lon":-118.216618,"stop_sequence":66,"segment_first_lat":33.9304738523,"segment_first_lon":-118.2166327932,"segment_second_lat":33.9307055392,"segment_second_lon":-118.2193447684,"segment_sequence":660001,"segment_id":33,"segment_len_meter":251.52972465337302,"segment_cum_len":27984.369277968523,"stop_segment_distance":12.206315753155991}
{"route_id":"120","stop_id":"11443","stop_lat":33.927599,"stop_lon":-118.008942,"stop_sequence":10,"segment_first_lat":33.9277530006,"segment_first_lon":-118.0079135145,"segment_second_lat":33.9275229365,"segment_second_lon":-118.008917568,"segment_sequence":90006,"segment_id":5,"segment_len_meter":96.104582386663,"segment_cum_len":3400.0273395602444,"stop_segment_distance":9.072606701562464}
{"route_id":"125","stop_id":"10174","stop_lat":33.901997,"stop_lon":-118.265454,"stop_sequence":36,"segment_first_lat":33.9020339752,"segment_first_lon":-118.2660410656,"segment_second_lat":33.9021192944,"segment_second_lon":-118.2654807914,"segment_sequence":350009,"segment_id":18,"segment_len_meter":52.57132079339038,"segment_cum_len":14531.503310704335,"stop_segment_distance":15.586791845457405}
{"route_id":"125","stop_id":"17506","stop_lat":33.903848,"stop_lon":-118.137547,"stop_sequence":72,"segment_first_lat":33.903974706,"segment_first_lon":-118.1375541907,"segment_second_lat":33.9040343276,"segment_second_lon":-118.1358637216,"segment_sequence":720001,"segment_id":36,"segment_len_meter":156.15219655466893,"segment_cum_len":28711.667674077802,"stop_segment_distance":14.675912649705566}
{"route_id":"130","stop_id":"17467","stop_lat":33.86306,"stop_lon":-118.281316,"stop_sequence":43,"segment_first_lat":33.863378108,"segment_first_lon":-118.2802829621,"segment_second_lat":33.8629474848,"segment_second_lon":-118.2812426673,"segment_sequence":420003,"segment_id":21,"segment_len_meter":100.72220439677241,"segment_cum_len":20716.939256325262,"stop_segment_distance":15.234565301814442}
{"route_id":"14","stop_id":"15807","stop_lat":34.032474,"stop_lon":-118.340734,"stop_sequence":10,"segment_first_lat":34.0325702141,"segment_first_lon":-118.3416321292,"segment_second_lat":34.0325727511,"segment_second_lon":-118.3407343954,"segment_sequence":90009,"segment_id":5,"segment_len_meter":82.7261204994032,"segment_cum_len":3748.060224030856,"stop_segment_distance":11.70530974047584}
{"route_id":"155","stop_id":"18062","stop_lat":34.146482,"stop_lon":-118.379091,"stop_sequence":25,"segment_first_lat":34.1464822235,"segment_first_lon":-118.3789726784,"segment_second_lat":34.1449791414,"segment_second_lon":-118.3789685065,"segment_sequence":250001,"segment_id":13,"segment_len_meter":167.13554480475108,"segment_cum_len":9246.105151508893,"stop_segment_distance":11.243112999302696}
{"route_id":"16","stop_id":"13668","stop_lat":34.073566,"stop_lon":-118.376792,"stop_sequence":52,"segment_first_lat":34.0734386277,"segment_first_lon":-118.3768123478,"segment_second_lat":34.0734925282,"segment_second_lon":-118.3773270653,"segment_sequence":520001,"segment_id":26,"segment_len_meter":47.7853929493935,"segment_cum_len":14292.340649405805,"stop_segment_distance":16.455926476474403}
{"route_id":"175","stop_id":"142121","stop_lat":34.09567,"stop_lon":-118.286462,"stop_sequence":12,"segment_first_lat":34.0957422278,"segment_first_lon":-118.2864655321,"segment_second_lat":34.0957566771,"segment_second_lon":-118.2859337957,"segment_sequence":120001,"segment_id":6,"segment_len_meter":48.98903161075598,"segment_cum_len":3407.6638792545177,"stop_segment_distance":8.63212457123236}
{"route_id":"20","stop_id":"16724","stop_lat":34.061859,"stop_lon":-118.303938,"stop_sequence":22,"segment_first_lat":34.0617373393,"segment_first_lon":-118.3031017917,"segment_second_lat":34.0617330418,"segment_second_lon":-118.3039371002,"segment_sequence":210003,"segment_id":11,"segment_len_meter":76.94819944850127,"segment_cum_len":6425.784622064587,"stop_segment_distance":15.266392648984692}
{"route_id":"202","stop_id":"2340","stop_lat":33.824724,"stop_lon":-118.228708,"stop_sequence":42,"segment_first_lat":33.8254442716,"segment_first_lon":-118.2282717252,"segment_second_lat":33.8246842302,"segment_second_lon":-118.2285590538,"segment_sequence":410015,"segment_id":21,"segment_len_meter":88.58255371538141,"segment_cum_len":18511.356882107233,"stop_segment_distance":15.527886250534223}
{"route_id":"210","stop_id":"9454","stop_lat":34.056541,"stop_lon":-118.322109,"stop_sequence":27,"segment_first_lat":34.0591313548,"segment_first_lon":-118.3205180606,"segment_second_lat":34.0564906301,"segment_second_lon":-118.3219704955,"segment_sequence":260002,"segment_id":13,"segment_len_meter":322.6830990467223,"segment_cum_len":8306.756705461226,"stop_segment_distance":14.429116726827942}
{"route_id":"239","stop_id":"20017","stop_lat":34.246641,"stop_lon":-118.523137,"stop_sequence":29,"segment_first_lat":34.2461186466,"segment_first_lon":-118.5232958723,"segment_second_lat":34.2466435286,"segment_second_lon":-118.523288574,"segment_sequence":280007,"segment_id":14,"segment_len_meter":58.36807062359173,"segment_cum_len":10933.994422630925,"stop_segment_distance":15.457512868431614}
{"route_id":"258","stop_id":"10405","stop_lat":34.108683,"stop_lon":-118.150643,"stop_sequence":15,"segment_first_lat":34.1086827101,"segment_first_lon":-118.1504896055,"segment_second_lat":34.1077759016,"segment_second_lon":-118.1504988749,"segment_sequence":150001,"segment_id":8,"segment_len_meter":100.83611602761069,"segment_cum_len":4311.941737001697,"stop_segment_distance":15.020245236315432}
{"route_id":"260","stop_id":"30014","stop_lat":33.875981,"stop_lon":-118.222832,"stop_sequence":101,"segment_first_lat":33.8761487962,"segment_first_lon":-118.222974081,"segment_second_lat":33.8754370139,"segment_second_lon":-118.2230248974,"segment_sequence":1000030,"segment_id":50,"segment_len_meter":79.28549595588638,"segment_cum_len":42709.681540098696,"stop_segment_distance":6.577277396990468}
{"route_id":"267","stop_id":"2974","stop_lat":34.173392,"stop_lon":-118.159444,"stop_sequence":68,"segment_first_lat":34.1723172595,"segment_first_lon":-118.1595844127,"segment_second_lat":34.1733916637,"segment_second_lon":-118.1595953914,"segment_sequence":670004,"segment_id":34,"segment_len_meter":119.47256550458698,"segment_cum_len":22672.18085919813,"stop_segment_distance":14.656713590316144}
{"route_id":"267","stop_id":"3819","stop_lat":34.149882,"stop_lon":-118.160973,"stop_sequence":60,"segment_first_lat":34.149641839,"segment_first_lon":-118.1595609423,"segment_second_lat":34.1496753601,"segment_second_lon":-118.1612201866,"segment_sequence":590021,"segment_id":30,"segment_len_meter":152.73253957138868,"segment_cum_len":19605.417966049303,"stop_segment_distance":12.25555005588896}
{"route_id":"28","stop_id":"4219","stop_lat":34.045185,"stop_lon":-118.264159,"stop_sequence":60,"segment_first_lat":34.0450691509,"segment_first_lon":-118.2642082483,"segment_second_lat":34.0451211941,"segment_second_lon":-118.2644097747,"segment_sequence":600001,"segment_id":30,"segment_len_meter":19.448695547409354,"segment_cum_len":18333.561858132824,"stop_segment_distance":18.379016113993746}
{"route_id":"53","stop_id":"4882","stop_lat":33.981861,"stop_lon":-118.256284,"stop_sequence":46,"segment_first_lat":33.9816077809,"segment_first_lon":-118.2564379251,"segment_second_lat":33.9818605864,"segment_second_lon":-118.2564367202,"segment_sequence":450006,"segment_id":23,"segment_len_meter":28.11090856337667,"segment_cum_len":15875.746824337448,"stop_segment_distance":17.502038151218226}
{"route_id":"534","stop_id":"9479","stop_lat":34.036039,"stop_lon":-118.685265,"stop_sequence":21,"segment_first_lat":34.0360382017,"segment_first_lon":-118.6854265887,"segment_second_lat":34.0363426573,"segment_second_lon":-118.6854290825,"segment_sequence":210001,"segment_id":11,"segment_len_meter":33.85469798720534,"segment_cum_len":20799.862573745955,"stop_segment_distance":18.030984322157693}
{"route_id":"601","stop_id":"43426","stop_lat":34.181099,"stop_lon":-118.601635,"stop_sequence":6,"segment_first_lat":34.1810993929,"segment_first_lon":-118.6015151714,"segment_second_lat":34.179247376,"segment_second_lon":-118.6014988603,"segment_sequence":60001,"segment_id":3,"segment_len_meter":205.94034935250323,"segment_cum_len":2516.273766401879,"stop_segment_distance":11.35421240901988}
{"route_id":"687","stop_id":"13401","stop_lat":34.138156,"stop_lon":-118.15054,"stop_sequence":32,"segment_first_lat":34.1381565009,"segment_first_lon":-118.1503870235,"segment_second_lat":34.1373843572,"segment_second_lon":-118.1503803467,"segment_sequence":320001,"segment_id":16,"segment_len_meter":85.86066107498466,"segment_cum_len":8615.157366403288,"stop_segment_distance":15.2703933641816}
{"route_id":"687","stop_id":"9861","stop_lat":34.145988,"stop_lon":-118.138597,"stop_sequence":25,"segment_first_lat":34.1458605124,"segment_first_lon":-118.1385967903,"segment_second_lat":34.1458523302,"segment_second_lon":-118.1397369975,"segment_sequence":250001,"segment_id":13,"segment_len_meter":104.93286305343835,"segment_cum_len":6695.011764460875,"stop_segment_distance":15.231770462564143}
{"route_id":"70","stop_id":"1455","stop_lat":34.06262,"stop_lon":-118.047144,"stop_sequence":69,"segment_first_lat":34.0627342038,"segment_first_lon":-118.0491150035,"segment_second_lat":34.0627473546,"segment_second_lon":-118.0471438953,"segment_sequence":680003,"segment_id":34,"segment_len_meter":181.57772965969696,"segment_cum_len":23670.727167990113,"stop_segment_distance":14.589344832948854}
{"route_id":"78","stop_id":"2560","stop_lat":34.093216,"stop_lon":-118.160335,"stop_sequence":38,"segment_first_lat":34.0930560132,"segment_first_lon":-118.1608170729,"segment_second_lat":34.0933167468,"segment_second_lon":-118.1604331152,"segment_sequence":370006,"segment_id":19,"segment_len_meter":45.72318899922487,"segment_cum_len":13345.775144379291,"stop_segment_distance":16.491568747653112}
{"route_id":"780","stop_id":"3494","stop_lat":34.08364,"stop_lon":-118.361289,"stop_sequence":9,"segment_first_lat":34.0816748023,"segment_first_lon":-118.3614526751,"segment_second_lat":34.0836395758,"segment_second_lon":-118.3614400301,"segment_sequence":80004,"segment_id":4,"segment_len_meter":218.47594890016958,"segment_cum_len":5989.363647901579,"stop_segment_distance":14.47237513801349}
{"route_id":"794","stop_id":"5857","stop_lat":34.227361,"stop_lon":-118.380689,"stop_sequence":30,"segment_first_lat":34.2267828694,"segment_first_lon":-118.3801503257,"segment_second_lat":34.2272677874,"segment_second_lon":-118.3807890373,"segment_sequence":290012,"segment_id":15,"segment_len_meter":79.72229926885329,"segment_cum_len":30873.22813397074,"stop_segment_distance":15.284279427155539}
{"route_id":"92","stop_id":"136","stop_lat":34.056449,"stop_lon":-118.244214,"stop_sequence":8,"segment_first_lat":34.0557250639,"segment_first_lon":-118.243581521,"segment_second_lat":34.0563605143,"segment_second_lon":-118.2443268596,"segment_sequence":70003,"segment_id":4,"segment_len_meter":98.52589246172835,"segment_cum_len":2533.6295372205977,"stop_segment_distance":15.16124656000926}
