{"route_id":"10","stop_id":"11703","stop_lat":34.083595,"stop_lon":-118.338905,"stop_sequence":51,"segment_first_lat":34.0834685815,"segment_first_lon":-118.3389040829,"segment_second_lat":34.0834664668,"segment_second_lon":-118.3396570531,"segment_sequence":510001,"segment_id":26,"segment_len_meter":69.34450582445203,"segment_cum_len":14081.55877258927,"stop_segment_distance":15.431722038306205}
{"route_id":"10","stop_id":"8095","stop_lat":34.058448,"stop_lon":-118.246584,"stop_sequence":13,"segment_first_lat":34.0583583535,"segment_first_lon":-118.2466919734,"segment_second_lat":34.0589405982,"segment_second_lon":-118.2473777737,"segment_sequence":130001,"segment_id":7,"segment_len_meter":90.45939476339953,"segment_cum_len":4164.1274968826665,"stop_segment_distance":14.985834817403898}
{"route_id":"105","stop_id":"5210","stop_lat":34.046936,"stop_lon":-118.376026,"stop_sequence":53,"segment_first_lat":34.0469471941,"segment_first_lon":-118.3761757613,"segment_second_lat":34.0470395781,"segment_second_lon":-118.3761580205,"segment_sequence":530001,"segment_id":27,"segment_len_meter":10.401857840165228,"segment_cum_len":18979.584931509835,"stop_segment_distance":20.203409155921815}
{"route_id":"110","stop_id":"2508","stop_lat":33.979452,"stop_lon":-118.24108,"stop_sequence":55,"segment_first_lat":33.9788227152,"segment_first_lon":-118.2411676879,"segment_second_lat":33.9794519708,"segment_second_lon":-118.2411695002,"segment_sequence":540003,"segment_id":27,"segment_len_meter":69.97022983106312,"segment_cum_len":19452.107652370152,"stop_segment_distance":8.721191613642404}
{"route_id":"115","stop_id":"1933","stop_lat":33.929493,"stop_lon":-118.112095,"stop_sequence":82,"segment_first_lat":33.9295964214,"segment_first_lon":-118.1120104722,"segment_second_lat":33.9294079459,"segment_second_lon":-118.1116858497,"segment_sequence":820001,"segment_id":41,"segment_len_meter":36.554397436240606,"segment_cum_len":27304.87504757283,"stop_segment_distance":16.25591223503382}
{"route_id":"125","stop_id":"17365","stop_lat":33.903195,"stop_lon":-118.237747,"stop_sequence":43,"segment_first_lat":33.9033227563,"segment_first_lon":-118.2377472857,"segment_second_lat":33.9033189702,"segment_second_lon":-118.2361786501,"segment_sequence":430001,"segment_id":22,"segment_len_meter":144.7693021061993,"segment_cum_len":17241.43649194476,"stop_segment_distance":14.833939626721502}
{"route_id":"152","stop_id":"12990","stop_lat":34.221803,"stop_lon":-118.424994,"stop_sequence":37,"segment_first_lat":34.2216747714,"segment_first_lon":-118.4246992275,"segment_second_lat":34.2216753748,"segment_second_lon":-118.424996952,"segment_sequence":360005,"segment_id":18,"segment_len_meter":27.373918680554702,"segment_cum_len":14677.709399766565,"stop_segment_distance":17.444143127441954}
{"route_id":"164","stop_id":"15471","stop_lat":34.186823,"stop_lon":-118.413577,"stop_sequence":32,"segment_first_lat":34.1867033236,"segment_first_lon":-118.4116883933,"segment_second_lat":34.1866968826,"segment_second_lon":-118.4135764464,"segment_sequence":310003,"segment_id":16,"segment_len_meter":173.66775294340232,"segment_cum_len":11563.767639843001,"stop_segment_distance":14.581976120951595}
{"route_id":"164","stop_id":"7161","stop_lat":34.186716,"stop_lon":-118.553844,"stop_sequence":64,"segment_first_lat":34.1865907162,"segment_first_lon":-118.5538433771,"segment_second_lat":34.1865857497,"segment_second_lon":-118.5582114247,"segment_sequence":640001,"segment_id":32,"segment_len_meter":401.78122278761487,"segment_cum_len":24867.697142291134,"stop_segment_distance":14.134060765348636}
{"route_id":"175","stop_id":"6444","stop_lat":34.105296,"stop_lon":-118.282957,"stop_sequence":18,"segment_first_lat":34.1045374606,"segment_first_lon":-118.2830403454,"segment_second_lat":34.1052958687,"segment_second_lon":-118.2830429127,"segment_sequence":170002,"segment_id":9,"segment_len_meter":84.33146431266218,"segment_cum_len":4729.3295490755,"stop_segment_distance":8.272645587800184}
{"route_id":"18","stop_id":"7358","stop_lat":34.063483,"stop_lon":-118.300526,"stop_sequence":5,"segment_first_lat":34.0635767048,"segment_first_lon":-118.3015896516,"segment_second_lat":34.063581828,"segment_second_lon":-118.3005265068,"segment_sequence":40004,"segment_id":2,"segment_len_meter":97.93400224979194,"segment_cum_len":1314.6298788485524,"stop_segment_distance":11.586824396185875}
{"route_id":"18","stop_id":"7371","stop_lat":34.053487,"stop_lon":-118.261082,"stop_sequence":23,"segment_first_lat":34.0536013597,"segment_first_lon":-118.2610153842,"segment_second_lat":34.0535401267,"segment_second_lon":-118.2608676228,"segment_sequence":230001,"segment_id":12,"segment_len_meter":15.22060550449179,"segment_cum_len":5251.9887833557395,"stop_segment_distance":19.513520909662514}
{"route_id":"180","stop_id":"18027","stop_lat":34.138204,"stop_lon":-118.187074,"stop_sequence":58,"segment_first_lat":34.138162513,"segment_first_lon":-118.1873876119,"segment_second_lat":34.1382890362,"segment_second_lon":-118.1871321124,"segment_sequence":570014,"segment_id":29,"segment_len_meter":27.40207461068396,"segment_cum_len":17543.275940569332,"stop_segment_distance":12.690764736957433}
{"route_id":"200","stop_id":"5153","stop_lat":34.031981,"stop_lon":-118.283821,"stop_sequence":12,"segment_first_lat":34.0319804188,"segment_first_lon":-118.2839755351,"segment_second_lat":34.0325739591,"segment_second_lon":-118.2839752389,"segment_sequence":120001,"segment_id":6,"segment_len_meter":65.99867576264005,"segment_cum_len":2930.390711860846,"stop_segment_distance":15.690457891742312}
{"route_id":"205","stop_id":"17461","stop_lat":33.861887,"stop_lon":-118.29042,"stop_sequence":78,"segment_first_lat":33.8609521711,"segment_first_lon":-118.2905547078,"segment_second_lat":33.8618836433,"segment_second_lon":-118.290572428,"segment_sequence":780006,"segment_id":39,"segment_len_meter":103.58790576143174,"segment_cum_len":26817.36034834916,"stop_segment_distance":15.18114174189516}
{"route_id":"205","stop_id":"17496","stop_lat":33.876538,"stop_lon":-118.225205,"stop_sequence":109,"segment_first_lat":33.8764072163,"segment_first_lon":-118.2273200443,"segment_second_lat":33.8764750084,"segment_second_lon":-118.224872508,"segment_sequence":1080003,"segment_id":54,"segment_len_meter":226.0789491789425,"segment_cum_len":40503.60603277824,"stop_segment_distance":1.2040198299806093}
{"route_id":"205","stop_id":"17613","stop_lat":33.900304,"stop_lon":-118.237699,"stop_sequence":118,"segment_first_lat":33.9002952561,"segment_first_lon":-118.2378517273,"segment_second_lat":33.9006749487,"segment_second_lon":-118.2378814742,"segment_sequence":1190001,"segment_id":60,"segment_len_meter":42.30905941425272,"segment_cum_len":45013.880549306814,"stop_segment_distance":16.373246170522464}
{"route_id":"205","stop_id":"5699","stop_lat":33.841903,"stop_lon":-118.28987,"stop_sequence":73,"segment_first_lat":33.8413642704,"segment_first_lon":-118.2899863169,"segment_second_lat":33.8418975373,"segment_second_lon":-118.2900220787,"segment_sequence":730003,"segment_id":37,"segment_len_meter":59.388486547520074,"segment_cum_len":24591.699827858793,"stop_segment_distance":15.52963415517938}
{"route_id":"206","stop_id":"13741","stop_lat":33.935639,"stop_lon":-118.30041,"stop_sequence":66,"segment_first_lat":33.9364060447,"segment_first_lon":-118.3002879088,"segment_second_lat":33.9356393869,"segment_second_lon":-118.3002907653,"segment_sequence":650004,"segment_id":33,"segment_len_meter":85.24886514020841,"segment_cum_len":20032.147628064857,"stop_segment_distance":11.783140621537854}
{"route_id":"206","stop_id":"2079","stop_lat":34.095667,"stop_lon":-118.291093,"stop_sequence":1,"segment_first_lat":34.0955945977,"segment_first_lon":-118.2910932067,"segment_second_lat":34.0955696492,"segment_second_lon":-118.2917530615,"segment_sequence":10001,"segment_id":1,"segment_len_meter":60.82333079586233,"segment_cum_len":60.82333079586233,"stop_segment_distance":8.96294891714436}
{"route_id":"234","stop_id":"20110","stop_lat":34.279444,"stop_lon":-118.443021,"stop_sequence":27,"segment_first_lat":34.2793471595,"segment_first_lon":-118.4429200542,"segment_second_lat":34.2785887543,"segment_second_lon":-118.4439667094,"segment_sequence":270001,"segment_id":14,"segment_len_meter":127.90584062193736,"segment_cum_len":9750.475930072285,"stop_segment_distance":15.124317217736774}
{"route_id":"234","stop_id":"3446","stop_lat":34.308742,"stop_lon":-118.41379,"stop_sequence":2,"segment_first_lat":34.3086924921,"segment_first_lon":-118.4138561612,"segment_second_lat":34.311084108,"segment_second_lon":-118.4164649535,"segment_sequence":20001,"segment_id":1,"segment_len_meter":357.95908179611564,"segment_cum_len":683.2515080612723,"stop_segment_distance":8.271234136705402}
{"route_id":"239","stop_id":"20018","stop_lat":34.264744,"stop_lon":-118.515539,"stop_sequence":35,"segment_first_lat":34.2648758224,"segment_first_lon":-118.5175519357,"segment_second_lat":34.264871768,"segment_second_lon":-118.5155395876,"segment_sequence":340003,"segment_id":17,"segment_len_meter":184.92796986817044,"segment_cum_len":13687.609741988801,"stop_segment_distance":14.840687456406016}
{"route_id":"252","stop_id":"142326","stop_lat":34.04385,"stop_lon":-118.209488,"stop_sequence":7,"segment_first_lat":34.0439094834,"segment_first_lon":-118.2096224324,"segment_second_lat":34.0450376355,"segment_second_lon":-118.2088996968,"segment_sequence":70001,"segment_id":4,"segment_len_meter":142.0234673538389,"segment_cum_len":2513.468644425396,"stop_segment_distance":14.768571295704334}
{"route_id":"252","stop_id":"5567","stop_lat":34.027782,"stop_lon":-118.219312,"stop_sequence":2,"segment_first_lat":34.0262753947,"segment_first_lon":-118.2196381478,"segment_second_lat":34.0277933572,"segment_second_lon":-118.2194635837,"segment_sequence":10003,"segment_id":1,"segment_len_meter":169.55460785993245,"segment_cum_len":360.4372372352668,"stop_segment_distance":14.673233067021442}
{"route_id":"260","stop_id":"10397","stop_lat":34.127662,"stop_lon":-118.150452,"stop_sequence":20,"segment_first_lat":34.1285390524,"segment_first_lon":-118.1503049564,"segment_second_lat":34.1276624904,"segment_second_lon":-118.150297763,"segment_sequence":190004,"segment_id":10,"segment_len_meter":97.47149619476484,"segment_cum_len":6204.967729244931,"stop_segment_distance":15.184003088717546}
{"route_id":"260","stop_id":"13161","stop_lat":34.062186,"stop_lon":-118.134364,"stop_sequence":41,"segment_first_lat":34.0624580402,"segment_first_lon":-118.1342060331,"segment_second_lat":34.0621835162,"segment_second_lon":-118.1342171486,"segment_sequence":400004,"segment_id":20,"segment_len_meter":30.542844092443463,"segment_cum_len":15230.635200246186,"stop_segment_distance":16.55500907228362}
{"route_id":"268","stop_id":"2974","stop_lat":34.173392,"stop_lon":-118.159444,"stop_sequence":79,"segment_first_lat":34.1723172595,"segment_first_lon":-118.1595844127,"segment_second_lat":34.1733916637,"segment_second_lon":-118.1595953914,"segment_sequence":780004,"segment_id":39,"segment_len_meter":119.47256550458698,"segment_cum_len":29529.065183817496,"stop_segment_distance":14.656713590316144}
{"route_id":"33","stop_id":"3161","stop_lat":34.042894,"stop_lon":-118.248198,"stop_sequence":77,"segment_first_lat":34.043137941,"segment_first_lon":-118.2485524016,"segment_second_lat":34.0428949338,"segment_second_lon":-118.2481981503,"segment_sequence":760007,"segment_id":38,"segment_len_meter":42.373517410728375,"segment_cum_len":24615.545815193884,"stop_segment_distance":0.18169407974382779}
{"route_id":"33","stop_id":"6934","stop_lat":34.00973,"stop_lon":-118.422367,"stop_sequence":19,"segment_first_lat":34.0094857273,"segment_first_lon":-118.4230518417,"segment_second_lat":34.0098329569,"segment_second_lon":-118.4224533914,"segment_sequence":180004,"segment_id":9,"segment_len_meter":67.33172889763291,"segment_cum_len":6138.387453779016,"stop_segment_distance":15.334186047825924}
{"route_id":"40","stop_id":"13215","stop_lat":34.034365,"stop_lon":-118.263587,"stop_sequence":16,"segment_first_lat":34.0348637233,"segment_first_lon":-118.2630043098,"segment_second_lat":34.0342925438,"segment_second_lon":-118.2634616268,"segment_sequence":150006,"segment_id":8,"segment_len_meter":76.22092098704364,"segment_cum_len":6308.313441225722,"stop_segment_distance":15.053685880831864}
{"route_id":"460","stop_id":"2637","stop_lat":33.916976,"stop_lon":-118.086327,"stop_sequence":21,"segment_first_lat":33.9171020231,"segment_first_lon":-118.0900083687,"segment_second_lat":33.9171019675,"segment_second_lon":-118.0863267765,"segment_sequence":210003,"segment_id":11,"segment_len_meter":339.7175927262051,"segment_cum_len":35114.69890303055,"stop_segment_distance":14.275500459107377}
{"route_id":"51","stop_id":"231","stop_lat":33.938035,"stop_lon":-118.265311,"stop_sequence":67,"segment_first_lat":33.9380354387,"segment_first_lon":-118.265159755,"segment_second_lat":33.9374116812,"segment_second_lon":-118.2651577808,"segment_sequence":670001,"segment_id":34,"segment_len_meter":69.35890857077398,"segment_cum_len":17523.524849667887,"stop_segment_distance":15.330335148547178}
{"route_id":"51","stop_id":"261","stop_lat":33.958196,"stop_lon":-118.265273,"stop_sequence":56,"segment_first_lat":33.9583339038,"segment_first_lon":-118.265121789,"segment_second_lat":33.958196512,"segment_second_lon":-118.2651213541,"segment_sequence":550005,"segment_id":28,"segment_len_meter":15.27732377877096,"segment_cum_len":15212.321685592302,"stop_segment_distance":19.436729530227236}
{"route_id":"55","stop_id":"9372","stop_lat":34.009138,"stop_lon":-118.250378,"stop_sequence":39,"segment_first_lat":34.0090711171,"segment_first_lon":-118.2506256817,"segment_second_lat":34.0111595561,"segment_second_lon":-118.2494011553,"segment_sequence":390002,"segment_id":20,"segment_len_meter":258.2002502924921,"segment_cum_len":11465.485648321384,"stop_segment_distance":7.959706336184979}
{"route_id":"704","stop_id":"6001","stop_lat":34.019284,"stop_lon":-118.491432,"stop_sequence":3,"segment_first_lat":34.0187335473,"segment_first_lon":-118.4923094727,"segment_second_lat":34.0193750241,"segment_second_lon":-118.4915383988,"segment_sequence":20006,"segment_id":1,"segment_len_meter":100.68813989345254,"segment_cum_len":1425.8511379851334,"stop_segment_distance":14.827227386281507}
{"route_id":"734","stop_id":"6042","stop_lat":34.047254,"stop_lon":-118.444179,"stop_sequence":28,"segment_first_lat":34.0473443703,"segment_first_lon":-118.4440281301,"segment_second_lat":34.0459287667,"segment_second_lon":-118.4428015327,"segment_sequence":280001,"segment_id":14,"segment_len_meter":193.77526838890927,"segment_cum_len":37567.6279237957,"stop_segment_distance":17.853850794099202}
{"route_id":"78","stop_id":"2566","stop_lat":34.088484,"stop_lon":-118.172199,"stop_sequence":34,"segment_first_lat":34.0883350131,"segment_first_lon":-118.1728728166,"segment_second_lat":34.088596926,"segment_second_lon":-118.1722669774,"segment_sequence":330003,"segment_id":17,"segment_len_meter":62.93487171278693,"segment_cum_len":12105.31372595303,"stop_segment_distance":15.320158312919588}
{"route_id":"780","stop_id":"142408","stop_lat":34.146011,"stop_lon":-118.234422,"stop_sequence":22,"segment_first_lat":34.1461663535,"segment_first_lon":-118.2344225498,"segment_second_lat":34.1461666871,"segment_second_lon":-118.2333979989,"segment_sequence":220001,"segment_id":11,"segment_len_meter":94.28517183795202,"segment_cum_len":23695.3097489474,"stop_segment_distance":18.801021291323735}
{"route_id":"81","stop_id":"11993","stop_lat":34.111605,"stop_lon":-118.189013,"stop_sequence":24,"segment_first_lat":34.1117318343,"segment_first_lon":-118.1884417001,"segment_second_lat":34.1114892595,"segment_second_lon":-118.1889297606,"segment_sequence":230012,"segment_id":12,"segment_len_meter":52.406879508422435,"segment_cum_len":7173.238440376467,"stop_segment_distance":17.02554193712831}
{"route_id":"81","stop_id":"13441","stop_lat":34.000831,"stop_lon":-118.282841,"stop_sequence":72,"segment_first_lat":34.0010534534,"segment_first_lon":-118.2826904752,"segment_second_lat":34.0008308782,"segment_second_lon":-118.2826897236,"segment_sequence":710007,"segment_id":36,"segment_len_meter":24.749330018428513,"segment_cum_len":23587.92196364098,"stop_segment_distance":17.55779744378093}
{"route_id":"90","stop_id":"7512","stop_lat":34.08584,"stop_lon":-118.224854,"stop_sequence":81,"segment_first_lat":34.0859354121,"segment_first_lon":-118.224735886,"segment_second_lat":34.0852915896,"segment_second_lon":-118.2239940433,"segment_sequence":810001,"segment_id":41,"segment_len_meter":98.95652142405339,"segment_cum_len":27140.619194512292,"stop_segment_distance":16.190286597683283}
{"route_id":"90","stop_id":"955","stop_lat":34.049565,"stop_lon":-118.251193,"stop_sequence":89,"segment_first_lat":34.0495049904,"segment_first_lon":-118.2510934244,"segment_second_lat":34.0487616958,"segment_second_lon":-118.2517514257,"segment_sequence":890001,"segment_id":45,"segment_len_meter":102.49984613187917,"segment_cum_len":32207.45290219051,"stop_segment_distance":11.924839673272984}
{"route_id":"910","stop_id":"12416","stop_lat":34.054253,"stop_lon":-118.243359,"stop_sequence":6,"segment_first_lat":34.0542008839,"segment_first_lon":-118.2432776488,"segment_second_lat":34.0529562218,"segment_second_lon":-118.2444417082,"segment_sequence":60001,"segment_id":3,"segment_len_meter":175.08621858660632,"segment_cum_len":19455.06139064654,"stop_segment_distance":9.720139739370353}
{"route_id":"92","stop_id":"459","stop_lat":34.131082,"stop_lon":-118.254752,"stop_sequence":41,"segment_first_lat":34.1298256155,"segment_first_lon":-118.2548934984,"segment_second_lat":34.1310813747,"segment_second_lon":-118.2549032756,"segment_sequence":400002,"segment_id":20,"segment_len_meter":139.63695203575398,"segment_cum_len":12256.67831743664,"stop_segment_distance":14.596322190538615}
{"route_id":"94","stop_id":"15599","stop_lat":34.037888,"stop_lon":-118.262083,"stop_sequence":96,"segment_first_lat":34.0385242274,"segment_first_lon":-118.2613271476,"segment_second_lat":34.0378273026,"segment_second_lon":-118.2619913884,"segment_sequence":950001,"segment_id":48,"segment_len_meter":98.74964902944282,"segment_cum_len":40499.375517248794,"stop_segment_distance":11.33338224632081}
{"route_id":"94","stop_id":"2098","stop_lat":34.098503,"stop_lon":-118.234167,"stop_sequence":79,"segment_first_lat":34.0991566048,"segment_first_lon":-118.2345252839,"segment_second_lat":34.0985777507,"segment_second_lon":-118.2340367798,"segment_sequence":780003,"segment_id":39,"segment_len_meter":78.52483786889351,"segment_cum_len":32129.051904965072,"stop_segment_distance":15.87927309777335}
{"route_id":"94","stop_id":"7512","stop_lat":34.08584,"stop_lon":-118.224854,"stop_sequence":81,"segment_first_lat":34.0859354121,"segment_first_lon":-118.224735886,"segment_second_lat":34.0852915896,"segment_second_lon":-118.2239940433,"segment_sequence":810001,"segment_id":41,"segment_len_meter":98.95652142405339,"segment_cum_len":33893.44418202837,"stop_segment_distance":16.190286597683283}
{"route_id":"96","stop_id":"18092","stop_lat":34.091908,"stop_lon":-118.239832,"stop_sequence":34,"segment_first_lat":34.0924764458,"segment_first_lon":-118.2401610877,"segment_second_lat":34.0919637207,"segment_second_lon":-118.2397318944,"segment_sequence":330010,"segment_id":17,"segment_len_meter":69.37155094775684,"segment_cum_len":16261.020408301583,"stop_segment_distance":11.832569586541055}
