{"route_id":"105","stop_id":"2742","stop_lat":34.016565,"stop_lon":-118.34425,"stop_sequence":36,"segment_first_lat":34.0164613606,"segment_first_lon":-118.3443402716,"segment_second_lat":34.0174775746,"segment_second_lon":-118.3459561406,"segment_sequence":360001,"segment_id":18,"segment_len_meter":186.94460428450424,"segment_cum_len":12509.708207715648,"stop_segment_distance":14.416238736418933}
{"route_id":"106","stop_id":"9701","stop_lat":34.037006,"stop_lon":-118.175942,"stop_sequence":10,"segment_first_lat":34.036934497,"segment_first_lon":-118.175941893,"segment_second_lat":34.036933977,"segment_second_lon":-118.1762983662,"segment_sequence":100001,"segment_id":5,"segment_len_meter":32.84715647307792,"segment_cum_len":3280.6996126740146,"stop_segment_distance":8.903344911262423}
{"route_id":"108","stop_id":"6275","stop_lat":33.989094,"stop_lon":-118.225465,"stop_sequence":54,"segment_first_lat":33.9892227059,"segment_first_lon":-118.2258845629,"segment_second_lat":33.9892218407,"segment_second_lon":-118.2254656117,"segment_sequence":530008,"segment_id":27,"segment_len_meter":38.62594021507127,"segment_cum_len":18580.54841744,"stop_segment_distance":16.834209382940777}
{"route_id":"120","stop_id":"140800","stop_lat":33.931105,"stop_lon":-118.313237,"stop_sequence":92,"segment_first_lat":33.9309813685,"segment_first_lon":-118.3112887477,"segment_second_lat":33.9309787965,"segment_second_lon":-118.3132369843,"segment_sequence":910003,"segment_id":46,"segment_len_meter":179.7437725812494,"segment_cum_len":39499.40823363526,"stop_segment_distance":14.5592148032284}
{"route_id":"127","stop_id":"1890","stop_lat":33.937081,"stop_lon":-118.127428,"stop_sequence":4,"segment_first_lat":33.9371929895,"segment_first_lon":-118.1273521913,"segment_second_lat":33.9366808405,"segment_second_lon":-118.1262605229,"segment_sequence":40001,"segment_id":2,"segment_len_meter":115.6961170876832,"segment_cum_len":1168.1110580287962,"stop_segment_distance":15.118896032865024}
{"route_id":"127","stop_id":"8979","stop_lat":33.893142,"stop_lon":-118.12543,"stop_sequence":14,"segment_first_lat":33.8936260035,"segment_first_lon":-118.1252862395,"segment_second_lat":33.8931423914,"segment_second_lon":-118.1252802446,"segment_sequence":130003,"segment_id":7,"segment_len_meter":53.77805871686187,"segment_cum_len":6172.667997463775,"stop_segment_distance":15.474891885399977}
{"route_id":"158","stop_id":"9166","stop_lat":34.256962,"stop_lon":-118.597419,"stop_sequence":74,"segment_first_lat":34.2572376546,"segment_first_lon":-118.5972986305,"segment_second_lat":34.2569628495,"segment_second_lon":-118.597301297,"segment_sequence":730003,"segment_id":37,"segment_len_meter":30.557915618116795,"segment_cum_len":29520.26008316339,"stop_segment_distance":12.846606503606445}
{"route_id":"167","stop_id":"489","stop_lat":34.179137,"stop_lon":-118.422572,"stop_sequence":80,"segment_first_lat":34.1791369703,"segment_first_lon":-118.4224538772,"segment_second_lat":34.1785214446,"segment_second_lon":-118.4224530789,"segment_sequence":800001,"segment_id":40,"segment_len_meter":68.44337445544048,"segment_cum_len":32158.732664344647,"stop_segment_distance":11.738074549640857}
{"route_id":"169","stop_id":"6120","stop_lat":34.208347,"stop_lon":-118.483339,"stop_sequence":82,"segment_first_lat":34.2084469992,"segment_first_lon":-118.4833400034,"segment_second_lat":34.208452355,"segment_second_lon":-118.4824800843,"segment_sequence":820001,"segment_id":41,"segment_len_meter":79.07863624642442,"segment_cum_len":34117.56988100991,"stop_segment_distance":11.889374834782956}
{"route_id":"18","stop_id":"1216","stop_lat":34.041238,"stop_lon":-118.243777,"stop_sequence":31,"segment_first_lat":34.0416984335,"segment_first_lon":-118.2443296001,"segment_second_lat":34.0413171854,"segment_second_lon":-118.2437085843,"segment_sequence":300002,"segment_id":15,"segment_len_meter":71.21310722995888,"segment_cum_len":7376.93866305645,"stop_segment_distance":11.821844375438886}
{"route_id":"205","stop_id":"17476","stop_lat":33.849444,"stop_lon":-118.233985,"stop_sequence":98,"segment_first_lat":33.8494346721,"segment_first_lon":-118.2341378632,"segment_second_lat":33.8506633093,"segment_second_lon":-118.2342354835,"segment_sequence":990001,"segment_id":50,"segment_len_meter":136.9153331548459,"segment_cum_len":36615.89658491476,"stop_segment_distance":14.77938748745305}
{"route_id":"205","stop_id":"7095","stop_lat":33.86705,"stop_lon":-118.290405,"stop_sequence":79,"segment_first_lat":33.8663599553,"segment_first_lon":-118.2905339188,"segment_second_lat":33.8670468618,"segment_second_lon":-118.2905554041,"segment_sequence":790006,"segment_id":40,"segment_len_meter":76.40627367640938,"segment_cum_len":27391.53400350471,"stop_segment_distance":15.131970083366753}
{"route_id":"210","stop_id":"16774","stop_lat":34.061834,"stop_lon":-118.309405,"stop_sequence":21,"segment_first_lat":34.0617076177,"segment_first_lon":-118.3094045829,"segment_second_lat":34.0617052373,"segment_second_lon":-118.310332345,"segment_sequence":210001,"segment_id":11,"segment_len_meter":85.46376949201762,"segment_cum_len":6854.6320633955065,"stop_segment_distance":15.205791147414473}
{"route_id":"212","stop_id":"13654","stop_lat":34.048051,"stop_lon":-118.344749,"stop_sequence":29,"segment_first_lat":34.0483844349,"segment_first_lon":-118.3444630672,"segment_second_lat":34.0480119728,"segment_second_lon":-118.3446031527,"segment_sequence":280007,"segment_id":14,"segment_len_meter":43.38031876912484,"segment_cum_len":8137.004349703052,"stop_segment_distance":16.22264182088891}
{"route_id":"224","stop_id":"2807","stop_lat":34.219238,"stop_lon":-118.387625,"stop_sequence":28,"segment_first_lat":34.2157368026,"segment_first_lon":-118.3878005374,"segment_second_lat":34.2192376861,"segment_second_lon":-118.3877787558,"segment_sequence":270002,"segment_id":14,"segment_len_meter":389.2856358976193,"segment_cum_len":9779.339780214454,"stop_segment_distance":14.501483727701668}
{"route_id":"224","stop_id":"2808","stop_lat":34.145406,"stop_lon":-118.362637,"stop_sequence":3,"segment_first_lat":34.1453464773,"segment_first_lon":-118.3627740829,"segment_second_lat":34.1459235884,"segment_second_lon":-118.3631219615,"segment_sequence":30001,"segment_id":2,"segment_len_meter":71.71416218841921,"segment_cum_len":1090.5976183239904,"stop_segment_distance":15.361488420834945}
{"route_id":"230","stop_id":"4553","stop_lat":34.221377,"stop_lon":-118.396656,"stop_sequence":28,"segment_first_lat":34.2213774945,"segment_first_lon":-118.3965046098,"segment_second_lat":34.2207289944,"segment_second_lon":-118.3965038459,"segment_sequence":280001,"segment_id":14,"segment_len_meter":72.10995525389183,"segment_cum_len":10879.676834617736,"stop_segment_distance":15.209992094184031}
{"route_id":"232","stop_id":"23200065","stop_lat":33.782735,"stop_lon":-118.192218,"stop_sequence":10,"segment_first_lat":33.7826092331,"segment_first_lon":-118.191724011,"segment_second_lat":33.782608446,"segment_second_lon":-118.1922176123,"segment_sequence":90005,"segment_id":5,"segment_len_meter":45.61873020170663,"segment_cum_len":2580.092507708493,"stop_segment_distance":16.201760068477107}
{"route_id":"232","stop_id":"23200102","stop_lat":33.841918,"stop_lon":-118.385638,"stop_sequence":62,"segment_first_lat":33.8415024929,"segment_first_lon":-118.385704747,"segment_second_lat":33.8418982191,"segment_second_lon":-118.3857786842,"segment_sequence":610006,"segment_id":31,"segment_len_meter":44.52943817831099,"segment_cum_len":25173.743060001787,"stop_segment_distance":15.260164018298383}
{"route_id":"234","stop_id":"140737","stop_lat":34.316939,"stop_lon":-118.4263,"stop_sequence":6,"segment_first_lat":34.3179041829,"segment_first_lon":-118.4250637378,"segment_second_lat":34.316869133,"segment_second_lon":-118.4262139466,"segment_sequence":50001,"segment_id":3,"segment_len_meter":156.22024530612728,"segment_cum_len":1966.4426650467556,"stop_segment_distance":11.095568423102435}
{"route_id":"234","stop_id":"20117","stop_lat":34.261057,"stop_lon":-118.467497,"stop_sequence":36,"segment_first_lat":34.262653714,"segment_first_lon":-118.4673274572,"segment_second_lat":34.261054365,"segment_second_lon":-118.467345971,"segment_sequence":350003,"segment_id":18,"segment_len_meter":177.8476333507557,"segment_cum_len":13162.568787846554,"stop_segment_distance":14.263952099347165}
{"route_id":"243","stop_id":"20328","stop_lat":34.274541,"stop_lon":-118.561743,"stop_sequence":2,"segment_first_lat":34.2746119981,"segment_first_lon":-118.5617430055,"segment_second_lat":34.2746416766,"segment_second_lon":-118.5602006814,"segment_sequence":20001,"segment_id":1,"segment_len_meter":141.7559165025305,"segment_cum_len":673.0305309999449,"stop_segment_distance":8.29723217830093}
{"route_id":"246","stop_id":"3379","stop_lat":33.7798,"stop_lon":-118.262274,"stop_sequence":37,"segment_first_lat":33.7785329818,"segment_first_lon":-118.2623261926,"segment_second_lat":33.7797915366,"segment_second_lon":-118.2624242366,"segment_sequence":360003,"segment_id":18,"segment_len_meter":140.2379761171641,"segment_cum_len":10821.5302101464,"stop_segment_distance":14.647759604792498}
{"route_id":"251","stop_id":"142325","stop_lat":34.043557,"stop_lon":-118.210018,"stop_sequence":16,"segment_first_lat":34.0434976681,"segment_first_lon":-118.2098871272,"segment_second_lat":34.0423609751,"segment_second_lon":-118.2106193873,"segment_sequence":160001,"segment_id":8,"segment_len_meter":143.27472667004236,"segment_cum_len":6217.124294736306,"stop_segment_distance":14.543951332155928}
{"route_id":"251","stop_id":"14711","stop_lat":33.960875,"stop_lon":-118.2114,"stop_sequence":46,"segment_first_lat":33.9635024735,"segment_first_lon":-118.2108761761,"segment_second_lat":33.9608597071,"segment_second_lon":-118.2112804149,"segment_sequence":450002,"segment_id":23,"segment_len_meter":296.21764493785963,"segment_cum_len":17311.073750430936,"stop_segment_distance":11.070597292539958}
{"route_id":"251","stop_id":"9152","stop_lat":33.938949,"stop_lon":-118.208286,"stop_sequence":54,"segment_first_lat":33.9389395432,"segment_first_lon":-118.2081343573,"segment_second_lat":33.9364514456,"segment_second_lon":-118.2084080687,"segment_sequence":540001,"segment_id":27,"segment_len_meter":277.8137206977892,"segment_cum_len":20542.176218784018,"stop_segment_distance":14.158531936708187}
{"route_id":"258","stop_id":"13500","stop_lat":34.083634,"stop_lon":-118.152067,"stop_sequence":23,"segment_first_lat":34.0836341078,"segment_first_lon":-118.1519118479,"segment_second_lat":34.0794903734,"segment_second_lon":-118.151872619,"segment_sequence":230001,"segment_id":12,"segment_len_meter":460.7764065083379,"segment_cum_len":7588.269338427921,"stop_segment_distance":14.610059341771375}
{"route_id":"267","stop_id":"6529","stop_lat":34.09818,"stop_lon":-118.058953,"stop_sequence":12,"segment_first_lat":34.0981590449,"segment_first_lon":-118.0591002725,"segment_second_lat":34.0987734023,"segment_second_lon":-118.0592338226,"segment_sequence":120001,"segment_id":6,"segment_len_meter":69.4113844689627,"segment_cum_len":4789.783173346072,"stop_segment_distance":15.216887339399833}
{"route_id":"35","stop_id":"7744","stop_lat":34.025436,"stop_lon":-118.315732,"stop_sequence":22,"segment_first_lat":34.0255736642,"segment_first_lon":-118.3176503357,"segment_second_lat":34.0255635811,"segment_second_lon":-118.3157328517,"segment_sequence":210002,"segment_id":11,"segment_len_meter":176.71315840936344,"segment_cum_len":6884.681239186057,"stop_segment_distance":14.923134676279147}
{"route_id":"51","stop_id":"9763","stop_lat":34.040707,"stop_lon":-118.247004,"stop_sequence":23,"segment_first_lat":34.0406987778,"segment_first_lon":-118.2467527995,"segment_second_lat":34.0394953838,"segment_second_lon":-118.2480101542,"segment_sequence":230002,"segment_id":12,"segment_len_meter":176.9962289275497,"segment_cum_len":5725.9839992823645,"stop_segment_distance":9.709032373748613}
{"route_id":"53","stop_id":"283","stop_lat":33.930867,"stop_lon":-118.265002,"stop_sequence":21,"segment_first_lat":33.9310586557,"segment_first_lon":-118.2651574546,"segment_second_lat":33.931051839,"segment_second_lon":-118.2632520427,"segment_sequence":210002,"segment_id":11,"segment_len_meter":175.7940339993056,"segment_cum_len":9091.076155114082,"stop_segment_distance":12.647161822547389}
{"route_id":"534","stop_id":"9285","stop_lat":34.036662,"stop_lon":-118.688218,"stop_sequence":22,"segment_first_lat":34.0366600813,"segment_first_lon":-118.6875969739,"segment_second_lat":34.0365271077,"segment_second_lon":-118.688171201,"segment_sequence":210017,"segment_id":11,"segment_len_meter":54.93927761371769,"segment_cum_len":21098.58354593366,"stop_segment_distance":17.892473801087206}
{"route_id":"685","stop_id":"10301","stop_lat":34.120037,"stop_lon":-118.229261,"stop_sequence":20,"segment_first_lat":34.1200677189,"segment_first_lon":-118.2289011122,"segment_second_lat":34.1199278626,"segment_second_lon":-118.2291855314,"segment_sequence":190015,"segment_id":10,"segment_len_meter":30.45228395669003,"segment_cum_len":6181.7790115888665,"stop_segment_distance":16.835930801726867}
{"route_id":"704","stop_id":"3708","stop_lat":34.056702,"stop_lon":-118.230819,"stop_sequence":35,"segment_first_lat":34.056822526,"segment_first_lon":-118.2311576275,"segment_second_lat":34.0567638487,"segment_second_lon":-118.2308038775,"segment_sequence":340030,"segment_id":17,"segment_len_meter":33.235280143379505,"segment_cum_len":31423.897670314218,"stop_segment_distance":7.734057965185336}
{"route_id":"71","stop_id":"5388","stop_lat":34.038081,"stop_lon":-118.263255,"stop_sequence":5,"segment_first_lat":34.0381068468,"segment_first_lon":-118.2633412762,"segment_second_lat":34.0383117703,"segment_second_lon":-118.2632461994,"segment_sequence":50001,"segment_id":3,"segment_len_meter":24.41254047227294,"segment_cum_len":923.5301844930085,"stop_segment_distance":9.714105790009679}
{"route_id":"794","stop_id":"5128","stop_lat":34.034897,"stop_lon":-118.264236,"stop_sequence":2,"segment_first_lat":34.0349542367,"segment_first_lon":-118.2643387034,"segment_second_lat":34.0354056797,"segment_second_lon":-118.2639763995,"segment_sequence":20001,"segment_id":1,"segment_len_meter":60.28614178323909,"segment_cum_len":322.77347734639807,"stop_segment_distance":12.53165695471752}
{"route_id":"81","stop_id":"12011","stop_lat":34.11075,"stop_lon":-118.190732,"stop_sequence":25,"segment_first_lat":34.1110702536,"segment_first_lon":-118.1897781733,"segment_second_lat":34.1106410289,"segment_second_lon":-118.1906556259,"segment_sequence":240003,"segment_id":12,"segment_len_meter":93.82784817530474,"segment_cum_len":7358.014831368757,"stop_segment_distance":14.940648359179278}
{"route_id":"83","stop_id":"11911","stop_lat":34.071792,"stop_lon":-118.222393,"stop_sequence":37,"segment_first_lat":34.0721315609,"segment_first_lon":-118.2212709094,"segment_second_lat":34.0716767818,"segment_second_lon":-118.2223220735,"segment_sequence":360003,"segment_id":18,"segment_len_meter":109.23002505423675,"segment_cum_len":10608.595339628424,"stop_segment_distance":15.184058399786906}
{"route_id":"90","stop_id":"2772","stop_lat":34.221687,"stop_lon":-118.240093,"stop_sequence":32,"segment_first_lat":34.2223800337,"segment_first_lon":-118.2399359788,"segment_second_lat":34.2216875584,"segment_second_lon":-118.2399409357,"segment_sequence":310004,"segment_id":16,"segment_len_meter":77.00108894990127,"segment_cum_len":9433.234389627954,"stop_segment_distance":15.382881679282676}
{"route_id":"90","stop_id":"5133","stop_lat":34.053811,"stop_lon":-118.247234,"stop_sequence":87,"segment_first_lat":34.0543477817,"segment_first_lon":-118.246585068,"segment_second_lat":34.0537498097,"segment_second_lon":-118.2471402444,"segment_sequence":860005,"segment_id":43,"segment_len_meter":83.88712293108499,"segment_cum_len":31508.734107343716,"stop_segment_distance":11.587029953842475}
{"route_id":"92","stop_id":"384","stop_lat":34.069497,"stop_lon":-118.258494,"stop_sequence":15,"segment_first_lat":34.0694338842,"segment_first_lon":-118.2585338226,"segment_second_lat":34.0696547802,"segment_second_lon":-118.2590621626,"segment_sequence":150001,"segment_id":8,"segment_len_meter":54.512370526909784,"segment_cum_len":4643.937714003462,"stop_segment_distance":8.602069032665213}
