{"route_id":"10","stop_id":"15778","stop_lat":34.043736,"stop_lon":-118.254466,"stop_sequence":6,"segment_first_lat":34.0433819138,"segment_first_lon":-118.2541152229,"segment_second_lat":34.04365993,"segment_second_lon":-118.2545389201,"segment_sequence":50007,"segment_id":3,"segment_len_meter":49.79630577476903,"segment_cum_len":1942.4927534398169,"stop_segment_distance":11.94476450450643}
{"route_id":"110","stop_id":"2111","stop_lat":33.9772,"stop_lon":-118.180457,"stop_sequence":75,"segment_first_lat":33.9773273785,"segment_first_lon":-118.1804323518,"segment_second_lat":33.9773024207,"segment_second_lon":-118.1802165868,"segment_sequence":750001,"segment_id":38,"segment_len_meter":20.0881766643066,"segment_cum_len":25398.614915646598,"stop_segment_distance":19.179504198292378}
{"route_id":"110","stop_id":"7335","stop_lat":33.983297,"stop_lon":-118.315983,"stop_sequence":29,"segment_first_lat":33.9833660087,"segment_first_lon":-118.3167645301,"segment_second_lat":33.9833680585,"segment_second_lon":-118.3159827725,"segment_sequence":280002,"segment_id":14,"segment_len_meter":72.08061475733496,"segment_cum_len":11008.541455018,"stop_segment_distance":8.287476047343262}
{"route_id":"120","stop_id":"36520","stop_lat":33.93132,"stop_lon":-118.189186,"stop_sequence":58,"segment_first_lat":33.9310207634,"segment_first_lon":-118.1872045494,"segment_second_lat":33.9311929558,"segment_second_lon":-118.1892036162,"segment_sequence":570002,"segment_id":29,"segment_len_meter":185.42405143338763,"segment_cum_len":25140.28645782478,"stop_segment_distance":14.606714895188134}
{"route_id":"158","stop_id":"9564","stop_lat":34.257731,"stop_lon":-118.515754,"stop_sequence":55,"segment_first_lat":34.2576075801,"segment_first_lon":-118.5157561631,"segment_second_lat":34.2576176515,"segment_second_lon":-118.5164876147,"segment_sequence":550001,"segment_id":28,"segment_len_meter":67.23285353370241,"segment_cum_len":22058.793133648862,"stop_segment_distance":15.082473438061953}
{"route_id":"165","stop_id":"1816","stop_lat":34.191735,"stop_lon":-118.335954,"stop_sequence":75,"segment_first_lat":34.1918479398,"segment_first_lon":-118.3369133108,"segment_second_lat":34.191834129,"segment_second_lon":-118.3359509697,"segment_sequence":740003,"segment_id":37,"segment_len_meter":88.52566679206159,"segment_cum_len":28872.442684777026,"stop_segment_distance":11.623415882611454}
{"route_id":"169","stop_id":"6866","stop_lat":34.193378,"stop_lon":-118.646181,"stop_sequence":34,"segment_first_lat":34.1935040772,"segment_first_lon":-118.6461614713,"segment_second_lat":34.1933219726,"segment_second_lon":-118.6442397276,"segment_sequence":340001,"segment_id":17,"segment_len_meter":177.90724129903458,"segment_cum_len":14545.980224759393,"stop_segment_distance":14.882550596015307}
{"route_id":"175","stop_id":"6443","stop_lat":34.099864,"stop_lon":-118.282949,"stop_sequence":15,"segment_first_lat":34.0991406498,"segment_first_lon":-118.2830319874,"segment_second_lat":34.0998633357,"segment_second_lon":-118.2830344335,"segment_sequence":140003,"segment_id":7,"segment_len_meter":80.35932127044127,"segment_cum_len":4125.2582483232245,"stop_segment_distance":8.30244037737205}
{"route_id":"176","stop_id":"12779","stop_lat":34.115575,"stop_lon":-118.166546,"stop_sequence":86,"segment_first_lat":34.1155020957,"segment_first_lon":-118.1664201965,"segment_second_lat":34.1154022204,"segment_second_lon":-118.166512834,"segment_sequence":860001,"segment_id":43,"segment_len_meter":14.00229127967297,"segment_cum_len":31304.857246136984,"stop_segment_distance":19.58767419025879}
{"route_id":"18","stop_id":"5138","stop_lat":34.047387,"stop_lon":-118.253315,"stop_sequence":25,"segment_first_lat":34.0480697058,"segment_first_lon":-118.2541492671,"segment_second_lat":34.0474698197,"segment_second_lon":-118.2532462421,"segment_sequence":240005,"segment_id":12,"segment_len_meter":106.6368666727028,"segment_cum_len":6262.707859232496,"stop_segment_distance":12.572415504285232}
{"route_id":"180","stop_id":"1287","stop_lat":34.146017,"stop_lon":-118.232429,"stop_sequence":44,"segment_first_lat":34.1461666871,"segment_first_lon":-118.2333979989,"segment_second_lat":34.1461663544,"segment_second_lon":-118.2324296312,"segment_sequence":430002,"segment_id":22,"segment_len_meter":89.11486564242139,"segment_cum_len":13031.467843079774,"stop_segment_distance":18.205783059108526}
{"route_id":"2","stop_id":"2000","stop_lat":34.060624,"stop_lon":-118.244081,"stop_sequence":77,"segment_first_lat":34.0606157163,"segment_first_lon":-118.2438565893,"segment_second_lat":34.0602686995,"segment_second_lon":-118.2442451682,"segment_sequence":770002,"segment_id":39,"segment_len_meter":52.63306845016048,"segment_cum_len":24081.92094052796,"stop_segment_distance":10.363078929549758}
{"route_id":"205","stop_id":"17446","stop_lat":33.818826,"stop_lon":-118.290116,"stop_sequence":67,"segment_first_lat":33.8174190696,"segment_first_lon":-118.2902689724,"segment_second_lat":33.8188259551,"segment_second_lon":-118.2902679141,"segment_sequence":670002,"segment_id":34,"segment_len_meter":156.43856052047386,"segment_cum_len":22024.470229487386,"stop_segment_distance":14.675910353561932}
{"route_id":"209","stop_id":"4912","stop_lat":33.929076,"stop_lon":-118.326343,"stop_sequence":9,"segment_first_lat":33.9290753606,"segment_first_lon":-118.3264961048,"segment_second_lat":33.9309768939,"segment_second_lon":-118.3264890099,"segment_sequence":90001,"segment_id":5,"segment_len_meter":211.44186902986687,"segment_cum_len":3368.0882982108064,"stop_segment_distance":14.482601573463512}
{"route_id":"212","stop_id":"12137","stop_lat":34.090944,"stop_lon":-118.344189,"stop_sequence":12,"segment_first_lat":34.0925356867,"segment_first_lon":-118.3440834385,"segment_second_lat":34.0909446736,"segment_second_lon":-118.3440798648,"segment_sequence":110004,"segment_id":6,"segment_len_meter":176.9128910190069,"segment_cum_len":3246.6219712143443,"stop_segment_distance":10.391434789007917}
{"route_id":"217","stop_id":"10409","stop_lat":34.086959,"stop_lon":-118.361594,"stop_sequence":18,"segment_first_lat":34.0869590121,"segment_first_lon":-118.361441826,"segment_second_lat":34.0855631138,"segment_second_lon":-118.3614331511,"segment_sequence":180001,"segment_id":9,"segment_len_meter":155.21886492594516,"segment_cum_len":5316.1571695713865,"stop_segment_distance":14.71556079209617}
{"route_id":"236","stop_id":"123614","stop_lat":34.319231,"stop_lon":-118.486731,"stop_sequence":42,"segment_first_lat":34.3193337642,"segment_first_lon":-118.4867318575,"segment_second_lat":34.3193332564,"segment_second_lon":-118.48651625,"segment_sequence":420001,"segment_id":21,"segment_len_meter":19.800781216951357,"segment_cum_len":19394.118222620793,"stop_segment_distance":14.39126927244969}
{"route_id":"237","stop_id":"15542","stop_lat":34.145138,"stop_lon":-118.370128,"stop_sequence":22,"segment_first_lat":34.1451379625,"segment_first_lon":-118.370280436,"segment_second_lat":34.1463442689,"segment_second_lon":-118.3702857808,"segment_sequence":220001,"segment_id":11,"segment_len_meter":134.13605346439525,"segment_cum_len":8443.533523942355,"stop_segment_distance":14.806773544418434}
{"route_id":"237","stop_id":"688","stop_lat":34.168781,"stop_lon":-118.396274,"stop_sequence":35,"segment_first_lat":34.1686821949,"segment_first_lon":-118.3953510258,"segment_second_lat":34.1686813743,"segment_second_lon":-118.3962733717,"segment_sequence":340004,"segment_id":17,"segment_len_meter":84.85708323737546,"segment_cum_len":13204.197736765585,"stop_segment_distance":11.843526086593727}
{"route_id":"256","stop_id":"10297","stop_lat":34.098133,"stop_lon":-118.17945,"stop_sequence":48,"segment_first_lat":34.0981662026,"segment_first_lon":-118.1795614494,"segment_second_lat":34.0994794056,"segment_second_lon":-118.1790086784,"segment_sequence":480001,"segment_id":24,"segment_len_meter":154.63783066063732,"segment_cum_len":13812.867522448289,"stop_segment_distance":11.398371819414649}
{"route_id":"260","stop_id":"13401","stop_lat":34.138156,"stop_lon":-118.15054,"stop_sequence":16,"segment_first_lat":34.1381565009,"segment_first_lon":-118.1503870235,"segment_second_lat":34.1373843572,"segment_second_lon":-118.1503803467,"segment_sequence":160001,"segment_id":8,"segment_len_meter":85.86066107498466,"segment_cum_len":5123.9183849919955,"stop_segment_distance":15.2703933641816}
{"route_id":"268","stop_id":"16491","stop_lat":34.183127,"stop_lon":-118.159956,"stop_sequence":83,"segment_first_lat":34.1830607818,"segment_first_lon":-118.1600876802,"segment_second_lat":34.1829915953,"segment_second_lon":-118.1598346035,"segment_sequence":920005,"segment_id":46,"segment_len_meter":24.517688636302747,"segment_cum_len":36927.86294537797,"stop_segment_distance":8.402747780757988}
{"route_id":"35","stop_id":"7758","stop_lat":34.025416,"stop_lon":-118.350916,"stop_sequence":10,"segment_first_lat":34.0255388215,"segment_first_lon":-118.3520091252,"segment_second_lat":34.0255420018,"segment_second_lon":-118.3509167546,"segment_sequence":90004,"segment_id":5,"segment_len_meter":100.67026825899615,"segment_cum_len":3642.207600978708,"stop_segment_distance":15.001455969577776}
{"route_id":"487","stop_id":"16241","stop_lat":34.161857,"stop_lon":-118.037769,"stop_sequence":64,"segment_first_lat":34.1619555125,"segment_first_lon":-118.0377689308,"segment_second_lat":34.161955792,"segment_second_lon":-118.0368631906,"segment_sequence":640001,"segment_id":32,"segment_len_meter":83.33593341178947,"segment_cum_len":34152.93379604865,"stop_segment_distance":11.681349872033849}
{"route_id":"53","stop_id":"140786","stop_lat":33.937595,"stop_lon":-118.254009,"stop_sequence":27,"segment_first_lat":33.936789607,"segment_first_lon":-118.2541644522,"segment_second_lat":33.9375947382,"segment_second_lon":-118.2541589825,"segment_sequence":260004,"segment_id":13,"segment_len_meter":89.52792673001359,"segment_cum_len":10882.224479206718,"stop_segment_distance":15.004938114789553}
{"route_id":"53","stop_id":"1703","stop_lat":33.867123,"stop_lon":-118.257175,"stop_sequence":1,"segment_first_lat":33.8672496709,"segment_first_lon":-118.2571788337,"segment_second_lat":33.8673024917,"segment_second_lon":-118.2553406053,"segment_sequence":10001,"segment_id":1,"segment_len_meter":169.82258135219007,"segment_cum_len":169.82258135219007,"stop_segment_distance":14.806100406855421}
{"route_id":"62","stop_id":"25","stop_lat":33.823987,"stop_lon":-118.072255,"stop_sequence":81,"segment_first_lat":33.8240559558,"segment_first_lon":-118.0726403818,"segment_second_lat":33.8240586606,"segment_second_lon":-118.072255184,"segment_sequence":800008,"segment_id":40,"segment_len_meter":35.584024288585375,"segment_cum_len":40892.39348755133,"stop_segment_distance":8.800416986469337}
{"route_id":"734","stop_id":"14524","stop_lat":34.257451,"stop_lon":-118.46754,"stop_sequence":5,"segment_first_lat":34.260916964,"segment_first_lon":-118.4673475182,"segment_second_lat":34.2574489557,"segment_second_lon":-118.4673886615,"segment_sequence":40074,"segment_id":2,"segment_len_meter":385.64346588163164,"segment_cum_len":6218.927925641501,"stop_segment_distance":14.070443524352754}
{"route_id":"770","stop_id":"11917","stop_lat":34.053887,"stop_lon":-118.243464,"stop_sequence":8,"segment_first_lat":34.053929708,"segment_first_lon":-118.2435310653,"segment_second_lat":34.0549053897,"segment_second_lon":-118.2426184267,"segment_sequence":80001,"segment_id":4,"segment_len_meter":137.25626644897451,"segment_cum_len":3917.876263528205,"stop_segment_distance":7.982771100330382}
{"route_id":"92","stop_id":"2209","stop_lat":34.111245,"stop_lon":-118.264906,"stop_sequence":34,"segment_first_lat":34.1110001978,"segment_first_lon":-118.2649815162,"segment_second_lat":34.1112121809,"segment_second_lon":-118.2650512339,"segment_sequence":330011,"segment_id":17,"segment_len_meter":24.429696469335187,"segment_cum_len":9680.923007770669,"stop_segment_distance":17.524732136447614}
