{"route_id":"10","stop_id":"5292","stop_lat":34.04141,"stop_lon":-118.255014,"stop_sequence":5,"segment_first_lat":34.0412162554,"segment_first_lon":-118.2555775299,"segment_second_lat":34.0415112735,"segment_second_lon":-118.255106406,"segment_sequence":40010,"segment_id":2,"segment_len_meter":54.41050162863291,"segment_cum_len":1553.3428601478015,"stop_segment_distance":15.922510010962078}
{"route_id":"102","stop_id":"1833","stop_lat":34.018063,"stop_lon":-118.297532,"stop_sequence":48,"segment_first_lat":34.018188368,"segment_first_lon":-118.2975321565,"segment_second_lat":34.0181855213,"segment_second_lon":-118.2960075658,"segment_sequence":480001,"segment_id":24,"segment_len_meter":140.5143046015984,"segment_cum_len":16100.777413767046,"stop_segment_distance":14.584594065853253}
{"route_id":"105","stop_id":"16421","stop_lat":34.00385,"stop_lon":-118.287468,"stop_sequence":16,"segment_first_lat":34.0037276191,"segment_first_lon":-118.2871371808,"segment_second_lat":34.0037254597,"segment_second_lon":-118.2874671121,"segment_sequence":150003,"segment_id":8,"segment_len_meter":30.414255165975682,"segment_cum_len":5603.98972390148,"stop_segment_distance":16.827864862610994}
{"route_id":"110","stop_id":"2592","stop_lat":33.980522,"stop_lon":-118.331089,"stop_sequence":24,"segment_first_lat":33.9806119921,"segment_first_lon":-118.3323328334,"segment_second_lat":33.9806222803,"segment_second_lon":-118.3310893468,"segment_sequence":230003,"segment_id":12,"segment_len_meter":114.66238594263788,"segment_cum_len":9337.529084414675,"stop_segment_distance":11.612760372486449}
{"route_id":"120","stop_id":"3273","stop_lat":33.929175,"stop_lon":-118.230892,"stop_sequence":69,"segment_first_lat":33.9290171638,"segment_first_lon":-118.2303043079,"segment_second_lat":33.9290404791,"segment_second_lon":-118.2309006983,"segment_sequence":680010,"segment_id":34,"segment_len_meter":55.0850471756857,"segment_cum_len":29082.24947839421,"stop_segment_distance":16.88562759898103}
{"route_id":"120","stop_id":"820","stop_lat":33.929612,"stop_lon":-118.246574,"stop_sequence":77,"segment_first_lat":33.9294830273,"segment_first_lon":-118.2462439694,"segment_second_lat":33.9294823537,"segment_second_lon":-118.2465736135,"segment_sequence":760008,"segment_id":38,"segment_len_meter":30.413462398056634,"segment_cum_len":32333.42063291908,"stop_segment_distance":17.659826474640656}
{"route_id":"125","stop_id":"16977","stop_lat":33.903672,"stop_lon":-118.142536,"stop_sequence":71,"segment_first_lat":33.9037947011,"segment_first_lon":-118.1425399005,"segment_second_lat":33.9038018561,"segment_second_lon":-118.1420653688,"segment_sequence":710001,"segment_id":36,"segment_len_meter":43.80130291670196,"segment_cum_len":28138.7335413303,"stop_segment_distance":15.618557665821513}
{"route_id":"127","stop_id":"8978","stop_lat":33.932497,"stop_lon":-118.125618,"stop_sequence":6,"segment_first_lat":33.9324967073,"segment_first_lon":-118.1254660074,"segment_second_lat":33.9315816808,"segment_second_lon":-118.1254616703,"segment_sequence":60001,"segment_id":3,"segment_len_meter":101.74709133873488,"segment_cum_len":1898.182808039119,"stop_segment_distance":15.071145149493404}
{"route_id":"152","stop_id":"12992","stop_lat":34.221426,"stop_lon":-118.489896,"stop_sequence":52,"segment_first_lat":34.2213005738,"segment_first_lon":-118.4895639992,"segment_second_lat":34.2212964872,"segment_second_lon":-118.4898947763,"segment_sequence":510005,"segment_id":26,"segment_len_meter":30.41633909957827,"segment_cum_len":20644.980835213424,"stop_segment_distance":17.545869876804257}
{"route_id":"158","stop_id":"16860","stop_lat":34.186477,"stop_lon":-118.431048,"stop_sequence":15,"segment_first_lat":34.1848931796,"segment_first_lon":-118.4311980858,"segment_second_lat":34.1864759598,"segment_second_lon":-118.4312003043,"segment_sequence":140002,"segment_id":7,"segment_len_meter":175.99724653614425,"segment_cum_len":5976.580550940684,"stop_segment_distance":14.665528641529846}
{"route_id":"166","stop_id":"12620","stop_lat":34.256809,"stop_lon":-118.405664,"stop_sequence":59,"segment_first_lat":34.2558058262,"segment_first_lon":-118.4072670716,"segment_second_lat":34.2569048153,"segment_second_lon":-118.4057623509,"segment_sequence":580006,"segment_id":29,"segment_len_meter":184.548365283209,"segment_cum_len":24606.789500909887,"stop_segment_distance":14.219275430712344}
{"route_id":"169","stop_id":"20219","stop_lat":34.156158,"stop_lon":-118.63406,"stop_sequence":19,"segment_first_lat":34.1558585422,"segment_first_lon":-118.6340213309,"segment_second_lat":34.1560934258,"segment_second_lon":-118.6341906997,"segment_sequence":180016,"segment_id":9,"segment_len_meter":30.41413173274561,"segment_cum_len":8207.316852669735,"stop_segment_distance":17.0803968255185}
{"route_id":"207","stop_id":"5728","stop_lat":34.014473,"stop_lon":-118.308748,"stop_sequence":29,"segment_first_lat":34.0137200812,"segment_first_lon":-118.3089005234,"segment_second_lat":34.0144729966,"segment_second_lon":-118.3089006621,"segment_sequence":280005,"segment_id":14,"segment_len_meter":83.72037364855768,"segment_cum_len":11553.334454014093,"stop_segment_distance":15.243172599041287}
{"route_id":"210","stop_id":"13000145","stop_lat":34.104454,"stop_lon":-118.330113,"stop_sequence":1,"segment_first_lat":34.1045054993,"segment_first_lon":-118.3299810638,"segment_second_lat":34.1043060372,"segment_second_lon":-118.3298679624,"segment_sequence":10001,"segment_id":1,"segment_len_meter":24.502133099751813,"segment_cum_len":24.502133099751813,"stop_segment_distance":16.85038144986905}
{"route_id":"210","stop_id":"15538","stop_lat":34.099953,"stop_lon":-118.326812,"stop_sequence":3,"segment_first_lat":34.1016300729,"segment_first_lon":-118.3266598555,"segment_second_lat":34.0999538674,"segment_second_lon":-118.326659253,"segment_sequence":20002,"segment_id":1,"segment_len_meter":186.3855558699614,"segment_cum_len":780.0945645617029,"stop_segment_distance":14.686566159926883}
{"route_id":"212","stop_id":"12134","stop_lat":34.083651,"stop_lon":-118.344209,"stop_sequence":14,"segment_first_lat":34.0836573623,"segment_first_lon":-118.3440558288,"segment_second_lat":34.0834512991,"segment_second_lon":-118.3440460642,"segment_sequence":140001,"segment_id":7,"segment_len_meter":22.93082202032308,"segment_cum_len":4079.884455039587,"stop_segment_distance":17.993348945003465}
{"route_id":"218","stop_id":"15654","stop_lat":34.073718,"stop_lon":-118.379861,"stop_sequence":25,"segment_first_lat":34.0735915226,"segment_first_lon":-118.3798470545,"segment_second_lat":34.0735950376,"segment_second_lon":-118.3805636378,"segment_sequence":250001,"segment_id":13,"segment_len_meter":66.00194030762383,"segment_cum_len":12316.427288838926,"stop_segment_distance":14.265102545645277}
{"route_id":"232","stop_id":"889","stop_lat":33.905843,"stop_lon":-118.395858,"stop_sequence":82,"segment_first_lat":33.9058578172,"segment_first_lon":-118.3960444204,"segment_second_lat":33.9067250829,"segment_second_lon":-118.3959476739,"segment_sequence":820001,"segment_id":41,"segment_len_meter":96.84797621031923,"segment_cum_len":32514.6313965386,"stop_segment_distance":18.866533739988014}
{"route_id":"233","stop_id":"6774","stop_lat":34.276168,"stop_lon":-118.408055,"stop_sequence":49,"segment_first_lat":34.2762630981,"segment_first_lon":-118.4081534183,"segment_second_lat":34.2767660813,"segment_second_lon":-118.4074653715,"segment_sequence":490001,"segment_id":25,"segment_len_meter":84.40894752852627,"segment_cum_len":15849.984083264098,"stop_segment_distance":15.283123811365343}
{"route_id":"233","stop_id":"6784","stop_lat":34.27378,"stop_lon":-118.41133,"stop_sequence":48,"segment_first_lat":34.2738748119,"segment_first_lon":-118.4114286485,"segment_second_lat":34.2760814482,"segment_second_lon":-118.4084021166,"segment_sequence":480001,"segment_id":24,"segment_len_meter":370.8652006269334,"segment_cum_len":15735.076489224577,"stop_segment_distance":14.342244927178228}
{"route_id":"260","stop_id":"9808","stop_lat":33.874438,"stop_lon":-118.197244,"stop_sequence":97,"segment_first_lat":33.8743127675,"segment_first_lon":-118.1972441018,"segment_second_lat":33.8743197066,"segment_second_lon":-118.2005318173,"segment_sequence":970001,"segment_id":49,"segment_len_meter":303.52598798942716,"segment_cum_len":39914.165980901635,"stop_segment_distance":14.2182885766087}
{"route_id":"40","stop_id":"10903","stop_lat":33.898,"stop_lon":-118.35289,"stop_sequence":75,"segment_first_lat":33.8982749747,"segment_first_lon":-118.3527400393,"segment_second_lat":33.8980001933,"segment_second_lon":-118.3527388829,"segment_sequence":740004,"segment_id":37,"segment_len_meter":30.55448402703398,"segment_cum_len":28739.528320442645,"stop_segment_distance":16.955451126221384}
{"route_id":"40","stop_id":"13625","stop_lat":33.949226,"stop_lon":-118.3528,"stop_sequence":61,"segment_first_lat":33.9502316774,"segment_first_lon":-118.3526422872,"segment_second_lat":33.9492259559,"segment_second_lon":-118.3526439885,"segment_sequence":600005,"segment_id":30,"segment_len_meter":111.8312385208152,"segment_cum_len":23040.214694414273,"stop_segment_distance":15.327712816443437}
{"route_id":"51","stop_id":"5483","stop_lat":34.026064,"stop_lon":-118.25862,"stop_sequence":31,"segment_first_lat":34.026724288,"segment_first_lon":-118.2580282943,"segment_second_lat":34.0260039229,"segment_second_lon":-118.2584834898,"segment_sequence":300002,"segment_id":15,"segment_len_meter":90.42060261609163,"segment_cum_len":7517.007366565842,"stop_segment_distance":15.27847137801848}
{"route_id":"53","stop_id":"3442","stop_lat":33.898516,"stop_lon":-118.252299,"stop_sequence":10,"segment_first_lat":33.8976862733,"segment_first_lon":-118.2522697621,"segment_second_lat":33.8984932169,"segment_second_lon":-118.2524471681,"segment_sequence":90003,"segment_id":5,"segment_len_meter":91.2097531606138,"segment_cum_len":4265.789886986332,"stop_segment_distance":14.998920843310913}
{"route_id":"66","stop_id":"1602","stop_lat":34.018736,"stop_lon":-118.192007,"stop_sequence":44,"segment_first_lat":34.0188626081,"segment_first_lon":-118.1920077865,"segment_second_lat":34.0188660636,"segment_second_lon":-118.1912158001,"segment_sequence":440001,"segment_id":22,"segment_len_meter":72.99387936135642,"segment_cum_len":13604.584464731402,"stop_segment_distance":15.425263474543229}
{"route_id":"665","stop_id":"13618","stop_lat":34.024233,"stop_lon":-118.192406,"stop_sequence":19,"segment_first_lat":34.0246238716,"segment_first_lon":-118.1922916205,"segment_second_lat":34.0242336799,"segment_second_lon":-118.1922887439,"segment_sequence":180004,"segment_id":9,"segment_len_meter":43.38814735682084,"segment_cum_len":7002.876602425992,"stop_segment_distance":12.14118463516516}
{"route_id":"68","stop_id":"9241","stop_lat":34.040657,"stop_lon":-118.182096,"stop_sequence":22,"segment_first_lat":34.0405379206,"segment_first_lon":-118.180861105,"segment_second_lat":34.040531119,"segment_second_lon":-118.1820956008,"segment_sequence":210003,"segment_id":11,"segment_len_meter":113.7498949037831,"segment_cum_len":9667.181056327428,"stop_segment_distance":14.799397409550394}
{"route_id":"71","stop_id":"15715","stop_lat":34.049246,"stop_lon":-118.252961,"stop_sequence":10,"segment_first_lat":34.0484606574,"segment_first_lon":-118.2537906294,"segment_second_lat":34.0492904559,"segment_second_lon":-118.2530325544,"segment_sequence":90004,"segment_id":5,"segment_len_meter":115.72228353347363,"segment_cum_len":2465.4172567768837,"stop_segment_distance":8.57011713049279}
{"route_id":"90","stop_id":"15599","stop_lat":34.037888,"stop_lon":-118.262083,"stop_sequence":96,"segment_first_lat":34.0385242274,"segment_first_lon":-118.2613271476,"segment_second_lat":34.0378273026,"segment_second_lon":-118.2619913884,"segment_sequence":950001,"segment_id":48,"segment_len_meter":98.74964902944282,"segment_cum_len":33746.55052973273,"stop_segment_distance":11.33338224632081}
{"route_id":"92","stop_id":"13207","stop_lat":34.128949,"stop_lon":-118.254732,"stop_sequence":40,"segment_first_lat":34.1289490588,"segment_first_lon":-118.254885869,"segment_second_lat":34.1298256155,"segment_second_lon":-118.2548934984,"segment_sequence":400001,"segment_id":20,"segment_len_meter":97.4711876751603,"segment_cum_len":12117.041365400884,"stop_segment_distance":15.293761376932125}
