{"route_id":"102","stop_id":"2699","stop_lat":34.017153,"stop_lon":-118.269624,"stop_sequence":59,"segment_first_lat":34.0180859929,"segment_first_lon":-118.2713598664,"segment_second_lat":34.0172632119,"segment_second_lon":-118.2695514831,"segment_sequence":580004,"segment_id":29,"segment_len_meter":190.1298904321959,"segment_cum_len":18922.467793693366,"stop_segment_distance":14.508893215378265}
{"route_id":"102","stop_id":"771","stop_lat":33.982285,"stop_lon":-118.252168,"stop_sequence":73,"segment_first_lat":33.982457864,"segment_first_lon":-118.2520534621,"segment_second_lat":33.9822875027,"segment_second_lon":-118.2520506403,"segment_sequence":720006,"segment_id":36,"segment_len_meter":18.94509892774849,"segment_cum_len":23947.44391221181,"stop_segment_distance":13.811252564798252}
{"route_id":"105","stop_id":"3315","stop_lat":34.010983,"stop_lon":-118.339173,"stop_sequence":32,"segment_first_lat":34.0109315172,"segment_first_lon":-118.3391089843,"segment_second_lat":34.0108661811,"segment_second_lon":-118.3391842821,"segment_sequence":320001,"segment_id":16,"segment_len_meter":10.04740138144115,"segment_cum_len":11121.037402340447,"stop_segment_distance":11.20498093740076}
{"route_id":"111","stop_id":"1963","stop_lat":33.971297,"stop_lon":-118.19863,"stop_sequence":58,"segment_first_lat":33.9714239153,"segment_first_lon":-118.1986100113,"segment_second_lat":33.9713421974,"segment_second_lon":-118.1978387207,"segment_sequence":580001,"segment_id":29,"segment_len_meter":71.70327474050183,"segment_cum_len":20691.012859149647,"stop_segment_distance":15.67032313064027}
{"route_id":"111","stop_id":"1979","stop_lat":33.947242,"stop_lon":-118.116929,"stop_sequence":78,"segment_first_lat":33.9473481083,"segment_first_lon":-118.1168506926,"segment_second_lat":33.9469378088,"segment_second_lon":-118.1160449589,"segment_sequence":780001,"segment_id":39,"segment_len_meter":87.20849771013688,"segment_cum_len":28906.10174634998,"stop_segment_distance":14.908317142252272}
{"route_id":"117","stop_id":"7547","stop_lat":33.945368,"stop_lon":-118.385708,"stop_sequence":4,"segment_first_lat":33.9454972968,"segment_first_lon":-118.3857087813,"segment_second_lat":33.9455021197,"segment_second_lon":-118.3834206129,"segment_sequence":40001,"segment_id":2,"segment_len_meter":211.07020344840774,"segment_cum_len":2640.777303978518,"stop_segment_distance":14.831125875372777}
{"route_id":"125","stop_id":"36509","stop_lat":33.91697,"stop_lon":-118.103759,"stop_sequence":81,"segment_first_lat":33.9170994238,"segment_first_lon":-118.1035185243,"segment_second_lat":33.9161926415,"segment_second_lon":-118.1035141083,"segment_sequence":810003,"segment_id":41,"segment_len_meter":100.8304147258512,"segment_cum_len":33521.04456166196,"stop_segment_distance":14.96090292734533}
{"route_id":"130","stop_id":"8653","stop_lat":33.874807,"stop_lon":-118.224693,"stop_sequence":27,"segment_first_lat":33.874804229,"segment_first_lon":-118.2247777628,"segment_second_lat":33.8754913881,"segment_second_lon":-118.2248171605,"segment_sequence":270001,"segment_id":14,"segment_len_meter":76.49512555432557,"segment_cum_len":13663.649186427334,"stop_segment_distance":8.295178120834109}
{"route_id":"152","stop_id":"6370","stop_lat":34.224803,"stop_lon":-118.365533,"stop_sequence":20,"segment_first_lat":34.22421721,"segment_first_lon":-118.3655995038,"segment_second_lat":34.2247868648,"segment_second_lon":-118.3656847015,"segment_sequence":190018,"segment_id":10,"segment_len_meter":63.82521683626767,"segment_cum_len":7955.619241643269,"stop_segment_distance":15.66038365203974}
{"route_id":"155","stop_id":"13548","stop_lat":34.181038,"stop_lon":-118.303485,"stop_sequence":54,"segment_first_lat":34.1810224575,"segment_first_lon":-118.3032370231,"segment_second_lat":34.1805954029,"segment_second_lon":-118.3036884462,"segment_sequence":540002,"segment_id":27,"segment_len_meter":63.081855320028275,"segment_cum_len":20707.348748507724,"stop_segment_distance":12.447107231098151}
{"route_id":"158","stop_id":"9570","stop_lat":34.257368,"stop_lon":-118.458472,"stop_sequence":43,"segment_first_lat":34.2572119167,"segment_first_lon":-118.4545887788,"segment_second_lat":34.2572420534,"segment_second_lon":-118.4584745443,"segment_sequence":420003,"segment_id":21,"segment_len_meter":357.13580400064706,"segment_cum_len":16726.922649737506,"stop_segment_distance":14.178514065315426}
{"route_id":"167","stop_id":"18192","stop_lat":34.24277,"stop_lon":-118.484684,"stop_sequence":34,"segment_first_lat":34.2428959391,"segment_first_lon":-118.4846810288,"segment_second_lat":34.2428699923,"segment_second_lon":-118.4807830365,"segment_sequence":340001,"segment_id":17,"segment_len_meter":358.31646873519526,"segment_cum_len":14479.291336668402,"stop_segment_distance":14.440557727247153}
{"route_id":"167","stop_id":"491","stop_lat":34.175932,"stop_lon":-118.422579,"stop_sequence":81,"segment_first_lat":34.1785214446,"segment_first_lon":-118.4224530789,"segment_second_lat":34.1759329076,"segment_second_lon":-118.4224588347,"segment_sequence":800002,"segment_id":40,"segment_len_meter":287.83266884623015,"segment_cum_len":32446.565333190876,"stop_segment_distance":11.388226148652507}
{"route_id":"169","stop_id":"6107","stop_lat":34.208385,"stop_lon":-118.402501,"stop_sequence":115,"segment_first_lat":34.2084876581,"segment_first_lon":-118.4046449912,"segment_second_lat":34.2084846402,"segment_second_lon":-118.402501723,"segment_sequence":1140002,"segment_id":57,"segment_len_meter":197.0907407102915,"segment_cum_len":45578.30721986046,"stop_segment_distance":11.47618048321661}
{"route_id":"169","stop_id":"694","stop_lat":34.224714,"stop_lon":-118.446125,"stop_sequence":96,"segment_first_lat":34.2247883146,"segment_first_lon":-118.4467803605,"segment_second_lat":34.2247863346,"segment_second_lon":-118.4461253378,"segment_sequence":950004,"segment_id":48,"segment_len_meter":60.2232654984913,"segment_cum_len":39277.037101293725,"stop_segment_distance":8.637975869161181}
{"route_id":"200","stop_id":"5152","stop_lat":34.025381,"stop_lon":-118.283759,"stop_sequence":9,"segment_first_lat":34.0253667154,"segment_first_lon":-118.2839158017,"segment_second_lat":34.025503805,"segment_second_lon":-118.2839281476,"segment_sequence":90001,"segment_id":5,"segment_len_meter":15.286069455648764,"segment_cum_len":2144.1738223635084,"stop_segment_distance":19.974737965139802}
{"route_id":"201","stop_id":"13823","stop_lat":34.142247,"stop_lon":-118.264522,"stop_sequence":17,"segment_first_lat":34.1422453703,"segment_first_lon":-118.264408373,"segment_second_lat":34.1416567687,"segment_second_lon":-118.2644111376,"segment_sequence":170001,"segment_id":9,"segment_len_meter":65.45000626140661,"segment_cum_len":4241.300314081298,"stop_segment_distance":11.427700405492274}
{"route_id":"205","stop_id":"17426","stop_lat":33.789348,"stop_lon":-118.304441,"stop_sequence":51,"segment_first_lat":33.7894831753,"segment_first_lon":-118.3064461793,"segment_second_lat":33.7894756205,"segment_second_lon":-118.3044419533,"segment_sequence":500003,"segment_id":25,"segment_len_meter":185.21766819227145,"segment_cum_len":13878.064632870815,"stop_segment_distance":14.88596299736119}
{"route_id":"207","stop_id":"5734","stop_lat":33.993532,"stop_lon":-118.308777,"stop_sequence":23,"segment_first_lat":33.9935314378,"segment_first_lon":-118.3089283062,"segment_second_lat":33.9941689363,"segment_second_lon":-118.3089306585,"segment_sequence":230001,"segment_id":12,"segment_len_meter":70.88693066317961,"segment_cum_len":9295.489466083247,"stop_segment_distance":15.289309292051712}
{"route_id":"209","stop_id":"118","stop_lat":33.996478,"stop_lon":-118.318035,"stop_sequence":34,"segment_first_lat":33.9964776225,"segment_first_lon":-118.3181588535,"segment_second_lat":33.9980249616,"segment_second_lon":-118.3181528569,"segment_sequence":340001,"segment_id":17,"segment_len_meter":172.05714580481296,"segment_cum_len":11660.330869743802,"stop_segment_distance":11.717884109511061}
{"route_id":"218","stop_id":"10409","stop_lat":34.086959,"stop_lon":-118.361594,"stop_sequence":14,"segment_first_lat":34.0869590121,"segment_first_lon":-118.361441826,"segment_second_lat":34.0855631138,"segment_second_lon":-118.3614331511,"segment_sequence":140001,"segment_id":7,"segment_len_meter":155.21886492594516,"segment_cum_len":8976.986743868896,"stop_segment_distance":14.71556079209617}
{"route_id":"237","stop_id":"9135","stop_lat":34.118553,"stop_lon":-118.337107,"stop_sequence":10,"segment_first_lat":34.1185225426,"segment_first_lon":-118.3372125105,"segment_second_lat":34.118684417,"segment_second_lon":-118.3373023696,"segment_sequence":100002,"segment_id":5,"segment_len_meter":19.80941591233532,"segment_cum_len":3697.0233513031862,"stop_segment_distance":13.650095532349123}
{"route_id":"243","stop_id":"16791","stop_lat":34.212902,"stop_lon":-118.571181,"stop_sequence":27,"segment_first_lat":34.2129031597,"segment_first_lon":-118.5710280205,"segment_second_lat":34.2119277062,"segment_second_lon":-118.571016058,"segment_sequence":270001,"segment_id":14,"segment_len_meter":108.47105799630961,"segment_cum_len":12840.05062343538,"stop_segment_distance":14.989530050685389}
{"route_id":"256","stop_id":"10053","stop_lat":34.038587,"stop_lon":-118.173424,"stop_sequence":15,"segment_first_lat":34.0378474764,"segment_first_lon":-118.1735672913,"segment_second_lat":34.0385866412,"segment_second_lon":-118.1735744358,"segment_sequence":140002,"segment_id":7,"segment_len_meter":82.19401209231654,"segment_cum_len":3189.6638024473978,"stop_segment_distance":14.952145404825416}
{"route_id":"265","stop_id":"4337","stop_lat":33.998193,"stop_lon":-118.079245,"stop_sequence":62,"segment_first_lat":33.9984950251,"segment_first_lon":-118.0795880238,"segment_second_lat":33.9978468315,"segment_second_lon":-118.0791321259,"segment_sequence":610007,"segment_id":31,"segment_len_meter":83.43415585142498,"segment_cum_len":25312.885152614097,"stop_segment_distance":2.56803170047354}
{"route_id":"266","stop_id":"13062","stop_lat":34.06249,"stop_lon":-118.065131,"stop_sequence":54,"segment_first_lat":34.0624468215,"segment_first_lon":-118.0652696741,"segment_second_lat":34.0627017568,"segment_second_lon":-118.0653923661,"segment_sequence":540001,"segment_id":27,"segment_len_meter":30.517479242882406,"segment_cum_len":27883.250522931463,"stop_segment_distance":16.80550294286746}
{"route_id":"266","stop_id":"17855","stop_lat":33.980004,"stop_lon":-118.099226,"stop_sequence":39,"segment_first_lat":33.9786565012,"segment_first_lon":-118.1004017821,"segment_second_lat":33.9800711361,"segment_second_lon":-118.0993555629,"segment_sequence":380002,"segment_id":19,"segment_len_meter":184.52536298332265,"segment_cum_len":17703.005579447305,"stop_segment_distance":14.506333433705493}
{"route_id":"267","stop_id":"1375","stop_lat":34.141063,"stop_lon":-118.124841,"stop_sequence":43,"segment_first_lat":34.1409914315,"segment_first_lon":-118.1245763841,"segment_second_lat":34.1409614999,"segment_second_lon":-118.1248232076,"segment_sequence":420008,"segment_id":21,"segment_len_meter":22.958066544493327,"segment_cum_len":15235.150111345682,"stop_segment_distance":14.066669690143648}
{"route_id":"268","stop_id":"10271","stop_lat":34.169237,"stop_lon":-118.113359,"stop_sequence":63,"segment_first_lat":34.1691376521,"segment_first_lon":-118.1133584288,"segment_second_lat":34.1691288276,"segment_second_lon":-118.1142675414,"segment_sequence":630001,"segment_id":32,"segment_len_meter":83.64486151608149,"segment_cum_len":24947.087743436317,"stop_segment_distance":11.849756703284314}
{"route_id":"4","stop_id":"14429","stop_lat":34.055801,"stop_lon":-118.426931,"stop_sequence":75,"segment_first_lat":34.0568875222,"segment_first_lon":-118.4251634904,"segment_second_lat":34.0557274286,"segment_second_lon":-118.4268591643,"segment_sequence":740002,"segment_id":37,"segment_len_meter":202.58867896580838,"segment_cum_len":24426.92872545549,"stop_segment_distance":10.689290289550087}
{"route_id":"40","stop_id":"13228","stop_lat":34.029595,"stop_lon":-118.267153,"stop_sequence":18,"segment_first_lat":34.0313028372,"segment_first_lon":-118.2658556185,"segment_second_lat":34.0295344874,"segment_second_lon":-118.2670203238,"segment_sequence":170001,"segment_id":9,"segment_len_meter":224.01697786467116,"segment_cum_len":6931.4340756693955,"stop_segment_distance":14.341730354713718}
{"route_id":"460","stop_id":"10853","stop_lat":33.959639,"stop_lon":-118.281034,"stop_sequence":16,"segment_first_lat":33.9596391108,"segment_first_lon":-118.280915394,"segment_second_lat":33.9570204183,"segment_second_lon":-118.2809095793,"segment_sequence":160001,"segment_id":8,"segment_len_meter":291.1858142965958,"segment_cum_len":12742.818883657917,"stop_segment_distance":11.152089252478618}
{"route_id":"534","stop_id":"12728","stop_lat":34.016842,"stop_lon":-118.818453,"stop_sequence":35,"segment_first_lat":34.016718762,"segment_first_lon":-118.8184135949,"segment_second_lat":34.0166505113,"segment_second_lon":-118.8187122369,"segment_sequence":350001,"segment_id":18,"segment_len_meter":28.55190922014569,"segment_cum_len":34267.67377853898,"stop_segment_distance":17.628515983656335}
{"route_id":"603","stop_id":"11849","stop_lat":34.077859,"stop_lon":-118.263496,"stop_sequence":34,"segment_first_lat":34.0781423577,"segment_first_lon":-118.2631536077,"segment_second_lat":34.0778008956,"segment_second_lon":-118.2633605787,"segment_sequence":330003,"segment_id":17,"segment_len_meter":42.48523637080901,"segment_cum_len":10403.188216161863,"stop_segment_distance":16.13883303553687}
{"route_id":"605","stop_id":"16907","stop_lat":34.061094,"stop_lon":-118.208818,"stop_sequence":26,"segment_first_lat":34.0615754392,"segment_first_lon":-118.2098258389,"segment_second_lat":34.06115655,"segment_second_lon":-118.2087817984,"segment_sequence":250010,"segment_id":13,"segment_len_meter":106.86057949906296,"segment_cum_len":7581.579490887715,"stop_segment_distance":8.021658067101953}
{"route_id":"605","stop_id":"17153","stop_lat":34.023952,"stop_lon":-118.203184,"stop_sequence":6,"segment_first_lat":34.0238912307,"segment_first_lon":-118.2033950259,"segment_second_lat":34.0240128153,"segment_second_lon":-118.2033184272,"segment_sequence":50004,"segment_id":3,"segment_len_meter":15.25163039834284,"segment_cum_len":1060.2524335997384,"stop_segment_distance":19.450837574121294}
{"route_id":"750","stop_id":"15391","stop_lat":34.153771,"stop_lon":-118.465049,"stop_sequence":8,"segment_first_lat":34.1536457596,"segment_first_lon":-118.4650790577,"segment_second_lat":34.153835681,"segment_second_lon":-118.4662098785,"segment_sequence":80001,"segment_id":4,"segment_len_meter":106.17679117622595,"segment_cum_len":9966.380976418806,"stop_segment_distance":15.08432704775025}
{"route_id":"90","stop_id":"10617","stop_lat":34.259525,"stop_lon":-118.307192,"stop_sequence":7,"segment_first_lat":34.2596551456,"segment_first_lon":-118.3078846544,"segment_second_lat":34.2596525062,"segment_second_lon":-118.3071929578,"segment_sequence":60006,"segment_id":3,"segment_len_meter":63.56900669794903,"segment_cum_len":1632.676985047263,"stop_segment_distance":15.889954086990535}
