{"route_id":"10","stop_id":"11714","stop_lat":34.083714,"stop_lon":-118.373067,"stop_sequence":62,"segment_first_lat":34.0836016626,"segment_first_lon":-118.3730083571,"segment_second_lat":34.0835434938,"segment_second_lon":-118.3731583635,"segment_sequence":620001,"segment_id":31,"segment_len_meter":15.253902861638016,"segment_cum_len":17169.895151907924,"stop_segment_distance":19.097551186143512}
{"route_id":"102","stop_id":"2789","stop_lat":33.962667,"stop_lon":-118.38807,"stop_sequence":8,"segment_first_lat":33.9612128371,"segment_first_lon":-118.3899099032,"segment_second_lat":33.9627533629,"segment_second_lon":-118.3881834297,"segment_sequence":70003,"segment_id":4,"segment_len_meter":233.87191255510027,"segment_cum_len":2791.080988027325,"stop_segment_distance":14.719557559875199}
{"route_id":"102","stop_id":"4161","stop_lat":33.989091,"stop_lon":-118.353928,"stop_sequence":23,"segment_first_lat":33.9891068278,"segment_first_lon":-118.3540417561,"segment_second_lat":33.9896240011,"segment_second_lon":-118.3539396997,"segment_sequence":230001,"segment_id":12,"segment_len_meter":58.27172523765331,"segment_cum_len":7455.144743321435,"stop_segment_distance":11.639678378442817}
{"route_id":"115","stop_id":"7835","stop_lat":33.961552,"stop_lon":-118.361396,"stop_sequence":16,"segment_first_lat":33.9616783624,"segment_first_lon":-118.3613965103,"segment_second_lat":33.9617001421,"segment_second_lon":-118.3595333815,"segment_sequence":160001,"segment_id":8,"segment_len_meter":171.84659284978906,"segment_cum_len":3562.6450183654883,"stop_segment_distance":14.774929278369996}
{"route_id":"117","stop_id":"7562","stop_lat":33.9454,"stop_lon":-118.286433,"stop_sequence":27,"segment_first_lat":33.9455288173,"segment_first_lon":-118.2864332437,"segment_second_lat":33.9455391035,"segment_second_lon":-118.2847583545,"segment_sequence":270001,"segment_id":14,"segment_len_meter":154.50244321693933,"segment_cum_len":11742.55059690739,"stop_segment_distance":15.06970233152083}
{"route_id":"120","stop_id":"9674","stop_lat":33.923892,"stop_lon":-118.24605,"stop_sequence":75,"segment_first_lat":33.9238925326,"segment_first_lon":-118.2455715889,"segment_second_lat":33.9237943484,"segment_second_lon":-118.2460182708,"segment_sequence":740012,"segment_id":37,"segment_len_meter":42.63566374460085,"segment_cum_len":31641.259461627986,"stop_segment_distance":12.75216644566531}
{"route_id":"14","stop_id":"7461","stop_lat":34.032399,"stop_lon":-118.362781,"stop_sequence":5,"segment_first_lat":34.0324949128,"segment_first_lon":-118.363649645,"segment_second_lat":34.0324975242,"segment_second_lon":-118.3627816171,"segment_sequence":40008,"segment_id":2,"segment_len_meter":79.98885638242551,"segment_cum_len":1716.3558303668553,"stop_segment_distance":11.719287487607104}
{"route_id":"150","stop_id":"7031","stop_lat":34.166056,"stop_lon":-118.529542,"stop_sequence":31,"segment_first_lat":34.1662801678,"segment_first_lon":-118.5297810687,"segment_second_lat":34.1661657973,"segment_second_lon":-118.5294805044,"segment_sequence":300003,"segment_id":15,"segment_len_meter":30.43727272469427,"segment_cum_len":11157.949255538526,"stop_segment_distance":16.262158098757492}
{"route_id":"154","stop_id":"9096","stop_lat":34.172348,"stop_lon":-118.505292,"stop_sequence":58,"segment_first_lat":34.1722339403,"segment_first_lon":-118.5023123054,"segment_second_lat":34.1722500949,"segment_second_lon":-118.505294478,"segment_sequence":570002,"segment_id":29,"segment_len_meter":274.35810347834985,"segment_cum_len":25196.961570537795,"stop_segment_distance":10.948169020012926}
{"route_id":"161","stop_id":"8260","stop_lat":34.153828,"stop_lon":-118.827679,"stop_sequence":56,"segment_first_lat":34.1536664896,"segment_first_lon":-118.8279644899,"segment_second_lat":34.1538901232,"segment_second_lon":-118.8278113512,"segment_sequence":550007,"segment_id":28,"segment_len_meter":28.582034972483463,"segment_cum_len":31034.559741418372,"stop_segment_distance":17.241398389356867}
{"route_id":"163","stop_id":"20141","stop_lat":34.201032,"stop_lon":-118.512744,"stop_sequence":31,"segment_first_lat":34.2011562718,"segment_first_lon":-118.5132909312,"segment_second_lat":34.2011585859,"segment_second_lon":-118.5127452547,"segment_sequence":300005,"segment_id":15,"segment_len_meter":50.18429077131185,"segment_cum_len":10976.28840755235,"stop_segment_distance":16.054553855836218}
{"route_id":"163","stop_id":"6186","stop_lat":34.201115,"stop_lon":-118.392277,"stop_sequence":58,"segment_first_lat":34.201219273,"segment_first_lon":-118.3922772207,"segment_second_lat":34.2012140386,"segment_second_lon":-118.3921118361,"segment_sequence":580001,"segment_id":29,"segment_len_meter":15.220865610660256,"segment_cum_len":22090.064038523014,"stop_segment_distance":15.135347680225907}
{"route_id":"164","stop_id":"7151","stop_lat":34.186813,"stop_lon":-118.435388,"stop_sequence":37,"segment_first_lat":34.1866853252,"segment_first_lon":-118.4333599537,"segment_second_lat":34.18668574,"segment_second_lon":-118.4353869207,"segment_sequence":360004,"segment_id":18,"segment_len_meter":186.4438464569832,"segment_cum_len":13569.949146462002,"stop_segment_distance":14.789584986733814}
{"route_id":"175","stop_id":"2074","stop_lat":34.095762,"stop_lon":-118.284761,"stop_sequence":13,"segment_first_lat":34.0957801825,"segment_first_lon":-118.2852897874,"segment_second_lat":34.0957981911,"segment_second_lon":-118.2847613657,"segment_sequence":120004,"segment_id":6,"segment_len_meter":48.69862209724395,"segment_cum_len":3515.763876816955,"stop_segment_distance":4.058861844250977}
{"route_id":"18","stop_id":"8638","stop_lat":34.057842,"stop_lon":-118.271353,"stop_sequence":18,"segment_first_lat":34.0580260676,"segment_first_lon":-118.271446496,"segment_second_lat":34.0579516977,"segment_second_lon":-118.2712808484,"segment_sequence":170004,"segment_id":9,"segment_len_meter":17.356429367897963,"segment_cum_len":4174.4766927001065,"stop_segment_distance":18.740606814864716}
{"route_id":"183","stop_id":"20148","stop_lat":34.16509,"stop_lon":-118.354891,"stop_sequence":32,"segment_first_lat":34.165074896,"segment_first_lon":-118.3552911889,"segment_second_lat":34.1652033914,"segment_second_lon":-118.3549528938,"segment_sequence":310011,"segment_id":16,"segment_len_meter":34.247735285196974,"segment_cum_len":12858.582874872167,"stop_segment_distance":16.44488456504307}
{"route_id":"2","stop_id":"5133","stop_lat":34.053811,"stop_lon":-118.247234,"stop_sequence":79,"segment_first_lat":34.0543477817,"segment_first_lon":-118.246585068,"segment_second_lat":34.0537498097,"segment_second_lon":-118.2471402444,"segment_sequence":780008,"segment_id":39,"segment_len_meter":83.88712293108499,"segment_cum_len":25043.471446229953,"stop_segment_distance":11.587029953842475}
{"route_id":"20","stop_id":"16710","stop_lat":34.061908,"stop_lon":-118.295234,"stop_sequence":18,"segment_first_lat":34.0617897295,"segment_first_lon":-118.2941379253,"segment_second_lat":34.0617823836,"segment_second_lon":-118.2952340564,"segment_sequence":170005,"segment_id":9,"segment_len_meter":100.97634245190363,"segment_cum_len":5624.060116163383,"stop_segment_distance":14.812197094381048}
{"route_id":"20","stop_id":"16728","stop_lat":34.061865,"stop_lon":-118.302699,"stop_sequence":21,"segment_first_lat":34.0617428497,"segment_first_lon":-118.3019990516,"segment_second_lat":34.0617388991,"segment_second_lon":-118.3026989928,"segment_sequence":200004,"segment_id":10,"segment_len_meter":64.47848052559526,"segment_cum_len":6311.731029261822,"stop_segment_distance":15.435977364491777}
{"route_id":"20","stop_id":"43422","stop_lat":34.061945,"stop_lon":-118.322682,"stop_sequence":29,"segment_first_lat":34.0617889724,"segment_first_lon":-118.3213932832,"segment_second_lat":34.0618196035,"segment_second_lon":-118.3226843584,"segment_sequence":280002,"segment_id":14,"segment_len_meter":118.97957056812125,"segment_cum_len":8152.964138121468,"stop_segment_distance":14.94012554233548}
{"route_id":"205","stop_id":"17553","stop_lat":33.732554,"stop_lon":-118.305423,"stop_sequence":7,"segment_first_lat":33.7324796086,"segment_first_lon":-118.3044655528,"segment_second_lat":33.732481854,"segment_second_lon":-118.3054225822,"segment_sequence":60004,"segment_id":3,"segment_len_meter":88.50077275140323,"segment_cum_len":1177.302604280365,"stop_segment_distance":8.44618101186721}
{"route_id":"205","stop_id":"5778","stop_lat":33.737795,"stop_lon":-118.309566,"stop_sequence":11,"segment_first_lat":33.7379316399,"segment_first_lon":-118.3096851437,"segment_second_lat":33.7379286547,"segment_second_lon":-118.3087083156,"segment_sequence":110002,"segment_id":6,"segment_len_meter":90.32615997760206,"segment_cum_len":2178.23111276549,"stop_segment_distance":9.13048956693801}
{"route_id":"212","stop_id":"12128","stop_lat":33.976464,"stop_lon":-118.357746,"stop_sequence":50,"segment_first_lat":33.9767394559,"segment_first_lon":-118.3575991626,"segment_second_lat":33.9764619406,"segment_second_lon":-118.3575927002,"segment_sequence":490012,"segment_id":25,"segment_len_meter":30.864046538806463,"segment_cum_len":16918.27180936674,"stop_segment_distance":16.76217739578278}
{"route_id":"224","stop_id":"2053","stop_lat":34.322238,"stop_lon":-118.459845,"stop_sequence":63,"segment_first_lat":34.3223410975,"segment_first_lon":-118.460070793,"segment_second_lat":34.3223616804,"segment_second_lon":-118.4598605936,"segment_sequence":620013,"segment_id":31,"segment_len_meter":19.438551974634922,"segment_cum_len":24830.094654376306,"stop_segment_distance":18.081834853831392}
{"route_id":"237","stop_id":"551","stop_lat":34.134975,"stop_lon":-118.360751,"stop_sequence":17,"segment_first_lat":34.1345949597,"segment_first_lon":-118.3600622903,"segment_second_lat":34.1348428761,"segment_second_lon":-118.3607804501,"segment_sequence":160013,"segment_id":8,"segment_len_meter":71.61645403217288,"segment_cum_len":6696.154085214435,"stop_segment_distance":19.50552776693509}
{"route_id":"243","stop_id":"14840","stop_lat":34.201466,"stop_lon":-118.553376,"stop_sequence":50,"segment_first_lat":34.2014652307,"segment_first_lon":-118.5535292752,"segment_second_lat":34.2029436265,"segment_second_lon":-118.5535251832,"segment_sequence":500001,"segment_id":25,"segment_len_meter":164.39054326529762,"segment_cum_len":22413.649651952474,"stop_segment_distance":14.582132026767823}
{"route_id":"246","stop_id":"176159","stop_lat":33.871955,"stop_lon":-118.266621,"stop_sequence":63,"segment_first_lat":33.8718559796,"segment_first_lon":-118.2666067855,"segment_second_lat":33.8717606033,"segment_second_lon":-118.2674866905,"segment_sequence":630001,"segment_id":32,"segment_len_meter":81.92538934409166,"segment_cum_len":21252.98533877957,"stop_segment_distance":11.958283969999343}
{"route_id":"265","stop_id":"4268","stop_lat":33.895044,"stop_lon":-118.159943,"stop_sequence":19,"segment_first_lat":33.8950438956,"segment_first_lon":-118.1600948196,"segment_second_lat":33.8964233004,"segment_second_lon":-118.1601004198,"segment_sequence":190001,"segment_id":10,"segment_len_meter":153.38368647637668,"segment_cum_len":7039.813430732065,"stop_segment_distance":14.686932252100519}
{"route_id":"267","stop_id":"1383","stop_lat":34.140697,"stop_lon":-118.132663,"stop_sequence":46,"segment_first_lat":34.1405943086,"segment_first_lon":-118.1326358187,"segment_second_lat":34.1404903525,"segment_second_lon":-118.1332143199,"segment_sequence":460001,"segment_id":23,"segment_len_meter":54.48102197199434,"segment_cum_len":16013.148944189541,"stop_segment_distance":12.90813171701312}
{"route_id":"28","stop_id":"10292","stop_lat":34.137205,"stop_lon":-118.214804,"stop_sequence":11,"segment_first_lat":34.1377300152,"segment_first_lon":-118.2144882412,"segment_second_lat":34.1371760229,"segment_second_lon":-118.2146546957,"segment_sequence":100003,"segment_id":5,"segment_len_meter":63.477497568226596,"segment_cum_len":3356.0098060200407,"stop_segment_distance":15.848874983870559}
{"route_id":"30","stop_id":"13574","stop_lat":34.038869,"stop_lon":-118.264552,"stop_sequence":23,"segment_first_lat":34.0389817554,"segment_first_lon":-118.264478506,"segment_second_lat":34.0388865689,"segment_second_lon":-118.2642778483,"segment_sequence":230001,"segment_id":12,"segment_len_meter":21.304303684791538,"segment_cum_len":7303.527003065958,"stop_segment_distance":18.281937235390306}
{"route_id":"33","stop_id":"5104","stop_lat":34.035207,"stop_lon":-118.26559,"stop_sequence":70,"segment_first_lat":34.0357384823,"segment_first_lon":-118.2663374121,"segment_second_lat":34.035288802,"segment_second_lon":-118.2655227058,"segment_sequence":690003,"segment_id":35,"segment_len_meter":90.19998405307854,"segment_cum_len":22134.897642804284,"stop_segment_distance":11.56006758834205}
{"route_id":"487","stop_id":"931","stop_lat":34.062495,"stop_lon":-118.167989,"stop_sequence":4,"segment_first_lat":34.0625446499,"segment_first_lon":-118.1679894673,"segment_second_lat":34.0625063603,"segment_second_lon":-118.1660707746,"segment_sequence":40001,"segment_id":2,"segment_len_meter":176.7952248513509,"segment_cum_len":6995.548524744604,"stop_segment_distance":5.431231906878821}
{"route_id":"501","stop_id":"50100001","stop_lat":34.152228,"stop_lon":-118.339153,"stop_sequence":8,"segment_first_lat":34.1519365962,"segment_first_lon":-118.3392544707,"segment_second_lat":34.1529656771,"segment_second_lon":-118.3397445254,"segment_sequence":80002,"segment_id":4,"segment_len_meter":122.99349029020144,"segment_cum_len":21005.53415741177,"stop_segment_distance":9.170736121352917}
{"route_id":"51","stop_id":"14089","stop_lat":34.062078,"stop_lon":-118.291782,"stop_sequence":2,"segment_first_lat":34.0620788479,"segment_first_lon":-118.2916276772,"segment_second_lat":34.0618040581,"segment_second_lon":-118.2916287002,"segment_sequence":20001,"segment_id":1,"segment_len_meter":30.55537697098254,"segment_cum_len":565.5904433387739,"stop_segment_distance":17.235865406525473}
{"route_id":"51","stop_id":"317","stop_lat":33.934075,"stop_lon":-118.265309,"stop_sequence":69,"segment_first_lat":33.9348177152,"segment_first_lon":-118.2651561647,"segment_second_lat":33.9340758012,"segment_second_lon":-118.2651538167,"segment_sequence":680002,"segment_id":34,"segment_len_meter":82.49735719633595,"segment_cum_len":17894.462881052386,"stop_segment_distance":15.600710226611554}
{"route_id":"51","stop_id":"9878","stop_lat":33.895128,"stop_lon":-118.264945,"stop_sequence":83,"segment_first_lat":33.8952261341,"segment_first_lon":-118.2649488757,"segment_second_lat":33.8952715357,"segment_second_lon":-118.2635416752,"segment_sequence":830001,"segment_id":42,"segment_len_meter":129.98028789458343,"segment_cum_len":22376.00070718011,"stop_segment_distance":11.441796873989205}
{"route_id":"55","stop_id":"812","stop_lat":33.965606,"stop_lon":-118.247498,"stop_sequence":20,"segment_first_lat":33.9650098512,"segment_first_lon":-118.247651077,"segment_second_lat":33.965606132,"segment_second_lon":-118.2476528402,"segment_sequence":190005,"segment_id":10,"segment_len_meter":66.30359920801291,"segment_cum_len":6111.991611453546,"stop_segment_distance":15.751369571983844}
{"route_id":"550","stop_id":"5699","stop_lat":33.841903,"stop_lon":-118.28987,"stop_sequence":28,"segment_first_lat":33.8413642704,"segment_first_lon":-118.2899863169,"segment_second_lat":33.8418975373,"segment_second_lon":-118.2900220787,"segment_sequence":270015,"segment_id":14,"segment_len_meter":59.388486547520074,"segment_cum_len":15205.676296340964,"stop_segment_distance":15.52963415517938}
{"route_id":"60","stop_id":"13918","stop_lat":34.014997,"stop_lon":-118.230488,"stop_sequence":23,"segment_first_lat":34.0152337766,"segment_first_lon":-118.2303369394,"segment_second_lat":34.014997466,"segment_second_lon":-118.2303339793,"segment_sequence":220017,"segment_id":11,"segment_len_meter":26.277956169721385,"segment_cum_len":7410.025404880832,"stop_segment_distance":17.701085634714197}
{"route_id":"601","stop_id":"7105","stop_lat":34.187471,"stop_lon":-118.601644,"stop_sequence":5,"segment_first_lat":34.187743821,"segment_first_lon":-118.6015236694,"segment_second_lat":34.1874690388,"segment_second_lon":-118.6015216906,"segment_sequence":40003,"segment_id":2,"segment_len_meter":30.55492868439522,"segment_cum_len":1602.0490653124994,"stop_segment_distance":12.989632038607446}
{"route_id":"66","stop_id":"1608","stop_lat":34.01876,"stop_lon":-118.186962,"stop_sequence":46,"segment_first_lat":34.0188864659,"segment_first_lon":-118.1869621763,"segment_second_lat":34.0188876696,"segment_second_lon":-118.1861833844,"segment_sequence":460001,"segment_id":23,"segment_len_meter":71.77691184912281,"segment_cum_len":14068.400598077118,"stop_segment_distance":15.436779699492703}
{"route_id":"70","stop_id":"2176","stop_lat":34.062585,"stop_lon":-118.066967,"stop_sequence":63,"segment_first_lat":34.0627143482,"segment_first_lon":-118.0674790508,"segment_second_lat":34.0627127096,"segment_second_lon":-118.0669672859,"segment_sequence":620003,"segment_id":31,"segment_len_meter":47.14242433121829,"segment_cum_len":21844.63752151915,"stop_segment_distance":16.370822669459756}
{"route_id":"720","stop_id":"16777","stop_lat":34.058839,"stop_lon":-118.44425,"stop_sequence":29,"segment_first_lat":34.0587986231,"segment_first_lon":-118.4438898394,"segment_second_lat":34.0587202436,"segment_second_lon":-118.4442063747,"segment_sequence":280041,"segment_id":14,"segment_len_meter":30.434136919124068,"segment_cum_len":29526.052072122096,"stop_segment_distance":16.849679481934547}
{"route_id":"744","stop_id":"6773","stop_lat":34.215505,"stop_lon":-118.448613,"stop_sequence":11,"segment_first_lat":34.2155040747,"segment_first_lon":-118.4487626509,"segment_second_lat":34.2160646508,"segment_second_lon":-118.4487613635,"segment_sequence":110001,"segment_id":6,"segment_len_meter":62.333330721712855,"segment_cum_len":11403.397934570172,"stop_segment_distance":15.135563736416998}
