{"route_id":"102","stop_id":"2780","stop_lat":33.964917,"stop_lon":-118.385548,"stop_sequence":9,"segment_first_lat":33.9650040023,"segment_first_lon":-118.3856561482,"segment_second_lat":33.965305423,"segment_second_lon":-118.3853185137,"segment_sequence":90001,"segment_id":5,"segment_len_meter":45.74820037431324,"segment_cum_len":3178.8150034736227,"stop_segment_distance":16.2438136716166}
{"route_id":"125","stop_id":"17381","stop_lat":33.903413,"stop_lon":-118.199471,"stop_sequence":61,"segment_first_lat":33.9035296284,"segment_first_lon":-118.2002589792,"segment_second_lat":33.9035399966,"segment_second_lon":-118.1994746901,"segment_sequence":600005,"segment_id":30,"segment_len_meter":72.39069566102806,"segment_cum_len":22840.07661853846,"stop_segment_distance":15.604194243372447}
{"route_id":"152","stop_id":"13037","stop_lat":34.221751,"stop_lon":-118.443241,"stop_sequence":42,"segment_first_lat":34.2216294981,"segment_first_lon":-118.440438531,"segment_second_lat":34.2216244883,"segment_second_lon":-118.4432403939,"segment_sequence":410002,"segment_id":21,"segment_len_meter":257.6138674572112,"segment_cum_len":16355.095988330402,"stop_segment_distance":14.47645417429095}
{"route_id":"163","stop_id":"6228","stop_lat":34.200906,"stop_lon":-118.553197,"stop_sequence":21,"segment_first_lat":34.2010336735,"segment_first_lon":-118.5531983389,"segment_second_lat":34.2010328307,"segment_second_lon":-118.5513363695,"segment_sequence":210001,"segment_id":11,"segment_len_meter":171.23797172802966,"segment_cum_len":7399.692283099953,"stop_segment_distance":14.654333258486105}
{"route_id":"164","stop_id":"7135","stop_lat":34.18681,"stop_lon":-118.439805,"stop_sequence":38,"segment_first_lat":34.1866847217,"segment_first_lon":-118.438862185,"segment_second_lat":34.1866837719,"segment_second_lon":-118.43980457,"segment_sequence":370005,"segment_id":19,"segment_len_meter":86.68222618403723,"segment_cum_len":13976.292366423299,"stop_segment_distance":15.18710740613244}
{"route_id":"165","stop_id":"6825","stop_lat":34.193773,"stop_lon":-118.501357,"stop_sequence":36,"segment_first_lat":34.1939014815,"segment_first_lon":-118.5028989694,"segment_second_lat":34.1939032069,"segment_second_lon":-118.5013579517,"segment_sequence":350003,"segment_id":18,"segment_len_meter":141.7334064895105,"segment_cum_len":13572.850260307858,"stop_segment_distance":15.283889002880755}
{"route_id":"165","stop_id":"6835","stop_lat":34.19366,"stop_lon":-118.588104,"stop_sequence":16,"segment_first_lat":34.1937865323,"segment_first_lon":-118.5881046383,"segment_second_lat":34.1937808045,"segment_second_lon":-118.5864544362,"segment_sequence":160001,"segment_id":8,"segment_len_meter":151.77693234963667,"segment_cum_len":5745.957574193452,"stop_segment_distance":14.603446332671211}
{"route_id":"166","stop_id":"12508","stop_lat":34.235317,"stop_lon":-118.453722,"stop_sequence":46,"segment_first_lat":34.2354513796,"segment_first_lon":-118.455300736,"segment_second_lat":34.235442468,"segment_second_lon":-118.4537225018,"segment_sequence":450004,"segment_id":23,"segment_len_meter":145.08805360045366,"segment_cum_len":19287.794518326988,"stop_segment_distance":14.761520674043823}
{"route_id":"169","stop_id":"6894","stop_lat":34.193581,"stop_lon":-118.631662,"stop_sequence":38,"segment_first_lat":34.1937088869,"segment_first_lon":-118.633415774,"segment_second_lat":34.1937078846,"segment_second_lon":-118.6316630862,"segment_sequence":370003,"segment_id":19,"segment_len_meter":161.2017925259403,"segment_cum_len":15711.063838680224,"stop_segment_distance":14.834883766552423}
{"route_id":"176","stop_id":"4634","stop_lat":34.051729,"stop_lon":-118.05582,"stop_sequence":23,"segment_first_lat":34.0518175414,"segment_first_lon":-118.0599730765,"segment_second_lat":34.0518275012,"segment_second_lon":-118.0558200847,"segment_sequence":220002,"segment_id":11,"segment_len_meter":382.61048594215026,"segment_cum_len":8252.426732171538,"stop_segment_distance":11.085906743405076}
{"route_id":"201","stop_id":"15876","stop_lat":34.146968,"stop_lon":-118.258214,"stop_sequence":13,"segment_first_lat":34.14683645,"segment_first_lon":-118.2582140603,"segment_second_lat":34.1468423529,"segment_second_lon":-118.2604581971,"segment_sequence":130001,"segment_id":7,"segment_len_meter":206.51798829863918,"segment_cum_len":3305.4008009031704,"stop_segment_distance":15.104082174619464}
{"route_id":"222","stop_id":"2473","stop_lat":34.101494,"stop_lon":-118.328324,"stop_sequence":7,"segment_first_lat":34.1016159788,"segment_first_lon":-118.3288168251,"segment_second_lat":34.1016192407,"segment_second_lon":-118.3283246531,"segment_sequence":60003,"segment_id":3,"segment_len_meter":45.31786756024771,"segment_cum_len":1465.9861017912058,"stop_segment_distance":15.968721932328386}
{"route_id":"222","stop_id":"2499","stop_lat":34.202883,"stop_lon":-118.348616,"stop_sequence":38,"segment_first_lat":34.1996126724,"segment_first_lon":-118.3488278175,"segment_second_lat":34.2028855701,"segment_second_lon":-118.3487710431,"segment_sequence":370001,"segment_id":19,"segment_len_meter":363.96707279318684,"segment_cum_len":15037.196872808248,"stop_segment_distance":14.459400320705583}
{"route_id":"230","stop_id":"14190","stop_lat":34.28124,"stop_lon":-118.447208,"stop_sequence":7,"segment_first_lat":34.2811448218,"segment_first_lon":-118.4471102708,"segment_second_lat":34.2808481934,"segment_second_lon":-118.4475175113,"segment_sequence":70001,"segment_id":4,"segment_len_meter":49.87913531788869,"segment_cum_len":2089.774092193748,"stop_segment_distance":16.026688939996838}
{"route_id":"234","stop_id":"14524","stop_lat":34.257451,"stop_lon":-118.46754,"stop_sequence":37,"segment_first_lat":34.260916964,"segment_first_lon":-118.4673475182,"segment_second_lat":34.2574489557,"segment_second_lon":-118.4673886615,"segment_sequence":360002,"segment_id":18,"segment_len_meter":385.64346588163164,"segment_cum_len":13563.491209473701,"stop_segment_distance":14.070443524352754}
{"route_id":"237","stop_id":"12091","stop_lat":34.105319,"stop_lon":-118.337324,"stop_sequence":6,"segment_first_lat":34.1053179747,"segment_first_lon":-118.337469776,"segment_second_lat":34.1067773584,"segment_second_lon":-118.3374756663,"segment_sequence":60001,"segment_id":3,"segment_len_meter":162.27696966158362,"segment_cum_len":2044.9834991153157,"stop_segment_distance":13.9073189140274}
{"route_id":"237","stop_id":"15388","stop_lat":34.139623,"stop_lon":-118.367692,"stop_sequence":19,"segment_first_lat":34.1395050762,"segment_first_lon":-118.3677570851,"segment_second_lat":34.1398532589,"segment_second_lon":-118.368650905,"segment_sequence":190001,"segment_id":10,"segment_len_meter":90.91637707188454,"segment_cum_len":7630.999099656769,"stop_segment_distance":15.389361687367554}
{"route_id":"252","stop_id":"11126","stop_lat":34.08505,"stop_lon":-118.186704,"stop_sequence":18,"segment_first_lat":34.0850357779,"segment_first_lon":-118.1869911598,"segment_second_lat":34.0851295372,"segment_second_lon":-118.1867767011,"segment_sequence":170009,"segment_id":9,"segment_len_meter":22.332820523320084,"segment_cum_len":7560.207851957559,"stop_segment_distance":15.252196973501608}
{"route_id":"258","stop_id":"3270","stop_lat":34.115594,"stop_lon":-118.160728,"stop_sequence":10,"segment_first_lat":34.1157219306,"segment_first_lon":-118.1607318245,"segment_second_lat":34.1157236821,"segment_second_lon":-118.1604477013,"segment_sequence":100001,"segment_id":5,"segment_len_meter":26.156822066872806,"segment_cum_len":2471.9978942446082,"stop_segment_distance":17.632613684320624}
{"route_id":"267","stop_id":"142131","stop_lat":34.194505,"stop_lon":-118.147629,"stop_sequence":82,"segment_first_lat":34.1956141846,"segment_first_lon":-118.1506637632,"segment_second_lat":34.1946235391,"segment_second_lon":-118.147572984,"segment_sequence":810002,"segment_id":41,"segment_len_meter":304.8632475780008,"segment_cum_len":26580.816210244375,"stop_segment_distance":14.439295322880753}
{"route_id":"267","stop_id":"5245","stop_lat":34.140657,"stop_lon":-118.141209,"stop_sequence":49,"segment_first_lat":34.1406558662,"segment_first_lon":-118.1413602109,"segment_second_lat":34.1421517884,"segment_second_lon":-118.1413766214,"segment_sequence":490001,"segment_id":25,"segment_len_meter":166.34581542924352,"segment_cum_len":16960.146000144727,"stop_segment_distance":14.498193685247827}
{"route_id":"268","stop_id":"12573","stop_lat":34.189045,"stop_lon":-118.178346,"stop_sequence":86,"segment_first_lat":34.1891793935,"segment_first_lon":-118.1784086246,"segment_second_lat":34.1889528113,"segment_second_lon":-118.1785152776,"segment_sequence":890017,"segment_id":45,"segment_len_meter":27.03720721182144,"segment_cum_len":34838.1848555369,"stop_segment_distance":7.6198983909424385}
{"route_id":"40","stop_id":"13587","stop_lat":33.941554,"stop_lon":-118.352787,"stop_sequence":63,"segment_first_lat":33.9415539597,"segment_first_lon":-118.3526354322,"segment_second_lat":33.9409274559,"segment_second_lon":-118.3526327951,"segment_sequence":630001,"segment_id":32,"segment_len_meter":69.66446883186984,"segment_cum_len":23962.972360542826,"stop_segment_distance":15.423350482431402}
{"route_id":"487","stop_id":"3890","stop_lat":34.106107,"stop_lon":-118.090882,"stop_sequence":22,"segment_first_lat":34.1052111241,"segment_first_lon":-118.0910234972,"segment_second_lat":34.1061069194,"segment_second_lon":-118.0910360343,"segment_sequence":210002,"segment_id":11,"segment_len_meter":99.61458060091509,"segment_cum_len":19761.504310342625,"stop_segment_distance":15.032381936108763}
{"route_id":"51","stop_id":"7377","stop_lat":34.056494,"stop_lon":-118.277021,"stop_sequence":9,"segment_first_lat":34.056980959,"segment_first_lon":-118.2778909075,"segment_second_lat":34.0565604298,"segment_second_lon":-118.2769796256,"segment_sequence":80005,"segment_id":4,"segment_len_meter":96.09468530753736,"segment_cum_len":2231.9143673813655,"stop_segment_distance":8.934175485428383}
{"route_id":"53","stop_id":"13180","stop_lat":34.055339,"stop_lon":-118.257631,"stop_sequence":80,"segment_first_lat":34.0546226854,"segment_first_lon":-118.2583586392,"segment_second_lat":34.0553808539,"segment_second_lon":-118.2577010263,"segment_sequence":790021,"segment_id":40,"segment_len_meter":103.81474049108667,"segment_cum_len":25546.039738201824,"stop_segment_distance":8.244384196918958}
{"route_id":"534","stop_id":"12736","stop_lat":34.040203,"stop_lon":-118.560391,"stop_sequence":10,"segment_first_lat":34.039995072,"segment_first_lon":-118.5601514791,"segment_second_lat":34.0400871452,"segment_second_lon":-118.5604435613,"segment_sequence":90010,"segment_id":5,"segment_len_meter":28.794420915678636,"segment_cum_len":8630.452713110342,"stop_segment_distance":16.93132220209855}
{"route_id":"55","stop_id":"823","stop_lat":34.004165,"stop_lon":-118.247348,"stop_sequence":36,"segment_first_lat":34.0040073774,"segment_first_lon":-118.247687258,"segment_second_lat":34.0042422106,"segment_second_lon":-118.2474725017,"segment_sequence":350009,"segment_id":18,"segment_len_meter":32.76802720738302,"segment_cum_len":10416.121551930384,"stop_segment_distance":17.413994161979126}
{"route_id":"62","stop_id":"1216","stop_lat":34.041238,"stop_lon":-118.243777,"stop_sequence":10,"segment_first_lat":34.0416984335,"segment_first_lon":-118.2443296001,"segment_second_lat":34.0413171854,"segment_second_lon":-118.2437085843,"segment_sequence":90002,"segment_id":5,"segment_len_meter":71.21310722995888,"segment_cum_len":3654.7939468386817,"stop_segment_distance":11.821844375438886}
{"route_id":"66","stop_id":"7423","stop_lat":34.057646,"stop_lon":-118.295147,"stop_sequence":8,"segment_first_lat":34.0577456951,"segment_first_lon":-118.2951471777,"segment_second_lat":34.0577503582,"segment_second_lon":-118.2941369295,"segment_sequence":80001,"segment_id":4,"segment_len_meter":93.06758471230172,"segment_cum_len":2113.457156688243,"stop_segment_distance":11.788615033056445}
{"route_id":"76","stop_id":"16399","stop_lat":34.077797,"stop_lon":-118.138507,"stop_sequence":30,"segment_first_lat":34.0776714246,"segment_first_lon":-118.1384963466,"segment_second_lat":34.0776372283,"segment_second_lon":-118.1390814562,"segment_sequence":300001,"segment_id":15,"segment_len_meter":54.022822629430884,"segment_cum_len":10235.89483409358,"stop_segment_distance":15.785701908953719}
{"route_id":"794","stop_id":"10616","stop_lat":34.162032,"stop_lon":-118.28264,"stop_sequence":19,"segment_first_lat":34.1618153566,"segment_first_lon":-118.2825699375,"segment_second_lat":34.1619430244,"segment_second_lon":-118.2827339981,"segment_sequence":180040,"segment_id":9,"segment_len_meter":20.721630813545147,"segment_cum_len":17536.441467959743,"stop_segment_distance":17.35650940198572}
{"route_id":"81","stop_id":"13424","stop_lat":34.016268,"stop_lon":-118.282907,"stop_sequence":65,"segment_first_lat":34.0165155359,"segment_first_lon":-118.2827558958,"segment_second_lat":34.0162682299,"segment_second_lon":-118.2827550604,"segment_sequence":640012,"segment_id":32,"segment_len_meter":27.499280321252748,"segment_cum_len":21871.27578762566,"stop_segment_distance":17.35206279455155}
{"route_id":"94","stop_id":"11036","stop_lat":34.20275,"stop_lon":-118.34893,"stop_sequence":31,"segment_first_lat":34.2027481688,"segment_first_lon":-118.3487734458,"segment_second_lat":34.1994752711,"segment_second_lon":-118.3488302201,"segment_sequence":310001,"segment_id":16,"segment_len_meter":363.9670727833321,"segment_cum_len":14475.008698679576,"stop_segment_distance":14.680589269273014}
{"route_id":"94","stop_id":"2460","stop_lat":34.034893,"stop_lon":-118.264529,"stop_sequence":98,"segment_first_lat":34.0354056797,"segment_first_lon":-118.2639763995,"segment_second_lat":34.0348399993,"segment_second_lon":-118.2644304296,"segment_sequence":970003,"segment_id":49,"segment_len_meter":75.54384878684945,"segment_cum_len":40900.504559874054,"stop_segment_distance":11.721194824004144}
{"route_id":"96","stop_id":"18009","stop_lat":34.174287,"stop_lon":-118.30024,"stop_sequence":10,"segment_first_lat":34.1744276722,"segment_first_lon":-118.2998772011,"segment_second_lat":34.1741989832,"segment_second_lon":-118.3001250005,"segment_sequence":90003,"segment_id":5,"segment_len_meter":34.151287688071655,"segment_cum_len":3069.8834532023566,"stop_segment_distance":17.12021161525127}
