{"route_id":"102","stop_id":"1412","stop_lat":33.974627,"stop_lon":-118.247924,"stop_sequence":78,"segment_first_lat":33.9747531927,"segment_first_lon":-118.2479203326,"segment_second_lat":33.9747482383,"segment_second_lon":-118.2476567884,"segment_sequence":780001,"segment_id":39,"segment_len_meter":24.308224582918704,"segment_cum_len":25983.099166579585,"stop_segment_distance":17.81481024281441}
{"route_id":"102","stop_id":"891","stop_lat":34.005441,"stop_lon":-118.3335,"stop_sequence":33,"segment_first_lat":34.0053882912,"segment_first_lon":-118.3337674738,"segment_second_lat":34.0055021278,"segment_second_lon":-118.3335415846,"segment_sequence":320014,"segment_id":16,"segment_len_meter":24.367820936988732,"segment_cum_len":11542.480382675356,"stop_segment_distance":8.778133072076177}
{"route_id":"117","stop_id":"1306","stop_lat":33.945484,"stop_lon":-118.265417,"stop_sequence":32,"segment_first_lat":33.9456064713,"segment_first_lon":-118.2673301288,"segment_second_lat":33.9456131678,"segment_second_lon":-118.2654178342,"segment_sequence":310002,"segment_id":16,"segment_len_meter":176.39880937209725,"segment_cum_len":13526.649812302501,"stop_segment_distance":14.963187076521052}
{"route_id":"120","stop_id":"14864","stop_lat":33.941999,"stop_lon":-118.055549,"stop_sequence":24,"segment_first_lat":33.941872605,"segment_first_lon":-118.0555490055,"segment_second_lat":33.9418716635,"segment_second_lon":-118.0575568402,"segment_sequence":240001,"segment_id":12,"segment_len_meter":185.21837755221097,"segment_cum_len":8639.782128158158,"stop_segment_distance":14.5952385203218}
{"route_id":"130","stop_id":"15861","stop_lat":33.873,"stop_lon":-118.308936,"stop_sequence":52,"segment_first_lat":33.8728638575,"segment_first_lon":-118.3061612639,"segment_second_lat":33.8728694184,"segment_second_lon":-118.308935034,"segment_sequence":510002,"segment_id":26,"segment_len_meter":256.08217723555293,"segment_cum_len":25977.212788720128,"stop_segment_distance":15.055436037784773}
{"route_id":"150","stop_id":"20260","stop_lat":34.145713,"stop_lon":-118.418024,"stop_sequence":60,"segment_first_lat":34.1458372749,"segment_first_lon":-118.4179946509,"segment_second_lat":34.1454063438,"segment_second_lon":-118.4153815492,"segment_sequence":600001,"segment_id":30,"segment_len_meter":245.20202460375344,"segment_cum_len":21932.871107781422,"stop_segment_distance":14.4327605360495}
{"route_id":"155","stop_id":"702","stop_lat":34.157535,"stop_lon":-118.396713,"stop_sequence":18,"segment_first_lat":34.1576362822,"segment_first_lon":-118.3976787072,"segment_second_lat":34.1576350563,"segment_second_lon":-118.3967135022,"segment_sequence":170005,"segment_id":9,"segment_len_meter":88.8118516076192,"segment_cum_len":6198.054687257961,"stop_segment_distance":11.88285274249948}
{"route_id":"164","stop_id":"8156","stop_lat":34.185002,"stop_lon":-118.358322,"stop_sequence":18,"segment_first_lat":34.1848614374,"segment_first_lon":-118.3574948443,"segment_second_lat":34.184874919,"segment_second_lon":-118.3583248459,"segment_sequence":170003,"segment_id":9,"segment_len_meter":76.36130687822906,"segment_cum_len":6409.898261006616,"stop_segment_distance":15.445443360402265}
{"route_id":"167","stop_id":"18185","stop_lat":34.242626,"stop_lon":-118.540116,"stop_sequence":18,"segment_first_lat":34.2427533081,"segment_first_lon":-118.5401169106,"segment_second_lat":34.2427614642,"segment_second_lon":-118.5387801802,"segment_sequence":180001,"segment_id":9,"segment_len_meter":122.87626895083508,"segment_cum_len":7500.9123617855485,"stop_segment_distance":14.989762892194818}
{"route_id":"169","stop_id":"11252","stop_lat":34.224515,"stop_lon":-118.448605,"stop_sequence":95,"segment_first_lat":34.2245020959,"segment_first_lon":-118.4487551061,"segment_second_lat":34.2247753885,"segment_second_lon":-118.4487883332,"segment_sequence":950001,"segment_id":48,"segment_len_meter":30.54191597617634,"segment_cum_len":39032.19492376622,"stop_segment_distance":16.83615778564139}
{"route_id":"169","stop_id":"6598","stop_lat":34.186685,"stop_lon":-118.60604,"stop_sequence":4,"segment_first_lat":34.1866860862,"segment_first_lon":-118.6058851421,"segment_second_lat":34.1861667364,"segment_second_lon":-118.6058836897,"segment_sequence":40001,"segment_id":2,"segment_len_meter":57.74921744027623,"segment_cum_len":1178.5199858618928,"stop_segment_distance":15.890150105596767}
{"route_id":"169","stop_id":"6741","stop_lat":34.190641,"stop_lon":-118.656272,"stop_sequence":30,"segment_first_lat":34.190583923,"segment_first_lon":-118.6564069001,"segment_second_lat":34.1913442169,"segment_second_lon":-118.6568731892,"segment_sequence":300001,"segment_id":15,"segment_len_meter":94.79726465620512,"segment_cum_len":12956.874801288572,"stop_segment_distance":14.909648505969656}
{"route_id":"176","stop_id":"10683","stop_lat":34.106708,"stop_lon":-118.13538,"stop_sequence":76,"segment_first_lat":34.1066709256,"segment_first_lon":-118.1354517024,"segment_second_lat":34.1073369623,"segment_second_lon":-118.1359826572,"segment_sequence":760001,"segment_id":38,"segment_len_meter":88.73857440214206,"segment_cum_len":27908.092158991843,"stop_segment_distance":8.318787779246023}
{"route_id":"180","stop_id":"10114","stop_lat":34.189372,"stop_lon":-118.136172,"stop_sequence":92,"segment_first_lat":34.1888675912,"segment_first_lon":-118.1348423098,"segment_second_lat":34.1893054511,"segment_second_lon":-118.1362033959,"segment_sequence":910006,"segment_id":46,"segment_len_meter":134.3257081427955,"segment_cum_len":27947.077453096714,"stop_segment_distance":8.168817621746939}
{"route_id":"180","stop_id":"3669","stop_lat":34.161298,"stop_lon":-118.132329,"stop_sequence":80,"segment_first_lat":34.16070448,"segment_first_lon":-118.1325027924,"segment_second_lat":34.1612980169,"segment_second_lon":-118.1325060475,"segment_sequence":790003,"segment_id":40,"segment_len_meter":65.99897162088872,"segment_cum_len":24529.448592620643,"stop_segment_distance":18.197059053761862}
{"route_id":"180","stop_id":"7578","stop_lat":34.145616,"stop_lon":-118.157431,"stop_sequence":65,"segment_first_lat":34.1457434754,"segment_first_lon":-118.1574316994,"segment_second_lat":34.145750036,"segment_second_lon":-118.1559742135,"segment_sequence":650001,"segment_id":33,"segment_len_meter":134.12902498150697,"segment_cum_len":20640.7976164514,"stop_segment_distance":14.934439776937438}
{"route_id":"2","stop_id":"8009","stop_lat":34.07422,"stop_lon":-118.252168,"stop_sequence":72,"segment_first_lat":34.0742995221,"segment_first_lon":-118.2520419396,"segment_second_lat":34.0741873325,"segment_second_lon":-118.2519468295,"segment_sequence":720001,"segment_id":36,"segment_len_meter":15.24341348759168,"segment_cum_len":22277.328625404898,"stop_segment_distance":20.043055653786382}
{"route_id":"206","stop_id":"13784","stop_lat":34.052355,"stop_lon":-118.3001,"stop_sequence":24,"segment_first_lat":34.0526331638,"segment_first_lon":-118.2999886804,"segment_second_lat":34.0523584011,"segment_second_lon":-118.2999787817,"segment_sequence":230010,"segment_id":12,"segment_len_meter":30.56582544519768,"segment_cum_len":7038.2169188654625,"stop_segment_distance":13.19447715239638}
{"route_id":"209","stop_id":"8593","stop_lat":34.025519,"stop_lon":-118.328941,"stop_sequence":45,"segment_first_lat":34.0252575729,"segment_first_lon":-118.3289689574,"segment_second_lat":34.0255180413,"segment_second_lon":-118.328979882,"segment_sequence":440012,"segment_id":22,"segment_len_meter":28.98025780433612,"segment_cum_len":17023.897109254303,"stop_segment_distance":3.787901690569619}
{"route_id":"222","stop_id":"7651","stop_lat":34.259596,"stop_lon":-118.318127,"stop_sequence":65,"segment_first_lat":34.2597239586,"segment_first_lon":-118.3184621022,"segment_second_lat":34.2597215313,"segment_second_lon":-118.3181311419,"segment_sequence":640003,"segment_id":32,"segment_len_meter":30.417099602617164,"segment_cum_len":26411.75796319745,"stop_segment_distance":17.471079315558534}
{"route_id":"239","stop_id":"20022","stop_lat":34.279202,"stop_lon":-118.510765,"stop_sequence":40,"segment_first_lat":34.2793388827,"segment_first_lon":-118.5108852935,"segment_second_lat":34.2793229096,"segment_second_lon":-118.5081508765,"segment_sequence":400002,"segment_id":20,"segment_len_meter":251.24598295423112,"segment_cum_len":15968.680361890405,"stop_segment_distance":8.12762519186714}
{"route_id":"256","stop_id":"2585","stop_lat":34.086198,"stop_lon":-118.186878,"stop_sequence":40,"segment_first_lat":34.0862610113,"segment_first_lon":-118.1871953601,"segment_second_lat":34.0862716631,"segment_second_lon":-118.186882294,"segment_sequence":390014,"segment_id":20,"segment_len_meter":28.85490454810309,"segment_cum_len":12018.089143750703,"stop_segment_distance":9.399762718991798}
{"route_id":"35","stop_id":"16452","stop_lat":34.040691,"stop_lon":-118.357529,"stop_sequence":74,"segment_first_lat":34.0410123148,"segment_first_lon":-118.3566195086,"segment_second_lat":34.0405842106,"segment_second_lon":-118.3574508181,"segment_sequence":730015,"segment_id":37,"segment_len_meter":90.18417729900943,"segment_cum_len":22999.594818112695,"stop_segment_distance":14.804055598357635}
{"route_id":"4","stop_id":"16927","stop_lat":34.060901,"stop_lon":-118.24398,"stop_sequence":13,"segment_first_lat":34.0608100682,"segment_first_lon":-118.2440902513,"segment_second_lat":34.0612461936,"segment_second_lon":-118.2446145054,"segment_sequence":130001,"segment_id":7,"segment_len_meter":68.43990190780103,"segment_cum_len":4181.534466107823,"stop_segment_distance":15.81753630122499}
{"route_id":"40","stop_id":"9441","stop_lat":33.992858,"stop_lon":-118.33095,"stop_sequence":44,"segment_first_lat":33.9928579521,"segment_first_lon":-118.3307966198,"segment_second_lat":33.9908822181,"segment_second_lon":-118.330803329,"segment_sequence":440001,"segment_id":22,"segment_len_meter":219.69246796016404,"segment_cum_len":16784.66040759096,"stop_segment_distance":14.560707302772812}
{"route_id":"460","stop_id":"25015","stop_lat":33.881961,"stop_lon":-117.99796,"stop_sequence":49,"segment_first_lat":33.8820705305,"segment_first_lon":-117.9976465675,"segment_second_lat":33.8818779115,"segment_second_lon":-117.9978406236,"segment_sequence":490008,"segment_id":25,"segment_len_meter":27.922162584921345,"segment_cum_len":47431.707885807926,"stop_segment_distance":17.850973349124537}
{"route_id":"534","stop_id":"14382","stop_lat":34.014164,"stop_lon":-118.494847,"stop_sequence":3,"segment_first_lat":34.0140872732,"segment_first_lon":-118.4947642712,"segment_second_lat":34.0135545723,"segment_second_lon":-118.4954732195,"segment_sequence":30001,"segment_id":2,"segment_len_meter":88.195295458015,"segment_cum_len":968.954176582314,"stop_segment_distance":12.261536794641131}
{"route_id":"60","stop_id":"12697","stop_lat":33.991238,"stop_lon":-118.225362,"stop_sequence":32,"segment_first_lat":33.9920267769,"segment_first_lon":-118.2252125503,"segment_second_lat":33.9912381456,"segment_second_lon":-118.225210429,"segment_sequence":310003,"segment_id":16,"segment_len_meter":87.6920176341687,"segment_cum_len":10386.978927992186,"stop_segment_distance":15.06560780146269}
{"route_id":"603","stop_id":"12962","stop_lat":34.104101,"stop_lon":-118.253302,"stop_sequence":23,"segment_first_lat":34.1041642611,"segment_first_lon":-118.253212487,"segment_second_lat":34.1033797978,"segment_second_lon":-118.2523981563,"segment_sequence":230001,"segment_id":12,"segment_len_meter":115.02322621329725,"segment_cum_len":7100.101286029281,"stop_segment_distance":11.38222326412145}
{"route_id":"70","stop_id":"142080","stop_lat":34.055575,"stop_lon":-118.178612,"stop_sequence":30,"segment_first_lat":34.0556870561,"segment_first_lon":-118.178909696,"segment_second_lat":34.0556710088,"segment_second_lon":-118.1786125332,"segment_sequence":290004,"segment_id":15,"segment_len_meter":27.434007812773125,"segment_cum_len":10551.095487302138,"stop_segment_distance":13.364658919871424}
{"route_id":"70","stop_id":"3169","stop_lat":34.054405,"stop_lon":-118.202528,"stop_sequence":24,"segment_first_lat":34.0544655088,"segment_first_lon":-118.2024789406,"segment_second_lat":34.0544245068,"segment_second_lon":-118.2023500875,"segment_sequence":240002,"segment_id":12,"segment_len_meter":12.71610627935813,"segment_cum_len":8337.760147266656,"stop_segment_distance":11.922453859789933}
{"route_id":"70","stop_id":"5370","stop_lat":34.04065,"stop_lon":-118.260936,"stop_sequence":6,"segment_first_lat":34.0399638022,"segment_first_lon":-118.2617231198,"segment_second_lat":34.0407094275,"segment_second_lon":-118.2610289741,"segment_sequence":50005,"segment_id":3,"segment_len_meter":104.7130069887796,"segment_cum_len":1259.6020082756481,"stop_segment_distance":11.377111555534086}
{"route_id":"704","stop_id":"8011","stop_lat":34.076712,"stop_lon":-118.257555,"stop_sequence":29,"segment_first_lat":34.0772211006,"segment_first_lon":-118.2583954205,"segment_second_lat":34.0768254238,"segment_second_lon":-118.2574867349,"segment_sequence":280015,"segment_id":14,"segment_len_meter":94.55121525126737,"segment_cum_len":26693.90569805196,"stop_segment_distance":15.43677435576987}
{"route_id":"78","stop_id":"2587","stop_lat":34.080636,"stop_lon":-118.191103,"stop_sequence":27,"segment_first_lat":34.080029852,"segment_first_lon":-118.1918080615,"segment_second_lat":34.0806963504,"segment_second_lon":-118.1911996338,"segment_sequence":260016,"segment_id":13,"segment_len_meter":92.91048436381861,"segment_cum_len":10022.608882932547,"stop_segment_distance":11.826917668619828}
{"route_id":"81","stop_id":"9334","stop_lat":34.139351,"stop_lon":-118.201657,"stop_sequence":10,"segment_first_lat":34.1394660074,"segment_first_lon":-118.2021164481,"segment_second_lat":34.1394788596,"segment_second_lon":-118.2016604252,"segment_sequence":90005,"segment_id":5,"segment_len_meter":41.99354296357403,"segment_cum_len":2454.005281532293,"stop_segment_distance":16.40326263309366}
{"route_id":"90","stop_id":"12098","stop_lat":34.062916,"stop_lon":-118.239581,"stop_sequence":84,"segment_first_lat":34.0644318362,"segment_first_lon":-118.2386905266,"segment_second_lat":34.0628780204,"segment_second_lon":-118.2394705809,"segment_sequence":830002,"segment_id":42,"segment_len_meter":187.12259464719446,"segment_cum_len":30238.77252765005,"stop_segment_distance":11.343520361252558}
{"route_id":"94","stop_id":"14231","stop_lat":34.170196,"stop_lon":-118.294298,"stop_sequence":53,"segment_first_lat":34.1709112621,"segment_first_lon":-118.2950510577,"segment_second_lat":34.1702898389,"segment_second_lon":-118.294200883,"segment_sequence":520002,"segment_id":26,"segment_len_meter":104.36636004541579,"segment_cum_len":22208.95414735168,"stop_segment_distance":14.847710126970625}
