{"route_id":"105","stop_id":"10249","stop_lat":34.004061,"stop_lon":-118.238713,"stop_sequence":5,"segment_first_lat":34.0039418497,"segment_first_lon":-118.2365186233,"segment_second_lat":34.003935057,"segment_second_lon":-118.2387126991,"segment_sequence":40002,"segment_id":2,"segment_len_meter":202.2524095978504,"segment_cum_len":1109.545160902287,"stop_segment_distance":14.46385320400762}
{"route_id":"105","stop_id":"16426","stop_lat":34.003848,"stop_lon":-118.308679,"stop_sequence":21,"segment_first_lat":34.0037206708,"segment_first_lon":-118.3077946242,"segment_second_lat":34.0037206108,"segment_second_lon":-118.3086788602,"segment_sequence":200005,"segment_id":10,"segment_len_meter":81.50952387085947,"segment_cum_len":7559.321254445791,"stop_segment_distance":15.398204008900748}
{"route_id":"117","stop_id":"6641","stop_lat":33.943456,"stop_lon":-118.199893,"stop_sequence":54,"segment_first_lat":33.9436856324,"segment_first_lon":-118.2008363351,"segment_second_lat":33.9435814422,"segment_second_lon":-118.1998720392,"segment_sequence":530004,"segment_id":27,"segment_len_meter":89.70362903872352,"segment_cum_len":20125.84838254163,"stop_segment_distance":15.066015582879729}
{"route_id":"152","stop_id":"7212","stop_lat":34.215984,"stop_lon":-118.370165,"stop_sequence":17,"segment_first_lat":34.2159839312,"segment_first_lon":-118.3703157471,"segment_second_lat":34.2167203628,"segment_second_lon":-118.3703166976,"segment_sequence":170001,"segment_id":9,"segment_len_meter":81.88750437983528,"segment_cum_len":6928.110586471757,"stop_segment_distance":15.033048194282472}
{"route_id":"161","stop_id":"11213","stop_lat":34.145129,"stop_lon":-118.761075,"stop_sequence":34,"segment_first_lat":34.145044342,"segment_first_lon":-118.7609120251,"segment_second_lat":34.1450528774,"segment_second_lon":-118.7610839653,"segment_sequence":330021,"segment_id":17,"segment_len_meter":15.85159031476327,"segment_cum_len":21014.229220517565,"stop_segment_distance":10.360528745947578}
{"route_id":"161","stop_id":"2986","stop_lat":34.139585,"stop_lon":-118.819675,"stop_sequence":49,"segment_first_lat":34.1394245355,"segment_first_lon":-118.8197926365,"segment_second_lat":34.1397755338,"segment_second_lon":-118.8199018347,"segment_sequence":490002,"segment_id":25,"segment_len_meter":40.30235791579753,"segment_cum_len":28825.84447048718,"stop_segment_distance":10.311763709379207}
{"route_id":"176","stop_id":"9936","stop_lat":34.068607,"stop_lon":-118.070317,"stop_sequence":48,"segment_first_lat":34.0686454691,"segment_first_lon":-118.0701385911,"segment_second_lat":34.068555263,"segment_second_lon":-118.0702696021,"segment_sequence":470010,"segment_id":24,"segment_len_meter":15.691834227758324,"segment_cum_len":18337.86100813997,"stop_segment_distance":8.510980318233873}
{"route_id":"207","stop_id":"5760","stop_lat":33.97494,"stop_lon":-118.30881,"stop_sequence":16,"segment_first_lat":33.9749420517,"segment_first_lon":-118.3089656038,"segment_second_lat":33.9753872103,"segment_second_lon":-118.3089636181,"segment_sequence":160001,"segment_id":8,"segment_len_meter":49.49971653576858,"segment_cum_len":7206.9147657669,"stop_segment_distance":16.556373790235945}
{"route_id":"211","stop_id":"12866","stop_lat":33.934712,"stop_lon":-118.344055,"stop_sequence":42,"segment_first_lat":33.9348359446,"segment_first_lon":-118.3439006234,"segment_second_lat":33.9347095447,"segment_second_lon":-118.3439001045,"segment_sequence":410006,"segment_id":21,"segment_len_meter":14.05510913352825,"segment_cum_len":14450.965238918343,"stop_segment_distance":20.056172785965998}
{"route_id":"212","stop_id":"11027","stop_lat":34.101686,"stop_lon":-118.343147,"stop_sequence":8,"segment_first_lat":34.1015485878,"segment_first_lon":-118.3422013368,"segment_second_lat":34.1015599124,"segment_second_lon":-118.3431497471,"segment_sequence":70004,"segment_id":4,"segment_len_meter":87.33340427703551,"segment_cum_len":1860.3955410467572,"stop_segment_distance":15.09098632113772}
{"route_id":"212","stop_id":"5182","stop_lat":34.054424,"stop_lon":-118.343752,"stop_sequence":26,"segment_first_lat":34.0552028909,"segment_first_lon":-118.3441213813,"segment_second_lat":34.0544912635,"segment_second_lon":-118.3436133408,"segment_sequence":250016,"segment_id":13,"segment_len_meter":91.93479966035004,"segment_cum_len":7398.666294656529,"stop_segment_distance":15.921923708443572}
{"route_id":"224","stop_id":"5843","stop_lat":34.263101,"stop_lon":-118.418711,"stop_sequence":39,"segment_first_lat":34.2601378148,"segment_first_lon":-118.4157738669,"segment_second_lat":34.2630188999,"segment_second_lon":-118.4188268129,"segment_sequence":380002,"segment_id":19,"segment_len_meter":425.8507577656073,"segment_cum_len":15718.521386802313,"stop_segment_distance":14.10828733867487}
{"route_id":"232","stop_id":"23200096","stop_lat":33.822821,"stop_lon":-118.38527,"stop_sequence":56,"segment_first_lat":33.8225433985,"segment_first_lon":-118.3854101689,"segment_second_lat":33.8228178615,"segment_second_lon":-118.3854242697,"segment_sequence":550005,"segment_id":28,"segment_len_meter":30.54667854553405,"segment_cum_len":23041.00558452735,"stop_segment_distance":17.182162623543597}
{"route_id":"234","stop_id":"10977","stop_lat":34.078001,"stop_lon":-118.439296,"stop_sequence":71,"segment_first_lat":34.0780455543,"segment_first_lon":-118.4391837829,"segment_second_lat":34.0778920716,"segment_second_lon":-118.4390740001,"segment_sequence":710002,"segment_id":36,"segment_len_meter":19.836777390060753,"segment_cum_len":40091.37124744269,"stop_segment_distance":15.38905909161479}
{"route_id":"236","stop_id":"342","stop_lat":34.231995,"stop_lon":-118.502414,"stop_sequence":19,"segment_first_lat":34.2311479264,"segment_first_lon":-118.5025774438,"segment_second_lat":34.2319970793,"segment_second_lon":-118.5025653518,"segment_sequence":180002,"segment_id":9,"segment_len_meter":94.42803808209025,"segment_cum_len":7998.235219483235,"stop_segment_distance":14.869258922794629}
{"route_id":"246","stop_id":"5396","stop_lat":33.730465,"stop_lon":-118.287791,"stop_sequence":16,"segment_first_lat":33.7296900525,"segment_first_lon":-118.2879498432,"segment_second_lat":33.7304649415,"segment_second_lon":-118.2879442783,"segment_sequence":150004,"segment_id":8,"segment_len_meter":86.16526232562673,"segment_cum_len":3222.192572761232,"stop_segment_distance":15.422636641447255}
{"route_id":"258","stop_id":"3266","stop_lat":34.115586,"stop_lon":-118.162628,"stop_sequence":9,"segment_first_lat":34.1157008824,"segment_first_lon":-118.1631105179,"segment_second_lat":34.1157127943,"segment_second_lon":-118.1626314905,"segment_sequence":80010,"segment_id":4,"segment_len_meter":44.118677977977455,"segment_cum_len":2270.9434888778183,"stop_segment_distance":16.2043596595719}
{"route_id":"260","stop_id":"2145","stop_lat":33.953254,"stop_lon":-118.183594,"stop_sequence":75,"segment_first_lat":33.9532816589,"segment_first_lon":-118.1834174545,"segment_second_lat":33.9524463187,"segment_second_lon":-118.1832329517,"segment_sequence":750001,"segment_id":38,"segment_len_meter":94.43165842790391,"segment_cum_len":29448.078374336008,"stop_segment_distance":17.92540279045774}
{"route_id":"460","stop_id":"17203","stop_lat":33.887949,"stop_lon":-118.021708,"stop_sequence":43,"segment_first_lat":33.8880584744,"segment_first_lon":-118.0237578572,"segment_second_lat":33.8880742488,"segment_second_lon":-118.0217084825,"segment_sequence":430002,"segment_id":22,"segment_len_meter":189.1778571556196,"segment_cum_len":44435.035827011896,"stop_segment_distance":14.354814183344473}
{"route_id":"53","stop_id":"15688","stop_lat":34.050463,"stop_lon":-118.254137,"stop_sequence":78,"segment_first_lat":34.0503854865,"segment_first_lon":-118.2542078006,"segment_second_lat":34.0512981202,"segment_second_lon":-118.255608327,"segment_sequence":780001,"segment_id":39,"segment_len_meter":164.15525858232678,"segment_cum_len":24784.096080264022,"stop_segment_distance":10.963643243953982}
{"route_id":"611","stop_id":"11455","stop_lat":33.999951,"stop_lon":-118.21981,"stop_sequence":49,"segment_first_lat":34.0000310883,"segment_first_lon":-118.222357149,"segment_second_lat":34.0000483942,"segment_second_lon":-118.2198101843,"segment_sequence":480006,"segment_id":24,"segment_len_meter":234.79913615589098,"segment_cum_len":14626.116673068229,"stop_segment_distance":11.007806816489051}
{"route_id":"62","stop_id":"6496","stop_lat":33.945545,"stop_lon":-118.082067,"stop_sequence":46,"segment_first_lat":33.94656035,"segment_first_lon":-118.0841447638,"segment_second_lat":33.9456745566,"segment_second_lon":-118.0819885674,"segment_sequence":450005,"segment_id":23,"segment_len_meter":221.94688417110999,"segment_cum_len":23884.879635362664,"stop_segment_distance":16.615446357897696}
{"route_id":"687","stop_id":"1850","stop_lat":34.127451,"stop_lon":-118.149966,"stop_sequence":36,"segment_first_lat":34.127526608,"segment_first_lon":-118.149966101,"segment_second_lat":34.127528838,"segment_second_lon":-118.1494968996,"segment_sequence":360001,"segment_id":18,"segment_len_meter":43.18889251085008,"segment_cum_len":9785.088010865007,"stop_segment_distance":9.256163498870741}
{"route_id":"687","stop_id":"9864","stop_lat":34.146074,"stop_lon":-118.125258,"stop_sequence":20,"segment_first_lat":34.1459541168,"segment_first_lon":-118.1245474268,"segment_second_lat":34.1459445929,"segment_second_lon":-118.1252546806,"segment_sequence":190004,"segment_id":10,"segment_len_meter":65.09441240700475,"segment_cum_len":5362.2061137619585,"stop_segment_distance":16.034373367934606}
{"route_id":"70","stop_id":"7667","stop_lat":34.062388,"stop_lon":-118.122495,"stop_sequence":47,"segment_first_lat":34.0625150011,"segment_first_lon":-118.1224950127,"segment_second_lat":34.0625185647,"segment_second_lon":-118.121141323,"segment_sequence":470001,"segment_id":24,"segment_len_meter":124.69829010349595,"segment_cum_len":16854.108870835305,"stop_segment_distance":14.962483275883088}
{"route_id":"704","stop_id":"5386","stop_lat":34.090595,"stop_lon":-118.326329,"stop_sequence":22,"segment_first_lat":34.0907463367,"segment_first_lon":-118.3263299965,"segment_second_lat":34.0907489516,"segment_second_lon":-118.3244407913,"segment_sequence":220001,"segment_id":11,"segment_len_meter":173.96992159044171,"segment_cum_len":19572.792953266922,"stop_segment_distance":17.576921548716655}
{"route_id":"744","stop_id":"6810","stop_lat":34.265671,"stop_lon":-118.422437,"stop_sequence":19,"segment_first_lat":34.2657692819,"segment_first_lon":-118.4225392762,"segment_second_lat":34.2660898953,"segment_second_lon":-118.4220854744,"segment_sequence":190001,"segment_id":10,"segment_len_meter":54.863809371742676,"segment_cum_len":18153.892584267825,"stop_segment_distance":16.234735352242765}
{"route_id":"76","stop_id":"142043","stop_lat":34.06333,"stop_lon":-118.236056,"stop_sequence":55,"segment_first_lat":34.0633051894,"segment_first_lon":-118.2359036212,"segment_second_lat":34.0630577722,"segment_second_lon":-118.235959383,"segment_sequence":550001,"segment_id":28,"segment_len_meter":27.98694271507414,"segment_cum_len":20220.032541705135,"stop_segment_distance":17.869735773175666}
{"route_id":"76","stop_id":"15040","stop_lat":34.066009,"stop_lon":-118.205654,"stop_sequence":47,"segment_first_lat":34.065784629,"segment_first_lon":-118.2053459103,"segment_second_lat":34.0658906402,"segment_second_lon":-118.2057021081,"segment_sequence":460019,"segment_id":23,"segment_len_meter":34.86382626487696,"segment_cum_len":17132.505707734665,"stop_segment_distance":16.809744769648724}
{"route_id":"78","stop_id":"4486","stop_lat":34.058802,"stop_lon":-118.216415,"stop_sequence":18,"segment_first_lat":34.0586613645,"segment_first_lon":-118.2168046048,"segment_second_lat":34.0588904954,"segment_second_lon":-118.2165212647,"segment_sequence":170005,"segment_id":9,"segment_len_meter":36.47505397040774,"segment_cum_len":6548.758456099169,"stop_segment_distance":16.554730305131116}
{"route_id":"780","stop_id":"18025","stop_lat":34.128385,"stop_lon":-118.258917,"stop_sequence":18,"segment_first_lat":34.1285144911,"segment_first_lon":-118.2589538015,"segment_second_lat":34.1285946673,"segment_second_lon":-118.2587260523,"segment_sequence":180002,"segment_id":9,"segment_len_meter":22.78015656550722,"segment_cum_len":19321.052272805522,"stop_segment_distance":21.208406274997017}
{"route_id":"794","stop_id":"2641","stop_lat":34.095064,"stop_lon":-118.230894,"stop_sequence":12,"segment_first_lat":34.0943446221,"segment_first_lon":-118.2304788772,"segment_second_lat":34.0949890632,"segment_second_lon":-118.2310203608,"segment_sequence":110026,"segment_id":6,"segment_len_meter":87.29865983974702,"segment_cum_len":8535.31320740279,"stop_segment_distance":15.668050539372516}
{"route_id":"90","stop_id":"13535","stop_lat":34.125308,"stop_lon":-118.253462,"stop_sequence":70,"segment_first_lat":34.125366433,"segment_first_lon":-118.2532905883,"segment_second_lat":34.1252726694,"segment_second_lon":-118.2533197114,"segment_sequence":690008,"segment_id":35,"segment_len_meter":10.765156851013987,"segment_cum_len":21792.92504199751,"stop_segment_distance":19.972464091265053}
{"route_id":"94","stop_id":"4635","stop_lat":34.191708,"stop_lon":-118.33271,"stop_sequence":39,"segment_first_lat":34.1918092873,"segment_first_lon":-118.3327101849,"segment_second_lat":34.1918092537,"segment_second_lon":-118.332022366,"segment_sequence":390001,"segment_id":20,"segment_len_meter":63.26289843014618,"segment_cum_len":16866.567364642728,"stop_segment_distance":12.240003828453908}
