{"route_id":"105","stop_id":"5224","stop_lat":34.053621,"stop_lon":-118.375999,"stop_sequence":55,"segment_first_lat":34.0536207623,"segment_first_lon":-118.3761539358,"segment_second_lat":34.0551018571,"segment_second_lon":-118.3761579538,"segment_sequence":550001,"segment_id":28,"segment_len_meter":164.69064363004497,"segment_cum_len":19876.10739655418,"stop_segment_distance":14.896736233211413}
{"route_id":"115","stop_id":"7795","stop_lat":33.959768,"stop_lon":-118.383608,"stop_sequence":7,"segment_first_lat":33.9598948301,"segment_first_lon":-118.3836085128,"segment_second_lat":33.9598981917,"segment_second_lon":-118.3825499758,"segment_sequence":70001,"segment_id":4,"segment_len_meter":97.62775310520793,"segment_cum_len":1366.486001732492,"stop_segment_distance":15.123018005784303}
{"route_id":"127","stop_id":"9885","stop_lat":33.896165,"stop_lon":-118.210265,"stop_sequence":39,"segment_first_lat":33.8960345451,"segment_first_lon":-118.2093653194,"segment_second_lat":33.8960376506,"segment_second_lon":-118.2102649009,"segment_sequence":380004,"segment_id":19,"segment_len_meter":83.02979260273052,"segment_cum_len":15242.821458423106,"stop_segment_distance":15.426473935046047}
{"route_id":"14","stop_id":"7457","stop_lat":34.032515,"stop_lon":-118.328832,"stop_sequence":14,"segment_first_lat":34.0326091972,"segment_first_lon":-118.3295853511,"segment_second_lat":34.0326137221,"segment_second_lon":-118.3288328481,"segment_sequence":130005,"segment_id":7,"segment_len_meter":69.34449975114494,"segment_cum_len":4844.800475338045,"stop_segment_distance":11.83977490183915}
{"route_id":"154","stop_id":"9111","stop_lat":34.172253,"stop_lon":-118.465989,"stop_sequence":54,"segment_first_lat":34.1721385537,"segment_first_lon":-118.465012732,"segment_second_lat":34.1721276553,"segment_second_lon":-118.4659879589,"segment_sequence":530004,"segment_id":27,"segment_len_meter":89.72667079597299,"segment_cum_len":21206.006996209388,"stop_segment_distance":14.922639571950768}
{"route_id":"158","stop_id":"9567","stop_lat":34.257564,"stop_lon":-118.489002,"stop_sequence":49,"segment_first_lat":34.2574160102,"segment_first_lon":-118.4848480872,"segment_second_lat":34.2574388601,"segment_second_lon":-118.4890048793,"segment_sequence":480002,"segment_id":24,"segment_len_meter":382.03623704775424,"segment_cum_len":19532.91004819607,"stop_segment_distance":13.998577818071396}
{"route_id":"167","stop_id":"18190","stop_lat":34.242832,"stop_lon":-118.493965,"stop_sequence":32,"segment_first_lat":34.2429627039,"segment_first_lon":-118.4948694232,"segment_second_lat":34.2429576142,"segment_second_lon":-118.4939627628,"segment_sequence":310003,"segment_id":16,"segment_len_meter":83.34239495541975,"segment_cum_len":13267.76720179756,"stop_segment_distance":15.022491319376087}
{"route_id":"167","stop_id":"18200","stop_lat":34.242566,"stop_lon":-118.453688,"stop_sequence":45,"segment_first_lat":34.2427164852,"segment_first_lon":-118.4568491994,"segment_second_lat":34.242691837,"segment_second_lon":-118.4536858014,"segment_sequence":440002,"segment_id":22,"segment_len_meter":290.79421481918286,"segment_cum_len":18935.482118455908,"stop_segment_distance":14.26049653873423}
{"route_id":"169","stop_id":"14486","stop_lat":34.208117,"stop_lon":-118.627932,"stop_sequence":47,"segment_first_lat":34.2082459964,"segment_first_lon":-118.6290906543,"segment_second_lat":34.2082448657,"segment_second_lon":-118.6279330143,"segment_sequence":460008,"segment_id":23,"segment_len_meter":106.45452824850766,"segment_cum_len":19264.12972994036,"stop_segment_distance":15.27276382894506}
{"route_id":"18","stop_id":"7369","stop_lat":34.059554,"stop_lon":-118.275136,"stop_sequence":16,"segment_first_lat":34.0600874624,"segment_first_lon":-118.2760787384,"segment_second_lat":34.0596410135,"segment_second_lon":-118.2750801845,"segment_sequence":150002,"segment_id":8,"segment_len_meter":104.52720445778608,"segment_cum_len":3777.255981010263,"stop_segment_distance":11.599450489849858}
{"route_id":"201","stop_id":"3984","stop_lat":34.073642,"stop_lon":-118.286895,"stop_sequence":49,"segment_first_lat":34.0735051334,"segment_first_lon":-118.2867757252,"segment_second_lat":34.0734969984,"segment_second_lon":-118.2878852161,"segment_sequence":490002,"segment_id":25,"segment_len_meter":102.19358547837068,"segment_cum_len":14674.777878788767,"stop_segment_distance":9.194050420145985}
{"route_id":"202","stop_id":"19157","stop_lat":33.772544,"stop_lon":-118.26414,"stop_sequence":59,"segment_first_lat":33.7726012765,"segment_first_lon":-118.2644726737,"segment_second_lat":33.7726184843,"segment_second_lon":-118.2641443558,"segment_sequence":580016,"segment_id":29,"segment_len_meter":30.40695447944069,"segment_cum_len":28743.466477996408,"stop_segment_distance":9.287055811134383}
{"route_id":"202","stop_id":"6436","stop_lat":33.862136,"stop_lon":-118.203964,"stop_sequence":30,"segment_first_lat":33.8621604992,"segment_first_lon":-118.203848592,"segment_second_lat":33.8613365714,"segment_second_lon":-118.2036002145,"segment_sequence":300001,"segment_id":15,"segment_len_meter":94.44342214881159,"segment_cum_len":12491.762174412908,"stop_segment_distance":11.58245434384304}
{"route_id":"206","stop_id":"12545","stop_lat":33.937939,"stop_lon":-118.300399,"stop_sequence":65,"segment_first_lat":33.9379393686,"segment_first_lon":-118.3002788987,"segment_second_lat":33.9373485742,"segment_second_lon":-118.3002813967,"segment_sequence":650001,"segment_id":33,"segment_len_meter":65.69374416144339,"segment_cum_len":19842.062514045723,"stop_segment_distance":11.928665751531582}
{"route_id":"212","stop_id":"104718","stop_lat":34.101689,"stop_lon":-118.339014,"stop_sequence":7,"segment_first_lat":34.1015627942,"segment_first_lon":-118.3390137557,"segment_second_lat":34.1015536342,"segment_second_lon":-118.3413887572,"segment_sequence":70001,"segment_id":4,"segment_len_meter":218.6792403984648,"segment_cum_len":1698.2413707428648,"stop_segment_distance":14.5259052754746}
{"route_id":"212","stop_id":"12145","stop_lat":34.087196,"stop_lon":-118.344174,"stop_sequence":13,"segment_first_lat":34.0889085167,"segment_first_lon":-118.3440718176,"segment_second_lat":34.087196607,"segment_second_lon":-118.3440647746,"segment_sequence":120003,"segment_id":6,"segment_len_meter":190.35677844360876,"segment_cum_len":3663.390295924531,"stop_segment_distance":10.357544031101668}
{"route_id":"222","stop_id":"2498","stop_lat":34.10146,"stop_lon":-118.333487,"stop_sequence":4,"segment_first_lat":34.1015804449,"segment_first_lon":-118.3347526305,"segment_second_lat":34.1015864162,"segment_second_lon":-118.3334875085,"segment_sequence":30004,"segment_id":2,"segment_len_meter":116.48722282527575,"segment_cum_len":990.6051213438127,"stop_segment_distance":14.869017850745024}
{"route_id":"233","stop_id":"6793","stop_lat":34.218228,"stop_lon":-118.448604,"stop_sequence":24,"segment_first_lat":34.2182272712,"segment_first_lon":-118.4487547929,"segment_second_lat":34.2197688421,"segment_second_lon":-118.4487548081,"segment_sequence":240001,"segment_id":12,"segment_len_meter":171.41486314885046,"segment_cum_len":7718.600021106521,"stop_segment_distance":14.344385923040306}
{"route_id":"233","stop_id":"6816","stop_lat":34.239321,"stop_lon":-118.450087,"stop_sequence":31,"segment_first_lat":34.2393228696,"segment_first_lon":-118.4502389978,"segment_second_lat":34.2402406959,"segment_second_lon":-118.4502313748,"segment_sequence":310001,"segment_id":16,"segment_len_meter":102.06003371867436,"segment_cum_len":10024.465329928866,"stop_segment_distance":15.036869223172289}
{"route_id":"234","stop_id":"14535","stop_lat":34.242518,"stop_lon":-118.467688,"stop_sequence":41,"segment_first_lat":34.2425190481,"segment_first_lon":-118.4675353632,"segment_second_lat":34.239172036,"segment_second_lon":-118.4675533445,"segment_sequence":410001,"segment_id":21,"segment_len_meter":372.1744353281976,"segment_cum_len":15595.88072043756,"stop_segment_distance":14.116603573904229}
{"route_id":"234","stop_id":"20115","stop_lat":34.268732,"stop_lon":-118.467222,"stop_sequence":34,"segment_first_lat":34.2690793902,"segment_first_lon":-118.4670456915,"segment_second_lat":34.2687278802,"segment_second_lon":-118.4670596116,"segment_sequence":330012,"segment_id":17,"segment_len_meter":39.10705391260595,"segment_cum_len":12308.055615458548,"stop_segment_distance":17.71022735676671}
{"route_id":"236","stop_id":"123600","stop_lat":34.293308,"stop_lon":-118.502031,"stop_sequence":35,"segment_first_lat":34.293292591,"segment_first_lon":-118.5021827088,"segment_second_lat":34.2958748918,"segment_second_lon":-118.5025568317,"segment_sequence":350001,"segment_id":18,"segment_len_meter":289.18825320309827,"segment_cum_len":15108.084440810571,"stop_segment_distance":14.337457767593946}
{"route_id":"28","stop_id":"16137","stop_lat":34.046129,"stop_lon":-118.267051,"stop_sequence":61,"segment_first_lat":34.046015973,"segment_first_lon":-118.2671234267,"segment_second_lat":34.046309089,"segment_second_lon":-118.2677806141,"segment_sequence":610001,"segment_id":31,"segment_len_meter":68.76462731704189,"segment_cum_len":18673.257520367064,"stop_segment_distance":15.607005795757601}
{"route_id":"344","stop_id":"150","stop_lat":33.87272,"stop_lon":-118.335298,"stop_sequence":36,"segment_first_lat":33.872839757,"segment_first_lon":-118.3378056455,"segment_second_lat":33.8728467584,"segment_second_lon":-118.3352987556,"segment_sequence":350013,"segment_id":18,"segment_len_meter":231.4437523022821,"segment_cum_len":20906.341776075365,"stop_segment_distance":14.54634129252554}
{"route_id":"35","stop_id":"7743","stop_lat":34.025448,"stop_lon":-118.340682,"stop_sequence":14,"segment_first_lat":34.0255684621,"segment_first_lon":-118.3416926549,"segment_second_lat":34.0255737892,"segment_second_lon":-118.340682799,"segment_sequence":130003,"segment_id":7,"segment_len_meter":93.0671875667253,"segment_cum_len":4585.345507833581,"stop_segment_distance":15.01738652001707}
{"route_id":"487","stop_id":"13908","stop_lat":34.121932,"stop_lon":-118.031229,"stop_sequence":80,"segment_first_lat":34.1225419793,"segment_first_lon":-118.0310901322,"segment_second_lat":34.121934704,"segment_second_lon":-118.0310763598,"segment_sequence":790003,"segment_id":40,"segment_len_meter":67.53783240987835,"segment_cum_len":39070.10283957738,"stop_segment_distance":15.536937063433413}
{"route_id":"534","stop_id":"14763","stop_lat":34.038719,"stop_lon":-118.556324,"stop_sequence":9,"segment_first_lat":34.0385598939,"segment_first_lon":-118.5561578089,"segment_second_lat":34.0385785458,"segment_second_lon":-118.5563440979,"segment_sequence":80027,"segment_id":4,"segment_len_meter":17.290049640101092,"segment_cum_len":8215.30788776566,"stop_segment_distance":21.83581114324672}
{"route_id":"62","stop_id":"1591","stop_lat":34.020902,"stop_lon":-118.212479,"stop_sequence":22,"segment_first_lat":34.021748724,"segment_first_lon":-118.2140425136,"segment_second_lat":34.0210121636,"segment_second_lon":-118.212406769,"segment_sequence":210003,"segment_id":11,"segment_len_meter":171.56427892480482,"segment_cum_len":8330.633748650278,"stop_segment_distance":14.505575391198335}
{"route_id":"62","stop_id":"1610","stop_lat":34.024025,"stop_lon":-118.21956,"stop_sequence":19,"segment_first_lat":34.0241392017,"segment_first_lon":-118.2194893137,"segment_second_lat":34.0234348541,"segment_second_lon":-118.2178594984,"segment_sequence":190001,"segment_id":10,"segment_len_meter":169.39499464965087,"segment_cum_len":7760.441351659651,"stop_segment_distance":14.77771661929333}
{"route_id":"685","stop_id":"15427","stop_lat":34.12725,"stop_lon":-118.232301,"stop_sequence":17,"segment_first_lat":34.1285308165,"segment_first_lon":-118.2324004199,"segment_second_lat":34.1272702931,"segment_second_lon":-118.2321524002,"segment_sequence":160001,"segment_id":8,"segment_len_meter":142.01078549283653,"segment_cum_len":5276.796139346421,"stop_segment_distance":14.566172459458329}
{"route_id":"76","stop_id":"9218","stop_lat":34.058127,"stop_lon":-118.236685,"stop_sequence":58,"segment_first_lat":34.0580056659,"segment_first_lon":-118.2367374994,"segment_second_lat":34.0580984841,"segment_second_lon":-118.2370481056,"segment_sequence":580001,"segment_id":29,"segment_len_meter":30.418056090648815,"segment_cum_len":21631.89096042653,"stop_segment_distance":17.51416300649362}
{"route_id":"78","stop_id":"2990","stop_lat":34.108489,"stop_lon":-118.021716,"stop_sequence":84,"segment_first_lat":34.10842799,"segment_first_lon":-118.0230276343,"segment_second_lat":34.1086134341,"segment_second_lon":-118.02174361,"segment_sequence":830003,"segment_id":42,"segment_len_meter":120.0009930269302,"segment_cum_len":26740.98528699925,"stop_segment_distance":15.0155250555528}
{"route_id":"794","stop_id":"12102","stop_lat":34.054753,"stop_lon":-118.246042,"stop_sequence":8,"segment_first_lat":34.0548188384,"segment_first_lon":-118.2461457197,"segment_second_lat":34.0556389858,"segment_second_lon":-118.24538055,"segment_sequence":80001,"segment_id":4,"segment_len_meter":115.26381721625769,"segment_cum_len":3151.5212720063964,"stop_segment_distance":12.613134172382118}
{"route_id":"81","stop_id":"9324","stop_lat":34.137465,"stop_lon":-118.190621,"stop_sequence":13,"segment_first_lat":34.1375843341,"segment_first_lon":-118.1905683761,"segment_second_lat":34.1375367655,"segment_second_lon":-118.190413279,"segment_sequence":130001,"segment_id":7,"segment_len_meter":15.222877257529317,"segment_cum_len":3555.471871574414,"stop_segment_distance":19.619017700866543}
{"route_id":"90","stop_id":"10589","stop_lat":34.232267,"stop_lon":-118.253248,"stop_sequence":27,"segment_first_lat":34.2333166812,"segment_first_lon":-118.2546834279,"segment_second_lat":34.2323691209,"segment_second_lon":-118.2531553556,"segment_sequence":260003,"segment_id":13,"segment_len_meter":175.6005044006976,"segment_cum_len":7638.062643355975,"stop_segment_distance":14.767285390640865}
{"route_id":"92","stop_id":"2244","stop_lat":34.296727,"stop_lon":-118.435885,"stop_sequence":116,"segment_first_lat":34.2960854595,"segment_first_lon":-118.435404955,"segment_second_lat":34.2966449864,"segment_second_lon":-118.4360005426,"segment_sequence":1150008,"segment_id":58,"segment_len_meter":82.85096462845351,"segment_cum_len":39574.48308446413,"stop_segment_distance":15.008296263505116}
{"route_id":"92","stop_id":"3583","stop_lat":34.199059,"stop_lon":-118.327765,"stop_sequence":80,"segment_first_lat":34.198562713,"segment_first_lon":-118.3272903136,"segment_second_lat":34.198961803,"segment_second_lon":-118.327863345,"segment_sequence":790008,"segment_id":40,"segment_len_meter":68.89613991290486,"segment_cum_len":24768.021529298574,"stop_segment_distance":15.561680146148433}
{"route_id":"94","stop_id":"14212","stop_lat":34.254253,"stop_lon":-118.409761,"stop_sequence":15,"segment_first_lat":34.2549438021,"segment_first_lon":-118.4102809758,"segment_second_lat":34.2543378542,"segment_second_lon":-118.409642941,"segment_sequence":140004,"segment_id":7,"segment_len_meter":89.32251711267487,"segment_cum_len":5972.454867147383,"stop_segment_distance":15.523214366632189}
