{"route_id":"10","stop_id":"12426","stop_lat":34.07118,"stop_lon":-118.270406,"stop_sequence":23,"segment_first_lat":34.070990566,"segment_first_lon":-118.2702040745,"segment_second_lat":34.0710771113,"segment_second_lon":-118.2704553092,"segment_sequence":220006,"segment_id":11,"segment_len_meter":25.061892994784962,"segment_cum_len":6801.566353345929,"stop_segment_distance":15.347408302335523}
{"route_id":"127","stop_id":"8974","stop_lat":33.896731,"stop_lon":-118.125456,"stop_sequence":13,"segment_first_lat":33.8991326228,"segment_first_lon":-118.1253208325,"segment_second_lat":33.8967310341,"segment_second_lon":-118.1253047202,"segment_sequence":120004,"segment_id":6,"segment_len_meter":267.04861987852513,"segment_cum_len":5773.622074831787,"stop_segment_distance":14.253515072264292}
{"route_id":"14","stop_id":"5383","stop_lat":34.045008,"stop_lon":-118.256883,"stop_sequence":38,"segment_first_lat":34.0437304298,"segment_first_lon":-118.2582193768,"segment_second_lat":34.04506745,"segment_second_lon":-118.2569747291,"segment_sequence":370003,"segment_id":19,"segment_len_meter":187.75960876441565,"segment_cum_len":12906.781391840826,"stop_segment_distance":10.96390921465175}
{"route_id":"165","stop_id":"6894","stop_lat":34.193581,"stop_lon":-118.631662,"stop_sequence":5,"segment_first_lat":34.1937088869,"segment_first_lon":-118.633415774,"segment_second_lat":34.1937078846,"segment_second_lon":-118.6316630862,"segment_sequence":40003,"segment_id":2,"segment_len_meter":161.2017925259403,"segment_cum_len":1587.8757335094479,"stop_segment_distance":14.834883766552423}
{"route_id":"167","stop_id":"18198","stop_lat":34.242614,"stop_lon":-118.460641,"stop_sequence":43,"segment_first_lat":34.2427378353,"segment_first_lon":-118.4606412641,"segment_second_lat":34.2427332775,"segment_second_lon":-118.4596717444,"segment_sequence":430001,"segment_id":22,"segment_len_meter":89.12019634614576,"segment_cum_len":18385.23102847201,"stop_segment_distance":14.726018965141904}
{"route_id":"169","stop_id":"14229","stop_lat":34.218819,"stop_lon":-118.368851,"stop_sequence":125,"segment_first_lat":34.2189190587,"segment_first_lon":-118.3687512272,"segment_second_lat":34.2183872507,"segment_second_lon":-118.3679688811,"segment_sequence":1250001,"segment_id":63,"segment_len_meter":93.1203783148804,"segment_cum_len":49880.74505175598,"stop_segment_distance":15.551324540216967}
{"route_id":"169","stop_id":"6754","stop_lat":34.178726,"stop_lon":-118.654807,"stop_sequence":26,"segment_first_lat":34.178657101,"segment_first_lon":-118.6549341054,"segment_second_lat":34.1797867164,"segment_second_lon":-118.6558069232,"segment_sequence":260001,"segment_id":13,"segment_len_meter":149.07644212381933,"segment_cum_len":11631.389064992745,"stop_segment_distance":14.475623979368578}
{"route_id":"169","stop_id":"693","stop_lat":34.224848,"stop_lon":-118.443195,"stop_sequence":97,"segment_first_lat":34.2248653764,"segment_first_lon":-118.4437604367,"segment_second_lat":34.2249182519,"segment_second_lon":-118.4432039567,"segment_sequence":960007,"segment_id":48,"segment_len_meter":51.499491665808904,"segment_cum_len":39546.24834972354,"stop_segment_distance":8.377614450623263}
{"route_id":"175","stop_id":"14293","stop_lat":34.092585,"stop_lon":-118.280206,"stop_sequence":28,"segment_first_lat":34.0924364803,"segment_first_lon":-118.2803967139,"segment_second_lat":34.0926186581,"segment_second_lon":-118.2802810629,"segment_sequence":270009,"segment_id":14,"segment_len_meter":22.88603872258194,"segment_cum_len":8306.84576274036,"stop_segment_distance":9.081276794919152}
{"route_id":"176","stop_id":"142127","stop_lat":34.072517,"stop_lon":-118.042018,"stop_sequence":37,"segment_first_lat":34.0725241543,"segment_first_lon":-118.0422028783,"segment_second_lat":34.0726895791,"segment_second_lon":-118.0421930555,"segment_sequence":370001,"segment_id":19,"segment_len_meter":18.416635057074576,"segment_cum_len":14154.038796687735,"stop_segment_distance":23.694753943799096}
{"route_id":"2","stop_id":"8025","stop_lat":34.087586,"stop_lon":-118.276018,"stop_sequence":62,"segment_first_lat":34.0885274299,"segment_first_lon":-118.2763080364,"segment_second_lat":34.0876312336,"segment_second_lon":-118.275877046,"segment_sequence":610007,"segment_id":31,"segment_len_meter":107.26543791011896,"segment_cum_len":19383.121538722804,"stop_segment_distance":14.691248110786987}
{"route_id":"202","stop_id":"13984","stop_lat":33.855281,"stop_lon":-118.206263,"stop_sequence":32,"segment_first_lat":33.8554960664,"segment_first_lon":-118.2060265544,"segment_second_lat":33.8552455085,"segment_second_lon":-118.2061616327,"segment_sequence":310003,"segment_id":16,"segment_len_meter":30.52550029282246,"segment_cum_len":13223.301665781846,"stop_segment_distance":12.015014075646246}
{"route_id":"210","stop_id":"142313","stop_lat":34.101503,"stop_lon":-118.326907,"stop_sequence":2,"segment_first_lat":34.1016300729,"segment_first_lon":-118.3266598555,"segment_second_lat":34.0999538674,"segment_second_lon":-118.326659253,"segment_sequence":20002,"segment_id":1,"segment_len_meter":186.3855558699614,"segment_cum_len":780.0945645617029,"stop_segment_distance":14.15969868154366}
{"route_id":"211","stop_id":"12863","stop_lat":33.949278,"stop_lon":-118.344075,"stop_sequence":38,"segment_first_lat":33.9524556613,"segment_first_lon":-118.343933723,"segment_second_lat":33.9492786155,"segment_second_lon":-118.3439236463,"segment_sequence":370001,"segment_id":19,"segment_len_meter":353.27259737150354,"segment_cum_len":12830.951725723824,"stop_segment_distance":14.268428769043624}
{"route_id":"211","stop_id":"12880","stop_lat":33.902191,"stop_lon":-118.344001,"stop_sequence":51,"segment_first_lat":33.9030049787,"segment_first_lon":-118.3438491073,"segment_second_lat":33.9021916253,"segment_second_lon":-118.3438457705,"segment_sequence":500003,"segment_id":25,"segment_len_meter":90.44129594587403,"segment_cum_len":18066.8147345068,"stop_segment_distance":15.474564760830816}
{"route_id":"211","stop_id":"141061","stop_lat":33.906799,"stop_lon":-118.36112,"stop_sequence":6,"segment_first_lat":33.9060398479,"segment_first_lon":-118.3612752356,"segment_second_lat":33.9067982536,"segment_second_lon":-118.3612755388,"segment_sequence":50008,"segment_id":3,"segment_len_meter":84.33087082092715,"segment_cum_len":2273.7049039836074,"stop_segment_distance":15.644284381969499}
{"route_id":"224","stop_id":"2824","stop_lat":34.165165,"stop_lon":-118.374577,"stop_sequence":11,"segment_first_lat":34.1651102486,"segment_first_lon":-118.3747133883,"segment_second_lat":34.1656143731,"segment_second_lon":-118.3750158149,"segment_sequence":110001,"segment_id":6,"segment_len_meter":62.58195381436592,"segment_cum_len":3538.517490497942,"stop_segment_distance":15.605470936212}
{"route_id":"224","stop_id":"6623","stop_lat":34.280288,"stop_lon":-118.437544,"stop_sequence":45,"segment_first_lat":34.2802000358,"segment_first_lon":-118.4376492272,"segment_second_lat":34.2804489645,"segment_second_lon":-118.4379617055,"segment_sequence":450002,"segment_id":23,"segment_len_meter":39.880371863080335,"segment_cum_len":18341.590464021927,"stop_segment_distance":16.219630825154148}
{"route_id":"232","stop_id":"23200088","stop_lat":33.792393,"stop_lon":-118.333342,"stop_sequence":44,"segment_first_lat":33.7922999366,"segment_first_lon":-118.3334396875,"segment_second_lat":33.7939473232,"segment_second_lon":-118.3356878315,"segment_sequence":440001,"segment_id":22,"segment_len_meter":276.97388029823725,"segment_cum_len":17207.489965885692,"stop_segment_distance":13.999523805452498}
{"route_id":"234","stop_id":"20124","stop_lat":34.20496,"stop_lon":-118.466337,"stop_sequence":52,"segment_first_lat":34.20561451,"segment_first_lon":-118.4661715033,"segment_second_lat":34.2049604715,"segment_second_lon":-118.4661814126,"segment_sequence":510004,"segment_id":26,"segment_len_meter":72.73147205186542,"segment_cum_len":19425.040576508225,"stop_segment_distance":15.929201981812042}
{"route_id":"239","stop_id":"16897","stop_lat":34.264772,"stop_lon":-118.523085,"stop_sequence":33,"segment_first_lat":34.2648998663,"segment_first_lon":-118.5230826663,"segment_second_lat":34.2648954155,"segment_second_lon":-118.5225861768,"segment_sequence":330001,"segment_id":17,"segment_len_meter":45.62823784240868,"segment_cum_len":13040.030432112768,"stop_segment_distance":16.44159927208385}
{"route_id":"243","stop_id":"840","stop_lat":34.232126,"stop_lon":-118.562628,"stop_sequence":20,"segment_first_lat":34.2319980882,"segment_first_lon":-118.562296619,"segment_second_lat":34.2319965506,"segment_second_lon":-118.5626274533,"segment_sequence":190007,"segment_id":10,"segment_len_meter":30.41482058737721,"segment_cum_len":9850.637658759133,"stop_segment_distance":17.600629837047943}
{"route_id":"258","stop_id":"11946","stop_lat":34.059219,"stop_lon":-118.172892,"stop_sequence":30,"segment_first_lat":34.059262211,"segment_first_lon":-118.1727450586,"segment_second_lat":34.0589881424,"segment_second_lon":-118.1726272874,"segment_sequence":300001,"segment_id":15,"segment_len_meter":32.348600597640846,"segment_cum_len":12464.716937986901,"stop_segment_distance":17.421537744685047}
{"route_id":"267","stop_id":"6528","stop_lat":34.089781,"stop_lon":-118.057203,"stop_sequence":10,"segment_first_lat":34.0897571884,"segment_first_lon":-118.0573524549,"segment_second_lat":34.0902201569,"segment_second_lon":-118.0574508652,"segment_sequence":100001,"segment_id":5,"segment_len_meter":52.27131090626408,"segment_cum_len":3824.635009155161,"stop_segment_distance":15.647142653091024}
{"route_id":"268","stop_id":"10278","stop_lat":34.169001,"stop_lon":-118.141948,"stop_sequence":73,"segment_first_lat":34.1689008334,"segment_first_lon":-118.1419475221,"segment_second_lat":34.1688979214,"segment_second_lon":-118.1427872157,"segment_sequence":730001,"segment_id":37,"segment_len_meter":77.25339346471402,"segment_cum_len":27571.07537607926,"stop_segment_distance":11.939543595455063}
{"route_id":"268","stop_id":"11468","stop_lat":34.170086,"stop_lon":-118.159405,"stop_sequence":78,"segment_first_lat":34.1700832725,"segment_first_lon":-118.1595583264,"segment_second_lat":34.1707674757,"segment_second_lon":-118.1595715346,"segment_sequence":780001,"segment_id":39,"segment_len_meter":76.08962816126129,"segment_cum_len":29237.260432604562,"stop_segment_distance":15.329619735135111}
{"route_id":"268","stop_id":"12278","stop_lat":34.156543,"stop_lon":-118.068067,"stop_sequence":43,"segment_first_lat":34.1565455032,"segment_first_lon":-118.0679465134,"segment_second_lat":34.1558777775,"segment_second_lon":-118.0679344016,"segment_sequence":430001,"segment_id":22,"segment_len_meter":74.25607388685636,"segment_cum_len":17089.706922052294,"stop_segment_distance":11.802814911442809}
{"route_id":"28","stop_id":"4253","stop_lat":34.052775,"stop_lon":-118.309299,"stop_sequence":72,"segment_first_lat":34.05264595,"segment_first_lon":-118.3092984428,"segment_second_lat":34.0526460316,"segment_second_lon":-118.3101237727,"segment_sequence":720001,"segment_id":36,"segment_len_meter":76.03566332133194,"segment_cum_len":22743.17289583539,"stop_segment_distance":15.639829556131673}
{"route_id":"487","stop_id":"142108","stop_lat":34.150169,"stop_lon":-118.082853,"stop_sequence":43,"segment_first_lat":34.1500385388,"segment_first_lon":-118.0853015291,"segment_second_lat":34.1500734447,"segment_second_lon":-118.0825186261,"segment_sequence":400002,"segment_id":20,"segment_len_meter":256.11662658322143,"segment_cum_len":25794.132337793435,"stop_segment_distance":2.2198329302251523}
{"route_id":"51","stop_id":"19118","stop_lat":33.892108,"stop_lon":-118.225906,"stop_sequence":95,"segment_first_lat":33.8921598262,"segment_first_lon":-118.226242466,"segment_second_lat":33.8921829745,"segment_second_lon":-118.2259140178,"segment_sequence":940004,"segment_id":47,"segment_len_meter":30.42537765610948,"segment_cum_len":26270.937302773436,"stop_segment_distance":9.530710259623948}
{"route_id":"51","stop_id":"280","stop_lat":33.974911,"stop_lon":-118.265319,"stop_sequence":51,"segment_first_lat":33.9754804409,"segment_first_lon":-118.2651595822,"segment_second_lat":33.9749116217,"segment_second_lon":-118.2651653671,"segment_sequence":500004,"segment_id":25,"segment_len_meter":63.25205861761618,"segment_cum_len":13353.627693017297,"stop_segment_distance":15.917855039400287}
{"route_id":"60","stop_id":"11517","stop_lat":33.964323,"stop_lon":-118.225336,"stop_sequence":44,"segment_first_lat":33.9649961788,"segment_first_lon":-118.2251827369,"segment_second_lat":33.9643229533,"segment_second_lon":-118.2251835651,"segment_sequence":430004,"segment_id":22,"segment_len_meter":74.85929905290337,"segment_cum_len":13380.371773687924,"stop_segment_distance":15.375628691980012}
{"route_id":"603","stop_id":"13823","stop_lat":34.142247,"stop_lon":-118.264522,"stop_sequence":6,"segment_first_lat":34.1422453703,"segment_first_lon":-118.264408373,"segment_second_lat":34.1416567687,"segment_second_lon":-118.2644111376,"segment_sequence":60001,"segment_id":3,"segment_len_meter":65.45000626140661,"segment_cum_len":1671.8581648589177,"stop_segment_distance":11.427700405492274}
{"route_id":"68","stop_id":"16224","stop_lat":34.036821,"stop_lon":-118.133868,"stop_sequence":7,"segment_first_lat":34.0367052607,"segment_first_lon":-118.1315373929,"segment_second_lat":34.036695555,"segment_second_lon":-118.1338676552,"segment_sequence":60003,"segment_id":3,"segment_len_meter":214.7245560178378,"segment_cum_len":5067.79676890503,"stop_segment_distance":14.363060499661856}
{"route_id":"734","stop_id":"1489","stop_lat":34.115226,"stop_lon":-118.482791,"stop_sequence":19,"segment_first_lat":34.1153830709,"segment_first_lon":-118.4826334697,"segment_second_lat":34.1152186989,"segment_second_lon":-118.4826454056,"segment_sequence":180046,"segment_id":9,"segment_len_meter":18.31033237054851,"segment_cum_len":23863.686145931166,"stop_segment_distance":17.819032722008185}
{"route_id":"76","stop_id":"1347","stop_lat":34.066944,"stop_lon":-118.178072,"stop_sequence":40,"segment_first_lat":34.0668561763,"segment_first_lon":-118.1776953832,"segment_second_lat":34.0667812363,"segment_second_lon":-118.1780164955,"segment_sequence":390024,"segment_id":20,"segment_len_meter":30.72974674392692,"segment_cum_len":14316.500571077482,"stop_segment_distance":24.116298131101455}
{"route_id":"96","stop_id":"13546","stop_lat":34.179274,"stop_lon":-118.301214,"stop_sequence":8,"segment_first_lat":34.1793420066,"segment_first_lon":-118.3010854493,"segment_second_lat":34.1791020059,"segment_second_lon":-118.300909019,"segment_sequence":80001,"segment_id":4,"segment_len_meter":31.234510743650386,"segment_cum_len":2295.2279651796493,"stop_segment_distance":16.755641864395468}
