{"route_id":"106","stop_id":"17159","stop_lat":34.038953,"stop_lon":-118.207746,"stop_sequence":19,"segment_first_lat":34.0384406625,"segment_first_lon":-118.2069258836,"segment_second_lat":34.0388433405,"segment_second_lon":-118.2078184161,"segment_sequence":180006,"segment_id":9,"segment_len_meter":93.639525222343,"segment_cum_len":6678.971699257724,"stop_segment_distance":14.896485751159304}
{"route_id":"117","stop_id":"1117","stop_lat":33.943269,"stop_lon":-118.262987,"stop_sequence":34,"segment_first_lat":33.9435891447,"segment_first_lon":-118.2637695074,"segment_second_lat":33.9434038187,"segment_second_lon":-118.2629440121,"segment_sequence":330004,"segment_id":17,"segment_len_meter":78.8877838784335,"segment_cum_len":13965.211166498186,"stop_segment_distance":17.102986965467224}
{"route_id":"130","stop_id":"8738","stop_lat":33.872958,"stop_lon":-118.339868,"stop_sequence":59,"segment_first_lat":33.8728301116,"segment_first_lon":-118.3398678017,"segment_second_lat":33.8728220848,"segment_second_lon":-118.3411525233,"segment_sequence":590001,"segment_id":30,"segment_len_meter":118.61214324124593,"segment_cum_len":28951.664399094243,"stop_segment_distance":15.157920432895267}
{"route_id":"150","stop_id":"6992","stop_lat":34.166855,"stop_lon":-118.59295,"stop_sequence":15,"segment_first_lat":34.1673007147,"segment_first_lon":-118.5945696581,"segment_second_lat":34.1669782738,"segment_second_lon":-118.5929131022,"segment_sequence":140004,"segment_id":7,"segment_len_meter":156.56859303223442,"segment_cum_len":5033.6877908316,"stop_segment_distance":14.592221772880038}
{"route_id":"150","stop_id":"7028","stop_lat":34.156818,"stop_lon":-118.487692,"stop_sequence":42,"segment_first_lat":34.1569413494,"segment_first_lon":-118.4876680747,"segment_second_lat":34.1564005435,"segment_second_lon":-118.4837737542,"segment_sequence":420001,"segment_id":21,"segment_len_meter":363.344401125385,"segment_cum_len":15521.01296662788,"stop_segment_distance":14.058239074240078}
{"route_id":"154","stop_id":"12655","stop_lat":34.179537,"stop_lon":-118.359172,"stop_sequence":16,"segment_first_lat":34.1794434062,"segment_first_lon":-118.3591711144,"segment_second_lat":34.1794390649,"segment_second_lon":-118.361366502,"segment_sequence":160001,"segment_id":8,"segment_len_meter":201.95336961761555,"segment_cum_len":7023.95016378164,"stop_segment_distance":10.618832250932911}
{"route_id":"155","stop_id":"18053","stop_lat":34.157524,"stop_lon":-118.409122,"stop_sequence":15,"segment_first_lat":34.1576225595,"segment_first_lon":-118.4091222024,"segment_second_lat":34.1576270367,"segment_second_lon":-118.4070629118,"segment_sequence":150001,"segment_id":8,"segment_len_meter":189.48290835038614,"segment_cum_len":5245.751956679793,"stop_segment_distance":11.28626495924064}
{"route_id":"16","stop_id":"15694","stop_lat":34.049104,"stop_lon":-118.252096,"stop_sequence":5,"segment_first_lat":34.0490232436,"segment_first_lon":-118.2521701408,"segment_second_lat":34.0494655554,"segment_second_lon":-118.2528726462,"segment_sequence":50001,"segment_id":3,"segment_len_meter":81.2894997444294,"segment_cum_len":1645.7335783106882,"stop_segment_distance":12.067170255124452}
{"route_id":"165","stop_id":"6838","stop_lat":34.193742,"stop_lon":-118.531853,"stop_sequence":29,"segment_first_lat":34.1938556434,"segment_first_lon":-118.5334844705,"segment_second_lat":34.1938677684,"segment_second_lon":-118.5318542309,"segment_sequence":280004,"segment_id":14,"segment_len_meter":149.94548889029736,"segment_cum_len":10767.907242996189,"stop_segment_distance":14.623676389487997}
{"route_id":"169","stop_id":"7120","stop_lat":34.188477,"stop_lon":-118.597809,"stop_sequence":2,"segment_first_lat":34.1883564465,"segment_first_lon":-118.5976757463,"segment_second_lat":34.1883544043,"segment_second_lon":-118.5978109767,"segment_sequence":10004,"segment_id":1,"segment_len_meter":12.440546528059052,"segment_cum_len":330.82442695965926,"stop_segment_distance":19.356324729984173}
{"route_id":"169","stop_id":"8541","stop_lat":34.221445,"stop_lon":-118.432892,"stop_sequence":102,"segment_first_lat":34.2216132585,"segment_first_lon":-118.4327539274,"segment_second_lat":34.2214517313,"segment_second_lon":-118.432740189,"segment_sequence":1010012,"segment_id":51,"segment_len_meter":18.005367993475854,"segment_cum_len":41208.02991347801,"stop_segment_distance":18.582616656372142}
{"route_id":"2","stop_id":"8012","stop_lat":34.095881,"stop_lon":-118.284365,"stop_sequence":57,"segment_first_lat":34.096586021,"segment_first_lon":-118.284988656,"segment_second_lat":34.0959683703,"segment_second_lon":-118.2842582337,"segment_sequence":560012,"segment_id":28,"segment_len_meter":96.12725318500101,"segment_cum_len":18152.754589847696,"stop_segment_distance":14.8720723261291}
{"route_id":"201","stop_id":"14637","stop_lat":34.089438,"stop_lon":-118.268629,"stop_sequence":42,"segment_first_lat":34.0895533648,"segment_first_lon":-118.2685631234,"segment_second_lat":34.0893969279,"segment_second_lon":-118.2684767491,"segment_sequence":410012,"segment_id":21,"segment_len_meter":19.127251604150967,"segment_cum_len":11864.817176562638,"stop_segment_distance":9.80833380789586}
{"route_id":"218","stop_id":"17715","stop_lat":34.123647,"stop_lon":-118.375548,"stop_sequence":7,"segment_first_lat":34.1237431981,"segment_first_lon":-118.3754432052,"segment_second_lat":34.1236941881,"segment_second_lon":-118.375386154,"segment_sequence":70001,"segment_id":4,"segment_len_meter":7.568217754550534,"segment_cum_len":3548.5017426225677,"stop_segment_distance":22.63069971101725}
{"route_id":"222","stop_id":"36495","stop_lat":34.15281,"stop_lon":-118.339506,"stop_sequence":23,"segment_first_lat":34.1519365962,"segment_first_lon":-118.3392544707,"segment_second_lat":34.1527612331,"segment_second_lon":-118.3396471801,"segment_sequence":220004,"segment_id":11,"segment_len_meter":98.55921979699798,"segment_cum_len":8665.543104214761,"stop_segment_distance":15.356325635642591}
{"route_id":"222","stop_id":"6381","stop_lat":34.246924,"stop_lon":-118.357132,"stop_sequence":54,"segment_first_lat":34.2470475202,"segment_first_lon":-118.3571232,"segment_second_lat":34.2470159607,"segment_second_lon":-118.3565499443,"segment_sequence":540001,"segment_id":27,"segment_len_meter":52.80800210745606,"segment_cum_len":22068.333893520023,"stop_segment_distance":15.419233213213644}
{"route_id":"232","stop_id":"23200081","stop_lat":33.786295,"stop_lon":-118.280641,"stop_sequence":31,"segment_first_lat":33.7862791493,"segment_first_lon":-118.280793245,"segment_second_lat":33.7868911432,"segment_second_lon":-118.2808864494,"segment_sequence":310001,"segment_id":16,"segment_len_meter":68.59358388859908,"segment_cum_len":11545.348394941564,"stop_segment_distance":15.648008342944863}
{"route_id":"233","stop_id":"6769","stop_lat":34.161127,"stop_lon":-118.448523,"stop_sequence":5,"segment_first_lat":34.1606372408,"segment_first_lon":-118.4486421829,"segment_second_lat":34.1611263666,"segment_second_lon":-118.4486421646,"segment_sequence":40004,"segment_id":2,"segment_len_meter":54.38830747719027,"segment_cum_len":1195.9425632219131,"stop_segment_distance":12.128042612419094}
{"route_id":"234","stop_id":"10985","stop_lat":34.069373,"stop_lon":-118.439112,"stop_sequence":72,"segment_first_lat":34.0693549334,"segment_first_lon":-118.4389971591,"segment_second_lat":34.0689063567,"segment_second_lon":-118.4391060815,"segment_sequence":720001,"segment_id":36,"segment_len_meter":50.878454039135775,"segment_cum_len":41180.27476214515,"stop_segment_distance":11.779779134834847}
{"route_id":"234","stop_id":"14545","stop_lat":34.238897,"stop_lon":-118.467707,"stop_sequence":42,"segment_first_lat":34.2388972442,"segment_first_lon":-118.4675537907,"segment_second_lat":34.2382047704,"segment_second_lon":-118.4675545444,"segment_sequence":420001,"segment_id":21,"segment_len_meter":76.9996045643065,"segment_cum_len":15703.435806575493,"stop_segment_distance":15.321981302551848}
{"route_id":"243","stop_id":"14828","stop_lat":34.197743,"stop_lon":-118.553358,"stop_sequence":49,"segment_first_lat":34.1977446305,"segment_first_lon":-118.5535132154,"segment_second_lat":34.1985937824,"segment_second_lon":-118.5535029688,"segment_sequence":490001,"segment_id":25,"segment_len_meter":94.4260857750055,"segment_cum_len":21929.95555928407,"stop_segment_distance":15.387741912200696}
{"route_id":"256","stop_id":"12027","stop_lat":34.115248,"stop_lon":-118.184095,"stop_sequence":64,"segment_first_lat":34.1153606027,"segment_first_lon":-118.184030076,"segment_second_lat":34.1152179728,"segment_second_lon":-118.1836789007,"segment_sequence":640001,"segment_id":32,"segment_len_meter":36.009662091403,"segment_cum_len":18160.897749063806,"stop_segment_distance":16.315725238489172}
{"route_id":"265","stop_id":"3827","stop_lat":33.869039,"stop_lon":-118.159781,"stop_sequence":10,"segment_first_lat":33.8642739662,"segment_first_lon":-118.1599006938,"segment_second_lat":33.8690386538,"segment_second_lon":-118.1599318505,"segment_sequence":90004,"segment_id":5,"segment_len_meter":529.8168977648437,"segment_cum_len":3994.615071553326,"stop_segment_distance":14.073498765477893}
{"route_id":"266","stop_id":"17822","stop_lat":33.901465,"stop_lon":-118.142661,"stop_sequence":17,"segment_first_lat":33.9008690508,"segment_first_lon":-118.1427985513,"segment_second_lat":33.9014625657,"segment_second_lon":-118.1428130735,"segment_sequence":160003,"segment_id":8,"segment_len_meter":66.0094539647889,"segment_cum_len":7969.194966404842,"stop_segment_distance":15.499825462421981}
{"route_id":"28","stop_id":"16158","stop_lat":34.052534,"stop_lon":-118.28401,"stop_sequence":66,"segment_first_lat":34.0524140188,"segment_first_lon":-118.2840231015,"segment_second_lat":34.0524213252,"segment_second_lon":-118.2841878616,"segment_sequence":660001,"segment_id":33,"segment_len_meter":15.200720115670583,"segment_cum_len":20350.29307938114,"stop_segment_distance":18.822074132404857}
{"route_id":"28","stop_id":"16182","stop_lat":34.052674,"stop_lon":-118.315257,"stop_sequence":73,"segment_first_lat":34.0525461994,"segment_first_lon":-118.3152503445,"segment_second_lat":34.052506021,"segment_second_lon":-118.3164287621,"segment_sequence":730001,"segment_id":37,"segment_len_meter":108.65682517798417,"segment_cum_len":23324.394265888932,"stop_segment_distance":15.122881736763318}
{"route_id":"4","stop_id":"14400","stop_lat":34.090813,"stop_lon":-118.37288,"stop_sequence":60,"segment_first_lat":34.0906866129,"segment_first_lon":-118.37271463,"segment_second_lat":34.0906833555,"segment_second_lon":-118.3728797569,"segment_sequence":590004,"segment_id":30,"segment_len_meter":15.21022896995359,"segment_cum_len":18084.612724041737,"stop_segment_distance":19.927679484059837}
{"route_id":"40","stop_id":"9968","stop_lat":33.974573,"stop_lon":-118.335043,"stop_sequence":52,"segment_first_lat":33.9745121781,"segment_first_lon":-118.3341622377,"segment_second_lat":33.9744984697,"segment_second_lon":-118.3350428132,"segment_sequence":510006,"segment_id":26,"segment_len_meter":81.21431327156415,"segment_cum_len":18988.682173462672,"stop_segment_distance":8.571392898224758}
{"route_id":"51","stop_id":"5482","stop_lat":34.03138,"stop_lon":-118.255105,"stop_sequence":28,"segment_first_lat":34.0321453168,"segment_first_lon":-118.2543847491,"segment_second_lat":34.031314223,"segment_second_lon":-118.2549716871,"segment_sequence":270002,"segment_id":14,"segment_len_meter":107.077502198746,"segment_cum_len":6843.606104570349,"stop_segment_distance":15.141345249954341}
{"route_id":"60","stop_id":"11501","stop_lat":33.912401,"stop_lon":-118.209189,"stop_sequence":61,"segment_first_lat":33.9124072792,"segment_first_lon":-118.2090387424,"segment_second_lat":33.9115852234,"segment_second_lon":-118.208982312,"segment_sequence":610001,"segment_id":31,"segment_len_meter":91.55664345705678,"segment_cum_len":19493.39401387124,"stop_segment_distance":15.02040344276601}
{"route_id":"66","stop_id":"956","stop_lat":34.063032,"stop_lon":-118.308442,"stop_sequence":1,"segment_first_lat":34.0630889627,"segment_first_lon":-118.3084422848,"segment_second_lat":34.0630855581,"segment_second_lon":-118.3078380556,"segment_sequence":10001,"segment_id":1,"segment_len_meter":55.660616495462705,"segment_cum_len":55.660616495462705,"stop_segment_distance":6.624361079839609}
{"route_id":"704","stop_id":"6058","stop_lat":34.049866,"stop_lon":-118.436223,"stop_sequence":9,"segment_first_lat":34.0499601799,"segment_first_lon":-118.4366924874,"segment_second_lat":34.0500698252,"segment_second_lon":-118.4363111071,"segment_sequence":80019,"segment_id":4,"segment_len_meter":37.191874550998826,"segment_cum_len":7664.33950679676,"stop_segment_distance":31.386068375941385}
{"route_id":"744","stop_id":"6790","stop_lat":34.210534,"stop_lon":-118.448616,"stop_sequence":10,"segment_first_lat":34.2105331091,"segment_first_lon":-118.4487673594,"segment_second_lat":34.2117119438,"segment_second_lon":-118.4487710484,"segment_sequence":100001,"segment_id":5,"segment_len_meter":131.08087692693678,"segment_cum_len":10919.397153435548,"stop_segment_distance":14.59289224112598}
{"route_id":"76","stop_id":"142128","stop_lat":34.074858,"stop_lon":-118.041266,"stop_sequence":3,"segment_first_lat":34.0748787988,"segment_first_lon":-118.0414079106,"segment_second_lat":34.0754185141,"segment_second_lon":-118.0413061398,"segment_sequence":30001,"segment_id":2,"segment_len_meter":60.741200065561095,"segment_cum_len":932.1978491428406,"stop_segment_distance":14.968162685687979}
{"route_id":"81","stop_id":"13446","stop_lat":33.986138,"stop_lon":-118.282822,"stop_sequence":78,"segment_first_lat":33.9873746719,"segment_first_lon":-118.282657488,"segment_second_lat":33.9861353616,"segment_second_lon":-118.2826681485,"segment_sequence":770002,"segment_id":39,"segment_len_meter":137.80852306266658,"segment_cum_len":25221.9983989625,"stop_segment_distance":14.725228345167324}
{"route_id":"92","stop_id":"7676","stop_lat":34.169863,"stop_lon":-118.287457,"stop_sequence":63,"segment_first_lat":34.1691287919,"segment_first_lon":-118.2866774815,"segment_second_lat":34.1697694401,"segment_second_lon":-118.287554102,"segment_sequence":620003,"segment_id":31,"segment_len_meter":107.60589393657061,"segment_cum_len":18796.14792258631,"stop_segment_distance":14.772793575826427}
