{"route_id":"115","stop_id":"3409","stop_lat":33.95045,"stop_lon":-118.176143,"stop_sequence":68,"segment_first_lat":33.9508959305,"segment_first_lon":-118.1781319375,"segment_second_lat":33.9505768466,"segment_second_lon":-118.1761136501,"segment_sequence":670013,"segment_id":34,"segment_len_meter":189.5141233985343,"segment_cum_len":20757.225198738226,"stop_segment_distance":14.887110658415509}
{"route_id":"115","stop_id":"8771","stop_lat":33.926003,"stop_lon":-118.106483,"stop_sequence":83,"segment_first_lat":33.9261249562,"segment_first_lon":-118.1063773654,"segment_second_lat":33.9257696187,"segment_second_lon":-118.1058003904,"segment_sequence":830001,"segment_id":42,"segment_len_meter":66.2955708938316,"segment_cum_len":27982.0349837606,"stop_segment_distance":18.522407109629555}
{"route_id":"117","stop_id":"25400010","stop_lat":33.945429,"stop_lon":-118.236604,"stop_sequence":44,"segment_first_lat":33.9449147609,"segment_first_lon":-118.2367278361,"segment_second_lat":33.945428611,"segment_second_lon":-118.2367266504,"segment_sequence":430004,"segment_id":22,"segment_len_meter":57.13762885871783,"segment_cum_len":16638.464663503182,"stop_segment_distance":12.486846979691009}
{"route_id":"117","stop_id":"7560","stop_lat":33.945348,"stop_lon":-118.313053,"stop_sequence":21,"segment_first_lat":33.9454774963,"segment_first_lon":-118.3130538063,"segment_second_lat":33.9454737004,"segment_second_lon":-118.3122921631,"segment_sequence":210001,"segment_id":11,"segment_len_meter":70.25820867541746,"segment_cum_len":9202.688364445126,"stop_segment_distance":15.702221118681948}
{"route_id":"120","stop_id":"11157","stop_lat":33.929074,"stop_lon":-118.161785,"stop_sequence":51,"segment_first_lat":33.9289252531,"segment_first_lon":-118.1617612931,"segment_second_lat":33.9289611255,"segment_second_lon":-118.1618539922,"segment_sequence":500007,"segment_id":25,"segment_len_meter":9.437028303500142,"segment_cum_len":22595.62490222036,"stop_segment_distance":21.319781767580512}
{"route_id":"120","stop_id":"3619","stop_lat":33.925771,"stop_lon":-118.155014,"stop_sequence":49,"segment_first_lat":33.9252583429,"segment_first_lon":-118.1543606403,"segment_second_lat":33.9256440055,"segment_second_lon":-118.1551076337,"segment_sequence":480006,"segment_id":24,"segment_len_meter":81.17405525299573,"segment_cum_len":21867.978786514584,"stop_segment_distance":18.34727129568701}
{"route_id":"14","stop_id":"140893","stop_lat":34.076379,"stop_lon":-118.313326,"stop_sequence":57,"segment_first_lat":34.0762552072,"segment_first_lon":-118.3124766535,"segment_second_lat":34.0762530088,"segment_second_lon":-118.3133253236,"segment_sequence":560005,"segment_id":28,"segment_len_meter":78.16454214771034,"segment_cum_len":21103.958726254175,"stop_segment_distance":15.273438150541864}
{"route_id":"155","stop_id":"18070","stop_lat":34.165942,"stop_lon":-118.324283,"stop_sequence":47,"segment_first_lat":34.1660248267,"segment_first_lon":-118.3243988774,"segment_second_lat":34.166581195,"segment_second_lon":-118.3238129319,"segment_sequence":470001,"segment_id":24,"segment_len_meter":82.05808457992771,"segment_cum_len":17822.155559087234,"stop_segment_distance":15.229445435814398}
{"route_id":"161","stop_id":"20098","stop_lat":34.152736,"stop_lon":-118.801344,"stop_sequence":44,"segment_first_lat":34.152684835,"segment_first_lon":-118.8011383505,"segment_second_lat":34.1526246068,"segment_second_lon":-118.8012699874,"segment_sequence":430020,"segment_id":22,"segment_len_meter":13.841139298588246,"segment_cum_len":26417.213892781736,"stop_segment_distance":20.054448813396057}
{"route_id":"176","stop_id":"4293","stop_lat":34.037329,"stop_lon":-118.093157,"stop_sequence":4,"segment_first_lat":34.0371997611,"segment_first_lon":-118.0932930118,"segment_second_lat":34.0373099351,"segment_second_lon":-118.0933126087,"segment_sequence":30020,"segment_id":2,"segment_len_meter":12.383156299452814,"segment_cum_len":1044.7350090250256,"stop_segment_distance":21.17909442671943}
{"route_id":"202","stop_id":"10012","stop_lat":33.881153,"stop_lon":-118.218247,"stop_sequence":18,"segment_first_lat":33.8812522282,"segment_first_lon":-118.2180820521,"segment_second_lat":33.8797761903,"segment_second_lon":-118.2178762595,"segment_sequence":180002,"segment_id":9,"segment_len_meter":165.22374054911856,"segment_cum_len":6810.170039157688,"stop_segment_distance":10.453663299198865}
{"route_id":"205","stop_id":"17440","stop_lat":33.806249,"stop_lon":-118.290207,"stop_sequence":63,"segment_first_lat":33.8062489827,"segment_first_lon":-118.2903577177,"segment_second_lat":33.8071750019,"segment_second_lon":-118.2903553263,"segment_sequence":640001,"segment_id":32,"segment_len_meter":102.96887407469947,"segment_cum_len":20728.7269086379,"stop_segment_distance":14.831328674165661}
{"route_id":"205","stop_id":"17639","stop_lat":33.921562,"stop_lon":-118.23892,"stop_sequence":127,"segment_first_lat":33.9208637431,"segment_first_lon":-118.2390660592,"segment_second_lat":33.9215616862,"segment_second_lon":-118.2390706873,"segment_sequence":1270002,"segment_id":64,"segment_len_meter":77.60890667713915,"segment_cum_len":47352.12736282118,"stop_segment_distance":15.098605943544754}
{"route_id":"209","stop_id":"8129","stop_lat":34.003982,"stop_lon":-118.318093,"stop_sequence":36,"segment_first_lat":34.0039821876,"segment_first_lon":-118.318209151,"segment_second_lat":34.0042899213,"segment_second_lon":-118.3182195591,"segment_sequence":360001,"segment_id":18,"segment_len_meter":34.23187376173226,"segment_cum_len":12357.439781504552,"stop_segment_distance":12.647227810432796}
{"route_id":"210","stop_id":"9414","stop_lat":34.005443,"stop_lon":-118.333982,"stop_sequence":43,"segment_first_lat":34.0057420869,"segment_first_lon":-118.3340130453,"segment_second_lat":34.0055073201,"segment_second_lon":-118.333850105,"segment_sequence":420011,"segment_id":21,"segment_len_meter":30.11733032031406,"segment_cum_len":14261.482653289317,"stop_segment_distance":17.36808778677964}
{"route_id":"236","stop_id":"33","stop_lat":34.322084,"stop_lon":-118.495243,"stop_sequence":40,"segment_first_lat":34.3220230965,"segment_first_lon":-118.4954180533,"segment_second_lat":34.322132371,"segment_second_lon":-118.4953060941,"segment_sequence":390039,"segment_id":20,"segment_len_meter":15.917075061873016,"segment_cum_len":18246.15129408561,"stop_segment_distance":9.432756233468032}
{"route_id":"251","stop_id":"13951","stop_lat":33.993466,"stop_lon":-118.219569,"stop_sequence":30,"segment_first_lat":33.9934690899,"segment_first_lon":-118.219415838,"segment_second_lat":33.9926392809,"segment_second_lon":-118.2193915604,"segment_sequence":300001,"segment_id":15,"segment_len_meter":92.29769301326135,"segment_cum_len":11946.55283337147,"stop_segment_distance":15.197919847976266}
{"route_id":"256","stop_id":"10311","stop_lat":34.101446,"stop_lon":-118.178066,"stop_sequence":50,"segment_first_lat":34.1014791611,"segment_first_lon":-118.1781769105,"segment_second_lat":34.1038377318,"segment_second_lon":-118.1771925893,"segment_sequence":500001,"segment_id":25,"segment_len_meter":277.47902645496197,"segment_cum_len":14325.528536298487,"stop_segment_distance":11.219265503518784}
{"route_id":"256","stop_id":"10674","stop_lat":34.159867,"stop_lon":-118.121345,"stop_sequence":103,"segment_first_lat":34.1597378168,"segment_first_lon":-118.1214772954,"segment_second_lat":34.1598669666,"segment_second_lon":-118.1214774832,"segment_sequence":1020003,"segment_id":51,"segment_len_meter":14.36081293258188,"segment_cum_len":31994.604691498727,"stop_segment_distance":16.657585071285123}
{"route_id":"258","stop_id":"11685","stop_lat":34.042859,"stop_lon":-118.162018,"stop_sequence":40,"segment_first_lat":34.0433126874,"segment_first_lon":-118.1619065071,"segment_second_lat":34.0428593001,"segment_second_lon":-118.161899028,"segment_sequence":390002,"segment_id":20,"segment_len_meter":50.419077029352884,"segment_cum_len":15522.703574793877,"stop_segment_distance":12.025881685910413}
{"route_id":"267","stop_id":"2973","stop_lat":34.193208,"stop_lon":-118.158606,"stop_sequence":77,"segment_first_lat":34.1924108394,"segment_first_lon":-118.1587299589,"segment_second_lat":34.1932049396,"segment_second_lon":-118.1587569308,"segment_sequence":760003,"segment_id":38,"segment_len_meter":88.33475418285303,"segment_cum_len":24888.02633522276,"stop_segment_distance":14.921638999879164}
{"route_id":"28","stop_id":"9313","stop_lat":34.142899,"stop_lon":-118.227886,"stop_sequence":1,"segment_first_lat":34.1427725905,"segment_first_lon":-118.2278826044,"segment_second_lat":34.1427722165,"segment_second_lon":-118.2280808957,"segment_sequence":10001,"segment_id":1,"segment_len_meter":18.248705373370996,"segment_cum_len":18.248705373370996,"stop_segment_distance":18.62423800006635}
{"route_id":"30","stop_id":"7907","stop_lat":34.046151,"stop_lon":-118.280562,"stop_sequence":19,"segment_first_lat":34.0463840259,"segment_first_lon":-118.2807606532,"segment_second_lat":34.0462610025,"segment_second_lon":-118.2804892231,"segment_sequence":180004,"segment_id":9,"segment_len_meter":28.504988211805916,"segment_cum_len":5599.145840861402,"stop_segment_distance":17.167676128748077}
{"route_id":"4","stop_id":"16353","stop_lat":34.078155,"stop_lon":-118.266116,"stop_sequence":23,"segment_first_lat":34.0779299539,"segment_first_lon":-118.2660358579,"segment_second_lat":34.078077123,"segment_second_lon":-118.2662136605,"segment_sequence":220018,"segment_id":11,"segment_len_meter":23.150735957821713,"segment_cum_len":7296.890929720421,"stop_segment_distance":15.42465979384411}
{"route_id":"40","stop_id":"13276","stop_lat":34.019391,"stop_lon":-118.273786,"stop_sequence":21,"segment_first_lat":34.0198924829,"segment_first_lon":-118.2732896366,"segment_second_lat":34.0193321888,"segment_second_lon":-118.2736554273,"segment_sequence":200005,"segment_id":10,"segment_len_meter":70.83824960372125,"segment_cum_len":8220.18460600185,"stop_segment_distance":14.984077983594446}
{"route_id":"487","stop_id":"14322","stop_lat":34.091671,"stop_lon":-118.026696,"stop_sequence":89,"segment_first_lat":34.0920225384,"segment_first_lon":-118.0264085456,"segment_second_lat":34.0916345152,"segment_second_lon":-118.02652105,"segment_sequence":880013,"segment_id":44,"segment_len_meter":44.37256440638022,"segment_cum_len":42509.184679713224,"stop_segment_distance":19.449231496527077}
{"route_id":"51","stop_id":"229","stop_lat":33.941703,"stop_lon":-118.265313,"stop_sequence":65,"segment_first_lat":33.9417038205,"segment_first_lon":-118.2651588374,"segment_second_lat":33.9410278482,"segment_second_lon":-118.2651593354,"segment_sequence":650001,"segment_id":33,"segment_len_meter":75.1647043512988,"segment_cum_len":17121.398863219685,"stop_segment_distance":15.456797561328187}
{"route_id":"68","stop_id":"13968","stop_lat":34.049661,"stop_lon":-118.247621,"stop_sequence":42,"segment_first_lat":34.0502691999,"segment_first_lon":-118.2469493866,"segment_second_lat":34.0496134294,"segment_second_lon":-118.2475492586,"segment_sequence":410004,"segment_id":21,"segment_len_meter":91.49576801487748,"segment_cum_len":16647.98740428266,"stop_segment_distance":8.633898104043311}
{"route_id":"68","stop_id":"9237","stop_lat":34.040715,"stop_lon":-118.166833,"stop_sequence":16,"segment_first_lat":34.0405966152,"segment_first_lon":-118.1648125854,"segment_second_lat":34.0405888947,"segment_second_lon":-118.1668326791,"segment_sequence":150004,"segment_id":8,"segment_len_meter":186.13481970295567,"segment_cum_len":8260.811431144266,"stop_segment_distance":14.514585035950773}
{"route_id":"685","stop_id":"9506","stop_lat":34.114846,"stop_lon":-118.236195,"stop_sequence":23,"segment_first_lat":34.1148143328,"segment_first_lon":-118.2360433477,"segment_second_lat":34.1145855702,"segment_second_lon":-118.2361147238,"segment_sequence":230001,"segment_id":12,"segment_len_meter":26.272225317744997,"segment_cum_len":7092.843590020509,"stop_segment_distance":18.012689811205}
{"route_id":"687","stop_id":"9850","stop_lat":34.145951,"stop_lon":-118.144447,"stop_sequence":27,"segment_first_lat":34.1458237128,"segment_first_lon":-118.1444465558,"segment_second_lat":34.1458216213,"segment_second_lon":-118.1448167107,"segment_sequence":270001,"segment_id":14,"segment_len_meter":34.06475078660998,"segment_cum_len":7162.491279518283,"stop_segment_distance":17.028577956915285}
{"route_id":"70","stop_id":"2156","stop_lat":34.056997,"stop_lon":-118.20858,"stop_sequence":21,"segment_first_lat":34.0572875936,"segment_first_lon":-118.2089170787,"segment_second_lat":34.057112436,"segment_second_lon":-118.2085085776,"segment_sequence":200011,"segment_id":10,"segment_len_meter":42.37360211345498,"segment_cum_len":7696.366048955477,"stop_segment_distance":16.865175025321605}
{"route_id":"733","stop_id":"13716","stop_lat":34.036791,"stop_lon":-118.260178,"stop_sequence":11,"segment_first_lat":34.0369176108,"segment_first_lon":-118.2598982112,"segment_second_lat":34.036721353,"segment_second_lon":-118.2600537241,"segment_sequence":100004,"segment_id":5,"segment_len_meter":26.107051810236428,"segment_cum_len":5082.767860588505,"stop_segment_distance":17.091798335633065}
{"route_id":"744","stop_id":"559","stop_lat":34.179975,"stop_lon":-118.448475,"stop_sequence":6,"segment_first_lat":34.1794002973,"segment_first_lon":-118.4485313432,"segment_second_lat":34.179954454,"segment_second_lon":-118.4486308644,"segment_sequence":50006,"segment_id":3,"segment_len_meter":62.29577923880448,"segment_cum_len":7387.801299196823,"stop_segment_distance":16.336773138809484}
{"route_id":"78","stop_id":"4105","stop_lat":34.053042,"stop_lon":-118.249358,"stop_sequence":10,"segment_first_lat":34.0523289595,"segment_first_lon":-118.2501742341,"segment_second_lat":34.0531017847,"segment_second_lon":-118.249449922,"segment_sequence":90006,"segment_id":5,"segment_len_meter":108.80011057616888,"segment_cum_len":2810.337962515673,"stop_segment_distance":11.241000453704075}
{"route_id":"780","stop_id":"4973","stop_lat":34.071824,"stop_lon":-118.361255,"stop_sequence":7,"segment_first_lat":34.0718237861,"segment_first_lon":-118.3614064746,"segment_second_lat":34.0743133429,"segment_second_lon":-118.3614142594,"segment_sequence":70001,"segment_id":4,"segment_len_meter":276.8270143507258,"segment_cum_len":4952.321816352331,"stop_segment_distance":14.315537949067732}
{"route_id":"90","stop_id":"12057","stop_lat":34.146513,"stop_lon":-118.247257,"stop_sequence":61,"segment_first_lat":34.1481440172,"segment_first_lon":-118.24643547,"segment_second_lat":34.1464730278,"segment_second_lon":-118.2471110461,"segment_sequence":600002,"segment_id":30,"segment_len_meter":195.93050311340352,"segment_cum_len":19344.161947085875,"stop_segment_distance":14.704586792813416}
{"route_id":"92","stop_id":"3328","stop_lat":34.180111,"stop_lon":-118.310418,"stop_sequence":72,"segment_first_lat":34.1800571763,"segment_first_lon":-118.3104737715,"segment_second_lat":34.1804312322,"segment_second_lon":-118.3109816974,"segment_sequence":720001,"segment_id":36,"segment_len_meter":62.55452071684389,"segment_cum_len":21714.543062619134,"stop_segment_distance":8.231130608374663}
