{"route_id":"102","stop_id":"1429","stop_lat":33.974604,"stop_lon":-118.233161,"stop_sequence":82,"segment_first_lat":33.9747323328,"segment_first_lon":-118.2331609734,"segment_second_lat":33.9747312308,"segment_second_lon":-118.2327354973,"segment_sequence":820001,"segment_id":41,"segment_len_meter":39.234272230027905,"segment_cum_len":27359.11821357458,"stop_segment_distance":16.744884443441748}
{"route_id":"108","stop_id":"2513","stop_lat":33.989103,"stop_lon":-118.240821,"stop_sequence":50,"segment_first_lat":33.9892343863,"segment_first_lon":-118.241148195,"segment_second_lat":33.9892306485,"segment_second_lon":-118.240818303,"segment_sequence":490006,"segment_id":25,"segment_len_meter":30.41771281724103,"segment_cum_len":17165.03776698909,"stop_segment_distance":17.296077454602166}
{"route_id":"108","stop_id":"6265","stop_lat":33.987939,"stop_lon":-118.194573,"stop_sequence":65,"segment_first_lat":33.9882467472,"segment_first_lon":-118.1963084487,"segment_second_lat":33.9880660355,"segment_second_lon":-118.1945517638,"segment_sequence":640003,"segment_id":32,"segment_len_meter":163.20393121719994,"segment_cum_len":21438.923127771093,"stop_segment_distance":14.679555914778206}
{"route_id":"120","stop_id":"140793","stop_lat":33.931157,"stop_lon":-118.274207,"stop_sequence":82,"segment_first_lat":33.9310293509,"segment_first_lon":-118.274206317,"segment_second_lat":33.9310204601,"segment_second_lon":-118.2760556372,"segment_sequence":820001,"segment_id":41,"segment_len_meter":170.62033111132314,"segment_cum_len":35114.67446992514,"stop_segment_distance":14.802499523456646}
{"route_id":"125","stop_id":"16974","stop_lat":33.902673,"stop_lon":-118.253863,"stop_sequence":39,"segment_first_lat":33.9027159988,"segment_first_lon":-118.255623149,"segment_second_lat":33.9027982851,"segment_second_lon":-118.2538732071,"segment_sequence":380004,"segment_id":19,"segment_len_meter":161.76141755051682,"segment_cum_len":15606.416357265123,"stop_segment_distance":14.716382239191063}
{"route_id":"128","stop_id":"30009","stop_lat":33.898035,"stop_lon":-118.223176,"stop_sequence":49,"segment_first_lat":33.8979461157,"segment_first_lon":-118.2221621281,"segment_second_lat":33.8979365518,"segment_second_lon":-118.2231743936,"segment_sequence":480015,"segment_id":24,"segment_len_meter":93.43348479014037,"segment_cum_len":21378.31195628329,"stop_segment_distance":11.610601735928824}
{"route_id":"150","stop_id":"30002","stop_lat":34.139051,"stop_lon":-118.363171,"stop_sequence":76,"segment_first_lat":34.1389083642,"segment_first_lon":-118.363078264,"segment_second_lat":34.1390288953,"segment_second_lon":-118.3632033761,"segment_sequence":750032,"segment_id":38,"segment_len_meter":17.66946330719856,"segment_cum_len":27275.72255115079,"stop_segment_distance":4.204142721528314}
{"route_id":"152","stop_id":"1875","stop_lat":34.16683,"stop_lon":-118.623139,"stop_sequence":97,"segment_first_lat":34.167021413,"segment_first_lon":-118.6232957907,"segment_second_lat":34.1660321647,"segment_second_lon":-118.6232950226,"segment_sequence":950008,"segment_id":48,"segment_len_meter":109.99941485190735,"segment_cum_len":38910.63423747221,"stop_segment_distance":5.581580669337399}
{"route_id":"158","stop_id":"160","stop_lat":34.150638,"stop_lon":-118.431078,"stop_sequence":5,"segment_first_lat":34.1506378069,"segment_first_lon":-118.4312282383,"segment_second_lat":34.1530367174,"segment_second_lon":-118.4312287185,"segment_sequence":50001,"segment_id":3,"segment_len_meter":266.74668073414716,"segment_cum_len":2258.264825443155,"stop_segment_distance":14.163951861414887}
{"route_id":"158","stop_id":"16844","stop_lat":34.190631,"stop_lon":-118.431052,"stop_sequence":16,"segment_first_lat":34.1906307694,"segment_first_lon":-118.4312029043,"segment_second_lat":34.1937386441,"segment_second_lon":-118.431201753,"segment_sequence":160001,"segment_id":8,"segment_len_meter":345.57991551042835,"segment_cum_len":6784.154313953034,"stop_segment_distance":14.128544945036595}
{"route_id":"164","stop_id":"8147","stop_lat":34.18496,"stop_lon":-118.355842,"stop_sequence":17,"segment_first_lat":34.1848341529,"segment_first_lon":-118.3558447602,"segment_second_lat":34.1848451205,"segment_second_lon":-118.3565061165,"segment_sequence":170001,"segment_id":9,"segment_len_meter":60.84622115379737,"segment_cum_len":6242.572033224889,"stop_segment_distance":15.558778677310485}
{"route_id":"176","stop_id":"369","stop_lat":34.034624,"stop_lon":-118.091013,"stop_sequence":3,"segment_first_lat":34.0345011057,"segment_first_lon":-118.0911112849,"segment_second_lat":34.0348076289,"segment_second_lon":-118.0916565478,"segment_sequence":30001,"segment_id":2,"segment_len_meter":60.71415743761495,"segment_cum_len":716.6061522769998,"stop_segment_distance":18.39769095517456}
{"route_id":"180","stop_id":"4904","stop_lat":34.12894,"stop_lon":-118.257647,"stop_sequence":28,"segment_first_lat":34.1289401336,"segment_first_lon":-118.2577986057,"segment_second_lat":34.129811205,"segment_second_lon":-118.2578012922,"segment_sequence":280001,"segment_id":14,"segment_len_meter":96.85903606907614,"segment_cum_len":8781.826852949256,"stop_segment_distance":15.00448728499748}
{"route_id":"2","stop_id":"2456","stop_lat":34.045763,"stop_lon":-118.254769,"stop_sequence":84,"segment_first_lat":34.0457013152,"segment_first_lon":-118.2546722202,"segment_second_lat":34.044695034,"segment_second_lon":-118.2555881557,"segment_sequence":840001,"segment_id":42,"segment_len_meter":140.14940752426094,"segment_cum_len":26316.2406584666,"stop_segment_distance":11.807001293951743}
{"route_id":"2","stop_id":"8051","stop_lat":34.098002,"stop_lon":-118.300677,"stop_sequence":52,"segment_first_lat":34.0981243448,"segment_first_lon":-118.3021535673,"segment_second_lat":34.098128028,"segment_second_lon":-118.300677089,"segment_sequence":510002,"segment_id":26,"segment_len_meter":135.9520026937534,"segment_cum_len":16542.935363101624,"stop_segment_distance":14.700274750340668}
{"route_id":"201","stop_id":"142444","stop_lat":34.133501,"stop_lon":-118.267131,"stop_sequence":22,"segment_first_lat":34.1334283121,"segment_first_lon":-118.2671311515,"segment_second_lat":34.1334214092,"segment_second_lon":-118.2681390034,"segment_sequence":220001,"segment_id":11,"segment_len_meter":92.7655871484945,"segment_cum_len":5716.972317205927,"stop_segment_distance":8.514423201606121}
{"route_id":"206","stop_id":"13771","stop_lat":33.963401,"stop_lon":-118.300362,"stop_sequence":55,"segment_first_lat":33.963675875,"segment_first_lon":-118.3002405772,"segment_second_lat":33.9634010859,"segment_second_lon":-118.3002419006,"segment_sequence":540006,"segment_id":27,"segment_len_meter":30.55539757384159,"segment_cum_len":16944.842414213377,"stop_segment_distance":13.07219961310632}
{"route_id":"207","stop_id":"140932","stop_lat":34.018859,"stop_lon":-118.308745,"stop_sequence":31,"segment_first_lat":34.0188586096,"segment_first_lon":-118.3088947378,"segment_second_lat":34.0193532255,"segment_second_lon":-118.3088949132,"segment_sequence":310001,"segment_id":16,"segment_len_meter":54.998781092991344,"segment_cum_len":12095.992145048178,"stop_segment_distance":15.467374297286419}
{"route_id":"212","stop_id":"13657","stop_lat":34.028983,"stop_lon":-118.352684,"stop_sequence":37,"segment_first_lat":34.0289377781,"segment_first_lon":-118.352535972,"segment_second_lat":34.0288125518,"segment_second_lon":-118.3526037624,"segment_sequence":370001,"segment_id":19,"segment_len_meter":15.261683765636299,"segment_cum_len":10398.592636070038,"stop_segment_distance":19.621133672307437}
{"route_id":"239","stop_id":"4491","stop_lat":34.279131,"stop_lon":-118.497434,"stop_sequence":44,"segment_first_lat":34.279257214,"segment_first_lon":-118.4974350026,"segment_second_lat":34.2792389892,"segment_second_lon":-118.4935618334,"segment_sequence":440001,"segment_id":22,"segment_len_meter":355.87499007363596,"segment_cum_len":17309.16335830339,"stop_segment_distance":14.139617411520135}
{"route_id":"243","stop_id":"14827","stop_lat":34.260319,"stop_lon":-118.555451,"stop_sequence":66,"segment_first_lat":34.260047788,"segment_first_lon":-118.5553700541,"segment_second_lat":34.2602362235,"segment_second_lon":-118.5555652485,"segment_sequence":650016,"segment_id":33,"segment_len_meter":27.58308754345715,"segment_cum_len":28841.17367883598,"stop_segment_distance":17.44111883078479}
{"route_id":"260","stop_id":"11096","stop_lat":34.103975,"stop_lon":-118.146409,"stop_sequence":27,"segment_first_lat":34.1041004254,"segment_first_lon":-118.146412637,"segment_second_lat":34.1041103396,"segment_second_lon":-118.145940277,"segment_sequence":270001,"segment_id":14,"segment_len_meter":43.50493007392601,"segment_cum_len":9241.972107822292,"stop_segment_distance":16.15052852268908}
{"route_id":"265","stop_id":"142217","stop_lat":33.885557,"stop_lon":-118.159886,"stop_sequence":15,"segment_first_lat":33.8855557039,"segment_first_lon":-118.1600411168,"segment_second_lat":33.8872618102,"segment_second_lon":-118.1600575531,"segment_sequence":150001,"segment_id":8,"segment_len_meter":189.7164316460638,"segment_cum_len":6021.091762534633,"stop_segment_distance":14.829461869036692}
{"route_id":"265","stop_id":"2617","stop_lat":33.92005,"stop_lon":-118.144001,"stop_sequence":33,"segment_first_lat":33.9199435509,"segment_first_lon":-118.1440832361,"segment_second_lat":33.9203213451,"segment_second_lon":-118.1447994675,"segment_sequence":330001,"segment_id":17,"segment_len_meter":78.30910405644012,"segment_cum_len":12590.300940413847,"stop_segment_distance":15.36534510284855}
{"route_id":"55","stop_id":"813","stop_lat":33.963089,"stop_lon":-118.247494,"stop_sequence":19,"segment_first_lat":33.9622482748,"segment_first_lon":-118.2476429115,"segment_second_lat":33.9630891129,"segment_second_lon":-118.2476453977,"segment_sequence":180006,"segment_id":9,"segment_len_meter":93.49721200366862,"segment_cum_len":5832.111015642146,"stop_segment_distance":14.95316871472751}
{"route_id":"603","stop_id":"17145","stop_lat":34.03017,"stop_lon":-118.273264,"stop_sequence":63,"segment_first_lat":34.0305638548,"segment_first_lon":-118.27388226,"segment_second_lat":34.0302554253,"segment_second_lon":-118.2732069724,"segment_sequence":620003,"segment_id":31,"segment_len_meter":71.053799779888,"segment_cum_len":19048.117559717706,"stop_segment_distance":11.662725537327105}
{"route_id":"62","stop_id":"4371","stop_lat":33.883532,"stop_lon":-118.08252,"stop_sequence":63,"segment_first_lat":33.8836718651,"segment_first_lon":-118.0823717189,"segment_second_lat":33.8835344752,"segment_second_lon":-118.0823696071,"segment_sequence":620007,"segment_id":31,"segment_len_meter":15.278303576097679,"segment_cum_len":31636.948137687366,"stop_segment_distance":19.32530318286279}
{"route_id":"750","stop_id":"15406","stop_lat":34.162752,"stop_lon":-118.519081,"stop_sequence":11,"segment_first_lat":34.1624514953,"segment_first_lon":-118.51856374,"segment_second_lat":34.1626053946,"segment_second_lon":-118.5191362491,"segment_sequence":100021,"segment_id":5,"segment_len_meter":55.385462289487165,"segment_cum_len":14938.894700593439,"stop_segment_distance":19.84147626339353}
{"route_id":"76","stop_id":"12275","stop_lat":34.06785,"stop_lon":-118.225816,"stop_sequence":51,"segment_first_lat":34.0677412544,"segment_first_lon":-118.2257449365,"segment_second_lat":34.067704532,"segment_second_lon":-118.2258389417,"segment_sequence":510001,"segment_id":26,"segment_len_meter":9.573443614083734,"segment_cum_len":19026.98484312996,"stop_segment_distance":20.48930054468562}
{"route_id":"794","stop_id":"3567","stop_lat":34.205883,"stop_lon":-118.349381,"stop_sequence":27,"segment_first_lat":34.2057811678,"segment_first_lon":-118.349481323,"segment_second_lat":34.2067101205,"segment_second_lon":-118.3508478647,"segment_sequence":270001,"segment_id":14,"segment_len_meter":162.67200263180357,"segment_cum_len":27294.182827000583,"stop_segment_distance":15.197366740206292}
{"route_id":"92","stop_id":"11063","stop_lat":34.294043,"stop_lon":-118.445492,"stop_sequence":119,"segment_first_lat":34.2939752608,"segment_first_lon":-118.4454047319,"segment_second_lat":34.2928237897,"segment_second_lon":-118.4467010685,"segment_sequence":1190001,"segment_id":60,"segment_len_meter":174.85895800530224,"segment_cum_len":41018.8294546196,"stop_segment_distance":11.40117593556269}
