{"route_id":"106","stop_id":"13964","stop_lat":34.0346,"stop_lon":-118.215696,"stop_sequence":22,"segment_first_lat":34.0343722617,"segment_first_lon":-118.2156689861,"segment_second_lat":34.0346705906,"segment_second_lon":-118.2163331758,"segment_sequence":220002,"segment_id":11,"segment_len_meter":69.61513551772946,"segment_cum_len":7941.148210343112,"stop_segment_distance":15.066558960073863}
{"route_id":"130","stop_id":"30005","stop_lat":33.869338,"stop_lon":-118.287306,"stop_sequence":48,"segment_first_lat":33.8693101416,"segment_first_lon":-118.287278043,"segment_second_lat":33.8688199414,"segment_second_lon":-118.2879631789,"segment_sequence":480001,"segment_id":24,"segment_len_meter":83.501229496059,"segment_cum_len":23308.51119284033,"stop_segment_distance":4.196089363259844}
{"route_id":"152","stop_id":"10418","stop_lat":34.219112,"stop_lon":-118.623625,"stop_sequence":82,"segment_first_lat":34.2191156294,"segment_first_lon":-118.6234742754,"segment_second_lat":34.2186375841,"segment_second_lon":-118.623456151,"segment_sequence":820001,"segment_id":41,"segment_len_meter":53.18232812414902,"segment_cum_len":33061.10660361313,"stop_segment_distance":15.671838703748563}
{"route_id":"152","stop_id":"13025","stop_lat":34.22053,"stop_lon":-118.55827,"stop_sequence":67,"segment_first_lat":34.2204029703,"segment_first_lon":-118.5582654899,"segment_second_lat":34.2203734956,"segment_second_lon":-118.5601243806,"segment_sequence":670001,"segment_id":34,"segment_len_meter":170.9469729618519,"segment_cum_len":27150.422009346687,"stop_segment_distance":14.570722787559788}
{"route_id":"154","stop_id":"13101","stop_lat":34.177806,"stop_lon":-118.307266,"stop_sequence":2,"segment_first_lat":34.1777424143,"segment_first_lon":-118.3073321551,"segment_second_lat":34.1782049396,"segment_second_lon":-118.3079580824,"segment_sequence":20001,"segment_id":1,"segment_len_meter":77.20443994976442,"segment_cum_len":851.9266710961418,"stop_segment_distance":9.720134918943458}
{"route_id":"164","stop_id":"7144","stop_lat":34.188533,"stop_lon":-118.579526,"stop_sequence":69,"segment_first_lat":34.1884001143,"segment_first_lon":-118.5790955726,"segment_second_lat":34.1884060068,"segment_second_lon":-118.5795291248,"segment_sequence":680031,"segment_id":34,"segment_len_meter":39.883432406878924,"segment_cum_len":26958.6732813751,"stop_segment_distance":16.498654318870813}
{"route_id":"164","stop_id":"8158","stop_lat":34.184507,"stop_lon":-118.329275,"stop_sequence":8,"segment_first_lat":34.1843664498,"segment_first_lon":-118.3285573024,"segment_second_lat":34.1843801523,"segment_second_lon":-118.3292781791,"segment_sequence":70006,"segment_id":4,"segment_len_meter":66.32677417730626,"segment_cum_len":3737.4993036696374,"stop_segment_distance":15.622556272292911}
{"route_id":"165","stop_id":"6846","stop_lat":34.193821,"stop_lon":-118.425907,"stop_sequence":53,"segment_first_lat":34.1939464548,"segment_first_lon":-118.4268433162,"segment_second_lat":34.1939475551,"segment_second_lon":-118.4259074642,"segment_sequence":520002,"segment_id":26,"segment_len_meter":86.07391995623875,"segment_cum_len":20512.371596067456,"stop_segment_distance":15.237573269946253}
{"route_id":"176","stop_id":"9796","stop_lat":34.095427,"stop_lon":-118.12687,"stop_sequence":69,"segment_first_lat":34.095363006,"segment_first_lon":-118.127002499,"segment_second_lat":34.0959975715,"segment_second_lon":-118.1274457367,"segment_sequence":690001,"segment_id":35,"segment_len_meter":81.51402356188628,"segment_cum_len":26421.327768126874,"stop_segment_distance":15.288619252996071}
{"route_id":"180","stop_id":"1565","stop_lat":34.188312,"stop_lon":-118.132881,"stop_sequence":91,"segment_first_lat":34.1882448647,"segment_first_lon":-118.1329088896,"segment_second_lat":34.1885417186,"segment_second_lon":-118.1338299407,"segment_sequence":910001,"segment_id":46,"segment_len_meter":90.9215606731866,"segment_cum_len":27712.825353092485,"stop_segment_distance":7.916268594308832}
{"route_id":"200","stop_id":"11191","stop_lat":34.023027,"stop_lon":-118.282134,"stop_sequence":7,"segment_first_lat":34.0221252604,"segment_first_lon":-118.2804192277,"segment_second_lat":34.0229124825,"segment_second_lon":-118.2822059225,"segment_sequence":60001,"segment_id":3,"segment_len_meter":186.4834914435877,"segment_cum_len":1749.9130008197335,"stop_segment_distance":15.03129085228565}
{"route_id":"202","stop_id":"5922","stop_lat":33.783628,"stop_lon":-118.250545,"stop_sequence":49,"segment_first_lat":33.7852983626,"segment_first_lon":-118.2505827353,"segment_second_lat":33.7836331755,"segment_second_lon":-118.2504592974,"segment_sequence":480005,"segment_id":24,"segment_len_meter":185.51144937268094,"segment_cum_len":24523.58187585424,"stop_segment_distance":8.198556491119234}
{"route_id":"205","stop_id":"4240","stop_lat":33.789935,"stop_lon":-118.297115,"stop_sequence":53,"segment_first_lat":33.7900477355,"segment_first_lon":-118.2971755522,"segment_second_lat":33.7903961579,"segment_second_lon":-118.2962836082,"segment_sequence":530001,"segment_id":27,"segment_len_meter":91.0773127462242,"segment_cum_len":14650.6711737807,"stop_segment_distance":15.021526221339997}
{"route_id":"206","stop_id":"14032","stop_lat":33.923421,"stop_lon":-118.291941,"stop_sequence":73,"segment_first_lat":33.9234213403,"segment_first_lon":-118.2917868864,"segment_second_lat":33.9230668796,"segment_second_lon":-118.2917820263,"segment_sequence":730001,"segment_id":37,"segment_len_meter":39.41678244666033,"segment_cum_len":22204.035830973,"stop_segment_distance":16.822697866472893}
{"route_id":"233","stop_id":"6819","stop_lat":34.255609,"stop_lon":-118.436243,"stop_sequence":38,"segment_first_lat":34.2551908609,"segment_first_lon":-118.4370481612,"segment_second_lat":34.2557050678,"segment_second_lon":-118.4363416568,"segment_sequence":370004,"segment_id":19,"segment_len_meter":86.5185188934628,"segment_cum_len":12310.752887422208,"stop_segment_distance":14.887203903804064}
{"route_id":"234","stop_id":"2622","stop_lat":34.164486,"stop_lon":-118.466316,"stop_sequence":64,"segment_first_lat":34.1644867257,"segment_first_lon":-118.4661615411,"segment_second_lat":34.1639563848,"segment_second_lon":-118.4661605657,"segment_sequence":640001,"segment_id":32,"segment_len_meter":58.971285757625665,"segment_cum_len":23984.57498771135,"stop_segment_distance":15.842133275776078}
{"route_id":"251","stop_id":"9952","stop_lat":33.973319,"stop_lon":-118.217771,"stop_sequence":40,"segment_first_lat":33.9735836796,"segment_first_lon":-118.2189623467,"segment_second_lat":33.9734454586,"segment_second_lon":-118.2177499011,"segment_sequence":390010,"segment_id":20,"segment_len_meter":112.85532119219069,"segment_cum_len":15232.365571063772,"stop_segment_distance":15.072511506334806}
{"route_id":"256","stop_id":"1331","stop_lat":34.145773,"stop_lon":-118.132,"stop_sequence":91,"segment_first_lat":34.1458986712,"segment_first_lon":-118.1320000947,"segment_second_lat":34.1459062523,"segment_second_lon":-118.1308400553,"segment_sequence":910001,"segment_id":46,"segment_len_meter":106.75727045112649,"segment_cum_len":28048.945122623398,"stop_segment_distance":14.985481772808953}
{"route_id":"256","stop_id":"3295","stop_lat":34.113785,"stop_lon":-118.190115,"stop_sequence":61,"segment_first_lat":34.1132880412,"segment_first_lon":-118.191359074,"segment_second_lat":34.1138686142,"segment_second_lon":-118.1901737044,"segment_sequence":600003,"segment_id":30,"segment_len_meter":126.79201222595987,"segment_cum_len":17224.315513741265,"stop_segment_distance":11.127238218136512}
{"route_id":"258","stop_id":"12031","stop_lat":34.094911,"stop_lon":-118.15222,"stop_sequence":20,"segment_first_lat":34.0949111602,"segment_first_lon":-118.1520690771,"segment_second_lat":34.0915230878,"segment_second_lon":-118.1520298878,"segment_sequence":200001,"segment_id":10,"segment_len_meter":376.7537450556271,"segment_cum_len":6250.205855669435,"stop_segment_distance":14.268682681999792}
{"route_id":"258","stop_id":"142285","stop_lat":33.887137,"stop_lon":-118.160211,"stop_sequence":86,"segment_first_lat":33.8873305049,"segment_first_lon":-118.1600583433,"segment_second_lat":33.8871381594,"segment_second_lon":-118.1600563286,"segment_sequence":850003,"segment_id":43,"segment_len_meter":21.388652270995976,"segment_cum_len":34602.876922013435,"stop_segment_distance":18.609520995973433}
{"route_id":"267","stop_id":"1385","stop_lat":34.142241,"stop_lon":-118.094947,"stop_sequence":33,"segment_first_lat":34.1421411135,"segment_first_lon":-118.0949469039,"segment_second_lat":34.1421357661,"segment_second_lon":-118.0961498593,"segment_sequence":330001,"segment_id":17,"segment_len_meter":110.70986477816079,"segment_cum_len":12579.875430533528,"stop_segment_distance":11.713103513682896}
{"route_id":"267","stop_id":"15086","stop_lat":34.080046,"stop_lon":-118.054835,"stop_sequence":7,"segment_first_lat":34.0794639423,"segment_first_lon":-118.0538108789,"segment_second_lat":34.0799333357,"segment_second_lon":-118.0549029478,"segment_sequence":60003,"segment_id":3,"segment_len_meter":113.31407003167155,"segment_cum_len":2434.545478965304,"stop_segment_distance":15.07982179347772}
{"route_id":"267","stop_id":"6522","stop_lat":34.110159,"stop_lon":-118.061432,"stop_sequence":17,"segment_first_lat":34.1087570229,"segment_first_lon":-118.0612950236,"segment_second_lat":34.1101365825,"segment_second_lon":-118.0615794816,"segment_sequence":160001,"segment_id":8,"segment_len_meter":155.61948853892432,"segment_cum_len":6071.648446201215,"stop_segment_distance":14.587314100352813}
{"route_id":"267","stop_id":"9799","stop_lat":34.192575,"stop_lon":-118.141531,"stop_sequence":83,"segment_first_lat":34.1934899626,"segment_first_lon":-118.1439899684,"segment_second_lat":34.1926930198,"segment_second_lon":-118.141478702,"segment_sequence":820004,"segment_id":41,"segment_len_meter":247.3889821512757,"segment_cum_len":27181.032184466098,"stop_segment_distance":14.581101180844058}
{"route_id":"28","stop_id":"142099","stop_lat":34.142892,"stop_lon":-118.231406,"stop_sequence":2,"segment_first_lat":34.1427658982,"segment_first_lon":-118.2314055789,"segment_second_lat":34.1427650941,"segment_second_lon":-118.2318252953,"segment_sequence":20001,"segment_id":1,"segment_len_meter":38.62641568850122,"segment_cum_len":362.8450197566399,"stop_segment_distance":16.482329068358688}
{"route_id":"33","stop_id":"5629","stop_lat":33.994038,"stop_lon":-118.452263,"stop_sequence":9,"segment_first_lat":33.9941499259,"segment_first_lon":-118.4523436129,"segment_second_lat":33.9948012973,"segment_second_lon":-118.4510624801,"segment_sequence":90001,"segment_id":5,"segment_len_meter":138.5483067718487,"segment_cum_len":3015.09306377144,"stop_segment_distance":15.421770605706314}
{"route_id":"487","stop_id":"14330","stop_lat":34.117065,"stop_lon":-118.031124,"stop_sequence":81,"segment_first_lat":34.1170682573,"segment_first_lon":-118.0309714709,"segment_second_lat":34.1160680376,"segment_second_lon":-118.0309555724,"segment_sequence":810001,"segment_id":41,"segment_len_meter":111.22898574034244,"segment_cum_len":39722.56645333254,"stop_segment_distance":14.753364802673701}
{"route_id":"53","stop_id":"140927","stop_lat":33.992784,"stop_lon":-118.256294,"stop_sequence":49,"segment_first_lat":33.9925195144,"segment_first_lon":-118.2564449545,"segment_second_lat":33.9927833073,"segment_second_lon":-118.2564457625,"segment_sequence":480007,"segment_id":24,"segment_len_meter":29.332526753187093,"segment_cum_len":17090.326127079377,"stop_segment_distance":17.19514564371268}
{"route_id":"55","stop_id":"1244","stop_lat":33.953462,"stop_lon":-118.247205,"stop_sequence":16,"segment_first_lat":33.9533653664,"segment_first_lon":-118.2472044749,"segment_second_lat":33.9533648254,"segment_second_lon":-118.2474682653,"segment_sequence":160001,"segment_id":8,"segment_len_meter":24.330874600516974,"segment_cum_len":4740.775883710346,"stop_segment_distance":12.992355657151425}
{"route_id":"611","stop_id":"14308","stop_lat":33.963007,"stop_lon":-118.205074,"stop_sequence":9,"segment_first_lat":33.9629068268,"segment_first_lon":-118.205087745,"segment_second_lat":33.9630079393,"segment_second_lon":-118.2060601771,"segment_sequence":90001,"segment_id":5,"segment_len_meter":90.38451797650985,"segment_cum_len":3619.1301371248614,"stop_segment_distance":11.776275134188637}
{"route_id":"62","stop_id":"6310","stop_lat":33.85832,"stop_lon":-118.090489,"stop_sequence":71,"segment_first_lat":33.8584426678,"segment_first_lon":-118.0904888615,"segment_second_lat":33.8584413719,"segment_second_lon":-118.0900178669,"segment_sequence":710001,"segment_id":36,"segment_len_meter":43.490991928538705,"segment_cum_len":35303.921890252386,"stop_segment_distance":15.69793990048629}
{"route_id":"685","stop_id":"12437","stop_lat":34.161142,"stop_lon":-118.236379,"stop_sequence":4,"segment_first_lat":34.161118139,"segment_first_lon":-118.2362392727,"segment_second_lat":34.1595810717,"segment_second_lon":-118.2366120888,"segment_sequence":40001,"segment_id":2,"segment_len_meter":174.322452636585,"segment_cum_len":1624.5386976682462,"stop_segment_distance":13.69201532715553}
{"route_id":"70","stop_id":"1462","stop_lat":34.062413,"stop_lon":-118.114135,"stop_sequence":51,"segment_first_lat":34.0625331634,"segment_first_lon":-118.1146304012,"segment_second_lat":34.0625385755,"segment_second_lon":-118.114138456,"segment_sequence":500004,"segment_id":25,"segment_len_meter":45.32043843495609,"segment_cum_len":17499.203920938053,"stop_segment_distance":16.19725035029404}
{"route_id":"720","stop_id":"16612","stop_lat":34.022642,"stop_lon":-118.167213,"stop_sequence":4,"segment_first_lat":34.0225189283,"segment_first_lon":-118.1672514162,"segment_second_lat":34.0226679842,"segment_second_lon":-118.1679553007,"segment_sequence":40001,"segment_id":2,"segment_len_meter":66.95405024867988,"segment_cum_len":1490.5020208091298,"stop_segment_distance":15.653010612380754}
{"route_id":"81","stop_id":"12024","stop_lat":34.096294,"stop_lon":-118.207247,"stop_sequence":34,"segment_first_lat":34.0967949129,"segment_first_lon":-118.206621069,"segment_second_lat":34.0962101648,"segment_second_lon":-118.2071031877,"segment_sequence":330007,"segment_id":17,"segment_len_meter":78.7306265075882,"segment_cum_len":9709.876165510985,"stop_segment_distance":17.61513513539026}
