{"route_id":"110","stop_id":"2109","stop_lat":33.975408,"stop_lon":-118.163919,"stop_sequence":78,"segment_first_lat":33.9756588362,"segment_first_lon":-118.1651135576,"segment_second_lat":33.9755357412,"segment_second_lon":-118.1638979034,"segment_sequence":770014,"segment_id":39,"segment_len_meter":112.92955181025991,"segment_cum_len":26916.434045233585,"stop_segment_distance":15.035341206922197}
{"route_id":"115","stop_id":"7823","stop_lat":33.959759,"stop_lon":-118.387407,"stop_sequence":5,"segment_first_lat":33.9598784891,"segment_first_lon":-118.3904148306,"segment_second_lat":33.9598857121,"segment_second_lon":-118.387407388,"segment_sequence":40003,"segment_id":2,"segment_len_meter":277.37244155799715,"segment_cum_len":918.4928812190176,"stop_segment_distance":14.442618444291668}
{"route_id":"125","stop_id":"17292","stop_lat":33.905121,"stop_lon":-118.386512,"stop_sequence":7,"segment_first_lat":33.9049146054,"segment_first_lon":-118.3865238523,"segment_second_lat":33.9050985069,"segment_second_lon":-118.3865876447,"segment_sequence":60003,"segment_id":3,"segment_len_meter":21.279517395722433,"segment_cum_len":3015.809981979488,"stop_segment_distance":9.112153334151735}
{"route_id":"155","stop_id":"7483","stop_lat":34.156699,"stop_lon":-118.332319,"stop_sequence":42,"segment_first_lat":34.1565257558,"segment_first_lon":-118.3332572284,"segment_second_lat":34.1568161639,"segment_second_lon":-118.3323745129,"segment_sequence":410003,"segment_id":21,"segment_len_meter":87.40633964616146,"segment_cum_len":16247.834031372415,"stop_segment_distance":15.041024580864772}
{"route_id":"158","stop_id":"8712","stop_lat":34.248001,"stop_lon":-118.432179,"stop_sequence":37,"segment_first_lat":34.2472910089,"segment_first_lon":-118.431589913,"segment_second_lat":34.2479348909,"segment_second_lon":-118.4322689517,"segment_sequence":360003,"segment_id":18,"segment_len_meter":94.98184184710782,"segment_cum_len":13838.563459549327,"stop_segment_distance":11.81271276523087}
{"route_id":"165","stop_id":"6836","stop_lat":34.193757,"stop_lon":-118.51437,"stop_sequence":33,"segment_first_lat":34.1938877891,"segment_first_lon":-118.5152932521,"segment_second_lat":34.1938848462,"segment_second_lon":-118.5143706009,"segment_sequence":320006,"segment_id":16,"segment_len_meter":84.8603977182318,"segment_cum_len":12376.010002626022,"stop_segment_distance":15.507025214201619}
{"route_id":"20","stop_id":"16698","stop_lat":34.062551,"stop_lon":-118.35271,"stop_sequence":38,"segment_first_lat":34.0624248098,"segment_first_lon":-118.3527124191,"segment_second_lat":34.062440492,"segment_second_lon":-118.3537393169,"segment_sequence":380001,"segment_id":19,"segment_len_meter":94.61077814575503,"segment_cum_len":11014.593564333394,"stop_segment_distance":15.033093127249543}
{"route_id":"201","stop_id":"19083","stop_lat":34.12895,"stop_lon":-118.268521,"stop_sequence":25,"segment_first_lat":34.1289735546,"segment_first_lon":-118.2684492206,"segment_second_lat":34.1288731019,"segment_second_lon":-118.268395368,"segment_sequence":250001,"segment_id":13,"segment_len_meter":12.220286535006196,"segment_cum_len":6313.16037202664,"stop_segment_distance":9.268574052908654}
{"route_id":"209","stop_id":"25400148","stop_lat":33.902273,"stop_lon":-118.326374,"stop_sequence":2,"segment_first_lat":33.9022727614,"segment_first_lon":-118.3265248311,"segment_second_lat":33.9034598255,"segment_second_lon":-118.3265268194,"segment_sequence":20001,"segment_id":1,"segment_len_meter":131.99563307318024,"segment_cum_len":308.23410792233824,"stop_segment_distance":14.645175633091611}
{"route_id":"210","stop_id":"25400134","stop_lat":34.039556,"stop_lon":-118.331405,"stop_sequence":33,"segment_first_lat":34.0398787837,"segment_first_lon":-118.3310597418,"segment_second_lat":34.0395025939,"segment_second_lon":-118.3312622431,"segment_sequence":320003,"segment_id":16,"segment_len_meter":45.80320177102459,"segment_cum_len":10380.67267607269,"stop_segment_distance":16.59024184473416}
{"route_id":"210","stop_id":"9463","stop_lat":34.054089,"stop_lon":-118.323477,"stop_sequence":28,"segment_first_lat":34.0540293318,"segment_first_lon":-118.3233175582,"segment_second_lat":34.053196877,"segment_second_lon":-118.323773888,"segment_sequence":280001,"segment_id":14,"segment_len_meter":101.66416357755777,"segment_cum_len":8708.925754609294,"stop_segment_distance":17.354652038162172}
{"route_id":"251","stop_id":"14710","stop_lat":33.95845,"stop_lon":-118.21176,"stop_sequence":47,"segment_first_lat":33.9598853417,"segment_first_lon":-118.2114243729,"segment_second_lat":33.958435746,"segment_second_lon":-118.2116406635,"segment_sequence":460003,"segment_id":23,"segment_len_meter":162.41737749493672,"segment_cum_len":17582.64622594885,"stop_segment_distance":11.279334504482733}
{"route_id":"268","stop_id":"12280","stop_lat":34.159112,"stop_lon":-118.068096,"stop_sequence":42,"segment_first_lat":34.159114746,"segment_first_lon":-118.0679750466,"segment_second_lat":34.1589773535,"segment_second_lon":-118.0679732821,"segment_sequence":420001,"segment_id":21,"segment_len_meter":15.278211620315759,"segment_cum_len":16745.02943122303,"stop_segment_distance":14.60768015760734}
{"route_id":"268","stop_id":"8947","stop_lat":34.122657,"stop_lon":-118.054906,"stop_sequence":27,"segment_first_lat":34.1226623126,"segment_first_lon":-118.0550575566,"segment_second_lat":34.1240722823,"segment_second_lon":-118.0549729084,"segment_sequence":270001,"segment_id":14,"segment_len_meter":156.974984389084,"segment_cum_len":9394.2591641132,"stop_segment_distance":14.481206003403713}
{"route_id":"28","stop_id":"1286","stop_lat":34.146017,"stop_lon":-118.229613,"stop_sequence":6,"segment_first_lat":34.1461619744,"segment_first_lon":-118.2301227252,"segment_second_lat":34.1461470171,"segment_second_lon":-118.2296071032,"segment_sequence":50005,"segment_id":3,"segment_len_meter":47.47969692728895,"segment_cum_len":1453.8399072269606,"stop_segment_distance":16.58835427477552}
{"route_id":"40","stop_id":"9414","stop_lat":34.005443,"stop_lon":-118.333982,"stop_sequence":39,"segment_first_lat":34.0057420869,"segment_first_lon":-118.3340130453,"segment_second_lat":34.0055073201,"segment_second_lon":-118.333850105,"segment_sequence":380011,"segment_id":19,"segment_len_meter":30.11733032031406,"segment_cum_len":15067.944016567862,"stop_segment_distance":17.36808778677964}
{"route_id":"687","stop_id":"9865","stop_lat":34.146017,"stop_lon":-118.135434,"stop_sequence":24,"segment_first_lat":34.1458902054,"segment_first_lon":-118.1354306599,"segment_second_lat":34.1458693326,"segment_second_lon":-118.1368848209,"segment_sequence":240001,"segment_id":12,"segment_len_meter":133.84097759685093,"segment_cum_len":6432.529758146843,"stop_segment_distance":14.780556644637556}
{"route_id":"70","stop_id":"2182","stop_lat":34.062546,"stop_lon":-118.082142,"stop_sequence":59,"segment_first_lat":34.0626714386,"segment_first_lon":-118.0833866035,"segment_second_lat":34.0626722915,"segment_second_lon":-118.0821418637,"segment_sequence":580007,"segment_id":29,"segment_len_meter":114.66136593664265,"segment_cum_len":20446.778970335457,"stop_segment_distance":14.87581631052376}
{"route_id":"733","stop_id":"15279","stop_lat":34.044246,"stop_lon":-118.358739,"stop_sequence":20,"segment_first_lat":34.0441197325,"segment_first_lon":-118.3587130347,"segment_second_lat":34.0440381825,"segment_second_lon":-118.3592467843,"segment_sequence":200001,"segment_id":10,"segment_len_meter":50.00707039269409,"segment_cum_len":15049.902644657364,"stop_segment_distance":16.416890911531198}
{"route_id":"81","stop_id":"12017","stop_lat":34.084689,"stop_lon":-118.221529,"stop_sequence":40,"segment_first_lat":34.084593969,"segment_first_lon":-118.221425416,"segment_second_lat":34.0839698048,"segment_second_lon":-118.2222404834,"segment_sequence":400001,"segment_id":20,"segment_len_meter":102.23125611669035,"segment_cum_len":11688.801990231583,"stop_segment_distance":15.390142577964056}
{"route_id":"81","stop_id":"12103","stop_lat":34.064597,"stop_lon":-118.238737,"stop_sequence":42,"segment_first_lat":34.0650397184,"segment_first_lon":-118.2383851936,"segment_second_lat":34.0645586388,"segment_second_lon":-118.2386268339,"segment_sequence":410074,"segment_id":21,"segment_len_meter":57.939704902661965,"segment_cum_len":14382.236549862573,"stop_segment_distance":12.00530796434527}
{"route_id":"90","stop_id":"5145","stop_lat":34.041457,"stop_lon":-118.258737,"stop_sequence":93,"segment_first_lat":34.0413985016,"segment_first_lon":-118.2586452548,"segment_second_lat":34.0405319842,"segment_second_lon":-118.2594671252,"segment_sequence":930001,"segment_id":47,"segment_len_meter":122.54961852657104,"segment_cum_len":33366.33929057689,"stop_segment_distance":11.020588463806263}
{"route_id":"910","stop_id":"30019","stop_lat":34.072191,"stop_lon":-118.045132,"stop_sequence":1,"segment_first_lat":34.0720152904,"segment_first_lon":-118.0451315555,"segment_second_lat":34.0720149716,"segment_second_lon":-118.0459768846,"segment_sequence":10001,"segment_id":1,"segment_len_meter":77.86035161228867,"segment_cum_len":77.86035161228867,"stop_segment_distance":21.920883577766688}
{"route_id":"92","stop_id":"7674","stop_lat":34.163169,"stop_lon":-118.27828,"stop_sequence":60,"segment_first_lat":34.1630728895,"segment_first_lon":-118.2783792841,"segment_second_lat":34.1635218467,"segment_second_lon":-118.2789956393,"segment_sequence":600001,"segment_id":30,"segment_len_meter":75.5520019336536,"segment_cum_len":17746.089265577888,"stop_segment_distance":15.154247190661039}
