{"route_id":"106","stop_id":"2794","stop_lat":34.059355,"stop_lon":-118.213013,"stop_sequence":33,"segment_first_lat":34.0591297721,"segment_first_lon":-118.2130024145,"segment_second_lat":34.0592809465,"segment_second_lon":-118.2131345321,"segment_sequence":320007,"segment_id":16,"segment_len_meter":20.753242271501904,"segment_cum_len":11503.559886480023,"stop_segment_distance":18.20762904377034}
{"route_id":"115","stop_id":"7802","stop_lat":33.959747,"stop_lon":-118.391908,"stop_sequence":4,"segment_first_lat":33.9598717502,"segment_first_lon":-118.3932507963,"segment_second_lat":33.9598741946,"segment_second_lon":-118.3919086556,"segment_sequence":30001,"segment_id":2,"segment_len_meter":123.78364914602079,"segment_cum_len":503.34665482999594,"stop_segment_distance":14.978230047150191}
{"route_id":"115","stop_id":"7828","stop_lat":33.961491,"stop_lon":-118.367925,"stop_sequence":14,"segment_first_lat":33.9616160329,"segment_first_lon":-118.3679257595,"segment_second_lat":33.9616293686,"segment_second_lon":-118.3663429042,"segment_sequence":140001,"segment_id":7,"segment_len_meter":145.98857690316086,"segment_cum_len":2934.5776435763355,"stop_segment_distance":14.634685852193456}
{"route_id":"125","stop_id":"17347","stop_lat":33.901789,"stop_lon":-118.295725,"stop_sequence":28,"segment_first_lat":33.9019147969,"segment_first_lon":-118.2957254589,"segment_second_lat":33.9019170796,"segment_second_lon":-118.2938932356,"segment_sequence":280001,"segment_id":14,"segment_len_meter":169.09805993478102,"segment_cum_len":11907.655789560993,"stop_segment_distance":14.544450486825468}
{"route_id":"125","stop_id":"17385","stop_lat":33.903492,"stop_lon":-118.189694,"stop_sequence":63,"segment_first_lat":33.9036111568,"segment_first_lon":-118.1906496745,"segment_second_lat":33.9036173357,"segment_second_lon":-118.1896940114,"segment_sequence":620005,"segment_id":31,"segment_len_meter":88.20009997264854,"segment_cum_len":23742.774330833785,"stop_segment_distance":14.924795836823577}
{"route_id":"125","stop_id":"36508","stop_lat":33.916969,"stop_lon":-118.107599,"stop_sequence":80,"segment_first_lat":33.9170964009,"segment_first_lon":-118.1075989249,"segment_second_lat":33.9170995067,"segment_second_lon":-118.1065771797,"segment_sequence":800001,"segment_id":40,"segment_len_meter":94.28180686488429,"segment_cum_len":33137.964762090625,"stop_segment_distance":15.282897651622378}
{"route_id":"127","stop_id":"30009","stop_lat":33.898035,"stop_lon":-118.223176,"stop_sequence":44,"segment_first_lat":33.8979461157,"segment_first_lon":-118.2221621281,"segment_second_lat":33.8979365518,"segment_second_lon":-118.2231743936,"segment_sequence":430015,"segment_id":22,"segment_len_meter":93.43348479014037,"segment_cum_len":16742.31984212294,"stop_segment_distance":11.610601735928824}
{"route_id":"14","stop_id":"5389","stop_lat":34.032147,"stop_lon":-118.267574,"stop_sequence":34,"segment_first_lat":34.030492872,"segment_first_lon":-118.268786147,"segment_second_lat":34.0321858682,"segment_second_lon":-118.2676572002,"segment_sequence":330008,"segment_id":17,"segment_len_meter":215.08594275784233,"segment_cum_len":11162.469957804351,"stop_segment_distance":8.906833407175412}
{"route_id":"158","stop_id":"9573","stop_lat":34.257383,"stop_lon":-118.584509,"stop_sequence":71,"segment_first_lat":34.2572550242,"segment_first_lon":-118.5845077181,"segment_second_lat":34.2572554045,"segment_second_lon":-118.586361014,"segment_sequence":710001,"segment_id":36,"segment_len_meter":170.32653724027915,"segment_cum_len":28484.44928892883,"stop_segment_distance":14.70310546427487}
{"route_id":"165","stop_id":"6837","stop_lat":34.193822,"stop_lon":-118.418288,"stop_sequence":55,"segment_first_lat":34.1939503762,"segment_first_lon":-118.421019855,"segment_second_lat":34.1939494104,"segment_second_lon":-118.4182883371,"segment_sequence":540005,"segment_id":27,"segment_len_meter":251.22800291661696,"segment_cum_len":21213.140073982744,"stop_segment_distance":14.603764990838897}
{"route_id":"166","stop_id":"12513","stop_lat":34.235338,"stop_lon":-118.593622,"stop_sequence":12,"segment_first_lat":34.2354652938,"segment_first_lon":-118.5936225137,"segment_second_lat":34.2354636754,"segment_second_lon":-118.5927192571,"segment_sequence":120001,"segment_id":6,"segment_len_meter":83.03518314933517,"segment_cum_len":5817.60930872174,"stop_segment_distance":15.275515591031521}
{"route_id":"167","stop_id":"18220","stop_lat":34.157752,"stop_lon":-118.413889,"stop_sequence":88,"segment_first_lat":34.1585275936,"segment_first_lon":-118.4137609637,"segment_second_lat":34.1577499056,"segment_second_lon":-118.4137709959,"segment_sequence":870003,"segment_id":44,"segment_len_meter":86.47988681266644,"segment_cum_len":35236.40256708169,"stop_segment_distance":11.42356469846736}
{"route_id":"176","stop_id":"12050","stop_lat":34.097859,"stop_lon":-118.128591,"stop_sequence":70,"segment_first_lat":34.0977971703,"segment_first_lon":-118.1287228108,"segment_second_lat":34.0990728877,"segment_second_lon":-118.1296040701,"segment_sequence":700001,"segment_id":35,"segment_len_meter":163.42208403336923,"segment_cum_len":26816.851947294672,"stop_segment_distance":14.60151003493894}
{"route_id":"180","stop_id":"1348","stop_lat":34.145669,"stop_lon":-118.148663,"stop_sequence":68,"segment_first_lat":34.1457938698,"segment_first_lon":-118.1486636661,"segment_second_lat":34.1457982647,"segment_second_lon":-118.1482175008,"segment_sequence":680001,"segment_id":34,"segment_len_meter":41.06182789732469,"segment_cum_len":21354.649253485655,"stop_segment_distance":16.267495480118747}
{"route_id":"206","stop_id":"13751","stop_lat":34.015665,"stop_lon":-118.300292,"stop_sequence":36,"segment_first_lat":34.0164432472,"segment_first_lon":-118.3001757644,"segment_second_lat":34.0156656076,"segment_second_lon":-118.3001729756,"segment_sequence":350003,"segment_id":18,"segment_len_meter":86.4699603056641,"segment_cum_len":11132.976541069582,"stop_segment_distance":11.698211800360525}
{"route_id":"211","stop_id":"12864","stop_lat":33.956505,"stop_lon":-118.344089,"stop_sequence":36,"segment_first_lat":33.9565054556,"segment_first_lon":-118.3439341941,"segment_second_lat":33.9553596039,"segment_second_lon":-118.3439321271,"segment_sequence":360001,"segment_id":18,"segment_len_meter":127.41303835566787,"segment_cum_len":12154.663845760215,"stop_segment_distance":15.046554136036846}
{"route_id":"212","stop_id":"13651","stop_lat":34.032227,"stop_lon":-118.351255,"stop_sequence":35,"segment_first_lat":34.0321687349,"segment_first_lon":-118.3511194695,"segment_second_lat":34.0317536115,"segment_second_lon":-118.3513751667,"segment_sequence":350001,"segment_id":18,"segment_len_meter":51.82569136698233,"segment_cum_len":10051.932938418842,"stop_segment_distance":16.03439329505718}
{"route_id":"222","stop_id":"2494","stop_lat":34.101475,"stop_lon":-118.331195,"stop_sequence":5,"segment_first_lat":34.1015961893,"segment_first_lon":-118.3320341159,"segment_second_lat":34.1016006902,"segment_second_lon":-118.3311951074,"segment_sequence":40004,"segment_id":2,"segment_len_meter":77.25279936077241,"segment_cum_len":1201.682814187861,"stop_segment_distance":15.150825173122058}
{"route_id":"230","stop_id":"2909","stop_lat":34.1501,"stop_lon":-118.396622,"stop_sequence":48,"segment_first_lat":34.150100038,"segment_first_lon":-118.3964701669,"segment_second_lat":34.1485667301,"segment_second_lon":-118.3964655367,"segment_sequence":480001,"segment_id":24,"segment_len_meter":170.49659186803473,"segment_cum_len":18903.808476655788,"stop_segment_distance":14.574046584017623}
{"route_id":"243","stop_id":"20333","stop_lat":34.267866,"stop_lon":-118.579909,"stop_sequence":6,"segment_first_lat":34.2678663723,"segment_first_lon":-118.5798227776,"segment_second_lat":34.2668523001,"segment_second_lon":-118.5798418794,"segment_sequence":60001,"segment_id":3,"segment_len_meter":112.77334573052038,"segment_cum_len":4336.223598225605,"stop_segment_distance":8.036918684285538}
{"route_id":"251","stop_id":"13955","stop_lat":34.02752,"stop_lon":-118.219651,"stop_sequence":21,"segment_first_lat":34.0275061456,"segment_first_lon":-118.2194964937,"segment_second_lat":34.0262753947,"segment_second_lon":-118.2196381478,"segment_sequence":210001,"segment_id":11,"segment_len_meter":137.47445666360008,"segment_cum_len":8202.530757069268,"stop_segment_distance":15.246016577964753}
{"route_id":"258","stop_id":"17176","stop_lat":33.889073,"stop_lon":-118.160274,"stop_sequence":85,"segment_first_lat":33.8892047761,"segment_first_lon":-118.1600767488,"segment_second_lat":33.8873305049,"segment_second_lon":-118.1600583433,"segment_sequence":850002,"segment_id":43,"segment_len_meter":208.4163732665345,"segment_cum_len":34581.48826974244,"stop_segment_distance":9.731268608588124}
{"route_id":"266","stop_id":"4614","stop_lat":34.084128,"stop_lon":-118.073107,"stop_sequence":59,"segment_first_lat":34.0835700272,"segment_first_lon":-118.0732389674,"segment_second_lat":34.0841250828,"segment_second_lon":-118.0732605898,"segment_sequence":580006,"segment_id":29,"segment_len_meter":61.751481362379266,"segment_cum_len":30507.67901912573,"stop_segment_distance":15.619704322208847}
{"route_id":"267","stop_id":"5242","stop_lat":34.142429,"stop_lon":-118.141232,"stop_sequence":50,"segment_first_lat":34.1424262945,"segment_first_lon":-118.141382043,"segment_second_lat":34.1435779001,"segment_second_lon":-118.141405473,"segment_sequence":500001,"segment_id":25,"segment_len_meter":128.07085316676697,"segment_cum_len":17118.74461669444,"stop_segment_distance":14.486380210108507}
{"route_id":"28","stop_id":"10295","stop_lat":34.113466,"stop_lon":-118.236607,"stop_sequence":23,"segment_first_lat":34.1139696686,"segment_first_lon":-118.2363079046,"segment_second_lat":34.1134384746,"segment_second_lon":-118.2364636599,"segment_sequence":220003,"segment_id":11,"segment_len_meter":60.78165036473346,"segment_cum_len":6882.7619770195615,"stop_segment_distance":15.172953910141665}
{"route_id":"28","stop_id":"12609","stop_lat":34.059517,"stop_lon":-118.386911,"stop_sequence":90,"segment_first_lat":34.0593908529,"segment_first_lon":-118.3869107165,"segment_second_lat":34.0593904889,"segment_second_lon":-118.3877097004,"segment_sequence":900001,"segment_id":45,"segment_len_meter":73.60262347316396,"segment_cum_len":29995.386415739067,"stop_segment_distance":15.333491867157363}
{"route_id":"344","stop_id":"1511","stop_lat":33.801664,"stop_lon":-118.350948,"stop_sequence":23,"segment_first_lat":33.8003359612,"segment_first_lon":-118.3511138302,"segment_second_lat":33.8016659407,"segment_second_lon":-118.3511016213,"segment_sequence":220002,"segment_id":11,"segment_len_meter":147.8912755557578,"segment_cum_len":11373.859794826232,"stop_segment_distance":14.768901792669311}
{"route_id":"460","stop_id":"20452","stop_lat":33.88789,"stop_lon":-118.029171,"stop_sequence":41,"segment_first_lat":33.8879990312,"segment_first_lon":-118.0313622825,"segment_second_lat":33.8880168927,"segment_second_lon":-118.0291712341,"segment_sequence":410012,"segment_id":21,"segment_len_meter":202.25695813871238,"segment_cum_len":43746.14876329911,"stop_segment_distance":14.484862036010867}
{"route_id":"460","stop_id":"4599","stop_lat":33.90213,"stop_lon":-118.072642,"stop_sequence":29,"segment_first_lat":33.9022562005,"segment_first_lon":-118.072638953,"segment_second_lat":33.9022350147,"segment_second_lon":-118.071304306,"segment_sequence":300001,"segment_id":15,"segment_len_meter":123.19806345808567,"segment_cum_len":38245.1672943876,"stop_segment_distance":14.845455601627407}
{"route_id":"487","stop_id":"12385","stop_lat":34.142373,"stop_lon":-118.031573,"stop_sequence":72,"segment_first_lat":34.14334874,"segment_first_lon":-118.0314779342,"segment_second_lat":34.1423760004,"segment_second_lon":-118.0314544339,"segment_sequence":710006,"segment_id":36,"segment_len_meter":108.18532795750993,"segment_cum_len":36796.84900564428,"stop_segment_distance":11.580911776480178}
{"route_id":"487","stop_id":"14321","stop_lat":34.126386,"stop_lon":-118.031316,"stop_sequence":78,"segment_first_lat":34.1274304132,"segment_first_lon":-118.0311811653,"segment_second_lat":34.1263889757,"segment_second_lon":-118.0311632645,"segment_sequence":770004,"segment_id":39,"segment_len_meter":115.81428816295572,"segment_cum_len":38574.74539382383,"stop_segment_distance":15.04325850298072}
{"route_id":"51","stop_id":"7592","stop_lat":33.895821,"stop_lon":-118.228453,"stop_sequence":93,"segment_first_lat":33.8959482126,"segment_first_lon":-118.2284571397,"segment_second_lat":33.8959764758,"segment_second_lon":-118.2265855767,"segment_sequence":930001,"segment_id":47,"segment_len_meter":172.7692194259531,"segment_cum_len":25800.149469552754,"stop_segment_distance":14.604870359596191}
{"route_id":"602","stop_id":"6399","stop_lat":34.048095,"stop_lon":-118.54299,"stop_sequence":7,"segment_first_lat":34.0481596287,"segment_first_lon":-118.543191881,"segment_second_lat":34.0482158088,"segment_second_lon":-118.5430423723,"segment_sequence":60018,"segment_id":3,"segment_len_meter":15.124944488246848,"segment_cum_len":2324.429310895531,"stop_segment_distance":19.088521125573735}
{"route_id":"62","stop_id":"14870","stop_lat":33.966761,"stop_lon":-118.1157,"stop_sequence":40,"segment_first_lat":33.9668370581,"segment_first_lon":-118.1155785024,"segment_second_lat":33.9655011268,"segment_second_lon":-118.1143491916,"segment_sequence":400001,"segment_id":20,"segment_len_meter":186.8668964187263,"segment_cum_len":20124.772556793774,"stop_segment_distance":14.639110257850007}
{"route_id":"62","stop_id":"5806","stop_lat":33.9109,"stop_lon":-118.074686,"stop_sequence":54,"segment_first_lat":33.9108307427,"segment_first_lon":-118.0745562531,"segment_second_lat":33.9102839382,"segment_second_lon":-118.0749759679,"segment_sequence":540001,"segment_id":27,"segment_len_meter":72.09048257067829,"segment_cum_len":28417.86980194028,"stop_segment_distance":15.689293726867916}
{"route_id":"66","stop_id":"1251","stop_lat":34.03503,"stop_lon":-118.24804,"stop_sequence":26,"segment_first_lat":34.0356583058,"segment_first_lon":-118.2485235844,"segment_second_lat":34.0351154551,"segment_second_lon":-118.2479268702,"segment_sequence":250004,"segment_id":13,"segment_len_meter":81.6514218790669,"segment_cum_len":7326.890377927106,"stop_segment_distance":15.319412083509448}
{"route_id":"733","stop_id":"15262","stop_lat":34.025741,"stop_lon":-118.395055,"stop_sequence":25,"segment_first_lat":34.0258550005,"segment_first_lon":-118.3946070239,"segment_second_lat":34.0256367343,"segment_second_lon":-118.3949690237,"segment_sequence":240010,"segment_id":12,"segment_len_meter":41.25502628894693,"segment_cum_len":18951.41514258455,"stop_segment_distance":15.973930653535923}
{"route_id":"733","stop_id":"475","stop_lat":34.052758,"stop_lon":-118.244738,"stop_sequence":5,"segment_first_lat":34.0527133992,"segment_first_lon":-118.2446691196,"segment_second_lat":34.0517118213,"segment_second_lon":-118.2456067241,"segment_sequence":50001,"segment_id":3,"segment_len_meter":140.9425886199439,"segment_cum_len":2939.8071643535363,"stop_segment_distance":8.313350142964197}
{"route_id":"76","stop_id":"7179","stop_lat":34.056836,"stop_lon":-118.231967,"stop_sequence":57,"segment_first_lat":34.0566273713,"segment_first_lon":-118.2319035504,"segment_second_lat":34.0569766491,"segment_second_lon":-118.2331755893,"segment_sequence":570002,"segment_id":29,"segment_len_meter":123.4524520674463,"segment_cum_len":21253.957756750806,"stop_segment_distance":12.902944831645641}
{"route_id":"90","stop_id":"13544","stop_lat":34.137312,"stop_lon":-118.251513,"stop_sequence":66,"segment_first_lat":34.1372918368,"segment_first_lon":-118.2513677275,"segment_second_lat":34.1371560389,"segment_second_lon":-118.2513930954,"segment_sequence":660001,"segment_id":33,"segment_len_meter":15.279469525725144,"segment_cum_len":20459.162365841294,"stop_segment_distance":18.832969612349086}
{"route_id":"910","stop_id":"8704","stop_lat":34.055251,"stop_lon":-118.238961,"stop_sequence":5,"segment_first_lat":34.0550230152,"segment_first_lon":-118.2387495199,"segment_second_lat":34.0551956088,"segment_second_lon":-118.2390134652,"segment_sequence":40021,"segment_id":2,"segment_len_meter":30.977086444266806,"segment_cum_len":18714.406005170815,"stop_segment_distance":8.824526145342322}
{"route_id":"96","stop_id":"13561","stop_lat":34.05007,"stop_lon":-118.254268,"stop_sequence":48,"segment_first_lat":34.0499951488,"segment_first_lon":-118.2541438916,"segment_second_lat":34.048859251,"segment_second_lon":-118.2551525782,"segment_sequence":480001,"segment_id":24,"segment_len_meter":156.81029857311745,"segment_cum_len":23261.94466979036,"stop_segment_distance":14.706992998238775}
