{"route_id":"105","stop_id":"4526","stop_lat":34.021827,"stop_lon":-118.372102,"stop_sequence":42,"segment_first_lat":34.0217132237,"segment_first_lon":-118.3723447775,"segment_second_lat":34.0233732432,"segment_second_lon":-118.3722465572,"segment_sequence":420002,"segment_id":21,"segment_len_meter":184.80756680873753,"segment_cum_len":15279.461516711406,"stop_segment_distance":13.345934887305589}
{"route_id":"108","stop_id":"2706","stop_lat":33.988717,"stop_lon":-118.397358,"stop_sequence":2,"segment_first_lat":33.988519787,"segment_first_lon":-118.3979047036,"segment_second_lat":33.9888158513,"segment_second_lon":-118.3974518642,"segment_sequence":10021,"segment_id":1,"segment_len_meter":53.168445323475275,"segment_cum_len":646.0922963361622,"stop_segment_distance":15.789367009466822}
{"route_id":"117","stop_id":"32206","stop_lat":33.929418,"stop_lon":-118.165098,"stop_sequence":67,"segment_first_lat":33.929604527,"segment_first_lon":-118.1654018955,"segment_second_lat":33.9295417884,"segment_second_lon":-118.1650648738,"segment_sequence":660006,"segment_id":33,"segment_len_meter":31.86698324749579,"segment_cum_len":24773.677068264387,"stop_segment_distance":17.108361690966085}
{"route_id":"128","stop_id":"2129","stop_lat":33.87292,"stop_lon":-118.063643,"stop_sequence":3,"segment_first_lat":33.8718125371,"segment_first_lon":-118.0637709899,"segment_second_lat":33.8729171479,"segment_second_lon":-118.0637981839,"segment_sequence":20002,"segment_id":1,"segment_len_meter":122.85277334850666,"segment_cum_len":616.3466206779538,"stop_segment_distance":15.187579935289719}
{"route_id":"152","stop_id":"7199","stop_lat":34.218851,"stop_lon":-118.36902,"stop_sequence":18,"segment_first_lat":34.2178754423,"segment_first_lon":-118.3700009581,"segment_second_lat":34.2189225248,"segment_second_lon":-118.3691465365,"segment_sequence":170008,"segment_id":9,"segment_len_meter":140.45614078097148,"segment_cum_len":7204.671469013675,"stop_segment_distance":14.713744811580256}
{"route_id":"16","stop_id":"15645","stop_lat":34.07003,"stop_lon":-118.350876,"stop_sequence":44,"segment_first_lat":34.0696953716,"segment_first_lon":-118.3498009979,"segment_second_lat":34.0699056678,"segment_second_lon":-118.3509090392,"segment_sequence":430003,"segment_id":22,"segment_len_meter":104.70509117415983,"segment_cum_len":11825.603595080851,"stop_segment_distance":15.228700010519105}
{"route_id":"163","stop_id":"6213","stop_lat":34.201029,"stop_lon":-118.509523,"stop_sequence":32,"segment_first_lat":34.2011562582,"segment_first_lon":-118.5095240121,"segment_second_lat":34.2011654513,"segment_second_lon":-118.5078605387,"segment_sequence":320001,"segment_id":16,"segment_len_meter":152.98623932225405,"segment_cum_len":11425.522180411801,"stop_segment_distance":14.805413433555486}
{"route_id":"167","stop_id":"17414","stop_lat":34.242605,"stop_lon":-118.58822,"stop_sequence":7,"segment_first_lat":34.2427310721,"segment_first_lon":-118.5882178445,"segment_second_lat":34.2427181118,"segment_second_lon":-118.5859610996,"segment_sequence":70001,"segment_id":4,"segment_len_meter":207.44619824753372,"segment_cum_len":3163.952048844716,"stop_segment_distance":14.593844280150392}
{"route_id":"169","stop_id":"20321","stop_lat":34.208393,"stop_lon":-118.404879,"stop_sequence":114,"segment_first_lat":34.2084995155,"segment_first_lon":-118.405207322,"segment_second_lat":34.2084926529,"segment_second_lon":-118.4048768704,"segment_sequence":1130016,"segment_id":57,"segment_len_meter":30.39721319120045,"segment_cum_len":45359.886122667995,"stop_segment_distance":13.117278043680656}
{"route_id":"2","stop_id":"6421","stop_lat":34.097907,"stop_lon":-118.322467,"stop_sequence":47,"segment_first_lat":34.0980272813,"segment_first_lon":-118.3237159212,"segment_second_lat":34.098033093,"segment_second_lon":-118.3224673675,"segment_sequence":460003,"segment_id":23,"segment_len_meter":114.96645767540876,"segment_cum_len":14536.45962672288,"stop_segment_distance":14.828195147645616}
{"route_id":"2","stop_id":"8080","stop_lat":34.092182,"stop_lon":-118.379654,"stop_sequence":30,"segment_first_lat":34.0921974218,"segment_first_lon":-118.3799414752,"segment_second_lat":34.0922948209,"segment_second_lon":-118.3797272297,"segment_sequence":290015,"segment_id":15,"segment_len_meter":22.505924996927735,"segment_cum_len":9073.684352975277,"stop_segment_distance":18.26422013511741}
{"route_id":"20","stop_id":"140711","stop_lat":34.065483,"stop_lon":-118.376773,"stop_sequence":44,"segment_first_lat":34.0652056836,"segment_first_lon":-118.3762000854,"segment_second_lat":34.0653587413,"segment_second_lon":-118.3768168947,"segment_sequence":430012,"segment_id":22,"segment_len_meter":59.31096585043119,"segment_cum_len":13172.219917025326,"stop_segment_distance":16.20739429812484}
{"route_id":"20","stop_id":"16712","stop_lat":34.061965,"stop_lon":-118.285013,"stop_sequence":15,"segment_first_lat":34.0618422568,"segment_first_lon":-118.2848339775,"segment_second_lat":34.0618404623,"segment_second_lon":-118.2850122621,"segment_sequence":140011,"segment_id":7,"segment_len_meter":16.424362672871798,"segment_cum_len":4682.425392884402,"stop_segment_distance":18.830216256419423}
{"route_id":"205","stop_id":"17464","stop_lat":33.866433,"stop_lon":-118.28171,"stop_sequence":82,"segment_first_lat":33.8676891987,"segment_first_lon":-118.2815721637,"segment_second_lat":33.8664334698,"segment_second_lon":-118.2815590532,"segment_sequence":820003,"segment_id":41,"segment_len_meter":139.63592971239288,"segment_cum_len":29220.722734591804,"stop_segment_distance":14.562464155964705}
{"route_id":"206","stop_id":"15683","stop_lat":33.993377,"stop_lon":-118.300294,"stop_sequence":44,"segment_first_lat":33.9941498231,"segment_first_lon":-118.3001717128,"segment_second_lat":33.9933776664,"segment_second_lon":-118.3001745527,"segment_sequence":430005,"segment_id":22,"segment_len_meter":85.86030679300434,"segment_cum_len":13611.302790923703,"stop_segment_distance":11.82239459096158}
{"route_id":"210","stop_id":"9428","stop_lat":33.908922,"stop_lon":-118.326673,"stop_sequence":74,"segment_first_lat":33.9089253085,"segment_first_lon":-118.3265210891,"segment_second_lat":33.9081009969,"segment_second_lon":-118.3265053542,"segment_sequence":740001,"segment_id":37,"segment_len_meter":91.67076918607746,"segment_cum_len":25365.306925397716,"stop_segment_distance":14.945950860623256}
{"route_id":"233","stop_id":"6809","stop_lat":34.221822,"stop_lon":-118.4486,"stop_sequence":25,"segment_first_lat":34.221821534,"segment_first_lon":-118.4487516158,"segment_second_lat":34.2233246253,"segment_second_lon":-118.4487540706,"segment_sequence":250001,"segment_id":13,"segment_len_meter":167.13627923663915,"segment_cum_len":8113.985547078171,"stop_segment_distance":14.48760830477434}
{"route_id":"239","stop_id":"16562","stop_lat":34.19053,"stop_lon":-118.518388,"stop_sequence":11,"segment_first_lat":34.1905297186,"segment_first_lon":-118.5185383275,"segment_second_lat":34.19265648,"segment_second_lon":-118.518566081,"segment_sequence":110001,"segment_id":6,"segment_len_meter":236.49885444023286,"segment_cum_len":3745.6404908986615,"stop_segment_distance":14.348334032497945}
{"route_id":"239","stop_id":"4488","stop_lat":34.279114,"stop_lon":-118.493561,"stop_sequence":45,"segment_first_lat":34.279257214,"segment_first_lon":-118.4974350026,"segment_second_lat":34.2792389892,"segment_second_lon":-118.4935618334,"segment_sequence":440001,"segment_id":22,"segment_len_meter":355.87499007363596,"segment_cum_len":17309.16335830339,"stop_segment_distance":14.3254926998776}
{"route_id":"30","stop_id":"7909","stop_lat":34.040393,"stop_lon":-118.267828,"stop_sequence":22,"segment_first_lat":34.0406507028,"segment_first_lon":-118.2680166712,"segment_second_lat":34.0404977051,"segment_second_lon":-118.2677425419,"segment_sequence":210016,"segment_id":11,"segment_len_meter":30.453534801920657,"segment_cum_len":6937.404037605186,"stop_segment_distance":17.118102506343913}
{"route_id":"35","stop_id":"7754","stop_lat":34.025389,"stop_lon":-118.296066,"stop_sequence":28,"segment_first_lat":34.025519131,"segment_first_lon":-118.296974074,"segment_second_lat":34.0255166888,"segment_second_lon":-118.2960664974,"segment_sequence":270005,"segment_id":14,"segment_len_meter":83.6400410886897,"segment_cum_len":8697.188334300026,"stop_segment_distance":15.485651334180105}
{"route_id":"40","stop_id":"4775","stop_lat":34.014306,"stop_lon":-118.27704,"stop_sequence":23,"segment_first_lat":34.014944606,"segment_first_lon":-118.276457816,"segment_second_lat":34.0142456158,"segment_second_lon":-118.2769082401,"segment_sequence":220003,"segment_id":11,"segment_len_meter":88.11668291078817,"segment_cum_len":8860.335568530601,"stop_segment_distance":14.76404161954369}
{"route_id":"45","stop_id":"13253","stop_lat":33.97095,"stop_lon":-118.278446,"stop_sequence":45,"segment_first_lat":33.9717879645,"segment_first_lon":-118.2782942267,"segment_second_lat":33.9709498674,"segment_second_lon":-118.2782944099,"segment_sequence":440004,"segment_id":22,"segment_len_meter":93.19214708688186,"segment_cum_len":15132.222958742528,"stop_segment_distance":15.009616228649023}
{"route_id":"487","stop_id":"4920","stop_lat":34.075615,"stop_lon":-118.099402,"stop_sequence":5,"segment_first_lat":34.0756153729,"segment_first_lon":-118.0995539226,"segment_second_lat":34.0764754538,"segment_second_lon":-118.0995549463,"segment_sequence":50001,"segment_id":3,"segment_len_meter":95.63667905978758,"segment_cum_len":13792.993344418395,"stop_segment_distance":15.06538251561635}
{"route_id":"51","stop_id":"5017","stop_lat":34.049409,"stop_lon":-118.260125,"stop_sequence":17,"segment_first_lat":34.0494766183,"segment_first_lon":-118.2600841258,"segment_second_lat":34.0493902304,"segment_second_lon":-118.2598775332,"segment_sequence":170001,"segment_id":9,"segment_len_meter":21.32020712347678,"segment_cum_len":4000.198166125378,"stop_segment_distance":9.983657675596014}
{"route_id":"53","stop_id":"4892","stop_lat":33.880223,"stop_lon":-118.24858,"stop_sequence":5,"segment_first_lat":33.8755488675,"segment_first_lon":-118.2487078588,"segment_second_lat":33.8802228836,"segment_second_lon":-118.2487312787,"segment_sequence":40002,"segment_id":2,"segment_len_meter":519.7313744192298,"segment_cum_len":2201.161642397158,"stop_segment_distance":14.107693203823146}
{"route_id":"687","stop_id":"9859","stop_lat":34.145968,"stop_lon":-118.1417,"stop_sequence":26,"segment_first_lat":34.1458407024,"segment_first_lon":-118.1417001406,"segment_second_lat":34.1458348781,"segment_second_lon":-118.142913061,"segment_sequence":260001,"segment_id":13,"segment_len_meter":111.62234049945171,"segment_cum_len":6987.299330256062,"stop_segment_distance":15.142950765852405}
{"route_id":"70","stop_id":"5382","stop_lat":34.04677,"stop_lon":-118.255261,"stop_sequence":9,"segment_first_lat":34.0468608014,"segment_first_lon":-118.2553768998,"segment_second_lat":34.0480697058,"segment_second_lon":-118.2541492671,"segment_sequence":90002,"segment_id":5,"segment_len_meter":175.67793146947255,"segment_cum_len":2295.091097348595,"stop_segment_distance":16.155295660222123}
{"route_id":"733","stop_id":"12427","stop_lat":33.989211,"stop_lon":-118.462974,"stop_sequence":34,"segment_first_lat":33.9891073891,"segment_first_lon":-118.4628973733,"segment_second_lat":33.9889268373,"segment_second_lon":-118.4632595758,"segment_sequence":340001,"segment_id":17,"segment_len_meter":38.96426896933784,"segment_cum_len":26458.057431955127,"stop_segment_distance":15.679639008806348}
{"route_id":"754","stop_id":"14021","stop_lat":34.043973,"stop_lon":-118.291732,"stop_sequence":11,"segment_first_lat":34.0439732416,"segment_first_lon":-118.2915764577,"segment_second_lat":34.0426872488,"segment_second_lon":-118.2915719765,"segment_sequence":110001,"segment_id":6,"segment_len_meter":142.9964711477686,"segment_cum_len":7292.053241870582,"stop_segment_distance":15.062032935166172}
{"route_id":"76","stop_id":"15075","stop_lat":34.080789,"stop_lon":-118.077962,"stop_sequence":13,"segment_first_lat":34.0806623078,"segment_first_lon":-118.0779552342,"segment_second_lat":34.0805981783,"segment_second_lon":-118.0797982478,"segment_sequence":130001,"segment_id":7,"segment_len_meter":169.88607486070515,"segment_cum_len":4765.7338809455605,"stop_segment_distance":14.654267864755042}
{"route_id":"780","stop_id":"1323","stop_lat":34.145656,"stop_lon":-118.150207,"stop_sequence":27,"segment_first_lat":34.1457834437,"segment_first_lon":-118.1502070758,"segment_second_lat":34.1457919568,"segment_second_lon":-118.1488784868,"segment_sequence":270001,"segment_id":14,"segment_len_meter":122.26874095135847,"segment_cum_len":32046.77383375515,"stop_segment_distance":15.091682877253675}
{"route_id":"81","stop_id":"2456","stop_lat":34.045763,"stop_lon":-118.254769,"stop_sequence":51,"segment_first_lat":34.0457013152,"segment_first_lon":-118.2546722202,"segment_second_lat":34.044695034,"segment_second_lon":-118.2555881557,"segment_sequence":510001,"segment_id":26,"segment_len_meter":140.14940752426094,"segment_cum_len":17127.36169557119,"stop_segment_distance":11.807001293951743}
{"route_id":"94","stop_id":"14239","stop_lat":34.133609,"stop_lon":-118.26271,"stop_sequence":66,"segment_first_lat":34.1344220069,"segment_first_lon":-118.2629672971,"segment_second_lat":34.1336586849,"segment_second_lon":-118.2625703367,"segment_sequence":650020,"segment_id":33,"segment_len_meter":92.40706035810447,"segment_cum_len":27371.37725005274,"stop_segment_distance":15.03694370706566}
