{"route_id":"106","stop_id":"9692","stop_lat":34.036076,"stop_lon":-118.189331,"stop_sequence":15,"segment_first_lat":34.0360052512,"segment_first_lon":-118.1893306833,"segment_second_lat":34.036006002,"segment_second_lon":-118.1902515669,"segment_sequence":150001,"segment_id":8,"segment_len_meter":84.85548593012494,"segment_cum_len":4589.937369372257,"stop_segment_distance":8.194047070291504}
{"route_id":"111","stop_id":"1984","stop_lat":33.970818,"stop_lon":-118.194005,"stop_sequence":59,"segment_first_lat":33.9710688511,"segment_first_lon":-118.1952688603,"segment_second_lat":33.9709442469,"segment_second_lon":-118.193984624,"segment_sequence":580004,"segment_id":29,"segment_len_meter":119.23516894381775,"segment_cum_len":21049.17152917942,"stop_segment_distance":14.76791613160266}
{"route_id":"115","stop_id":"7832","stop_lat":33.961577,"stop_lon":-118.359203,"stop_sequence":17,"segment_first_lat":33.9617035976,"segment_first_lon":-118.3592036224,"segment_second_lat":33.9617212143,"segment_second_lon":-118.3575284461,"segment_sequence":170001,"segment_id":9,"segment_len_meter":154.5077343763209,"segment_cum_len":3747.5676461576236,"stop_segment_distance":14.837725752642882}
{"route_id":"120","stop_id":"140937","stop_lat":33.931102,"stop_lon":-118.326819,"stop_sequence":95,"segment_first_lat":33.9309768252,"segment_first_lon":-118.3268186623,"segment_second_lat":33.9309752295,"segment_second_lon":-118.329122928,"segment_sequence":950001,"segment_id":48,"segment_len_meter":212.59073443530633,"segment_cum_len":40965.040787193655,"stop_segment_distance":14.354346478050246}
{"route_id":"127","stop_id":"8124","stop_lat":33.935567,"stop_lon":-118.124228,"stop_sequence":5,"segment_first_lat":33.9355868474,"segment_first_lon":-118.1239511893,"segment_second_lat":33.9349296662,"segment_second_lon":-118.124385377,"segment_sequence":50002,"segment_id":3,"segment_len_meter":83.33347586428603,"segment_cum_len":1496.7741060172634,"stop_segment_distance":14.639013167896877}
{"route_id":"127","stop_id":"92","stop_lat":33.889437,"stop_lon":-118.133777,"stop_sequence":17,"segment_first_lat":33.88930806,"segment_first_lon":-118.1339749559,"segment_second_lat":33.8904813852,"segment_second_lon":-118.1339735362,"segment_sequence":170002,"segment_id":9,"segment_len_meter":130.46787535567267,"segment_cum_len":7528.624407119457,"stop_segment_distance":10.296669190316123}
{"route_id":"183","stop_id":"11581","stop_lat":34.164808,"stop_lon":-118.370021,"stop_sequence":28,"segment_first_lat":34.1649337197,"segment_first_lon":-118.3700210591,"segment_second_lat":34.164934514,"segment_second_lon":-118.3691318127,"segment_sequence":280001,"segment_id":14,"segment_len_meter":81.81551662965971,"segment_cum_len":11549.479963938511,"stop_segment_distance":15.174670611140513}
{"route_id":"202","stop_id":"14161","stop_lat":33.91037,"stop_lon":-118.22879,"stop_sequence":9,"segment_first_lat":33.9108373366,"segment_first_lon":-118.2289129888,"segment_second_lat":33.9104115871,"segment_second_lon":-118.2286807968,"segment_sequence":80004,"segment_id":4,"segment_len_meter":51.96447549819123,"segment_cum_len":2814.4273086265052,"stop_segment_distance":12.313770858038914}
{"route_id":"204","stop_id":"5661","stop_lat":34.001926,"stop_lon":-118.291381,"stop_sequence":29,"segment_first_lat":34.0019254725,"segment_first_lon":-118.2915332774,"segment_second_lat":34.0026728798,"segment_second_lon":-118.2915381897,"segment_sequence":290001,"segment_id":15,"segment_len_meter":83.1091335394141,"segment_cum_len":8750.42442353945,"stop_segment_distance":15.232184246252089}
{"route_id":"209","stop_id":"128","stop_lat":33.999897,"stop_lon":-118.318018,"stop_sequence":35,"segment_first_lat":33.9980249616,"segment_first_lon":-118.3181528569,"segment_second_lat":33.9998962953,"segment_second_lon":-118.3181388533,"segment_sequence":340002,"segment_id":17,"segment_len_meter":208.0868179035744,"segment_cum_len":11868.417687647378,"stop_segment_distance":11.58637944134881}
{"route_id":"224","stop_id":"11313","stop_lat":34.150699,"stop_lon":-118.365836,"stop_sequence":5,"segment_first_lat":34.1506421854,"segment_first_lon":-118.365972043,"segment_second_lat":34.1512612353,"segment_second_lon":-118.3663512187,"segment_sequence":50001,"segment_id":3,"segment_len_meter":77.17341992773085,"segment_cum_len":1754.356865059345,"stop_segment_distance":15.310830452768315}
{"route_id":"230","stop_id":"2923","stop_lat":34.146464,"stop_lon":-118.396499,"stop_sequence":49,"segment_first_lat":34.1467340022,"segment_first_lon":-118.3964304019,"segment_second_lat":34.1464987609,"segment_second_lon":-118.3963532701,"segment_sequence":480006,"segment_id":24,"segment_len_meter":27.103594655877792,"segment_cum_len":19134.878288097854,"stop_segment_distance":17.532549457162006}
{"route_id":"233","stop_id":"6548","stop_lat":34.277317,"stop_lon":-118.392029,"stop_sequence":54,"segment_first_lat":34.2773000061,"segment_first_lon":-118.3922343591,"segment_second_lat":34.2773910882,"segment_second_lon":-118.392110323,"segment_sequence":530003,"segment_id":27,"segment_len_meter":15.246643169928628,"segment_cum_len":17837.552093767605,"stop_segment_distance":14.83883343309525}
{"route_id":"233","stop_id":"6802","stop_lat":34.226789,"stop_lon":-118.449656,"stop_sequence":27,"segment_first_lat":34.2267136663,"segment_first_lon":-118.4497746764,"segment_second_lat":34.2268212753,"segment_second_lon":-118.449877811,"segment_sequence":270001,"segment_id":14,"segment_len_meter":15.267056218106797,"segment_cum_len":8527.703275374794,"stop_segment_distance":19.194770490430876}
{"route_id":"245","stop_id":"15233","stop_lat":34.194035,"stop_lon":-118.605749,"stop_sequence":6,"segment_first_lat":34.194033963,"segment_first_lon":-118.6058977685,"segment_second_lat":34.1946137864,"segment_second_lon":-118.6058953607,"segment_sequence":60001,"segment_id":3,"segment_len_meter":64.4738007525507,"segment_cum_len":2354.690058036122,"stop_segment_distance":14.96030794244831}
{"route_id":"256","stop_id":"10273","stop_lat":34.169091,"stop_lon":-118.129944,"stop_sequence":110,"segment_first_lat":34.1689920924,"segment_first_lon":-118.1299439435,"segment_second_lat":34.1689827289,"segment_second_lon":-118.1309819823,"segment_sequence":1100001,"segment_id":55,"segment_len_meter":95.50626254260818,"segment_cum_len":33889.330703804495,"stop_segment_distance":11.743000515303578}
{"route_id":"256","stop_id":"10469","stop_lat":34.120013,"stop_lon":-118.178076,"stop_sequence":67,"segment_first_lat":34.119809439,"segment_first_lon":-118.1783266611,"segment_second_lat":34.120056412,"segment_second_lon":-118.1781814828,"segment_sequence":660006,"segment_id":33,"segment_len_meter":30.541348912763624,"segment_cum_len":19080.080482490368,"stop_segment_distance":12.625418010806541}
{"route_id":"28","stop_id":"11902","stop_lat":34.06902,"stop_lon":-118.233272,"stop_sequence":43,"segment_first_lat":34.0694892917,"segment_first_lon":-118.2323486531,"segment_second_lat":34.0689210862,"segment_second_lon":-118.2331761955,"segment_sequence":420007,"segment_id":21,"segment_len_meter":99.0055570316063,"segment_cum_len":13491.66880293905,"stop_segment_distance":14.877385750530223}
{"route_id":"28","stop_id":"12611","stop_lat":34.059521,"stop_lon":-118.394059,"stop_sequence":92,"segment_first_lat":34.0593952204,"segment_first_lon":-118.3940586877,"segment_second_lat":34.059394712,"segment_second_lon":-118.3948873855,"segment_sequence":920001,"segment_id":46,"segment_len_meter":76.33988188893417,"segment_cum_len":30656.598689485534,"stop_segment_distance":15.23852210607562}
{"route_id":"28","stop_id":"16144","stop_lat":34.052784,"stop_lon":-118.294575,"stop_sequence":69,"segment_first_lat":34.0526651098,"segment_first_lon":-118.2936997843,"segment_second_lat":34.0526583076,"segment_second_lon":-118.2945746096,"segment_sequence":680009,"segment_id":34,"segment_len_meter":80.59908934333828,"segment_cum_len":21310.50765070123,"stop_segment_distance":15.08532056974893}
{"route_id":"344","stop_id":"2402","stop_lat":33.763261,"stop_lon":-118.391721,"stop_sequence":10,"segment_first_lat":33.7630894862,"segment_first_lon":-118.3920197861,"segment_second_lat":33.7633268879,"segment_second_lon":-118.3918537651,"segment_sequence":90003,"segment_id":5,"segment_len_meter":30.53493042756185,"segment_cum_len":3784.8879206119755,"stop_segment_distance":17.32316084211222}
{"route_id":"344","stop_id":"2411","stop_lat":33.772805,"stop_lon":-118.392154,"stop_sequence":13,"segment_first_lat":33.7712473527,"segment_first_lon":-118.3921368494,"segment_second_lat":33.772794365,"segment_second_lon":-118.3923072762,"segment_sequence":120010,"segment_id":6,"segment_len_meter":172.7396978445295,"segment_cum_len":4873.013598468325,"stop_segment_distance":14.686715483317471}
{"route_id":"35","stop_id":"16461","stop_lat":34.032385,"stop_lon":-118.267251,"stop_sequence":43,"segment_first_lat":34.0320032748,"segment_first_lon":-118.2667248851,"segment_second_lat":34.0322706901,"segment_second_lon":-118.26732445,"segment_sequence":420003,"segment_id":21,"segment_len_meter":62.74334855858604,"segment_cum_len":14432.793206940523,"stop_segment_distance":16.09388117717159}
{"route_id":"4","stop_id":"16304","stop_lat":34.077066,"stop_lon":-118.257708,"stop_sequence":20,"segment_first_lat":34.0769528505,"segment_first_lon":-118.2577793783,"segment_second_lat":34.0772211006,"segment_second_lon":-118.2583954205,"segment_sequence":200001,"segment_id":10,"segment_len_meter":64.10091300700684,"segment_cum_len":6520.390214247778,"stop_segment_distance":15.71375807179409}
{"route_id":"40","stop_id":"10904","stop_lat":33.890748,"stop_lon":-118.35287,"stop_sequence":77,"segment_first_lat":33.8907486894,"segment_first_lon":-118.3527175946,"segment_second_lat":33.8896825463,"segment_second_lon":-118.3527104727,"segment_sequence":770001,"segment_id":39,"segment_len_meter":118.55152641867926,"segment_cum_len":29664.41302394762,"stop_segment_distance":14.900802872346759}
{"route_id":"40","stop_id":"11234","stop_lat":34.011273,"stop_lon":-118.282458,"stop_sequence":25,"segment_first_lat":34.0111418265,"segment_first_lon":-118.2822790885,"segment_second_lat":34.0111466066,"segment_second_lon":-118.2824675163,"segment_sequence":240015,"segment_id":12,"segment_len_meter":17.376025996068066,"segment_cum_len":9584.103421358814,"stop_segment_distance":18.72131960885328}
{"route_id":"45","stop_id":"13265","stop_lat":33.955251,"stop_lon":-118.278351,"stop_sequence":51,"segment_first_lat":33.9555401071,"segment_first_lon":-118.2782006744,"segment_second_lat":33.9552515846,"segment_second_lon":-118.2781997162,"segment_sequence":500007,"segment_id":25,"segment_len_meter":32.082359950928655,"segment_cum_len":16877.822762714888,"stop_segment_distance":16.88096018052873}
{"route_id":"460","stop_id":"25006","stop_lat":33.869612,"stop_lon":-117.998316,"stop_sequence":52,"segment_first_lat":33.8696146518,"segment_first_lon":-117.9981604668,"segment_second_lat":33.8685979573,"segment_second_lon":-117.9981476423,"segment_sequence":530001,"segment_id":27,"segment_len_meter":113.05747070969437,"segment_cum_len":48920.04439907638,"stop_segment_distance":15.128072902804632}
{"route_id":"487","stop_id":"3897","stop_lat":34.116966,"stop_lon":-118.091063,"stop_sequence":25,"segment_first_lat":34.1157380855,"segment_first_lon":-118.0911836293,"segment_second_lat":34.1169636113,"segment_second_lon":-118.0912147006,"segment_sequence":240006,"segment_id":12,"segment_len_meter":136.30226790298266,"segment_cum_len":20968.90785656453,"stop_segment_distance":14.654170645292368}
{"route_id":"60","stop_id":"11518","stop_lat":33.952536,"stop_lon":-118.218555,"stop_sequence":48,"segment_first_lat":33.9525702265,"segment_first_lon":-118.2183999529,"segment_second_lat":33.9523576639,"segment_second_lon":-118.2183331217,"segment_sequence":480001,"segment_id":24,"segment_len_meter":24.426483750775102,"segment_cum_len":14859.56474753185,"stop_segment_distance":18.868850453456172}
{"route_id":"60","stop_id":"9764","stop_lat":34.034422,"stop_lon":-118.230225,"stop_sequence":18,"segment_first_lat":34.034556225,"segment_first_lon":-118.2306145646,"segment_second_lat":34.0345492806,"segment_second_lon":-118.2302217744,"segment_sequence":170007,"segment_id":9,"segment_len_meter":36.2027756882212,"segment_cum_len":5214.584533225396,"stop_segment_distance":16.829754270206678}
{"route_id":"66","stop_id":"7419","stop_lat":34.049598,"stop_lon":-118.267877,"stop_sequence":17,"segment_first_lat":34.0500552797,"segment_first_lon":-118.2686377141,"segment_second_lat":34.0496778751,"segment_second_lon":-118.2678267187,"segment_sequence":160006,"segment_id":8,"segment_len_meter":85.69601752491333,"segment_cum_len":4802.834529900777,"stop_segment_distance":10.908463663681047}
{"route_id":"687","stop_id":"12495","stop_lat":34.178674,"stop_lon":-118.112535,"stop_sequence":1,"segment_first_lat":34.1785476853,"segment_first_lon":-118.1125347087,"segment_second_lat":34.178527751,"segment_second_lon":-118.1158938617,"segment_sequence":10001,"segment_id":1,"segment_len_meter":309.0183469451029,"segment_cum_len":309.0183469451029,"stop_segment_distance":14.438253011791915}
{"route_id":"704","stop_id":"6031","stop_lat":34.090592,"stop_lon":-118.370445,"stop_sequence":17,"segment_first_lat":34.0907041058,"segment_first_lon":-118.3714959646,"segment_second_lat":34.0907191363,"segment_second_lon":-118.3704490348,"segment_sequence":160014,"segment_id":8,"segment_len_meter":96.42228644857494,"segment_cum_len":15335.785264362077,"stop_segment_distance":15.298437784708511}
{"route_id":"770","stop_id":"7667","stop_lat":34.062388,"stop_lon":-118.122495,"stop_sequence":19,"segment_first_lat":34.0625150011,"segment_first_lon":-118.1224950127,"segment_second_lat":34.0625185647,"segment_second_lon":-118.121141323,"segment_sequence":190001,"segment_id":10,"segment_len_meter":124.69829010349595,"segment_cum_len":17891.451965836543,"stop_segment_distance":14.962483275883088}
{"route_id":"81","stop_id":"13470","stop_lat":34.021742,"stop_lon":-118.280262,"stop_sequence":62,"segment_first_lat":34.0216860038,"segment_first_lon":-118.2801276777,"segment_second_lat":34.0211510434,"segment_second_lon":-118.2804615047,"segment_sequence":620001,"segment_id":31,"segment_len_meter":66.97012957108981,"segment_cum_len":21277.005679231697,"stop_segment_distance":15.122151461431798}
{"route_id":"90","stop_id":"2146","stop_lat":34.094802,"stop_lon":-118.231052,"stop_sequence":80,"segment_first_lat":34.094876581,"segment_first_lon":-118.2309259152,"segment_second_lat":34.0943446221,"segment_second_lon":-118.2304788772,"segment_sequence":800001,"segment_id":40,"segment_len_meter":72.06485093831648,"segment_cum_len":25949.716328985727,"stop_segment_distance":15.494606142964727}
{"route_id":"92","stop_id":"3582","stop_lat":34.189227,"stop_lon":-118.314255,"stop_sequence":76,"segment_first_lat":34.1891305586,"segment_first_lon":-118.3143541959,"segment_second_lat":34.1896206709,"segment_second_lon":-118.3150302832,"segment_sequence":760001,"segment_id":38,"segment_len_meter":82.68669293079134,"segment_cum_len":23195.706068766467,"stop_segment_distance":15.066655407551721}
