{"route_id":"10","stop_id":"11696","stop_lat":34.08361,"stop_lon":-118.328617,"stop_sequence":48,"segment_first_lat":34.083485722,"segment_first_lon":-118.3277118503,"segment_second_lat":34.0834832639,"segment_second_lon":-118.3286167359,"segment_sequence":470002,"segment_id":24,"segment_len_meter":83.33504956281028,"segment_cum_len":13064.682460671647,"stop_segment_distance":15.253931586609141}
{"route_id":"110","stop_id":"614","stop_lat":33.976684,"stop_lon":-118.364252,"stop_sequence":13,"segment_first_lat":33.9768766064,"segment_first_lon":-118.3650210066,"segment_second_lat":33.9768130239,"segment_second_lon":-118.3642380345,"segment_sequence":120003,"segment_id":6,"segment_len_meter":72.54311942473628,"segment_cum_len":6124.069677457103,"stop_segment_distance":15.935107161410315}
{"route_id":"110","stop_id":"618","stop_lat":33.976912,"stop_lon":-118.386348,"stop_sequence":8,"segment_first_lat":33.9771612139,"segment_first_lon":-118.3865703677,"segment_second_lat":33.9770272167,"segment_second_lon":-118.3862821334,"segment_sequence":70010,"segment_id":4,"segment_len_meter":30.469544082909085,"segment_cum_len":4068.8677298061934,"stop_segment_distance":18.18115939436154}
{"route_id":"110","stop_id":"7339","stop_lat":33.98329,"stop_lon":-118.317365,"stop_sequence":28,"segment_first_lat":33.9833625051,"segment_first_lon":-118.3173658493,"segment_second_lat":33.9833660087,"segment_second_lon":-118.3167645301,"segment_sequence":280001,"segment_id":14,"segment_len_meter":55.44469580911364,"segment_cum_len":10936.460840260665,"stop_segment_distance":8.62431718706398}
{"route_id":"117","stop_id":"1120","stop_lat":33.94315,"stop_lon":-118.251731,"stop_sequence":38,"segment_first_lat":33.9432732755,"segment_first_lon":-118.2534554854,"segment_second_lat":33.9432799095,"segment_second_lon":-118.2517311727,"segment_sequence":370003,"segment_id":19,"segment_len_meter":159.06315148592554,"segment_cum_len":15000.311255439645,"stop_segment_distance":15.049123855912711}
{"route_id":"120","stop_id":"10531","stop_lat":33.935469,"stop_lon":-118.073001,"stop_sequence":27,"segment_first_lat":33.9353421282,"segment_first_lon":-118.0730006032,"segment_second_lat":33.9353476132,"segment_second_lon":-118.0739203822,"segment_sequence":270001,"segment_id":14,"segment_len_meter":84.85629258834243,"segment_cum_len":10882.794797871675,"stop_segment_distance":15.135955277740536}
{"route_id":"120","stop_id":"11160","stop_lat":33.930107,"stop_lon":-118.225049,"stop_sequence":68,"segment_first_lat":33.9300253098,"segment_first_lon":-118.2246437266,"segment_second_lat":33.9299819969,"segment_second_lon":-118.225030617,"segment_sequence":670015,"segment_id":34,"segment_len_meter":36.018215542152106,"segment_cum_len":28528.388219986427,"stop_segment_distance":16.462892235279227}
{"route_id":"120","stop_id":"14145","stop_lat":33.931104,"stop_lon":-118.309374,"stop_sequence":91,"segment_first_lat":33.9309788783,"segment_first_lon":-118.3093734576,"segment_second_lat":33.9309788589,"segment_second_lon":-118.3111964356,"segment_sequence":910001,"segment_id":46,"segment_len_meter":168.18723812954826,"segment_cum_len":39311.143212410054,"stop_segment_distance":14.43764680016642}
{"route_id":"128","stop_id":"17246","stop_lat":33.888901,"stop_lon":-118.193213,"stop_sequence":35,"segment_first_lat":33.8887690432,"segment_first_lon":-118.1932122652,"segment_second_lat":33.8887705853,"segment_second_lon":-118.1937921633,"segment_sequence":350001,"segment_id":18,"segment_len_meter":53.527948092844206,"segment_cum_len":17508.62407131268,"stop_segment_distance":16.53685868675222}
{"route_id":"128","stop_id":"9884","stop_lat":33.896146,"stop_lon":-118.216117,"stop_sequence":46,"segment_first_lat":33.8960207053,"segment_first_lon":-118.2161170298,"segment_second_lat":33.8960211015,"segment_second_lon":-118.2169671774,"segment_sequence":460001,"segment_id":23,"segment_len_meter":78.46647817976798,"segment_cum_len":20497.43397149851,"stop_segment_distance":15.1543489235887}
{"route_id":"130","stop_id":"13000046","stop_lat":33.874848,"stop_lon":-118.151082,"stop_sequence":14,"segment_first_lat":33.8747412246,"segment_first_lon":-118.1485487271,"segment_second_lat":33.8747202143,"segment_second_lon":-118.151082007,"segment_sequence":130002,"segment_id":7,"segment_len_meter":233.88533111677748,"segment_cum_len":6748.300929085398,"stop_segment_distance":14.49780964407816}
{"route_id":"130","stop_id":"7095","stop_lat":33.86705,"stop_lon":-118.290405,"stop_sequence":47,"segment_first_lat":33.8663599553,"segment_first_lon":-118.2905339188,"segment_second_lat":33.8670468618,"segment_second_lon":-118.2905554041,"segment_sequence":460006,"segment_id":23,"segment_len_meter":76.40627367640938,"segment_cum_len":22594.207000738174,"stop_segment_distance":15.131970083366753}
{"route_id":"14","stop_id":"7449","stop_lat":34.032541,"stop_lon":-118.321278,"stop_sequence":16,"segment_first_lat":34.0326339879,"segment_first_lon":-118.3224397999,"segment_second_lat":34.0326398329,"segment_second_lon":-118.3212780357,"segment_sequence":150004,"segment_id":8,"segment_len_meter":107.05777523366514,"segment_cum_len":5540.980167687635,"stop_segment_distance":11.48924641133695}
{"route_id":"150","stop_id":"6577","stop_lat":34.190873,"stop_lon":-118.606057,"stop_sequence":5,"segment_first_lat":34.1908713418,"segment_first_lon":-118.6059055805,"segment_second_lat":34.1899174954,"segment_second_lon":-118.6059142033,"segment_sequence":50001,"segment_id":3,"segment_len_meter":106.06584573000895,"segment_cum_len":1419.6147451946083,"stop_segment_distance":14.91849780389704}
{"route_id":"158","stop_id":"16862","stop_lat":34.207028,"stop_lon":-118.431087,"stop_sequence":21,"segment_first_lat":34.2067635422,"segment_first_lon":-118.4312382465,"segment_second_lat":34.2070300915,"segment_second_lon":-118.4312373077,"segment_sequence":200003,"segment_id":10,"segment_len_meter":29.63905559317289,"segment_cum_len":8262.13466222604,"stop_segment_distance":16.71484232094423}
{"route_id":"163","stop_id":"6187","stop_lat":34.201061,"stop_lon":-118.495845,"stop_sequence":35,"segment_first_lat":34.2011678415,"segment_first_lon":-118.4966953958,"segment_second_lat":34.2011875269,"segment_second_lon":-118.495848866,"segment_sequence":340005,"segment_id":17,"segment_len_meter":77.88262342254531,"segment_cum_len":12530.249583783141,"stop_segment_distance":15.295670514009046}
{"route_id":"164","stop_id":"30003","stop_lat":34.179294,"stop_lon":-118.312829,"stop_sequence":1,"segment_first_lat":34.1793199747,"segment_first_lon":-118.3127983535,"segment_second_lat":34.1786427325,"segment_second_lon":-118.3119041092,"segment_sequence":10001,"segment_id":1,"segment_len_meter":111.52555997850618,"segment_cum_len":111.52555997850618,"stop_segment_distance":4.238091039308657}
{"route_id":"164","stop_id":"7138","stop_lat":34.186819,"stop_lon":-118.396809,"stop_sequence":28,"segment_first_lat":34.1866937,"segment_first_lon":-118.3968085232,"segment_second_lat":34.1866946574,"segment_second_lon":-118.3986899982,"segment_sequence":280001,"segment_id":14,"segment_len_meter":173.0612563969391,"segment_cum_len":10194.482185426696,"stop_segment_distance":14.440342839377251}
{"route_id":"166","stop_id":"12619","stop_lat":34.239774,"stop_lon":-118.428997,"stop_sequence":52,"segment_first_lat":34.2398687445,"segment_first_lon":-118.4290951328,"segment_second_lat":34.2408498279,"segment_second_lon":-118.4277515189,"segment_sequence":520001,"segment_id":26,"segment_len_meter":164.78917152353972,"segment_cum_len":21910.123145927828,"stop_segment_distance":14.66458203442886}
{"route_id":"180","stop_id":"1286","stop_lat":34.146017,"stop_lon":-118.229613,"stop_sequence":45,"segment_first_lat":34.1461619744,"segment_first_lon":-118.2301227252,"segment_second_lat":34.1461470171,"segment_second_lon":-118.2296071032,"segment_sequence":440005,"segment_id":22,"segment_len_meter":47.47969692728895,"segment_cum_len":13291.263535298345,"stop_segment_distance":16.58835427477552}
{"route_id":"180","stop_id":"142130","stop_lat":34.133691,"stop_lon":-118.257674,"stop_sequence":30,"segment_first_lat":34.1336911598,"segment_first_lon":-118.2578238336,"segment_second_lat":34.1343423969,"segment_second_lon":-118.2578284861,"segment_sequence":300001,"segment_id":15,"segment_len_meter":72.41552763778344,"segment_cum_len":9285.680308482446,"stop_segment_distance":15.189527664954412}
{"route_id":"180","stop_id":"7527","stop_lat":34.146703,"stop_lon":-118.257572,"stop_sequence":35,"segment_first_lat":34.144561613,"segment_first_lon":-118.2578950451,"segment_second_lat":34.1468423764,"segment_second_lon":-118.2578835751,"segment_sequence":340001,"segment_id":17,"segment_len_meter":253.61151557295463,"segment_cum_len":10675.675722946084,"stop_segment_distance":18.94167126559981}
{"route_id":"183","stop_id":"20146","stop_lat":34.164802,"stop_lon":-118.361164,"stop_sequence":30,"segment_first_lat":34.1649286195,"segment_first_lon":-118.3611649027,"segment_second_lat":34.1649250584,"segment_second_lon":-118.360424397,"segment_sequence":300001,"segment_id":15,"segment_len_meter":68.13167822922081,"segment_cum_len":12350.614860235959,"stop_segment_distance":15.357688161083033}
{"route_id":"20","stop_id":"16700","stop_lat":34.061894,"stop_lon":-118.297717,"stop_sequence":19,"segment_first_lat":34.0617753406,"segment_first_lon":-118.2966504511,"segment_second_lat":34.0617674956,"segment_second_lon":-118.297716865,"segment_sequence":180003,"segment_id":9,"segment_len_meter":98.23944949452844,"segment_cum_len":5852.776977644782,"stop_segment_distance":14.957157043438187}
{"route_id":"20","stop_id":"16732","stop_lat":34.067189,"stop_lon":-118.386821,"stop_sequence":47,"segment_first_lat":34.067062679,"segment_first_lon":-118.3868207289,"segment_second_lat":34.0670599371,"segment_second_lon":-118.3876759073,"segment_sequence":470001,"segment_id":24,"segment_len_meter":78.77272433127214,"segment_cum_len":14200.199690006739,"stop_segment_distance":15.317675083257939}
{"route_id":"202","stop_id":"23200077","stop_lat":33.779966,"stop_lon":-118.26524,"stop_sequence":54,"segment_first_lat":33.7798400706,"segment_first_lon":-118.2652289535,"segment_second_lat":33.7797772356,"segment_second_lon":-118.266308395,"segment_sequence":540001,"segment_id":27,"segment_len_meter":100.00963713281423,"segment_cum_len":26339.755600838605,"stop_segment_distance":14.980688722402249}
{"route_id":"204","stop_id":"5656","stop_lat":34.02229,"stop_lon":-118.291382,"stop_sequence":36,"segment_first_lat":34.022289902,"segment_first_lon":-118.2915358993,"segment_second_lat":34.0231060246,"segment_second_lon":-118.2915334619,"segment_sequence":360001,"segment_id":18,"segment_len_meter":90.74897065528673,"segment_cum_len":11022.503797298188,"stop_segment_distance":15.239678595091576}
{"route_id":"205","stop_id":"16996","stop_lat":33.903164,"stop_lon":-118.237915,"stop_sequence":119,"segment_first_lat":33.9026366085,"segment_first_lon":-118.2380320395,"segment_second_lat":33.9031586306,"segment_second_lon":-118.2380661467,"segment_sequence":1190005,"segment_id":60,"segment_len_meter":58.13149532485487,"segment_cum_len":45290.58671978709,"stop_segment_distance":15.460304943380478}
{"route_id":"205","stop_id":"17587","stop_lat":33.760229,"stop_lon":-118.312281,"stop_sequence":41,"segment_first_lat":33.7602602607,"segment_first_lon":-118.3124352232,"segment_second_lat":33.762938381,"segment_second_lon":-118.3116493567,"segment_sequence":410001,"segment_id":21,"segment_len_meter":306.5266374985455,"segment_cum_len":10535.369064436998,"stop_segment_distance":15.023820246452033}
{"route_id":"210","stop_id":"9430","stop_lat":33.890748,"stop_lon":-118.326678,"stop_sequence":79,"segment_first_lat":33.8907482943,"segment_first_lon":-118.3265277172,"segment_second_lat":33.8892149991,"segment_second_lon":-118.326527346,"segment_sequence":790001,"segment_id":40,"segment_len_meter":170.4946507318574,"segment_cum_len":27465.374433735135,"stop_segment_distance":14.405159955653914}
{"route_id":"211","stop_id":"10915","stop_lat":33.872283,"stop_lon":-118.352842,"stop_sequence":61,"segment_first_lat":33.8722832676,"segment_first_lon":-118.3526896572,"segment_second_lat":33.8710604736,"segment_second_lon":-118.3526914314,"segment_sequence":610001,"segment_id":31,"segment_len_meter":135.96858779666454,"segment_cum_len":22364.74602522348,"stop_segment_distance":14.743855188593528}
{"route_id":"211","stop_id":"2261","stop_lat":33.968293,"stop_lon":-118.344091,"stop_sequence":31,"segment_first_lat":33.9682937596,"segment_first_lon":-118.34394171,"segment_second_lat":33.967499616,"segment_second_lon":-118.3439457042,"segment_sequence":310001,"segment_id":16,"segment_len_meter":88.305507575722,"segment_cum_len":10804.754772378103,"stop_segment_distance":14.694171369278052}
{"route_id":"217","stop_id":"11015","stop_lat":34.10175,"stop_lon":-118.348769,"stop_sequence":10,"segment_first_lat":34.1016121751,"segment_first_lon":-118.3478402541,"segment_second_lat":34.1016235031,"segment_second_lon":-118.3487721498,"segment_sequence":90004,"segment_id":5,"segment_len_meter":85.8129340588941,"segment_cum_len":2378.1237625922918,"stop_segment_distance":15.131907924509505}
{"route_id":"222","stop_id":"6360","stop_lat":34.232243,"stop_lon":-118.366654,"stop_sequence":49,"segment_first_lat":34.2301315484,"segment_first_lon":-118.3664892113,"segment_second_lat":34.2322272288,"segment_second_lon":-118.3668057637,"segment_sequence":480001,"segment_id":24,"segment_len_meter":234.83916711051077,"segment_cum_len":19767.089827716274,"stop_segment_distance":14.493518968035318}
{"route_id":"224","stop_id":"5844","stop_lat":34.299142,"stop_lon":-118.458936,"stop_sequence":53,"segment_first_lat":34.2982170738,"segment_first_lon":-118.4579610458,"segment_second_lat":34.2990497335,"segment_second_lon":-118.4590374164,"segment_sequence":520006,"segment_id":26,"segment_len_meter":135.45728612492988,"segment_cum_len":21184.16491238302,"stop_segment_distance":14.776332564442129}
{"route_id":"237","stop_id":"556","stop_lat":34.13297,"stop_lon":-118.355664,"stop_sequence":16,"segment_first_lat":34.1324366972,"segment_first_lon":-118.3539463234,"segment_second_lat":34.1328505812,"segment_second_lon":-118.3557070566,"segment_sequence":150004,"segment_id":8,"segment_len_meter":168.46688789581285,"segment_cum_len":6174.23018243682,"stop_segment_distance":14.242177983598793}
{"route_id":"239","stop_id":"43425","stop_lat":34.179979,"stop_lon":-118.518358,"stop_sequence":8,"segment_first_lat":34.1799778596,"segment_first_lon":-118.518513829,"segment_second_lat":34.1801152513,"segment_second_lon":-118.5185146818,"segment_sequence":80001,"segment_id":4,"segment_len_meter":15.277461416006656,"segment_cum_len":2351.01835427379,"stop_segment_distance":19.968667447632296}
{"route_id":"239","stop_id":"4487","stop_lat":34.279084,"stop_lon":-118.488774,"stop_sequence":46,"segment_first_lat":34.2792128042,"segment_first_lon":-118.4887716651,"segment_second_lat":34.2791891468,"segment_second_lon":-118.4858419067,"segment_sequence":460001,"segment_id":23,"segment_len_meter":269.20104696946095,"segment_cum_len":18018.497969495995,"stop_segment_distance":14.779451790776932}
{"route_id":"239","stop_id":"9261","stop_lat":34.264761,"stop_lon":-118.519408,"stop_sequence":34,"segment_first_lat":34.2648846455,"segment_first_lon":-118.5194057773,"segment_second_lat":34.2648764315,"segment_second_lon":-118.5186938006,"segment_sequence":340001,"segment_id":17,"segment_len_meter":65.43442069670178,"segment_cum_len":13397.748550842052,"stop_segment_distance":15.191502586384402}
{"route_id":"243","stop_id":"14844","stop_lat":34.205024,"stop_lon":-118.553374,"stop_sequence":51,"segment_first_lat":34.2050237877,"segment_first_lon":-118.553527064,"segment_second_lat":34.2065488845,"segment_second_lon":-118.5535259273,"segment_sequence":510001,"segment_id":26,"segment_len_meter":169.58305901906252,"segment_cum_len":22814.536174691806,"stop_segment_distance":14.627036749712062}
{"route_id":"243","stop_id":"16794","stop_lat":34.197165,"stop_lon":-118.571133,"stop_sequence":31,"segment_first_lat":34.1971660599,"segment_first_lon":-118.5709832609,"segment_second_lat":34.1964763335,"segment_second_lon":-118.5709831755,"segment_sequence":310001,"segment_id":16,"segment_len_meter":76.69407685471087,"segment_cum_len":14558.202447005224,"stop_segment_distance":14.884082104022866}
{"route_id":"260","stop_id":"11967","stop_lat":34.172337,"stop_lon":-118.150847,"stop_sequence":6,"segment_first_lat":34.1723369091,"segment_first_lon":-118.1506931964,"segment_second_lat":34.1706772121,"segment_second_lon":-118.1506783013,"segment_sequence":60001,"segment_id":3,"segment_len_meter":184.55497356857376,"segment_cum_len":1421.4455589850304,"stop_segment_distance":14.805946329226515}
{"route_id":"266","stop_id":"17787","stop_lat":33.854162,"stop_lon":-118.142288,"stop_sequence":3,"segment_first_lat":33.8541618972,"segment_first_lon":-118.1424456605,"segment_second_lat":33.8547966425,"segment_second_lon":-118.1424467387,"segment_sequence":30001,"segment_id":2,"segment_len_meter":70.58052729531867,"segment_cum_len":2779.993302771348,"stop_segment_distance":16.053612753600234}
{"route_id":"268","stop_id":"12279","stop_lat":34.153581,"stop_lon":-118.068012,"stop_sequence":44,"segment_first_lat":34.1558777775,"segment_first_lon":-118.0679344016,"segment_second_lat":34.1535833296,"segment_second_lon":-118.0678918812,"segment_sequence":430002,"segment_id":22,"segment_len_meter":255.16096498433717,"segment_cum_len":17344.86788703663,"stop_segment_distance":11.384936768616399}
{"route_id":"30","stop_id":"3000001","stop_lat":34.048107,"stop_lon":-118.337767,"stop_sequence":1,"segment_first_lat":34.0480741084,"segment_first_lon":-118.3377835806,"segment_second_lat":34.0482289386,"segment_second_lon":-118.3382298605,"segment_sequence":10001,"segment_id":1,"segment_len_meter":44.57577341458877,"segment_cum_len":44.57577341458877,"stop_segment_distance":4.13596265257172}
{"route_id":"45","stop_id":"13226","stop_lat":34.038032,"stop_lon":-118.260568,"stop_sequence":24,"segment_first_lat":34.037956222,"segment_first_lon":-118.2604467182,"segment_second_lat":34.0374292803,"segment_second_lon":-118.2609098187,"segment_sequence":240001,"segment_id":12,"segment_len_meter":72.48486713108181,"segment_cum_len":7312.372133911564,"stop_segment_distance":15.562619166668838}
{"route_id":"460","stop_id":"4383","stop_lat":33.912439,"stop_lon":-118.081922,"stop_sequence":23,"segment_first_lat":33.9124393209,"segment_first_lon":-118.0817678636,"segment_second_lat":33.9120353921,"segment_second_lon":-118.0817635145,"segment_sequence":240001,"segment_id":12,"segment_len_meter":44.916626303241074,"segment_cum_len":36099.05491387262,"stop_segment_distance":16.50908587803542}
{"route_id":"487","stop_id":"12387","stop_lat":34.151114,"stop_lon":-118.031749,"stop_sequence":70,"segment_first_lat":34.1521034074,"segment_first_lon":-118.0316497988,"segment_second_lat":34.1511169275,"segment_second_lon":-118.0316292635,"segment_sequence":690005,"segment_id":35,"segment_len_meter":109.70783546730252,"segment_cum_len":35824.75840673118,"stop_segment_distance":11.710323676326652}
{"route_id":"51","stop_id":"272","stop_lat":33.945779,"stop_lon":-118.26531,"stop_sequence":63,"segment_first_lat":33.9465263103,"segment_first_lon":-118.2651536597,"segment_second_lat":33.9457788942,"segment_second_lon":-118.2651539317,"segment_sequence":620005,"segment_id":31,"segment_len_meter":83.10888220027981,"segment_cum_len":16593.105156894613,"stop_segment_distance":15.626645786651778}
{"route_id":"60","stop_id":"9744","stop_lat":34.044344,"stop_lon":-118.248787,"stop_sequence":11,"segment_first_lat":34.0444266303,"segment_first_lon":-118.2487153373,"segment_second_lat":34.0439252039,"segment_second_lon":-118.2478846435,"segment_sequence":110001,"segment_id":6,"segment_len_meter":94.69278777560734,"segment_cum_len":2935.13009798756,"stop_segment_distance":11.91535349157354}
{"route_id":"611","stop_id":"1689","stop_lat":34.003795,"stop_lon":-118.245512,"stop_sequence":41,"segment_first_lat":34.0039086777,"segment_first_lon":-118.246235234,"segment_second_lat":34.0039214092,"segment_second_lon":-118.2455160042,"segment_sequence":400004,"segment_id":20,"segment_len_meter":66.31409192180926,"segment_cum_len":11941.840957891283,"stop_segment_distance":15.60269148448468}
{"route_id":"754","stop_id":"7248","stop_lat":33.924002,"stop_lon":-118.291321,"stop_sequence":24,"segment_first_lat":33.9236967774,"segment_first_lon":-118.2915172245,"segment_second_lat":33.9240095341,"segment_second_lon":-118.2914958981,"segment_sequence":230006,"segment_id":12,"segment_len_meter":34.83258231515573,"segment_cum_len":20935.41005968303,"stop_segment_distance":19.792909504456603}
{"route_id":"780","stop_id":"9333","stop_lat":34.142103,"stop_lon":-118.223228,"stop_sequence":23,"segment_first_lat":34.1424068301,"segment_first_lon":-118.2236249517,"segment_second_lat":34.142213694,"segment_second_lon":-118.2231574598,"segment_sequence":220040,"segment_id":11,"segment_len_meter":48.085471129240254,"segment_cum_len":24798.229076545722,"stop_segment_distance":15.588957265778497}
{"route_id":"90","stop_id":"12355","stop_lat":34.112573,"stop_lon":-118.243823,"stop_sequence":74,"segment_first_lat":34.1127403846,"segment_first_lon":-118.2437212032,"segment_second_lat":34.1126237099,"segment_second_lon":-118.2436666827,"segment_sequence":730010,"segment_id":37,"segment_len_meter":13.910729658504184,"segment_cum_len":23550.458983194538,"stop_segment_distance":22.384044373739226}
