{"route_id":"10","stop_id":"8966","stop_lat":34.066957,"stop_lon":-118.254761,"stop_sequence":17,"segment_first_lat":34.0668143305,"segment_first_lon":-118.2547873464,"segment_second_lat":34.066860065,"segment_second_lon":-118.2548607873,"segment_sequence":160013,"segment_id":8,"segment_len_meter":8.463112769706095,"segment_cum_len":5287.058505060289,"stop_segment_distance":21.751215573954973}
{"route_id":"102","stop_id":"2781","stop_lat":33.974878,"stop_lon":-118.374346,"stop_sequence":14,"segment_first_lat":33.9731068505,"segment_first_lon":-118.3765416427,"segment_second_lat":33.974964303,"segment_second_lon":-118.3744565868,"segment_sequence":130003,"segment_id":7,"segment_len_meter":282.1806165719472,"segment_cum_len":4647.48414303064,"stop_segment_distance":14.274475414822177}
{"route_id":"106","stop_id":"125444","stop_lat":34.039135,"stop_lon":-118.219738,"stop_sequence":25,"segment_first_lat":34.0391352654,"segment_first_lon":-118.2198630169,"segment_second_lat":34.0395334466,"segment_second_lon":-118.2198544909,"segment_sequence":250001,"segment_id":13,"segment_len_meter":44.28269842385874,"segment_cum_len":8643.962574853369,"stop_segment_distance":12.82359746982771}
{"route_id":"110","stop_id":"1454","stop_lat":33.981913,"stop_lon":-118.239178,"stop_sequence":57,"segment_first_lat":33.9820239434,"segment_first_lon":-118.2411802063,"segment_second_lat":33.9820128157,"segment_second_lon":-118.2391779681,"segment_sequence":560002,"segment_id":28,"segment_len_meter":184.6190817333148,"segment_cum_len":19922.71909581983,"stop_segment_distance":11.503737353095232}
{"route_id":"110","stop_id":"2104","stop_lat":33.977856,"stop_lon":-118.186643,"stop_sequence":73,"segment_first_lat":33.9779810186,"segment_first_lon":-118.1866231416,"segment_second_lat":33.9778983544,"segment_second_lon":-118.1858811559,"segment_sequence":730001,"segment_id":37,"segment_len_meter":69.03223780044331,"segment_cum_len":24872.096129063095,"stop_segment_distance":15.395679277756685}
{"route_id":"115","stop_id":"1935","stop_lat":33.932463,"stop_lon":-118.118003,"stop_sequence":80,"segment_first_lat":33.9338454756,"segment_first_lon":-118.1204904543,"segment_second_lat":33.9325719158,"segment_second_lon":-118.1179235586,"segment_sequence":790002,"segment_id":40,"segment_len_meter":275.9266272990551,"segment_cum_len":26630.146722881207,"stop_segment_distance":14.444466315758973}
{"route_id":"120","stop_id":"2613","stop_lat":33.91843,"stop_lon":-118.14096,"stop_sequence":45,"segment_first_lat":33.9183240001,"segment_first_lon":-118.1410408669,"segment_second_lat":33.9186489255,"segment_second_lon":-118.1416323915,"segment_sequence":450001,"segment_id":23,"segment_len_meter":65.45653035114778,"segment_cum_len":20400.926041029816,"stop_segment_distance":15.141974513627531}
{"route_id":"130","stop_id":"13000048","stop_lat":33.874825,"stop_lon":-118.160313,"stop_sequence":16,"segment_first_lat":33.8746978464,"segment_first_lon":-118.1603125955,"segment_second_lat":33.8746830714,"segment_second_lon":-118.1641438379,"segment_sequence":160001,"segment_id":8,"segment_len_meter":353.7061898280161,"segment_cum_len":7954.191453938373,"stop_segment_distance":14.449404594259818}
{"route_id":"130","stop_id":"13000084","stop_lat":33.874729,"stop_lon":-118.181544,"stop_sequence":21,"segment_first_lat":33.874600549,"segment_first_lon":-118.1810862466,"segment_second_lat":33.87459986,"segment_second_lon":-118.1815441524,"segment_sequence":200005,"segment_id":10,"segment_len_meter":42.27422569867004,"segment_cum_len":9560.647254206473,"stop_segment_distance":16.694003860389934}
{"route_id":"130","stop_id":"142307","stop_lat":33.87299,"stop_lon":-118.326286,"stop_sequence":56,"segment_first_lat":33.8728658658,"segment_first_lon":-118.3253205733,"segment_second_lat":33.8728610579,"segment_second_lon":-118.3262857673,"segment_sequence":550005,"segment_id":28,"segment_len_meter":89.11074423087483,"segment_cum_len":27579.112192761902,"stop_segment_distance":15.420002848977646}
{"route_id":"150","stop_id":"6990","stop_lat":34.143408,"stop_lon":-118.392657,"stop_sequence":68,"segment_first_lat":34.1435199829,"segment_first_lon":-118.3925834347,"segment_second_lat":34.1427128832,"segment_second_lon":-118.3908161565,"segment_sequence":680001,"segment_id":34,"segment_len_meter":185.75892304300527,"segment_cum_len":24301.979338237892,"stop_segment_distance":14.625389873308166}
{"route_id":"150","stop_id":"7022","stop_lat":34.157407,"stop_lon":-118.492042,"stop_sequence":41,"segment_first_lat":34.1575288153,"segment_first_lon":-118.4920178864,"segment_second_lat":34.1574375464,"segment_second_lon":-118.4913516248,"segment_sequence":410001,"segment_id":21,"segment_len_meter":62.13941509274977,"segment_cum_len":14814.266859932111,"stop_segment_distance":15.200988134175148}
{"route_id":"154","stop_id":"15328","stop_lat":34.1795,"stop_lon":-118.448367,"stop_sequence":48,"segment_first_lat":34.1794068268,"segment_first_lon":-118.4446794866,"segment_second_lat":34.1794006355,"segment_second_lon":-118.4483660277,"segment_sequence":470001,"segment_id":24,"segment_len_meter":339.12423277683126,"segment_cum_len":18778.176858459785,"stop_segment_distance":11.29591217513456}
{"route_id":"158","stop_id":"8713","stop_lat":34.254281,"stop_lon":-118.438787,"stop_sequence":39,"segment_first_lat":34.2541987587,"segment_first_lon":-118.4389018035,"segment_second_lat":34.2555225531,"segment_second_lon":-118.4403029979,"segment_sequence":390001,"segment_id":20,"segment_len_meter":195.58090231966807,"segment_cum_len":14959.769316337537,"stop_segment_distance":14.525160441623171}
{"route_id":"164","stop_id":"7128","stop_lat":34.186745,"stop_lon":-118.531991,"stop_sequence":59,"segment_first_lat":34.1866187364,"segment_first_lon":-118.5319899409,"segment_second_lat":34.186606152,"segment_second_lon":-118.5348434942,"segment_sequence":590001,"segment_id":30,"segment_len_meter":262.4785991627566,"segment_cum_len":22718.249463803102,"stop_segment_distance":14.392720864815828}
{"route_id":"165","stop_id":"6888","stop_lat":34.193727,"stop_lon":-118.548798,"stop_sequence":25,"segment_first_lat":34.193852259,"segment_first_lon":-118.5487988502,"segment_second_lat":34.1938556909,"segment_second_lon":-118.5470098219,"segment_sequence":250001,"segment_id":13,"segment_len_meter":164.5442945400373,"segment_cum_len":9373.884117123003,"stop_segment_distance":14.47122423272063}
{"route_id":"166","stop_id":"12517","stop_lat":34.235335,"stop_lon":-118.456925,"stop_sequence":45,"segment_first_lat":34.2354846729,"segment_first_lon":-118.4588543188,"segment_second_lat":34.2354645047,"segment_second_lon":-118.4569220051,"segment_sequence":440002,"segment_id":22,"segment_len_meter":177.6487568214101,"segment_cum_len":18993.65536534909,"stop_segment_distance":14.892708038551604}
{"route_id":"169","stop_id":"6074","stop_lat":34.208372,"stop_lon":-118.383572,"stop_sequence":119,"segment_first_lat":34.2084710181,"segment_first_lon":-118.384469232,"segment_second_lat":34.2084716648,"segment_second_lon":-118.3835729061,"segment_sequence":1180005,"segment_id":59,"segment_len_meter":82.42429844064694,"segment_cum_len":47318.96337357182,"stop_segment_distance":11.897272730922097}
{"route_id":"205","stop_id":"30014","stop_lat":33.875981,"stop_lon":-118.222832,"stop_sequence":108,"segment_first_lat":33.8761487962,"segment_first_lon":-118.222974081,"segment_second_lat":33.8754370139,"segment_second_lon":-118.2230248974,"segment_sequence":1080009,"segment_id":54,"segment_len_meter":79.28549595588638,"segment_cum_len":40841.69356066076,"stop_segment_distance":6.577277396990468}
{"route_id":"211","stop_id":"141081","stop_lat":33.967343,"stop_lon":-118.344093,"stop_sequence":32,"segment_first_lat":33.9673429887,"segment_first_lon":-118.3439453908,"segment_second_lat":33.9659690652,"segment_second_lon":-118.3439427165,"segment_sequence":320001,"segment_id":16,"segment_len_meter":152.7735218654989,"segment_cum_len":10974.944479358694,"stop_segment_distance":14.240957011297212}
{"route_id":"212","stop_id":"13634","stop_lat":34.030798,"stop_lon":-118.351969,"stop_sequence":36,"segment_first_lat":34.031145493,"segment_first_lon":-118.3516630552,"segment_second_lat":34.0307603357,"segment_second_lon":-118.3518191987,"segment_sequence":350005,"segment_id":18,"segment_len_meter":45.180036738704054,"segment_cum_len":10170.06397227134,"stop_segment_distance":17.077282162731002}
{"route_id":"222","stop_id":"6380","stop_lat":34.236687,"stop_lon":-118.367335,"stop_sequence":51,"segment_first_lat":34.2359617978,"segment_first_lon":-118.3673780131,"segment_second_lat":34.2366712477,"segment_second_lon":-118.3674866796,"segment_sequence":500003,"segment_id":25,"segment_len_meter":79.51719286770671,"segment_cum_len":20265.191325383224,"stop_segment_distance":15.271554348550396}
{"route_id":"230","stop_id":"2904","stop_lat":34.197317,"stop_lon":-118.396618,"stop_sequence":35,"segment_first_lat":34.197317074,"segment_first_lon":-118.3964664484,"segment_second_lat":34.1958716867,"segment_second_lon":-118.3964652093,"segment_sequence":350001,"segment_id":18,"segment_len_meter":160.7197751989803,"segment_cum_len":13643.712009455123,"stop_segment_distance":14.543130554545996}
{"route_id":"239","stop_id":"13010","stop_lat":34.221,"stop_lon":-118.527191,"stop_sequence":21,"segment_first_lat":34.2208697459,"segment_first_lon":-118.5273520225,"segment_second_lat":34.221804038,"segment_second_lon":-118.5273513073,"segment_sequence":210002,"segment_id":11,"segment_len_meter":103.88856233539467,"segment_cum_len":7805.407563981867,"stop_segment_distance":7.434679605774889}
{"route_id":"258","stop_id":"11684","stop_lat":34.032994,"stop_lon":-118.16253,"stop_sequence":43,"segment_first_lat":34.0331396318,"segment_first_lon":-118.1622564854,"segment_second_lat":34.0329314288,"segment_second_lon":-118.1623976744,"segment_sequence":420018,"segment_id":21,"segment_len_meter":26.556450218108036,"segment_cum_len":16636.480178970516,"stop_segment_distance":17.440441519616204}
{"route_id":"258","stop_id":"13503","stop_lat":34.087572,"stop_lon":-118.152127,"stop_sequence":22,"segment_first_lat":34.0875744712,"segment_first_lon":-118.1519744905,"segment_second_lat":34.0865495388,"segment_second_lon":-118.1519567753,"segment_sequence":220001,"segment_id":11,"segment_len_meter":113.97895882575807,"segment_cum_len":6803.282400652103,"stop_segment_distance":14.836394117103623}
{"route_id":"268","stop_id":"8943","stop_lat":34.107966,"stop_lon":-118.052111,"stop_sequence":23,"segment_first_lat":34.1079426778,"segment_first_lon":-118.0522613728,"segment_second_lat":34.1087952669,"segment_second_lon":-118.0524323673,"segment_sequence":230001,"segment_id":12,"segment_len_meter":96.10181967166704,"segment_cum_len":7674.43431744615,"stop_segment_distance":14.82423017344371}
{"route_id":"33","stop_id":"6951","stop_lat":34.035103,"stop_lon":-118.377702,"stop_sequence":34,"segment_first_lat":34.0352076244,"segment_first_lon":-118.3777868405,"segment_second_lat":34.0355253761,"segment_second_lon":-118.3772284847,"segment_sequence":340001,"segment_id":17,"segment_len_meter":62.41415635434792,"segment_cum_len":11191.957411134568,"stop_segment_distance":15.708667494180808}
{"route_id":"45","stop_id":"11912","stop_lat":34.072807,"stop_lon":-118.220054,"stop_sequence":7,"segment_first_lat":34.0728214241,"segment_first_lon":-118.2196844209,"segment_second_lat":34.0726939293,"segment_second_lon":-118.2199829262,"segment_sequence":60008,"segment_id":3,"segment_len_meter":30.933861614179936,"segment_cum_len":1399.1518947315346,"stop_segment_distance":17.319271555411465}
{"route_id":"460","stop_id":"1813","stop_lat":34.030324,"stop_lon":-118.273023,"stop_sequence":12,"segment_first_lat":34.0306352256,"segment_first_lon":-118.2727009337,"segment_second_lat":34.0302783465,"segment_second_lon":-118.2729136388,"segment_sequence":110006,"segment_id":6,"segment_len_meter":44.260102025953124,"segment_cum_len":4409.301681393927,"stop_segment_distance":12.614271919327685}
{"route_id":"53","stop_id":"4868","stop_lat":33.965901,"stop_lon":-118.256238,"stop_sequence":40,"segment_first_lat":33.9659011371,"segment_first_lon":-118.256388844,"segment_second_lat":33.9665276489,"segment_second_lon":-118.2563884534,"segment_sequence":400001,"segment_id":20,"segment_len_meter":69.66494295584602,"segment_cum_len":14170.768377016584,"stop_segment_distance":15.294342955394868}
{"route_id":"53","stop_id":"4872","stop_lat":33.958081,"stop_lon":-118.256241,"stop_sequence":37,"segment_first_lat":33.9574349885,"segment_first_lon":-118.2563935966,"segment_second_lat":33.9580807396,"segment_second_lon":-118.2563909566,"segment_sequence":360003,"segment_id":18,"segment_len_meter":71.80465903033563,"segment_cum_len":13231.514101772858,"stop_segment_distance":15.224868795323303}
{"route_id":"55","stop_id":"9674","stop_lat":33.923892,"stop_lon":-118.24605,"stop_sequence":5,"segment_first_lat":33.9238925326,"segment_first_lon":-118.2455715889,"segment_second_lat":33.9237943484,"segment_second_lon":-118.2460182708,"segment_sequence":40012,"segment_id":2,"segment_len_meter":42.63566374460085,"segment_cum_len":1294.5710855587395,"stop_segment_distance":12.75216644566531}
{"route_id":"603","stop_id":"12351","stop_lat":34.11495,"stop_lon":-118.24612,"stop_sequence":18,"segment_first_lat":34.1156198192,"segment_first_lon":-118.2465972951,"segment_second_lat":34.1150318828,"segment_second_lon":-118.2460045154,"segment_sequence":170007,"segment_id":9,"segment_len_meter":85.15839162813873,"segment_cum_len":5190.265818350103,"stop_segment_distance":15.314649094916163}
{"route_id":"685","stop_id":"1747","stop_lat":34.107998,"stop_lon":-118.238032,"stop_sequence":27,"segment_first_lat":34.1092189,"segment_first_lon":-118.2375531283,"segment_second_lat":34.1079701655,"segment_second_lon":-118.2378835639,"segment_sequence":260003,"segment_id":13,"segment_len_meter":142.14656337793903,"segment_cum_len":7846.345931115105,"stop_segment_distance":14.603074682984726}
{"route_id":"71","stop_id":"719","stop_lat":34.050902,"stop_lon":-118.188694,"stop_sequence":31,"segment_first_lat":34.050420737,"segment_first_lon":-118.188858217,"segment_second_lat":34.0508934404,"segment_second_lon":-118.1888130667,"segment_sequence":300011,"segment_id":15,"segment_len_meter":52.726558299305516,"segment_cum_len":10210.903003198327,"stop_segment_distance":13.895752083922083}
{"route_id":"770","stop_id":"70500012","stop_lat":34.053257,"stop_lon":-118.249154,"stop_sequence":7,"segment_first_lat":34.0533181871,"segment_first_lon":-118.2492465445,"segment_second_lat":34.053774392,"segment_second_lon":-118.248818397,"segment_sequence":70001,"segment_id":4,"segment_len_meter":64.25813983230364,"segment_cum_len":3097.3533738589863,"stop_segment_distance":11.962599919946712}
{"route_id":"78","stop_id":"1535","stop_lat":34.103274,"stop_lon":-118.091233,"stop_sequence":64,"segment_first_lat":34.1033938306,"segment_first_lon":-118.0922800791,"segment_second_lat":34.1034014954,"segment_second_lon":-118.0912329389,"segment_sequence":630003,"segment_id":32,"segment_len_meter":96.41649010813211,"segment_cum_len":20243.800027432095,"stop_segment_distance":15.083968520932672}
{"route_id":"92","stop_id":"3580","stop_lat":34.187058,"stop_lon":-118.311271,"stop_sequence":75,"segment_first_lat":34.186961953,"segment_first_lon":-118.3113700704,"segment_second_lat":34.1874986335,"segment_second_lon":-118.3121091228,"segment_sequence":750001,"segment_id":38,"segment_len_meter":90.45643303667012,"segment_cum_len":22838.11684170493,"stop_segment_distance":14.926765361953557}
{"route_id":"94","stop_id":"14228","stop_lat":34.215856,"stop_lon":-118.364518,"stop_sequence":27,"segment_first_lat":34.216111121,"segment_first_lon":-118.364627909,"segment_second_lat":34.2159515649,"segment_second_lon":-118.3644135296,"segment_sequence":260004,"segment_id":13,"segment_len_meter":26.520557921054316,"segment_cum_len":11947.6399461182,"stop_segment_distance":17.918610313215854}
