{"route_id":"105","stop_id":"16362","stop_lat":34.090319,"stop_lon":-118.385677,"stop_sequence":70,"segment_first_lat":34.0905364651,"segment_first_lon":-118.3855355159,"segment_second_lat":34.0903143844,"segment_second_lon":-118.3855516668,"segment_sequence":690010,"segment_id":35,"segment_len_meter":24.738994414012314,"segment_cum_len":24721.652451475064,"stop_segment_distance":14.281553050538161}
{"route_id":"110","stop_id":"2451","stop_lat":33.981999,"stop_lon":-118.291126,"stop_sequence":37,"segment_first_lat":33.9822179618,"segment_first_lon":-118.2914669729,"segment_second_lat":33.9820927614,"segment_second_lon":-118.2910832474,"segment_sequence":360006,"segment_id":18,"segment_len_meter":38.021479950845034,"segment_cum_len":13486.082705376872,"stop_segment_distance":12.889168123918026}
{"route_id":"117","stop_id":"1105","stop_lat":33.943195,"stop_lon":-118.256657,"stop_sequence":36,"segment_first_lat":33.9432952137,"segment_first_lon":-118.2573690958,"segment_second_lat":33.9432945331,"segment_second_lon":-118.2566569408,"segment_sequence":350003,"segment_id":18,"segment_len_meter":65.69368267409845,"segment_cum_len":14545.915043550598,"stop_segment_distance":12.00057016634861}
{"route_id":"16","stop_id":"15647","stop_lat":34.069094,"stop_lon":-118.316941,"stop_sequence":33,"segment_first_lat":34.0689662533,"segment_first_lon":-118.3162532866,"segment_second_lat":34.0689666514,"segment_second_lon":-118.3169400964,"segment_sequence":320004,"segment_id":16,"segment_len_meter":63.26197032774898,"segment_cum_len":8684.24691172838,"stop_segment_distance":15.81706717136079}
{"route_id":"161","stop_id":"14930","stop_lat":34.154883,"stop_lon":-118.788976,"stop_sequence":41,"segment_first_lat":34.1547554647,"segment_first_lon":-118.7889710446,"segment_second_lat":34.1547560348,"segment_second_lon":-118.7891363219,"segment_sequence":410001,"segment_id":21,"segment_len_meter":15.208369070138316,"segment_cum_len":25137.82934833965,"stop_segment_distance":19.399432623641488}
{"route_id":"163","stop_id":"6205","stop_lat":34.20108,"stop_lon":-118.422193,"stop_sequence":52,"segment_first_lat":34.201205673,"segment_first_lon":-118.4221941081,"segment_second_lat":34.2012074167,"segment_second_lon":-118.4210630531,"segment_sequence":520001,"segment_id":26,"segment_len_meter":104.0186124761638,"segment_cum_len":19408.605991131793,"stop_segment_distance":14.833959361789127}
{"route_id":"165","stop_id":"6860","stop_lat":34.19367,"stop_lon":-118.579863,"stop_sequence":18,"segment_first_lat":34.1937858,"segment_first_lon":-118.583147534,"segment_second_lat":34.1937963647,"segment_second_lon":-118.5798638193,"segment_sequence":170003,"segment_id":9,"segment_len_meter":302.01845101121853,"segment_cum_len":6352.125395263372,"stop_segment_distance":14.398908542232448}
{"route_id":"176","stop_id":"14885","stop_lat":34.068855,"stop_lon":-118.068491,"stop_sequence":47,"segment_first_lat":34.0688175605,"segment_first_lon":-118.0671042509,"segment_second_lat":34.0688167821,"segment_second_lon":-118.0684910658,"segment_sequence":460002,"segment_id":23,"segment_len_meter":127.73958131660696,"segment_cum_len":18167.098951271702,"stop_segment_distance":4.311345414145862}
{"route_id":"20","stop_id":"16711","stop_lat":34.062418,"stop_lon":-118.34633,"stop_sequence":35,"segment_first_lat":34.0622921385,"segment_first_lon":-118.3463329687,"segment_second_lat":34.0623058866,"segment_second_lon":-118.3470957192,"segment_sequence":350001,"segment_id":18,"segment_len_meter":70.27899898134946,"segment_cum_len":10402.413858009557,"stop_segment_distance":15.347802516466786}
{"route_id":"201","stop_id":"142163","stop_lat":34.151321,"stop_lon":-118.236751,"stop_sequence":4,"segment_first_lat":34.1512553728,"segment_first_lon":-118.2364232551,"segment_second_lat":34.1511973766,"segment_second_lon":-118.2367122965,"segment_sequence":30006,"segment_id":2,"segment_len_meter":27.368321438667603,"segment_cum_len":708.7209426524071,"stop_segment_distance":17.8613223876177}
{"route_id":"205","stop_id":"17468","stop_lat":33.864216,"stop_lon":-118.278099,"stop_sequence":84,"segment_first_lat":33.8643246823,"segment_first_lon":-118.2781717708,"segment_second_lat":33.8650988138,"segment_second_lon":-118.2764710469,"segment_sequence":850001,"segment_id":43,"segment_len_meter":179.07577767848562,"segment_cum_len":30154.595119436708,"stop_segment_distance":14.27773688931262}
{"route_id":"212","stop_id":"12139","stop_lat":33.966762,"stop_lon":-118.353889,"stop_sequence":54,"segment_first_lat":33.9669186794,"segment_first_lon":-118.3538404467,"segment_second_lat":33.966844427,"segment_second_lon":-118.3537672485,"segment_sequence":530009,"segment_id":27,"segment_len_meter":10.664772987937393,"segment_cum_len":18094.92764656111,"stop_segment_distance":21.817312830362614}
{"route_id":"217","stop_id":"11010","stop_lat":34.100218,"stop_lon":-118.325614,"stop_sequence":1,"segment_first_lat":34.1001875827,"segment_first_lon":-118.3255872876,"segment_second_lat":34.1001655287,"segment_second_lon":-118.3256136273,"segment_sequence":10002,"segment_id":1,"segment_len_meter":3.448998089437633,"segment_cum_len":4.052565680241782,"stop_segment_distance":6.567640606884848}
{"route_id":"222","stop_id":"9138","stop_lat":34.124128,"stop_lon":-118.342234,"stop_sequence":15,"segment_first_lat":34.1236920995,"segment_first_lon":-118.3418227969,"segment_second_lat":34.1240779393,"segment_second_lon":-118.342295215,"segment_sequence":140020,"segment_id":7,"segment_len_meter":61.088038546553456,"segment_cum_len":5072.704545416185,"stop_segment_distance":8.331042592431679}
{"route_id":"245","stop_id":"15495","stop_lat":34.187814,"stop_lon":-118.601709,"stop_sequence":2,"segment_first_lat":34.1877160865,"segment_first_lon":-118.601685498,"segment_second_lat":34.1876645789,"segment_second_lon":-118.6019860365,"segment_sequence":20001,"segment_id":1,"segment_len_meter":28.23079065322005,"segment_cum_len":1136.4489380635976,"stop_segment_distance":13.289358280231607}
{"route_id":"260","stop_id":"13159","stop_lat":34.039291,"stop_lon":-118.143886,"stop_sequence":49,"segment_first_lat":34.0391915647,"segment_first_lon":-118.1437941083,"segment_second_lat":34.037498751,"segment_second_lon":-118.1464182334,"segment_sequence":490001,"segment_id":25,"segment_len_meter":306.4249948294169,"segment_cum_len":18328.837622126106,"stop_segment_distance":14.353022821465117}
{"route_id":"28","stop_id":"475","stop_lat":34.052758,"stop_lon":-118.244738,"stop_sequence":52,"segment_first_lat":34.0527133992,"segment_first_lon":-118.2446691196,"segment_second_lat":34.0517118213,"segment_second_lon":-118.2456067241,"segment_sequence":520001,"segment_id":26,"segment_len_meter":140.9425886199439,"segment_cum_len":15829.876642100595,"stop_segment_distance":8.313350142964197}
{"route_id":"30","stop_id":"7899","stop_lat":34.043297,"stop_lon":-118.274224,"stop_sequence":21,"segment_first_lat":34.0437184744,"segment_first_lon":-118.2748396843,"segment_second_lat":34.0434062339,"segment_second_lon":-118.2741507406,"segment_sequence":200005,"segment_id":10,"segment_len_meter":72.3522256925613,"segment_cum_len":6263.87347739105,"stop_segment_distance":15.126380099090795}
{"route_id":"4","stop_id":"14438","stop_lat":34.049871,"stop_lon":-118.437834,"stop_sequence":78,"segment_first_lat":34.0497624073,"segment_first_lon":-118.4374309284,"segment_second_lat":34.0496675709,"segment_second_lon":-118.4377437181,"segment_sequence":770014,"segment_id":39,"segment_len_meter":30.68640919012559,"segment_cum_len":25650.465714722133,"stop_segment_distance":32.46376678420815}
{"route_id":"45","stop_id":"13220","stop_lat":33.935777,"stop_lon":-118.278511,"stop_sequence":57,"segment_first_lat":33.9365136136,"segment_first_lon":-118.2783583773,"segment_second_lat":33.9357771893,"segment_second_lon":-118.278358568,"segment_sequence":560004,"segment_id":28,"segment_len_meter":81.886647907761,"segment_cum_len":19044.600396673053,"stop_segment_distance":15.284968307394777}
{"route_id":"460","stop_id":"2150","stop_lat":34.037151,"stop_lon":-118.268837,"stop_sequence":10,"segment_first_lat":34.0375308823,"segment_first_lon":-118.268462178,"segment_second_lat":34.0371024475,"segment_second_lon":-118.2687281603,"segment_sequence":90003,"segment_id":5,"segment_len_meter":53.574496298966736,"segment_cum_len":3557.8323259507065,"stop_segment_distance":12.378581048980834}
{"route_id":"55","stop_id":"810","stop_lat":33.972341,"stop_lon":-118.247505,"stop_sequence":23,"segment_first_lat":33.9717558211,"segment_first_lon":-118.2476578335,"segment_second_lat":33.9723411108,"segment_second_lon":-118.2476595643,"segment_sequence":220006,"segment_id":11,"segment_len_meter":65.0814409671417,"segment_cum_len":6861.008986505686,"stop_segment_distance":15.749400657360582}
{"route_id":"550","stop_id":"15759","stop_lat":33.732419,"stop_lon":-118.307938,"stop_sequence":4,"segment_first_lat":33.7324867148,"segment_first_lon":-118.307935192,"segment_second_lat":33.7324849374,"segment_second_lon":-118.3077707488,"segment_sequence":40001,"segment_id":2,"segment_len_meter":15.208018246512127,"segment_cum_len":1006.0983821148629,"stop_segment_distance":9.442266570457873}
{"route_id":"60","stop_id":"8742","stop_lat":33.874393,"stop_lon":-118.20745,"stop_sequence":76,"segment_first_lat":33.8742667787,"segment_first_lon":-118.2074496912,"segment_second_lat":33.874265802,"segment_second_lon":-118.208016306,"segment_sequence":760001,"segment_id":38,"segment_len_meter":52.31055807274607,"segment_cum_len":24187.603777841938,"stop_segment_distance":15.885908885935258}
{"route_id":"603","stop_id":"7352","stop_lat":34.060314,"stop_lon":-118.276845,"stop_sequence":43,"segment_first_lat":34.0604026657,"segment_first_lon":-118.276789297,"segment_second_lat":34.0600874624,"segment_second_lon":-118.2760787384,"segment_sequence":430001,"segment_id":22,"segment_len_meter":74.24921385721814,"segment_cum_len":13884.69431981263,"stop_segment_distance":11.812874977139558}
{"route_id":"62","stop_id":"4074","stop_lat":33.935065,"stop_lon":-118.072822,"stop_sequence":48,"segment_first_lat":33.9350653446,"segment_first_lon":-118.072671684,"segment_second_lat":33.9335018212,"segment_second_lon":-118.0726759321,"segment_sequence":480001,"segment_id":24,"segment_len_meter":173.85631150243802,"segment_cum_len":25774.981801953407,"stop_segment_distance":14.350307540777436}
{"route_id":"704","stop_id":"5387","stop_lat":34.090705,"stop_lon":-118.299785,"stop_sequence":24,"segment_first_lat":34.0908301575,"segment_first_lon":-118.3004791031,"segment_second_lat":34.0908354527,"segment_second_lon":-118.2997855288,"segment_sequence":230016,"segment_id":12,"segment_len_meter":63.87125335474643,"segment_cum_len":21843.273041580876,"stop_segment_distance":16.049326831467667}
{"route_id":"733","stop_id":"3708","stop_lat":34.056702,"stop_lon":-118.230819,"stop_sequence":1,"segment_first_lat":34.0567638487,"segment_first_lon":-118.2308038775,"segment_second_lat":34.0567429305,"segment_second_lon":-118.2306780337,"segment_sequence":10001,"segment_id":1,"segment_len_meter":11.824162737065407,"segment_cum_len":11.824162737065407,"stop_segment_distance":8.953489747593832}
{"route_id":"794","stop_id":"6535","stop_lat":34.033195,"stop_lon":-118.264573,"stop_sequence":1,"segment_first_lat":34.0332161677,"segment_first_lon":-118.2646091391,"segment_second_lat":34.0335666324,"segment_second_lon":-118.2643072557,"segment_sequence":10001,"segment_id":1,"segment_len_meter":47.8800583191045,"segment_cum_len":47.8800583191045,"stop_segment_distance":4.232337803217696}
{"route_id":"81","stop_id":"11995","stop_lat":34.129349,"stop_lon":-118.188134,"stop_sequence":18,"segment_first_lat":34.129967002,"segment_first_lon":-118.1882581128,"segment_second_lat":34.1293922862,"segment_second_lon":-118.1879921408,"segment_sequence":170005,"segment_id":9,"segment_len_meter":68.4341547336798,"segment_cum_len":4905.986345896672,"stop_segment_distance":15.143796939008709}
