{"route_id":"105","stop_id":"892","stop_lat":34.005688,"stop_lon":-118.333805,"stop_sequence":29,"segment_first_lat":34.0053882912,"segment_first_lon":-118.3337674738,"segment_second_lat":34.005626349,"segment_second_lon":-118.3339327364,"segment_sequence":280017,"segment_id":14,"segment_len_meter":30.541285650453556,"segment_cum_len":9994.008228094968,"stop_segment_distance":16.588656120887695}
{"route_id":"106","stop_id":"11759","stop_lat":34.060994,"stop_lon":-118.213651,"stop_sequence":34,"segment_first_lat":34.0608892618,"segment_first_lon":-118.2140733226,"segment_second_lat":34.0610959357,"segment_second_lon":-118.2137436871,"segment_sequence":330004,"segment_id":17,"segment_len_meter":38.081443096057534,"segment_cum_len":11772.727650466715,"stop_segment_distance":16.71889718727582}
{"route_id":"111","stop_id":"1993","stop_lat":33.968719,"stop_lon":-118.174239,"stop_sequence":63,"segment_first_lat":33.9689343977,"segment_first_lon":-118.1751724156,"segment_second_lat":33.9688453715,"segment_second_lon":-118.1742207551,"segment_sequence":620004,"segment_id":31,"segment_len_meter":88.31726844523533,"segment_cum_len":22886.65917222538,"stop_segment_distance":15.183308234101887}
{"route_id":"117","stop_id":"7551","stop_lat":33.945381,"stop_lon":-118.381735,"stop_sequence":5,"segment_first_lat":33.9455021197,"segment_first_lon":-118.3834206129,"segment_second_lat":33.945507464,"segment_second_lon":-118.381735817,"segment_sequence":40002,"segment_id":2,"segment_len_meter":155.41323095584096,"segment_cum_len":2796.1905349343588,"stop_segment_distance":14.718885458663664}
{"route_id":"125","stop_id":"17351","stop_lat":33.901792,"stop_lon":-118.291273,"stop_sequence":30,"segment_first_lat":33.901918767,"segment_first_lon":-118.2912734144,"segment_second_lat":33.9019166266,"segment_second_lon":-118.2906802386,"segment_sequence":300001,"segment_id":15,"segment_len_meter":54.74535216926272,"segment_cum_len":12204.18779687932,"stop_segment_distance":15.78506885504796}
{"route_id":"127","stop_id":"141082","stop_lat":33.896653,"stop_lon":-118.134339,"stop_sequence":20,"segment_first_lat":33.8965528617,"segment_first_lon":-118.1343391175,"segment_second_lat":33.8965476975,"segment_second_lon":-118.1347806604,"segment_sequence":200001,"segment_id":10,"segment_len_meter":40.757081481700425,"segment_cum_len":8275.37561349057,"stop_segment_distance":12.789999908897386}
{"route_id":"130","stop_id":"142306","stop_lat":33.872972,"stop_lon":-118.291407,"stop_sequence":49,"segment_first_lat":33.8728768968,"segment_first_lon":-118.290915573,"segment_second_lat":33.8728842211,"segment_second_lon":-118.2914097342,"segment_sequence":480019,"segment_id":24,"segment_len_meter":45.62946596525719,"segment_cum_len":24358.678282651155,"stop_segment_distance":10.720246971623233}
{"route_id":"14","stop_id":"36588","stop_lat":34.076197,"stop_lon":-118.377085,"stop_sequence":74,"segment_first_lat":34.0760691511,"segment_first_lon":-118.3770844157,"segment_second_lat":34.0760688912,"segment_second_lon":-118.3776953309,"segment_sequence":740001,"segment_id":37,"segment_len_meter":56.26660350413805,"segment_cum_len":27047.832905622192,"stop_segment_distance":15.939244463558367}
{"route_id":"152","stop_id":"11326","stop_lat":34.222438,"stop_lon":-118.388123,"stop_sequence":28,"segment_first_lat":34.222341198,"segment_first_lon":-118.3880224163,"segment_second_lat":34.2221267328,"segment_second_lon":-118.3883198038,"segment_sequence":280001,"segment_id":14,"segment_len_meter":36.28115358911,"segment_cum_len":11291.551295440939,"stop_segment_distance":16.9657827486945}
{"route_id":"16","stop_id":"15633","stop_lat":34.07224,"stop_lon":-118.365639,"stop_sequence":49,"segment_first_lat":34.0719924003,"segment_first_lon":-118.3647327358,"segment_second_lat":34.072115724,"segment_second_lon":-118.365660171,"segment_sequence":480004,"segment_id":24,"segment_len_meter":86.51648753624312,"segment_cum_len":13206.819160024748,"stop_segment_distance":15.335262005953837}
{"route_id":"161","stop_id":"20083","stop_lat":34.14339,"stop_lon":-118.701817,"stop_sequence":25,"segment_first_lat":34.1433780956,"segment_first_lon":-118.7015626515,"segment_second_lat":34.1433003324,"segment_second_lon":-118.7017041122,"segment_sequence":240012,"segment_id":12,"segment_len_meter":15.628472307671284,"segment_cum_len":14867.169634606822,"stop_segment_distance":22.21573032172334}
{"route_id":"163","stop_id":"6197","stop_lat":34.20086,"stop_lon":-118.588131,"stop_sequence":13,"segment_first_lat":34.2009859435,"segment_first_lon":-118.5881321842,"segment_second_lat":34.2009949169,"segment_second_lon":-118.5862835097,"segment_sequence":130001,"segment_id":7,"segment_len_meter":170.01828112176293,"segment_cum_len":4185.6441553430195,"stop_segment_distance":14.5540203401616}
{"route_id":"163","stop_id":"6221","stop_lat":34.201083,"stop_lon":-118.435267,"stop_sequence":48,"segment_first_lat":34.2012085288,"segment_first_lon":-118.435267505,"segment_second_lat":34.2012127171,"segment_second_lon":-118.431259193,"segment_sequence":480001,"segment_id":24,"segment_len_meter":368.6280869057027,"segment_cum_len":18470.901440059995,"stop_segment_distance":14.193900880487377}
{"route_id":"166","stop_id":"12516","stop_lat":34.235577,"stop_lon":-118.493472,"stop_sequence":36,"segment_first_lat":34.2357018613,"segment_first_lon":-118.4934698637,"segment_second_lat":34.2356737986,"segment_second_lon":-118.4896218192,"segment_sequence":360001,"segment_id":18,"segment_len_meter":353.7576287916442,"segment_cum_len":15987.49549793481,"stop_segment_distance":14.231842182148398}
{"route_id":"167","stop_id":"18205","stop_lat":34.229775,"stop_lon":-118.436432,"stop_sequence":51,"segment_first_lat":34.2327156871,"segment_first_lon":-118.4384510691,"segment_second_lat":34.2298403532,"segment_second_lon":-118.4363040741,"segment_sequence":500001,"segment_id":25,"segment_len_meter":375.7409644862245,"segment_cum_len":21355.051155241243,"stop_segment_distance":14.084666085918172}
{"route_id":"18","stop_id":"1215","stop_lat":34.042024,"stop_lon":-118.245057,"stop_sequence":30,"segment_first_lat":34.042102692,"segment_first_lon":-118.244984358,"segment_second_lat":34.0416984335,"segment_second_lon":-118.2443296001,"segment_sequence":300001,"segment_id":15,"segment_len_meter":75.23440198658018,"segment_cum_len":7305.7255558264915,"stop_segment_distance":11.95627911042726}
{"route_id":"180","stop_id":"9327","stop_lat":34.139063,"stop_lon":-118.211369,"stop_sequence":50,"segment_first_lat":34.139189398,"segment_first_lon":-118.2113759579,"segment_second_lat":34.1392124794,"segment_second_lon":-118.2105891602,"segment_sequence":500001,"segment_id":25,"segment_len_meter":72.4571638691767,"segment_cum_len":15292.007915032938,"stop_segment_distance":15.283133078003402}
{"route_id":"200","stop_id":"4659","stop_lat":34.056275,"stop_lon":-118.276763,"stop_sequence":25,"segment_first_lat":34.0560072623,"segment_first_lon":-118.2771085316,"segment_second_lat":34.0563350137,"segment_second_lon":-118.2768993141,"segment_sequence":240004,"segment_id":12,"segment_len_meter":41.227052799825195,"segment_cum_len":5737.148352518749,"stop_segment_distance":16.57775914837169}
{"route_id":"201","stop_id":"13824","stop_lat":34.144339,"stop_lon":-118.264211,"stop_sequence":16,"segment_first_lat":34.1450126205,"segment_first_lon":-118.2640945636,"segment_second_lat":34.1443393949,"segment_second_lon":-118.2640924362,"segment_sequence":150004,"segment_id":8,"segment_len_meter":74.85952721684774,"segment_cum_len":3938.7429758186117,"stop_segment_distance":11.71747886191146}
{"route_id":"204","stop_id":"7248","stop_lat":33.924002,"stop_lon":-118.291321,"stop_sequence":1,"segment_first_lat":33.9240210765,"segment_first_lon":-118.291495279,"segment_second_lat":33.9241722149,"segment_second_lon":-118.2914925085,"segment_sequence":10002,"segment_id":1,"segment_len_meter":16.807767294640296,"segment_cum_len":18.092494159834718,"stop_segment_distance":24.08260212180952}
{"route_id":"205","stop_id":"17466","stop_lat":33.862835,"stop_lon":-118.28117,"stop_sequence":83,"segment_first_lat":33.8629474848,"segment_first_lon":-118.2812426673,"segment_second_lat":33.863378108,"segment_second_lon":-118.2802829621,"segment_sequence":840001,"segment_id":42,"segment_len_meter":100.72220439677241,"segment_cum_len":29753.98616795952,"stop_segment_distance":15.231777992172539}
{"route_id":"207","stop_id":"2089","stop_lat":34.105145,"stop_lon":-118.318167,"stop_sequence":63,"segment_first_lat":34.1052690678,"segment_first_lon":-118.3191621464,"segment_second_lat":34.10527169,"segment_second_lon":-118.3181678338,"segment_sequence":620005,"segment_id":31,"segment_len_meter":91.54719667169718,"segment_cum_len":23043.35136166179,"stop_segment_distance":15.196652357847015}
{"route_id":"207","stop_id":"3989","stop_lat":34.093724,"stop_lon":-118.309047,"stop_sequence":57,"segment_first_lat":34.0935972524,"segment_first_lon":-118.3091988843,"segment_second_lat":34.0937209007,"segment_second_lon":-118.3092013232,"segment_sequence":560007,"segment_id":28,"segment_len_meter":13.750897713594007,"segment_cum_len":20365.52601536527,"stop_segment_distance":20.319273225507438}
{"route_id":"207","stop_id":"65300059","stop_lat":34.098522,"stop_lon":-118.309088,"stop_sequence":59,"segment_first_lat":34.0985213475,"segment_first_lon":-118.3092392229,"segment_second_lat":34.0993429445,"segment_second_lon":-118.3092465555,"segment_sequence":590001,"segment_id":30,"segment_len_meter":91.35991297786177,"segment_cum_len":20990.736139002067,"stop_segment_distance":15.009478654264981}
{"route_id":"210","stop_id":"10915","stop_lat":33.872283,"stop_lon":-118.352842,"stop_sequence":85,"segment_first_lat":33.8722832676,"segment_first_lon":-118.3526896572,"segment_second_lat":33.8710604736,"segment_second_lon":-118.3526914314,"segment_sequence":850001,"segment_id":43,"segment_len_meter":135.96858779666454,"segment_cum_len":31124.336041742525,"stop_segment_distance":14.743855188593528}
{"route_id":"210","stop_id":"15533","stop_lat":34.094513,"stop_lon":-118.326784,"stop_sequence":6,"segment_first_lat":34.0952907712,"segment_first_lon":-118.326638395,"segment_second_lat":34.0945131365,"segment_second_lon":-118.3266327152,"segment_sequence":50002,"segment_id":3,"segment_len_meter":86.47061509960255,"segment_cum_len":1385.0819020279039,"stop_segment_distance":14.977331447767043}
{"route_id":"224","stop_id":"11316","stop_lat":34.228416,"stop_lon":-118.387608,"stop_sequence":30,"segment_first_lat":34.2284157018,"segment_first_lon":-118.3877605118,"segment_second_lat":34.2309272275,"segment_second_lon":-118.3877751542,"segment_sequence":300001,"segment_id":15,"segment_len_meter":279.2721603375105,"segment_cum_len":11079.177798306115,"stop_segment_distance":14.407522106305976}
{"route_id":"232","stop_id":"3382","stop_lat":33.780121,"stop_lon":-118.262219,"stop_sequence":25,"segment_first_lat":33.780020758,"segment_first_lon":-118.2617681512,"segment_second_lat":33.7799964414,"segment_second_lon":-118.2622093436,"segment_sequence":240009,"segment_id":12,"segment_len_meter":40.86580134871512,"segment_cum_len":9060.852941892716,"stop_segment_distance":16.146979616850167}
{"route_id":"234","stop_id":"9035","stop_lat":34.302171,"stop_lon":-118.436443,"stop_sequence":18,"segment_first_lat":34.3028581954,"segment_first_lon":-118.4371588386,"segment_second_lat":34.3022430773,"segment_second_lon":-118.4363592684,"segment_sequence":170003,"segment_id":9,"segment_len_meter":100.36136333050173,"segment_cum_len":5974.5427316782625,"stop_segment_distance":11.55549300315829}
{"route_id":"243","stop_id":"16800","stop_lat":34.208528,"stop_lon":-118.571152,"stop_sequence":28,"segment_first_lat":34.209567245,"segment_first_lon":-118.5710164553,"segment_second_lat":34.2085286071,"segment_second_lon":-118.5710007538,"segment_sequence":270005,"segment_id":14,"segment_len_meter":115.50029033641431,"segment_cum_len":13218.024233430382,"stop_segment_distance":14.637187345408108}
{"route_id":"267","stop_id":"3817","stop_lat":34.155025,"stop_lon":-118.155559,"stop_sequence":62,"segment_first_lat":34.155104241,"segment_first_lon":-118.1556280845,"segment_second_lat":34.1555805218,"segment_second_lon":-118.1549282324,"segment_sequence":620002,"segment_id":31,"segment_len_meter":83.37744738503913,"segment_cum_len":20499.468873740723,"stop_segment_distance":12.248337289056522}
{"route_id":"267","stop_id":"6531","stop_lat":34.10878,"stop_lon":-118.061147,"stop_sequence":16,"segment_first_lat":34.1087570229,"segment_first_lon":-118.0612950236,"segment_second_lat":34.1101365825,"segment_second_lon":-118.0615794816,"segment_sequence":160001,"segment_id":8,"segment_len_meter":155.61948853892432,"segment_cum_len":6071.648446201215,"stop_segment_distance":14.257555722934285}
{"route_id":"4","stop_id":"13227","stop_lat":34.0511,"stop_lon":-118.247714,"stop_sequence":9,"segment_first_lat":34.0511799592,"segment_first_lon":-118.2478318593,"segment_second_lat":34.0523938699,"segment_second_lon":-118.2466717458,"segment_sequence":90001,"segment_id":5,"segment_len_meter":172.17151843123034,"segment_cum_len":2872.8330000889355,"stop_segment_distance":14.834144455307609}
{"route_id":"460","stop_id":"15820","stop_lat":34.027429,"stop_lon":-118.27509,"stop_sequence":13,"segment_first_lat":34.0276488942,"segment_first_lon":-118.274859519,"segment_second_lat":34.0273955252,"segment_second_lon":-118.2749870693,"segment_sequence":120020,"segment_id":6,"segment_len_meter":30.527087186241328,"segment_cum_len":4785.589864328676,"stop_segment_distance":12.050828389122952}
{"route_id":"487","stop_id":"6245","stop_lat":34.16141,"stop_lon":-118.075866,"stop_sequence":54,"segment_first_lat":34.1615174284,"segment_first_lon":-118.0780772776,"segment_second_lat":34.1615364224,"segment_second_lon":-118.075865845,"segment_sequence":530001,"segment_id":27,"segment_len_meter":203.48290919303614,"segment_cum_len":30561.591801111124,"stop_segment_distance":14.382838929978789}
{"route_id":"603","stop_id":"17146","stop_lat":34.029236,"stop_lon":-118.270333,"stop_sequence":64,"segment_first_lat":34.029299286,"segment_first_lon":-118.2704694748,"segment_second_lat":34.0299156993,"segment_second_lon":-118.2700714563,"segment_sequence":640001,"segment_id":32,"segment_len_meter":77.73878617619494,"segment_cum_len":19425.278163781946,"stop_segment_distance":16.00178430773113}
{"route_id":"62","stop_id":"2345","stop_lat":34.063887,"stop_lon":-118.251345,"stop_sequence":1,"segment_first_lat":34.0638061833,"segment_first_lon":-118.251535202,"segment_second_lat":34.0637271468,"segment_second_lon":-118.2514860985,"segment_sequence":10001,"segment_id":1,"segment_len_meter":9.88414263972911,"segment_cum_len":9.88414263972911,"stop_segment_distance":31.826509301146427}
{"route_id":"62","stop_id":"3833","stop_lat":33.838547,"stop_lon":-118.082008,"stop_sequence":76,"segment_first_lat":33.8385474998,"segment_first_lon":-118.0818575116,"segment_second_lat":33.8372780202,"segment_second_lon":-118.0818421136,"segment_sequence":760001,"segment_id":38,"segment_len_meter":141.16685486757854,"segment_cum_len":38396.99802672981,"stop_segment_distance":14.665793150678127}
{"route_id":"685","stop_id":"12432","stop_lat":34.157896,"stop_lon":-118.237163,"stop_sequence":5,"segment_first_lat":34.158371391,"segment_first_lon":-118.2369259904,"segment_second_lat":34.1578776974,"segment_second_lon":-118.2370151605,"segment_sequence":40004,"segment_id":2,"segment_len_meter":55.505981530548304,"segment_cum_len":1817.6366148697928,"stop_segment_distance":15.431427378851062}
{"route_id":"70","stop_id":"1459","stop_lat":34.062441,"stop_lon":-118.110668,"stop_sequence":52,"segment_first_lat":34.0625550203,"segment_first_lon":-118.1118338947,"segment_second_lat":34.062566258,"segment_second_lon":-118.1106717127,"segment_sequence":510006,"segment_id":26,"segment_len_meter":107.06380720663942,"segment_cum_len":17818.56522351014,"stop_segment_distance":15.012803952336284}
{"route_id":"704","stop_id":"660","stop_lat":34.058101,"stop_lon":-118.238811,"stop_sequence":33,"segment_first_lat":34.0582225119,"segment_first_lon":-118.238811145,"segment_second_lat":34.058229982,"segment_second_lon":-118.2386464199,"segment_sequence":330001,"segment_id":17,"segment_len_meter":15.197445898370322,"segment_cum_len":29596.789035130532,"stop_segment_distance":19.184252233032293}
{"route_id":"71","stop_id":"5383","stop_lat":34.045008,"stop_lon":-118.256883,"stop_sequence":8,"segment_first_lat":34.0437304298,"segment_first_lon":-118.2582193768,"segment_second_lat":34.04506745,"segment_second_lon":-118.2569747291,"segment_sequence":70002,"segment_id":4,"segment_len_meter":187.75960876441565,"segment_cum_len":1871.45811598201,"stop_segment_distance":10.96390921465175}
{"route_id":"76","stop_id":"12270","stop_lat":34.066139,"stop_lon":-118.211881,"stop_sequence":48,"segment_first_lat":34.0660132308,"segment_first_lon":-118.2118808077,"segment_second_lat":34.0660051573,"segment_second_lon":-118.2128779421,"segment_sequence":480001,"segment_id":24,"segment_len_meter":91.85350326145092,"segment_cum_len":17796.510242388955,"stop_segment_distance":15.160898510718852}
{"route_id":"81","stop_id":"3534","stop_lat":34.084064,"stop_lon":-118.222343,"stop_sequence":41,"segment_first_lat":34.084593969,"segment_first_lon":-118.221425416,"segment_second_lat":34.0839698048,"segment_second_lon":-118.2222404834,"segment_sequence":400001,"segment_id":20,"segment_len_meter":102.23125611669035,"segment_cum_len":11688.801990231583,"stop_segment_distance":14.891745680309867}
{"route_id":"83","stop_id":"12828","stop_lat":34.113267,"stop_lon":-118.189251,"stop_sequence":15,"segment_first_lat":34.1134300698,"segment_first_lon":-118.1884091871,"segment_second_lat":34.1131738175,"segment_second_lon":-118.1892090958,"segment_sequence":140006,"segment_id":7,"segment_len_meter":78.96130565737478,"segment_cum_len":4237.672802663702,"stop_segment_distance":11.686600738565161}
{"route_id":"92","stop_id":"2206","stop_lat":34.120121,"stop_lon":-118.258346,"stop_sequence":37,"segment_first_lat":34.1199112708,"segment_first_lon":-118.2587751697,"segment_second_lat":34.1202051432,"segment_second_lon":-118.2584602187,"segment_sequence":360005,"segment_id":18,"segment_len_meter":43.684828844519814,"segment_cum_len":10935.34805240176,"stop_segment_distance":16.266201800432043}
{"route_id":"94","stop_id":"12351","stop_lat":34.11495,"stop_lon":-118.24612,"stop_sequence":73,"segment_first_lat":34.1156198192,"segment_first_lon":-118.2465972951,"segment_second_lat":34.1150318828,"segment_second_lon":-118.2460045154,"segment_sequence":720007,"segment_id":36,"segment_len_meter":85.15839162813873,"segment_cum_len":29958.690665469036,"stop_segment_distance":15.314649094916163}
{"route_id":"96","stop_id":"18090","stop_lat":34.095608,"stop_lon":-118.244864,"stop_sequence":32,"segment_first_lat":34.0956991091,"segment_first_lon":-118.2448371688,"segment_second_lat":34.0956687271,"segment_second_lon":-118.2446425325,"segment_sequence":320001,"segment_id":16,"segment_len_meter":18.237892664541633,"segment_cum_len":15611.388240267732,"stop_segment_distance":13.671690729312395}
{"route_id":"96","stop_id":"6614","stop_lat":34.178794,"stop_lon":-118.308628,"stop_sequence":3,"segment_first_lat":34.1782049396,"segment_first_lon":-118.3079580824,"segment_second_lat":34.178741673,"segment_second_lon":-118.3086844716,"segment_sequence":20002,"segment_id":1,"segment_len_meter":89.5934808899328,"segment_cum_len":941.5201519860747,"stop_segment_distance":8.140459730428049}
