{"route_id":"102","stop_id":"2782","stop_lat":33.966004,"stop_lon":-118.384329,"stop_sequence":10,"segment_first_lat":33.9660902793,"segment_first_lon":-118.3844366344,"segment_second_lat":33.9683902116,"segment_second_lon":-118.3818510019,"segment_sequence":100001,"segment_id":5,"segment_len_meter":349.65801189275965,"segment_cum_len":3647.765760909878,"stop_segment_distance":14.324846080252428}
{"route_id":"105","stop_id":"2505","stop_lat":34.003796,"stop_lon":-118.331376,"stop_sequence":28,"segment_first_lat":34.0036683112,"segment_first_lon":-118.3307053817,"segment_second_lat":34.0036664705,"segment_second_lon":-118.3313764702,"segment_sequence":270003,"segment_id":14,"segment_len_meter":61.86180795905693,"segment_cum_len":9651.635905200099,"stop_segment_distance":15.968939449547435}
{"route_id":"117","stop_id":"25400009","stop_lat":33.943351,"stop_lon":-118.236644,"stop_sequence":43,"segment_first_lat":33.9433512325,"segment_first_lon":-118.2367290228,"segment_second_lat":33.9439420212,"segment_second_lon":-118.2367283843,"segment_sequence":430001,"segment_id":22,"segment_len_meter":65.69273256309425,"segment_cum_len":16473.16244804605,"stop_segment_distance":8.3282922113777}
{"route_id":"120","stop_id":"25400211","stop_lat":33.931053,"stop_lon":-118.374962,"stop_sequence":106,"segment_first_lat":33.9309291977,"segment_first_lon":-118.3723468103,"segment_second_lat":33.9309235706,"segment_second_lon":-118.3749609332,"segment_sequence":1050003,"segment_id":53,"segment_len_meter":241.17891780112907,"segment_cum_len":45194.14513806745,"stop_segment_distance":14.882057354662294}
{"route_id":"128","stop_id":"17248","stop_lat":33.888868,"stop_lon":-118.198016,"stop_sequence":37,"segment_first_lat":33.8887457113,"segment_first_lon":-118.1972681772,"segment_second_lat":33.8887422866,"segment_second_lon":-118.1980161011,"segment_sequence":360006,"segment_id":18,"segment_len_meter":69.03841801995378,"segment_cum_len":17898.53163981344,"stop_segment_distance":15.294844484920276}
{"route_id":"154","stop_id":"754","stop_lat":34.17237,"stop_lon":-118.518374,"stop_sequence":62,"segment_first_lat":34.1722741813,"segment_first_lon":-118.5183671657,"segment_second_lat":34.1722644062,"segment_second_lon":-118.5185320781,"segment_sequence":620001,"segment_id":31,"segment_len_meter":15.210398866527742,"segment_cum_len":26414.996160616407,"stop_segment_distance":14.153723692906217}
{"route_id":"158","stop_id":"9556","stop_lat":34.257676,"stop_lon":-118.506536,"stop_sequence":53,"segment_first_lat":34.2575260679,"segment_first_lon":-118.5023358428,"segment_second_lat":34.2575508713,"segment_second_lon":-118.5065389929,"segment_sequence":520002,"segment_id":26,"segment_len_meter":386.29763138866144,"segment_cum_len":21144.422849395396,"stop_segment_distance":13.991055218503107}
{"route_id":"166","stop_id":"4047","stop_lat":34.235368,"stop_lon":-118.548847,"stop_sequence":23,"segment_first_lat":34.2354959661,"segment_first_lon":-118.5491784832,"segment_second_lat":34.2354938948,"segment_second_lon":-118.5488476113,"segment_sequence":220005,"segment_id":11,"segment_len_meter":30.417405182289926,"segment_cum_len":10540.031466441018,"stop_segment_distance":17.212779362874713}
{"route_id":"167","stop_id":"18197","stop_lat":34.242643,"stop_lon":-118.464499,"stop_sequence":42,"segment_first_lat":34.2427775798,"segment_first_lon":-118.4653367517,"segment_second_lat":34.2427692671,"segment_second_lon":-118.4644962557,"segment_sequence":410002,"segment_id":21,"segment_len_meter":77.2643240824904,"segment_cum_len":17941.740454171944,"stop_segment_distance":15.225348690174982}
{"route_id":"167","stop_id":"18224","stop_lat":34.150101,"stop_lon":-118.405327,"stop_sequence":92,"segment_first_lat":34.1501012939,"segment_first_lon":-118.4052084049,"segment_second_lat":34.1485652474,"segment_second_lon":-118.405200957,"segment_sequence":920001,"segment_id":46,"segment_len_meter":170.8019529882295,"segment_cum_len":37045.918716313165,"stop_segment_distance":11.272748723786378}
{"route_id":"169","stop_id":"24021","stop_lat":34.211948,"stop_lon":-118.37016,"stop_sequence":123,"segment_first_lat":34.2102600708,"segment_first_lon":-118.3703178174,"segment_second_lat":34.2119472896,"segment_second_lon":-118.3703130614,"segment_sequence":1220003,"segment_id":61,"segment_len_meter":187.61068043844296,"segment_cum_len":48926.96894215552,"stop_segment_distance":14.713533766074676}
{"route_id":"20","stop_id":"15694","stop_lat":34.049104,"stop_lon":-118.252096,"stop_sequence":4,"segment_first_lat":34.0490232436,"segment_first_lon":-118.2521701408,"segment_second_lat":34.0494655554,"segment_second_lon":-118.2528726462,"segment_sequence":40001,"segment_id":2,"segment_len_meter":81.2894997444294,"segment_cum_len":1179.2403935322143,"stop_segment_distance":12.067170255124452}
{"route_id":"20","stop_id":"16758","stop_lat":34.061945,"stop_lon":-118.288915,"stop_sequence":16,"segment_first_lat":34.0618200239,"segment_first_lon":-118.288412921,"segment_second_lat":34.0618188244,"segment_second_lon":-118.288914772,"segment_sequence":150006,"segment_id":8,"segment_len_meter":46.22951703345006,"segment_cum_len":5041.924458981721,"stop_segment_distance":16.093525801867735}
{"route_id":"201","stop_id":"19090","stop_lat":34.097114,"stop_lon":-118.266612,"stop_sequence":39,"segment_first_lat":34.0979031588,"segment_first_lon":-118.2665321083,"segment_second_lat":34.0971145307,"segment_second_lon":-118.2665266219,"segment_sequence":380004,"segment_id":19,"segment_len_meter":87.69289886581,"segment_cum_len":10808.928111309766,"stop_segment_distance":8.227138481611775}
{"route_id":"205","stop_id":"17555","stop_lat":33.732549,"stop_lon":-118.303206,"stop_sequence":6,"segment_first_lat":33.7324754907,"segment_first_lon":-118.3028310379,"segment_second_lat":33.7324764699,"segment_second_lon":-118.3032059569,"segment_sequence":50004,"segment_id":3,"segment_len_meter":34.6704653347145,"segment_cum_len":972.321323282966,"stop_segment_distance":9.01917878708899}
{"route_id":"207","stop_id":"5720","stop_lat":34.050701,"stop_lon":-118.308889,"stop_sequence":40,"segment_first_lat":34.0499284048,"segment_first_lon":-118.3090441072,"segment_second_lat":34.0507005643,"segment_second_lon":-118.3090413472,"segment_sequence":390007,"segment_id":20,"segment_len_meter":85.86059548980018,"segment_cum_len":15581.748339890508,"stop_segment_distance":15.264252425639611}
{"route_id":"207","stop_id":"8254","stop_lat":34.010668,"stop_lon":-118.308751,"stop_sequence":28,"segment_first_lat":34.0099335048,"segment_first_lon":-118.308906348,"segment_second_lat":34.010667192,"segment_second_lon":-118.308903776,"segment_sequence":270006,"segment_id":14,"segment_len_meter":81.58263883523134,"segment_cum_len":11130.147777262435,"stop_segment_distance":15.417360840403632}
{"route_id":"224","stop_id":"5824","stop_lat":34.307099,"stop_lon":-118.469216,"stop_sequence":57,"segment_first_lat":34.3057639973,"segment_first_lon":-118.4677146873,"segment_second_lat":34.3070047847,"segment_second_lon":-118.4693197293,"segment_sequence":560005,"segment_id":28,"segment_len_meter":201.9146926137476,"segment_cum_len":22478.277332911417,"stop_segment_distance":14.858082786306312}
{"route_id":"234","stop_id":"9037","stop_lat":34.304575,"stop_lon":-118.439569,"stop_sequence":16,"segment_first_lat":34.3046460726,"segment_first_lon":-118.4394857929,"segment_second_lat":34.3041764762,"segment_second_lon":-118.4388743726,"segment_sequence":160001,"segment_id":8,"segment_len_meter":76.6852640406069,"segment_cum_len":5658.963643949897,"stop_segment_distance":11.991639556467206}
{"route_id":"246","stop_id":"5413","stop_lat":33.735857,"stop_lon":-118.287764,"stop_sequence":18,"segment_first_lat":33.7355951246,"segment_first_lon":-118.2879174688,"segment_second_lat":33.7358561671,"segment_second_lon":-118.2879163904,"segment_sequence":170005,"segment_id":9,"segment_len_meter":29.026772931590656,"segment_cum_len":3821.6892226112245,"stop_segment_distance":17.458398133184893}
{"route_id":"268","stop_id":"3795","stop_lat":34.16153,"stop_lon":-118.068121,"stop_sequence":41,"segment_first_lat":34.1615301089,"segment_first_lon":-118.0680024647,"segment_second_lat":34.1604364628,"segment_second_lon":-118.0679909969,"segment_sequence":410001,"segment_id":21,"segment_len_meter":121.61247535629334,"segment_cum_len":16582.77476345488,"stop_segment_distance":11.47656780715684}
{"route_id":"268","stop_id":"4084","stop_lat":34.194751,"stop_lon":-118.177607,"stop_sequence":89,"segment_first_lat":34.1946104235,"segment_first_lon":-118.177573654,"segment_second_lat":34.1948084397,"segment_second_lon":-118.1774583326,"segment_sequence":870002,"segment_id":44,"segment_len_meter":24.439855345902163,"segment_cum_len":33363.67605083754,"stop_segment_distance":6.581113292496628}
{"route_id":"30","stop_id":"7898","stop_lat":34.047222,"stop_lon":-118.321479,"stop_sequence":6,"segment_first_lat":34.047439437,"segment_first_lon":-118.3224737475,"segment_second_lat":34.0473476071,"segment_second_lon":-118.3214622634,"segment_sequence":50005,"segment_id":3,"segment_len_meter":93.74911935460699,"segment_cum_len":1794.2803075775046,"stop_segment_distance":15.087590240905925}
{"route_id":"35","stop_id":"16457","stop_lat":34.034181,"stop_lon":-118.271244,"stop_sequence":45,"segment_first_lat":34.0338380068,"segment_first_lon":-118.27080694,"segment_second_lat":34.0340657622,"segment_second_lon":-118.2713156366,"segment_sequence":440004,"segment_id":22,"segment_len_meter":53.27911844004602,"segment_cum_len":14851.250424252581,"stop_segment_distance":16.602200216406146}
{"route_id":"40","stop_id":"25400138","stop_lat":34.003223,"stop_lon":-118.331776,"stop_sequence":40,"segment_first_lat":34.0036347157,"segment_first_lon":-118.3319326213,"segment_second_lat":34.0032999946,"segment_second_lon":-118.3316439186,"segment_sequence":390014,"segment_id":20,"segment_len_meter":45.755023625474564,"segment_cum_len":15389.09040267983,"stop_segment_distance":17.132425097549515}
{"route_id":"40","stop_id":"9447","stop_lat":33.977873,"stop_lon":-118.331022,"stop_sequence":50,"segment_first_lat":33.978148435,"segment_first_lon":-118.3308684692,"segment_second_lat":33.9778736462,"segment_second_lon":-118.3308693625,"segment_sequence":490004,"segment_id":25,"segment_len_meter":30.55523148417683,"segment_cum_len":18231.168017490658,"stop_segment_distance":17.26007370612041}
{"route_id":"460","stop_id":"25007","stop_lat":33.867323,"stop_lon":-117.998299,"stop_sequence":53,"segment_first_lat":33.8675950021,"segment_first_lon":-117.9981344883,"segment_second_lat":33.86732022,"segment_second_lon":-117.9981437177,"segment_sequence":530004,"segment_id":27,"segment_len_meter":30.566255807145858,"segment_cum_len":49062.141241864185,"stop_segment_distance":17.619059675071462}
{"route_id":"487","stop_id":"5871","stop_lat":34.121816,"stop_lon":-118.091131,"stop_sequence":27,"segment_first_lat":34.1218448753,"segment_first_lon":-118.0912808209,"segment_second_lat":34.1219097359,"segment_second_lon":-118.091266354,"segment_sequence":270001,"segment_id":14,"segment_len_meter":7.334087974391366,"segment_cum_len":21519.266070239955,"stop_segment_distance":23.070510470681118}
{"route_id":"51","stop_id":"281","stop_lat":33.982196,"stop_lon":-118.265323,"stop_sequence":48,"segment_first_lat":33.9824929552,"segment_first_lon":-118.2651685941,"segment_second_lat":33.9821961885,"segment_second_lon":-118.2651676543,"segment_sequence":470004,"segment_id":24,"segment_len_meter":32.99906521034808,"segment_cum_len":12543.616431495715,"stop_segment_distance":17.282794632918446}
{"route_id":"602","stop_id":"8068","stop_lat":34.060075,"stop_lon":-118.476028,"stop_sequence":37,"segment_first_lat":34.0598751811,"segment_first_lon":-118.4765023769,"segment_second_lat":34.0601623618,"segment_second_lon":-118.4761474359,"segment_sequence":360012,"segment_id":18,"segment_len_meter":45.70354309440184,"segment_cum_len":11531.442835309866,"stop_segment_distance":17.997208955418998}
{"route_id":"611","stop_id":"8355","stop_lat":33.957648,"stop_lon":-118.17968,"stop_sequence":3,"segment_first_lat":33.9576391852,"segment_first_lon":-118.1795902813,"segment_second_lat":33.9565788225,"segment_second_lon":-118.1797532137,"segment_sequence":780001,"segment_id":39,"segment_len_meter":118.86073453431064,"segment_cum_len":23480.769878677755,"stop_segment_distance":8.550660949123596}
{"route_id":"611","stop_id":"9731","stop_lat":33.992796,"stop_lon":-118.247598,"stop_sequence":35,"segment_first_lat":33.9925541678,"segment_first_lon":-118.247749045,"segment_second_lat":33.992795978,"segment_second_lon":-118.2477497605,"segment_sequence":340009,"segment_id":17,"segment_len_meter":26.88814836409651,"segment_cum_len":10501.985669171901,"stop_segment_distance":17.38525629771918}
{"route_id":"62","stop_id":"4381","stop_lat":33.845851,"stop_lon":-118.082084,"stop_sequence":74,"segment_first_lat":33.8458511412,"segment_first_lon":-118.0819337963,"segment_second_lat":33.8442711597,"segment_second_lon":-118.0819147994,"segment_sequence":740001,"segment_id":37,"segment_len_meter":175.69468662192872,"segment_cum_len":37619.36652506817,"stop_segment_distance":14.54073241277274}
{"route_id":"90","stop_id":"2460","stop_lat":34.034893,"stop_lon":-118.264529,"stop_sequence":98,"segment_first_lat":34.0354056797,"segment_first_lon":-118.2639763995,"segment_second_lat":34.0348399993,"segment_second_lon":-118.2644304296,"segment_sequence":970003,"segment_id":49,"segment_len_meter":75.54384878684945,"segment_cum_len":34147.67957235799,"stop_segment_distance":11.721194824004144}
{"route_id":"901","stop_id":"15415","stop_lat":34.180445,"stop_lon":-118.536804,"stop_sequence":9,"segment_first_lat":34.1804016133,"segment_first_lon":-118.5316726112,"segment_second_lat":34.1803869157,"segment_second_lon":-118.5368040467,"segment_sequence":80045,"segment_id":4,"segment_len_meter":472.03611566156144,"segment_cum_len":15862.637894357294,"stop_segment_distance":6.47604659124903}
{"route_id":"94","stop_id":"1330","stop_lat":34.125099,"stop_lon":-118.256488,"stop_sequence":69,"segment_first_lat":34.1251815973,"segment_first_lon":-118.2563728263,"segment_second_lat":34.124608273,"segment_second_lon":-118.2557796241,"segment_sequence":690001,"segment_id":35,"segment_len_meter":83.93878779600566,"segment_cum_len":28564.374794713676,"stop_segment_distance":15.112700595075609}
