{"route_id":"110","stop_id":"7655","stop_lat":33.982295,"stop_lon":-118.278652,"stop_sequence":40,"segment_first_lat":33.9823904886,"segment_first_lon":-118.2801139773,"segment_second_lat":33.9823982686,"segment_second_lon":-118.2786527474,"segment_sequence":390006,"segment_id":20,"segment_len_meter":134.73383485018644,"segment_cum_len":14644.24290641255,"stop_segment_distance":11.966892376594814}
{"route_id":"110","stop_id":"7659","stop_lat":33.982251,"stop_lon":-118.300439,"stop_sequence":35,"segment_first_lat":33.9823559727,"segment_first_lon":-118.3023823419,"segment_second_lat":33.9823534067,"segment_second_lon":-118.3004394889,"segment_sequence":340003,"segment_id":17,"segment_len_meter":179.1388840031904,"segment_cum_len":12619.258912542795,"stop_segment_distance":11.81193545197192}
{"route_id":"130","stop_id":"144","stop_lat":33.872521,"stop_lon":-118.395476,"stop_sequence":72,"segment_first_lat":33.8728235516,"segment_first_lon":-118.3955108597,"segment_second_lat":33.8725864104,"segment_second_lon":-118.3953440409,"segment_sequence":710007,"segment_id":36,"segment_len_meter":30.53710099984158,"segment_cum_len":34001.43607393532,"stop_segment_distance":17.44750921128112}
{"route_id":"161","stop_id":"11345","stop_lat":34.145338,"stop_lon":-118.698201,"stop_sequence":23,"segment_first_lat":34.1453335565,"segment_first_lon":-118.6980446528,"segment_second_lat":34.1451543158,"segment_second_lon":-118.6980576978,"segment_sequence":230001,"segment_id":12,"segment_len_meter":19.966778532811045,"segment_cum_len":14381.354969007927,"stop_segment_distance":18.742058628229803}
{"route_id":"164","stop_id":"7140","stop_lat":34.186667,"stop_lon":-118.639509,"stop_sequence":82,"segment_first_lat":34.186540706,"segment_first_lon":-118.6395147827,"segment_second_lat":34.1866357905,"segment_second_lon":-118.6427795202,"segment_sequence":820001,"segment_id":41,"segment_len_meter":300.48247302690476,"segment_cum_len":32800.67187870252,"stop_segment_distance":14.41894639710199}
{"route_id":"169","stop_id":"6094","stop_lat":34.208187,"stop_lon":-118.583784,"stop_sequence":57,"segment_first_lat":34.2083126138,"segment_first_lon":-118.5837847918,"segment_second_lat":34.208313629,"segment_second_lon":-118.5832324444,"segment_sequence":570001,"segment_id":29,"segment_len_meter":50.79293984190737,"segment_cum_len":23374.753984294104,"stop_segment_distance":15.813094598531777}
{"route_id":"176","stop_id":"10095","stop_lat":34.100973,"stop_lon":-118.114888,"stop_sequence":63,"segment_first_lat":34.1009703545,"segment_first_lon":-118.114583998,"segment_second_lat":34.1008615959,"segment_second_lon":-118.1148134219,"segment_sequence":620007,"segment_id":31,"segment_len_meter":24.34098552975474,"segment_cum_len":25034.64752057422,"stop_segment_distance":17.81505757001326}
{"route_id":"176","stop_id":"11745","stop_lat":34.115894,"stop_lon":-118.150048,"stop_sequence":81,"segment_first_lat":34.1158034993,"segment_first_lon":-118.1500808584,"segment_second_lat":34.1158220949,"segment_second_lon":-118.150153245,"segment_sequence":810001,"segment_id":41,"segment_len_meter":6.977261206743593,"segment_cum_len":29784.909234591087,"stop_segment_distance":16.092575382914667}
{"route_id":"183","stop_id":"3079","stop_lat":34.164777,"stop_lon":-118.413412,"stop_sequence":16,"segment_first_lat":34.1649038983,"segment_first_lon":-118.4134123764,"segment_second_lat":34.1649086032,"segment_second_lon":-118.4120338952,"segment_sequence":160001,"segment_id":8,"segment_len_meter":126.82883232214841,"segment_cum_len":6155.478720204889,"stop_segment_distance":14.916537205384586}
{"route_id":"205","stop_id":"17436","stop_lat":33.794581,"stop_lon":-118.290664,"stop_sequence":60,"segment_first_lat":33.7932864432,"segment_first_lon":-118.2908173976,"segment_second_lat":33.7945806653,"segment_second_lon":-118.2908159585,"segment_sequence":600006,"segment_id":30,"segment_len_meter":143.91099291472045,"segment_cum_len":19326.593863383834,"stop_segment_distance":14.775506831727967}
{"route_id":"212","stop_id":"12864","stop_lat":33.956505,"stop_lon":-118.344089,"stop_sequence":61,"segment_first_lat":33.9565054556,"segment_first_lon":-118.3439341941,"segment_second_lat":33.9553596039,"segment_second_lon":-118.3439321271,"segment_sequence":610001,"segment_id":31,"segment_len_meter":127.41303835566787,"segment_cum_len":20118.934970826584,"stop_segment_distance":15.046554136036846}
{"route_id":"230","stop_id":"2917","stop_lat":34.208616,"stop_lon":-118.396655,"stop_sequence":32,"segment_first_lat":34.2103007425,"segment_first_lon":-118.396503945,"segment_second_lat":34.2086162911,"segment_second_lon":-118.3965019007,"segment_sequence":310003,"segment_id":16,"segment_len_meter":187.30254419700938,"segment_cum_len":12226.548773573111,"stop_segment_distance":14.625254471569662}
{"route_id":"230","stop_id":"7139","stop_lat":34.186418,"stop_lon":-118.396629,"stop_sequence":38,"segment_first_lat":34.1864188926,"segment_first_lon":-118.3964788708,"segment_second_lat":34.1859242657,"segment_second_lon":-118.3964808217,"segment_sequence":380001,"segment_id":19,"segment_len_meter":55.000294603362526,"segment_cum_len":14749.816165019804,"stop_segment_distance":15.376574014220786}
{"route_id":"233","stop_id":"6800","stop_lat":34.243929,"stop_lon":-118.450069,"stop_sequence":33,"segment_first_lat":34.2439284145,"segment_first_lon":-118.4502208232,"segment_second_lat":34.2449616133,"segment_second_lon":-118.4502237487,"segment_sequence":330001,"segment_id":17,"segment_len_meter":114.88677948365013,"segment_cum_len":10549.414238284968,"stop_segment_distance":14.767913963612457}
{"route_id":"234","stop_id":"23402","stop_lat":34.18074,"stop_lon":-118.466324,"stop_sequence":59,"segment_first_lat":34.1824414544,"segment_first_lon":-118.4661744447,"segment_second_lat":34.1807405292,"segment_second_lon":-118.4661679285,"segment_sequence":580002,"segment_id":29,"segment_len_meter":189.13520266473566,"segment_cum_len":22118.204344079673,"stop_segment_distance":14.914263827910958}
{"route_id":"236","stop_id":"20454","stop_lat":34.307653,"stop_lon":-118.449973,"stop_sequence":48,"segment_first_lat":34.3092974235,"segment_first_lon":-118.4518856833,"segment_second_lat":34.30774742,"segment_second_lon":-118.4498698955,"segment_sequence":470003,"segment_id":24,"segment_len_meter":252.95241504861286,"segment_cum_len":23561.707892541635,"stop_segment_distance":14.75563159841829}
{"route_id":"265","stop_id":"4265","stop_lat":33.899281,"stop_lon":-118.159971,"stop_sequence":21,"segment_first_lat":33.8992810205,"segment_first_lon":-118.1601207071,"segment_second_lat":33.8999130098,"segment_second_lon":-118.1601301526,"segment_sequence":210001,"segment_id":11,"segment_len_meter":70.27941079464331,"segment_cum_len":7427.868100218319,"stop_segment_distance":15.332603294559235}
{"route_id":"344","stop_id":"13000013","stop_lat":33.872734,"stop_lon":-118.326154,"stop_sequence":37,"segment_first_lat":33.8728616894,"segment_first_lon":-118.3261540001,"segment_second_lat":33.8728658658,"segment_second_lon":-118.3253205733,"segment_sequence":370001,"segment_id":19,"segment_len_meter":76.9454619443833,"segment_cum_len":21827.56223067494,"stop_segment_distance":15.581706299510685}
{"route_id":"344","stop_id":"148","stop_lat":33.872712,"stop_lon":-118.344048,"stop_sequence":35,"segment_first_lat":33.8728323477,"segment_first_lon":-118.3480375312,"segment_second_lat":33.8728416052,"segment_second_lon":-118.3440482417,"segment_sequence":340001,"segment_id":17,"segment_len_meter":368.3028048385356,"segment_cum_len":20098.541280918318,"stop_segment_distance":14.675633609402325}
{"route_id":"344","stop_id":"2420","stop_lat":33.749037,"stop_lon":-118.40521,"stop_sequence":3,"segment_first_lat":33.749279045,"segment_first_lon":-118.4052806735,"segment_second_lat":33.7491524373,"segment_second_lon":-118.4050978298,"segment_sequence":20013,"segment_id":1,"segment_len_meter":21.999388171824222,"segment_cum_len":341.5565473225272,"stop_segment_distance":22.19867718422733}
{"route_id":"35","stop_id":"16463","stop_lat":34.040579,"stop_lon":-118.347768,"stop_sequence":71,"segment_first_lat":34.0404576777,"segment_first_lon":-118.3478042264,"segment_second_lat":34.040547613,"segment_second_lon":-118.3482531851,"segment_sequence":710001,"segment_id":36,"segment_len_meter":42.559014168945104,"segment_cum_len":22118.962988419404,"stop_segment_distance":16.179560986024512}
{"route_id":"35","stop_id":"7740","stop_lat":34.025472,"stop_lon":-118.324934,"stop_sequence":19,"segment_first_lat":34.0256009738,"segment_first_lon":-118.3259604761,"segment_second_lat":34.0255990694,"segment_second_lon":-118.3249340899,"segment_sequence":180004,"segment_id":9,"segment_len_meter":94.58889037658533,"segment_cum_len":6036.712618527439,"stop_segment_distance":15.218508281263212}
{"route_id":"4","stop_id":"14405","stop_lat":34.091001,"stop_lon":-118.289121,"stop_sequence":34,"segment_first_lat":34.0908727727,"segment_first_lon":-118.2886353222,"segment_second_lat":34.0908757336,"segment_second_lon":-118.2891208478,"segment_sequence":330004,"segment_id":17,"segment_len_meter":44.71134017916801,"segment_cum_len":10371.125067381858,"stop_segment_distance":16.159566320512525}
{"route_id":"45","stop_id":"13244","stop_lat":33.993509,"stop_lon":-118.278455,"stop_sequence":39,"segment_first_lat":33.9942269611,"segment_first_lon":-118.2783061318,"segment_second_lat":33.9935097747,"segment_second_lon":-118.2783037478,"segment_sequence":380006,"segment_id":19,"segment_len_meter":79.74779200065726,"segment_cum_len":12623.663799025153,"stop_segment_distance":15.201424332987173}
{"route_id":"460","stop_id":"4596","stop_lat":33.902114,"stop_lon":-118.076063,"stop_sequence":28,"segment_first_lat":33.9022395232,"segment_first_lon":-118.0760661332,"segment_second_lat":33.9022490648,"segment_second_lon":-118.0753114999,"segment_sequence":290001,"segment_id":15,"segment_len_meter":69.65373593573274,"segment_cum_len":37875.30006413225,"stop_segment_distance":15.270776820612696}
{"route_id":"51","stop_id":"7386","stop_lat":34.058875,"stop_lon":-118.282285,"stop_sequence":7,"segment_first_lat":34.0590148906,"segment_first_lon":-118.2824109056,"segment_second_lat":34.0589383451,"segment_second_lon":-118.2822419373,"segment_sequence":60005,"segment_id":3,"segment_len_meter":17.74061313385394,"segment_cum_len":1679.7095439526465,"stop_segment_distance":9.74660318848722}
{"route_id":"605","stop_id":"11654","stop_lat":34.056736,"stop_lon":-118.207312,"stop_sequence":21,"segment_first_lat":34.0566225056,"segment_first_lon":-118.2073832071,"segment_second_lat":34.0569482219,"segment_second_lon":-118.2081271776,"segment_sequence":210001,"segment_id":11,"segment_len_meter":77.51803689691609,"segment_cum_len":6183.0240428908555,"stop_segment_distance":15.422063661700506}
{"route_id":"611","stop_id":"14656","stop_lat":33.986548,"stop_lon":-118.180771,"stop_sequence":64,"segment_first_lat":33.9866745511,"segment_first_lon":-118.1807503673,"segment_second_lat":33.9864931626,"segment_second_lon":-118.1789267843,"segment_sequence":640001,"segment_id":32,"segment_len_meter":169.33858730718418,"segment_cum_len":19636.030674705613,"stop_segment_distance":15.006130251281547}
{"route_id":"611","stop_id":"16654","stop_lat":33.967119,"stop_lon":-118.178269,"stop_sequence":74,"segment_first_lat":33.9680976742,"segment_first_lon":-118.1779904342,"segment_second_lat":33.9671040893,"segment_second_lon":-118.1781509108,"segment_sequence":730002,"segment_id":37,"segment_len_meter":111.46837428690148,"segment_cum_len":22301.115658149636,"stop_segment_distance":11.362012251256473}
{"route_id":"62","stop_id":"9759","stop_lat":34.036525,"stop_lon":-118.241014,"stop_sequence":12,"segment_first_lat":34.0366222921,"segment_first_lon":-118.2409144182,"segment_second_lat":34.0363778735,"segment_second_lon":-118.2405678043,"segment_sequence":120001,"segment_id":6,"segment_len_meter":41.93728283792741,"segment_cum_len":4440.714065220653,"stop_segment_distance":16.498527369817296}
{"route_id":"90","stop_id":"9162","stop_lat":34.177388,"stop_lon":-118.229128,"stop_sequence":50,"segment_first_lat":34.1782593366,"segment_first_lon":-118.2289864971,"segment_second_lat":34.1773882777,"segment_second_lon":-118.2289768358,"segment_sequence":490001,"segment_id":25,"segment_len_meter":96.86140798421464,"segment_cum_len":15345.661163477895,"stop_segment_distance":14.803222535122572}
{"route_id":"92","stop_id":"7677","stop_lat":34.159669,"stop_lon":-118.255391,"stop_sequence":54,"segment_first_lat":34.1595994658,"segment_first_lon":-118.2553942092,"segment_second_lat":34.1596106969,"segment_second_lon":-118.2558008249,"segment_sequence":540001,"segment_id":27,"segment_len_meter":37.43403791293547,"segment_cum_len":15494.64530186471,"stop_segment_distance":8.565151970508545}
{"route_id":"92","stop_id":"8095","stop_lat":34.058448,"stop_lon":-118.246584,"stop_sequence":9,"segment_first_lat":34.0583583535,"segment_first_lon":-118.2466919734,"segment_second_lat":34.0589405982,"segment_second_lon":-118.2473777737,"segment_sequence":90001,"segment_id":5,"segment_len_meter":90.45939476339953,"segment_cum_len":2935.2519786267453,"stop_segment_distance":14.985834817403898}
