{"route_id":"102","stop_id":"667","stop_lat":33.99945,"stop_lon":-118.25223,"stop_sequence":68,"segment_first_lat":33.9997582583,"segment_first_lon":-118.2521154467,"segment_second_lat":33.9994505094,"segment_second_lon":-118.252109901,"segment_sequence":670012,"segment_id":34,"segment_len_meter":34.223934918912995,"segment_cum_len":22038.93654562586,"stop_segment_distance":12.714171232959579}
{"route_id":"108","stop_id":"7985","stop_lat":33.989013,"stop_lon":-118.300421,"stop_sequence":34,"segment_first_lat":33.9891487509,"segment_first_lon":-118.3023573915,"segment_second_lat":33.9891436951,"segment_second_lon":-118.3004209695,"segment_sequence":330003,"segment_id":17,"segment_len_meter":178.53231154030695,"segment_cum_len":11669.654882915745,"stop_segment_distance":15.166077885839172}
{"route_id":"14","stop_id":"100","stop_lat":34.076707,"stop_lon":-118.379313,"stop_sequence":75,"segment_first_lat":34.076403122,"segment_first_lon":-118.378895562,"segment_second_lat":34.0765947822,"segment_second_lon":-118.3793785618,"segment_sequence":740007,"segment_id":37,"segment_len_meter":49.32655648081085,"segment_cum_len":27214.957057836324,"stop_segment_distance":15.720630448820089}
{"route_id":"14","stop_id":"140913","stop_lat":34.077317,"stop_lon":-118.38956,"stop_sequence":78,"segment_first_lat":34.0771989658,"segment_first_lon":-118.3887367067,"segment_second_lat":34.0771916455,"segment_second_lon":-118.3895589445,"segment_sequence":770004,"segment_id":39,"segment_len_meter":75.7332268119412,"segment_cum_len":28164.76676554572,"stop_segment_distance":15.159415631913319}
{"route_id":"14","stop_id":"7459","stop_lat":34.026456,"stop_lon":-118.272473,"stop_sequence":31,"segment_first_lat":34.0267821548,"segment_first_lon":-118.2729491021,"segment_second_lat":34.0265437427,"segment_second_lon":-118.2724169786,"segment_sequence":300009,"segment_id":15,"segment_len_meter":55.74535450529347,"segment_cum_len":10217.581805502869,"stop_segment_distance":12.216970335651176}
{"route_id":"155","stop_id":"15840","stop_lat":34.15854,"stop_lon":-118.328092,"stop_sequence":44,"segment_first_lat":34.1584929665,"segment_first_lon":-118.3282344299,"segment_second_lat":34.1602605518,"segment_second_lon":-118.3290905749,"segment_sequence":440001,"segment_id":22,"segment_len_meter":211.74526526833438,"segment_cum_len":16913.105034285858,"stop_segment_distance":14.60087109218341}
{"route_id":"158","stop_id":"9592","stop_lat":34.257332,"stop_lon":-118.454093,"stop_sequence":42,"segment_first_lat":34.2572043642,"segment_first_lon":-118.4536720261,"segment_second_lat":34.2572047119,"segment_second_lon":-118.4540923254,"segment_sequence":410005,"segment_id":21,"segment_len_meter":38.627507431744945,"segment_cum_len":16324.150460958152,"stop_segment_distance":16.73685334018824}
{"route_id":"165","stop_id":"1682","stop_lat":34.17722,"stop_lon":-118.307422,"stop_sequence":86,"segment_first_lat":34.1771026214,"segment_first_lon":-118.3072577255,"segment_second_lat":34.1766309558,"segment_second_lon":-118.3077406823,"segment_sequence":860001,"segment_id":43,"segment_len_meter":68.73534368151427,"segment_cum_len":32434.17868906421,"stop_segment_distance":22.99294009180251}
{"route_id":"167","stop_id":"4041","stop_lat":34.235372,"stop_lon":-118.535755,"stop_sequence":21,"segment_first_lat":34.2354984253,"segment_first_lon":-118.5357555832,"segment_second_lat":34.2355070215,"segment_second_lon":-118.5338101929,"segment_sequence":210001,"segment_id":11,"segment_len_meter":178.8392074073933,"segment_cum_len":8766.240577802962,"stop_segment_distance":14.631218103777684}
{"route_id":"167","stop_id":"4557","stop_lat":34.221546,"stop_lon":-118.42237,"stop_sequence":65,"segment_first_lat":34.2216753586,"segment_first_lon":-118.4229625225,"segment_second_lat":34.2216730418,"segment_second_lon":-118.4223670681,"segment_sequence":640005,"segment_id":32,"segment_len_meter":54.74877607015588,"segment_cum_len":25814.15144149625,"stop_segment_distance":15.725762215778126}
{"route_id":"169","stop_id":"8538","stop_lat":34.212422,"stop_lon":-118.431076,"stop_sequence":106,"segment_first_lat":34.212422594,"segment_first_lon":-118.4309201676,"segment_second_lat":34.2107161818,"segment_second_lon":-118.4309113621,"segment_sequence":1060001,"segment_id":53,"segment_len_meter":189.7461070455194,"segment_cum_len":42442.05997446879,"stop_segment_distance":14.864936304132698}
{"route_id":"176","stop_id":"10090","stop_lat":34.09863,"stop_lon":-118.119823,"stop_sequence":65,"segment_first_lat":34.0989520737,"segment_first_lon":-118.1188224553,"segment_second_lat":34.0985159007,"segment_second_lon":-118.1197450564,"segment_sequence":640003,"segment_id":32,"segment_len_meter":97.82079757958623,"segment_cum_len":25558.315397462968,"stop_segment_distance":15.599299510674342}
{"route_id":"180","stop_id":"3054","stop_lat":34.112948,"stop_lon":-118.281024,"stop_sequence":19,"segment_first_lat":34.1129962707,"segment_first_lon":-118.2815030289,"segment_second_lat":34.1130720581,"segment_second_lon":-118.2810539807,"segment_sequence":180008,"segment_id":9,"segment_len_meter":42.19043514943466,"segment_cum_len":5682.4681263496195,"stop_segment_distance":16.30340091625031}
{"route_id":"200","stop_id":"5147","stop_lat":34.034676,"stop_lon":-118.283827,"stop_sequence":13,"segment_first_lat":34.0346760675,"segment_first_lon":-118.2839800618,"segment_second_lat":34.0351926729,"segment_second_lon":-118.2839775241,"segment_sequence":130001,"segment_id":7,"segment_len_meter":57.444375512206285,"segment_cum_len":3221.6065946979406,"stop_segment_distance":15.761859423135839}
{"route_id":"202","stop_id":"8676","stop_lat":33.807873,"stop_lon":-118.234814,"stop_sequence":44,"segment_first_lat":33.8078295102,"segment_first_lon":-118.2346541007,"segment_second_lat":33.8051923718,"segment_second_lon":-118.2356720521,"segment_sequence":440001,"segment_id":22,"segment_len_meter":307.9505286274008,"segment_cum_len":20777.043941031523,"stop_segment_distance":16.02947974328754}
{"route_id":"204","stop_id":"5674","stop_lat":33.96811,"stop_lon":-118.291477,"stop_sequence":18,"segment_first_lat":33.9681100497,"segment_first_lon":-118.2916332328,"segment_second_lat":33.9687805318,"segment_second_lon":-118.2916312801,"segment_sequence":180001,"segment_id":9,"segment_len_meter":74.55442540070585,"segment_cum_len":4979.849110863224,"stop_segment_distance":15.758320292168193}
{"route_id":"205","stop_id":"17583","stop_lat":33.753624,"stop_lon":-118.308842,"stop_sequence":39,"segment_first_lat":33.7533019691,"segment_first_lon":-118.3089391854,"segment_second_lat":33.7536035544,"segment_second_lon":-118.3089870068,"segment_sequence":380006,"segment_id":19,"segment_len_meter":33.824938466863166,"segment_cum_len":9391.500577960893,"stop_segment_distance":16.69077169222639}
{"route_id":"205","stop_id":"8879","stop_lat":33.853464,"stop_lon":-118.265673,"stop_sequence":90,"segment_first_lat":33.8567746026,"segment_first_lon":-118.265943594,"segment_second_lat":33.8534775891,"segment_second_lon":-118.2655221131,"segment_sequence":900004,"segment_id":45,"segment_len_meter":368.6713169571199,"segment_cum_len":32660.065026226883,"stop_segment_distance":14.313066775326035}
{"route_id":"206","stop_id":"13754","stop_lat":34.002061,"stop_lon":-118.300289,"stop_sequence":41,"segment_first_lat":34.0026901918,"segment_first_lon":-118.3001693419,"segment_second_lat":34.0020609298,"segment_second_lon":-118.3001697251,"segment_sequence":400004,"segment_id":20,"segment_len_meter":69.97075084643812,"segment_cum_len":12645.765008781624,"stop_segment_distance":11.851434821545155}
{"route_id":"207","stop_id":"5742","stop_lat":33.978369,"stop_lon":-118.3088,"stop_sequence":18,"segment_first_lat":33.9778053475,"segment_first_lon":-118.3089560481,"segment_second_lat":33.9783686673,"segment_second_lon":-118.3089528491,"segment_sequence":170003,"segment_id":9,"segment_len_meter":62.63899838044409,"segment_cum_len":7538.439615042393,"stop_segment_distance":15.760793044515509}
{"route_id":"211","stop_id":"12878","stop_lat":33.894385,"stop_lon":-118.343985,"stop_sequence":53,"segment_first_lat":33.8943850295,"segment_first_lon":-118.3438331885,"segment_second_lat":33.8934260136,"segment_second_lon":-118.3438394694,"segment_sequence":530001,"segment_id":27,"segment_len_meter":106.63927845065884,"segment_cum_len":19041.54596370116,"stop_segment_distance":14.84992274741414}
{"route_id":"212","stop_id":"141001","stop_lat":33.988269,"stop_lon":-118.358651,"stop_sequence":46,"segment_first_lat":33.9885525392,"segment_first_lon":-118.3585237962,"segment_second_lat":33.9882786518,"segment_second_lon":-118.3584985423,"segment_sequence":450006,"segment_id":23,"segment_len_meter":30.543763095202667,"segment_cum_len":15574.286447023007,"stop_segment_distance":17.192108948064313}
{"route_id":"218","stop_id":"13668","stop_lat":34.073566,"stop_lon":-118.376792,"stop_sequence":24,"segment_first_lat":34.0734386277,"segment_first_lon":-118.3768123478,"segment_second_lat":34.0734925282,"segment_second_lon":-118.3773270653,"segment_sequence":240001,"segment_id":12,"segment_len_meter":47.7853929493935,"segment_cum_len":12017.73140694172,"stop_segment_distance":16.455926476474403}
{"route_id":"222","stop_id":"6378","stop_lat":34.245831,"stop_lon":-118.36221,"stop_sequence":53,"segment_first_lat":34.2459335193,"segment_first_lon":-118.3623035873,"segment_second_lat":34.2460155286,"segment_second_lon":-118.3621709226,"segment_sequence":530001,"segment_id":27,"segment_len_meter":15.226736903222738,"segment_cum_len":21517.479080842826,"stop_segment_distance":19.885047764673082}
{"route_id":"232","stop_id":"23200103","stop_lat":33.843825,"stop_lon":-118.386486,"stop_sequence":63,"segment_first_lat":33.843771445,"segment_first_lon":-118.3866273715,"segment_second_lat":33.844328803,"segment_second_lon":-118.3869394947,"segment_sequence":630001,"segment_id":32,"segment_len_meter":68.35108134478884,"segment_cum_len":25465.38210804701,"stop_segment_distance":15.944570927466529}
{"route_id":"232","stop_id":"23200109","stop_lat":33.873131,"stop_lon":-118.395519,"stop_sequence":73,"segment_first_lat":33.8730763788,"segment_first_lon":-118.3956705062,"segment_second_lat":33.8732376802,"segment_second_lon":-118.3957532946,"segment_sequence":730001,"segment_id":37,"segment_len_meter":19.496538942550607,"segment_cum_len":28786.736352495383,"stop_segment_distance":20.422332064111878}
{"route_id":"236","stop_id":"123616","stop_lat":34.319514,"stop_lon":-118.483821,"stop_sequence":43,"segment_first_lat":34.3196179954,"segment_first_lon":-118.4838948789,"segment_second_lat":34.319693292,"segment_second_lon":-118.4837562155,"segment_sequence":430001,"segment_id":22,"segment_len_meter":15.240215464109012,"segment_cum_len":19656.17737173791,"stop_segment_distance":18.97220691373724}
{"route_id":"237","stop_id":"3601","stop_lat":34.094601,"stop_lon":-118.338464,"stop_sequence":3,"segment_first_lat":34.0946010513,"segment_first_lon":-118.3386165899,"segment_second_lat":34.0961645529,"segment_second_lon":-118.3386318393,"segment_sequence":30001,"segment_id":2,"segment_len_meter":173.85911628645857,"segment_cum_len":821.2625990568645,"stop_segment_distance":14.73637562112745}
{"route_id":"246","stop_id":"5404","stop_lat":33.716817,"stop_lon":-118.287784,"stop_sequence":8,"segment_first_lat":33.7151625641,"segment_first_lon":-118.2879329241,"segment_second_lat":33.7168167214,"segment_second_lon":-118.287935635,"segment_sequence":70002,"segment_id":4,"segment_len_meter":183.93407053233182,"segment_cum_len":1704.5491153965936,"stop_segment_distance":14.570659234087373}
{"route_id":"258","stop_id":"3267","stop_lat":34.115662,"stop_lon":-118.153278,"stop_sequence":12,"segment_first_lat":34.1157718491,"segment_first_lon":-118.1551253727,"segment_second_lat":34.115789044,"segment_second_lon":-118.1532785804,"segment_sequence":110006,"segment_id":6,"segment_len_meter":170.02448290915106,"segment_cum_len":3132.030693926694,"stop_segment_distance":14.607636965406954}
{"route_id":"260","stop_id":"8742","stop_lat":33.874393,"stop_lon":-118.20745,"stop_sequence":99,"segment_first_lat":33.8742667787,"segment_first_lon":-118.2074496912,"segment_second_lat":33.874265802,"segment_second_lon":-118.208016306,"segment_sequence":990001,"segment_id":50,"segment_len_meter":52.31055807274607,"segment_cum_len":40605.193228850156,"stop_segment_distance":15.885908885935258}
{"route_id":"266","stop_id":"17815","stop_lat":33.889557,"stop_lon":-118.142522,"stop_sequence":13,"segment_first_lat":33.8895563728,"segment_first_lon":-118.1426738442,"segment_second_lat":33.8901966161,"segment_second_lon":-118.1426749339,"segment_sequence":130001,"segment_id":7,"segment_len_meter":71.19187783309502,"segment_cum_len":6716.385006958787,"stop_segment_distance":15.333651652317783}
{"route_id":"266","stop_id":"4604","stop_lat":34.095985,"stop_lon":-118.073256,"stop_sequence":62,"segment_first_lat":34.0959820322,"segment_first_lon":-118.0734103647,"segment_second_lat":34.0970124727,"segment_second_lon":-118.0734258027,"segment_sequence":620001,"segment_id":31,"segment_len_meter":114.58857355028627,"segment_cum_len":31940.804366412867,"stop_segment_distance":14.943897443318235}
{"route_id":"28","stop_id":"16142","stop_lat":34.050294,"stop_lon":-118.276304,"stop_sequence":64,"segment_first_lat":34.0499975438,"segment_first_lon":-118.2759629146,"segment_second_lat":34.0501815312,"segment_second_lon":-118.2763758436,"segment_sequence":630005,"segment_id":32,"segment_len_meter":43.195391533386754,"segment_cum_len":19574.720004318002,"stop_segment_distance":16.49688898776018}
{"route_id":"344","stop_id":"2415","stop_lat":33.811594,"stop_lon":-118.35097,"stop_sequence":25,"segment_first_lat":33.8115937433,"segment_first_lon":-118.3511257177,"segment_second_lat":33.8124483275,"segment_second_lon":-118.3511217227,"segment_sequence":250001,"segment_id":13,"segment_len_meter":95.02614422691896,"segment_cum_len":12572.856398710417,"stop_segment_distance":15.385939316788637}
{"route_id":"35","stop_id":"5222","stop_lat":34.026414,"stop_lon":-118.371577,"stop_sequence":4,"segment_first_lat":34.0265338366,"segment_first_lon":-118.3720724982,"segment_second_lat":34.0265436038,"segment_second_lon":-118.3715778273,"segment_sequence":30023,"segment_id":2,"segment_len_meter":45.599807739491965,"segment_cum_len":1730.969228905255,"stop_segment_distance":16.37936351187733}
{"route_id":"487","stop_id":"14325","stop_lat":34.088818,"stop_lon":-118.027593,"stop_sequence":90,"segment_first_lat":34.0887855965,"segment_first_lon":-118.0274478833,"segment_second_lat":34.0882851749,"segment_second_lon":-118.0276029464,"segment_sequence":900001,"segment_id":45,"segment_len_meter":57.447351575644404,"segment_cum_len":42894.73181650823,"stop_segment_distance":15.6479420091448}
{"route_id":"51","stop_id":"256","stop_lat":33.97897,"stop_lon":-118.265319,"stop_sequence":49,"segment_first_lat":33.9797368505,"segment_first_lon":-118.2651697618,"segment_second_lat":33.9789702033,"segment_second_lon":-118.2651673341,"segment_sequence":480005,"segment_id":24,"segment_len_meter":85.24757307155784,"segment_cum_len":12902.330746512933,"stop_segment_distance":15.110300221417035}
{"route_id":"605","stop_id":"1898","stop_lat":34.058748,"stop_lon":-118.206595,"stop_sequence":28,"segment_first_lat":34.0587288276,"segment_first_lon":-118.2065336573,"segment_second_lat":34.0586766184,"segment_second_lon":-118.2065335284,"segment_sequence":260016,"segment_id":13,"segment_len_meter":5.805410308112276,"segment_cum_len":8124.679684033357,"stop_segment_distance":9.9845770663506}
{"route_id":"611","stop_id":"801","stop_lat":34.002057,"stop_lon":-118.247606,"stop_sequence":39,"segment_first_lat":34.002058993,"segment_first_lon":-118.247760677,"segment_second_lat":34.0026909973,"segment_second_lon":-118.2477625474,"segment_sequence":390002,"segment_id":20,"segment_len_meter":70.27588328603126,"segment_cum_len":11602.26654855683,"stop_segment_distance":15.94349387259814}
{"route_id":"62","stop_id":"4736","stop_lat":34.033389,"stop_lon":-118.219802,"stop_sequence":17,"segment_first_lat":34.0336088497,"segment_first_lon":-118.2199643472,"segment_second_lat":34.0335075879,"segment_second_lon":-118.2197396432,"segment_sequence":160015,"segment_id":8,"segment_len_meter":23.56959144144206,"segment_cum_len":6439.9056963678795,"stop_segment_distance":19.474744098656938}
{"route_id":"66","stop_id":"9772","stop_lat":34.024063,"stop_lon":-118.210517,"stop_sequence":37,"segment_first_lat":34.0243099619,"segment_first_lon":-118.2107884737,"segment_second_lat":34.0241511664,"segment_second_lon":-118.210455745,"segment_sequence":360009,"segment_id":18,"segment_len_meter":35.38425128564588,"segment_cum_len":11683.287726726474,"stop_segment_distance":13.07734932811558}
{"route_id":"68","stop_id":"9214","stop_lat":34.040637,"stop_lon":-118.187684,"stop_sequence":24,"segment_first_lat":34.0405120709,"segment_first_lon":-118.1870071938,"segment_second_lat":34.0405077235,"segment_second_lon":-118.1876838541,"segment_sequence":230004,"segment_id":12,"segment_len_meter":62.349886067869676,"segment_cum_len":10182.09814429625,"stop_segment_distance":15.914904469480462}
{"route_id":"68","stop_id":"9236","stop_lat":34.040678,"stop_lon":-118.17556,"stop_sequence":20,"segment_first_lat":34.0405582764,"segment_first_lon":-118.173926103,"segment_second_lat":34.04055179,"segment_second_lon":-118.1755600007,"segment_sequence":190001,"segment_id":10,"segment_len_meter":150.5502663110271,"segment_cum_len":9064.964979595488,"stop_segment_distance":14.619465638858628}
{"route_id":"733","stop_id":"15296","stop_lat":34.003778,"stop_lon":-118.433908,"stop_sequence":30,"segment_first_lat":34.0036711587,"segment_first_lon":-118.4338279971,"segment_second_lat":34.0033172309,"segment_second_lon":-118.4345157351,"segment_sequence":300001,"segment_id":15,"segment_len_meter":74.61844895811754,"segment_cum_len":23361.767277941537,"stop_segment_distance":15.282079488617342}
{"route_id":"733","stop_id":"15320","stop_lat":33.997501,"stop_lon":-118.446366,"stop_sequence":32,"segment_first_lat":33.9977011189,"segment_first_lon":-118.4456674665,"segment_second_lat":33.9973899701,"segment_second_lon":-118.4462863815,"segment_sequence":310007,"segment_id":16,"segment_len_meter":66.72661892122292,"segment_cum_len":24631.350352187408,"stop_segment_distance":15.768623132804663}
{"route_id":"733","stop_id":"6959","stop_lat":34.043703,"stop_lon":-118.309533,"stop_sequence":17,"segment_first_lat":34.0435713246,"segment_first_lon":-118.3095322767,"segment_second_lat":34.0435697746,"segment_second_lon":-118.3101363468,"segment_sequence":170001,"segment_id":9,"segment_len_meter":55.65775220236598,"segment_cum_len":10420.583368555755,"stop_segment_distance":16.514820788556598}
{"route_id":"780","stop_id":"7864","stop_lat":34.057923,"stop_lon":-118.363744,"stop_sequence":5,"segment_first_lat":34.0579782269,"segment_first_lon":-118.3639076631,"segment_second_lat":34.0581815969,"segment_second_lon":-118.3638075205,"segment_sequence":50001,"segment_id":3,"segment_len_meter":24.423068018531698,"segment_cum_len":3113.916195701444,"stop_segment_distance":21.20056740363881}
{"route_id":"81","stop_id":"12004","stop_lat":34.120293,"stop_lon":-118.183931,"stop_sequence":21,"segment_first_lat":34.1203351771,"segment_first_lon":-118.1837826555,"segment_second_lat":34.120177815,"segment_second_lon":-118.183722838,"segment_sequence":210001,"segment_id":11,"segment_len_meter":18.34383492140942,"segment_cum_len":6003.544719473082,"stop_segment_distance":19.143260211982234}
{"route_id":"92","stop_id":"4747","stop_lat":34.142856,"stop_lon":-118.254831,"stop_sequence":46,"segment_first_lat":34.1428558554,"segment_first_lon":-118.2549861167,"segment_second_lat":34.1444248836,"segment_second_lon":-118.2549909038,"segment_sequence":460001,"segment_id":23,"segment_len_meter":174.46853181943638,"segment_cum_len":13740.433752127186,"stop_segment_distance":14.878244314034589}
{"route_id":"94","stop_id":"14981","stop_lat":34.283222,"stop_lon":-118.440916,"stop_sequence":5,"segment_first_lat":34.2833041678,"segment_first_lon":-118.440800847,"segment_second_lat":34.2828448515,"segment_second_lon":-118.4403114543,"segment_sequence":50001,"segment_id":3,"segment_len_meter":68.04592436213322,"segment_cum_len":1715.6060532048207,"stop_segment_distance":15.530409957668894}
