{"route_id":"117","stop_id":"11294","stop_lat":33.91308,"stop_lon":-118.140891,"stop_sequence":76,"segment_first_lat":33.9132176458,"segment_first_lon":-118.1406113977,"segment_second_lat":33.9130132985,"segment_second_lon":-118.1407682647,"segment_sequence":750017,"segment_id":38,"segment_len_meter":26.941556331771213,"segment_cum_len":28216.06193514487,"stop_segment_distance":16.596268685463063}
{"route_id":"120","stop_id":"11442","stop_lat":33.924415,"stop_lon":-118.023073,"stop_sequence":13,"segment_first_lat":33.9242365563,"segment_first_lon":-118.0231385322,"segment_second_lat":33.9250936205,"segment_second_lon":-118.0244605762,"segment_sequence":130002,"segment_id":7,"segment_len_meter":154.79506351772173,"segment_cum_len":4916.863093792865,"stop_segment_distance":14.557655625263436}
{"route_id":"125","stop_id":"17361","stop_lat":33.903021,"stop_lon":-118.246492,"stop_sequence":41,"segment_first_lat":33.9031422143,"segment_first_lon":-118.2465073278,"segment_second_lat":33.9032624183,"segment_second_lon":-118.2452343277,"segment_sequence":410001,"segment_id":21,"segment_len_meter":118.2426581042131,"segment_cum_len":16405.56293625069,"stop_segment_distance":14.443886583518449}
{"route_id":"125","stop_id":"17392","stop_lat":33.90355,"stop_lon":-118.163363,"stop_sequence":66,"segment_first_lat":33.9036830972,"segment_first_lon":-118.1633635909,"segment_second_lat":33.9036944093,"segment_second_lon":-118.161903733,"segment_sequence":660001,"segment_id":33,"segment_len_meter":134.73493405571742,"segment_cum_len":26307.78054006968,"stop_segment_distance":15.693447493609824}
{"route_id":"125","stop_id":"17508","stop_lat":33.903962,"stop_lon":-118.134209,"stop_sequence":73,"segment_first_lat":33.9040428494,"segment_first_lon":-118.1356165765,"segment_second_lat":33.9040886569,"segment_second_lon":-118.1342160825,"segment_sequence":720003,"segment_id":36,"segment_len_meter":129.35017255754684,"segment_cum_len":28863.846242237105,"stop_segment_distance":14.962878527280026}
{"route_id":"152","stop_id":"10422","stop_lat":34.215639,"stop_lon":-118.623596,"stop_sequence":83,"segment_first_lat":34.2164310861,"segment_first_lon":-118.6234396763,"segment_second_lat":34.2156396565,"segment_second_lon":-118.6234450139,"segment_sequence":820003,"segment_id":41,"segment_len_meter":88.00432486967975,"segment_cum_len":33394.466987979205,"stop_segment_distance":15.120206838601234}
{"route_id":"158","stop_id":"9046","stop_lat":34.233554,"stop_lon":-118.423092,"stop_sequence":32,"segment_first_lat":34.231316946,"segment_first_lon":-118.4263164578,"segment_second_lat":34.2336279752,"segment_second_lon":-118.4231706373,"segment_sequence":310002,"segment_id":16,"segment_len_meter":386.87602488874694,"segment_cum_len":11673.2454658709,"stop_segment_distance":11.046330066636472}
{"route_id":"16","stop_id":"15631","stop_lat":34.065112,"stop_lon":-118.276594,"stop_sequence":19,"segment_first_lat":34.0649976772,"segment_first_lon":-118.2766608724,"segment_second_lat":34.0650594412,"segment_second_lon":-118.2768083372,"segment_sequence":190001,"segment_id":10,"segment_len_meter":15.221080262801815,"segment_cum_len":4873.112101357287,"stop_segment_distance":19.49515403208651}
{"route_id":"165","stop_id":"6827","stop_lat":34.193827,"stop_lon":-118.409042,"stop_sequence":57,"segment_first_lat":34.1939521766,"segment_first_lon":-118.4090422142,"segment_second_lat":34.1939536641,"segment_second_lon":-118.4072168043,"segment_sequence":570001,"segment_id":29,"segment_len_meter":167.88989297068244,"segment_cum_len":22231.43603808363,"stop_segment_distance":14.489167681576447}
{"route_id":"167","stop_id":"4474","stop_lat":34.238851,"stop_lon":-118.53624,"stop_sequence":20,"segment_first_lat":34.2388521564,"segment_first_lon":-118.5360868025,"segment_second_lat":34.2373160687,"segment_second_lon":-118.5360881876,"segment_sequence":200001,"segment_id":10,"segment_len_meter":170.80520657891847,"segment_cum_len":8354.71084320994,"stop_segment_distance":14.524183635730338}
{"route_id":"180","stop_id":"3962","stop_lat":34.107553,"stop_lon":-118.291636,"stop_sequence":14,"segment_first_lat":34.1068715825,"segment_first_lon":-118.2917891949,"segment_second_lat":34.1075530569,"segment_second_lon":-118.2917889303,"segment_sequence":130005,"segment_id":7,"segment_len_meter":75.77649983450705,"segment_cum_len":4277.007442029541,"stop_segment_distance":15.37520601838419}
{"route_id":"210","stop_id":"2445","stop_lat":34.061837,"stop_lon":-118.314533,"stop_sequence":23,"segment_first_lat":34.0617081124,"segment_first_lon":-118.3145320879,"segment_second_lat":34.0617062444,"segment_second_lon":-118.3152485447,"segment_sequence":230001,"segment_id":12,"segment_len_meter":65.9987165315033,"segment_cum_len":7307.503186619316,"stop_segment_distance":15.831994845826756}
{"route_id":"210","stop_id":"9438","stop_lat":33.9979,"stop_lon":-118.330933,"stop_sequence":46,"segment_first_lat":33.9983400005,"segment_first_lon":-118.3307767111,"segment_second_lat":33.9978975779,"segment_second_lon":-118.3307825511,"segment_sequence":450002,"segment_id":23,"segment_len_meter":49.19809431770803,"segment_cum_len":15198.123640308346,"stop_segment_distance":15.677099953718177}
{"route_id":"234","stop_id":"20109","stop_lat":34.276619,"stop_lon":-118.446912,"stop_sequence":28,"segment_first_lat":34.2765228582,"segment_first_lon":-118.4468130758,"segment_second_lat":34.275755084,"segment_second_lon":-118.4478576241,"segment_sequence":280001,"segment_id":14,"segment_len_meter":128.45280456213786,"segment_cum_len":10227.022303734597,"stop_segment_distance":15.107823356034743}
{"route_id":"236","stop_id":"327","stop_lat":34.265045,"stop_lon":-118.502113,"stop_sequence":28,"segment_first_lat":34.2650473788,"segment_first_lon":-118.5022642824,"segment_second_lat":34.2660146814,"segment_second_lon":-118.5022545483,"segment_sequence":280001,"segment_id":14,"segment_len_meter":107.56286125174933,"segment_cum_len":11780.977199196066,"stop_segment_distance":14.947354805070603}
{"route_id":"243","stop_id":"2245","stop_lat":34.235776,"stop_lon":-118.553415,"stop_sequence":59,"segment_first_lat":34.2357754972,"segment_first_lon":-118.5535665255,"segment_second_lat":34.2372374436,"segment_second_lon":-118.5535540518,"segment_sequence":590001,"segment_id":30,"segment_len_meter":162.56506686300668,"segment_cum_len":26227.07423657467,"stop_segment_distance":14.371580609899837}
{"route_id":"251","stop_id":"9514","stop_lat":34.076128,"stop_lon":-118.215869,"stop_sequence":6,"segment_first_lat":34.076131573,"segment_first_lon":-118.2156838684,"segment_second_lat":34.0736366303,"segment_second_lon":-118.2156150246,"segment_sequence":60001,"segment_id":3,"segment_len_meter":277.4974222773482,"segment_cum_len":1939.194896893085,"stop_segment_distance":17.571728121635317}
{"route_id":"256","stop_id":"10276","stop_lat":34.169168,"stop_lon":-118.121765,"stop_sequence":107,"segment_first_lat":34.1690750715,"segment_first_lon":-118.1217652615,"segment_second_lat":34.1690596984,"segment_second_lon":-118.1231074366,"segment_sequence":1070001,"segment_id":54,"segment_len_meter":123.49313938608647,"segment_cum_len":33164.81200274207,"stop_segment_distance":10.93109181026135}
{"route_id":"256","stop_id":"10321","stop_lat":34.104016,"stop_lon":-118.17747,"stop_sequence":51,"segment_first_lat":34.1038377318,"segment_first_lon":-118.1771925893,"segment_second_lat":34.1039213548,"segment_second_lon":-118.1775072438,"segment_sequence":500002,"segment_id":25,"segment_len_meter":30.426475798613026,"segment_cum_len":14355.9550120971,"stop_segment_distance":12.973435808197387}
{"route_id":"266","stop_id":"17857","stop_lat":33.983358,"stop_lon":-118.096776,"stop_sequence":40,"segment_first_lat":33.9831959186,"segment_first_lon":-118.0970822703,"segment_second_lat":33.9834293509,"segment_second_lon":-118.0969083762,"segment_sequence":390007,"segment_id":20,"segment_len_meter":30.509236857739396,"segment_cum_len":18139.308597559208,"stop_segment_distance":17.548315650686057}
{"route_id":"28","stop_id":"16160","stop_lat":34.057366,"stop_lon":-118.345708,"stop_sequence":81,"segment_first_lat":34.0572233367,"segment_first_lon":-118.344819706,"segment_second_lat":34.0572394736,"segment_second_lon":-118.3457111785,"segment_sequence":800007,"segment_id":40,"segment_len_meter":82.14437918094895,"segment_cum_len":26108.04270229458,"stop_segment_distance":15.283082014952186}
{"route_id":"30","stop_id":"19022","stop_lat":34.046959,"stop_lon":-118.251581,"stop_sequence":29,"segment_first_lat":34.0470364018,"segment_first_lon":-118.2517069516,"segment_second_lat":34.0481153251,"segment_second_lon":-118.2507294304,"segment_sequence":290001,"segment_id":15,"segment_len_meter":150.01389332054706,"segment_cum_len":9208.254608096478,"stop_segment_distance":15.058520122497981}
{"route_id":"40","stop_id":"1604","stop_lat":34.040394,"stop_lon":-118.257054,"stop_sequence":14,"segment_first_lat":34.0404664524,"segment_first_lon":-118.2567008238,"segment_second_lat":34.0402963575,"segment_second_lon":-118.2569600771,"segment_sequence":130006,"segment_id":7,"segment_len_meter":30.468943582682993,"segment_cum_len":5314.280053727479,"stop_segment_distance":16.939826431531454}
{"route_id":"55","stop_id":"15690","stop_lat":34.051564,"stop_lon":-118.255834,"stop_sequence":62,"segment_first_lat":34.0512981202,"segment_first_lon":-118.255608327,"segment_second_lat":34.0514879205,"segment_second_lon":-118.2559043703,"segment_sequence":610002,"segment_id":31,"segment_len_meter":34.48613878458299,"segment_cum_len":18988.35173777616,"stop_segment_distance":12.31515554735173}
{"route_id":"60","stop_id":"13919","stop_lat":34.012964,"stop_lon":-118.230456,"stop_sequence":24,"segment_first_lat":34.0145056095,"segment_first_lon":-118.230328336,"segment_second_lat":34.0129641073,"segment_second_lon":-118.230302976,"segment_sequence":230003,"segment_id":12,"segment_len_meter":171.42316070306885,"segment_cum_len":7636.143027161941,"stop_segment_distance":14.503709273244624}
{"route_id":"602","stop_id":"3275","stop_lat":34.070268,"stop_lon":-118.455178,"stop_sequence":48,"segment_first_lat":34.0703381092,"segment_first_lon":-118.4551859162,"segment_second_lat":34.0703533371,"segment_second_lon":-118.4550096704,"segment_sequence":480001,"segment_id":24,"segment_len_meter":16.32178129233454,"segment_cum_len":14818.641750028526,"stop_segment_distance":9.685869235666306}
{"route_id":"603","stop_id":"13122","stop_lat":34.057713,"stop_lon":-118.276203,"stop_sequence":45,"segment_first_lat":34.0576498679,"segment_first_lon":-118.2760601295,"segment_second_lat":34.0572566247,"segment_second_lon":-118.276310406,"segment_sequence":450001,"segment_id":23,"segment_len_meter":49.43280265684555,"segment_cum_len":14299.229526042367,"stop_segment_distance":17.186057269790055}
{"route_id":"605","stop_id":"17159","stop_lat":34.038953,"stop_lon":-118.207746,"stop_sequence":13,"segment_first_lat":34.0384406625,"segment_first_lon":-118.2069258836,"segment_second_lat":34.0388433405,"segment_second_lon":-118.2078184161,"segment_sequence":120006,"segment_id":6,"segment_len_meter":93.639525222343,"segment_cum_len":3459.0300204307846,"stop_segment_distance":14.896485751159304}
{"route_id":"66","stop_id":"1246","stop_lat":34.039507,"stop_lon":-118.252902,"stop_sequence":24,"segment_first_lat":34.04005317,"segment_first_lon":-118.2533195198,"segment_second_lat":34.0395722562,"segment_second_lon":-118.2528127119,"segment_sequence":230006,"segment_id":12,"segment_len_meter":70.99509368427316,"segment_cum_len":6657.341045003687,"stop_segment_distance":11.865723441899334}
{"route_id":"66","stop_id":"1597","stop_lat":34.01139,"stop_lon":-118.131095,"stop_sequence":62,"segment_first_lat":34.0116771277,"segment_first_lon":-118.1321184052,"segment_second_lat":34.0115092788,"segment_second_lon":-118.131068841,"segment_sequence":610004,"segment_id":31,"segment_len_meter":98.52457716194492,"segment_cum_len":19241.03871395009,"stop_segment_distance":14.542189991836864}
{"route_id":"70","stop_id":"1463","stop_lat":34.062389,"stop_lon":-118.118658,"stop_sequence":49,"segment_first_lat":34.0625155339,"segment_first_lon":-118.1186584443,"segment_second_lat":34.0625162711,"segment_second_lon":-118.117905659,"segment_sequence":490001,"segment_id":25,"segment_len_meter":69.34427612228073,"segment_cum_len":17152.168752042453,"stop_segment_distance":15.459231288487501}
{"route_id":"71","stop_id":"714","stop_lat":34.05573,"stop_lon":-118.181145,"stop_sequence":34,"segment_first_lat":34.0558454811,"segment_first_lon":-118.1813894119,"segment_second_lat":34.0558282778,"segment_second_lon":-118.1811341738,"segment_sequence":330010,"segment_id":17,"segment_len_meter":23.59127176559417,"segment_cum_len":11254.441989294997,"stop_segment_distance":13.302602322191834}
{"route_id":"734","stop_id":"20007","stop_lat":34.126003,"stop_lon":-118.479427,"stop_sequence":18,"segment_first_lat":34.1261024607,"segment_first_lon":-118.4792913304,"segment_second_lat":34.1259954893,"segment_second_lon":-118.4791724253,"segment_sequence":180001,"segment_id":9,"segment_len_meter":16.164010013496913,"segment_cum_len":22538.01330240316,"stop_segment_distance":23.965196784654687}
{"route_id":"96","stop_id":"8611","stop_lat":34.180621,"stop_lon":-118.308731,"stop_sequence":5,"segment_first_lat":34.1807040702,"segment_first_lon":-118.3088474534,"segment_second_lat":34.1808492722,"segment_second_lon":-118.3086952352,"segment_sequence":50001,"segment_id":3,"segment_len_meter":21.37166229858009,"segment_cum_len":1278.5350720015254,"stop_segment_distance":18.368200348252934}
