{"route_id":"10","stop_id":"11697","stop_lat":34.083893,"stop_lon":-118.365719,"stop_sequence":60,"segment_first_lat":34.083780558,"segment_first_lon":-118.3648171699,"segment_second_lat":34.083766301,"segment_second_lon":-118.3657154021,"segment_sequence":590004,"segment_id":30,"segment_len_meter":82.736769640419,"segment_cum_len":16482.00653253141,"stop_segment_distance":15.344116602316205}
{"route_id":"102","stop_id":"6344","stop_lat":34.004786,"stop_lon":-118.350394,"stop_sequence":27,"segment_first_lat":34.004906327,"segment_first_lon":-118.3504376185,"segment_second_lat":34.0049403199,"segment_second_lon":-118.3502760882,"segment_sequence":270001,"segment_id":14,"segment_len_meter":15.362045741753496,"segment_cum_len":9597.298819948797,"stop_segment_distance":18.921039548968388}
{"route_id":"108","stop_id":"7983","stop_lat":33.987638,"stop_lon":-118.370151,"stop_sequence":13,"segment_first_lat":33.9877695545,"segment_first_lon":-118.3703003387,"segment_second_lat":33.987757961,"segment_second_lon":-118.370138318,"segment_sequence":120006,"segment_id":6,"segment_len_meter":14.993515153399718,"segment_cum_len":5222.595426985819,"stop_segment_distance":18.48555077238214}
{"route_id":"110","stop_id":"2102","stop_lat":33.979756,"stop_lon":-118.204512,"stop_sequence":69,"segment_first_lat":33.9800772426,"segment_first_lon":-118.2062704017,"segment_second_lat":33.9798840751,"segment_second_lon":-118.2044907468,"segment_sequence":680003,"segment_id":34,"segment_len_meter":165.49552390169634,"segment_cum_len":23141.8396331047,"stop_segment_distance":14.904363015981602}
{"route_id":"111","stop_id":"25400175","stop_lat":33.962323,"stop_lon":-118.353185,"stop_sequence":16,"segment_first_lat":33.9617734171,"segment_first_lon":-118.3533339417,"segment_second_lat":33.9623229693,"segment_second_lon":-118.3533408769,"segment_sequence":150007,"segment_id":8,"segment_len_meter":61.11076381765453,"segment_cum_len":5650.9609763536255,"stop_segment_distance":15.90068989655613}
{"route_id":"120","stop_id":"140802","stop_lat":33.931105,"stop_lon":-118.323737,"stop_sequence":94,"segment_first_lat":33.9309787758,"segment_first_lon":-118.3216991649,"segment_second_lat":33.9309785446,"segment_second_lon":-118.323736417,"segment_sequence":930004,"segment_id":47,"segment_len_meter":187.9560850925589,"segment_cum_len":40468.08323189698,"stop_segment_distance":14.638115663204502}
{"route_id":"130","stop_id":"13000085","stop_lat":33.872969,"stop_lon":-118.381906,"stop_sequence":69,"segment_first_lat":33.8728437957,"segment_first_lon":-118.3819090057,"segment_second_lat":33.8728510749,"segment_second_lon":-118.3827326007,"segment_sequence":690001,"segment_id":35,"segment_len_meter":76.04068654192413,"segment_cum_len":32790.75899519533,"stop_segment_distance":15.316330444725892}
{"route_id":"154","stop_id":"12669","stop_lat":34.179515,"stop_lon":-118.435869,"stop_sequence":45,"segment_first_lat":34.1794171945,"segment_first_lon":-118.4358681345,"segment_second_lat":34.1794152628,"segment_second_lon":-118.4376965324,"segment_sequence":450001,"segment_id":23,"segment_len_meter":168.19374974333553,"segment_cum_len":17796.692178673515,"stop_segment_distance":11.161323973279849}
{"route_id":"154","stop_id":"15880","stop_lat":34.178949,"stop_lon":-118.337923,"stop_sequence":10,"segment_first_lat":34.179050201,"segment_first_lon":-118.3372121673,"segment_second_lat":34.178832671,"segment_second_lon":-118.3378646156,"segment_sequence":90007,"segment_id":5,"segment_len_meter":64.70956150231984,"segment_cum_len":4599.554131269141,"stop_segment_distance":15.647080686458537}
{"route_id":"164","stop_id":"8155","stop_lat":34.184619,"stop_lon":-118.335757,"stop_sequence":10,"segment_first_lat":34.1844756498,"segment_first_lon":-118.3348302207,"segment_second_lat":34.1844917596,"segment_second_lon":-118.3357594207,"segment_sequence":90005,"segment_id":5,"segment_len_meter":85.49038239021391,"segment_cum_len":4333.804800612084,"stop_segment_distance":15.386148560922138}
{"route_id":"166","stop_id":"12536","stop_lat":34.235756,"stop_lon":-118.52019,"stop_sequence":30,"segment_first_lat":34.235881069,"segment_first_lon":-118.5204855671,"segment_second_lat":34.2358806863,"segment_second_lon":-118.5201910999,"segment_sequence":290010,"segment_id":15,"segment_len_meter":27.06981576241449,"segment_cum_len":13177.179983657525,"stop_segment_distance":17.31821308692614}
{"route_id":"169","stop_id":"15210","stop_lat":34.193031,"stop_lon":-118.639069,"stop_sequence":36,"segment_first_lat":34.1931919292,"segment_first_lon":-118.6402671073,"segment_second_lat":34.1931573519,"segment_second_lon":-118.6390631222,"segment_sequence":350002,"segment_id":18,"segment_len_meter":110.80278535865946,"segment_cum_len":15022.500304844672,"stop_segment_distance":14.896313392795875}
{"route_id":"169","stop_id":"30021","stop_lat":34.193428,"stop_lon":-118.35145,"stop_sequence":133,"segment_first_lat":34.1934029176,"segment_first_lon":-118.3515128688,"segment_second_lat":34.1934304,"segment_second_lon":-118.3515116618,"segment_sequence":1320011,"segment_id":66,"segment_len_meter":3.0579191947782887,"segment_cum_len":53854.60185692214,"stop_segment_distance":9.039464797490698}
{"route_id":"169","stop_id":"6090","stop_lat":34.208374,"stop_lon":-118.388028,"stop_sequence":118,"segment_first_lat":34.2084752585,"segment_first_lon":-118.3900126006,"segment_second_lat":34.2084742202,"segment_second_lon":-118.3880281032,"segment_sequence":1170003,"segment_id":59,"segment_len_meter":182.4902860001934,"segment_cum_len":46909.27218584114,"stop_segment_distance":11.500542485846836}
{"route_id":"176","stop_id":"3558","stop_lat":34.099326,"stop_lon":-118.129604,"stop_sequence":71,"segment_first_lat":34.0992634484,"segment_first_lon":-118.1297358307,"segment_second_lat":34.1005160936,"segment_second_lon":-118.1306012295,"segment_sequence":710001,"segment_id":36,"segment_len_meter":160.4693572968317,"segment_cum_len":27001.738068319682,"stop_segment_distance":14.5889438914854}
{"route_id":"20","stop_id":"16741","stop_lat":34.059748,"stop_lon":-118.279316,"stop_sequence":13,"segment_first_lat":34.0596237955,"segment_first_lon":-118.2793490846,"segment_second_lat":34.0596591891,"segment_second_lon":-118.2794911713,"segment_sequence":130002,"segment_id":7,"segment_len_meter":13.667899275937108,"segment_cum_len":4113.971155918678,"stop_segment_distance":19.39399919921813}
{"route_id":"204","stop_id":"3968","stop_lat":34.093317,"stop_lon":-118.29159,"stop_sequence":63,"segment_first_lat":34.0924288523,"segment_first_lon":-118.2917421039,"segment_second_lat":34.0933164091,"segment_second_lon":-118.2917452003,"segment_sequence":620002,"segment_id":31,"segment_len_meter":98.6922251468483,"segment_cum_len":18829.71491410781,"stop_segment_distance":15.345092273058768}
{"route_id":"207","stop_id":"5775","stop_lat":34.062058,"stop_lon":-118.308924,"stop_sequence":45,"segment_first_lat":34.0620574399,"segment_first_lon":-118.3090757077,"segment_second_lat":34.0622635285,"segment_second_lon":-118.3090764691,"segment_sequence":450001,"segment_id":23,"segment_len_meter":22.916114092875638,"segment_cum_len":16867.506302876438,"stop_segment_distance":17.883477103575963}
{"route_id":"210","stop_id":"9404","stop_lat":33.919839,"stop_lon":-118.32667,"stop_sequence":71,"segment_first_lat":33.923717065,"segment_first_lon":-118.3264903893,"segment_second_lat":33.919839785,"segment_second_lon":-118.3265135174,"segment_sequence":700007,"segment_id":35,"segment_len_meter":431.1391466178155,"segment_cum_len":24059.96887670759,"stop_segment_distance":14.839521959871831}
{"route_id":"211","stop_id":"10909","stop_lat":33.868236,"stop_lon":-118.352742,"stop_sequence":62,"segment_first_lat":33.8687800841,"segment_first_lon":-118.3525830168,"segment_second_lat":33.86823324,"segment_second_lon":-118.3525912584,"segment_sequence":610007,"segment_id":31,"segment_len_meter":60.811050464967416,"segment_cum_len":22680.25670506057,"stop_segment_distance":15.364522684891263}
{"route_id":"211","stop_id":"141070","stop_lat":33.932648,"stop_lon":-118.361159,"stop_sequence":15,"segment_first_lat":33.9321003792,"segment_first_lon":-118.3613117853,"segment_second_lat":33.9326472034,"segment_second_lon":-118.3613115062,"segment_sequence":140006,"segment_id":7,"segment_len_meter":60.80408225866656,"segment_cum_len":5147.992778732101,"stop_segment_distance":15.768912207948823}
{"route_id":"230","stop_id":"2919","stop_lat":34.200334,"stop_lon":-118.396629,"stop_sequence":34,"segment_first_lat":34.2003342258,"segment_first_lon":-118.3964768024,"segment_second_lat":34.1984794176,"segment_second_lon":-118.3964709739,"segment_sequence":340001,"segment_id":17,"segment_len_meter":206.24595831817447,"segment_cum_len":13353.744748745872,"stop_segment_distance":14.482825832587537}
{"route_id":"230","stop_id":"2921","stop_lat":34.215477,"stop_lon":-118.396654,"stop_sequence":30,"segment_first_lat":34.2154777736,"segment_first_lon":-118.3965033885,"segment_second_lat":34.2139197146,"segment_second_lon":-118.3965045904,"segment_sequence":300001,"segment_id":15,"segment_len_meter":173.24829146197908,"segment_cum_len":11636.834766194877,"stop_segment_distance":14.307114979533878}
{"route_id":"256","stop_id":"10398","stop_lat":34.105271,"stop_lon":-118.192193,"stop_sequence":57,"segment_first_lat":34.1039933101,"segment_first_lon":-118.192259433,"segment_second_lat":34.1052710419,"segment_second_lon":-118.1922772362,"segment_sequence":560002,"segment_id":28,"segment_len_meter":142.08674902973408,"segment_cum_len":15966.28165455236,"stop_segment_distance":7.873150453025403}
{"route_id":"256","stop_id":"10637","stop_lat":34.149452,"stop_lon":-118.116756,"stop_sequence":97,"segment_first_lat":34.1495514367,"segment_first_lon":-118.1167559787,"segment_second_lat":34.1495543042,"segment_second_lon":-118.1157743581,"segment_sequence":970001,"segment_id":49,"segment_len_meter":90.33140882322209,"segment_cum_len":29837.40194305154,"stop_segment_distance":11.771766929144846}
{"route_id":"260","stop_id":"13402","stop_lat":34.135494,"stop_lon":-118.150483,"stop_sequence":17,"segment_first_lat":34.1354938405,"segment_first_lon":-118.1503650489,"segment_second_lat":34.1347656618,"segment_second_lon":-118.1503591126,"segment_sequence":170001,"segment_id":9,"segment_len_meter":80.97162047612579,"segment_cum_len":5415.110590549345,"stop_segment_distance":11.670563238774662}
{"route_id":"265","stop_id":"4302","stop_lat":33.934906,"stop_lon":-118.143509,"stop_sequence":38,"segment_first_lat":33.9349753187,"segment_first_lon":-118.1436379925,"segment_second_lat":33.9358763208,"segment_second_lon":-118.1429571193,"segment_sequence":380001,"segment_id":19,"segment_len_meter":118.24966294030823,"segment_cum_len":14927.514055760657,"stop_segment_distance":15.232888347078884}
{"route_id":"266","stop_id":"17793","stop_lat":33.863988,"stop_lon":-118.142344,"stop_sequence":6,"segment_first_lat":33.8618337734,"segment_first_lon":-118.1424817493,"segment_second_lat":33.8639880517,"segment_second_lon":-118.1424946327,"segment_sequence":50003,"segment_id":3,"segment_len_meter":239.5477711836498,"segment_cum_len":3802.0456323508915,"stop_segment_distance":14.236964508586311}
{"route_id":"33","stop_id":"6969","stop_lat":34.001379,"stop_lon":-118.437732,"stop_sequence":14,"segment_first_lat":34.0014878828,"segment_first_lon":-118.437808856,"segment_second_lat":34.0020425755,"segment_second_lon":-118.4366998798,"segment_sequence":140001,"segment_id":7,"segment_len_meter":119.39424673166434,"segment_cum_len":4564.772727955005,"stop_segment_distance":15.036055603551745}
{"route_id":"344","stop_id":"10930","stop_lat":33.769005,"stop_lon":-118.391403,"stop_sequence":12,"segment_first_lat":33.7685899431,"segment_first_lon":-118.3913775704,"segment_second_lat":33.7689578689,"segment_second_lon":-118.3915484005,"segment_sequence":110011,"segment_id":6,"segment_len_meter":43.853104010168536,"segment_cum_len":4438.528355951519,"stop_segment_distance":16.78462509641981}
{"route_id":"45","stop_id":"11905","stop_lat":34.073766,"stop_lon":-118.215388,"stop_sequence":5,"segment_first_lat":34.0736553449,"segment_first_lon":-118.214363562,"segment_second_lat":34.0736400653,"segment_second_lon":-118.2153838837,"segment_sequence":40003,"segment_id":2,"segment_len_meter":93.99185344792457,"segment_cum_len":951.1699687196678,"stop_segment_distance":15.171013223009908}
{"route_id":"487","stop_id":"14317","stop_lat":34.081892,"stop_lon":-118.035084,"stop_sequence":93,"segment_first_lat":34.0817941827,"segment_first_lon":-118.0349774944,"segment_second_lat":34.0811413062,"segment_second_lon":-118.0358599603,"segment_sequence":930001,"segment_id":47,"segment_len_meter":108.97416068660067,"segment_cum_len":44020.5343605371,"stop_segment_distance":15.557402950511232}
{"route_id":"51","stop_id":"5506","stop_lat":34.027516,"stop_lon":-118.257681,"stop_sequence":30,"segment_first_lat":34.0274570681,"segment_first_lon":-118.2575490368,"segment_second_lat":34.026724288,"segment_second_lon":-118.2580282943,"segment_sequence":300001,"segment_id":15,"segment_len_meter":92.68156241952778,"segment_cum_len":7426.58676394975,"stop_segment_distance":14.804246559671967}
{"route_id":"53","stop_id":"4897","stop_lat":33.883589,"stop_lon":-118.248775,"stop_sequence":6,"segment_first_lat":33.8835638584,"segment_first_lon":-118.2489210794,"segment_second_lat":33.8847695548,"segment_second_lon":-118.2492129458,"segment_sequence":60001,"segment_id":3,"segment_len_meter":136.7476985254493,"segment_cum_len":2710.795514355551,"stop_segment_distance":14.379490350317496}
{"route_id":"60","stop_id":"11519","stop_lat":33.940123,"stop_lon":-118.214668,"stop_sequence":52,"segment_first_lat":33.9407380469,"segment_first_lon":-118.2146960304,"segment_second_lat":33.9401519694,"segment_second_lon":-118.2145201236,"segment_sequence":510003,"segment_id":26,"segment_len_meter":67.15879096197568,"segment_cum_len":16261.649610256682,"stop_segment_distance":15.296887968900165}
{"route_id":"60","stop_id":"13921","stop_lat":34.008249,"stop_lon":-118.230404,"stop_sequence":26,"segment_first_lat":34.008930328,"segment_first_lon":-118.2302602021,"segment_second_lat":34.0082488721,"segment_second_lon":-118.2302530483,"segment_sequence":250004,"segment_id":13,"segment_len_meter":75.77730789543831,"segment_cum_len":8160.473958819306,"stop_segment_distance":15.047756513259515}
{"route_id":"603","stop_id":"13607","stop_lat":34.041974,"stop_lon":-118.284271,"stop_sequence":56,"segment_first_lat":34.0428258989,"segment_first_lon":-118.2841288651,"segment_second_lat":34.0419740791,"segment_second_lon":-118.2841203611,"segment_sequence":550006,"segment_id":28,"segment_len_meter":94.72128103940528,"segment_cum_len":17158.4042416649,"stop_segment_distance":14.78629955550791}
{"route_id":"66","stop_id":"7418","stop_lat":34.050585,"stop_lon":-118.270095,"stop_sequence":16,"segment_first_lat":34.050746943,"segment_first_lon":-118.2702278312,"segment_second_lat":34.0506731129,"segment_second_lon":-118.2700658321,"segment_sequence":150019,"segment_id":8,"segment_len_meter":17.033787970095275,"segment_cum_len":4568.606195168176,"stop_segment_distance":14.897803076652814}
{"route_id":"665","stop_id":"12040","stop_lat":34.042478,"stop_lon":-118.18476,"stop_sequence":10,"segment_first_lat":34.0436839794,"segment_first_lon":-118.1846541001,"segment_second_lat":34.0424776893,"segment_second_lon":-118.1846395548,"segment_sequence":90003,"segment_id":5,"segment_len_meter":134.14003410012646,"segment_cum_len":4261.112538974942,"stop_segment_distance":11.410987940980931}
{"route_id":"76","stop_id":"30020","stop_lat":34.072197,"stop_lon":-118.045125,"stop_sequence":1,"segment_first_lat":34.0724714455,"segment_first_lon":-118.0451053849,"segment_second_lat":34.0724717255,"segment_second_lon":-118.0443492075,"segment_sequence":10001,"segment_id":1,"segment_len_meter":69.64852007403212,"segment_cum_len":69.64852007403212,"stop_segment_distance":38.63315221719145}
{"route_id":"78","stop_id":"2992","stop_lat":34.107666,"stop_lon":-118.02753,"stop_sequence":82,"segment_first_lat":34.1077124743,"segment_first_lon":-118.0280883642,"segment_second_lat":34.1077906361,"segment_second_lon":-118.0275571909,"segment_sequence":810003,"segment_id":41,"segment_len_meter":49.67018546425383,"segment_cum_len":26197.979748081583,"stop_segment_distance":16.07942167403015}
{"route_id":"94","stop_id":"2456","stop_lat":34.045763,"stop_lon":-118.254769,"stop_sequence":91,"segment_first_lat":34.0457013152,"segment_first_lon":-118.2546722202,"segment_second_lat":34.044695034,"segment_second_lon":-118.2555881557,"segment_sequence":910001,"segment_id":46,"segment_len_meter":140.14940752426094,"segment_cum_len":39534.32830364855,"stop_segment_distance":11.807001293951743}
{"route_id":"94","stop_id":"5830","stop_lat":34.161755,"stop_lon":-118.282712,"stop_sequence":57,"segment_first_lat":34.1619441197,"segment_first_lon":-118.2827356546,"segment_second_lat":34.1618490541,"segment_second_lon":-118.2826133552,"segment_sequence":560007,"segment_id":28,"segment_len_meter":15.439018852794664,"segment_cum_len":23629.358798461566,"stop_segment_distance":19.54998817458723}
