{"route_id":"110","stop_id":"14511","stop_lat":33.965949,"stop_lon":-118.138329,"stop_sequence":88,"segment_first_lat":33.9658894098,"segment_first_lon":-118.1382244351,"segment_second_lat":33.9654674949,"segment_second_lon":-118.1385686959,"segment_sequence":880001,"segment_id":44,"segment_len_meter":56.647685849364926,"segment_cum_len":30201.61559018617,"stop_segment_distance":12.977279775809087}
{"route_id":"115","stop_id":"7809","stop_lat":33.959902,"stop_lon":-118.296036,"stop_sequence":37,"segment_first_lat":33.960022266,"segment_first_lon":-118.2976025377,"segment_second_lat":33.9600285932,"segment_second_lon":-118.2960361685,"segment_sequence":360003,"segment_id":18,"segment_len_meter":144.46501765405574,"segment_cum_len":9503.57051994532,"stop_segment_distance":14.708045864202717}
{"route_id":"127","stop_id":"14682","stop_lat":33.896468,"stop_lon":-118.17342,"stop_sequence":29,"segment_first_lat":33.8963675036,"segment_first_lon":-118.1734193188,"segment_second_lat":33.8963553818,"segment_second_lon":-118.1753403675,"segment_sequence":290001,"segment_id":15,"segment_len_meter":177.31233456089987,"segment_cum_len":12019.08389319726,"stop_segment_distance":11.548584930540528}
{"route_id":"14","stop_id":"5378","stop_lat":34.04962,"stop_lon":-118.252576,"stop_sequence":40,"segment_first_lat":34.0496808685,"segment_first_lon":-118.2526673023,"segment_second_lat":34.0508972993,"segment_second_lon":-118.2515069571,"segment_sequence":400001,"segment_id":20,"segment_len_meter":172.4057037792602,"segment_cum_len":13728.07620757068,"stop_segment_distance":11.228409734191132}
{"route_id":"150","stop_id":"6978","stop_lat":34.143437,"stop_lon":-118.395417,"stop_sequence":67,"segment_first_lat":34.1434045946,"segment_first_lon":-118.3972031615,"segment_second_lat":34.1435629062,"segment_second_lon":-118.3954328074,"segment_sequence":660001,"segment_id":33,"segment_len_meter":163.87175247008253,"segment_cum_len":23849.024558694673,"stop_segment_distance":14.621611738534511}
{"route_id":"150","stop_id":"7041","stop_lat":34.172652,"stop_lon":-118.557507,"stop_sequence":22,"segment_first_lat":34.1727793889,"segment_first_lon":-118.5575012665,"segment_second_lat":34.1727596738,"segment_second_lon":-118.5567106464,"segment_sequence":220001,"segment_id":11,"segment_len_meter":72.76759400321541,"segment_cum_len":8493.319527336682,"stop_segment_distance":15.641179991841568}
{"route_id":"154","stop_id":"12919","stop_lat":34.172086,"stop_lon":-118.536152,"stop_sequence":66,"segment_first_lat":34.1720865771,"segment_first_lon":-118.5359992453,"segment_second_lat":34.1713501685,"segment_second_lon":-118.5359922065,"segment_sequence":660001,"segment_id":33,"segment_len_meter":81.88746069118386,"segment_cum_len":28164.87422902859,"stop_segment_distance":15.296624002990995}
{"route_id":"155","stop_id":"8611","stop_lat":34.180621,"stop_lon":-118.308731,"stop_sequence":52,"segment_first_lat":34.1807040702,"segment_first_lon":-118.3088474534,"segment_second_lat":34.1808492722,"segment_second_lon":-118.3086952352,"segment_sequence":520001,"segment_id":26,"segment_len_meter":21.37166229858009,"segment_cum_len":19932.222868405475,"stop_segment_distance":18.368200348252934}
{"route_id":"163","stop_id":"6182","stop_lat":34.201079,"stop_lon":-118.424862,"stop_sequence":51,"segment_first_lat":34.2012023549,"segment_first_lon":-118.4264306202,"segment_second_lat":34.2012053973,"segment_second_lon":-118.4248630207,"segment_sequence":500004,"segment_id":25,"segment_len_meter":144.16601822141004,"segment_cum_len":19059.13844092608,"stop_segment_distance":14.799256295337983}
{"route_id":"164","stop_id":"7118","stop_lat":34.186553,"stop_lon":-118.634545,"stop_sequence":81,"segment_first_lat":34.18642752,"segment_first_lon":-118.6332944264,"segment_second_lat":34.1864259155,"segment_second_lon":-118.6345443301,"segment_sequence":800002,"segment_id":40,"segment_len_meter":114.96874001032549,"segment_cum_len":32042.757380582287,"stop_segment_distance":15.035798220382304}
{"route_id":"166","stop_id":"12621","stop_lat":34.23738,"stop_lon":-118.432293,"stop_sequence":51,"segment_first_lat":34.2374765012,"segment_first_lon":-118.4323941259,"segment_second_lat":34.2396873263,"segment_second_lon":-118.4293436785,"segment_sequence":510001,"segment_id":26,"segment_len_meter":372.9139744510346,"segment_cum_len":21714.855487708304,"stop_segment_distance":14.550993644936966}
{"route_id":"169","stop_id":"15098","stop_lat":34.183037,"stop_lon":-118.655902,"stop_sequence":27,"segment_first_lat":34.1830510149,"segment_first_lon":-118.6560540876,"segment_second_lat":34.1837456144,"segment_second_lon":-118.6559669593,"segment_sequence":270001,"segment_id":14,"segment_len_meter":77.65064733102534,"segment_cum_len":12080.05633787089,"stop_segment_distance":15.446327245262353}
{"route_id":"176","stop_id":"16067","stop_lat":34.102446,"stop_lon":-118.11127,"stop_sequence":62,"segment_first_lat":34.102328473,"segment_first_lon":-118.111218179,"segment_second_lat":34.1020911787,"segment_second_lon":-118.1119792641,"segment_sequence":620001,"segment_id":31,"segment_len_meter":74.87891571591496,"segment_cum_len":24739.43223382482,"stop_segment_distance":15.330881073717507}
{"route_id":"20","stop_id":"3161","stop_lat":34.042894,"stop_lon":-118.248198,"stop_sequence":1,"segment_first_lat":34.0428949338,"segment_first_lon":-118.2481981503,"segment_second_lat":34.0426502823,"segment_second_lon":-118.2478412556,"segment_sequence":10001,"segment_id":1,"segment_len_meter":42.67779742088157,"segment_cum_len":42.67779742088157,"stop_segment_distance":0.027955965421178064}
{"route_id":"201","stop_id":"9265","stop_lat":34.152408,"stop_lon":-118.231657,"stop_sequence":2,"segment_first_lat":34.1522938416,"segment_first_lon":-118.2315721054,"segment_second_lat":34.1522262429,"segment_second_lon":-118.2317160268,"segment_sequence":20001,"segment_id":1,"segment_len_meter":15.227965706477894,"segment_cum_len":233.1190393811247,"stop_segment_distance":20.604673138356794}
{"route_id":"202","stop_id":"14164","stop_lat":33.916374,"stop_lon":-118.231937,"stop_sequence":7,"segment_first_lat":33.9180268241,"segment_first_lon":-118.2326274533,"segment_second_lat":33.9164129042,"segment_second_lon":-118.2318296392,"segment_sequence":60003,"segment_id":3,"segment_len_meter":193.97263168787296,"segment_cum_len":2086.5187273808783,"stop_segment_distance":11.352974000898513}
{"route_id":"209","stop_id":"862","stop_lat":33.925047,"stop_lon":-118.326344,"stop_sequence":8,"segment_first_lat":33.9242693951,"segment_first_lon":-118.3264859489,"segment_second_lat":33.9250470289,"segment_second_lon":-118.3264889788,"segment_sequence":70007,"segment_id":4,"segment_len_meter":86.4693852590827,"segment_cum_len":2708.715280560196,"stop_segment_distance":14.359251295325492}
{"route_id":"212","stop_id":"12866","stop_lat":33.934712,"stop_lon":-118.344055,"stop_sequence":67,"segment_first_lat":33.9348359446,"segment_first_lon":-118.3439006234,"segment_second_lat":33.9347095447,"segment_second_lon":-118.3439001045,"segment_sequence":660006,"segment_id":33,"segment_len_meter":14.05510913352825,"segment_cum_len":22415.23636398471,"stop_segment_distance":20.056172785965998}
{"route_id":"224","stop_id":"11216","stop_lat":34.326157,"stop_lon":-118.446979,"stop_sequence":70,"segment_first_lat":34.3253987461,"segment_first_lon":-118.4470610388,"segment_second_lat":34.3261517624,"segment_second_lon":-118.4471101211,"segment_sequence":690006,"segment_id":35,"segment_len_meter":83.85281465353683,"segment_cum_len":27016.317663342845,"stop_segment_distance":12.851912055818715}
{"route_id":"234","stop_id":"6123","stop_lat":34.317973,"stop_lon":-118.42515,"stop_sequence":5,"segment_first_lat":34.3179041829,"segment_first_lon":-118.4250637378,"segment_second_lat":34.316869133,"segment_second_lon":-118.4262139466,"segment_sequence":50001,"segment_id":3,"segment_len_meter":156.22024530612728,"segment_cum_len":1966.4426650467556,"stop_segment_distance":11.681825319746224}
{"route_id":"239","stop_id":"16560","stop_lat":34.197381,"stop_lon":-118.518433,"stop_sequence":13,"segment_first_lat":34.1955444964,"segment_first_lon":-118.5185740909,"segment_second_lat":34.1973800497,"segment_second_lon":-118.5185854877,"segment_sequence":120003,"segment_id":6,"segment_len_meter":204.10690597598338,"segment_cum_len":4270.884062521343,"stop_segment_distance":14.539537805522002}
{"route_id":"239","stop_id":"20026","stop_lat":34.275648,"stop_lon":-118.476056,"stop_sequence":50,"segment_first_lat":34.2791104664,"segment_first_lon":-118.4759006154,"segment_second_lat":34.275647965,"segment_second_lon":-118.4759381334,"segment_sequence":490002,"segment_id":25,"segment_len_meter":385.0280215614206,"segment_cum_len":19316.981120487995,"stop_segment_distance":11.075424125401355}
{"route_id":"243","stop_id":"14824","stop_lat":34.263746,"stop_lon":-118.556063,"stop_sequence":67,"segment_first_lat":34.2638136013,"segment_first_lon":-118.5561917612,"segment_second_lat":34.2639299655,"segment_second_lon":-118.5561041675,"segment_sequence":670001,"segment_id":34,"segment_len_meter":15.238673672202731,"segment_cum_len":29293.906975140955,"stop_segment_distance":19.582815324959917}
{"route_id":"256","stop_id":"3679","stop_lat":34.170801,"stop_lon":-118.132016,"stop_sequence":112,"segment_first_lat":34.1708060237,"segment_first_lon":-118.1321700326,"segment_second_lat":34.1714682942,"segment_second_lon":-118.1321396733,"segment_sequence":1120001,"segment_id":56,"segment_len_meter":73.69406647792242,"segment_cum_len":34284.08545102074,"stop_segment_distance":15.554779029271828}
{"route_id":"258","stop_id":"10317","stop_lat":33.959647,"stop_lon":-118.165455,"stop_sequence":70,"segment_first_lat":33.9599077726,"segment_first_lon":-118.1653957842,"segment_second_lat":33.9596853141,"segment_second_lon":-118.1653102657,"segment_sequence":690012,"segment_id":35,"segment_len_meter":25.963259220818145,"segment_cum_len":25555.065744395728,"stop_segment_distance":17.555170291840547}
{"route_id":"260","stop_id":"3710","stop_lat":33.874417,"stop_lon":-118.203049,"stop_sequence":98,"segment_first_lat":33.8742907618,"segment_first_lon":-118.2030485831,"segment_second_lat":33.8742864329,"segment_second_lon":-118.2056016448,"segment_sequence":980001,"segment_id":49,"segment_len_meter":235.701640829503,"segment_cum_len":40382.242593437804,"stop_segment_distance":14.444737877327071}
{"route_id":"265","stop_id":"4281","stop_lat":33.953329,"stop_lon":-118.129998,"stop_sequence":45,"segment_first_lat":33.9526246074,"segment_first_lon":-118.1306898328,"segment_second_lat":33.9533946122,"segment_second_lon":-118.1301275095,"segment_sequence":440003,"segment_id":22,"segment_len_meter":100.10497132880519,"segment_cum_len":17206.81676182924,"stop_segment_distance":14.920484516654412}
{"route_id":"266","stop_id":"17838","stop_lat":33.938881,"stop_lon":-118.12183,"stop_sequence":29,"segment_first_lat":33.938702011,"segment_first_lon":-118.1221293625,"segment_second_lat":33.938943441,"segment_second_lon":-118.121961906,"segment_sequence":280008,"segment_id":14,"segment_len_meter":30.97319317589351,"segment_cum_len":12670.166639290668,"stop_segment_distance":17.077739047907063}
{"route_id":"267","stop_id":"5446","stop_lat":34.137277,"stop_lon":-118.073108,"stop_sequence":26,"segment_first_lat":34.1359746025,"segment_first_lon":-118.0732452316,"segment_second_lat":34.1372770848,"segment_second_lon":-118.0732582697,"segment_sequence":250002,"segment_id":13,"segment_len_meter":144.83439489942805,"segment_cum_len":9917.946109065164,"stop_segment_distance":14.365477302140022}
{"route_id":"53","stop_id":"4887","stop_lat":33.989646,"stop_lon":-118.256258,"stop_sequence":48,"segment_first_lat":33.9896452647,"segment_first_lon":-118.25643945,"segment_second_lat":33.9901810939,"segment_second_lon":-118.2564410911,"segment_sequence":480001,"segment_id":24,"segment_len_meter":59.581680697469885,"segment_cum_len":16800.97224993317,"stop_segment_distance":18.995355874574763}
{"route_id":"60","stop_id":"12214","stop_lat":33.900949,"stop_lon":-118.208485,"stop_sequence":65,"segment_first_lat":33.9018589782,"segment_first_lon":-118.208345122,"segment_second_lat":33.9009575096,"segment_second_lon":-118.2082891672,"segment_sequence":640004,"segment_id":32,"segment_len_meter":100.37167185112504,"segment_cum_len":20676.883008393543,"stop_segment_distance":19.732066495777516}
{"route_id":"60","stop_id":"12698","stop_lat":33.987366,"stop_lon":-118.225348,"stop_sequence":34,"segment_first_lat":33.9892212344,"segment_first_lon":-118.2252017052,"segment_second_lat":33.98736644,"segment_second_lon":-118.2251967165,"segment_sequence":330002,"segment_id":17,"segment_len_meter":206.24424011152382,"segment_cum_len":10817.495143552924,"stop_segment_distance":14.43707989794541}
{"route_id":"605","stop_id":"3800","stop_lat":34.062581,"stop_lon":-118.211288,"stop_sequence":25,"segment_first_lat":34.0628013309,"segment_first_lon":-118.2112057271,"segment_second_lat":34.0624143391,"segment_second_lon":-118.2109439161,"segment_sequence":250002,"segment_id":13,"segment_len_meter":49.32900476603985,"segment_cum_len":7334.359199758357,"stop_segment_distance":13.032055614662099}
{"route_id":"66","stop_id":"1607","stop_lat":34.018664,"stop_lon":-118.170426,"stop_sequence":51,"segment_first_lat":34.0188446419,"segment_first_lon":-118.1706767073,"segment_second_lat":34.0187867953,"segment_second_lon":-118.1703878418,"segment_sequence":500006,"segment_id":25,"segment_len_meter":27.38910901390437,"segment_cum_len":15525.52687598752,"stop_segment_distance":17.327181868404214}
{"route_id":"754","stop_id":"14081","stop_lat":33.959814,"stop_lon":-118.291824,"stop_sequence":20,"segment_first_lat":33.9598141831,"segment_first_lon":-118.2916686521,"segment_second_lat":33.9589815642,"segment_second_lon":-118.2916763051,"segment_sequence":200001,"segment_id":10,"segment_len_meter":92.58568798415652,"segment_cum_len":16601.751178129387,"stop_segment_distance":15.301379463777224}
{"route_id":"76","stop_id":"16400","stop_lat":34.077374,"stop_lon":-118.145798,"stop_sequence":32,"segment_first_lat":34.077247643,"segment_first_lon":-118.1457870727,"segment_second_lat":34.0772052745,"segment_second_lon":-118.1465108576,"segment_sequence":320001,"segment_id":16,"segment_len_meter":66.82749493208956,"segment_cum_len":10921.83188891747,"stop_segment_distance":15.541545957358181}
{"route_id":"81","stop_id":"13495","stop_lat":34.046123,"stop_lon":-118.261373,"stop_sequence":53,"segment_first_lat":34.0472656797,"segment_first_lon":-118.260085506,"segment_second_lat":34.0460487072,"segment_second_lon":-118.2612040814,"segment_sequence":520005,"segment_id":26,"segment_len_meter":170.09692779350294,"segment_cum_len":17830.299437409874,"stop_segment_distance":21.348939182395156}
{"route_id":"94","stop_id":"14203","stop_lat":34.269087,"stop_lon":-118.42547,"stop_sequence":10,"segment_first_lat":34.2699473478,"segment_first_lon":-118.4261761981,"segment_second_lat":34.2691690128,"segment_second_lon":-118.4253540163,"segment_sequence":90005,"segment_id":5,"segment_len_meter":114.8841308969378,"segment_cum_len":3780.5599687699346,"stop_segment_distance":14.742127960283923}
{"route_id":"96","stop_id":"12098","stop_lat":34.062916,"stop_lon":-118.239581,"stop_sequence":40,"segment_first_lat":34.0644318362,"segment_first_lon":-118.2386905266,"segment_second_lat":34.0628780204,"segment_second_lon":-118.2394705809,"segment_sequence":390002,"segment_id":20,"segment_len_meter":187.12259464719446,"segment_cum_len":20392.60144306695,"stop_segment_distance":11.343520361252558}
