{"route_id":"10","stop_id":"11688","stop_lat":34.083701,"stop_lon":-118.297617,"stop_sequence":38,"segment_first_lat":34.0835788816,"segment_first_lon":-118.2969952934,"segment_second_lat":34.0835751554,"segment_second_lon":-118.2976161573,"segment_sequence":370004,"segment_id":19,"segment_len_meter":57.1793246154538,"segment_cum_len":10209.669867416076,"stop_segment_distance":15.657754965067063}
{"route_id":"105","stop_id":"10247","stop_lat":34.004035,"stop_lon":-118.26069,"stop_sequence":10,"segment_first_lat":34.003909954,"segment_first_lon":-118.2587597269,"segment_second_lat":34.0039082734,"segment_second_lon":-118.2606898659,"segment_sequence":90002,"segment_id":5,"segment_len_meter":177.9213332473527,"segment_cum_len":3135.5268427182527,"stop_segment_distance":14.645941830075685}
{"route_id":"111","stop_id":"1970","stop_lat":33.96726,"stop_lon":-118.160302,"stop_sequence":65,"segment_first_lat":33.9673849789,"segment_first_lon":-118.1602815846,"segment_second_lat":33.9671454131,"segment_second_lon":-118.1579544319,"segment_sequence":650001,"segment_id":33,"segment_len_meter":216.25760789522838,"segment_cum_len":24398.804603810302,"stop_segment_distance":14.634532894121378}
{"route_id":"127","stop_id":"9882","stop_lat":33.896167,"stop_lon":-118.207728,"stop_sequence":38,"segment_first_lat":33.8960379403,"segment_first_lon":-118.2074014233,"segment_second_lat":33.8960373785,"segment_second_lon":-118.207727641,"segment_sequence":370006,"segment_id":19,"segment_len_meter":30.10912466165722,"segment_cum_len":15008.637804255224,"stop_segment_distance":17.688227394189255}
{"route_id":"130","stop_id":"13000066","stop_lat":33.872986,"stop_lon":-118.353872,"stop_sequence":62,"segment_first_lat":33.8728328376,"segment_first_lon":-118.3526890041,"segment_second_lat":33.8728565651,"segment_second_lon":-118.3538747024,"segment_sequence":610004,"segment_id":31,"segment_len_meter":109.49846742624943,"segment_cum_len":30126.270125892606,"stop_segment_distance":15.433189319752316}
{"route_id":"14","stop_id":"433","stop_lat":34.075524,"stop_lon":-118.286964,"stop_sequence":51,"segment_first_lat":34.0749120258,"segment_first_lon":-118.286783851,"segment_second_lat":34.0754699079,"segment_second_lon":-118.2871040975,"segment_sequence":500015,"segment_id":25,"segment_len_meter":68.68894222480687,"segment_cum_len":18636.862334322694,"stop_segment_distance":15.589502162509959}
{"route_id":"150","stop_id":"7011","stop_lat":34.146801,"stop_lon":-118.424583,"stop_sequence":58,"segment_first_lat":34.1469245671,"segment_first_lon":-118.4245540153,"segment_second_lat":34.1467763028,"segment_second_lon":-118.4236575933,"segment_sequence":580001,"segment_id":29,"segment_len_meter":84.12457962079655,"segment_cum_len":21156.174902936087,"stop_segment_distance":15.076936553664893}
{"route_id":"152","stop_id":"14990","stop_lat":34.230463,"stop_lon":-118.377133,"stop_sequence":25,"segment_first_lat":34.2303687202,"segment_first_lon":-118.3770349657,"segment_second_lat":34.2277762085,"segment_second_lon":-118.380594846,"segment_sequence":250001,"segment_id":13,"segment_len_meter":436.1348764801256,"segment_cum_len":10343.33573600278,"stop_segment_distance":14.209819064097701}
{"route_id":"155","stop_id":"18069","stop_lat":34.164038,"stop_lon":-118.326292,"stop_sequence":46,"segment_first_lat":34.1635196268,"segment_first_lon":-118.3270340422,"segment_second_lat":34.1641198103,"segment_second_lon":-118.3264069814,"segment_sequence":450007,"segment_id":23,"segment_len_meter":88.21815513645797,"segment_cum_len":17459.01686585533,"stop_segment_distance":15.085233063611525}
{"route_id":"166","stop_id":"12626","stop_lat":34.249084,"stop_lon":-118.416242,"stop_sequence":56,"segment_first_lat":34.2476890893,"segment_first_lon":-118.4183888763,"segment_second_lat":34.2491805649,"segment_second_lon":-118.4163404058,"segment_sequence":550002,"segment_id":28,"segment_len_meter":250.90867959312456,"segment_cum_len":23309.506604121256,"stop_segment_distance":14.122322861484548}
{"route_id":"166","stop_id":"4147","stop_lat":34.246964,"stop_lon":-118.41915,"stop_sequence":55,"segment_first_lat":34.2470590447,"segment_first_lon":-118.4192487109,"segment_second_lat":34.2476890893,"segment_second_lon":-118.4183888763,"segment_sequence":550001,"segment_id":28,"segment_len_meter":105.6132620532447,"segment_cum_len":23058.59792452813,"stop_segment_distance":15.062357803907446}
{"route_id":"176","stop_id":"2180","stop_lat":34.062557,"stop_lon":-118.077387,"stop_sequence":15,"segment_first_lat":34.0626717721,"segment_first_lon":-118.0787972416,"segment_second_lat":34.0626847743,"segment_second_lon":-118.077387428,"segment_sequence":140004,"segment_id":7,"segment_len_meter":129.87541862013532,"segment_cum_len":5140.288665222734,"stop_segment_distance":14.864753967733861}
{"route_id":"180","stop_id":"3676","stop_lat":34.173475,"stop_lon":-118.131895,"stop_sequence":85,"segment_first_lat":34.1733039639,"segment_first_lon":-118.1320566188,"segment_second_lat":34.1734823103,"segment_second_lon":-118.1320479743,"segment_sequence":840005,"segment_id":42,"segment_len_meter":19.847154029039494,"segment_cum_len":25885.116907838194,"stop_segment_distance":18.38984900382829}
{"route_id":"183","stop_id":"16070","stop_lat":34.167693,"stop_lon":-118.347124,"stop_sequence":34,"segment_first_lat":34.1675417873,"segment_first_lon":-118.3479758872,"segment_second_lat":34.1678103452,"segment_second_lon":-118.3471799597,"segment_sequence":330004,"segment_id":17,"segment_len_meter":79.08214306557593,"segment_cum_len":13630.26668186077,"stop_segment_distance":15.1040481742492}
{"route_id":"2","stop_id":"2442","stop_lat":34.064259,"stop_lon":-118.440904,"stop_sequence":4,"segment_first_lat":34.0642807202,"segment_first_lon":-118.4410232557,"segment_second_lat":34.0644947309,"segment_second_lon":-118.4409616498,"segment_sequence":40001,"segment_id":2,"segment_len_meter":24.464181936235825,"segment_cum_len":575.5646373941767,"stop_segment_distance":13.528013938278697}
{"route_id":"207","stop_id":"3992","stop_lat":34.083906,"stop_lon":-118.308978,"stop_sequence":53,"segment_first_lat":34.0839056653,"segment_first_lon":-118.3091293682,"segment_second_lat":34.0844992164,"segment_second_lon":-118.3091256174,"segment_sequence":530001,"segment_id":27,"segment_len_meter":66.00077493922565,"segment_cum_len":19340.0391371027,"stop_segment_distance":15.288292350820427}
{"route_id":"207","stop_id":"5718","stop_lat":33.935079,"stop_lon":-118.308861,"stop_sequence":4,"segment_first_lat":33.9338366887,"segment_first_lon":-118.3090345666,"segment_second_lat":33.9350787281,"segment_second_lon":-118.3090305765,"segment_sequence":30002,"segment_id":2,"segment_len_meter":138.10897054677488,"segment_cum_len":2724.7488831073606,"stop_segment_distance":16.59904125128159}
{"route_id":"207","stop_id":"5748","stop_lat":34.05956,"stop_lon":-118.308915,"stop_sequence":44,"segment_first_lat":34.0580565639,"segment_first_lon":-118.3090642283,"segment_second_lat":34.0595596446,"segment_second_lon":-118.3090668098,"segment_sequence":430003,"segment_id":22,"segment_len_meter":167.1351173625627,"segment_cum_len":16566.845910179818,"stop_segment_distance":14.588406515081488}
{"route_id":"209","stop_id":"5603","stop_lat":33.94169,"stop_lon":-118.317626,"stop_sequence":15,"segment_first_lat":33.9390239583,"segment_first_lon":-118.3177540657,"segment_second_lat":33.9416893999,"segment_second_lon":-118.3177453829,"segment_sequence":140003,"segment_id":7,"segment_len_meter":296.3846655238103,"segment_cum_len":5363.888237020991,"stop_segment_distance":11.313991456878114}
{"route_id":"217","stop_id":"13409","stop_lat":34.068383,"stop_lon":-118.361541,"stop_sequence":25,"segment_first_lat":34.069040228,"segment_first_lon":-118.3613914764,"segment_second_lat":34.0683834931,"segment_second_lon":-118.3613886391,"segment_sequence":240004,"segment_id":12,"segment_len_meter":73.02605667802136,"segment_cum_len":7226.465004871554,"stop_segment_distance":15.374971173887786}
{"route_id":"230","stop_id":"2911","stop_lat":34.264477,"stop_lon":-118.438361,"stop_sequence":14,"segment_first_lat":34.2645585036,"segment_first_lon":-118.4382463535,"segment_second_lat":34.2639902206,"segment_second_lon":-118.4376436526,"segment_sequence":140001,"segment_id":7,"segment_len_meter":84.02769179443574,"segment_cum_len":4654.663018816765,"stop_segment_distance":15.166100207566132}
{"route_id":"232","stop_id":"17629","stop_lat":33.782852,"stop_lon":-118.212469,"stop_sequence":14,"segment_first_lat":33.7827249847,"segment_first_lon":-118.2124688038,"segment_second_lat":33.7827313828,"segment_second_lon":-118.2138212952,"segment_sequence":140001,"segment_id":7,"segment_len_meter":124.99914423394837,"segment_cum_len":4576.798403308669,"stop_segment_distance":14.820809163001215}
{"route_id":"232","stop_id":"23200077","stop_lat":33.779966,"stop_lon":-118.26524,"stop_sequence":26,"segment_first_lat":33.7798400706,"segment_first_lon":-118.2652289535,"segment_second_lat":33.7797772356,"segment_second_lon":-118.266308395,"segment_sequence":260001,"segment_id":13,"segment_len_meter":100.00963713281423,"segment_cum_len":9440.493756812997,"stop_segment_distance":14.980688722402249}
{"route_id":"232","stop_id":"23200108","stop_lat":33.863373,"stop_lon":-118.392475,"stop_sequence":70,"segment_first_lat":33.8633422302,"segment_first_lon":-118.3926199017,"segment_second_lat":33.8639953081,"segment_second_lon":-118.3928143352,"segment_sequence":700001,"segment_id":35,"segment_len_meter":74.80511274504967,"segment_cum_len":27720.55479288651,"stop_segment_distance":14.964917618686655}
{"route_id":"236","stop_id":"353","stop_lat":34.186361,"stop_lon":-118.500949,"stop_sequence":7,"segment_first_lat":34.1859207666,"segment_first_lon":-118.5011050314,"segment_second_lat":34.1863631943,"segment_second_lon":-118.5011014029,"segment_sequence":60010,"segment_id":3,"segment_len_meter":49.196847787592276,"segment_cum_len":2898.1193388580677,"stop_segment_distance":15.835901460810788}
{"route_id":"237","stop_id":"11219","stop_lat":34.176031,"stop_lon":-118.457314,"stop_sequence":50,"segment_first_lat":34.1760310098,"segment_first_lon":-118.457432422,"segment_second_lat":34.1775615791,"segment_second_lon":-118.4574351821,"segment_sequence":500001,"segment_id":25,"segment_len_meter":170.19173044070655,"segment_cum_len":19820.125361228183,"stop_segment_distance":11.259639507486185}
{"route_id":"251","stop_id":"9149","stop_lat":33.941602,"stop_lon":-118.207992,"stop_sequence":53,"segment_first_lat":33.9415917211,"segment_first_lon":-118.2078409254,"segment_second_lat":33.9391173628,"segment_second_lon":-118.2081146883,"segment_sequence":530001,"segment_id":27,"segment_len_meter":276.292700700149,"segment_cum_len":20244.506780108277,"stop_segment_distance":14.201211888696776}
{"route_id":"252","stop_id":"5579","stop_lat":34.03413,"stop_lon":-118.215645,"stop_sequence":4,"segment_first_lat":34.0338798593,"segment_first_lon":-118.215968069,"segment_second_lat":34.0341882299,"segment_second_lon":-118.2157807316,"segment_sequence":30004,"segment_id":2,"segment_len_meter":38.389508524753445,"segment_cum_len":1150.5835345331825,"stop_segment_distance":16.436308596706432}
{"route_id":"260","stop_id":"16933","stop_lat":33.927864,"stop_lon":-118.184844,"stop_sequence":83,"segment_first_lat":33.9298278207,"segment_first_lon":-118.1838790431,"segment_second_lat":33.9278242161,"segment_second_lon":-118.1846980844,"segment_sequence":820002,"segment_id":41,"segment_len_meter":235.25720583903538,"segment_cum_len":32264.393762265805,"stop_segment_distance":14.731800627373872}
{"route_id":"268","stop_id":"10274","stop_lat":34.16914,"stop_lon":-118.12481,"stop_sequence":67,"segment_first_lat":34.1690411912,"segment_first_lon":-118.1248099501,"segment_second_lat":34.1690323426,"segment_second_lon":-118.1256595542,"segment_sequence":670001,"segment_id":34,"segment_len_meter":78.17055676961206,"segment_cum_len":25995.23190131852,"stop_segment_distance":11.887631955075804}
{"route_id":"30","stop_id":"1149","stop_lat":34.047592,"stop_lon":-118.22761,"stop_sequence":36,"segment_first_lat":34.0477217546,"segment_first_lon":-118.2275979787,"segment_second_lat":34.0476654342,"segment_second_lon":-118.2267157676,"segment_sequence":360001,"segment_id":18,"segment_len_meter":81.5216409651887,"segment_cum_len":11914.643236188553,"stop_segment_distance":15.740873398800744}
{"route_id":"30","stop_id":"9059","stop_lat":34.053405,"stop_lon":-118.245546,"stop_sequence":32,"segment_first_lat":34.0523938699,"segment_first_lon":-118.2466717458,"segment_second_lat":34.0534805065,"segment_second_lon":-118.2456647378,"segment_sequence":310002,"segment_id":16,"segment_len_meter":152.33625291457128,"segment_cum_len":9965.676403250718,"stop_segment_distance":14.414880662098852}
{"route_id":"33","stop_id":"6907","stop_lat":33.99808,"stop_lon":-118.444231,"stop_sequence":12,"segment_first_lat":33.9981891887,"segment_first_lon":-118.4443134387,"segment_second_lat":33.9993550266,"segment_second_lon":-118.442017421,"segment_sequence":120001,"segment_id":6,"segment_len_meter":248.2048527878836,"segment_cum_len":3990.65024650809,"stop_segment_distance":14.59734785885243}
{"route_id":"33","stop_id":"6913","stop_lat":34.043437,"stop_lon":-118.31788,"stop_sequence":51,"segment_first_lat":34.0435689644,"segment_first_lon":-118.3188871908,"segment_second_lat":34.0435644746,"segment_second_lon":-118.3178803806,"segment_sequence":500004,"segment_id":25,"segment_len_meter":92.76628324020255,"segment_cum_len":17021.939842699474,"stop_segment_distance":15.361329800251397}
{"route_id":"4","stop_id":"4787","stop_lat":34.048187,"stop_lon":-118.250466,"stop_sequence":8,"segment_first_lat":34.0482659327,"segment_first_lon":-118.2505852918,"segment_second_lat":34.0495085066,"segment_second_lon":-118.2493966237,"segment_sequence":80001,"segment_id":4,"segment_len_meter":176.30566437840218,"segment_cum_len":2465.4262247844404,"stop_segment_distance":14.676584336237482}
{"route_id":"4","stop_id":"6056","stop_lat":34.090912,"stop_lon":-118.309493,"stop_sequence":40,"segment_first_lat":34.0907848721,"segment_first_lon":-118.3094923458,"segment_second_lat":34.0907790273,"segment_second_lon":-118.3109125384,"segment_sequence":400001,"segment_id":20,"segment_len_meter":130.78166462149687,"segment_cum_len":12377.905728523496,"stop_segment_distance":14.907718739343636}
{"route_id":"40","stop_id":"13270","stop_lat":34.025575,"stop_lon":-118.269757,"stop_sequence":19,"segment_first_lat":34.0263126169,"segment_first_lon":-118.2691225508,"segment_second_lat":34.0255203615,"segment_second_lon":-118.2696355015,"segment_sequence":180006,"segment_id":9,"segment_len_meter":99.97657035588934,"segment_cum_len":7438.693166468009,"stop_segment_distance":13.488576464416894}
{"route_id":"45","stop_id":"13225","stop_lat":33.923456,"stop_lon":-118.278394,"stop_sequence":63,"segment_first_lat":33.9234561025,"segment_first_lon":-118.2782431434,"segment_second_lat":33.9225245834,"segment_second_lon":-118.2782426872,"segment_sequence":630001,"segment_id":32,"segment_len_meter":103.58020654529649,"segment_cum_len":21332.40404570953,"stop_segment_distance":14.844578461465147}
{"route_id":"577","stop_id":"1527","stop_lat":33.774501,"stop_lon":-118.118978,"stop_sequence":8,"segment_first_lat":33.7751440233,"segment_first_lon":-118.1188839799,"segment_second_lat":33.7745010349,"segment_second_lon":-118.1188886629,"segment_sequence":70008,"segment_id":4,"segment_len_meter":71.49835817097023,"segment_cum_len":46200.42132603699,"stop_segment_distance":8.786047960015239}
{"route_id":"611","stop_id":"807","stop_lat":33.979884,"stop_lon":-118.247533,"stop_sequence":31,"segment_first_lat":33.9792161921,"segment_first_lon":-118.2476864944,"segment_second_lat":33.9798839173,"segment_second_lon":-118.2476884694,"segment_sequence":300003,"segment_id":15,"segment_len_meter":74.24787796366171,"segment_cum_len":9066.193608088386,"stop_segment_distance":15.681042641150057}
{"route_id":"66","stop_id":"7441","stop_lat":34.046201,"stop_lon":-118.263099,"stop_sequence":18,"segment_first_lat":34.0462914469,"segment_first_lon":-118.2630554153,"segment_second_lat":34.0462455893,"segment_second_lon":-118.2629146459,"segment_sequence":180001,"segment_id":9,"segment_len_meter":13.936098917460969,"segment_cum_len":5447.451356855395,"stop_segment_distance":14.5874316861432}
{"route_id":"71","stop_id":"3935","stop_lat":34.054699,"stop_lon":-118.242704,"stop_sequence":13,"segment_first_lat":34.0529562218,"segment_first_lon":-118.2444417082,"segment_second_lat":34.0547426851,"segment_second_lon":-118.2427704793,"segment_sequence":120005,"segment_id":6,"segment_len_meter":251.32657488975624,"segment_cum_len":3894.995317480248,"stop_segment_distance":7.851065900807583}
{"route_id":"720","stop_id":"15689","stop_lat":34.048354,"stop_lon":-118.250875,"stop_sequence":13,"segment_first_lat":34.0482613056,"segment_first_lon":-118.2509609476,"segment_second_lat":34.0484658973,"segment_second_lon":-118.2512850738,"segment_sequence":130001,"segment_id":7,"segment_len_meter":37.54077757287474,"segment_cum_len":10704.302169901111,"stop_segment_distance":15.23404388307231}
{"route_id":"754","stop_id":"140953","stop_lat":33.988876,"stop_lon":-118.291609,"stop_sequence":18,"segment_first_lat":33.9888760562,"segment_first_lon":-118.2914561726,"segment_second_lat":33.9883567202,"segment_second_lon":-118.2914520557,"segment_sequence":180001,"segment_id":9,"segment_len_meter":57.748775827948556,"segment_cum_len":13333.407527705844,"stop_segment_distance":15.868152883810133}
{"route_id":"770","stop_id":"671","stop_lat":34.040347,"stop_lon":-118.19213,"stop_sequence":13,"segment_first_lat":34.0404781897,"segment_first_lon":-118.1921352853,"segment_second_lat":34.0404832298,"segment_second_lon":-118.1913840283,"segment_sequence":130001,"segment_id":7,"segment_len_meter":69.22370314166642,"segment_cum_len":9299.420506100514,"stop_segment_distance":15.755961971234058}
{"route_id":"78","stop_id":"11126","stop_lat":34.08505,"stop_lon":-118.186704,"stop_sequence":29,"segment_first_lat":34.0850357779,"segment_first_lon":-118.1869911598,"segment_second_lat":34.0851295372,"segment_second_lon":-118.1867767011,"segment_sequence":280009,"segment_id":14,"segment_len_meter":22.332820523320084,"segment_cum_len":10666.103002595837,"stop_segment_distance":15.252196973501608}
{"route_id":"780","stop_id":"3499","stop_lat":34.097918,"stop_lon":-118.361384,"stop_sequence":11,"segment_first_lat":34.0968456365,"segment_first_lon":-118.3615281601,"segment_second_lat":34.0979172882,"segment_second_lon":-118.3615357661,"segment_sequence":100010,"segment_id":5,"segment_len_meter":119.16429024454911,"segment_cum_len":7577.349494471161,"stop_segment_distance":14.788261367814528}
{"route_id":"81","stop_id":"10440","stop_lat":34.037235,"stop_lon":-118.270389,"stop_sequence":57,"segment_first_lat":34.0374173171,"segment_first_lon":-118.2700989677,"segment_second_lat":34.0371751548,"segment_second_lon":-118.2702552996,"segment_sequence":560008,"segment_id":28,"segment_len_meter":30.538201477571633,"segment_cum_len":19262.13867650662,"stop_segment_distance":17.00786310897834}
{"route_id":"83","stop_id":"11901","stop_lat":34.066943,"stop_lon":-118.235908,"stop_sequence":41,"segment_first_lat":34.0668823251,"segment_first_lon":-118.2357839454,"segment_second_lat":34.0667593516,"segment_second_lon":-118.2358575606,"segment_sequence":410001,"segment_id":21,"segment_len_meter":15.2629979441982,"segment_cum_len":12061.290261147222,"stop_segment_distance":18.94964858693613}
{"route_id":"83","stop_id":"11912","stop_lat":34.072807,"stop_lon":-118.220054,"stop_sequence":36,"segment_first_lat":34.0728214241,"segment_first_lon":-118.2196844209,"segment_second_lat":34.0726939293,"segment_second_lon":-118.2199829262,"segment_sequence":350008,"segment_id":18,"segment_len_meter":30.933861614179936,"segment_cum_len":10365.261658857753,"stop_segment_distance":17.319271555411465}
{"route_id":"90","stop_id":"6535","stop_lat":34.033195,"stop_lon":-118.264573,"stop_sequence":99,"segment_first_lat":34.0328646001,"segment_first_lon":-118.2649123366,"segment_second_lat":34.0332161677,"segment_second_lon":-118.2646091391,"segment_sequence":980008,"segment_id":49,"segment_len_meter":48.05030241172195,"segment_cum_len":34488.573464339155,"stop_segment_distance":4.2720866991673105}
