{"route_id":"125","stop_id":"17298","stop_lat":33.901714,"stop_lon":-118.374033,"stop_sequence":11,"segment_first_lat":33.9018415167,"segment_first_lon":-118.3740333469,"segment_second_lat":33.9018356266,"segment_second_lon":-118.3721187017,"segment_sequence":110001,"segment_id":6,"segment_len_meter":176.70604981621688,"segment_cum_len":4687.793862704201,"stop_segment_distance":14.663031716444863}
{"route_id":"125","stop_id":"17514","stop_lat":33.901878,"stop_lon":-118.121885,"stop_sequence":76,"segment_first_lat":33.9020035099,"segment_first_lon":-118.1218847568,"segment_second_lat":33.9020085709,"segment_second_lon":-118.1209521739,"segment_sequence":760001,"segment_id":38,"segment_len_meter":86.07083299177754,"segment_cum_len":30136.626741224198,"stop_segment_distance":15.192424478344435}
{"route_id":"128","stop_id":"17256","stop_lat":33.892563,"stop_lon":-118.21593,"stop_sequence":45,"segment_first_lat":33.8925777835,"segment_first_lon":-118.2160521381,"segment_second_lat":33.8939761498,"segment_second_lon":-118.2157493017,"segment_sequence":450001,"segment_id":23,"segment_len_meter":157.98365598236794,"segment_cum_len":20160.648478683124,"stop_segment_distance":11.426806213885783}
{"route_id":"152","stop_id":"13045","stop_lat":34.221452,"stop_lon":-118.483382,"stop_sequence":51,"segment_first_lat":34.2213522487,"segment_first_lon":-118.4807881475,"segment_second_lat":34.2213419164,"segment_second_lon":-118.4833815684,"segment_sequence":500002,"segment_id":25,"segment_len_meter":238.45192458989567,"segment_cum_len":20046.103226884028,"stop_segment_distance":12.535356581335208}
{"route_id":"154","stop_id":"12675","stop_lat":34.179505,"stop_lon":-118.44468,"stop_sequence":47,"segment_first_lat":34.1794068268,"segment_first_lon":-118.4446794866,"segment_second_lat":34.1794006355,"segment_second_lon":-118.4483660277,"segment_sequence":470001,"segment_id":24,"segment_len_meter":339.12423277683126,"segment_cum_len":18778.176858459785,"stop_segment_distance":11.066868157632314}
{"route_id":"155","stop_id":"12958","stop_lat":34.152118,"stop_lon":-118.361156,"stop_sequence":34,"segment_first_lat":34.1522177417,"segment_first_lon":-118.3611562412,"segment_second_lat":34.152216232,"segment_second_lon":-118.3603728886,"segment_sequence":340001,"segment_id":17,"segment_len_meter":72.08371864652204,"segment_cum_len":13473.087428035265,"stop_segment_distance":11.891578343040194}
{"route_id":"16","stop_id":"15634","stop_lat":34.07164,"stop_lon":-118.361152,"stop_sequence":48,"segment_first_lat":34.0713013045,"segment_first_lon":-118.3596940801,"segment_second_lat":34.0715161574,"segment_second_lon":-118.3611779631,"segment_sequence":470003,"segment_id":24,"segment_len_meter":138.7485994334442,"segment_cum_len":12788.62735605751,"stop_segment_distance":14.694232104100536}
{"route_id":"163","stop_id":"7211","stop_lat":34.201484,"stop_lon":-118.37014,"stop_sequence":63,"segment_first_lat":34.2014833848,"segment_first_lon":-118.3702937837,"segment_second_lat":34.2023406995,"segment_second_lon":-118.3703025457,"segment_sequence":630001,"segment_id":32,"segment_len_meter":95.33245074439974,"segment_cum_len":24222.817254356854,"stop_segment_distance":15.236901135933095}
{"route_id":"164","stop_id":"8154","stop_lat":34.184578,"stop_lon":-118.333432,"stop_sequence":9,"segment_first_lat":34.1844352124,"segment_first_lon":-118.3325551664,"segment_second_lat":34.1844512016,"segment_second_lon":-118.333434767,"segment_sequence":80007,"segment_id":4,"segment_len_meter":80.92882814520387,"segment_cum_len":4119.925455117365,"stop_segment_distance":15.375425904205798}
{"route_id":"167","stop_id":"9380","stop_lat":34.172026,"stop_lon":-118.414307,"stop_sequence":84,"segment_first_lat":34.1721448476,"segment_first_lon":-118.414142478,"segment_second_lat":34.1712221256,"segment_second_lon":-118.4139759093,"segment_sequence":840002,"segment_id":42,"segment_len_meter":103.74004168380115,"segment_cum_len":33737.21022580869,"stop_segment_distance":10.787026698082443}
{"route_id":"169","stop_id":"3621","stop_lat":34.205204,"stop_lon":-118.349208,"stop_sequence":129,"segment_first_lat":34.2051991025,"segment_first_lon":-118.3491223545,"segment_second_lat":34.204659586,"segment_second_lon":-118.3491591256,"segment_sequence":1290001,"segment_id":65,"segment_len_meter":60.08672544974783,"segment_cum_len":52234.00418730473,"stop_segment_distance":8.510864956412547}
{"route_id":"18","stop_id":"8331","stop_lat":34.020843,"stop_lon":-118.159906,"stop_sequence":58,"segment_first_lat":34.021035309,"segment_first_lon":-118.1601968827,"segment_second_lat":34.0209656702,"segment_second_lon":-118.1598713637,"segment_sequence":570007,"segment_id":29,"segment_len_meter":30.983704529555283,"segment_cum_len":16187.761485824012,"stop_segment_distance":17.317319517423698}
{"route_id":"2","stop_id":"8066","stop_lat":34.07788,"stop_lon":-118.266201,"stop_sequence":67,"segment_first_lat":34.078124535,"segment_first_lon":-118.2662709416,"segment_second_lat":34.0779729811,"segment_second_lon":-118.2660878411,"segment_sequence":660006,"segment_id":33,"segment_len_meter":23.8405153337321,"segment_cum_len":20831.37218255743,"stop_segment_distance":18.78348163447326}
{"route_id":"224","stop_id":"11322","stop_lat":34.201077,"stop_lon":-118.387627,"stop_sequence":23,"segment_first_lat":34.2003157169,"segment_first_lon":-118.3877752327,"segment_second_lat":34.2010768715,"segment_second_lon":-118.3877787668,"segment_sequence":220005,"segment_id":11,"segment_len_meter":84.6371539725014,"segment_cum_len":7759.925267425701,"stop_segment_distance":15.061733396869315}
{"route_id":"230","stop_id":"20073","stop_lat":34.243933,"stop_lon":-118.41658,"stop_sequence":21,"segment_first_lat":34.246670941,"segment_first_lon":-118.4192778662,"segment_second_lat":34.2440154721,"segment_second_lon":-118.4164642064,"segment_sequence":200001,"segment_id":10,"segment_len_meter":392.52267733813903,"segment_cum_len":7608.167961372244,"stop_segment_distance":14.186570256104176}
{"route_id":"232","stop_id":"23200076","stop_lat":33.780774,"stop_lon":-118.250145,"stop_sequence":22,"segment_first_lat":33.7806871736,"segment_first_lon":-118.2494402874,"segment_second_lat":33.7806478126,"segment_second_lon":-118.2501348193,"segment_sequence":210006,"segment_id":11,"segment_len_meter":64.33915209264329,"segment_cum_len":7942.534405469338,"stop_segment_distance":15.566434308423624}
{"route_id":"258","stop_id":"13728","stop_lat":34.031475,"stop_lon":-118.163606,"stop_sequence":44,"segment_first_lat":34.0315388182,"segment_first_lon":-118.1634118482,"segment_second_lat":34.0314188817,"segment_second_lon":-118.1635076576,"segment_sequence":430005,"segment_id":22,"segment_len_meter":15.993969607956762,"segment_cum_len":16833.350607150212,"stop_segment_distance":14.256066340735275}
{"route_id":"28","stop_id":"16176","stop_lat":34.04949,"stop_lon":-118.274476,"stop_sequence":63,"segment_first_lat":34.0492102012,"segment_first_lon":-118.2741875843,"segment_second_lat":34.0493753508,"segment_second_lon":-118.2745492752,"segment_sequence":620008,"segment_id":31,"segment_len_meter":38.048042734415915,"segment_cum_len":19384.005060867945,"stop_segment_distance":17.292614834007615}
{"route_id":"28","stop_id":"9333","stop_lat":34.142103,"stop_lon":-118.223228,"stop_sequence":8,"segment_first_lat":34.1424068301,"segment_first_lon":-118.2236249517,"segment_second_lat":34.142213694,"segment_second_lon":-118.2231574598,"segment_sequence":70007,"segment_id":4,"segment_len_meter":48.085471129240254,"segment_cum_len":2207.848680127657,"stop_segment_distance":15.588957265778497}
{"route_id":"344","stop_id":"2379","stop_lat":33.832334,"stop_lon":-118.35258,"stop_sequence":28,"segment_first_lat":33.8315002103,"segment_first_lon":-118.3525876621,"segment_second_lat":33.8323153402,"segment_second_lon":-118.3527330016,"segment_sequence":270012,"segment_id":14,"segment_len_meter":91.6270784902994,"segment_cum_len":14794.924267118773,"stop_segment_distance":15.372509093370283}
{"route_id":"45","stop_id":"1604","stop_lat":34.040394,"stop_lon":-118.257054,"stop_sequence":23,"segment_first_lat":34.0404664524,"segment_first_lon":-118.2567008238,"segment_second_lat":34.0402963575,"segment_second_lon":-118.2569600771,"segment_sequence":220006,"segment_id":11,"segment_len_meter":30.468943582682993,"segment_cum_len":6738.992556016454,"stop_segment_distance":16.939826431531454}
{"route_id":"460","stop_id":"376","stop_lat":33.851251,"stop_lon":-117.998059,"stop_sequence":57,"segment_first_lat":33.8528996579,"segment_first_lon":-117.9979174482,"segment_second_lat":33.8512509672,"segment_second_lon":-117.997903657,"segment_sequence":570016,"segment_id":29,"segment_len_meter":183.3304650008142,"segment_cum_len":50849.794774225455,"stop_segment_distance":14.80265430751939}
{"route_id":"51","stop_id":"7374","stop_lat":34.051534,"stop_lon":-118.266058,"stop_sequence":14,"segment_first_lat":34.0516681894,"segment_first_lon":-118.2661966475,"segment_second_lat":34.0515971359,"segment_second_lon":-118.2660191431,"segment_sequence":130006,"segment_id":7,"segment_len_meter":18.161807219128512,"segment_cum_len":3382.685144271964,"stop_segment_distance":9.360460154912161}
{"route_id":"51","stop_id":"7408","stop_lat":34.053915,"stop_lon":-118.271341,"stop_sequence":11,"segment_first_lat":34.0541674388,"segment_first_lon":-118.2717211964,"segment_second_lat":34.0539785057,"segment_second_lon":-118.271300979,"segment_sequence":100005,"segment_id":5,"segment_len_meter":44.04596370138785,"segment_cum_len":2828.6713866311493,"stop_segment_distance":8.806006106798883}
{"route_id":"55","stop_id":"818","stop_lat":33.974529,"stop_lon":-118.247504,"stop_sequence":24,"segment_first_lat":33.9739073926,"segment_first_lon":-118.2476575999,"segment_second_lat":33.9745284091,"segment_second_lon":-118.2476571277,"segment_sequence":230004,"segment_id":12,"segment_len_meter":69.05389789144577,"segment_cum_len":7104.225752322327,"stop_segment_distance":15.62241255561213}
{"route_id":"60","stop_id":"485","stop_lat":33.888339,"stop_lon":-118.207102,"stop_sequence":69,"segment_first_lat":33.8883717056,"segment_first_lon":-118.2069514911,"segment_second_lat":33.8878339659,"segment_second_lon":-118.2067847637,"segment_sequence":690001,"segment_id":35,"segment_len_meter":61.74272458260395,"segment_cum_len":22146.557839376608,"stop_segment_distance":15.95160446468116}
{"route_id":"601","stop_id":"15457","stop_lat":34.190454,"stop_lon":-118.596471,"stop_sequence":1,"segment_first_lat":34.1905038491,"segment_first_lon":-118.5964705685,"segment_second_lat":34.1905025572,"segment_second_lon":-118.5960079366,"segment_sequence":10001,"segment_id":1,"segment_len_meter":42.55197826740356,"segment_cum_len":42.55197826740356,"stop_segment_distance":5.923438863675955}
{"route_id":"603","stop_id":"13606","stop_lat":34.036723,"stop_lon":-118.284151,"stop_sequence":58,"segment_first_lat":34.036725936,"segment_first_lon":-118.2839979105,"segment_second_lat":34.0365913039,"segment_second_lon":-118.2839921725,"segment_sequence":580001,"segment_id":29,"segment_len_meter":14.979740431910406,"segment_cum_len":17757.176122467954,"stop_segment_distance":19.833899855877448}
{"route_id":"611","stop_id":"8783","stop_lat":33.992809,"stop_lon":-118.18374,"stop_sequence":60,"segment_first_lat":33.9930593701,"segment_first_lon":-118.1833647203,"segment_second_lat":33.9927394118,"segment_second_lon":-118.1836163889,"segment_sequence":590007,"segment_id":30,"segment_len_meter":42.47477042967122,"segment_cum_len":18358.777873770407,"stop_segment_distance":15.708063755361458}
{"route_id":"68","stop_id":"5585","stop_lat":34.045711,"stop_lon":-118.250749,"stop_sequence":44,"segment_first_lat":34.0457890895,"segment_first_lon":-118.2506765752,"segment_second_lat":34.045607215,"segment_second_lon":-118.2503951122,"segment_sequence":440001,"segment_id":22,"segment_len_meter":32.88605202264428,"segment_cum_len":17223.910378177246,"stop_segment_distance":12.65251505469849}
{"route_id":"687","stop_id":"10922","stop_lat":34.152002,"stop_lon":-118.113305,"stop_sequence":13,"segment_first_lat":34.1522661863,"segment_first_lon":-118.1131537543,"segment_second_lat":34.152002391,"segment_second_lon":-118.1131533971,"segment_sequence":120006,"segment_id":6,"segment_len_meter":29.33271744809354,"segment_cum_len":3583.8055124886064,"stop_segment_distance":17.12403862299611}
{"route_id":"704","stop_id":"5400","stop_lat":34.077538,"stop_lon":-118.263221,"stop_sequence":28,"segment_first_lat":34.0776555012,"segment_first_lon":-118.2632491636,"segment_second_lat":34.0779284838,"segment_second_lon":-118.2616768014,"segment_sequence":280001,"segment_id":14,"segment_len_meter":147.96201932758586,"segment_cum_len":26273.458935430175,"stop_segment_distance":14.06005523323563}
{"route_id":"750","stop_id":"15331","stop_lat":34.151201,"stop_lon":-118.449451,"stop_sequence":7,"segment_first_lat":34.1510505181,"segment_first_lon":-118.4494920495,"segment_second_lat":34.1512136388,"segment_second_lon":-118.4504061619,"segment_sequence":70001,"segment_id":4,"segment_len_meter":86.05037867414511,"segment_cum_len":8483.166161043422,"stop_segment_distance":19.009088241817196}
{"route_id":"754","stop_id":"140951","stop_lat":34.025235,"stop_lon":-118.291683,"stop_sequence":14,"segment_first_lat":34.025235626,"segment_first_lon":-118.2915319695,"segment_second_lat":34.0231060246,"segment_second_lon":-118.2915334619,"segment_sequence":140001,"segment_id":7,"segment_len_meter":236.8009113970148,"segment_cum_len":9469.418400724542,"stop_segment_distance":14.249895277582027}
{"route_id":"757","stop_id":"5708","stop_lat":34.017987,"stop_lon":-118.309045,"stop_sequence":15,"segment_first_lat":34.0179875367,"segment_first_lon":-118.3088941631,"segment_second_lat":34.0173610227,"segment_second_lon":-118.3088941609,"segment_sequence":150001,"segment_id":8,"segment_len_meter":69.66517827172864,"segment_cum_len":11021.47897626136,"stop_segment_distance":15.217121263607282}
{"route_id":"794","stop_id":"5811","stop_lat":34.239271,"stop_lon":-118.393521,"stop_sequence":32,"segment_first_lat":34.2377801183,"segment_first_lon":-118.3921479339,"segment_second_lat":34.2391885235,"segment_second_lon":-118.3936375116,"segment_sequence":310006,"segment_id":16,"segment_len_meter":208.02799871251625,"segment_cum_len":32649.057519359038,"stop_segment_distance":14.432022472841567}
{"route_id":"81","stop_id":"9327","stop_lat":34.139063,"stop_lon":-118.211369,"stop_sequence":6,"segment_first_lat":34.139189398,"segment_first_lon":-118.2113759579,"segment_second_lat":34.1392124794,"segment_second_lon":-118.2105891602,"segment_sequence":60001,"segment_id":3,"segment_len_meter":72.4571638691767,"segment_cum_len":1631.7278227745987,"stop_segment_distance":15.283133078003402}
{"route_id":"90","stop_id":"12356","stop_lat":34.108115,"stop_lon":-118.241481,"stop_sequence":76,"segment_first_lat":34.1081825705,"segment_first_lon":-118.2413508663,"segment_second_lat":34.1071794784,"segment_second_lon":-118.2405832186,"segment_sequence":760001,"segment_id":38,"segment_len_meter":132.04519398915502,"segment_cum_len":24240.703955213823,"stop_segment_distance":14.962944652008105}
