{"route_id":"110","stop_id":"2591","stop_lat":33.980553,"stop_lon":-118.326719,"stop_sequence":25,"segment_first_lat":33.9806432392,"segment_first_lon":-118.327942678,"segment_second_lat":33.9806534286,"segment_second_lon":-118.3267189811,"segment_sequence":240004,"segment_id":12,"segment_len_meter":112.837600822371,"segment_cum_len":9740.517179769213,"stop_segment_distance":11.605082434251614}
{"route_id":"111","stop_id":"1962","stop_lat":33.97013,"stop_lon":-118.187592,"stop_sequence":60,"segment_first_lat":33.9702569806,"segment_first_lon":-118.1875732506,"segment_second_lat":33.9701944383,"segment_second_lon":-118.1869722043,"segment_sequence":600001,"segment_id":30,"segment_len_meter":55.86130917854791,"segment_cum_len":21701.194994760557,"stop_segment_distance":15.966920714548934}
{"route_id":"115","stop_id":"1892","stop_lat":33.93381,"stop_lon":-118.120711,"stop_sequence":79,"segment_first_lat":33.9344926604,"segment_first_lon":-118.121790265,"segment_second_lat":33.9339159537,"segment_second_lon":-118.1206319809,"segment_sequence":780004,"segment_id":39,"segment_len_meter":124.62365479736498,"segment_cum_len":26338.992025839594,"stop_segment_distance":14.434882027032884}
{"route_id":"115","stop_id":"7794","stop_lat":33.959783,"stop_lon":-118.377286,"stop_sequence":10,"segment_first_lat":33.9599081265,"segment_first_lon":-118.3776529796,"segment_second_lat":33.9599092719,"segment_second_lon":-118.3772869433,"segment_sequence":90003,"segment_id":5,"segment_len_meter":33.75913056295783,"segment_cum_len":1851.8882598829605,"stop_segment_distance":16.876052107001293}
{"route_id":"115","stop_id":"7814","stop_lat":33.959786,"stop_lon":-118.375483,"stop_sequence":11,"segment_first_lat":33.9599099936,"segment_first_lon":-118.3770561096,"segment_second_lat":33.9599124271,"segment_second_lon":-118.3754831316,"segment_sequence":100002,"segment_id":5,"segment_len_meter":145.073268881932,"segment_cum_len":2018.2510698171964,"stop_segment_distance":14.723689099599198}
{"route_id":"115","stop_id":"7834","stop_lat":33.960918,"stop_lon":-118.371976,"stop_sequence":12,"segment_first_lat":33.9609998045,"segment_first_lon":-118.372097957,"segment_second_lat":33.9611100329,"segment_second_lon":-118.3719962175,"segment_sequence":120001,"segment_id":6,"segment_len_meter":15.436101686892131,"segment_cum_len":2395.2709316333608,"stop_segment_distance":20.463832149541545}
{"route_id":"120","stop_id":"36515","stop_lat":33.917222,"stop_lon":-118.107764,"stop_sequence":38,"segment_first_lat":33.9170995067,"segment_first_lon":-118.1065771797,"segment_second_lat":33.9170959789,"segment_second_lon":-118.1077637226,"segment_sequence":370025,"segment_id":19,"segment_len_meter":109.48852641606767,"segment_cum_len":17224.67561487575,"stop_segment_distance":14.881520740688245}
{"route_id":"130","stop_id":"8746","stop_lat":33.872973,"stop_lon":-118.335464,"stop_sequence":58,"segment_first_lat":33.8728463,"segment_first_lon":-118.3354634659,"segment_second_lat":33.872839757,"segment_second_lon":-118.3378056455,"segment_sequence":580001,"segment_id":29,"segment_len_meter":216.23719420518978,"segment_cum_len":28642.665661356168,"stop_segment_distance":14.54488672384295}
{"route_id":"14","stop_id":"4729","stop_lat":34.055551,"stop_lon":-118.39545,"stop_sequence":87,"segment_first_lat":34.0555083745,"segment_first_lon":-118.3955613542,"segment_second_lat":34.0556770714,"segment_second_lon":-118.3956522813,"segment_sequence":870001,"segment_id":44,"segment_len_meter":20.543588922148334,"segment_cum_len":32080.253900081956,"stop_segment_distance":14.076046123481643}
{"route_id":"155","stop_id":"7843","stop_lat":34.175375,"stop_lon":-118.314329,"stop_sequence":51,"segment_first_lat":34.1737291795,"segment_first_lon":-118.3162660217,"segment_second_lat":34.1754582254,"segment_second_lon":-118.3144449153,"segment_sequence":500001,"segment_id":25,"segment_len_meter":255.0126721439998,"segment_cum_len":19132.548617019,"stop_segment_distance":14.538281899258436}
{"route_id":"16","stop_id":"15635","stop_lat":34.070536,"stop_lon":-118.353496,"stop_sequence":45,"segment_first_lat":34.0703749614,"segment_first_lon":-118.3532808697,"segment_second_lat":34.0704132659,"segment_second_lon":-118.3535253812,"segment_sequence":440005,"segment_id":22,"segment_len_meter":22.92075783561819,"segment_cum_len":12073.137228500587,"stop_segment_distance":17.69995206239107}
{"route_id":"161","stop_id":"14932","stop_lat":34.1558,"stop_lon":-118.781534,"stop_sequence":40,"segment_first_lat":34.1556800785,"segment_first_lon":-118.7815355162,"segment_second_lat":34.1556826961,"segment_second_lon":-118.7818531967,"segment_sequence":400001,"segment_id":20,"segment_len_meter":29.232973068254186,"segment_cum_len":24452.724171919144,"stop_segment_distance":16.239502155387026}
{"route_id":"166","stop_id":"4046","stop_lat":34.235296,"stop_lon":-118.450496,"stop_sequence":47,"segment_first_lat":34.2354320915,"segment_first_lon":-118.4516479755,"segment_second_lat":34.2354229306,"segment_second_lon":-118.4504932371,"segment_sequence":460003,"segment_id":23,"segment_len_meter":106.15825666584158,"segment_cum_len":19584.664352858486,"stop_segment_distance":14.933268773319455}
{"route_id":"169","stop_id":"8545","stop_lat":34.215486,"stop_lon":-118.431058,"stop_sequence":105,"segment_first_lat":34.21739919,"segment_first_lon":-118.4308763854,"segment_second_lat":34.2154838108,"segment_second_lon":-118.4309032182,"segment_sequence":1040005,"segment_id":52,"segment_len_meter":212.99474002212517,"segment_cum_len":41911.91178082188,"stop_segment_distance":14.631012258753458}
{"route_id":"176","stop_id":"16879","stop_lat":34.113905,"stop_lon":-118.179642,"stop_sequence":91,"segment_first_lat":34.1136691437,"segment_first_lon":-118.1793740574,"segment_second_lat":34.113789283,"segment_second_lon":-118.1797053481,"segment_sequence":900013,"segment_id":45,"segment_len_meter":33.296384496817886,"segment_cum_len":32761.00851699711,"stop_segment_distance":16.834440083913627}
{"route_id":"18","stop_id":"8325","stop_lat":34.017798,"stop_lon":-118.145433,"stop_sequence":63,"segment_first_lat":34.0179979969,"segment_first_lon":-118.145750532,"segment_second_lat":34.0179225839,"segment_second_lon":-118.1453956575,"segment_sequence":620006,"segment_id":31,"segment_len_meter":33.76495430109309,"segment_cum_len":17564.156368849475,"stop_segment_distance":17.26554239531759}
{"route_id":"180","stop_id":"4902","stop_lat":34.144562,"stop_lon":-118.257744,"stop_sequence":34,"segment_first_lat":34.144561613,"segment_first_lon":-118.2578950451,"segment_second_lat":34.1468423764,"segment_second_lon":-118.2578835751,"segment_sequence":340001,"segment_id":17,"segment_len_meter":253.61151557295463,"segment_cum_len":10675.675722946084,"stop_segment_distance":14.180272476197587}
{"route_id":"205","stop_id":"17438","stop_lat":33.802372,"stop_lon":-118.290237,"stop_sequence":62,"segment_first_lat":33.8023745001,"segment_first_lon":-118.2903847964,"segment_second_lat":33.8025118896,"segment_second_lon":-118.2903852718,"segment_sequence":630001,"segment_id":32,"segment_len_meter":15.277078524874181,"segment_cum_len":20210.146018061794,"stop_segment_distance":19.10998092583201}
{"route_id":"206","stop_id":"13738","stop_lat":34.037326,"stop_lon":-118.300399,"stop_sequence":29,"segment_first_lat":34.0375686114,"segment_first_lon":-118.3002779503,"segment_second_lat":34.0373268009,"segment_second_lon":-118.3002770826,"segment_sequence":280011,"segment_id":14,"segment_len_meter":26.8882196824457,"segment_cum_len":8724.318330675125,"stop_segment_distance":13.538226689516193}
{"route_id":"206","stop_id":"14078","stop_lat":33.930702,"stop_lon":-118.292076,"stop_sequence":70,"segment_first_lat":33.9307028141,"segment_first_lon":-118.2919216883,"segment_second_lat":33.9301449997,"segment_second_lon":-118.2919220523,"segment_sequence":700001,"segment_id":35,"segment_len_meter":62.026140381045266,"segment_cum_len":21416.38316525766,"stop_segment_distance":15.754236566044739}
{"route_id":"207","stop_id":"5733","stop_lat":33.995851,"stop_lon":-118.308769,"stop_sequence":24,"segment_first_lat":33.9950812609,"segment_first_lon":-118.3089175297,"segment_second_lat":33.9958506558,"segment_second_lon":-118.3089203686,"segment_sequence":230003,"segment_id":12,"segment_len_meter":85.55320977882678,"segment_cum_len":9482.495762941453,"stop_segment_distance":15.080866296672298}
{"route_id":"209","stop_id":"859","stop_lat":33.919373,"stop_lon":-118.326361,"stop_sequence":7,"segment_first_lat":33.917234807,"segment_first_lon":-118.3265195178,"segment_second_lat":33.9193726491,"segment_second_lon":-118.3265140044,"segment_sequence":60001,"segment_id":3,"segment_len_meter":237.71773986469015,"segment_cum_len":2077.739829128102,"stop_segment_distance":14.606084261468169}
{"route_id":"211","stop_id":"141073","stop_lat":33.93833,"stop_lon":-118.361157,"stop_sequence":17,"segment_first_lat":33.9383297807,"segment_first_lon":-118.3613086496,"segment_second_lat":33.9416821422,"segment_second_lon":-118.3613171732,"segment_sequence":170001,"segment_id":9,"segment_len_meter":372.7664203771299,"segment_cum_len":6152.639923729373,"stop_segment_distance":14.25748606699284}
{"route_id":"232","stop_id":"23200080","stop_lat":33.783093,"stop_lon":-118.280153,"stop_sequence":30,"segment_first_lat":33.7822407772,"segment_first_lon":-118.280169972,"segment_second_lat":33.7830768993,"segment_second_lon":-118.2803030752,"segment_sequence":290013,"segment_id":15,"segment_len_meter":93.78281652074622,"segment_cum_len":11117.809789225743,"stop_segment_distance":14.97796231281275}
{"route_id":"239","stop_id":"12941","stop_lat":34.279171,"stop_lon":-118.505002,"stop_sequence":42,"segment_first_lat":34.2793216806,"segment_first_lon":-118.5079853534,"segment_second_lat":34.2793014706,"segment_second_lon":-118.5049993285,"segment_sequence":410001,"segment_id":21,"segment_len_meter":274.36684056473365,"segment_cum_len":16258.256169458284,"stop_segment_distance":14.76688418814274}
{"route_id":"256","stop_id":"1343","stop_lat":34.1458,"stop_lon":-118.127816,"stop_sequence":93,"segment_first_lat":34.1459273484,"segment_first_lon":-118.1278160222,"segment_second_lat":34.1459354112,"segment_second_lon":-118.1266824228,"segment_sequence":930001,"segment_id":47,"segment_len_meter":104.32458791761321,"segment_cum_len":28431.5704725909,"stop_segment_distance":15.235720470968133}
{"route_id":"266","stop_id":"12334","stop_lat":34.05572,"stop_lon":-118.064139,"stop_sequence":52,"segment_first_lat":34.0557200304,"segment_first_lon":-118.0642914963,"segment_second_lat":34.057099455,"segment_second_lon":-118.0642951975,"segment_sequence":520001,"segment_id":26,"segment_len_meter":153.38539618502813,"segment_cum_len":27244.789366833254,"stop_segment_distance":14.725074195569988}
{"route_id":"268","stop_id":"8951","stop_lat":34.111221,"stop_lon":-118.052761,"stop_sequence":24,"segment_first_lat":34.1096909981,"segment_first_lon":-118.0526014104,"segment_second_lat":34.1111986187,"segment_second_lon":-118.052908604,"segment_sequence":230003,"segment_id":12,"segment_len_meter":170.00865961513338,"segment_cum_len":7945.252319063974,"stop_segment_distance":14.568058962645125}
{"route_id":"35","stop_id":"7755","stop_lat":34.025445,"stop_lon":-118.361348,"stop_sequence":7,"segment_first_lat":34.0258113025,"segment_first_lon":-118.3639077273,"segment_second_lat":34.0255736556,"segment_second_lon":-118.3613315039,"segment_sequence":60006,"segment_id":3,"segment_len_meter":238.88277983909492,"segment_cum_len":2682.0095318125764,"stop_segment_distance":14.89085184706829}
{"route_id":"40","stop_id":"15976","stop_lat":33.974809,"stop_lon":-118.331007,"stop_sequence":51,"segment_first_lat":33.9756781238,"segment_first_lon":-118.3308620072,"segment_second_lat":33.9748098158,"segment_second_lon":-118.3308559379,"segment_sequence":500003,"segment_id":25,"segment_len_meter":96.55306638493688,"segment_cum_len":18571.853351528276,"stop_segment_distance":14.93959860843826}
{"route_id":"460","stop_id":"4675","stop_lat":34.044218,"stop_lon":-118.26308,"stop_sequence":8,"segment_first_lat":34.0441554105,"segment_first_lon":-118.2629833406,"segment_second_lat":34.0429510211,"segment_second_lon":-118.264115736,"segment_sequence":80001,"segment_id":4,"segment_len_meter":169.76782015855434,"segment_cum_len":2778.0807255249433,"stop_segment_distance":11.695202545048915}
{"route_id":"487","stop_id":"16392","stop_lat":34.079463,"stop_lon":-118.108118,"stop_sequence":8,"segment_first_lat":34.0793284816,"segment_first_lon":-118.1082732642,"segment_second_lat":34.080540277,"segment_second_lon":-118.1082880425,"segment_sequence":80002,"segment_id":4,"segment_len_meter":134.75237435545304,"segment_cum_len":15096.167082390424,"stop_segment_distance":6.748039382701393}
{"route_id":"534","stop_id":"12579","stop_lat":34.012482,"stop_lon":-118.496341,"stop_sequence":4,"segment_first_lat":34.0125721175,"segment_first_lon":-118.4962296492,"segment_second_lat":34.012346246,"segment_second_lon":-118.4959610301,"segment_sequence":40001,"segment_id":2,"segment_len_meter":35.26765714641731,"segment_cum_len":1161.0585094948274,"stop_segment_distance":17.21322794280548}
{"route_id":"550","stop_id":"5639","stop_lat":33.791387,"stop_lon":-118.291189,"stop_sequence":23,"segment_first_lat":33.7910476989,"segment_first_lon":-118.2916554338,"segment_second_lat":33.7914469566,"segment_second_lon":-118.2913145529,"segment_sequence":220013,"segment_id":11,"segment_len_meter":54.435926246593965,"segment_cum_len":9584.133124039581,"stop_segment_distance":16.228633255161768}
{"route_id":"611","stop_id":"12634","stop_lat":33.961944,"stop_lon":-118.194967,"stop_sequence":8,"segment_first_lat":33.9616364795,"segment_first_lon":-118.1929384645,"segment_second_lat":33.9618436792,"segment_second_lon":-118.1949818855,"segment_sequence":70004,"segment_id":4,"segment_len_meter":189.86021285617187,"segment_cum_len":2589.2501091260606,"stop_segment_distance":11.56260133498128}
{"route_id":"611","stop_id":"16649","stop_lat":33.972113,"stop_lon":-118.177511,"stop_sequence":72,"segment_first_lat":33.9720983258,"segment_first_lon":-118.1773933998,"segment_second_lat":33.9719620007,"segment_second_lon":-118.1774148787,"segment_sequence":720001,"segment_id":36,"segment_len_meter":15.287512808510405,"segment_cum_len":21756.66557118968,"stop_segment_distance":14.665468327601745}
{"route_id":"66","stop_id":"18006","stop_lat":34.019029,"stop_lon":-118.199209,"stop_sequence":42,"segment_first_lat":34.0194508985,"segment_first_lon":-118.1999786354,"segment_second_lat":34.0191170197,"segment_second_lon":-118.199155811,"segment_sequence":410004,"segment_id":21,"segment_len_meter":84.43463335186892,"segment_cum_len":12865.802959682025,"stop_segment_distance":11.554419525008498}
{"route_id":"66","stop_id":"7439","stop_lat":34.042361,"stop_lon":-118.25633,"stop_sequence":22,"segment_first_lat":34.0427827357,"segment_first_lon":-118.2567805501,"segment_second_lat":34.0424367923,"segment_second_lon":-118.2562569543,"segment_sequence":210005,"segment_id":11,"segment_len_meter":61.70203400776084,"segment_cum_len":6205.977986230842,"stop_segment_distance":11.712872676775994}
{"route_id":"665","stop_id":"11177","stop_lat":34.033027,"stop_lon":-118.192486,"stop_sequence":16,"segment_first_lat":34.0330267163,"segment_first_lon":-118.1923657174,"segment_second_lat":34.032238091,"segment_second_lon":-118.1923586238,"segment_sequence":160001,"segment_id":8,"segment_len_meter":87.69356865740613,"segment_cum_len":6112.79539305665,"stop_segment_distance":11.894852354845}
{"route_id":"70","stop_id":"15028","stop_lat":34.05625,"stop_lon":-118.206868,"stop_sequence":22,"segment_first_lat":34.0563646648,"segment_first_lon":-118.2067952389,"segment_second_lat":34.0560340104,"segment_second_lon":-118.2060416925,"segment_sequence":220001,"segment_id":11,"segment_len_meter":78.55499718773287,"segment_cum_len":7953.321815686758,"stop_segment_distance":15.671183645069092}
{"route_id":"71","stop_id":"3451","stop_lat":34.05786,"stop_lon":-118.172021,"stop_sequence":38,"segment_first_lat":34.0577605241,"segment_first_lon":-118.1721526384,"segment_second_lat":34.057846779,"segment_second_lon":-118.1721722949,"segment_sequence":370013,"segment_id":19,"segment_len_meter":9.7605492129355,"segment_cum_len":12179.67648131113,"stop_segment_distance":20.668048119769693}
{"route_id":"757","stop_id":"65300069","stop_lat":34.046567,"stop_lon":-118.309177,"stop_sequence":10,"segment_first_lat":34.0472080615,"segment_first_lon":-118.3090241561,"segment_second_lat":34.0465705611,"segment_second_lon":-118.3090218016,"segment_sequence":90009,"segment_id":5,"segment_len_meter":70.8871421388507,"segment_cum_len":7773.456386002007,"stop_segment_distance":16.077871505051746}
{"route_id":"78","stop_id":"1532","stop_lat":34.103289,"stop_lon":-118.088722,"stop_sequence":65,"segment_first_lat":34.1034094758,"segment_first_lon":-118.0897497622,"segment_second_lat":34.1034149059,"segment_second_lon":-118.0887224391,"segment_sequence":640003,"segment_id":32,"segment_len_meter":94.59002580845846,"segment_cum_len":20474.952610317327,"stop_segment_distance":14.98226160821342}
{"route_id":"78","stop_id":"7786","stop_lat":34.092167,"stop_lon":-118.147161,"stop_sequence":43,"segment_first_lat":34.0934894584,"segment_first_lon":-118.1484980183,"segment_second_lat":34.0922544118,"segment_second_lon":-118.1470518104,"segment_sequence":420002,"segment_id":21,"segment_len_meter":191.2973375827732,"segment_cum_len":14756.458473351053,"stop_segment_distance":14.473401399179522}
{"route_id":"901","stop_id":"15661","stop_lat":34.172878,"stop_lon":-118.422917,"stop_sequence":3,"segment_first_lat":34.1728542583,"segment_first_lon":-118.4229828197,"segment_second_lat":34.1730975285,"segment_second_lon":-118.4231166256,"segment_sequence":30001,"segment_id":2,"segment_len_meter":29.719577967966273,"segment_cum_len":4517.6073777970605,"stop_segment_distance":7.4334130620964345}
{"route_id":"94","stop_id":"14199","stop_lat":34.248248,"stop_lon":-118.403412,"stop_sequence":17,"segment_first_lat":34.251206295,"segment_first_lon":-118.4063180574,"segment_second_lat":34.2483305676,"segment_second_lon":-118.4032951224,"segment_sequence":160002,"segment_id":8,"segment_len_meter":423.6144287572669,"segment_cum_len":6859.3604442004425,"stop_segment_distance":14.251648088510308}
