{"route_id":"10","stop_id":"12409","stop_lat":34.050406,"stop_lon":-118.250139,"stop_sequence":10,"segment_first_lat":34.0504646847,"segment_first_lon":-118.2502323734,"segment_second_lat":34.0516524171,"segment_second_lon":-118.2491191048,"segment_sequence":100001,"segment_id":5,"segment_len_meter":167.21827384103926,"segment_cum_len":3096.357118564342,"stop_segment_distance":11.023335818357083}
{"route_id":"117","stop_id":"1307","stop_lat":33.94545,"stop_lon":-118.273545,"stop_sequence":30,"segment_first_lat":33.9455760485,"segment_first_lon":-118.2735450563,"segment_second_lat":33.9455802295,"segment_second_lon":-118.2716953993,"segment_sequence":300001,"segment_id":15,"segment_len_meter":170.62000713156934,"segment_cum_len":12947.570934777403,"stop_segment_distance":14.623681753571844}
{"route_id":"120","stop_id":"140799","stop_lat":33.931103,"stop_lon":-118.304531,"stop_sequence":90,"segment_first_lat":33.930975835,"segment_first_lon":-118.3026683163,"segment_second_lat":33.9309760919,"segment_second_lon":-118.3045308532,"segment_sequence":890003,"segment_id":45,"segment_len_meter":171.83693501285197,"segment_cum_len":38696.17905487088,"stop_segment_distance":14.705709734208227}
{"route_id":"128","stop_id":"17251","stop_lat":33.888823,"stop_lon":-118.205443,"stop_sequence":40,"segment_first_lat":33.8886924918,"segment_first_lon":-118.2054392866,"segment_second_lat":33.8886787944,"segment_second_lon":-118.2060586853,"segment_sequence":400001,"segment_id":20,"segment_len_meter":57.19412840121541,"segment_cum_len":18640.96556852136,"stop_segment_distance":16.37162493272031}
{"route_id":"150","stop_id":"7049","stop_lat":34.172454,"stop_lon":-118.550235,"stop_sequence":24,"segment_first_lat":34.172603456,"segment_first_lon":-118.551221491,"segment_second_lat":34.17257967,"segment_second_lon":-118.5502295066,"segment_sequence":230004,"segment_id":12,"segment_len_meter":91.29795893831465,"segment_cum_len":9089.969094531227,"stop_segment_distance":14.9484238939242}
{"route_id":"152","stop_id":"15544","stop_lat":34.171972,"stop_lon":-118.370115,"stop_sequence":6,"segment_first_lat":34.170009148,"segment_first_lon":-118.3702650368,"segment_second_lat":34.1719711324,"segment_second_lon":-118.3702677812,"segment_sequence":50003,"segment_id":3,"segment_len_meter":218.16285753570122,"segment_cum_len":1952.1078014005166,"stop_segment_distance":14.588218308947063}
{"route_id":"152","stop_id":"19100","stop_lat":34.167827,"stop_lon":-118.37653,"stop_sequence":2,"segment_first_lat":34.1678842405,"segment_first_lon":-118.3763952983,"segment_second_lat":34.1670131599,"segment_second_lon":-118.3758650837,"segment_sequence":20001,"segment_id":1,"segment_len_meter":108.4500378165233,"segment_cum_len":518.550953259139,"stop_segment_distance":14.713568208080687}
{"route_id":"154","stop_id":"9107","stop_lat":34.17242,"stop_lon":-118.527598,"stop_sequence":64,"segment_first_lat":34.1722925156,"segment_first_lon":-118.5272834338,"segment_second_lat":34.1723226839,"segment_second_lon":-118.5276119177,"segment_sequence":630007,"segment_id":32,"segment_len_meter":30.405270129488564,"segment_cum_len":27251.030932486035,"stop_segment_distance":12.715922316349243}
{"route_id":"155","stop_id":"18071","stop_lat":34.167486,"stop_lon":-118.322653,"stop_sequence":48,"segment_first_lat":34.1675688247,"segment_first_lon":-118.322770124,"segment_second_lat":34.1681243388,"segment_second_lon":-118.3221924183,"segment_sequence":480001,"segment_id":24,"segment_len_meter":81.48939078825998,"segment_cum_len":18049.471553937496,"stop_segment_distance":15.3523498628237}
{"route_id":"164","stop_id":"4642","stop_lat":34.179635,"stop_lon":-118.309775,"stop_sequence":4,"segment_first_lat":34.1789251472,"segment_first_lon":-118.3089327921,"segment_second_lat":34.1795837174,"segment_second_lon":-118.3098302523,"segment_sequence":30002,"segment_id":2,"segment_len_meter":110.35520261215628,"segment_cum_len":1082.5025109978985,"stop_segment_distance":7.884439872127743}
{"route_id":"18","stop_id":"7356","stop_lat":34.063184,"stop_lon":-118.283267,"stop_sequence":12,"segment_first_lat":34.0635236963,"segment_first_lon":-118.2837765407,"segment_second_lat":34.0632713949,"segment_second_lon":-118.2832110881,"segment_sequence":110011,"segment_id":6,"segment_len_meter":59.16195775303728,"segment_cum_len":2926.349887596076,"stop_segment_distance":12.084437956352481}
{"route_id":"18","stop_id":"7361","stop_lat":34.063448,"stop_lon":-118.306763,"stop_sequence":3,"segment_first_lat":34.0635417094,"segment_first_lon":-118.3078364325,"segment_second_lat":34.0635469127,"segment_second_lon":-118.3067633834,"segment_sequence":20005,"segment_id":1,"segment_len_meter":98.84642115609628,"segment_cum_len":740.1018371911755,"stop_segment_distance":11.579844458965965}
{"route_id":"2","stop_id":"8030","stop_lat":34.077777,"stop_lon":-118.261808,"stop_sequence":69,"segment_first_lat":34.0776168193,"segment_first_lon":-118.2634722773,"segment_second_lat":34.0779003799,"segment_second_lon":-118.2618385267,"segment_sequence":680002,"segment_id":34,"segment_len_meter":153.73701192025783,"segment_cum_len":21250.375875872465,"stop_segment_distance":14.579251715122155}
{"route_id":"2","stop_id":"8033","stop_lat":34.079278,"stop_lon":-118.26885,"stop_sequence":66,"segment_first_lat":34.0794979878,"segment_first_lon":-118.2689700515,"segment_second_lat":34.0793830344,"segment_second_lon":-118.2687646047,"segment_sequence":650008,"segment_id":33,"segment_len_meter":22.83423957026154,"segment_cum_len":20538.345121120034,"stop_segment_distance":18.09052391594445}
{"route_id":"2","stop_id":"8055","stop_lat":34.097941,"stop_lon":-118.356364,"stop_sequence":36,"segment_first_lat":34.0980706586,"segment_first_lon":-118.3570874606,"segment_second_lat":34.0980661994,"segment_second_lon":-118.356364059,"segment_sequence":350009,"segment_id":18,"segment_len_meter":66.61136974253726,"segment_cum_len":11415.25705510908,"stop_segment_distance":15.467486312589301}
{"route_id":"20","stop_id":"8368","stop_lat":34.062047,"stop_lon":-118.327453,"stop_sequence":31,"segment_first_lat":34.0618871656,"segment_first_lon":-118.3257683924,"segment_second_lat":34.0619180503,"segment_second_lon":-118.3274556743,"segment_sequence":300003,"segment_id":15,"segment_len_meter":155.46619216823083,"segment_cum_len":8592.623567831912,"stop_segment_distance":15.07069623297997}
{"route_id":"200","stop_id":"4656","stop_lat":34.04861,"stop_lon":-118.28165,"stop_sequence":20,"segment_first_lat":34.0472616032,"segment_first_lon":-118.2826848401,"segment_second_lat":34.0486703443,"segment_second_lon":-118.2817837616,"segment_sequence":190002,"segment_id":10,"segment_len_meter":177.28432346622228,"segment_cum_len":4773.359992618978,"stop_segment_distance":14.42912443285772}
{"route_id":"206","stop_id":"13778","stop_lat":33.974788,"stop_lon":-118.300402,"stop_sequence":52,"segment_first_lat":33.9754036655,"segment_first_lon":-118.3002694316,"segment_second_lat":33.9747850899,"segment_second_lon":-118.3002823855,"segment_sequence":510003,"segment_id":26,"segment_len_meter":68.79283977283609,"segment_cum_len":15678.828700685961,"stop_segment_distance":11.783552216057828}
{"route_id":"218","stop_id":"32169","stop_lat":34.114973,"stop_lon":-118.374346,"stop_sequence":8,"segment_first_lat":34.1153767467,"segment_first_lon":-118.3743675784,"segment_second_lat":34.1150161604,"segment_second_lon":-118.3742106856,"segment_sequence":70102,"segment_id":4,"segment_len_meter":42.6175162703485,"segment_cum_len":4832.799196681364,"stop_segment_distance":15.670517582246468}
{"route_id":"222","stop_id":"6370","stop_lat":34.224803,"stop_lon":-118.365533,"stop_sequence":46,"segment_first_lat":34.22421721,"segment_first_lon":-118.3655995038,"segment_second_lat":34.2247868648,"segment_second_lon":-118.3656847015,"segment_sequence":450018,"segment_id":23,"segment_len_meter":63.82521683626767,"segment_cum_len":18933.325335150977,"stop_segment_distance":15.66038365203974}
{"route_id":"256","stop_id":"9800","stop_lat":34.144371,"stop_lon":-118.148787,"stop_sequence":84,"segment_first_lat":34.1435249794,"segment_first_lon":-118.1488645338,"segment_second_lat":34.1443713152,"segment_second_lon":-118.1488716597,"segment_sequence":830002,"segment_id":42,"segment_len_meter":94.11053205412746,"segment_cum_len":26230.904776135398,"stop_segment_distance":8.02400400646846}
{"route_id":"28","stop_id":"12595","stop_lat":34.058892,"stop_lon":-118.368892,"stop_sequence":87,"segment_first_lat":34.0587466743,"segment_first_lon":-118.368663279,"segment_second_lat":34.0587690071,"segment_second_lon":-118.3689086838,"segment_sequence":860012,"segment_id":43,"segment_len_meter":22.74290689950968,"segment_cum_len":28257.12632280094,"stop_segment_distance":17.572578363217264}
{"route_id":"344","stop_id":"2390","stop_lat":33.778911,"stop_lon":-118.384581,"stop_sequence":15,"segment_first_lat":33.7790406581,"segment_first_lon":-118.3845697464,"segment_second_lat":33.7790033114,"segment_second_lon":-118.3839598337,"segment_sequence":150001,"segment_id":8,"segment_len_meter":56.523267963964045,"segment_cum_len":6299.189170744386,"stop_segment_distance":16.252570600858306}
{"route_id":"534","stop_id":"2969","stop_lat":34.013992,"stop_lon":-118.487949,"stop_sequence":1,"segment_first_lat":34.0139289579,"segment_first_lon":-118.4878875105,"segment_second_lat":34.0135779628,"segment_second_lon":-118.4883853845,"segment_sequence":10001,"segment_id":1,"segment_len_meter":60.24160098522552,"segment_cum_len":60.24160098522552,"stop_segment_distance":9.906616326017883}
{"route_id":"685","stop_id":"10290","stop_lat":34.11823,"stop_lon":-118.232947,"stop_sequence":21,"segment_first_lat":34.1181195907,"segment_first_lon":-118.2328683839,"segment_second_lat":34.1177890608,"segment_second_lon":-118.2335599573,"segment_sequence":210001,"segment_id":11,"segment_len_meter":73.51115634042523,"segment_cum_len":6649.461708537879,"stop_segment_distance":15.492622876339482}
{"route_id":"70","stop_id":"5372","stop_lat":34.036427,"stop_lon":-118.264293,"stop_sequence":4,"segment_first_lat":34.0358819188,"segment_first_lon":-118.2648393722,"segment_second_lat":34.0364674344,"segment_second_lon":-118.2643629573,"segment_sequence":30003,"segment_id":2,"segment_len_meter":78.52390480325226,"segment_cum_len":691.9459675244543,"stop_segment_distance":8.128164563650373}
{"route_id":"76","stop_id":"16392","stop_lat":34.079463,"stop_lon":-118.108118,"stop_sequence":20,"segment_first_lat":34.0794040551,"segment_first_lon":-118.1067212525,"segment_second_lat":34.079336598,"segment_second_lon":-118.108108487,"segment_sequence":190005,"segment_id":10,"segment_len_meter":127.98228145613214,"segment_cum_len":7377.002496808836,"stop_segment_distance":14.905451745886609}
{"route_id":"78","stop_id":"11533","stop_lat":34.113104,"stop_lon":-118.003263,"stop_sequence":90,"segment_first_lat":34.1130795251,"segment_first_lon":-118.0034644686,"segment_second_lat":34.1131691075,"segment_second_lon":-118.0033997199,"segment_sequence":890005,"segment_id":45,"segment_len_meter":11.60843715494274,"segment_cum_len":28598.575525878183,"stop_segment_distance":21.65795287713852}
{"route_id":"81","stop_id":"10429","stop_lat":34.020372,"stop_lon":-118.281135,"stop_sequence":63,"segment_first_lat":34.020311421,"segment_first_lon":-118.2809982478,"segment_second_lat":34.0196787497,"segment_second_lon":-118.2814003756,"segment_sequence":630001,"segment_id":32,"segment_len_meter":79.51504325474222,"segment_cum_len":21462.177982457833,"stop_segment_distance":15.648457506745714}
{"route_id":"81","stop_id":"13465","stop_lat":33.949311,"stop_lon":-118.282826,"stop_sequence":92,"segment_first_lat":33.9501191599,"segment_first_lon":-118.2826834513,"segment_second_lat":33.9493113105,"segment_second_lon":-118.2826751198,"segment_sequence":910006,"segment_id":46,"segment_len_meter":89.83204196510324,"segment_cum_len":29316.694027083347,"stop_segment_distance":14.905275091829537}
{"route_id":"90","stop_id":"10583","stop_lat":34.247672,"stop_lon":-118.281964,"stop_sequence":18,"segment_first_lat":34.2480134924,"segment_first_lon":-118.2855662218,"segment_second_lat":34.2477971838,"segment_second_lon":-118.2819540018,"segment_sequence":170001,"segment_id":9,"segment_len_meter":332.8868267086958,"segment_cum_len":4445.519116146228,"stop_segment_distance":14.331612968376021}
{"route_id":"90","stop_id":"5130","stop_lat":34.040009,"stop_lon":-118.260103,"stop_sequence":94,"segment_first_lat":34.0399474519,"segment_first_lon":-118.2600063159,"segment_second_lat":34.0391966251,"segment_second_lon":-118.2606941767,"segment_sequence":940001,"segment_id":47,"segment_len_meter":104.82073113655053,"segment_cum_len":33552.970178694864,"stop_segment_distance":11.898136339102109}
{"route_id":"90","stop_id":"5143","stop_lat":34.042861,"stop_lon":-118.257434,"stop_sequence":92,"segment_first_lat":34.0428004998,"segment_first_lon":-118.2573424221,"segment_second_lat":34.0416140979,"segment_second_lon":-118.2584406066,"segment_sequence":920001,"segment_id":46,"segment_len_meter":166.25852626794506,"segment_cum_len":33213.289307635496,"stop_segment_distance":11.34328041634052}
{"route_id":"94","stop_id":"14240","stop_lat":34.142612,"stop_lon":-118.269804,"stop_sequence":63,"segment_first_lat":34.1433287951,"segment_first_lon":-118.2700314466,"segment_second_lat":34.1426654482,"segment_second_lon":-118.2696660981,"segment_sequence":620007,"segment_id":31,"segment_len_meter":81.06261472238637,"segment_cum_len":26095.920104148237,"stop_segment_distance":15.357801090320606}
