{"route_id":"102","stop_id":"767","stop_lat":33.989058,"stop_lon":-118.252218,"stop_sequence":71,"segment_first_lat":33.9890581333,"segment_first_lon":-118.2520951034,"segment_second_lat":33.9886102392,"segment_second_lon":-118.2520917756,"segment_sequence":710001,"segment_id":36,"segment_len_meter":49.80449663898144,"segment_cum_len":23244.36378668795,"stop_segment_distance":12.656871331319259}
{"route_id":"106","stop_id":"3550","stop_lat":34.036102,"stop_lon":-118.184849,"stop_sequence":13,"segment_first_lat":34.036029783,"segment_first_lon":-118.1848484521,"segment_second_lat":34.0360239274,"segment_second_lon":-118.1857990271,"segment_sequence":130001,"segment_id":7,"segment_len_meter":87.59377716456608,"segment_cum_len":4179.6476001846795,"stop_segment_distance":8.406779530858742}
{"route_id":"108","stop_id":"6261","stop_lat":33.988872,"stop_lon":-118.335434,"stop_sequence":23,"segment_first_lat":33.9889918533,"segment_first_lon":-118.3367040312,"segment_second_lat":33.9889975887,"segment_second_lon":-118.3354340117,"segment_sequence":220005,"segment_id":11,"segment_len_meter":117.09336096858189,"segment_cum_len":8441.477162365221,"stop_segment_distance":14.720234424593059}
{"route_id":"128","stop_id":"17250","stop_lat":33.888838,"stop_lon":-118.202912,"stop_sequence":39,"segment_first_lat":33.8887184575,"segment_first_lon":-118.202108253,"segment_second_lat":33.8887124354,"segment_second_lon":-118.2029121827,"segment_sequence":380003,"segment_id":19,"segment_len_meter":74.21004806715773,"segment_cum_len":18350.479301699095,"stop_segment_distance":15.12360990325412}
{"route_id":"130","stop_id":"14970","stop_lat":33.838108,"stop_lon":-118.386868,"stop_sequence":85,"segment_first_lat":33.8382301469,"segment_first_lon":-118.3873163863,"segment_second_lat":33.8382291141,"segment_second_lon":-118.3868682194,"segment_sequence":840005,"segment_id":42,"segment_len_meter":41.39283776797371,"segment_cum_len":38841.61937517053,"stop_segment_distance":15.657797286107844}
{"route_id":"14","stop_id":"419","stop_lat":34.072841,"stop_lon":-118.284152,"stop_sequence":50,"segment_first_lat":34.0726432724,"segment_first_lon":-118.2840386271,"segment_second_lat":34.0727304877,"segment_second_lon":-118.2842264831,"segment_sequence":490007,"segment_id":25,"segment_len_meter":19.83507626657337,"segment_cum_len":18218.991865473326,"stop_segment_distance":18.578693934037826}
{"route_id":"150","stop_id":"6999","stop_lat":34.153559,"stop_lon":-118.465395,"stop_sequence":47,"segment_first_lat":34.1536930381,"segment_first_lon":-118.4653609349,"segment_second_lat":34.1534676442,"segment_second_lon":-118.4640197026,"segment_sequence":470001,"segment_id":24,"segment_len_meter":125.93626754240466,"segment_cum_len":17368.117725004475,"stop_segment_distance":16.253095422070743}
{"route_id":"164","stop_id":"6596","stop_lat":34.186992,"stop_lon":-118.60625,"stop_sequence":74,"segment_first_lat":34.1869608732,"segment_first_lon":-118.6058861433,"segment_second_lat":34.1868694538,"segment_second_lon":-118.6061979603,"segment_sequence":730009,"segment_id":37,"segment_len_meter":30.429526697677385,"segment_cum_len":29430.183985985364,"stop_segment_distance":17.65979736162622}
{"route_id":"164","stop_id":"8153","stop_lat":34.184842,"stop_lon":-118.348954,"stop_sequence":15,"segment_first_lat":34.1846995211,"segment_first_lon":-118.3480010694,"segment_second_lat":34.1847154533,"segment_second_lon":-118.3489567265,"segment_sequence":140004,"segment_id":7,"segment_len_meter":87.92286176809384,"segment_cum_len":5548.000664044508,"stop_segment_distance":15.22512475969377}
{"route_id":"165","stop_id":"6872","stop_lat":34.193609,"stop_lon":-118.618696,"stop_sequence":8,"segment_first_lat":34.1937309836,"segment_first_lon":-118.6212067061,"segment_second_lat":34.193736153,"segment_second_lon":-118.6186967754,"segment_sequence":70003,"segment_id":4,"segment_len_meter":230.84907917699246,"segment_cum_len":2780.451624368869,"stop_segment_distance":14.607745801989893}
{"route_id":"166","stop_id":"6573","stop_lat":34.25375,"stop_lon":-118.606202,"stop_sequence":5,"segment_first_lat":34.2541219537,"segment_first_lon":-118.6060559887,"segment_second_lat":34.2537509979,"segment_second_lon":-118.606053295,"segment_sequence":40004,"segment_id":2,"segment_len_meter":41.249145931755486,"segment_cum_len":2520.843153725886,"stop_segment_distance":15.900552621690096}
{"route_id":"169","stop_id":"6099","stop_lat":34.208208,"stop_lon":-118.575538,"stop_sequence":59,"segment_first_lat":34.2083380541,"segment_first_lon":-118.5764158316,"segment_second_lat":34.2083353571,"segment_second_lon":-118.5755393223,"segment_sequence":580002,"segment_id":29,"segment_len_meter":80.60266037279126,"segment_cum_len":24082.242229315558,"stop_segment_distance":15.568203761403083}
{"route_id":"2","stop_id":"5145","stop_lat":34.041457,"stop_lon":-118.258737,"stop_sequence":86,"segment_first_lat":34.0413985016,"segment_first_lon":-118.2586452548,"segment_second_lat":34.0405319842,"segment_second_lon":-118.2594671252,"segment_sequence":860001,"segment_id":43,"segment_len_meter":122.54961852657104,"segment_cum_len":26901.07662927178,"stop_segment_distance":11.020588463806263}
{"route_id":"202","stop_id":"9803","stop_lat":33.780396,"stop_lon":-118.25709,"stop_sequence":52,"segment_first_lat":33.7803328545,"segment_first_lon":-118.255915141,"segment_second_lat":33.7802701951,"segment_second_lon":-118.2570801517,"segment_sequence":510005,"segment_id":26,"segment_len_meter":107.89841369215493,"segment_cum_len":25485.075398441786,"stop_segment_distance":14.930163079813}
{"route_id":"206","stop_id":"7248","stop_lat":33.924002,"stop_lon":-118.291321,"stop_sequence":74,"segment_first_lat":33.9236967774,"segment_first_lon":-118.2915172245,"segment_second_lat":33.9240095341,"segment_second_lon":-118.2914958981,"segment_sequence":730006,"segment_id":37,"segment_len_meter":34.83258231515573,"segment_cum_len":22542.18649902935,"stop_segment_distance":19.792909504456603}
{"route_id":"212","stop_id":"11449","stop_lat":33.938356,"stop_lon":-118.344057,"stop_sequence":66,"segment_first_lat":33.9387736135,"segment_first_lon":-118.3439035996,"segment_second_lat":33.9383559367,"segment_second_lon":-118.3439045226,"segment_sequence":650007,"segment_id":33,"segment_len_meter":46.443619190616424,"segment_cum_len":22009.773066974703,"stop_segment_distance":16.167606116755195}
{"route_id":"212","stop_id":"12144","stop_lat":34.09816,"stop_lon":-118.344325,"stop_sequence":10,"segment_first_lat":34.0992009058,"segment_first_lon":-118.3444841222,"segment_second_lat":34.0981900117,"segment_second_lon":-118.3441767313,"segment_sequence":90005,"segment_id":5,"segment_len_meter":115.91496874876574,"segment_cum_len":2440.1549995857235,"stop_segment_distance":14.806383741366119}
{"route_id":"232","stop_id":"17627","stop_lat":33.782869,"stop_lon":-118.215263,"stop_sequence":15,"segment_first_lat":33.7827313828,"segment_first_lon":-118.2138212952,"segment_second_lat":33.7827409043,"segment_second_lon":-118.2152626436,"segment_sequence":140002,"segment_id":7,"segment_len_meter":133.2134696467489,"segment_cum_len":4710.011872955418,"stop_segment_distance":15.148089643325278}
{"route_id":"243","stop_id":"14838","stop_lat":34.239409,"stop_lon":-118.553416,"stop_sequence":60,"segment_first_lat":34.2394082467,"segment_first_lon":-118.5535644762,"segment_second_lat":34.2398451788,"segment_second_lon":-118.5535614178,"segment_sequence":600001,"segment_id":30,"segment_len_meter":48.58544622491267,"segment_cum_len":26517.045780192962,"stop_segment_distance":15.372613718625985}
{"route_id":"267","stop_id":"6734","stop_lat":34.08138,"stop_lon":-118.057983,"stop_sequence":8,"segment_first_lat":34.0813002012,"segment_first_lon":-118.0582571369,"segment_second_lat":34.08237757,"segment_second_lon":-118.0578285653,"segment_sequence":80003,"segment_id":4,"segment_len_meter":126.13248006714275,"segment_cum_len":2906.3004102237896,"stop_segment_distance":12.461259157618201}
{"route_id":"28","stop_id":"12358","stop_lat":34.080986,"stop_lon":-118.225531,"stop_sequence":38,"segment_first_lat":34.0811422651,"segment_first_lon":-118.2254921439,"segment_second_lat":34.0810308303,"segment_second_lon":-118.2254231529,"segment_sequence":370015,"segment_id":19,"segment_len_meter":13.925078277223314,"segment_cum_len":11323.049576313313,"stop_segment_distance":14.928584395547006}
{"route_id":"35","stop_id":"8194","stop_lat":34.040075,"stop_lon":-118.308744,"stop_sequence":59,"segment_first_lat":34.0399539586,"segment_first_lon":-118.3078387797,"segment_second_lat":34.0399494511,"segment_second_lon":-118.308743187,"segment_sequence":580004,"segment_id":29,"segment_len_meter":83.3348554064136,"segment_cum_len":18469.009235858786,"stop_segment_distance":15.112888354866087}
{"route_id":"40","stop_id":"30004","stop_lat":33.959841,"stop_lon":-118.352686,"stop_sequence":57,"segment_first_lat":33.9594889132,"segment_first_lon":-118.3527472155,"segment_second_lat":33.9598300487,"segment_second_lon":-118.3527981172,"segment_sequence":560012,"segment_id":28,"segment_len_meter":38.2219376828522,"segment_cum_len":21758.358361170278,"stop_segment_distance":11.745160353013347}
{"route_id":"460","stop_id":"1560","stop_lat":33.902274,"stop_lon":-118.054963,"stop_sequence":34,"segment_first_lat":33.9024021232,"segment_first_lon":-118.0549626307,"segment_second_lat":33.9024177179,"segment_second_lon":-118.0526525753,"segment_sequence":350001,"segment_id":18,"segment_len_meter":213.20332725558123,"segment_cum_len":39966.80261821166,"stop_segment_distance":14.871885329264416}
{"route_id":"460","stop_id":"16926","stop_lat":33.859022,"stop_lon":-117.97695,"stop_sequence":70,"segment_first_lat":33.8591339853,"segment_first_lon":-117.9788007473,"segment_second_lat":33.8591446367,"segment_second_lon":-117.9769496935,"segment_sequence":700001,"segment_id":35,"segment_len_meter":170.92552521639496,"segment_cum_len":55534.44124153607,"stop_segment_distance":14.057392385574474}
{"route_id":"460","stop_id":"17202","stop_lat":33.887915,"stop_lon":-118.026011,"stop_sequence":42,"segment_first_lat":33.8880406978,"segment_first_lon":-118.0260115094,"segment_second_lat":33.8880584744,"segment_second_lon":-118.0237578572,"segment_sequence":430001,"segment_id":22,"segment_len_meter":208.03521057267105,"segment_cum_len":44245.857969856275,"stop_segment_distance":14.531765251396422}
{"route_id":"460","stop_id":"4385","stop_lat":33.916838,"stop_lon":-118.08193,"stop_sequence":22,"segment_first_lat":33.9168385987,"segment_first_lon":-118.0817777592,"segment_second_lat":33.9134889914,"segment_second_lon":-118.0817715244,"segment_sequence":230001,"segment_id":12,"segment_len_meter":372.45978235615326,"segment_cum_len":35937.419049354816,"stop_segment_distance":14.268168436088615}
{"route_id":"53","stop_id":"9667","stop_lat":33.923821,"stop_lon":-118.264933,"stop_sequence":19,"segment_first_lat":33.9237201694,"segment_first_lon":-118.2621808064,"segment_second_lat":33.9237215725,"segment_second_lon":-118.2649331668,"segment_sequence":180004,"segment_id":9,"segment_len_meter":253.95338176138543,"segment_cum_len":8075.1211484452215,"stop_segment_distance":11.287650039540068}
{"route_id":"60","stop_id":"9750","stop_lat":34.034635,"stop_lon":-118.235203,"stop_sequence":17,"segment_first_lat":34.0348284381,"segment_first_lon":-118.2362098466,"segment_second_lat":34.0347617341,"segment_second_lon":-118.2351891109,"segment_sequence":160004,"segment_id":8,"segment_len_meter":94.3497217815492,"segment_cum_len":4756.10731241162,"stop_segment_distance":15.039116806611958}
{"route_id":"603","stop_id":"17135","stop_lat":34.057952,"stop_lon":-118.284316,"stop_sequence":49,"segment_first_lat":34.0581231993,"segment_first_lon":-118.2841709136,"segment_second_lat":34.057947267,"segment_second_lon":-118.2842000297,"segment_sequence":480010,"segment_id":24,"segment_len_meter":19.74580120934442,"segment_cum_len":15381.512602463958,"stop_segment_distance":14.210552202359906}
{"route_id":"611","stop_id":"9608","stop_lat":33.999112,"stop_lon":-118.192929,"stop_sequence":56,"segment_first_lat":33.9992541233,"segment_first_lon":-118.1932363073,"segment_second_lat":33.9992164508,"segment_second_lon":-118.1929095993,"segment_sequence":550002,"segment_id":28,"segment_len_meter":30.407695304411813,"segment_cum_len":17114.66555599281,"stop_segment_distance":13.782737813590064}
{"route_id":"665","stop_id":"9278","stop_lat":34.055609,"stop_lon":-118.183258,"stop_sequence":5,"segment_first_lat":34.055515998,"segment_first_lon":-118.1832190056,"segment_second_lat":34.0553775298,"segment_second_lon":-118.1837456084,"segment_sequence":50001,"segment_id":3,"segment_len_meter":50.89776381241565,"segment_cum_len":2165.9315356257443,"stop_segment_distance":11.821654825617529}
{"route_id":"68","stop_id":"10171","stop_lat":34.033741,"stop_lon":-118.125367,"stop_sequence":4,"segment_first_lat":34.0336141622,"segment_first_lon":-118.1253670982,"segment_second_lat":34.0336075262,"segment_second_lon":-118.1272451036,"segment_sequence":40001,"segment_id":2,"segment_len_meter":173.0565415621969,"segment_cum_len":4146.38395387826,"stop_segment_distance":14.746296645836082}
{"route_id":"70","stop_id":"3455","stop_lat":34.059367,"stop_lon":-118.172638,"stop_sequence":34,"segment_first_lat":34.0589881424,"segment_first_lon":-118.1726272874,"segment_second_lat":34.0593267459,"segment_second_lon":-118.1727729251,"segment_sequence":330005,"segment_id":17,"segment_len_meter":39.96989039703398,"segment_cum_len":11417.13416791698,"stop_segment_distance":15.379448135467243}
{"route_id":"71","stop_id":"720","stop_lat":34.055902,"stop_lon":-118.176791,"stop_sequence":36,"segment_first_lat":34.0559860322,"segment_first_lon":-118.1768518877,"segment_second_lat":34.0561384596,"segment_second_lon":-118.1765303189,"segment_sequence":360001,"segment_id":18,"segment_len_meter":34.13012053613334,"segment_cum_len":11693.179832674468,"stop_segment_distance":12.377810628100193}
{"route_id":"83","stop_id":"12790","stop_lat":34.085806,"stop_lon":-118.213179,"stop_sequence":29,"segment_first_lat":34.0859077769,"segment_first_lon":-118.2129913521,"segment_second_lat":34.0857708538,"segment_second_lon":-118.2130362492,"segment_sequence":280009,"segment_id":14,"segment_len_meter":15.776583263202877,"segment_cum_len":8560.112939632188,"stop_segment_distance":18.594912559075322}
{"route_id":"94","stop_id":"14988","stop_lat":34.280008,"stop_lon":-118.437605,"stop_sequence":6,"segment_first_lat":34.2801046349,"segment_first_lon":-118.4375106858,"segment_second_lat":34.2800168872,"segment_second_lon":-118.4373834401,"segment_sequence":60001,"segment_id":3,"segment_len_meter":15.227853463690812,"segment_cum_len":2130.6633247389136,"stop_segment_distance":18.957115553023044}
{"route_id":"94","stop_id":"267","stop_lat":34.05182,"stop_lon":-118.24911,"stop_sequence":88,"segment_first_lat":34.0530896077,"segment_first_lon":-118.2477566334,"segment_second_lat":34.0517603447,"segment_second_lon":-118.2490167564,"segment_sequence":870003,"segment_id":44,"segment_len_meter":187.94798790325987,"segment_cum_len":38542.31928514536,"stop_segment_distance":11.255771476660868}
