{"route_id":"120","stop_id":"11141","stop_lat":33.92957,"stop_lon":-118.164284,"stop_sequence":52,"segment_first_lat":33.9294222011,"segment_first_lon":-118.164099437,"segment_second_lat":33.9294417103,"segment_second_lon":-118.1643015478,"segment_sequence":510008,"segment_id":26,"segment_len_meter":18.772763661268918,"segment_cum_len":22828.323724051435,"stop_segment_distance":19.249255282892925}
{"route_id":"125","stop_id":"17296","stop_lat":33.901766,"stop_lon":-118.379236,"stop_sequence":10,"segment_first_lat":33.9018596172,"segment_first_lon":-118.3792335481,"segment_second_lat":33.9018554588,"segment_second_lon":-118.3789830799,"segment_sequence":100001,"segment_id":5,"segment_len_meter":23.120621027414764,"segment_cum_len":4053.070056319252,"stop_segment_distance":12.665065419458784}
{"route_id":"130","stop_id":"13000036","stop_lat":33.865897,"stop_lon":-118.099463,"stop_sequence":3,"segment_first_lat":33.8659043227,"segment_first_lon":-118.0996145733,"segment_second_lat":33.8669246592,"segment_second_lon":-118.0995301416,"segment_sequence":30001,"segment_id":2,"segment_len_meter":113.72374111304096,"segment_cum_len":1253.0768436520352,"stop_segment_distance":14.733213545034701}
{"route_id":"150","stop_id":"6993","stop_lat":34.160052,"stop_lon":-118.505155,"stop_sequence":38,"segment_first_lat":34.1601814663,"segment_first_lon":-118.5051223283,"segment_second_lat":34.1601245374,"segment_second_lon":-118.5048046475,"segment_sequence":380001,"segment_id":19,"segment_len_meter":29.90760120523552,"segment_cum_len":13539.295382262686,"stop_segment_distance":18.028836443468666}
{"route_id":"155","stop_id":"18057","stop_lat":34.157551,"stop_lon":-118.387408,"stop_sequence":20,"segment_first_lat":34.1576492897,"segment_first_lon":-118.3874086539,"segment_second_lat":34.1576481673,"segment_second_lon":-118.3855245276,"segment_sequence":200001,"segment_id":10,"segment_len_meter":173.36479374278585,"segment_cum_len":7227.594036722298,"stop_segment_distance":11.205841707686261}
{"route_id":"16","stop_id":"15643","stop_lat":34.069052,"stop_lon":-118.33556,"stop_sequence":39,"segment_first_lat":34.0689273138,"segment_first_lon":-118.3347804517,"segment_second_lat":34.0689251515,"segment_second_lon":-118.3355597064,"segment_sequence":380004,"segment_id":19,"segment_len_meter":71.77747845631197,"segment_cum_len":10399.326206373496,"stop_segment_distance":15.457802571185127}
{"route_id":"169","stop_id":"14228","stop_lat":34.215856,"stop_lon":-118.364518,"stop_sequence":126,"segment_first_lat":34.216111121,"segment_first_lon":-118.364627909,"segment_second_lat":34.2159515649,"segment_second_lon":-118.3644135296,"segment_sequence":1250004,"segment_id":63,"segment_len_meter":26.520557921054316,"segment_cum_len":50305.293915968105,"stop_segment_distance":17.918610313215854}
{"route_id":"183","stop_id":"3082","stop_lat":34.164774,"stop_lon":-118.417772,"stop_sequence":15,"segment_first_lat":34.1649010034,"segment_first_lon":-118.4177726679,"segment_second_lat":34.1648995414,"segment_second_lon":-118.4170817554,"segment_sequence":150001,"segment_id":8,"segment_len_meter":63.567912906446075,"segment_cum_len":5691.046610832656,"stop_segment_distance":15.576811775431516}
{"route_id":"200","stop_id":"11234","stop_lat":34.011273,"stop_lon":-118.282458,"stop_sequence":2,"segment_first_lat":34.0111418265,"segment_first_lon":-118.2822790885,"segment_second_lat":34.0111466066,"segment_second_lon":-118.2824675163,"segment_sequence":10010,"segment_id":1,"segment_len_meter":17.376025996068066,"segment_cum_len":231.2298242306233,"stop_segment_distance":18.72131960885328}
{"route_id":"246","stop_id":"30005","stop_lat":33.869338,"stop_lon":-118.287306,"stop_sequence":67,"segment_first_lat":33.8694761133,"segment_first_lon":-118.2870463773,"segment_second_lat":33.8693101416,"segment_second_lon":-118.287278043,"segment_sequence":660025,"segment_id":33,"segment_len_meter":28.250254460102173,"segment_cum_len":23144.236990959125,"stop_segment_distance":4.249656096372629}
{"route_id":"251","stop_id":"13960","stop_lat":33.99656,"stop_lon":-118.219649,"stop_sequence":29,"segment_first_lat":33.9982336657,"segment_first_lon":-118.219531589,"segment_second_lat":33.9965630308,"segment_second_lon":-118.2194968566,"segment_sequence":280005,"segment_id":14,"segment_len_meter":185.793717321374,"segment_cum_len":11510.143401078387,"stop_segment_distance":14.653831769059366}
{"route_id":"256","stop_id":"9972","stop_lat":34.033572,"stop_lon":-118.173595,"stop_sequence":12,"segment_first_lat":34.0333570554,"segment_first_lon":-118.1738550271,"segment_second_lat":34.0336133274,"segment_second_lon":-118.1737360794,"segment_sequence":110018,"segment_id":6,"segment_len_meter":30.53146595961345,"segment_cum_len":2634.492257752003,"stop_segment_distance":17.100523493167223}
{"route_id":"260","stop_id":"16932","stop_lat":34.074073,"stop_lon":-118.134611,"stop_sequence":39,"segment_first_lat":34.0759085331,"segment_first_lon":-118.1344818859,"segment_second_lat":34.0740729826,"segment_second_lon":-118.1344604427,"segment_sequence":380004,"segment_id":19,"segment_len_meter":204.11345836483417,"segment_cum_len":13908.259572542485,"stop_segment_distance":14.201626760164686}
{"route_id":"28","stop_id":"9315","stop_lat":34.139838,"stop_lon":-118.218777,"stop_sequence":9,"segment_first_lat":34.1399608098,"segment_first_lon":-118.2187432257,"segment_second_lat":34.1397061064,"segment_second_lon":-118.21735853,"segment_sequence":90001,"segment_id":5,"segment_len_meter":130.54653398285606,"segment_cum_len":2824.281253121333,"stop_segment_distance":14.825591122723694}
{"route_id":"33","stop_id":"6932","stop_lat":34.044131,"stop_lon":-118.28653,"stop_sequence":62,"segment_first_lat":34.0442599205,"segment_first_lon":-118.2877648183,"segment_second_lat":34.0442579102,"segment_second_lon":-118.2865302429,"segment_sequence":610004,"segment_id":31,"segment_len_meter":113.74993921926273,"segment_cum_len":19915.46467634273,"stop_segment_distance":15.033602187972406}
{"route_id":"40","stop_id":"11261","stop_lat":33.952855,"stop_lon":-118.352789,"stop_sequence":60,"segment_first_lat":33.952850134,"segment_first_lon":-118.3526351751,"segment_second_lat":33.9527129933,"segment_second_lon":-118.3526428412,"segment_sequence":600001,"segment_id":30,"segment_len_meter":15.26573465082101,"segment_cum_len":22652.42620204617,"stop_segment_distance":19.69516559086972}
{"route_id":"534","stop_id":"12719","stop_lat":34.023786,"stop_lon":-118.787895,"stop_sequence":31,"segment_first_lat":34.0236663273,"segment_first_lon":-118.7878171211,"segment_second_lat":34.0233671564,"segment_second_lon":-118.7884783151,"segment_sequence":310001,"segment_id":16,"segment_len_meter":69.42432510728233,"segment_cum_len":31174.4156257749,"stop_segment_distance":16.82131409467452}
{"route_id":"605","stop_id":"9771","stop_lat":34.022538,"stop_lon":-118.207147,"stop_sequence":4,"segment_first_lat":34.0228016135,"segment_first_lon":-118.2074845422,"segment_second_lat":34.0226258759,"segment_second_lon":-118.2070913915,"segment_sequence":30003,"segment_id":2,"segment_len_meter":41.16640056996568,"segment_cum_len":516.3427180936783,"stop_segment_distance":12.60991487985708}
{"route_id":"66","stop_id":"7420","stop_lat":34.057612,"stop_lon":-118.301047,"stop_sequence":6,"segment_first_lat":34.0577089907,"segment_first_lon":-118.3019910932,"segment_second_lat":34.0577138211,"segment_second_lon":-118.3010468766,"segment_sequence":50004,"segment_id":3,"segment_len_meter":86.98486949416532,"segment_cum_len":1476.8851069075877,"stop_segment_distance":11.975154909534652}
{"route_id":"71","stop_id":"70500036","stop_lat":34.034213,"stop_lon":-118.265336,"stop_sequence":2,"segment_first_lat":34.0340072993,"segment_first_lon":-118.2651007864,"segment_second_lat":34.0341481921,"segment_second_lon":-118.2653840928,"segment_sequence":10010,"segment_id":1,"segment_len_meter":30.446137649214982,"segment_cum_len":358.6297553903305,"stop_segment_distance":9.52486507436565}
{"route_id":"90","stop_id":"3367","stop_lat":34.180564,"stop_lon":-118.229169,"stop_sequence":48,"segment_first_lat":34.1805647553,"segment_first_lon":-118.229013316,"segment_second_lat":34.1795590485,"segment_second_lon":-118.2290046076,"segment_sequence":480001,"segment_id":24,"segment_len_meter":111.83236301763664,"segment_cum_len":15104.2687696384,"stop_segment_distance":15.253097509392745}
{"route_id":"94","stop_id":"14184","stop_lat":34.27647,"stop_lon":-118.433297,"stop_sequence":7,"segment_first_lat":34.2765526065,"segment_first_lon":-118.4331818599,"segment_second_lat":34.2744616959,"segment_second_lon":-118.4309591905,"segment_sequence":70001,"segment_id":4,"segment_len_meter":309.4596093664844,"segment_cum_len":2998.441064637164,"stop_segment_distance":14.408618281647932}
