{"route_id":"108","stop_id":"10194","stop_lat":33.977322,"stop_lon":-118.130527,"stop_sequence":82,"segment_first_lat":33.9781752275,"segment_first_lon":-118.132177693,"segment_second_lat":33.9774357282,"segment_second_lon":-118.13045875,"segment_sequence":810004,"segment_id":41,"segment_len_meter":178.5618817717839,"segment_cum_len":27563.12943361891,"stop_segment_distance":14.919704647538168}
{"route_id":"108","stop_id":"6274","stop_lat":33.988731,"stop_lon":-118.202432,"stop_sequence":61,"segment_first_lat":33.9888982363,"segment_first_lon":-118.2028053051,"segment_second_lat":33.9888618007,"segment_second_lon":-118.2024120005,"segment_sequence":600006,"segment_id":30,"segment_len_meter":36.48707097804521,"segment_cum_len":20708.779465985015,"stop_segment_distance":17.29371877825634}
{"route_id":"117","stop_id":"140763","stop_lat":33.943181,"stop_lon":-118.254319,"stop_sequence":37,"segment_first_lat":33.94328441,"segment_first_lon":-118.2546918955,"segment_second_lat":33.9432818988,"segment_second_lon":-118.2543193265,"segment_sequence":360003,"segment_id":18,"segment_len_meter":34.36923788892058,"segment_cum_len":14761.55606500295,"stop_segment_distance":13.119486272436795}
{"route_id":"125","stop_id":"17329","stop_lat":33.901803,"stop_lon":-118.330511,"stop_sequence":19,"segment_first_lat":33.901925835,"segment_first_lon":-118.3305115532,"segment_second_lat":33.9019259783,"segment_second_lon":-118.3297569108,"segment_sequence":190001,"segment_id":10,"segment_len_meter":69.64675672693812,"segment_cum_len":8597.669508938407,"stop_segment_distance":14.938422654193715}
{"route_id":"14","stop_id":"140898","stop_lat":34.076317,"stop_lon":-118.338403,"stop_sequence":63,"segment_first_lat":34.0761913122,"segment_first_lon":-118.3372564937,"segment_second_lat":34.0761905806,"segment_second_lon":-118.3384023718,"segment_sequence":620005,"segment_id":31,"segment_len_meter":105.53770238049081,"segment_cum_len":23428.831093983652,"stop_segment_distance":15.035918734325591}
{"route_id":"164","stop_id":"7152","stop_lat":34.186613,"stop_lon":-118.610602,"stop_sequence":75,"segment_first_lat":34.1864909195,"segment_first_lon":-118.610270663,"segment_second_lat":34.1864821064,"segment_second_lon":-118.610601264,"segment_sequence":740012,"segment_id":37,"segment_len_meter":30.42509511604163,"segment_cum_len":29840.36522660947,"stop_segment_distance":17.493218213366273}
{"route_id":"167","stop_id":"18164","stop_lat":34.24571,"stop_lon":-118.481329,"stop_sequence":36,"segment_first_lat":34.2456552435,"segment_first_lon":-118.4813417507,"segment_second_lat":34.2456757444,"segment_second_lon":-118.4813690025,"segment_sequence":350036,"segment_id":18,"segment_len_meter":3.3869078186895503,"segment_cum_len":15124.608169781235,"stop_segment_distance":8.107716784482708}
{"route_id":"169","stop_id":"697","stop_lat":34.227801,"stop_lon":-118.434543,"stop_sequence":100,"segment_first_lat":34.2277558335,"segment_first_lon":-118.4347674124,"segment_second_lat":34.2278584143,"segment_second_lon":-118.4345909545,"segment_sequence":990011,"segment_id":50,"segment_len_meter":19.83160237405577,"segment_cum_len":40412.597772764086,"stop_segment_distance":9.161195618554444}
{"route_id":"176","stop_id":"176170","stop_lat":34.078237,"stop_lon":-118.050531,"stop_sequence":40,"segment_first_lat":34.0780337728,"segment_first_lon":-118.0504085844,"segment_second_lat":34.0781161355,"segment_second_lon":-118.0505836564,"segment_sequence":390011,"segment_id":20,"segment_len_meter":18.54351868872071,"segment_cum_len":15526.717298184645,"stop_segment_distance":20.998449054618526}
{"route_id":"2","stop_id":"17306","stop_lat":34.082956,"stop_lon":-118.273535,"stop_sequence":64,"segment_first_lat":34.0831396601,"segment_first_lon":-118.273535936,"segment_second_lat":34.0830363179,"segment_second_lon":-118.2734243033,"segment_sequence":630008,"segment_id":32,"segment_len_meter":15.418820356077278,"segment_cum_len":19944.116887543896,"stop_segment_distance":18.556697358587478}
{"route_id":"200","stop_id":"5149","stop_lat":34.041562,"stop_lon":-118.283966,"stop_sequence":16,"segment_first_lat":34.0407897511,"segment_first_lon":-118.2841186504,"segment_second_lat":34.0415619019,"segment_second_lon":-118.2841189616,"segment_sequence":150004,"segment_id":8,"segment_len_meter":85.85925635294153,"segment_cum_len":3930.0973042198943,"stop_segment_distance":15.2490261345623}
{"route_id":"202","stop_id":"12479","stop_lat":33.900769,"stop_lon":-118.224796,"stop_sequence":12,"segment_first_lat":33.9016097083,"segment_first_lon":-118.2247356305,"segment_second_lat":33.9007742006,"segment_second_lon":-118.2246767106,"segment_sequence":110004,"segment_id":6,"segment_len_meter":93.06322356606495,"segment_cum_len":3968.622591931603,"stop_segment_distance":11.609835059553689}
{"route_id":"205","stop_id":"17568","stop_lat":33.743418,"stop_lon":-118.299249,"stop_sequence":31,"segment_first_lat":33.7433445386,"segment_first_lon":-118.2989199566,"segment_second_lat":33.7433456445,"segment_second_lon":-118.2992488763,"segment_sequence":300003,"segment_id":15,"segment_len_meter":30.41294600325536,"segment_cum_len":7276.627114504855,"stop_segment_distance":9.134248391791278}
{"route_id":"233","stop_id":"560","stop_lat":34.186949,"stop_lon":-118.448506,"stop_sequence":13,"segment_first_lat":34.1869483077,"segment_first_lon":-118.4486568539,"segment_second_lat":34.1876517642,"segment_second_lon":-118.4486583176,"segment_sequence":130001,"segment_id":7,"segment_len_meter":78.22090977882034,"segment_cum_len":4147.262228789933,"stop_segment_distance":15.044885057436503}
{"route_id":"233","stop_id":"6815","stop_lat":34.26339,"stop_lon":-118.42558,"stop_sequence":42,"segment_first_lat":34.2629807683,"segment_first_lon":-118.4263656786,"segment_second_lat":34.2634857658,"segment_second_lon":-118.4256815015,"segment_sequence":410002,"segment_id":21,"segment_len_meter":84.29942001314981,"segment_cum_len":13617.79098541844,"stop_segment_distance":15.202382213389939}
{"route_id":"243","stop_id":"7007","stop_lat":34.17247,"stop_lon":-118.562339,"stop_sequence":41,"segment_first_lat":34.1724793781,"segment_first_lon":-118.563830095,"segment_second_lat":34.172597549,"segment_second_lon":-118.5623524071,"segment_sequence":400003,"segment_id":20,"segment_len_meter":136.57658362935064,"segment_cum_len":18228.834201572023,"stop_segment_distance":14.840246500998347}
{"route_id":"265","stop_id":"2697","stop_lat":33.883424,"stop_lon":-118.159871,"stop_sequence":14,"segment_first_lat":33.88216766,"segment_first_lon":-118.1600181761,"segment_second_lat":33.8834234084,"segment_second_lon":-118.160025515,"segment_sequence":130001,"segment_id":7,"segment_len_meter":139.63449466986867,"segment_cum_len":5594.270396817434,"stop_segment_distance":14.98682773238815}
{"route_id":"28","stop_id":"12785","stop_lat":34.072272,"stop_lon":-118.224154,"stop_sequence":41,"segment_first_lat":34.072613406,"segment_first_lon":-118.2237289456,"segment_second_lat":34.0722116988,"segment_second_lon":-118.2240085483,"segment_sequence":400013,"segment_id":20,"segment_len_meter":51.56002021389935,"segment_cum_len":12539.442584741066,"stop_segment_distance":17.95467407095903}
{"route_id":"28","stop_id":"9506","stop_lat":34.114846,"stop_lon":-118.236195,"stop_sequence":22,"segment_first_lat":34.1148143328,"segment_first_lon":-118.2360433477,"segment_second_lat":34.1145855702,"segment_second_lon":-118.2361147238,"segment_sequence":220001,"segment_id":11,"segment_len_meter":26.272225317744997,"segment_cum_len":6751.223729548118,"stop_segment_distance":18.012689811205}
{"route_id":"35","stop_id":"16465","stop_lat":34.040116,"stop_lon":-118.298029,"stop_sequence":55,"segment_first_lat":34.0399966369,"segment_first_lon":-118.2973885448,"segment_second_lat":34.0399906614,"segment_second_lon":-118.2980288822,"segment_sequence":540003,"segment_id":27,"segment_len_meter":59.005291826929046,"segment_cum_len":17481.759218010884,"stop_segment_distance":15.418255660674795}
{"route_id":"35","stop_id":"16468","stop_lat":34.041383,"stop_lon":-118.353116,"stop_sequence":73,"segment_first_lat":34.041256393,"segment_first_lon":-118.3531374666,"segment_second_lat":34.0413339872,"segment_second_lon":-118.3537590191,"segment_sequence":730001,"segment_id":37,"segment_len_meter":57.91609830027079,"segment_cum_len":22634.064452337458,"stop_segment_distance":15.798051919884259}
{"route_id":"550","stop_id":"17459","stop_lat":33.854086,"stop_lon":-118.29037,"stop_sequence":30,"segment_first_lat":33.8513348698,"segment_first_lon":-118.2905115082,"segment_second_lat":33.8540854238,"segment_second_lon":-118.2905210365,"segment_sequence":290003,"segment_id":15,"segment_len_meter":305.84891591642844,"segment_cum_len":16564.177587579736,"stop_segment_distance":14.289060239504181}
{"route_id":"602","stop_id":"6391","stop_lat":34.044289,"stop_lon":-118.552119,"stop_sequence":3,"segment_first_lat":34.0444150631,"segment_first_lon":-118.5521589093,"segment_second_lat":34.0444457508,"segment_second_lon":-118.5519980216,"segment_sequence":30001,"segment_id":2,"segment_len_meter":15.211312442449284,"segment_cum_len":620.4429281845432,"stop_segment_distance":19.969817912254626}
{"route_id":"602","stop_id":"707","stop_lat":34.070529,"stop_lon":-118.465234,"stop_sequence":43,"segment_first_lat":34.0706934045,"segment_first_lon":-118.4652841966,"segment_second_lat":34.0705671732,"segment_second_lon":-118.4651682531,"segment_sequence":420015,"segment_id":21,"segment_len_meter":17.63704189558815,"segment_cum_len":13489.976476262702,"stop_segment_distance":8.6148008457365}
{"route_id":"687","stop_id":"11832","stop_lat":34.164654,"stop_lon":-118.113247,"stop_sequence":7,"segment_first_lat":34.1650273601,"segment_first_lon":-118.1130916984,"segment_second_lat":34.1646536454,"segment_second_lon":-118.1130961512,"segment_sequence":60002,"segment_id":3,"segment_len_meter":41.557198079578676,"segment_cum_len":2177.0085218246113,"stop_segment_distance":16.227633674223313}
{"route_id":"687","stop_id":"9875","stop_lat":34.146049,"stop_lon":-118.128246,"stop_sequence":21,"segment_first_lat":34.1459238707,"segment_first_lon":-118.1282456656,"segment_second_lat":34.1459132989,"segment_second_lon":-118.1293990908,"segment_sequence":210001,"segment_id":11,"segment_len_meter":106.15175184447979,"segment_cum_len":5743.617040692499,"stop_segment_distance":14.943880670973428}
{"route_id":"71","stop_id":"713","stop_lat":34.048753,"stop_lon":-118.192007,"stop_sequence":29,"segment_first_lat":34.048860474,"segment_first_lon":-118.1920106035,"segment_second_lat":34.0488799084,"segment_second_lon":-118.1918852041,"segment_sequence":290002,"segment_id":15,"segment_len_meter":11.753628057918972,"segment_cum_len":9737.620396707438,"stop_segment_distance":18.230781664429067}
{"route_id":"78","stop_id":"6535","stop_lat":34.033195,"stop_lon":-118.264573,"stop_sequence":1,"segment_first_lat":34.0332161677,"segment_first_lon":-118.2646091391,"segment_second_lat":34.0335666324,"segment_second_lon":-118.2643072557,"segment_sequence":10001,"segment_id":1,"segment_len_meter":47.8800583191045,"segment_cum_len":47.8800583191045,"stop_segment_distance":4.232337803217696}
{"route_id":"90","stop_id":"9157","stop_lat":34.168649,"stop_lon":-118.22949,"stop_sequence":53,"segment_first_lat":34.1689766887,"segment_first_lon":-118.229154121,"segment_second_lat":34.1685996765,"segment_second_lon":-118.2293008604,"segment_sequence":520015,"segment_id":26,"segment_len_meter":44.04198464638524,"segment_cum_len":16329.056866846724,"stop_segment_distance":21.979181243869014}
{"route_id":"92","stop_id":"20341","stop_lat":34.243483,"stop_lon":-118.380524,"stop_sequence":98,"segment_first_lat":34.2433749106,"segment_first_lon":-118.3806735769,"segment_second_lat":34.245298333,"segment_second_lon":-118.3827097397,"segment_sequence":980001,"segment_id":49,"segment_len_meter":284.2039654486062,"segment_cum_len":32039.304972036487,"stop_segment_distance":18.857326469491795}
