{"route_id":"108","stop_id":"7986","stop_lat":33.988845,"stop_lon":-118.340039,"stop_sequence":22,"segment_first_lat":33.9889661932,"segment_first_lon":-118.3409494974,"segment_second_lat":33.9889709606,"segment_second_lon":-118.3400390449,"segment_sequence":210006,"segment_id":11,"segment_len_meter":83.94242817717378,"segment_cum_len":8016.897361609136,"stop_segment_distance":15.08351508569804}
{"route_id":"111","stop_id":"7643","stop_lat":33.974554,"stop_lon":-118.280028,"stop_sequence":35,"segment_first_lat":33.9746807429,"segment_first_lon":-118.2800288205,"segment_second_lat":33.9746869477,"segment_second_lon":-118.278297264,"segment_sequence":350001,"segment_id":18,"segment_len_meter":159.6721890757063,"segment_cum_len":13247.840941531793,"stop_segment_distance":14.699547320776361}
{"route_id":"120","stop_id":"3200","stop_lat":33.927888,"stop_lon":-118.158967,"stop_sequence":50,"segment_first_lat":33.9278218126,"segment_first_lon":-118.1590060188,"segment_second_lat":33.9279283588,"segment_second_lon":-118.1592672954,"segment_sequence":500001,"segment_id":25,"segment_len_meter":26.860147922303252,"segment_cum_len":22330.529481564135,"stop_segment_distance":9.400075673107583}
{"route_id":"14","stop_id":"140908","stop_lat":34.076224,"stop_lon":-118.365673,"stop_sequence":71,"segment_first_lat":34.0760976609,"segment_first_lon":-118.3647572418,"segment_second_lat":34.0760970937,"segment_second_lon":-118.3656719626,"segment_sequence":700005,"segment_id":35,"segment_len_meter":84.24773679488264,"segment_cum_len":25940.44450094188,"stop_segment_distance":15.369061474546257}
{"route_id":"150","stop_id":"7002","stop_lat":34.142469,"stop_lon":-118.3906,"stop_sequence":69,"segment_first_lat":34.1425802712,"segment_first_lon":-118.3905266899,"segment_second_lat":34.1412912252,"segment_second_lon":-118.3877128839,"segment_sequence":690001,"segment_id":35,"segment_len_meter":295.9783120483338,"segment_cum_len":24628.406000758034,"stop_segment_distance":14.339247614127771}
{"route_id":"16","stop_id":"15662","stop_lat":34.069109,"stop_lon":-118.308877,"stop_sequence":30,"segment_first_lat":34.0689850561,"segment_first_lon":-118.3079125978,"segment_second_lat":34.0689825943,"segment_second_lon":-118.308876762,"segment_sequence":290007,"segment_id":15,"segment_len_meter":88.80943358976111,"segment_cum_len":7941.531578471457,"stop_segment_distance":15.139886017792833}
{"route_id":"169","stop_id":"6111","stop_lat":34.208374,"stop_lon":-118.452173,"stop_sequence":89,"segment_first_lat":34.2084584021,"segment_first_lon":-118.4532021458,"segment_second_lat":34.2084715935,"segment_second_lon":-118.4521735861,"segment_sequence":880005,"segment_id":44,"segment_len_meter":94.5955926887388,"segment_cum_len":36904.52473243588,"stop_segment_distance":11.358826116390887}
{"route_id":"180","stop_id":"9334","stop_lat":34.139351,"stop_lon":-118.201657,"stop_sequence":54,"segment_first_lat":34.1394660074,"segment_first_lon":-118.2021164481,"segment_second_lat":34.1394788596,"segment_second_lon":-118.2016604252,"segment_sequence":530005,"segment_id":27,"segment_len_meter":41.99354296357403,"segment_cum_len":16114.285373790632,"stop_segment_distance":16.40326263309366}
{"route_id":"2","stop_id":"6403","stop_lat":34.079375,"stop_lon":-118.430126,"stop_sequence":12,"segment_first_lat":34.0794552496,"segment_first_lon":-118.430010536,"segment_second_lat":34.0793841936,"segment_second_lon":-118.4299011918,"segment_sequence":120002,"segment_id":6,"segment_len_meter":12.8000211044858,"segment_cum_len":3585.2520104997116,"stop_segment_distance":21.811688819069253}
{"route_id":"202","stop_id":"9804","stop_lat":33.780651,"stop_lon":-118.252356,"stop_sequence":51,"segment_first_lat":33.7805443762,"segment_first_lon":-118.2520361552,"segment_second_lat":33.7805258669,"segment_second_lon":-118.2523457461,"segment_sequence":500005,"segment_id":25,"segment_len_meter":28.687018138761548,"segment_cum_len":25046.58640986921,"stop_segment_distance":17.10909104286584}
{"route_id":"224","stop_id":"6613","stop_lat":34.282293,"stop_lon":-118.439501,"stop_sequence":46,"segment_first_lat":34.2819990268,"segment_first_lon":-118.4394098698,"segment_second_lat":34.2822109492,"segment_second_lon":-118.4396205353,"segment_sequence":450011,"segment_id":23,"segment_len_meter":30.49470762180923,"segment_cum_len":18590.09043912654,"stop_segment_distance":17.52677637173316}
{"route_id":"230","stop_id":"2900","stop_lat":34.182756,"stop_lon":-118.396615,"stop_sequence":39,"segment_first_lat":34.1827560105,"segment_first_lon":-118.3964611553,"segment_second_lat":34.1823081176,"segment_second_lon":-118.3964570457,"segment_sequence":390001,"segment_id":20,"segment_len_meter":49.804852820652414,"segment_cum_len":15151.919953298393,"stop_segment_distance":16.22515500247441}
{"route_id":"237","stop_id":"527","stop_lat":34.172278,"stop_lon":-118.405531,"stop_sequence":38,"segment_first_lat":34.1721526003,"segment_first_lon":-118.4055302497,"segment_second_lat":34.1721487878,"segment_second_lon":-118.4073188052,"segment_sequence":380001,"segment_id":19,"segment_len_meter":164.54323830947249,"segment_cum_len":14606.31552115791,"stop_segment_distance":14.500648328167415}
{"route_id":"243","stop_id":"11676","stop_lat":34.249713,"stop_lon":-118.579935,"stop_sequence":11,"segment_first_lat":34.2497136758,"segment_first_lon":-118.5798154759,"segment_second_lat":34.2493152413,"segment_second_lon":-118.5798127082,"segment_sequence":110001,"segment_id":6,"segment_len_meter":44.30462532737143,"segment_cum_len":6286.304341718016,"stop_segment_distance":12.316127253678353}
{"route_id":"243","stop_id":"16790","stop_lat":34.182008,"stop_lon":-118.571106,"stop_sequence":36,"segment_first_lat":34.1820034878,"segment_first_lon":-118.5709517029,"segment_second_lat":34.18137659,"segment_second_lon":-118.5709725471,"segment_sequence":360001,"segment_id":18,"segment_len_meter":69.7342200678739,"segment_cum_len":16237.397763153886,"stop_segment_distance":15.742656856643947}
{"route_id":"251","stop_id":"9153","stop_lat":33.944584,"stop_lon":-118.207657,"stop_sequence":52,"segment_first_lat":33.9466040896,"segment_first_lon":-118.2071903084,"segment_second_lat":33.9445662914,"segment_second_lon":-118.2075067309,"segment_sequence":510002,"segment_id":26,"segment_len_meter":228.46497879705868,"segment_cum_len":19636.01372826767,"stop_segment_distance":14.247486319015309}
{"route_id":"256","stop_id":"10399","stop_lat":34.109511,"stop_lon":-118.192431,"stop_sequence":58,"segment_first_lat":34.109476569,"segment_first_lon":-118.192506594,"segment_second_lat":34.1096698184,"segment_second_lon":-118.1926325742,"segment_sequence":580001,"segment_id":29,"segment_len_meter":24.41871100400652,"segment_cum_len":16462.272319126077,"stop_segment_distance":9.14224337921554}
{"route_id":"256","stop_id":"10705","stop_lat":34.164725,"stop_lon":-118.121379,"stop_sequence":105,"segment_first_lat":34.1647251827,"segment_first_lon":-118.1214990917,"segment_second_lat":34.1666459339,"segment_second_lon":-118.1215104799,"segment_sequence":1050001,"segment_id":53,"segment_len_meter":213.58035882889905,"segment_cum_len":32748.39864002865,"stop_segment_distance":11.409140900456237}
{"route_id":"258","stop_id":"11072","stop_lat":34.103061,"stop_lon":-118.152393,"stop_sequence":17,"segment_first_lat":34.1032945997,"segment_first_lon":-118.152314234,"segment_second_lat":34.1030775701,"segment_second_lon":-118.1522728778,"segment_sequence":160018,"segment_id":8,"segment_len_meter":24.43114956610177,"segment_cum_len":4963.871578371535,"stop_segment_distance":13.749762204588588}
{"route_id":"260","stop_id":"11746","stop_lat":34.115577,"stop_lon":-118.150486,"stop_sequence":23,"segment_first_lat":34.1155773099,"segment_first_lon":-118.1503338531,"segment_second_lat":34.1148628562,"segment_second_lon":-118.1503398367,"segment_sequence":230001,"segment_id":12,"segment_len_meter":79.44553647693358,"segment_cum_len":7628.297581970776,"stop_segment_distance":15.102143941205412}
{"route_id":"260","stop_id":"13142","stop_lat":34.016457,"stop_lon":-118.158627,"stop_sequence":57,"segment_first_lat":34.016424195,"segment_first_lon":-118.1584797105,"segment_second_lat":34.016291964,"segment_second_lon":-118.1585246684,"segment_sequence":570001,"segment_id":29,"segment_len_meter":15.27613063792509,"segment_cum_len":21048.041474321933,"stop_segment_distance":19.413626598687912}
{"route_id":"33","stop_id":"6970","stop_lat":33.997144,"stop_lon":-118.4461,"stop_sequence":11,"segment_first_lat":33.9972496743,"segment_first_lon":-118.4461794009,"segment_second_lat":33.9975807871,"segment_second_lon":-118.4455117652,"segment_sequence":110001,"segment_id":6,"segment_len_meter":71.71953244794405,"segment_cum_len":3612.906413792217,"stop_segment_distance":14.922493558376075}
{"route_id":"4","stop_id":"14433","stop_lat":34.059248,"stop_lon":-118.421937,"stop_sequence":73,"segment_first_lat":34.0594781963,"segment_first_lon":-118.4214095291,"segment_second_lat":34.0591685847,"segment_second_lon":-118.4218602872,"segment_sequence":720005,"segment_id":36,"segment_len_meter":53.93956432056298,"segment_cum_len":23828.19374736091,"stop_segment_distance":12.290987340196665}
{"route_id":"40","stop_id":"10905","stop_lat":33.883777,"stop_lon":-118.352847,"stop_sequence":79,"segment_first_lat":33.8842308711,"segment_first_lon":-118.3526941253,"segment_second_lat":33.8837774758,"segment_second_lon":-118.3526945241,"segment_sequence":780008,"segment_id":39,"segment_len_meter":50.41527056504633,"segment_cum_len":30321.283156638674,"stop_segment_distance":16.064016600420018}
{"route_id":"40","stop_id":"5181","stop_lat":33.956967,"stop_lon":-118.352387,"stop_sequence":58,"segment_first_lat":33.9575538928,"segment_first_lon":-118.3529270281,"segment_second_lat":33.9570584099,"segment_second_lon":-118.3522838956,"segment_sequence":570014,"segment_id":29,"segment_len_meter":80.9565481714376,"segment_cum_len":22162.2448426505,"stop_segment_distance":15.057563292357031}
{"route_id":"460","stop_id":"13495","stop_lat":34.046123,"stop_lon":-118.261373,"stop_sequence":7,"segment_first_lat":34.0472656797,"segment_first_lon":-118.260085506,"segment_second_lat":34.0460487072,"segment_second_lon":-118.2612040814,"segment_sequence":60002,"segment_id":3,"segment_len_meter":170.09692779350294,"segment_cum_len":2341.48895535969,"stop_segment_distance":21.348939182395156}
{"route_id":"460","stop_id":"142334","stop_lat":33.88426,"stop_lon":-117.995825,"stop_sequence":48,"segment_first_lat":33.8841956453,"segment_first_lon":-117.9956907922,"segment_second_lat":33.8837631478,"segment_second_lon":-117.9959926045,"segment_sequence":490001,"segment_id":25,"segment_len_meter":55.578766440364234,"segment_cum_len":47160.62278283713,"stop_segment_distance":16.101085986198996}
{"route_id":"601","stop_id":"12665","stop_lat":34.179123,"stop_lon":-118.601167,"stop_sequence":7,"segment_first_lat":34.1792484704,"segment_first_lon":-118.6011682317,"segment_second_lat":34.1792582871,"segment_second_lon":-118.5977462146,"segment_sequence":70001,"segment_id":4,"segment_len_meter":314.7925238843237,"segment_cum_len":2861.48099088919,"stop_segment_distance":14.196537289848777}
{"route_id":"794","stop_id":"5860","stop_lat":34.14668,"stop_lon":-118.271576,"stop_sequence":18,"segment_first_lat":34.1458759226,"segment_first_lon":-118.2713286257,"segment_second_lat":34.146630451,"segment_second_lon":-118.2717131365,"segment_sequence":170029,"segment_id":9,"segment_len_meter":91.05633180002894,"segment_cum_len":15534.116220048203,"stop_segment_distance":14.975886593661073}
{"route_id":"90","stop_id":"10593","stop_lat":34.242878,"stop_lon":-118.270327,"stop_sequence":22,"segment_first_lat":34.2429799514,"segment_first_lon":-118.2702346854,"segment_second_lat":34.2418466686,"segment_second_lon":-118.2684078695,"segment_sequence":220001,"segment_id":11,"segment_len_meter":209.9471956579036,"segment_cum_len":5884.058067926632,"stop_segment_distance":14.620342695179147}
