{"route_id":"102","stop_id":"1513","stop_lat":34.013877,"stop_lon":-118.262107,"stop_sequence":62,"segment_first_lat":34.0145890492,"segment_first_lon":-118.2634256775,"segment_second_lat":34.0139905603,"segment_second_lon":-118.2620388723,"segment_sequence":610007,"segment_id":31,"segment_len_meter":144.1073201304698,"segment_cum_len":19705.618613958286,"stop_segment_distance":15.051132230173721}
{"route_id":"111","stop_id":"1977","stop_lat":33.945426,"stop_lon":-118.113362,"stop_sequence":79,"segment_first_lat":33.9455329897,"segment_first_lon":-118.1132823646,"segment_second_lat":33.9449383508,"segment_second_lon":-118.1121120932,"segment_sequence":790001,"segment_id":40,"segment_len_meter":126.59114767698756,"segment_cum_len":29331.59021516275,"stop_segment_distance":14.801820928870626}
{"route_id":"117","stop_id":"6639","stop_lat":33.94646,"stop_lon":-118.227649,"stop_sequence":46,"segment_first_lat":33.9466062641,"segment_first_lon":-118.2276302218,"segment_second_lat":33.9465547192,"segment_second_lon":-118.2269861522,"segment_sequence":460001,"segment_id":23,"segment_len_meter":59.68655069354221,"segment_cum_len":17602.491702653046,"stop_segment_distance":18.71268094033126}
{"route_id":"152","stop_id":"10423","stop_lat":34.19345,"stop_lon":-118.623526,"stop_sequence":89,"segment_first_lat":34.1934505513,"segment_first_lon":-118.6233713219,"segment_second_lat":34.1924283494,"segment_second_lon":-118.6233663384,"segment_sequence":890001,"segment_id":45,"segment_len_meter":113.66458946135025,"segment_cum_len":35975.49114866435,"stop_segment_distance":15.10950699264599}
{"route_id":"154","stop_id":"12677","stop_lat":34.179538,"stop_lon":-118.370598,"stop_sequence":19,"segment_first_lat":34.1794380599,"segment_first_lon":-118.3705977856,"segment_second_lat":34.1794397056,"segment_second_lon":-118.3712259967,"segment_sequence":190001,"segment_id":10,"segment_len_meter":57.789169280366515,"segment_cum_len":7930.92393402711,"stop_segment_distance":12.117667391940977}
{"route_id":"155","stop_id":"3624","stop_lat":34.152814,"stop_lon":-118.339929,"stop_sequence":40,"segment_first_lat":34.1528406853,"segment_first_lon":-118.3402199775,"segment_second_lat":34.152912293,"segment_second_lon":-118.3399667539,"segment_sequence":390012,"segment_id":20,"segment_len_meter":24.62415443481098,"segment_cum_len":15376.010487368785,"stop_segment_distance":13.783625794440237}
{"route_id":"158","stop_id":"8708","stop_lat":34.245019,"stop_lon":-118.429024,"stop_sequence":36,"segment_first_lat":34.2437814284,"segment_first_lon":-118.4278658081,"segment_second_lat":34.2449542116,"segment_second_lon":-118.4291130024,"segment_sequence":350003,"segment_id":18,"segment_len_meter":173.6334563033477,"segment_cum_len":13398.11041451573,"stop_segment_distance":11.25181586988947}
{"route_id":"158","stop_id":"9581","stop_lat":34.257394,"stop_lon":-118.536419,"stop_sequence":60,"segment_first_lat":34.2572674379,"segment_first_lon":-118.5364215256,"segment_second_lat":34.2572834791,"segment_second_lon":-118.54016792,"segment_sequence":600001,"segment_id":30,"segment_len_meter":344.3156457735035,"segment_cum_len":24238.922338167744,"stop_segment_distance":14.521315031841652}
{"route_id":"16","stop_id":"15663","stop_lat":34.069097,"stop_lon":-118.314527,"stop_sequence":32,"segment_first_lat":34.0689707626,"segment_first_lon":-118.3145263768,"segment_second_lat":34.0689691187,"segment_second_lon":-118.3151570456,"segment_sequence":320001,"segment_id":16,"segment_len_meter":58.09110036789617,"segment_cum_len":8520.009834644947,"stop_segment_distance":15.696063203133}
{"route_id":"163","stop_id":"6185","stop_lat":34.200901,"stop_lon":-118.522202,"stop_sequence":29,"segment_first_lat":34.2010187531,"segment_first_lon":-118.5229438366,"segment_second_lat":34.2010277236,"segment_second_lon":-118.5222030772,"segment_sequence":280003,"segment_id":14,"segment_len_meter":68.13201628124773,"segment_cum_len":10098.452987904337,"stop_segment_distance":15.42828268728779}
{"route_id":"164","stop_id":"7124","stop_lat":34.186703,"stop_lon":-118.562557,"stop_sequence":66,"segment_first_lat":34.1865760464,"segment_first_lon":-118.5625596009,"segment_second_lat":34.1865819928,"segment_second_lon":-118.5631713709,"segment_sequence":660001,"segment_id":33,"segment_len_meter":56.27559125776588,"segment_cum_len":25323.93122754778,"stop_segment_distance":15.933730133395969}
{"route_id":"164","stop_id":"7169","stop_lat":34.186827,"stop_lon":-118.405029,"stop_sequence":30,"segment_first_lat":34.186701414,"segment_first_lon":-118.4041062857,"segment_second_lat":34.1867005266,"segment_second_lon":-118.4050288305,"segment_sequence":290014,"segment_id":15,"segment_len_meter":84.85726733103922,"segment_cum_len":10777.54159912708,"stop_segment_distance":15.219833136588193}
{"route_id":"169","stop_id":"6742","stop_lat":34.171537,"stop_lon":-118.645222,"stop_sequence":23,"segment_first_lat":34.169905628,"segment_first_lon":-118.6439599832,"segment_second_lat":34.1714607284,"segment_second_lon":-118.6453426644,"segment_sequence":220004,"segment_id":11,"segment_len_meter":214.66789987520303,"segment_cum_len":10275.654774583598,"stop_segment_distance":14.676772991984251}
{"route_id":"175","stop_id":"2306","stop_lat":34.108733,"stop_lon":-118.274911,"stop_sequence":22,"segment_first_lat":34.1081594218,"segment_first_lon":-118.2757981043,"segment_second_lat":34.1088053548,"segment_second_lon":-118.2749948338,"segment_sequence":210003,"segment_id":11,"segment_len_meter":103.092379774747,"segment_cum_len":5938.539392137156,"stop_segment_distance":11.682131296557301}
{"route_id":"210","stop_id":"9412","stop_lat":34.017967,"stop_lon":-118.335253,"stop_sequence":39,"segment_first_lat":34.0179670881,"segment_first_lon":-118.3351023056,"segment_second_lat":34.0146256808,"segment_second_lon":-118.3351011378,"segment_sequence":390001,"segment_id":20,"segment_len_meter":371.5475552029008,"segment_cum_len":13221.849691827765,"stop_segment_distance":14.142532178734712}
{"route_id":"212","stop_id":"12136","stop_lat":34.080483,"stop_lon":-118.344202,"stop_sequence":15,"segment_first_lat":34.0818959983,"segment_first_lon":-118.3440462713,"segment_second_lat":34.08048358,"segment_second_lon":-118.3440490476,"segment_sequence":140003,"segment_id":7,"segment_len_meter":157.0539573929259,"segment_cum_len":4409.879971850436,"stop_segment_distance":14.804170856505806}
{"route_id":"230","stop_id":"2896","stop_lat":34.219113,"stop_lon":-118.396658,"stop_sequence":29,"segment_first_lat":34.219113223,"segment_first_lon":-118.3965070894,"segment_second_lat":34.2157525629,"segment_second_lon":-118.3965033702,"segment_sequence":290001,"segment_id":15,"segment_len_meter":373.688509771961,"segment_cum_len":11433.03129863029,"stop_segment_distance":14.121140522339942}
{"route_id":"232","stop_id":"17623","stop_lat":33.789613,"stop_lon":-118.307404,"stop_sequence":37,"segment_first_lat":33.7894831753,"segment_first_lon":-118.3064461793,"segment_second_lat":33.7894829319,"segment_second_lon":-118.3074038497,"segment_sequence":360003,"segment_id":18,"segment_len_meter":88.50082510692053,"segment_cum_len":14420.197022381377,"stop_segment_distance":15.646183264617306}
{"route_id":"234","stop_id":"3443","stop_lat":34.313238,"stop_lon":-118.418758,"stop_sequence":3,"segment_first_lat":34.3123570996,"segment_first_lon":-118.4178522516,"segment_second_lat":34.3131860864,"segment_second_lon":-118.4188220801,"segment_sequence":20004,"segment_id":1,"segment_len_meter":128.18335576180561,"segment_cum_len":1001.8862107056758,"stop_segment_distance":8.569871879684655}
{"route_id":"256","stop_id":"3345","stop_lat":34.156215,"stop_lon":-118.113014,"stop_sequence":101,"segment_first_lat":34.1562148632,"segment_first_lon":-118.1131690175,"segment_second_lat":34.1565610946,"segment_second_lon":-118.1131694864,"segment_sequence":1010001,"segment_id":51,"segment_len_meter":38.49919930174182,"segment_cum_len":30855.634978953763,"stop_segment_distance":16.822087693530356}
{"route_id":"256","stop_id":"9826","stop_lat":34.016056,"stop_lon":-118.174047,"stop_sequence":1,"segment_first_lat":34.016005072,"segment_first_lon":-118.1740925445,"segment_second_lat":34.0162808811,"segment_second_lon":-118.1745257316,"segment_sequence":10001,"segment_id":1,"segment_len_meter":50.34500923714861,"segment_cum_len":50.34500923714861,"stop_segment_distance":7.420477361332544}
{"route_id":"267","stop_id":"6523","stop_lat":34.094086,"stop_lon":-118.058108,"stop_sequence":11,"segment_first_lat":34.0940629365,"segment_first_lon":-118.0582554587,"segment_second_lat":34.0962208951,"segment_second_lon":-118.0587002278,"segment_sequence":110001,"segment_id":6,"segment_len_meter":243.42402077949546,"segment_cum_len":4501.73273223599,"stop_segment_distance":13.967075003622398}
{"route_id":"267","stop_id":"6530","stop_lat":34.084818,"stop_lon":-118.056707,"stop_sequence":9,"segment_first_lat":34.0845432931,"segment_first_lon":-118.0569746992,"segment_second_lat":34.0848563325,"segment_second_lon":-118.0568523869,"segment_sequence":80006,"segment_id":4,"segment_len_meter":36.58556610321494,"segment_cum_len":3196.2171195134783,"stop_segment_distance":16.719082490562272}
{"route_id":"344","stop_id":"2382","stop_lat":33.761148,"stop_lon":-118.393202,"stop_sequence":9,"segment_first_lat":33.761212287,"segment_first_lon":-118.3933355216,"segment_second_lat":33.7617867778,"segment_second_lon":-118.3929381624,"segment_sequence":90001,"segment_id":5,"segment_len_meter":73.68871418196883,"segment_cum_len":3586.453511319707,"stop_segment_distance":15.674678177238277}
{"route_id":"460","stop_id":"3161","stop_lat":34.042894,"stop_lon":-118.248198,"stop_sequence":1,"segment_first_lat":34.0428949338,"segment_first_lon":-118.2481981503,"segment_second_lat":34.0426502823,"segment_second_lon":-118.2478412556,"segment_sequence":10001,"segment_id":1,"segment_len_meter":42.67779742088157,"segment_cum_len":42.67779742088157,"stop_segment_distance":0.027955965421178064}
{"route_id":"51","stop_id":"284","stop_lat":33.931223,"stop_lon":-118.265313,"stop_sequence":71,"segment_first_lat":33.9319764378,"segment_first_lon":-118.2651570626,"segment_second_lat":33.9312235269,"segment_second_lon":-118.2651573171,"segment_sequence":700005,"segment_id":35,"segment_len_meter":83.71987558846439,"segment_cum_len":18211.62293131165,"stop_segment_distance":15.64818320560623}
{"route_id":"62","stop_id":"1223","stop_lat":34.034397,"stop_lon":-118.223396,"stop_sequence":16,"segment_first_lat":34.0345270005,"segment_first_lon":-118.2242476336,"segment_second_lat":34.0345239078,"segment_second_lon":-118.2233960715,"segment_sequence":150010,"segment_id":8,"segment_len_meter":78.46989085161101,"segment_cum_len":6081.3808680576985,"stop_segment_distance":15.437649390834267}
{"route_id":"62","stop_id":"3834","stop_lat":33.834387,"stop_lon":-118.081964,"stop_sequence":77,"segment_first_lat":33.8367422035,"segment_first_lon":-118.0818317124,"segment_second_lat":33.8343873394,"segment_second_lon":-118.0818142686,"segment_sequence":760005,"segment_id":38,"segment_len_meter":261.8538975484139,"segment_cum_len":38718.481053926036,"stop_segment_distance":14.147517031858968}
{"route_id":"733","stop_id":"9218","stop_lat":34.058127,"stop_lon":-118.236685,"stop_sequence":3,"segment_first_lat":34.0580056659,"segment_first_lon":-118.2367374994,"segment_second_lat":34.0580984841,"segment_second_lon":-118.2370481056,"segment_sequence":30001,"segment_id":2,"segment_len_meter":30.418056090648815,"segment_cum_len":1791.5518870641438,"stop_segment_distance":17.51416300649362}
{"route_id":"78","stop_id":"2579","stop_lat":34.082919,"stop_lon":-118.189041,"stop_sequence":28,"segment_first_lat":34.0825532354,"segment_first_lon":-118.189535131,"segment_second_lat":34.0829806074,"segment_second_lon":-118.1891345148,"segment_sequence":270006,"segment_id":14,"segment_len_meter":60.16245080709253,"segment_cum_len":10339.942854994744,"stop_segment_distance":11.875016811484564}
{"route_id":"794","stop_id":"5849","stop_lat":34.123723,"stop_lon":-118.25469,"stop_sequence":15,"segment_first_lat":34.1236463989,"segment_first_lon":-118.2547943669,"segment_second_lat":34.1239118181,"segment_second_lon":-118.2550671057,"segment_sequence":150001,"segment_id":8,"segment_len_meter":38.74696907074109,"segment_cum_len":12484.69714144012,"stop_segment_distance":14.66049165810783}
{"route_id":"83","stop_id":"11780","stop_lat":34.108642,"stop_lon":-118.200998,"stop_sequence":20,"segment_first_lat":34.1087280824,"segment_first_lon":-118.2005951996,"segment_second_lat":34.1085585181,"segment_second_lon":-118.2009383585,"segment_sequence":190005,"segment_id":10,"segment_len_meter":36.79197071301641,"segment_cum_len":5537.814827723653,"stop_segment_distance":12.293121408763142}
{"route_id":"83","stop_id":"13974","stop_lat":34.044403,"stop_lon":-118.252563,"stop_sequence":50,"segment_first_lat":34.0443490314,"segment_first_lon":-118.2524752594,"segment_second_lat":34.0433808029,"segment_second_lon":-118.2533361959,"segment_sequence":500001,"segment_id":25,"segment_len_meter":133.72905546543453,"segment_cum_len":15221.428564023148,"stop_segment_distance":10.48237793703862}
{"route_id":"83","stop_id":"16869","stop_lat":34.123582,"stop_lon":-118.218526,"stop_sequence":3,"segment_first_lat":34.1240789107,"segment_first_lon":-118.2204105641,"segment_second_lat":34.1237070407,"segment_second_lon":-118.21848857,"segment_sequence":20005,"segment_id":1,"segment_len_meter":181.68771921973982,"segment_cum_len":372.2159256787287,"stop_segment_distance":14.698192870681481}
{"route_id":"92","stop_id":"2252","stop_lat":34.222733,"stop_lon":-118.359328,"stop_sequence":90,"segment_first_lat":34.2226514745,"segment_first_lon":-118.3594502681,"segment_second_lat":34.2228638453,"segment_second_lon":-118.359649004,"segment_sequence":900001,"segment_id":45,"segment_len_meter":29.858366667560027,"segment_cum_len":28764.930258537843,"stop_segment_distance":17.488140818239152}
{"route_id":"94","stop_id":"11812","stop_lat":34.181575,"stop_lon":-118.312672,"stop_sequence":45,"segment_first_lat":34.1816270185,"segment_first_lon":-118.3126165426,"segment_second_lat":34.1811541292,"segment_second_lon":-118.3119696948,"segment_sequence":450001,"segment_id":23,"segment_len_meter":79.40676796931281,"segment_cum_len":19327.613309882447,"stop_segment_distance":8.078440702218359}
{"route_id":"94","stop_id":"14201","stop_lat":34.274171,"stop_lon":-118.430858,"stop_sequence":8,"segment_first_lat":34.2742536253,"segment_first_lon":-118.4307429593,"segment_second_lat":34.2732680239,"segment_second_lon":-118.4297183727,"segment_sequence":80001,"segment_id":4,"segment_len_meter":144.47923811599776,"segment_cum_len":3173.4170995457716,"stop_segment_distance":14.601905880023224}
