{"route_id":"102","stop_id":"2785","stop_lat":33.985784,"stop_lon":-118.364657,"stop_sequence":19,"segment_first_lat":33.9857889649,"segment_first_lon":-118.3647728732,"segment_second_lat":33.9858903998,"segment_second_lon":-118.3647601203,"segment_sequence":190001,"segment_id":10,"segment_len_meter":11.340169100798912,"segment_cum_len":6186.803192437288,"stop_segment_distance":14.535621765862908}
{"route_id":"105","stop_id":"8127","stop_lat":34.003812,"stop_lon":-118.323394,"stop_sequence":25,"segment_first_lat":34.003690569,"segment_first_lon":-118.3224800914,"segment_second_lat":34.0036859253,"segment_second_lon":-118.3233940042,"segment_sequence":240003,"segment_id":12,"segment_len_meter":84.24676734896676,"segment_cum_len":8915.800907069948,"stop_segment_distance":15.092045905597772}
{"route_id":"111","stop_id":"30006","stop_lat":33.950005,"stop_lon":-118.392639,"stop_sequence":1,"segment_first_lat":33.9507951784,"segment_first_lon":-118.3924376032,"segment_second_lat":33.9494320666,"segment_second_lon":-118.3924058284,"segment_sequence":10003,"segment_id":1,"segment_len_meter":151.59945052657912,"segment_cum_len":274.78502957468163,"stop_segment_distance":5.446508132768372}
{"route_id":"115","stop_id":"1929","stop_lat":33.960015,"stop_lon":-118.237542,"stop_sequence":53,"segment_first_lat":33.9601464516,"segment_first_lon":-118.2379448552,"segment_second_lat":33.9601414805,"segment_second_lon":-118.2375392281,"segment_sequence":520009,"segment_id":26,"segment_len_meter":37.414260861327584,"segment_cum_len":14898.851523465904,"stop_segment_distance":16.578367056042374}
{"route_id":"120","stop_id":"11159","stop_lat":33.930197,"stop_lon":-118.170219,"stop_sequence":54,"segment_first_lat":33.930070157,"segment_first_lon":-118.1702334733,"segment_second_lat":33.9301137139,"segment_second_lon":-118.1707168257,"segment_sequence":540001,"segment_id":27,"segment_len_meter":44.85660791371806,"segment_cum_len":23425.311378956925,"stop_segment_distance":16.164772810260374}
{"route_id":"125","stop_id":"17379","stop_lat":33.90338,"stop_lon":-118.203992,"stop_sequence":60,"segment_first_lat":33.9035060567,"segment_first_lon":-118.2039926508,"segment_second_lat":33.9035142897,"segment_second_lon":-118.202859041,"segment_sequence":600001,"segment_id":30,"segment_len_meter":104.62412308619311,"segment_cum_len":22527.718314504426,"stop_segment_distance":15.013872961526246}
{"route_id":"152","stop_id":"13010","stop_lat":34.221,"stop_lon":-118.527191,"stop_sequence":60,"segment_first_lat":34.2208950564,"segment_first_lon":-118.5259562062,"segment_second_lat":34.2208726663,"segment_second_lon":-118.5271863102,"segment_sequence":590006,"segment_id":30,"segment_len_meter":113.1285443111903,"segment_cum_len":24121.41638128629,"stop_segment_distance":15.167264406126122}
{"route_id":"165","stop_id":"12348","stop_lat":34.190232,"stop_lon":-118.321656,"stop_sequence":78,"segment_first_lat":34.1912733805,"segment_first_lon":-118.3229000833,"segment_second_lat":34.1903071732,"segment_second_lon":-118.3215782734,"segment_sequence":770009,"segment_id":39,"segment_len_meter":162.2454980232981,"segment_cum_len":30253.465506225028,"stop_segment_distance":11.54916608713441}
{"route_id":"180","stop_id":"2797","stop_lat":34.182216,"stop_lon":-118.131499,"stop_sequence":88,"segment_first_lat":34.1822212554,"segment_first_lon":-118.1316494767,"segment_second_lat":34.1836502146,"segment_second_lon":-118.1315895669,"segment_sequence":880001,"segment_id":44,"segment_len_meter":158.98855045147667,"segment_cum_len":27016.531606922643,"stop_segment_distance":14.560448163222816}
{"route_id":"200","stop_id":"7760","stop_lat":34.023762,"stop_lon":-118.283797,"stop_sequence":8,"segment_first_lat":34.0238303592,"segment_first_lon":-118.2839257707,"segment_second_lat":34.0240449705,"segment_second_lon":-118.283807692,"segment_sequence":80004,"segment_id":4,"segment_len_meter":26.22771992016374,"segment_cum_len":1980.5379828842167,"stop_segment_distance":19.345590404220783}
{"route_id":"210","stop_id":"141016","stop_lat":34.079087,"stop_lon":-118.327424,"stop_sequence":11,"segment_first_lat":34.0794200686,"segment_first_lon":-118.3272666113,"segment_second_lat":34.0790848122,"segment_second_lon":-118.3272722345,"segment_sequence":100019,"segment_id":5,"segment_len_meter":37.2824079740517,"segment_cum_len":3111.4570852222437,"stop_segment_distance":16.468290524935988}
{"route_id":"212","stop_id":"12138","stop_lat":33.981238,"stop_lon":-118.358588,"stop_sequence":48,"segment_first_lat":33.9815043003,"segment_first_lon":-118.3585101111,"segment_second_lat":33.9812657107,"segment_second_lon":-118.3584427896,"segment_sequence":470012,"segment_id":24,"segment_len_meter":27.24646650088168,"segment_cum_len":16374.15425502908,"stop_segment_distance":16.962363063270892}
{"route_id":"212","stop_id":"13656","stop_lat":34.040627,"stop_lon":-118.347557,"stop_sequence":32,"segment_first_lat":34.0408580715,"segment_first_lon":-118.3473170336,"segment_second_lat":34.0405893414,"segment_second_lon":-118.3474083419,"segment_sequence":310004,"segment_id":16,"segment_len_meter":31.04321786248689,"segment_cum_len":9001.906281580214,"stop_segment_distance":17.17781335536501}
{"route_id":"230","stop_id":"2902","stop_lat":34.271761,"stop_lon":-118.446125,"stop_sequence":12,"segment_first_lat":34.2728999339,"segment_first_lon":-118.4471372597,"segment_second_lat":34.2718423062,"segment_second_lon":-118.4460095001,"segment_sequence":110004,"segment_id":6,"segment_len_meter":156.74544535771014,"segment_cum_len":3491.33800366321,"stop_segment_distance":14.328069358493565}
{"route_id":"233","stop_id":"6791","stop_lat":34.262369,"stop_lon":-118.426968,"stop_sequence":41,"segment_first_lat":34.2624641466,"segment_first_lon":-118.4270722935,"segment_second_lat":34.2629807683,"segment_second_lon":-118.4263656786,"segment_sequence":410001,"segment_id":21,"segment_len_meter":86.6996050239546,"segment_cum_len":13533.49156540529,"stop_segment_distance":15.276578968438812}
{"route_id":"243","stop_id":"14622","stop_lat":34.201334,"stop_lon":-118.571139,"stop_sequence":30,"segment_first_lat":34.2035191381,"segment_first_lon":-118.5710048682,"segment_second_lat":34.2013346299,"segment_second_lon":-118.5709869562,"segment_sequence":290002,"segment_id":15,"segment_len_meter":242.91181446352292,"segment_cum_len":14017.966637757769,"stop_segment_distance":14.360365534219085}
{"route_id":"243","stop_id":"16792","stop_lat":34.224378,"stop_lon":-118.571164,"stop_sequence":24,"segment_first_lat":34.2243784365,"segment_first_lon":-118.571031738,"segment_second_lat":34.2240706799,"segment_second_lon":-118.5710296332,"segment_sequence":240001,"segment_id":12,"segment_len_meter":34.22151971750763,"segment_cum_len":11489.800098848436,"stop_segment_distance":14.27573363273374}
{"route_id":"246","stop_id":"3375","stop_lat":33.798985,"stop_lon":-118.263756,"stop_sequence":44,"segment_first_lat":33.7989789714,"segment_first_lon":-118.263909058,"segment_second_lat":33.7991710239,"segment_second_lon":-118.2639178903,"segment_sequence":440001,"segment_id":22,"segment_len_meter":21.370852689204597,"segment_cum_len":12980.874081185257,"stop_segment_distance":18.31514989894481}
{"route_id":"265","stop_id":"4277","stop_lat":33.950895,"stop_lon":-118.131769,"stop_sequence":44,"segment_first_lat":33.9502568539,"segment_first_lon":-118.1323941248,"segment_second_lat":33.9509567324,"segment_second_lon":-118.1318904146,"segment_sequence":430005,"segment_id":22,"segment_len_meter":90.6370278211432,"segment_cum_len":16890.70701459316,"stop_segment_distance":13.930578380647091}
{"route_id":"266","stop_id":"17795","stop_lat":33.868044,"stop_lon":-118.14237,"stop_sequence":7,"segment_first_lat":33.8680438077,"segment_first_lon":-118.1425222776,"segment_second_lat":33.8696018178,"segment_second_lon":-118.1425278905,"segment_sequence":70001,"segment_id":4,"segment_len_meter":173.2435938585024,"segment_cum_len":4426.276031229151,"stop_segment_distance":14.649611580081142}
{"route_id":"267","stop_id":"15852","stop_lat":34.195545,"stop_lon":-118.150875,"stop_sequence":81,"segment_first_lat":34.1959672871,"segment_first_lon":-118.1517623146,"segment_second_lat":34.195663729,"segment_second_lon":-118.1508179569,"segment_sequence":800004,"segment_id":40,"segment_len_meter":93.18258636228275,"segment_cum_len":26260.738998430836,"stop_segment_distance":15.176429162249235}
{"route_id":"268","stop_id":"65300035","stop_lat":34.188987,"stop_lon":-118.17863,"stop_sequence":90,"segment_first_lat":34.1889209136,"segment_first_lon":-118.1785304202,"segment_second_lat":34.1890809511,"segment_second_lon":-118.1784550388,"segment_sequence":850050,"segment_id":43,"segment_len_meter":19.098388391391588,"segment_cum_len":32711.972345280654,"stop_segment_distance":11.830688109018148}
{"route_id":"40","stop_id":"4774","stop_lat":34.016425,"stop_lon":-118.275704,"stop_sequence":22,"segment_first_lat":34.0163620913,"segment_first_lon":-118.2755570096,"segment_second_lat":34.0157646643,"segment_second_lon":-118.2759358467,"segment_sequence":220001,"segment_id":11,"segment_len_meter":75.04807424657878,"segment_cum_len":8669.11983744151,"stop_segment_distance":16.671109030221004}
{"route_id":"487","stop_id":"14329","stop_lat":34.096449,"stop_lon":-118.02856,"stop_sequence":87,"segment_first_lat":34.0964711526,"segment_first_lon":-118.0284129098,"segment_second_lat":34.0963362397,"segment_second_lon":-118.0283818155,"segment_sequence":870001,"segment_id":44,"segment_len_meter":15.272413369954236,"segment_cum_len":41937.98554907368,"stop_segment_distance":19.14347278954461}
{"route_id":"51","stop_id":"294","stop_lat":33.929324,"stop_lon":-118.265317,"stop_sequence":72,"segment_first_lat":33.9301023968,"segment_first_lon":-118.2651610214,"segment_second_lat":33.929324749,"segment_second_lon":-118.2651641644,"segment_sequence":710003,"segment_id":36,"segment_len_meter":86.47097628835398,"segment_cum_len":18422.75840042284,"stop_segment_distance":15.372043753093706}
{"route_id":"53","stop_id":"9737","stop_lat":34.044165,"stop_lon":-118.243627,"stop_sequence":73,"segment_first_lat":34.0435042328,"segment_first_lon":-118.2427438142,"segment_second_lat":34.0440834911,"segment_second_lon":-118.243694855,"segment_sequence":720003,"segment_id":36,"segment_len_meter":108.75239648207068,"segment_cum_len":23418.255097915506,"stop_segment_distance":11.894755839139336}
{"route_id":"55","stop_id":"4528","stop_lat":33.924721,"stop_lon":-118.2367,"stop_sequence":2,"segment_first_lat":33.9246208667,"segment_first_lon":-118.2367001692,"segment_second_lat":33.9246118206,"segment_second_lon":-118.239056975,"segment_sequence":20001,"segment_id":1,"segment_len_meter":217.45655178645256,"segment_cum_len":636.1851162470119,"stop_segment_distance":11.486081305806948}
{"route_id":"550","stop_id":"17550","stop_lat":33.734049,"stop_lon":-118.309737,"stop_sequence":3,"segment_first_lat":33.7341506825,"segment_first_lon":-118.3096843565,"segment_second_lat":33.7340680417,"segment_second_lon":-118.3096580703,"segment_sequence":20005,"segment_id":1,"segment_len_meter":9.505294135210892,"segment_cum_len":742.6150198750646,"stop_segment_distance":10.404462382838322}
{"route_id":"602","stop_id":"705","stop_lat":34.068141,"stop_lon":-118.463081,"stop_sequence":45,"segment_first_lat":34.0681842361,"segment_first_lon":-118.4630136864,"segment_second_lat":34.0680782949,"segment_second_lon":-118.4629087585,"segment_sequence":450001,"segment_id":23,"segment_len_meter":15.23756353933313,"segment_cum_len":13836.429390446623,"stop_segment_distance":9.93811282057774}
{"route_id":"602","stop_id":"8069","stop_lat":34.057698,"stop_lon":-118.480822,"stop_sequence":35,"segment_first_lat":34.0577963517,"segment_first_lon":-118.4810202541,"segment_second_lat":34.057818195,"segment_second_lon":-118.4808483693,"segment_sequence":340006,"segment_id":17,"segment_len_meter":16.019570917170178,"segment_cum_len":11012.847649434674,"stop_segment_distance":18.851999451159728}
{"route_id":"602","stop_id":"8074","stop_lat":34.061121,"stop_lon":-118.474727,"stop_sequence":38,"segment_first_lat":34.0610075146,"segment_first_lon":-118.4750560919,"segment_second_lat":34.0612065161,"segment_second_lon":-118.4748327079,"segment_sequence":370005,"segment_id":19,"segment_len_meter":30.217402605462276,"segment_cum_len":11699.362390994398,"stop_segment_distance":16.229897573317842}
{"route_id":"611","stop_id":"14309","stop_lat":33.96412,"stop_lon":-118.215762,"stop_sequence":13,"segment_first_lat":33.9640222147,"segment_first_lon":-118.2157793598,"segment_second_lat":33.9641132292,"segment_second_lon":-118.216665389,"segment_sequence":130001,"segment_id":7,"segment_len_meter":82.33726469783346,"segment_cum_len":4605.040441379377,"stop_segment_distance":11.970472090176642}
{"route_id":"62","stop_id":"725","stop_lat":33.829986,"stop_lon":-118.072099,"stop_sequence":80,"segment_first_lat":33.8305989181,"segment_first_lon":-118.0719315609,"segment_second_lat":33.8299889139,"segment_second_lon":-118.0719149044,"segment_sequence":790007,"segment_id":40,"segment_len_meter":67.84681891971,"segment_cum_len":40120.70740793374,"stop_segment_distance":19.047192316027648}
{"route_id":"70","stop_id":"5955","stop_lat":34.066971,"stop_lon":-118.042269,"stop_sequence":72,"segment_first_lat":34.0658967311,"segment_first_lon":-118.0425660375,"segment_second_lat":34.0669857594,"segment_second_lon":-118.0424229603,"segment_sequence":710005,"segment_id":36,"segment_len_meter":121.80948525096422,"segment_cum_len":24571.812338944255,"stop_segment_distance":15.013474304602184}
{"route_id":"76","stop_id":"15063","stop_lat":34.065142,"stop_lon":-118.180759,"stop_sequence":41,"segment_first_lat":34.065081108,"segment_first_lon":-118.1806232797,"segment_second_lat":34.0640534937,"segment_second_lon":-118.1812982515,"segment_sequence":410001,"segment_id":21,"segment_len_meter":130.08577087916433,"segment_cum_len":14779.815958367466,"stop_segment_distance":14.964511680960044}
{"route_id":"83","stop_id":"9514","stop_lat":34.076128,"stop_lon":-118.215869,"stop_sequence":33,"segment_first_lat":34.076131573,"segment_first_lon":-118.2156838684,"segment_second_lat":34.0739114036,"segment_second_lon":-118.2156226674,"segment_sequence":330001,"segment_id":17,"segment_len_meter":246.93591778941115,"segment_cum_len":9908.010835847212,"stop_segment_distance":17.636006508258077}
{"route_id":"94","stop_id":"12362","stop_lat":34.104419,"stop_lon":-118.238415,"stop_sequence":77,"segment_first_lat":34.1046695087,"segment_first_lon":-118.2383957749,"segment_second_lat":34.1044784923,"segment_second_lon":-118.2382763094,"segment_sequence":760007,"segment_id":38,"segment_len_meter":23.91913545920455,"segment_cum_len":31361.779700103536,"stop_segment_distance":18.37356482711986}
{"route_id":"96","stop_id":"13567","stop_lat":34.04654,"stop_lon":-118.257495,"stop_sequence":50,"segment_first_lat":34.0473006442,"segment_first_lon":-118.2565864458,"segment_second_lat":34.0464619719,"segment_second_lon":-118.2573718392,"segment_sequence":490007,"segment_id":25,"segment_len_meter":118.03754903791189,"segment_cum_len":23597.916935078672,"stop_segment_distance":15.246154976662567}
