{"route_id":"106","stop_id":"3288","stop_lat":34.046872,"stop_lon":-118.21711,"stop_sequence":28,"segment_first_lat":34.0469077728,"segment_first_lon":-118.2171884356,"segment_second_lat":34.0474527603,"segment_second_lon":-118.2168349814,"segment_sequence":280001,"segment_id":14,"segment_len_meter":68.79549084782401,"segment_cum_len":9856.343212773076,"stop_segment_distance":8.824267368913937}
{"route_id":"111","stop_id":"1995","stop_lat":33.969125,"stop_lon":-118.178095,"stop_sequence":62,"segment_first_lat":33.9695471686,"segment_first_lon":-118.1807605639,"segment_second_lat":33.9692508205,"segment_second_lon":-118.1780763249,"segment_sequence":610003,"segment_id":31,"segment_len_meter":249.71878241894865,"segment_cum_len":22528.24620245421,"stop_segment_distance":14.632708123266866}
{"route_id":"14","stop_id":"7451","stop_lat":34.032531,"stop_lon":-118.324076,"stop_sequence":15,"segment_first_lat":34.0326248791,"segment_first_lon":-118.3248128459,"segment_second_lat":34.0326290552,"segment_second_lon":-118.3240768439,"segment_sequence":140006,"segment_id":7,"segment_len_meter":67.82369495761135,"segment_cum_len":5283.06875383183,"stop_segment_distance":11.777478840656755}
{"route_id":"164","stop_id":"6614","stop_lat":34.178794,"stop_lon":-118.308628,"stop_sequence":3,"segment_first_lat":34.1782049396,"segment_first_lon":-118.3079580824,"segment_second_lat":34.178741673,"segment_second_lon":-118.3086844716,"segment_sequence":20002,"segment_id":1,"segment_len_meter":89.5934808899328,"segment_cum_len":941.5201519860747,"stop_segment_distance":8.140459730428049}
{"route_id":"169","stop_id":"6740","stop_lat":34.188358,"stop_lon":-118.655269,"stop_sequence":29,"segment_first_lat":34.1880874931,"segment_first_lon":-118.6554322997,"segment_second_lat":34.1883620641,"segment_second_lon":-118.6554225499,"segment_sequence":280004,"segment_id":14,"segment_len_meter":30.544070057786183,"segment_cum_len":12595.926144977104,"stop_segment_distance":17.207417280697864}
{"route_id":"169","stop_id":"9257","stop_lat":34.226323,"stop_lon":-118.437433,"stop_sequence":99,"segment_first_lat":34.2263825968,"segment_first_lon":-118.4374673644,"segment_second_lat":34.2264468765,"segment_second_lon":-118.4373211477,"segment_sequence":990001,"segment_id":50,"segment_len_meter":15.224978328382662,"segment_cum_len":40116.19389453597,"stop_segment_distance":9.306193384954913}
{"route_id":"175","stop_id":"6317","stop_lat":34.107341,"stop_lon":-118.276644,"stop_sequence":21,"segment_first_lat":34.1071894109,"segment_first_lon":-118.2770039742,"segment_second_lat":34.1074126245,"segment_second_lon":-118.2767265609,"segment_sequence":200011,"segment_id":10,"segment_len_meter":35.614359153618196,"segment_cum_len":5716.272261370307,"stop_segment_distance":12.57745097243307}
{"route_id":"18","stop_id":"8315","stop_lat":34.023791,"stop_lon":-118.189003,"stop_sequence":48,"segment_first_lat":34.023917369,"segment_first_lon":-118.1890030225,"segment_second_lat":34.0239184726,"segment_second_lon":-118.1882967874,"segment_sequence":480001,"segment_id":24,"segment_len_meter":65.0859002853611,"segment_cum_len":13527.090424089884,"stop_segment_distance":15.575050582795726}
{"route_id":"180","stop_id":"773","stop_lat":34.140602,"stop_lon":-118.182664,"stop_sequence":59,"segment_first_lat":34.1406479249,"segment_first_lon":-118.1829284206,"segment_second_lat":34.1407010467,"segment_second_lon":-118.1826886094,"segment_sequence":580015,"segment_id":29,"segment_len_meter":22.847050072598797,"segment_cum_len":18036.80731460102,"stop_segment_distance":13.262058281432793}
{"route_id":"183","stop_id":"20153","stop_lat":34.171805,"stop_lon":-118.334836,"stop_sequence":37,"segment_first_lat":34.1716183504,"segment_first_lon":-118.3358002534,"segment_second_lat":34.1719217579,"segment_second_lon":-118.3348936359,"segment_sequence":360005,"segment_id":18,"segment_len_meter":89.97182649987204,"segment_cum_len":14849.569833871217,"stop_segment_distance":15.157016092295294}
{"route_id":"201","stop_id":"12771","stop_lat":34.08281,"stop_lon":-118.273548,"stop_sequence":44,"segment_first_lat":34.082749562,"segment_first_lon":-118.2734917276,"segment_second_lat":34.0819047884,"segment_second_lon":-118.2740107555,"segment_sequence":440002,"segment_id":22,"segment_len_meter":105.39706835863868,"segment_cum_len":12869.784368391809,"stop_segment_distance":12.39487987752969}
{"route_id":"205","stop_id":"7500","stop_lat":33.888809,"stop_lon":-118.236965,"stop_sequence":115,"segment_first_lat":33.8888027788,"segment_first_lon":-118.2371156665,"segment_second_lat":33.8912400967,"segment_second_lon":-118.237261608,"segment_sequence":1160001,"segment_id":58,"segment_len_meter":271.3519674972413,"segment_cum_len":43963.15255290247,"stop_segment_distance":14.281022421793807}
{"route_id":"206","stop_id":"13788","stop_lat":34.003877,"stop_lon":-118.300289,"stop_sequence":40,"segment_first_lat":34.0055204844,"segment_first_lon":-118.3001728916,"segment_second_lat":34.0038772681,"segment_second_lon":-118.300169969,"segment_sequence":390004,"segment_id":20,"segment_len_meter":182.71751454911012,"segment_cum_len":12443.797330064912,"stop_segment_distance":11.315142729468931}
{"route_id":"207","stop_id":"5752","stop_lat":33.952583,"stop_lon":-118.308837,"stop_sequence":10,"segment_first_lat":33.9512527017,"segment_first_lon":-118.3089900069,"segment_second_lat":33.9525826743,"segment_second_lon":-118.3089860099,"segment_sequence":90003,"segment_id":5,"segment_len_meter":147.88666523196204,"segment_cum_len":4671.153949212598,"stop_segment_distance":14.451622525177271}
{"route_id":"230","stop_id":"2899","stop_lat":34.176059,"stop_lon":-118.396622,"stop_sequence":41,"segment_first_lat":34.1760593632,"segment_first_lon":-118.3964716949,"segment_second_lat":34.1721628525,"segment_second_lon":-118.3964717177,"segment_sequence":410001,"segment_id":21,"segment_len_meter":433.2722214607931,"segment_cum_len":16280.024683066407,"stop_segment_distance":14.007270638695559}
{"route_id":"236","stop_id":"346","stop_lat":34.201447,"stop_lon":-118.500973,"stop_sequence":11,"segment_first_lat":34.2014463386,"segment_first_lon":-118.5011270805,"segment_second_lat":34.2035539774,"segment_second_lon":-118.5011281517,"segment_sequence":110001,"segment_id":6,"segment_len_meter":234.35876246377833,"segment_cum_len":4809.6614503787,"stop_segment_distance":14.530815371694757}
{"route_id":"239","stop_id":"6615","stop_lat":34.290728,"stop_lon":-118.448792,"stop_sequence":65,"segment_first_lat":34.2907598221,"segment_first_lon":-118.4490108586,"segment_second_lat":34.2912206008,"segment_second_lon":-118.448503479,"segment_sequence":650002,"segment_id":33,"segment_len_meter":69.26628068841937,"segment_cum_len":25179.186569929054,"stop_segment_distance":11.999674223390855}
{"route_id":"246","stop_id":"206","stop_lat":33.843495,"stop_lon":-118.263017,"stop_sequence":56,"segment_first_lat":33.8434427837,"segment_first_lon":-118.2631519295,"segment_second_lat":33.8435525743,"segment_second_lon":-118.263207927,"segment_sequence":560001,"segment_id":28,"segment_len_meter":13.25838023228051,"segment_cum_len":17935.679915502576,"stop_segment_distance":19.248344229863825}
{"route_id":"256","stop_id":"10270","stop_lat":34.0926,"stop_lon":-118.181753,"stop_sequence":45,"segment_first_lat":34.0910659461,"segment_first_lon":-118.1825194069,"segment_second_lat":34.0926326662,"segment_second_lon":-118.1818668731,"segment_sequence":440002,"segment_id":22,"segment_len_meter":184.28299225793455,"segment_cum_len":13007.336599785865,"stop_segment_distance":11.416405084641099}
{"route_id":"260","stop_id":"13137","stop_lat":34.042096,"stop_lon":-118.141716,"stop_sequence":48,"segment_first_lat":34.0423326174,"segment_first_lon":-118.1414918475,"segment_second_lat":34.0420654356,"segment_second_lon":-118.1415683064,"segment_sequence":470004,"segment_id":24,"segment_len_meter":30.53309645789555,"segment_cum_len":17625.314895808177,"stop_segment_distance":16.94175674166286}
{"route_id":"28","stop_id":"12602","stop_lat":34.057086,"stop_lon":-118.333918,"stop_sequence":79,"segment_first_lat":34.056963192,"segment_first_lon":-118.3339375767,"segment_second_lat":34.0569729051,"segment_second_lon":-118.3342010745,"segment_sequence":790001,"segment_id":40,"segment_len_meter":24.29819796458839,"segment_cum_len":25047.24647512514,"stop_segment_distance":18.427475286894456}
{"route_id":"28","stop_id":"1739","stop_lat":34.138714,"stop_lon":-118.214398,"stop_sequence":10,"segment_first_lat":34.1386755067,"segment_first_lon":-118.2142077846,"segment_second_lat":34.1380654303,"segment_second_lon":-118.2143899615,"segment_sequence":100001,"segment_id":5,"segment_len_meter":69.87867671292122,"segment_cum_len":3254.15470277539,"stop_segment_distance":20.264723371746513}
{"route_id":"4","stop_id":"1298","stop_lat":34.045729,"stop_lon":-118.44332,"stop_sequence":81,"segment_first_lat":34.0459287667,"segment_first_lon":-118.4428015327,"segment_second_lat":34.0456676454,"segment_second_lon":-118.4432705518,"segment_sequence":800002,"segment_id":40,"segment_len_meter":52.0617310106683,"segment_cum_len":26585.353396286475,"stop_segment_distance":8.823027400645572}
{"route_id":"4","stop_id":"136","stop_lat":34.056449,"stop_lon":-118.244214,"stop_sequence":11,"segment_first_lat":34.0557250639,"segment_first_lon":-118.243581521,"segment_second_lat":34.0563605143,"segment_second_lon":-118.2443268596,"segment_sequence":100002,"segment_id":5,"segment_len_meter":98.52589246172835,"segment_cum_len":3438.5350022794946,"stop_segment_distance":15.16124656000926}
{"route_id":"4","stop_id":"878","stop_lat":34.090888,"stop_lon":-118.31776,"stop_sequence":43,"segment_first_lat":34.0907634772,"segment_first_lon":-118.3160582797,"segment_second_lat":34.0907609391,"segment_second_lon":-118.3177592243,"segment_sequence":420001,"segment_id":21,"segment_len_meter":156.6337075658063,"segment_cum_len":13008.409506996677,"stop_segment_distance":14.810302021245576}
{"route_id":"460","stop_id":"375","stop_lat":33.859211,"stop_lon":-117.998181,"stop_sequence":56,"segment_first_lat":33.8612942471,"segment_first_lon":-117.998055578,"segment_second_lat":33.8592113992,"segment_second_lon":-117.9980286181,"segment_sequence":560006,"segment_id":28,"segment_len_meter":231.61549757162467,"segment_cum_len":49963.9068591745,"stop_segment_distance":14.390921953930615}
{"route_id":"605","stop_id":"11759","stop_lat":34.060994,"stop_lon":-118.213651,"stop_sequence":24,"segment_first_lat":34.0608892618,"segment_first_lon":-118.2140733226,"segment_second_lat":34.0610959357,"segment_second_lon":-118.2137436871,"segment_sequence":230004,"segment_id":12,"segment_len_meter":38.081443096057534,"segment_cum_len":6983.924600531999,"stop_segment_distance":16.71889718727582}
{"route_id":"611","stop_id":"14663","stop_lat":33.986125,"stop_lon":-118.176693,"stop_sequence":66,"segment_first_lat":33.9864582002,"segment_first_lon":-118.1785994787,"segment_second_lat":33.9862530252,"segment_second_lon":-118.1766719462,"segment_sequence":650001,"segment_id":33,"segment_len_meter":179.17609157284755,"segment_cum_len":19845.633546198176,"stop_segment_distance":14.830340971143556}
{"route_id":"611","stop_id":"802","stop_lat":33.999158,"stop_lon":-118.247607,"stop_sequence":38,"segment_first_lat":33.9984290705,"segment_first_lon":-118.2477598321,"segment_second_lat":33.9991572491,"segment_second_lon":-118.2477619871,"segment_sequence":370004,"segment_id":19,"segment_len_meter":80.97000972015016,"segment_cum_len":11209.330172936521,"stop_segment_distance":15.586478007116014}
{"route_id":"704","stop_id":"5979","stop_lat":34.033139,"stop_lon":-118.47433,"stop_sequence":5,"segment_first_lat":34.0330769216,"segment_first_lon":-118.4746202897,"segment_second_lat":34.0332301771,"segment_second_lon":-118.4744300557,"segment_sequence":40011,"segment_id":2,"segment_len_meter":24.44787548837651,"segment_cum_len":3630.3726870926475,"stop_segment_distance":16.882141002223577}
{"route_id":"76","stop_id":"3242","stop_lat":34.061001,"stop_lon":-118.234942,"stop_sequence":56,"segment_first_lat":34.0610937889,"segment_first_lon":-118.234873215,"segment_second_lat":34.060996604,"segment_second_lon":-118.2346857391,"segment_sequence":560001,"segment_id":28,"segment_len_meter":20.372344395753398,"segment_cum_len":20544.65949708513,"stop_segment_distance":15.347087517688944}
{"route_id":"780","stop_id":"4979","stop_lat":34.063592,"stop_lon":-118.361206,"stop_sequence":6,"segment_first_lat":34.0635896233,"segment_first_lon":-118.361361326,"segment_second_lat":34.0640364227,"segment_second_lon":-118.3613632561,"segment_sequence":60001,"segment_id":3,"segment_len_meter":49.68214463160383,"segment_cum_len":3809.5692749897494,"stop_segment_distance":16.125155102415206}
{"route_id":"794","stop_id":"1249","stop_lat":34.191914,"stop_lon":-118.332849,"stop_sequence":25,"segment_first_lat":34.1918092537,"segment_first_lon":-118.332022366,"segment_second_lat":34.19180918,"segment_second_lon":-118.332849071,"segment_sequence":240033,"segment_id":12,"segment_len_meter":76.03710030769803,"segment_cum_len":24020.755817818306,"stop_segment_distance":12.535834984565824}
{"route_id":"90","stop_id":"13541","stop_lat":34.12839,"stop_lon":-118.252956,"stop_sequence":69,"segment_first_lat":34.1283730758,"segment_first_lon":-118.2528057054,"segment_second_lat":34.1278376234,"segment_second_lon":-118.2528850409,"segment_sequence":690001,"segment_id":35,"segment_len_meter":59.985739890156935,"segment_cum_len":21504.393763452645,"stop_segment_distance":15.743345262055726}
{"route_id":"90","stop_id":"5131","stop_lat":34.038585,"stop_lon":-118.261418,"stop_sequence":95,"segment_first_lat":34.0385242274,"segment_first_lon":-118.2613271476,"segment_second_lat":34.0378273026,"segment_second_lon":-118.2619913884,"segment_sequence":950001,"segment_id":48,"segment_len_meter":98.74964902944282,"segment_cum_len":33746.55052973273,"stop_segment_distance":11.4565289632436}
{"route_id":"92","stop_id":"4107","stop_lat":34.181055,"stop_lon":-118.308676,"stop_sequence":71,"segment_first_lat":34.1820395639,"segment_first_lon":-118.3074365768,"segment_second_lat":34.180972986,"segment_second_lon":-118.3085644287,"segment_sequence":700002,"segment_id":35,"segment_len_meter":157.57272466569933,"segment_cum_len":21401.11523833076,"stop_segment_distance":14.220357910434785}
