{"route_id":33,"direction":"1","day_type":1,"velocity":3.5739320327758466,"velocity_sign":1}
{"route_id":66,"direction":"1","day_type":1,"velocity":5.860954608557674,"velocity_sign":1}
{"route_id":111,"direction":"1","day_type":0,"velocity":3.11357407457909,"velocity_sign":1}
{"route_id":152,"direction":"0","day_type":0,"velocity":6.415552787672721,"velocity_sign":1}
{"route_id":164,"direction":"1","day_type":0,"velocity":1.8648980930325798,"velocity_sign":-1}
{"route_id":256,"direction":"0","day_type":0,"velocity":8.707396115315893,"velocity_sign":-1}
