{"route_id":90,"direction":"0","day_type":0,"velocity":3.209888970326064,"velocity_sign":1}
{"route_id":90,"direction":"0","day_type":1,"velocity":7.279272523383674,"velocity_sign":-1}
{"route_id":92,"direction":"1","day_type":0,"velocity":7.067454682961874,"velocity_sign":1}
{"route_id":102,"direction":"1","day_type":0,"velocity":5.763238548423173,"velocity_sign":1}
{"route_id":150,"direction":"1","day_type":0,"velocity":1.9260512764495301,"velocity_sign":1}
{"route_id":770,"direction":"1","day_type":0,"velocity":3.8298569660243187,"velocity_sign":1}
