{"route_id":14,"direction":"1","day_type":1,"velocity":1.6337692322142763,"velocity_sign":1}
{"route_id":155,"direction":"0","day_type":0,"velocity":4.507605797367991,"velocity_sign":-1}
{"route_id":237,"direction":"1","day_type":0,"velocity":7.623850190206279,"velocity_sign":1}
{"route_id":603,"direction":"0","day_type":0,"velocity":3.372328855236154,"velocity_sign":1}
{"route_id":744,"direction":"0","day_type":1,"velocity":3.0193343870832066,"velocity_sign":-1}
{"route_id":901,"direction":"1","day_type":0,"velocity":2.95680975414811,"velocity_sign":-1}
