{"route_id":"102","stop_id":"2783","stop_lat":33.97771,"stop_lon":-118.371133,"stop_sequence":15,"segment_first_lat":33.9773340526,"segment_first_lon":-118.3717945252,"segment_second_lat":33.9778091561,"segment_second_lon":-118.371259989,"segment_sequence":140005,"segment_id":7,"segment_len_meter":72.25184786399976,"segment_cum_len":5079.863330396951,"stop_segment_distance":17.780025598691182}
{"route_id":"105","stop_id":"70500001","stop_lat":34.073614,"stop_lon":-118.37634,"stop_sequence":62,"segment_first_lat":34.0736105506,"segment_first_lon":-118.3764901717,"segment_second_lat":34.0738441009,"segment_second_lon":-118.3764965063,"segment_sequence":620001,"segment_id":31,"segment_len_meter":25.97616164891665,"segment_cum_len":21960.71757465318,"stop_segment_distance":17.227973234555485}
{"route_id":"108","stop_id":"1642","stop_lat":33.989158,"stop_lon":-118.243622,"stop_sequence":49,"segment_first_lat":33.9893194082,"segment_first_lon":-118.2453181427,"segment_second_lat":33.9892852045,"segment_second_lon":-118.2436191531,"segment_sequence":480004,"segment_id":24,"segment_len_meter":156.68685623499582,"segment_cum_len":16906.730868861006,"stop_segment_distance":14.864984477230877}
{"route_id":"108","stop_id":"7971","stop_lat":33.988774,"stop_lon":-118.354312,"stop_sequence":18,"segment_first_lat":33.9889049571,"segment_first_lon":-118.3545700316,"segment_second_lat":33.988904339,"segment_second_lon":-118.3543127218,"segment_sequence":170005,"segment_id":9,"segment_len_meter":23.723242664169664,"segment_cum_len":6700.84780021446,"stop_segment_distance":18.6625120252903}
{"route_id":"110","stop_id":"142299","stop_lat":33.981491,"stop_lon":-118.219306,"stop_sequence":64,"segment_first_lat":33.9816189064,"segment_first_lon":-118.2192927583,"segment_second_lat":33.9816071143,"segment_second_lon":-118.2191284616,"segment_sequence":640001,"segment_id":32,"segment_len_meter":15.205572238544127,"segment_cum_len":21777.390792840397,"stop_segment_distance":19.918155015155598}
{"route_id":"110","stop_id":"1453","stop_lat":33.982346,"stop_lon":-118.269707,"stop_sequence":42,"segment_first_lat":33.9824370742,"segment_first_lon":-118.2717589131,"segment_second_lat":33.9824441508,"segment_second_lon":-118.2697072398,"segment_sequence":410002,"segment_id":21,"segment_len_meter":189.17376001345875,"segment_cum_len":15469.070419710479,"stop_segment_distance":11.205315924507147}
{"route_id":"111","stop_id":"1437","stop_lat":33.974373,"stop_lon":-118.334963,"stop_sequence":22,"segment_first_lat":33.9744995047,"segment_first_lon":-118.3349669578,"segment_second_lat":33.9745121781,"segment_second_lon":-118.3341622377,"segment_sequence":220001,"segment_id":11,"segment_len_meter":74.21857587279193,"segment_cum_len":8096.257786165115,"stop_segment_distance":15.297468881877748}
{"route_id":"127","stop_id":"8984","stop_lat":33.924033,"stop_lon":-118.125553,"stop_sequence":8,"segment_first_lat":33.9240334318,"segment_first_lon":-118.1253972991,"segment_second_lat":33.9207305382,"segment_second_lon":-118.12538939,"segment_sequence":80001,"segment_id":4,"segment_len_meter":367.26573659530675,"segment_cum_len":3104.807867122963,"stop_segment_distance":14.627583039935132}
{"route_id":"130","stop_id":"13000075","stop_lat":33.872909,"stop_lon":-118.392019,"stop_sequence":71,"segment_first_lat":33.8727819291,"segment_first_lon":-118.3920187625,"segment_second_lat":33.8727771948,"segment_second_lon":-118.3928818328,"segment_sequence":710001,"segment_id":36,"segment_len_meter":79.68264068089606,"segment_cum_len":33727.950430040066,"stop_segment_distance":15.442961558699551}
{"route_id":"150","stop_id":"6991","stop_lat":34.143823,"stop_lon":-118.408288,"stop_sequence":63,"segment_first_lat":34.1439176158,"segment_first_lon":-118.4081779826,"segment_second_lat":34.1436951373,"segment_second_lon":-118.4079039091,"segment_sequence":630001,"segment_id":32,"segment_len_meter":35.32944208106048,"segment_cum_len":22666.65919466859,"stop_segment_distance":17.371356262652498}
{"route_id":"152","stop_id":"10758","stop_lat":34.234448,"stop_lon":-118.371649,"stop_sequence":24,"segment_first_lat":34.2344270663,"segment_first_lon":-118.371440731,"segment_second_lat":34.234348103,"segment_second_lon":-118.3715624637,"segment_sequence":230005,"segment_id":12,"segment_len_meter":14.224238189994509,"segment_cum_len":9237.177598588862,"stop_segment_distance":18.725712378156878}
{"route_id":"152","stop_id":"13000","stop_lat":34.221797,"stop_lon":-118.417134,"stop_sequence":35,"segment_first_lat":34.2216717762,"segment_first_lon":-118.4147090084,"segment_second_lat":34.2216703114,"segment_second_lon":-118.4171337754,"segment_sequence":340001,"segment_id":17,"segment_len_meter":222.94166648513485,"segment_cum_len":13954.739738045102,"stop_segment_distance":14.541938100271864}
{"route_id":"152","stop_id":"30001","stop_lat":34.168829,"stop_lon":-118.375295,"stop_sequence":1,"segment_first_lat":34.168660372,"segment_first_lon":-118.3752932986,"segment_second_lat":34.1686660349,"segment_second_lon":-118.37453032,"segment_sequence":10001,"segment_id":1,"segment_len_meter":70.19787296836157,"segment_cum_len":70.19787296836157,"stop_segment_distance":21.201150118212396}
{"route_id":"154","stop_id":"11301","stop_lat":34.177537,"stop_lon":-118.382049,"stop_sequence":31,"segment_first_lat":34.1776027264,"segment_first_lon":-118.382257449,"segment_second_lat":34.1767141249,"segment_second_lon":-118.3817144677,"segment_sequence":220002,"segment_id":11,"segment_len_meter":110.71592786522633,"segment_cum_len":9386.601454630525,"stop_segment_distance":6.341302651857873}
{"route_id":"155","stop_id":"7014","stop_lat":34.140399,"stop_lon":-118.376092,"stop_sequence":28,"segment_first_lat":34.140500566,"segment_first_lon":-118.3761744837,"segment_second_lat":34.1405972414,"segment_second_lon":-118.376013975,"segment_sequence":280001,"segment_id":14,"segment_len_meter":18.269330973539752,"segment_cum_len":10091.465910669995,"stop_segment_distance":18.52199097978223}
{"route_id":"16","stop_id":"15648","stop_lat":34.067771,"stop_lon":-118.281892,"stop_sequence":21,"segment_first_lat":34.0674393203,"segment_first_lon":-118.2814685886,"segment_second_lat":34.0676566208,"segment_second_lon":-118.2819639456,"segment_sequence":200009,"segment_id":10,"segment_len_meter":51.63093694557998,"segment_cum_len":5432.287545734201,"stop_segment_distance":16.388093459913414}
{"route_id":"163","stop_id":"6214","stop_lat":34.200867,"stop_lon":-118.583766,"stop_sequence":14,"segment_first_lat":34.2009941888,"segment_first_lon":-118.5837634008,"segment_second_lat":34.2009849732,"segment_second_lon":-118.5832242592,"segment_sequence":140001,"segment_id":7,"segment_len_meter":49.59332974196781,"segment_cum_len":4467.014689427247,"stop_segment_distance":16.07129972538364}
{"route_id":"166","stop_id":"1035","stop_lat":34.257352,"stop_lon":-118.601916,"stop_sequence":3,"segment_first_lat":34.2572260379,"segment_first_lon":-118.6019185448,"segment_second_lat":34.2572322424,"segment_second_lon":-118.6028253801,"segment_sequence":30001,"segment_id":2,"segment_len_meter":83.34527242494838,"segment_cum_len":1841.052084483013,"stop_segment_distance":15.29348386873589}
{"route_id":"167","stop_id":"18212","stop_lat":34.198215,"stop_lon":-118.413895,"stop_sequence":73,"segment_first_lat":34.1982153746,"segment_first_lon":-118.4137753578,"segment_second_lat":34.1958110181,"segment_second_lon":-118.4137604702,"segment_sequence":730001,"segment_id":37,"segment_len_meter":267.35575078268266,"segment_cum_len":29436.2836662876,"stop_segment_distance":11.244496023471584}
{"route_id":"169","stop_id":"6108","stop_lat":34.208248,"stop_lon":-118.557576,"stop_sequence":63,"segment_first_lat":34.2083727602,"segment_first_lon":-118.5575764855,"segment_second_lat":34.2083744579,"segment_second_lon":-118.5557143689,"segment_sequence":630001,"segment_id":32,"segment_len_meter":171.2366754129715,"segment_cum_len":25905.333576193778,"stop_segment_distance":14.40467444428586}
{"route_id":"175","stop_id":"3989","stop_lat":34.093724,"stop_lon":-118.309047,"stop_sequence":3,"segment_first_lat":34.0935972524,"segment_first_lon":-118.3091988843,"segment_second_lat":34.0937209007,"segment_second_lon":-118.3092013232,"segment_sequence":20007,"segment_id":1,"segment_len_meter":13.750897713594007,"segment_cum_len":552.1175984869803,"stop_segment_distance":20.319273225507438}
{"route_id":"2","stop_id":"2443","stop_lat":34.066476,"stop_lon":-118.439579,"stop_sequence":5,"segment_first_lat":34.0663758006,"segment_first_lon":-118.4397927958,"segment_second_lat":34.0665284382,"segment_second_lon":-118.4396816645,"segment_sequence":40018,"segment_id":2,"segment_len_meter":19.82055715160131,"segment_cum_len":837.4086588058177,"stop_segment_distance":13.915840535918793}
{"route_id":"204","stop_id":"5642","stop_lat":33.943311,"stop_lon":-118.291411,"stop_sequence":8,"segment_first_lat":33.9433108253,"segment_first_lon":-118.2915623983,"segment_second_lat":33.9437422346,"segment_second_lon":-118.2915638998,"segment_sequence":80001,"segment_id":4,"segment_len_meter":47.97072542597416,"segment_cum_len":2194.524431083406,"stop_segment_distance":15.977629932042305}
{"route_id":"210","stop_id":"12475","stop_lat":34.073829,"stop_lon":-118.309278,"stop_sequence":17,"segment_first_lat":34.0746535569,"segment_first_lon":-118.3091321588,"segment_second_lat":34.0738292095,"segment_second_lon":-118.3091261403,"segment_sequence":160002,"segment_id":8,"segment_len_meter":91.6649247946781,"segment_cum_len":5390.978854883774,"stop_segment_distance":14.98736013373231}
{"route_id":"211","stop_id":"141064","stop_lat":33.914806,"stop_lon":-118.361119,"stop_sequence":9,"segment_first_lat":33.9148055113,"segment_first_lon":-118.3612691893,"segment_second_lat":33.9154540129,"segment_second_lon":-118.3612663819,"segment_sequence":90001,"segment_id":5,"segment_len_meter":72.11055317584285,"segment_cum_len":3236.1853581146447,"stop_segment_distance":15.076543074002856}
{"route_id":"218","stop_id":"14353","stop_lat":34.094136,"stop_lon":-118.366045,"stop_sequence":11,"segment_first_lat":34.0941367227,"segment_first_lon":-118.3659262338,"segment_second_lat":34.0917955481,"segment_second_lon":-118.365918962,"segment_sequence":110001,"segment_id":6,"segment_len_meter":260.32759910180454,"segment_cum_len":7868.147120011503,"stop_segment_distance":11.114026191626408}
{"route_id":"224","stop_id":"2821","stop_lat":34.159995,"stop_lon":-118.371473,"stop_sequence":9,"segment_first_lat":34.1599367462,"segment_first_lon":-118.3716136992,"segment_second_lat":34.1601205118,"segment_second_lon":-118.3717252531,"segment_sequence":90001,"segment_id":5,"segment_len_meter":22.866858261302433,"segment_cum_len":2856.712485453604,"stop_segment_distance":18.691955554842146}
{"route_id":"233","stop_id":"6804","stop_lat":34.242951,"stop_lon":-118.450064,"stop_sequence":32,"segment_first_lat":34.2429501799,"segment_first_lon":-118.4502162089,"segment_second_lat":34.2436536278,"segment_second_lon":-118.4502200029,"segment_sequence":320001,"segment_id":16,"segment_len_meter":78.22061507498279,"segment_cum_len":10403.972478816891,"stop_segment_distance":15.204478815774195}
{"route_id":"234","stop_id":"20099","stop_lat":34.307556,"stop_lon":-118.443425,"stop_sequence":15,"segment_first_lat":34.310057993,"segment_first_lon":-118.4464890391,"segment_second_lat":34.307628589,"segment_second_lon":-118.4433444182,"segment_sequence":140001,"segment_id":7,"segment_len_meter":395.46910902910395,"segment_cum_len":5096.892487084813,"stop_segment_distance":11.21092756013826}
{"route_id":"237","stop_id":"3610","stop_lat":34.097783,"stop_lon":-118.338496,"stop_sequence":4,"segment_first_lat":34.0969504288,"segment_first_lon":-118.3386383249,"segment_second_lat":34.0977830125,"segment_second_lon":-118.3386469816,"segment_sequence":30003,"segment_id":2,"segment_len_meter":92.58251487415201,"segment_cum_len":1001.2325675722977,"stop_segment_distance":14.82030946146513}
{"route_id":"243","stop_id":"20330","stop_lat":34.274652,"stop_lon":-118.556755,"stop_sequence":3,"segment_first_lat":34.2746721536,"segment_first_lon":-118.5571687996,"segment_second_lat":34.2747262123,"segment_second_lon":-118.5567669786,"segment_sequence":20012,"segment_id":1,"segment_len_meter":37.407681524042744,"segment_cum_len":990.1065956542197,"stop_segment_distance":9.005653844529405}
{"route_id":"251","stop_id":"142327","stop_lat":34.040446,"stop_lon":-118.212011,"stop_sequence":17,"segment_first_lat":34.0403844362,"segment_first_lon":-118.2118756581,"segment_second_lat":34.0392111662,"segment_second_lon":-118.2126183335,"segment_sequence":170001,"segment_id":9,"segment_len_meter":147.3196743162468,"segment_cum_len":6612.84517725702,"stop_segment_distance":15.179189056181542}
{"route_id":"256","stop_id":"10000","stop_lat":34.037087,"stop_lon":-118.173411,"stop_sequence":14,"segment_first_lat":34.0370863246,"segment_first_lon":-118.173563072,"segment_second_lat":34.0378474764,"segment_second_lon":-118.1735672913,"segment_sequence":140001,"segment_id":7,"segment_len_meter":84.63711151730793,"segment_cum_len":3107.4697903550814,"stop_segment_distance":15.154361123293626}
{"route_id":"256","stop_id":"7574","stop_lat":34.142598,"stop_lon":-118.170635,"stop_sequence":74,"segment_first_lat":34.1426522918,"segment_first_lon":-118.1708634473,"segment_second_lat":34.1426918696,"segment_second_lon":-118.170662923,"segment_sequence":730009,"segment_id":37,"segment_len_meter":18.971671361681906,"segment_cum_len":22182.1902627735,"stop_segment_distance":13.651350913399817}
{"route_id":"256","stop_id":"9853","stop_lat":34.016509,"stop_lon":-118.174711,"stop_sequence":2,"segment_first_lat":34.0162808811,"segment_first_lon":-118.1745257316,"segment_second_lat":34.0164544706,"segment_second_lon":-118.1747676448,"segment_sequence":10002,"segment_id":1,"segment_len_meter":29.490809179655717,"segment_cum_len":79.83581841680433,"stop_segment_distance":9.088188475446369}
{"route_id":"260","stop_id":"13404","stop_lat":34.144328,"stop_lon":-118.150594,"stop_sequence":14,"segment_first_lat":34.1443281535,"segment_first_lon":-118.1504417541,"segment_second_lat":34.1436604253,"segment_second_lon":-118.1504379082,"segment_sequence":140001,"segment_id":7,"segment_len_meter":74.24883178685536,"segment_cum_len":4426.024920048134,"stop_segment_distance":15.37009890087728}
{"route_id":"265","stop_id":"3831","stop_lat":33.860012,"stop_lon":-118.159725,"stop_sequence":9,"segment_first_lat":33.8597593249,"segment_first_lon":-118.1598756166,"segment_second_lat":33.860012124,"segment_second_lon":-118.1598760986,"segment_sequence":80006,"segment_id":4,"segment_len_meter":28.11001261379572,"segment_cum_len":2990.897401472843,"stop_segment_distance":17.191731864240392}
{"route_id":"268","stop_id":"12574","stop_lat":34.194388,"stop_lon":-118.177586,"stop_sequence":87,"segment_first_lat":34.1946104235,"segment_first_lon":-118.177573654,"segment_second_lat":34.1941676818,"segment_second_lon":-118.177800889,"segment_sequence":890002,"segment_id":45,"segment_len_meter":53.483139125954985,"segment_cum_len":34249.11627303023,"stop_segment_distance":2.7519938306338005}
{"route_id":"30","stop_id":"19023","stop_lat":34.037328,"stop_lon":-118.260807,"stop_sequence":25,"segment_first_lat":34.0371264817,"segment_first_lon":-118.2611564272,"segment_second_lat":34.0373992759,"segment_second_lon":-118.2609341504,"segment_sequence":240003,"segment_id":12,"segment_len_meter":36.600609056176715,"segment_cum_len":7688.051028561779,"stop_segment_distance":16.772045972236818}
{"route_id":"45","stop_id":"13215","stop_lat":34.034365,"stop_lon":-118.263587,"stop_sequence":25,"segment_first_lat":34.0348637233,"segment_first_lon":-118.2630043098,"segment_second_lat":34.0342925438,"segment_second_lon":-118.2634616268,"segment_sequence":240006,"segment_id":12,"segment_len_meter":76.22092098704364,"segment_cum_len":7733.025943514697,"stop_segment_distance":15.053685880831864}
{"route_id":"460","stop_id":"2097","stop_lat":33.858619,"stop_lon":-117.98081,"stop_sequence":67,"segment_first_lat":33.8585803879,"segment_first_lon":-117.9793081113,"segment_second_lat":33.8585765147,"segment_second_lon":-117.9808100225,"segment_sequence":670003,"segment_id":34,"segment_len_meter":138.6840952308645,"segment_cum_len":55034.04327020869,"stop_segment_distance":4.7878148229120825}
{"route_id":"53","stop_id":"4853","stop_lat":34.014384,"stop_lon":-118.25637,"stop_sequence":58,"segment_first_lat":34.0138262836,"segment_first_lon":-118.2565168317,"segment_second_lat":34.0143840914,"segment_second_lon":-118.256520851,"segment_sequence":570004,"segment_id":29,"segment_len_meter":62.02650369922439,"segment_cum_len":19492.369906903918,"stop_segment_distance":15.352046173786604}
{"route_id":"68","stop_id":"16226","stop_lat":34.036704,"stop_lon":-118.144502,"stop_sequence":10,"segment_first_lat":34.0365728278,"segment_first_lon":-118.1445055242,"segment_second_lat":34.0365938893,"segment_second_lon":-118.1448158238,"segment_sequence":100001,"segment_id":5,"segment_len_meter":28.688322681850522,"segment_cum_len":6076.817868148245,"stop_segment_distance":17.303506521285414}
{"route_id":"76","stop_id":"15058","stop_lat":34.079077,"stop_lon":-118.052566,"stop_sequence":6,"segment_first_lat":34.0786047487,"segment_first_lon":-118.0517793945,"segment_second_lat":34.0789654477,"segment_second_lon":-118.0526362453,"segment_sequence":50003,"segment_id":3,"segment_len_meter":88.52266266432021,"segment_cum_len":2199.6751975427574,"stop_segment_distance":14.94274706263532}
{"route_id":"90","stop_id":"12350","stop_lat":34.110197,"stop_lon":-118.24308,"stop_sequence":75,"segment_first_lat":34.1102672029,"segment_first_lon":-118.2429492132,"segment_second_lat":34.1092235121,"segment_second_lon":-118.2421516776,"segment_sequence":750001,"segment_id":38,"segment_len_meter":137.33038117642633,"segment_cum_len":23971.424275911362,"stop_segment_distance":14.939492334339889}
{"route_id":"92","stop_id":"3586","stop_lat":34.201256,"stop_lon":-118.331061,"stop_sequence":81,"segment_first_lat":34.2006756347,"segment_first_lon":-118.3303974137,"segment_second_lat":34.2011582912,"segment_second_lon":-118.3311546855,"segment_sequence":800007,"segment_id":40,"segment_len_meter":87.92358794344811,"segment_cum_len":25157.03316781209,"stop_segment_distance":14.762485367119524}
