{"route_id":"120","stop_id":"6356","stop_lat":33.921807,"stop_lon":-118.099384,"stop_sequence":35,"segment_first_lat":33.9218073251,"segment_first_lon":-118.0992317644,"segment_second_lat":33.9211396032,"segment_second_lon":-118.0992286664,"segment_sequence":350001,"segment_id":18,"segment_len_meter":74.24783795317946,"segment_cum_len":14874.625910594903,"stop_segment_distance":15.381435312357624}
{"route_id":"120","stop_id":"6358","stop_lat":33.927737,"stop_lon":-118.099401,"stop_sequence":33,"segment_first_lat":33.9277371457,"segment_first_lon":-118.0992493355,"segment_second_lat":33.9256872624,"segment_second_lon":-118.0992439408,"segment_sequence":330001,"segment_id":17,"segment_len_meter":227.9371666201679,"segment_cum_len":14368.946690878964,"stop_segment_distance":14.436500100726875}
{"route_id":"152","stop_id":"13046","stop_lat":34.220802,"stop_lon":-118.540289,"stop_sequence":63,"segment_first_lat":34.2206926502,"segment_first_lon":-118.5394747001,"segment_second_lat":34.2206774771,"segment_second_lon":-118.5402886994,"segment_sequence":620002,"segment_id":31,"segment_len_meter":74.86184924724176,"segment_cum_len":25326.312613879676,"stop_segment_distance":14.835823015189646}
{"route_id":"161","stop_id":"15389","stop_lat":34.167474,"stop_lon":-118.619163,"stop_sequence":13,"segment_first_lat":34.1673572829,"segment_first_lon":-118.6191090619,"segment_second_lat":34.1668505044,"segment_second_lon":-118.620729154,"segment_sequence":130001,"segment_id":7,"segment_len_meter":159.34983456499074,"segment_cum_len":5188.656480921799,"stop_segment_distance":14.44720809478926}
{"route_id":"161","stop_id":"20082","stop_lat":34.149246,"stop_lon":-118.698115,"stop_sequence":22,"segment_first_lat":34.149477297,"segment_first_lon":-118.697974821,"segment_second_lat":34.1492514638,"segment_second_lon":-118.6979666549,"segment_sequence":210120,"segment_id":11,"segment_len_meter":25.122747399008002,"segment_cum_len":13920.49625079086,"stop_segment_distance":17.314571457597697}
{"route_id":"164","stop_id":"12459","stop_lat":34.184266,"stop_lon":-118.322046,"stop_sequence":6,"segment_first_lat":34.1841472461,"segment_first_lon":-118.3219890361,"segment_second_lat":34.1836215187,"segment_second_lon":-118.32355495,"segment_sequence":60001,"segment_id":3,"segment_len_meter":155.45075637505127,"segment_cum_len":3179.604970151328,"stop_segment_distance":14.964228760455455}
{"route_id":"164","stop_id":"7141","stop_lat":34.186745,"stop_lon":-118.527623,"stop_sequence":58,"segment_first_lat":34.1866200082,"segment_first_lon":-118.5276218729,"segment_second_lat":34.1866197372,"segment_second_lon":-118.5279988285,"segment_sequence":580001,"segment_id":29,"segment_len_meter":34.67305146508125,"segment_cum_len":22088.654886161075,"stop_segment_distance":16.495681039528634}
{"route_id":"165","stop_id":"6857","stop_lat":34.193745,"stop_lon":-118.527472,"stop_sequence":30,"segment_first_lat":34.1938751611,"segment_first_lon":-118.5284117631,"segment_second_lat":34.1938699173,"segment_second_lon":-118.5274725617,"segment_sequence":290004,"segment_id":15,"segment_len_meter":86.38393411844012,"segment_cum_len":11170.91042292464,"stop_segment_distance":15.143414200708719}
{"route_id":"165","stop_id":"6878","stop_lat":34.193723,"stop_lon":-118.55316,"stop_sequence":24,"segment_first_lat":34.1938488788,"segment_first_lon":-118.5531606732,"segment_second_lat":34.1938504309,"segment_second_lon":-118.5524000887,"segment_sequence":240001,"segment_id":12,"segment_len_meter":69.95411459431635,"segment_cum_len":8878.119857952424,"stop_segment_distance":15.357034652465487}
{"route_id":"176","stop_id":"4628","stop_lat":34.051719,"stop_lon":-118.060155,"stop_sequence":22,"segment_first_lat":34.0518077678,"segment_first_lon":-118.0640237281,"segment_second_lat":34.0518171763,"segment_second_lon":-118.0601546461,"segment_sequence":210001,"segment_id":11,"segment_len_meter":356.4542781103837,"segment_cum_len":7853.088462010862,"stop_segment_distance":11.019470596941801}
{"route_id":"18","stop_id":"2159","stop_lat":34.005609,"stop_lon":-118.1304,"stop_sequence":73,"segment_first_lat":34.0057590979,"segment_first_lon":-118.1313369923,"segment_second_lat":34.0056820842,"segment_second_lon":-118.1303912481,"segment_sequence":720007,"segment_id":36,"segment_len_meter":87.59693488697164,"segment_cum_len":20119.08000667663,"stop_segment_distance":8.538050842671012}
{"route_id":"183","stop_id":"6137","stop_lat":34.157461,"stop_lon":-118.465992,"stop_sequence":2,"segment_first_lat":34.1559160764,"segment_first_lon":-118.4661487662,"segment_second_lat":34.1574603983,"segment_second_lon":-118.466148126,"segment_sequence":10005,"segment_id":1,"segment_len_meter":171.7207704906967,"segment_cum_len":351.85158717490094,"stop_segment_distance":15.03730602645436}
{"route_id":"204","stop_id":"5678","stop_lat":33.958223,"stop_lon":-118.291535,"stop_sequence":14,"segment_first_lat":33.9582258806,"segment_first_lon":-118.2916858747,"segment_second_lat":33.9589815642,"segment_second_lon":-118.2916763051,"segment_sequence":140001,"segment_id":7,"segment_len_meter":84.03281759948796,"segment_cum_len":3890.1709859597095,"stop_segment_distance":15.23542213725105}
{"route_id":"207","stop_id":"5743","stop_lat":33.976866,"stop_lon":-118.308807,"stop_sequence":17,"segment_first_lat":33.9761923428,"segment_first_lon":-118.308959992,"segment_second_lat":33.9768655692,"segment_second_lon":-118.3089598372,"segment_sequence":160003,"segment_id":8,"segment_len_meter":74.85936152446901,"segment_cum_len":7371.301400965864,"stop_segment_distance":15.457945584315098}
{"route_id":"210","stop_id":"1916","stop_lat":34.011152,"stop_lon":-118.335256,"stop_sequence":41,"segment_first_lat":34.0117101956,"segment_first_lon":-118.3350993653,"segment_second_lat":34.0111523778,"segment_second_lon":-118.335099442,"segment_sequence":400003,"segment_id":20,"segment_len_meter":62.026509755000866,"segment_cum_len":13608.063440481503,"stop_segment_distance":16.129419299487715}
{"route_id":"232","stop_id":"23200107","stop_lat":33.854206,"stop_lon":-118.389962,"stop_sequence":67,"segment_first_lat":33.853540956,"segment_first_lon":-118.3899132048,"segment_second_lat":33.8541728646,"segment_second_lon":-118.3901121069,"segment_sequence":660002,"segment_id":33,"segment_len_meter":72.62595727791333,"segment_cum_len":26599.16419196538,"stop_segment_distance":15.803322169664568}
{"route_id":"239","stop_id":"12942","stop_lat":34.279157,"stop_lon":-118.501811,"stop_sequence":43,"segment_first_lat":34.279282862,"segment_first_lon":-118.5018080758,"segment_second_lat":34.2792588763,"segment_second_lon":-118.4977660435,"segment_sequence":430001,"segment_id":22,"segment_len_meter":371.3939439763512,"segment_cum_len":16922.871564268422,"stop_segment_distance":14.429776075479765}
{"route_id":"243","stop_id":"20334","stop_lat":34.264241,"stop_lon":-118.579943,"stop_sequence":7,"segment_first_lat":34.264241872,"segment_first_lon":-118.579822749,"segment_second_lat":34.2622029025,"segment_second_lon":-118.5798261241,"segment_sequence":70001,"segment_id":4,"segment_len_meter":226.7232761416001,"segment_cum_len":4853.2299183999385,"stop_segment_distance":11.208338972786748}
{"route_id":"251","stop_id":"3167","stop_lat":34.060326,"stop_lon":-118.214313,"stop_sequence":10,"segment_first_lat":34.0604032279,"segment_first_lon":-118.2141922578,"segment_second_lat":34.0593081089,"segment_second_lon":-118.2131580425,"segment_sequence":100001,"segment_id":5,"segment_len_meter":154.6125231833273,"segment_cum_len":3589.328476432185,"stop_segment_distance":14.779262078849627}
{"route_id":"265","stop_id":"142222","stop_lat":33.990322,"stop_lon":-118.099172,"stop_sequence":55,"segment_first_lat":33.9902587335,"segment_first_lon":-118.0994293404,"segment_second_lat":33.9904003656,"segment_second_lon":-118.0992863385,"segment_sequence":540012,"segment_id":27,"segment_len_meter":20.538846867818926,"segment_cum_len":22402.817013580767,"stop_segment_distance":17.884489939640474}
{"route_id":"265","stop_id":"4267","stop_lat":33.948244,"stop_lon":-118.1337,"stop_sequence":43,"segment_first_lat":33.9474627652,"segment_first_lon":-118.1344537314,"segment_second_lat":33.948310895,"segment_second_lon":-118.1338292853,"segment_sequence":420002,"segment_id":21,"segment_len_meter":110.50644806376155,"segment_cum_len":16546.406653550894,"stop_segment_distance":14.814205482597387}
{"route_id":"267","stop_id":"6519","stop_lat":34.100373,"stop_lon":-118.059417,"stop_sequence":13,"segment_first_lat":34.0995839399,"segment_first_lon":-118.0594028578,"segment_second_lat":34.1003499646,"segment_second_lon":-118.0595662491,"segment_sequence":120003,"segment_id":6,"segment_len_meter":86.4964575126065,"segment_cum_len":4967.741331751956,"stop_segment_distance":15.231576434305964}
{"route_id":"33","stop_id":"6901","stop_lat":34.032672,"stop_lon":-118.382018,"stop_sequence":33,"segment_first_lat":34.0327759108,"segment_first_lon":-118.382102544,"segment_second_lat":34.0332567214,"segment_second_lon":-118.3812548447,"segment_sequence":330001,"segment_id":17,"segment_len_meter":94.65862247989048,"segment_cum_len":10743.30080107442,"stop_segment_distance":15.051644224360075}
{"route_id":"344","stop_id":"30005","stop_lat":33.869338,"stop_lon":-118.287306,"stop_sequence":42,"segment_first_lat":33.8694761133,"segment_first_lon":-118.2870463773,"segment_second_lat":33.8693101416,"segment_second_lon":-118.287278043,"segment_sequence":410021,"segment_id":21,"segment_len_meter":28.250254460102173,"segment_cum_len":26234.18959699277,"stop_segment_distance":4.249656096372629}
{"route_id":"35","stop_id":"16535","stop_lat":34.035276,"stop_lon":-118.369075,"stop_sequence":1,"segment_first_lat":34.035277414,"segment_first_lon":-118.3690823768,"segment_second_lat":34.0355976388,"segment_second_lon":-118.3689606748,"segment_sequence":10001,"segment_id":1,"segment_len_meter":37.331588944802235,"segment_cum_len":37.331588944802235,"stop_segment_distance":0.6499551517083191}
{"route_id":"35","stop_id":"5113","stop_lat":34.03245,"stop_lon":-118.268281,"stop_sequence":39,"segment_first_lat":34.030570624,"segment_first_lon":-118.2696544134,"segment_second_lat":34.0325117234,"segment_second_lon":-118.2684186823,"segment_sequence":380006,"segment_id":19,"segment_len_meter":244.03729861747127,"segment_cum_len":12209.759927280054,"stop_segment_distance":14.700925596705986}
{"route_id":"35","stop_id":"7765","stop_lat":34.025434,"stop_lon":-118.312175,"stop_sequence":23,"segment_first_lat":34.0255583401,"segment_first_lon":-118.3129969243,"segment_second_lat":34.0255604679,"segment_second_lon":-118.31217517,"segment_sequence":220006,"segment_id":11,"segment_len_meter":75.73080110206166,"segment_cum_len":7212.56291916138,"stop_segment_distance":15.329445121951863}
{"route_id":"4","stop_id":"1248","stop_lat":34.043042,"stop_lon":-118.255203,"stop_sequence":6,"segment_first_lat":34.0431205087,"segment_first_lon":-118.2553268634,"segment_second_lat":34.0437790794,"segment_second_lon":-118.2547205054,"segment_sequence":60001,"segment_id":3,"segment_len_meter":92.10790591201558,"segment_cum_len":1661.3522527979815,"stop_segment_distance":15.500560008141562}
{"route_id":"45","stop_id":"11911","stop_lat":34.071792,"stop_lon":-118.222393,"stop_sequence":8,"segment_first_lat":34.0721315609,"segment_first_lon":-118.2212709094,"segment_second_lat":34.0716767818,"segment_second_lon":-118.2223220735,"segment_sequence":70003,"segment_id":4,"segment_len_meter":109.23002505423675,"segment_cum_len":1642.4855755022056,"stop_segment_distance":15.184058399786906}
{"route_id":"605","stop_id":"17160","stop_lat":34.040615,"stop_lon":-118.211447,"stop_sequence":14,"segment_first_lat":34.0400994921,"segment_first_lon":-118.2106136951,"segment_second_lat":34.0405054177,"segment_second_lon":-118.2115191445,"segment_sequence":130004,"segment_id":7,"segment_len_meter":94.85641139457229,"segment_cum_len":3846.8903069071166,"stop_segment_distance":14.84244327842201}
{"route_id":"62","stop_id":"4073","stop_lat":33.920919,"stop_lon":-118.072761,"stop_sequence":51,"segment_first_lat":33.9222961718,"segment_first_lon":-118.0726167709,"segment_second_lat":33.9209195098,"segment_second_lon":-118.0726096449,"segment_sequence":500007,"segment_id":25,"segment_len_meter":153.079242206341,"segment_cum_len":27174.241118855178,"stop_segment_distance":14.598171785629745}
{"route_id":"665","stop_id":"13617","stop_lat":34.02819,"stop_lon":-118.192452,"stop_sequence":17,"segment_first_lat":34.0281905323,"segment_first_lon":-118.1923318288,"segment_second_lat":34.0279734557,"segment_second_lon":-118.1923290197,"segment_sequence":170001,"segment_id":9,"segment_len_meter":24.13920472705762,"segment_cum_len":6587.014527703669,"stop_segment_distance":13.54764964474833}
{"route_id":"70","stop_id":"30020","stop_lat":34.072197,"stop_lon":-118.045125,"stop_sequence":73,"segment_first_lat":34.0720155426,"segment_first_lon":-118.0444513297,"segment_second_lat":34.0720149716,"segment_second_lon":-118.0459768846,"segment_sequence":720014,"segment_id":36,"segment_len_meter":140.5136065433712,"segment_cum_len":25485.439789093813,"stop_segment_distance":5.766603869612339}
{"route_id":"81","stop_id":"12101","stop_lat":34.0609,"stop_lon":-118.240523,"stop_sequence":44,"segment_first_lat":34.0613264124,"segment_first_lon":-118.2402433489,"segment_second_lat":34.0608693821,"segment_second_lon":-118.2404114104,"segment_sequence":430004,"segment_id":22,"segment_len_meter":53.125278652877846,"segment_cum_len":14824.416266327838,"stop_segment_distance":11.664445669161175}
{"route_id":"81","stop_id":"9328","stop_lat":34.139361,"stop_lon":-118.195497,"stop_sequence":12,"segment_first_lat":34.1394626727,"segment_first_lon":-118.1957944755,"segment_second_lat":34.1394870354,"segment_second_lon":-118.1955126383,"segment_sequence":110011,"segment_id":6,"segment_len_meter":26.079442439488567,"segment_cum_len":3027.5473988386534,"stop_segment_distance":17.628830043039954}
{"route_id":"901","stop_id":"15588","stop_lat":34.186288,"stop_lon":-118.484432,"stop_sequence":7,"segment_first_lat":34.1862362808,"segment_first_lon":-118.4844316287,"segment_second_lat":34.1862340448,"segment_second_lon":-118.4862899367,"segment_sequence":70001,"segment_id":4,"segment_len_meter":170.93139515450568,"segment_cum_len":10941.702536019413,"stop_segment_distance":5.821906036225698}
{"route_id":"94","stop_id":"14215","stop_lat":34.230358,"stop_lon":-118.384481,"stop_sequence":22,"segment_first_lat":34.2333628477,"segment_first_lon":-118.3874665379,"segment_second_lat":34.2304374326,"segment_second_lon":-118.384367587,"segment_sequence":210001,"segment_id":11,"segment_len_meter":432.41061855618267,"segment_cum_len":9502.463805132102,"stop_segment_distance":13.655809228928945}
{"route_id":"94","stop_id":"5131","stop_lat":34.038585,"stop_lon":-118.261418,"stop_sequence":95,"segment_first_lat":34.0385242274,"segment_first_lon":-118.2613271476,"segment_second_lat":34.0378273026,"segment_second_lon":-118.2619913884,"segment_sequence":950001,"segment_id":48,"segment_len_meter":98.74964902944282,"segment_cum_len":40499.375517248794,"stop_segment_distance":11.4565289632436}
