{"route_id":"110","stop_id":"2115","stop_lat":33.974307,"stop_lon":-118.152891,"stop_sequence":81,"segment_first_lat":33.9747016427,"segment_first_lon":-118.1554808263,"segment_second_lat":33.9744321181,"segment_second_lon":-118.1528694523,"segment_sequence":800010,"segment_id":40,"segment_len_meter":242.65880151362538,"segment_cum_len":27941.191223564703,"stop_segment_distance":14.207278319100823}
{"route_id":"115","stop_id":"3135","stop_lat":33.959867,"stop_lon":-118.326727,"stop_sequence":29,"segment_first_lat":33.9599938081,"segment_first_lon":-118.3276672654,"segment_second_lat":33.9599941591,"segment_second_lon":-118.3267274313,"segment_sequence":280003,"segment_id":14,"segment_len_meter":86.67918374102874,"segment_cum_len":6672.900090270665,"stop_segment_distance":15.318214575068765}
{"route_id":"117","stop_id":"6645","stop_lat":33.946236,"stop_lon":-118.225492,"stop_sequence":47,"segment_first_lat":33.9465547192,"segment_first_lon":-118.2269861522,"segment_second_lat":33.946364114,"segment_second_lon":-118.2254702781,"segment_sequence":460002,"segment_id":23,"segment_len_meter":141.42565657986705,"segment_cum_len":17743.917359232913,"stop_segment_distance":15.268677431141072}
{"route_id":"130","stop_id":"13000076","stop_lat":33.870402,"stop_lon":-118.394775,"stop_sequence":73,"segment_first_lat":33.8717809968,"segment_first_lon":-118.395015105,"segment_second_lat":33.8704322484,"segment_second_lon":-118.394628276,"segment_sequence":720006,"segment_id":36,"segment_len_meter":154.16765978485608,"segment_cum_len":34250.681406103264,"stop_segment_distance":14.72149004078696}
{"route_id":"14","stop_id":"9029","stop_lat":34.068263,"stop_lon":-118.273609,"stop_sequence":47,"segment_first_lat":34.0681485848,"segment_first_lon":-118.2736797478,"segment_second_lat":34.0682535589,"segment_second_lon":-118.2739198114,"segment_sequence":470001,"segment_id":24,"segment_len_meter":25.004171863650214,"segment_cum_len":17147.02407399931,"stop_segment_distance":17.938355616149664}
{"route_id":"152","stop_id":"19093","stop_lat":34.219785,"stop_lon":-118.606329,"stop_sequence":78,"segment_first_lat":34.2196589323,"segment_first_lon":-118.6063251957,"segment_second_lat":34.2196195307,"segment_second_lon":-118.6092458425,"segment_sequence":780001,"segment_id":39,"segment_len_meter":268.57675458980253,"segment_cum_len":31667.87383140602,"stop_segment_distance":14.267130558266501}
{"route_id":"154","stop_id":"12652","stop_lat":34.179538,"stop_lon":-118.361367,"stop_sequence":17,"segment_first_lat":34.1794434062,"segment_first_lon":-118.3591711144,"segment_second_lat":34.1794390649,"segment_second_lon":-118.361366502,"segment_sequence":160001,"segment_id":8,"segment_len_meter":201.95336961761555,"segment_cum_len":7023.95016378164,"stop_segment_distance":11.319959429498994}
{"route_id":"155","stop_id":"18061","stop_lat":34.150576,"stop_lon":-118.379103,"stop_sequence":24,"segment_first_lat":34.1521840452,"segment_first_lon":-118.3789879593,"segment_second_lat":34.1505765437,"segment_second_lon":-118.3789836438,"segment_sequence":230005,"segment_id":12,"segment_len_meter":178.74645249868735,"segment_cum_len":8623.700387787672,"stop_segment_distance":11.356558731374747}
{"route_id":"166","stop_id":"12519","stop_lat":34.235685,"stop_lon":-118.510932,"stop_sequence":32,"segment_first_lat":34.2358110465,"segment_first_lon":-118.510929924,"segment_second_lat":34.2358029451,"segment_second_lon":-118.5097884115,"segment_sequence":320001,"segment_id":16,"segment_len_meter":104.94092575057616,"segment_cum_len":14133.561801870655,"stop_segment_distance":15.018980078635579}
{"route_id":"167","stop_id":"17406","stop_lat":34.194118,"stop_lon":-118.413868,"stop_sequence":74,"segment_first_lat":34.1958110181,"segment_first_lon":-118.4137604702,"segment_second_lat":34.1941183541,"segment_second_lon":-118.4137491089,"segment_sequence":730002,"segment_id":37,"segment_len_meter":188.21854989157487,"segment_cum_len":29624.502216179175,"stop_segment_distance":11.230981204605314}
{"route_id":"176","stop_id":"12049","stop_lat":34.10454,"stop_lon":-118.133547,"stop_sequence":74,"segment_first_lat":34.1024886124,"segment_first_lon":-118.1320273606,"segment_second_lat":34.1044674691,"segment_second_lon":-118.1336709297,"segment_sequence":730002,"segment_id":37,"segment_len_meter":267.05245584640187,"segment_cum_len":27524.528231547716,"stop_segment_distance":14.51725688757574}
{"route_id":"18","stop_id":"8311","stop_lat":34.022301,"stop_lon":-118.166839,"stop_sequence":56,"segment_first_lat":34.0224241969,"segment_first_lon":-118.1668037313,"segment_second_lat":34.0221956934,"segment_second_lon":-118.1657201811,"segment_sequence":560001,"segment_id":28,"segment_len_meter":103.04234561532142,"segment_cum_len":15631.643644370799,"stop_segment_distance":14.810657811455442}
{"route_id":"205","stop_id":"225","stop_lat":33.846657,"stop_lon":-118.253127,"stop_sequence":93,"segment_first_lat":33.8467664362,"segment_first_lon":-118.2534668186,"segment_second_lat":33.8467855376,"segment_second_lon":-118.2531382139,"segment_sequence":930007,"segment_id":47,"segment_len_meter":30.421120581550703,"segment_cum_len":34407.84196509876,"stop_segment_distance":17.568266008671316}
{"route_id":"207","stop_id":"5767","stop_lat":34.025349,"stop_lon":-118.308745,"stop_sequence":33,"segment_first_lat":34.0246538741,"segment_first_lon":-118.3088913753,"segment_second_lat":34.0253490718,"segment_second_lon":-118.3088965813,"segment_sequence":320005,"segment_id":16,"segment_len_meter":77.30394607975337,"segment_cum_len":12762.707889236382,"stop_segment_distance":15.128134078075021}
{"route_id":"211","stop_id":"13827","stop_lat":33.923421,"stop_lon":-118.344032,"stop_sequence":45,"segment_first_lat":33.9234214153,"segment_first_lon":-118.3438808059,"segment_second_lat":33.9219101066,"segment_second_lon":-118.3438772407,"segment_sequence":450001,"segment_id":23,"segment_len_meter":168.05018199727655,"segment_cum_len":15874.212319971137,"stop_segment_distance":14.509667452475725}
{"route_id":"224","stop_id":"11318","stop_lat":34.205622,"stop_lon":-118.387625,"stop_sequence":24,"segment_first_lat":34.2048607253,"segment_first_lon":-118.3877764924,"segment_second_lat":34.2056218884,"segment_second_lon":-118.3877773808,"segment_sequence":230003,"segment_id":12,"segment_len_meter":84.63751450006612,"segment_cum_len":8265.308328783138,"stop_segment_distance":15.164213370521253}
{"route_id":"233","stop_id":"6797","stop_lat":34.152191,"stop_lon":-118.448554,"stop_sequence":2,"segment_first_lat":34.1521901034,"segment_first_lon":-118.4486695485,"segment_second_lat":34.1526544887,"segment_second_lon":-118.4486720418,"segment_sequence":20001,"segment_id":1,"segment_len_meter":51.637799061375304,"segment_cum_len":253.76701042475867,"stop_segment_distance":11.665164338968083}
{"route_id":"237","stop_id":"15551","stop_lat":34.162029,"stop_lon":-118.370203,"stop_sequence":27,"segment_first_lat":34.1617542072,"segment_first_lon":-118.3703573764,"segment_second_lat":34.1620290015,"segment_second_lon":-118.3703556194,"segment_sequence":260008,"segment_id":13,"segment_len_meter":30.556159668778548,"segment_cum_len":10187.653502789513,"stop_segment_distance":17.181761631948397}
{"route_id":"243","stop_id":"599","stop_lat":34.170958,"stop_lon":-118.570571,"stop_sequence":39,"segment_first_lat":34.1710713308,"segment_first_lon":-118.5706293714,"segment_second_lat":34.1712713299,"segment_second_lon":-118.5700571389,"segment_sequence":390001,"segment_id":20,"segment_len_meter":57.14910970803082,"segment_cum_len":17498.022932049895,"stop_segment_distance":15.275301437175713}
{"route_id":"245","stop_id":"14948","stop_lat":34.191421,"stop_lon":-118.605753,"stop_sequence":5,"segment_first_lat":34.1914206577,"segment_first_lon":-118.6059042744,"segment_second_lat":34.1920828942,"segment_second_lon":-118.6059067635,"segment_sequence":50001,"segment_id":3,"segment_len_meter":73.63769492074346,"segment_cum_len":2073.2598770713657,"stop_segment_distance":15.221804207827788}
{"route_id":"246","stop_id":"212","stop_lat":33.810786,"stop_lon":-118.263866,"stop_sequence":48,"segment_first_lat":33.8095601686,"segment_first_lon":-118.264069071,"segment_second_lat":33.8107913041,"segment_second_lon":-118.2640166558,"segment_sequence":470003,"segment_id":24,"segment_len_meter":136.98164853539606,"segment_cum_len":14273.37432126236,"stop_segment_distance":14.54127265656183}
{"route_id":"251","stop_id":"11254","stop_lat":33.933833,"stop_lon":-118.205181,"stop_sequence":56,"segment_first_lat":33.9355151056,"segment_first_lon":-118.2064178328,"segment_second_lat":33.9339041714,"segment_second_lon":-118.205054663,"segment_sequence":550012,"segment_id":28,"segment_len_meter":218.86597514822213,"segment_cum_len":20989.54344984475,"stop_segment_distance":14.32145783062981}
{"route_id":"258","stop_id":"13128","stop_lat":34.022287,"stop_lon":-118.167172,"stop_sequence":48,"segment_first_lat":34.0222715716,"segment_first_lon":-118.1670885566,"segment_second_lat":34.0219546099,"segment_second_lon":-118.1671849466,"segment_sequence":480001,"segment_id":24,"segment_len_meter":36.34682215217314,"segment_cum_len":17944.598926608538,"stop_segment_distance":8.511751363367829}
{"route_id":"258","stop_id":"142426","stop_lat":33.892553,"stop_lon":-118.168943,"stop_sequence":83,"segment_first_lat":33.8925534865,"segment_first_lon":-118.1687908461,"segment_second_lat":33.8910641733,"segment_second_lon":-118.1687822459,"segment_sequence":830001,"segment_id":42,"segment_len_meter":165.6059745741493,"segment_cum_len":33359.31619763488,"stop_segment_distance":14.651712649869438}
{"route_id":"268","stop_id":"11558","stop_lat":34.09282,"stop_lon":-118.035221,"stop_sequence":14,"segment_first_lat":34.0927898337,"segment_first_lon":-118.0347353678,"segment_second_lat":34.0927245748,"segment_second_lon":-118.0352000566,"segment_sequence":130005,"segment_id":7,"segment_len_meter":43.401317241294294,"segment_cum_len":4356.871290813085,"stop_segment_distance":12.227868990092603}
{"route_id":"268","stop_id":"11877","stop_lat":34.148154,"stop_lon":-118.050091,"stop_sequence":34,"segment_first_lat":34.1476180802,"segment_first_lon":-118.0502489481,"segment_second_lat":34.1481539177,"segment_second_lon":-118.0502419991,"segment_sequence":330018,"segment_id":17,"segment_len_meter":59.58584302211623,"segment_cum_len":13198.691348997107,"stop_segment_distance":15.648229386392494}
{"route_id":"28","stop_id":"16140","stop_lat":34.051778,"stop_lon":-118.27962,"stop_sequence":65,"segment_first_lat":34.0514656568,"segment_first_lon":-118.279222808,"segment_second_lat":34.0516651757,"segment_second_lon":-118.2796876333,"segment_sequence":640007,"segment_id":32,"segment_len_meter":48.22937393068729,"segment_cum_len":19921.607342271418,"stop_segment_distance":16.228972796710195}
{"route_id":"33","stop_id":"6930","stop_lat":34.005983,"stop_lon":-118.42893,"stop_sequence":17,"segment_first_lat":34.0059243992,"segment_first_lon":-118.4292995752,"segment_second_lat":34.0060875476,"segment_second_lon":-118.4290117059,"segment_sequence":160002,"segment_id":8,"segment_len_meter":32.14385504457789,"segment_cum_len":5404.2832529175,"stop_segment_distance":16.392188693430683}
{"route_id":"344","stop_id":"2369","stop_lat":33.865365,"stop_lon":-118.352427,"stop_sequence":32,"segment_first_lat":33.864806739,"segment_first_lon":-118.3525728975,"segment_second_lat":33.8653617743,"segment_second_lon":-118.352582478,"segment_sequence":310020,"segment_id":16,"segment_len_meter":61.7234483537724,"segment_cum_len":18500.060125716947,"stop_segment_distance":16.157021833718602}
{"route_id":"4","stop_id":"16320","stop_lat":34.08049,"stop_lon":-118.270132,"stop_sequence":25,"segment_first_lat":34.0801634104,"segment_first_lon":-118.2700058429,"segment_second_lat":34.0804112678,"segment_second_lon":-118.2702520121,"segment_sequence":240007,"segment_id":12,"segment_len_meter":35.68726545112709,"segment_cum_len":7753.234721907626,"stop_segment_distance":16.54115405252243}
{"route_id":"53","stop_id":"4884","stop_lat":33.934974,"stop_lon":-118.25403,"stop_sequence":26,"segment_first_lat":33.9334069143,"segment_first_lon":-118.2542079255,"segment_second_lat":33.9349759915,"segment_second_lon":-118.2541813678,"segment_sequence":250001,"segment_id":13,"segment_len_meter":174.49062661915227,"segment_cum_len":10591.024769342159,"stop_segment_distance":14.499021481674617}
{"route_id":"534","stop_id":"11612","stop_lat":34.038433,"stop_lon":-118.702805,"stop_sequence":25,"segment_first_lat":34.0383478935,"segment_first_lon":-118.7026728037,"segment_second_lat":34.0382406856,"segment_second_lon":-118.7027738986,"segment_sequence":250001,"segment_id":13,"segment_len_meter":15.128870228975742,"segment_cum_len":22682.685349827236,"stop_segment_distance":21.871741097779363}
{"route_id":"55","stop_id":"15688","stop_lat":34.050463,"stop_lon":-118.254137,"stop_sequence":61,"segment_first_lat":34.0503854865,"segment_first_lon":-118.2542078006,"segment_second_lat":34.0512981202,"segment_second_lon":-118.255608327,"segment_sequence":610001,"segment_id":31,"segment_len_meter":164.15525858232678,"segment_cum_len":18953.86559899158,"stop_segment_distance":10.963643243953982}
{"route_id":"611","stop_id":"8678","stop_lat":33.983414,"stop_lon":-118.174691,"stop_sequence":68,"segment_first_lat":33.9841612433,"segment_first_lon":-118.1744851739,"segment_second_lat":33.9834040339,"segment_second_lon":-118.174606633,"segment_sequence":670003,"segment_id":34,"segment_len_meter":84.9393335018284,"segment_cum_len":20367.32892711797,"stop_segment_distance":8.147435680598889}
{"route_id":"62","stop_id":"4067","stop_lat":33.916853,"stop_lon":-118.072741,"stop_sequence":52,"segment_first_lat":33.9168527232,"segment_first_lon":-118.0725912894,"segment_second_lat":33.9161712617,"segment_second_lon":-118.0725883919,"segment_sequence":520001,"segment_id":26,"segment_len_meter":75.77553319729199,"segment_cum_len":27702.225879974318,"stop_segment_distance":15.141736503919986}
{"route_id":"68","stop_id":"1620","stop_lat":34.036835,"stop_lon":-118.130835,"stop_sequence":6,"segment_first_lat":34.0367091296,"segment_first_lon":-118.1305042872,"segment_second_lat":34.0367087724,"segment_second_lon":-118.1308343543,"segment_sequence":50004,"segment_id":3,"segment_len_meter":30.414030906002093,"segment_cum_len":4788.289351527252,"stop_segment_distance":17.155905110483122}
{"route_id":"750","stop_id":"15393","stop_lat":34.16662,"stop_lon":-118.589127,"stop_sequence":15,"segment_first_lat":34.1664450584,"segment_first_lon":-118.5886064158,"segment_second_lat":34.1664916317,"segment_second_lon":-118.5891432846,"segment_sequence":140038,"segment_id":7,"segment_len_meter":49.66466950713126,"segment_cum_len":21743.778015170265,"stop_segment_distance":16.38288718872088}
{"route_id":"754","stop_id":"13000141","stop_lat":33.928765,"stop_lon":-118.292092,"stop_sequence":22,"segment_first_lat":33.9287627919,"segment_first_lon":-118.2919383339,"segment_second_lat":33.9286171523,"segment_second_lon":-118.2919398043,"segment_sequence":220001,"segment_id":11,"segment_len_meter":16.194952857135547,"segment_cum_len":19979.504618005878,"stop_segment_distance":19.605204927449627}
{"route_id":"754","stop_id":"140965","stop_lat":33.974411,"stop_lon":-118.291753,"stop_sequence":19,"segment_first_lat":33.9744109705,"segment_first_lon":-118.2915997652,"segment_second_lat":33.9736937734,"segment_second_lon":-118.2916022152,"segment_sequence":190001,"segment_id":10,"segment_len_meter":79.74899893280133,"segment_cum_len":14965.563503337315,"stop_segment_distance":15.33612553211529}
{"route_id":"794","stop_id":"2773","stop_lat":34.084362,"stop_lon":-118.222707,"stop_sequence":11,"segment_first_lat":34.083876703,"segment_first_lon":-118.2223620999,"segment_second_lat":34.0842734776,"segment_second_lon":-118.2228192382,"segment_sequence":100078,"segment_id":5,"segment_len_meter":60.982596107928735,"segment_cum_len":7100.518119717729,"stop_segment_distance":15.90747704376654}
{"route_id":"854","stop_id":"4795","stop_lat":34.047862,"stop_lon":-118.227658,"stop_sequence":4,"segment_first_lat":34.0478690343,"segment_first_lon":-118.2277469298,"segment_second_lat":34.0482461219,"segment_second_lon":-118.2277043812,"segment_sequence":40001,"segment_id":2,"segment_len_meter":42.113077591314756,"segment_cum_len":3044.7807386258396,"stop_segment_distance":9.043158344190068}
{"route_id":"901","stop_id":"15607","stop_lat":34.220493,"stop_lon":-118.597171,"stop_sequence":15,"segment_first_lat":34.2204543443,"segment_first_lon":-118.5972306726,"segment_second_lat":34.2223393341,"segment_second_lon":-118.5972474637,"segment_sequence":150002,"segment_id":8,"segment_len_meter":209.60698809958205,"segment_cum_len":25086.870499459576,"stop_segment_distance":2.786138853463342}
{"route_id":"92","stop_id":"10749","stop_lat":34.100607,"stop_lon":-118.259069,"stop_sequence":29,"segment_first_lat":34.1001558459,"segment_first_lon":-118.259216117,"segment_second_lat":34.1006064888,"segment_second_lon":-118.2592201565,"segment_sequence":280005,"segment_id":14,"segment_len_meter":50.110584566278305,"segment_cum_len":8276.277040961988,"stop_segment_distance":15.770048264888388}
{"route_id":"94","stop_id":"955","stop_lat":34.049565,"stop_lon":-118.251193,"stop_sequence":89,"segment_first_lat":34.0495049904,"segment_first_lon":-118.2510934244,"segment_second_lat":34.0487616958,"segment_second_lon":-118.2517514257,"segment_sequence":890001,"segment_id":45,"segment_len_meter":102.49984613187917,"segment_cum_len":38960.27788970657,"stop_segment_distance":11.924839673272984}
