{"route_id":"10","stop_id":"16376","stop_lat":34.064778,"stop_lon":-118.25246,"stop_sequence":16,"segment_first_lat":34.0643630238,"segment_first_lon":-118.2522672291,"segment_second_lat":34.0647031097,"segment_second_lon":-118.2525782927,"segment_sequence":150006,"segment_id":8,"segment_len_meter":47.4453494657539,"segment_cum_len":4967.4871051120645,"stop_segment_distance":15.710836601888552}
{"route_id":"108","stop_id":"1643","stop_lat":33.983471,"stop_lon":-118.145575,"stop_sequence":79,"segment_first_lat":33.9835937359,"segment_first_lon":-118.1455319852,"segment_second_lat":33.9831849968,"segment_second_lon":-118.1438097524,"segment_sequence":790001,"segment_id":40,"segment_len_meter":165.1708994495349,"segment_cum_len":26175.22237167019,"stop_segment_distance":14.880024297007566}
{"route_id":"108","stop_id":"7969","stop_lat":33.989016,"stop_lon":-118.304742,"stop_sequence":33,"segment_first_lat":33.9891472536,"segment_first_lon":-118.3062202975,"segment_second_lat":33.9891438505,"segment_second_lon":-118.3047424163,"segment_sequence":320003,"segment_id":16,"segment_len_meter":136.25607346721245,"segment_cum_len":11271.230523035836,"stop_segment_distance":15.033531808250189}
{"route_id":"108","stop_id":"7988","stop_lat":33.989016,"stop_lon":-118.309159,"stop_sequence":32,"segment_first_lat":33.989145497,"segment_first_lon":-118.310135984,"segment_second_lat":33.9891458043,"segment_second_lon":-118.309159536,"segment_sequence":310003,"segment_id":16,"segment_len_meter":90.02514327748335,"segment_cum_len":10863.9867535658,"stop_segment_distance":15.62683427734126}
{"route_id":"120","stop_id":"2617","stop_lat":33.92005,"stop_lon":-118.144001,"stop_sequence":46,"segment_first_lat":33.9199435509,"segment_first_lon":-118.1440832361,"segment_second_lat":33.9203213451,"segment_second_lon":-118.1447994675,"segment_sequence":460001,"segment_id":23,"segment_len_meter":78.30910405644012,"segment_cum_len":20747.325088879523,"stop_segment_distance":15.36534510284855}
{"route_id":"125","stop_id":"17383","stop_lat":33.903458,"stop_lon":-118.193615,"stop_sequence":62,"segment_first_lat":33.9035839174,"segment_first_lon":-118.1939450501,"segment_second_lat":33.9035844471,"segment_second_lon":-118.1936155075,"segment_sequence":610007,"segment_id":31,"segment_len_meter":30.41330478973155,"segment_cum_len":23380.842021079952,"stop_segment_distance":17.17102064047356}
{"route_id":"128","stop_id":"17240","stop_lat":33.889331,"stop_lon":-118.160406,"stop_sequence":30,"segment_first_lat":33.8892047761,"segment_first_lon":-118.1600767488,"segment_second_lat":33.8892015902,"segment_second_lon":-118.1604062298,"segment_sequence":290007,"segment_id":15,"segment_len_meter":30.414754245703442,"segment_cum_len":14423.851675280046,"stop_segment_distance":17.45085669984863}
{"route_id":"150","stop_id":"7008","stop_lat":34.171299,"stop_lon":-118.542584,"stop_sequence":26,"segment_first_lat":34.1714120185,"segment_first_lon":-118.542519394,"segment_second_lat":34.1711916331,"segment_second_lon":-118.5419684999,"segment_sequence":260001,"segment_id":13,"segment_len_meter":56.295082157712734,"segment_cum_len":9879.737144370607,"stop_segment_distance":15.476631996275636}
{"route_id":"152","stop_id":"10420","stop_lat":34.207986,"stop_lon":-118.623578,"stop_sequence":85,"segment_first_lat":34.2082615841,"segment_first_lon":-118.6234249922,"segment_second_lat":34.2079868023,"segment_second_lon":-118.6234229409,"segment_sequence":840005,"segment_id":42,"segment_len_meter":30.554924376182658,"segment_cum_len":34245.44580818288,"stop_segment_distance":17.42380635580628}
{"route_id":"152","stop_id":"13024","stop_lat":34.221797,"stop_lon":-118.41471,"stop_sequence":34,"segment_first_lat":34.2216717762,"segment_first_lon":-118.4147090084,"segment_second_lat":34.2216703114,"segment_second_lon":-118.4171337754,"segment_sequence":340001,"segment_id":17,"segment_len_meter":222.94166648513485,"segment_cum_len":13954.739738045102,"stop_segment_distance":14.2779573732615}
{"route_id":"166","stop_id":"6578","stop_lat":34.249719,"stop_lon":-118.60618,"stop_sequence":6,"segment_first_lat":34.2497171396,"segment_first_lon":-118.6060355876,"segment_second_lat":34.2493543693,"segment_second_lon":-118.6060445357,"segment_sequence":60001,"segment_id":3,"segment_len_meter":40.346600382643324,"segment_cum_len":3009.769596478054,"stop_segment_distance":15.342165871280095}
{"route_id":"169","stop_id":"6073","stop_lat":34.208299,"stop_lon":-118.501299,"stop_sequence":76,"segment_first_lat":34.2084227112,"segment_first_lon":-118.5032477096,"segment_second_lat":34.2084258526,"segment_second_lon":-118.5012996097,"segment_sequence":750003,"segment_id":38,"segment_len_meter":179.14365895609848,"segment_cum_len":30909.42393308518,"stop_segment_distance":14.688546997386482}
{"route_id":"183","stop_id":"3078","stop_lat":34.164761,"stop_lon":-118.453223,"stop_sequence":7,"segment_first_lat":34.1648799914,"segment_first_lon":-118.4552599769,"segment_second_lat":34.1648876407,"segment_second_lon":-118.4532236635,"segment_sequence":60003,"segment_id":3,"segment_len_meter":187.3538671974621,"segment_cum_len":2365.785561031754,"stop_segment_distance":14.607668887677079}
{"route_id":"20","stop_id":"2264","stop_lat":34.063921,"stop_lon":-118.368584,"stop_sequence":42,"segment_first_lat":34.0637919563,"segment_first_lon":-118.3686062711,"segment_second_lat":34.0639043589,"segment_second_lon":-118.3695906936,"segment_sequence":420001,"segment_id":21,"segment_len_meter":91.53779232754717,"segment_cum_len":12485.411759537441,"stop_segment_distance":15.707523058554258}
{"route_id":"200","stop_id":"4663","stop_lat":34.051497,"stop_lon":-118.279807,"stop_sequence":22,"segment_first_lat":34.0502750112,"segment_first_lon":-118.2807605051,"segment_second_lat":34.0515582419,"segment_second_lon":-118.2799427944,"segment_sequence":210002,"segment_id":11,"segment_len_meter":161.35513338108365,"segment_cum_len":5136.528665731961,"stop_segment_distance":14.691092229625383}
{"route_id":"201","stop_id":"142445","stop_lat":34.133169,"stop_lon":-118.269106,"stop_sequence":23,"segment_first_lat":34.1331693893,"segment_first_lon":-118.2690224777,"segment_second_lat":34.1315343369,"segment_second_lon":-118.2690515814,"segment_sequence":230001,"segment_id":12,"segment_len_meter":181.82926443841862,"segment_cum_len":6007.208363149639,"stop_segment_distance":7.693490779854528}
{"route_id":"204","stop_id":"7091","stop_lat":34.086538,"stop_lon":-118.291573,"stop_sequence":60,"segment_first_lat":34.0858202732,"segment_first_lon":-118.2917157481,"segment_second_lat":34.0865374493,"segment_second_lon":-118.2917238641,"segment_sequence":590003,"segment_id":30,"segment_len_meter":79.74984626139529,"segment_cum_len":18075.925125104084,"stop_segment_distance":15.026495538028456}
{"route_id":"206","stop_id":"13740","stop_lat":33.940173,"stop_lon":-118.300394,"stop_sequence":64,"segment_first_lat":33.9406570001,"segment_first_lon":-118.3002767705,"segment_second_lat":33.9401733823,"segment_second_lon":-118.3002750371,"segment_sequence":630006,"segment_id":32,"segment_len_meter":53.77608353729917,"segment_cum_len":19527.956242054228,"stop_segment_distance":12.092414856777296}
{"route_id":"207","stop_id":"16546","stop_lat":34.10441,"stop_lon":-118.309434,"stop_sequence":64,"segment_first_lat":34.1053909861,"segment_first_lon":-118.3092623176,"segment_second_lat":34.1044099813,"segment_second_lon":-118.3092669476,"segment_sequence":630017,"segment_id":32,"segment_len_meter":109.08358972142976,"segment_cum_len":23972.82092482928,"stop_segment_distance":16.517165804509574}
{"route_id":"222","stop_id":"2034","stop_lat":34.259552,"stop_lon":-118.311561,"stop_sequence":67,"segment_first_lat":34.2596944628,"segment_first_lon":-118.3139742953,"segment_second_lat":34.2596776224,"segment_second_lon":-118.311558291,"segment_sequence":660004,"segment_id":33,"segment_len_meter":222.04353700412986,"segment_cum_len":27015.83650941663,"stop_segment_distance":14.279106550174816}
{"route_id":"224","stop_id":"5833","stop_lat":34.301004,"stop_lon":-118.461337,"stop_sequence":54,"segment_first_lat":34.3001093647,"segment_first_lon":-118.4604018044,"segment_second_lat":34.3009097321,"segment_second_lon":-118.461437649,"segment_sequence":530003,"segment_id":27,"segment_len_meter":130.2841002683812,"segment_cum_len":21486.468264447794,"stop_segment_distance":15.12953815161373}
{"route_id":"232","stop_id":"43","stop_lat":33.769175,"stop_lon":-118.18863,"stop_sequence":1,"segment_first_lat":33.7693018676,"segment_first_lon":-118.1886304741,"segment_second_lat":33.7693015585,"segment_second_lon":-118.1883014568,"segment_sequence":10001,"segment_id":1,"segment_len_meter":30.41253156222776,"segment_cum_len":30.41253156222776,"stop_segment_distance":17.16543020926218}
{"route_id":"234","stop_id":"20116","stop_lat":34.264695,"stop_lon":-118.467468,"stop_sequence":35,"segment_first_lat":34.2654786214,"segment_first_lon":-118.4673101788,"segment_second_lat":34.2646954436,"segment_second_lon":-118.4673170464,"segment_sequence":340015,"segment_id":17,"segment_len_meter":87.08768479441213,"segment_cum_len":12757.689086703438,"stop_segment_distance":15.117983544054056}
{"route_id":"258","stop_id":"13124","stop_lat":34.01812,"stop_lon":-118.168395,"stop_sequence":50,"segment_first_lat":34.0181024678,"segment_first_lon":-118.1683121033,"segment_second_lat":34.0160690288,"segment_second_lon":-118.1689188193,"segment_sequence":500001,"segment_id":25,"segment_len_meter":232.92010812513672,"segment_cum_len":18618.291969294518,"stop_segment_distance":8.076591499028382}
{"route_id":"258","stop_id":"13152","stop_lat":34.010992,"stop_lon":-118.159947,"stop_sequence":54,"segment_first_lat":34.0111952563,"segment_first_lon":-118.1601747513,"segment_second_lat":34.0110774793,"segment_second_lon":-118.1598874549,"segment_sequence":530007,"segment_id":27,"segment_len_meter":29.542302118709102,"segment_cum_len":19684.197345984794,"stop_segment_distance":12.279630025615603}
{"route_id":"260","stop_id":"166","stop_lat":33.925698,"stop_lon":-118.185732,"stop_sequence":84,"segment_first_lat":33.9260966641,"segment_first_lon":-118.185403645,"segment_second_lat":33.9256569997,"segment_second_lon":-118.1855885838,"segment_sequence":830003,"segment_id":42,"segment_len_meter":51.78069478640805,"segment_cum_len":32519.00005117222,"stop_segment_distance":15.907913362567058}
{"route_id":"266","stop_id":"3848","stop_lat":34.146573,"stop_lon":-118.073225,"stop_sequence":77,"segment_first_lat":34.1465730557,"segment_first_lon":-118.0733777974,"segment_second_lat":34.1471308756,"segment_second_lon":-118.0733739906,"segment_sequence":770001,"segment_id":39,"segment_len_meter":62.02773214329174,"segment_cum_len":37519.357201834784,"stop_segment_distance":15.563609270982496}
{"route_id":"266","stop_id":"4611","stop_lat":34.08745,"stop_lon":-118.073176,"stop_sequence":60,"segment_first_lat":34.0874499587,"segment_first_lon":-118.0733282348,"segment_second_lat":34.0884721641,"segment_second_lon":-118.0733291311,"segment_sequence":600001,"segment_id":30,"segment_len_meter":113.66408443738787,"segment_cum_len":30991.11211636783,"stop_segment_distance":14.886103675476349}
{"route_id":"267","stop_id":"1372","stop_lat":34.142224,"stop_lon":-118.099025,"stop_sequence":34,"segment_first_lat":34.1421249268,"segment_first_lon":-118.0990250565,"segment_second_lat":34.1421202897,"segment_second_lon":-118.1016325687,"segment_sequence":340001,"segment_id":17,"segment_len_meter":239.9705591264219,"segment_cum_len":13084.512756778175,"stop_segment_distance":11.297871639136503}
{"route_id":"268","stop_id":"15993","stop_lat":34.15065,"stop_lon":-118.053189,"stop_sequence":35,"segment_first_lat":34.1505487282,"segment_first_lon":-118.0533509604,"segment_second_lat":34.1513153852,"segment_second_lon":-118.0533481447,"segment_sequence":350002,"segment_id":18,"segment_len_meter":85.2487626317393,"segment_cum_len":13843.411903971491,"stop_segment_distance":8.85377220663868}
{"route_id":"30","stop_id":"7913","stop_lat":34.037649,"stop_lon":-118.262356,"stop_sequence":24,"segment_first_lat":34.0379969322,"segment_first_lon":-118.2627104897,"segment_second_lat":34.0377530497,"segment_second_lon":-118.2622723778,"segment_sequence":230007,"segment_id":12,"segment_len_meter":48.632165400273195,"segment_cum_len":7527.241859510669,"stop_segment_distance":15.901803597610225}
{"route_id":"30","stop_id":"7916","stop_lat":34.047122,"stop_lon":-118.297137,"stop_sequence":12,"segment_first_lat":34.047247718,"segment_first_lon":-118.2976123833,"segment_second_lat":34.0472488886,"segment_second_lon":-118.2971370284,"segment_sequence":110005,"segment_id":6,"segment_len_meter":43.79628756169479,"segment_cum_len":4036.4031299821236,"stop_segment_distance":16.288597236332308}
{"route_id":"33","stop_id":"5292","stop_lat":34.04141,"stop_lon":-118.255014,"stop_sequence":74,"segment_first_lat":34.0412162554,"segment_first_lon":-118.2555775299,"segment_second_lat":34.0415112735,"segment_second_lon":-118.255106406,"segment_sequence":730010,"segment_id":37,"segment_len_meter":54.41050162863291,"segment_cum_len":23588.882998058954,"stop_segment_distance":15.922510010962078}
{"route_id":"35","stop_id":"7766","stop_lat":34.025385,"stop_lon":-118.291201,"stop_sequence":29,"segment_first_lat":34.0255098355,"segment_first_lon":-118.2912019099,"segment_second_lat":34.0255073148,"segment_second_lon":-118.2893933664,"segment_sequence":290001,"segment_id":15,"segment_len_meter":166.67032390683497,"segment_cum_len":9312.181029071706,"stop_segment_distance":14.35165011018276}
{"route_id":"460","stop_id":"2351","stop_lat":33.888113,"stop_lon":-117.999396,"stop_sequence":47,"segment_first_lat":33.8882943795,"segment_first_lon":-117.9993300511,"segment_second_lat":33.8881715511,"segment_second_lon":-117.999256248,"segment_sequence":470005,"segment_id":24,"segment_len_meter":15.262624826421888,"segment_cum_len":46516.32691587354,"stop_segment_distance":20.254314957617023}
{"route_id":"487","stop_id":"142116","stop_lat":34.149788,"stop_lon":-118.093898,"stop_sequence":38,"segment_first_lat":34.1499064963,"segment_first_lon":-118.0929528079,"segment_second_lat":34.1498807754,"segment_second_lon":-118.0942318705,"segment_sequence":450003,"segment_id":23,"segment_len_meter":117.73636886979604,"segment_cum_len":27755.02631630234,"stop_segment_distance":2.6433936266104325}
{"route_id":"55","stop_id":"3121","stop_lat":34.033659,"stop_lon":-118.262347,"stop_sequence":54,"segment_first_lat":34.0337311109,"segment_first_lon":-118.2624723293,"segment_second_lat":34.0343025744,"segment_second_lon":-118.2620090685,"segment_sequence":540001,"segment_id":27,"segment_len_meter":76.55146200378337,"segment_cum_len":16251.589595505628,"stop_segment_distance":15.55183562580305}
{"route_id":"60","stop_id":"140842","stop_lat":33.980461,"stop_lon":-118.225317,"stop_sequence":37,"segment_first_lat":33.9816427081,"segment_first_lon":-118.2251681294,"segment_second_lat":33.980461136,"segment_second_lon":-118.2251649521,"segment_sequence":360002,"segment_id":18,"segment_len_meter":131.3851496116935,"segment_cum_len":11585.33630654194,"stop_segment_distance":14.749559056015897}
{"route_id":"603","stop_id":"17137","stop_lat":34.052215,"stop_lon":-118.284306,"stop_sequence":51,"segment_first_lat":34.0522152365,"segment_first_lon":-118.2841871615,"segment_second_lat":34.0517893198,"segment_second_lon":-118.2841857148,"segment_sequence":510001,"segment_id":26,"segment_len_meter":47.35996375646686,"segment_cum_len":16066.330883637987,"stop_segment_distance":12.20181863910593}
{"route_id":"687","stop_id":"11825","stop_lat":34.14929,"stop_lon":-118.113315,"stop_sequence":15,"segment_first_lat":34.1492902316,"segment_first_lon":-118.1131645979,"segment_second_lat":34.1471551276,"segment_second_lon":-118.1131732744,"segment_sequence":150001,"segment_id":8,"segment_len_meter":237.41407527603155,"segment_cum_len":4122.799882542282,"stop_segment_distance":14.171295704882311}
{"route_id":"720","stop_id":"16592","stop_lat":34.024054,"stop_lon":-118.183967,"stop_sequence":5,"segment_first_lat":34.0239273468,"segment_first_lon":-118.183966977,"segment_second_lat":34.0239236054,"segment_second_lon":-118.1849768224,"segment_sequence":50001,"segment_id":3,"segment_len_meter":93.06706934886493,"segment_cum_len":3076.512040456583,"stop_segment_distance":15.202780188742835}
{"route_id":"744","stop_id":"15173","stop_lat":34.194813,"stop_lon":-118.448522,"stop_sequence":8,"segment_first_lat":34.193933408,"segment_first_lon":-118.4486722185,"segment_second_lat":34.1948127179,"segment_second_lon":-118.448676942,"segment_sequence":70007,"segment_id":4,"segment_len_meter":97.77576497280795,"segment_cum_len":9040.226488541284,"stop_segment_distance":15.251900349349498}
{"route_id":"757","stop_id":"65300067","stop_lat":34.061911,"stop_lon":-118.309227,"stop_sequence":8,"segment_first_lat":34.0619118039,"segment_first_lon":-118.3090751696,"segment_second_lat":34.0617084631,"segment_second_lon":-118.3090744184,"segment_sequence":80001,"segment_id":4,"segment_len_meter":22.610571230826107,"segment_cum_len":6090.162660960734,"stop_segment_distance":17.923172670204007}
