{"route_id":"108","stop_id":"1640","stop_lat":33.982283,"stop_lon":-118.141832,"stop_sequence":80,"segment_first_lat":33.9825933503,"segment_first_lon":-118.1422155394,"segment_second_lat":33.9823946671,"segment_second_lon":-118.1417600039,"segment_sequence":790007,"segment_id":40,"segment_len_meter":47.457947950829826,"segment_cum_len":26384.1463298561,"stop_segment_distance":16.033481965503178}
{"route_id":"108","stop_id":"6264","stop_lat":33.988161,"stop_lon":-118.196737,"stop_sequence":64,"segment_first_lat":33.9882829044,"segment_first_lon":-118.1967162616,"segment_second_lat":33.9882683326,"segment_second_lon":-118.1965526084,"segment_sequence":640001,"segment_id":32,"segment_len_meter":15.17516620918661,"segment_cum_len":21253.080683087795,"stop_segment_distance":19.285688464302392}
{"route_id":"115","stop_id":"1936","stop_lat":33.960039,"stop_lon":-118.251547,"stop_sequence":49,"segment_first_lat":33.9601715132,"segment_first_lon":-118.2539551034,"segment_second_lat":33.9601663902,"segment_second_lon":-118.2515477902,"segment_sequence":480002,"segment_id":24,"segment_len_meter":222.0223544696274,"segment_cum_len":13606.830450575973,"stop_segment_distance":14.725896289233106}
{"route_id":"120","stop_id":"14344","stop_lat":33.931452,"stop_lon":-117.993277,"stop_sequence":6,"segment_first_lat":33.9314403899,"segment_first_lon":-117.9931543219,"segment_second_lat":33.9312510657,"segment_second_lon":-117.9931882916,"segment_sequence":60001,"segment_id":3,"segment_len_meter":21.283894431567546,"segment_cum_len":1889.1766567644568,"stop_segment_distance":13.902300411617716}
{"route_id":"165","stop_id":"10359","stop_lat":34.193142,"stop_lon":-118.354137,"stop_sequence":69,"segment_first_lat":34.1932557621,"segment_first_lon":-118.3541058361,"segment_second_lat":34.193146907,"segment_second_lon":-118.353555441,"segment_sequence":690001,"segment_id":35,"segment_len_meter":52.04933423459481,"segment_cum_len":27239.471421564787,"stop_segment_distance":14.412566306495833}
{"route_id":"167","stop_id":"18226","stop_lat":34.142912,"stop_lon":-118.405316,"stop_sequence":94,"segment_first_lat":34.1431519224,"segment_first_lon":-118.4051945408,"segment_second_lat":34.1429128476,"segment_second_lon":-118.4051970171,"segment_sequence":930007,"segment_id":47,"segment_len_meter":26.584881639492895,"segment_cum_len":37674.449800928516,"stop_segment_distance":13.29064636877678}
{"route_id":"169","stop_id":"15102","stop_lat":34.177361,"stop_lon":-118.652591,"stop_sequence":25,"segment_first_lat":34.1772419285,"segment_first_lon":-118.652644642,"segment_second_lat":34.1773509629,"segment_second_lon":-118.6529609149,"segment_sequence":250001,"segment_id":13,"segment_len_meter":31.519614355166947,"segment_cum_len":11244.82148632943,"stop_segment_distance":16.657670667369363}
{"route_id":"169","stop_id":"15557","stop_lat":34.20873,"stop_lon":-118.370159,"stop_sequence":122,"segment_first_lat":34.208729517,"segment_first_lon":-118.3703110303,"segment_second_lat":34.2093642709,"segment_second_lon":-118.370313845,"segment_sequence":1220001,"segment_id":61,"segment_len_meter":70.5818879331038,"segment_cum_len":48639.74918775167,"stop_segment_distance":15.349310428423834}
{"route_id":"175","stop_id":"6445","stop_lat":34.103785,"stop_lon":-118.282955,"stop_sequence":17,"segment_first_lat":34.103784542,"segment_first_lon":-118.2830404394,"segment_second_lat":34.1045374606,"segment_second_lon":-118.2830403454,"segment_sequence":170001,"segment_id":9,"segment_len_meter":83.72072894366242,"segment_cum_len":4644.998084762838,"stop_segment_distance":8.183991029158534}
{"route_id":"18","stop_id":"8319","stop_lat":34.016407,"stop_lon":-118.138861,"stop_sequence":65,"segment_first_lat":34.0165319335,"segment_first_lon":-118.1388258174,"segment_second_lat":34.0163665864,"segment_second_lon":-118.1380424828,"segment_sequence":650001,"segment_id":33,"segment_len_meter":74.50181329458422,"segment_cum_len":18263.6078219447,"stop_segment_distance":15.33757744874012}
{"route_id":"2","stop_id":"8084","stop_lat":34.097875,"stop_lon":-118.331174,"stop_sequence":44,"segment_first_lat":34.0980005405,"segment_first_lon":-118.3315507967,"segment_second_lat":34.0980015731,"segment_second_lon":-118.3311742461,"segment_sequence":430007,"segment_id":22,"segment_len_meter":34.67232284423349,"segment_cum_len":13734.73682853151,"stop_segment_distance":16.799805234863925}
{"route_id":"200","stop_id":"3361","stop_lat":34.070045,"stop_lon":-118.267999,"stop_sequence":32,"segment_first_lat":34.0692848559,"segment_first_lon":-118.2686499401,"segment_second_lat":34.0701023971,"segment_second_lon":-118.2681331606,"segment_sequence":310004,"segment_id":16,"segment_len_meter":102.61455660924798,"segment_cum_len":7467.936716993234,"stop_segment_distance":14.923916787999232}
{"route_id":"202","stop_id":"13109","stop_lat":33.83187,"stop_lon":-118.225958,"stop_sequence":41,"segment_first_lat":33.8321016113,"segment_first_lon":-118.2256853698,"segment_second_lat":33.8318252521,"segment_second_lon":-118.2257939413,"segment_sequence":400014,"segment_id":20,"segment_len_meter":32.32469156710525,"segment_cum_len":17676.94306317532,"stop_segment_distance":19.644322272437293}
{"route_id":"204","stop_id":"5647","stop_lat":33.932707,"stop_lon":-118.29143,"stop_sequence":4,"segment_first_lat":33.9309784127,"segment_first_lon":-118.2915854142,"segment_second_lat":33.9327068182,"segment_second_lon":-118.2915821989,"segment_sequence":30002,"segment_id":2,"segment_len_meter":192.1901517116716,"segment_cum_len":967.3981060944757,"stop_segment_distance":14.595582748985208}
{"route_id":"211","stop_id":"141066","stop_lat":33.919903,"stop_lon":-118.361131,"stop_sequence":11,"segment_first_lat":33.9193256975,"segment_first_lon":-118.3612797773,"segment_second_lat":33.9199027393,"segment_second_lon":-118.3612822651,"segment_sequence":100002,"segment_id":5,"segment_len_meter":64.16453124777249,"segment_cum_len":3730.8633844338724,"stop_segment_distance":15.43756366676027}
{"route_id":"232","stop_id":"23200099","stop_lat":33.832501,"stop_lon":-118.384781,"stop_sequence":59,"segment_first_lat":33.8322365689,"segment_first_lon":-118.3849180023,"segment_second_lat":33.8324923377,"segment_second_lon":-118.3849349807,"segment_sequence":580015,"segment_id":29,"segment_len_meter":28.48339739059109,"segment_cum_len":24124.78254502422,"stop_segment_distance":17.782620185690288}
{"route_id":"232","stop_id":"23200111","stop_lat":33.879994,"stop_lon":-118.395821,"stop_sequence":75,"segment_first_lat":33.8793783817,"segment_first_lon":-118.3959766575,"segment_second_lat":33.8799939158,"segment_second_lon":-118.3959716579,"segment_sequence":740005,"segment_id":37,"segment_len_meter":68.44582522116954,"segment_cum_len":29540.363591509144,"stop_segment_distance":15.407707622982855}
{"route_id":"234","stop_id":"20118","stop_lat":34.253796,"stop_lon":-118.467553,"stop_sequence":38,"segment_first_lat":34.2537969659,"segment_first_lon":-118.4673966708,"segment_second_lat":34.2536595598,"segment_second_lon":-118.4673995415,"segment_sequence":380001,"segment_id":19,"segment_len_meter":15.2811391055313,"segment_cum_len":13984.86496329132,"stop_segment_distance":19.801963803105316}
{"route_id":"243","stop_id":"14841","stop_lat":34.215497,"stop_lon":-118.553383,"stop_sequence":54,"segment_first_lat":34.2138115639,"segment_first_lon":-118.5535376846,"segment_second_lat":34.2154968923,"segment_second_lon":-118.5535303331,"segment_sequence":530003,"segment_id":27,"segment_len_meter":187.4011869837305,"segment_cum_len":23809.51450872289,"stop_segment_distance":14.097039148347449}
{"route_id":"265","stop_id":"4275","stop_lat":33.910366,"stop_lon":-118.160058,"stop_sequence":24,"segment_first_lat":33.9091318912,"segment_first_lon":-118.1602103843,"segment_second_lat":33.9103659415,"segment_second_lon":-118.1602127433,"segment_sequence":230003,"segment_id":12,"segment_len_meter":137.22030526622981,"segment_cum_len":8590.209060177904,"stop_segment_distance":15.004992195846114}
{"route_id":"266","stop_id":"17817","stop_lat":33.892302,"stop_lon":-118.142534,"stop_sequence":14,"segment_first_lat":33.8919387298,"segment_first_lon":-118.142684489,"segment_second_lat":33.8923014428,"segment_second_lon":-118.1426851064,"segment_sequence":130005,"segment_id":7,"segment_len_meter":40.33188568741284,"segment_cum_len":6950.433565360599,"stop_segment_distance":16.330960174217573}
{"route_id":"267","stop_id":"15057","stop_lat":34.076689,"stop_lon":-118.046019,"stop_sequence":4,"segment_first_lat":34.0765610077,"segment_first_lon":-118.0460540143,"segment_second_lat":34.0765955697,"segment_second_lon":-118.0462138621,"segment_sequence":40001,"segment_id":2,"segment_len_meter":15.215577078214142,"segment_cum_len":1550.6746328664753,"stop_segment_distance":20.114449148789628}
{"route_id":"28","stop_id":"10301","stop_lat":34.120037,"stop_lon":-118.229261,"stop_sequence":19,"segment_first_lat":34.1200677189,"segment_first_lon":-118.2289011122,"segment_second_lat":34.1199278626,"segment_second_lon":-118.2291855314,"segment_sequence":180002,"segment_id":9,"segment_len_meter":30.45228395669003,"segment_cum_len":5840.159151116476,"stop_segment_distance":16.835930801726867}
{"route_id":"33","stop_id":"6926","stop_lat":34.043884,"stop_lon":-118.358421,"stop_sequence":40,"segment_first_lat":34.0440062114,"segment_first_lon":-118.3584468189,"segment_second_lat":34.0441534449,"segment_second_lon":-118.3574449394,"segment_sequence":400001,"segment_id":20,"segment_len_meter":93.75062980849867,"segment_cum_len":13283.17011317849,"stop_segment_distance":14.836069947369452}
{"route_id":"35","stop_id":"16516","stop_lat":34.036351,"stop_lon":-118.276033,"stop_sequence":47,"segment_first_lat":34.0361101415,"segment_first_lon":-118.2758180975,"segment_second_lat":34.0362424773,"segment_second_lon":-118.2761073421,"segment_sequence":460010,"segment_id":23,"segment_len_meter":30.444927997107698,"segment_cum_len":15354.789034332116,"stop_segment_distance":16.739001205260386}
{"route_id":"460","stop_id":"4133","stop_lat":33.859017,"stop_lon":-117.978801,"stop_sequence":69,"segment_first_lat":33.8591339853,"segment_first_lon":-117.9788007473,"segment_second_lat":33.8591446367,"segment_second_lon":-117.9769496935,"segment_sequence":700001,"segment_id":35,"segment_len_meter":170.92552521639496,"segment_cum_len":55534.44124153607,"stop_segment_distance":13.615690631237442}
{"route_id":"53","stop_id":"140787","stop_lat":33.95079,"stop_lon":-118.254279,"stop_sequence":33,"segment_first_lat":33.9507124657,"segment_first_lon":-118.2544005778,"segment_second_lat":33.951392632,"segment_second_lon":-118.255016605,"segment_sequence":330001,"segment_id":17,"segment_len_meter":94.59748340153459,"segment_cum_len":12446.858147785446,"stop_segment_distance":15.041439898209859}
{"route_id":"66","stop_id":"1595","stop_lat":34.017651,"stop_lon":-118.165576,"stop_sequence":53,"segment_first_lat":34.0177735343,"segment_first_lon":-118.1655408191,"segment_second_lat":34.0176217485,"segment_second_lon":-118.1648135452,"segment_sequence":530001,"segment_id":27,"segment_len_meter":69.1218400289045,"segment_cum_len":16055.36494178018,"stop_segment_distance":15.231214542761165}
{"route_id":"734","stop_id":"14549","stop_lat":34.186381,"stop_lon":-118.466332,"stop_sequence":13,"segment_first_lat":34.1863819414,"segment_first_lon":-118.4661749427,"segment_second_lat":34.1844364253,"segment_second_lon":-118.4661756583,"segment_sequence":130001,"segment_id":7,"segment_len_meter":216.3315300394044,"segment_cum_len":14362.666804875542,"stop_segment_distance":14.819827907114927}
{"route_id":"76","stop_id":"13572","stop_lat":34.043258,"stop_lon":-118.260565,"stop_sequence":69,"segment_first_lat":34.0444233866,"segment_first_lon":-118.2592712299,"segment_second_lat":34.0431782691,"segment_second_lon":-118.2604474579,"segment_sequence":680002,"segment_id":34,"segment_len_meter":175.8226760467081,"segment_cum_len":24866.10892528387,"stop_segment_distance":14.247154625780183}
{"route_id":"78","stop_id":"1542","stop_lat":34.111285,"stop_lon":-118.00437,"stop_sequence":89,"segment_first_lat":34.111335969,"segment_first_lon":-118.0045109832,"segment_second_lat":34.1119528769,"segment_second_lon":-118.0041846164,"segment_sequence":890001,"segment_id":45,"segment_len_meter":74.88886068729788,"segment_cum_len":28445.15225560897,"stop_segment_distance":15.47441735535277}
{"route_id":"78","stop_id":"6952","stop_lat":34.035059,"stop_lon":-118.265404,"stop_sequence":2,"segment_first_lat":34.0344752432,"segment_first_lon":-118.2659835283,"segment_second_lat":34.0350990237,"segment_second_lon":-118.2654775452,"segment_sequence":10007,"segment_id":1,"segment_len_meter":83.5754402711916,"segment_cum_len":316.107529917531,"stop_segment_distance":8.586702744802864}
{"route_id":"92","stop_id":"8965","stop_lat":34.06779,"stop_lon":-118.254662,"stop_sequence":13,"segment_first_lat":34.0677268046,"segment_first_lon":-118.2547016345,"segment_second_lat":34.0682176948,"segment_second_lon":-118.2558148883,"segment_sequence":130001,"segment_id":7,"segment_len_meter":116.1658504795519,"segment_cum_len":4304.791344333254,"stop_segment_distance":8.109245865274787}
{"route_id":"94","stop_id":"14220","stop_lat":34.16414,"stop_lon":-118.285979,"stop_sequence":56,"segment_first_lat":34.1647105401,"segment_first_lon":-118.2865333983,"segment_second_lat":34.1642342256,"segment_second_lon":-118.2858818593,"segment_sequence":550003,"segment_id":28,"segment_len_meter":79.99133928676011,"segment_cum_len":23228.368524280828,"stop_segment_distance":15.184100344467367}
{"route_id":"96","stop_id":"9119","stop_lat":34.116566,"stop_lon":-118.271584,"stop_sequence":23,"segment_first_lat":34.1169866413,"segment_first_lon":-118.2717007092,"segment_second_lat":34.116630804,"segment_second_lon":-118.2714504431,"segment_sequence":220002,"segment_id":11,"segment_len_meter":45.786075005274284,"segment_cum_len":11852.262606492593,"stop_segment_distance":16.456225432049273}
