{"route_id":"102","stop_id":"5728","stop_lat":34.014473,"stop_lon":-118.308748,"stop_sequence":41,"segment_first_lat":34.0137200812,"segment_first_lon":-118.3089005234,"segment_second_lat":34.0144729966,"segment_second_lon":-118.3089006621,"segment_sequence":400004,"segment_id":20,"segment_len_meter":83.72037364855768,"segment_cum_len":14491.57625854604,"stop_segment_distance":15.243172599041287}
{"route_id":"108","stop_id":"6259","stop_lat":33.98907,"stop_lon":-118.213009,"stop_sequence":58,"segment_first_lat":33.9891942738,"segment_first_lon":-118.2157439476,"segment_second_lat":33.9891969339,"segment_second_lon":-118.2130092421,"segment_sequence":570001,"segment_id":29,"segment_len_meter":252.13043748098275,"segment_cum_len":19729.03535902161,"stop_segment_distance":14.515122792400547}
{"route_id":"110","stop_id":"2108","stop_lat":33.974051,"stop_lon":-118.150516,"stop_sequence":82,"segment_first_lat":33.9742835641,"segment_first_lon":-118.1514793123,"segment_second_lat":33.9741801037,"segment_second_lon":-118.1504942787,"segment_sequence":810003,"segment_id":41,"segment_len_meter":91.55826447115179,"segment_cum_len":28161.99805249355,"stop_segment_distance":15.453802307457835}
{"route_id":"128","stop_id":"17243","stop_lat":33.889285,"stop_lon":-118.171672,"stop_sequence":32,"segment_first_lat":33.8891536975,"segment_first_lon":-118.171249551,"segment_second_lat":33.8891569445,"segment_second_lon":-118.1716713008,"segment_sequence":310003,"segment_id":16,"segment_len_meter":38.931243997556585,"segment_cum_len":15463.697276699982,"stop_segment_distance":16.945787094031765}
{"route_id":"128","stop_id":"17254","stop_lat":33.888737,"stop_lon":-118.211973,"stop_sequence":43,"segment_first_lat":33.8886152063,"segment_first_lon":-118.2110469321,"segment_second_lat":33.8886113833,"segment_second_lon":-118.2119727753,"segment_sequence":420003,"segment_id":21,"segment_len_meter":85.46145693732306,"segment_cum_len":19187.036593510926,"stop_segment_distance":15.053729328007606}
{"route_id":"130","stop_id":"11927","stop_lat":33.844843,"stop_lon":-118.39094,"stop_sequence":82,"segment_first_lat":33.8453972219,"segment_first_lon":-118.3913440989,"segment_second_lat":33.8449287453,"segment_second_lon":-118.3908271934,"segment_sequence":810008,"segment_id":41,"segment_len_meter":70.65740142546905,"segment_cum_len":37914.95375964605,"stop_segment_distance":15.51071436446729}
{"route_id":"152","stop_id":"10785","stop_lat":34.231541,"stop_lon":-118.367971,"stop_sequence":23,"segment_first_lat":34.2302834922,"segment_first_lon":-118.3668567742,"segment_second_lat":34.2314591495,"segment_second_lon":-118.36808737,"segment_sequence":220002,"segment_id":11,"segment_len_meter":172.88332960640932,"segment_cum_len":8757.217507611414,"stop_segment_distance":14.497058856425127}
{"route_id":"154","stop_id":"15885","stop_lat":34.176727,"stop_lon":-118.344572,"stop_sequence":12,"segment_first_lat":34.1767223604,"segment_first_lon":-118.3441755992,"segment_second_lat":34.1766079082,"segment_second_lon":-118.3445143459,"segment_sequence":110007,"segment_id":6,"segment_len_meter":33.660751605521696,"segment_cum_len":5259.403737111433,"stop_segment_distance":17.073844854912153}
{"route_id":"155","stop_id":"4503","stop_lat":34.152101,"stop_lon":-118.352896,"stop_sequence":36,"segment_first_lat":34.1522219573,"segment_first_lon":-118.3537822301,"segment_second_lat":34.1522267443,"segment_second_lon":-118.3528964414,"segment_sequence":350005,"segment_id":18,"segment_len_meter":81.51134775513643,"segment_cum_len":14161.070670015624,"stop_segment_distance":15.122806013131068}
{"route_id":"163","stop_id":"6184","stop_lat":34.201064,"stop_lon":-118.479464,"stop_sequence":38,"segment_first_lat":34.2011711905,"segment_first_lon":-118.4836616892,"segment_second_lat":34.2011906443,"segment_second_lon":-118.4794649493,"segment_sequence":370002,"segment_id":19,"segment_len_meter":385.9629212794946,"segment_cum_len":14037.29076477792,"stop_segment_distance":14.347960634932178}
{"route_id":"165","stop_id":"11814","stop_lat":34.180283,"stop_lon":-118.310915,"stop_sequence":83,"segment_first_lat":34.1803400456,"segment_first_lon":-118.3108580305,"segment_second_lat":34.1797110497,"segment_second_lon":-118.3100036461,"segment_sequence":830001,"segment_id":42,"segment_len_meter":105.20821912579758,"segment_cum_len":31936.626496181172,"stop_segment_distance":8.247717873435292}
{"route_id":"166","stop_id":"12629","stop_lat":34.251475,"stop_lon":-118.412961,"stop_sequence":57,"segment_first_lat":34.2492711233,"segment_first_lon":-118.4162161041,"segment_second_lat":34.2515714805,"segment_second_lon":-118.4130596791,"segment_sequence":560002,"segment_id":28,"segment_len_meter":386.7731956383202,"segment_cum_len":23711.508984645185,"stop_segment_distance":14.011685478849472}
{"route_id":"169","stop_id":"6069","stop_lat":34.205561,"stop_lon":-118.409618,"stop_sequence":112,"segment_first_lat":34.2057029955,"segment_first_lon":-118.4098538521,"segment_second_lat":34.2056563448,"segment_second_lon":-118.4095916788,"segment_sequence":1110004,"segment_id":56,"segment_len_meter":24.661436192151378,"segment_cum_len":44595.58652400954,"stop_segment_distance":13.040818182868357}
{"route_id":"18","stop_id":"9423","stop_lat":34.038149,"stop_lon":-118.238606,"stop_sequence":33,"segment_first_lat":34.0389239656,"segment_first_lon":-118.2397796382,"segment_second_lat":34.0382303835,"segment_second_lon":-118.2385415224,"segment_sequence":320005,"segment_id":16,"segment_len_meter":137.70616269305788,"segment_cum_len":7964.354341072078,"stop_segment_distance":11.395969710128469}
{"route_id":"180","stop_id":"2495","stop_lat":34.101582,"stop_lon":-118.313794,"stop_sequence":5,"segment_first_lat":34.1017002004,"segment_first_lon":-118.314732071,"segment_second_lat":34.1017073116,"segment_second_lon":-118.3137939731,"segment_sequence":40011,"segment_id":2,"segment_len_meter":86.37828401176633,"segment_cum_len":1526.714422182227,"stop_segment_distance":14.922267565230925}
{"route_id":"20","stop_id":"16713","stop_lat":34.060696,"stop_lon":-118.281492,"stop_sequence":14,"segment_first_lat":34.06058233,"segment_first_lon":-118.2815643767,"segment_second_lat":34.0609193749,"segment_second_lon":-118.2823215871,"segment_sequence":140001,"segment_id":7,"segment_len_meter":79.18396634455985,"segment_cum_len":4410.044334977759,"stop_segment_distance":15.461877893959084}
{"route_id":"201","stop_id":"142133","stop_lat":34.146422,"stop_lon":-118.254075,"stop_sequence":11,"segment_first_lat":34.1462964692,"segment_first_lon":-118.2540745158,"segment_second_lat":34.14628794,"segment_second_lon":-118.2549932833,"segment_sequence":110001,"segment_id":6,"segment_len_meter":84.55555072494785,"segment_cum_len":2789.6608967140423,"stop_segment_distance":15.213225964565353}
{"route_id":"206","stop_id":"12293","stop_lat":34.080627,"stop_lon":-118.300558,"stop_sequence":13,"segment_first_lat":34.0806273896,"segment_first_lon":-118.3004394761,"segment_second_lat":34.0799404357,"segment_second_lon":-118.3004333759,"segment_sequence":130001,"segment_id":7,"segment_len_meter":76.38785454459305,"segment_cum_len":3940.8222608095625,"stop_segment_distance":11.728382396472185}
{"route_id":"212","stop_id":"140999","stop_lat":34.038673,"stop_lon":-118.348503,"stop_sequence":33,"segment_first_lat":34.0389402014,"segment_first_lon":-118.3482200891,"segment_second_lat":34.0386281781,"segment_second_lon":-118.3483636945,"segment_sequence":320007,"segment_id":16,"segment_len_meter":37.13303136395404,"segment_cum_len":9237.194567105678,"stop_segment_distance":16.162776880964707}
{"route_id":"217","stop_id":"13421","stop_lat":34.062579,"stop_lon":-118.361803,"stop_sequence":27,"segment_first_lat":34.0625171507,"segment_first_lon":-118.3616284244,"segment_second_lat":34.0619821421,"segment_second_lon":-118.3619024633,"segment_sequence":270001,"segment_id":14,"segment_len_meter":64.62455082255492,"segment_cum_len":7947.860392352986,"stop_segment_distance":19.86268896356816}
{"route_id":"234","stop_id":"14525","stop_lat":34.182757,"stop_lon":-118.466335,"stop_sequence":58,"segment_first_lat":34.1827574421,"segment_first_lon":-118.4661798452,"segment_second_lat":34.1824414544,"segment_second_lon":-118.4661744447,"segment_sequence":580001,"segment_id":29,"segment_len_meter":35.13974072882271,"segment_cum_len":21929.069141414937,"stop_segment_distance":17.201054016576954}
{"route_id":"234","stop_id":"2056","stop_lat":34.310432,"stop_lon":-118.433913,"stop_sequence":10,"segment_first_lat":34.3103390947,"segment_first_lon":-118.4340159953,"segment_second_lat":34.311506168,"segment_second_lon":-118.435535129,"segment_sequence":100001,"segment_id":5,"segment_len_meter":190.5479875328572,"segment_cum_len":3207.197718973105,"stop_segment_distance":14.41289564591898}
{"route_id":"236","stop_id":"347","stop_lat":34.213304,"stop_lon":-118.500978,"stop_sequence":14,"segment_first_lat":34.2133035355,"segment_first_lon":-118.5011304299,"segment_second_lat":34.2142487914,"segment_second_lon":-118.5011361026,"segment_sequence":140001,"segment_id":7,"segment_len_meter":105.10895476455678,"segment_cum_len":5998.881720901759,"stop_segment_distance":14.964604446919296}
{"route_id":"246","stop_id":"3388","stop_lat":33.782745,"stop_lon":-118.262504,"stop_sequence":38,"segment_first_lat":33.781236364,"segment_first_lon":-118.2625353706,"segment_second_lat":33.7827369516,"segment_second_lon":-118.2626558968,"segment_sequence":370003,"segment_id":19,"segment_len_meter":167.22912823023393,"segment_cum_len":11149.74483645089,"stop_segment_distance":14.615375972193306}
{"route_id":"258","stop_id":"142425","stop_lat":33.89654,"stop_lon":-118.168965,"stop_sequence":82,"segment_first_lat":33.8982222219,"segment_first_lon":-118.1688230215,"segment_second_lat":33.8965405605,"segment_second_lon":-118.1688137032,"segment_sequence":810006,"segment_id":41,"segment_len_meter":186.99419381774646,"segment_cum_len":32750.362609325708,"stop_segment_distance":14.483149747824484}
{"route_id":"260","stop_id":"11858","stop_lat":34.094767,"stop_lon":-118.1348,"stop_sequence":33,"segment_first_lat":34.0956187929,"segment_first_lon":-118.1346523099,"segment_second_lat":34.0947669587,"segment_second_lon":-118.1346479656,"segment_sequence":320004,"segment_id":16,"segment_len_meter":94.720486098513,"segment_cum_len":11607.116202429781,"stop_segment_distance":14.96551518118335}
{"route_id":"265","stop_id":"142220","stop_lat":33.926971,"stop_lon":-118.149581,"stop_sequence":36,"segment_first_lat":33.9270401375,"segment_first_lon":-118.1497088063,"segment_second_lat":33.9280707218,"segment_second_lon":-118.1489267642,"segment_sequence":360001,"segment_id":18,"segment_len_meter":135.41918474729647,"segment_cum_len":13899.569340158501,"stop_segment_distance":15.027567847919954}
{"route_id":"266","stop_id":"5443","stop_lat":34.1426,"stop_lon":-118.073178,"stop_sequence":76,"segment_first_lat":34.1425969167,"segment_first_lon":-118.0733303518,"segment_second_lat":34.1428854389,"segment_second_lon":-118.0733372147,"segment_sequence":760001,"segment_id":38,"segment_len_meter":32.088421192652675,"segment_cum_len":37047.23596270602,"stop_segment_distance":16.894947011017308}
{"route_id":"344","stop_id":"2418","stop_lat":33.748496,"stop_lon":-118.393734,"stop_sequence":6,"segment_first_lat":33.7480120625,"segment_first_lon":-118.3946071898,"segment_second_lat":33.7485916172,"segment_second_lon":-118.3938392132,"segment_sequence":50015,"segment_id":3,"segment_len_meter":95.88877515261352,"segment_cum_len":1804.6471259340822,"stop_segment_distance":15.544752580079177}
{"route_id":"460","stop_id":"13561","stop_lat":34.05007,"stop_lon":-118.254268,"stop_sequence":5,"segment_first_lat":34.0499951488,"segment_first_lon":-118.2541438916,"segment_second_lat":34.0487488543,"segment_second_lon":-118.2552506161,"segment_sequence":50001,"segment_id":3,"segment_len_meter":172.05082196617218,"segment_cum_len":1511.3313021560716,"stop_segment_distance":14.650724920160286}
{"route_id":"51","stop_id":"15754","stop_lat":34.046635,"stop_lon":-118.255819,"stop_sequence":19,"segment_first_lat":34.0473006442,"segment_first_lon":-118.2565864458,"segment_second_lat":34.0467339401,"segment_second_lon":-118.2557237862,"segment_sequence":180002,"segment_id":9,"segment_len_meter":101.42937623753821,"segment_cum_len":4484.080494271392,"stop_segment_distance":15.003587323673813}
{"route_id":"534","stop_id":"12722","stop_lat":34.021715,"stop_lon":-118.802696,"stop_sequence":33,"segment_first_lat":34.0215404318,"segment_first_lon":-118.8025561712,"segment_second_lat":34.0215971765,"segment_second_lon":-118.8027421856,"segment_sequence":320022,"segment_id":16,"segment_len_meter":18.267640779107097,"segment_cum_len":32580.67742721235,"stop_segment_distance":18.807211165445757}
{"route_id":"734","stop_id":"14532","stop_lat":34.235261,"stop_lon":-118.467727,"stop_sequence":7,"segment_first_lat":34.2352592242,"segment_first_lon":-118.4675731183,"segment_second_lat":34.2325851032,"segment_second_lon":-118.4676090917,"segment_sequence":70001,"segment_id":4,"segment_len_meter":297.36707791144556,"segment_cum_len":8983.774463715334,"stop_segment_distance":14.523958354564229}
{"route_id":"81","stop_id":"12000","stop_lat":34.086658,"stop_lon":-118.218961,"stop_sequence":39,"segment_first_lat":34.0871627297,"segment_first_lon":-118.218074059,"segment_second_lat":34.0865639257,"segment_second_lon":-118.2188575374,"segment_sequence":380007,"segment_id":19,"segment_len_meter":98.17926528776806,"segment_cum_len":11264.226560992549,"stop_segment_distance":15.072327674092378}
{"route_id":"81","stop_id":"13448","stop_lat":33.980782,"stop_lon":-118.28281,"stop_sequence":81,"segment_first_lat":33.9813376237,"segment_first_lon":-118.2826569006,"segment_second_lat":33.9807825542,"segment_second_lon":-118.2826576658,"segment_sequence":800003,"segment_id":40,"segment_len_meter":61.7209526627355,"segment_cum_len":25817.208936737767,"stop_segment_distance":15.700007808076464}
{"route_id":"90","stop_id":"3363","stop_lat":34.18404,"stop_lon":-118.229202,"stop_sequence":47,"segment_first_lat":34.1840407582,"segment_first_lon":-118.2290463218,"segment_second_lat":34.1830185586,"segment_second_lon":-118.2290405432,"segment_sequence":470001,"segment_id":24,"segment_len_meter":113.66465241319574,"segment_cum_len":14719.574363499152,"stop_segment_distance":15.201574621075736}
{"route_id":"92","stop_id":"10790","stop_lat":34.24643,"stop_lon":-118.383704,"stop_sequence":99,"segment_first_lat":34.245298333,"segment_first_lon":-118.3827097397,"segment_second_lat":34.2463480836,"segment_second_lon":-118.3838200854,"segment_sequence":980002,"segment_id":49,"segment_len_meter":155.0528414809197,"segment_cum_len":32194.357813517407,"stop_segment_distance":14.497018663591149}
{"route_id":"92","stop_id":"2213","stop_lat":34.108316,"stop_lon":-118.263599,"stop_sequence":33,"segment_first_lat":34.1080190448,"segment_first_lon":-118.263591205,"segment_second_lat":34.1082845024,"segment_second_lon":-118.2637112986,"segment_sequence":320008,"segment_id":16,"segment_len_meter":31.520396200073595,"segment_cum_len":9332.501404222357,"stop_segment_distance":12.423430848917992}
