{"route_id":"115","stop_id":"1906","stop_lat":33.948989,"stop_lon":-118.16483,"stop_sequence":69,"segment_first_lat":33.9491158543,"segment_first_lon":-118.164809991,"segment_second_lat":33.9488925758,"segment_second_lon":-118.1626966942,"segment_sequence":690001,"segment_id":35,"segment_len_meter":196.5053801849589,"segment_cum_len":22009.37444502712,"stop_segment_distance":14.788735531714593}
{"route_id":"115","stop_id":"1930","stop_lat":33.953583,"stop_lon":-118.201081,"stop_sequence":63,"segment_first_lat":33.9537363347,"segment_first_lon":-118.2013913163,"segment_second_lat":33.9537091288,"segment_second_lon":-118.2010631586,"segment_sequence":620009,"segment_id":31,"segment_len_meter":30.418415666792328,"segment_cum_len":18425.962655139057,"stop_segment_distance":17.018212528691166}
{"route_id":"115","stop_id":"1934","stop_lat":33.946606,"stop_lon":-118.145445,"stop_sequence":72,"segment_first_lat":33.9468014204,"segment_first_lon":-118.1455277457,"segment_second_lat":33.9467103889,"segment_second_lon":-118.1453643795,"segment_sequence":710013,"segment_id":36,"segment_len_meter":18.15334235697831,"segment_cum_len":23649.167765931863,"stop_segment_distance":18.663374603747204}
{"route_id":"120","stop_id":"11439","stop_lat":33.92689,"stop_lon":-118.012215,"stop_sequence":11,"segment_first_lat":33.9267694692,"segment_first_lon":-118.0121769121,"segment_second_lat":33.9260032676,"segment_second_lon":-118.0154839918,"segment_sequence":110001,"segment_id":6,"segment_len_meter":316.79762061948526,"segment_cum_len":4028.997297949576,"stop_segment_distance":14.377493981745658}
{"route_id":"128","stop_id":"17217","stop_lat":33.888019,"stop_lon":-118.046904,"stop_sequence":7,"segment_first_lat":33.8878892928,"segment_first_lon":-118.0469038826,"segment_second_lat":33.8878722228,"segment_second_lon":-118.0490586815,"segment_sequence":70001,"segment_id":4,"segment_len_meter":198.91050826611863,"segment_cum_len":4114.29664534878,"stop_segment_distance":15.07126146689913}
{"route_id":"128","stop_id":"17221","stop_lat":33.887816,"stop_lon":-118.069276,"stop_sequence":10,"segment_first_lat":33.8877293243,"segment_first_lon":-118.0663069217,"segment_second_lat":33.8876886373,"segment_second_lon":-118.0692722162,"segment_sequence":90003,"segment_id":5,"segment_len_meter":273.7532167777161,"segment_cum_len":5980.271277294658,"stop_segment_distance":14.647482915710839}
{"route_id":"150","stop_id":"6568","stop_lat":34.171696,"stop_lon":-118.605957,"stop_sequence":11,"segment_first_lat":34.1719686476,"segment_first_lon":-118.60580056,"segment_second_lat":34.171694084,"segment_second_lon":-118.6058098098,"segment_sequence":100006,"segment_id":5,"segment_len_meter":30.541936450177058,"segment_cum_len":3474.8437212472945,"stop_segment_distance":16.5606889481754}
{"route_id":"154","stop_id":"11303","stop_lat":34.173917,"stop_lon":-118.379847,"stop_sequence":29,"segment_first_lat":34.1739851987,"segment_first_lon":-118.3800555509,"segment_second_lat":34.1723744097,"segment_second_lon":-118.3790848382,"segment_sequence":240002,"segment_id":12,"segment_len_meter":200.13948835320127,"segment_cum_len":9926.399564589417,"stop_segment_distance":5.796312059774436}
{"route_id":"154","stop_id":"12659","stop_lat":34.17954,"stop_lon":-118.374457,"stop_sequence":20,"segment_first_lat":34.1794417826,"segment_first_lon":-118.3741190501,"segment_second_lat":34.1794407389,"segment_second_lon":-118.3744562918,"segment_sequence":190005,"segment_id":10,"segment_len_meter":31.022940854248915,"segment_cum_len":8228.07810204657,"stop_segment_distance":12.964982083355416}
{"route_id":"155","stop_id":"18049","stop_lat":34.15752,"stop_lon":-118.427014,"stop_sequence":11,"segment_first_lat":34.1576182672,"segment_first_lon":-118.4279072164,"segment_second_lat":34.1576192241,"segment_second_lon":-118.4270147418,"segment_sequence":100005,"segment_id":5,"segment_len_meter":82.119664523195,"segment_cum_len":3409.909496962758,"stop_segment_distance":11.824836408134772}
{"route_id":"158","stop_id":"9561","stop_lat":34.2574,"stop_lon":-118.562147,"stop_sequence":66,"segment_first_lat":34.2572777055,"segment_first_lon":-118.5613681976,"segment_second_lat":34.2572762949,"segment_second_lon":-118.5621459086,"segment_sequence":650002,"segment_id":33,"segment_len_meter":71.47541964476403,"segment_cum_len":26258.83974870315,"stop_segment_distance":15.136156583246901}
{"route_id":"161","stop_id":"8669","stop_lat":34.150655,"stop_lon":-118.825446,"stop_sequence":54,"segment_first_lat":34.1505732328,"segment_first_lon":-118.8254948739,"segment_second_lat":34.1510594945,"segment_second_lon":-118.8266396761,"segment_sequence":540001,"segment_id":27,"segment_len_meter":118.41132113071644,"segment_cum_len":30556.983672880484,"stop_segment_distance":10.427168201729486}
{"route_id":"164","stop_id":"7172","stop_lat":34.186564,"stop_lon":-118.631827,"stop_sequence":80,"segment_first_lat":34.1864297039,"segment_first_lon":-118.6318259572,"segment_second_lat":34.18642752,"segment_second_lon":-118.6332944264,"segment_sequence":800001,"segment_id":40,"segment_len_meter":135.0729015652741,"segment_cum_len":31927.788640571962,"stop_segment_distance":15.687567271706229}
{"route_id":"167","stop_id":"15456","stop_lat":34.186861,"stop_lon":-118.413862,"stop_sequence":76,"segment_first_lat":34.1884796928,"segment_first_lon":-118.4137439951,"segment_second_lat":34.1868611903,"segment_second_lon":-118.4137419303,"segment_sequence":750002,"segment_id":38,"segment_len_meter":179.9693669737637,"segment_cum_len":30431.481978771284,"stop_segment_distance":11.39224915186918}
{"route_id":"176","stop_id":"11751","stop_lat":34.086082,"stop_lon":-118.077502,"stop_sequence":53,"segment_first_lat":34.0854915931,"segment_first_lon":-118.0763715151,"segment_second_lat":34.0859670353,"segment_second_lon":-118.0775688184,"segment_sequence":520006,"segment_id":26,"segment_len_meter":122.28048985696162,"segment_cum_len":20703.59009185253,"stop_segment_distance":14.985968474202508}
{"route_id":"205","stop_id":"17557","stop_lat":33.732538,"stop_lon":-118.301009,"stop_sequence":5,"segment_first_lat":33.7324645551,"segment_first_lon":-118.3006176819,"segment_second_lat":33.7324674234,"segment_second_lon":-118.3010090513,"segment_sequence":40003,"segment_id":2,"segment_len_meter":36.192939707738375,"segment_cum_len":769.1616358667039,"stop_segment_distance":8.75169100537083}
{"route_id":"205","stop_id":"17561","stop_lat":33.73252,"stop_lon":-118.297082,"stop_sequence":3,"segment_first_lat":33.7324466713,"segment_first_lon":-118.2967533592,"segment_second_lat":33.7324475083,"segment_second_lon":-118.2970822353,"segment_sequence":20006,"segment_id":1,"segment_len_meter":30.41267160906579,"segment_cum_len":406.02538544554636,"stop_segment_distance":9.113639353975202}
{"route_id":"205","stop_id":"8878","stop_lat":33.866715,"stop_lon":-118.266291,"stop_sequence":87,"segment_first_lat":33.8667158165,"segment_first_lon":-118.2661404825,"segment_second_lat":33.8652539748,"segment_second_lon":-118.2661384779,"segment_sequence":880001,"segment_id":44,"segment_len_meter":162.5494859694035,"segment_cum_len":31347.688704299853,"stop_segment_distance":14.415762677833698}
{"route_id":"206","stop_id":"12297","stop_lat":34.088269,"stop_lon":-118.300589,"stop_sequence":10,"segment_first_lat":34.0882691605,"segment_first_lon":-118.300469241,"segment_second_lat":34.0862879737,"segment_second_lon":-118.3004561783,"segment_sequence":100001,"segment_id":5,"segment_len_meter":220.3012052241128,"segment_cum_len":3235.003110128888,"stop_segment_distance":11.346684832183001}
{"route_id":"232","stop_id":"23200005","stop_lat":33.923536,"stop_lon":-118.387744,"stop_sequence":87,"segment_first_lat":33.9236247766,"segment_first_lon":-118.3923851788,"segment_second_lat":33.9236348443,"segment_second_lon":-118.3877441132,"segment_sequence":860001,"segment_id":43,"segment_len_meter":428.22130741888867,"segment_cum_len":35184.197294032136,"stop_segment_distance":11.113982637151878}
{"route_id":"232","stop_id":"23200087","stop_lat":33.789824,"stop_lon":-118.329395,"stop_sequence":43,"segment_first_lat":33.7896183955,"segment_first_lon":-118.3291280592,"segment_second_lat":33.7896972197,"segment_second_lon":-118.3294433149,"segment_sequence":420005,"segment_id":21,"segment_len_meter":30.42344351524826,"segment_cum_len":16458.56340724131,"stop_segment_distance":17.997665507574048}
{"route_id":"236","stop_id":"123618","stop_lat":34.321155,"stop_lon":-118.478916,"stop_sequence":44,"segment_first_lat":34.3213381215,"segment_first_lon":-118.4792084763,"segment_second_lat":34.3212786712,"segment_second_lon":-118.4788852172,"segment_sequence":430021,"segment_id":22,"segment_len_meter":30.41349683045818,"segment_cum_len":20165.143743471275,"stop_segment_distance":17.331010151488208}
{"route_id":"236","stop_id":"320","stop_lat":34.246496,"stop_lon":-118.502283,"stop_sequence":23,"segment_first_lat":34.2462729792,"segment_first_lon":-118.5024368805,"segment_second_lat":34.2464955621,"segment_second_lon":-118.5024362349,"segment_sequence":220007,"segment_id":11,"segment_len_meter":24.75016037682251,"segment_cum_len":9610.480883543478,"stop_segment_distance":17.883577282602854}
{"route_id":"237","stop_id":"521","stop_lat":34.17227,"stop_lon":-118.42175,"stop_sequence":42,"segment_first_lat":34.1721446275,"segment_first_lon":-118.4205760564,"segment_second_lat":34.1721427384,"segment_second_lon":-118.4217496959,"segment_sequence":410002,"segment_id":21,"segment_len_meter":107.97215099447487,"segment_cum_len":15933.946699624428,"stop_segment_distance":15.074594673865576}
{"route_id":"246","stop_id":"205","stop_lat":33.815007,"stop_lon":-118.263708,"stop_sequence":50,"segment_first_lat":33.8146990006,"segment_first_lon":-118.2638778517,"segment_second_lat":33.8150122826,"segment_second_lon":-118.263863694,"segment_sequence":490003,"segment_id":25,"segment_len_meter":34.85991536184774,"segment_cum_len":14742.939951953238,"stop_segment_distance":17.207553885575905}
{"route_id":"251","stop_id":"10452","stop_lat":33.954107,"stop_lon":-118.206299,"stop_sequence":49,"segment_first_lat":33.9542120624,"segment_first_lon":-118.2060649185,"segment_second_lat":33.9512370215,"segment_second_lon":-118.2065146075,"segment_sequence":490002,"segment_id":25,"segment_len_meter":333.3995818842231,"segment_cum_len":18888.63066362724,"stop_segment_distance":10.894891627880611}
{"route_id":"251","stop_id":"11229","stop_lat":33.936161,"stop_lon":-118.208091,"stop_sequence":55,"segment_first_lat":33.9363223146,"segment_first_lon":-118.2083978573,"segment_second_lat":33.9362857829,"segment_second_lon":-118.208071061,"segment_sequence":540003,"segment_id":27,"segment_len_meter":30.420647008508716,"segment_cum_len":20586.98644715016,"stop_segment_distance":17.0892030945352}
{"route_id":"267","stop_id":"1378","stop_lat":34.1405,"stop_lon":-118.13717,"stop_sequence":48,"segment_first_lat":34.1404001952,"segment_first_lon":-118.1371699883,"segment_second_lat":34.1403966789,"segment_second_lon":-118.1383266527,"segment_sequence":480001,"segment_id":24,"segment_len_meter":106.45100659206484,"segment_cum_len":16484.432237011064,"stop_segment_distance":11.714112089234831}
{"route_id":"28","stop_id":"12359","stop_lat":34.07436,"stop_lon":-118.221346,"stop_sequence":40,"segment_first_lat":34.0762320792,"segment_first_lon":-118.2223880081,"segment_second_lat":34.0744054811,"segment_second_lon":-118.2212392801,"segment_sequence":390003,"segment_id":20,"segment_len_meter":229.01297321166027,"segment_cum_len":12154.456972870721,"stop_segment_distance":11.264959662262356}
{"route_id":"28","stop_id":"9507","stop_lat":34.098007,"stop_lon":-118.232401,"stop_sequence":30,"segment_first_lat":34.0980754443,"segment_first_lon":-118.2323256867,"segment_second_lat":34.0976014725,"segment_second_lon":-118.2315910847,"segment_sequence":300002,"segment_id":15,"segment_len_meter":85.74929308602317,"segment_cum_len":8864.473153744231,"stop_segment_distance":11.69560689805391}
{"route_id":"35","stop_id":"16475","stop_lat":34.039996,"stop_lon":-118.333546,"stop_sequence":67,"segment_first_lat":34.0398722995,"segment_first_lon":-118.3324196527,"segment_second_lat":34.0398691954,"segment_second_lon":-118.3335452189,"segment_sequence":660002,"segment_id":33,"segment_len_meter":103.71191053943527,"segment_cum_len":20754.34266172286,"stop_segment_distance":15.079061619223026}
{"route_id":"487","stop_id":"3894","stop_lat":34.147877,"stop_lon":-118.094431,"stop_sequence":37,"segment_first_lat":34.1478803236,"segment_first_lon":-118.0945862315,"segment_second_lat":34.1480174472,"segment_second_lon":-118.0945801071,"segment_sequence":370001,"segment_id":19,"segment_len_meter":15.257861094244186,"segment_cum_len":24506.271727445222,"stop_segment_distance":19.82060224633382}
{"route_id":"53","stop_id":"4843","stop_lat":33.938582,"stop_lon":-118.253998,"stop_sequence":28,"segment_first_lat":33.9382679749,"segment_first_lon":-118.2541524532,"segment_second_lat":33.938581236,"segment_second_lon":-118.2541494473,"segment_sequence":270003,"segment_id":14,"segment_len_meter":34.83414877789566,"segment_cum_len":10991.921730815082,"stop_segment_distance":16.85055978779782}
{"route_id":"60","stop_id":"13131","stop_lat":33.87438,"stop_lon":-118.214872,"stop_sequence":77,"segment_first_lat":33.8742529489,"segment_first_lon":-118.2148716831,"segment_second_lat":33.8742453886,"segment_second_lon":-118.2164858638,"segment_sequence":770001,"segment_id":39,"segment_len_meter":149.02517855370567,"segment_cum_len":24969.540506274338,"stop_segment_distance":14.845701061846995}
{"route_id":"602","stop_id":"3278","stop_lat":34.067435,"stop_lon":-118.460914,"stop_sequence":46,"segment_first_lat":34.0674121355,"segment_first_lon":-118.4610592986,"segment_second_lat":34.0674800624,"segment_second_lon":-118.4609731626,"segment_sequence":450015,"segment_id":23,"segment_len_meter":10.954448406691817,"segment_cum_len":14107.31168884657,"stop_segment_distance":10.071604290598238}
{"route_id":"62","stop_id":"1602","stop_lat":34.018736,"stop_lon":-118.192007,"stop_sequence":27,"segment_first_lat":34.0188626081,"segment_first_lon":-118.1920077865,"segment_second_lat":34.0188660636,"segment_second_lon":-118.1912158001,"segment_sequence":270001,"segment_id":14,"segment_len_meter":72.99387936135642,"segment_cum_len":10346.280986456379,"stop_segment_distance":15.425263474543229}
{"route_id":"685","stop_id":"15428","stop_lat":34.125126,"stop_lon":-118.231876,"stop_sequence":18,"segment_first_lat":34.1271043858,"segment_first_lon":-118.232118897,"segment_second_lat":34.1251467266,"segment_second_lon":-118.231727203,"segment_sequence":170003,"segment_id":9,"segment_len_meter":220.64741553893876,"segment_cum_len":5516.148099541428,"stop_segment_distance":14.361428560894524}
{"route_id":"78","stop_id":"2991","stop_lat":34.108973,"stop_lon":-118.018485,"stop_sequence":85,"segment_first_lat":34.109002972,"segment_first_lon":-118.0191428437,"segment_second_lat":34.1090951238,"segment_second_lon":-118.0185125509,"segment_sequence":840003,"segment_id":42,"segment_len_meter":58.92645737756247,"segment_cum_len":27043.241690693045,"stop_segment_distance":15.544834249194608}
{"route_id":"92","stop_id":"1884","stop_lat":34.15202,"stop_lon":-118.254872,"stop_sequence":51,"segment_first_lat":34.1520199388,"segment_first_lon":-118.2550289526,"segment_second_lat":34.1529487053,"segment_second_lon":-118.255036745,"segment_sequence":510001,"segment_id":26,"segment_len_meter":103.27661209784934,"segment_cum_len":14688.255331606852,"stop_segment_distance":15.54019217540771}
