{"route_id":"10","stop_id":"11700","stop_lat":34.083774,"stop_lon":-118.353053,"stop_sequence":56,"segment_first_lat":34.0836283181,"segment_first_lon":-118.3522271977,"segment_second_lat":34.0836465072,"segment_second_lon":-118.3530562135,"segment_sequence":550002,"segment_id":28,"segment_len_meter":76.37408952846063,"segment_cum_len":15315.82977123567,"stop_segment_distance":15.562938555219986}
{"route_id":"10","stop_id":"11704","stop_lat":34.083622,"stop_lon":-118.334014,"stop_sequence":50,"segment_first_lat":34.0834954198,"segment_first_lon":-118.3340035541,"segment_second_lat":34.08348727,"segment_second_lon":-118.3341683182,"segment_sequence":500001,"segment_id":25,"segment_len_meter":15.20083262451626,"segment_cum_len":13576.072926300927,"stop_segment_distance":19.55687037998873}
{"route_id":"111","stop_id":"1996","stop_lat":33.956976,"stop_lon":-118.137097,"stop_sequence":71,"segment_first_lat":33.9570828364,"segment_first_lon":-118.1370168525,"segment_second_lat":33.9565591689,"segment_second_lon":-118.135981894,"segment_sequence":710001,"segment_id":36,"segment_len_meter":111.81440833041107,"segment_cum_len":26776.76769638946,"stop_segment_distance":14.986961159738243}
{"route_id":"115","stop_id":"7793","stop_lat":33.959764,"stop_lon":-118.385742,"stop_sequence":6,"segment_first_lat":33.9598861785,"segment_first_lon":-118.3871765531,"segment_second_lat":33.9598907741,"segment_second_lon":-118.3857420874,"segment_sequence":50002,"segment_id":3,"segment_len_meter":132.29929100570726,"segment_cum_len":1072.0817417975227,"stop_segment_distance":14.79948936701129}
{"route_id":"120","stop_id":"11146","stop_lat":33.930456,"stop_lon":-118.220643,"stop_sequence":67,"segment_first_lat":33.9304949311,"segment_first_lon":-118.2203166839,"segment_second_lat":33.9303546163,"segment_second_lon":-118.2205625629,"segment_sequence":660008,"segment_id":33,"segment_len_meter":27.532415564875752,"segment_cum_len":28106.41498467979,"stop_segment_distance":16.379931630215918}
{"route_id":"120","stop_id":"14345","stop_lat":33.939736,"stop_lon":-117.993191,"stop_sequence":3,"segment_first_lat":33.9402419897,"segment_first_lon":-117.9930655762,"segment_second_lat":33.9397363871,"segment_second_lon":-117.9930679259,"segment_sequence":20012,"segment_id":1,"segment_len_meter":56.22086187784318,"segment_cum_len":945.1001287201441,"stop_segment_distance":12.573681176375246}
{"route_id":"14","stop_id":"7467","stop_lat":34.032405,"stop_lon":-118.359695,"stop_sequence":6,"segment_first_lat":34.032502455,"segment_first_lon":-118.3602171271,"segment_second_lat":34.0325040097,"segment_second_lon":-118.3596956501,"segment_sequence":50006,"segment_id":3,"segment_len_meter":48.05414720507865,"segment_cum_len":2000.7273338463378,"stop_segment_distance":12.274401601740053}
{"route_id":"150","stop_id":"20254","stop_lat":34.168344,"stop_lon":-118.535285,"stop_sequence":28,"segment_first_lat":34.1684558749,"segment_first_lon":-118.5352298056,"segment_second_lat":34.1683406279,"segment_second_lon":-118.5348819456,"segment_sequence":280001,"segment_id":14,"segment_len_meter":34.47400479345249,"segment_cum_len":10605.150389965005,"stop_segment_distance":16.045997251478624}
{"route_id":"155","stop_id":"18059","stop_lat":34.157542,"stop_lon":-118.379247,"stop_sequence":22,"segment_first_lat":34.1576413859,"segment_first_lon":-118.3792404582,"segment_second_lat":34.1576302947,"segment_second_lon":-118.3790093552,"segment_sequence":220001,"segment_id":11,"segment_len_meter":21.300295067537228,"segment_cum_len":7827.135683687079,"stop_segment_distance":13.736768971760583}
{"route_id":"161","stop_id":"11478","stop_lat":34.140738,"stop_lon":-118.815317,"stop_sequence":48,"segment_first_lat":34.1409736925,"segment_first_lon":-118.8142027203,"segment_second_lat":34.1406208837,"segment_second_lon":-118.8152584992,"segment_sequence":470007,"segment_id":24,"segment_len_meter":104.78595783827764,"segment_cum_len":28347.12971173302,"stop_segment_distance":15.150727718039988}
{"route_id":"164","stop_id":"7158","stop_lat":34.186594,"stop_lon":-118.614967,"stop_sequence":76,"segment_first_lat":34.1864671383,"segment_first_lon":-118.6149659365,"segment_second_lat":34.1864566641,"segment_second_lon":-118.6170225977,"segment_sequence":760001,"segment_id":38,"segment_len_meter":189.1792500475439,"segment_cum_len":30431.030520857843,"stop_segment_distance":14.620855283853984}
{"route_id":"165","stop_id":"6864","stop_lat":34.1938,"stop_lon":-118.470696,"stop_sequence":43,"segment_first_lat":34.1939311496,"segment_first_lon":-118.471658619,"segment_second_lat":34.1939277536,"segment_second_lon":-118.4706962852,"segment_sequence":420005,"segment_id":21,"segment_len_meter":88.51028783766345,"segment_cum_len":16392.928364068564,"stop_segment_distance":15.42406456734814}
{"route_id":"176","stop_id":"3297","stop_lat":34.071801,"stop_lon":-118.057154,"stop_sequence":43,"segment_first_lat":34.0718014045,"segment_first_lon":-118.057065082,"segment_second_lat":34.0714386866,"segment_second_lon":-118.0570648346,"segment_sequence":430001,"segment_id":22,"segment_len_meter":40.332396720799146,"segment_cum_len":16989.26201499602,"stop_segment_distance":8.973670683402041}
{"route_id":"183","stop_id":"11568","stop_lat":34.16478,"stop_lon":-118.379111,"stop_sequence":24,"segment_first_lat":34.1649107706,"segment_first_lon":-118.3820836816,"segment_second_lat":34.1649072094,"segment_second_lon":-118.3791117853,"segment_sequence":230006,"segment_id":12,"segment_len_meter":273.4308700271626,"segment_cum_len":9184.500500692102,"stop_segment_distance":14.60366603911524}
{"route_id":"183","stop_id":"20128","stop_lat":34.164741,"stop_lon":-118.465831,"stop_sequence":4,"segment_first_lat":34.1648663823,"segment_first_lon":-118.4658317598,"segment_second_lat":34.1648669531,"segment_second_lon":-118.4651838316,"segment_sequence":40001,"segment_id":2,"segment_len_meter":59.6129733375992,"segment_cum_len":1265.3623133412787,"stop_segment_distance":15.497107187742415}
{"route_id":"2","stop_id":"5132","stop_lat":34.036264,"stop_lon":-118.263425,"stop_sequence":90,"segment_first_lat":34.036798554,"segment_first_lon":-118.2628519578,"segment_second_lat":34.036208104,"segment_second_lon":-118.2633257291,"segment_sequence":890004,"segment_id":45,"segment_len_meter":78.84419404438863,"segment_cum_len":27499.374105164366,"stop_segment_distance":11.72116669816674}
{"route_id":"202","stop_id":"13925","stop_lat":33.867347,"stop_lon":-118.212845,"stop_sequence":26,"segment_first_lat":33.8673603211,"segment_first_lon":-118.2126882051,"segment_second_lat":33.8672232255,"segment_second_lon":-118.2126763283,"segment_sequence":260001,"segment_id":13,"segment_len_meter":15.283723887601957,"segment_cum_len":11074.143156714408,"stop_segment_distance":20.051846988432736}
{"route_id":"206","stop_id":"13775","stop_lat":33.947136,"stop_lon":-118.300379,"stop_sequence":61,"segment_first_lat":33.9477519935,"segment_first_lon":-118.3002626366,"segment_second_lat":33.9471364796,"segment_second_lon":-118.3002604304,"segment_sequence":600003,"segment_id":30,"segment_len_meter":68.44232550522585,"segment_cum_len":18753.63857891603,"stop_segment_distance":11.8261670272814}
{"route_id":"211","stop_id":"13682","stop_lat":33.962019,"stop_lon":-118.350281,"stop_sequence":28,"segment_first_lat":33.96201839,"segment_first_lon":-118.3503660101,"segment_second_lat":33.9629883419,"segment_second_lon":-118.3503809503,"segment_sequence":280001,"segment_id":14,"segment_len_meter":107.86253135821453,"segment_cum_len":9562.077635368698,"stop_segment_distance":8.157249127291792}
{"route_id":"212","stop_id":"7826","stop_lat":33.959698,"stop_lon":-118.344158,"stop_sequence":60,"segment_first_lat":33.9598743233,"segment_first_lon":-118.3439374751,"segment_second_lat":33.9586158084,"segment_second_lon":-118.3439356049,"segment_sequence":600002,"segment_id":30,"segment_len_meter":139.94057828778898,"segment_cum_len":19756.861358596525,"stop_segment_distance":10.379290233206575}
{"route_id":"236","stop_id":"123606","stop_lat":34.307395,"stop_lon":-118.502424,"stop_sequence":38,"segment_first_lat":34.3072869454,"segment_first_lon":-118.502552739,"segment_second_lat":34.3073583038,"segment_second_lon":-118.5025736998,"segment_sequence":370021,"segment_id":19,"segment_len_meter":8.164919957118924,"segment_cum_len":16450.21081441674,"stop_segment_distance":23.035483787402697}
{"route_id":"243","stop_id":"16793","stop_lat":34.189458,"stop_lon":-118.571117,"stop_sequence":33,"segment_first_lat":34.189458255,"segment_first_lon":-118.5709626475,"segment_second_lat":34.1886092125,"segment_second_lon":-118.5709492384,"segment_sequence":330001,"segment_id":17,"segment_len_meter":94.41727442067275,"segment_cum_len":15433.024583685543,"stop_segment_distance":15.413826689873787}
{"route_id":"256","stop_id":"10202","stop_lat":34.086554,"stop_lon":-118.184088,"stop_sequence":41,"segment_first_lat":34.0865560499,"segment_first_lon":-118.1842100973,"segment_second_lat":34.0868728978,"segment_second_lon":-118.1841979149,"segment_sequence":410001,"segment_id":21,"segment_len_meter":35.249736475140224,"segment_cum_len":12330.994405477957,"stop_segment_distance":12.87283001291732}
{"route_id":"258","stop_id":"32188","stop_lat":33.92276,"stop_lon":-118.16912,"stop_sequence":77,"segment_first_lat":33.9227720273,"segment_first_lon":-118.1689641166,"segment_second_lat":33.9226035981,"segment_second_lon":-118.1689545476,"segment_sequence":770001,"segment_id":39,"segment_len_meter":18.74927273480843,"segment_cum_len":29852.127734227073,"stop_segment_distance":18.836833243602264}
{"route_id":"260","stop_id":"2546","stop_lat":34.104669,"stop_lon":-118.137815,"stop_sequence":29,"segment_first_lat":34.1047745965,"segment_first_lon":-118.1379030299,"segment_second_lat":34.1048508691,"segment_second_lon":-118.1377657356,"segment_sequence":290001,"segment_id":15,"segment_len_meter":15.222334682794065,"segment_cum_len":10012.853839762754,"stop_segment_distance":19.770488604508564}
{"route_id":"266","stop_id":"17869","stop_lat":34.013754,"stop_lon":-118.079744,"stop_sequence":47,"segment_first_lat":34.0137844363,"segment_first_lon":-118.0798912913,"segment_second_lat":34.0149711875,"segment_second_lon":-118.079547593,"segment_sequence":470001,"segment_id":24,"segment_len_meter":135.70979991452032,"segment_cum_len":22093.895589687596,"stop_segment_distance":14.831847733663153}
{"route_id":"28","stop_id":"16138","stop_lat":34.057531,"stop_lon":-118.353372,"stop_sequence":83,"segment_first_lat":34.0573881261,"segment_first_lon":-118.3524633803,"segment_second_lat":34.0574041486,"segment_second_lon":-118.3533746648,"segment_sequence":820005,"segment_id":41,"segment_len_meter":83.96865245744587,"segment_cum_len":26814.266202399656,"stop_segment_distance":15.33721926508629}
{"route_id":"40","stop_id":"11250","stop_lat":34.011024,"stop_lon":-118.326778,"stop_sequence":36,"segment_first_lat":34.0108910494,"segment_first_lon":-118.326173768,"segment_second_lat":34.0108971012,"segment_second_lon":-118.3267809315,"segment_sequence":350009,"segment_id":18,"segment_len_meter":55.968095180165584,"segment_cum_len":13670.642981202778,"stop_segment_distance":15.767468838416427}
{"route_id":"602","stop_id":"6397","stop_lat":34.046956,"stop_lon":-118.512992,"stop_sequence":21,"segment_first_lat":34.0468591945,"segment_first_lon":-118.5131927631,"segment_second_lat":34.0469993309,"segment_second_lon":-118.5131295809,"segment_sequence":200013,"segment_id":10,"segment_len_meter":16.6342875974883,"segment_cum_len":5924.83149746526,"stop_segment_distance":18.327589635958258}
{"route_id":"605","stop_id":"142326","stop_lat":34.04385,"stop_lon":-118.209488,"stop_sequence":15,"segment_first_lat":34.0439094834,"segment_first_lon":-118.2096224324,"segment_second_lat":34.0450376355,"segment_second_lon":-118.2088996968,"segment_sequence":150001,"segment_id":8,"segment_len_meter":142.0234673538389,"segment_cum_len":4427.857118876071,"stop_segment_distance":14.768571295704334}
{"route_id":"605","stop_id":"17158","stop_lat":34.03575,"stop_lon":-118.200526,"stop_sequence":11,"segment_first_lat":34.0354896977,"segment_first_lon":-118.2002645111,"segment_second_lat":34.0356361556,"segment_second_lon":-118.200597566,"segment_sequence":100007,"segment_id":5,"segment_len_meter":34.74295598512552,"segment_cum_len":2704.1094806620313,"stop_segment_distance":17.19164285665579}
{"route_id":"62","stop_id":"13197","stop_lat":34.028749,"stop_lon":-118.220727,"stop_sequence":18,"segment_first_lat":34.0290738178,"segment_first_lon":-118.2205431957,"segment_second_lat":34.0287335042,"segment_second_lon":-118.2206132568,"segment_sequence":170019,"segment_id":9,"segment_len_meter":38.38797993389435,"segment_cum_len":6988.335734523215,"stop_segment_distance":12.127130017278127}
{"route_id":"62","stop_id":"5804","stop_lat":33.909313,"stop_lon":-118.075904,"stop_sequence":55,"segment_first_lat":33.909244483,"segment_first_lon":-118.0757742343,"segment_second_lat":33.9086179476,"segment_second_lon":-118.0762564777,"segment_sequence":550001,"segment_id":28,"segment_len_meter":82.66858373231457,"segment_cum_len":28637.600141580453,"stop_segment_distance":15.37718549675023}
{"route_id":"66","stop_id":"9771","stop_lat":34.022538,"stop_lon":-118.207147,"stop_sequence":39,"segment_first_lat":34.0228016135,"segment_first_lon":-118.2074845422,"segment_second_lat":34.0226258759,"segment_second_lon":-118.2070913915,"segment_sequence":380004,"segment_id":19,"segment_len_meter":41.16640056996568,"segment_cum_len":12036.746363852344,"stop_segment_distance":12.60991487985708}
{"route_id":"70","stop_id":"2179","stop_lat":34.062482,"stop_lon":-118.10392,"stop_sequence":54,"segment_first_lat":34.0626080411,"segment_first_lon":-118.1048013493,"segment_second_lat":34.0626088029,"segment_second_lon":-118.103919797,"segment_sequence":530007,"segment_id":27,"segment_len_meter":81.20579654783216,"segment_cum_len":18440.559899920343,"stop_segment_distance":15.281986631032723}
{"route_id":"733","stop_id":"9131","stop_lat":34.037637,"stop_lon":-118.374132,"stop_sequence":22,"segment_first_lat":34.0386133468,"segment_first_lon":-118.3721229078,"segment_second_lat":34.0375299585,"segment_second_lon":-118.3740470361,"segment_sequence":210003,"segment_id":11,"segment_len_meter":214.3505625196509,"segment_cum_len":16613.29565569482,"stop_segment_distance":14.505773987052208}
{"route_id":"770","stop_id":"14915","stop_lat":34.033504,"stop_lon":-118.265139,"stop_sequence":1,"segment_first_lat":34.0334863029,"segment_first_lon":-118.2651011163,"segment_second_lat":34.0331273498,"segment_second_lon":-118.2653884468,"segment_sequence":10001,"segment_id":1,"segment_len_meter":47.897240942126935,"segment_cum_len":47.897240942126935,"stop_segment_distance":3.884916869835486}
{"route_id":"770","stop_id":"16168","stop_lat":34.042533,"stop_lon":-118.259189,"stop_sequence":4,"segment_first_lat":34.0425908205,"segment_first_lon":-118.2592771048,"segment_second_lat":34.0437304298,"segment_second_lon":-118.2582193768,"segment_sequence":40001,"segment_id":2,"segment_len_meter":159.86082590697936,"segment_cum_len":1683.6985043831828,"stop_segment_distance":10.837702469735802}
{"route_id":"92","stop_id":"5102","stop_lat":34.179621,"stop_lon":-118.30104,"stop_sequence":68,"segment_first_lat":34.1793086955,"segment_first_lon":-118.3006684019,"segment_second_lat":34.1795106584,"segment_second_lon":-118.3011128384,"segment_sequence":670005,"segment_id":34,"segment_len_meter":46.64538835575366,"segment_cum_len":20449.23463911823,"stop_segment_distance":16.06248948053468}
{"route_id":"92","stop_id":"7672","stop_lat":34.16027,"stop_lon":-118.271108,"stop_sequence":58,"segment_first_lat":34.1601411571,"segment_first_lon":-118.271131658,"segment_second_lat":34.1601702066,"segment_second_lon":-118.2714114029,"segment_sequence":580001,"segment_id":29,"segment_len_meter":25.941388806131073,"segment_cum_len":16941.001593665354,"stop_segment_distance":18.59052811512821}
{"route_id":"94","stop_id":"3253","stop_lat":34.20827,"stop_lon":-118.353458,"stop_sequence":29,"segment_first_lat":34.2091781281,"segment_first_lon":-118.3544799583,"segment_second_lat":34.2083977895,"segment_second_lon":-118.3533315962,"segment_sequence":280002,"segment_id":14,"segment_len_meter":136.67649933306618,"segment_cum_len":13268.254132254593,"stop_segment_distance":19.625427317065743}
{"route_id":"96","stop_id":"10802","stop_lat":34.039169,"stop_lon":-118.264358,"stop_sequence":54,"segment_first_lat":34.0394065045,"segment_first_lon":-118.2640088254,"segment_second_lat":34.0391026539,"segment_second_lon":-118.2642309995,"segment_sequence":530004,"segment_id":27,"segment_len_meter":39.5047309558127,"segment_cum_len":24632.13689666264,"stop_segment_distance":15.953210856755355}
