{"route_id":"102","stop_id":"3731","stop_lat":33.974646,"stop_lon":-118.255839,"stop_sequence":76,"segment_first_lat":33.9747751362,"segment_first_lon":-118.2558365113,"segment_second_lat":33.9747612677,"segment_second_lon":-118.2519808229,"segment_sequence":760002,"segment_id":38,"segment_len_meter":355.54464430203666,"segment_cum_len":25584.35680382028,"stop_segment_distance":14.81834244059695}
{"route_id":"106","stop_id":"17313","stop_lat":34.050292,"stop_lon":-118.214905,"stop_sequence":29,"segment_first_lat":34.0500964768,"segment_first_lon":-118.2151483123,"segment_second_lat":34.0503303543,"segment_second_lon":-118.2149749395,"segment_sequence":280005,"segment_id":14,"segment_len_meter":30.51957455542694,"segment_cum_len":10219.377485930585,"stop_segment_distance":8.43530028298299}
{"route_id":"108","stop_id":"7970","stop_lat":33.987463,"stop_lon":-118.362801,"stop_sequence":16,"segment_first_lat":33.9875691415,"segment_first_lon":-118.3630058965,"segment_second_lat":33.9875875808,"segment_second_lon":-118.3628136588,"segment_sequence":150004,"segment_id":8,"segment_len_meter":17.842180765848497,"segment_cum_len":5898.473843868795,"stop_segment_distance":18.33454055752651}
{"route_id":"110","stop_id":"30012","stop_lat":33.987962,"stop_lon":-118.394653,"stop_sequence":4,"segment_first_lat":33.9883192092,"segment_first_lon":-118.3945521776,"segment_second_lat":33.9877639536,"segment_second_lon":-118.394608939,"segment_sequence":30016,"segment_id":2,"segment_len_meter":61.96299722041403,"segment_cum_len":1312.7254350551332,"stop_segment_distance":1.2233799402522365}
{"route_id":"115","stop_id":"10459","stop_lat":33.954358,"stop_lon":-118.208799,"stop_sequence":61,"segment_first_lat":33.9545929582,"segment_first_lon":-118.2098645126,"segment_second_lat":33.9544849296,"segment_second_lon":-118.2087780648,"segment_sequence":600003,"segment_id":30,"segment_len_meter":100.9249187605521,"segment_cum_len":17709.07779887357,"stop_segment_distance":15.010578906708417}
{"route_id":"115","stop_id":"1910","stop_lat":33.923884,"stop_lon":-118.10292,"stop_sequence":84,"segment_first_lat":33.9241479864,"segment_first_lon":-118.1030987207,"segment_second_lat":33.9239880162,"segment_second_lon":-118.1028308695,"segment_sequence":830010,"segment_id":42,"segment_len_meter":30.44967936919756,"segment_cum_len":28320.142335275956,"stop_segment_distance":17.410677138849742}
{"route_id":"125","stop_id":"17363","stop_lat":33.903174,"stop_lon":-118.242575,"stop_sequence":42,"segment_first_lat":33.9032894429,"segment_first_lon":-118.2441040744,"segment_second_lat":33.9032999486,"segment_second_lon":-118.2425750255,"segment_sequence":410005,"segment_id":21,"segment_len_meter":141.12012927438352,"segment_cum_len":16651.10196129456,"stop_segment_distance":14.5851037911888}
{"route_id":"128","stop_id":"17238","stop_lat":33.889364,"stop_lon":-118.151692,"stop_sequence":28,"segment_first_lat":33.8892354057,"segment_first_lon":-118.1516913597,"segment_second_lat":33.8892353725,"segment_second_lon":-118.1534541157,"segment_sequence":280001,"segment_id":14,"segment_len_meter":162.710849620144,"segment_cum_len":13782.075730723504,"stop_segment_distance":14.867572606710837}
{"route_id":"130","stop_id":"13292","stop_lat":33.843463,"stop_lon":-118.389501,"stop_sequence":83,"segment_first_lat":33.8437515612,"segment_first_lon":-118.3895581434,"segment_second_lat":33.8435397583,"segment_second_lon":-118.3893710997,"segment_sequence":820006,"segment_id":41,"segment_len_meter":29.207339511512664,"segment_cum_len":38120.111954087886,"stop_segment_distance":18.033515685868267}
{"route_id":"14","stop_id":"7482","stop_lat":34.03248,"stop_lon":-118.338575,"stop_sequence":11,"segment_first_lat":34.0325766553,"segment_first_lon":-118.3393481887,"segment_second_lat":34.0325788236,"segment_second_lon":-118.3385758735,"segment_sequence":100004,"segment_id":5,"segment_len_meter":71.16879273897969,"segment_cum_len":3946.967878395345,"stop_segment_distance":11.875155821845553}
{"route_id":"154","stop_id":"4183","stop_lat":34.179125,"stop_lon":-118.457553,"stop_sequence":50,"segment_first_lat":34.1791251438,"segment_first_lon":-118.4574325021,"segment_second_lat":34.1775615791,"segment_second_lon":-118.4574351821,"segment_sequence":500001,"segment_id":25,"segment_len_meter":173.86063691473646,"segment_cum_len":19816.577790766176,"stop_segment_distance":11.405959697842519}
{"route_id":"16","stop_id":"15690","stop_lat":34.051564,"stop_lon":-118.255834,"stop_sequence":7,"segment_first_lat":34.0512981202,"segment_first_lon":-118.255608327,"segment_second_lat":34.0514879205,"segment_second_lon":-118.2559043703,"segment_sequence":60002,"segment_id":3,"segment_len_meter":34.48613878458299,"segment_cum_len":2004.372766049677,"stop_segment_distance":12.31515554735173}
{"route_id":"18","stop_id":"7370","stop_lat":34.063588,"stop_lon":-118.291305,"stop_sequence":8,"segment_first_lat":34.0636871323,"segment_first_lon":-118.2913050896,"segment_second_lat":34.0637014525,"segment_second_lon":-118.289921705,"segment_sequence":80001,"segment_id":4,"segment_len_meter":127.44123934363927,"segment_cum_len":2296.14198533135,"stop_segment_distance":11.627843822043758}
{"route_id":"2","stop_id":"8052","stop_lat":34.097857,"stop_lon":-118.341711,"stop_sequence":41,"segment_first_lat":34.0979837842,"segment_first_lon":-118.3424840285,"segment_second_lat":34.0979837743,"segment_second_lon":-118.3417111003,"segment_sequence":400003,"segment_id":20,"segment_len_meter":71.16991610899407,"segment_cum_len":12764.517805745501,"stop_segment_distance":15.488623204345089}
{"route_id":"201","stop_id":"10755","stop_lat":34.108186,"stop_lon":-118.2638,"stop_sequence":33,"segment_first_lat":34.108220266,"segment_first_lon":-118.2636820252,"segment_second_lat":34.1080190448,"segment_second_lon":-118.263591205,"segment_sequence":330001,"segment_id":17,"segment_len_meter":23.886114127815087,"segment_cum_len":9106.24901528471,"stop_segment_distance":14.348451125508252}
{"route_id":"206","stop_id":"13756","stop_lat":33.997024,"stop_lon":-118.300291,"stop_sequence":43,"segment_first_lat":33.9978044825,"segment_first_lon":-118.3001716197,"segment_second_lat":33.9970240886,"segment_second_lon":-118.3001717909,"segment_sequence":420007,"segment_id":21,"segment_len_meter":86.77584389974068,"segment_cum_len":13205.83786075201,"stop_segment_distance":11.694522208589248}
{"route_id":"211","stop_id":"10910","stop_lat":33.865691,"stop_lon":-118.352738,"stop_sequence":63,"segment_first_lat":33.8655541129,"segment_first_lon":-118.3525859219,"segment_second_lat":33.8655464656,"segment_second_lon":-118.3533204421,"segment_sequence":630002,"segment_id":32,"segment_len_meter":67.8238950149597,"segment_cum_len":23045.99580954692,"stop_segment_distance":9.011924780980479}
{"route_id":"211","stop_id":"11449","stop_lat":33.938356,"stop_lon":-118.344057,"stop_sequence":41,"segment_first_lat":33.9387736135,"segment_first_lon":-118.3439035996,"segment_second_lat":33.9383559367,"segment_second_lon":-118.3439045226,"segment_sequence":400007,"segment_id":20,"segment_len_meter":46.443619190616424,"segment_cum_len":14045.501941908342,"stop_segment_distance":16.167606116755195}
{"route_id":"217","stop_id":"1780","stop_lat":34.071224,"stop_lon":-118.361616,"stop_sequence":24,"segment_first_lat":34.0712247588,"segment_first_lon":-118.3614028958,"segment_second_lat":34.0707493876,"segment_second_lon":-118.3613988607,"segment_sequence":240001,"segment_id":12,"segment_len_meter":52.860172325445554,"segment_cum_len":6963.387854757984,"stop_segment_distance":23.205658360087675}
{"route_id":"233","stop_id":"6806","stop_lat":34.24723,"stop_lon":-118.447711,"stop_sequence":34,"segment_first_lat":34.2473298918,"segment_first_lon":-118.4478156323,"segment_second_lat":34.2491157146,"segment_second_lon":-118.4453675403,"segment_sequence":340001,"segment_id":17,"segment_len_meter":300.1060736306903,"segment_cum_len":11203.937533961527,"stop_segment_distance":15.190539951590267}
{"route_id":"234","stop_id":"14534","stop_lat":34.228416,"stop_lon":-118.467804,"stop_sequence":45,"segment_first_lat":34.2292792202,"segment_first_lon":-118.4676501258,"segment_second_lat":34.228413617,"segment_second_lon":-118.4676538788,"segment_sequence":440007,"segment_id":22,"segment_len_meter":96.25130275645284,"segment_cum_len":16792.249495204298,"stop_segment_distance":14.575382603198662}
{"route_id":"234","stop_id":"8645","stop_lat":34.293746,"stop_lon":-118.427274,"stop_sequence":21,"segment_first_lat":34.2937079631,"segment_first_lon":-118.4270756347,"segment_second_lat":34.293448381,"segment_second_lon":-118.4274385006,"segment_sequence":210002,"segment_id":11,"segment_len_meter":44.09469880328932,"segment_cum_len":7294.839444567645,"stop_segment_distance":10.993279891401542}
{"route_id":"258","stop_id":"13501","stop_lat":34.091523,"stop_lon":-118.15218,"stop_sequence":21,"segment_first_lat":34.0949111602,"segment_first_lon":-118.1520690771,"segment_second_lat":34.0915230878,"segment_second_lon":-118.1520298878,"segment_sequence":200001,"segment_id":10,"segment_len_meter":376.7537450556271,"segment_cum_len":6250.205855669435,"stop_segment_distance":13.954050263668819}
{"route_id":"260","stop_id":"10403","stop_lat":34.112013,"stop_lon":-118.150619,"stop_sequence":24,"segment_first_lat":34.1120131588,"segment_first_lon":-118.1504652066,"segment_second_lat":34.1110459005,"segment_second_lon":-118.1504717249,"segment_sequence":240001,"segment_id":12,"segment_len_meter":107.55588982276706,"segment_cum_len":8063.064757769402,"stop_segment_distance":14.990763640229744}
{"route_id":"265","stop_id":"4310","stop_lat":34.003097,"stop_lon":-118.088567,"stop_sequence":58,"segment_first_lat":34.0031471048,"segment_first_lon":-118.0887049267,"segment_second_lat":34.0033991795,"segment_second_lon":-118.0885735492,"segment_sequence":580001,"segment_id":29,"segment_len_meter":30.533816613161918,"segment_cum_len":24167.89623629688,"stop_segment_distance":16.953833526928406}
{"route_id":"45","stop_id":"4815","stop_lat":33.93118,"stop_lon":-118.278486,"stop_sequence":58,"segment_first_lat":33.9310126587,"segment_first_lon":-118.2782543923,"segment_second_lat":33.9310139291,"segment_second_lon":-118.2788939219,"segment_sequence":580002,"segment_id":29,"segment_len_meter":59.00289631104235,"segment_cum_len":19645.501862192592,"stop_segment_distance":11.252370581333395}
{"route_id":"487","stop_id":"142109","stop_lat":34.150132,"stop_lon":-118.085847,"stop_sequence":44,"segment_first_lat":34.1500287232,"segment_first_lon":-118.0859691596,"segment_second_lat":34.1500385388,"segment_second_lon":-118.0853015291,"segment_sequence":400001,"segment_id":20,"segment_len_meter":61.446143998478924,"segment_cum_len":25538.015711210213,"stop_segment_distance":5.883526333196137}
{"route_id":"487","stop_id":"5470","stop_lat":34.138147,"stop_lon":-118.094443,"stop_sequence":33,"segment_first_lat":34.1381385679,"segment_first_lon":-118.0945937132,"segment_second_lat":34.138669154,"segment_second_lon":-118.0946290131,"segment_sequence":330001,"segment_id":17,"segment_len_meter":59.08786377791657,"segment_cum_len":23466.672277312813,"stop_segment_distance":15.346801747403575}
{"route_id":"487","stop_id":"5954","stop_lat":34.086001,"stop_lon":-118.029465,"stop_sequence":91,"segment_first_lat":34.0861304893,"segment_first_lon":-118.0291346531,"segment_second_lat":34.0859207756,"segment_second_lon":-118.029347929,"segment_sequence":900009,"segment_id":45,"segment_len_meter":30.488418563475616,"segment_cum_len":43206.60194887519,"stop_segment_distance":17.162228652782918}
{"route_id":"550","stop_id":"25400198","stop_lat":33.734109,"stop_lon":-118.292194,"stop_sequence":11,"segment_first_lat":33.7333559799,"segment_first_lon":-118.2923496259,"segment_second_lat":33.734108881,"segment_second_lon":-118.2923466558,"segment_sequence":100006,"segment_id":5,"segment_len_meter":83.7192331066283,"segment_cum_len":2618.0002687360475,"stop_segment_distance":15.356940255524819}
{"route_id":"603","stop_id":"17143","stop_lat":34.031972,"stop_lon":-118.276956,"stop_sequence":61,"segment_first_lat":34.0323498174,"segment_first_lon":-118.2775582772,"segment_second_lat":34.0320589539,"segment_second_lon":-118.2769008424,"segment_sequence":600007,"segment_id":30,"segment_len_meter":68.6751660486708,"segment_cum_len":18652.09974062708,"stop_segment_distance":11.855564349694902}
{"route_id":"611","stop_id":"1697","stop_lat":34.003822,"stop_lon":-118.234578,"stop_sequence":44,"segment_first_lat":34.0039418497,"segment_first_lon":-118.2365186233,"segment_second_lat":34.0039481091,"segment_second_lon":-118.2345785988,"segment_sequence":430002,"segment_id":22,"segment_len_meter":178.83376464670494,"segment_cum_len":12950.106368965568,"stop_segment_distance":14.572491692902332}
{"route_id":"78","stop_id":"9264","stop_lat":34.04728,"stop_lon":-118.254754,"stop_sequence":8,"segment_first_lat":34.0473600615,"segment_first_lon":-118.2548697234,"segment_second_lat":34.0480697058,"segment_second_lon":-118.2541492671,"segment_sequence":80001,"segment_id":4,"segment_len_meter":103.11456896774487,"segment_cum_len":2102.8310117425535,"stop_segment_distance":14.770966948832111}
{"route_id":"81","stop_id":"5135","stop_lat":34.051495,"stop_lon":-118.249416,"stop_sequence":47,"segment_first_lat":34.0514357408,"segment_first_lon":-118.2493221477,"segment_second_lat":34.0503782332,"segment_second_lon":-118.2503136551,"segment_sequence":470001,"segment_id":24,"segment_len_meter":148.90121939064517,"segment_cum_len":16330.018622416956,"stop_segment_distance":11.16689818170974}
{"route_id":"90","stop_id":"10573","stop_lat":34.247343,"stop_lon":-118.279177,"stop_sequence":19,"segment_first_lat":34.2474605416,"segment_first_lon":-118.2791200121,"segment_second_lat":34.246484345,"segment_second_lon":-118.2760698376,"segment_sequence":190001,"segment_id":10,"segment_len_meter":300.6395664724482,"segment_cum_len":5010.6133307360615,"stop_segment_distance":14.575829005122955}
{"route_id":"92","stop_id":"7679","stop_lat":34.15973,"stop_lon":-118.264432,"stop_sequence":56,"segment_first_lat":34.1596019894,"segment_first_lon":-118.2644467674,"segment_second_lat":34.1596778892,"segment_second_lon":-118.265423465,"segment_sequence":560001,"segment_id":28,"segment_len_meter":90.2625133294756,"segment_cum_len":16387.303043800224,"stop_segment_distance":15.445944824653225}
{"route_id":"96","stop_id":"3934","stop_lat":34.055274,"stop_lon":-118.242378,"stop_sequence":44,"segment_first_lat":34.0560919576,"segment_first_lon":-118.2415026767,"segment_second_lat":34.055229976,"segment_second_lon":-118.2423133268,"segment_sequence":430009,"segment_id":22,"segment_len_meter":121.5073093596106,"segment_cum_len":21479.078531035317,"stop_segment_distance":7.756157214989187}
