{"route_id":"102","stop_id":"142005","stop_lat":33.971516,"stop_lon":-118.222496,"stop_sequence":87,"segment_first_lat":33.9722199236,"segment_first_lon":-118.222415232,"segment_second_lat":33.9715164813,"segment_second_lon":-118.2224107253,"segment_sequence":860004,"segment_id":43,"segment_len_meter":78.22031896656023,"segment_cum_len":28582.703658602895,"stop_segment_distance":8.269820947038951}
{"route_id":"117","stop_id":"6632","stop_lat":33.942574,"stop_lon":-118.191873,"stop_sequence":57,"segment_first_lat":33.9427623011,"segment_first_lon":-118.1924433102,"segment_second_lat":33.9427008676,"segment_second_lon":-118.1918516916,"segment_sequence":560005,"segment_id":28,"segment_len_meter":55.000826478233705,"segment_cum_len":20872.154462810147,"stop_segment_distance":15.8653787765344}
{"route_id":"154","stop_id":"12651","stop_lat":34.179523,"stop_lon":-118.40921,"stop_sequence":39,"segment_first_lat":34.1794225195,"segment_first_lon":-118.4073013691,"segment_second_lat":34.1794237738,"segment_second_lon":-118.4092091334,"segment_sequence":380003,"segment_id":19,"segment_len_meter":175.49453792777007,"segment_cum_len":15176.143234693409,"stop_segment_distance":11.468441202058017}
{"route_id":"155","stop_id":"7490","stop_lat":34.157389,"stop_lon":-118.330243,"stop_sequence":43,"segment_first_lat":34.1572628141,"segment_first_lon":-118.3310289865,"segment_second_lat":34.1575055285,"segment_second_lon":-118.3302977879,"segment_sequence":420003,"segment_id":21,"segment_len_meter":72.49148213572482,"segment_cum_len":16453.72310457361,"stop_segment_distance":15.082087039697896}
{"route_id":"16","stop_id":"15638","stop_lat":34.069124,"stop_lon":-118.305205,"stop_sequence":29,"segment_first_lat":34.0690057095,"segment_first_lon":-118.3040989058,"segment_second_lat":34.0689982481,"segment_second_lon":-118.3052050363,"segment_sequence":280002,"segment_id":14,"segment_len_meter":101.88886129246944,"segment_cum_len":7603.323727668745,"stop_segment_distance":14.821734660372073}
{"route_id":"165","stop_id":"6895","stop_lat":34.19379,"stop_lon":-118.483804,"stop_sequence":40,"segment_first_lat":34.193916287,"segment_first_lon":-118.4858287042,"segment_second_lat":34.1939167043,"segment_second_lon":-118.4838048686,"segment_sequence":390003,"segment_id":20,"segment_len_meter":186.13985533023316,"segment_cum_len":15187.27717814499,"stop_segment_distance":14.697831479464014}
{"route_id":"176","stop_id":"11670","stop_lat":34.075942,"stop_lon":-118.072886,"stop_sequence":49,"segment_first_lat":34.075939329,"segment_first_lon":-118.0730377849,"segment_second_lat":34.0767224581,"segment_second_lon":-118.073057952,"segment_sequence":490001,"segment_id":25,"segment_len_meter":87.09979015705103,"segment_cum_len":19420.445729570736,"stop_segment_distance":15.099308142241256}
{"route_id":"176","stop_id":"8225","stop_lat":34.059169,"stop_lon":-118.081808,"stop_sequence":13,"segment_first_lat":34.0591689101,"segment_first_lon":-118.0819307556,"segment_second_lat":34.062466337,"segment_second_lon":-118.0819428996,"segment_sequence":130001,"segment_id":7,"segment_len_meter":366.65884884690286,"segment_cum_len":4697.649804073608,"stop_segment_distance":11.50714003517794}
{"route_id":"201","stop_id":"16255","stop_lat":34.104245,"stop_lon":-118.266625,"stop_sequence":37,"segment_first_lat":34.1052619328,"segment_first_lon":-118.2665489589,"segment_second_lat":34.104245239,"segment_second_lon":-118.2665397718,"segment_sequence":360004,"segment_id":18,"segment_len_meter":113.05435690629494,"segment_cum_len":10016.023984122578,"stop_segment_distance":8.087073967760375}
{"route_id":"204","stop_id":"140969","stop_lat":34.063505,"stop_lon":-118.291483,"stop_sequence":51,"segment_first_lat":34.0633483499,"segment_first_lon":-118.2916340838,"segment_second_lat":34.0635049774,"segment_second_lon":-118.2916346298,"segment_sequence":500004,"segment_id":25,"segment_len_meter":17.41625599588627,"segment_cum_len":15514.800259381866,"stop_segment_distance":18.8469821133174}
{"route_id":"205","stop_id":"17470","stop_lat":33.865586,"stop_lon":-118.275036,"stop_sequence":85,"segment_first_lat":33.8656957348,"segment_first_lon":-118.275110306,"segment_second_lat":33.8663140329,"segment_second_lon":-118.2737674029,"segment_sequence":860001,"segment_id":43,"segment_len_meter":141.77567939669004,"segment_cum_len":30438.472081060394,"stop_segment_distance":14.60541291810182}
{"route_id":"206","stop_id":"14027","stop_lat":33.924355,"stop_lon":-118.291997,"stop_sequence":72,"segment_first_lat":33.9247786471,"segment_first_lon":-118.2918407274,"segment_second_lat":33.9243665483,"segment_second_lon":-118.2918083073,"segment_sequence":710012,"segment_id":36,"segment_len_meter":45.92082601107214,"segment_cum_len":22059.493687793103,"stop_segment_distance":20.801204318552195}
{"route_id":"210","stop_id":"25400135","stop_lat":34.032283,"stop_lon":-118.335218,"stop_sequence":35,"segment_first_lat":34.0322616118,"segment_first_lon":-118.3350684508,"segment_second_lat":34.0320774395,"segment_second_lon":-118.3350918071,"segment_sequence":350001,"segment_id":18,"segment_len_meter":20.591813608831476,"segment_cum_len":11281.293087599748,"stop_segment_distance":19.038108852856038}
{"route_id":"210","stop_id":"9413","stop_lat":34.053247,"stop_lon":-118.323912,"stop_sequence":29,"segment_first_lat":34.0540293318,"segment_first_lon":-118.3233175582,"segment_second_lat":34.053196877,"segment_second_lon":-118.323773888,"segment_sequence":280001,"segment_id":14,"segment_len_meter":101.66416357755777,"segment_cum_len":8708.925754609294,"stop_segment_distance":15.020637632743245}
{"route_id":"251","stop_id":"2156","stop_lat":34.056997,"stop_lon":-118.20858,"stop_sequence":11,"segment_first_lat":34.0572875936,"segment_first_lon":-118.2089170787,"segment_second_lat":34.057112436,"segment_second_lon":-118.2085085776,"segment_sequence":100011,"segment_id":5,"segment_len_meter":42.37360211345498,"segment_cum_len":4085.18065307381,"stop_segment_distance":16.865175025321605}
{"route_id":"260","stop_id":"10406","stop_lat":34.105544,"stop_lon":-118.15067,"stop_sequence":26,"segment_first_lat":34.1065915519,"segment_first_lon":-118.1505132602,"segment_second_lat":34.1055418532,"segment_second_lon":-118.1505232629,"segment_sequence":250003,"segment_id":13,"segment_len_meter":116.72480306543153,"segment_cum_len":8675.106719678997,"stop_segment_distance":14.160376529722356}
{"route_id":"268","stop_id":"12900","stop_lat":34.071905,"stop_lon":-118.039574,"stop_sequence":3,"segment_first_lat":34.0719921641,"segment_first_lon":-118.0406110138,"segment_second_lat":34.072004324,"segment_second_lon":-118.0395741707,"segment_sequence":20002,"segment_id":1,"segment_len_meter":95.50962699036212,"segment_cum_len":776.098472719072,"stop_segment_distance":11.541028852268084}
{"route_id":"268","stop_id":"8942","stop_lat":34.095315,"stop_lon":-118.049554,"stop_sequence":19,"segment_first_lat":34.0952923064,"segment_first_lon":-118.0497009186,"segment_second_lat":34.0964584032,"segment_second_lon":-118.0499374482,"segment_sequence":190001,"segment_id":10,"segment_len_meter":131.4805098789766,"segment_cum_len":6283.529437689314,"stop_segment_distance":14.233547737793572}
{"route_id":"33","stop_id":"6923","stop_lat":34.016445,"stop_lon":-118.410557,"stop_sequence":23,"segment_first_lat":34.0165494091,"segment_first_lon":-118.4106432627,"segment_second_lat":34.0168092525,"segment_second_lon":-118.410189479,"segment_sequence":230001,"segment_id":12,"segment_len_meter":50.83350685495099,"segment_cum_len":7509.341790224214,"stop_segment_distance":16.038139549101295}
{"route_id":"35","stop_id":"16530","stop_lat":34.034824,"stop_lon":-118.369291,"stop_sequence":2,"segment_first_lat":34.0347136921,"segment_first_lon":-118.3692155459,"segment_second_lat":34.0346456349,"segment_second_lon":-118.3693657537,"segment_sequence":780001,"segment_id":39,"segment_len_meter":15.77491887748244,"segment_cum_len":24281.202836539826,"stop_segment_distance":19.31979137800628}
{"route_id":"4","stop_id":"8591","stop_lat":34.083148,"stop_lon":-118.273285,"stop_sequence":26,"segment_first_lat":34.0829340718,"segment_first_lon":-118.2733139954,"segment_second_lat":34.0830423483,"segment_second_lon":-118.273430928,"segment_sequence":250015,"segment_id":13,"segment_len_meter":16.15317694293441,"segment_cum_len":8168.670483931275,"stop_segment_distance":25.634037200108455}
{"route_id":"51","stop_id":"7409","stop_lat":34.059708,"stop_lon":-118.291295,"stop_sequence":3,"segment_first_lat":34.0597810553,"segment_first_lon":-118.29129479,"segment_second_lat":34.0597876254,"segment_second_lon":-118.2902779205,"segment_sequence":30001,"segment_id":2,"segment_len_meter":93.67670625606247,"segment_cum_len":914.8709622460755,"stop_segment_distance":8.557354043762473}
{"route_id":"60","stop_id":"12702","stop_lat":33.982582,"stop_lon":-118.225326,"stop_sequence":36,"segment_first_lat":33.9835442028,"segment_first_lon":-118.2251798398,"segment_second_lat":33.982582464,"segment_second_lon":-118.2251739549,"segment_sequence":350005,"segment_id":18,"segment_len_meter":106.94185187615804,"segment_cum_len":11349.453688071375,"stop_segment_distance":14.914816515283306}
{"route_id":"601","stop_id":"3594","stop_lat":34.173727,"stop_lon":-118.591311,"stop_sequence":10,"segment_first_lat":34.1737271478,"segment_first_lon":-118.5914004988,"segment_second_lat":34.1741420787,"segment_second_lon":-118.5914014523,"segment_sequence":100001,"segment_id":5,"segment_len_meter":46.13829437234238,"segment_cum_len":4198.660732211554,"stop_segment_distance":8.993999082448013}
{"route_id":"603","stop_id":"13359","stop_lat":34.14397,"stop_lon":-118.25805,"stop_sequence":4,"segment_first_lat":34.1439708216,"segment_first_lon":-118.257893883,"segment_second_lat":34.1425529315,"segment_second_lon":-118.2578868639,"segment_sequence":40001,"segment_id":2,"segment_len_meter":157.6635089434787,"segment_cum_len":976.3854384117749,"stop_segment_distance":14.988393088564123}
{"route_id":"70","stop_id":"1465","stop_lat":34.062578,"stop_lon":-118.065062,"stop_sequence":64,"segment_first_lat":34.0627041334,"segment_first_lon":-118.0650621979,"segment_second_lat":34.0627077054,"segment_second_lon":-118.0645504371,"segment_sequence":640001,"segment_id":32,"segment_len_meter":47.14337198726733,"segment_cum_len":22067.277628619962,"stop_segment_distance":16.163222212095214}
{"route_id":"754","stop_id":"13000139","stop_lat":34.090626,"stop_lon":-118.291894,"stop_sequence":3,"segment_first_lat":34.090626254,"segment_first_lon":-118.2917384577,"segment_second_lat":34.0897579388,"segment_second_lon":-118.2917327863,"segment_sequence":30001,"segment_id":2,"segment_len_meter":96.55365743963952,"segment_cum_len":2057.8934588589086,"stop_segment_distance":15.428665304513842}
{"route_id":"754","stop_id":"14032","stop_lat":33.923421,"stop_lon":-118.291941,"stop_sequence":23,"segment_first_lat":33.9234213403,"segment_first_lon":-118.2917868864,"segment_second_lat":33.9230668796,"segment_second_lon":-118.2917820263,"segment_sequence":230001,"segment_id":12,"segment_len_meter":39.41678244666033,"segment_cum_len":20597.259391626678,"stop_segment_distance":16.822697866472893}
{"route_id":"754","stop_id":"140952","stop_lat":34.003431,"stop_lon":-118.291696,"stop_sequence":17,"segment_first_lat":34.0034312785,"segment_first_lon":-118.2915431405,"segment_second_lat":34.0026728798,"segment_second_lon":-118.2915381897,"segment_sequence":170001,"segment_id":9,"segment_len_meter":84.33132268659215,"segment_cum_len":11741.497766295648,"stop_segment_distance":15.304548962245818}
{"route_id":"76","stop_id":"10229","stop_lat":34.078674,"stop_lon":-118.123344,"stop_sequence":25,"segment_first_lat":34.0785468405,"segment_first_lon":-118.1233331763,"segment_second_lat":34.0784887058,"segment_second_lon":-118.1242884533,"segment_sequence":250001,"segment_id":13,"segment_len_meter":88.2176693099276,"segment_cum_len":8870.152546722053,"stop_segment_distance":15.347410747748086}
{"route_id":"81","stop_id":"13455","stop_lat":33.962308,"stop_lon":-118.28285,"stop_sequence":88,"segment_first_lat":33.9623086097,"segment_first_lon":-118.2826982099,"segment_second_lat":33.9621712179,"segment_second_lon":-118.2826977462,"segment_sequence":880001,"segment_id":44,"segment_len_meter":15.277330978050978,"segment_cum_len":27886.72226965838,"stop_segment_distance":19.421967836058812}
{"route_id":"81","stop_id":"1887","stop_lat":33.928658,"stop_lon":-118.282743,"stop_sequence":99,"segment_first_lat":33.9286559103,"segment_first_lon":-118.282591261,"segment_second_lat":33.928518519,"segment_second_lon":-118.2825907976,"segment_sequence":990001,"segment_id":50,"segment_len_meter":15.277275350464032,"segment_cum_len":31628.846141118207,"stop_segment_distance":19.646644104416715}
{"route_id":"90","stop_id":"4255","stop_lat":34.084024,"stop_lon":-118.222749,"stop_sequence":82,"segment_first_lat":34.0845320526,"segment_first_lon":-118.2231168281,"segment_second_lat":34.0841147134,"segment_second_lon":-118.2226361841,"segment_sequence":810003,"segment_id":41,"segment_len_meter":64.13127905304029,"segment_cum_len":27321.622785518393,"stop_segment_distance":16.219868547429243}
