{"route_id":"102","stop_id":"4980","stop_lat":34.01879,"stop_lon":-118.281793,"stop_sequence":53,"segment_first_lat":34.0183660632,"segment_first_lon":-118.2822374531,"segment_second_lat":34.0188523307,"segment_second_lon":-118.2819295544,"segment_sequence":520008,"segment_id":26,"segment_len_meter":61.064644409274905,"segment_cum_len":17443.81770246563,"stop_segment_distance":15.753805273383307}
{"route_id":"102","stop_id":"5727","stop_lat":34.016812,"stop_lon":-118.30874,"stop_sequence":42,"segment_first_lat":34.0168141919,"segment_first_lon":-118.3088961027,"segment_second_lat":34.0173610227,"segment_second_lon":-118.3088941609,"segment_sequence":420001,"segment_id":21,"segment_len_meter":60.80507407327632,"segment_cum_len":14812.711005667777,"stop_segment_distance":16.2646016601176}
{"route_id":"105","stop_id":"36575","stop_lat":34.003931,"stop_lon":-118.278837,"stop_sequence":14,"segment_first_lat":34.0038064364,"segment_first_lon":-118.2788361864,"segment_second_lat":34.0037872259,"segment_second_lon":-118.2804858168,"segment_sequence":140001,"segment_id":7,"segment_len_meter":152.07900755205617,"segment_cum_len":4960.397444677664,"stop_segment_distance":14.59941186112485}
{"route_id":"108","stop_id":"11283","stop_lat":33.987452,"stop_lon":-118.364378,"stop_sequence":15,"segment_first_lat":33.9875809619,"segment_first_lon":-118.3643719638,"segment_second_lat":33.9875588916,"segment_second_lon":-118.3636722012,"segment_sequence":150001,"segment_id":8,"segment_len_meter":64.56355173285596,"segment_cum_len":5819.185248445727,"stop_segment_distance":15.93720061099323}
{"route_id":"120","stop_id":"10533","stop_lat":33.935439,"stop_lon":-118.089389,"stop_sequence":30,"segment_first_lat":33.9353107605,"segment_first_lon":-118.0893883745,"segment_second_lat":33.93531737,"segment_second_lon":-118.090107058,"segment_sequence":300001,"segment_id":15,"segment_len_meter":66.3061568128931,"segment_cum_len":12376.28816763967,"stop_segment_distance":15.564390625681753}
{"route_id":"127","stop_id":"8976","stop_lat":33.917254,"stop_lon":-118.125539,"stop_sequence":9,"segment_first_lat":33.9207305382,"segment_first_lon":-118.12538939,"segment_second_lat":33.9172545289,"segment_second_lon":-118.1253841889,"segment_sequence":80002,"segment_id":4,"segment_len_meter":386.5148970762274,"segment_cum_len":3491.3227641991907,"stop_segment_distance":14.590161545722253}
{"route_id":"130","stop_id":"13000039","stop_lat":33.873009,"stop_lon":-118.117586,"stop_sequence":6,"segment_first_lat":33.8728824307,"segment_first_lon":-118.1175928706,"segment_second_lat":33.872887349,"segment_second_lon":-118.1179025348,"segment_sequence":60001,"segment_id":3,"segment_len_meter":28.594201889648108,"segment_cum_len":3622.562118217887,"stop_segment_distance":17.696091855485353}
{"route_id":"130","stop_id":"13000083","stop_lat":33.874909,"stop_lon":-118.13943,"stop_sequence":11,"segment_first_lat":33.8747944352,"segment_first_lon":-118.1384781363,"segment_second_lat":33.8747839948,"segment_second_lon":-118.1394301725,"segment_sequence":100003,"segment_id":5,"segment_len_meter":87.90006276206961,"segment_cum_len":5672.54302704537,"stop_segment_distance":14.7948540426341}
{"route_id":"150","stop_id":"7060","stop_lat":34.163629,"stop_lon":-118.522601,"stop_sequence":34,"segment_first_lat":34.1637462243,"segment_first_lon":-118.5225409735,"segment_second_lat":34.1635877456,"segment_second_lon":-118.5220781718,"segment_sequence":340001,"segment_id":17,"segment_len_meter":46.0832763680592,"segment_cum_len":11897.573758040086,"stop_segment_distance":16.3952253511509}
{"route_id":"155","stop_id":"7844","stop_lat":34.173647,"stop_lon":-118.31615,"stop_sequence":50,"segment_first_lat":34.1737291795,"segment_first_lon":-118.3162660217,"segment_second_lat":34.1754582254,"segment_second_lon":-118.3144449153,"segment_sequence":500001,"segment_id":25,"segment_len_meter":255.0126721439998,"segment_cum_len":19132.548617019,"stop_segment_distance":14.315210113615763}
{"route_id":"158","stop_id":"8709","stop_lat":34.239372,"stop_lon":-118.423049,"stop_sequence":34,"segment_first_lat":34.2393057918,"segment_first_lon":-118.4231375462,"segment_second_lat":34.240121077,"segment_second_lon":-118.4240055924,"segment_sequence":340001,"segment_id":17,"segment_len_meter":120.77059203217333,"segment_cum_len":12684.506190691485,"stop_segment_distance":11.324773739991358}
{"route_id":"161","stop_id":"11211","stop_lat":34.148675,"stop_lon":-118.760327,"stop_sequence":35,"segment_first_lat":34.1485583684,"segment_first_lon":-118.7605705351,"segment_second_lat":34.1487364952,"segment_second_lon":-118.7604736615,"segment_sequence":340022,"segment_id":17,"segment_len_meter":21.720486093854777,"segment_cum_len":21460.766052667856,"stop_segment_distance":19.301980322944818}
{"route_id":"166","stop_id":"12505","stop_lat":34.235629,"stop_lon":-118.502207,"stop_sequence":34,"segment_first_lat":34.2357544125,"segment_first_lon":-118.5022048368,"segment_second_lat":34.2357314487,"segment_second_lon":-118.4983204213,"segment_sequence":340001,"segment_id":17,"segment_len_meter":357.096283128679,"segment_cum_len":15187.82272888549,"stop_segment_distance":14.318209611294833}
{"route_id":"167","stop_id":"12850","stop_lat":34.242622,"stop_lon":-118.575551,"stop_sequence":10,"segment_first_lat":34.2427520056,"segment_first_lon":-118.5760380174,"segment_second_lat":34.2427501977,"segment_second_lon":-118.5755516003,"segment_sequence":90003,"segment_id":5,"segment_len_meter":44.71215659795963,"segment_cum_len":4120.823330213469,"stop_segment_distance":16.58596935849601}
{"route_id":"20","stop_id":"16733","stop_lat":34.06722,"stop_lon":-118.407633,"stop_sequence":54,"segment_first_lat":34.0670905105,"segment_first_lon":-118.4067874381,"segment_second_lat":34.067092332,"segment_second_lon":-118.4076327333,"segment_sequence":530005,"segment_id":27,"segment_len_meter":77.86200943041057,"segment_cum_len":16038.514555125024,"stop_segment_distance":15.540026989331338}
{"route_id":"205","stop_id":"17577","stop_lat":33.747481,"stop_lon":-118.309401,"stop_sequence":36,"segment_first_lat":33.7474954033,"segment_first_lon":-118.309551016,"segment_second_lat":33.7477774386,"segment_second_lon":-118.3095076498,"segment_sequence":360001,"segment_id":18,"segment_len_meter":31.61616872823321,"segment_cum_len":8740.224821353615,"stop_segment_distance":16.751909256723987}
{"route_id":"207","stop_id":"5759","stop_lat":33.945612,"stop_lon":-118.308834,"stop_sequence":7,"segment_first_lat":33.9456113607,"segment_first_lon":-118.3089876628,"segment_second_lat":33.9468204358,"segment_second_lon":-118.3089802527,"segment_sequence":70001,"segment_id":4,"segment_len_meter":134.44475463251283,"segment_cum_len":4030.3813249111927,"stop_segment_distance":14.777320593817706}
{"route_id":"222","stop_id":"6361","stop_lat":34.259815,"stop_lon":-118.335649,"stop_sequence":61,"segment_first_lat":34.2603352418,"segment_first_lon":-118.3382620781,"segment_second_lat":34.2599556934,"segment_second_lon":-118.3356198724,"segment_sequence":600005,"segment_id":30,"segment_len_meter":246.46301542421187,"segment_cum_len":24796.975525679958,"stop_segment_distance":16.423974184104594}
{"route_id":"230","stop_id":"14984","stop_lat":34.286889,"stop_lon":-118.445156,"stop_sequence":3,"segment_first_lat":34.2880142723,"segment_first_lon":-118.4461456136,"segment_second_lat":34.2869705669,"segment_second_lon":-118.4450402487,"segment_sequence":20006,"segment_id":1,"segment_len_meter":154.21233246212697,"segment_cum_len":1081.5004097244484,"stop_segment_distance":14.432297028406964}
{"route_id":"246","stop_id":"20400018","stop_lat":33.707365,"stop_lon":-118.294531,"stop_sequence":1,"segment_first_lat":33.7074273719,"segment_first_lon":-118.2943701299,"segment_second_lat":33.7073516385,"segment_second_lon":-118.2943271238,"segment_sequence":10001,"segment_id":1,"segment_len_meter":9.313510622451863,"segment_cum_len":9.313510622451863,"stop_segment_distance":26.021211255890044}
{"route_id":"256","stop_id":"10706","stop_lat":34.166921,"stop_lon":-118.121392,"stop_sequence":106,"segment_first_lat":34.16692072,"segment_first_lon":-118.1215115407,"segment_second_lat":34.1690777906,"segment_second_lon":-118.1215206285,"segment_sequence":1060001,"segment_id":53,"segment_len_meter":239.8567643769506,"segment_cum_len":33018.81038050852,"stop_segment_distance":11.257381149084239}
{"route_id":"256","stop_id":"70500026","stop_lat":34.086205,"stop_lon":-118.183982,"stop_sequence":39,"segment_first_lat":34.0860356301,"segment_first_lon":-118.1836511375,"segment_second_lat":34.0860782363,"segment_second_lon":-118.1840029609,"segment_sequence":380014,"segment_id":19,"segment_len_meter":32.744405598352124,"segment_cum_len":11593.367732976021,"stop_segment_distance":17.30269534460342}
{"route_id":"258","stop_id":"8572","stop_lat":34.113619,"stop_lon":-118.179618,"stop_sequence":3,"segment_first_lat":34.11384429,"segment_first_lon":-118.1798567769,"segment_second_lat":34.1137350973,"segment_second_lon":-118.1795559035,"segment_sequence":20003,"segment_id":1,"segment_len_meter":30.243020153240092,"segment_cum_len":459.24066896810166,"stop_segment_distance":17.20375472974037}
{"route_id":"260","stop_id":"11855","stop_lat":34.065843,"stop_lon":-118.134449,"stop_sequence":40,"segment_first_lat":34.0658463308,"segment_first_lon":-118.1342969864,"segment_second_lat":34.0628537209,"segment_second_lon":-118.134216573,"segment_sequence":400001,"segment_id":20,"segment_len_meter":332.8454706324798,"segment_cum_len":15156.052549188633,"stop_segment_distance":14.243377635408706}
{"route_id":"260","stop_id":"8774","stop_lat":33.977762,"stop_lon":-118.187144,"stop_sequence":67,"segment_first_lat":33.9777449584,"segment_first_lon":-118.186990712,"segment_second_lat":33.9752114003,"segment_second_lon":-118.1873693016,"segment_sequence":670001,"segment_id":34,"segment_len_meter":283.87353591174116,"segment_cum_len":26862.06077226672,"stop_segment_distance":14.761072429601143}
{"route_id":"266","stop_id":"5444","stop_lat":34.134931,"stop_lon":-118.073082,"stop_sequence":74,"segment_first_lat":34.1349304191,"segment_first_lon":-118.073233742,"segment_second_lat":34.1359746025,"segment_second_lon":-118.0732452316,"segment_sequence":740001,"segment_id":37,"segment_len_meter":116.112712038014,"segment_cum_len":36278.70561187196,"stop_segment_distance":14.865239459695488}
{"route_id":"268","stop_id":"10280","stop_lat":34.168959,"stop_lon":-118.14648,"stop_sequence":74,"segment_first_lat":34.1688616296,"segment_first_lon":-118.1464798419,"segment_second_lat":34.1688567706,"segment_second_lon":-118.1473129198,"segment_sequence":740001,"segment_id":37,"segment_len_meter":76.64600420020608,"segment_cum_len":27987.501494395987,"stop_segment_distance":11.649154198878549}
{"route_id":"28","stop_id":"16166","stop_lat":34.053913,"stop_lon":-118.320495,"stop_sequence":75,"segment_first_lat":34.0534484389,"segment_first_lon":-118.3195983219,"segment_second_lat":34.0537973483,"segment_second_lon":-118.320558041,"segment_sequence":740003,"segment_id":37,"segment_len_meter":96.5532068927426,"segment_cum_len":23733.933886046514,"stop_segment_distance":14.986637671375277}
{"route_id":"35","stop_id":"16469","stop_lat":34.039964,"stop_lon":-118.343788,"stop_sequence":70,"segment_first_lat":34.0398404672,"segment_first_lon":-118.3437875373,"segment_second_lat":34.0398394799,"segment_second_lon":-118.344134119,"segment_sequence":700001,"segment_id":35,"segment_len_meter":31.934751274986336,"segment_cum_len":21730.051557666655,"stop_segment_distance":16.569415011122867}
{"route_id":"60","stop_id":"12225","stop_lat":33.903617,"stop_lon":-118.208613,"stop_sequence":64,"segment_first_lat":33.9046449544,"segment_first_lon":-118.2085365944,"segment_second_lat":33.9036253639,"segment_second_lon":-118.2084602397,"segment_sequence":630003,"segment_id":32,"segment_len_meter":113.59207146309666,"segment_cum_len":20379.810324398433,"stop_segment_distance":15.057309483474313}
{"route_id":"60","stop_id":"30014","stop_lat":33.875981,"stop_lon":-118.222832,"stop_sequence":79,"segment_first_lat":33.8761487962,"segment_first_lon":-118.222974081,"segment_second_lat":33.8754370139,"segment_second_lon":-118.2230248974,"segment_sequence":780008,"segment_id":39,"segment_len_meter":79.28549595588638,"segment_cum_len":26292.092091411247,"stop_segment_distance":6.577277396990468}
{"route_id":"611","stop_id":"14300","stop_lat":33.964771,"stop_lon":-118.222237,"stop_sequence":15,"segment_first_lat":33.9645968086,"segment_first_lon":-118.2212308505,"segment_second_lat":33.9646990823,"segment_second_lon":-118.2222481758,"segment_sequence":140003,"segment_id":7,"segment_len_meter":94.5076362385084,"segment_cum_len":5124.0151941616095,"stop_segment_distance":8.34562496245644}
{"route_id":"66","stop_id":"2159","stop_lat":34.005609,"stop_lon":-118.1304,"stop_sequence":64,"segment_first_lat":34.0057590979,"segment_first_lon":-118.1313369923,"segment_second_lat":34.0056820842,"segment_second_lon":-118.1303912481,"segment_sequence":630007,"segment_id":32,"segment_len_meter":87.59693488697164,"segment_cum_len":19991.3144163951,"stop_segment_distance":8.538050842671012}
{"route_id":"68","stop_id":"369","stop_lat":34.034624,"stop_lon":-118.091013,"stop_sequence":3,"segment_first_lat":34.0345011057,"segment_first_lon":-118.0911112849,"segment_second_lat":34.0348076289,"segment_second_lon":-118.0916565478,"segment_sequence":30001,"segment_id":2,"segment_len_meter":60.71415743761495,"segment_cum_len":716.6061522769998,"stop_segment_distance":18.39769095517456}
{"route_id":"68","stop_id":"9228","stop_lat":34.040703,"stop_lon":-118.169018,"stop_sequence":17,"segment_first_lat":34.040588117,"segment_first_lon":-118.1669977191,"segment_second_lat":34.0405776122,"segment_second_lon":-118.1690178069,"segment_sequence":160002,"segment_id":8,"segment_len_meter":186.13598318155263,"segment_cum_len":8462.154561472355,"stop_segment_distance":14.394290581081208}
{"route_id":"687","stop_id":"9838","stop_lat":34.14613,"stop_lon":-118.115958,"stop_sequence":17,"segment_first_lat":34.1460030544,"segment_first_lon":-118.1159578231,"segment_second_lat":34.1459973224,"segment_second_lon":-118.1170583777,"segment_sequence":170001,"segment_id":9,"segment_len_meter":101.28167434634055,"segment_cum_len":4607.895579808567,"stop_segment_distance":15.166401612056816}
{"route_id":"750","stop_id":"16804","stop_lat":34.170971,"stop_lon":-118.571298,"stop_sequence":14,"segment_first_lat":34.1709649205,"segment_first_lon":-118.5709344525,"segment_second_lat":34.1708587858,"segment_second_lon":-118.5712392041,"segment_sequence":130030,"segment_id":7,"segment_len_meter":30.419422070983885,"segment_cum_len":20004.88375014517,"stop_segment_distance":16.63300939328616}
{"route_id":"76","stop_id":"15057","stop_lat":34.076689,"stop_lon":-118.046019,"stop_sequence":4,"segment_first_lat":34.0765610077,"segment_first_lon":-118.0460540143,"segment_second_lat":34.0765955697,"segment_second_lon":-118.0462138621,"segment_sequence":40001,"segment_id":2,"segment_len_meter":15.215577078214142,"segment_cum_len":1550.6746328664753,"stop_segment_distance":20.114449148789628}
{"route_id":"770","stop_id":"5388","stop_lat":34.038081,"stop_lon":-118.263255,"stop_sequence":3,"segment_first_lat":34.0381068468,"segment_first_lon":-118.2633412762,"segment_second_lat":34.0383117703,"segment_second_lon":-118.2632461994,"segment_sequence":30001,"segment_id":2,"segment_len_meter":24.41254047227294,"segment_cum_len":923.5301817787022,"stop_segment_distance":9.714105790009679}
{"route_id":"81","stop_id":"13458","stop_lat":33.947517,"stop_lon":-118.282797,"stop_sequence":93,"segment_first_lat":33.9482753958,"segment_first_lon":-118.2826640406,"segment_second_lat":33.9475195068,"segment_second_lon":-118.2826446745,"segment_sequence":920003,"segment_id":46,"segment_len_meter":84.0700026376898,"segment_cum_len":29515.95702214726,"stop_segment_distance":15.20044347894057}
{"route_id":"92","stop_id":"7682","stop_lat":34.171501,"stop_lon":-118.289697,"stop_sequence":64,"segment_first_lat":34.1714084131,"segment_first_lon":-118.2897992337,"segment_second_lat":34.1719416753,"segment_second_lon":-118.2905287407,"segment_sequence":640001,"segment_id":32,"segment_len_meter":89.55560424188423,"segment_cum_len":19161.16046509317,"stop_segment_distance":15.2523953668735}
{"route_id":"94","stop_id":"11811","stop_lat":34.18346,"stop_lon":-118.315143,"stop_sequence":44,"segment_first_lat":34.1843763716,"segment_first_lon":-118.315542856,"segment_second_lat":34.183488961,"segment_second_lon":-118.3150613855,"segment_sequence":430013,"segment_id":22,"segment_len_meter":108.1586091337604,"segment_cum_len":18940.880069562376,"stop_segment_distance":8.341157182611141}
{"route_id":"96","stop_id":"18087","stop_lat":34.113821,"stop_lon":-118.269285,"stop_sequence":24,"segment_first_lat":34.1139023218,"segment_first_lon":-118.2691676243,"segment_second_lat":34.1133388742,"segment_second_lon":-118.2686097957,"segment_sequence":240001,"segment_id":12,"segment_len_meter":81.00996138811776,"segment_cum_len":12303.058307427693,"stop_segment_distance":15.16498827339315}
