{"route_id":"105","stop_id":"2464","stop_lat":34.090729,"stop_lon":-118.381292,"stop_sequence":69,"segment_first_lat":34.0906279362,"segment_first_lon":-118.3809549178,"segment_second_lat":34.0906287969,"segment_second_lon":-118.3812918099,"segment_sequence":680004,"segment_id":34,"segment_len_meter":31.02329584738086,"segment_cum_len":24294.343985971183,"stop_segment_distance":13.131046379623736}
{"route_id":"108","stop_id":"1539","stop_lat":33.989055,"stop_lon":-118.28078,"stop_sequence":39,"segment_first_lat":33.9891835705,"segment_first_lon":-118.2811362439,"segment_second_lat":33.9891844,"segment_second_lon":-118.2807799749,"segment_sequence":380005,"segment_id":19,"segment_len_meter":32.84688733433708,"segment_cum_len":13480.496688752086,"stop_segment_distance":17.36276112003211}
{"route_id":"110","stop_id":"2126","stop_lat":33.980646,"stop_lon":-118.21276,"stop_sequence":66,"segment_first_lat":33.9808750048,"segment_first_lon":-118.2136576645,"segment_second_lat":33.9807724847,"segment_second_lon":-118.2127387772,"segment_sequence":650005,"segment_id":33,"segment_len_meter":85.48999424473881,"segment_cum_len":22374.92703725775,"stop_segment_distance":15.308172851108324}
{"route_id":"110","stop_id":"617","stop_lat":33.975842,"stop_lon":-118.354594,"stop_sequence":16,"segment_first_lat":33.9759688062,"segment_first_lon":-118.3545769371,"segment_second_lat":33.9759121823,"segment_second_lon":-118.3539279221,"segment_sequence":160001,"segment_id":8,"segment_len_meter":60.1765384071457,"segment_cum_len":7080.060946582806,"stop_segment_distance":15.924644749797537}
{"route_id":"115","stop_id":"1940","stop_lat":33.959735,"stop_lon":-118.397366,"stop_sequence":1,"segment_first_lat":33.9598645835,"segment_first_lon":-118.3973662565,"segment_second_lat":33.959865051,"segment_second_lon":-118.3964725897,"segment_sequence":10001,"segment_id":1,"segment_len_meter":82.42139110239577,"segment_cum_len":82.42139110239577,"stop_segment_distance":15.644784591989378}
{"route_id":"115","stop_id":"2712","stop_lat":33.944575,"stop_lon":-118.141722,"stop_sequence":73,"segment_first_lat":33.9446844385,"segment_first_lon":-118.1416394819,"segment_second_lat":33.9432452306,"segment_second_lon":-118.1389440632,"segment_sequence":730001,"segment_id":37,"segment_len_meter":295.68980863648943,"segment_cum_len":24355.723536223733,"stop_segment_distance":14.516710088614275}
{"route_id":"117","stop_id":"1114","stop_lat":33.943213,"stop_lon":-118.260976,"stop_sequence":35,"segment_first_lat":33.9433183854,"segment_first_lon":-118.2619223316,"segment_second_lat":33.943311094,"segment_second_lon":-118.2609760683,"segment_sequence":340006,"segment_id":17,"segment_len_meter":87.29300030064708,"segment_cum_len":14147.486827762968,"stop_segment_distance":11.693148624790922}
{"route_id":"120","stop_id":"11143","stop_lat":33.93081,"stop_lon":-118.208519,"stop_sequence":64,"segment_first_lat":33.9304545831,"segment_first_lon":-118.205828479,"segment_second_lat":33.9306832224,"segment_second_lon":-118.2085364597,"segment_sequence":630010,"segment_id":32,"segment_len_meter":251.12866035319192,"segment_cum_len":26975.75501785973,"stop_segment_distance":14.41389344636164}
{"route_id":"125","stop_id":"1350","stop_lat":33.895879,"stop_lon":-118.219514,"stop_sequence":52,"segment_first_lat":33.8960137353,"segment_first_lon":-118.2195179274,"segment_second_lat":33.8960145752,"segment_second_lon":-118.2190562803,"segment_sequence":520001,"segment_id":26,"segment_len_meter":42.60896139817669,"segment_cum_len":20164.65265871505,"stop_segment_distance":17.23287873007591}
{"route_id":"150","stop_id":"6994","stop_lat":34.169779,"stop_lon":-118.538838,"stop_sequence":27,"segment_first_lat":34.170311021,"segment_first_lon":-118.5397973574,"segment_second_lat":34.1698932378,"segment_second_lon":-118.5387724481,"segment_sequence":260006,"segment_id":13,"segment_len_meter":105.11409300614358,"segment_cum_len":10207.345774384952,"stop_segment_distance":15.20014115303492}
{"route_id":"152","stop_id":"13038","stop_lat":34.22176,"stop_lon":-118.392843,"stop_sequence":29,"segment_first_lat":34.2216185301,"segment_first_lon":-118.3908315267,"segment_second_lat":34.2216348137,"segment_second_lon":-118.3928461806,"segment_sequence":280012,"segment_id":14,"segment_len_meter":185.24331288338428,"segment_cum_len":11721.631445185136,"stop_segment_distance":14.289534988090253}
{"route_id":"158","stop_id":"9571","stop_lat":34.257405,"stop_lon":-118.527669,"stop_sequence":58,"segment_first_lat":34.2572770563,"segment_first_lon":-118.52766811,"segment_second_lat":34.2572771642,"segment_second_lon":-118.5285252563,"segment_sequence":580001,"segment_id":29,"segment_len_meter":78.77572080375647,"segment_cum_len":23168.895022082408,"stop_segment_distance":15.418584619349275}
{"route_id":"16","stop_id":"13192","stop_lat":34.055989,"stop_lon":-118.260664,"stop_sequence":10,"segment_first_lat":34.0560206327,"segment_first_lon":-118.2607386774,"segment_second_lat":34.0566600996,"segment_second_lon":-118.2603392113,"segment_sequence":100001,"segment_id":5,"segment_len_meter":80.06401764242352,"segment_cum_len":2972.1542796651406,"stop_segment_distance":8.060496576776089}
{"route_id":"16","stop_id":"15628","stop_lat":34.057785,"stop_lon":-118.260009,"stop_sequence":11,"segment_first_lat":34.0576727018,"segment_first_lon":-118.2600785716,"segment_second_lat":34.058144834,"segment_second_lon":-118.2612022296,"segment_sequence":110001,"segment_id":6,"segment_len_meter":116.06531016429358,"segment_cum_len":3229.9243750071482,"stop_segment_distance":14.94855999240491}
{"route_id":"16","stop_id":"3161","stop_lat":34.042894,"stop_lon":-118.248198,"stop_sequence":1,"segment_first_lat":34.0428949338,"segment_first_lon":-118.2481981503,"segment_second_lat":34.0426502823,"segment_second_lon":-118.2478412556,"segment_sequence":10001,"segment_id":1,"segment_len_meter":42.67779742088157,"segment_cum_len":42.67779742088157,"stop_segment_distance":0.027955965421178064}
{"route_id":"175","stop_id":"8048","stop_lat":34.097999,"stop_lon":-118.302979,"stop_sequence":6,"segment_first_lat":34.0981244752,"segment_first_lon":-118.302979346,"segment_second_lat":34.0981243448,"segment_second_lon":-118.3021535673,"segment_sequence":60001,"segment_id":3,"segment_len_meter":76.03617542769773,"segment_cum_len":1692.2184995593186,"stop_segment_distance":15.187821523457032}
{"route_id":"176","stop_id":"1055","stop_lat":34.066591,"stop_lon":-118.035801,"stop_sequence":32,"segment_first_lat":34.066591341,"segment_first_lon":-118.0359564107,"segment_second_lat":34.0676602585,"segment_second_lon":-118.0359598418,"segment_sequence":320001,"segment_id":16,"segment_len_meter":118.8586231840266,"segment_cum_len":11818.434310792598,"stop_segment_distance":15.249673856308718}
{"route_id":"176","stop_id":"4636","stop_lat":34.051759,"stop_lon":-118.042628,"stop_sequence":26,"segment_first_lat":34.0518488822,"segment_first_lon":-118.0447245247,"segment_second_lat":34.0518570597,"segment_second_lon":-118.0426282214,"segment_sequence":250002,"segment_id":13,"segment_len_meter":193.1313387281342,"segment_cum_len":9467.809403440551,"stop_segment_distance":11.180534759247308}
{"route_id":"183","stop_id":"3088","stop_lat":34.164777,"stop_lon":-118.392255,"stop_sequence":21,"segment_first_lat":34.1649018391,"segment_first_lon":-118.3942819054,"segment_second_lat":34.1649034833,"segment_second_lon":-118.3922554801,"segment_sequence":200004,"segment_id":10,"segment_len_meter":186.4422253644422,"segment_cum_len":7975.206649197077,"stop_segment_distance":14.624525835372026}
{"route_id":"200","stop_id":"7306","stop_lat":34.045195,"stop_lon":-118.283784,"stop_sequence":18,"segment_first_lat":34.0450656516,"segment_first_lon":-118.284027537,"segment_second_lat":34.0452475274,"segment_second_lon":-118.2839248324,"segment_sequence":170006,"segment_id":9,"segment_len_meter":22.32802231997542,"segment_cum_len":4344.332740969958,"stop_segment_distance":18.55407030861824}
{"route_id":"224","stop_id":"20002","stop_lat":34.168728,"stop_lon":-118.376732,"stop_sequence":12,"segment_first_lat":34.1686697567,"segment_first_lon":-118.3768702599,"segment_second_lat":34.1689303162,"segment_second_lon":-118.3770274747,"segment_sequence":120001,"segment_id":6,"segment_len_meter":32.382624994242235,"segment_cum_len":3951.08229738134,"stop_segment_distance":17.176737992366057}
{"route_id":"234","stop_id":"16555","stop_lat":34.062714,"stop_lon":-118.445519,"stop_sequence":73,"segment_first_lat":34.063695534,"segment_first_lon":-118.4453355852,"segment_second_lat":34.0627116813,"segment_second_lon":-118.4453650159,"segment_sequence":720051,"segment_id":36,"segment_len_meter":109.433014999346,"segment_cum_len":42273.77855122551,"stop_segment_distance":15.195422796523417}
{"route_id":"236","stop_id":"348","stop_lat":34.215818,"stop_lon":-118.50098,"stop_sequence":15,"segment_first_lat":34.2158178638,"segment_first_lon":-118.5011316266,"segment_second_lat":34.216386677,"segment_second_lon":-118.5011323941,"segment_sequence":150001,"segment_id":8,"segment_len_meter":63.24918141952901,"segment_cum_len":6236.604371567983,"stop_segment_distance":15.460854167012116}
{"route_id":"256","stop_id":"10113","stop_lat":34.064071,"stop_lon":-118.178786,"stop_sequence":28,"segment_first_lat":34.0641227623,"segment_first_lon":-118.1790730147,"segment_second_lat":34.064353646,"segment_second_lon":-118.179030586,"segment_sequence":280002,"segment_id":14,"segment_len_meter":25.968881871288843,"segment_cum_len":8069.949410574805,"stop_segment_distance":39.758831610996964}
{"route_id":"258","stop_id":"4328","stop_lat":34.112255,"stop_lon":-118.169031,"stop_sequence":6,"segment_first_lat":34.1123280926,"segment_first_lon":-118.1691460087,"segment_second_lat":34.1126015809,"segment_second_lon":-118.1688958131,"segment_sequence":60001,"segment_id":3,"segment_len_meter":38.1490227090325,"segment_cum_len":1519.4423752804726,"stop_segment_distance":15.69657483716012}
{"route_id":"33","stop_id":"6931","stop_lat":34.021595,"stop_lon":-118.401445,"stop_sequence":26,"segment_first_lat":34.0216985409,"segment_first_lon":-118.4015295343,"segment_second_lat":34.0224345917,"segment_second_lon":-118.4002374316,"segment_sequence":260001,"segment_id":13,"segment_len_meter":144.4955531653281,"segment_cum_len":8619.581668461824,"stop_segment_distance":14.669008714154472}
{"route_id":"45","stop_id":"4330","stop_lat":34.072113,"stop_lon":-118.223843,"stop_sequence":9,"segment_first_lat":34.0719841789,"segment_first_lon":-118.223858355,"segment_second_lat":34.0720189384,"segment_second_lon":-118.2242292711,"segment_sequence":90001,"segment_id":5,"segment_len_meter":34.38174663967872,"segment_cum_len":1825.8712570038997,"stop_segment_distance":17.0957613649743}
{"route_id":"460","stop_id":"4600","stop_lat":33.902069,"stop_lon":-118.082232,"stop_sequence":26,"segment_first_lat":33.902200575,"segment_first_lon":-118.0822353752,"segment_second_lat":33.9022092308,"segment_second_lon":-118.0816287046,"segment_sequence":270001,"segment_id":14,"segment_len_meter":55.9983678758244,"segment_cum_len":37292.205580574046,"stop_segment_distance":16.45627333933102}
{"route_id":"60","stop_id":"11493","stop_lat":33.925273,"stop_lon":-118.210154,"stop_sequence":57,"segment_first_lat":33.9252924379,"segment_first_lon":-118.2099987936,"segment_second_lat":33.9251166284,"segment_second_lon":-118.2099686864,"segment_sequence":570001,"segment_id":29,"segment_len_meter":19.745501034224976,"segment_cum_len":17985.83981179776,"stop_segment_distance":19.122971077724838}
{"route_id":"60","stop_id":"12715","stop_lat":33.978092,"stop_lon":-118.22531,"stop_sequence":38,"segment_first_lat":33.9780924964,"segment_first_lon":-118.2251585832,"segment_second_lat":33.9769081767,"segment_second_lon":-118.2251553989,"segment_sequence":380001,"segment_id":19,"segment_len_meter":131.69066949995488,"segment_cum_len":11980.408337314659,"stop_segment_distance":14.67617546987637}
{"route_id":"611","stop_id":"9964","stop_lat":33.974867,"stop_lon":-118.230747,"stop_sequence":22,"segment_first_lat":33.9747330342,"segment_first_lon":-118.2303640678,"segment_second_lat":33.9747366883,"segment_second_lon":-118.2307526105,"segment_sequence":210007,"segment_id":11,"segment_len_meter":35.830673941902106,"segment_cum_len":6936.244624030035,"stop_segment_distance":16.993042538945424}
{"route_id":"66","stop_id":"1579","stop_lat":34.015584,"stop_lon":-118.155765,"stop_sequence":57,"segment_first_lat":34.0157067397,"segment_first_lon":-118.1557269373,"segment_second_lat":34.0152077552,"segment_second_lon":-118.1533451815,"segment_sequence":570001,"segment_id":29,"segment_len_meter":226.42502373279166,"segment_cum_len":17145.933944511216,"stop_segment_distance":14.586626088854558}
{"route_id":"66","stop_id":"20500009","stop_lat":34.005342,"stop_lon":-118.127892,"stop_sequence":65,"segment_first_lat":34.0054256574,"segment_first_lon":-118.1278713938,"segment_second_lat":34.0050068326,"segment_second_lon":-118.1255651146,"segment_sequence":650001,"segment_id":33,"segment_len_meter":217.63205137955626,"segment_cum_len":20443.15320325271,"stop_segment_distance":9.566273699490836}
{"route_id":"70","stop_id":"7665","stop_lat":34.062368,"stop_lon":-118.133922,"stop_sequence":43,"segment_first_lat":34.0624583554,"segment_first_lon":-118.133922088,"segment_second_lat":34.0624604311,"segment_second_lon":-118.1320368247,"segment_sequence":430001,"segment_id":22,"segment_len_meter":173.66482864328157,"segment_cum_len":15850.41298745613,"stop_segment_distance":10.342780218666547}
{"route_id":"744","stop_id":"557","stop_lat":34.17241,"stop_lon":-118.448375,"stop_sequence":5,"segment_first_lat":34.1724096666,"segment_first_lon":-118.4485255509,"segment_second_lat":34.1757620916,"segment_second_lon":-118.448528341,"segment_sequence":50001,"segment_id":3,"segment_len_meter":372.7727403252744,"segment_cum_len":6920.954158912929,"stop_segment_distance":14.080004856419691}
{"route_id":"78","stop_id":"3800","stop_lat":34.062581,"stop_lon":-118.211288,"stop_sequence":20,"segment_first_lat":34.0617379699,"segment_first_lon":-118.2127350168,"segment_second_lat":34.062678191,"segment_second_lon":-118.211383048,"segment_sequence":190004,"segment_id":10,"segment_len_meter":162.60490589091646,"segment_cum_len":7183.256713560122,"stop_segment_distance":14.260681037671105}
{"route_id":"78","stop_id":"7789","stop_lat":34.091442,"stop_lon":-118.134817,"stop_sequence":48,"segment_first_lat":34.0915652061,"segment_first_lon":-118.1348380085,"segment_second_lat":34.0915738652,"segment_second_lon":-118.1347118538,"segment_sequence":480001,"segment_id":24,"segment_len_meter":11.65682430158436,"segment_cum_len":15921.51291175238,"stop_segment_distance":19.75013658182263}
{"route_id":"81","stop_id":"13451","stop_lat":33.970906,"stop_lon":-118.282833,"stop_sequence":85,"segment_first_lat":33.9717392967,"segment_first_lon":-118.2826805728,"segment_second_lat":33.9709066953,"segment_second_lon":-118.2826807308,"segment_sequence":840003,"segment_id":42,"segment_len_meter":92.5810527435528,"segment_cum_len":26915.373286449365,"stop_segment_distance":15.17932714662787}
{"route_id":"90","stop_id":"10571","stop_lat":34.225497,"stop_lon":-118.242333,"stop_sequence":30,"segment_first_lat":34.2261793257,"segment_first_lon":-118.2432021401,"segment_second_lat":34.2255975953,"segment_second_lon":-118.2422453824,"segment_sequence":290003,"segment_id":15,"segment_len_meter":109.18674705237933,"segment_cum_len":8892.25928813621,"stop_segment_distance":14.787052866920618}
{"route_id":"92","stop_id":"2218","stop_lat":34.234373,"stop_lon":-118.371017,"stop_sequence":95,"segment_first_lat":34.2335458165,"segment_first_lon":-118.3702755341,"segment_second_lat":34.2343179442,"segment_second_lon":-118.3710925211,"segment_sequence":940003,"segment_id":47,"segment_len_meter":114.0712047389844,"segment_cum_len":30417.216544616065,"stop_segment_distance":9.667634109304174}
{"route_id":"92","stop_id":"6366","stop_lat":34.23032,"stop_lon":-118.366698,"stop_sequence":93,"segment_first_lat":34.2300259359,"segment_first_lon":-118.3666108254,"segment_second_lat":34.2302412966,"segment_second_lon":-118.3668165578,"segment_sequence":920003,"segment_id":46,"segment_len_meter":30.515467175512477,"segment_cum_len":29817.201381583865,"stop_segment_distance":17.128870073190335}
{"route_id":"92","stop_id":"8093","stop_lat":34.060238,"stop_lon":-118.248712,"stop_sequence":10,"segment_first_lat":34.0601497042,"segment_first_lon":-118.2488281141,"segment_second_lat":34.0603989068,"segment_second_lon":-118.2491088326,"segment_sequence":100001,"segment_id":5,"segment_len_meter":37.90206209240384,"segment_cum_len":3162.749991316127,"stop_segment_distance":17.31673521264473}
{"route_id":"96","stop_id":"14694","stop_lat":34.057309,"stop_lon":-118.240496,"stop_sequence":43,"segment_first_lat":34.0572652513,"segment_first_lon":-118.2404241639,"segment_second_lat":34.0571545924,"segment_second_lon":-118.2405219001,"segment_sequence":430001,"segment_id":22,"segment_len_meter":15.247057453557144,"segment_cum_len":21208.81404946387,"stop_segment_distance":10.300618464205812}
