{"route_id":"10","stop_id":"11711","stop_lat":34.083694,"stop_lon":-118.300282,"stop_sequence":39,"segment_first_lat":34.0835706001,"segment_first_lon":-118.2992376872,"segment_second_lat":34.0835680106,"segment_second_lon":-118.30028128,"segment_sequence":380007,"segment_id":19,"segment_len_meter":96.1090475156488,"segment_cum_len":10455.11302283088,"stop_segment_distance":15.049244494324554}
{"route_id":"108","stop_id":"1637","stop_lat":33.989126,"stop_lon":-118.265407,"stop_sequence":44,"segment_first_lat":33.9892445895,"segment_first_lon":-118.2663511592,"segment_second_lat":33.9892554541,"segment_second_lon":-118.2654110315,"segment_sequence":430004,"segment_id":22,"segment_len_meter":86.68484269051372,"segment_cum_len":14897.50286174423,"stop_segment_distance":15.755896124681954}
{"route_id":"110","stop_id":"2069","stop_lat":33.967714,"stop_lon":-118.137418,"stop_sequence":87,"segment_first_lat":33.9681253476,"segment_first_lon":-118.1379728622,"segment_second_lat":33.967800984,"segment_second_lon":-118.1373533005,"segment_sequence":860005,"segment_id":43,"segment_len_meter":67.56742855041007,"segment_cum_len":29901.70933208429,"stop_segment_distance":12.429451688639631}
{"route_id":"111","stop_id":"1991","stop_lat":33.972411,"stop_lon":-118.2092,"stop_sequence":54,"segment_first_lat":33.9725367933,"segment_first_lon":-118.2091799283,"segment_second_lat":33.9724052183,"segment_second_lon":-118.2078807895,"segment_sequence":540001,"segment_id":27,"segment_len_meter":120.68967612490457,"segment_cum_len":19757.449427788004,"stop_segment_distance":15.072135530759851}
{"route_id":"111","stop_id":"7634","stop_lat":33.974434,"stop_lon":-118.326757,"stop_sequence":24,"segment_first_lat":33.9745550968,"segment_first_lon":-118.327529644,"segment_second_lat":33.974559113,"segment_second_lon":-118.3267578711,"segment_sequence":230005,"segment_id":12,"segment_len_meter":71.16841284957295,"segment_cum_len":8779.060309900788,"stop_segment_distance":15.252413322608703}
{"route_id":"111","stop_id":"7646","stop_lat":33.974464,"stop_lon":-118.317404,"stop_sequence":26,"segment_first_lat":33.9745904034,"segment_first_lon":-118.3174041771,"segment_second_lat":33.9745918945,"segment_second_lon":-118.3168368851,"segment_sequence":260001,"segment_id":13,"segment_len_meter":52.311584172967144,"segment_cum_len":9693.926450177993,"stop_segment_distance":15.938059451812663}
{"route_id":"115","stop_id":"1922","stop_lat":33.942463,"stop_lon":-118.137753,"stop_sequence":74,"segment_first_lat":33.9425646851,"segment_first_lon":-118.1376627218,"segment_second_lat":33.9423211269,"segment_second_lon":-118.1372676757,"segment_sequence":740001,"segment_id":37,"segment_len_meter":45.40341228610223,"segment_cum_len":24541.48023074063,"stop_segment_distance":16.107300387561835}
{"route_id":"125","stop_id":"17319","stop_lat":33.90178,"stop_lon":-118.357787,"stop_sequence":14,"segment_first_lat":33.9019095606,"segment_first_lon":-118.3586046462,"segment_second_lat":33.9019073178,"segment_second_lon":-118.3577873807,"segment_sequence":130006,"segment_id":7,"segment_len_meter":75.42673557620195,"segment_cum_len":6010.701260133706,"stop_segment_distance":15.554791661424545}
{"route_id":"130","stop_id":"13000067","stop_lat":33.873011,"stop_lon":-118.357466,"stop_sequence":63,"segment_first_lat":33.8728779609,"segment_first_lon":-118.3569618299,"segment_second_lat":33.8728847005,"segment_second_lon":-118.3574691724,"segment_sequence":620005,"segment_id":31,"segment_len_meter":46.845122085476746,"segment_cum_len":30458.145142919493,"stop_segment_distance":16.0422548821769}
{"route_id":"154","stop_id":"12679","stop_lat":34.179514,"stop_lon":-118.431527,"stop_sequence":44,"segment_first_lat":34.1794162746,"segment_first_lon":-118.431526901,"segment_second_lat":34.1794155651,"segment_second_lon":-118.4322642118,"segment_sequence":440001,"segment_id":22,"segment_len_meter":67.82498022018534,"segment_cum_len":17296.974557578287,"stop_segment_distance":11.734999834756508}
{"route_id":"154","stop_id":"15882","stop_lat":34.182889,"stop_lon":-118.326161,"stop_sequence":7,"segment_first_lat":34.1828708051,"segment_first_lon":-118.325803746,"segment_second_lat":34.1827694281,"segment_second_lon":-118.3261022548,"segment_sequence":60003,"segment_id":3,"segment_len_meter":29.682426538289175,"segment_cum_len":3432.3519757538347,"stop_segment_distance":17.594044740292166}
{"route_id":"158","stop_id":"8552","stop_lat":34.225936,"stop_lon":-118.432644,"stop_sequence":28,"segment_first_lat":34.2259166238,"segment_first_lon":-118.432786157,"segment_second_lat":34.2259932413,"segment_second_lon":-118.4327997869,"segment_sequence":280001,"segment_id":14,"segment_len_meter":8.611143715642648,"segment_cum_len":10413.62782312869,"stop_segment_distance":20.308454404610124}
{"route_id":"163","stop_id":"140738","stop_lat":34.200951,"stop_lon":-118.518257,"stop_sequence":30,"segment_first_lat":34.2010771145,"segment_first_lon":-118.5182578794,"segment_second_lat":34.2010850021,"segment_second_lon":-118.5158337404,"segment_sequence":300001,"segment_id":15,"segment_len_meter":222.9400549147493,"segment_cum_len":10684.263472851919,"stop_segment_distance":14.438658859821572}
{"route_id":"164","stop_id":"7120","stop_lat":34.188477,"stop_lon":-118.597809,"stop_sequence":72,"segment_first_lat":34.1883564465,"segment_first_lon":-118.5976757463,"segment_second_lat":34.1883544043,"segment_second_lon":-118.5978109767,"segment_sequence":710005,"segment_id":36,"segment_len_meter":12.440546528059052,"segment_cum_len":28640.363176915114,"stop_segment_distance":19.356324729984173}
{"route_id":"169","stop_id":"6084","stop_lat":34.208134,"stop_lon":-118.623589,"stop_sequence":48,"segment_first_lat":34.2082408638,"segment_first_lon":-118.6253101225,"segment_second_lat":34.2082596327,"segment_second_lon":-118.6235903535,"segment_sequence":470004,"segment_id":24,"segment_len_meter":158.16056831287156,"segment_cum_len":19663.490228198298,"stop_segment_distance":14.526525351027573}
{"route_id":"175","stop_id":"2594","stop_lat":34.10129,"stop_lon":-118.273282,"stop_sequence":25,"segment_first_lat":34.1019086978,"segment_first_lon":-118.2730721171,"segment_second_lat":34.1012781306,"segment_second_lon":-118.2731625485,"segment_sequence":240012,"segment_id":12,"segment_len_meter":70.60853279348987,"segment_cum_len":6918.369049786655,"stop_segment_distance":11.927541528905692}
{"route_id":"176","stop_id":"10094","stop_lat":34.100009,"stop_lon":-118.116908,"stop_sequence":64,"segment_first_lat":34.0998987323,"segment_first_lon":-118.116831328,"segment_second_lat":34.0994559709,"segment_second_lon":-118.1177628592,"segment_sequence":640001,"segment_id":32,"segment_len_meter":98.89753740784438,"segment_cum_len":25347.98564644474,"stop_segment_distance":15.13651156618269}
{"route_id":"200","stop_id":"6903","stop_lat":34.043511,"stop_lon":-118.283956,"stop_sequence":17,"segment_first_lat":34.0435156709,"segment_first_lon":-118.2841047996,"segment_second_lat":34.0437629773,"segment_second_lon":-118.2841056393,"segment_sequence":170001,"segment_id":9,"segment_len_meter":27.49932584165151,"segment_cum_len":4174.904766734861,"stop_segment_distance":17.447662648828807}
{"route_id":"201","stop_id":"10751","stop_lat":34.111371,"stop_lon":-118.26528,"stop_sequence":32,"segment_first_lat":34.1115739782,"segment_first_lon":-118.2652211969,"segment_second_lat":34.111420544,"segment_second_lon":-118.2651427444,"segment_sequence":310026,"segment_id":16,"segment_len_meter":18.526940400989133,"segment_cum_len":8701.602785432728,"stop_segment_distance":18.4683178865098}
{"route_id":"204","stop_id":"5644","stop_lat":33.937983,"stop_lon":-118.291415,"stop_sequence":6,"segment_first_lat":33.9373149987,"segment_first_lon":-118.2915679065,"segment_second_lat":33.9379827274,"segment_second_lon":-118.2915675929,"segment_sequence":50004,"segment_id":3,"segment_len_meter":74.24804945063617,"segment_cum_len":1554.0659524234563,"stop_segment_distance":15.434892683575853}
{"route_id":"205","stop_id":"17565","stop_lat":33.732501,"stop_lon":-118.292692,"stop_sequence":1,"segment_first_lat":33.7324302428,"segment_first_lon":-118.2926917199,"segment_second_lat":33.7324315393,"segment_second_lon":-118.2928364285,"segment_sequence":10001,"segment_id":1,"segment_len_meter":13.382580051894156,"segment_cum_len":13.382580051894156,"stop_segment_distance":9.913692090611075}
{"route_id":"209","stop_id":"5613","stop_lat":33.972644,"stop_lon":-118.317618,"stop_sequence":24,"segment_first_lat":33.9718828842,"segment_first_lon":-118.3177369215,"segment_second_lat":33.972644041,"segment_second_lon":-118.3177371709,"segment_sequence":230003,"segment_id":12,"segment_len_meter":84.63677766602058,"segment_cum_len":8805.900799440324,"stop_segment_distance":11.692248474172686}
{"route_id":"209","stop_id":"5621","stop_lat":33.97437,"stop_lon":-118.317614,"stop_sequence":25,"segment_first_lat":33.9736827326,"segment_first_lon":-118.317737154,"segment_second_lat":33.9743697041,"segment_second_lon":-118.3177348131,"segment_sequence":240003,"segment_id":12,"segment_len_meter":76.38805054624753,"segment_cum_len":8997.786092211294,"stop_segment_distance":12.012327083886689}
{"route_id":"230","stop_id":"2894","stop_lat":34.240941,"stop_lon":-118.413412,"stop_sequence":22,"segment_first_lat":34.2439122528,"segment_first_lon":-118.4163548287,"segment_second_lat":34.2410228838,"segment_second_lon":-118.4132960085,"segment_sequence":210002,"segment_id":11,"segment_len_meter":426.9414703834677,"segment_cum_len":8050.367649835216,"stop_segment_distance":14.081293667828163}
{"route_id":"230","stop_id":"2925","stop_lat":34.258493,"stop_lon":-118.432028,"stop_sequence":16,"segment_first_lat":34.2585743622,"segment_first_lon":-118.4319136821,"segment_second_lat":34.2580060476,"segment_second_lon":-118.4313110675,"segment_sequence":160001,"segment_id":8,"segment_len_meter":84.02770386503771,"segment_cum_len":5538.803241288903,"stop_segment_distance":15.11988034473265}
{"route_id":"256","stop_id":"10175","stop_lat":34.081307,"stop_lon":-118.177911,"stop_sequence":35,"segment_first_lat":34.0813067176,"segment_first_lon":-118.1780308999,"segment_second_lat":34.0818892605,"segment_second_lon":-118.1780344516,"segment_sequence":350001,"segment_id":18,"segment_len_meter":64.77664089869302,"segment_cum_len":10562.449125470694,"stop_segment_distance":12.000852588458486}
{"route_id":"256","stop_id":"10296","stop_lat":34.096046,"stop_lon":-118.180317,"stop_sequence":47,"segment_first_lat":34.0945166881,"segment_first_lon":-118.1810802416,"segment_second_lat":34.0960779045,"segment_second_lon":-118.1804279724,"segment_sequence":460002,"segment_id":23,"segment_len_meter":183.69579562982656,"segment_cum_len":13412.69544624765,"stop_segment_distance":11.123347894594247}
{"route_id":"256","stop_id":"10408","stop_lat":34.11462,"stop_lon":-118.181206,"stop_sequence":65,"segment_first_lat":34.1146640055,"segment_first_lon":-118.181310872,"segment_second_lat":34.1154145488,"segment_second_lon":-118.1808777214,"segment_sequence":650001,"segment_id":33,"segment_len_meter":92.4936717364125,"segment_cum_len":18507.346081057898,"stop_segment_distance":11.705708706204874}
{"route_id":"256","stop_id":"10636","stop_lat":34.149434,"stop_lon":-118.121043,"stop_sequence":96,"segment_first_lat":34.1495323824,"segment_first_lon":-118.1210427088,"segment_second_lat":34.1495420698,"segment_second_lon":-118.1198694007,"segment_sequence":960001,"segment_id":48,"segment_len_meter":107.97573679085623,"segment_cum_len":29460.564084606343,"stop_segment_distance":11.627639758488058}
{"route_id":"256","stop_id":"2800","stop_lat":34.169146,"stop_lon":-118.132093,"stop_sequence":111,"segment_first_lat":34.1689794105,"segment_first_lon":-118.1315076155,"segment_second_lat":34.1689731,"segment_second_lon":-118.1322547395,"segment_sequence":1100003,"segment_id":55,"segment_len_meter":68.7397309968337,"segment_cum_len":34006.43061580076,"stop_segment_distance":12.524207489270822}
{"route_id":"265","stop_id":"31693","stop_lat":33.857078,"stop_lon":-118.159703,"stop_sequence":8,"segment_first_lat":33.8570774733,"segment_first_lon":-118.1598579881,"segment_second_lat":33.8573879729,"segment_second_lon":-118.1598612149,"segment_sequence":80001,"segment_id":4,"segment_len_meter":34.527265929081324,"segment_cum_len":2699.101214935898,"stop_segment_distance":17.220193828212416}
{"route_id":"266","stop_id":"1913","stop_lat":33.935796,"stop_lon":-118.123684,"stop_sequence":28,"segment_first_lat":33.9358406032,"segment_first_lon":-118.1238246416,"segment_second_lat":33.9361889183,"segment_second_lon":-118.1236652657,"segment_sequence":280001,"segment_id":14,"segment_len_meter":41.427783726794644,"segment_cum_len":12324.621164981601,"stop_segment_distance":16.187323069644663}
{"route_id":"266","stop_id":"8307","stop_lat":34.001694,"stop_lon":-118.08361,"stop_sequence":44,"segment_first_lat":34.0017159735,"segment_first_lon":-118.0837742626,"segment_second_lat":34.0021249108,"segment_second_lon":-118.083692519,"segment_sequence":440001,"segment_id":22,"segment_len_meter":46.09188375984612,"segment_cum_len":20614.45397883956,"stop_segment_distance":17.761337485779656}
{"route_id":"33","stop_id":"6924","stop_lat":33.995597,"stop_lon":-118.449206,"stop_sequence":10,"segment_first_lat":33.9952968161,"segment_first_lon":-118.4500853246,"segment_second_lat":33.9957042867,"segment_second_lon":-118.4492848464,"segment_sequence":90003,"segment_id":5,"segment_len_meter":86.59501368516956,"segment_cum_len":3207.2866834137444,"stop_segment_distance":15.042503196076467}
{"route_id":"53","stop_id":"4865","stop_lat":33.972191,"stop_lon":-118.256244,"stop_sequence":43,"segment_first_lat":33.9721909636,"segment_first_lon":-118.2563958973,"segment_second_lat":33.9723283556,"segment_second_lon":-118.2563963179,"segment_sequence":430001,"segment_id":22,"segment_len_meter":15.27734259525266,"segment_cum_len":14815.793172417181,"stop_segment_distance":19.479833074965597}
{"route_id":"55","stop_id":"14171","stop_lat":33.924713,"stop_lon":-118.239387,"stop_sequence":3,"segment_first_lat":33.9246103423,"segment_first_lon":-118.2393865976,"segment_second_lat":33.924598361,"segment_second_lon":-118.2422213533,"segment_sequence":30001,"segment_id":2,"segment_len_meter":261.5564202276336,"segment_cum_len":928.1551066195791,"stop_segment_distance":11.684888268387738}
{"route_id":"602","stop_id":"8005","stop_lat":34.072185,"stop_lon":-118.467508,"stop_sequence":42,"segment_first_lat":34.0721756954,"segment_first_lon":-118.4678251596,"segment_second_lat":34.0722958847,"segment_second_lon":-118.4675847775,"segment_sequence":410018,"segment_id":21,"segment_len_meter":25.861538717999935,"segment_cum_len":13181.857928326337,"stop_segment_distance":17.583033428209994}
{"route_id":"76","stop_id":"10235","stop_lat":34.07929,"stop_lon":-118.111638,"stop_sequence":21,"segment_first_lat":34.0791641289,"segment_first_lon":-118.11162758,"segment_second_lat":34.0791212649,"segment_second_lon":-118.112513213,"segment_sequence":210001,"segment_id":11,"segment_len_meter":81.70487122521396,"segment_cum_len":7783.378081570822,"stop_segment_distance":15.085070811023257}
{"route_id":"81","stop_id":"13474","stop_lat":34.040474,"stop_lon":-118.268313,"stop_sequence":56,"segment_first_lat":34.0404131926,"segment_first_lon":-118.2681829325,"segment_second_lat":34.0401608378,"segment_second_lon":-118.268351786,"segment_sequence":560001,"segment_id":28,"segment_len_meter":32.08516130384662,"segment_cum_len":18886.615577044005,"stop_segment_distance":16.680118583504033}
{"route_id":"90","stop_id":"12061","stop_lat":34.151623,"stop_lon":-118.245038,"stop_sequence":59,"segment_first_lat":34.1515586146,"segment_first_lon":-118.2449062985,"segment_second_lat":34.1511857522,"segment_second_lon":-118.2451653254,"segment_sequence":590001,"segment_id":30,"segment_len_meter":47.82369711851076,"segment_cum_len":18790.20211321762,"stop_segment_distance":16.263724571666067}
{"route_id":"92","stop_id":"2253","stop_lat":34.213321,"stop_lon":-118.348339,"stop_sequence":87,"segment_first_lat":34.2132432905,"segment_first_lon":-118.3484474828,"segment_second_lat":34.2134596564,"segment_second_lon":-118.3486964616,"segment_sequence":870002,"segment_id":44,"segment_len_meter":33.211021526519,"segment_cum_len":27303.90440951659,"stop_segment_distance":16.292246661190326}
{"route_id":"96","stop_id":"18088","stop_lat":34.110972,"stop_lon":-118.265203,"stop_sequence":25,"segment_first_lat":34.1110740849,"segment_first_lon":-118.2651208328,"segment_second_lat":34.1110001978,"segment_second_lon":-118.2649815162,"segment_sequence":250001,"segment_id":13,"segment_len_meter":15.231817698619937,"segment_cum_len":12729.30088103589,"stop_segment_distance":19.03954432977629}
{"route_id":"DSE","stop_id":"2324","stop_lat":33.928732,"stop_lon":-118.280709,"stop_sequence":4,"segment_first_lat":33.928729,"segment_first_lon":-118.28067,"segment_second_lat":33.928539,"segment_second_lon":-118.280689,"segment_sequence":381,"segment_id":0,"segment_len_meter":21.199636661742666,"segment_cum_len":22796.2233150945,"stop_segment_distance":3.953817324727247}
