{"route_id":"102","stop_id":"2958","stop_lat":34.010385,"stop_lon":-118.323242,"stop_sequence":36,"segment_first_lat":34.0104764342,"segment_first_lon":-118.3232998011,"segment_second_lat":34.0105723718,"segment_second_lon":-118.3230807442,"segment_sequence":360001,"segment_id":18,"segment_len_meter":22.836074429868518,"segment_cum_len":12780.008850417773,"stop_segment_distance":14.235498822310483}
{"route_id":"106","stop_id":"13193","stop_lat":34.038103,"stop_lon":-118.219392,"stop_sequence":24,"segment_first_lat":34.0380664416,"segment_first_lon":-118.2195083503,"segment_second_lat":34.0382589238,"segment_second_lon":-118.2195870828,"segment_sequence":240001,"segment_id":12,"segment_len_meter":22.599128513415053,"segment_cum_len":8498.510660962296,"stop_segment_distance":13.841102117304636}
{"route_id":"106","stop_id":"8616","stop_lat":34.037133,"stop_lon":-118.148685,"stop_sequence":3,"segment_first_lat":34.0363975274,"segment_first_lon":-118.1481227506,"segment_second_lat":34.0370878379,"segment_second_lon":-118.1487544047,"segment_sequence":20003,"segment_id":1,"segment_len_meter":96.33077160092404,"segment_cum_len":707.1328079023083,"stop_segment_distance":8.610698275350956}
{"route_id":"108","stop_id":"7974","stop_lat":33.987834,"stop_lon":-118.373365,"stop_sequence":12,"segment_first_lat":33.9879590962,"segment_first_lon":-118.3733522138,"segment_second_lat":33.9879502628,"segment_second_lon":-118.3731875656,"segment_sequence":120001,"segment_id":6,"segment_len_meter":15.211952917909823,"segment_cum_len":4940.641741410722,"stop_segment_distance":19.598595209460324}
{"route_id":"115","stop_id":"10109","stop_lat":33.95986,"stop_lon":-118.332409,"stop_sequence":27,"segment_first_lat":33.959984307,"segment_first_lon":-118.3351265543,"segment_second_lat":33.9599866045,"segment_second_lon":-118.3324092844,"segment_sequence":260002,"segment_id":13,"segment_len_meter":250.6089734812561,"segment_cum_len":6148.872048583248,"stop_segment_distance":14.484943019756997}
{"route_id":"125","stop_id":"16229","stop_lat":33.901843,"stop_lon":-118.274226,"stop_sequence":34,"segment_first_lat":33.9019679397,"segment_first_lon":-118.2780129716,"segment_second_lat":33.9019694684,"segment_second_lon":-118.2742265845,"segment_sequence":330001,"segment_id":17,"segment_len_meter":349.44958451577,"segment_cum_len":13722.965098374434,"stop_segment_distance":14.392915305298175}
{"route_id":"130","stop_id":"17469","stop_lat":33.864435,"stop_lon":-118.278244,"stop_sequence":42,"segment_first_lat":33.8650988138,"segment_first_lon":-118.2764710469,"segment_second_lat":33.8643246823,"segment_second_lon":-118.2781717708,"segment_sequence":410003,"segment_id":21,"segment_len_meter":179.07577767848562,"segment_cum_len":20394.683878129785,"stop_segment_distance":14.457506924799418}
{"route_id":"14","stop_id":"12340","stop_lat":34.07628,"stop_lon":-118.326984,"stop_sequence":61,"segment_first_lat":34.0761628176,"segment_first_lon":-118.326931237,"segment_second_lat":34.0761508794,"segment_second_lon":-118.3269764311,"segment_sequence":610001,"segment_id":31,"segment_len_meter":4.369017838928103,"segment_cum_len":22362.27241798958,"stop_segment_distance":23.91223704151527}
{"route_id":"14","stop_id":"4105","stop_lat":34.053042,"stop_lon":-118.249358,"stop_sequence":41,"segment_first_lat":34.0523289595,"segment_first_lon":-118.2501742341,"segment_second_lat":34.0531017847,"segment_second_lon":-118.249449922,"segment_sequence":400005,"segment_id":20,"segment_len_meter":108.80011057616888,"segment_cum_len":14037.921210753297,"stop_segment_distance":11.241000453704075}
{"route_id":"163","stop_id":"6211","stop_lat":34.200473,"stop_lon":-118.396166,"stop_sequence":57,"segment_first_lat":34.2006090118,"segment_first_lon":-118.3964777762,"segment_second_lat":34.2005674906,"segment_second_lon":-118.3961508301,"segment_sequence":560022,"segment_id":28,"segment_len_meter":30.420496024149962,"segment_cum_len":21706.243638498785,"stop_segment_distance":12.595727805350954}
{"route_id":"176","stop_id":"13076","stop_lat":34.081116,"stop_lon":-118.073035,"stop_sequence":51,"segment_first_lat":34.0811134665,"segment_first_lon":-118.0731886008,"segment_second_lat":34.0817454638,"segment_second_lon":-118.0732076476,"segment_sequence":510001,"segment_id":26,"segment_len_meter":70.29678265207559,"segment_cum_len":19979.150431237707,"stop_segment_distance":15.628613630679794}
{"route_id":"18","stop_id":"8302","stop_lat":34.032543,"stop_lon":-118.211938,"stop_sequence":40,"segment_first_lat":34.0326560808,"segment_first_lon":-118.2118679732,"segment_second_lat":34.032494604,"segment_second_lon":-118.2114988969,"segment_sequence":400001,"segment_id":20,"segment_len_meter":38.458906775869806,"segment_cum_len":11149.644219520684,"stop_segment_distance":16.493642997672794}
{"route_id":"180","stop_id":"3046","stop_lat":34.124831,"stop_lon":-118.265689,"stop_sequence":25,"segment_first_lat":34.124532796,"segment_first_lon":-118.2665476274,"segment_second_lat":34.1249398193,"segment_second_lon":-118.2657704629,"segment_sequence":240003,"segment_id":12,"segment_len_meter":84.65201793339403,"segment_cum_len":7802.374619897583,"stop_segment_distance":15.293176582784767}
{"route_id":"180","stop_id":"9315","stop_lat":34.139838,"stop_lon":-118.218777,"stop_sequence":48,"segment_first_lat":34.1399608098,"segment_first_lon":-118.2187432257,"segment_second_lat":34.1397061064,"segment_second_lon":-118.21735853,"segment_sequence":480001,"segment_id":24,"segment_len_meter":130.54653398285606,"segment_cum_len":14661.704881192714,"stop_segment_distance":14.825591122723694}
{"route_id":"200","stop_id":"3359","stop_lat":34.074489,"stop_lon":-118.265213,"stop_sequence":34,"segment_first_lat":34.07454774,"segment_first_lon":-118.2653461726,"segment_second_lat":34.0746946741,"segment_second_lon":-118.2652561589,"segment_sequence":340001,"segment_id":17,"segment_len_meter":18.321432606674875,"segment_cum_len":8043.275945007412,"stop_segment_distance":18.787749503940013}
{"route_id":"200","stop_id":"5154","stop_lat":34.039545,"stop_lon":-118.283913,"stop_sequence":15,"segment_first_lat":34.0381987869,"segment_first_lon":-118.2840009287,"segment_second_lat":34.0395398677,"segment_second_lon":-118.284066545,"segment_sequence":140008,"segment_id":7,"segment_len_meter":149.24389803027367,"segment_cum_len":3705.168148384923,"stop_segment_distance":14.82668898210116}
{"route_id":"205","stop_id":"17450","stop_lat":33.828367,"stop_lon":-118.290122,"stop_sequence":69,"segment_first_lat":33.8283663734,"segment_first_lon":-118.2902732687,"segment_second_lat":33.8292539188,"segment_second_lon":-118.2902737058,"segment_sequence":700001,"segment_id":35,"segment_len_meter":98.69055390530285,"segment_cum_len":23184.01345955854,"stop_segment_distance":14.893862519797906}
{"route_id":"211","stop_id":"12871","stop_lat":33.898435,"stop_lon":-118.343998,"stop_sequence":52,"segment_first_lat":33.9001225018,"segment_first_lon":-118.3438438729,"segment_second_lat":33.8984353352,"segment_second_lon":-118.3438399175,"segment_sequence":510003,"segment_id":26,"segment_len_meter":187.60472150848233,"segment_cum_len":18484.49568158436,"stop_segment_distance":15.165587046089883}
{"route_id":"224","stop_id":"11331","stop_lat":34.148379,"stop_lon":-118.364428,"stop_sequence":4,"segment_first_lat":34.1483198005,"segment_first_lon":-118.3645648053,"segment_second_lat":34.1487817052,"segment_second_lon":-118.3648431285,"segment_sequence":40001,"segment_id":2,"segment_len_meter":57.393244887755706,"segment_cum_len":1445.6885139298215,"stop_segment_distance":15.673088581965267}
{"route_id":"239","stop_id":"15520","stop_lat":34.186491,"stop_lon":-118.518336,"stop_sequence":10,"segment_first_lat":34.1855040233,"segment_first_lon":-118.5184853063,"segment_second_lat":34.1864905086,"segment_second_lon":-118.5184884535,"segment_sequence":90007,"segment_id":5,"segment_len_meter":109.69254256001125,"segment_cum_len":3059.975371961829,"stop_segment_distance":14.933288704133957}
{"route_id":"246","stop_id":"3821","stop_lat":33.743138,"stop_lon":-118.28773,"stop_sequence":22,"segment_first_lat":33.7424014775,"segment_first_lon":-118.2878848906,"segment_second_lat":33.7431378992,"segment_second_lon":-118.2878791924,"segment_sequence":210003,"segment_id":11,"segment_len_meter":81.88805189339125,"segment_cum_len":4631.390912203615,"stop_segment_distance":15.047038284135226}
{"route_id":"246","stop_id":"5402","stop_lat":33.720444,"stop_lon":-118.287806,"stop_sequence":10,"segment_first_lat":33.7189324964,"segment_first_lon":-118.2879425589,"segment_second_lat":33.7204437428,"segment_second_lon":-118.2879566179,"segment_sequence":90003,"segment_id":5,"segment_len_meter":168.04796321185154,"segment_cum_len":2107.861419367554,"stop_segment_distance":14.42769020412112}
{"route_id":"260","stop_id":"163","stop_lat":33.933707,"stop_lon":-118.182576,"stop_sequence":81,"segment_first_lat":33.9339655889,"segment_first_lon":-118.1823881566,"segment_second_lat":33.93369213,"segment_second_lon":-118.1824201979,"segment_sequence":800005,"segment_id":40,"segment_len_meter":30.550588105424417,"segment_cum_len":31578.315260498894,"stop_segment_distance":17.490303481498337}
{"route_id":"265","stop_id":"2803","stop_lat":33.850997,"stop_lon":-118.142345,"stop_sequence":2,"segment_first_lat":33.8509990933,"segment_first_lon":-118.1424985811,"segment_second_lat":33.853807429,"segment_second_lon":-118.1424450584,"segment_sequence":20001,"segment_id":1,"segment_len_meter":312.3117939959517,"segment_cum_len":696.0918992249432,"stop_segment_distance":14.51475534516311}
{"route_id":"28","stop_id":"9505","stop_lat":34.096193,"stop_lon":-118.229566,"stop_sequence":31,"segment_first_lat":34.0964371325,"segment_first_lon":-118.2297546727,"segment_second_lat":34.0962697324,"segment_second_lon":-118.229494264,"segment_sequence":300006,"segment_id":15,"segment_len_meter":30.355374341873762,"segment_cum_len":9107.80026250754,"stop_segment_distance":12.664500453112929}
{"route_id":"30","stop_id":"7930","stop_lat":34.048285,"stop_lon":-118.333047,"stop_sequence":3,"segment_first_lat":34.0484346587,"segment_first_lon":-118.3330244406,"segment_second_lat":34.0483928468,"segment_second_lon":-118.3326416705,"segment_sequence":30001,"segment_id":2,"segment_len_meter":35.57060238323819,"segment_cum_len":757.7303526193512,"stop_segment_distance":20.42213733778467}
{"route_id":"33","stop_id":"6905","stop_lat":34.04404,"stop_lon":-118.296743,"stop_sequence":58,"segment_first_lat":34.0441631938,"segment_first_lon":-118.297069954,"segment_second_lat":34.0441832023,"segment_second_lon":-118.2967554414,"segment_sequence":570005,"segment_id":29,"segment_len_meter":29.063468882635505,"segment_cum_len":18973.203274778214,"stop_segment_distance":19.993954426532156}
{"route_id":"33","stop_id":"9744","stop_lat":34.044344,"stop_lon":-118.248787,"stop_sequence":76,"segment_first_lat":34.0444266303,"segment_first_lon":-118.2487153373,"segment_second_lat":34.0439252039,"segment_second_lon":-118.2478846435,"segment_sequence":760001,"segment_id":38,"segment_len_meter":94.69278777560734,"segment_cum_len":24466.0276503028,"stop_segment_distance":11.91535349157354}
{"route_id":"35","stop_id":"16466","stop_lat":34.040108,"stop_lon":-118.300165,"stop_sequence":56,"segment_first_lat":34.0399915194,"segment_first_lon":-118.2983490646,"segment_second_lat":34.0399820738,"segment_second_lon":-118.3001644807,"segment_sequence":550003,"segment_id":28,"segment_len_meter":167.2781958261413,"segment_cum_len":17678.542793282046,"stop_segment_distance":14.547409061522416}
{"route_id":"4","stop_id":"14363","stop_lat":34.061214,"stop_lon":-118.4192,"stop_sequence":72,"segment_first_lat":34.0610875145,"segment_first_lon":-118.4190744443,"segment_second_lat":34.0606298852,"segment_second_lon":-118.419738094,"segment_sequence":720001,"segment_id":36,"segment_len_meter":79.54131975034622,"segment_cum_len":23573.9858418357,"stop_segment_distance":20.372543132969668}
{"route_id":"4","stop_id":"14435","stop_lat":34.087732,"stop_lon":-118.380047,"stop_sequence":62,"segment_first_lat":34.0880975446,"segment_first_lon":-118.3790773512,"segment_second_lat":34.0876525376,"segment_second_lon":-118.3799043138,"segment_sequence":610006,"segment_id":31,"segment_len_meter":90.81857395859795,"segment_cum_len":18830.488453882423,"stop_segment_distance":23.12605831747406}
{"route_id":"4","stop_id":"16947","stop_lat":34.045509,"stop_lon":-118.252927,"stop_sequence":7,"segment_first_lat":34.0455868426,"segment_first_lon":-118.2530497433,"segment_second_lat":34.0466699681,"segment_second_lon":-118.252038928,"segment_sequence":70001,"segment_id":4,"segment_len_meter":152.24564631037708,"segment_cum_len":2066.785337763145,"stop_segment_distance":14.835706616542808}
{"route_id":"40","stop_id":"13232","stop_lat":34.022446,"stop_lon":-118.271803,"stop_sequence":20,"segment_first_lat":34.0235717534,"segment_first_lon":-118.2709057287,"segment_second_lat":34.0223854274,"segment_second_lon":-118.271671477,"segment_sequence":190004,"segment_id":10,"segment_len_meter":149.60431932492955,"segment_cum_len":7834.573166586917,"stop_segment_distance":14.287749328770474}
{"route_id":"487","stop_id":"3893","stop_lat":34.110344,"stop_lon":-118.090953,"stop_sequence":23,"segment_first_lat":34.1098769448,"segment_first_lon":-118.0911012552,"segment_second_lat":34.1103413284,"segment_second_lon":-118.0911093594,"segment_sequence":220007,"segment_id":11,"segment_len_meter":51.6424904254278,"segment_cum_len":20232.46244957707,"stop_segment_distance":16.453606952901175}
{"route_id":"53","stop_id":"4850","stop_lat":34.026197,"stop_lon":-118.248783,"stop_sequence":64,"segment_first_lat":34.0259762525,"segment_first_lon":-118.2491647866,"segment_second_lat":34.0262702619,"segment_second_lon":-118.2489042803,"segment_sequence":630007,"segment_id":32,"segment_len_meter":40.56034631464926,"segment_cum_len":21013.55954676241,"stop_segment_distance":16.170348157475978}
{"route_id":"62","stop_id":"6487","stop_lat":33.987614,"stop_lon":-118.137022,"stop_sequence":36,"segment_first_lat":33.9877036063,"segment_first_lon":-118.1369244547,"segment_second_lat":33.9874415883,"segment_second_lon":-118.1365697421,"segment_sequence":360001,"segment_id":18,"segment_len_meter":43.799502509885,"segment_cum_len":16933.027536394708,"stop_segment_distance":15.516350889299822}
{"route_id":"720","stop_id":"16686","stop_lat":34.057888,"stop_lon":-118.275348,"stop_sequence":16,"segment_first_lat":34.0574059812,"segment_first_lon":-118.2746799568,"segment_second_lat":34.0577581878,"segment_second_lon":-118.2754348495,"segment_sequence":150013,"segment_id":8,"segment_len_meter":79.8118560565581,"segment_cum_len":13379.522005884286,"stop_segment_distance":18.301185947110582}
{"route_id":"754","stop_id":"140967","stop_lat":34.047017,"stop_lon":-118.291746,"stop_sequence":10,"segment_first_lat":34.0470178501,"segment_first_lon":-118.2915900385,"segment_second_lat":34.0442480264,"segment_second_lon":-118.2915774152,"segment_sequence":100001,"segment_id":5,"segment_len_meter":307.9925391205258,"segment_cum_len":7118.501967683103,"stop_segment_distance":14.664442683133643}
{"route_id":"754","stop_id":"15431","stop_lat":34.011053,"stop_lon":-118.291693,"stop_sequence":16,"segment_first_lat":34.0120925626,"segment_first_lon":-118.2915380003,"segment_second_lat":34.0110538716,"segment_second_lon":-118.2915370224,"segment_sequence":150011,"segment_id":8,"segment_len_meter":115.49720472315417,"segment_cum_len":10809.557644497956,"stop_segment_distance":15.353619849017974}
{"route_id":"794","stop_id":"4771","stop_lat":34.051807,"stop_lon":-118.248822,"stop_sequence":7,"segment_first_lat":34.0518682721,"segment_first_lon":-118.2489144078,"segment_second_lat":34.0530896077,"segment_second_lon":-118.2477566334,"segment_sequence":70001,"segment_id":4,"segment_len_meter":172.68582061406266,"segment_cum_len":2793.362873934888,"stop_segment_distance":11.347345668554198}
{"route_id":"81","stop_id":"13444","stop_lat":33.993439,"stop_lon":-118.28282,"stop_sequence":75,"segment_first_lat":33.9942113287,"segment_first_lon":-118.282667373,"segment_second_lat":33.9934391794,"segment_second_lon":-118.2826674053,"segment_sequence":740004,"segment_id":37,"segment_len_meter":85.85908482352899,"segment_cum_len":24409.845711670387,"stop_segment_distance":15.23305094793713}
{"route_id":"90","stop_id":"5132","stop_lat":34.036264,"stop_lon":-118.263425,"stop_sequence":97,"segment_first_lat":34.036798554,"segment_first_lon":-118.2628519578,"segment_second_lat":34.036208104,"segment_second_lon":-118.2633257291,"segment_sequence":960004,"segment_id":48,"segment_len_meter":78.84419404438863,"segment_cum_len":33964.63676646948,"stop_segment_distance":11.72116669816674}
{"route_id":"94","stop_id":"20344","stop_lat":34.192153,"stop_lon":-118.348674,"stop_sequence":34,"segment_first_lat":34.1922589997,"segment_first_lon":-118.3486549124,"segment_second_lat":34.1922436342,"segment_second_lon":-118.3485516749,"segment_sequence":340001,"segment_id":17,"segment_len_meter":9.647825556097382,"segment_cum_len":15343.582375990545,"stop_segment_distance":17.373495801253164}
