{"route_id":"102","stop_id":"1837","stop_lat":34.018065,"stop_lon":-118.299848,"stop_sequence":47,"segment_first_lat":34.0181930777,"segment_first_lon":-118.299848744,"segment_second_lat":34.0181887856,"segment_second_lon":-118.2976971559,"segment_sequence":470001,"segment_id":24,"segment_len_meter":198.30174744103897,"segment_cum_len":15945.055863862463,"stop_segment_distance":14.650049916271001}
{"route_id":"102","stop_id":"9957","stop_lat":33.973986,"stop_lon":-118.224485,"stop_sequence":85,"segment_first_lat":33.9742096798,"segment_first_lon":-118.2252108098,"segment_second_lat":33.9741313882,"segment_second_lon":-118.2244615744,"segment_sequence":840004,"segment_id":42,"segment_len_meter":69.63540943461308,"segment_cum_len":28126.219618583753,"stop_segment_distance":18.07575954051903}
{"route_id":"105","stop_id":"4976","stop_lat":34.032801,"stop_lon":-118.370437,"stop_sequence":45,"segment_first_lat":34.0328453685,"segment_first_lon":-118.3705747183,"segment_second_lat":34.0344132805,"segment_second_lon":-118.3698664202,"segment_sequence":450001,"segment_id":23,"segment_len_meter":186.16055014567573,"segment_cum_len":16540.15043594558,"stop_segment_distance":14.283663751089819}
{"route_id":"120","stop_id":"14341","stop_lat":33.933911,"stop_lon":-117.993211,"stop_sequence":5,"segment_first_lat":33.9339109683,"segment_first_lon":-117.9930934622,"segment_second_lat":33.9335674886,"segment_second_lon":-117.9930957981,"segment_sequence":50001,"segment_id":3,"segment_len_meter":38.19380801804305,"segment_cum_len":1631.057748865327,"stop_segment_distance":12.297598894603674}
{"route_id":"120","stop_id":"36517","stop_lat":33.917188,"stop_lon":-118.120842,"stop_sequence":40,"segment_first_lat":33.9170660591,"segment_first_lon":-118.1188414182,"segment_second_lat":33.9170615974,"segment_second_lon":-118.1208420619,"segment_sequence":390002,"segment_id":20,"segment_len_meter":184.60942531449612,"segment_cum_len":18431.484464702266,"stop_segment_distance":14.546110391022268}
{"route_id":"130","stop_id":"12872","stop_lat":33.872967,"stop_lon":-118.344148,"stop_sequence":60,"segment_first_lat":33.872841323,"segment_first_lon":-118.3441470678,"segment_second_lat":33.8728316706,"segment_second_lon":-118.3483669526,"segment_sequence":600001,"segment_id":30,"segment_len_meter":389.59199227303014,"segment_cum_len":29617.738320753502,"stop_segment_distance":14.177651142954687}
{"route_id":"150","stop_id":"7021","stop_lat":34.154886,"stop_lon":-118.473891,"stop_sequence":45,"segment_first_lat":34.1550474431,"segment_first_lon":-118.4738596794,"segment_second_lat":34.1548878484,"segment_second_lon":-118.4726513196,"segment_sequence":450001,"segment_id":23,"segment_len_meter":112.5960144979877,"segment_cum_len":16558.18459270583,"stop_segment_distance":19.656556195826923}
{"route_id":"164","stop_id":"7154","stop_lat":34.18657,"stop_lon":-118.627555,"stop_sequence":79,"segment_first_lat":34.1864363523,"segment_first_lon":-118.6241945788,"segment_second_lat":34.1864426001,"segment_second_lon":-118.6275541866,"segment_sequence":780002,"segment_id":39,"segment_len_meter":309.0240698079348,"segment_cum_len":31399.76455452009,"stop_segment_distance":14.597263302566034}
{"route_id":"164","stop_id":"7160","stop_lat":34.186803,"stop_lon":-118.446362,"stop_sequence":40,"segment_first_lat":34.1866784087,"segment_first_lon":-118.4443544673,"segment_second_lat":34.1866759646,"segment_second_lon":-118.44636158,"segment_sequence":390002,"segment_id":20,"segment_len_meter":184.61782707874795,"segment_cum_len":14579.418363496185,"stop_segment_distance":14.683007521641684}
{"route_id":"165","stop_id":"6874","stop_lat":34.193808,"stop_lon":-118.466443,"stop_sequence":44,"segment_first_lat":34.1939274857,"segment_first_lon":-118.4683582891,"segment_second_lat":34.1939348838,"segment_second_lon":-118.4664436222,"segment_sequence":430003,"segment_id":22,"segment_len_meter":176.10108016676946,"segment_cum_len":16784.06388637344,"stop_segment_distance":14.664718365195426}
{"route_id":"180","stop_id":"1336","stop_lat":34.145767,"stop_lon":-118.135001,"stop_sequence":73,"segment_first_lat":34.1458934339,"segment_first_lon":-118.1350010165,"segment_second_lat":34.1458946981,"segment_second_lon":-118.1338641023,"segment_sequence":730001,"segment_id":37,"segment_len_meter":104.62592427798006,"segment_cum_len":22675.59192191702,"stop_segment_distance":15.016430758505393}
{"route_id":"180","stop_id":"2488","stop_lat":34.101637,"stop_lon":-118.3007,"stop_sequence":8,"segment_first_lat":34.1017602174,"segment_first_lon":-118.3019817233,"segment_second_lat":34.1017634137,"segment_second_lon":-118.3007000712,"segment_sequence":70006,"segment_id":4,"segment_len_meter":118.00761570994214,"segment_cum_len":2732.385096930086,"stop_segment_distance":14.855347722867634}
{"route_id":"200","stop_id":"4657","stop_lat":34.062728,"stop_lon":-118.272664,"stop_sequence":29,"segment_first_lat":34.0612880836,"segment_first_lon":-118.2737517313,"segment_second_lat":34.0627883796,"segment_second_lon":-118.2727988133,"segment_sequence":280002,"segment_id":14,"segment_len_meter":188.51012354644823,"segment_cum_len":6548.080575909526,"stop_segment_distance":14.486720194869207}
{"route_id":"205","stop_id":"14168","stop_lat":33.923573,"stop_lon":-118.238909,"stop_sequence":128,"segment_first_lat":33.9235731256,"segment_first_lon":-118.2390619227,"segment_second_lat":33.9246118206,"segment_second_lon":-118.239056975,"segment_sequence":1290001,"segment_id":65,"segment_len_meter":115.49851651558593,"segment_cum_len":47691.29010599949,"stop_segment_distance":14.926977946145243}
{"route_id":"206","stop_id":"13762","stop_lat":33.980762,"stop_lon":-118.300374,"stop_sequence":49,"segment_first_lat":33.9814407603,"segment_first_lon":-118.3002514978,"segment_second_lat":33.9807620306,"segment_second_lon":-118.3002546715,"segment_sequence":480003,"segment_id":24,"segment_len_meter":75.47186652591927,"segment_cum_len":15014.210257336365,"stop_segment_distance":11.846133067939633}
{"route_id":"224","stop_id":"11328","stop_lat":34.194221,"stop_lon":-118.387592,"stop_sequence":21,"segment_first_lat":34.1942209973,"segment_first_lon":-118.3877429687,"segment_second_lat":34.1963286176,"segment_second_lon":-118.3877468005,"segment_sequence":210001,"segment_id":11,"segment_len_meter":234.35694963285846,"segment_cum_len":7231.926489254403,"stop_segment_distance":14.316617530697727}
{"route_id":"224","stop_id":"6627","stop_lat":34.222934,"stop_lon":-118.387619,"stop_sequence":29,"segment_first_lat":34.2229336235,"segment_first_lon":-118.3877714412,"segment_second_lat":34.2251511929,"segment_second_lon":-118.3877648688,"segment_sequence":290001,"segment_id":15,"segment_len_meter":246.58320717358978,"segment_cum_len":10436.893196399562,"stop_segment_distance":14.337732023401912}
{"route_id":"233","stop_id":"6547","stop_lat":34.275012,"stop_lon":-118.395196,"stop_sequence":53,"segment_first_lat":34.2750854873,"segment_first_lon":-118.395274564,"segment_second_lat":34.2767893682,"segment_second_lon":-118.3929370305,"segment_sequence":530001,"segment_id":27,"segment_len_meter":286.4048177379868,"segment_cum_len":17736.326013615002,"stop_segment_distance":11.102941171867542}
{"route_id":"256","stop_id":"9858","stop_lat":34.023114,"stop_lon":-118.171025,"stop_sequence":6,"segment_first_lat":34.0227843186,"segment_first_lon":-118.171209462,"segment_second_lat":34.023130694,"segment_second_lon":-118.171107206,"segment_sequence":50005,"segment_id":3,"segment_len_meter":39.651349178714604,"segment_cum_len":1014.9711996192677,"stop_segment_distance":8.557671121872254}
{"route_id":"260","stop_id":"13153","stop_lat":34.011749,"stop_lon":-118.159354,"stop_sequence":58,"segment_first_lat":34.0117799059,"segment_first_lon":-118.1592077395,"segment_second_lat":34.0115538518,"segment_second_lon":-118.1591360363,"segment_sequence":580001,"segment_id":29,"segment_len_meter":25.990408111847547,"segment_cum_len":21586.595542933843,"stop_segment_distance":17.493504326257327}
{"route_id":"265","stop_id":"2140","stop_lat":33.911723,"stop_lon":-118.145276,"stop_sequence":29,"segment_first_lat":33.9118118833,"segment_first_lon":-118.1452214528,"segment_second_lat":33.9115258039,"segment_second_lon":-118.1445601598,"segment_sequence":290001,"segment_id":15,"segment_len_meter":68.81786124631691,"segment_cum_len":10759.54210158212,"stop_segment_distance":11.875814299138597}
{"route_id":"268","stop_id":"10275","stop_lat":34.169042,"stop_lon":-118.136926,"stop_sequence":72,"segment_first_lat":34.1689525959,"segment_first_lon":-118.1358779748,"segment_second_lat":34.1689442694,"segment_second_lon":-118.136925932,"segment_sequence":710004,"segment_id":36,"segment_len_meter":96.41757965521963,"segment_cum_len":27031.803298308947,"stop_segment_distance":11.380044877646085}
{"route_id":"268","stop_id":"8212","stop_lat":34.182993,"stop_lon":-118.167878,"stop_sequence":91,"segment_first_lat":34.1831026315,"segment_first_lon":-118.1677323023,"segment_second_lat":34.183148638,"segment_second_lon":-118.1682415902,"segment_sequence":840005,"segment_id":42,"segment_len_meter":47.12562421963684,"segment_cum_len":31382.320535461753,"stop_segment_distance":8.648669677962523}
{"route_id":"268","stop_id":"8949","stop_lat":34.118055,"stop_lon":-118.054133,"stop_sequence":26,"segment_first_lat":34.1180319556,"segment_first_lon":-118.0542833803,"segment_second_lat":34.1181674129,"segment_second_lon":-118.0543115513,"segment_sequence":260001,"segment_id":13,"segment_len_meter":15.283786017965006,"segment_cum_len":8730.838576443015,"stop_segment_distance":19.44458521233097}
{"route_id":"28","stop_id":"2212","stop_lat":34.043972,"stop_lon":-118.252932,"stop_sequence":55,"segment_first_lat":34.044531554,"segment_first_lon":-118.2523130712,"segment_second_lat":34.0439242444,"segment_second_lon":-118.252853259,"segment_sequence":540003,"segment_id":27,"segment_len_meter":83.88941344081044,"segment_cum_len":16923.388889028767,"stop_segment_distance":9.500607824590034}
{"route_id":"344","stop_id":"2371","stop_lat":33.858003,"stop_lon":-118.353483,"stop_sequence":31,"segment_first_lat":33.8578019286,"segment_first_lon":-118.3537061062,"segment_second_lat":33.858043113,"segment_second_lon":-118.353638286,"segment_sequence":300010,"segment_id":15,"segment_len_meter":27.53995201053412,"segment_cum_len":17662.907177438225,"stop_segment_distance":17.878967238458703}
{"route_id":"35","stop_id":"13558","stop_lat":34.028906,"stop_lon":-118.270547,"stop_sequence":38,"segment_first_lat":34.0283223879,"segment_first_lon":-118.2710960254,"segment_second_lat":34.0289663194,"segment_second_lon":-118.2706812732,"segment_sequence":370005,"segment_id":19,"segment_len_meter":81.16449077806783,"segment_cum_len":11763.666281586015,"stop_segment_distance":15.197151296918918}
{"route_id":"35","stop_id":"16444","stop_lat":34.040004,"stop_lon":-118.33139,"stop_sequence":66,"segment_first_lat":34.0398773286,"segment_first_lon":-118.3313898178,"segment_second_lat":34.0398722995,"segment_second_lon":-118.3324196527,"segment_sequence":660001,"segment_id":33,"segment_len_meter":94.8921556679925,"segment_cum_len":20650.630751183427,"stop_segment_distance":15.190303140298695}
{"route_id":"4","stop_id":"16302","stop_lat":34.07413,"stop_lon":-118.251735,"stop_sequence":18,"segment_first_lat":34.0739540954,"segment_first_lon":-118.2517876235,"segment_second_lat":34.0740701782,"segment_second_lon":-118.2518606205,"segment_sequence":170007,"segment_id":9,"segment_len_meter":14.553869525791061,"segment_cum_len":5819.288800614766,"stop_segment_distance":18.94344092262575}
{"route_id":"4","stop_id":"16319","stop_lat":34.06515,"stop_lon":-118.248988,"stop_sequence":15,"segment_first_lat":34.0650845588,"segment_first_lon":-118.2491168426,"segment_second_lat":34.0652019912,"segment_second_lon":-118.249202379,"segment_sequence":150001,"segment_id":8,"segment_len_meter":15.250857488092855,"segment_cum_len":4792.323624454281,"stop_segment_distance":19.246684276319883}
{"route_id":"45","stop_id":"15979","stop_lat":33.974412,"stop_lon":-118.278448,"stop_sequence":44,"segment_first_lat":33.9744121617,"segment_first_lon":-118.2782973403,"segment_second_lat":33.9737169536,"segment_second_lon":-118.2782973388,"segment_sequence":440001,"segment_id":22,"segment_len_meter":77.3036136828959,"segment_cum_len":14824.536606237418,"stop_segment_distance":15.11351429442766}
{"route_id":"487","stop_id":"10183","stop_lat":34.161826,"stop_lon":-118.047801,"stop_sequence":61,"segment_first_lat":34.1619236596,"segment_first_lon":-118.0478014749,"segment_second_lat":34.1619420898,"segment_second_lon":-118.0448826218,"segment_sequence":610001,"segment_id":31,"segment_len_meter":268.56760723382087,"segment_cum_len":33415.04189098649,"stop_segment_distance":11.118084913797873}
{"route_id":"51","stop_id":"15758","stop_lat":34.058162,"stop_lon":-118.280681,"stop_sequence":8,"segment_first_lat":34.058394363,"segment_first_lon":-118.281022163,"segment_second_lat":34.0582243296,"segment_second_lon":-118.2806419152,"segment_sequence":70005,"segment_id":4,"segment_len_meter":39.80575644016639,"segment_cum_len":1847.1294238351788,"stop_segment_distance":8.690153073082094}
{"route_id":"51","stop_id":"250","stop_lat":33.999925,"stop_lon":-118.265359,"stop_sequence":41,"segment_first_lat":34.0007001816,"segment_first_lon":-118.2652130671,"segment_second_lat":33.9999252956,"segment_second_lon":-118.265207973,"segment_sequence":400003,"segment_id":20,"segment_len_meter":86.16467158666828,"segment_cum_len":10572.04030182369,"stop_segment_distance":14.997505945054513}
{"route_id":"53","stop_id":"15690","stop_lat":34.051564,"stop_lon":-118.255834,"stop_sequence":79,"segment_first_lat":34.0512981202,"segment_first_lon":-118.255608327,"segment_second_lat":34.0514879205,"segment_second_lon":-118.2559043703,"segment_sequence":780002,"segment_id":39,"segment_len_meter":34.48613878458299,"segment_cum_len":24818.582219048603,"stop_segment_distance":12.31515554735173}
{"route_id":"55","stop_id":"815","stop_lat":33.948872,"stop_lon":-118.246037,"stop_sequence":14,"segment_first_lat":33.9480860583,"segment_first_lon":-118.2461964408,"segment_second_lat":33.9488775206,"segment_second_lon":-118.2461565625,"segment_sequence":130006,"segment_id":7,"segment_len_meter":88.08343165057316,"segment_cum_len":4113.199512664249,"stop_segment_distance":11.583681118576166}
{"route_id":"66","stop_id":"1613","stop_lat":34.016714,"stop_lon":-118.161169,"stop_sequence":55,"segment_first_lat":34.0170155889,"segment_first_lon":-118.1619579366,"segment_second_lat":34.0168394592,"segment_second_lon":-118.1611306422,"segment_sequence":540003,"segment_id":27,"segment_len_meter":78.7237745406323,"segment_cum_len":16405.77479042756,"stop_segment_distance":15.741726744744128}
{"route_id":"70","stop_id":"3103","stop_lat":34.056416,"stop_lon":-118.231639,"stop_sequence":16,"segment_first_lat":34.0565392155,"segment_first_lon":-118.2315906572,"segment_second_lat":34.0563298792,"segment_second_lon":-118.2308462595,"segment_sequence":160001,"segment_id":8,"segment_len_meter":72.41935181131129,"segment_cum_len":5221.056784943775,"stop_segment_distance":15.64246439750356}
{"route_id":"70","stop_id":"3167","stop_lat":34.060326,"stop_lon":-118.214313,"stop_sequence":20,"segment_first_lat":34.0604032279,"segment_first_lon":-118.2141922578,"segment_second_lat":34.0593081089,"segment_second_lon":-118.2131580425,"segment_sequence":200001,"segment_id":10,"segment_len_meter":154.6125231833273,"segment_cum_len":7200.5138723138525,"stop_segment_distance":14.779262078849627}
{"route_id":"750","stop_id":"15409","stop_lat":34.156484,"stop_lon":-118.483783,"stop_sequence":9,"segment_first_lat":34.1564040112,"segment_first_lon":-118.4837998872,"segment_second_lat":34.156986749,"segment_second_lon":-118.4879939279,"segment_sequence":90001,"segment_id":5,"segment_len_meter":391.31421617104473,"segment_cum_len":12001.587199426865,"stop_segment_distance":9.192616271122176}
{"route_id":"754","stop_id":"140959","stop_lat":34.09766,"stop_lon":-118.291909,"stop_sequence":2,"segment_first_lat":34.0976635219,"segment_first_lon":-118.2917570639,"segment_second_lat":34.0972650831,"segment_second_lon":-118.2917556738,"segment_sequence":20001,"segment_id":1,"segment_len_meter":44.30455803787243,"segment_cum_len":1223.133607349374,"stop_segment_distance":15.817460290182332}
{"route_id":"78","stop_id":"7782","stop_lat":34.094964,"stop_lon":-118.153951,"stop_sequence":40,"segment_first_lat":34.0950901324,"segment_first_lon":-118.1539540842,"segment_second_lat":34.0951104084,"segment_second_lon":-118.1531349818,"segment_sequence":400001,"segment_id":20,"segment_len_meter":75.45781733855702,"segment_cum_len":14076.313756192876,"stop_segment_distance":15.453900473199155}
{"route_id":"794","stop_id":"3625","stop_lat":34.196461,"stop_lon":-118.348731,"stop_sequence":26,"segment_first_lat":34.1958451275,"segment_first_lon":-118.3488940957,"segment_second_lat":34.196463431,"segment_second_lon":-118.3488841119,"segment_sequence":250023,"segment_id":13,"segment_len_meter":68.75834374413805,"segment_cum_len":25973.32928998977,"stop_segment_distance":15.431559680533923}
