{"route_id":"105","stop_id":"3655","stop_lat":34.081808,"stop_lon":-118.376371,"stop_sequence":65,"segment_first_lat":34.0802025508,"segment_first_lon":-118.3765449434,"segment_second_lat":34.0818101336,"segment_second_lon":-118.3765221285,"segment_sequence":640002,"segment_id":32,"segment_len_meter":178.76740025977173,"segment_cum_len":22846.989367107653,"stop_segment_distance":14.388076354307088}
{"route_id":"108","stop_id":"16934","stop_lat":33.988985,"stop_lon":-118.317861,"stop_sequence":29,"segment_first_lat":33.9891096099,"segment_first_lon":-118.3186368941,"segment_second_lat":33.9891138527,"segment_second_lon":-118.3178616889,"segment_sequence":280004,"segment_id":14,"segment_len_meter":71.4728305329937,"segment_cum_len":10061.659679166489,"stop_segment_distance":15.719485305934157}
{"route_id":"117","stop_id":"7550","stop_lat":33.945357,"stop_lon":-118.3043,"stop_sequence":23,"segment_first_lat":33.9454853366,"segment_first_lon":-118.3043000475,"segment_second_lat":33.9454876338,"segment_second_lon":-118.3025130304,"segment_sequence":230001,"segment_id":12,"segment_len_meter":164.84160730763588,"segment_cum_len":10104.778110456373,"stop_segment_distance":14.904710103726075}
{"route_id":"117","stop_id":"7558","stop_lat":33.945327,"stop_lon":-118.357139,"stop_sequence":11,"segment_first_lat":33.9454537757,"segment_first_lon":-118.35802612,"segment_second_lat":33.945454207,"segment_second_lon":-118.3571392021,"segment_sequence":100006,"segment_id":5,"segment_len_meter":81.8128027909751,"segment_cum_len":5065.778947201456,"stop_segment_distance":15.368801641166712}
{"route_id":"125","stop_id":"17294","stop_lat":33.901747,"stop_lon":-118.382809,"stop_sequence":9,"segment_first_lat":33.9018735958,"segment_first_lon":-118.3828091072,"segment_second_lat":33.901860372,"segment_second_lon":-118.3800409214,"segment_sequence":90001,"segment_id":5,"segment_len_meter":255.48323874126328,"segment_cum_len":3955.432376542236,"stop_segment_distance":14.373727179807531}
{"route_id":"14","stop_id":"140894","stop_lat":34.076376,"stop_lon":-118.315545,"stop_sequence":58,"segment_first_lat":34.0762524265,"segment_first_lon":-118.3146065947,"segment_second_lat":34.0762499803,"segment_second_lon":-118.3155444247,"segment_sequence":570004,"segment_id":29,"segment_len_meter":86.37639061769491,"segment_cum_len":21308.342784355962,"stop_segment_distance":15.150803380023575}
{"route_id":"154","stop_id":"4642","stop_lat":34.179635,"stop_lon":-118.309775,"stop_sequence":4,"segment_first_lat":34.1789251472,"segment_first_lon":-118.3089327921,"segment_second_lat":34.1795837174,"segment_second_lon":-118.3098302523,"segment_sequence":30002,"segment_id":2,"segment_len_meter":110.35520261215628,"segment_cum_len":1082.5025109978985,"stop_segment_distance":7.884439872127743}
{"route_id":"164","stop_id":"7156","stop_lat":34.186787,"stop_lon":-118.466503,"stop_sequence":45,"segment_first_lat":34.1866595788,"segment_first_lon":-118.4665055023,"segment_second_lat":34.1866681397,"segment_second_lon":-118.4674909274,"segment_sequence":450001,"segment_id":23,"segment_len_meter":90.6460832708729,"segment_cum_len":16522.949021969238,"stop_segment_distance":15.351670802640058}
{"route_id":"164","stop_id":"7159","stop_lat":34.186805,"stop_lon":-118.426658,"stop_sequence":35,"segment_first_lat":34.186676612,"segment_first_lon":-118.4257546594,"segment_second_lat":34.1866781025,"segment_second_lon":-118.4266573769,"segment_sequence":340005,"segment_id":17,"segment_len_meter":83.03365047402144,"segment_cum_len":12766.990090734878,"stop_segment_distance":15.385052291211721}
{"route_id":"169","stop_id":"14584","stop_lat":34.201118,"stop_lon":-118.623726,"stop_sequence":42,"segment_first_lat":34.2009923307,"segment_first_lon":-118.6237246032,"segment_second_lat":34.2009878723,"segment_second_lon":-118.6250143897,"segment_sequence":420001,"segment_id":21,"segment_len_meter":118.61764922269033,"segment_cum_len":17430.796884316136,"stop_segment_distance":14.72502350635709}
{"route_id":"169","stop_id":"6105","stop_lat":34.208129,"stop_lon":-118.619217,"stop_sequence":49,"segment_first_lat":34.2082615836,"segment_first_lon":-118.6212883356,"segment_second_lat":34.2082595581,"segment_second_lon":-118.6192178147,"segment_sequence":480005,"segment_id":24,"segment_len_meter":190.4014084889061,"segment_cum_len":20065.588216411037,"stop_segment_distance":15.162202439486492}
{"route_id":"18","stop_id":"7360","stop_lat":34.062411,"stop_lon":-118.281534,"stop_sequence":13,"segment_first_lat":34.0627993062,"segment_first_lon":-118.2821562423,"segment_second_lat":34.0624977976,"segment_second_lon":-118.2814783759,"segment_sequence":120004,"segment_id":6,"segment_len_meter":70.87394116540202,"segment_cum_len":3107.6670456875836,"stop_segment_distance":11.815253171199913}
{"route_id":"180","stop_id":"3045","stop_lat":34.114911,"stop_lon":-118.274605,"stop_sequence":22,"segment_first_lat":34.1150217737,"segment_first_lon":-118.2746779655,"segment_second_lat":34.1156806561,"segment_second_lon":-118.2732492527,"segment_sequence":220001,"segment_id":11,"segment_len_meter":150.55522384995433,"segment_cum_len":6470.018526739154,"stop_segment_distance":14.807624107995878}
{"route_id":"180","stop_id":"7574","stop_lat":34.142598,"stop_lon":-118.170635,"stop_sequence":63,"segment_first_lat":34.1426522918,"segment_first_lon":-118.1708634473,"segment_second_lat":34.1426918696,"segment_second_lon":-118.170662923,"segment_sequence":620009,"segment_id":31,"segment_len_meter":18.971671361681906,"segment_cum_len":19180.94758698271,"stop_segment_distance":13.651350913399817}
{"route_id":"20","stop_id":"8467","stop_lat":34.061836,"stop_lon":-118.308745,"stop_sequence":24,"segment_first_lat":34.0617143814,"segment_first_lon":-118.30783301,"segment_second_lat":34.0617101319,"segment_second_lon":-118.3087442569,"segment_sequence":230003,"segment_id":12,"segment_len_meter":83.94334067049836,"segment_cum_len":6868.616381714313,"stop_segment_distance":15.144606820589175}
{"route_id":"205","stop_id":"8833","stop_lat":33.846635,"stop_lon":-118.258406,"stop_sequence":92,"segment_first_lat":33.8467584215,"segment_first_lon":-118.2584033152,"segment_second_lat":33.8467514621,"segment_second_lon":-118.2579323648,"segment_sequence":930001,"segment_id":47,"segment_len_meter":43.49950612124801,"segment_cum_len":33964.73532828075,"stop_segment_distance":15.843923452200222}
{"route_id":"210","stop_id":"4825","stop_lat":33.87873,"stop_lon":-118.33957,"stop_sequence":83,"segment_first_lat":33.8796522935,"segment_first_lon":-118.3365943597,"segment_second_lat":33.8786803449,"segment_second_lon":-118.3395462571,"segment_sequence":820003,"segment_id":41,"segment_len_meter":293.15550002562645,"segment_cum_len":29458.169137702967,"stop_segment_distance":6.002567767013204}
{"route_id":"211","stop_id":"12867","stop_lat":33.927098,"stop_lon":-118.344044,"stop_sequence":44,"segment_first_lat":33.9273178462,"segment_first_lon":-118.3438895451,"segment_second_lat":33.9270980205,"segment_second_lon":-118.3438886429,"segment_sequence":430011,"segment_id":22,"segment_len_meter":24.44364431966617,"segment_cum_len":15297.336069323548,"stop_segment_distance":18.186400468705678}
{"route_id":"217","stop_id":"11016","stop_lat":34.10178,"stop_lon":-118.352674,"stop_sequence":11,"segment_first_lat":34.1016472396,"segment_first_lon":-118.3518637675,"segment_second_lat":34.1016539385,"segment_second_lon":-118.3526763971,"segment_sequence":100005,"segment_id":5,"segment_len_meter":74.82601921044483,"segment_cum_len":2737.6261067344767,"stop_segment_distance":15.241230295554445}
{"route_id":"217","stop_id":"11988","stop_lat":34.090558,"stop_lon":-118.36162,"stop_sequence":17,"segment_first_lat":34.0905586611,"segment_first_lon":-118.3614676225,"segment_second_lat":34.0887808129,"segment_second_lon":-118.3614569658,"segment_sequence":170001,"segment_id":9,"segment_len_meter":197.69013593617893,"segment_cum_len":4958.358469599208,"stop_segment_distance":14.525625302890774}
{"route_id":"224","stop_id":"11306","stop_lat":34.175727,"stop_lon":-118.380943,"stop_sequence":15,"segment_first_lat":34.1749807761,"segment_first_lon":-118.3806618012,"segment_second_lat":34.1756697368,"segment_second_lon":-118.3810775527,"segment_sequence":140003,"segment_id":7,"segment_len_meter":85.62556195182376,"segment_cum_len":4787.995082163051,"stop_segment_distance":15.20935501567088}
{"route_id":"224","stop_id":"6620","stop_lat":34.285071,"stop_lon":-118.442465,"stop_sequence":48,"segment_first_lat":34.2849878971,"segment_first_lon":-118.4425831925,"segment_second_lat":34.2852811114,"segment_second_lon":-118.4428800481,"segment_sequence":480001,"segment_id":24,"segment_len_meter":42.50710203332808,"segment_cum_len":19044.305252987884,"stop_segment_distance":16.471701273753496}
{"route_id":"230","stop_id":"30015","stop_lat":34.293471,"stop_lon":-118.45085,"stop_sequence":1,"segment_first_lat":34.2934632292,"segment_first_lon":-118.4507788433,"segment_second_lat":34.2934296883,"segment_second_lon":-118.4507832973,"segment_sequence":10001,"segment_id":1,"segment_len_meter":3.751955384428228,"segment_cum_len":3.751955384428228,"stop_segment_distance":10.500033860065148}
{"route_id":"232","stop_id":"12738","stop_lat":33.791135,"stop_lon":-118.292021,"stop_sequence":33,"segment_first_lat":33.7910088939,"segment_first_lon":-118.2920206027,"segment_second_lat":33.7910147893,"segment_second_lon":-118.2927611039,"segment_sequence":330001,"segment_id":17,"segment_len_meter":68.43356638658688,"segment_cum_len":13037.512949986218,"stop_segment_distance":15.276463097854887}
{"route_id":"245","stop_id":"1040","stop_lat":34.257094,"stop_lon":-118.605697,"stop_sequence":22,"segment_first_lat":34.25722091,"segment_first_lon":-118.6057012142,"segment_second_lat":34.2572381969,"segment_second_lon":-118.6049368554,"segment_sequence":220001,"segment_id":11,"segment_len_meter":70.27445213852975,"segment_cum_len":9621.915110755324,"stop_segment_distance":15.519901857047131}
{"route_id":"246","stop_id":"3385","stop_lat":33.776951,"stop_lon":-118.262048,"stop_sequence":36,"segment_first_lat":33.77563181,"segment_first_lon":-118.2620933775,"segment_second_lat":33.7769425566,"segment_second_lon":-118.2621988167,"segment_sequence":350003,"segment_id":18,"segment_len_meter":146.07382047404155,"segment_cum_len":10504.053596347214,"stop_segment_distance":14.644348741269482}
{"route_id":"246","stop_id":"5403","stop_lat":33.718773,"stop_lon":-118.287791,"stop_sequence":9,"segment_first_lat":33.7169815877,"segment_first_lon":-118.2879358713,"segment_second_lat":33.7187731263,"segment_second_lon":-118.2879420126,"segment_sequence":80002,"segment_id":4,"segment_len_meter":199.21081298717783,"segment_cum_len":1922.0922375461005,"stop_segment_distance":14.40228045470377}
{"route_id":"251","stop_id":"11143","stop_lat":33.93081,"stop_lon":-118.208519,"stop_sequence":58,"segment_first_lat":33.9304545831,"segment_first_lon":-118.205828479,"segment_second_lat":33.9306832224,"segment_second_lon":-118.2085364597,"segment_sequence":570010,"segment_id":29,"segment_len_meter":251.12866035319192,"segment_cum_len":21869.648707042474,"stop_segment_distance":14.41389344636164}
{"route_id":"256","stop_id":"10644","stop_lat":34.151728,"stop_lon":-118.113001,"stop_sequence":99,"segment_first_lat":34.1507053912,"segment_first_lon":-118.1131582513,"segment_second_lat":34.1517276036,"segment_second_lon":-118.1131536861,"segment_sequence":980002,"segment_id":49,"segment_len_meter":113.66560913369601,"segment_cum_len":30318.171651227352,"stop_segment_distance":15.010544126332277}
{"route_id":"256","stop_id":"9999","stop_lat":34.035768,"stop_lon":-118.173408,"stop_sequence":13,"segment_first_lat":34.0357673555,"segment_first_lon":-118.1735596763,"segment_second_lat":34.0360421409,"segment_second_lon":-118.1735602462,"segment_sequence":130001,"segment_id":7,"segment_len_meter":30.554787523521476,"segment_cum_len":2906.724351782511,"stop_segment_distance":16.97806979631276}
{"route_id":"260","stop_id":"8784","stop_lat":33.990757,"stop_lon":-118.185158,"stop_sequence":64,"segment_first_lat":33.9907390486,"segment_first_lon":-118.1850061034,"segment_second_lat":33.9901467365,"segment_second_lon":-118.1851034301,"segment_sequence":640001,"segment_id":32,"segment_len_meter":66.4705340092446,"segment_cum_len":25188.207701811443,"stop_segment_distance":15.719543109889614}
{"route_id":"266","stop_id":"17824","stop_lat":33.907777,"stop_lon":-118.142804,"stop_sequence":19,"segment_first_lat":33.9073482599,"segment_first_lon":-118.1429545965,"segment_second_lat":33.9077741708,"segment_second_lon":-118.1429576299,"segment_sequence":180006,"segment_id":9,"segment_len_meter":47.35995862285275,"segment_cum_len":8671.167638316465,"stop_segment_distance":16.479383857946594}
{"route_id":"267","stop_id":"11458","stop_lat":34.176799,"stop_lon":-118.159474,"stop_sequence":69,"segment_first_lat":34.1763620805,"segment_first_lon":-118.159621895,"segment_second_lat":34.1767989878,"segment_second_lon":-118.1596253747,"segment_sequence":680007,"segment_id":34,"segment_len_meter":48.58292975838599,"segment_cum_len":23051.06893791153,"stop_segment_distance":15.794691728479378}
{"route_id":"268","stop_id":"16522","stop_lat":34.16924,"stop_lon":-118.109431,"stop_sequence":62,"segment_first_lat":34.1691345111,"segment_first_lon":-118.1080855019,"segment_second_lat":34.1691407202,"segment_second_lon":-118.1094310144,"segment_sequence":610002,"segment_id":31,"segment_len_meter":123.7901740112459,"segment_cum_len":24502.113824196884,"stop_segment_distance":11.590594555670165}
{"route_id":"268","stop_id":"4447","stop_lat":34.071882,"stop_lon":-118.04139,"stop_sequence":2,"segment_first_lat":34.0719751394,"segment_first_lon":-118.0421794869,"segment_second_lat":34.071983656,"segment_second_lon":-118.0413902973,"segment_sequence":10012,"segment_id":1,"segment_len_meter":72.69572730580992,"segment_cum_len":608.8054767304793,"stop_segment_distance":12.058735595770742}
{"route_id":"344","stop_id":"2417","stop_lat":33.837867,"stop_lon":-118.353497,"stop_sequence":29,"segment_first_lat":33.8378572143,"segment_first_lon":-118.3536522964,"segment_second_lat":33.8381824587,"segment_second_lon":-118.353685938,"segment_sequence":290001,"segment_id":15,"segment_len_meter":36.29875624541172,"segment_cum_len":15453.372531688496,"stop_segment_distance":17.263989502535836}
{"route_id":"4","stop_id":"1296","stop_lat":34.072617,"stop_lon":-118.402531,"stop_sequence":68,"segment_first_lat":34.0730844451,"segment_first_lon":-118.401622328,"segment_second_lat":34.0725258279,"segment_second_lon":-118.4024395607,"segment_sequence":670010,"segment_id":34,"segment_len_meter":97.59182080622784,"segment_cum_len":21503.068027197667,"stop_segment_distance":14.108669189746777}
{"route_id":"4","stop_id":"14389","stop_lat":34.081431,"stop_lon":-118.389579,"stop_sequence":66,"segment_first_lat":34.0815476002,"segment_first_lon":-118.3891300978,"segment_second_lat":34.0813274434,"segment_second_lon":-118.3894870601,"segment_sequence":650008,"segment_id":33,"segment_len_meter":40.988358667230074,"segment_cum_len":19959.912532039794,"stop_segment_distance":16.63222344683367}
{"route_id":"4","stop_id":"14437","stop_lat":34.053815,"stop_lon":-118.429945,"stop_sequence":76,"segment_first_lat":34.0536933706,"segment_first_lon":-118.4298236546,"segment_second_lat":34.0525509265,"segment_second_lon":-118.4314833061,"segment_sequence":760001,"segment_id":38,"segment_len_meter":198.78554415972528,"segment_cum_len":24980.315971889697,"stop_segment_distance":18.363609878278112}
{"route_id":"4","stop_id":"15598","stop_lat":34.037961,"stop_lon":-118.260255,"stop_sequence":4,"segment_first_lat":34.0374292803,"segment_first_lon":-118.2609098187,"segment_second_lat":34.0380338587,"segment_second_lon":-118.2603786346,"segment_sequence":30003,"segment_id":2,"segment_len_meter":83.15639864916139,"segment_cum_len":834.71995366055,"stop_segment_distance":15.299474505780324}
{"route_id":"45","stop_id":"13240","stop_lat":34.000297,"stop_lon":-118.278478,"stop_sequence":36,"segment_first_lat":34.001027869,"segment_first_lon":-118.2783287405,"segment_second_lat":34.000296943,"segment_second_lon":-118.2783263105,"segment_sequence":350006,"segment_id":18,"segment_len_meter":81.27557165092115,"segment_cum_len":11868.962251441926,"stop_segment_distance":15.133310658861362}
{"route_id":"45","stop_id":"13246","stop_lat":33.986159,"stop_lon":-118.278444,"stop_sequence":41,"segment_first_lat":33.986920431,"segment_first_lon":-118.2782917424,"segment_second_lat":33.9861592734,"segment_second_lon":-118.2782918516,"segment_sequence":400005,"segment_id":20,"segment_len_meter":84.63686409612983,"segment_cum_len":13441.011512349827,"stop_segment_distance":15.214366818939652}
{"route_id":"45","stop_id":"13266","stop_lat":33.952973,"stop_lon":-118.278393,"stop_sequence":52,"segment_first_lat":33.9531742228,"segment_first_lon":-118.2781928168,"segment_second_lat":33.9529487765,"segment_second_lon":-118.2782458155,"segment_sequence":510007,"segment_id":26,"segment_len_meter":25.540655870193003,"segment_cum_len":17134.356388108496,"stop_segment_distance":17.309290007790697}
{"route_id":"487","stop_id":"5460","stop_lat":34.136034,"stop_lon":-118.094233,"stop_sequence":32,"segment_first_lat":34.1360217722,"segment_first_lon":-118.0943847802,"segment_second_lat":34.1367045528,"segment_second_lon":-118.0944681668,"segment_sequence":320001,"segment_id":16,"segment_len_meter":76.30865019747847,"segment_cum_len":23247.59065357845,"stop_segment_distance":15.366692558857324}
{"route_id":"51","stop_id":"213","stop_lat":34.01087,"stop_lon":-118.265404,"stop_sequence":36,"segment_first_lat":34.0108699389,"segment_first_lon":-118.2652512278,"segment_second_lat":34.0102214534,"segment_second_lon":-118.2652465332,"segment_sequence":360001,"segment_id":18,"segment_len_meter":72.1095959430375,"segment_cum_len":9427.143860261069,"stop_segment_distance":15.533069743157768}
{"route_id":"51","stop_id":"2535","stop_lat":34.047733,"stop_lon":-118.257512,"stop_sequence":18,"segment_first_lat":34.0478363597,"segment_first_lon":-118.2574170008,"segment_second_lat":34.0473006442,"segment_second_lon":-118.2565864458,"segment_sequence":180001,"segment_id":9,"segment_len_meter":96.97425377267419,"segment_cum_len":4382.651118033854,"stop_segment_distance":15.36480588888567}
{"route_id":"51","stop_id":"258","stop_lat":33.971182,"stop_lon":-118.265308,"stop_sequence":52,"segment_first_lat":33.9711690686,"segment_first_lon":-118.2651525277,"segment_second_lat":33.9702485503,"segment_second_lon":-118.2651463152,"segment_sequence":520002,"segment_id":26,"segment_len_meter":102.35856808776619,"segment_cum_len":13872.162515457225,"stop_segment_distance":16.910703342439746}
{"route_id":"51","stop_id":"7593","stop_lat":33.895771,"stop_lon":-118.237241,"stop_sequence":90,"segment_first_lat":33.8958971694,"segment_first_lon":-118.2372418387,"segment_second_lat":33.8959013933,"segment_second_lon":-118.2367706459,"segment_sequence":900001,"segment_id":45,"segment_len_meter":43.49249767712031,"segment_cum_len":24860.01691580205,"stop_segment_distance":16.306923572164777}
{"route_id":"53","stop_id":"4859","stop_lat":33.996988,"stop_lon":-118.256317,"stop_sequence":50,"segment_first_lat":33.99664676,"segment_first_lon":-118.2564641948,"segment_second_lat":33.9969874876,"segment_second_lon":-118.2564675479,"segment_sequence":490010,"segment_id":25,"segment_len_meter":37.88844148635669,"segment_cum_len":17557.816289527793,"stop_segment_distance":16.287957396055525}
{"route_id":"53","stop_id":"4867","stop_lat":34.036547,"stop_lon":-118.241166,"stop_sequence":69,"segment_first_lat":34.0349287278,"segment_first_lon":-118.2424515892,"segment_second_lat":34.0366088867,"segment_second_lon":-118.2412975885,"segment_sequence":680004,"segment_id":34,"segment_len_meter":214.96762781697322,"segment_cum_len":22366.623920341237,"stop_segment_distance":14.410865155456463}
{"route_id":"53","stop_id":"625","stop_lat":34.020371,"stop_lon":-118.254072,"stop_sequence":61,"segment_first_lat":34.0203297023,"segment_first_lon":-118.2542861369,"segment_second_lat":34.0204439034,"segment_second_lon":-118.2542079428,"segment_sequence":600006,"segment_id":30,"segment_len_meter":14.600983848109019,"segment_cum_len":20201.93567704789,"stop_segment_distance":20.584359864127833}
{"route_id":"62","stop_id":"2397","stop_lat":34.054321,"stop_lon":-118.250213,"stop_sequence":2,"segment_first_lat":34.0544618943,"segment_first_lon":-118.2498900902,"segment_second_lat":34.0542424777,"segment_second_lon":-118.250088838,"segment_sequence":10033,"segment_id":1,"segment_len_meter":30.50428509337153,"segment_cum_len":1532.9389029103704,"stop_segment_distance":17.50735252987549}
{"route_id":"81","stop_id":"12009","stop_lat":34.108922,"stop_lon":-118.194425,"stop_sequence":27,"segment_first_lat":34.1088223662,"segment_first_lon":-118.1943540718,"segment_second_lat":34.1085119389,"segment_second_lon":-118.1949853125,"segment_sequence":270001,"segment_id":14,"segment_len_meter":67.59426635623885,"segment_cum_len":7821.6361336420205,"stop_segment_distance":14.114801962117227}
{"route_id":"81","stop_id":"13452","stop_lat":33.968005,"stop_lon":-118.282839,"stop_sequence":86,"segment_first_lat":33.9688320475,"segment_first_lon":-118.28268725,"segment_second_lat":33.968004942,"segment_second_lon":-118.2826874264,"segment_sequence":850005,"segment_id":43,"segment_len_meter":91.96993683858177,"segment_cum_len":27238.034477514,"stop_segment_distance":15.0302590107041}
{"route_id":"83","stop_id":"11666","stop_lat":34.090184,"stop_lon":-118.211265,"stop_sequence":27,"segment_first_lat":34.0902040457,"segment_first_lon":-118.2111282895,"segment_second_lat":34.0901235658,"segment_second_lon":-118.2111095907,"segment_sequence":270001,"segment_id":14,"segment_len_meter":9.113111849660275,"segment_cum_len":8041.929116875459,"stop_segment_distance":19.48226639140023}
{"route_id":"90","stop_id":"2040","stop_lat":34.259579,"stop_lon":-118.315917,"stop_sequence":5,"segment_first_lat":34.2597117785,"segment_first_lon":-118.3168205388,"segment_second_lat":34.2597048055,"segment_second_lon":-118.3159137067,"segment_sequence":40003,"segment_id":2,"segment_len_meter":83.34327352015178,"segment_cum_len":831.200309905665,"stop_segment_distance":14.98836146343298}
{"route_id":"92","stop_id":"10761","stop_lat":34.211167,"stop_lon":-118.345988,"stop_sequence":86,"segment_first_lat":34.2110701417,"segment_first_lon":-118.3460956522,"segment_second_lat":34.2114898416,"segment_second_lon":-118.346637523,"segment_sequence":860001,"segment_id":43,"segment_len_meter":68.26964014698817,"segment_cum_len":27013.869957078474,"stop_segment_distance":16.043584775100385}
{"route_id":"92","stop_id":"1624","stop_lat":34.159615,"stop_lon":-118.257702,"stop_sequence":55,"segment_first_lat":34.1595326378,"segment_first_lon":-118.2576219366,"segment_second_lat":34.1595404235,"segment_second_lon":-118.2578368205,"segment_sequence":550002,"segment_id":28,"segment_len_meter":19.790687202488574,"segment_cum_len":15688.077814907918,"stop_segment_distance":6.884178080293481}
{"route_id":"96","stop_id":"15612","stop_lat":34.054622,"stop_lon":-118.246777,"stop_sequence":46,"segment_first_lat":34.0545189465,"segment_first_lon":-118.2468675109,"segment_second_lat":34.054996834,"segment_second_lon":-118.2476566364,"segment_sequence":460001,"segment_id":23,"segment_len_meter":90.04875949887612,"segment_cum_len":22172.187957973038,"stop_segment_distance":15.25002678115355}
