{"route_id":"108","stop_id":"6266","stop_lat":33.975804,"stop_lon":-118.127052,"stop_sequence":83,"segment_first_lat":33.9760536576,"segment_first_lon":-118.1272796879,"segment_second_lat":33.9759124611,"segment_second_lon":-118.1269780104,"segment_sequence":820005,"segment_id":41,"segment_len_meter":31.942727600009032,"segment_cum_len":27926.06483515432,"stop_segment_distance":16.71966855774247}
{"route_id":"111","stop_id":"102","stop_lat":33.952556,"stop_lon":-118.380024,"stop_sequence":4,"segment_first_lat":33.9526530665,"segment_first_lon":-118.3804988877,"segment_second_lat":33.9526545634,"segment_second_lon":-118.380024071,"segment_sequence":30006,"segment_id":2,"segment_len_meter":43.79556753228554,"segment_cum_len":1912.4846234671345,"stop_segment_distance":12.27621479071798}
{"route_id":"111","stop_id":"1976","stop_lat":33.965498,"stop_lon":-118.151945,"stop_sequence":67,"segment_first_lat":33.9657753433,"segment_first_lon":-118.1521762664,"segment_second_lat":33.9655688119,"segment_second_lon":-118.1518734761,"segment_sequence":660016,"segment_id":33,"segment_len_meter":36.15450576125767,"segment_cum_len":24999.17516834414,"stop_segment_distance":11.61291621479964}
{"route_id":"125","stop_id":"2663","stop_lat":33.916945,"stop_lon":-118.11633,"stop_sequence":79,"segment_first_lat":33.9170720807,"segment_first_lon":-118.1163299021,"segment_second_lat":33.9170786751,"segment_second_lon":-118.114319373,"segment_sequence":790001,"segment_id":40,"segment_len_meter":185.5223547555819,"segment_cum_len":32423.549496278796,"stop_segment_distance":14.732926991953349}
{"route_id":"14","stop_id":"421","stop_lat":34.076313,"stop_lon":-118.343799,"stop_sequence":65,"segment_first_lat":34.0761862372,"segment_first_lon":-118.3429627626,"segment_second_lat":34.0761860605,"segment_second_lon":-118.3437982314,"segment_sequence":640003,"segment_id":32,"segment_len_meter":76.94835885002287,"segment_cum_len":23925.801226716787,"stop_segment_distance":15.465120957409354}
{"route_id":"154","stop_id":"12670","stop_lat":34.179529,"stop_lon":-118.366257,"stop_sequence":18,"segment_first_lat":34.1794300857,"segment_first_lon":-118.3662697574,"segment_second_lat":34.1794328689,"segment_second_lon":-118.368068416,"segment_sequence":180002,"segment_id":9,"segment_len_meter":165.4581654591141,"segment_cum_len":7640.458361239232,"stop_segment_distance":12.576863230103214}
{"route_id":"18","stop_id":"16946","stop_lat":34.023805,"stop_lon":-118.179812,"stop_sequence":51,"segment_first_lat":34.0239327826,"segment_first_lon":-118.1798120679,"segment_second_lat":34.0239381158,"segment_second_lon":-118.178996936,"segment_sequence":510001,"segment_id":26,"segment_len_meter":75.12390900101107,"segment_cum_len":14384.158843185845,"stop_segment_distance":15.644726394265703}
{"route_id":"20","stop_id":"16759","stop_lat":34.066347,"stop_lon":-118.380267,"stop_sequence":45,"segment_first_lat":34.0659953498,"segment_first_lon":-118.3793866228,"segment_second_lat":34.0662246433,"segment_second_lon":-118.3803095427,"segment_sequence":440004,"segment_id":22,"segment_len_meter":88.7538805424888,"segment_cum_len":13508.038494779013,"stop_segment_distance":15.433535777081659}
{"route_id":"202","stop_id":"1767","stop_lat":33.87976,"stop_lon":-118.218029,"stop_sequence":19,"segment_first_lat":33.8812522282,"segment_first_lon":-118.2180820521,"segment_second_lat":33.8797761903,"segment_second_lon":-118.2178762595,"segment_sequence":180002,"segment_id":9,"segment_len_meter":165.22374054911856,"segment_cum_len":6810.170039157688,"stop_segment_distance":14.99143406999886}
{"route_id":"210","stop_id":"13367","stop_lat":33.93747,"stop_lon":-118.326636,"stop_sequence":66,"segment_first_lat":33.9374700875,"segment_first_lon":-118.326483324,"segment_second_lat":33.9367803708,"segment_second_lon":-118.3264852517,"segment_sequence":660001,"segment_id":33,"segment_len_meter":76.69320404537797,"segment_cum_len":22176.211172457704,"stop_segment_distance":15.325677235224333}
{"route_id":"210","stop_id":"13370","stop_lat":33.955941,"stop_lon":-118.326639,"stop_sequence":61,"segment_first_lat":33.9559411676,"segment_first_lon":-118.3264873913,"segment_second_lat":33.9552954277,"segment_second_lon":-118.3264848743,"segment_sequence":610001,"segment_id":31,"segment_len_meter":71.80337609997248,"segment_cum_len":20117.40799263906,"stop_segment_distance":15.358268170317942}
{"route_id":"211","stop_id":"141076","stop_lat":33.955111,"stop_lon":-118.35936,"stop_sequence":23,"segment_first_lat":33.9544103639,"segment_first_lon":-118.3594328454,"segment_second_lat":33.955111035,"segment_second_lon":-118.3594440958,"segment_sequence":220004,"segment_id":11,"segment_len_meter":77.9179814074897,"segment_cum_len":7852.711653288121,"stop_segment_distance":8.034828369671317}
{"route_id":"212","stop_id":"13645","stop_lat":34.069115,"stop_lon":-118.344165,"stop_sequence":20,"segment_first_lat":34.0710446924,"segment_first_lon":-118.3440214515,"segment_second_lat":34.0691157041,"segment_second_lon":-118.3440135182,"segment_sequence":190002,"segment_id":10,"segment_len_meter":214.49495721133826,"segment_cum_len":5673.936026938983,"stop_segment_distance":14.437199945805162}
{"route_id":"236","stop_id":"30015","stop_lat":34.293471,"stop_lon":-118.45085,"stop_sequence":55,"segment_first_lat":34.2935781456,"segment_first_lon":-118.4507642343,"segment_second_lat":34.2934632292,"segment_second_lon":-118.4507788433,"segment_sequence":540008,"segment_id":27,"segment_len_meter":12.848403889860498,"segment_cum_len":26463.05216539926,"stop_segment_distance":8.028868720232422}
{"route_id":"243","stop_id":"14832","stop_lat":34.275355,"stop_lon":-118.569838,"stop_sequence":70,"segment_first_lat":34.2753978783,"segment_first_lon":-118.5700965399,"segment_second_lat":34.275432828,"segment_second_lon":-118.5698521571,"segment_sequence":690029,"segment_id":35,"segment_len_meter":22.788876741538164,"segment_cum_len":31753.48366300508,"stop_segment_distance":10.192058110619538}
{"route_id":"245","stop_id":"14957","stop_lat":34.219939,"stop_lon":-118.605844,"stop_sequence":13,"segment_first_lat":34.2199381193,"segment_first_lon":-118.6059964253,"segment_second_lat":34.2209438218,"segment_second_lon":-118.6060037244,"segment_sequence":130001,"segment_id":7,"segment_len_meter":111.83102946204187,"segment_cum_len":5282.5209974612935,"stop_segment_distance":14.876219466303127}
{"route_id":"35","stop_id":"7741","stop_lat":34.025383,"stop_lon":-118.358213,"stop_sequence":8,"segment_first_lat":34.0255041648,"segment_first_lon":-118.3591111235,"segment_second_lat":34.02550903,"segment_second_lon":-118.3582134754,"segment_sequence":70006,"segment_id":4,"segment_len_meter":82.72639869207838,"segment_cum_len":2969.7495888907347,"stop_segment_distance":15.145448417647714}
{"route_id":"4","stop_id":"16301","stop_lat":34.085325,"stop_lon":-118.27461,"stop_sequence":27,"segment_first_lat":34.0847641948,"segment_first_lon":-118.2745089061,"segment_second_lat":34.0852785954,"segment_second_lon":-118.2747513543,"segment_sequence":260008,"segment_id":13,"segment_len_meter":61.40210822755908,"segment_cum_len":8447.366207592604,"stop_segment_distance":15.650710432341057}
{"route_id":"40","stop_id":"10938","stop_lat":33.887597,"stop_lon":-118.352857,"stop_sequence":78,"segment_first_lat":33.8896825463,"segment_first_lon":-118.3527104727,"segment_second_lat":33.8875969578,"segment_second_lon":-118.3527016977,"segment_sequence":770002,"segment_id":39,"segment_len_meter":231.90827477191078,"segment_cum_len":29896.321298719533,"stop_segment_distance":14.723401144832025}
{"route_id":"460","stop_id":"3770","stop_lat":33.849627,"stop_lon":-117.975974,"stop_sequence":65,"segment_first_lat":33.8496274078,"segment_first_lon":-117.9761256881,"segment_second_lat":33.8512651106,"segment_second_lon":-117.9761449821,"segment_sequence":660001,"segment_id":33,"segment_len_meter":182.11295891646776,"segment_cum_len":53858.76761223971,"stop_segment_distance":14.727823206689834}
{"route_id":"53","stop_id":"4851","stop_lat":34.02139,"stop_lon":-118.253151,"stop_sequence":62,"segment_first_lat":34.0212794863,"segment_first_lon":-118.2534442031,"segment_second_lat":34.0214664315,"segment_second_lon":-118.2532701947,"segment_sequence":610006,"segment_id":31,"segment_len_meter":26.254447340761665,"segment_cum_len":20344.775753281738,"stop_segment_distance":17.31954828582589}
{"route_id":"60","stop_id":"12223","stop_lat":33.910371,"stop_lon":-118.209058,"stop_sequence":62,"segment_first_lat":33.9111373789,"segment_first_lon":-118.2089515336,"segment_second_lat":33.9103760335,"segment_second_lon":-118.2089048138,"segment_sequence":610003,"segment_id":31,"segment_len_meter":84.76745769909718,"segment_cum_len":19628.04043990594,"stop_segment_distance":15.161875934514427}
{"route_id":"605","stop_id":"17155","stop_lat":34.027971,"stop_lon":-118.200666,"stop_sequence":8,"segment_first_lat":34.0280316505,"segment_first_lon":-118.2008040917,"segment_second_lat":34.0283089297,"segment_second_lon":-118.2006268682,"segment_sequence":80001,"segment_id":4,"segment_len_meter":34.8904754224754,"segment_cum_len":1598.5669499541532,"stop_segment_distance":17.260553841735586}
{"route_id":"66","stop_id":"1580","stop_lat":34.029444,"stop_lon":-118.2413,"stop_sequence":28,"segment_first_lat":34.0300718068,"segment_first_lon":-118.2418005369,"segment_second_lat":34.0295278542,"segment_second_lon":-118.2411887212,"segment_sequence":270004,"segment_id":14,"segment_len_meter":82.68703192734306,"segment_cum_len":8205.63233844641,"stop_segment_distance":14.84409272474592}
{"route_id":"780","stop_id":"2488","stop_lat":34.101637,"stop_lon":-118.3007,"stop_sequence":15,"segment_first_lat":34.1017602174,"segment_first_lon":-118.3019817233,"segment_second_lat":34.1017634137,"segment_second_lon":-118.3007000712,"segment_sequence":140010,"segment_id":7,"segment_len_meter":118.00761570994214,"segment_cum_len":13567.681531717439,"stop_segment_distance":14.855347722867634}
{"route_id":"81","stop_id":"13478","stop_lat":33.988902,"stop_lon":-118.282811,"stop_sequence":77,"segment_first_lat":33.9889024769,"segment_first_lon":-118.2826600066,"segment_second_lat":33.9873746719,"segment_second_lon":-118.282657488,"segment_sequence":770001,"segment_id":39,"segment_len_meter":169.8843236016888,"segment_cum_len":25084.189875899832,"stop_segment_distance":14.456765651901378}
{"route_id":"910","stop_id":"2324","stop_lat":33.928732,"stop_lon":-118.280709,"stop_sequence":19,"segment_first_lat":33.9287293678,"segment_first_lon":-118.2806703473,"segment_second_lat":33.9285394484,"segment_second_lon":-118.2806888304,"segment_sequence":190001,"segment_id":10,"segment_len_meter":21.186813227745223,"segment_cum_len":35349.079721772854,"stop_segment_distance":3.8828320571307735}
