{"route_id":"14","stop_id":"7453","stop_lat":34.032556,"stop_lon":-118.317835,"stop_sequence":17,"segment_first_lat":34.0326489769,"segment_first_lon":-118.3188653829,"segment_second_lat":34.0326541653,"segment_second_lon":-118.3178356371,"segment_sequence":160004,"segment_id":8,"segment_len_meter":94.89213157231124,"segment_cum_len":5858.199185066125,"stop_segment_distance":11.53385042624403}
{"route_id":"150","stop_id":"14935","stop_lat":34.188609,"stop_lon":-118.606054,"stop_sequence":6,"segment_first_lat":34.1886095144,"segment_first_lon":-118.6059083527,"segment_second_lat":34.1869608732,"segment_second_lon":-118.6058861433,"segment_sequence":60001,"segment_id":3,"segment_len_meter":183.33191908412007,"segment_cum_len":1748.3908563739485,"stop_segment_distance":13.977344271095461}
{"route_id":"161","stop_id":"14929","stop_lat":34.154151,"stop_lon":-118.757376,"stop_sequence":37,"segment_first_lat":34.1540311059,"segment_first_lon":-118.7574309639,"segment_second_lat":34.154262093,"segment_second_lon":-118.7581070309,"segment_sequence":370001,"segment_id":19,"segment_len_meter":67.3034373979943,"segment_cum_len":22217.267744390465,"stop_segment_distance":15.347479029562422}
{"route_id":"161","stop_id":"4173","stop_lat":34.178846,"stop_lon":-118.597598,"stop_sequence":5,"segment_first_lat":34.1788470476,"segment_first_lon":-118.5974430556,"segment_second_lat":34.1781793464,"segment_second_lon":-118.5974343129,"segment_sequence":50001,"segment_id":3,"segment_len_meter":74.24934175684061,"segment_cum_len":1844.4338856689924,"stop_segment_distance":15.646873303953072}
{"route_id":"166","stop_id":"6585","stop_lat":34.242572,"stop_lon":-118.60622,"stop_sequence":7,"segment_first_lat":34.2427007857,"segment_first_lon":-118.6062179243,"segment_second_lat":34.2427138148,"segment_second_lon":-118.6052617527,"segment_sequence":70002,"segment_id":4,"segment_len_meter":87.9037601348678,"segment_cum_len":3889.643053292522,"stop_segment_distance":15.900920156087821}
{"route_id":"167","stop_id":"15336","stop_lat":34.144084,"stop_lon":-118.40817,"stop_sequence":95,"segment_first_lat":34.1436951373,"segment_first_lon":-118.4079039091,"segment_second_lat":34.1439945122,"segment_second_lon":-118.408272549,"segment_sequence":940013,"segment_id":47,"segment_len_meter":47.529818401645336,"segment_cum_len":38022.001842888974,"stop_segment_distance":15.8765799130556}
{"route_id":"167","stop_id":"9255","stop_lat":34.225031,"stop_lon":-118.442895,"stop_sequence":55,"segment_first_lat":34.2250690217,"segment_first_lon":-118.4421769141,"segment_second_lat":34.2249592935,"segment_second_lon":-118.4428769987,"segment_sequence":540009,"segment_id":27,"segment_len_meter":65.51191713437238,"segment_cum_len":22484.335133333603,"stop_segment_distance":8.787365230157121}
{"route_id":"169","stop_id":"11809","stop_lat":34.15141,"stop_lon":-118.626111,"stop_sequence":17,"segment_first_lat":34.1511476973,"segment_first_lon":-118.6257554949,"segment_second_lat":34.1512922917,"segment_second_lon":-118.6261697356,"segment_sequence":160017,"segment_id":8,"segment_len_meter":41.37067548896319,"segment_cum_len":7250.482462830844,"stop_segment_distance":16.617819273030086}
{"route_id":"176","stop_id":"12783","stop_lat":34.112343,"stop_lon":-118.169331,"stop_sequence":88,"segment_first_lat":34.1126015809,"segment_first_lon":-118.1688958131,"segment_second_lat":34.1122623345,"segment_second_lon":-118.1692060023,"segment_sequence":870002,"segment_id":44,"segment_len_meter":47.31254840662838,"segment_cum_len":31733.099908521915,"stop_segment_distance":16.591978292128687}
{"route_id":"180","stop_id":"4894","stop_lat":34.131441,"stop_lon":-118.257661,"stop_sequence":29,"segment_first_lat":34.1314406644,"segment_first_lon":-118.2578162311,"segment_second_lat":34.1321743428,"segment_second_lon":-118.2578184941,"segment_sequence":290001,"segment_id":15,"segment_len_meter":81.58158176617953,"segment_cum_len":9044.601627629516,"stop_segment_distance":15.528675724871178}
{"route_id":"183","stop_id":"19043","stop_lat":34.164771,"stop_lon":-118.448311,"stop_sequence":8,"segment_first_lat":34.1648968845,"segment_first_lon":-118.4483113377,"segment_second_lat":34.1648980465,"segment_second_lon":-118.4474782897,"segment_sequence":80001,"segment_id":4,"segment_len_meter":76.64505498450966,"segment_cum_len":2894.397604235113,"stop_segment_distance":15.25818336962162}
{"route_id":"2","stop_id":"6386","stop_lat":34.094148,"stop_lon":-118.376482,"stop_sequence":31,"segment_first_lat":34.0941529292,"segment_first_lon":-118.3767464841,"segment_second_lat":34.0942586752,"segment_second_lon":-118.3765854454,"segment_sequence":300008,"segment_id":15,"segment_len_meter":18.92497468709303,"segment_cum_len":9436.615743755408,"stop_segment_distance":20.997856839095878}
{"route_id":"2","stop_id":"6434","stop_lat":34.077034,"stop_lon":-118.420045,"stop_sequence":15,"segment_first_lat":34.0770490741,"segment_first_lon":-118.4203653695,"segment_second_lat":34.0771458836,"segment_second_lon":-118.420104314,"segment_sequence":140014,"segment_id":7,"segment_len_meter":26.343274893750745,"segment_cum_len":4812.118769828782,"stop_segment_distance":16.79812175485702}
{"route_id":"20","stop_id":"16737","stop_lat":34.061882,"stop_lon":-118.300035,"stop_sequence":20,"segment_first_lat":34.0617581599,"segment_first_lon":-118.2991596646,"segment_second_lat":34.061754066,"segment_second_lon":-118.3000345943,"segment_sequence":190005,"segment_id":10,"segment_len_meter":80.59779597196113,"segment_cum_len":6066.286477585324,"stop_segment_distance":15.4290681823679}
{"route_id":"205","stop_id":"17563","stop_lat":33.732507,"stop_lon":-118.294405,"stop_sequence":2,"segment_first_lat":33.7324315393,"segment_first_lon":-118.2928364285,"segment_second_lat":33.7324351296,"segment_second_lon":-118.2944051652,"segment_sequence":10002,"segment_id":1,"segment_len_meter":145.06812445271453,"segment_cum_len":158.4507045046087,"stop_segment_distance":8.218241923186525}
{"route_id":"205","stop_id":"17611","stop_lat":33.892672,"stop_lon":-118.23721,"stop_sequence":116,"segment_first_lat":33.8912400967,"segment_first_lon":-118.237261608,"segment_second_lat":33.8926635534,"segment_second_lon":-118.2373618513,"segment_sequence":1160002,"segment_id":58,"segment_len_meter":158.55137363505912,"segment_cum_len":44121.703926537535,"stop_segment_distance":14.78772371659872}
{"route_id":"205","stop_id":"271","stop_lat":33.737793,"stop_lon":-118.290293,"stop_sequence":20,"segment_first_lat":33.7378665941,"segment_first_lon":-118.2905991665,"segment_second_lat":33.737865409,"segment_second_lon":-118.2902932908,"segment_sequence":190003,"segment_id":10,"segment_len_meter":28.284107896512147,"segment_cum_len":3881.1278371197777,"stop_segment_distance":9.237131957127168}
{"route_id":"205","stop_id":"49","stop_lat":33.737857,"stop_lon":-118.305722,"stop_sequence":13,"segment_first_lat":33.7379280369,"segment_first_lon":-118.3057219501,"segment_second_lat":33.7379284547,"segment_second_lon":-118.3055575043,"segment_sequence":130001,"segment_id":7,"segment_len_meter":15.206080774554506,"segment_cum_len":2469.5841126022774,"stop_segment_distance":9.85365179461042}
{"route_id":"207","stop_id":"2088","stop_lat":34.105137,"stop_lon":-118.321438,"stop_sequence":62,"segment_first_lat":34.1052605092,"segment_first_lon":-118.3223862291,"segment_second_lat":34.1052630349,"segment_second_lon":-118.3214381639,"segment_sequence":610030,"segment_id":31,"segment_len_meter":87.28917763281214,"segment_cum_len":22742.249299494906,"stop_segment_distance":15.10275405395862}
{"route_id":"211","stop_id":"12875","stop_lat":33.930684,"stop_lon":-118.344048,"stop_sequence":43,"segment_first_lat":33.9309587385,"segment_first_lon":-118.343894599,"segment_second_lat":33.9306839562,"segment_second_lon":-118.3438934712,"segment_sequence":420007,"segment_id":21,"segment_len_meter":30.554574859603076,"segment_cum_len":14898.591221742625,"stop_segment_distance":17.370828929482858}
{"route_id":"211","stop_id":"19149","stop_lat":33.895069,"stop_lon":-118.369841,"stop_sequence":1,"segment_first_lat":33.8950300268,"segment_first_lon":-118.3698873505,"segment_second_lat":33.8952687761,"segment_second_lon":-118.3701684898,"segment_sequence":10001,"segment_id":1,"segment_len_meter":37.12299092017387,"segment_cum_len":37.12299092017387,"stop_segment_distance":6.478180876581639}
{"route_id":"217","stop_id":"13413","stop_lat":34.049843,"stop_lon":-118.367089,"stop_sequence":34,"segment_first_lat":34.0504263811,"segment_first_lon":-118.3667647196,"segment_second_lat":34.0498119777,"segment_second_lon":-118.3669383111,"segment_sequence":330005,"segment_id":17,"segment_len_meter":70.16552236489566,"segment_cum_len":9386.46573767097,"stop_segment_distance":15.55794374107991}
{"route_id":"217","stop_id":"13415","stop_lat":34.043294,"stop_lon":-118.369269,"stop_sequence":37,"segment_first_lat":34.0451705639,"segment_first_lon":-118.3682832627,"segment_second_lat":34.0432496986,"segment_second_lon":-118.3691254642,"segment_sequence":360005,"segment_id":18,"segment_len_meter":227.24941817776477,"segment_cum_len":10144.703786221615,"stop_segment_distance":14.43653097522622}
{"route_id":"234","stop_id":"20108","stop_lat":34.280874,"stop_lon":-118.441109,"stop_sequence":26,"segment_first_lat":34.2807825064,"segment_first_lon":-118.4410046848,"segment_second_lat":34.2804832135,"segment_second_lon":-118.4413947172,"segment_sequence":260001,"segment_id":13,"segment_len_meter":48.90557619651749,"segment_cum_len":9433.870342797843,"stop_segment_distance":15.839174741966204}
{"route_id":"237","stop_id":"513","stop_lat":34.172265,"stop_lon":-118.418338,"stop_sequence":41,"segment_first_lat":34.1721400252,"segment_first_lon":-118.4183378352,"segment_second_lat":34.1721446275,"segment_second_lon":-118.4205760564,"segment_sequence":410001,"segment_id":21,"segment_len_meter":205.91148325725635,"segment_cum_len":15825.974548629953,"stop_segment_distance":14.315222171890298}
{"route_id":"243","stop_id":"16797","stop_lat":34.180373,"stop_lon":-118.571118,"stop_sequence":37,"segment_first_lat":34.18137659,"segment_first_lon":-118.5709725471,"segment_second_lat":34.1803736334,"segment_second_lon":-118.570965692,"segment_sequence":360002,"segment_id":18,"segment_len_meter":111.5254683107249,"segment_cum_len":16348.92323146461,"stop_segment_distance":14.878671673453113}
{"route_id":"245","stop_id":"14936","stop_lat":34.187236,"stop_lon":-118.605736,"stop_sequence":3,"segment_first_lat":34.187235647,"segment_first_lon":-118.6058897897,"segment_second_lat":34.1891068551,"segment_second_lon":-118.6059149365,"segment_sequence":30001,"segment_id":2,"segment_len_meter":208.08170331377443,"segment_cum_len":1742.335207371366,"stop_segment_distance":14.743748336749206}
{"route_id":"245","stop_id":"6569","stop_lat":34.224531,"stop_lon":-118.605848,"stop_sequence":14,"segment_first_lat":34.2242550953,"segment_first_lon":-118.6059979846,"segment_second_lat":34.2245298774,"segment_second_lon":-118.605999979,"segment_sequence":130004,"segment_id":7,"segment_len_meter":30.554925666416484,"segment_cum_len":5681.273680664745,"stop_segment_distance":17.05446129659622}
{"route_id":"4","stop_id":"14390","stop_lat":34.09099,"stop_lon":-118.295892,"stop_sequence":36,"segment_first_lat":34.0908657081,"segment_first_lon":-118.2949734198,"segment_second_lat":34.0908634629,"segment_second_lon":-118.2958915975,"segment_sequence":350005,"segment_id":18,"segment_len_meter":84.55172314678431,"segment_cum_len":10994.618902149155,"stop_segment_distance":15.228583822354722}
{"route_id":"40","stop_id":"11227","stop_lat":34.010992,"stop_lon":-118.295514,"stop_sequence":28,"segment_first_lat":34.0108690485,"segment_first_lon":-118.2940975819,"segment_second_lat":34.010872186,"segment_second_lon":-118.2955131511,"segment_sequence":270004,"segment_id":14,"segment_len_meter":130.47768838515535,"segment_cum_len":10787.634342958523,"stop_segment_distance":14.114508925471597}
{"route_id":"734","stop_id":"14541","stop_lat":34.208183,"stop_lon":-118.466345,"stop_sequence":10,"segment_first_lat":34.2081837328,"segment_first_lon":-118.4661881605,"segment_second_lat":34.2075599818,"segment_second_lon":-118.4661823633,"segment_sequence":100001,"segment_id":5,"segment_len_meter":69.35999543671086,"segment_cum_len":11791.416046700988,"stop_segment_distance":15.935377643059141}
{"route_id":"734","stop_id":"16771","stop_lat":34.057944,"stop_lon":-118.447626,"stop_sequence":27,"segment_first_lat":34.0579433594,"segment_first_lon":-118.4470514824,"segment_second_lat":34.0578218463,"segment_second_lon":-118.4475860127,"segment_sequence":260008,"segment_id":13,"segment_len_meter":51.06206236660145,"segment_cum_len":35765.83521846286,"stop_segment_distance":15.93713004078242}
{"route_id":"92","stop_id":"5259","stop_lat":34.049268,"stop_lon":-118.245923,"stop_sequence":5,"segment_first_lat":34.0481528745,"segment_first_lon":-118.247177521,"segment_second_lat":34.0493469423,"segment_second_lon":-118.2460428008,"segment_sequence":40004,"segment_id":2,"segment_len_meter":168.99238719058104,"segment_cum_len":1515.5967344085777,"stop_segment_distance":14.621453631959866}
{"route_id":"94","stop_id":"12348","stop_lat":34.190232,"stop_lon":-118.321656,"stop_sequence":41,"segment_first_lat":34.1912733805,"segment_first_lon":-118.3229000833,"segment_second_lat":34.1903071732,"segment_second_lon":-118.3215782734,"segment_sequence":400009,"segment_id":20,"segment_len_meter":162.2454980232981,"segment_cum_len":17886.230490693662,"stop_segment_distance":11.54916608713441}
{"route_id":"96","stop_id":"30003","stop_lat":34.179294,"stop_lon":-118.312829,"stop_sequence":1,"segment_first_lat":34.1793199747,"segment_first_lon":-118.3127983535,"segment_second_lat":34.1786427325,"segment_second_lon":-118.3119041092,"segment_sequence":10001,"segment_id":1,"segment_len_meter":111.52555997850618,"segment_cum_len":111.52555997850618,"stop_segment_distance":4.238091039308657}
