{"route_id":"10","stop_id":"6000","stop_lat":34.08555,"stop_lon":-118.382775,"stop_sequence":66,"segment_first_lat":34.0853502473,"segment_first_lon":-118.3832460124,"segment_second_lat":34.0856205472,"segment_second_lon":-118.3828416882,"segment_sequence":650017,"segment_id":33,"segment_len_meter":47.851914650295164,"segment_cum_len":18681.178238422526,"stop_segment_distance":10.84327588151644}
{"route_id":"102","stop_id":"65300050","stop_lat":34.011272,"stop_lon":-118.308753,"stop_sequence":40,"segment_first_lat":34.0112717239,"segment_first_lon":-118.3089033672,"segment_second_lat":34.0118844976,"segment_second_lon":-118.3089036487,"segment_sequence":400001,"segment_id":20,"segment_len_meter":68.13733156122285,"segment_cum_len":14203.747871276619,"stop_segment_distance":15.230147748946166}
{"route_id":"110","stop_id":"2113","stop_lat":33.976452,"stop_lon":-118.173513,"stop_sequence":77,"segment_first_lat":33.9766137374,"segment_first_lon":-118.1738988401,"segment_second_lat":33.9765654122,"segment_second_lon":-118.1734913986,"segment_sequence":760006,"segment_id":38,"segment_len_meter":37.952580612227266,"segment_cum_len":26024.145459131993,"stop_segment_distance":14.680151972395564}
{"route_id":"111","stop_id":"30016","stop_lat":33.913142,"stop_lon":-118.104021,"stop_sequence":89,"segment_first_lat":33.9133344981,"segment_first_lon":-118.1039719923,"segment_second_lat":33.9131421461,"segment_second_lon":-118.1039760382,"segment_sequence":880017,"segment_id":44,"segment_len_meter":21.39182481904672,"segment_cum_len":34162.90302724178,"stop_segment_distance":4.634569835064259}
{"route_id":"115","stop_id":"7804","stop_lat":33.95978,"stop_lon":-118.378971,"stop_sequence":9,"segment_first_lat":33.9599045646,"segment_first_lon":-118.3805351279,"segment_second_lat":33.9599070123,"segment_second_lon":-118.3789720429,"segment_sequence":80002,"segment_id":4,"segment_len_meter":144.1608685100143,"segment_cum_len":1696.474149336506,"stop_segment_distance":14.882916535411567}
{"route_id":"120","stop_id":"30016","stop_lat":33.913142,"stop_lon":-118.104021,"stop_sequence":37,"segment_first_lat":33.9131421461,"segment_first_lon":-118.1039760382,"segment_second_lat":33.9124634181,"segment_second_lon":-118.1039906863,"segment_sequence":370001,"segment_id":19,"segment_len_meter":75.48321407796206,"segment_cum_len":16273.379649164448,"stop_segment_distance":4.172543632858705}
{"route_id":"125","stop_id":"12394","stop_lat":33.903205,"stop_lon":-118.216165,"stop_sequence":57,"segment_first_lat":33.9007764175,"segment_first_lon":-118.2160996342,"segment_second_lat":33.9032002313,"segment_second_lon":-118.2162828478,"segment_sequence":560002,"segment_id":28,"segment_len_meter":270.0456968109526,"segment_cum_len":21266.024152749353,"stop_segment_distance":10.956786089844229}
{"route_id":"128","stop_id":"17227","stop_lat":33.887698,"stop_lon":-118.095861,"stop_sequence":16,"segment_first_lat":33.8875704014,"segment_first_lon":-118.0958611794,"segment_second_lat":33.8875480771,"segment_second_lon":-118.0996699457,"segment_sequence":160001,"segment_id":8,"segment_len_meter":351.5831037848135,"segment_cum_len":8786.330052196437,"stop_segment_distance":14.590857906116696}
{"route_id":"14","stop_id":"140899","stop_lat":34.076316,"stop_lon":-118.341672,"stop_sequence":64,"segment_first_lat":34.0761896576,"segment_first_lon":-118.3407832909,"segment_second_lat":34.0761893466,"segment_second_lon":-118.3416715952,"segment_sequence":630004,"segment_id":32,"segment_len_meter":81.8146161950693,"segment_cum_len":23729.933167257128,"stop_segment_distance":15.317346946046385}
{"route_id":"164","stop_id":"15495","stop_lat":34.187814,"stop_lon":-118.601709,"stop_sequence":73,"segment_first_lat":34.1877160865,"segment_first_lon":-118.601685498,"segment_second_lat":34.1876645789,"segment_second_lon":-118.6019860365,"segment_sequence":730001,"segment_id":37,"segment_len_meter":28.23079065322005,"segment_cum_len":29032.505186701204,"stop_segment_distance":13.289358280231607}
{"route_id":"166","stop_id":"12529","stop_lat":34.235423,"stop_lon":-118.472128,"stop_sequence":41,"segment_first_lat":34.2355555804,"segment_first_lon":-118.4725621196,"segment_second_lat":34.2355462418,"segment_second_lon":-118.4721385696,"segment_sequence":400007,"segment_id":20,"segment_len_meter":38.95010356113362,"segment_cum_len":17594.780408560753,"stop_segment_distance":17.33199521751923}
{"route_id":"175","stop_id":"8058","stop_lat":34.098042,"stop_lon":-118.28757,"stop_sequence":11,"segment_first_lat":34.0981685695,"segment_first_lon":-118.2874053222,"segment_second_lat":34.0972892482,"segment_second_lon":-118.2874056031,"segment_sequence":110002,"segment_id":6,"segment_len_meter":97.77607087126763,"segment_cum_len":3148.005691805366,"stop_segment_distance":7.972000858908075}
{"route_id":"200","stop_id":"3362","stop_lat":34.077928,"stop_lon":-118.263113,"stop_sequence":35,"segment_first_lat":34.0776168193,"segment_first_lon":-118.2634722773,"segment_second_lat":34.0779846962,"segment_second_lon":-118.263249209,"segment_sequence":340007,"segment_id":17,"segment_len_meter":45.77539779179706,"segment_cum_len":8453.156676551042,"stop_segment_distance":16.141366382159987}
{"route_id":"202","stop_id":"19153","stop_lat":33.77907,"stop_lon":-118.274279,"stop_sequence":56,"segment_first_lat":33.7790760368,"segment_first_lon":-118.2741242003,"segment_second_lat":33.7783144779,"segment_second_lon":-118.2740661033,"segment_sequence":560001,"segment_id":28,"segment_len_meter":84.85155493851623,"segment_cum_len":27181.019515987027,"stop_segment_distance":15.755171861224298}
{"route_id":"206","stop_id":"13748","stop_lat":34.02927,"stop_lon":-118.30035,"stop_sequence":32,"segment_first_lat":34.0309106468,"segment_first_lon":-118.3002276572,"segment_second_lat":34.0292701602,"segment_second_lon":-118.3002310132,"segment_sequence":310003,"segment_id":16,"segment_len_meter":182.4140493087337,"segment_cum_len":9620.195976110448,"stop_segment_distance":11.330590969351022}
{"route_id":"207","stop_id":"5751","stop_lat":34.057521,"stop_lon":-118.308914,"stop_sequence":43,"segment_first_lat":34.0558692514,"segment_first_lon":-118.3090660523,"segment_second_lat":34.0575207233,"segment_second_lon":-118.3090662106,"segment_sequence":420002,"segment_id":21,"segment_len_meter":183.6352973555698,"segment_cum_len":16340.127709539283,"stop_segment_distance":14.586169474849243}
{"route_id":"209","stop_id":"5612","stop_lat":33.978074,"stop_lon":-118.317609,"stop_sequence":26,"segment_first_lat":33.9764058797,"segment_first_lon":-118.3177309947,"segment_second_lat":33.9780738396,"segment_second_lon":-118.317728088,"segment_sequence":250003,"segment_id":13,"segment_len_meter":185.46887239101682,"segment_cum_len":9409.667666505584,"stop_segment_distance":11.339383411426297}
{"route_id":"210","stop_id":"13373","stop_lat":33.930636,"stop_lon":-118.326643,"stop_sequence":68,"segment_first_lat":33.9306361566,"segment_first_lon":-118.3264903194,"segment_second_lat":33.9288005729,"segment_second_lon":-118.3264970119,"segment_sequence":680001,"segment_id":34,"segment_len_meter":204.10852881943748,"segment_cum_len":23063.560876640593,"stop_segment_distance":14.511935892980887}
{"route_id":"211","stop_id":"12876","stop_lat":33.887133,"stop_lon":-118.343978,"stop_sequence":55,"segment_first_lat":33.8874055194,"segment_first_lon":-118.3438279547,"segment_second_lat":33.8871307383,"segment_second_lon":-118.3438268277,"segment_sequence":540003,"segment_id":27,"segment_len_meter":30.55444135530205,"segment_cum_len":19741.551596734247,"stop_segment_distance":16.72006346694152}
{"route_id":"217","stop_id":"11031","stop_lat":34.101831,"stop_lon":-118.358375,"stop_sequence":13,"segment_first_lat":34.1017047701,"segment_first_lon":-118.3583747355,"segment_second_lat":34.1016992949,"segment_second_lon":-118.3593855098,"segment_sequence":130001,"segment_id":7,"segment_len_meter":93.06828322911291,"segment_cum_len":3355.408136735227,"stop_segment_distance":15.155247926486496}
{"route_id":"232","stop_id":"23200101","stop_lat":33.838544,"stop_lon":-118.385299,"stop_sequence":61,"segment_first_lat":33.8385350968,"segment_first_lon":-118.3854503907,"segment_second_lat":33.8402031132,"segment_second_lon":-118.3855966899,"segment_sequence":610001,"segment_id":31,"segment_len_meter":185.96649059155638,"segment_cum_len":24984.365216952177,"stop_segment_distance":14.573389879180155}
{"route_id":"237","stop_id":"12093","stop_lat":34.101702,"stop_lon":-118.338529,"stop_sequence":5,"segment_first_lat":34.1015639953,"segment_first_lon":-118.3386834353,"segment_second_lat":34.1017013878,"segment_second_lon":-118.3386839918,"segment_sequence":40007,"segment_id":2,"segment_len_meter":15.27743488585054,"segment_cum_len":1436.9655945655397,"stop_segment_distance":19.914212131465177}
{"route_id":"245","stop_id":"6594","stop_lat":34.215825,"stop_lon":-118.605824,"stop_sequence":12,"segment_first_lat":34.2158245732,"segment_first_lon":-118.6059781495,"segment_second_lat":34.2175887323,"segment_second_lon":-118.6059793748,"segment_sequence":120001,"segment_id":6,"segment_len_meter":196.16557406749288,"segment_cum_len":4909.44534881343,"stop_segment_distance":14.64629500077595}
{"route_id":"246","stop_id":"3826","stop_lat":33.749498,"stop_lon":-118.28734,"stop_sequence":24,"segment_first_lat":33.7495621055,"segment_first_lon":-118.2874749116,"segment_second_lat":33.7496926005,"segment_second_lon":-118.2873704263,"segment_sequence":240001,"segment_id":12,"segment_len_meter":17.431914539882627,"segment_cum_len":5369.881923925744,"stop_segment_distance":18.75524168165302}
{"route_id":"267","stop_id":"1267","stop_lat":34.190037,"stop_lon":-118.133641,"stop_sequence":84,"segment_first_lat":34.1901741389,"segment_first_lon":-118.1336639124,"segment_second_lat":34.1901571792,"segment_second_lon":-118.133594113,"segment_sequence":830009,"segment_id":42,"segment_len_meter":6.691246852939396,"segment_cum_len":27959.17468527551,"stop_segment_distance":22.7447939418004}
{"route_id":"267","stop_id":"1379","stop_lat":34.14227,"stop_lon":-118.089659,"stop_sequence":31,"segment_first_lat":34.1421701564,"segment_first_lon":-118.0896591923,"segment_second_lat":34.1421676915,"segment_second_lon":-118.0903862545,"segment_sequence":310001,"segment_id":16,"segment_len_meter":66.91224224646159,"segment_cum_len":12049.437419382417,"stop_segment_distance":12.079151126503646}
{"route_id":"267","stop_id":"3683","stop_lat":34.189555,"stop_lon":-118.158979,"stop_sequence":75,"segment_first_lat":34.1885436244,"segment_first_lon":-118.1594566926,"segment_second_lat":34.1895874299,"segment_second_lon":-118.159124376,"segment_sequence":740004,"segment_id":37,"segment_len_meter":120.02324290211799,"segment_cum_len":24480.21614634071,"stop_segment_distance":14.564247433750396}
{"route_id":"268","stop_id":"8948","stop_lat":34.125946,"stop_lon":-118.05471,"stop_sequence":28,"segment_first_lat":34.1240722823,"segment_first_lon":-118.0549729084,"segment_second_lat":34.125952149,"segment_second_lon":-118.0548631236,"segment_sequence":270002,"segment_id":14,"segment_len_meter":209.27577249718868,"segment_cum_len":9603.53493661039,"stop_segment_distance":14.584182866470513}
{"route_id":"4","stop_id":"14403","stop_lat":34.083377,"stop_lon":-118.386711,"stop_sequence":65,"segment_first_lat":34.0839909204,"segment_first_lon":-118.385561486,"segment_second_lat":34.0832794225,"segment_second_lon":-118.3866153478,"segment_sequence":640003,"segment_id":32,"segment_len_meter":125.21463400159489,"segment_cum_len":19617.68076418038,"stop_segment_distance":14.72587795824343}
{"route_id":"40","stop_id":"11817","stop_lat":34.056465,"stop_lon":-118.237539,"stop_sequence":5,"segment_first_lat":34.0577905949,"segment_first_lon":-118.2371132635,"segment_second_lat":34.0564433258,"segment_second_lon":-118.2373874282,"segment_sequence":40002,"segment_id":2,"segment_len_meter":151.92362899634216,"segment_cum_len":1978.2335110841143,"stop_segment_distance":14.774182363295466}
{"route_id":"487","stop_id":"14327","stop_lat":34.085352,"stop_lon":-118.030815,"stop_sequence":92,"segment_first_lat":34.0853195168,"segment_first_lon":-118.0305610906,"segment_second_lat":34.0852450018,"segment_second_lon":-118.0307496412,"segment_sequence":910006,"segment_id":46,"segment_len_meter":19.239594471485518,"segment_cum_len":43360.02440404945,"stop_segment_distance":17.75429767955891}
{"route_id":"51","stop_id":"19129","stop_lat":34.059737,"stop_lon":-118.286352,"stop_sequence":5,"segment_first_lat":34.0597990001,"segment_first_lon":-118.2878215706,"segment_second_lat":34.0598074387,"segment_second_lon":-118.2863523881,"segment_sequence":40002,"segment_id":2,"segment_len_meter":135.3440820557919,"segment_cum_len":1276.4971226317493,"stop_segment_distance":8.040491234749396}
{"route_id":"53","stop_id":"4847","stop_lat":33.920321,"stop_lon":-118.254302,"stop_sequence":16,"segment_first_lat":33.9176394047,"segment_first_lon":-118.2543832334,"segment_second_lat":33.9203213567,"segment_second_lon":-118.254356766,"segment_sequence":150003,"segment_id":8,"segment_len_meter":298.2294557866168,"segment_cum_len":6716.279269927931,"stop_segment_distance":5.098011726566142}
{"route_id":"550","stop_id":"5638","stop_lat":33.798038,"stop_lon":-118.290636,"stop_sequence":24,"segment_first_lat":33.7980473684,"segment_first_lon":-118.2907891349,"segment_second_lat":33.7999586609,"segment_second_lon":-118.2905969588,"segment_sequence":240001,"segment_id":12,"segment_len_meter":213.26659997212676,"segment_cum_len":10539.422659322481,"stop_segment_distance":14.520087969152598}
{"route_id":"66","stop_id":"1586","stop_lat":34.027617,"stop_lon":-118.239288,"stop_sequence":29,"segment_first_lat":34.0284486888,"segment_first_lon":-118.2399872512,"segment_second_lat":34.0277031564,"segment_second_lon":-118.2391748828,"segment_sequence":280006,"segment_id":14,"segment_len_meter":111.69967699945153,"segment_cum_len":8480.632131385648,"stop_segment_distance":15.174027272624784}
{"route_id":"81","stop_id":"10430","stop_lat":34.011517,"stop_lon":-118.282887,"stop_sequence":67,"segment_first_lat":34.011517223,"segment_first_lon":-118.2827324124,"segment_second_lat":34.0111435163,"segment_second_lon":-118.2827311502,"segment_sequence":670001,"segment_id":34,"segment_len_meter":41.55445195178011,"segment_cum_len":22441.12268741197,"stop_segment_distance":16.63801657152611}
{"route_id":"90","stop_id":"7653","stop_lat":34.259605,"stop_lon":-118.319802,"stop_sequence":3,"segment_first_lat":34.2597332898,"segment_first_lon":-118.3201334409,"segment_second_lat":34.2597314167,"segment_second_lon":-118.3198024826,"segment_sequence":20003,"segment_id":1,"segment_len_meter":30.416427931782398,"segment_cum_len":473.8016382965797,"stop_segment_distance":17.27552356449615}
