{"route_id":"108","stop_id":"1644","stop_lat":33.989171,"stop_lon":-118.26099,"stop_sequence":45,"segment_first_lat":33.98928691,"segment_first_lon":-118.2620826259,"segment_second_lat":33.989296421,"segment_second_lon":-118.2609907475,"segment_sequence":440003,"segment_id":22,"segment_len_meter":100.67280356228613,"segment_cum_len":15305.06274302401,"stop_segment_distance":14.830948495736479}
{"route_id":"110","stop_id":"2112","stop_lat":33.980083,"stop_lon":-118.207514,"stop_sequence":68,"segment_first_lat":33.9803126206,"segment_first_lon":-118.2084149793,"segment_second_lat":33.9802114397,"segment_second_lon":-118.2074931394,"segment_sequence":670003,"segment_id":34,"segment_len_meter":85.74070636721503,"segment_cum_len":22862.616765195016,"stop_segment_distance":15.581104549928327}
{"route_id":"117","stop_id":"36505","stop_lat":33.921188,"stop_lon":-118.146584,"stop_sequence":72,"segment_first_lat":33.9212986291,"segment_first_lon":-118.1464930605,"segment_second_lat":33.9205297444,"segment_second_lon":-118.1451623987,"segment_sequence":720001,"segment_id":36,"segment_len_meter":149.61522322836106,"segment_cum_len":26885.707424600176,"stop_segment_distance":15.487155441962244}
{"route_id":"120","stop_id":"14856","stop_lat":33.940906,"stop_lon":-118.047131,"stop_sequence":21,"segment_first_lat":33.9408036665,"segment_first_lon":-118.0472322064,"segment_second_lat":33.9416091356,"segment_second_lon":-118.0484241701,"segment_sequence":210001,"segment_id":11,"segment_len_meter":141.81764075842074,"segment_cum_len":7791.185233767399,"stop_segment_distance":15.532654776206186}
{"route_id":"127","stop_id":"8981","stop_lat":33.901715,"stop_lon":-118.125473,"stop_sequence":12,"segment_first_lat":33.9017155877,"segment_first_lon":-118.1253190924,"segment_second_lat":33.9010945759,"segment_second_lon":-118.1253204706,"segment_sequence":120001,"segment_id":6,"segment_len_meter":69.05347869414415,"segment_cum_len":5288.413842113382,"stop_segment_distance":15.560612957155215}
{"route_id":"127","stop_id":"8983","stop_lat":33.927559,"stop_lon":-118.125558,"stop_sequence":7,"segment_first_lat":33.9275589005,"segment_first_lon":-118.1254062012,"segment_second_lat":33.9261849828,"segment_second_lon":-118.1254041449,"segment_sequence":70001,"segment_id":4,"segment_len_meter":152.77279567180307,"segment_cum_len":2498.299497002355,"stop_segment_distance":14.6744435758836}
{"route_id":"161","stop_id":"15347","stop_lat":34.16854,"stop_lon":-118.602443,"stop_sequence":9,"segment_first_lat":34.1684037501,"segment_first_lon":-118.602118346,"segment_second_lat":34.1684180443,"segment_second_lon":-118.6024483815,"segment_sequence":80008,"segment_id":4,"segment_len_meter":30.405369425329294,"segment_cum_len":3460.9100720340566,"stop_segment_distance":16.655846375646927}
{"route_id":"167","stop_id":"18165","stop_lat":34.248127,"stop_lon":-118.483037,"stop_sequence":37,"segment_first_lat":34.2480587847,"segment_first_lon":-118.4829406553,"segment_second_lat":34.2480396226,"segment_second_lon":-118.4829911732,"segment_sequence":360034,"segment_id":18,"segment_len_meter":5.108874188186642,"segment_cum_len":15610.368174582802,"stop_segment_distance":17.1407812482252}
{"route_id":"167","stop_id":"18182","stop_lat":34.242632,"stop_lon":-118.557603,"stop_sequence":14,"segment_first_lat":34.2427597423,"segment_first_lon":-118.5576043338,"segment_second_lat":34.2427595114,"segment_second_lon":-118.5562212237,"segment_sequence":140001,"segment_id":7,"segment_len_meter":127.13616630827399,"segment_cum_len":5897.694909674788,"stop_segment_distance":14.87124935899989}
{"route_id":"167","stop_id":"18184","stop_lat":34.242624,"stop_lon":-118.545033,"stop_sequence":17,"segment_first_lat":34.2427460866,"segment_first_lon":-118.5452820084,"segment_second_lat":34.242748853,"segment_second_lon":-118.5450338613,"segment_sequence":160004,"segment_id":8,"segment_len_meter":22.81188141750862,"segment_cum_len":6926.052676331443,"stop_segment_distance":17.683352083042873}
{"route_id":"169","stop_id":"6095","stop_lat":34.208206,"stop_lon":-118.579418,"stop_sequence":58,"segment_first_lat":34.208331128,"segment_first_lon":-118.5794190046,"segment_second_lat":34.2083380541,"segment_second_lon":-118.5764158316,"segment_sequence":580001,"segment_id":29,"segment_len_meter":276.1670700006004,"segment_cum_len":24001.639568942766,"stop_segment_distance":14.210877404396854}
{"route_id":"2","stop_id":"8024","stop_lat":34.068285,"stop_lon":-118.250364,"stop_sequence":74,"segment_first_lat":34.0684532724,"segment_first_lon":-118.2502653827,"segment_second_lat":34.0683178894,"segment_second_lon":-118.2502233734,"segment_sequence":730018,"segment_id":37,"segment_len_meter":15.54326212200483,"segment_cum_len":22960.0505698725,"stop_segment_distance":18.71573709237111}
{"route_id":"201","stop_id":"140971","stop_lat":34.06925,"stop_lon":-118.291807,"stop_sequence":51,"segment_first_lat":34.070382848,"segment_first_lon":-118.2916586092,"segment_second_lat":34.0692507405,"segment_second_lon":-118.2916516901,"segment_sequence":500003,"segment_id":25,"segment_len_meter":125.88622364992818,"segment_cum_len":15428.645546406735,"stop_segment_distance":15.125852674424209}
{"route_id":"205","stop_id":"1471","stop_lat":33.743365,"stop_lon":-118.279955,"stop_sequence":25,"segment_first_lat":33.7432923398,"segment_first_lon":-118.2799545049,"segment_second_lat":33.7432929008,"segment_second_lon":-118.2804215666,"segment_sequence":250001,"segment_id":13,"segment_len_meter":43.18570658958931,"segment_cum_len":5535.763034490314,"stop_segment_distance":8.77235201369303}
{"route_id":"205","stop_id":"17454","stop_lat":33.838696,"stop_lon":-118.289931,"stop_sequence":72,"segment_first_lat":33.8384485429,"segment_first_lon":-118.2901046591,"segment_second_lat":33.8387071682,"segment_second_lon":-118.2900818448,"segment_sequence":720010,"segment_id":36,"segment_len_meter":28.834913483915013,"segment_cum_len":24236.708499909902,"stop_segment_distance":17.001616458042026}
{"route_id":"205","stop_id":"17597","stop_lat":33.780718,"stop_lon":-118.309603,"stop_sequence":47,"segment_first_lat":33.7805443922,"segment_first_lon":-118.3097304853,"segment_second_lat":33.7807020555,"segment_second_lon":-118.3097541015,"segment_sequence":460004,"segment_id":23,"segment_len_meter":17.666707613608544,"segment_cum_len":12547.004887230185,"stop_segment_distance":19.026484910217917}
{"route_id":"205","stop_id":"17633","stop_lat":33.9165,"stop_lon":-118.238905,"stop_sequence":124,"segment_first_lat":33.9165001907,"segment_first_lon":-118.2390545997,"segment_second_lat":33.9170580081,"segment_second_lon":-118.2390519062,"segment_sequence":1250001,"segment_id":63,"segment_len_meter":62.02696283268822,"segment_cum_len":46851.21536007579,"stop_segment_distance":15.288606515881021}
{"route_id":"205","stop_id":"7098","stop_lat":33.8474,"stop_lon":-118.264429,"stop_sequence":91,"segment_first_lat":33.8475307824,"segment_first_lon":-118.2647550619,"segment_second_lat":33.8475301318,"segment_second_lon":-118.2644257358,"segment_sequence":910006,"segment_id":46,"segment_len_meter":30.413322010366457,"segment_cum_len":33355.52653586702,"stop_segment_distance":17.499322496559074}
{"route_id":"212","stop_id":"12143","stop_lat":33.974727,"stop_lon":-118.357798,"stop_sequence":51,"segment_first_lat":33.9751978252,"segment_first_lon":-118.3576255622,"segment_second_lat":33.9747251299,"segment_second_lon":-118.3576466313,"segment_sequence":500004,"segment_id":25,"segment_len_meter":52.59721319801353,"segment_cum_len":17111.473930305197,"stop_segment_distance":16.077198641449918}
{"route_id":"212","stop_id":"16267","stop_lat":33.989032,"stop_lon":-118.354412,"stop_sequence":45,"segment_first_lat":33.9889036429,"segment_first_lon":-118.3540818022,"segment_second_lat":33.9889045979,"segment_second_lon":-118.3544116872,"segment_sequence":440019,"segment_id":22,"segment_len_meter":30.414530701514483,"segment_cum_len":15162.496946745005,"stop_segment_distance":17.374798348615}
{"route_id":"230","stop_id":"20074","stop_lat":34.23863,"stop_lon":-118.410962,"stop_sequence":23,"segment_first_lat":34.2387122753,"segment_first_lon":-118.4108467271,"segment_second_lat":34.2380584357,"segment_second_lon":-118.4101516679,"segment_sequence":230001,"segment_id":12,"segment_len_meter":96.78946320260859,"segment_cum_len":8488.77986907408,"stop_segment_distance":15.1282655433575}
{"route_id":"230","stop_id":"2922","stop_lat":34.252536,"stop_lon":-118.425707,"stop_sequence":18,"segment_first_lat":34.2526176086,"segment_first_lon":-118.4255916569,"segment_second_lat":34.2513371932,"segment_second_lon":-118.4242313381,"segment_sequence":180001,"segment_id":9,"segment_len_meter":189.48010456318232,"segment_cum_len":6525.348131437414,"stop_segment_distance":14.643838681528905}
{"route_id":"236","stop_id":"11063","stop_lat":34.294043,"stop_lon":-118.445492,"stop_sequence":53,"segment_first_lat":34.2939752608,"segment_first_lon":-118.4454047319,"segment_second_lat":34.2928237897,"segment_second_lon":-118.4467010685,"segment_sequence":530001,"segment_id":27,"segment_len_meter":174.85895800530224,"segment_cum_len":25915.401216409802,"stop_segment_distance":11.40117593556269}
{"route_id":"236","stop_id":"2529","stop_lat":34.296703,"stop_lon":-118.442514,"stop_sequence":52,"segment_first_lat":34.2966329483,"segment_first_lon":-118.4424267797,"segment_second_lat":34.2959610515,"segment_second_lon":-118.44318838,"segment_sequence":520001,"segment_id":26,"segment_len_meter":102.35481679932886,"segment_cum_len":25440.185568524827,"stop_segment_distance":11.990365808283102}
{"route_id":"237","stop_id":"524","stop_lat":34.172259,"stop_lon":-118.444655,"stop_sequence":47,"segment_first_lat":34.1721340605,"segment_first_lon":-118.4446540011,"segment_second_lat":34.1721347922,"segment_second_lon":-118.4463202576,"segment_sequence":470001,"segment_id":24,"segment_len_meter":153.29153714733178,"segment_cum_len":18194.394179320665,"stop_segment_distance":14.422210018064845}
{"route_id":"251","stop_id":"14661","stop_lat":33.98933,"stop_lon":-118.222956,"stop_sequence":33,"segment_first_lat":33.9891995702,"segment_first_lon":-118.2229584566,"segment_second_lat":33.9892076492,"segment_second_lon":-118.2236413317,"segment_sequence":330001,"segment_id":17,"segment_len_meter":62.96509412730958,"segment_cum_len":12725.762070295397,"stop_segment_distance":16.173005990903185}
{"route_id":"251","stop_id":"14708","stop_lat":33.972311,"stop_lon":-118.209681,"stop_sequence":42,"segment_first_lat":33.9722989907,"segment_first_lon":-118.2095619189,"segment_second_lat":33.9717179354,"segment_second_lon":-118.2096534718,"segment_sequence":420001,"segment_id":21,"segment_len_meter":65.15965663428,"segment_cum_len":16094.405202433149,"stop_segment_distance":11.896898114885104}
{"route_id":"45","stop_id":"13260","stop_lat":33.966102,"stop_lon":-118.278427,"stop_sequence":47,"segment_first_lat":33.9669215313,"segment_first_lon":-118.278284652,"segment_second_lat":33.9661026892,"segment_second_lon":-118.2782763247,"segment_sequence":460003,"segment_id":23,"segment_len_meter":91.05432576004837,"segment_cum_len":15671.209060878307,"stop_segment_distance":14.90980804609623}
{"route_id":"487","stop_id":"16247","stop_lat":34.161883,"stop_lon":-118.031991,"stop_sequence":66,"segment_first_lat":34.1619819537,"segment_first_lon":-118.031825433,"segment_second_lat":34.1603277439,"segment_second_lon":-118.0317950529,"segment_sequence":660002,"segment_id":33,"segment_len_meter":183.96097534883936,"segment_cum_len":34800.42797220851,"stop_segment_distance":8.704656825455487}
{"route_id":"51","stop_id":"259","stop_lat":33.967586,"stop_lon":-118.26529,"stop_sequence":53,"segment_first_lat":33.9684377184,"segment_first_lon":-118.2651438802,"segment_second_lat":33.9675858955,"segment_second_lon":-118.2651382152,"segment_sequence":520005,"segment_id":26,"segment_len_meter":94.7198255923457,"segment_cum_len":14168.238010034906,"stop_segment_distance":14.938358374717026}
{"route_id":"51","stop_id":"8813","stop_lat":33.898436,"stop_lon":-118.265469,"stop_sequence":82,"segment_first_lat":33.898435714,"segment_first_lon":-118.2652766823,"segment_second_lat":33.8952155179,"segment_second_lon":-118.265278024,"segment_sequence":820001,"segment_id":41,"segment_len_meter":358.06949053425427,"segment_cum_len":22215.617655523733,"stop_segment_distance":18.21528280849725}
{"route_id":"534","stop_id":"12730","stop_lat":34.039811,"stop_lon":-118.665672,"stop_sequence":18,"segment_first_lat":34.0396636153,"segment_first_lon":-118.6655190602,"segment_second_lat":34.0396567932,"segment_second_lon":-118.6656599528,"segment_sequence":170044,"segment_id":9,"segment_len_meter":13.004229267745908,"segment_cum_len":18633.28919050112,"stop_segment_distance":25.79276020398013}
{"route_id":"55","stop_id":"1257","stop_lat":34.024844,"stop_lon":-118.268385,"stop_sequence":48,"segment_first_lat":34.0235483565,"segment_first_lon":-118.2657313214,"segment_second_lat":34.0247536172,"segment_second_lon":-118.2684426439,"segment_sequence":470001,"segment_id":24,"segment_len_meter":283.5433941936317,"segment_cum_len":14188.805677131313,"stop_segment_distance":11.664098834347499}
{"route_id":"55","stop_id":"800","stop_lat":34.006429,"stop_lon":-118.247229,"stop_sequence":37,"segment_first_lat":34.0059040469,"segment_first_lon":-118.2473728213,"segment_second_lat":34.0064288691,"segment_second_lon":-118.2473822909,"segment_sequence":360007,"segment_id":18,"segment_len_meter":58.36409383463075,"segment_cum_len":10663.077756886254,"stop_segment_distance":15.62457382691197}
{"route_id":"550","stop_id":"65300085","stop_lat":33.73631,"stop_lon":-118.309817,"stop_sequence":2,"segment_first_lat":33.7365851928,"segment_first_lon":-118.309696623,"segment_second_lat":33.7363104164,"segment_second_lon":-118.3096956097,"segment_sequence":10010,"segment_id":1,"segment_len_meter":30.553885316206877,"segment_cum_len":492.92041246928,"stop_segment_distance":13.232909548205523}
{"route_id":"60","stop_id":"16931","stop_lat":34.029724,"stop_lon":-118.230096,"stop_sequence":20,"segment_first_lat":34.0305675736,"segment_first_lon":-118.2299599874,"segment_second_lat":34.0297267585,"segment_second_lon":-118.2299434852,"segment_sequence":190004,"segment_id":10,"segment_len_meter":93.50673994162928,"segment_cum_len":5766.703774877422,"stop_segment_distance":15.186021508809702}
{"route_id":"603","stop_id":"8691","stop_lat":34.09854,"stop_lon":-118.251274,"stop_sequence":25,"segment_first_lat":34.0991768832,"segment_first_lon":-118.2504366116,"segment_second_lat":34.0984894088,"segment_second_lon":-118.2512097956,"segment_sequence":240005,"segment_id":12,"segment_len_meter":104.46072174858215,"segment_cum_len":7744.078385680741,"stop_segment_distance":8.391422780671888}
{"route_id":"605","stop_id":"3928","stop_lat":34.049739,"stop_lon":-118.205736,"stop_sequence":17,"segment_first_lat":34.0494582924,"segment_first_lon":-118.2060849205,"segment_second_lat":34.0497960932,"segment_second_lon":-118.2058721651,"segment_sequence":160007,"segment_id":8,"segment_len_meter":42.36857997504774,"segment_cum_len":5026.383539219778,"stop_segment_distance":16.4981666420664}
{"route_id":"66","stop_id":"1593","stop_lat":34.018776,"stop_lon":-118.179794,"stop_sequence":48,"segment_first_lat":34.0188997529,"segment_first_lon":-118.1800289538,"segment_second_lat":34.0188978989,"segment_second_lon":-118.1797979514,"segment_sequence":470004,"segment_id":24,"segment_len_meter":21.29116273888112,"segment_cum_len":14656.913057565815,"stop_segment_distance":17.925000743175914}
{"route_id":"68","stop_id":"8895","stop_lat":34.040777,"stop_lon":-118.153201,"stop_sequence":13,"segment_first_lat":34.0406511928,"segment_first_lon":-118.1532072918,"segment_second_lat":34.040655655,"segment_second_lon":-118.1533720116,"segment_sequence":130001,"segment_id":7,"segment_len_meter":15.185494409831342,"segment_cum_len":7020.5064983035,"stop_segment_distance":19.560418004817407}
{"route_id":"70","stop_id":"4425","stop_lat":34.060738,"stop_lon":-118.17101,"stop_sequence":35,"segment_first_lat":34.0608375089,"segment_first_lon":-118.1710450001,"segment_second_lat":34.0608701608,"segment_second_lon":-118.1708846075,"segment_sequence":350001,"segment_id":18,"segment_len_meter":15.214708630145502,"segment_cum_len":11685.454450471167,"stop_segment_distance":15.002231552344}
{"route_id":"733","stop_id":"4096","stop_lat":34.014043,"stop_lon":-118.49773,"stop_sequence":39,"segment_first_lat":34.0136479625,"segment_first_lon":-118.4974866533,"segment_second_lat":34.01395207,"segment_second_lon":-118.4978402213,"segment_sequence":380004,"segment_id":19,"segment_len_meter":46.96237975668526,"segment_cum_len":31348.772436808988,"stop_segment_distance":16.691882636451247}
{"route_id":"90","stop_id":"10566","stop_lat":34.234729,"stop_lon":-118.257212,"stop_sequence":26,"segment_first_lat":34.234831107,"segment_first_lon":-118.2571198086,"segment_second_lat":34.2343272198,"segment_second_lon":-118.2563076747,"segment_sequence":260001,"segment_id":13,"segment_len_meter":93.34502740421647,"segment_cum_len":7275.587898342877,"stop_segment_distance":15.201183170328818}
{"route_id":"90","stop_id":"10609","stop_lat":34.246273,"stop_lon":-118.275933,"stop_sequence":20,"segment_first_lat":34.246484345,"segment_first_lon":-118.2760698376,"segment_second_lat":34.2463867436,"segment_second_lon":-118.2758514531,"segment_sequence":190002,"segment_id":10,"segment_len_meter":22.819149219686686,"segment_cum_len":5033.432479955748,"stop_segment_distance":18.5374456318214}
{"route_id":"90","stop_id":"12103","stop_lat":34.064597,"stop_lon":-118.238737,"stop_sequence":83,"segment_first_lat":34.0650397184,"segment_first_lon":-118.2383851936,"segment_second_lat":34.0645586388,"segment_second_lon":-118.2386268339,"segment_sequence":820074,"segment_id":41,"segment_len_meter":57.939704902661965,"segment_cum_len":30036.378173871737,"stop_segment_distance":12.00530796434527}
{"route_id":"92","stop_id":"5251","stop_lat":34.039693,"stop_lon":-118.257461,"stop_sequence":1,"segment_first_lat":34.0397638583,"segment_first_lon":-118.2575872453,"segment_second_lat":34.0397996452,"segment_second_lon":-118.257556988,"segment_sequence":10001,"segment_id":1,"segment_len_meter":4.858775191838641,"segment_cum_len":4.858775191838641,"stop_segment_distance":23.984386016262732}
