{"route_id":"10","stop_id":"13600","stop_lat":34.045695,"stop_lon":-118.254528,"stop_sequence":8,"segment_first_lat":34.044695034,"segment_first_lon":-118.2555881557,"segment_second_lat":34.0457558277,"segment_second_lon":-118.2546225404,"segment_sequence":70003,"segment_id":4,"segment_len_meter":147.74501032207385,"segment_cum_len":2267.355289304562,"stop_segment_distance":11.284852188265944}
{"route_id":"108","stop_id":"7967","stop_lat":33.988764,"stop_lon":-118.352016,"stop_sequence":19,"segment_first_lat":33.9888892542,"segment_first_lon":-118.3533658997,"segment_second_lat":33.9888885263,"segment_second_lon":-118.3520166837,"segment_sequence":180003,"segment_id":9,"segment_len_meter":124.39346249632642,"segment_cum_len":6912.55477727195,"stop_segment_distance":14.686815101695984}
{"route_id":"111","stop_id":"1422","stop_lat":33.968636,"stop_lon":-118.349085,"stop_sequence":19,"segment_first_lat":33.967604513,"segment_first_lon":-118.3504629242,"segment_second_lat":33.9687246505,"segment_second_lon":-118.3491935886,"segment_sequence":180004,"segment_id":9,"segment_len_meter":170.92688674755854,"segment_cum_len":6536.2558908514975,"stop_segment_distance":14.30392051540258}
{"route_id":"111","stop_id":"1968","stop_lat":33.951385,"stop_lon":-118.12594,"stop_sequence":75,"segment_first_lat":33.9516018249,"segment_first_lon":-118.1260752819,"segment_second_lat":33.9514924113,"segment_second_lon":-118.1258594725,"segment_sequence":740006,"segment_id":37,"segment_len_meter":23.32924062302417,"segment_cum_len":27867.457843630284,"stop_segment_distance":17.883064244874866}
{"route_id":"111","stop_id":"1985","stop_lat":33.953324,"stop_lon":-118.129794,"stop_sequence":73,"segment_first_lat":33.9534296786,"segment_first_lon":-118.1297157193,"segment_second_lat":33.9525314093,"segment_second_lon":-118.1279133104,"segment_sequence":730001,"segment_id":37,"segment_len_meter":193.9446656797993,"segment_cum_len":27645.468701180675,"stop_segment_distance":14.418665203217643}
{"route_id":"117","stop_id":"6644","stop_lat":33.944931,"stop_lon":-118.213312,"stop_sequence":50,"segment_first_lat":33.9450579547,"segment_first_lon":-118.2132926584,"segment_second_lat":33.9450168227,"segment_second_lon":-118.2129331732,"segment_sequence":500001,"segment_id":25,"segment_len_meter":33.47441471344746,"segment_cum_len":18910.075309855358,"stop_segment_distance":16.978899169414845}
{"route_id":"125","stop_id":"7936","stop_lat":33.901842,"stop_lon":-118.278013,"stop_sequence":33,"segment_first_lat":33.9019679397,"segment_first_lon":-118.2780129716,"segment_second_lat":33.9019694684,"segment_second_lon":-118.2742265845,"segment_sequence":330001,"segment_id":17,"segment_len_meter":349.44958451577,"segment_cum_len":13722.965098374434,"stop_segment_distance":14.294022100767052}
{"route_id":"130","stop_id":"13000058","stop_lat":33.860385,"stop_lon":-118.28749,"stop_sequence":44,"segment_first_lat":33.860271917,"segment_first_lon":-118.2874160487,"segment_second_lat":33.8592561272,"segment_second_lon":-118.2896759999,"segment_sequence":440001,"segment_id":22,"segment_len_meter":237.2839965307807,"segment_cum_len":21597.26178220137,"stop_segment_distance":14.72000647881336}
{"route_id":"154","stop_id":"12660","stop_lat":34.179512,"stop_lon":-118.422785,"stop_sequence":42,"segment_first_lat":34.1794128013,"segment_first_lon":-118.4227849143,"segment_second_lat":34.1794156068,"segment_second_lon":-118.4237107042,"segment_sequence":420001,"segment_id":21,"segment_len_meter":85.16362668514815,"segment_cum_len":16510.139674608272,"stop_segment_distance":11.693801375628894}
{"route_id":"161","stop_id":"1086","stop_lat":34.142285,"stop_lon":-118.740591,"stop_sequence":31,"segment_first_lat":34.1422157579,"segment_first_lon":-118.7405771284,"segment_second_lat":34.1421762887,"segment_second_lon":-118.7408745528,"segment_sequence":310001,"segment_id":16,"segment_len_meter":27.72162971093701,"segment_cum_len":19045.010172815444,"stop_segment_distance":8.842086923749754}
{"route_id":"161","stop_id":"4311","stop_lat":34.155768,"stop_lon":-118.642849,"stop_sequence":18,"segment_first_lat":34.1557971734,"segment_first_lon":-118.6427300507,"segment_second_lat":34.1553134042,"segment_second_lon":-118.6425484978,"segment_sequence":180001,"segment_id":9,"segment_len_meter":56.32701828822432,"segment_cum_len":7795.583531506766,"stop_segment_distance":12.706003202314136}
{"route_id":"164","stop_id":"7113","stop_lat":34.186763,"stop_lon":-118.501431,"stop_sequence":52,"segment_first_lat":34.1866366227,"segment_first_lon":-118.5014300699,"segment_second_lat":34.186628657,"segment_second_lon":-118.5033478728,"segment_sequence":520001,"segment_id":26,"segment_len_meter":176.40507719110033,"segment_cum_len":19821.196687138996,"stop_segment_distance":14.596548513115408}
{"route_id":"165","stop_id":"6892","stop_lat":34.193722,"stop_lon":-118.544939,"stop_sequence":26,"segment_first_lat":34.1938487636,"segment_first_lon":-118.5461102908,"segment_second_lat":34.1938490968,"segment_second_lon":-118.5449396389,"segment_sequence":250004,"segment_id":13,"segment_len_meter":107.66939569201384,"segment_cum_len":9564.294413913613,"stop_segment_distance":15.10971080607925}
{"route_id":"166","stop_id":"4041","stop_lat":34.235372,"stop_lon":-118.535755,"stop_sequence":26,"segment_first_lat":34.2354984253,"segment_first_lon":-118.5357555832,"segment_second_lat":34.2355070215,"segment_second_lon":-118.5338101929,"segment_sequence":260001,"segment_id":13,"segment_len_meter":178.8392074073933,"segment_cum_len":11922.45223850752,"stop_segment_distance":14.631218103777684}
{"route_id":"166","stop_id":"4142","stop_lat":34.261577,"stop_lon":-118.398839,"stop_sequence":62,"segment_first_lat":34.2616608912,"segment_first_lon":-118.3987254419,"segment_second_lat":34.2607971976,"segment_second_lon":-118.3978161502,"segment_sequence":620001,"segment_id":31,"segment_len_meter":127.30412090996721,"segment_cum_len":26150.038655959055,"stop_segment_distance":14.57869437739619}
{"route_id":"176","stop_id":"14887","stop_lat":34.068899,"stop_lon":-118.064179,"stop_sequence":45,"segment_first_lat":34.0688310761,"segment_first_lon":-118.0623956922,"segment_second_lat":34.0688276688,"segment_second_lon":-118.0641787383,"segment_sequence":440007,"segment_id":22,"segment_len_meter":164.23683019705285,"segment_cum_len":17769.887977396822,"stop_segment_distance":8.128852510442812}
{"route_id":"2","stop_id":"14790","stop_lat":34.086113,"stop_lon":-118.406431,"stop_sequence":21,"segment_first_lat":34.0862263743,"segment_first_lon":-118.4065023613,"segment_second_lat":34.0863136257,"segment_second_lon":-118.4062963692,"segment_sequence":210001,"segment_id":11,"segment_len_meter":21.307019124438742,"segment_cum_len":6458.505670139436,"stop_segment_distance":18.432046261091035}
{"route_id":"204","stop_id":"140968","stop_lat":34.044523,"stop_lon":-118.291423,"stop_sequence":43,"segment_first_lat":34.0445228104,"segment_first_lon":-118.2915787029,"segment_second_lat":34.0469903716,"segment_second_lon":-118.2915899427,"segment_sequence":430001,"segment_id":22,"segment_len_meter":274.3822408878063,"segment_cum_len":13678.35729294334,"stop_segment_distance":14.75370619109475}
{"route_id":"204","stop_id":"141085","stop_lat":34.076121,"stop_lon":-118.291527,"stop_sequence":55,"segment_first_lat":34.0745733215,"segment_first_lon":-118.291673221,"segment_second_lat":34.0761203549,"segment_second_lon":-118.2916815878,"segment_sequence":540004,"segment_id":27,"segment_len_meter":172.0239914615392,"segment_cum_len":16917.573622177206,"stop_segment_distance":14.834191876174714}
{"route_id":"204","stop_id":"5686","stop_lat":34.033045,"stop_lon":-118.291383,"stop_sequence":40,"segment_first_lat":34.0330450641,"segment_first_lon":-118.2915340909,"segment_second_lat":34.0335726562,"segment_second_lon":-118.2915336185,"segment_sequence":400001,"segment_id":20,"segment_len_meter":58.66558100808737,"segment_cum_len":12186.347356262577,"stop_segment_distance":15.549231657875623}
{"route_id":"204","stop_id":"5700","stop_lat":34.003487,"stop_lon":-118.291389,"stop_sequence":30,"segment_first_lat":34.0026728798,"segment_first_lon":-118.2915381897,"segment_second_lat":34.0034862345,"segment_second_lon":-118.2915436618,"segment_sequence":290002,"segment_id":15,"segment_len_meter":90.44232288669215,"segment_cum_len":8840.866746426143,"stop_segment_distance":15.379512547678928}
{"route_id":"211","stop_id":"12181","stop_lat":33.966596,"stop_lon":-118.35036,"stop_sequence":30,"segment_first_lat":33.9644803555,"segment_first_lon":-118.3504069792,"segment_second_lat":33.9665960969,"segment_second_lon":-118.3504458425,"segment_sequence":290002,"segment_id":15,"segment_len_meter":235.2870087960978,"segment_cum_len":9963.286360108099,"stop_segment_distance":7.918307495718864}
{"route_id":"222","stop_id":"16889","stop_lat":34.103979,"stop_lon":-118.32798,"stop_sequence":9,"segment_first_lat":34.1038023277,"segment_first_lon":-118.3271473262,"segment_second_lat":34.1039027987,"segment_second_lon":-118.3279956877,"segment_sequence":80009,"segment_id":4,"segment_len_meter":78.90516264533385,"segment_cum_len":2244.5480297002446,"stop_segment_distance":8.833041444311704}
{"route_id":"222","stop_id":"6379","stop_lat":34.256135,"stop_lon":-118.342742,"stop_sequence":59,"segment_first_lat":34.2561952079,"segment_first_lon":-118.3428774285,"segment_second_lat":34.2565885949,"segment_second_lon":-118.3426252145,"segment_sequence":590001,"segment_id":30,"segment_len_meter":49.504800519658104,"segment_cum_len":23921.556920967774,"stop_segment_distance":16.194986331000806}
{"route_id":"232","stop_id":"23200090","stop_lat":33.803567,"stop_lon":-118.347556,"stop_sequence":46,"segment_first_lat":33.8033088336,"segment_first_lon":-118.3474167339,"segment_second_lat":33.8034664477,"segment_second_lon":-118.3476454888,"segment_sequence":450011,"segment_id":23,"segment_len_meter":27.457318146974316,"segment_cum_len":18737.992029816385,"stop_segment_distance":17.907730240656562}
{"route_id":"234","stop_id":"12855","stop_lat":34.31544,"stop_lon":-118.441109,"stop_sequence":12,"segment_first_lat":34.3153532504,"segment_first_lon":-118.4409947398,"segment_second_lat":34.3129974325,"segment_second_lon":-118.4436421929,"segment_sequence":120001,"segment_id":6,"segment_len_meter":357.4096132838947,"segment_cum_len":4253.6166195754995,"stop_segment_distance":14.4685384115935}
{"route_id":"236","stop_id":"4020","stop_lat":34.236029,"stop_lon":-118.502382,"stop_sequence":20,"segment_first_lat":34.2360311381,"segment_first_lon":-118.50253306,"segment_second_lat":34.2370121802,"segment_second_lon":-118.502523415,"segment_sequence":200001,"segment_id":10,"segment_len_meter":109.09050750567023,"segment_cum_len":8555.903384271864,"stop_segment_distance":14.892999881792278}
{"route_id":"239","stop_id":"16561","stop_lat":34.176552,"stop_lon":-118.51837,"stop_sequence":7,"segment_first_lat":34.176029052,"segment_first_lon":-118.5185289949,"segment_second_lat":34.1765539337,"segment_second_lon":-118.5185216728,"segment_sequence":60003,"segment_id":3,"segment_len_meter":58.36806891085637,"segment_cum_len":1954.9778749541206,"stop_segment_distance":15.546849471008592}
{"route_id":"246","stop_id":"275","stop_lat":33.847817,"stop_lon":-118.264634,"stop_sequence":57,"segment_first_lat":33.8478043981,"segment_first_lon":-118.2647858942,"segment_second_lat":33.8483686607,"segment_second_lon":-118.2648499186,"segment_sequence":570001,"segment_id":29,"segment_len_meter":63.02111047130865,"segment_cum_len":18501.53211949682,"stop_segment_distance":15.577440216477349}
{"route_id":"256","stop_id":"1324","stop_lat":34.145699,"stop_lon":-118.144017,"stop_sequence":87,"segment_first_lat":34.1458266985,"segment_first_lon":-118.1440169127,"segment_second_lat":34.1458348781,"segment_second_lon":-118.142913061,"segment_sequence":870001,"segment_id":44,"segment_len_meter":101.58736322114325,"segment_cum_len":26937.87153464701,"stop_segment_distance":15.320844623191817}
{"route_id":"260","stop_id":"11958","stop_lat":34.154256,"stop_lon":-118.150688,"stop_sequence":11,"segment_first_lat":34.154481416,"segment_first_lon":-118.1505433274,"segment_second_lat":34.1542588462,"segment_second_lon":-118.1505369769,"segment_sequence":100005,"segment_id":5,"segment_len_meter":24.755530365582498,"segment_cum_len":3247.138823148573,"stop_segment_distance":17.525715433415083}
{"route_id":"267","stop_id":"1705","stop_lat":34.149768,"stop_lon":-118.150859,"stop_sequence":58,"segment_first_lat":34.149668953,"segment_first_lon":-118.1508549261,"segment_second_lat":34.1496574023,"segment_second_lon":-118.151741013,"segment_sequence":580001,"segment_id":29,"segment_len_meter":81.54963724729075,"segment_cum_len":18732.874764269553,"stop_segment_distance":11.561241998994547}
{"route_id":"267","stop_id":"2979","stop_lat":34.179217,"stop_lon":-118.159492,"stop_sequence":70,"segment_first_lat":34.1792170934,"segment_first_lon":-118.1596432204,"segment_second_lat":34.1799315293,"segment_second_lon":-118.1596518597,"segment_sequence":700001,"segment_id":35,"segment_len_meter":79.44562255523289,"segment_cum_len":23399.400850614235,"stop_segment_distance":15.26657096291919}
{"route_id":"28","stop_id":"16146","stop_lat":34.0576,"stop_lon":-118.356948,"stop_sequence":84,"segment_first_lat":34.0574521218,"segment_first_lon":-118.355940143,"segment_second_lat":34.0574727715,"segment_second_lon":-118.3569504941,"segment_sequence":830004,"segment_id":42,"segment_len_meter":93.10425133702267,"segment_cum_len":27143.7688364381,"stop_segment_distance":15.335715040675609}
{"route_id":"4","stop_id":"4756","stop_lat":34.033969,"stop_lon":-118.263539,"stop_sequence":2,"segment_first_lat":34.0334626042,"segment_first_lon":-118.264128697,"segment_second_lat":34.0340412228,"segment_second_lon":-118.2636634912,"segment_sequence":10007,"segment_id":1,"segment_len_meter":77.3124645294759,"segment_cum_len":297.33941191715934,"stop_segment_distance":14.943240065707215}
{"route_id":"40","stop_id":"10900","stop_lat":33.91289,"stop_lon":-118.3529,"stop_sequence":71,"segment_first_lat":33.9128959784,"segment_first_lon":-118.3527491769,"segment_second_lat":33.9126764481,"segment_second_lon":-118.3527413316,"segment_sequence":710001,"segment_id":36,"segment_len_meter":24.421388648813632,"segment_cum_len":27107.581324454583,"stop_segment_distance":17.409442227529595}
{"route_id":"460","stop_id":"2651","stop_lat":33.916972,"stop_lon":-118.090674,"stop_sequence":20,"segment_first_lat":33.9171007715,"segment_first_lon":-118.0916695334,"segment_second_lat":33.9171015242,"segment_second_lon":-118.090674153,"segment_sequence":200003,"segment_id":10,"segment_len_meter":91.84840652708245,"segment_cum_len":34713.54627889467,"stop_segment_distance":15.52583369343401}
{"route_id":"487","stop_id":"13914","stop_lat":34.132467,"stop_lon":-118.031431,"stop_sequence":76,"segment_first_lat":34.1329096358,"segment_first_lon":-118.031285648,"segment_second_lat":34.1324699789,"segment_second_lon":-118.0312778832,"segment_sequence":750006,"segment_id":38,"segment_len_meter":48.89284030508691,"segment_cum_len":37898.47369331884,"stop_segment_distance":16.208685812536714}
{"route_id":"487","stop_id":"14318","stop_lat":34.103832,"stop_lon":-118.02998,"stop_sequence":85,"segment_first_lat":34.1043019313,"segment_first_lon":-118.0299238769,"segment_second_lat":34.1038548767,"segment_second_lon":-118.0298299025,"segment_sequence":840008,"segment_id":42,"segment_len_meter":50.45758621691567,"segment_cum_len":41091.129903956215,"stop_segment_distance":16.10319490783246}
{"route_id":"51","stop_id":"7373","stop_lat":34.049854,"stop_lon":-118.261629,"stop_sequence":16,"segment_first_lat":34.0499165765,"segment_first_lon":-118.2615994266,"segment_second_lat":34.0498704745,"segment_second_lon":-118.2614437957,"segment_sequence":160001,"segment_id":8,"segment_len_meter":15.22720594189187,"segment_cum_len":3846.04841316559,"stop_segment_distance":9.406447222003102}
{"route_id":"55","stop_id":"1256","stop_lat":34.019009,"stop_lon":-118.255229,"stop_sequence":44,"segment_first_lat":34.018917385,"segment_first_lon":-118.255287351,"segment_second_lat":34.0192926049,"segment_second_lon":-118.2561309849,"segment_sequence":440001,"segment_id":22,"segment_len_meter":88.23975264188455,"segment_cum_len":12901.818493551142,"stop_segment_distance":12.190756774681333}
{"route_id":"70","stop_id":"7664","stop_lat":34.060035,"stop_lon":-118.145946,"stop_sequence":41,"segment_first_lat":34.0601718601,"segment_first_lon":-118.1460121994,"segment_second_lat":34.0601225395,"segment_second_lon":-118.1458955667,"segment_sequence":400011,"segment_id":20,"segment_len_meter":12.06287680176503,"segment_cum_len":14491.076880262914,"stop_segment_distance":15.117484617807138}
{"route_id":"81","stop_id":"13440","stop_lat":34.005587,"stop_lon":-118.282887,"stop_sequence":70,"segment_first_lat":34.0062606145,"segment_first_lon":-118.2827080595,"segment_second_lat":34.0055873776,"segment_second_lon":-118.2827123848,"segment_sequence":690004,"segment_id":35,"segment_len_meter":74.86158941588809,"segment_cum_len":23058.970803164793,"stop_segment_distance":17.93142173578491}
{"route_id":"901","stop_id":"15546","stop_lat":34.180638,"stop_lon":-118.448257,"stop_sequence":5,"segment_first_lat":34.1805549143,"segment_first_lon":-118.4476547363,"segment_second_lat":34.1805526855,"segment_second_lon":-118.4482564874,"segment_sequence":40033,"segment_id":2,"segment_len_meter":55.3546583975516,"segment_cum_len":7172.8500289660715,"stop_segment_distance":10.298268377093834}
{"route_id":"92","stop_id":"7678","stop_lat":34.159959,"stop_lon":-118.267385,"stop_sequence":57,"segment_first_lat":34.1598315388,"segment_first_lon":-118.2673993492,"segment_second_lat":34.1600091663,"segment_second_lon":-118.2696986015,"segment_sequence":570001,"segment_id":29,"segment_len_meter":212.4761934212613,"segment_cum_len":16782.383444023515,"stop_segment_distance":14.707589151345104}
