{"route_id":"102","stop_id":"1834","stop_lat":34.018058,"stop_lon":-118.296007,"stop_sequence":49,"segment_first_lat":34.018188368,"segment_first_lon":-118.2975321565,"segment_second_lat":34.0181855213,"segment_second_lon":-118.2960075658,"segment_sequence":480001,"segment_id":24,"segment_len_meter":140.5143046015984,"segment_cum_len":16100.777413767046,"stop_segment_distance":14.97721911191158}
{"route_id":"117","stop_id":"2631","stop_lat":33.929725,"stop_lon":-118.167828,"stop_sequence":66,"segment_first_lat":33.929854275,"segment_first_lon":-118.167810789,"segment_second_lat":33.9298107064,"segment_second_lon":-118.1673274396,"segment_sequence":660001,"segment_id":33,"segment_len_meter":44.856608290739004,"segment_cum_len":24562.568637113716,"stop_segment_distance":16.760779915374854}
{"route_id":"125","stop_id":"17359","stop_lat":33.902788,"stop_lon":-118.25128,"stop_sequence":40,"segment_first_lat":33.9028138162,"segment_first_lon":-118.2535440425,"segment_second_lat":33.902915267,"segment_second_lon":-118.2512866602,"segment_sequence":390002,"segment_id":20,"segment_len_meter":208.6391270601124,"segment_cum_len":15845.483172488643,"stop_segment_distance":14.494140005507575}
{"route_id":"127","stop_id":"9893","stop_lat":33.896321,"stop_lon":-118.188827,"stop_sequence":32,"segment_first_lat":33.8962319969,"segment_first_lon":-118.187927574,"segment_second_lat":33.8962212485,"segment_second_lon":-118.1888271253,"segment_sequence":310009,"segment_id":16,"segment_len_meter":83.03470347007969,"segment_cum_len":13263.993266103553,"stop_segment_distance":11.65949456548563}
{"route_id":"130","stop_id":"17606","stop_lat":33.867358,"stop_lon":-118.257844,"stop_sequence":37,"segment_first_lat":33.8672301254,"segment_first_lon":-118.2578385647,"segment_second_lat":33.867169476,"segment_second_lon":-118.2598490427,"segment_sequence":370001,"segment_id":19,"segment_len_meter":185.74717269973357,"segment_cum_len":18634.372900765266,"stop_segment_distance":14.78653915888367}
{"route_id":"152","stop_id":"13026","stop_lat":34.219659,"stop_lon":-118.614565,"stop_sequence":80,"segment_first_lat":34.2196000569,"segment_first_lon":-118.6103836402,"segment_second_lat":34.2195313728,"segment_second_lon":-118.6145610945,"segment_sequence":790002,"segment_id":40,"segment_len_meter":384.17536297173945,"segment_cum_len":32156.687287072808,"stop_segment_distance":14.5347841915804}
{"route_id":"16","stop_id":"15650","stop_lat":34.073189,"stop_lon":-118.373446,"stop_sequence":51,"segment_first_lat":34.0730629361,"segment_first_lon":-118.3734682377,"segment_second_lat":34.0731477944,"segment_second_lon":-118.3741950863,"segment_sequence":510001,"segment_id":26,"segment_len_meter":67.60834871638303,"segment_cum_len":14001.331274691423,"stop_segment_distance":15.704948125487647}
{"route_id":"163","stop_id":"24247","stop_lat":34.201887,"stop_lon":-118.629588,"stop_sequence":2,"segment_first_lat":34.2018830446,"segment_first_lon":-118.6294329822,"segment_second_lat":34.2016161627,"segment_second_lon":-118.6294441998,"segment_sequence":20001,"segment_id":1,"segment_len_meter":29.693839245351466,"segment_cum_len":99.96584000722379,"stop_segment_distance":17.46063068356867}
{"route_id":"165","stop_id":"6842","stop_lat":34.193637,"stop_lon":-118.610531,"stop_sequence":10,"segment_first_lat":34.193742482,"segment_first_lon":-118.6146524325,"segment_second_lat":34.1937633482,"segment_second_lon":-118.6105321366,"segment_sequence":90002,"segment_id":5,"segment_len_meter":378.9671065722987,"segment_cum_len":3531.394936907723,"stop_segment_distance":14.328804085850436}
{"route_id":"169","stop_id":"6072","stop_lat":34.20787,"stop_lon":-118.421232,"stop_sequence":109,"segment_first_lat":34.2084311946,"segment_first_lon":-118.4235503263,"segment_second_lat":34.2079661951,"segment_second_lon":-118.4212049548,"segment_sequence":1080003,"segment_id":54,"segment_len_meter":221.78747735526582,"segment_cum_len":43497.16944669922,"stop_segment_distance":11.328625147120505}
{"route_id":"169","stop_id":"6091","stop_lat":34.208379,"stop_lon":-118.396667,"stop_sequence":116,"segment_first_lat":34.2084817526,"segment_first_lon":-118.398142438,"segment_second_lat":34.2084791788,"segment_second_lon":-118.3966672857,"segment_sequence":1150004,"segment_id":58,"segment_len_meter":135.65222714592306,"segment_cum_len":46114.83032097255,"stop_segment_distance":11.645684280574613}
{"route_id":"176","stop_id":"11765","stop_lat":34.115575,"stop_lon":-118.14753,"stop_sequence":80,"segment_first_lat":34.1155320246,"segment_first_lon":-118.1469381368,"segment_second_lat":34.1155024552,"segment_second_lon":-118.1475264895,"segment_sequence":790006,"segment_id":40,"segment_len_meter":54.26299724824439,"segment_cum_len":29536.434408315843,"stop_segment_distance":8.50567989746262}
{"route_id":"2","stop_id":"6425","stop_lat":34.082943,"stop_lon":-118.410131,"stop_sequence":19,"segment_first_lat":34.082936549,"segment_first_lon":-118.4103387676,"segment_second_lat":34.0830286746,"segment_second_lon":-118.4102368411,"segment_sequence":180007,"segment_id":9,"segment_len_meter":13.894280553121831,"segment_cum_len":5939.1041172892255,"stop_segment_distance":18.883101929951252}
{"route_id":"2","stop_id":"8021","stop_lat":34.090917,"stop_lon":-118.278995,"stop_sequence":60,"segment_first_lat":34.0910200897,"segment_first_lon":-118.2789119665,"segment_second_lat":34.0909453926,"segment_second_lon":-118.2787733289,"segment_sequence":600001,"segment_id":30,"segment_len_meter":15.230690807982993,"segment_cum_len":18907.149852389313,"stop_segment_distance":19.204004699671167}
{"route_id":"20","stop_id":"15690","stop_lat":34.051564,"stop_lon":-118.255834,"stop_sequence":6,"segment_first_lat":34.0512981202,"segment_first_lon":-118.255608327,"segment_second_lat":34.0514879205,"segment_second_lon":-118.2559043703,"segment_sequence":50002,"segment_id":3,"segment_len_meter":34.48613878458299,"segment_cum_len":1537.879581271203,"stop_segment_distance":12.31515554735173}
{"route_id":"207","stop_id":"5723","stop_lat":34.028122,"stop_lon":-118.308766,"stop_sequence":34,"segment_first_lat":34.0274099362,"segment_first_lon":-118.3089114485,"segment_second_lat":34.028121621,"segment_second_lon":-118.3089167157,"segment_sequence":330005,"segment_id":17,"segment_len_meter":79.13722776094784,"segment_cum_len":13071.007546381925,"stop_segment_distance":15.056333025242921}
{"route_id":"209","stop_id":"5618","stop_lat":33.952538,"stop_lon":-118.317611,"stop_sequence":18,"segment_first_lat":33.9512437401,"segment_first_lon":-118.3177278784,"segment_second_lat":33.9525379755,"segment_second_lon":-118.3177298199,"segment_sequence":170002,"segment_id":9,"segment_len_meter":143.91252178236883,"segment_cum_len":6570.196322631029,"stop_segment_distance":11.365327410156539}
{"route_id":"210","stop_id":"10910","stop_lat":33.865691,"stop_lon":-118.352738,"stop_sequence":87,"segment_first_lat":33.8655541129,"segment_first_lon":-118.3525859219,"segment_second_lat":33.8655464656,"segment_second_lon":-118.3533204421,"segment_sequence":870002,"segment_id":44,"segment_len_meter":67.8238950149597,"segment_cum_len":31805.585826065962,"stop_segment_distance":9.011924780980479}
{"route_id":"218","stop_id":"11981","stop_lat":34.076245,"stop_lon":-118.361575,"stop_sequence":18,"segment_first_lat":34.077943256,"segment_first_lon":-118.3614269724,"segment_second_lat":34.0762450794,"segment_second_lon":-118.3614222762,"segment_sequence":170001,"segment_id":9,"segment_len_meter":188.8291178290223,"segment_cum_len":10013.119875177355,"stop_segment_distance":14.566004428475111}
{"route_id":"234","stop_id":"20113","stop_lat":34.270717,"stop_lon":-118.46495,"stop_sequence":33,"segment_first_lat":34.2706242252,"segment_first_lon":-118.4648409663,"segment_second_lat":34.270394803,"segment_second_lon":-118.4651200413,"segment_sequence":330001,"segment_id":17,"segment_len_meter":36.17205523818508,"segment_cum_len":12021.464759602508,"stop_segment_distance":17.294366869176315}
{"route_id":"246","stop_id":"5410","stop_lat":33.737728,"stop_lon":-118.287757,"stop_sequence":19,"segment_first_lat":33.7374141851,"segment_first_lon":-118.2879072608,"segment_second_lat":33.7377274305,"segment_second_lon":-118.2879083347,"segment_sequence":180004,"segment_id":9,"segment_len_meter":34.831440826761096,"segment_cum_len":4029.7666226972133,"stop_segment_distance":16.721529729024567}
{"route_id":"252","stop_id":"14632","stop_lat":34.084275,"stop_lon":-118.200355,"stop_sequence":23,"segment_first_lat":34.0844980381,"segment_first_lon":-118.2001837095,"segment_second_lat":34.0842564099,"segment_second_lon":-118.2002382838,"segment_sequence":220010,"segment_id":11,"segment_len_meter":27.333864079411974,"segment_cum_len":9438.963520700237,"stop_segment_distance":13.004304922011634}
{"route_id":"260","stop_id":"13147","stop_lat":34.007335,"stop_lon":-118.161596,"stop_sequence":59,"segment_first_lat":34.0072338273,"segment_first_lon":-118.1615001759,"segment_second_lat":34.0071512151,"segment_second_lon":-118.161631997,"segment_sequence":590001,"segment_id":30,"segment_len_meter":15.232441389999023,"segment_cum_len":22244.492943167174,"stop_segment_distance":19.774195752272796}
{"route_id":"260","stop_id":"8764","stop_lat":33.910124,"stop_lon":-118.192167,"stop_sequence":88,"segment_first_lat":33.9103386048,"segment_first_lon":-118.19191405,"segment_second_lat":33.9100779433,"segment_second_lon":-118.1920185857,"segment_sequence":870006,"segment_id":44,"segment_len_meter":30.54744200723414,"segment_cum_len":34350.11873150873,"stop_segment_distance":17.45623770211823}
{"route_id":"265","stop_id":"4294","stop_lat":33.940307,"stop_lon":-118.139519,"stop_sequence":40,"segment_first_lat":33.9389345601,"segment_first_lon":-118.1407139029,"segment_second_lat":33.9403729224,"segment_second_lon":-118.1396468103,"segment_sequence":390002,"segment_id":20,"segment_len_meter":187.8049287956836,"segment_cum_len":15513.397552921875,"stop_segment_distance":14.333491826155722}
{"route_id":"30","stop_id":"1172","stop_lat":34.050438,"stop_lon":-118.241133,"stop_sequence":34,"segment_first_lat":34.0513341288,"segment_first_lon":-118.2421359904,"segment_second_lat":34.0505325792,"segment_second_lon":-118.2410353519,"segment_sequence":330003,"segment_id":17,"segment_len_meter":135.0039057197918,"segment_cum_len":10527.143343745787,"stop_segment_distance":14.732034066080928}
{"route_id":"4","stop_id":"14422","stop_lat":34.057411,"stop_lon":-118.424648,"stop_sequence":74,"segment_first_lat":34.0573109398,"segment_first_lon":-118.4245475984,"segment_second_lat":34.0568875222,"segment_second_lon":-118.4251634904,"segment_sequence":740001,"segment_id":37,"segment_len_meter":73.72833635398,"segment_cum_len":24224.340046489684,"stop_segment_distance":15.862338975359577}
{"route_id":"40","stop_id":"2343","stop_lat":33.964598,"stop_lon":-118.353524,"stop_sequence":56,"segment_first_lat":33.9654691597,"segment_first_lon":-118.3533792143,"segment_second_lat":33.9645981143,"segment_second_lon":-118.3533699327,"segment_sequence":550015,"segment_id":28,"segment_len_meter":96.85961166686221,"segment_cum_len":21099.553346125962,"stop_segment_distance":15.133445952059063}
{"route_id":"460","stop_id":"2776","stop_lat":33.846588,"stop_lon":-117.993238,"stop_sequence":59,"segment_first_lat":33.8467133263,"segment_first_lon":-117.993237969,"segment_second_lat":33.8467223013,"segment_second_lon":-117.9917494431,"segment_sequence":600001,"segment_id":30,"segment_len_meter":137.47016416244583,"segment_cum_len":51923.32439038358,"stop_segment_distance":14.743747843640534}
{"route_id":"53","stop_id":"4849","stop_lat":34.028226,"stop_lon":-118.246835,"stop_sequence":65,"segment_first_lat":34.0279971089,"segment_first_lon":-118.2472566056,"segment_second_lat":34.0283065906,"segment_second_lon":-118.2469528974,"segment_sequence":640005,"segment_id":32,"segment_len_meter":44.35727661832802,"segment_cum_len":21302.7351708116,"stop_segment_distance":16.17320130770019}
{"route_id":"602","stop_id":"8081","stop_lat":34.047108,"stop_lon":-118.52563,"stop_sequence":15,"segment_first_lat":34.0473001128,"segment_first_lon":-118.5256770624,"segment_second_lat":34.0472043022,"segment_second_lon":-118.5255298901,"segment_sequence":140012,"segment_id":7,"segment_len_meter":17.244134498452567,"segment_cum_len":4132.056112186435,"stop_segment_distance":18.686416188010824}
{"route_id":"62","stop_id":"641","stop_lat":33.86439,"stop_lon":-118.091026,"stop_sequence":69,"segment_first_lat":33.8645463632,"segment_first_lon":-118.0909071856,"segment_second_lat":33.8643897375,"segment_second_lon":-118.0909070158,"segment_sequence":680016,"segment_id":34,"segment_len_meter":17.415990278876368,"segment_cum_len":34568.71371761652,"stop_segment_distance":14.128479593030068}
{"route_id":"687","stop_id":"11828","stop_lat":34.160152,"stop_lon":-118.1133,"stop_sequence":9,"segment_first_lat":34.1601525833,"segment_first_lon":-118.1131475756,"segment_second_lat":34.15981734,"segment_second_lon":-118.1131507578,"segment_sequence":90001,"segment_id":5,"segment_len_meter":37.27850402680941,"segment_cum_len":2714.806376755728,"stop_segment_distance":16.411589984499834}
{"route_id":"71","stop_id":"3103","stop_lat":34.056416,"stop_lon":-118.231639,"stop_sequence":16,"segment_first_lat":34.0565392155,"segment_first_lon":-118.2315906572,"segment_second_lat":34.0563298792,"segment_second_lon":-118.2308462595,"segment_sequence":160001,"segment_id":8,"segment_len_meter":72.41935181131129,"segment_cum_len":5221.056784943775,"stop_segment_distance":15.64246439750356}
{"route_id":"78","stop_id":"5372","stop_lat":34.036427,"stop_lon":-118.264293,"stop_sequence":3,"segment_first_lat":34.0358819188,"segment_first_lon":-118.2648393722,"segment_second_lat":34.0364674344,"segment_second_lon":-118.2643629573,"segment_sequence":20003,"segment_id":1,"segment_len_meter":78.52390480325226,"segment_cum_len":499.6859977680278,"stop_segment_distance":8.128164563650373}
{"route_id":"780","stop_id":"104717","stop_lat":34.040256,"stop_lon":-118.369721,"stop_sequence":3,"segment_first_lat":34.0399533907,"segment_first_lon":-118.3697390702,"segment_second_lat":34.0402066272,"segment_second_lon":-118.3698672712,"segment_sequence":20024,"segment_id":1,"segment_len_meter":30.535963757712917,"segment_cum_len":1021.1245520418191,"stop_segment_distance":17.7066769431467}
{"route_id":"910","stop_id":"15612","stop_lat":34.054622,"stop_lon":-118.246777,"stop_sequence":7,"segment_first_lat":34.0545189465,"segment_first_lon":-118.2468675109,"segment_second_lat":34.054996834,"segment_second_lon":-118.2476566364,"segment_sequence":70001,"segment_id":4,"segment_len_meter":90.04875949887612,"segment_cum_len":19828.21747137213,"stop_segment_distance":15.25002678115355}
{"route_id":"94","stop_id":"14983","stop_lat":34.290357,"stop_lon":-118.448837,"stop_sequence":2,"segment_first_lat":34.2904429682,"segment_first_lon":-118.4487201252,"segment_second_lat":34.2903353791,"segment_second_lon":-118.4486112853,"segment_sequence":20001,"segment_id":1,"segment_len_meter":15.591699361920885,"segment_cum_len":583.8771022303395,"stop_segment_distance":19.659094866866727}
