{"route_id":"108","stop_id":"7966","stop_lat":33.98882,"stop_lon":-118.344089,"stop_sequence":21,"segment_first_lat":33.9889413176,"segment_first_lon":-118.3448683826,"segment_second_lat":33.9889457383,"segment_second_lon":-118.3440898815,"segment_sequence":200003,"segment_id":10,"segment_len_meter":71.77696948266457,"segment_cum_len":7643.410126895513,"stop_segment_distance":15.316628112597115}
{"route_id":"110","stop_id":"1495","stop_lat":33.979067,"stop_lon":-118.340447,"stop_sequence":21,"segment_first_lat":33.9791540093,"segment_first_lon":-118.3405005416,"segment_second_lat":33.9800786506,"segment_second_lon":-118.3383570035,"segment_sequence":210001,"segment_id":11,"segment_len_meter":222.7916709166519,"segment_cum_len":8655.485663402582,"stop_segment_distance":11.211510149519825}
{"route_id":"115","stop_id":"1891","stop_lat":33.947601,"stop_lon":-118.154646,"stop_sequence":70,"segment_first_lat":33.9481037507,"segment_first_lon":-118.1566151494,"segment_second_lat":33.9477274067,"segment_second_lon":-118.1546124029,"segment_sequence":690011,"segment_id":35,"segment_len_meter":189.41634958020308,"segment_cum_len":22767.24612403869,"stop_segment_distance":15.022186593219146}
{"route_id":"117","stop_id":"2632","stop_lat":33.929964,"stop_lon":-118.170014,"stop_sequence":65,"segment_first_lat":33.9301137139,"segment_first_lon":-118.1707168257,"segment_second_lat":33.9300495971,"segment_second_lon":-118.1700039967,"segment_sequence":640025,"segment_id":32,"segment_len_meter":66.15132916373747,"segment_cum_len":24314.202360973817,"stop_segment_distance":10.357294787024841}
{"route_id":"120","stop_id":"1992","stop_lat":33.936955,"stop_lon":-118.096969,"stop_sequence":31,"segment_first_lat":33.9368885865,"segment_first_lon":-118.0968413562,"segment_second_lat":33.9360618233,"segment_second_lon":-118.0974463359,"segment_sequence":310001,"segment_id":16,"segment_len_meter":107.54721167710743,"segment_cum_len":13173.362213019807,"stop_segment_distance":14.99391141203067}
{"route_id":"152","stop_id":"15555","stop_lat":34.1793,"stop_lon":-118.370114,"stop_sequence":8,"segment_first_lat":34.1785166086,"segment_first_lon":-118.3702663743,"segment_second_lat":34.1792997555,"segment_second_lon":-118.3702668697,"segment_sequence":70005,"segment_id":4,"segment_len_meter":87.0819740216083,"segment_cum_len":2767.031516756772,"stop_segment_distance":15.2101871686734}
{"route_id":"154","stop_id":"12663","stop_lat":34.179531,"stop_lon":-118.396302,"stop_sequence":36,"segment_first_lat":34.1794309376,"segment_first_lon":-118.395659789,"segment_second_lat":34.1794310358,"segment_second_lon":-118.3963012192,"segment_sequence":350004,"segment_id":18,"segment_len_meter":59.004905627143664,"segment_cum_len":13988.735843721164,"stop_segment_distance":12.22617226043203}
{"route_id":"158","stop_id":"16842","stop_lat":34.197443,"stop_lon":-118.431088,"stop_sequence":18,"segment_first_lat":34.1958159835,"segment_first_lon":-118.4312214066,"segment_second_lat":34.1974426752,"segment_second_lon":-118.431239065,"segment_sequence":170004,"segment_id":9,"segment_len_meter":180.88715503601395,"segment_cum_len":7196.039042466563,"stop_segment_distance":14.33788833109594}
{"route_id":"167","stop_id":"18187","stop_lat":34.242988,"stop_lon":-118.515739,"stop_sequence":28,"segment_first_lat":34.2431096804,"segment_first_lon":-118.5162588761,"segment_second_lat":34.2431140933,"segment_second_lon":-118.5157394093,"segment_sequence":270005,"segment_id":14,"segment_len_meter":47.75196627349824,"segment_cum_len":11265.940128163254,"stop_segment_distance":15.934649069973311}
{"route_id":"169","stop_id":"14943","stop_lat":34.157047,"stop_lon":-118.60597,"stop_sequence":12,"segment_first_lat":34.15732212,"segment_first_lon":-118.6058232893,"segment_second_lat":34.1570473496,"segment_second_lon":-118.6058189834,"segment_sequence":110006,"segment_id":6,"segment_len_meter":30.55564327704684,"segment_cum_len":4445.534067336927,"stop_segment_distance":16.77807636024918}
{"route_id":"183","stop_id":"20157","stop_lat":34.17729,"stop_lon":-118.318436,"stop_sequence":41,"segment_first_lat":34.1774553815,"segment_first_lon":-118.3183336409,"segment_second_lat":34.17577024,"segment_second_lon":-118.3175502663,"segment_sequence":410002,"segment_id":21,"segment_len_meter":200.75926613059337,"segment_cum_len":16693.49004814553,"stop_segment_distance":7.508590289712714}
{"route_id":"202","stop_id":"14169","stop_lat":33.919781,"stop_lon":-118.237708,"stop_sequence":5,"segment_first_lat":33.9198519233,"segment_first_lon":-118.2377084835,"segment_second_lat":33.9198519034,"segment_second_lon":-118.2366010004,"segment_sequence":50001,"segment_id":3,"segment_len_meter":102.18930562609329,"segment_cum_len":1393.6113299039673,"stop_segment_distance":8.145683903102267}
{"route_id":"205","stop_id":"17488","stop_lat":33.868178,"stop_lon":-118.235503,"stop_sequence":104,"segment_first_lat":33.8678976948,"segment_first_lon":-118.2356374779,"segment_second_lat":33.8681721724,"segment_second_lon":-118.2356530725,"segment_sequence":1040004,"segment_id":52,"segment_len_meter":30.55445954809127,"segment_cum_len":38567.61318315266,"stop_segment_distance":16.866993085673716}
{"route_id":"218","stop_id":"11985","stop_lat":34.077943,"stop_lon":-118.361579,"stop_sequence":17,"segment_first_lat":34.077943256,"segment_first_lon":-118.3614269724,"segment_second_lat":34.0762450794,"segment_second_lon":-118.3614222762,"segment_sequence":170001,"segment_id":9,"segment_len_meter":188.8291178290223,"segment_cum_len":10013.119875177355,"stop_segment_distance":14.523801556131389}
{"route_id":"224","stop_id":"6656","stop_lat":34.141765,"stop_lon":-118.360767,"stop_sequence":2,"segment_first_lat":34.1411597517,"segment_first_lon":-118.3609531305,"segment_second_lat":34.1417698872,"segment_second_lon":-118.3609180903,"segment_sequence":10009,"segment_id":1,"segment_len_meter":67.92056969792789,"segment_cum_len":583.3374885198925,"stop_segment_distance":15.44130523793396}
{"route_id":"234","stop_id":"3327","stop_lat":34.30665,"stop_lon":-118.412983,"stop_sequence":1,"segment_first_lat":34.3066458471,"segment_first_lon":-118.4130559104,"segment_second_lat":34.3071963738,"segment_second_lon":-118.4131000292,"segment_sequence":10001,"segment_id":1,"segment_len_meter":61.349756289581386,"segment_cum_len":61.349756289581386,"stop_segment_distance":7.060604913517473}
{"route_id":"243","stop_id":"4037","stop_lat":34.231982,"stop_lon":-118.566902,"stop_sequence":21,"segment_first_lat":34.2318556989,"segment_first_lon":-118.5669010104,"segment_second_lat":34.2318544898,"segment_second_lon":-118.5671590607,"segment_sequence":210001,"segment_id":11,"segment_len_meter":23.723564522492815,"segment_cum_len":10268.225434544727,"stop_segment_distance":17.879978594819683}
{"route_id":"251","stop_id":"14712","stop_lat":33.970231,"stop_lon":-118.209996,"stop_sequence":43,"segment_first_lat":33.9709016087,"segment_first_lon":-118.2097767556,"segment_second_lat":33.9702188684,"segment_second_lon":-118.2098766257,"segment_sequence":420003,"segment_id":21,"segment_len_meter":76.4738414326198,"segment_cum_len":16262.359603146624,"stop_segment_distance":11.877426542347706}
{"route_id":"252","stop_id":"16497","stop_lat":34.053117,"stop_lon":-118.203588,"stop_sequence":10,"segment_first_lat":34.0529903703,"segment_first_lon":-118.2038355157,"segment_second_lat":34.0531735691,"segment_second_lon":-118.2037223963,"segment_sequence":90008,"segment_id":5,"segment_len_meter":22.881726637898375,"segment_cum_len":3536.605323922775,"stop_segment_distance":17.805923369085015}
{"route_id":"256","stop_id":"3055","stop_lat":34.145719,"stop_lon":-118.141105,"stop_sequence":88,"segment_first_lat":34.1458441461,"segment_first_lon":-118.1411052486,"segment_second_lat":34.1458523302,"segment_second_lon":-118.1397369975,"segment_sequence":880001,"segment_id":44,"segment_len_meter":125.9182295191951,"segment_cum_len":27230.159096817388,"stop_segment_distance":14.759519386491732}
{"route_id":"258","stop_id":"13125","stop_lat":34.029339,"stop_lon":-118.16481,"stop_sequence":45,"segment_first_lat":34.0293124004,"segment_first_lon":-118.1646992722,"segment_second_lat":34.0291793476,"segment_second_lon":-118.1647405952,"segment_sequence":450001,"segment_id":23,"segment_len_meter":15.277014170507439,"segment_cum_len":17108.94568117362,"stop_segment_distance":14.216445641188415}
{"route_id":"267","stop_id":"15058","stop_lat":34.079077,"stop_lon":-118.052566,"stop_sequence":6,"segment_first_lat":34.0786047487,"segment_first_lon":-118.0517793945,"segment_second_lat":34.0789654477,"segment_second_lon":-118.0526362453,"segment_sequence":50003,"segment_id":3,"segment_len_meter":88.52266266432021,"segment_cum_len":2199.6751975427574,"stop_segment_distance":14.94274706263532}
{"route_id":"35","stop_id":"16446","stop_lat":34.039337,"stop_lon":-118.360174,"stop_sequence":75,"segment_first_lat":34.0393761134,"segment_first_lon":-118.3598077101,"segment_second_lat":34.0392290702,"segment_second_lon":-118.3600949071,"segment_sequence":740005,"segment_id":37,"segment_len_meter":31.10666087661759,"segment_cum_len":23286.05968860542,"stop_segment_distance":16.96382737554979}
{"route_id":"4","stop_id":"14764","stop_lat":34.075518,"stop_lon":-118.254144,"stop_sequence":19,"segment_first_lat":34.0750827239,"segment_first_lon":-118.2534586314,"segment_second_lat":34.0754053914,"segment_second_lon":-118.2542111925,"segment_sequence":180010,"segment_id":9,"segment_len_meter":78.04880647871599,"segment_cum_len":6085.328853192499,"stop_segment_distance":15.462932108464528}
{"route_id":"487","stop_id":"14332","stop_lat":34.093814,"stop_lon":-118.026938,"stop_sequence":88,"segment_first_lat":34.0938855084,"segment_first_lon":-118.0267840166,"segment_second_lat":34.0938195695,"segment_second_lon":-118.026739406,"segment_sequence":880001,"segment_id":44,"segment_len_meter":8.404394883433188,"segment_cum_len":42258.254446897154,"stop_segment_distance":26.149713711654083}
{"route_id":"501","stop_id":"11330","stop_lat":34.158352,"stop_lon":-118.370494,"stop_sequence":9,"segment_first_lat":34.1582608882,"segment_first_lon":-118.3706030276,"segment_second_lat":34.1587820576,"segment_second_lon":-118.3709061413,"segment_sequence":90002,"segment_id":5,"segment_len_meter":64.31351381634039,"segment_cum_len":24661.397333174664,"stop_segment_distance":10.975729655776462}
{"route_id":"51","stop_id":"2187","stop_lat":33.892205,"stop_lon":-118.224295,"stop_sequence":96,"segment_first_lat":33.8921937021,"segment_first_lon":-118.2257614886,"segment_second_lat":33.8922780382,"segment_second_lon":-118.2243017033,"segment_sequence":950002,"segment_id":48,"segment_len_meter":135.0664028660061,"segment_cum_len":26420.132839878774,"stop_segment_distance":8.443679443680509}
{"route_id":"51","stop_id":"5504","stop_lat":34.032621,"stop_lon":-118.254228,"stop_sequence":27,"segment_first_lat":34.0325553544,"segment_first_lon":-118.2540972,"segment_second_lat":34.0321453168,"segment_second_lon":-118.2543847491,"segment_sequence":270001,"segment_id":14,"segment_len_meter":52.734638769076234,"segment_cum_len":6736.5286023716035,"stop_segment_distance":16.1868625461584}
{"route_id":"603","stop_id":"11847","stop_lat":34.080343,"stop_lon":-118.261972,"stop_sequence":33,"segment_first_lat":34.08028609,"segment_first_lon":-118.2618354277,"segment_second_lat":34.079058622,"segment_second_lon":-118.2625917876,"segment_sequence":330001,"segment_id":17,"segment_len_meter":153.23662963617812,"segment_cum_len":10246.432663466581,"stop_segment_distance":14.644602231330794}
{"route_id":"66","stop_id":"1578","stop_lat":34.017132,"stop_lon":-118.16313,"stop_sequence":54,"segment_first_lat":34.0174169624,"segment_first_lon":-118.1638561658,"segment_second_lat":34.0172566941,"segment_second_lon":-118.1630948925,"segment_sequence":530004,"segment_id":27,"segment_len_meter":72.3913162228118,"segment_cum_len":16218.886904285628,"stop_segment_distance":15.896287693852216}
{"route_id":"66","stop_id":"7421","stop_lat":34.054892,"stop_lon":-118.278095,"stop_sequence":13,"segment_first_lat":34.0551387205,"segment_first_lon":-118.2783965076,"segment_second_lat":34.0549809902,"segment_second_lon":-118.2780397608,"segment_sequence":120006,"segment_id":6,"segment_len_meter":37.25234425241833,"segment_cum_len":3674.2941414333436,"stop_segment_distance":12.91523819503712}
{"route_id":"70","stop_id":"3935","stop_lat":34.054699,"stop_lon":-118.242704,"stop_sequence":13,"segment_first_lat":34.0529562218,"segment_first_lon":-118.2444417082,"segment_second_lat":34.0547426851,"segment_second_lon":-118.2427704793,"segment_sequence":120005,"segment_id":6,"segment_len_meter":251.32657488975624,"segment_cum_len":3894.995317480248,"stop_segment_distance":7.851065900807583}
{"route_id":"70","stop_id":"656","stop_lat":34.057838,"stop_lon":-118.236635,"stop_sequence":15,"segment_first_lat":34.0580984841,"segment_first_lon":-118.2370481056,"segment_second_lat":34.0579592571,"segment_second_lon":-118.2365818664,"segment_sequence":140016,"segment_id":7,"segment_len_meter":45.65567313704152,"segment_cum_len":4662.461507029803,"stop_segment_distance":16.51321133325647}
{"route_id":"71","stop_id":"5382","stop_lat":34.04677,"stop_lon":-118.255261,"stop_sequence":9,"segment_first_lat":34.0468608014,"segment_first_lon":-118.2553768998,"segment_second_lat":34.0480697058,"segment_second_lon":-118.2541492671,"segment_sequence":90002,"segment_id":5,"segment_len_meter":175.67793146947255,"segment_cum_len":2295.091097348595,"stop_segment_distance":16.155295660222123}
{"route_id":"720","stop_id":"8467","stop_lat":34.061836,"stop_lon":-118.308745,"stop_sequence":19,"segment_first_lat":34.0617143814,"segment_first_lon":-118.30783301,"segment_second_lat":34.0617101319,"segment_second_lon":-118.3087442569,"segment_sequence":180011,"segment_id":9,"segment_len_meter":83.94334067049836,"segment_cum_len":16577.389586332127,"stop_segment_distance":15.144606820589175}
{"route_id":"81","stop_id":"11998","stop_lat":34.137686,"stop_lon":-118.187882,"stop_sequence":14,"segment_first_lat":34.1374754792,"segment_first_lon":-118.1891937201,"segment_second_lat":34.1379446366,"segment_second_lon":-118.1878993484,"segment_sequence":130010,"segment_id":7,"segment_len_meter":130.04949515222802,"segment_cum_len":3802.5731874248886,"stop_segment_distance":21.726874426223333}
{"route_id":"92","stop_id":"16376","stop_lat":34.064778,"stop_lon":-118.25246,"stop_sequence":12,"segment_first_lat":34.0643630238,"segment_first_lon":-118.2522672291,"segment_second_lat":34.0647031097,"segment_second_lon":-118.2525782927,"segment_sequence":110006,"segment_id":6,"segment_len_meter":47.4453494657539,"segment_cum_len":3738.611586856144,"stop_segment_distance":15.710836601888552}
{"route_id":"96","stop_id":"18084","stop_lat":34.132258,"stop_lon":-118.280841,"stop_sequence":20,"segment_first_lat":34.1323216368,"segment_first_lon":-118.2807571982,"segment_second_lat":34.132249824,"segment_second_lon":-118.2806789717,"segment_sequence":200001,"segment_id":10,"segment_len_meter":10.751945684537722,"segment_cum_len":9675.888090994582,"stop_segment_distance":14.656290833704142}
