{"route_id":"110","stop_id":"2107","stop_lat":33.97468,"stop_lon":-118.157143,"stop_sequence":80,"segment_first_lat":33.9750398969,"segment_first_lon":-118.1594855267,"segment_second_lat":33.9748066825,"segment_second_lon":-118.1571222246,"segment_sequence":790003,"segment_id":40,"segment_len_meter":219.46225854961904,"segment_cum_len":27546.490932564346,"stop_segment_distance":14.438783077898876}
{"route_id":"110","stop_id":"2110","stop_lat":33.974946,"stop_lon":-118.159776,"stop_sequence":79,"segment_first_lat":33.9753440589,"segment_first_lon":-118.1621840823,"segment_second_lat":33.9750719654,"segment_second_lon":-118.1597547248,"segment_sequence":780003,"segment_id":39,"segment_len_meter":226.04901934477206,"segment_cum_len":27301.949553698683,"stop_segment_distance":14.516304919125929}
{"route_id":"150","stop_id":"20257","stop_lat":34.151834,"stop_lon":-118.454941,"stop_sequence":50,"segment_first_lat":34.1519582116,"segment_first_lon":-118.4549119386,"segment_second_lat":34.1516543436,"segment_second_lon":-118.4530692614,"segment_sequence":500001,"segment_id":25,"segment_len_meter":172.89634604553953,"segment_cum_len":18395.77310755017,"stop_segment_distance":14.563457234437976}
{"route_id":"155","stop_id":"1682","stop_lat":34.17722,"stop_lon":-118.307422,"stop_sequence":56,"segment_first_lat":34.1771026214,"segment_first_lon":-118.3072577255,"segment_second_lat":34.1766309558,"segment_second_lon":-118.3077406823,"segment_sequence":560001,"segment_id":28,"segment_len_meter":68.73534368151427,"segment_cum_len":21284.655732645115,"stop_segment_distance":22.99294009180251}
{"route_id":"163","stop_id":"6192","stop_lat":34.201112,"stop_lon":-118.383526,"stop_sequence":60,"segment_first_lat":34.2012138808,"segment_first_lon":-118.3844556672,"segment_second_lat":34.2012121592,"segment_second_lon":-118.3835263362,"segment_sequence":590004,"segment_id":30,"segment_len_meter":85.46692095279309,"segment_cum_len":22879.720973495234,"stop_segment_distance":11.91526141549366}
{"route_id":"18","stop_id":"9744","stop_lat":34.044344,"stop_lon":-118.248787,"stop_sequence":28,"segment_first_lat":34.0444266303,"segment_first_lon":-118.2487153373,"segment_second_lat":34.0439252039,"segment_second_lon":-118.2478846435,"segment_sequence":280001,"segment_id":14,"segment_len_meter":94.69278777560734,"segment_cum_len":6895.076817393833,"stop_segment_distance":11.91535349157354}
{"route_id":"20","stop_id":"16725","stop_lat":34.062258,"stop_lon":-118.338792,"stop_sequence":34,"segment_first_lat":34.0621313361,"segment_first_lon":-118.3387945305,"segment_second_lat":34.0621437372,"segment_second_lon":-118.3393690759,"segment_sequence":340001,"segment_id":17,"segment_len_meter":52.94352240170989,"segment_cum_len":9690.408013908956,"stop_segment_distance":15.798692158353724}
{"route_id":"207","stop_id":"5747","stop_lat":33.967174,"stop_lon":-118.308824,"stop_sequence":14,"segment_first_lat":33.9663906748,"segment_first_lon":-118.3089798982,"segment_second_lat":33.9671738217,"segment_second_lon":-118.3089771809,"segment_sequence":130004,"segment_id":7,"segment_len_meter":87.08232265417966,"segment_cum_len":6293.6241706298,"stop_segment_distance":15.324448377002142}
{"route_id":"210","stop_id":"25400144","stop_lat":33.916075,"stop_lon":-118.326672,"stop_sequence":72,"segment_first_lat":33.9160752089,"segment_first_lon":-118.3265215915,"segment_second_lat":33.9150062934,"segment_second_lon":-118.3265223705,"segment_sequence":720001,"segment_id":36,"segment_len_meter":118.85800234854675,"segment_cum_len":24597.429713290807,"stop_segment_distance":14.655261622918019}
{"route_id":"217","stop_id":"13420","stop_lat":34.055705,"stop_lon":-118.365124,"stop_sequence":31,"segment_first_lat":34.0556593457,"segment_first_lon":-118.3649824309,"segment_second_lat":34.0535217982,"segment_second_lon":-118.3659720972,"segment_sequence":310001,"segment_id":16,"segment_len_meter":254.57120220136687,"segment_cum_len":8960.696659325287,"stop_segment_distance":14.448227494009245}
{"route_id":"232","stop_id":"3007","stop_lat":33.779533,"stop_lon":-118.18919,"stop_sequence":8,"segment_first_lat":33.779532694,"segment_first_lon":-118.1893589633,"segment_second_lat":33.7809065957,"segment_second_lon":-118.189357456,"segment_sequence":80001,"segment_id":4,"segment_len_meter":152.7709622653208,"segment_cum_len":2126.676329705124,"stop_segment_distance":16.364221824655004}
{"route_id":"234","stop_id":"20101","stop_lat":34.303528,"stop_lon":-118.438205,"stop_sequence":17,"segment_first_lat":34.3041764762,"segment_first_lon":-118.4388743726,"segment_second_lat":34.3035996704,"segment_second_lon":-118.4381216672,"segment_sequence":160002,"segment_id":8,"segment_len_meter":94.30713893638384,"segment_cum_len":5753.270782886281,"stop_segment_distance":11.504554873113761}
{"route_id":"234","stop_id":"6042","stop_lat":34.047254,"stop_lon":-118.444179,"stop_sequence":76,"segment_first_lat":34.0473443703,"segment_first_lon":-118.4440281301,"segment_second_lat":34.0459287667,"segment_second_lon":-118.4428015327,"segment_sequence":760001,"segment_id":38,"segment_len_meter":193.77526838890927,"segment_cum_len":44912.19126466799,"stop_segment_distance":17.853850794099202}
{"route_id":"237","stop_id":"25001","stop_lat":34.088993,"stop_lon":-118.338421,"stop_sequence":1,"segment_first_lat":34.088915772,"segment_first_lon":-118.3385859738,"segment_second_lat":34.0901880077,"segment_second_lon":-118.3385977304,"segment_sequence":10002,"segment_id":1,"segment_len_meter":141.4702979619043,"segment_cum_len":156.6794094801096,"stop_segment_distance":9.852599726880044}
{"route_id":"256","stop_id":"10490","stop_lat":34.130858,"stop_lon":-118.176893,"stop_sequence":71,"segment_first_lat":34.1301294017,"segment_first_lon":-118.1771690182,"segment_second_lat":34.130873761,"segment_second_lon":-118.1770083499,"segment_sequence":700016,"segment_id":35,"segment_len_meter":84.07972282724485,"segment_cum_len":20327.729233899077,"stop_segment_distance":11.587481462882252}
{"route_id":"258","stop_id":"11686","stop_lat":34.043824,"stop_lon":-118.16204,"stop_sequence":39,"segment_first_lat":34.04422221,"segment_first_lon":-118.1619214709,"segment_second_lat":34.0438237788,"segment_second_lon":-118.1619147581,"segment_sequence":380004,"segment_id":19,"segment_len_meter":44.30784509464239,"segment_cum_len":15415.448642480664,"stop_segment_distance":12.837429645702613}
{"route_id":"260","stop_id":"13134","stop_lat":33.892588,"stop_lon":-118.193307,"stop_sequence":93,"segment_first_lat":33.8942643468,"segment_first_lon":-118.1932677678,"segment_second_lat":33.8925935709,"segment_second_lon":-118.193154192,"segment_sequence":920002,"segment_id":46,"segment_len_meter":186.07733193672678,"segment_cum_len":36327.75661805355,"stop_segment_distance":14.477051820758732}
{"route_id":"260","stop_id":"13143","stop_lat":34.002938,"stop_lon":-118.168087,"stop_sequence":61,"segment_first_lat":34.0028399333,"segment_first_lon":-118.1679937148,"segment_second_lat":34.002456617,"segment_second_lon":-118.1685779165,"segment_sequence":610001,"segment_id":31,"segment_len_meter":68.67919509054086,"segment_cum_len":23070.66807046227,"stop_segment_distance":15.301264254164437}
{"route_id":"267","stop_id":"2972","stop_lat":34.16641,"stop_lon":-118.159381,"stop_sequence":66,"segment_first_lat":34.1664093973,"segment_first_lon":-118.1595341203,"segment_second_lat":34.1672529889,"segment_second_lon":-118.1595383757,"segment_sequence":660001,"segment_id":33,"segment_len_meter":93.80392311168131,"segment_cum_len":21989.56394913583,"stop_segment_distance":15.131648340875742}
{"route_id":"28","stop_id":"12601","stop_lat":34.056322,"stop_lon":-118.331158,"stop_sequence":78,"segment_first_lat":34.0560783074,"segment_first_lon":-118.3307672878,"segment_second_lat":34.0562026833,"segment_second_lon":-118.3312058834,"segment_sequence":770009,"segment_id":39,"segment_len_meter":42.70643615238366,"segment_cum_len":24757.1305646634,"stop_segment_distance":16.328678824956036}
{"route_id":"28","stop_id":"9508","stop_lat":34.0932,"stop_lon":-118.225435,"stop_sequence":33,"segment_first_lat":34.0935569878,"segment_first_lon":-118.2255784667,"segment_second_lat":34.0932568232,"segment_second_lon":-118.2253358837,"segment_sequence":320011,"segment_id":16,"segment_len_meter":40.16202834816254,"segment_cum_len":9619.958044111547,"stop_segment_distance":12.774481956748211}
{"route_id":"45","stop_id":"13263","stop_lat":33.957529,"stop_lon":-118.278359,"stop_sequence":50,"segment_first_lat":33.9579114799,"segment_first_lon":-118.2782118483,"segment_second_lat":33.9575295363,"segment_second_lon":-118.2782082714,"segment_sequence":490006,"segment_id":25,"segment_len_meter":42.471471861527704,"segment_cum_len":16624.522571885514,"stop_segment_distance":16.07331109084079}
{"route_id":"45","stop_id":"13469","stop_lat":33.930725,"stop_lon":-118.28274,"stop_sequence":59,"segment_first_lat":33.9307250436,"segment_first_lon":-118.2825899983,"segment_second_lat":33.9297935185,"segment_second_lon":-118.2825918013,"segment_sequence":590001,"segment_id":30,"segment_len_meter":103.58099873311714,"segment_cum_len":20120.86593925772,"stop_segment_distance":14.732725486201772}
{"route_id":"501","stop_id":"30001","stop_lat":34.168829,"stop_lon":-118.375295,"stop_sequence":11,"segment_first_lat":34.1690126532,"segment_first_lon":-118.3744062487,"segment_second_lat":34.1690080792,"segment_second_lon":-118.3758806701,"segment_sequence":100012,"segment_id":5,"segment_len_meter":135.64913069015196,"segment_cum_len":26287.993744346208,"stop_segment_distance":6.072500675181317}
{"route_id":"51","stop_id":"236","stop_lat":33.923859,"stop_lon":-118.265349,"stop_sequence":74,"segment_first_lat":33.9246725799,"segment_first_lon":-118.2651932829,"segment_second_lat":33.9238592107,"segment_second_lon":-118.2651963124,"segment_sequence":730005,"segment_id":37,"segment_len_meter":90.44296047488623,"segment_cum_len":19030.508234538647,"stop_segment_distance":15.24489132241898}
{"route_id":"60","stop_id":"12714","stop_lat":33.989427,"stop_lon":-118.225354,"stop_sequence":33,"segment_first_lat":33.9901692405,"segment_first_lon":-118.225204255,"segment_second_lat":33.9894273227,"segment_second_lon":-118.2252022595,"segment_sequence":320003,"segment_id":16,"segment_len_meter":82.49770048932245,"segment_cum_len":10588.334873056732,"stop_segment_distance":15.17235745355984}
{"route_id":"601","stop_id":"12647","stop_lat":34.193358,"stop_lon":-118.601672,"stop_sequence":3,"segment_first_lat":34.1933576913,"segment_first_lon":-118.6015498794,"segment_second_lat":34.1923079527,"segment_second_lon":-118.6015565388,"segment_sequence":30001,"segment_id":2,"segment_len_meter":116.72721360333611,"segment_cum_len":1063.9762622116057,"stop_segment_distance":11.746680624015937}
{"route_id":"602","stop_id":"2191","stop_lat":34.068274,"stop_lon":-118.44891,"stop_sequence":50,"segment_first_lat":34.0685623775,"segment_first_lon":-118.4489573338,"segment_second_lat":34.0683194887,"segment_second_lon":-118.4488028195,"segment_sequence":490030,"segment_id":25,"segment_len_meter":30.528557074244855,"segment_cum_len":15493.406131119631,"stop_segment_distance":12.925392792739036}
{"route_id":"611","stop_id":"613","stop_lat":33.958309,"stop_lon":-118.184232,"stop_sequence":1,"segment_first_lat":33.9583743934,"segment_first_lon":-118.1842226669,"segment_second_lat":33.9582072239,"segment_second_lon":-118.1822991471,"segment_sequence":10001,"segment_id":1,"segment_len_meter":178.37743024164752,"segment_cum_len":178.37743024164752,"stop_segment_distance":7.5707303224177736}
{"route_id":"62","stop_id":"1614","stop_lat":34.018668,"stop_lon":-118.202973,"stop_sequence":25,"segment_first_lat":34.0187882055,"segment_first_lon":-118.2035410239,"segment_second_lat":34.018793283,"segment_second_lon":-118.2029734407,"segment_sequence":240006,"segment_id":12,"segment_len_meter":52.31399746650516,"segment_cum_len":9262.600073633903,"stop_segment_distance":15.647878435450025}
{"route_id":"62","stop_id":"6483","stop_lat":33.974873,"stop_lon":-118.123567,"stop_sequence":38,"segment_first_lat":33.9749661718,"segment_first_lon":-118.1234685643,"segment_second_lat":33.9747444661,"segment_second_lon":-118.1231549051,"segment_sequence":380001,"segment_id":19,"segment_len_meter":38.00391102746689,"segment_cum_len":18814.230278671206,"stop_segment_distance":16.36919843679133}
{"route_id":"66","stop_id":"7429","stop_lat":34.057579,"stop_lon":-118.306732,"stop_sequence":4,"segment_first_lat":34.057666792,"segment_first_lon":-118.3078214182,"segment_second_lat":34.0576767085,"segment_second_lon":-118.3067319542,"segment_sequence":30006,"segment_id":2,"segment_len_meter":100.3698100239856,"segment_cum_len":953.1463862540066,"stop_segment_distance":11.328132477698603}
{"route_id":"70","stop_id":"2177","stop_lat":34.062574,"stop_lon":-118.073372,"stop_sequence":61,"segment_first_lat":34.0627075234,"segment_first_lon":-118.07441922,"segment_second_lat":34.0627010194,"segment_second_lon":-118.0733725752,"segment_sequence":600005,"segment_id":30,"segment_len_meter":96.41614394960092,"segment_cum_len":21254.599524154295,"stop_segment_distance":15.310228285702763}
{"route_id":"70","stop_id":"2181","stop_lat":34.062515,"stop_lon":-118.090162,"stop_sequence":57,"segment_first_lat":34.0626454099,"segment_first_lon":-118.0901649648,"segment_second_lat":34.0626533472,"segment_second_lon":-118.0894683149,"segment_sequence":570001,"segment_id":29,"segment_len_meter":64.17917802610265,"segment_cum_len":19771.812630376015,"stop_segment_distance":16.05002125314617}
{"route_id":"70","stop_id":"717","stop_lat":34.055362,"stop_lon":-118.183396,"stop_sequence":28,"segment_first_lat":34.0554593407,"segment_first_lon":-118.183433804,"segment_second_lat":34.0555986363,"segment_second_lon":-118.1829042307,"segment_sequence":280001,"segment_id":14,"segment_len_meter":51.18638483541906,"segment_cum_len":10150.382856108905,"stop_segment_distance":12.574883584421613}
{"route_id":"81","stop_id":"13443","stop_lat":33.996269,"stop_lon":-118.282823,"stop_sequence":74,"segment_first_lat":33.9962694692,"segment_first_lon":-118.2826710228,"segment_second_lat":33.9957363881,"segment_second_lon":-118.2826692229,"segment_sequence":740001,"segment_id":37,"segment_len_meter":59.27614605561939,"segment_cum_len":24154.407439469513,"stop_segment_distance":15.631403406176943}
{"route_id":"92","stop_id":"7675","stop_lat":34.161209,"stop_lon":-118.274965,"stop_sequence":59,"segment_first_lat":34.1609760782,"segment_first_lon":-118.2747328379,"segment_second_lat":34.161096584,"segment_second_lon":-118.275030077,"segment_sequence":580009,"segment_id":29,"segment_len_meter":30.455058036993957,"segment_cum_len":17291.012695392194,"stop_segment_distance":16.97734860219232}
{"route_id":"DSE","stop_id":"10846","stop_lat":33.902028,"stop_lon":-118.286828,"stop_sequence":5,"segment_first_lat":33.904872,"segment_first_lon":-118.286686,"segment_second_lat":33.902028,"segment_second_lon":-118.286706,"segment_sequence":439,"segment_id":0,"segment_len_meter":316.24375798715636,"segment_cum_len":25872.229407569575,"stop_segment_distance":11.525535368019746}
