{"route_id":"105","stop_id":"3653","stop_lat":34.076345,"stop_lon":-118.376448,"stop_sequence":63,"segment_first_lat":34.0760695972,"segment_first_lon":-118.3765890802,"segment_second_lat":34.0763443538,"segment_second_lon":-118.3765992334,"segment_sequence":620004,"segment_id":31,"segment_len_meter":30.56584798860273,"segment_cum_len":22238.89755819399,"stop_segment_distance":16.629263949888188}
{"route_id":"108","stop_id":"7979","stop_lat":33.987531,"stop_lon":-118.367324,"stop_sequence":14,"segment_first_lat":33.9877512102,"segment_first_lon":-118.3700099661,"segment_second_lat":33.9876583148,"segment_second_lon":-118.3673174354,"segment_sequence":130003,"segment_id":7,"segment_len_meter":248.46106182886334,"segment_cum_len":5482.916638072093,"stop_segment_distance":14.55745318578451}
{"route_id":"110","stop_id":"2509","stop_lat":33.977839,"stop_lon":-118.241076,"stop_sequence":54,"segment_first_lat":33.9771767587,"segment_first_lon":-118.2411629477,"segment_second_lat":33.9778389883,"segment_second_lon":-118.2411648548,"segment_sequence":530004,"segment_id":27,"segment_len_meter":73.63678177086724,"segment_cum_len":19272.751670113204,"stop_segment_distance":8.629449859838346}
{"route_id":"110","stop_id":"622","stop_lat":33.97692,"stop_lon":-118.36702,"stop_sequence":12,"segment_first_lat":33.9771525483,"segment_first_lon":-118.3682578893,"segment_second_lat":33.9770470067,"segment_second_lon":-118.3670030648,"segment_sequence":110011,"segment_id":6,"segment_len_meter":116.30051580914127,"segment_cum_len":5867.781846424594,"stop_segment_distance":14.945721805636396}
{"route_id":"125","stop_id":"17389","stop_lat":33.903534,"stop_lon":-118.168521,"stop_sequence":65,"segment_first_lat":33.9036603351,"segment_first_lon":-118.1685209085,"segment_second_lat":33.9036836464,"segment_second_lon":-118.1657791494,"segment_sequence":650001,"segment_id":33,"segment_len_meter":253.04797636968163,"segment_cum_len":25950.10421347929,"stop_segment_distance":14.589703750506033}
{"route_id":"16","stop_id":"15651","stop_lat":34.06627,"stop_lon":-118.278648,"stop_sequence":20,"segment_first_lat":34.0658939009,"segment_first_lon":-118.2783926789,"segment_second_lat":34.066177475,"segment_second_lon":-118.2787528639,"segment_sequence":190008,"segment_id":10,"segment_len_meter":45.7714909132706,"segment_cum_len":5092.477262765897,"stop_segment_distance":16.320335580718577}
{"route_id":"161","stop_id":"586","stop_lat":34.182998,"stop_lon":-118.597598,"stop_sequence":4,"segment_first_lat":34.1846148602,"segment_first_lon":-118.597457194,"segment_second_lat":34.1829991407,"segment_second_lon":-118.5974456381,"segment_sequence":30002,"segment_id":2,"segment_len_meter":179.66295580682453,"segment_cum_len":1308.483275436088,"stop_segment_distance":14.60532086041124}
{"route_id":"165","stop_id":"4639","stop_lat":34.178689,"stop_lon":-118.30874,"stop_sequence":85,"segment_first_lat":34.178741673,"segment_first_lon":-118.3086844716,"segment_second_lat":34.1782049396,"segment_second_lon":-118.3079580824,"segment_sequence":850001,"segment_id":43,"segment_len_meter":89.5934808899328,"segment_cum_len":32188.530342415663,"stop_segment_distance":8.01642919857241}
{"route_id":"165","stop_id":"6829","stop_lat":34.193652,"stop_lon":-118.592561,"stop_sequence":15,"segment_first_lat":34.1937815399,"segment_first_lon":-118.5925623558,"segment_second_lat":34.19379349,"segment_second_lon":-118.5906245744,"segment_sequence":150001,"segment_id":8,"segment_len_meter":178.23034386123902,"segment_cum_len":5362.4089961696245,"stop_segment_distance":14.968759207005633}
{"route_id":"165","stop_id":"6833","stop_lat":34.193705,"stop_lon":-118.561926,"stop_sequence":22,"segment_first_lat":34.1938318295,"segment_first_lon":-118.5619272422,"segment_second_lat":34.1938410538,"segment_second_lon":-118.5604127281,"segment_sequence":220001,"segment_id":11,"segment_len_meter":139.29952456906082,"segment_cum_len":8141.1541718169465,"stop_segment_distance":14.805127625868295}
{"route_id":"165","stop_id":"6889","stop_lat":34.193834,"stop_lon":-118.369954,"stop_sequence":66,"segment_first_lat":34.1939607011,"segment_first_lon":-118.3699545437,"segment_second_lat":34.1939663908,"segment_second_lon":-118.3680894712,"segment_sequence":660001,"segment_id":33,"segment_len_meter":171.53887501885472,"segment_cum_len":25830.13024019024,"stop_segment_distance":14.66826649287529}
{"route_id":"169","stop_id":"6580","stop_lat":34.174688,"stop_lon":-118.605919,"stop_sequence":7,"segment_first_lat":34.1748541738,"segment_first_lon":-118.6057586664,"segment_second_lat":34.1746834795,"segment_second_lon":-118.6057683391,"segment_sequence":60024,"segment_id":3,"segment_len_meter":19.001187400317196,"segment_cum_len":2484.2091813065263,"stop_segment_distance":18.51074974141537}
{"route_id":"18","stop_id":"8326","stop_lat":34.01727,"stop_lon":-118.142934,"stop_sequence":64,"segment_first_lat":34.017395503,"segment_first_lon":-118.1428993456,"segment_second_lat":34.017235647,"segment_second_lon":-118.1421424034,"segment_sequence":640001,"segment_id":32,"segment_len_meter":71.99317193203487,"segment_cum_len":17873.57139004585,"stop_segment_distance":15.381218871444702}
{"route_id":"180","stop_id":"763","stop_lat":34.140753,"stop_lon":-118.180655,"stop_sequence":60,"segment_first_lat":34.1408505717,"segment_first_lon":-118.1815672897,"segment_second_lat":34.1408706187,"segment_second_lon":-118.1806585152,"segment_sequence":590005,"segment_id":30,"segment_len_meter":83.66569636747704,"segment_cum_len":18225.43095904982,"stop_segment_distance":14.074567407951221}
{"route_id":"202","stop_id":"16250","stop_lat":33.817849,"stop_lon":-118.231151,"stop_sequence":43,"segment_first_lat":33.8178076006,"segment_first_lon":-118.2309800741,"segment_second_lat":33.815677407,"segment_second_lon":-118.2317412428,"segment_sequence":430001,"segment_id":22,"segment_len_meter":247.08425910783328,"segment_cum_len":19555.856951564965,"stop_segment_distance":16.91390548150335}
{"route_id":"204","stop_id":"7084","stop_lat":34.023793,"stop_lon":-118.291377,"stop_sequence":37,"segment_first_lat":34.023792993,"segment_first_lon":-118.2915328847,"segment_second_lat":34.0252905829,"segment_second_lon":-118.2915321609,"segment_sequence":370001,"segment_id":19,"segment_len_meter":166.52441243358564,"segment_cum_len":11265.415629098952,"stop_segment_distance":14.97819007710899}
{"route_id":"205","stop_id":"30005","stop_lat":33.869338,"stop_lon":-118.287306,"stop_sequence":80,"segment_first_lat":33.8693101416,"segment_first_lon":-118.287278043,"segment_second_lat":33.8688199414,"segment_second_lon":-118.2879631789,"segment_sequence":810001,"segment_id":41,"segment_len_meter":83.501229496059,"segment_cum_len":28105.838195606866,"stop_segment_distance":4.196089363259844}
{"route_id":"206","stop_id":"11014","stop_lat":34.101895,"stop_lon":-118.296363,"stop_sequence":4,"segment_first_lat":34.1017686334,"segment_first_lon":-118.2963629139,"segment_second_lat":34.1017664833,"segment_second_lon":-118.2972382692,"segment_sequence":40001,"segment_id":2,"segment_len_meter":80.59798037965305,"segment_cum_len":1210.6085570168163,"stop_segment_distance":15.3001879837756}
{"route_id":"211","stop_id":"141060","stop_lat":33.898434,"stop_lon":-118.361147,"stop_sequence":4,"segment_first_lat":33.898433725,"segment_first_lon":-118.3613007777,"segment_second_lat":33.8987414869,"segment_second_lon":-118.3612997976,"segment_sequence":40001,"segment_id":2,"segment_len_meter":34.22168144876446,"segment_cum_len":1377.8261077102363,"stop_segment_distance":16.956389646610468}
{"route_id":"236","stop_id":"350","stop_lat":34.204934,"stop_lon":-118.500968,"stop_sequence":12,"segment_first_lat":34.2049334655,"segment_first_lon":-118.5011185697,"segment_second_lat":34.2059062354,"segment_second_lon":-118.5011158076,"segment_sequence":120001,"segment_id":6,"segment_len_meter":108.16737591070974,"segment_cum_len":5071.223499290223,"stop_segment_distance":14.638212238586888}
{"route_id":"237","stop_id":"25002","stop_lat":34.091002,"stop_lon":-118.338439,"stop_sequence":2,"segment_first_lat":34.0910013961,"segment_first_lon":-118.338592106,"segment_second_lat":34.0925841417,"segment_second_lon":-118.3386041293,"segment_sequence":20001,"segment_id":1,"segment_len_meter":175.99676342148018,"segment_cum_len":423.1303697804118,"stop_segment_distance":14.684359749070467}
{"route_id":"265","stop_id":"11155","stop_lat":33.917153,"stop_lon":-118.137919,"stop_sequence":31,"segment_first_lat":33.9170198974,"segment_first_lon":-118.1379348637,"segment_second_lat":33.9170698569,"segment_second_lon":-118.1384590043,"segment_sequence":310001,"segment_id":16,"segment_len_meter":48.68291227783294,"segment_cum_len":11900.45015833546,"stop_segment_distance":16.86872970355087}
{"route_id":"266","stop_id":"10527","stop_lat":33.947264,"stop_lon":-118.11712,"stop_sequence":31,"segment_first_lat":33.9460924152,"segment_first_lon":-118.1179066527,"segment_second_lat":33.9473169354,"segment_second_lon":-118.117259826,"segment_sequence":300005,"segment_id":15,"segment_len_meter":148.65924411293085,"segment_cum_len":13697.979202636876,"stop_segment_distance":14.638181158235767}
{"route_id":"268","stop_id":"2976","stop_lat":34.181122,"stop_lon":-118.159509,"stop_sequence":82,"segment_first_lat":34.1811213457,"segment_first_lon":-118.1596617383,"segment_second_lat":34.1816434374,"segment_second_lon":-118.1596650506,"segment_sequence":820001,"segment_id":41,"segment_len_meter":58.05474784466673,"segment_cum_len":30446.644696321626,"stop_segment_distance":15.72719512822082}
{"route_id":"33","stop_id":"5129","stop_lat":34.034202,"stop_lon":-118.263814,"stop_sequence":71,"segment_first_lat":34.0347257619,"segment_first_lon":-118.2645221555,"segment_second_lat":34.0342864305,"segment_second_lon":-118.2637444681,"segment_sequence":700003,"segment_id":35,"segment_len_meter":86.72874468350463,"segment_cum_len":22333.072412350004,"stop_segment_distance":12.101932722073542}
{"route_id":"33","stop_id":"6902","stop_lat":34.026592,"stop_lon":-118.392815,"stop_sequence":29,"segment_first_lat":34.026145862,"segment_first_lon":-118.393892234,"segment_second_lat":34.0266970111,"segment_second_lon":-118.3929034165,"segment_sequence":280006,"segment_id":14,"segment_len_meter":109.81673688708541,"segment_cum_len":9445.460324333952,"stop_segment_distance":15.400460079112818}
{"route_id":"35","stop_id":"16454","stop_lat":34.03728,"stop_lon":-118.364182,"stop_sequence":76,"segment_first_lat":34.0376817661,"segment_first_lon":-118.3631143615,"segment_second_lat":34.0371756525,"segment_second_lon":-118.3641030396,"segment_sequence":750004,"segment_id":38,"segment_len_meter":107.08175420707467,"segment_cum_len":23720.264891460673,"stop_segment_distance":14.658764601466075}
{"route_id":"4","stop_id":"14402","stop_lat":34.090883,"stop_lon":-118.367874,"stop_sequence":58,"segment_first_lat":34.0907605548,"segment_first_lon":-118.3674139178,"segment_second_lat":34.090755036,"segment_second_lon":-118.3678729869,"segment_sequence":570004,"segment_id":29,"segment_len_meter":42.278365746467266,"segment_cum_len":17623.42072345215,"stop_segment_distance":16.45204814091369}
{"route_id":"45","stop_id":"13232","stop_lat":34.022446,"stop_lon":-118.271803,"stop_sequence":29,"segment_first_lat":34.0235717534,"segment_first_lon":-118.2709057287,"segment_second_lat":34.0223854274,"segment_second_lon":-118.271671477,"segment_sequence":280004,"segment_id":14,"segment_len_meter":149.60431932492955,"segment_cum_len":9259.285668875891,"stop_segment_distance":14.287749328770474}
{"route_id":"45","stop_id":"13241","stop_lat":33.998425,"stop_lon":-118.278475,"stop_sequence":37,"segment_first_lat":33.9991813192,"segment_first_lon":-118.2783226015,"segment_second_lat":33.9984256627,"segment_second_lon":-118.2783200894,"segment_sequence":360005,"segment_id":18,"segment_len_meter":84.02548821319067,"segment_cum_len":12077.039917455008,"stop_segment_distance":15.51961799894353}
{"route_id":"51","stop_id":"257","stop_lat":33.977167,"stop_lon":-118.265317,"stop_sequence":50,"segment_first_lat":33.9779205289,"segment_first_lon":-118.2651640103,"segment_second_lat":33.9771676152,"segment_second_lon":-118.2651642649,"segment_sequence":490003,"segment_id":25,"segment_len_meter":83.7201869325136,"segment_cum_len":13102.769803735826,"stop_segment_distance":15.331470180346287}
{"route_id":"55","stop_id":"140773","stop_lat":33.929263,"stop_lon":-118.246125,"stop_sequence":7,"segment_first_lat":33.9288730158,"segment_first_lon":-118.2462388803,"segment_second_lat":33.929263213,"segment_second_lon":-118.2462373898,"segment_sequence":60006,"segment_id":3,"segment_len_meter":43.38816695539177,"segment_cum_len":1931.860915658958,"stop_segment_distance":11.600072882487936}
{"route_id":"602","stop_id":"7993","stop_lat":34.04631,"stop_lon":-118.509822,"stop_sequence":23,"segment_first_lat":34.0465186953,"segment_first_lon":-118.5098928721,"segment_second_lat":34.0464111293,"segment_second_lon":-118.5097268315,"segment_sequence":220048,"segment_id":11,"segment_len_meter":19.41881875921315,"segment_cum_len":7113.419514854319,"stop_segment_distance":18.947766134517767}
{"route_id":"685","stop_id":"10298","stop_lat":34.110656,"stop_lon":-118.237333,"stop_sequence":26,"segment_first_lat":34.1115310624,"segment_first_lon":-118.2369419177,"segment_second_lat":34.1106287394,"segment_second_lon":-118.2371818449,"segment_sequence":250003,"segment_id":13,"segment_len_meter":102.73640388381666,"segment_cum_len":7543.748958749832,"stop_segment_distance":15.256153829891446}
{"route_id":"750","stop_id":"7148","stop_lat":34.187691,"stop_lon":-118.601166,"stop_sequence":19,"segment_first_lat":34.1878182247,"segment_first_lon":-118.6012051083,"segment_second_lat":34.1878731464,"segment_second_lon":-118.600936007,"segment_sequence":190001,"segment_id":10,"segment_len_meter":25.494305955385396,"segment_cum_len":25869.444476498717,"stop_segment_distance":18.389867811412135}
{"route_id":"770","stop_id":"5951","stop_lat":34.063067,"stop_lon":-118.042343,"stop_sequence":25,"segment_first_lat":34.0630568406,"segment_first_lon":-118.0424942659,"segment_second_lat":34.0643001965,"segment_second_lon":-118.0426411656,"segment_sequence":250001,"segment_id":13,"segment_len_meter":138.91550292776407,"segment_cum_len":25308.85294247867,"stop_segment_distance":14.913056074161148}
{"route_id":"81","stop_id":"13439","stop_lat":34.009783,"stop_lon":-118.282882,"stop_sequence":68,"segment_first_lat":34.0101213185,"segment_first_lon":-118.2827276976,"segment_second_lat":34.0097833338,"segment_second_lon":-118.2827265561,"segment_sequence":670004,"segment_id":34,"segment_len_meter":37.58233120705941,"segment_cum_len":22592.36867351057,"stop_segment_distance":16.963732006272366}
{"route_id":"83","stop_id":"3102","stop_lat":34.051034,"stop_lon":-118.246348,"stop_sequence":48,"segment_first_lat":34.0517118213,"segment_first_lon":-118.2456067241,"segment_second_lat":34.0509946221,"segment_second_lon":-118.2462840155,"segment_sequence":470004,"segment_id":24,"segment_len_meter":101.25918340244529,"segment_cum_len":14154.132332629782,"stop_segment_distance":7.792424777981765}
{"route_id":"94","stop_id":"12111","stop_lat":34.195141,"stop_lon":-118.34905,"stop_sequence":33,"segment_first_lat":34.1951416758,"segment_first_lon":-118.348891488,"segment_second_lat":34.1938007429,"segment_second_lon":-118.3488789422,"segment_sequence":330001,"segment_id":17,"segment_len_meter":149.1094001349465,"segment_cum_len":15106.039366712987,"stop_segment_distance":15.327455882145927}
