{"route_id":"102","stop_id":"2698","stop_lat":34.011578,"stop_lon":-118.256784,"stop_sequence":63,"segment_first_lat":34.0118548356,"segment_first_lon":-118.2570948379,"segment_second_lat":34.0116896734,"segment_second_lon":-118.2567148654,"segment_sequence":620008,"segment_id":31,"segment_len_meter":39.54590580566307,"segment_cum_len":20259.02961711222,"stop_segment_distance":16.463907814333012}
{"route_id":"105","stop_id":"2759","stop_lat":34.011668,"stop_lon":-118.336304,"stop_sequence":31,"segment_first_lat":34.0115573615,"segment_first_lon":-118.3364024652,"segment_second_lat":34.0123924442,"segment_second_lon":-118.3377781806,"segment_sequence":310001,"segment_id":16,"segment_len_meter":157.16613822302094,"segment_cum_len":10907.395074305412,"stop_segment_distance":16.083112190647427}
{"route_id":"120","stop_id":"14171","stop_lat":33.924713,"stop_lon":-118.239387,"stop_sequence":73,"segment_first_lat":33.9246103423,"segment_first_lon":-118.2393865976,"segment_second_lat":33.924598361,"segment_second_lon":-118.2422213533,"segment_sequence":730001,"segment_id":37,"segment_len_meter":261.5564202276336,"segment_cum_len":31274.843482688826,"stop_segment_distance":11.684888268387738}
{"route_id":"127","stop_id":"14676","stop_lat":33.896623,"stop_lon":-118.143038,"stop_sequence":22,"segment_first_lat":33.8965236178,"segment_first_lon":-118.1430382852,"segment_second_lat":33.8965207729,"segment_second_lon":-118.1438126423,"segment_sequence":220001,"segment_id":11,"segment_len_meter":71.47147495740663,"segment_cum_len":9109.031893385489,"stop_segment_distance":11.974385918960735}
{"route_id":"14","stop_id":"140902","stop_lat":34.076287,"stop_lon":-118.350922,"stop_sequence":67,"segment_first_lat":34.0761666361,"segment_first_lon":-118.3497983412,"segment_second_lat":34.0761609066,"segment_second_lon":-118.3509210826,"segment_sequence":660002,"segment_id":33,"segment_len_meter":103.40873028136897,"segment_cum_len":24581.836861299063,"stop_segment_distance":14.965491570968425}
{"route_id":"154","stop_id":"11306","stop_lat":34.175727,"stop_lon":-118.380943,"stop_sequence":30,"segment_first_lat":34.1757926093,"segment_first_lon":-118.3811515106,"segment_second_lat":34.1749807761,"segment_second_lon":-118.3806618012,"segment_sequence":230002,"segment_id":12,"segment_len_meter":100.88864121135849,"segment_cum_len":9602.30160045934,"stop_segment_distance":6.54871395142537}
{"route_id":"16","stop_id":"15652","stop_lat":34.069058,"stop_lon":-118.330178,"stop_sequence":37,"segment_first_lat":34.068943776,"segment_first_lon":-118.328787453,"segment_second_lat":34.0689325648,"segment_second_lon":-118.3301775354,"segment_sequence":360003,"segment_id":18,"segment_len_meter":128.0464072104284,"segment_cum_len":9903.57206014894,"stop_segment_distance":14.61265639966075}
{"route_id":"161","stop_id":"15400","stop_lat":34.168645,"stop_lon":-118.606044,"stop_sequence":10,"segment_first_lat":34.1685193094,"segment_first_lon":-118.606049612,"segment_second_lat":34.1685524358,"segment_second_lon":-118.6070056004,"segment_sequence":100001,"segment_id":5,"segment_len_meter":88.02943975286624,"segment_cum_len":3880.453033901897,"stop_segment_distance":15.02156344702236}
{"route_id":"165","stop_id":"16571","stop_lat":34.193758,"stop_lon":-118.518742,"stop_sequence":32,"segment_first_lat":34.1938881518,"segment_first_lon":-118.5197046978,"segment_second_lat":34.1938829397,"segment_second_lon":-118.518742349,"segment_sequence":310005,"segment_id":16,"segment_len_meter":88.5128054183542,"segment_cum_len":11973.917648956685,"stop_segment_distance":15.09789970400604}
{"route_id":"166","stop_id":"4050","stop_lat":34.231717,"stop_lon":-118.570715,"stop_sequence":17,"segment_first_lat":34.2318417051,"segment_first_lon":-118.5710463928,"segment_second_lat":34.2318416171,"segment_second_lon":-118.570715548,"segment_sequence":160004,"segment_id":8,"segment_len_meter":30.41536311646376,"segment_cum_len":8114.903181763844,"stop_segment_distance":16.914560716982663}
{"route_id":"180","stop_id":"1289","stop_lat":34.146146,"stop_lon":-118.244086,"stop_sequence":40,"segment_first_lat":34.1462692332,"segment_first_lon":-118.2440870195,"segment_second_lat":34.1462701805,"segment_second_lon":-118.2436173802,"segment_sequence":400001,"segment_id":20,"segment_len_meter":43.21903001963365,"segment_cum_len":12001.681763104605,"stop_segment_distance":15.766014188594106}
{"route_id":"2","stop_id":"8050","stop_lat":34.097894,"stop_lon":-118.350798,"stop_sequence":38,"segment_first_lat":34.0980225191,"segment_first_lon":-118.351009524,"segment_second_lat":34.0980214939,"segment_second_lon":-118.3507948173,"segment_sequence":370004,"segment_id":19,"segment_len_meter":19.77014806378427,"segment_cum_len":11928.089697100044,"stop_segment_distance":18.566710324051634}
{"route_id":"204","stop_id":"3971","stop_lat":34.085518,"stop_lon":-118.291563,"stop_sequence":59,"segment_first_lat":34.0846551756,"segment_first_lon":-118.2917149868,"segment_second_lat":34.0855180086,"segment_second_lon":-118.291715024,"segment_sequence":580004,"segment_id":29,"segment_len_meter":95.94265220259459,"segment_cum_len":17962.5649061552,"stop_segment_distance":15.014830985542517}
{"route_id":"207","stop_id":"11030","stop_lat":34.101835,"stop_lon":-118.313464,"stop_sequence":61,"segment_first_lat":34.1017203757,"segment_first_lon":-118.3122514014,"segment_second_lat":34.1017100925,"segment_second_lon":-118.3134636579,"segment_sequence":600004,"segment_id":30,"segment_len_meter":111.62345489072294,"segment_cum_len":21643.747447768925,"stop_segment_distance":14.639829733022452}
{"route_id":"217","stop_id":"11027","stop_lat":34.101686,"stop_lon":-118.343147,"stop_sequence":8,"segment_first_lat":34.1015485878,"segment_first_lon":-118.3422013368,"segment_second_lat":34.1015599124,"segment_second_lon":-118.3431497471,"segment_sequence":70004,"segment_id":4,"segment_len_meter":87.33340427703551,"segment_cum_len":1860.3955410467572,"stop_segment_distance":15.09098632113772}
{"route_id":"218","stop_id":"15633","stop_lat":34.07224,"stop_lon":-118.365639,"stop_sequence":21,"segment_first_lat":34.0719924003,"segment_first_lon":-118.3647327358,"segment_second_lat":34.072115724,"segment_second_lon":-118.365660171,"segment_sequence":200004,"segment_id":10,"segment_len_meter":86.51648753624312,"segment_cum_len":10932.209917560664,"stop_segment_distance":15.335262005953837}
{"route_id":"222","stop_id":"2485","stop_lat":34.101439,"stop_lon":-118.338353,"stop_sequence":2,"segment_first_lat":34.101565745,"segment_first_lon":-118.3383531171,"segment_second_lat":34.101570301,"segment_second_lon":-118.3374117085,"segment_sequence":20001,"segment_id":1,"segment_len_meter":86.681114360967,"segment_cum_len":629.2819048330548,"stop_segment_distance":15.302343133548163}
{"route_id":"234","stop_id":"14541","stop_lat":34.208183,"stop_lon":-118.466345,"stop_sequence":51,"segment_first_lat":34.2081837328,"segment_first_lon":-118.4661881605,"segment_second_lat":34.2075599818,"segment_second_lon":-118.4661823633,"segment_sequence":510001,"segment_id":26,"segment_len_meter":69.35999543671086,"segment_cum_len":19135.979347900902,"stop_segment_distance":15.935377643059141}
{"route_id":"256","stop_id":"10401","stop_lat":34.110438,"stop_lon":-118.193355,"stop_sequence":59,"segment_first_lat":34.1095705793,"segment_first_lon":-118.192830559,"segment_second_lat":34.1104025037,"segment_second_lon":-118.1934284452,"segment_sequence":580003,"segment_id":29,"segment_len_meter":107.64394564197106,"segment_cum_len":16591.22386849518,"stop_segment_distance":8.04818110438778}
{"route_id":"260","stop_id":"8773","stop_lat":33.969217,"stop_lon":-118.187989,"stop_sequence":69,"segment_first_lat":33.9692456704,"segment_first_lon":-118.1878147093,"segment_second_lat":33.9679678366,"segment_second_lon":-118.1875146965,"segment_sequence":690001,"segment_id":35,"segment_len_meter":144.75715452516167,"segment_cum_len":27676.164342849683,"stop_segment_distance":17.253413525925936}
{"route_id":"267","stop_id":"12302","stop_lat":34.152351,"stop_lon":-118.159447,"stop_sequence":61,"segment_first_lat":34.1524274119,"segment_first_lon":-118.1595199876,"segment_second_lat":34.1528274864,"segment_second_lon":-118.1589059721,"segment_sequence":610001,"segment_id":31,"segment_len_meter":71.91235635055843,"segment_cum_len":20022.29277309624,"stop_segment_distance":11.621049941284966}
{"route_id":"268","stop_id":"8940","stop_lat":34.142545,"stop_lon":-118.051112,"stop_sequence":33,"segment_first_lat":34.1421849995,"segment_first_lon":-118.051537874,"segment_second_lat":34.142607472,"segment_second_lon":-118.0512440022,"segment_sequence":320025,"segment_id":16,"segment_len_meter":54.2056462269273,"segment_cum_len":12558.541162587107,"stop_segment_distance":15.810885011201464}
{"route_id":"60","stop_id":"5138","stop_lat":34.047387,"stop_lon":-118.253315,"stop_sequence":8,"segment_first_lat":34.0480697058,"segment_first_lon":-118.2541492671,"segment_second_lat":34.0474698197,"segment_second_lon":-118.2532462421,"segment_sequence":70003,"segment_id":4,"segment_len_meter":106.6368666727028,"segment_cum_len":2302.7611398262216,"stop_segment_distance":12.572415504285232}
{"route_id":"602","stop_id":"16770","stop_lat":34.057022,"stop_lon":-118.447281,"stop_sequence":55,"segment_first_lat":34.0577785463,"segment_first_lon":-118.4477769401,"segment_second_lat":34.0570734142,"segment_second_lon":-118.4471901193,"segment_sequence":540009,"segment_id":27,"segment_len_meter":95.23700880375058,"segment_cum_len":17385.42232026857,"stop_segment_distance":10.630678474225093}
{"route_id":"602","stop_id":"8077","stop_lat":34.069647,"stop_lon":-118.469492,"stop_sequence":41,"segment_first_lat":34.0686282319,"segment_first_lon":-118.469931788,"segment_second_lat":34.0696782201,"segment_second_lon":-118.4696444682,"segment_sequence":400014,"segment_id":20,"segment_len_meter":119.71524425983503,"segment_cum_len":12826.59968478749,"stop_segment_distance":15.058002063841911}
{"route_id":"605","stop_id":"17154","stop_lat":34.025773,"stop_lon":-118.202066,"stop_sequence":7,"segment_first_lat":34.0258337778,"segment_first_lon":-118.2022004353,"segment_second_lat":34.0262320898,"segment_second_lon":-118.2019485971,"segment_sequence":70001,"segment_id":4,"segment_len_meter":50.002641845186886,"segment_cum_len":1337.4789140641567,"stop_segment_distance":16.29230709312276}
{"route_id":"611","stop_id":"806","stop_lat":33.985971,"stop_lon":-118.247578,"stop_sequence":33,"segment_first_lat":33.9856955537,"segment_first_lon":-118.2477287516,"segment_second_lat":33.9859703378,"segment_second_lon":-118.2477295645,"segment_sequence":320010,"segment_id":16,"segment_len_meter":30.554689766887343,"segment_cum_len":9742.998137109507,"stop_segment_distance":17.054250643382737}
{"route_id":"685","stop_id":"14016","stop_lat":34.139989,"stop_lon":-118.233711,"stop_sequence":11,"segment_first_lat":34.1402502026,"segment_first_lon":-118.2335566296,"segment_second_lat":34.1399891513,"segment_second_lon":-118.2335582135,"segment_sequence":100007,"segment_id":5,"segment_len_meter":29.02794616473693,"segment_cum_len":3851.685924919302,"stop_segment_distance":17.36633313354021}
{"route_id":"704","stop_id":"6023","stop_lat":34.090595,"stop_lon":-118.344297,"stop_sequence":20,"segment_first_lat":34.0907272787,"segment_first_lon":-118.3451527189,"segment_second_lat":34.0907209358,"segment_second_lon":-118.3442939582,"segment_sequence":190012,"segment_id":10,"segment_len_meter":79.0831543017356,"segment_cum_len":17744.584563944336,"stop_segment_distance":15.084032912322598}
{"route_id":"704","stop_id":"668","stop_lat":34.060325,"stop_lon":-118.243701,"stop_sequence":32,"segment_first_lat":34.0604285236,"segment_first_lon":-118.2436153556,"segment_second_lat":34.0602869661,"segment_second_lon":-118.2433636906,"segment_sequence":320001,"segment_id":16,"segment_len_meter":28.021822919540607,"segment_cum_len":29095.646098446643,"stop_segment_distance":17.292794737341584}
{"route_id":"744","stop_id":"139","stop_lat":34.254079,"stop_lon":-118.438336,"stop_sequence":17,"segment_first_lat":34.2541743439,"segment_first_lon":-118.438435394,"segment_second_lat":34.2545998924,"segment_second_lon":-118.4378558506,"segment_sequence":170001,"segment_id":9,"segment_len_meter":71.24735058437774,"segment_cum_len":16221.794830475335,"stop_segment_distance":15.563461963328763}
{"route_id":"750","stop_id":"15332","stop_lat":34.140833,"stop_lon":-118.370797,"stop_sequence":2,"segment_first_lat":34.1404612931,"segment_first_lon":-118.3702035352,"segment_second_lat":34.1407153739,"segment_second_lon":-118.3708633081,"segment_sequence":10029,"segment_id":1,"segment_len_meter":66.97120602649889,"segment_cum_len":808.7272363195294,"stop_segment_distance":15.955708756761894}
{"route_id":"757","stop_id":"14113","stop_lat":34.069119,"stop_lon":-118.30926,"stop_sequence":7,"segment_first_lat":34.0711583,"segment_first_lon":-118.3091159394,"segment_second_lat":34.0691193955,"segment_second_lon":-118.3091084049,"segment_sequence":60005,"segment_id":3,"segment_len_meter":226.71689848785022,"segment_cum_len":5266.097385702263,"stop_segment_distance":14.394266132069419}
{"route_id":"757","stop_id":"14148","stop_lat":34.025755,"stop_lon":-118.309054,"stop_sequence":14,"segment_first_lat":34.0257612425,"segment_first_lon":-118.3089004128,"segment_second_lat":34.0255688976,"segment_second_lon":-118.3088980527,"segment_sequence":140001,"segment_id":7,"segment_len_meter":21.388882930430814,"segment_cum_len":10108.796409662162,"stop_segment_distance":17.976883210550422}
{"route_id":"78","stop_id":"1551","stop_lat":34.100808,"stop_lon":-118.11462,"stop_sequence":57,"segment_first_lat":34.1008436987,"segment_first_lon":-118.1148513842,"segment_second_lat":34.1009185906,"segment_second_lon":-118.1146935936,"segment_sequence":560003,"segment_id":28,"segment_len_meter":16.746012279563704,"segment_cum_len":18038.600673988465,"stop_segment_distance":18.965864209526718}
{"route_id":"90","stop_id":"12101","stop_lat":34.0609,"stop_lon":-118.240523,"stop_sequence":85,"segment_first_lat":34.0613264124,"segment_first_lon":-118.2402433489,"segment_second_lat":34.0608693821,"segment_second_lon":-118.2404114104,"segment_sequence":840004,"segment_id":42,"segment_len_meter":53.125278652877846,"segment_cum_len":30478.557890337,"stop_segment_distance":11.664445669161175}
{"route_id":"90","stop_id":"12360","stop_lat":34.119448,"stop_lon":-118.250587,"stop_sequence":72,"segment_first_lat":34.1201554711,"segment_first_lon":-118.2511305174,"segment_second_lat":34.1195333592,"segment_second_lon":-118.2504648841,"segment_sequence":710007,"segment_id":36,"segment_len_meter":92.4112867327985,"segment_cum_len":22558.437676335507,"stop_segment_distance":15.531308952764135}
