{"route_id":"10","stop_id":"16371","stop_lat":34.067464,"stop_lon":-118.256876,"stop_sequence":18,"segment_first_lat":34.0673387957,"segment_first_lon":-118.256911731,"segment_second_lat":34.067511518,"segment_second_lon":-118.2577413687,"segment_sequence":180001,"segment_id":9,"segment_len_meter":78.79567882129446,"segment_cum_len":5562.502619808797,"stop_segment_distance":15.395458316707504}
{"route_id":"102","stop_id":"2729","stop_lat":34.010653,"stop_lon":-118.3216,"stop_sequence":37,"segment_first_lat":34.0107791409,"segment_first_lon":-118.3217979712,"segment_second_lat":34.0107810336,"segment_second_lon":-118.321603298,"segment_sequence":360008,"segment_id":18,"segment_len_meter":17.94486096240405,"segment_cum_len":12919.102255408763,"stop_segment_distance":19.310521714282814}
{"route_id":"108","stop_id":"13000148","stop_lat":33.989082,"stop_lon":-118.220316,"stop_sequence":56,"segment_first_lat":33.9892074202,"segment_first_lon":-118.2207812632,"segment_second_lat":33.9892101938,"segment_second_lon":-118.2203161384,"segment_sequence":550005,"segment_id":28,"segment_len_meter":42.88397899650701,"segment_cum_len":19055.35524579219,"stop_segment_distance":16.476305589455272}
{"route_id":"111","stop_id":"8670","stop_lat":33.952507,"stop_lon":-118.385715,"stop_sequence":3,"segment_first_lat":33.9526470149,"segment_first_lon":-118.3858637066,"segment_second_lat":33.9526456903,"segment_second_lon":-118.3854185534,"segment_sequence":30002,"segment_id":2,"segment_len_meter":41.05947279771107,"segment_cum_len":1414.9105700138327,"stop_segment_distance":11.081855927038163}
{"route_id":"125","stop_id":"16972","stop_lat":33.901762,"stop_lon":-118.283071,"stop_sequence":32,"segment_first_lat":33.9018869063,"segment_first_lon":-118.2835456418,"segment_second_lat":33.9018880216,"segment_second_lon":-118.2830711111,"segment_sequence":310007,"segment_id":16,"segment_len_meter":43.79514160196881,"segment_cum_len":12906.542594894894,"stop_segment_distance":16.17218187307175}
{"route_id":"127","stop_id":"9376","stop_lat":33.896659,"stop_lon":-118.13802,"stop_sequence":21,"segment_first_lat":33.896548465,"segment_first_lon":-118.1365402759,"segment_second_lat":33.8965566721,"segment_second_lon":-118.1380198153,"segment_sequence":200004,"segment_id":10,"segment_len_meter":136.5599294916226,"segment_cum_len":8574.345338958225,"stop_segment_distance":11.944216525579463}
{"route_id":"128","stop_id":"17231","stop_lat":33.889504,"stop_lon":-118.117198,"stop_sequence":20,"segment_first_lat":33.8893733538,"segment_first_lon":-118.1171975547,"segment_second_lat":33.8893748422,"segment_second_lon":-118.1173623005,"segment_sequence":200001,"segment_id":10,"segment_len_meter":15.207704877421788,"segment_cum_len":10450.580125640929,"stop_segment_distance":20.206298124433403}
{"route_id":"150","stop_id":"7054","stop_lat":34.172187,"stop_lon":-118.544934,"stop_sequence":25,"segment_first_lat":34.1723828159,"segment_first_lon":-118.5453385131,"segment_second_lat":34.1723214786,"segment_second_lon":-118.5449248526,"segment_sequence":240011,"segment_id":12,"segment_len_meter":38.66200506806341,"segment_cum_len":9579.770693024957,"stop_segment_distance":19.43098085124611}
{"route_id":"155","stop_id":"18052","stop_lat":34.157513,"stop_lon":-118.413971,"stop_sequence":14,"segment_first_lat":34.1576114916,"segment_first_lon":-118.4148703735,"segment_second_lat":34.1576123749,"segment_second_lon":-118.413971288,"segment_sequence":130005,"segment_id":7,"segment_len_meter":82.72795175584703,"segment_cum_len":4610.086863009718,"stop_segment_distance":11.798042441466038}
{"route_id":"158","stop_id":"9587","stop_lat":34.257373,"stop_lon":-118.593255,"stop_sequence":73,"segment_first_lat":34.25724545,"segment_first_lon":-118.5932545338,"segment_second_lat":34.2572456313,"segment_second_lon":-118.5951210669,"segment_sequence":730001,"segment_id":37,"segment_len_meter":171.54311328305525,"segment_cum_len":29289.571924617307,"stop_segment_distance":14.723798129425035}
{"route_id":"167","stop_id":"4575","stop_lat":34.221424,"stop_lon":-118.44842,"stop_sequence":58,"segment_first_lat":34.2215467459,"segment_first_lon":-118.4487511314,"segment_second_lat":34.2215498958,"segment_second_lon":-118.4484203469,"segment_sequence":570007,"segment_id":29,"segment_len_meter":30.41555150847461,"segment_cum_len":23418.550852129007,"stop_segment_distance":16.948308662988243}
{"route_id":"167","stop_id":"695","stop_lat":34.226576,"stop_lon":-118.437216,"stop_sequence":53,"segment_first_lat":34.2265125263,"segment_first_lon":-118.4371759303,"segment_second_lat":34.2264468765,"segment_second_lon":-118.4373211477,"segment_sequence":530001,"segment_id":27,"segment_len_meter":15.2164079859634,"segment_cum_len":21944.813616330324,"stop_segment_distance":10.054126966433138}
{"route_id":"169","stop_id":"692","stop_lat":34.225297,"stop_lon":-118.44064,"stop_sequence":98,"segment_first_lat":34.2252542309,"segment_first_lon":-118.4411225921,"segment_second_lat":34.2253685558,"segment_second_lon":-118.4406666694,"segment_sequence":970007,"segment_id":49,"segment_len_meter":43.80257938238866,"segment_cum_len":39785.16318200908,"stop_segment_distance":9.146760824447512}
{"route_id":"180","stop_id":"3047","stop_lat":34.123523,"stop_lon":-118.268193,"stop_sequence":24,"segment_first_lat":34.1236285047,"segment_first_lon":-118.2682704846,"segment_second_lat":34.1240416115,"segment_second_lon":-118.2674811311,"segment_sequence":240001,"segment_id":12,"segment_len_meter":85.96250567370922,"segment_cum_len":7615.905193388467,"stop_segment_distance":15.056050218500786}
{"route_id":"2","stop_id":"8045","stop_lat":34.097862,"stop_lon":-118.338814,"stop_sequence":42,"segment_first_lat":34.0979839735,"segment_first_lon":-118.3404724342,"segment_second_lat":34.0979886346,"segment_second_lon":-118.3388142911,"segment_sequence":410004,"segment_id":21,"segment_len_meter":152.67987600501215,"segment_cum_len":13031.252050436233,"stop_segment_distance":14.708309015187638}
{"route_id":"204","stop_id":"5655","stop_lat":34.028253,"stop_lon":-118.291386,"stop_sequence":39,"segment_first_lat":34.0277691577,"segment_first_lon":-118.2915332042,"segment_second_lat":34.0282527721,"segment_second_lon":-118.2915375291,"segment_sequence":380006,"segment_id":19,"segment_len_meter":53.776944675048966,"segment_cum_len":11594.79893719904,"stop_segment_distance":15.671789552215031}
{"route_id":"204","stop_id":"7093","stop_lat":33.928445,"stop_lon":-118.291415,"stop_sequence":2,"segment_first_lat":33.9281289484,"segment_first_lon":-118.2915623125,"segment_second_lat":33.9284421879,"segment_second_lon":-118.2915686767,"segment_sequence":10011,"segment_id":1,"segment_len_meter":34.835592208180046,"segment_cum_len":493.1741740541139,"stop_segment_distance":17.026407778805435}
{"route_id":"205","stop_id":"7389","stop_lat":33.737801,"stop_lon":-118.292559,"stop_sequence":19,"segment_first_lat":33.7378742084,"segment_first_lon":-118.2925594027,"segment_second_lat":33.7378733942,"segment_second_lon":-118.2923291738,"segment_sequence":190001,"segment_id":10,"segment_len_meter":21.28906174588866,"segment_cum_len":3692.8711443399156,"stop_segment_distance":9.576580219418716}
{"route_id":"205","stop_id":"8795","stop_lat":33.862668,"stop_lon":-118.266278,"stop_sequence":88,"segment_first_lat":33.8626682887,"segment_first_lon":-118.2661282951,"segment_second_lat":33.8616735914,"segment_second_lon":-118.2661205269,"segment_sequence":890001,"segment_id":45,"segment_len_meter":110.60761901095027,"segment_cum_len":31745.813370904445,"stop_segment_distance":14.740294304592837}
{"route_id":"206","stop_id":"16052","stop_lat":33.930848,"stop_lon":-118.299968,"stop_sequence":68,"segment_first_lat":33.9309743377,"segment_first_lon":-118.2999684581,"segment_second_lat":33.9309766139,"segment_second_lon":-118.2990520327,"segment_sequence":680001,"segment_id":34,"segment_len_meter":84.54943159798268,"segment_cum_len":20665.932379904196,"stop_segment_distance":15.207159520270366}
{"route_id":"217","stop_id":"1858","stop_lat":34.032632,"stop_lon":-118.370832,"stop_sequence":41,"segment_first_lat":34.0344132805,"segment_first_lon":-118.3698664202,"segment_second_lat":34.0325880859,"segment_second_lon":-118.370690748,"segment_sequence":400006,"segment_id":20,"segment_len_meter":216.70178620429206,"segment_cum_len":11400.330533337725,"stop_segment_distance":14.336891409052498}
{"route_id":"217","stop_id":"8700","stop_lat":34.035767,"stop_lon":-118.369417,"stop_sequence":40,"segment_first_lat":34.0357186924,"segment_first_lon":-118.3692721305,"segment_second_lat":34.0354946971,"segment_second_lon":-118.3693761026,"segment_sequence":400001,"segment_id":20,"segment_len_meter":26.686214469136647,"segment_cum_len":11055.17169437007,"stop_segment_distance":18.215447218224252}
{"route_id":"222","stop_id":"6382","stop_lat":34.247145,"stop_lon":-118.352044,"stop_sequence":56,"segment_first_lat":34.2471712796,"segment_first_lon":-118.3532482089,"segment_second_lat":34.2472711931,"segment_second_lon":-118.3520597006,"segment_sequence":550003,"segment_id":28,"segment_len_meter":109.8059585691016,"segment_cum_len":22482.56489245793,"stop_segment_distance":15.024347385988904}
{"route_id":"234","stop_id":"2752","stop_lat":34.036557,"stop_lon":-118.434949,"stop_sequence":77,"segment_first_lat":34.0369684208,"segment_first_lon":-118.4351030596,"segment_second_lat":34.0366297993,"segment_second_lon":-118.4348207392,"segment_sequence":760012,"segment_id":38,"segment_len_meter":45.76565180382537,"segment_cum_len":46181.05061025906,"stop_segment_distance":16.45919860889336}
{"route_id":"237","stop_id":"25000","stop_lat":34.179299,"stop_lon":-118.4499,"stop_sequence":53,"segment_first_lat":34.1793997629,"segment_first_lon":-118.4508920705,"segment_second_lat":34.1793996098,"segment_second_lon":-118.4499001662,"segment_sequence":520003,"segment_id":26,"segment_len_meter":91.2449107360463,"segment_cum_len":20717.401184693714,"stop_segment_distance":11.887874721400777}
{"route_id":"246","stop_id":"10258","stop_lat":33.866799,"stop_lon":-118.265989,"stop_sequence":61,"segment_first_lat":33.8652539748,"segment_first_lon":-118.2661384779,"segment_second_lat":33.8667982516,"segment_second_lon":-118.2661404148,"segment_sequence":600002,"segment_id":30,"segment_len_meter":171.71583861880782,"segment_cum_len":20557.093739359163,"stop_segment_distance":14.616825570089759}
{"route_id":"266","stop_id":"14010","stop_lat":34.06561,"stop_lon":-118.067884,"stop_sequence":55,"segment_first_lat":34.0655267685,"segment_first_lon":-118.0679997039,"segment_second_lat":34.0668597804,"segment_second_lon":-118.0694073818,"segment_sequence":550001,"segment_id":28,"segment_len_meter":196.93522052038182,"segment_cum_len":28477.732356967015,"stop_segment_distance":14.671935936619462}
{"route_id":"266","stop_id":"1441","stop_lat":34.150315,"stop_lon":-118.073701,"stop_sequence":78,"segment_first_lat":34.150219484,"segment_first_lon":-118.0733700921,"segment_second_lat":34.1502162603,"segment_second_lon":-118.0737006051,"segment_sequence":770011,"segment_id":39,"segment_len_meter":30.41639240569169,"segment_cum_len":37893.229861765896,"stop_segment_distance":12.812711942865398}
{"route_id":"30","stop_id":"4818","stop_lat":34.041494,"stop_lon":-118.256654,"stop_sequence":27,"segment_first_lat":34.0415709359,"segment_first_lon":-118.2567758412,"segment_second_lat":34.0423170943,"segment_second_lon":-118.2560760282,"segment_sequence":270001,"segment_id":14,"segment_len_meter":105.07882624385536,"segment_cum_len":8396.854249379669,"stop_segment_distance":14.925227345027793}
{"route_id":"487","stop_id":"10182","stop_lat":34.161788,"stop_lon":-118.052109,"stop_sequence":60,"segment_first_lat":34.1618957754,"segment_first_lon":-118.0521086813,"segment_second_lat":34.1619099565,"segment_second_lon":-118.0497550886,"segment_sequence":600001,"segment_id":30,"segment_len_meter":216.55674932205815,"segment_cum_len":32966.71837878462,"stop_segment_distance":12.431970275778468}
{"route_id":"51","stop_id":"1363","stop_lat":33.895707,"stop_lon":-118.251483,"stop_sequence":86,"segment_first_lat":33.8958336753,"segment_first_lon":-118.251483239,"segment_second_lat":33.895843314,"segment_second_lon":-118.2490909982,"segment_sequence":860001,"segment_id":43,"segment_len_meter":220.80082786266166,"segment_cum_len":23722.84236688579,"stop_segment_distance":14.580877288866844}
{"route_id":"534","stop_id":"12721","stop_lat":34.034408,"stop_lon":-118.709657,"stop_sequence":27,"segment_first_lat":34.0343304117,"segment_first_lon":-118.7088802904,"segment_second_lat":34.034283044,"segment_second_lon":-118.7096463025,"segment_sequence":260011,"segment_id":13,"segment_len_meter":70.78235636146502,"segment_cum_len":23669.046873231124,"stop_segment_distance":15.236963601396113}
{"route_id":"603","stop_id":"11936","stop_lat":34.146567,"stop_lon":-118.258038,"stop_sequence":3,"segment_first_lat":34.1465675855,"segment_first_lon":-118.2578850407,"segment_second_lat":34.1443829992,"segment_second_lon":-118.2578958159,"segment_sequence":30001,"segment_id":2,"segment_len_meter":242.91693728882413,"segment_cum_len":772.8895262822764,"stop_segment_distance":14.36141051934814}
{"route_id":"68","stop_id":"9232","stop_lat":34.040663,"stop_lon":-118.17969,"stop_sequence":21,"segment_first_lat":34.0405414571,"segment_first_lon":-118.1784845147,"segment_second_lat":34.0405371971,"segment_second_lon":-118.1796893087,"segment_sequence":200006,"segment_id":10,"segment_len_meter":111.01163854009607,"segment_cum_len":9445.460750562088,"stop_segment_distance":14.87058801414264}
{"route_id":"733","stop_id":"15292","stop_lat":34.018814,"stop_lon":-118.407206,"stop_sequence":27,"segment_first_lat":34.0187104537,"segment_first_lon":-118.4071215542,"segment_second_lat":34.0184641463,"segment_second_lon":-118.4075576037,"segment_sequence":270001,"segment_id":14,"segment_len_meter":48.63343888559743,"segment_cum_len":20359.555182868105,"stop_segment_distance":15.894839730623218}
{"route_id":"780","stop_id":"2476","stop_lat":34.101513,"stop_lon":-118.325355,"stop_sequence":13,"segment_first_lat":34.1016300729,"segment_first_lon":-118.3266598555,"segment_second_lat":34.1016385394,"segment_second_lon":-118.3253551031,"segment_sequence":120014,"segment_id":6,"segment_len_meter":120.13789166923665,"segment_cum_len":11297.492454441,"stop_segment_distance":14.668446408182277}
{"route_id":"81","stop_id":"13469","stop_lat":33.930725,"stop_lon":-118.28274,"stop_sequence":98,"segment_first_lat":33.9307250436,"segment_first_lon":-118.2825899983,"segment_second_lat":33.9297935185,"segment_second_lon":-118.2825918013,"segment_sequence":980001,"segment_id":49,"segment_len_meter":103.58099873311714,"segment_cum_len":31487.049841953325,"stop_segment_distance":14.732725486201772}
{"route_id":"83","stop_id":"16873","stop_lat":34.120976,"stop_lon":-118.204943,"stop_sequence":7,"segment_first_lat":34.1214758658,"segment_first_lon":-118.2068770089,"segment_second_lat":34.121100836,"segment_second_lon":-118.2049092018,"segment_sequence":60003,"segment_id":3,"segment_len_meter":185.88057096015118,"segment_cum_len":1655.3776635624477,"stop_segment_distance":14.851186634614493}
{"route_id":"96","stop_id":"18086","stop_lat":34.117132,"stop_lon":-118.272005,"stop_sequence":22,"segment_first_lat":34.1171955473,"segment_first_lon":-118.2719151481,"segment_second_lat":34.1169866413,"segment_second_lon":-118.2717007092,"segment_sequence":220001,"segment_id":11,"segment_len_meter":30.484347682543554,"segment_cum_len":11806.476531487318,"stop_segment_distance":12.735373768389817}
