{"route_id":"10","stop_id":"11701","stop_lat":34.083842,"stop_lon":-118.368903,"stop_sequence":61,"segment_first_lat":34.0837297044,"segment_first_lon":-118.3679940028,"segment_second_lat":34.0837154036,"segment_second_lon":-118.3688988389,"segment_sequence":600004,"segment_id":30,"segment_len_meter":83.34497961878805,"segment_cum_len":16775.235935509223,"stop_segment_distance":15.376211015722632}
{"route_id":"102","stop_id":"142006","stop_lat":33.969024,"stop_lon":-118.222486,"stop_sequence":88,"segment_first_lat":33.9697166532,"segment_first_lon":-118.2224019878,"segment_second_lat":33.9690241975,"segment_second_lon":-118.222400149,"segment_sequence":870004,"segment_id":44,"segment_len_meter":76.99774748751862,"segment_cum_len":28859.835074486396,"stop_segment_distance":8.327523215323723}
{"route_id":"111","stop_id":"1990","stop_lat":33.961346,"stop_lon":-118.145388,"stop_sequence":69,"segment_first_lat":33.9614493617,"segment_first_lon":-118.1453029003,"segment_second_lat":33.9609020212,"segment_second_lon":-118.1443617793,"segment_sequence":690001,"segment_id":35,"segment_len_meter":106.0083975675162,"segment_cum_len":25865.15926435268,"stop_segment_distance":14.656051422748831}
{"route_id":"115","stop_id":"10096","stop_lat":33.960007,"stop_lon":-118.265391,"stop_sequence":45,"segment_first_lat":33.9601360774,"segment_first_lon":-118.2665586814,"segment_second_lat":33.9601430479,"segment_second_lon":-118.265391329,"segment_sequence":440004,"segment_id":22,"segment_len_meter":107.66537610987494,"segment_cum_len":12330.058075352097,"stop_segment_distance":16.107725317140805}
{"route_id":"125","stop_id":"12390","stop_lat":33.900645,"stop_lon":-118.215971,"stop_sequence":56,"segment_first_lat":33.8983393926,"segment_first_lon":-118.2159285895,"segment_second_lat":33.9006393176,"segment_second_lon":-118.2160900538,"segment_sequence":550002,"segment_id":28,"segment_len_meter":256.1738024873365,"segment_cum_len":20980.70802243577,"stop_segment_distance":11.233842716631955}
{"route_id":"128","stop_id":"17229","stop_lat":33.887759,"stop_lon":-118.106112,"stop_sequence":18,"segment_first_lat":33.8876307701,"segment_first_lon":-118.106126546,"segment_second_lat":33.8877706904,"segment_second_lon":-118.1079204186,"segment_sequence":180001,"segment_id":9,"segment_len_meter":166.31536731732982,"segment_cum_len":9549.146097691812,"stop_segment_distance":14.939892391020948}
{"route_id":"128","stop_id":"17234","stop_lat":33.889437,"stop_lon":-118.134305,"stop_sequence":24,"segment_first_lat":33.8893063194,"segment_first_lon":-118.1343044404,"segment_second_lat":33.8892973722,"segment_second_lon":-118.1361561446,"segment_sequence":240001,"segment_id":12,"segment_len_meter":170.92395814865355,"segment_cum_len":12185.365006841685,"stop_segment_distance":15.180356011713684}
{"route_id":"152","stop_id":"12995","stop_lat":34.220137,"stop_lon":-118.584013,"stop_sequence":73,"segment_first_lat":34.2200424274,"segment_first_lon":-118.5819481757,"segment_second_lat":34.2200096917,"segment_second_lon":-118.5840088162,"segment_sequence":720002,"segment_id":36,"segment_len_meter":189.50119863010704,"segment_cum_len":29347.010064610815,"stop_segment_distance":14.80185875605801}
{"route_id":"152","stop_id":"13007","stop_lat":34.221757,"stop_lon":-118.440274,"stop_sequence":41,"segment_first_lat":34.2216302141,"segment_first_lon":-118.4394858262,"segment_second_lat":34.2216295504,"segment_second_lon":-118.4402731305,"segment_sequence":400002,"segment_id":20,"segment_len_meter":72.38759964085205,"segment_cum_len":16082.274608507343,"stop_segment_distance":15.610412045095572}
{"route_id":"152","stop_id":"15563","stop_lat":34.186983,"stop_lon":-118.370135,"stop_sequence":10,"segment_first_lat":34.1867080061,"segment_first_lon":-118.3702861507,"segment_second_lat":34.1869828055,"segment_second_lon":-118.3702827396,"segment_sequence":90005,"segment_id":5,"segment_len_meter":30.557909948186854,"segment_cum_len":3621.4294833465888,"stop_segment_distance":16.62164741927345}
{"route_id":"154","stop_id":"30003","stop_lat":34.179294,"stop_lon":-118.312829,"stop_sequence":1,"segment_first_lat":34.1793199747,"segment_first_lon":-118.3127983535,"segment_second_lat":34.1786427325,"segment_second_lon":-118.3119041092,"segment_sequence":10001,"segment_id":1,"segment_len_meter":111.52555997850618,"segment_cum_len":111.52555997850618,"stop_segment_distance":4.238091039308657}
{"route_id":"158","stop_id":"16837","stop_lat":34.161548,"stop_lon":-118.431035,"stop_sequence":8,"segment_first_lat":34.1615471032,"segment_first_lon":-118.4311853711,"segment_second_lat":34.1647676291,"segment_second_lon":-118.4311874455,"segment_sequence":80001,"segment_id":4,"segment_len_meter":358.106192068555,"segment_cum_len":3562.7216738984644,"stop_segment_distance":14.010751285292258}
{"route_id":"163","stop_id":"6191","stop_lat":34.201044,"stop_lon":-118.500799,"stop_sequence":34,"segment_first_lat":34.2011687945,"segment_first_lon":-118.500796678,"segment_second_lat":34.2011624205,"segment_second_lon":-118.5000124992,"segment_sequence":340001,"segment_id":17,"segment_len_meter":72.12118570581411,"segment_cum_len":12147.294966294974,"stop_segment_distance":15.277085691536683}
{"route_id":"165","stop_id":"6871","stop_lat":34.193843,"stop_lon":-118.366075,"stop_sequence":67,"segment_first_lat":34.1939696864,"segment_first_lon":-118.3670048191,"segment_second_lat":34.1939703039,"segment_second_lon":-118.3660755799,"segment_sequence":660003,"segment_id":33,"segment_len_meter":85.46563316177648,"segment_cum_len":26015.356060128837,"stop_segment_distance":15.361467558310622}
{"route_id":"166","stop_id":"4145","stop_lat":34.235678,"stop_lon":-118.434637,"stop_sequence":50,"segment_first_lat":34.2352523832,"segment_first_lon":-118.4354516215,"segment_second_lat":34.2357748601,"segment_second_lon":-118.4347353933,"segment_sequence":490003,"segment_id":25,"segment_len_meter":87.80869890092929,"segment_cum_len":21055.368310286376,"stop_segment_distance":14.843986302849302}
{"route_id":"176","stop_id":"16125","stop_lat":34.095888,"stop_lon":-118.103694,"stop_sequence":59,"segment_first_lat":34.095771551,"segment_first_lon":-118.1037608468,"segment_second_lat":34.0962911334,"segment_second_lon":-118.1050780783,"segment_sequence":590001,"segment_id":30,"segment_len_meter":134.34845183031916,"segment_cum_len":23485.17755961683,"stop_segment_distance":15.088599845099822}
{"route_id":"204","stop_id":"3974","stop_lat":34.078913,"stop_lon":-118.291543,"stop_sequence":56,"segment_first_lat":34.0777278475,"segment_first_lon":-118.2916875239,"segment_second_lat":34.0789121646,"segment_second_lon":-118.2916946262,"segment_sequence":550003,"segment_id":28,"segment_len_meter":131.69167759186374,"segment_cum_len":17228.01117395793,"stop_segment_distance":14.726711595046055}
{"route_id":"205","stop_id":"30007","stop_lat":33.927643,"stop_lon":-118.237701,"stop_sequence":131,"segment_first_lat":33.9291168383,"segment_first_lon":-118.23840065,"segment_second_lat":33.927646842,"segment_second_lon":-118.2376534619,"segment_sequence":1310011,"segment_id":66,"segment_len_meter":177.3986178754202,"segment_cum_len":48432.16265815103,"stop_segment_distance":3.146266507004782}
{"route_id":"206","stop_id":"12292","stop_lat":34.076514,"stop_lon":-118.300514,"stop_sequence":15,"segment_first_lat":34.07765976,"segment_first_lon":-118.3004086723,"segment_second_lat":34.0765139266,"segment_second_lon":-118.3003963012,"segment_sequence":140003,"segment_id":7,"segment_len_meter":127.41595534756978,"segment_cum_len":4321.847989067735,"stop_segment_distance":11.195789624509885}
{"route_id":"207","stop_id":"3993","stop_lat":34.088778,"stop_lon":-118.308999,"stop_sequence":55,"segment_first_lat":34.088777596,"segment_first_lon":-118.3091513401,"segment_second_lat":34.0895662294,"segment_second_lon":-118.3091542555,"segment_sequence":550001,"segment_id":28,"segment_len_meter":87.69244403240118,"segment_cum_len":19903.481930067443,"stop_segment_distance":15.141914294795612}
{"route_id":"207","stop_id":"5769","stop_lat":33.959667,"stop_lon":-118.308823,"stop_sequence":12,"segment_first_lat":33.959073138,"segment_first_lon":-118.3089759877,"segment_second_lat":33.9596694285,"segment_second_lon":-118.3089739004,"segment_sequence":110005,"segment_id":6,"segment_len_meter":66.3047578725483,"segment_cum_len":5459.170393604056,"stop_segment_distance":15.140259832061503}
{"route_id":"210","stop_id":"9453","stop_lat":34.059307,"stop_lon":-118.320588,"stop_sequence":26,"segment_first_lat":34.0612621451,"segment_first_lon":-118.3193439001,"segment_second_lat":34.059256291,"segment_second_lon":-118.3204492061,"segment_sequence":250001,"segment_id":13,"segment_len_meter":245.18262473699497,"segment_cum_len":7968.80181165145,"stop_segment_distance":14.551632738683963}
{"route_id":"211","stop_id":"12879","stop_lat":33.877043,"stop_lon":-118.343967,"stop_sequence":58,"segment_first_lat":33.8770434471,"segment_first_lon":-118.3438137918,"segment_second_lat":33.8766697508,"segment_second_lon":-118.3438102827,"segment_sequence":580001,"segment_id":29,"segment_len_meter":41.55439544049043,"segment_cum_len":20904.777271282215,"stop_segment_distance":16.54241119972032}
{"route_id":"212","stop_id":"12135","stop_lat":34.078491,"stop_lon":-118.344201,"stop_sequence":16,"segment_first_lat":34.0802774876,"segment_first_lon":-118.3440495208,"segment_second_lat":34.0784913697,"segment_second_lon":-118.3440481178,"segment_sequence":150002,"segment_id":8,"segment_len_meter":198.60729090294112,"segment_cum_len":4631.403733492099,"stop_segment_distance":14.610786595745623}
{"route_id":"234","stop_id":"12263","stop_lat":34.288825,"stop_lon":-118.433977,"stop_sequence":23,"segment_first_lat":34.2887298823,"segment_first_lon":-118.4338777567,"segment_second_lat":34.288074868,"segment_second_lon":-118.4347738538,"segment_sequence":230001,"segment_id":12,"segment_len_meter":109.91922308396786,"segment_cum_len":8195.494140848301,"stop_segment_distance":15.025406159872304}
{"route_id":"236","stop_id":"339","stop_lat":34.1603,"stop_lon":-118.500935,"stop_sequence":1,"segment_first_lat":34.1603021248,"segment_first_lon":-118.5010875842,"segment_second_lat":34.160714344,"segment_second_lon":-118.5010794783,"segment_sequence":10001,"segment_id":1,"segment_len_meter":45.84275110670716,"segment_cum_len":45.84275110670716,"stop_segment_distance":16.150985027800253}
{"route_id":"237","stop_id":"9138","stop_lat":34.124128,"stop_lon":-118.342234,"stop_sequence":11,"segment_first_lat":34.1236920995,"segment_first_lon":-118.3418227969,"segment_second_lat":34.1240779393,"segment_second_lon":-118.342295215,"segment_sequence":100020,"segment_id":5,"segment_len_meter":61.088038546553456,"segment_cum_len":4457.718968998205,"stop_segment_distance":8.331042592431679}
{"route_id":"246","stop_id":"25400201","stop_lat":33.871332,"stop_lon":-118.275803,"stop_sequence":64,"segment_first_lat":33.8712340728,"segment_first_lon":-118.2757958774,"segment_second_lat":33.8711753614,"segment_second_lon":-118.2771927418,"segment_sequence":640001,"segment_id":32,"segment_len_meter":129.12967905210164,"segment_cum_len":22151.898370309096,"stop_segment_distance":11.262843129176872}
{"route_id":"256","stop_id":"11067","stop_lat":34.08623,"stop_lon":-118.17877,"stop_sequence":38,"segment_first_lat":34.0861081817,"segment_first_lon":-118.1786986743,"segment_second_lat":34.085833199,"segment_second_lon":-118.1793870129,"segment_sequence":380001,"segment_id":19,"segment_len_meter":70.37919569714632,"segment_cum_len":11157.990611165173,"stop_segment_distance":16.615616695710216}
{"route_id":"256","stop_id":"3340","stop_lat":34.14984,"stop_lon":-118.113012,"stop_sequence":98,"segment_first_lat":34.1498398082,"segment_first_lon":-118.1131620369,"segment_second_lat":34.1507053912,"segment_second_lon":-118.1131582513,"segment_sequence":980001,"segment_id":49,"segment_len_meter":96.24906859778784,"segment_cum_len":30204.506042093657,"stop_segment_distance":14.721303148072408}
{"route_id":"260","stop_id":"18016","stop_lat":34.164986,"stop_lon":-118.15079,"stop_sequence":8,"segment_first_lat":34.1649864183,"segment_first_lon":-118.1506366341,"segment_second_lat":34.1643791459,"segment_second_lon":-118.1506305807,"segment_sequence":80001,"segment_id":4,"segment_len_meter":67.52790676567741,"segment_cum_len":2121.772918216192,"stop_segment_distance":15.637438188571451}
{"route_id":"265","stop_id":"8282","stop_lat":34.002378,"stop_lon":-118.08655,"stop_sequence":59,"segment_first_lat":34.0027517859,"segment_first_lon":-118.0870617682,"segment_second_lat":34.0024999542,"segment_second_lon":-118.0864758758,"segment_sequence":580003,"segment_id":29,"segment_len_meter":60.836446031904956,"segment_cum_len":24385.585488788947,"stop_segment_distance":17.221722092479908}
{"route_id":"267","stop_id":"1384","stop_lat":34.14101,"stop_lon":-118.130634,"stop_sequence":45,"segment_first_lat":34.1409232187,"segment_first_lon":-118.1293484026,"segment_second_lat":34.1409193626,"segment_second_lon":-118.1306346218,"segment_sequence":440003,"segment_id":22,"segment_len_meter":118.37353682925314,"segment_cum_len":15770.19487285825,"stop_segment_distance":10.41336945137428}
{"route_id":"267","stop_id":"30020","stop_lat":34.072197,"stop_lon":-118.045125,"stop_sequence":1,"segment_first_lat":34.0724714455,"segment_first_lon":-118.0451053849,"segment_second_lat":34.0724717255,"segment_second_lon":-118.0443492075,"segment_sequence":10001,"segment_id":1,"segment_len_meter":69.64852007403212,"segment_cum_len":69.64852007403212,"stop_segment_distance":38.63315221719145}
{"route_id":"268","stop_id":"16519","stop_lat":34.16892,"stop_lon":-118.154034,"stop_sequence":76,"segment_first_lat":34.1688184449,"segment_first_lon":-118.1540337404,"segment_second_lat":34.1688148867,"segment_second_lon":-118.1544535827,"segment_sequence":760001,"segment_id":38,"segment_len_meter":38.62800761156835,"segment_cum_len":28644.47231577593,"stop_segment_distance":12.997183471034504}
{"route_id":"33","stop_id":"6909","stop_lat":33.992336,"stop_lon":-118.455618,"stop_sequence":8,"segment_first_lat":33.9922101388,"segment_first_lon":-118.4561553003,"segment_second_lat":33.9924432405,"segment_second_lon":-118.4556973547,"segment_sequence":70004,"segment_id":4,"segment_len_meter":49.5410129930606,"segment_cum_len":2513.7570127613417,"stop_segment_distance":15.923419453394068}
{"route_id":"344","stop_id":"7508","stop_lat":33.872818,"stop_lon":-118.299283,"stop_sequence":40,"segment_first_lat":33.872889182,"segment_first_lon":-118.3026628733,"segment_second_lat":33.8729448777,"segment_second_lon":-118.2992864763,"segment_sequence":390007,"segment_id":20,"segment_len_meter":311.7787922520267,"segment_cum_len":24231.204904226073,"stop_segment_distance":14.47183388802381}
{"route_id":"40","stop_id":"141021","stop_lat":33.988672,"stop_lon":-118.330963,"stop_sequence":46,"segment_first_lat":33.9886729092,"segment_first_lon":-118.3308124138,"segment_second_lat":33.9881535629,"segment_second_lon":-118.3308123411,"segment_sequence":460001,"segment_id":23,"segment_len_meter":57.74867412010887,"segment_cum_len":17088.074764662917,"stop_segment_distance":15.43272578449539}
{"route_id":"53","stop_id":"3440","stop_lat":33.902638,"stop_lon":-118.253326,"stop_sequence":11,"segment_first_lat":33.9021575508,"segment_first_lon":-118.2533212664,"segment_second_lat":33.9026023836,"segment_second_lon":-118.2534722222,"segment_sequence":100006,"segment_id":5,"segment_len_meter":51.387724840271694,"segment_cum_len":4732.575562936433,"stop_segment_distance":16.101593697731765}
{"route_id":"53","stop_id":"3691","stop_lat":34.0246,"stop_lon":-118.250167,"stop_sequence":63,"segment_first_lat":34.0246944635,"segment_first_lon":-118.2503167042,"segment_second_lat":34.0251613682,"segment_second_lon":-118.2498983116,"segment_sequence":630001,"segment_id":32,"segment_len_meter":64.66952402368406,"segment_cum_len":20859.932347592687,"stop_segment_distance":19.823664123063708}
{"route_id":"534","stop_id":"1227","stop_lat":34.033177,"stop_lon":-118.743494,"stop_sequence":29,"segment_first_lat":34.0330430654,"segment_first_lon":-118.7434555459,"segment_second_lat":34.0328951313,"segment_second_lon":-118.7441846575,"segment_sequence":290001,"segment_id":15,"segment_len_meter":69.17127103815758,"segment_cum_len":26867.19293934685,"stop_segment_distance":17.07968750833338}
{"route_id":"602","stop_id":"3277","stop_lat":34.068997,"stop_lon":-118.459747,"stop_sequence":47,"segment_first_lat":34.0690729794,"segment_first_lon":-118.4597569042,"segment_second_lat":34.0690856956,"segment_second_lon":-118.4595925352,"segment_sequence":470001,"segment_id":24,"segment_len_meter":15.205870285575621,"segment_cum_len":14351.574978817569,"stop_segment_distance":10.603520598243811}
{"route_id":"611","stop_id":"14313","stop_lat":33.963842,"stop_lon":-118.213169,"stop_sequence":12,"segment_first_lat":33.9636213553,"segment_first_lon":-118.2120307058,"segment_second_lat":33.9637429738,"segment_second_lon":-118.2131852458,"segment_sequence":110003,"segment_id":6,"segment_len_meter":107.33184118079294,"segment_cum_len":4281.437719427847,"stop_segment_distance":11.587892528085447}
{"route_id":"62","stop_id":"6497","stop_lat":34.015039,"stop_lon":-118.168923,"stop_sequence":29,"segment_first_lat":34.0151287866,"segment_first_lon":-118.1688651146,"segment_second_lat":34.0148883009,"segment_second_lon":-118.16830927,"segment_sequence":290001,"segment_id":15,"segment_len_meter":57.790322005276316,"segment_cum_len":12571.134273899737,"stop_segment_distance":12.526017052390493}
{"route_id":"76","stop_id":"15066","stop_lat":34.081367,"stop_lon":-118.061299,"stop_sequence":9,"segment_first_lat":34.0812420936,"segment_first_lon":-118.0612917012,"segment_second_lat":34.0811530595,"segment_second_lon":-118.0644656002,"segment_sequence":90001,"segment_id":5,"segment_len_meter":292.4727897727799,"segment_cum_len":3352.2948929874606,"stop_segment_distance":14.033853187825969}
{"route_id":"78","stop_id":"2848","stop_lat":34.105341,"stop_lon":-118.069139,"stop_sequence":71,"segment_first_lat":34.105466862,"segment_first_lon":-118.0691880417,"segment_second_lat":34.1055445271,"segment_second_lon":-118.0688812208,"segment_sequence":710001,"segment_id":36,"segment_len_meter":29.53959956858257,"segment_cum_len":22356.349190765144,"stop_segment_distance":17.960218240951985}
{"route_id":"81","stop_id":"9315","stop_lat":34.139838,"stop_lon":-118.218777,"stop_sequence":4,"segment_first_lat":34.1399608098,"segment_first_lon":-118.2187432257,"segment_second_lat":34.1397061064,"segment_second_lon":-118.21735853,"segment_sequence":40001,"segment_id":2,"segment_len_meter":130.54653398285606,"segment_cum_len":1001.424788934375,"stop_segment_distance":14.825591122723694}
{"route_id":"83","stop_id":"11909","stop_lat":34.06052,"stop_lon":-118.239379,"stop_sequence":45,"segment_first_lat":34.061398042,"segment_first_lon":-118.238764412,"segment_second_lat":34.0604707918,"segment_second_lon":-118.2392411609,"segment_sequence":440003,"segment_id":22,"segment_len_meter":112.0691265859062,"segment_cum_len":12827.776501030474,"stop_segment_distance":14.61830269201684}
{"route_id":"90","stop_id":"10557","stop_lat":34.237687,"stop_lon":-118.261969,"stop_sequence":25,"segment_first_lat":34.239083835,"segment_first_lon":-118.2639620367,"segment_second_lat":34.2377886176,"segment_second_lon":-118.2618768094,"segment_sequence":240002,"segment_id":12,"segment_len_meter":239.7610255262948,"segment_cum_len":6635.086741550831,"stop_segment_distance":14.552105376743441}
{"route_id":"901","stop_id":"15608","stop_lat":34.236129,"stop_lon":-118.597194,"stop_sequence":16,"segment_first_lat":34.2361283965,"segment_first_lon":-118.5972468554,"segment_second_lat":34.2381590208,"segment_second_lon":-118.597264692,"segment_sequence":160002,"segment_id":8,"segment_len_meter":225.80107336378754,"segment_cum_len":26846.081649676253,"stop_segment_distance":4.879804004720256}
{"route_id":"92","stop_id":"4745","stop_lat":34.126858,"stop_lon":-118.254736,"stop_sequence":39,"segment_first_lat":34.1268579218,"segment_first_lon":-118.2548870925,"segment_second_lat":34.1275805934,"segment_second_lon":-118.2548965654,"segment_sequence":390001,"segment_id":20,"segment_len_meter":80.36214609865192,"segment_cum_len":11867.396851455285,"stop_segment_distance":15.242143441449286}
{"route_id":"94","stop_id":"30015","stop_lat":34.293471,"stop_lon":-118.45085,"stop_sequence":1,"segment_first_lat":34.2934632292,"segment_first_lon":-118.4507788433,"segment_second_lat":34.2934296883,"segment_second_lon":-118.4507832973,"segment_sequence":10001,"segment_id":1,"segment_len_meter":3.751955384428228,"segment_cum_len":3.751955384428228,"stop_segment_distance":10.500033860065148}
