{"route_id":"10","stop_id":"16373","stop_lat":34.068242,"stop_lon":-118.260666,"stop_sequence":19,"segment_first_lat":34.0677562471,"segment_first_lon":-118.2589473199,"segment_second_lat":34.0681176687,"segment_second_lon":-118.2607001096,"segment_sequence":180003,"segment_id":9,"segment_len_meter":166.3778160544573,"segment_cum_len":5843.246870088436,"stop_segment_distance":15.06964574241863}
{"route_id":"102","stop_id":"1832","stop_lat":34.018075,"stop_lon":-118.302657,"stop_sequence":46,"segment_first_lat":34.0182020069,"segment_first_lon":-118.3026570412,"segment_second_lat":34.0181936315,"segment_second_lon":-118.3001787419,"segment_sequence":460001,"segment_id":23,"segment_len_meter":228.41439940320913,"segment_cum_len":15716.339789924457,"stop_segment_distance":14.4975955094514}
{"route_id":"108","stop_id":"4299","stop_lat":33.972825,"stop_lon":-118.113211,"stop_sequence":86,"segment_first_lat":33.9730946935,"segment_first_lon":-118.1130106091,"segment_second_lat":33.972806116,"segment_second_lon":-118.1130676077,"segment_sequence":850002,"segment_id":43,"segment_len_meter":32.5159774449779,"segment_cum_len":29379.85741170502,"stop_segment_distance":16.097256332414098}
{"route_id":"110","stop_id":"2117","stop_lat":33.981517,"stop_lon":-118.227902,"stop_sequence":61,"segment_first_lat":33.9816449384,"segment_first_lon":-118.2283676919,"segment_second_lat":33.9816438943,"segment_second_lon":-118.2279025989,"segment_sequence":600004,"segment_id":30,"segment_len_meter":42.88391186359382,"segment_cum_len":20968.28619064006,"stop_segment_distance":16.460481704452746}
{"route_id":"111","stop_id":"6354","stop_lat":33.932136,"stop_lon":-118.099413,"stop_sequence":84,"segment_first_lat":33.9328041485,"segment_first_lon":-118.0992655571,"segment_second_lat":33.9321364262,"segment_second_lon":-118.0992621288,"segment_sequence":830013,"segment_id":42,"segment_len_meter":74.24800584548713,"segment_cum_len":31616.836955148203,"stop_segment_distance":15.200944301263718}
{"route_id":"111","stop_id":"7636","stop_lat":33.974455,"stop_lon":-118.304867,"stop_sequence":29,"segment_first_lat":33.9745849081,"segment_first_lon":-118.3056986979,"segment_second_lat":33.9745828894,"segment_second_lon":-118.3048675339,"segment_sequence":280006,"segment_id":14,"segment_len_meter":76.64391059948775,"segment_cum_len":10797.657159618167,"stop_segment_distance":15.618214269773432}
{"route_id":"125","stop_id":"17504","stop_lat":33.903662,"stop_lon":-118.146616,"stop_sequence":70,"segment_first_lat":33.9037851308,"segment_first_lon":-118.1468503234,"segment_second_lat":33.903788709,"segment_second_lon":-118.1466196487,"segment_sequence":690004,"segment_id":35,"segment_len_meter":21.292468039943678,"segment_cum_len":27718.406169734004,"stop_segment_distance":18.396266161351726}
{"route_id":"127","stop_id":"14674","stop_lat":33.896537,"stop_lon":-118.156997,"stop_sequence":25,"segment_first_lat":33.8964367259,"segment_first_lon":-118.1569964099,"segment_second_lat":33.8964379449,"segment_second_lon":-118.1573259276,"segment_sequence":250001,"segment_id":13,"segment_len_meter":30.413800928924502,"segment_cum_len":10356.326181085617,"stop_segment_distance":13.031619284879348}
{"route_id":"130","stop_id":"7106","stop_lat":33.867248,"stop_lon":-118.261471,"stop_sequence":38,"segment_first_lat":33.8671211866,"segment_first_lon":-118.2614669105,"segment_second_lat":33.8670475393,"segment_second_lon":-118.2639898901,"segment_sequence":380001,"segment_id":19,"segment_len_meter":233.08750242735235,"segment_cum_len":19016.932542256476,"stop_segment_distance":14.65016492524444}
{"route_id":"150","stop_id":"6987","stop_lat":34.141069,"stop_lon":-118.387461,"stop_sequence":70,"segment_first_lat":34.141187787,"segment_first_lon":-118.3874067078,"segment_second_lat":34.1403575296,"segment_second_lon":-118.3849497124,"segment_sequence":700001,"segment_id":35,"segment_len_meter":244.24168255663562,"segment_cum_len":24903.082491180725,"stop_segment_distance":14.16365759330671}
{"route_id":"16","stop_id":"1427","stop_lat":34.076047,"stop_lon":-118.379419,"stop_sequence":54,"segment_first_lat":34.0762641336,"segment_first_lon":-118.3794034801,"segment_second_lat":34.0761297589,"segment_second_lon":-118.379317012,"segment_sequence":530025,"segment_id":27,"segment_len_meter":16.931638970701314,"segment_cum_len":15322.321581802109,"stop_segment_distance":20.404616746123082}
{"route_id":"165","stop_id":"11811","stop_lat":34.18346,"stop_lon":-118.315143,"stop_sequence":81,"segment_first_lat":34.1843763716,"segment_first_lon":-118.315542856,"segment_second_lat":34.183488961,"segment_second_lon":-118.3150613855,"segment_sequence":800013,"segment_id":40,"segment_len_meter":108.1586091337604,"segment_cum_len":31308.11508509374,"stop_segment_distance":8.341157182611141}
{"route_id":"169","stop_id":"15096","stop_lat":34.168703,"stop_lon":-118.642698,"stop_sequence":22,"segment_first_lat":34.1684040422,"segment_first_lon":-118.6426392556,"segment_second_lat":34.1686339062,"segment_second_lon":-118.6428202064,"segment_sequence":210007,"segment_id":11,"segment_len_meter":30.503215667395317,"segment_cum_len":9884.89653304167,"stop_segment_distance":16.793301644535582}
{"route_id":"169","stop_id":"6088","stop_lat":34.208352,"stop_lon":-118.474588,"stop_sequence":84,"segment_first_lat":34.2084520442,"segment_first_lon":-118.4749191386,"segment_second_lat":34.2084514186,"segment_second_lon":-118.4745883851,"segment_sequence":830004,"segment_id":42,"segment_len_meter":30.415491133822254,"segment_cum_len":34843.28072504533,"stop_segment_distance":13.058636127045222}
{"route_id":"169","stop_id":"6809","stop_lat":34.221822,"stop_lon":-118.4486,"stop_sequence":94,"segment_first_lat":34.221821534,"segment_first_lon":-118.4487516158,"segment_second_lat":34.2233246253,"segment_second_lon":-118.4487540706,"segment_sequence":940001,"segment_id":47,"segment_len_meter":167.13627923663915,"segment_cum_len":38870.563654816564,"stop_segment_distance":14.48760830477434}
{"route_id":"205","stop_id":"17059","stop_lat":33.870208,"stop_lon":-118.281887,"stop_sequence":81,"segment_first_lat":33.8703098947,"segment_first_lon":-118.2818873192,"segment_second_lat":33.8703105263,"segment_second_lon":-118.2816172021,"segment_sequence":820001,"segment_id":41,"segment_len_meter":24.938735713845695,"segment_cum_len":28789.5788153007,"stop_segment_distance":13.785573146805454}
{"route_id":"205","stop_id":"17551","stop_lat":33.734211,"stop_lon":-118.309599,"stop_sequence":9,"segment_first_lat":33.7342026034,"segment_first_lon":-118.3096891523,"segment_second_lat":33.7342605676,"segment_second_lon":-118.3096946281,"segment_sequence":90001,"segment_id":5,"segment_len_meter":6.4651847346096565,"segment_cum_len":1679.6924025046005,"stop_segment_distance":12.343502477536134}
{"route_id":"210","stop_id":"9433","stop_lat":34.029604,"stop_lon":-118.33525,"stop_sequence":36,"segment_first_lat":34.0311486413,"segment_first_lon":-118.3350979895,"segment_second_lat":34.0296043375,"segment_second_lon":-118.3350977467,"segment_sequence":350004,"segment_id":18,"segment_len_meter":171.71874921590157,"segment_cum_len":11556.295889215764,"stop_segment_distance":14.638404125415292}
{"route_id":"230","stop_id":"2892","stop_lat":34.161393,"stop_lon":-118.396609,"stop_sequence":45,"segment_first_lat":34.1621935486,"segment_first_lon":-118.3964574702,"segment_second_lat":34.1613939148,"segment_second_lon":-118.3964566512,"segment_sequence":440005,"segment_id":22,"segment_len_meter":88.91525366507895,"segment_cum_len":17477.4801372932,"stop_segment_distance":15.204766505590683}
{"route_id":"237","stop_id":"691","stop_lat":34.168774,"stop_lon":-118.405028,"stop_sequence":37,"segment_first_lat":34.1686853083,"segment_first_lon":-118.4052026643,"segment_second_lat":34.1695618829,"segment_second_lon":-118.4052036096,"segment_sequence":370002,"segment_id":19,"segment_len_meter":97.47068714427508,"segment_cum_len":14123.220405465487,"stop_segment_distance":10.469434666853758}
{"route_id":"265","stop_id":"4289","stop_lat":33.914753,"stop_lon":-118.158613,"stop_sequence":25,"segment_first_lat":33.9148190993,"segment_first_lon":-118.158749318,"segment_second_lat":33.9153829135,"segment_second_lon":-118.1583634474,"segment_sequence":250001,"segment_id":13,"segment_len_meter":72.09923008971994,"segment_cum_len":9182.148558685445,"stop_segment_distance":16.201178700393584}
{"route_id":"266","stop_id":"17826","stop_lat":33.910295,"stop_lon":-118.142416,"stop_sequence":20,"segment_first_lat":33.9103386404,"segment_first_lon":-118.1425658611,"segment_second_lat":33.910519814,"segment_second_lon":-118.1424887202,"segment_sequence":200001,"segment_id":10,"segment_len_meter":21.366342177646413,"segment_cum_len":8981.607465577688,"stop_segment_distance":19.173046867410807}
{"route_id":"266","stop_id":"2386","stop_lat":34.01092,"stop_lon":-118.080639,"stop_sequence":46,"segment_first_lat":34.0109524491,"segment_first_lon":-118.0807880756,"segment_second_lat":34.0124069262,"segment_second_lon":-118.0803205896,"segment_sequence":460001,"segment_id":23,"segment_len_meter":167.37210763578273,"segment_cum_len":21799.979590452982,"stop_segment_distance":14.757679205931623}
{"route_id":"267","stop_id":"3685","stop_lat":34.182811,"stop_lon":-118.159525,"stop_sequence":72,"segment_first_lat":34.1818083095,"segment_first_lon":-118.1596653657,"segment_second_lat":34.1828112696,"segment_second_lon":-118.1596758795,"segment_sequence":710003,"segment_id":36,"segment_len_meter":111.52826809048669,"segment_cum_len":23719.621603771415,"stop_segment_distance":14.589791050965815}
{"route_id":"33","stop_id":"6918","stop_lat":34.037529,"stop_lon":-118.373452,"stop_sequence":35,"segment_first_lat":34.0374041332,"segment_first_lon":-118.3739494324,"segment_second_lat":34.0376304656,"segment_second_lon":-118.3735355417,"segment_sequence":340011,"segment_id":17,"segment_len_meter":45.69302038441155,"segment_cum_len":11604.991423071346,"stop_segment_distance":15.85762208377384}
{"route_id":"344","stop_id":"7896","stop_lat":33.748726,"stop_lon":-118.407071,"stop_sequence":1,"segment_first_lat":33.7486952294,"segment_first_lon":-118.4072876665,"segment_second_lat":33.7490793144,"segment_second_lon":-118.4074671568,"segment_sequence":10002,"segment_id":1,"segment_len_meter":45.8191457049752,"segment_cum_len":49.18003980676288,"stop_segment_distance":28.21543354185863}
{"route_id":"40","stop_id":"9939","stop_lat":33.96969,"stop_lon":-118.347672,"stop_sequence":54,"segment_first_lat":33.9697876202,"segment_first_lon":-118.3471608113,"segment_second_lat":33.9695786326,"segment_second_lon":-118.3475946277,"segment_sequence":530003,"segment_id":27,"segment_len_meter":46.26515007711137,"segment_cum_len":20291.0143544313,"stop_segment_distance":16.401027656811188}
{"route_id":"45","stop_id":"14694","stop_lat":34.057309,"stop_lon":-118.240496,"stop_sequence":17,"segment_first_lat":34.0572652513,"segment_first_lon":-118.2404241639,"segment_second_lat":34.0571545924,"segment_second_lon":-118.2405219001,"segment_sequence":170001,"segment_id":9,"segment_len_meter":15.247057453557144,"segment_cum_len":4321.427388987268,"stop_segment_distance":10.300618464205812}
{"route_id":"487","stop_id":"1632","stop_lat":34.161346,"stop_lon":-118.0813,"stop_sequence":52,"segment_first_lat":34.1614580679,"segment_first_lon":-118.082232365,"segment_second_lat":34.1614727104,"segment_second_lon":-118.0813031742,"segment_sequence":510003,"segment_id":26,"segment_len_meter":85.50958422572761,"segment_cum_len":30061.254863175724,"stop_segment_distance":15.269549025674024}
{"route_id":"487","stop_id":"3099","stop_lat":34.078635,"stop_lon":-118.099396,"stop_sequence":6,"segment_first_lat":34.0775745987,"segment_first_lon":-118.0995562546,"segment_second_lat":34.0786352784,"segment_second_lon":-118.0995515729,"segment_sequence":50005,"segment_id":3,"segment_len_meter":117.94298961459384,"segment_cum_len":14033.155729958116,"stop_segment_distance":15.216610563797559}
{"route_id":"487","stop_id":"3896","stop_lat":34.151552,"stop_lon":-118.094022,"stop_sequence":47,"segment_first_lat":34.1508068302,"segment_first_lon":-118.0942031681,"segment_second_lat":34.1515570222,"segment_second_lon":-118.0941732753,"segment_sequence":460004,"segment_id":23,"segment_len_meter":83.46288590729428,"segment_cum_len":27941.500113528913,"stop_segment_distance":14.988233620261028}
{"route_id":"501","stop_id":"1709","stop_lat":34.149597,"stop_lon":-118.149242,"stop_sequence":4,"segment_first_lat":34.1494978388,"segment_first_lon":-118.1492420431,"segment_second_lat":34.1495005805,"segment_second_lon":-118.149691546,"segment_sequence":40001,"segment_id":2,"segment_len_meter":41.36537666028688,"segment_cum_len":1432.9986035906475,"stop_segment_distance":12.395786560896354}
{"route_id":"53","stop_id":"1136","stop_lat":33.923827,"stop_lon":-118.254557,"stop_sequence":17,"segment_first_lat":33.9237271636,"segment_first_lon":-118.2545566378,"segment_second_lat":33.923731534,"segment_second_lon":-118.2556081498,"segment_sequence":170001,"segment_id":9,"segment_len_meter":97.02156055784576,"segment_cum_len":7214.723976215474,"stop_segment_distance":11.645859703363811}
{"route_id":"62","stop_id":"6492","stop_lat":33.948516,"stop_lon":-118.089261,"stop_sequence":45,"segment_first_lat":33.9486307948,"segment_first_lon":-118.0891925561,"segment_second_lat":33.9483762527,"segment_second_lon":-118.0885714232,"segment_sequence":450001,"segment_id":23,"segment_len_meter":63.903605408025896,"segment_cum_len":23207.411910383726,"stop_segment_distance":15.814567824573174}
{"route_id":"68","stop_id":"12411","stop_lat":34.055101,"stop_lon":-118.242543,"stop_sequence":40,"segment_first_lat":34.0560919576,"segment_first_lon":-118.2415026767,"segment_second_lat":34.0550568088,"segment_second_lon":-118.2424759148,"segment_sequence":390009,"segment_id":20,"segment_len_meter":145.90237665216648,"segment_cum_len":15883.239645151114,"stop_segment_distance":8.030436974610154}
{"route_id":"76","stop_id":"6535","stop_lat":34.033195,"stop_lon":-118.264573,"stop_sequence":75,"segment_first_lat":34.0328646001,"segment_first_lon":-118.2649123366,"segment_second_lat":34.0332161677,"segment_second_lon":-118.2646091391,"segment_sequence":740004,"segment_id":37,"segment_len_meter":48.05030241172195,"segment_cum_len":26370.553690526714,"stop_segment_distance":4.2720866991673105}
{"route_id":"780","stop_id":"3055","stop_lat":34.145719,"stop_lon":-118.141105,"stop_sequence":28,"segment_first_lat":34.1458441461,"segment_first_lon":-118.1411052486,"segment_second_lat":34.1458523302,"segment_second_lon":-118.1397369975,"segment_sequence":280001,"segment_id":14,"segment_len_meter":125.9182295191951,"segment_cum_len":32888.058468026335,"stop_segment_distance":14.759519386491732}
{"route_id":"83","stop_id":"142075","stop_lat":34.093398,"stop_lon":-118.211521,"stop_sequence":26,"segment_first_lat":34.0933671684,"segment_first_lon":-118.2114150417,"segment_second_lat":34.0932555244,"segment_second_lon":-118.2114610003,"segment_sequence":260001,"segment_id":13,"segment_len_meter":13.11577432049777,"segment_cum_len":7687.535484507771,"stop_segment_distance":14.004321271704832}
{"route_id":"90","stop_id":"11266","stop_lat":34.214004,"stop_lon":-118.240107,"stop_sequence":34,"segment_first_lat":34.214001711,"segment_first_lon":-118.2399562282,"segment_second_lat":34.2137543994,"segment_second_lon":-118.2399575022,"segment_sequence":340001,"segment_id":17,"segment_len_meter":27.50004473715896,"segment_cum_len":10315.38029068186,"stop_segment_distance":17.338159292238792}
{"route_id":"90","stop_id":"13542","stop_lat":34.138943,"stop_lon":-118.251065,"stop_sequence":65,"segment_first_lat":34.1390311848,"segment_first_lon":-118.2508666747,"segment_second_lat":34.1389005545,"segment_second_lon":-118.2509178363,"segment_sequence":640008,"segment_id":32,"segment_len_meter":15.269539825762532,"segment_cum_len":20259.843077690457,"stop_segment_distance":19.793060231579513}
{"route_id":"92","stop_id":"17119","stop_lat":34.103226,"stop_lon":-118.25906,"stop_sequence":30,"segment_first_lat":34.1016918838,"segment_first_lon":-118.2592274853,"segment_second_lat":34.1032271518,"segment_second_lon":-118.2592134161,"segment_sequence":290004,"segment_id":15,"segment_len_meter":170.7189273965273,"segment_cum_len":8567.68833777706,"stop_segment_distance":14.688617853558526}
{"route_id":"92","stop_id":"2199","stop_lat":34.088661,"stop_lon":-118.25924,"stop_sequence":24,"segment_first_lat":34.0882460204,"segment_first_lon":-118.2594665384,"segment_second_lat":34.0886798057,"segment_second_lon":-118.2593869672,"segment_sequence":230009,"segment_id":12,"segment_len_meter":48.78813846788976,"segment_cum_len":6926.292752755712,"stop_segment_distance":15.546747102220472}
{"route_id":"92","stop_id":"2236","stop_lat":34.22154,"stop_lon":-118.35749,"stop_sequence":89,"segment_first_lat":34.2211261896,"segment_first_lon":-118.3572002264,"segment_second_lat":34.2214489949,"segment_second_lon":-118.3575965823,"segment_sequence":880012,"segment_id":44,"segment_len_meter":51.151334116261864,"segment_cum_len":28516.00367150906,"stop_segment_distance":16.105712189309912}
{"route_id":"94","stop_id":"14214","stop_lat":34.159206,"stop_lon":-118.279874,"stop_sequence":58,"segment_first_lat":34.1595816577,"segment_first_lon":-118.2800667007,"segment_second_lat":34.1592875256,"segment_second_lon":-118.2797576395,"segment_sequence":570011,"segment_id":29,"segment_len_meter":43.339979418048195,"segment_cum_len":24017.69650392301,"stop_segment_distance":16.06738950871339}
