{"route_id":"110","stop_id":"2706","stop_lat":33.988717,"stop_lon":-118.397358,"stop_sequence":2,"segment_first_lat":33.988519787,"segment_first_lon":-118.3979047036,"segment_second_lat":33.9888158513,"segment_second_lon":-118.3974518642,"segment_sequence":10021,"segment_id":1,"segment_len_meter":53.168445323475275,"segment_cum_len":646.0922963361622,"stop_segment_distance":15.789367009466822}
{"route_id":"110","stop_id":"7541","stop_lat":33.976946,"stop_lon":-118.376476,"stop_sequence":10,"segment_first_lat":33.9770765768,"segment_first_lon":-118.3764912169,"segment_second_lat":33.9771421075,"segment_second_lon":-118.3752140609,"segment_sequence":100001,"segment_id":5,"segment_len_meter":117.99126562881666,"segment_cum_len":5108.091331000189,"stop_segment_distance":14.984432907592137}
{"route_id":"115","stop_id":"1920","stop_lat":33.953088,"stop_lon":-118.19615,"stop_sequence":64,"segment_first_lat":33.9532135655,"segment_first_lon":-118.1961330299,"segment_second_lat":33.9531200985,"segment_second_lon":-118.1951412869,"segment_sequence":640001,"segment_id":32,"segment_len_meter":92.06250118218775,"segment_cum_len":18976.09676445628,"stop_segment_distance":15.094936412355821}
{"route_id":"115","stop_id":"7813","stop_lat":33.95994,"stop_lon":-118.287201,"stop_sequence":39,"segment_first_lat":33.9600644944,"segment_first_lon":-118.2881317861,"segment_second_lat":33.9600667121,"segment_second_lon":-118.2872018516,"segment_sequence":380005,"segment_id":19,"segment_len_meter":85.76643531315376,"segment_cum_len":10318.38257552234,"stop_segment_distance":15.27720833491793}
{"route_id":"154","stop_id":"4738","stop_lat":34.177759,"stop_lon":-118.318324,"stop_sequence":5,"segment_first_lat":34.1777070135,"segment_first_lon":-118.3184661889,"segment_second_lat":34.1779932214,"segment_second_lon":-118.3186167235,"segment_sequence":50001,"segment_id":3,"segment_len_meter":34.70714343406879,"segment_cum_len":2242.986243495555,"stop_segment_distance":17.05567548747679}
{"route_id":"164","stop_id":"7137","stop_lat":34.186819,"stop_lon":-118.387617,"stop_sequence":26,"segment_first_lat":34.1866904315,"segment_first_lon":-118.3864455434,"segment_second_lat":34.1866916322,"segment_second_lon":-118.3876160942,"segment_sequence":250003,"segment_id":13,"segment_len_meter":107.6693110991565,"segment_cum_len":9175.884971131612,"stop_segment_distance":15.190292819998959}
{"route_id":"166","stop_id":"9625","stop_lat":34.256385,"stop_lon":-118.389819,"stop_sequence":65,"segment_first_lat":34.2561231916,"segment_first_lon":-118.3901690682,"segment_second_lat":34.256411637,"segment_second_lon":-118.3898537083,"segment_sequence":640007,"segment_id":32,"segment_len_meter":43.229117557667465,"segment_cum_len":27496.413854502982,"stop_segment_distance":4.512950032972498}
{"route_id":"180","stop_id":"1290","stop_lat":34.146102,"stop_lon":-118.239796,"stop_sequence":42,"segment_first_lat":34.1462467806,"segment_first_lon":-118.2415847309,"segment_second_lat":34.1462280892,"segment_second_lon":-118.2397933621,"segment_sequence":410001,"segment_id":21,"segment_len_meter":164.86519425336286,"segment_cum_len":12353.621961362553,"stop_segment_distance":14.552211811744343}
{"route_id":"180","stop_id":"1293","stop_lat":34.146189,"stop_lon":-118.252395,"stop_sequence":37,"segment_first_lat":34.1463145497,"segment_first_lon":-118.2523956239,"segment_second_lat":34.1463258347,"segment_second_lon":-118.2513314436,"segment_sequence":370001,"segment_id":19,"segment_len_meter":97.93995448574957,"segment_cum_len":11291.485237050145,"stop_segment_distance":15.07083356391908}
{"route_id":"2","stop_id":"8060","stop_lat":34.097968,"stop_lon":-118.31376,"stop_sequence":49,"segment_first_lat":34.0980942122,"segment_first_lon":-118.3139719951,"segment_second_lat":34.0980947614,"segment_second_lon":-118.3137605979,"segment_sequence":480010,"segment_id":24,"segment_len_meter":19.46516552324323,"segment_cum_len":15338.223470565252,"stop_segment_distance":18.671658343682722}
{"route_id":"201","stop_id":"15878","stop_lat":34.146962,"stop_lon":-118.261153,"stop_sequence":14,"segment_first_lat":34.1468423529,"segment_first_lon":-118.2604581971,"segment_second_lat":34.1468364591,"segment_second_lon":-118.261152236,"segment_sequence":130002,"segment_id":7,"segment_len_meter":63.87237125117669,"segment_cum_len":3369.2731721543473,"stop_segment_distance":15.396049157887973}
{"route_id":"205","stop_id":"17570","stop_lat":33.74342,"stop_lon":-118.301864,"stop_sequence":32,"segment_first_lat":33.7433477889,"segment_first_lon":-118.3009230653,"segment_second_lat":33.7433479055,"segment_second_lon":-118.3018637649,"segment_sequence":310005,"segment_id":16,"segment_len_meter":86.97931949324241,"segment_cum_len":7518.406734016392,"stop_segment_distance":8.408016926717707}
{"route_id":"206","stop_id":"13783","stop_lat":33.960208,"stop_lon":-118.300367,"stop_sequence":56,"segment_first_lat":33.9608455577,"segment_first_lon":-118.3002502176,"segment_second_lat":33.9602080605,"segment_second_lon":-118.3002479323,"segment_sequence":550008,"segment_id":28,"segment_len_meter":70.8867677282961,"segment_cum_len":17299.895211213494,"stop_segment_distance":11.801283608284862}
{"route_id":"211","stop_id":"12862","stop_lat":33.952455,"stop_lon":-118.344078,"stop_sequence":37,"segment_first_lat":33.9524556613,"segment_first_lon":-118.343933723,"segment_second_lat":33.9492786155,"segment_second_lon":-118.3439236463,"segment_sequence":370001,"segment_id":19,"segment_len_meter":353.27259737150354,"segment_cum_len":12830.951725723824,"stop_segment_distance":13.519862942045961}
{"route_id":"232","stop_id":"23200068","stop_lat":33.782751,"stop_lon":-118.20077,"stop_sequence":13,"segment_first_lat":33.7826160553,"segment_first_lon":-118.1993650047,"segment_second_lat":33.782626085,"segment_second_lon":-118.2007701527,"segment_sequence":120002,"segment_id":6,"segment_len_meter":129.86858847375984,"segment_cum_len":3370.525326611072,"stop_segment_distance":14.735034169313906}
{"route_id":"233","stop_id":"6810","stop_lat":34.265671,"stop_lon":-118.422437,"stop_sequence":43,"segment_first_lat":34.2657692819,"segment_first_lon":-118.4225392762,"segment_second_lat":34.2660898953,"segment_second_lon":-118.4220854744,"segment_sequence":430001,"segment_id":22,"segment_len_meter":54.863809371742676,"segment_cum_len":14057.19271616358,"stop_segment_distance":16.234735352242765}
{"route_id":"233","stop_id":"6822","stop_lat":34.198353,"stop_lon":-118.448541,"stop_sequence":17,"segment_first_lat":34.1975798086,"segment_first_lon":-118.4486884998,"segment_second_lat":34.1983519527,"segment_second_lon":-118.448692648,"segment_sequence":160003,"segment_id":8,"segment_len_meter":85.85935415803974,"segment_cum_len":5337.074239799248,"stop_segment_distance":15.12662884904536}
{"route_id":"239","stop_id":"20021","stop_lat":34.275968,"stop_lon":-118.510762,"stop_sequence":39,"segment_first_lat":34.2759672196,"segment_first_lon":-118.510881532,"segment_second_lat":34.2775143212,"segment_second_lon":-118.5108741222,"segment_sequence":390001,"segment_id":20,"segment_len_meter":172.03119618367663,"segment_cum_len":15514.547888534686,"stop_segment_distance":11.203679400359988}
{"route_id":"239","stop_id":"8268","stop_lat":34.193677,"stop_lon":-118.51842,"stop_sequence":12,"segment_first_lat":34.19265648,"segment_first_lon":-118.518566081,"segment_second_lat":34.1936759152,"segment_second_lon":-118.5185750558,"segment_sequence":110002,"segment_id":6,"segment_len_meter":113.3590277029992,"segment_cum_len":3858.999518601661,"stop_segment_distance":15.171874838179363}
{"route_id":"256","stop_id":"3455","stop_lat":34.059367,"stop_lon":-118.172638,"stop_sequence":23,"segment_first_lat":34.0589881424,"segment_first_lon":-118.1726272874,"segment_second_lat":34.0593267459,"segment_second_lon":-118.1727729251,"segment_sequence":220005,"segment_id":11,"segment_len_meter":39.96989039703398,"segment_cum_len":5681.488515332552,"stop_segment_distance":15.379448135467243}
{"route_id":"258","stop_id":"10403","stop_lat":34.112013,"stop_lon":-118.150619,"stop_sequence":14,"segment_first_lat":34.1120131588,"segment_first_lon":-118.1504652066,"segment_second_lat":34.1110459005,"segment_second_lon":-118.1504717249,"segment_sequence":140001,"segment_id":7,"segment_len_meter":107.55588982276706,"segment_cum_len":3948.3249158310255,"stop_segment_distance":14.990763640229744}
{"route_id":"260","stop_id":"13163","stop_lat":34.091315,"stop_lon":-118.134774,"stop_sequence":34,"segment_first_lat":34.0913156651,"segment_first_lon":-118.1346225917,"segment_second_lat":34.0904226212,"segment_second_lon":-118.1346109155,"segment_sequence":340001,"segment_id":17,"segment_len_meter":99.30777185106575,"segment_cum_len":12090.197801378165,"stop_segment_distance":14.992948661435364}
{"route_id":"260","stop_id":"8762","stop_lat":33.907044,"stop_lon":-118.193465,"stop_sequence":89,"segment_first_lat":33.9076439021,"segment_first_lon":-118.1930547473,"segment_second_lat":33.9070037775,"segment_second_lon":-118.1933218619,"segment_sequence":880006,"segment_id":44,"segment_len_meter":75.32630875142779,"segment_cum_len":34712.540913748926,"stop_segment_distance":15.321253771823535}
{"route_id":"28","stop_id":"9064","stop_lat":34.065306,"stop_lon":-118.236999,"stop_sequence":45,"segment_first_lat":34.0652477548,"segment_first_lon":-118.2368372379,"segment_second_lat":34.0646217212,"segment_second_lon":-118.2371524368,"segment_sequence":450001,"segment_id":23,"segment_len_meter":75.42405593956269,"segment_cum_len":14104.715074117028,"stop_segment_distance":18.213050031972926}
{"route_id":"33","stop_id":"5289","stop_lat":34.044037,"stop_lon":-118.251028,"stop_sequence":75,"segment_first_lat":34.0441231912,"segment_first_lon":-118.2511409833,"segment_second_lat":34.0443779527,"segment_second_lon":-118.2508601738,"segment_sequence":750001,"segment_id":38,"segment_len_meter":38.36523663150542,"segment_cum_len":24094.486544834795,"stop_segment_distance":16.729021808850163}
{"route_id":"344","stop_id":"10935","stop_lat":33.765748,"stop_lon":-118.390706,"stop_sequence":11,"segment_first_lat":33.765489231,"segment_first_lon":-118.3908959298,"segment_second_lat":33.7657531557,"segment_second_lon":-118.3908543881,"segment_sequence":100008,"segment_id":5,"segment_len_meter":29.59725512191336,"segment_cum_len":4072.28834795392,"stop_segment_distance":17.8386130248354}
{"route_id":"603","stop_id":"17130","stop_lat":34.072398,"stop_lon":-118.275063,"stop_sequence":38,"segment_first_lat":34.0723510322,"segment_first_lon":-118.2749555575,"segment_second_lat":34.0709695744,"segment_second_lon":-118.2758438877,"segment_sequence":380001,"segment_id":19,"segment_len_meter":174.0434028770045,"segment_cum_len":12259.361957518486,"stop_segment_distance":11.506127856374007}
{"route_id":"66","stop_id":"8648","stop_lat":34.021577,"stop_lon":-118.205086,"stop_sequence":40,"segment_first_lat":34.0216626955,"segment_first_lon":-118.2050307437,"segment_second_lat":34.0215751133,"segment_second_lon":-118.2048249339,"segment_sequence":400001,"segment_id":20,"segment_len_meter":21.32172204346817,"segment_cum_len":12276.1061025565,"stop_segment_distance":13.543725116109563}
{"route_id":"794","stop_id":"3616","stop_lat":34.064267,"stop_lon":-118.238644,"stop_sequence":10,"segment_first_lat":34.0627512173,"segment_first_lon":-118.2395342711,"segment_second_lat":34.0643050335,"segment_second_lon":-118.2387542192,"segment_sequence":90004,"segment_id":5,"segment_len_meter":187.12259210864872,"segment_cum_len":4327.987444047385,"stop_segment_distance":11.315235025810352}
{"route_id":"83","stop_id":"16952","stop_lat":34.048496,"stop_lon":-118.248723,"stop_sequence":49,"segment_first_lat":34.0484444405,"segment_first_lon":-118.2486414507,"segment_second_lat":34.0474031749,"segment_second_lon":-118.2496214258,"segment_sequence":490001,"segment_id":25,"segment_len_meter":146.82537731430352,"segment_cum_len":14658.155055189784,"stop_segment_distance":9.655714483221459}
{"route_id":"90","stop_id":"10606","stop_lat":34.259995,"stop_lon":-118.323173,"stop_sequence":2,"segment_first_lat":34.2608640079,"segment_first_lon":-118.3245844978,"segment_second_lat":34.2601206059,"segment_second_lon":-118.3230807362,"segment_sequence":10001,"segment_id":1,"segment_len_meter":161.03294858641397,"segment_cum_len":161.03294858641397,"stop_segment_distance":17.05924810456392}
{"route_id":"90","stop_id":"2027","stop_lat":34.259515,"stop_lon":-118.304525,"stop_sequence":8,"segment_first_lat":34.2596369795,"segment_first_lon":-118.3045287485,"segment_second_lat":34.2596422168,"segment_second_lon":-118.3043037212,"segment_sequence":80001,"segment_id":4,"segment_len_meter":20.688669627263547,"segment_cum_len":1898.2205454863144,"stop_segment_distance":17.651327172869376}
{"route_id":"92","stop_id":"2205","stop_lat":34.116307,"stop_lon":-118.262345,"stop_sequence":35,"segment_first_lat":34.1163750384,"segment_first_lon":-118.2624658355,"segment_second_lat":34.1166750741,"segment_second_lon":-118.2622275792,"segment_sequence":350001,"segment_id":18,"segment_len_meter":39.92653480518433,"segment_cum_len":10411.512330484666,"stop_segment_distance":15.857667931629493}
