{"route_id":"10","stop_id":"11691","stop_lat":34.083617,"stop_lon":-118.326943,"stop_sequence":47,"segment_first_lat":34.0834897304,"segment_first_lon":-118.3269423747,"segment_second_lat":34.083485722,"segment_second_lon":-118.3277118503,"segment_sequence":470001,"segment_id":24,"segment_len_meter":70.86554175678158,"segment_cum_len":12981.347411108836,"stop_segment_distance":15.581855302486929}
{"route_id":"102","stop_id":"12002","stop_lat":34.018024,"stop_lon":-118.28846,"stop_sequence":51,"segment_first_lat":34.0181554652,"segment_first_lon":-118.288790455,"segment_second_lat":34.0181584525,"segment_second_lon":-118.2884604697,"segment_sequence":500006,"segment_id":25,"segment_len_meter":30.414929861106085,"segment_cum_len":16796.45723678235,"stop_segment_distance":18.31851923212785}
{"route_id":"102","stop_id":"759","stop_lat":33.997241,"stop_lon":-118.25223,"stop_sequence":69,"segment_first_lat":33.9975325118,"segment_first_lon":-118.252105445,"segment_second_lat":33.9972412356,"segment_second_lon":-118.2521068772,"segment_sequence":680007,"segment_id":34,"segment_len_meter":32.38870480306726,"segment_cum_len":22284.628760228465,"stop_segment_distance":13.35003274300545}
{"route_id":"108","stop_id":"16935","stop_lat":33.989073,"stop_lon":-118.238086,"stop_sequence":51,"segment_first_lat":33.9892084521,"segment_first_lon":-118.2389906979,"segment_second_lat":33.9892014523,"segment_second_lon":-118.2380835051,"segment_sequence":500003,"segment_id":25,"segment_len_meter":83.64360941478049,"segment_cum_len":17417.198214930682,"stop_segment_distance":15.400465451761207}
{"route_id":"117","stop_id":"7548","stop_lat":33.945367,"stop_lon":-118.390271,"stop_sequence":3,"segment_first_lat":33.9454878197,"segment_first_lon":-118.3921413887,"segment_second_lat":33.9454938835,"segment_second_lon":-118.3902719585,"segment_sequence":20048,"segment_id":1,"segment_len_meter":172.4448237069823,"segment_cum_len":2008.7816160776486,"stop_segment_distance":14.718567182909197}
{"route_id":"155","stop_id":"10241","stop_lat":34.179713,"stop_lon":-118.304743,"stop_sequence":55,"segment_first_lat":34.1796504521,"segment_first_lon":-118.3046534371,"segment_second_lat":34.1786503927,"segment_second_lon":-118.3056750729,"segment_sequence":550001,"segment_id":28,"segment_len_meter":145.5955157371941,"segment_cum_len":20990.495409748866,"stop_segment_distance":11.174559306098445}
{"route_id":"158","stop_id":"16855","stop_lat":34.205118,"stop_lon":-118.431104,"stop_sequence":20,"segment_first_lat":34.205117493,"segment_first_lon":-118.4312548827,"segment_second_lat":34.2061754325,"segment_second_lon":-118.431255054,"segment_sequence":200001,"segment_id":10,"segment_len_meter":117.637506150919,"segment_cum_len":8167.082528719902,"stop_segment_distance":14.63685439871324}
{"route_id":"164","stop_id":"3043","stop_lat":34.188003,"stop_lon":-118.642562,"stop_sequence":84,"segment_first_lat":34.1869103745,"segment_first_lon":-118.6427670838,"segment_second_lat":34.1880087069,"segment_second_lon":-118.6427179986,"segment_sequence":830001,"segment_id":42,"segment_len_meter":122.212416148391,"segment_cum_len":32953.43806402937,"stop_segment_distance":15.10052869218795}
{"route_id":"167","stop_id":"18202","stop_lat":34.239609,"stop_lon":-118.443481,"stop_sequence":48,"segment_first_lat":34.2396695455,"segment_first_lon":-118.4433458018,"segment_second_lat":34.2390036678,"segment_second_lon":-118.4429124647,"segment_sequence":480001,"segment_id":24,"segment_len_meter":84.07741994099109,"segment_cum_len":20168.508843121235,"stop_segment_distance":15.27398428259852}
{"route_id":"167","stop_id":"18206","stop_lat":34.22799,"stop_lon":-118.434623,"stop_sequence":52,"segment_first_lat":34.2279687363,"segment_first_lon":-118.4344013035,"segment_second_lat":34.2277558335,"segment_second_lon":-118.4347674124,"segment_sequence":520002,"segment_id":26,"segment_len_meter":41.15050249766124,"segment_cum_len":21668.241323821097,"stop_segment_distance":8.595896676660495}
{"route_id":"18","stop_id":"8270","stop_lat":34.019399,"stop_lon":-118.153115,"stop_sequence":60,"segment_first_lat":34.0195373524,"segment_first_lon":-118.1530726138,"segment_second_lat":34.0193966814,"segment_second_lon":-118.1524057575,"segment_sequence":600001,"segment_id":30,"segment_len_meter":63.41915259125673,"segment_cum_len":16897.600292143194,"stop_segment_distance":17.8201001333357}
{"route_id":"180","stop_id":"3055","stop_lat":34.145719,"stop_lon":-118.141105,"stop_sequence":71,"segment_first_lat":34.1458441461,"segment_first_lon":-118.1411052486,"segment_second_lat":34.1458523302,"segment_second_lon":-118.1397369975,"segment_sequence":710001,"segment_id":36,"segment_len_meter":125.9182295191951,"segment_cum_len":22135.101780627083,"stop_segment_distance":14.759519386491732}
{"route_id":"183","stop_id":"20155","stop_lat":34.174531,"stop_lon":-118.32667,"stop_sequence":39,"segment_first_lat":34.1743668638,"segment_first_lon":-118.3275558927,"segment_second_lat":34.1746496619,"segment_second_lon":-118.3267281519,"segment_sequence":380005,"segment_id":19,"segment_len_meter":82.38536482785688,"segment_cum_len":15659.728020885785,"stop_segment_distance":15.368848414240034}
{"route_id":"183","stop_id":"4643","stop_lat":34.178167,"stop_lon":-118.307779,"stop_sequence":49,"segment_first_lat":34.1777424143,"segment_first_lon":-118.3073321551,"segment_second_lat":34.178114297,"segment_second_lon":-118.307835416,"segment_sequence":480001,"segment_id":24,"segment_len_meter":62.07435691136915,"segment_cum_len":19395.66346909373,"stop_segment_distance":8.352626359424107}
{"route_id":"205","stop_id":"17444","stop_lat":33.815573,"stop_lon":-118.290137,"stop_sequence":66,"segment_first_lat":33.8155749626,"segment_first_lon":-118.2902882699,"segment_second_lat":33.8174190696,"segment_second_lon":-118.2902689724,"segment_sequence":670001,"segment_id":34,"segment_len_meter":205.0630922215961,"segment_cum_len":21868.031668966913,"stop_segment_distance":14.548920699317279}
{"route_id":"212","stop_id":"12863","stop_lat":33.949278,"stop_lon":-118.344075,"stop_sequence":63,"segment_first_lat":33.9524556613,"segment_first_lon":-118.343933723,"segment_second_lat":33.9492786155,"segment_second_lon":-118.3439236463,"segment_sequence":620001,"segment_id":31,"segment_len_meter":353.27259737150354,"segment_cum_len":20795.22285079019,"stop_segment_distance":14.268428769043624}
{"route_id":"212","stop_id":"13641","stop_lat":34.073726,"stop_lon":-118.344145,"stop_sequence":18,"segment_first_lat":34.0761859049,"segment_first_lon":-118.3440458996,"segment_second_lat":34.0737265817,"segment_second_lon":-118.344035784,"segment_sequence":170002,"segment_id":9,"segment_len_meter":273.4658499119757,"segment_cum_len":5161.225654181731,"stop_segment_distance":10.274854838473857}
{"route_id":"222","stop_id":"14196","stop_lat":34.210509,"stop_lon":-118.356186,"stop_sequence":41,"segment_first_lat":34.2091781281,"segment_first_lon":-118.3544799583,"segment_second_lat":34.2104124047,"segment_second_lon":-118.3562828566,"segment_sequence":400003,"segment_id":20,"segment_len_meter":215.2254417664386,"segment_cum_len":16291.374293241955,"stop_segment_distance":14.393568757359958}
{"route_id":"232","stop_id":"17640","stop_lat":33.820744,"stop_lon":-118.385155,"stop_sequence":55,"segment_first_lat":33.8207375599,"segment_first_lon":-118.3853136421,"segment_second_lat":33.820988414,"segment_second_lon":-118.3853207202,"segment_sequence":550001,"segment_id":28,"segment_len_meter":27.901365942037913,"segment_cum_len":22837.354441728992,"stop_segment_distance":17.96404924571587}
{"route_id":"251","stop_id":"11494","stop_lat":33.924444,"stop_lon":-118.20973,"stop_sequence":61,"segment_first_lat":33.9247073049,"segment_first_lon":-118.2099083279,"segment_second_lat":33.9244215764,"segment_second_lon":-118.2098812421,"segment_sequence":600005,"segment_id":30,"segment_len_meter":31.86969669838551,"segment_cum_len":22848.037116372197,"stop_segment_distance":15.890670021245434}
{"route_id":"266","stop_id":"4615","stop_lat":34.093655,"stop_lon":-118.073225,"stop_sequence":61,"segment_first_lat":34.0936518621,"segment_first_lon":-118.0733769414,"segment_second_lat":34.0956000823,"segment_second_lon":-118.0734047446,"segment_sequence":610001,"segment_id":31,"segment_len_meter":216.6473298410951,"segment_cum_len":31783.741749013927,"stop_segment_distance":14.263898850315826}
{"route_id":"35","stop_id":"16442","stop_lat":34.040047,"stop_lon":-118.317537,"stop_sequence":62,"segment_first_lat":34.0399264507,"segment_first_lon":-118.316354786,"segment_second_lat":34.0399208758,"segment_second_lon":-118.3175364574,"segment_sequence":610004,"segment_id":31,"segment_len_meter":108.88264909859551,"segment_cum_len":19279.259989236114,"stop_segment_distance":14.894254836386196}
{"route_id":"40","stop_id":"10906","stop_lat":33.880378,"stop_lon":-118.352856,"stop_sequence":80,"segment_first_lat":33.8809829027,"segment_first_lon":-118.3527002286,"segment_second_lat":33.8803783636,"segment_second_lon":-118.3527049333,"segment_sequence":790005,"segment_id":40,"segment_len_meter":67.22308387141882,"segment_cum_len":30699.25029262342,"stop_segment_distance":15.504672834899054}
{"route_id":"601","stop_id":"3604","stop_lat":34.190049,"stop_lon":-118.601735,"stop_sequence":4,"segment_first_lat":34.1911786145,"segment_first_lon":-118.6015450985,"segment_second_lat":34.1900495345,"segment_second_lon":-118.6015369672,"segment_sequence":30003,"segment_id":2,"segment_len_meter":125.55019538330411,"segment_cum_len":1315.1075442793158,"stop_segment_distance":19.480586295544683}
{"route_id":"770","stop_id":"11687","stop_lat":34.040474,"stop_lon":-118.162201,"stop_sequence":16,"segment_first_lat":34.0406020011,"segment_first_lon":-118.162868406,"segment_second_lat":34.0406028987,"segment_second_lon":-118.1622016397,"segment_sequence":150014,"segment_id":8,"segment_len_meter":61.436385159232145,"segment_cum_len":11988.365604115308,"stop_segment_distance":16.01754474008679}
{"route_id":"81","stop_id":"13454","stop_lat":33.964482,"stop_lon":-118.282847,"stop_sequence":87,"segment_first_lat":33.9650482241,"segment_first_lon":-118.2826975636,"segment_second_lat":33.9644821701,"segment_second_lon":-118.282695653,"segment_sequence":860007,"segment_id":43,"segment_len_meter":62.9425796363442,"segment_cum_len":27629.75521810522,"stop_segment_distance":15.467054580000301}
