{"route_id":"105","stop_id":"8128","stop_lat":34.003803,"stop_lon":-118.325575,"stop_sequence":26,"segment_first_lat":34.0036793241,"segment_first_lon":-118.3246246508,"segment_second_lat":34.0036767645,"segment_second_lon":-118.3255748649,"segment_sequence":250003,"segment_id":13,"segment_len_meter":87.59193962349717,"segment_cum_len":9116.837184597482,"stop_segment_distance":15.121520514577256}
{"route_id":"110","stop_id":"1494","stop_lat":33.976495,"stop_lon":-118.346414,"stop_sequence":19,"segment_first_lat":33.9761286077,"segment_first_lon":-118.3475367191,"segment_second_lat":33.9765859045,"segment_second_lon":-118.3464676511,"segment_sequence":180006,"segment_id":9,"segment_len_meter":110.92109950975842,"segment_cum_len":7812.784875299697,"stop_segment_distance":11.587183740761361}
{"route_id":"115","stop_id":"7837","stop_lat":33.961504,"stop_lon":-118.366342,"stop_sequence":15,"segment_first_lat":33.9616160329,"segment_first_lon":-118.3679257595,"segment_second_lat":33.9616293686,"segment_second_lon":-118.3663429042,"segment_sequence":140001,"segment_id":7,"segment_len_meter":145.98857690316086,"segment_cum_len":2934.5776435763355,"stop_segment_distance":14.546841230447313}
{"route_id":"120","stop_id":"140803","stop_lat":33.931101,"stop_lon":-118.330241,"stop_sequence":96,"segment_first_lat":33.9309752295,"segment_first_lon":-118.329122928,"segment_second_lat":33.9309746473,"segment_second_lon":-118.3302404482,"segment_sequence":950002,"segment_id":48,"segment_len_meter":103.10200216507445,"segment_cum_len":41068.14278935873,"stop_segment_distance":15.04438438902136}
{"route_id":"130","stop_id":"13000059","stop_lat":33.859123,"stop_lon":-118.290308,"stop_sequence":45,"segment_first_lat":33.8588803793,"segment_first_lon":-118.2905244735,"segment_second_lat":33.8593420031,"segment_second_lon":-118.2905293665,"segment_sequence":450002,"segment_id":23,"segment_len_meter":51.33221293394426,"segment_cum_len":21737.385833255492,"stop_segment_distance":14.037647117063486}
{"route_id":"130","stop_id":"9808","stop_lat":33.874438,"stop_lon":-118.197244,"stop_sequence":23,"segment_first_lat":33.8743127675,"segment_first_lon":-118.1972441018,"segment_second_lat":33.8743197066,"segment_second_lon":-118.2005318173,"segment_sequence":230001,"segment_id":12,"segment_len_meter":303.52598798942716,"segment_cum_len":11315.714028877961,"stop_segment_distance":14.2182885766087}
{"route_id":"14","stop_id":"13185","stop_lat":34.062027,"stop_lon":-118.399255,"stop_sequence":84,"segment_first_lat":34.0620270622,"segment_first_lon":-118.3991041943,"segment_second_lat":34.0617742543,"segment_second_lon":-118.3991049692,"segment_sequence":840001,"segment_id":42,"segment_len_meter":28.11104652567337,"segment_cum_len":30934.994727798647,"stop_segment_distance":17.09918815709757}
{"route_id":"158","stop_id":"9576","stop_lat":34.257527,"stop_lon":-118.48195,"stop_sequence":47,"segment_first_lat":34.2574003696,"segment_first_lon":-118.4819522363,"segment_second_lat":34.2574150241,"segment_second_lon":-118.4846826094,"segment_sequence":470001,"segment_id":24,"segment_len_meter":250.9388509338888,"segment_cum_len":19135.66526368798,"stop_segment_distance":14.590670984452544}
{"route_id":"166","stop_id":"12524","stop_lat":34.231715,"stop_lon":-118.575112,"stop_sequence":16,"segment_first_lat":34.2318436093,"segment_first_lon":-118.5751124816,"segment_second_lat":34.2318486996,"segment_second_lon":-118.5730546652,"segment_sequence":160001,"segment_id":8,"segment_len_meter":189.18086846774503,"segment_cum_len":7899.860321273617,"stop_segment_distance":14.839180521556585}
{"route_id":"167","stop_id":"18183","stop_lat":34.242631,"stop_lon":-118.549381,"stop_sequence":16,"segment_first_lat":34.2427546277,"segment_first_lon":-118.5506788317,"segment_second_lat":34.2427580489,"segment_second_lon":-118.5493817769,"segment_sequence":150002,"segment_id":8,"segment_len_meter":119.22652959324707,"segment_cum_len":6526.383422803871,"stop_segment_distance":14.98768575916911}
{"route_id":"18","stop_id":"2157","stop_lat":34.008174,"stop_lon":-118.131526,"stop_sequence":72,"segment_first_lat":34.0083695424,"segment_first_lon":-118.1313542862,"segment_second_lat":34.0081647973,"segment_second_lon":-118.1313816811,"segment_sequence":710012,"segment_id":36,"segment_len_meter":22.90622595628636,"segment_cum_len":19763.632768445033,"stop_segment_distance":17.329908186732272}
{"route_id":"202","stop_id":"19154","stop_lat":33.776171,"stop_lon":-118.274053,"stop_sequence":57,"segment_first_lat":33.7761776196,"segment_first_lon":-118.2738978948,"segment_second_lat":33.7757210131,"segment_second_lon":-118.2738635006,"segment_sequence":570001,"segment_id":29,"segment_len_meter":50.87174955204265,"segment_cum_len":27470.00766695211,"stop_segment_distance":16.49623620947053}
{"route_id":"206","stop_id":"13764","stop_lat":34.063747,"stop_lon":-118.300481,"stop_sequence":19,"segment_first_lat":34.0653961189,"segment_first_lon":-118.3003580283,"segment_second_lat":34.0637473869,"segment_second_lon":-118.3003610233,"segment_sequence":180002,"segment_id":9,"segment_len_meter":183.33084137657042,"segment_cum_len":5741.539224027197,"stop_segment_distance":11.444147348699204}
{"route_id":"206","stop_id":"13776","stop_lat":34.032463,"stop_lon":-118.300355,"stop_sequence":31,"segment_first_lat":34.0327379558,"segment_first_lon":-118.3002375133,"segment_second_lat":34.0324631712,"segment_second_lon":-118.3002365275,"segment_sequence":300004,"segment_id":15,"segment_len_meter":30.554788477690735,"segment_cum_len":9265.147097257355,"stop_segment_distance":12.796343706722112}
{"route_id":"209","stop_id":"5605","stop_lat":33.933364,"stop_lon":-118.317647,"stop_sequence":12,"segment_first_lat":33.930972699,"segment_first_lon":-118.3177729798,"segment_second_lat":33.9333633475,"segment_second_lon":-118.3177665528,"segment_sequence":110005,"segment_id":6,"segment_len_meter":265.8286458869418,"segment_cum_len":4438.0552512480745,"stop_segment_distance":11.355614107928659}
{"route_id":"210","stop_id":"9406","stop_lat":33.925286,"stop_lon":-118.326638,"stop_sequence":70,"segment_first_lat":33.9254509588,"segment_first_lon":-118.3264905527,"segment_second_lat":33.9252860894,"segment_second_lon":-118.3264899103,"segment_sequence":690005,"segment_id":35,"segment_len_meter":18.332736654612845,"segment_cum_len":23454.35445880262,"stop_segment_distance":18.1678655397333}
{"route_id":"211","stop_id":"7833","stop_lat":33.961596,"stop_lon":-118.357528,"stop_sequence":26,"segment_first_lat":33.9617035976,"segment_first_lon":-118.3592036224,"segment_second_lat":33.9617212143,"segment_second_lon":-118.3575284461,"segment_sequence":250001,"segment_id":13,"segment_len_meter":154.5077343763209,"segment_cum_len":8770.356918964055,"stop_segment_distance":14.4145431618374}
{"route_id":"212","stop_id":"141002","stop_lat":33.965606,"stop_lon":-118.353531,"stop_sequence":55,"segment_first_lat":33.9656065511,"segment_first_lon":-118.353379794,"segment_second_lat":33.9654691597,"segment_second_lon":-118.3533792143,"segment_sequence":550001,"segment_id":28,"segment_len_meter":15.277320185736107,"segment_cum_len":18255.64731541525,"stop_segment_distance":19.342674055559648}
{"route_id":"232","stop_id":"23200095","stop_lat":33.815301,"stop_lon":-118.372996,"stop_sequence":52,"segment_first_lat":33.8150789526,"segment_first_lon":-118.372744558,"segment_second_lat":33.8151838015,"segment_second_lon":-118.3730488738,"segment_sequence":510009,"segment_id":26,"segment_len_meter":30.43570562251665,"segment_cum_len":21434.75548044892,"stop_segment_distance":17.381855692072328}
{"route_id":"232","stop_id":"6000001","stop_lat":33.77307,"stop_lon":-118.189211,"stop_sequence":4,"segment_first_lat":33.773069864,"segment_first_lon":-118.1893657715,"segment_second_lat":33.7741415054,"segment_second_lon":-118.1893652277,"segment_sequence":40001,"segment_id":2,"segment_len_meter":119.1610974633685,"segment_cum_len":1374.4310056411741,"stop_segment_distance":15.140207821885483}
{"route_id":"243","stop_id":"14843","stop_lat":34.18073,"stop_lon":-118.553315,"stop_sequence":45,"segment_first_lat":34.1803532386,"segment_first_lon":-118.5534813027,"segment_second_lat":34.1807324465,"segment_second_lon":-118.5534821619,"segment_sequence":440009,"segment_id":22,"segment_len_meter":42.16606869724868,"segment_cum_len":19943.8083381936,"stop_segment_distance":17.812917777230886}
{"route_id":"251","stop_id":"10529","stop_lat":33.972773,"stop_lon":-118.212631,"stop_sequence":41,"segment_first_lat":33.9729808982,"segment_first_lon":-118.2133868635,"segment_second_lat":33.9729001038,"segment_second_lon":-118.2126129077,"segment_sequence":400007,"segment_id":20,"segment_len_meter":71.93287965073975,"segment_cum_len":15709.934489376295,"stop_segment_distance":15.733442728010843}
{"route_id":"251","stop_id":"8886","stop_lat":34.081644,"stop_lon":-118.220292,"stop_sequence":4,"segment_first_lat":34.0817049073,"segment_first_lon":-118.2201955277,"segment_second_lat":34.0813340147,"segment_second_lon":-118.2198553903,"segment_sequence":40001,"segment_id":2,"segment_len_meter":51.78928063332396,"segment_cum_len":953.7159556020385,"stop_segment_distance":12.344170399804334}
{"route_id":"252","stop_id":"16989","stop_lat":34.086011,"stop_lon":-118.192687,"stop_sequence":21,"segment_first_lat":34.0859282018,"segment_first_lon":-118.1909100653,"segment_second_lat":34.0859127408,"segment_second_lon":-118.1926868406,"segment_sequence":200003,"segment_id":10,"segment_len_meter":163.63479972151924,"segment_cum_len":8697.569193704081,"stop_segment_distance":11.190277834147622}
{"route_id":"252","stop_id":"5565","stop_lat":34.032114,"stop_lon":-118.216894,"stop_sequence":3,"segment_first_lat":34.0312829898,"segment_first_lon":-118.217575296,"segment_second_lat":34.0321707105,"segment_second_lon":-118.2170280703,"segment_sequence":20019,"segment_id":1,"segment_len_meter":110.84474136232828,"segment_cum_len":898.5130702009319,"stop_segment_distance":14.740269791167236}
{"route_id":"268","stop_id":"12332","stop_lat":34.15519,"stop_lon":-118.078501,"stop_sequence":51,"segment_first_lat":34.1548904128,"segment_first_lon":-118.0784644215,"segment_second_lat":34.1551277207,"segment_second_lon":-118.0786309036,"segment_sequence":500016,"segment_id":25,"segment_len_meter":30.511802138682782,"segment_cum_len":20289.058617498886,"stop_segment_distance":16.784754808094284}
{"route_id":"45","stop_id":"13286","stop_lat":33.919804,"stop_lon":-118.278425,"stop_sequence":64,"segment_first_lat":33.9198014,"segment_first_lon":-118.2782718797,"segment_second_lat":33.9188863332,"segment_second_lon":-118.2782866397,"segment_sequence":640001,"segment_id":32,"segment_len_meter":101.75990008533367,"segment_cum_len":21736.987055351034,"stop_segment_distance":15.207186676145469}
{"route_id":"487","stop_id":"12388","stop_lat":34.157511,"stop_lon":-118.03187,"stop_sequence":68,"segment_first_lat":34.1576513292,"segment_first_lon":-118.0317543691,"segment_second_lat":34.1575139367,"segment_second_lon":-118.0317503504,"segment_sequence":670004,"segment_id":34,"segment_len_meter":15.281823328477952,"segment_cum_len":35113.338299851246,"stop_segment_distance":14.61843479798344}
{"route_id":"487","stop_id":"13913","stop_lat":34.111441,"stop_lon":-118.03103,"stop_sequence":83,"segment_first_lat":34.1114433969,"segment_first_lon":-118.0308782071,"segment_second_lat":34.1111246461,"segment_second_lon":-118.0308711518,"segment_sequence":830001,"segment_id":42,"segment_len_meter":35.44942304809108,"segment_cum_len":40272.313279901,"stop_segment_distance":16.623451585909805}
{"route_id":"487","stop_id":"1628","stop_lat":34.161453,"stop_lon":-118.072388,"stop_sequence":55,"segment_first_lat":34.1615794955,"segment_first_lon":-118.0723916905,"segment_second_lat":34.1616139678,"segment_second_lon":-118.0703191036,"segment_sequence":550001,"segment_id":28,"segment_len_meter":190.73524154185995,"segment_cum_len":31072.018376354765,"stop_segment_distance":14.53145573455572}
{"route_id":"487","stop_id":"1634","stop_lat":34.161373,"stop_lon":-118.078074,"stop_sequence":53,"segment_first_lat":34.1615174284,"segment_first_lon":-118.0780772776,"segment_second_lat":34.1615364224,"segment_second_lon":-118.075865845,"segment_sequence":530001,"segment_id":27,"segment_len_meter":203.48290919303614,"segment_cum_len":30561.591801111124,"stop_segment_distance":16.561209107282764}
{"route_id":"53","stop_id":"4842","stop_lat":33.940758,"stop_lon":-118.253975,"stop_sequence":29,"segment_first_lat":33.9401173211,"segment_first_lon":-118.2541316884,"segment_second_lat":33.9407575812,"segment_second_lon":-118.2541263774,"segment_sequence":280004,"segment_id":14,"segment_len_meter":71.19536064098315,"segment_cum_len":11233.929895915842,"stop_segment_distance":15.460962527035164}
{"route_id":"55","stop_id":"4995","stop_lat":34.056359,"stop_lon":-118.253098,"stop_sequence":65,"segment_first_lat":34.0553249256,"segment_first_lon":-118.2542700192,"segment_second_lat":34.0564383761,"segment_second_lon":-118.2532172653,"segment_sequence":640001,"segment_id":32,"segment_len_meter":157.27307975775653,"segment_cum_len":19720.006687048935,"stop_segment_distance":14.551165291779512}
{"route_id":"550","stop_id":"5304","stop_lat":33.787497,"stop_lon":-118.297287,"stop_sequence":21,"segment_first_lat":33.7868458461,"segment_first_lon":-118.2974557854,"segment_second_lat":33.7874970645,"segment_second_lon":-118.2974607262,"segment_sequence":200010,"segment_id":10,"segment_len_meter":72.41362179350399,"segment_cum_len":8695.986404267402,"stop_segment_distance":17.707383712347863}
{"route_id":"602","stop_id":"706","stop_lat":34.069308,"stop_lon":-118.464094,"stop_sequence":44,"segment_first_lat":34.0693534392,"segment_first_lon":-118.4640226446,"segment_second_lat":34.0692422475,"segment_second_lon":-118.4639256096,"segment_sequence":440001,"segment_id":22,"segment_len_meter":15.256225334181194,"segment_cum_len":13676.572812564085,"stop_segment_distance":10.181148074328613}
{"route_id":"605","stop_id":"2793","stop_lat":34.058473,"stop_lon":-118.206268,"stop_sequence":27,"segment_first_lat":34.0585089732,"segment_first_lon":-118.2062267315,"segment_second_lat":34.0584190363,"segment_second_lon":-118.2061135972,"segment_sequence":270001,"segment_id":14,"segment_len_meter":14.44403724723596,"segment_cum_len":8173.1192769448635,"stop_segment_distance":6.512090563036294}
{"route_id":"62","stop_id":"4078","stop_lat":33.94171,"stop_lon":-118.072841,"stop_sequence":47,"segment_first_lat":33.9417096133,"segment_first_lon":-118.0726889868,"segment_second_lat":33.9408605323,"segment_second_lon":-118.0726856126,"segment_sequence":470001,"segment_id":24,"segment_len_meter":94.41401260118542,"segment_cum_len":24956.710789640965,"stop_segment_distance":15.146918774502723}
{"route_id":"733","stop_id":"15263","stop_lat":33.999931,"stop_lon":-118.441516,"stop_sequence":31,"segment_first_lat":33.9998248464,"segment_first_lon":-118.4414352742,"segment_second_lat":33.999229198,"segment_second_lon":-118.4426106177,"segment_sequence":310001,"segment_id":16,"segment_len_meter":126.98979553869027,"segment_cum_len":24235.55453425587,"stop_segment_distance":14.52604296428747}
{"route_id":"76","stop_id":"15036","stop_lat":34.076788,"stop_lon":-118.154954,"stop_sequence":35,"segment_first_lat":34.0766616701,"segment_first_lon":-118.1549405608,"segment_second_lat":34.0764629693,"segment_second_lon":-118.1577239868,"segment_sequence":350001,"segment_id":18,"segment_len_meter":257.3083524548154,"segment_cum_len":11957.907787413484,"stop_segment_distance":14.460657090795621}
{"route_id":"76","stop_id":"7256","stop_lat":34.033546,"stop_lon":-118.266284,"stop_sequence":74,"segment_first_lat":34.0336027908,"segment_first_lon":-118.2662348987,"segment_second_lat":34.0332860789,"segment_second_lon":-118.2656826991,"segment_sequence":740001,"segment_id":37,"segment_len_meter":61.88243972774309,"segment_cum_len":26237.439075648635,"stop_segment_distance":8.37983873356616}
{"route_id":"81","stop_id":"11999","stop_lat":34.136477,"stop_lon":-118.188342,"stop_sequence":15,"segment_first_lat":34.1367022835,"segment_first_lon":-118.1881014425,"segment_second_lat":34.1364408027,"segment_second_lon":-118.1882029667,"segment_sequence":140006,"segment_id":7,"segment_len_meter":30.53987531552443,"segment_cum_len":4061.7024805419383,"stop_segment_distance":16.306389555759655}
{"route_id":"81","stop_id":"782","stop_lat":34.139285,"stop_lon":-118.203838,"stop_sequence":9,"segment_first_lat":34.139384646,"segment_first_lon":-118.2047435162,"segment_second_lat":34.1394117202,"segment_second_lon":-118.2038446941,"segment_sequence":80004,"segment_id":4,"segment_len_meter":82.77625488135385,"segment_cum_len":2252.8387840557652,"stop_segment_distance":15.398835026678881}
{"route_id":"910","stop_id":"2378","stop_lat":34.03364,"stop_lon":-118.271067,"stop_sequence":13,"segment_first_lat":34.0335939306,"segment_first_lon":-118.2709586362,"segment_second_lat":34.0324098717,"segment_second_lon":-118.271693458,"segment_sequence":130001,"segment_id":7,"segment_len_meter":148.05325543146787,"segment_cum_len":23568.753432845475,"stop_segment_distance":11.636196289182834}
