{"route_id":"110","stop_id":"2512","stop_lat":33.981832,"stop_lon":-118.241091,"stop_sequence":56,"segment_first_lat":33.981210589,"segment_first_lon":-118.2411745652,"segment_second_lat":33.9818315958,"segment_second_lon":-118.2411789926,"segment_sequence":550004,"segment_id":28,"segment_len_meter":69.05401224529345,"segment_cum_len":19716.711644048086,"stop_segment_distance":8.585447863836961}
{"route_id":"150","stop_id":"14964","stop_lat":34.200749,"stop_lon":-118.606062,"stop_sequence":2,"segment_first_lat":34.2007470786,"segment_first_lon":-118.6059087684,"segment_second_lat":34.2001370391,"segment_second_lon":-118.6059089727,"segment_sequence":20001,"segment_id":1,"segment_len_meter":67.83330005525194,"segment_cum_len":283.21981000344675,"stop_segment_distance":15.747504769357008}
{"route_id":"161","stop_id":"20084","stop_lat":34.141033,"stop_lon":-118.704547,"stop_sequence":26,"segment_first_lat":34.1409456732,"segment_first_lon":-118.7044835687,"segment_second_lat":34.1407902746,"segment_second_lon":-118.7047433432,"segment_sequence":260002,"segment_id":13,"segment_len_meter":29.49829444079783,"segment_cum_len":15264.44172768858,"stop_segment_distance":14.311948596374112}
{"route_id":"163","stop_id":"6224","stop_lat":34.201083,"stop_lon":-118.4576,"stop_sequence":43,"segment_first_lat":34.2011976611,"segment_first_lon":-118.4592413955,"segment_second_lat":34.2012088231,"segment_second_lon":-118.4576010809,"segment_sequence":420002,"segment_id":21,"segment_len_meter":150.8580342360302,"segment_cum_len":16048.324795561652,"stop_segment_distance":14.623132808421587}
{"route_id":"167","stop_id":"12848","stop_lat":34.242612,"stop_lon":-118.579475,"stop_sequence":9,"segment_first_lat":34.2427402666,"segment_first_lon":-118.5794758578,"segment_second_lat":34.2427470211,"segment_second_lon":-118.5788108206,"segment_sequence":90001,"segment_id":5,"segment_len_meter":61.135173317701025,"segment_cum_len":3821.233100321659,"stop_segment_distance":15.998356539784261}
{"route_id":"180","stop_id":"7088","stop_lat":34.103476,"stop_lon":-118.291622,"stop_sequence":12,"segment_first_lat":34.1027003469,"segment_first_lon":-118.2917713354,"segment_second_lat":34.1034752419,"segment_second_lon":-118.2917740394,"segment_sequence":110003,"segment_id":6,"segment_len_meter":86.16475236262241,"segment_cum_len":3823.566187226724,"stop_segment_distance":15.171922468617666}
{"route_id":"180","stop_id":"7576","stop_lat":34.145607,"stop_lon":-118.160386,"stop_sequence":64,"segment_first_lat":34.1457338212,"segment_first_lon":-118.1603863369,"segment_second_lat":34.1457423711,"segment_second_lon":-118.1576465213,"segment_sequence":640001,"segment_id":32,"segment_len_meter":252.13692270042952,"segment_cum_len":20486.898943658565,"stop_segment_distance":14.518279280707645}
{"route_id":"183","stop_id":"20156","stop_lat":34.175897,"stop_lon":-118.322613,"stop_sequence":40,"segment_first_lat":34.1758073047,"segment_first_lon":-118.3232668036,"segment_second_lat":34.1760147155,"segment_second_lon":-118.3226698461,"segment_sequence":390007,"segment_id":20,"segment_len_meter":59.562479772595395,"segment_cum_len":16062.755560382604,"stop_segment_distance":15.499880969175223}
{"route_id":"20","stop_id":"16706","stop_lat":34.05695,"stop_lon":-118.273378,"stop_sequence":11,"segment_first_lat":34.056429972,"segment_first_lon":-118.2724812786,"segment_second_lat":34.0568380434,"segment_second_lon":-118.2734482907,"segment_sequence":100004,"segment_id":5,"segment_len_meter":99.97473678961744,"segment_cum_len":3461.0699790048297,"stop_segment_distance":14.893634425761405}
{"route_id":"205","stop_id":"17593","stop_lat":33.770109,"stop_lon":-118.309393,"stop_sequence":44,"segment_first_lat":33.7698227109,"segment_first_lon":-118.3096317028,"segment_second_lat":33.7701400422,"segment_second_lon":-118.3095404184,"segment_sequence":430005,"segment_id":22,"segment_len_meter":36.280454281571,"segment_cum_len":11359.546138333915,"stop_segment_distance":16.509065828135192}
{"route_id":"206","stop_id":"12300","stop_lat":34.097853,"stop_lon":-118.300633,"stop_sequence":7,"segment_first_lat":34.0978536552,"segment_first_lon":-118.3005102866,"segment_second_lat":34.0966968155,"segment_second_lon":-118.3005034869,"segment_sequence":70001,"segment_id":4,"segment_len_meter":128.6362293196843,"segment_cum_len":2077.5840304864546,"stop_segment_distance":11.777034880690792}
{"route_id":"212","stop_id":"11034","stop_lat":34.101714,"stop_lon":-118.333158,"stop_sequence":5,"segment_first_lat":34.1015922607,"segment_first_lon":-118.3324635232,"segment_second_lat":34.1015881518,"segment_second_lon":-118.3331571901,"segment_sequence":40004,"segment_id":2,"segment_len_meter":63.87058246410612,"segment_cum_len":940.3144915975188,"stop_segment_distance":15.48393051950086}
{"route_id":"230","stop_id":"20078","stop_lat":34.157772,"stop_lon":-118.396632,"stop_sequence":46,"segment_first_lat":34.1585388016,"segment_first_lon":-118.396473185,"segment_second_lat":34.157772115,"segment_second_lon":-118.3964807859,"segment_sequence":450005,"segment_id":23,"segment_len_meter":85.2545289539372,"segment_cum_len":17880.21278942647,"stop_segment_distance":15.166777836046109}
{"route_id":"234","stop_id":"14532","stop_lat":34.235261,"stop_lon":-118.467727,"stop_sequence":43,"segment_first_lat":34.2352592242,"segment_first_lon":-118.4675731183,"segment_second_lat":34.2325851032,"segment_second_lon":-118.4676090917,"segment_sequence":430001,"segment_id":22,"segment_len_meter":297.36707791144556,"segment_cum_len":16328.337754546521,"stop_segment_distance":14.523958354564229}
{"route_id":"237","stop_id":"523","stop_lat":34.172272,"stop_lon":-118.42668,"stop_sequence":43,"segment_first_lat":34.1721458746,"segment_first_lon":-118.4257169767,"segment_second_lat":34.1721449572,"segment_second_lon":-118.4266790339,"segment_sequence":420005,"segment_id":21,"segment_len_meter":88.50695255615406,"segment_cum_len":16387.434129202484,"stop_segment_distance":15.318703812247492}
{"route_id":"239","stop_id":"20013","stop_lat":34.212175,"stop_lon":-118.518443,"stop_sequence":17,"segment_first_lat":34.2121747432,"segment_first_lon":-118.5185950047,"segment_second_lat":34.2139635707,"segment_second_lon":-118.518609091,"segment_sequence":170001,"segment_id":9,"segment_len_meter":198.91275996410428,"segment_cum_len":6114.93083357853,"stop_segment_distance":14.53022794805176}
{"route_id":"239","stop_id":"20034","stop_lat":34.280192,"stop_lon":-118.448186,"stop_sequence":59,"segment_first_lat":34.2799201773,"segment_first_lon":-118.4487936308,"segment_second_lat":34.2802883554,"segment_second_lon":-118.4482851564,"segment_sequence":580002,"segment_id":29,"segment_len_meter":62.118123442824796,"segment_cum_len":23450.121806221574,"stop_segment_distance":15.431600046665821}
{"route_id":"243","stop_id":"4390","stop_lat":34.242472,"stop_lon":-118.562447,"stop_sequence":17,"segment_first_lat":34.2424729797,"segment_first_lon":-118.5623301194,"segment_second_lat":34.2419755737,"segment_second_lon":-118.5623373569,"segment_sequence":170001,"segment_id":9,"segment_len_meter":55.313024655438966,"segment_cum_len":8710.538341733974,"stop_segment_distance":11.543904794853248}
{"route_id":"260","stop_id":"10402","stop_lat":34.174112,"stop_lon":-118.150929,"stop_sequence":5,"segment_first_lat":34.1741120133,"segment_first_lon":-118.1507109451,"segment_second_lat":34.1725292582,"segment_second_lon":-118.1506948657,"segment_sequence":50001,"segment_id":3,"segment_len_meter":176.000553707337,"segment_cum_len":1215.5017900265602,"stop_segment_distance":21.365542791952294}
{"route_id":"28","stop_id":"16161","stop_lat":34.059583,"stop_lon":-118.376379,"stop_sequence":88,"segment_first_lat":34.0594565921,"segment_first_lon":-118.3763683663,"segment_second_lat":34.0594075903,"segment_second_lon":-118.3771017598,"segment_sequence":880001,"segment_id":44,"segment_len_meter":67.77973906139034,"segment_cum_len":29018.14269617777,"stop_segment_distance":15.689142117515374}
{"route_id":"487","stop_id":"13910","stop_lat":34.139774,"stop_lon":-118.031553,"stop_sequence":73,"segment_first_lat":34.1397765307,"segment_first_lon":-118.0313989274,"segment_second_lat":34.1394989972,"segment_second_lon":-118.031393866,"segment_sequence":730001,"segment_id":37,"segment_len_meter":30.863832559170266,"segment_cum_len":37116.80599920773,"stop_segment_distance":17.223898523374405}
{"route_id":"487","stop_id":"14331","stop_lat":34.154098,"stop_lon":-118.031816,"stop_sequence":69,"segment_first_lat":34.1549364461,"segment_first_lon":-118.0317070627,"segment_second_lat":34.1540983488,"segment_second_lon":-118.0316955066,"segment_sequence":680006,"segment_id":34,"segment_len_meter":93.19823421967766,"segment_cum_len":35493.17313952508,"stop_segment_distance":11.65758970660039}
{"route_id":"51","stop_id":"19120","stop_lat":34.014805,"stop_lon":-118.265423,"stop_sequence":35,"segment_first_lat":34.0153516585,"segment_first_lon":-118.2652726899,"segment_second_lat":34.014802093,"segment_second_lon":-118.2652692983,"segment_sequence":340010,"segment_id":17,"segment_len_meter":61.109694991628714,"segment_cum_len":8917.786868552901,"stop_segment_distance":15.40488036390812}
{"route_id":"51","stop_id":"30009","stop_lat":33.898035,"stop_lon":-118.223176,"stop_sequence":97,"segment_first_lat":33.8979461157,"segment_first_lon":-118.2221621281,"segment_second_lat":33.8979365518,"segment_second_lon":-118.2231743936,"segment_sequence":960022,"segment_id":48,"segment_len_meter":93.43348479014037,"segment_cum_len":27777.377732630543,"stop_segment_distance":11.610601735928824}
{"route_id":"534","stop_id":"723","stop_lat":34.037038,"stop_lon":-118.699341,"stop_sequence":24,"segment_first_lat":34.0367539905,"segment_first_lon":-118.698998551,"segment_second_lat":34.0369536232,"segment_second_lon":-118.6994025816,"segment_sequence":230038,"segment_id":12,"segment_len_meter":43.344878440903514,"segment_cum_len":22206.94782773843,"stop_segment_distance":12.26327080163378}
{"route_id":"60","stop_id":"12222","stop_lat":33.905972,"stop_lon":-118.208784,"stop_sequence":63,"segment_first_lat":33.9064418218,"segment_first_lon":-118.2086630007,"segment_second_lat":33.9059772174,"segment_second_lon":-118.2086311955,"segment_sequence":620007,"segment_id":31,"segment_len_meter":51.74496726233994,"segment_cum_len":20117.820253064223,"stop_segment_distance":15.79067457113905}
{"route_id":"60","stop_id":"12709","stop_lat":33.971805,"stop_lon":-118.225359,"stop_sequence":41,"segment_first_lat":33.972511502,"segment_first_lon":-118.2252128393,"segment_second_lat":33.9718053119,"segment_second_lon":-118.2252083017,"segment_sequence":400004,"segment_id":20,"segment_len_meter":78.52587121508427,"segment_cum_len":12548.331584973192,"stop_segment_distance":15.07813010531109}
{"route_id":"60","stop_id":"13560","stop_lat":34.052881,"stop_lon":-118.251572,"stop_sequence":5,"segment_first_lat":34.0528055328,"segment_first_lon":-118.2514526094,"segment_second_lat":34.0517747108,"segment_second_lon":-118.2524207476,"segment_sequence":50001,"segment_id":3,"segment_len_meter":145.23624685652308,"segment_cum_len":1643.6714556763166,"stop_segment_distance":14.360562606637274}
{"route_id":"66","stop_id":"1611","stop_lat":34.024778,"stop_lon":-118.221301,"stop_sequence":33,"segment_first_lat":34.0250517304,"segment_first_lon":-118.2216150698,"segment_second_lat":34.0248872898,"segment_second_lon":-118.2212301592,"segment_sequence":320017,"segment_id":16,"segment_len_meter":39.90783585143696,"segment_cum_len":10183.590380714943,"stop_segment_distance":15.889508268114994}
{"route_id":"68","stop_id":"9244","stop_lat":34.050338,"stop_lon":-118.215367,"stop_sequence":32,"segment_first_lat":34.050225657,"segment_first_lon":-118.2154394815,"segment_second_lat":34.0506246894,"segment_second_lon":-118.2163381136,"segment_sequence":320001,"segment_id":16,"segment_len_meter":93.93124106740456,"segment_cum_len":13115.819774010357,"stop_segment_distance":15.211827370772241}
{"route_id":"70","stop_id":"7668","stop_lat":34.062366,"stop_lon":-118.125245,"stop_sequence":46,"segment_first_lat":34.062494865,"segment_first_lon":-118.1252489261,"segment_second_lat":34.062500889,"segment_second_lon":-118.1250042796,"segment_sequence":460001,"segment_id":23,"segment_len_meter":22.546027877542585,"segment_cum_len":16498.25916716303,"stop_segment_distance":18.55844872754257}
{"route_id":"78","stop_id":"5388","stop_lat":34.038081,"stop_lon":-118.263255,"stop_sequence":4,"segment_first_lat":34.0381068468,"segment_first_lon":-118.2633412762,"segment_second_lat":34.0383117703,"segment_second_lon":-118.2632461994,"segment_sequence":40001,"segment_id":2,"segment_len_meter":24.41254047227294,"segment_cum_len":731.270214736582,"stop_segment_distance":9.714105790009679}
