{"route_id":"102","stop_id":"2957","stop_lat":34.007978,"stop_lon":-118.326317,"stop_sequence":35,"segment_first_lat":34.0077375995,"segment_first_lon":-118.3267817959,"segment_second_lat":34.0080494176,"segment_second_lon":-118.3263996041,"segment_sequence":340011,"segment_id":17,"segment_len_meter":49.42944731728617,"segment_cum_len":12362.96060258103,"stop_segment_distance":12.070805485322516}
{"route_id":"102","stop_id":"6348","stop_lat":34.008233,"stop_lon":-118.335353,"stop_sequence":32,"segment_first_lat":34.0083522589,"segment_first_lon":-118.3354106012,"segment_second_lat":34.0083986007,"segment_second_lon":-118.3352477878,"segment_sequence":320001,"segment_id":16,"segment_len_meter":15.867459498329014,"segment_cum_len":11135.191456990318,"stop_segment_distance":19.228593563943328}
{"route_id":"110","stop_id":"176155","stop_lat":33.986929,"stop_lon":-118.386929,"stop_sequence":5,"segment_first_lat":33.9869239274,"segment_first_lon":-118.386801819,"segment_second_lat":33.9865306443,"segment_second_lon":-118.3868214439,"segment_sequence":50001,"segment_id":3,"segment_len_meter":43.76850193783045,"segment_cum_len":2460.5502427676142,"stop_segment_distance":13.362612603211815}
{"route_id":"120","stop_id":"141014","stop_lat":33.945249,"stop_lon":-117.998456,"stop_sequence":1,"segment_first_lat":33.9452751247,"segment_first_lon":-117.9984410347,"segment_second_lat":33.9450536394,"segment_second_lon":-117.9978393248,"segment_sequence":10001,"segment_id":1,"segment_len_meter":60.72285117212425,"segment_cum_len":60.72285117212425,"stop_segment_distance":3.384846608642377}
{"route_id":"125","stop_id":"17325","stop_lat":33.9018,"stop_lon":-118.339659,"stop_sequence":17,"segment_first_lat":33.9019202428,"segment_first_lon":-118.3416828845,"segment_second_lat":33.9019259609,"segment_second_lon":-118.3396595413,"segment_sequence":160003,"segment_id":8,"segment_len_meter":186.73759842374554,"segment_cum_len":7683.744638266217,"stop_segment_distance":14.533236908272954}
{"route_id":"128","stop_id":"17223","stop_lat":33.887791,"stop_lon":-118.078633,"stop_sequence":12,"segment_first_lat":33.8876611884,"segment_first_lon":-118.0786291143,"segment_second_lat":33.8876469638,"segment_second_lon":-118.0797859073,"segment_sequence":120001,"segment_id":6,"segment_len_meter":106.79124629063743,"segment_cum_len":6950.865583240587,"stop_segment_distance":15.266822045821982}
{"route_id":"130","stop_id":"13000050","stop_lat":33.874789,"stop_lon":-118.16897,"stop_sequence":18,"segment_first_lat":33.874661288,"segment_first_lon":-118.1689699436,"segment_second_lat":33.8746582487,"segment_second_lon":-118.1697638636,"segment_sequence":180001,"segment_id":9,"segment_len_meter":73.29593006967306,"segment_cum_len":8473.042902430527,"stop_segment_distance":15.623046912886977}
{"route_id":"14","stop_id":"7455","stop_lat":34.029264,"stop_lon":-118.278713,"stop_sequence":29,"segment_first_lat":34.03018864,"segment_first_lon":-118.2805214961,"segment_second_lat":34.0293515609,"segment_second_lon":-118.2786569365,"segment_sequence":280003,"segment_id":14,"segment_len_meter":195.41516854992432,"segment_cum_len":9563.237889810107,"stop_segment_distance":11.427524192125333}
{"route_id":"161","stop_id":"11212","stop_lat":34.150321,"stop_lon":-118.759046,"stop_sequence":36,"segment_first_lat":34.1499938269,"segment_first_lon":-118.7595325324,"segment_second_lat":34.1503975606,"segment_second_lon":-118.759172954,"segment_sequence":350006,"segment_id":18,"segment_len_meter":55.76980488565372,"segment_cum_len":21681.054189267827,"stop_segment_distance":16.37412513563853}
{"route_id":"163","stop_id":"6206","stop_lat":34.201071,"stop_lon":-118.475089,"stop_sequence":39,"segment_first_lat":34.2011831215,"segment_first_lon":-118.4792830095,"segment_second_lat":34.2011969147,"segment_second_lon":-118.4750895438,"segment_sequence":380003,"segment_id":19,"segment_len_meter":385.6587528865099,"segment_cum_len":14439.932474501571,"stop_segment_distance":14.249855485779165}
{"route_id":"165","stop_id":"6863","stop_lat":34.193691,"stop_lon":-118.566754,"stop_sequence":21,"segment_first_lat":34.1938154208,"segment_first_lon":-118.5676778912,"segment_second_lat":34.1938175487,"segment_second_lon":-118.5667552708,"segment_sequence":200004,"segment_id":10,"segment_len_meter":84.85733413502247,"segment_cum_len":7557.7902902827245,"stop_segment_distance":15.307570394201875}
{"route_id":"169","stop_id":"3321","stop_lat":34.149205,"stop_lon":-118.61172,"stop_sequence":15,"segment_first_lat":34.1491182548,"segment_first_lon":-118.6115445661,"segment_second_lat":34.1490782571,"segment_second_lon":-118.6116834212,"segment_sequence":140036,"segment_id":7,"segment_len_meter":13.52971445838448,"segment_cum_len":5871.237998794573,"stop_segment_distance":19.765792231840386}
{"route_id":"176","stop_id":"10088","stop_lat":34.097916,"stop_lon":-118.121312,"stop_sequence":66,"segment_first_lat":34.0978079394,"segment_first_lon":-118.1212337353,"segment_second_lat":34.0972888635,"segment_second_lon":-118.1223279497,"segment_sequence":660001,"segment_id":33,"segment_len_meter":116.1154183183573,"segment_cum_len":25832.502428645155,"stop_segment_distance":14.574758266668837}
{"route_id":"176","stop_id":"1805","stop_lat":34.058738,"stop_lon":-118.035451,"stop_sequence":28,"segment_first_lat":34.0587380554,"segment_first_lon":-118.0356047226,"segment_second_lat":34.0603098371,"segment_second_lon":-118.0355885533,"segment_sequence":280001,"segment_id":14,"segment_len_meter":174.78049794821095,"segment_cum_len":10999.824437794463,"stop_segment_distance":14.619622803212337}
{"route_id":"18","stop_id":"32150","stop_lat":34.018871,"stop_lon":-118.150537,"stop_sequence":61,"segment_first_lat":34.0191781653,"segment_first_lon":-118.1513625639,"segment_second_lat":34.0189962331,"segment_second_lon":-118.1505025902,"segment_sequence":600003,"segment_id":30,"segment_len_meter":81.79966872954517,"segment_cum_len":17078.567470028276,"stop_segment_distance":15.884016822460794}
{"route_id":"20","stop_id":"16662","stop_lat":34.067221,"stop_lon":-118.405718,"stop_sequence":53,"segment_first_lat":34.0670913609,"segment_first_lon":-118.4057176267,"segment_second_lat":34.0670905288,"segment_second_lon":-118.4059652651,"segment_sequence":530001,"segment_id":27,"segment_len_meter":22.810631043180123,"segment_cum_len":15884.920481479765,"stop_segment_distance":18.608738662514106}
{"route_id":"200","stop_id":"4654","stop_lat":34.064635,"stop_lon":-118.271445,"stop_sequence":30,"segment_first_lat":34.0639050733,"segment_first_lon":-118.2720863033,"segment_second_lat":34.0646948602,"segment_second_lon":-118.2715764342,"segment_sequence":290003,"segment_id":15,"segment_len_meter":99.59047168675028,"segment_cum_len":6788.120785457438,"stop_segment_distance":14.6114170258397}
{"route_id":"205","stop_id":"17617","stop_lat":33.90934,"stop_lon":-118.238947,"stop_sequence":121,"segment_first_lat":33.9093419751,"segment_first_lon":-118.2390987766,"segment_second_lat":33.9098365961,"segment_second_lon":-118.239093926,"segment_sequence":1220001,"segment_id":61,"segment_len_meter":55.00116734692269,"segment_cum_len":46048.19391823572,"stop_segment_distance":15.866205614583642}
{"route_id":"209","stop_id":"141078","stop_lat":33.989382,"stop_lon":-118.317371,"stop_sequence":32,"segment_first_lat":33.9892773584,"segment_first_lon":-118.3175456228,"segment_second_lat":33.98941987,"segment_second_lon":-118.3174801868,"segment_sequence":310005,"segment_id":16,"segment_len_meter":16.956128020428174,"segment_cum_len":10674.298641060483,"stop_segment_distance":13.819883258197933}
{"route_id":"230","stop_id":"2918","stop_lat":34.232015,"stop_lon":-118.403952,"stop_sequence":25,"segment_first_lat":34.2333351363,"segment_first_lon":-118.4051591334,"segment_second_lat":34.2320961358,"segment_second_lon":-118.4038363671,"segment_sequence":240007,"segment_id":12,"segment_len_meter":183.7613219729576,"segment_cum_len":9370.063519566402,"stop_segment_distance":14.200868538900352}
{"route_id":"236","stop_id":"2528","stop_lat":34.29936,"stop_lon":-118.439524,"stop_sequence":51,"segment_first_lat":34.2992908852,"segment_first_lon":-118.4394353952,"segment_second_lat":34.2984002644,"segment_second_lon":-118.4404266704,"segment_sequence":510001,"segment_id":26,"segment_len_meter":134.53234746313177,"segment_cum_len":25068.802877443686,"stop_segment_distance":11.80670648520541}
{"route_id":"236","stop_id":"351","stop_lat":34.194179,"stop_lon":-118.500959,"stop_sequence":9,"segment_first_lat":34.1941781939,"segment_first_lon":-118.501111582,"segment_second_lat":34.1948733966,"segment_second_lon":-118.501115753,"segment_sequence":90001,"segment_id":5,"segment_len_meter":77.30396509013933,"segment_cum_len":3844.4239541876154,"stop_segment_distance":15.277628692264344}
{"route_id":"243","stop_id":"16803","stop_lat":34.193535,"stop_lon":-118.571125,"stop_sequence":32,"segment_first_lat":34.1935361185,"segment_first_lon":-118.5709716738,"segment_second_lat":34.1920110217,"segment_second_lon":-118.5709724918,"segment_sequence":320001,"segment_id":16,"segment_len_meter":169.58304349120115,"segment_cum_len":15054.724405949712,"stop_segment_distance":14.557766751181447}
{"route_id":"256","stop_id":"10694","stop_lat":34.161917,"stop_lon":-118.121365,"stop_sequence":104,"segment_first_lat":34.1619168718,"segment_first_lon":-118.1214847607,"segment_second_lat":34.1624939218,"segment_second_lon":-118.1214879137,"segment_sequence":1040001,"segment_id":52,"segment_len_meter":64.16568822077777,"segment_cum_len":32286.711183343923,"stop_segment_distance":11.993331252550675}
{"route_id":"268","stop_id":"10279","stop_lat":34.16911,"stop_lon":-118.127547,"stop_sequence":68,"segment_first_lat":34.169011406,"segment_first_lon":-118.1275471935,"segment_second_lat":34.1690048312,"segment_second_lon":-118.1283075412,"segment_sequence":680001,"segment_id":34,"segment_len_meter":69.9565367847777,"segment_cum_len":26238.870127022583,"stop_segment_distance":11.947612456899094}
{"route_id":"268","stop_id":"16447","stop_lat":34.168946,"stop_lon":-118.150993,"stop_sequence":75,"segment_first_lat":34.1688401418,"segment_first_lon":-118.1509923544,"segment_second_lat":34.1688342742,"segment_second_lon":-118.1521659374,"segment_sequence":750001,"segment_id":38,"segment_len_meter":107.97294981827228,"segment_cum_len":28433.995257180643,"stop_segment_distance":12.422376097983005}
{"route_id":"4","stop_id":"14414","stop_lat":34.090996,"stop_lon":-118.286502,"stop_sequence":33,"segment_first_lat":34.0908663872,"segment_first_lon":-118.2855405531,"segment_second_lat":34.0908685084,"segment_second_lon":-118.2865016824,"segment_sequence":320006,"segment_id":16,"segment_len_meter":88.50690890753138,"segment_cum_len":10129.934573178367,"stop_segment_distance":15.370696127678883}
{"route_id":"45","stop_id":"13254","stop_lat":33.968029,"stop_lon":-118.27844,"stop_sequence":46,"segment_first_lat":33.9688779905,"segment_first_lon":-118.278291153,"segment_second_lat":33.9680289092,"segment_second_lon":-118.2782883316,"segment_sequence":450004,"segment_id":23,"segment_len_meter":94.41389138147541,"segment_cum_len":15457.019463196908,"stop_segment_distance":14.969043095519254}
{"route_id":"45","stop_id":"13870","stop_lat":33.906068,"stop_lon":-118.269758,"stop_sequence":70,"segment_first_lat":33.9066781087,"segment_first_lon":-118.2696249043,"segment_second_lat":33.9060708841,"segment_second_lon":-118.2696031775,"segment_sequence":690005,"segment_id":35,"segment_len_meter":67.5500598299869,"segment_cum_len":23966.37385931878,"stop_segment_distance":15.68554089411424}
{"route_id":"53","stop_id":"4880","stop_lat":33.945449,"stop_lon":-118.253924,"stop_sequence":31,"segment_first_lat":33.9449234256,"segment_first_lon":-118.2540770297,"segment_second_lat":33.9454482714,"segment_second_lon":-118.2540740056,"segment_sequence":300003,"segment_id":15,"segment_len_meter":58.36085691615283,"segment_cum_len":11755.537741112268,"stop_segment_distance":15.598355007264985}
{"route_id":"534","stop_id":"140715","stop_lat":34.011711,"stop_lon":-118.495449,"stop_sequence":5,"segment_first_lat":34.012346246,"segment_first_lon":-118.4959610301,"segment_second_lat":34.0118036337,"segment_second_lon":-118.4953354857,"segment_sequence":40002,"segment_id":2,"segment_len_meter":83.45528554485016,"segment_cum_len":1244.5137950396775,"stop_segment_distance":16.178754933996842}
{"route_id":"611","stop_id":"16652","stop_lat":33.968963,"stop_lon":-118.177976,"stop_sequence":73,"segment_first_lat":33.9689494295,"segment_first_lon":-118.1778573558,"segment_second_lat":33.9680976742,"segment_second_lon":-118.1779904342,"segment_sequence":730001,"segment_id":37,"segment_len_meter":95.5026649515151,"segment_cum_len":22189.647283862734,"stop_segment_distance":11.771130646639264}
{"route_id":"68","stop_id":"9240","stop_lat":34.0531,"stop_lon":-118.222419,"stop_sequence":35,"segment_first_lat":34.052984112,"segment_first_lon":-118.2224817059,"segment_second_lat":34.0530724302,"segment_second_lon":-118.2227193062,"segment_sequence":350001,"segment_id":18,"segment_len_meter":23.99147344126541,"segment_cum_len":13768.881323867625,"stop_segment_distance":17.966021232846938}
{"route_id":"687","stop_id":"13404","stop_lat":34.144328,"stop_lon":-118.150594,"stop_sequence":30,"segment_first_lat":34.1443281535,"segment_first_lon":-118.1504417541,"segment_second_lat":34.1436604253,"segment_second_lon":-118.1504379082,"segment_sequence":300001,"segment_id":15,"segment_len_meter":74.24883178685536,"segment_cum_len":7917.263901459427,"stop_segment_distance":15.37009890087728}
{"route_id":"78","stop_id":"3804","stop_lat":34.056418,"stop_lon":-118.220338,"stop_sequence":17,"segment_first_lat":34.0565368091,"segment_first_lon":-118.2203950539,"segment_second_lat":34.0569838399,"segment_second_lon":-118.2190617726,"segment_sequence":170001,"segment_id":9,"segment_len_meter":132.50312617146878,"segment_cum_len":6232.93898576089,"stop_segment_distance":15.062219152944834}
{"route_id":"780","stop_id":"3965","stop_lat":34.10214,"stop_lon":-118.291617,"stop_sequence":16,"segment_first_lat":34.1021397846,"segment_first_lon":-118.2917693794,"segment_second_lat":34.1027003469,"segment_second_lon":-118.2917713354,"segment_sequence":160001,"segment_id":8,"segment_len_meter":62.33194400432038,"segment_cum_len":14490.358265850693,"stop_segment_distance":15.605838398034336}
{"route_id":"83","stop_id":"11914","stop_lat":34.071333,"stop_lon":-118.229758,"stop_sequence":39,"segment_first_lat":34.0711897712,"segment_first_lon":-118.2297117419,"segment_second_lat":34.0711179563,"segment_second_lon":-118.2299063651,"segment_sequence":390002,"segment_id":20,"segment_len_meter":19.62442348291641,"segment_cum_len":11326.67603871975,"stop_segment_distance":24.403198704837433}
{"route_id":"94","stop_id":"11320","stop_lat":34.23328,"stop_lon":-118.387581,"stop_sequence":21,"segment_first_lat":34.2333628477,"segment_first_lon":-118.3874665379,"segment_second_lat":34.2304374326,"segment_second_lon":-118.384367587,"segment_sequence":210001,"segment_id":11,"segment_len_meter":432.41061855618267,"segment_cum_len":9502.463805132102,"stop_segment_distance":14.214366068864422}
{"route_id":"96","stop_id":"12962","stop_lat":34.104101,"stop_lon":-118.253302,"stop_sequence":29,"segment_first_lat":34.1041642611,"segment_first_lon":-118.253212487,"segment_second_lat":34.1033797978,"segment_second_lon":-118.2523981563,"segment_sequence":290001,"segment_id":15,"segment_len_meter":115.02322621329725,"segment_cum_len":14461.237954745136,"stop_segment_distance":11.38222326412145}
