{"route_id":"108","stop_id":"14653","stop_lat":33.986331,"stop_lon":-118.17862,"stop_sequence":72,"segment_first_lat":33.9864582002,"segment_first_lon":-118.1785994787,"segment_second_lat":33.9862530252,"segment_second_lon":-118.1766719462,"segment_sequence":720001,"segment_id":36,"segment_len_meter":179.17609157284755,"segment_cum_len":23099.820709556603,"stop_segment_distance":14.912938939440494}
{"route_id":"115","stop_id":"17880","stop_lat":33.916825,"stop_lon":-118.099378,"stop_sequence":86,"segment_first_lat":33.9168255002,"segment_first_lon":-118.0992275132,"segment_second_lat":33.9158335301,"segment_second_lon":-118.0992289754,"segment_sequence":860001,"segment_id":43,"segment_len_meter":110.30212502514433,"segment_cum_len":29408.84281671088,"stop_segment_distance":14.684877674394514}
{"route_id":"120","stop_id":"7736","stop_lat":33.931101,"stop_lon":-118.295311,"stop_sequence":88,"segment_first_lat":33.9309759418,"segment_first_lon":-118.2953108061,"segment_second_lat":33.9309716919,"segment_second_lon":-118.2954752876,"segment_sequence":880001,"segment_id":44,"segment_len_meter":15.182356201092153,"segment_cum_len":37860.71370673071,"stop_segment_distance":19.615505240794896}
{"route_id":"125","stop_id":"10177","stop_lat":33.90184,"stop_lon":-118.269201,"stop_sequence":35,"segment_first_lat":33.9019663189,"segment_first_lon":-118.270512681,"segment_second_lat":33.9019667819,"segment_second_lon":-118.2692011214,"segment_sequence":340003,"segment_id":17,"segment_len_meter":121.04519268985366,"segment_cum_len":14186.77043939207,"stop_segment_distance":14.920937935466483}
{"route_id":"14","stop_id":"140896","stop_lat":34.076354,"stop_lon":-118.323883,"stop_sequence":60,"segment_first_lat":34.0762284611,"segment_first_lon":-118.3238825254,"segment_second_lat":34.0762280879,"segment_second_lon":-118.3248401766,"segment_sequence":600001,"segment_id":30,"segment_len_meter":88.20156694742262,"segment_cum_len":22164.509002799354,"stop_segment_distance":15.020415422100498}
{"route_id":"152","stop_id":"11312","stop_lat":34.164801,"stop_lon":-118.374087,"stop_sequence":3,"segment_first_lat":34.1649265064,"segment_first_lon":-118.3744176903,"segment_second_lat":34.1649275295,"segment_second_lon":-118.3740871187,"segment_sequence":20007,"segment_id":1,"segment_len_meter":30.414586948134122,"segment_cum_len":825.5266979017182,"stop_segment_distance":17.128141231982646}
{"route_id":"154","stop_id":"9101","stop_lat":34.17238,"stop_lon":-118.514519,"stop_sequence":61,"segment_first_lat":34.1722826334,"segment_first_lon":-118.5145219237,"segment_second_lat":34.1722957813,"segment_second_lon":-118.5163370394,"segment_sequence":610001,"segment_id":31,"segment_len_meter":166.99229076560903,"segment_cum_len":26212.96316747579,"stop_segment_distance":11.354451175631567}
{"route_id":"155","stop_id":"18045","stop_lat":34.157937,"stop_lon":-118.44837,"stop_sequence":6,"segment_first_lat":34.1580406726,"segment_first_lon":-118.4483674378,"segment_second_lat":34.1580362599,"segment_second_lon":-118.448297668,"segment_sequence":60001,"segment_id":3,"segment_len_meter":6.438446556222444,"segment_cum_len":1442.2312076852024,"stop_segment_distance":17.98039831481949}
{"route_id":"158","stop_id":"16839","stop_lat":34.219592,"stop_lon":-118.431708,"stop_sequence":26,"segment_first_lat":34.2189005881,"segment_first_lon":-118.4313538556,"segment_second_lat":34.2195223623,"segment_second_lon":-118.4318370485,"segment_sequence":250007,"segment_id":13,"segment_len_meter":82.18215784485541,"segment_cum_len":9674.301378641114,"stop_segment_distance":15.479322984788126}
{"route_id":"163","stop_id":"6230","stop_lat":34.201107,"stop_lon":-118.374825,"stop_sequence":62,"segment_first_lat":34.2012099584,"segment_first_lon":-118.3778511727,"segment_second_lat":34.2012064571,"segment_second_lon":-118.3748250704,"segment_sequence":610003,"segment_id":31,"segment_len_meter":278.29832980607193,"segment_cum_len":23679.94110606933,"stop_segment_distance":11.300867545888082}
{"route_id":"167","stop_id":"9254","stop_lat":34.225513,"stop_lon":-118.44037,"stop_sequence":54,"segment_first_lat":34.2255053912,"segment_first_lon":-118.4400653048,"segment_second_lat":34.2254378776,"segment_second_lon":-118.4403441583,"segment_sequence":530012,"segment_id":27,"segment_len_meter":26.714132851605164,"segment_cum_len":22245.204052115034,"stop_segment_distance":9.996650672465947}
{"route_id":"169","stop_id":"6076","stop_lat":34.206555,"stop_lon":-118.414568,"stop_sequence":111,"segment_first_lat":34.2073645596,"segment_first_lon":-118.4181504689,"segment_second_lat":34.206650989,"segment_second_lon":-118.4145404863,"segment_sequence":1100002,"segment_id":55,"segment_len_meter":341.3228388840437,"segment_cum_len":44127.23592553129,"stop_segment_distance":11.166040535058642}
{"route_id":"200","stop_id":"4664","stop_lat":34.047031,"stop_lon":-118.282658,"stop_sequence":19,"segment_first_lat":34.0461030255,"segment_first_lon":-118.2834203627,"segment_second_lat":34.0470915318,"segment_second_lon":-118.2827928716,"segment_sequence":180007,"segment_id":9,"segment_len_meter":124.19383178122196,"segment_cum_len":4574.705187094951,"stop_segment_distance":14.761996208253677}
{"route_id":"205","stop_id":"7397","stop_lat":33.737821,"stop_lon":-118.296897,"stop_sequence":17,"segment_first_lat":33.7378944093,"segment_first_lon":-118.2972100395,"segment_second_lat":33.7378932573,"segment_second_lon":-118.2968975858,"segment_sequence":160005,"segment_id":8,"segment_len_meter":28.892331876223707,"segment_cum_len":3270.432059741926,"stop_segment_distance":9.217642908477337}
{"route_id":"207","stop_id":"140989","stop_lat":33.988871,"stop_lon":-118.308773,"stop_sequence":22,"segment_first_lat":33.9879780068,"segment_first_lon":-118.308927609,"segment_second_lat":33.9888710607,"segment_second_lon":-118.308928265,"segment_sequence":210005,"segment_id":11,"segment_len_meter":99.30308131858473,"segment_cum_len":8706.384654745016,"stop_segment_distance":15.326118497696015}
{"route_id":"232","stop_id":"23200086","stop_lat":33.789683,"stop_lon":-118.325748,"stop_sequence":42,"segment_first_lat":33.789557245,"segment_first_lon":-118.3257479916,"segment_second_lat":33.7895577211,"segment_second_lon":-118.3282030582,"segment_sequence":420001,"segment_id":21,"segment_len_meter":226.87892062810457,"segment_cum_len":16342.36411705088,"stop_segment_distance":14.409631427063772}
{"route_id":"232","stop_id":"23200115","stop_lat":33.894478,"stop_lon":-118.39587,"stop_sequence":79,"segment_first_lat":33.8935076862,"segment_first_lon":-118.3960170429,"segment_second_lat":33.8944776624,"segment_second_lon":-118.3960216255,"segment_sequence":780005,"segment_id":39,"segment_len_meter":107.85726177187011,"segment_cum_len":31151.046430221842,"stop_segment_distance":14.881925358014229}
{"route_id":"234","stop_id":"20123","stop_lat":34.211805,"stop_lon":-118.466342,"stop_sequence":50,"segment_first_lat":34.2118054618,"segment_first_lon":-118.4661891952,"segment_second_lat":34.2105743766,"segment_second_lon":-118.4661958836,"segment_sequence":500001,"segment_id":25,"segment_len_meter":136.89181012964505,"segment_cum_len":18800.790522045354,"stop_segment_distance":14.656477735203737}
{"route_id":"251","stop_id":"12710","stop_lat":33.985698,"stop_lon":-118.225341,"stop_sequence":35,"segment_first_lat":33.9860447336,"segment_first_lon":-118.2251898631,"segment_second_lat":33.9856985054,"segment_second_lon":-118.225188932,"segment_sequence":340003,"segment_id":17,"segment_len_meter":38.498915015107556,"segment_cum_len":13261.343079316914,"stop_segment_distance":16.517875155814366}
{"route_id":"256","stop_id":"7572","stop_lat":34.140818,"stop_lon":-118.177433,"stop_sequence":72,"segment_first_lat":34.1409223486,"segment_first_lon":-118.1776446541,"segment_second_lat":34.1409174431,"segment_second_lon":-118.177429832,"segment_sequence":710041,"segment_id":36,"segment_len_meter":19.77793673793854,"segment_cum_len":21523.98914203494,"stop_segment_distance":13.956294262766953}
{"route_id":"258","stop_id":"142419","stop_lat":33.944334,"stop_lon":-118.166526,"stop_sequence":74,"segment_first_lat":33.9444417084,"segment_first_lon":-118.1662554509,"segment_second_lat":33.9442645544,"segment_second_lon":-118.1663952233,"segment_sequence":730011,"segment_id":37,"segment_len_meter":23.543016155594167,"segment_cum_len":27321.43008483554,"stop_segment_distance":18.46212431064987}
{"route_id":"265","stop_id":"4266","stop_lat":33.946456,"stop_lon":-118.135019,"stop_sequence":42,"segment_first_lat":33.9465211281,"segment_first_lon":-118.1351472537,"segment_second_lat":33.9474627652,"segment_second_lon":-118.1344537314,"segment_sequence":420001,"segment_id":21,"segment_len_meter":122.70133703211137,"segment_cum_len":16435.90020548713,"stop_segment_distance":14.664335930117275}
{"route_id":"267","stop_id":"6525","stop_lat":34.117729,"stop_lon":-118.062911,"stop_sequence":19,"segment_first_lat":34.1177059201,"segment_first_lon":-118.0630589146,"segment_second_lat":34.118360942,"segment_second_lon":-118.0631925558,"segment_sequence":190001,"segment_id":10,"segment_len_meter":73.86681269880961,"segment_cum_len":6998.14899361805,"stop_segment_distance":14.88601922653271}
{"route_id":"268","stop_id":"11557","stop_lat":34.092818,"stop_lon":-118.03245,"stop_sequence":13,"segment_first_lat":34.0927184713,"segment_first_lon":-118.0324639442,"segment_second_lat":34.092793007,"segment_second_lon":-118.0332226465,"segment_sequence":130001,"segment_id":7,"segment_len_meter":70.35421847959869,"segment_cum_len":4172.728183362404,"stop_segment_distance":11.989694181363134}
{"route_id":"28","stop_id":"10312","stop_lat":34.13498,"stop_lon":-118.215466,"stop_sequence":12,"segment_first_lat":34.1349504405,"segment_first_lon":-118.2153168319,"segment_second_lat":34.1342411087,"segment_second_lon":-118.2155301298,"segment_sequence":120001,"segment_id":6,"segment_len_meter":81.28052217940467,"segment_cum_len":3692.1575265656907,"stop_segment_distance":15.209291955318278}
{"route_id":"30","stop_id":"7914","stop_lat":34.047164,"stop_lon":-118.284411,"stop_sequence":17,"segment_first_lat":34.0472898077,"segment_first_lon":-118.2847151147,"segment_second_lat":34.0472905233,"segment_second_lon":-118.2844114155,"segment_sequence":160007,"segment_id":8,"segment_len_meter":27.980958998867013,"segment_cum_len":5208.900571607862,"stop_segment_distance":17.405086054805988}
{"route_id":"344","stop_id":"147","stop_lat":33.872703,"stop_lon":-118.352026,"stop_sequence":33,"segment_first_lat":33.8728287285,"segment_first_lon":-118.352026844,"segment_second_lat":33.8728316706,"segment_second_lon":-118.3483669526,"segment_sequence":330001,"segment_id":17,"segment_len_meter":337.8906800151443,"segment_cum_len":19699.82535851864,"stop_segment_distance":14.20560883747379}
{"route_id":"4","stop_id":"14401","stop_lat":34.090853,"stop_lon":-118.344572,"stop_sequence":50,"segment_first_lat":34.0907228833,"segment_first_lon":-118.3445747063,"segment_second_lat":34.0907272787,"segment_second_lon":-118.3451527189,"segment_sequence":500001,"segment_id":25,"segment_len_meter":53.22922685615543,"segment_cum_len":15530.983041339012,"stop_segment_distance":16.514444250916092}
{"route_id":"40","stop_id":"9956","stop_lat":33.971426,"stop_lon":-118.343962,"stop_sequence":53,"segment_first_lat":33.9718498853,"segment_first_lon":-118.3428389061,"segment_second_lat":33.9713426226,"segment_second_lon":-118.3439034405,"segment_sequence":520017,"segment_id":26,"segment_len_meter":113.2175874642836,"segment_cum_len":19898.154545840192,"stop_segment_distance":11.299411682675043}
{"route_id":"487","stop_id":"1529","stop_lat":34.103075,"stop_lon":-118.096045,"stop_sequence":19,"segment_first_lat":34.1032026518,"segment_first_lon":-118.0960651199,"segment_second_lat":34.1033811235,"segment_second_lon":-118.0944998876,"segment_sequence":190001,"segment_id":10,"segment_len_meter":145.47485009650092,"segment_cum_len":19138.735168240517,"stop_segment_distance":15.117919774306102}
{"route_id":"577","stop_id":"14333","stop_lat":34.070439,"stop_lon":-118.042314,"stop_sequence":2,"segment_first_lat":34.0711700191,"segment_first_lon":-118.0421691748,"segment_second_lat":34.0704418386,"segment_second_lon":-118.0421598923,"segment_sequence":10010,"segment_id":1,"segment_len_meter":80.9744912366222,"segment_cum_len":527.5533195569509,"stop_segment_distance":15.59650884777794}
{"route_id":"602","stop_id":"8001","stop_lat":34.052718,"stop_lon":-118.502651,"stop_sequence":26,"segment_first_lat":34.0527747953,"segment_first_lon":-118.5028892206,"segment_second_lat":34.0528348975,"segment_second_lon":-118.5027096582,"segment_sequence":250009,"segment_id":13,"segment_len_meter":17.841570217315695,"segment_cum_len":8137.2892066187715,"stop_segment_distance":19.07268452268711}
{"route_id":"62","stop_id":"4375","stop_lat":33.865885,"stop_lon":-118.082338,"stop_sequence":68,"segment_first_lat":33.8657506801,"segment_first_lon":-118.0821828288,"segment_second_lat":33.8657326954,"segment_second_lon":-118.084350227,"segment_sequence":680002,"segment_id":34,"segment_len_meter":200.12634623269815,"segment_cum_len":33814.70080631255,"stop_segment_distance":7.1294548274861995}
{"route_id":"66","stop_id":"1609","stop_lat":34.025482,"stop_lon":-118.229669,"stop_sequence":32,"segment_first_lat":34.0256120792,"segment_first_lon":-118.2296691507,"segment_second_lat":34.0256144681,"segment_second_lon":-118.2292797283,"segment_sequence":320001,"segment_id":16,"segment_len_meter":35.888970102980636,"segment_cum_len":9427.803647693492,"stop_segment_distance":17.355583214927854}
{"route_id":"76","stop_id":"10233","stop_lat":34.08028,"stop_lon":-118.091082,"stop_sequence":16,"segment_first_lat":34.0801541193,"segment_first_lon":-118.0910715222,"segment_second_lat":34.0800332361,"segment_second_lon":-118.0935587471,"segment_sequence":160001,"segment_id":8,"segment_len_meter":229.4618802745392,"segment_cum_len":6034.6659888680815,"stop_segment_distance":14.31574307885873}
{"route_id":"78","stop_id":"1533","stop_lat":34.102654,"stop_lon":-118.099807,"stop_sequence":61,"segment_first_lat":34.1026808808,"segment_first_lon":-118.1007290819,"segment_second_lat":34.1027816526,"segment_second_lon":-118.0998260855,"segment_sequence":600005,"segment_id":30,"segment_len_meter":83.89340311178493,"segment_cum_len":19448.087298672992,"stop_segment_distance":15.360916283814817}
{"route_id":"78","stop_id":"2847","stop_lat":34.107501,"stop_lon":-118.045253,"stop_sequence":77,"segment_first_lat":34.107627576,"segment_first_lon":-118.0452568198,"segment_second_lat":34.1076445161,"segment_second_lon":-118.0440309095,"segment_sequence":770001,"segment_id":39,"segment_len_meter":112.8825803046622,"segment_cum_len":24669.268700428474,"stop_segment_distance":14.837749500238132}
{"route_id":"92","stop_id":"2528","stop_lat":34.29936,"stop_lon":-118.439524,"stop_sequence":117,"segment_first_lat":34.2992908852,"segment_first_lon":-118.4394353952,"segment_second_lat":34.2984002644,"segment_second_lon":-118.4404266704,"segment_sequence":1170001,"segment_id":59,"segment_len_meter":134.53234746313177,"segment_cum_len":40172.231115653485,"stop_segment_distance":11.80670648520541}
{"route_id":"96","stop_id":"18096","stop_lat":34.086326,"stop_lon":-118.231973,"stop_sequence":38,"segment_first_lat":34.0868250025,"segment_first_lon":-118.2326643314,"segment_second_lat":34.0864079605,"segment_second_lon":-118.2319055446,"segment_sequence":370004,"segment_id":19,"segment_len_meter":83.86460282326257,"segment_cum_len":17218.72472846676,"stop_segment_distance":11.616017848658103}
