{"route_id":"105","stop_id":"4201","stop_lat":34.004063,"stop_lon":-118.227782,"stop_sequence":2,"segment_first_lat":34.0046256348,"segment_first_lon":-118.2274511155,"segment_second_lat":34.0039151436,"segment_second_lon":-118.2275409081,"segment_sequence":10001,"segment_id":1,"segment_len_meter":79.43542636911992,"segment_cum_len":79.43542636911992,"stop_segment_distance":17.810079013511853}
{"route_id":"108","stop_id":"6258","stop_lat":33.989016,"stop_lon":-118.312267,"stop_sequence":31,"segment_first_lat":33.9891427491,"segment_first_lon":-118.3122670081,"segment_second_lat":33.9891451698,"segment_second_lon":-118.3113301537,"segment_sequence":310001,"segment_id":16,"segment_len_meter":86.37516459679523,"segment_cum_len":10663.86327748734,"stop_segment_distance":15.27881596066544}
{"route_id":"111","stop_id":"1960","stop_lat":33.952424,"stop_lon":-118.127992,"stop_sequence":74,"segment_first_lat":33.9534296786,"segment_first_lon":-118.1297157193,"segment_second_lat":33.9525314093,"segment_second_lon":-118.1279133104,"segment_sequence":730001,"segment_id":37,"segment_len_meter":193.9446656797993,"segment_cum_len":27645.468701180675,"stop_segment_distance":14.408436912485058}
{"route_id":"111","stop_id":"1967","stop_lat":33.942212,"stop_lon":-118.107011,"stop_sequence":81,"segment_first_lat":33.9428208322,"segment_first_lon":-118.1079286927,"segment_second_lat":33.9423177642,"segment_second_lon":-118.1069336824,"segment_sequence":800003,"segment_id":40,"segment_len_meter":107.48924837144483,"segment_cum_len":29891.141624055283,"stop_segment_distance":14.660285861912897}
{"route_id":"111","stop_id":"852","stop_lat":33.974405,"stop_lon":-118.3303,"stop_sequence":23,"segment_first_lat":33.9745376517,"segment_first_lon":-118.3303000984,"segment_second_lat":33.974541726,"segment_second_lon":-118.3294128875,"segment_sequence":230001,"segment_id":12,"segment_len_meter":81.8130949092805,"segment_cum_len":8534.225849683862,"stop_segment_distance":16.14071884033868}
{"route_id":"115","stop_id":"1919","stop_lat":33.947191,"stop_lon":-118.148526,"stop_sequence":71,"segment_first_lat":33.9472533917,"segment_first_lon":-118.1489443812,"segment_second_lat":33.9473187189,"segment_second_lon":-118.1485567519,"segment_sequence":700013,"segment_id":35,"segment_len_meter":36.486093596203574,"segment_cum_len":23336.012773853545,"stop_segment_distance":17.207064531045944}
{"route_id":"117","stop_id":"6631","stop_lat":33.944328,"stop_lon":-118.207775,"stop_sequence":52,"segment_first_lat":33.9445435281,"segment_first_lon":-118.2085963494,"segment_second_lat":33.9444542984,"segment_second_lon":-118.2077566993,"segment_sequence":510004,"segment_id":26,"segment_len_meter":78.08640770424299,"segment_cum_len":19391.71343029166,"stop_segment_distance":15.523816675939429}
{"route_id":"120","stop_id":"10537","stop_lat":33.93542,"stop_lon":-118.084783,"stop_sequence":29,"segment_first_lat":33.9352934775,"segment_first_lon":-118.0847828942,"segment_second_lat":33.9352893433,"segment_second_lon":-118.0871136426,"segment_sequence":290001,"segment_id":15,"segment_len_meter":215.02353894585193,"segment_cum_len":12100.023938889628,"stop_segment_distance":14.548530992492118}
{"route_id":"125","stop_id":"17335","stop_lat":33.901804,"stop_lon":-118.313632,"stop_sequence":24,"segment_first_lat":33.9019305078,"segment_first_lon":-118.3178408217,"segment_second_lat":33.9019310882,"segment_second_lon":-118.3136326201,"segment_sequence":230002,"segment_id":12,"segment_len_meter":388.3794133968258,"segment_cum_len":10085.812059621083,"stop_segment_distance":14.44382405414001}
{"route_id":"125","stop_id":"19137","stop_lat":33.902579,"stop_lon":-118.116517,"stop_sequence":77,"segment_first_lat":33.902578878,"segment_first_lon":-118.1166360305,"segment_second_lat":33.9031614179,"segment_second_lon":-118.1166368411,"segment_sequence":770001,"segment_id":39,"segment_len_meter":64.77552464805675,"segment_cum_len":30660.92956593557,"stop_segment_distance":11.9094137755919}
{"route_id":"152","stop_id":"10417","stop_lat":34.178919,"stop_lon":-118.623494,"stop_sequence":93,"segment_first_lat":34.1789196812,"segment_first_lon":-118.6233422442,"segment_second_lat":34.1773781419,"segment_second_lon":-118.6233333869,"segment_sequence":930001,"segment_id":47,"segment_len_meter":171.4132859001318,"segment_cum_len":37649.01159360797,"stop_segment_distance":14.518434426878173}
{"route_id":"154","stop_id":"3629","stop_lat":34.175236,"stop_lon":-118.349013,"stop_sequence":13,"segment_first_lat":34.1753587655,"segment_first_lon":-118.3482398787,"segment_second_lat":34.1751179071,"segment_second_lon":-118.3489569731,"segment_sequence":120009,"segment_id":6,"segment_len_meter":71.19783106969658,"segment_cum_len":5700.404565309666,"stop_segment_distance":15.329596792013618}
{"route_id":"154","stop_id":"4174","stop_lat":34.179502,"stop_lon":-118.452903,"stop_sequence":49,"segment_first_lat":34.1793997629,"segment_first_lon":-118.4508920705,"segment_second_lat":34.1794024189,"segment_second_lon":-118.4529023428,"segment_sequence":480004,"segment_id":24,"segment_len_meter":184.92443700576072,"segment_cum_len":19195.471317618296,"stop_segment_distance":11.482177999196097}
{"route_id":"161","stop_id":"11475","stop_lat":34.145933,"stop_lon":-118.806121,"stop_sequence":45,"segment_first_lat":34.1458570485,"segment_first_lon":-118.8060073972,"segment_second_lat":34.1454365545,"segment_second_lon":-118.8063867304,"segment_sequence":450001,"segment_id":23,"segment_len_meter":58.3507824092145,"segment_cum_len":27362.082473935254,"stop_segment_distance":15.464983570109965}
{"route_id":"167","stop_id":"18223","stop_lat":34.150249,"stop_lon":-118.409588,"stop_sequence":91,"segment_first_lat":34.1503745839,"segment_first_lon":-118.4134429605,"segment_second_lat":34.1503756106,"segment_second_lon":-118.4095891127,"segment_sequence":900001,"segment_id":45,"segment_len_meter":354.63595787520745,"segment_cum_len":36441.56587009203,"stop_segment_distance":14.456214217600916}
{"route_id":"169","stop_id":"5820","stop_lat":34.210228,"stop_lon":-118.356251,"stop_sequence":127,"segment_first_lat":34.2103248483,"segment_first_lon":-118.3561551421,"segment_second_lat":34.2091781281,"segment_second_lon":-118.3544799583,"segment_sequence":1270001,"segment_id":64,"segment_len_meter":199.97060657188175,"segment_cum_len":51489.231602771426,"stop_segment_distance":14.324017615514919}
{"route_id":"169","stop_id":"6106","stop_lat":34.208361,"stop_lon":-118.465859,"stop_sequence":86,"segment_first_lat":34.2084589628,"segment_first_lon":-118.4658599394,"segment_second_lat":34.208461371,"segment_second_lon":-118.4640176766,"segment_sequence":860001,"segment_id":43,"segment_len_meter":169.41089269994293,"segment_cum_len":35815.34680740648,"stop_segment_distance":11.174233074857511}
{"route_id":"180","stop_id":"3675","stop_lat":34.177308,"stop_lon":-118.131719,"stop_sequence":86,"segment_first_lat":34.1773130365,"segment_first_lon":-118.1318725171,"segment_second_lat":34.1784564836,"segment_second_lon":-118.1318200991,"segment_sequence":860001,"segment_id":43,"segment_len_meter":127.23692080677581,"segment_cum_len":26438.617128981354,"stop_segment_distance":14.940259527512225}
{"route_id":"183","stop_id":"16845","stop_lat":34.164778,"stop_lon":-118.431435,"stop_sequence":12,"segment_first_lat":34.1649027318,"segment_first_lon":-118.4333659832,"segment_second_lat":34.164904689,"segment_second_lon":-118.4314354243,"segment_sequence":110002,"segment_id":6,"segment_len_meter":177.62203726812248,"segment_cum_len":4370.430007650444,"stop_segment_distance":14.666823475943318}
{"route_id":"2","stop_id":"8058","stop_lat":34.098042,"stop_lon":-118.28757,"stop_sequence":56,"segment_first_lat":34.0981646043,"segment_first_lon":-118.2875704643,"segment_second_lat":34.0981685695,"segment_second_lon":-118.2874053222,"segment_sequence":560001,"segment_id":28,"segment_len_meter":15.212362224895982,"segment_cum_len":17764.99448178265,"stop_segment_distance":19.108789397443324}
{"route_id":"204","stop_id":"5643","stop_lat":33.941783,"stop_lon":-118.291412,"stop_sequence":7,"segment_first_lat":33.9417830186,"segment_first_lon":-118.291562686,"segment_second_lat":33.9423243466,"segment_second_lon":-118.2915622621,"segment_sequence":70001,"segment_id":4,"segment_len_meter":60.19293995280175,"segment_cum_len":2036.8621154696689,"stop_segment_distance":15.477857761346257}
{"route_id":"224","stop_id":"20346","stop_lat":34.231079,"stop_lon":-118.387624,"stop_sequence":31,"segment_first_lat":34.2310783583,"segment_first_lon":-118.387776187,"segment_second_lat":34.2330430617,"segment_second_lon":-118.3877882904,"segment_sequence":310001,"segment_id":16,"segment_len_meter":218.4678840185229,"segment_cum_len":11314.450928774862,"stop_segment_distance":14.438679976560053}
{"route_id":"224","stop_id":"5825","stop_lat":34.277049,"stop_lon":-118.433505,"stop_sequence":44,"segment_first_lat":34.2767584649,"segment_first_lon":-118.4334007398,"segment_second_lat":34.2769651497,"segment_second_lon":-118.433618963,"segment_sequence":430003,"segment_id":22,"segment_len_meter":30.499687401730842,"segment_cum_len":17780.712502978775,"stop_segment_distance":17.21744956301033}
{"route_id":"232","stop_id":"23200003","stop_lat":33.923536,"stop_lon":-118.395948,"stop_sequence":85,"segment_first_lat":33.9236359385,"segment_first_lon":-118.3959474835,"segment_second_lat":33.9236239782,"segment_second_lon":-118.3927147996,"segment_sequence":850001,"segment_id":43,"segment_len_meter":298.274851724948,"segment_cum_len":34725.56254493097,"stop_segment_distance":11.317980943168891}
{"route_id":"237","stop_id":"10123","stop_lat":34.157193,"stop_lon":-118.370175,"stop_sequence":25,"segment_first_lat":34.1567064349,"segment_first_lon":-118.3703250877,"segment_second_lat":34.1571928096,"segment_second_lon":-118.3703255905,"segment_sequence":240004,"segment_id":12,"segment_len_meter":54.08241887633257,"segment_cum_len":9649.861801850851,"stop_segment_distance":15.612322693298808}
{"route_id":"258","stop_id":"11683","stop_lat":34.037281,"stop_lon":-118.161971,"stop_sequence":42,"segment_first_lat":34.0406033416,"segment_first_lon":-118.1618715573,"segment_second_lat":34.0372812055,"segment_second_lon":-118.1618496177,"segment_sequence":410002,"segment_id":21,"segment_len_meter":369.41021142617615,"segment_cum_len":16142.980205466256,"stop_segment_distance":11.31564477065126}
{"route_id":"260","stop_id":"13168","stop_lat":34.082709,"stop_lon":-118.134691,"stop_sequence":37,"segment_first_lat":34.0827094421,"segment_first_lon":-118.1345357538,"segment_second_lat":34.0794120267,"segment_second_lon":-118.134513938,"segment_sequence":370001,"segment_id":19,"segment_len_meter":366.6613682825106,"segment_cum_len":13314.563983066875,"stop_segment_distance":14.605294618590506}
{"route_id":"266","stop_id":"17791","stop_lat":33.860551,"stop_lon":-118.142325,"stop_sequence":5,"segment_first_lat":33.8605505458,"segment_first_lon":-118.142476934,"segment_second_lat":33.8615067831,"segment_second_lon":-118.1424811937,"segment_sequence":50001,"segment_id":3,"segment_len_meter":106.3294638918845,"segment_cum_len":3526.1381625536565,"stop_segment_distance":14.951909383022112}
{"route_id":"266","stop_id":"2510","stop_lat":33.847242,"stop_lon":-118.142967,"stop_sequence":2,"segment_first_lat":33.8471120225,"segment_first_lon":-118.1429671879,"segment_second_lat":33.8471201137,"segment_second_lon":-118.1440177377,"segment_sequence":20001,"segment_id":1,"segment_len_meter":97.0228225140484,"segment_cum_len":459.19592068399874,"stop_segment_distance":15.407877123791451}
{"route_id":"33","stop_id":"1131","stop_lat":34.038897,"stop_lon":-118.258109,"stop_sequence":73,"segment_first_lat":34.0375947741,"segment_first_lon":-118.2593457934,"segment_second_lat":34.0389672424,"segment_second_lon":-118.2582347155,"segment_sequence":720005,"segment_id":36,"segment_len_meter":183.7704712820015,"segment_cum_len":23181.133073537632,"stop_segment_distance":14.468467964019283}
{"route_id":"35","stop_id":"16473","stop_lat":34.03587,"stop_lon":-118.367005,"stop_sequence":77,"segment_first_lat":34.0357596304,"segment_first_lon":-118.3669304937,"segment_second_lat":34.0356664131,"segment_second_lon":-118.3671324152,"segment_sequence":770001,"segment_id":39,"segment_len_meter":21.298640550957035,"segment_cum_len":24046.054337119498,"stop_segment_distance":18.26503218446415}
{"route_id":"4","stop_id":"14440","stop_lat":34.090866,"stop_lon":-118.330816,"stop_sequence":46,"segment_first_lat":34.0907397261,"segment_first_lon":-118.3298772039,"segment_second_lat":34.0907396344,"segment_second_lon":-118.3308152056,"segment_sequence":450004,"segment_id":23,"segment_len_meter":86.37699640812055,"segment_cum_len":14210.68829533509,"stop_segment_distance":15.257324223822025}
{"route_id":"4","stop_id":"16309","stop_lat":34.092103,"stop_lon":-118.279844,"stop_sequence":31,"segment_first_lat":34.0920151362,"segment_first_lon":-118.2799636161,"segment_second_lat":34.0924364803,"segment_second_lon":-118.2803967139,"segment_sequence":310001,"segment_id":16,"segment_len_meter":61.52715354293784,"segment_cum_len":9429.245246504755,"stop_segment_distance":16.1682268400821}
{"route_id":"40","stop_id":"11240","stop_lat":34.011193,"stop_lon":-118.287565,"stop_sequence":26,"segment_first_lat":34.0110637003,"segment_first_lon":-118.2875543471,"segment_second_lat":34.0110347889,"segment_second_lon":-118.28803996,"segment_sequence":260001,"segment_id":13,"segment_len_meter":44.87558986881271,"segment_cum_len":10098.112975419188,"stop_segment_distance":16.716214322527136}
{"route_id":"51","stop_id":"5883","stop_lat":34.030081,"stop_lon":-118.255996,"stop_sequence":29,"segment_first_lat":34.030582204,"segment_first_lon":-118.2554856461,"segment_second_lat":34.0300169949,"segment_second_lon":-118.2558621489,"segment_sequence":280004,"segment_id":14,"segment_len_meter":71.78922593050679,"segment_cum_len":7009.568911813979,"stop_segment_distance":15.374734432975586}
{"route_id":"603","stop_id":"14239","stop_lat":34.133609,"stop_lon":-118.26271,"stop_sequence":10,"segment_first_lat":34.1344220069,"segment_first_lon":-118.2629672971,"segment_second_lat":34.1336586849,"segment_second_lon":-118.2625703367,"segment_sequence":90016,"segment_id":5,"segment_len_meter":92.40706035810447,"segment_cum_len":2602.9523993902894,"stop_segment_distance":15.03694370706566}
{"route_id":"62","stop_id":"5138","stop_lat":34.047387,"stop_lon":-118.253315,"stop_sequence":5,"segment_first_lat":34.0480697058,"segment_first_lon":-118.2541492671,"segment_second_lat":34.0474698197,"segment_second_lon":-118.2532462421,"segment_sequence":40003,"segment_id":2,"segment_len_meter":106.6368666727028,"segment_cum_len":2540.563143709992,"stop_segment_distance":12.572415504285232}
{"route_id":"66","stop_id":"5568","stop_lat":34.024555,"stop_lon":-118.21966,"stop_sequence":34,"segment_first_lat":34.0245648084,"segment_first_lon":-118.2198118696,"segment_second_lat":34.0255388387,"segment_second_lon":-118.2197088201,"segment_sequence":340001,"segment_id":17,"segment_len_meter":108.72278806949586,"segment_cum_len":10467.05068092929,"stop_segment_distance":14.806007170293682}
{"route_id":"665","stop_id":"2106","stop_lat":34.040329,"stop_lon":-118.184713,"stop_sequence":11,"segment_first_lat":34.0403288783,"segment_first_lon":-118.1846275516,"segment_second_lat":34.0381058552,"segment_second_lon":-118.1846285881,"segment_sequence":110001,"segment_id":6,"segment_len_meter":247.18890898377276,"segment_cum_len":4747.242405582478,"stop_segment_distance":8.009155519275794}
{"route_id":"71","stop_id":"5372","stop_lat":34.036427,"stop_lon":-118.264293,"stop_sequence":4,"segment_first_lat":34.0358819188,"segment_first_lon":-118.2648393722,"segment_second_lat":34.0364674344,"segment_second_lon":-118.2643629573,"segment_sequence":30003,"segment_id":2,"segment_len_meter":78.52390480325226,"segment_cum_len":691.9459675244543,"stop_segment_distance":8.128164563650373}
{"route_id":"734","stop_id":"14983","stop_lat":34.290357,"stop_lon":-118.448837,"stop_sequence":2,"segment_first_lat":34.2904429682,"segment_first_lon":-118.4487201252,"segment_second_lat":34.2903353791,"segment_second_lon":-118.4486112853,"segment_sequence":20001,"segment_id":1,"segment_len_meter":15.591699361920885,"segment_cum_len":583.8771022303395,"stop_segment_distance":19.659094866866727}
{"route_id":"854","stop_id":"1172","stop_lat":34.050438,"stop_lon":-118.241133,"stop_sequence":2,"segment_first_lat":34.0513341288,"segment_first_lon":-118.2421359904,"segment_second_lat":34.0505325792,"segment_second_lon":-118.2410353519,"segment_sequence":10046,"segment_id":1,"segment_len_meter":135.0039057197918,"segment_cum_len":1696.5961995942832,"stop_segment_distance":14.732034066080928}
{"route_id":"901","stop_id":"15515","stop_lat":34.185972,"stop_lon":-118.500718,"stop_sequence":8,"segment_first_lat":34.1859316389,"segment_first_lon":-118.4998055984,"segment_second_lat":34.1859231931,"segment_second_lon":-118.5007181725,"segment_sequence":70018,"segment_id":4,"segment_len_meter":83.94611145092095,"segment_cum_len":12272.363227459,"stop_segment_distance":5.525870810634601}
{"route_id":"94","stop_id":"14229","stop_lat":34.218819,"stop_lon":-118.368851,"stop_sequence":26,"segment_first_lat":34.2189190587,"segment_first_lon":-118.3687512272,"segment_second_lat":34.2183872507,"segment_second_lon":-118.3679688811,"segment_sequence":260001,"segment_id":13,"segment_len_meter":93.1203783148804,"segment_cum_len":11523.091081906074,"stop_segment_distance":15.551324540216967}
