{"route_id":"106","stop_id":"142327","stop_lat":34.040446,"stop_lon":-118.212011,"stop_sequence":20,"segment_first_lat":34.0403844362,"segment_first_lon":-118.2118756581,"segment_second_lat":34.0392111662,"segment_second_lon":-118.2126183335,"segment_sequence":200001,"segment_id":10,"segment_len_meter":147.3196743162468,"segment_cum_len":7264.456483736006,"stop_segment_distance":15.179189056181542}
{"route_id":"120","stop_id":"10044","stop_lat":33.931186,"stop_lon":-118.264927,"stop_sequence":80,"segment_first_lat":33.931051839,"segment_first_lon":-118.2632520427,"segment_second_lat":33.931057789,"segment_second_lon":-118.2649266953,"segment_sequence":790005,"segment_id":40,"segment_len_meter":154.50407344462033,"segment_cum_len":34084.44346300096,"stop_segment_distance":15.001424389515847}
{"route_id":"125","stop_id":"16963","stop_lat":33.901752,"stop_lon":-118.395677,"stop_sequence":3,"segment_first_lat":33.901882056,"segment_first_lon":-118.3956769818,"segment_second_lat":33.9018794061,"segment_second_lon":-118.3929589318,"segment_sequence":30001,"segment_id":2,"segment_len_meter":250.85205000617583,"segment_cum_len":2061.572664458566,"stop_segment_distance":14.862983655089408}
{"route_id":"128","stop_id":"17302","stop_lat":33.896134,"stop_lon":-118.219683,"stop_sequence":48,"segment_first_lat":33.8960145752,"segment_first_lon":-118.2190562803,"segment_second_lat":33.8960134351,"segment_second_lon":-118.2196826837,"segment_sequence":470003,"segment_id":24,"segment_len_meter":57.81558768047424,"segment_cum_len":20748.070428627674,"stop_segment_distance":14.939964668171797}
{"route_id":"130","stop_id":"13362","stop_lat":33.875199,"stop_lon":-118.248914,"stop_sequence":33,"segment_first_lat":33.8751998977,"segment_first_lon":-118.2487055059,"segment_second_lat":33.8739826263,"segment_second_lon":-118.2486966242,"segment_sequence":330001,"segment_id":17,"segment_len_meter":135.35688764043533,"segment_cum_len":16880.405801512392,"stop_segment_distance":20.626829992705893}
{"route_id":"158","stop_id":"16853","stop_lat":34.212561,"stop_lon":-118.430769,"stop_sequence":23,"segment_first_lat":34.2107161818,"segment_first_lon":-118.4309113621,"segment_second_lat":34.2125599863,"segment_second_lon":-118.4309208766,"segment_sequence":220003,"segment_id":11,"segment_len_meter":205.02357287258658,"segment_cum_len":8879.203630537664,"stop_segment_distance":14.494162239287107}
{"route_id":"161","stop_id":"20094","stop_lat":34.155543,"stop_lon":-118.765457,"stop_sequence":38,"segment_first_lat":34.1554249524,"segment_first_lon":-118.7654457816,"segment_second_lat":34.15540184,"segment_second_lon":-118.7656240646,"segment_sequence":380002,"segment_id":19,"segment_len_meter":16.604934370272947,"segment_cum_len":22930.641346018074,"stop_segment_distance":18.532069046935387}
{"route_id":"163","stop_id":"6215","stop_lat":34.200869,"stop_lon":-118.579404,"stop_sequence":15,"segment_first_lat":34.2009942601,"segment_first_lon":-118.5794044827,"segment_second_lat":34.2009984131,"segment_second_lon":-118.5775590818,"segment_sequence":150001,"segment_id":8,"segment_len_meter":169.71490938759464,"segment_cum_len":4988.030050954326,"stop_segment_distance":14.492597578952541}
{"route_id":"163","stop_id":"6241","stop_lat":34.201044,"stop_lon":-118.483826,"stop_sequence":37,"segment_first_lat":34.2011484926,"segment_first_lon":-118.4858972326,"segment_second_lat":34.2011694302,"segment_second_lon":-118.4838270396,"segment_sequence":360006,"segment_id":18,"segment_len_meter":190.40139584257028,"segment_cum_len":13636.119987585009,"stop_segment_distance":14.383084002930559}
{"route_id":"167","stop_id":"18222","stop_lat":34.150249,"stop_lon":-118.413442,"stop_sequence":90,"segment_first_lat":34.1503745839,"segment_first_lon":-118.4134429605,"segment_second_lat":34.1503756106,"segment_second_lon":-118.4095891127,"segment_sequence":900001,"segment_id":45,"segment_len_meter":354.63595787520745,"segment_cum_len":36441.56587009203,"stop_segment_distance":14.155836040316217}
{"route_id":"176","stop_id":"13071","stop_lat":34.078105,"stop_lon":-118.072944,"stop_sequence":50,"segment_first_lat":34.0781018627,"segment_first_lon":-118.073096473,"segment_second_lat":34.0785552527,"segment_second_lon":-118.0731090878,"segment_sequence":500001,"segment_id":25,"segment_len_meter":50.42805322437255,"segment_cum_len":19624.297613513914,"stop_segment_distance":15.942675611739645}
{"route_id":"180","stop_id":"2476","stop_lat":34.101513,"stop_lon":-118.325355,"stop_sequence":2,"segment_first_lat":34.1016300729,"segment_first_lon":-118.3266598555,"segment_second_lat":34.1016385394,"segment_second_lon":-118.3253551031,"segment_sequence":10008,"segment_id":1,"segment_len_meter":120.13789166923665,"segment_cum_len":462.19600722947905,"stop_segment_distance":14.668446408182277}
{"route_id":"201","stop_id":"19089","stop_lat":34.106675,"stop_lon":-118.267386,"stop_sequence":36,"segment_first_lat":34.1069310756,"segment_first_lon":-118.2672579166,"segment_second_lat":34.1066660909,"segment_second_lon":-118.2672983626,"segment_sequence":350002,"segment_id":18,"segment_len_meter":29.699331633183355,"segment_cum_len":9713.102440914347,"stop_segment_distance":9.249543754966894}
{"route_id":"204","stop_id":"5685","stop_lat":34.055776,"stop_lon":-118.291466,"stop_sequence":47,"segment_first_lat":34.0549811311,"segment_first_lon":-118.2916115201,"segment_second_lat":34.0557755344,"segment_second_lon":-118.291614289,"segment_sequence":460004,"segment_id":23,"segment_len_meter":88.33398497584655,"segment_cum_len":14655.238056812039,"stop_segment_distance":14.723412726327354}
{"route_id":"204","stop_id":"5696","stop_lat":34.046991,"stop_lon":-118.291438,"stop_sequence":44,"segment_first_lat":34.0445228104,"segment_first_lon":-118.2915787029,"segment_second_lat":34.0469903716,"segment_second_lon":-118.2915899427,"segment_sequence":430001,"segment_id":22,"segment_len_meter":274.3822408878063,"segment_cum_len":13678.35729294334,"stop_segment_distance":14.37314446561112}
{"route_id":"210","stop_id":"13368","stop_lat":33.92877,"stop_lon":-118.326649,"stop_sequence":69,"segment_first_lat":33.9306361566,"segment_first_lon":-118.3264903194,"segment_second_lat":33.9288005729,"segment_second_lon":-118.3264970119,"segment_sequence":680001,"segment_id":34,"segment_len_meter":204.10852881943748,"segment_cum_len":23063.560876640593,"stop_segment_distance":18.34333760903243}
{"route_id":"210","stop_id":"9025","stop_lat":34.076126,"stop_lon":-118.313744,"stop_sequence":15,"segment_first_lat":34.0762524265,"segment_first_lon":-118.3146065947,"segment_second_lat":34.0762524698,"segment_second_lon":-118.3137447074,"segment_sequence":140003,"segment_id":7,"segment_len_meter":79.38149131996603,"segment_cum_len":4696.289132835646,"stop_segment_distance":15.362347402182309}
{"route_id":"210","stop_id":"9392","stop_lat":33.934021,"stop_lon":-118.326633,"stop_sequence":67,"segment_first_lat":33.9348513887,"segment_first_lon":-118.3264810315,"segment_second_lat":33.9340215376,"segment_second_lon":-118.3264807648,"segment_sequence":660004,"segment_id":33,"segment_len_meter":92.27523547003027,"segment_cum_len":22482.979998758594,"stop_segment_distance":15.162880480630434}
{"route_id":"246","stop_id":"2710","stop_lat":33.758672,"stop_lon":-118.287536,"stop_sequence":28,"segment_first_lat":33.7587531043,"segment_first_lon":-118.287632709,"segment_second_lat":33.7591234761,"segment_second_lon":-118.2871855816,"segment_sequence":280001,"segment_id":14,"segment_len_meter":58.34942549475369,"segment_cum_len":6679.922725498346,"stop_segment_distance":14.095886894737234}
{"route_id":"251","stop_id":"14686","stop_lat":33.991224,"stop_lon":-118.219517,"stop_sequence":31,"segment_first_lat":33.9917407658,"segment_first_lon":-118.2193727114,"segment_second_lat":33.9912241854,"segment_second_lon":-118.2193634406,"segment_sequence":300003,"segment_id":15,"segment_len_meter":57.44747830544372,"segment_cum_len":12103.925743604312,"stop_segment_distance":15.691264275458458}
{"route_id":"268","stop_id":"15021","stop_lat":34.072354,"stop_lon":-118.035817,"stop_sequence":4,"segment_first_lat":34.0723536063,"segment_first_lon":-118.0359668126,"segment_second_lat":34.0726723589,"segment_second_lon":-118.0359652987,"segment_sequence":40001,"segment_id":2,"segment_len_meter":35.443946258596256,"segment_cum_len":1174.372708282734,"stop_segment_distance":16.298514534963807}
{"route_id":"28","stop_id":"3950","stop_lat":34.14598,"stop_lon":-118.234795,"stop_sequence":4,"segment_first_lat":34.1461663234,"segment_first_lon":-118.2350042308,"segment_second_lat":34.1461666871,"segment_second_lon":-118.2333979989,"segment_sequence":40002,"segment_id":2,"segment_len_meter":147.8148569061662,"segment_cum_len":1104.929349365969,"stop_segment_distance":10.694695903854921}
{"route_id":"33","stop_id":"6967","stop_lat":34.046853,"stop_lon":-118.336831,"stop_sequence":45,"segment_first_lat":34.0469903831,"segment_first_lon":-118.3369836409,"segment_second_lat":34.0469793008,"segment_second_lon":-118.3368192016,"segment_sequence":440009,"segment_id":22,"segment_len_meter":15.200442863235887,"segment_cum_len":15211.41940576939,"stop_segment_distance":19.649587894987278}
{"route_id":"344","stop_id":"2408","stop_lat":33.794446,"stop_lon":-118.348927,"stop_sequence":21,"segment_first_lat":33.7944667754,"segment_first_lon":-118.3490777135,"segment_second_lat":33.7945467912,"segment_second_lon":-118.3490589576,"segment_sequence":210001,"segment_id":11,"segment_len_meter":9.064588672845304,"segment_cum_len":10533.09890673856,"stop_segment_distance":21.61463546395966}
{"route_id":"53","stop_id":"4857","stop_lat":33.999686,"stop_lon":-118.256315,"stop_sequence":51,"segment_first_lat":33.9993149298,"segment_first_lon":-118.25646577,"segment_second_lat":33.9996858887,"segment_second_lon":-118.2564669064,"segment_sequence":500007,"segment_id":25,"segment_len_meter":41.248880702030085,"segment_cum_len":17857.87116399898,"stop_segment_distance":16.293769894860937}
{"route_id":"60","stop_id":"12707","stop_lat":33.969313,"stop_lon":-118.225343,"stop_sequence":42,"segment_first_lat":33.9700054901,"segment_first_lon":-118.225196206,"segment_second_lat":33.9693130394,"segment_second_lon":-118.2251917056,"segment_sequence":410004,"segment_id":21,"segment_len_meter":76.9981232598961,"segment_cum_len":12825.463873000946,"stop_segment_distance":15.136201536581268}
{"route_id":"687","stop_id":"10394","stop_lat":34.133905,"stop_lon":-118.150503,"stop_sequence":34,"segment_first_lat":34.1339055894,"segment_first_lon":-118.150349965,"segment_second_lat":34.1329410956,"segment_second_lon":-118.1503426125,"segment_sequence":340001,"segment_id":17,"segment_len_meter":107.2489523600381,"segment_cum_len":9109.237979641723,"stop_segment_distance":15.029505361863414}
{"route_id":"78","stop_id":"2853","stop_lat":34.106538,"stop_lon":-118.061073,"stop_sequence":73,"segment_first_lat":34.1064878538,"segment_first_lon":-118.0623312976,"segment_second_lat":34.106662423,"segment_second_lon":-118.061099246,"segment_sequence":720003,"segment_id":36,"segment_len_meter":115.08257769152291,"segment_cum_len":23083.692251039272,"stop_segment_distance":14.946410271772692}
{"route_id":"90","stop_id":"10595","stop_lat":34.229556,"stop_lon":-118.248886,"stop_sequence":28,"segment_first_lat":34.2309395179,"segment_first_lon":-118.2508550166,"segment_second_lat":34.2296580411,"segment_second_lon":-118.2487933959,"segment_sequence":270003,"segment_id":14,"segment_len_meter":237.12298505587918,"segment_cum_len":8139.745511403302,"stop_segment_distance":14.622811210105539}
{"route_id":"910","stop_id":"10853","stop_lat":33.959639,"stop_lon":-118.281034,"stop_sequence":18,"segment_first_lat":33.9596391108,"segment_first_lon":-118.280915394,"segment_second_lat":33.9570204183,"segment_second_lon":-118.2809095793,"segment_sequence":180001,"segment_id":9,"segment_len_meter":291.1858142965958,"segment_cum_len":32164.702283183866,"stop_segment_distance":11.152089252478618}
{"route_id":"92","stop_id":"11893","stop_lat":34.150182,"stop_lon":-118.254856,"stop_sequence":50,"segment_first_lat":34.1501816472,"segment_first_lon":-118.2550104525,"segment_second_lat":34.1517451562,"segment_second_lon":-118.2550264614,"segment_sequence":500001,"segment_id":25,"segment_len_meter":173.8605097927272,"segment_cum_len":14554.423428519392,"stop_segment_distance":14.873885697797817}
{"route_id":"92","stop_id":"8969","stop_lat":34.070628,"stop_lon":-118.261231,"stop_sequence":16,"segment_first_lat":34.0705460294,"segment_first_lon":-118.2611782158,"segment_second_lat":34.0705626306,"segment_second_lon":-118.2612525631,"segment_sequence":150006,"segment_id":8,"segment_len_meter":7.092431472152159,"segment_cum_len":4869.69624619539,"stop_segment_distance":10.773105120705578}
{"route_id":"96","stop_id":"18077","stop_lat":34.16369,"stop_lon":-118.303915,"stop_sequence":13,"segment_first_lat":34.1637862849,"segment_first_lon":-118.3038151159,"segment_second_lat":34.16327968,"segment_second_lon":-118.3031164346,"segment_sequence":130001,"segment_id":7,"segment_len_meter":85.473112988221,"segment_cum_len":4753.578396576266,"stop_segment_distance":15.123876147560821}
{"route_id":"96","stop_id":"18079","stop_lat":34.16117,"stop_lon":-118.300497,"stop_sequence":15,"segment_first_lat":34.1616612277,"segment_first_lon":-118.3008957948,"segment_second_lat":34.1612822112,"segment_second_lon":-118.3003767714,"segment_sequence":140004,"segment_id":7,"segment_len_meter":63.692295091372145,"segment_cum_len":5089.54393116615,"stop_segment_distance":18.78487096901918}
