{"route_id":"10","stop_id":"11709","stop_lat":34.083733,"stop_lon":-118.289033,"stop_sequence":35,"segment_first_lat":34.0836033951,"segment_first_lon":-118.28800587,"segment_second_lat":34.0836056135,"segment_second_lon":-118.2890329671,"segment_sequence":340002,"segment_id":17,"segment_len_meter":94.58974381954505,"segment_cum_len":9419.183506241357,"stop_segment_distance":15.25888103145543}
{"route_id":"10","stop_id":"12118","stop_lat":34.081565,"stop_lon":-118.284373,"stop_sequence":32,"segment_first_lat":34.0806991135,"segment_first_lon":-118.2844325543,"segment_second_lat":34.0815646686,"segment_second_lon":-118.2844434237,"segment_sequence":310002,"segment_id":16,"segment_len_meter":96.25054152812596,"segment_cum_len":8772.44065310946,"stop_segment_distance":6.673595355756973}
{"route_id":"110","stop_id":"32089","stop_lat":33.975009,"stop_lon":-118.241071,"stop_sequence":53,"segment_first_lat":33.9750087082,"segment_first_lon":-118.2411590129,"segment_second_lat":33.9755253068,"segment_second_lon":-118.2411581918,"segment_sequence":530001,"segment_id":27,"segment_len_meter":57.44319333112697,"segment_cum_len":19015.481291811837,"stop_segment_distance":8.643658609016704}
{"route_id":"115","stop_id":"1927","stop_lat":33.957738,"stop_lon":-118.23133,"stop_sequence":55,"segment_first_lat":33.9578575401,"segment_first_lon":-118.2312792283,"segment_second_lat":33.9577911822,"segment_second_lon":-118.2310627243,"segment_sequence":550001,"segment_id":28,"segment_len_meter":21.287947197360634,"segment_cum_len":15613.212478485399,"stop_segment_distance":18.15540356114005}
{"route_id":"120","stop_id":"11437","stop_lat":33.926073,"stop_lon":-118.015508,"stop_sequence":12,"segment_first_lat":33.9267694692,"segment_first_lon":-118.0121769121,"segment_second_lat":33.9260032676,"segment_second_lon":-118.0154839918,"segment_sequence":110001,"segment_id":6,"segment_len_meter":316.79762061948526,"segment_cum_len":4028.997297949576,"stop_segment_distance":8.214779417108957}
{"route_id":"125","stop_id":"889","stop_lat":33.905843,"stop_lon":-118.395858,"stop_sequence":1,"segment_first_lat":33.9058578172,"segment_first_lon":-118.3960444204,"segment_second_lat":33.9067250829,"segment_second_lon":-118.3959476739,"segment_sequence":10001,"segment_id":1,"segment_len_meter":96.84797621031923,"segment_cum_len":96.84797621031923,"stop_segment_distance":18.866533739988014}
{"route_id":"127","stop_id":"8693","stop_lat":33.889476,"stop_lon":-118.126058,"stop_sequence":15,"segment_first_lat":33.8893503992,"segment_first_lon":-118.1252666698,"segment_second_lat":33.8893476513,"segment_second_lon":-118.1260574356,"segment_sequence":140004,"segment_id":7,"segment_len_meter":72.99202560223436,"segment_cum_len":6667.316621903575,"stop_segment_distance":15.646428138982017}
{"route_id":"16","stop_id":"15636","stop_lat":34.063949,"stop_lon":-118.27446,"stop_sequence":18,"segment_first_lat":34.0638760578,"segment_first_lon":-118.2745866303,"segment_second_lat":34.0639898857,"segment_second_lon":-118.2746784628,"segment_sequence":180001,"segment_id":9,"segment_len_meter":15.223650942548433,"segment_cum_len":4640.66728731089,"stop_segment_distance":19.61458091488803}
{"route_id":"169","stop_id":"6773","stop_lat":34.215505,"stop_lon":-118.448613,"stop_sequence":92,"segment_first_lat":34.2155040747,"segment_first_lon":-118.4487626509,"segment_second_lat":34.2160646508,"segment_second_lon":-118.4487613635,"segment_sequence":920001,"segment_id":46,"segment_len_meter":62.333330721712855,"segment_cum_len":38063.276135605214,"stop_segment_distance":15.135563736416998}
{"route_id":"18","stop_id":"15718","stop_lat":34.049031,"stop_lon":-118.255892,"stop_sequence":24,"segment_first_lat":34.0494444938,"segment_first_lon":-118.2563454313,"segment_second_lat":34.0491070612,"segment_second_lon":-118.2558244626,"segment_sequence":230030,"segment_id":12,"segment_len_meter":60.92265835486006,"segment_cum_len":5963.382114178632,"stop_segment_distance":11.699599620336315}
{"route_id":"2","stop_id":"5131","stop_lat":34.038585,"stop_lon":-118.261418,"stop_sequence":88,"segment_first_lat":34.0385242274,"segment_first_lon":-118.2613271476,"segment_second_lat":34.0378273026,"segment_second_lon":-118.2619913884,"segment_sequence":880001,"segment_id":44,"segment_len_meter":98.74964902944282,"segment_cum_len":27281.287868427622,"stop_segment_distance":11.4565289632436}
{"route_id":"2","stop_id":"8048","stop_lat":34.097999,"stop_lon":-118.302979,"stop_sequence":51,"segment_first_lat":34.0981244752,"segment_first_lon":-118.302979346,"segment_second_lat":34.0981243448,"segment_second_lon":-118.3021535673,"segment_sequence":510001,"segment_id":26,"segment_len_meter":76.03617542769773,"segment_cum_len":16406.98336040787,"stop_segment_distance":15.187821523457032}
{"route_id":"20","stop_id":"16665","stop_lat":34.067882,"stop_lon":-118.421977,"stop_sequence":57,"segment_first_lat":34.0671097163,"segment_first_lon":-118.4172677662,"segment_second_lat":34.0677588096,"segment_second_lon":-118.4220010158,"segment_sequence":560003,"segment_id":28,"segment_len_meter":441.92067887085557,"segment_cum_len":17367.975795710016,"stop_segment_distance":14.147855148017129}
{"route_id":"205","stop_id":"17433","stop_lat":33.785942,"stop_lon":-118.281288,"stop_sequence":57,"segment_first_lat":33.7860156407,"segment_first_lon":-118.2816140833,"segment_second_lat":33.786013937,"segment_second_lon":-118.2812849947,"segment_sequence":570004,"segment_id":29,"segment_len_meter":30.41375822450092,"segment_cum_len":17466.28389647655,"stop_segment_distance":8.81821895405513}
{"route_id":"206","stop_id":"13782","stop_lat":34.025244,"stop_lon":-118.300353,"stop_sequence":33,"segment_first_lat":34.0252445275,"segment_first_lon":-118.3002327432,"segment_second_lat":34.0246152769,"segment_second_lon":-118.3002281757,"segment_sequence":330001,"segment_id":17,"segment_len_meter":69.97074043684759,"segment_cum_len":10137.797494608429,"stop_segment_distance":11.962890164462223}
{"route_id":"207","stop_id":"5710","stop_lat":34.037509,"stop_lon":-118.308827,"stop_sequence":36,"segment_first_lat":34.0375054149,"segment_first_lon":-118.3089889853,"segment_second_lat":34.0376950095,"segment_second_lon":-118.308992326,"segment_sequence":360001,"segment_id":18,"segment_len_meter":21.084204853755942,"segment_cum_len":14135.564827341293,"stop_segment_distance":19.534990687347538}
{"route_id":"210","stop_id":"13375","stop_lat":33.960167,"stop_lon":-118.326642,"stop_sequence":60,"segment_first_lat":33.9608433141,"segment_first_lon":-118.3264999046,"segment_second_lat":33.9601673478,"segment_second_lon":-118.3264972696,"segment_sequence":590025,"segment_id":30,"segment_len_meter":75.16441600661523,"segment_cum_len":19575.659783641408,"stop_segment_distance":14.519863923742193}
{"route_id":"211","stop_id":"12874","stop_lat":33.916164,"stop_lon":-118.344022,"stop_sequence":47,"segment_first_lat":33.9161643662,"segment_first_lon":-118.3438711316,"segment_second_lat":33.915356501,"segment_second_lon":-118.3438701238,"segment_sequence":470001,"segment_id":24,"segment_len_meter":89.83055978929323,"segment_cum_len":16602.941056927484,"stop_segment_distance":14.967897796823465}
{"route_id":"224","stop_id":"11303","stop_lat":34.173917,"stop_lon":-118.379847,"stop_sequence":14,"segment_first_lat":34.1721777576,"segment_first_lon":-118.3789662505,"segment_second_lat":34.1738623257,"segment_second_lon":-118.3799815961,"segment_sequence":130002,"segment_id":7,"segment_len_meter":209.31360334672425,"segment_cum_len":4563.147971145805,"stop_segment_distance":14.16323467264948}
{"route_id":"232","stop_id":"23200067","stop_lat":33.782743,"stop_lon":-118.199201,"stop_sequence":12,"segment_first_lat":33.7826155561,"segment_first_lon":-118.1980026585,"segment_second_lat":33.7826160529,"segment_second_lon":-118.1992004703,"segment_sequence":110008,"segment_id":6,"segment_len_meter":110.70180555005867,"segment_cum_len":3225.4504654681705,"stop_segment_distance":15.067769888555148}
{"route_id":"243","stop_id":"14834","stop_lat":34.2692,"stop_lon":-118.555017,"stop_sequence":69,"segment_first_lat":34.2687265518,"segment_first_lon":-118.5551828802,"segment_second_lat":34.2691937887,"segment_second_lon":-118.5551628193,"segment_sequence":680004,"segment_id":34,"segment_len_meter":51.987066688813435,"segment_cum_len":29897.09053585361,"stop_segment_distance":16.23768505404086}
{"route_id":"251","stop_id":"13956","stop_lat":34.02403,"stop_lon":-118.220018,"stop_sequence":22,"segment_first_lat":34.0242910684,"segment_first_lon":-118.2198408524,"segment_second_lat":34.0240170621,"segment_second_lon":-118.219865214,"segment_sequence":210004,"segment_id":11,"segment_len_meter":30.550717842462422,"segment_cum_len":8454.519570166409,"stop_segment_distance":16.908369519270803}
{"route_id":"265","stop_id":"2613","stop_lat":33.91843,"stop_lon":-118.14096,"stop_sequence":32,"segment_first_lat":33.9183240001,"segment_first_lon":-118.1410408669,"segment_second_lat":33.9186489255,"segment_second_lon":-118.1416323915,"segment_sequence":320001,"segment_id":16,"segment_len_meter":65.45653035114778,"segment_cum_len":12243.901892564141,"stop_segment_distance":15.141974513627531}
{"route_id":"33","stop_id":"3105","stop_lat":33.992157,"stop_lon":-118.474115,"stop_sequence":2,"segment_first_lat":33.992324981,"segment_first_lon":-118.4741253591,"segment_second_lat":33.9922319309,"segment_second_lon":-118.4740291624,"segment_sequence":10014,"segment_id":1,"segment_len_meter":13.62745797057887,"segment_cum_len":308.26489674391814,"stop_segment_distance":16.56674537763163}
{"route_id":"51","stop_id":"1367","stop_lat":33.895229,"stop_lon":-118.260553,"stop_sequence":84,"segment_first_lat":33.8952869151,"segment_first_lon":-118.2627904369,"segment_second_lat":33.8953349059,"segment_second_lon":-118.2605564972,"segment_sequence":830004,"segment_id":42,"segment_len_meter":206.25772401111635,"segment_cum_len":22651.61824103925,"stop_segment_distance":12.134878624668858}
{"route_id":"51","stop_id":"263","stop_lat":33.954833,"stop_lon":-118.265279,"stop_sequence":58,"segment_first_lat":33.955605275,"segment_first_lon":-118.2651263423,"segment_second_lat":33.9548331278,"segment_second_lon":-118.2651265363,"segment_sequence":570002,"segment_id":29,"segment_len_meter":85.85885312762642,"segment_cum_len":15586.313639720594,"stop_segment_distance":15.223181056748444}
{"route_id":"62","stop_id":"4387","stop_lat":33.898656,"stop_lon":-118.082686,"stop_sequence":59,"segment_first_lat":33.8988919806,"segment_first_lon":-118.0825349624,"segment_second_lat":33.8986556687,"segment_second_lon":-118.0825327526,"segment_sequence":580003,"segment_id":29,"segment_len_meter":26.277475884259335,"segment_cum_len":29955.419216075577,"stop_segment_distance":17.579295494992312}
{"route_id":"70","stop_id":"5377","stop_lat":34.054416,"stop_lon":-118.246958,"stop_sequence":12,"segment_first_lat":34.054996834,"segment_first_lon":-118.2476566364,"segment_second_lat":34.0545189465,"segment_second_lon":-118.2468675109,"segment_sequence":110007,"segment_id":6,"segment_len_meter":90.04875949887614,"segment_cum_len":3360.5614213637787,"stop_segment_distance":15.292251832831909}
{"route_id":"720","stop_id":"16746","stop_lat":34.067186,"stop_lon":-118.384269,"stop_sequence":24,"segment_first_lat":34.0670558509,"segment_first_lon":-118.3837928589,"segment_second_lat":34.0670573628,"segment_second_lon":-118.3842680086,"segment_sequence":230009,"segment_id":12,"segment_len_meter":43.76728198583738,"segment_cum_len":23595.063010414262,"stop_segment_distance":16.721033392881417}
{"route_id":"733","stop_id":"30000","stop_lat":34.055394,"stop_lon":-118.233118,"stop_sequence":2,"segment_first_lat":34.0554015379,"segment_first_lon":-118.2331926585,"segment_second_lat":34.0558968764,"segment_second_lon":-118.2331032496,"segment_sequence":20001,"segment_id":1,"segment_len_meter":55.69159876204993,"segment_cum_len":929.4578015825746,"stop_segment_distance":7.170983731480675}
{"route_id":"734","stop_id":"2095","stop_lat":34.153005,"stop_lon":-118.466367,"stop_sequence":17,"segment_first_lat":34.1529898627,"segment_first_lon":-118.4662137534,"segment_second_lat":34.1528243612,"segment_second_lon":-118.466233984,"segment_sequence":170001,"segment_id":9,"segment_len_meter":18.496844146686428,"segment_cum_len":17878.136266888647,"stop_segment_distance":19.22641458684211}
{"route_id":"83","stop_id":"16875","stop_lat":34.119908,"stop_lon":-118.199363,"stop_sequence":9,"segment_first_lat":34.1202555814,"segment_first_lon":-118.2004907008,"segment_second_lat":34.1200330009,"segment_second_lon":-118.1993294822,"segment_sequence":80003,"segment_id":4,"segment_len_meter":109.7228392274332,"segment_cum_len":2182.557749885952,"stop_segment_distance":15.285958378622809}
{"route_id":"90","stop_id":"11054","stop_lat":34.211098,"stop_lon":-118.239672,"stop_sequence":35,"segment_first_lat":34.2111985196,"segment_first_lon":-118.2395807012,"segment_second_lat":34.2103230668,"segment_second_lon":-118.2381781055,"segment_sequence":350001,"segment_id":18,"segment_len_meter":161.58931738419366,"segment_cum_len":10779.341298616444,"stop_segment_distance":14.550273082374474}
{"route_id":"94","stop_id":"13851","stop_lat":34.177283,"stop_lon":-118.30403,"stop_sequence":50,"segment_first_lat":34.1779794787,"segment_first_lon":-118.304756781,"segment_second_lat":34.1773797728,"segment_second_lon":-118.3039300152,"segment_sequence":490003,"segment_id":25,"segment_len_meter":101.14948405080574,"segment_cum_len":21016.218638861683,"stop_segment_distance":15.318076517694024}
