{"route_id":"10","stop_id":"12117","stop_lat":34.080562,"stop_lon":-118.284313,"stop_sequence":31,"segment_first_lat":34.0796384579,"segment_first_lon":-118.2844223425,"segment_second_lat":34.0805617232,"segment_second_lon":-118.2844310963,"segment_sequence":300004,"segment_id":15,"segment_len_meter":102.66558281250967,"segment_cum_len":8660.912417147072,"stop_segment_distance":11.396567192693539}
{"route_id":"105","stop_id":"10251","stop_lat":34.004043,"stop_lon":-118.256813,"stop_sequence":9,"segment_first_lat":34.0039141118,"segment_first_lon":-118.2568130986,"segment_second_lat":34.003909954,"segment_second_lon":-118.2587597269,"segment_sequence":90001,"segment_id":5,"segment_len_meter":179.441816930507,"segment_cum_len":2957.6055094709,"stop_segment_distance":14.948858685451427}
{"route_id":"120","stop_id":"142041","stop_lat":33.931064,"stop_lon":-118.356794,"stop_sequence":102,"segment_first_lat":33.9309406712,"segment_first_lon":-118.3558048784,"segment_second_lat":33.9309377491,"segment_second_lon":-118.3567938244,"segment_sequence":1010005,"segment_id":51,"segment_len_meter":91.24039266185892,"segment_cum_len":43518.00207048668,"stop_segment_distance":15.078675533610266}
{"route_id":"128","stop_id":"17255","stop_lat":33.888736,"stop_lon":-118.215812,"stop_sequence":44,"segment_first_lat":33.8886064155,"segment_first_lon":-118.2160089542,"segment_second_lat":33.8896147479,"segment_second_lon":-118.2160774503,"segment_sequence":440002,"segment_id":22,"segment_len_meter":112.29956945360908,"segment_cum_len":19671.92556961494,"stop_segment_distance":11.635717693679965}
{"route_id":"14","stop_id":"413","stop_lat":34.066696,"stop_lon":-118.270012,"stop_sequence":46,"segment_first_lat":34.0664301417,"segment_first_lon":-118.2697369892,"segment_second_lat":34.0665846206,"segment_second_lon":-118.2700841831,"segment_sequence":450010,"segment_id":23,"segment_len_meter":36.30202746306342,"segment_cum_len":16747.94324307205,"stop_segment_distance":16.68574663600527}
{"route_id":"14","stop_id":"7474","stop_lat":34.032436,"stop_lon":-118.351173,"stop_sequence":8,"segment_first_lat":34.0325298374,"segment_first_lon":-118.3518636037,"segment_second_lat":34.0325337693,"segment_second_lon":-118.3511738096,"segment_sequence":70009,"segment_id":4,"segment_len_meter":63.56565226369978,"segment_cum_len":2786.0614125938796,"stop_segment_distance":11.794571887982734}
{"route_id":"155","stop_id":"6789","stop_lat":34.154642,"stop_lon":-118.448577,"stop_sequence":5,"segment_first_lat":34.1530254106,"segment_first_lon":-118.4486839492,"segment_second_lat":34.1546411309,"segment_second_lon":-118.4486955995,"segment_sequence":40003,"segment_id":2,"segment_len_meter":179.6630986164794,"segment_cum_len":1027.3704341817602,"stop_segment_distance":11.276181690900586}
{"route_id":"161","stop_id":"587","stop_lat":34.184751,"stop_lon":-118.597614,"stop_sequence":3,"segment_first_lat":34.1873076933,"segment_first_lon":-118.597483068,"segment_second_lat":34.1847522496,"segment_second_lon":-118.5974585073,"segment_sequence":20002,"segment_id":1,"segment_len_meter":284.16135531281407,"segment_cum_len":1113.5428377611252,"stop_segment_distance":14.68843596090386}
{"route_id":"164","stop_id":"15514","stop_lat":34.186801,"stop_lon":-118.448426,"stop_sequence":41,"segment_first_lat":34.186675904,"segment_first_lon":-118.4465269113,"segment_second_lat":34.1866738285,"segment_second_lon":-118.4484249073,"segment_sequence":400002,"segment_id":20,"segment_len_meter":174.58104543284995,"segment_cum_len":14769.20686376282,"stop_segment_distance":14.79436684586662}
{"route_id":"165","stop_id":"6828","stop_lat":34.193576,"stop_lon":-118.634718,"stop_sequence":4,"segment_first_lat":34.1937008079,"segment_first_lon":-118.6349567485,"segment_second_lat":34.1937020574,"segment_second_lon":-118.634718658,"segment_sequence":30012,"segment_id":2,"segment_len_meter":21.898584499056224,"segment_cum_len":1306.8400431627829,"stop_segment_distance":18.095067733219775}
{"route_id":"165","stop_id":"6897","stop_lat":34.193736,"stop_lon":-118.540567,"stop_sequence":27,"segment_first_lat":34.1938667244,"segment_first_lon":-118.5415038508,"segment_second_lat":34.1938615675,"segment_second_lon":-118.5405679555,"segment_sequence":260006,"segment_id":13,"segment_len_meter":86.07980998927152,"segment_cum_len":9966.459942930893,"stop_segment_distance":15.266257629193461}
{"route_id":"167","stop_id":"18210","stop_lat":34.204719,"stop_lon":-118.41392,"stop_sequence":71,"segment_first_lat":34.2047195516,"segment_first_lon":-118.4138012994,"segment_second_lat":34.2045821592,"segment_second_lon":-118.4138006186,"segment_sequence":710001,"segment_id":36,"segment_len_meter":15.277466124840162,"segment_cum_len":28460.868594627314,"stop_segment_distance":14.401796969386139}
{"route_id":"167","stop_id":"4534","stop_lat":34.221549,"stop_lon":-118.425327,"stop_sequence":64,"segment_first_lat":34.221674821,"segment_first_lon":-118.4278054544,"segment_second_lat":34.2216758613,"segment_second_lon":-118.425327756,"segment_sequence":630003,"segment_id":32,"segment_len_meter":227.80832383311107,"segment_cum_len":25541.933912395765,"stop_segment_distance":14.60523266322403}
{"route_id":"169","stop_id":"6087","stop_lat":34.208346,"stop_lon":-118.479466,"stop_sequence":83,"segment_first_lat":34.2084498128,"segment_first_lon":-118.4803566547,"segment_second_lat":34.2084439993,"segment_second_lon":-118.4794669039,"segment_sequence":820004,"segment_id":41,"segment_len_meter":81.8222118500446,"segment_cum_len":34394.65937035883,"stop_segment_distance":11.78742915228753}
{"route_id":"169","stop_id":"6110","stop_lat":34.208246,"stop_lon":-118.553689,"stop_sequence":64,"segment_first_lat":34.2083683336,"segment_first_lon":-118.5540539585,"segment_second_lat":34.2083719226,"segment_second_lon":-118.5536901564,"segment_sequence":630003,"segment_id":32,"segment_len_meter":33.456905477371876,"segment_cum_len":26091.480071159633,"stop_segment_distance":16.75831777639192}
{"route_id":"169","stop_id":"6755","stop_lat":34.194861,"stop_lon":-118.65654,"stop_sequence":31,"segment_first_lat":34.1949865741,"segment_first_lon":-118.6565231835,"segment_second_lat":34.1949253645,"segment_second_lon":-118.6557505186,"segment_sequence":310001,"segment_id":16,"segment_len_meter":71.38924005528007,"segment_cum_len":13471.37878853981,"stop_segment_distance":15.62199255980552}
{"route_id":"204","stop_id":"3963","stop_lat":34.095433,"stop_lon":-118.291597,"stop_sequence":64,"segment_first_lat":34.0945117254,"segment_first_lon":-118.2917493705,"segment_second_lat":34.0954322565,"segment_second_lon":-118.2917525821,"segment_sequence":630003,"segment_id":32,"segment_len_meter":102.3588153413406,"segment_cum_len":19064.98739246148,"stop_segment_distance":15.365010658384335}
{"route_id":"204","stop_id":"5698","stop_lat":33.988931,"stop_lon":-118.291302,"stop_sequence":24,"segment_first_lat":33.9883567202,"segment_first_lon":-118.2914520557,"segment_second_lat":33.988931013,"segment_second_lon":-118.2914563639,"segment_sequence":230006,"segment_id":12,"segment_len_meter":63.859681071470305,"segment_cum_len":7222.374324250248,"stop_segment_distance":15.710641882448272}
{"route_id":"207","stop_id":"141000","stop_lat":34.101862,"stop_lon":-118.309593,"stop_sequence":60,"segment_first_lat":34.101734912,"segment_first_lon":-118.3095923341,"segment_second_lat":34.1017298565,"segment_second_lon":-118.3107055127,"segment_sequence":600001,"segment_id":30,"segment_len_meter":102.49659646101675,"segment_cum_len":21389.783572536355,"stop_segment_distance":15.117251258925094}
{"route_id":"210","stop_id":"8450","stop_lat":34.061841,"stop_lon":-118.311,"stop_sequence":22,"segment_first_lat":34.0617052373,"segment_first_lon":-118.310332345,"segment_second_lat":34.0617079184,"segment_second_lon":-118.3109992935,"segment_sequence":210002,"segment_id":11,"segment_len_meter":61.43852013359507,"segment_cum_len":6916.070583529102,"stop_segment_distance":16.688059315844548}
{"route_id":"233","stop_id":"6777","stop_lat":34.182525,"stop_lon":-118.448499,"stop_sequence":11,"segment_first_lat":34.1816668633,"segment_first_lon":-118.4486526253,"segment_second_lat":34.1825242014,"segment_second_lon":-118.4486542541,"segment_sequence":100005,"segment_id":5,"segment_len_meter":95.33176487723104,"segment_cum_len":3577.1026079138387,"stop_segment_distance":15.410936342538463}
{"route_id":"234","stop_id":"14527","stop_lat":34.175469,"stop_lon":-118.466327,"stop_sequence":61,"segment_first_lat":34.1754700351,"segment_first_lon":-118.4661735648,"segment_second_lat":34.1747418381,"segment_second_lon":-118.4661744607,"segment_sequence":610001,"segment_id":31,"segment_len_meter":80.97185394257438,"segment_cum_len":22785.23135961025,"stop_segment_distance":15.20909774848252}
{"route_id":"236","stop_id":"330","stop_lat":34.189609,"stop_lon":-118.500965,"stop_sequence":8,"segment_first_lat":34.189608399,"segment_first_lon":-118.5011185567,"segment_second_lat":34.1914769882,"segment_second_lon":-118.5011152173,"segment_sequence":80001,"segment_id":4,"segment_len_meter":207.77786604641955,"segment_cum_len":3466.757707809526,"stop_segment_distance":14.516040219414037}
{"route_id":"237","stop_id":"15543","stop_lat":34.141871,"stop_lon":-118.370127,"stop_sequence":21,"segment_first_lat":34.1415739599,"segment_first_lon":-118.3702778654,"segment_second_lat":34.1418679738,"segment_second_lon":-118.3702811509,"segment_sequence":200006,"segment_id":10,"segment_len_meter":32.694252264691386,"segment_cum_len":7945.785335150564,"stop_segment_distance":17.325231234931927}
{"route_id":"256","stop_id":"3529","stop_lat":34.112098,"stop_lon":-118.187736,"stop_sequence":62,"segment_first_lat":34.1120898127,"segment_first_lon":-118.1879568696,"segment_second_lat":34.1121889062,"segment_second_lon":-118.1878474109,"segment_sequence":610009,"segment_id":31,"segment_len_meter":14.931820799055938,"segment_cum_len":17603.205822717842,"stop_segment_distance":19.82315113083533}
{"route_id":"258","stop_id":"6485","stop_lat":34.013617,"stop_lon":-118.165763,"stop_sequence":52,"segment_first_lat":34.0137040047,"segment_first_lon":-118.1657050189,"segment_second_lat":34.0134144227,"segment_second_lon":-118.1650725416,"segment_sequence":520001,"segment_id":26,"segment_len_meter":66.59733232027224,"segment_cum_len":19140.037245301006,"stop_segment_distance":11.963586822195651}
{"route_id":"260","stop_id":"11853","stop_lat":34.102227,"stop_lon":-118.134831,"stop_sequence":31,"segment_first_lat":34.1024994206,"segment_first_lon":-118.1346832099,"segment_second_lat":34.1022246369,"segment_second_lon":-118.134680455,"segment_sequence":300004,"segment_id":15,"segment_len_meter":30.55560621808985,"segment_cum_len":10777.85453362661,"stop_segment_distance":16.515918626683025}
{"route_id":"266","stop_id":"17861","stop_lat":33.99189,"stop_lon":-118.090043,"stop_sequence":42,"segment_first_lat":33.9917083401,"segment_first_lon":-118.0905570169,"segment_second_lat":33.9919905834,"segment_second_lon":-118.0901380304,"segment_sequence":410016,"segment_id":21,"segment_len_meter":49.77017245106437,"segment_cum_len":19285.496652859678,"stop_segment_distance":15.95175831928266}
{"route_id":"267","stop_id":"6526","stop_lat":34.103354,"stop_lon":-118.06005,"stop_sequence":14,"segment_first_lat":34.1033308112,"segment_first_lon":-118.0601996341,"segment_second_lat":34.1049005108,"segment_second_lon":-118.0605132627,"segment_sequence":140001,"segment_id":7,"segment_len_meter":176.9151515138881,"segment_cum_len":5481.204776157614,"stop_segment_distance":14.276235444221385}
{"route_id":"268","stop_id":"10167","stop_lat":34.158426,"stop_lon":-118.098248,"stop_sequence":55,"segment_first_lat":34.1582941355,"segment_first_lon":-118.0984591485,"segment_second_lat":34.1593191067,"segment_second_lon":-118.0984405232,"segment_sequence":550002,"segment_id":28,"segment_len_meter":113.98448122849214,"segment_cum_len":22387.441760246835,"stop_segment_distance":11.232366874971063}
{"route_id":"28","stop_id":"16133","stop_lat":34.047352,"stop_lon":-118.269775,"stop_sequence":62,"segment_first_lat":34.0470856375,"segment_first_lon":-118.2695095721,"segment_second_lat":34.0472409612,"segment_second_lon":-118.2698477751,"segment_sequence":610009,"segment_id":31,"segment_len_meter":35.62626252742883,"segment_cum_len":18890.081329374287,"stop_segment_distance":16.833085271538984}
{"route_id":"51","stop_id":"233","stop_lat":33.932526,"stop_lon":-118.26531,"stop_sequence":70,"segment_first_lat":33.9329904013,"segment_first_lon":-118.2651536783,"segment_second_lat":33.9325260123,"segment_second_lon":-118.265154846,"segment_sequence":690003,"segment_id":35,"segment_len_meter":51.637813164812,"segment_cum_len":18066.79171268615,"stop_segment_distance":16.291520922964708}
{"route_id":"53","stop_id":"4858","stop_lat":34.002319,"stop_lon":-118.256323,"stop_sequence":52,"segment_first_lat":34.002318323,"segment_first_lon":-118.256474971,"segment_second_lat":34.0028761353,"segment_second_lon":-118.25647668,"segment_sequence":520001,"segment_id":26,"segment_len_meter":62.02609784565414,"segment_cum_len":18212.611544791565,"stop_segment_distance":15.532874609372634}
{"route_id":"62","stop_id":"4382","stop_lat":33.894699,"stop_lon":-118.082643,"stop_sequence":60,"segment_first_lat":33.8946988199,"segment_first_lon":-118.0824922812,"segment_second_lat":33.8930995958,"segment_second_lon":-118.0824732438,"segment_sequence":600001,"segment_id":30,"segment_len_meter":177.83428772227032,"segment_cum_len":30573.25139193701,"stop_segment_distance":14.611410371845437}
{"route_id":"66","stop_id":"1577","stop_lat":34.013397,"stop_lon":-118.144469,"stop_sequence":59,"segment_first_lat":34.0136813837,"segment_first_lon":-118.1455252309,"segment_second_lat":34.0135202848,"segment_second_lon":-118.1444432885,"segment_sequence":580006,"segment_id":29,"segment_len_meter":101.31877590693666,"segment_cum_len":17988.17197067477,"stop_segment_distance":14.953035547501472}
{"route_id":"733","stop_id":"140726","stop_lat":34.037902,"stop_lon":-118.270876,"stop_sequence":13,"segment_first_lat":34.0374173171,"segment_first_lon":-118.2700989677,"segment_second_lat":34.0378130546,"segment_second_lon":-118.2709376401,"segment_sequence":120015,"segment_id":6,"segment_len_meter":88.92879090955066,"segment_cum_len":6627.422460260234,"stop_segment_distance":12.092065429659044}
{"route_id":"744","stop_id":"2258","stop_lat":34.273982,"stop_lon":-118.411781,"stop_sequence":20,"segment_first_lat":34.2738998781,"segment_first_lon":-118.411895825,"segment_second_lat":34.2751856503,"segment_second_lon":-118.4132570101,"segment_sequence":200001,"segment_id":10,"segment_len_meter":189.95840794979068,"segment_cum_len":19650.88758158261,"stop_segment_distance":14.539335004378302}
{"route_id":"854","stop_id":"1177","stop_lat":34.048333,"stop_lon":-118.234053,"stop_sequence":3,"segment_first_lat":34.0486000998,"segment_first_lon":-118.2351329363,"segment_second_lat":34.0484563282,"segment_second_lon":-118.2340312698,"segment_sequence":20010,"segment_id":1,"segment_len_meter":102.75010541385511,"segment_cum_len":2403.677795936654,"stop_segment_distance":14.94379920081792}
{"route_id":"94","stop_id":"12343","stop_lat":34.188015,"stop_lon":-118.318632,"stop_sequence":42,"segment_first_lat":34.1886367273,"segment_first_lon":-118.3192988208,"segment_second_lat":34.1880896637,"segment_second_lon":-118.318554051,"segment_sequence":410005,"segment_id":21,"segment_len_meter":91.61411942019622,"segment_cum_len":18257.950417974305,"stop_segment_distance":11.774290544357072}
