{"route_id":"108","stop_id":"14663","stop_lat":33.986125,"stop_lon":-118.176693,"stop_sequence":73,"segment_first_lat":33.9864582002,"segment_first_lon":-118.1785994787,"segment_second_lat":33.9862530252,"segment_second_lon":-118.1766719462,"segment_sequence":720001,"segment_id":36,"segment_len_meter":179.17609157284755,"segment_cum_len":23099.820709556603,"stop_segment_distance":14.830340971143556}
{"route_id":"115","stop_id":"7815","stop_lat":33.959886,"stop_lon":-118.300511,"stop_sequence":36,"segment_first_lat":33.9600101762,"segment_first_lon":-118.3024632548,"segment_second_lat":33.9600150553,"segment_second_lon":-118.3005110538,"segment_sequence":350003,"segment_id":18,"segment_len_meter":180.04869495203815,"segment_cum_len":9090.857277483723,"stop_segment_distance":14.883239952786852}
{"route_id":"117","stop_id":"2640","stop_lat":33.916924,"stop_lon":-118.138261,"stop_sequence":75,"segment_first_lat":33.9170494928,"segment_first_lon":-118.1382457218,"segment_second_lat":33.9170182676,"segment_second_lon":-118.1379183812,"segment_sequence":750001,"segment_id":38,"segment_len_meter":30.404162480580165,"segment_cum_len":27666.496662135207,"stop_segment_distance":16.928495808889213}
{"route_id":"125","stop_id":"17327","stop_lat":33.901801,"stop_lon":-118.335359,"stop_sequence":18,"segment_first_lat":33.9019270997,"segment_first_lon":-118.3372967549,"segment_second_lat":33.9019275598,"segment_second_lon":-118.3353590705,"segment_sequence":170004,"segment_id":9,"segment_len_meter":178.83097180421132,"segment_cum_len":8080.639795723137,"stop_segment_distance":14.628278039901033}
{"route_id":"128","stop_id":"17235","stop_lat":33.889413,"stop_lon":-118.138153,"stop_sequence":25,"segment_first_lat":33.8892973722,"segment_first_lon":-118.1361561446,"segment_second_lat":33.8892874062,"segment_second_lon":-118.1381528212,"segment_sequence":240002,"segment_id":12,"segment_len_meter":184.3060534336893,"segment_cum_len":12369.671060275374,"stop_segment_distance":14.426325289236502}
{"route_id":"158","stop_id":"9568","stop_lat":34.257491,"stop_lon":-118.476429,"stop_sequence":46,"segment_first_lat":34.2573647903,"segment_first_lon":-118.4764318882,"segment_second_lat":34.2573761678,"segment_second_lon":-118.4782852386,"segment_sequence":460001,"segment_id":23,"segment_len_meter":170.33600563660073,"segment_cum_len":18547.701969535,"stop_segment_distance":14.774189326291804}
{"route_id":"16","stop_id":"15626","stop_lat":34.069424,"stop_lon":-118.347683,"stop_sequence":43,"segment_first_lat":34.0692990992,"segment_first_lon":-118.3477171122,"segment_second_lat":34.0694679988,"segment_second_lon":-118.3486080299,"segment_sequence":430001,"segment_id":22,"segment_len_meter":84.18356874946052,"segment_cum_len":11608.144086690365,"stop_segment_distance":15.399996215121334}
{"route_id":"167","stop_id":"18225","stop_lat":34.146889,"stop_lon":-118.405312,"stop_sequence":93,"segment_first_lat":34.1485652474,"segment_first_lon":-118.405200957,"segment_second_lat":34.1468890607,"segment_second_lon":-118.4051928299,"segment_sequence":920002,"segment_id":46,"segment_len_meter":186.38495764836887,"segment_cum_len":37232.303673961535,"stop_segment_distance":11.251789316928523}
{"route_id":"169","stop_id":"15107","stop_lat":34.174427,"stop_lon":-118.648402,"stop_sequence":24,"segment_first_lat":34.1743381836,"segment_first_lon":-118.6485087383,"segment_second_lat":34.1763778863,"segment_second_lon":-118.650979471,"segment_sequence":240001,"segment_id":12,"segment_len_meter":321.09544062090345,"segment_cum_len":11030.754066362793,"stop_segment_distance":14.203480776450249}
{"route_id":"169","stop_id":"6867","stop_lat":34.193119,"stop_lon":-118.642168,"stop_sequence":35,"segment_first_lat":34.1932450848,"segment_first_lon":-118.6421623841,"segment_second_lat":34.1931919292,"segment_second_lon":-118.6402671073,"segment_sequence":350001,"segment_id":18,"segment_len_meter":174.41742919702847,"segment_cum_len":14911.697519486013,"stop_segment_distance":14.633942067115072}
{"route_id":"176","stop_id":"12782","stop_lat":34.114068,"stop_lon":-118.167789,"stop_sequence":87,"segment_first_lat":34.1140129126,"segment_first_lon":-118.1676937936,"segment_second_lat":34.1126015809,"segment_second_lon":-118.1688958131,"segment_sequence":870001,"segment_id":44,"segment_len_meter":192.02486785958098,"segment_cum_len":31685.787360115286,"stop_segment_distance":10.945680674228612}
{"route_id":"20","stop_id":"104703","stop_lat":34.046606,"stop_lon":-118.248203,"stop_sequence":2,"segment_first_lat":34.0465282769,"segment_first_lon":-118.2482772602,"segment_second_lat":34.0467019651,"segment_second_lon":-118.2485332791,"segment_sequence":20001,"segment_id":1,"segment_len_meter":30.486049747036244,"segment_cum_len":674.980602421494,"stop_segment_distance":12.783491782038528}
{"route_id":"20","stop_id":"16690","stop_lat":34.06814,"stop_lon":-118.425254,"stop_sequence":58,"segment_first_lat":34.0680387921,"segment_first_lon":-118.4250649773,"segment_second_lat":34.0680159453,"segment_second_lon":-118.4252322695,"segment_sequence":570006,"segment_id":29,"segment_len_meter":15.617441264147224,"segment_cum_len":17668.585146852405,"stop_segment_distance":19.052709237739336}
{"route_id":"20","stop_id":"16727","stop_lat":34.062181,"stop_lon":-118.33478,"stop_sequence":32,"segment_first_lat":34.0620525667,"segment_first_lon":-118.3346208722,"segment_second_lat":34.0620543075,"segment_second_lon":-118.3347859638,"segment_sequence":310013,"segment_id":16,"segment_len_meter":15.209036733700657,"segment_cum_len":9268.087290926604,"stop_segment_distance":19.354329343212434}
{"route_id":"205","stop_id":"16991","stop_lat":33.847015,"stop_lon":-118.233797,"stop_sequence":97,"segment_first_lat":33.8467426915,"segment_first_lon":-118.2339643705,"segment_second_lat":33.8470166921,"segment_second_lon":-118.2339424116,"segment_sequence":970006,"segment_id":49,"segment_len_meter":30.53489123078079,"segment_cum_len":36209.34534642438,"stop_segment_distance":16.891566676514568}
{"route_id":"207","stop_id":"5755","stop_lat":34.055732,"stop_lon":-118.308914,"stop_sequence":42,"segment_first_lat":34.0544513872,"segment_first_lon":-118.3090509104,"segment_second_lat":34.0557318615,"segment_second_lon":-118.3090645543,"segment_sequence":410003,"segment_id":21,"segment_len_meter":142.38779386883584,"segment_cum_len":16141.214729038911,"stop_segment_distance":14.437062864313447}
{"route_id":"209","stop_id":"5620","stop_lat":33.945748,"stop_lon":-118.317618,"stop_sequence":16,"segment_first_lat":33.9457480081,"segment_first_lon":-118.3177353894,"segment_second_lat":33.9461382049,"segment_second_lon":-118.3177348911,"segment_sequence":160001,"segment_id":8,"segment_len_meter":43.38792890095854,"segment_cum_len":5858.573776902317,"stop_segment_distance":12.148984826081858}
{"route_id":"218","stop_id":"11984","stop_lat":34.083557,"stop_lon":-118.361593,"stop_sequence":15,"segment_first_lat":34.0835571374,"segment_first_lon":-118.3614406646,"segment_second_lat":34.0816748023,"segment_second_lon":-118.3614526751,"segment_sequence":150001,"segment_id":8,"segment_len_meter":209.30903603310838,"segment_cum_len":9409.354580673238,"stop_segment_distance":14.409593020334341}
{"route_id":"232","stop_id":"17738","stop_lat":33.858511,"stop_lon":-118.391083,"stop_sequence":68,"segment_first_lat":33.8579721761,"segment_first_lon":-118.3910832971,"segment_second_lat":33.8584811432,"segment_second_lon":-118.3912319103,"segment_sequence":670017,"segment_id":34,"segment_len_meter":58.234496373468964,"segment_cum_len":27090.128833082563,"stop_segment_distance":15.825198390969355}
{"route_id":"239","stop_id":"13047","stop_lat":34.22106,"stop_lon":-118.522828,"stop_sequence":20,"segment_first_lat":34.2209619488,"segment_first_lon":-118.5219307885,"segment_second_lat":34.2209307576,"segment_second_lon":-118.5227906738,"segment_sequence":190004,"segment_id":10,"segment_len_meter":79.13759709475316,"segment_cum_len":7282.05535140418,"stop_segment_distance":18.84840212719199}
{"route_id":"239","stop_id":"20031","stop_lat":34.278892,"stop_lon":-118.45911,"stop_sequence":55,"segment_first_lat":34.2790326687,"segment_first_lon":-118.4612090791,"segment_second_lat":34.2790178496,"segment_second_lon":-118.4591069606,"segment_sequence":540003,"segment_id":27,"segment_len_meter":193.15150986544887,"segment_cum_len":22196.852474055246,"stop_segment_distance":14.343715834368425}
{"route_id":"243","stop_id":"12849","stop_lat":34.242618,"stop_lon":-118.566557,"stop_sequence":16,"segment_first_lat":34.2427429924,"segment_first_lon":-118.5668889181,"segment_second_lat":34.2427412443,"segment_second_lon":-118.5665580189,"segment_sequence":150004,"segment_id":8,"segment_len_meter":30.417045369951573,"segment_cum_len":8235.65318842668,"stop_segment_distance":16.814052000887564}
{"route_id":"245","stop_id":"12852","stop_lat":34.242481,"stop_lon":-118.606249,"stop_sequence":19,"segment_first_lat":34.241848779,"segment_first_lon":-118.6062481342,"segment_second_lat":34.2424542255,"segment_second_lon":-118.606396798,"segment_sequence":180006,"segment_id":9,"segment_len_meter":68.69549780198675,"segment_cum_len":7849.676407291313,"stop_segment_distance":15.5124144298711}
{"route_id":"245","stop_id":"14949","stop_lat":34.249831,"stop_lon":-118.605883,"stop_sequence":20,"segment_first_lat":34.2493543693,"segment_first_lon":-118.6060445357,"segment_second_lat":34.2498322932,"segment_second_lon":-118.6060324527,"segment_sequence":190023,"segment_id":10,"segment_len_meter":53.15431633090856,"segment_cum_len":8700.423345642434,"stop_segment_distance":15.622356501963282}
{"route_id":"246","stop_id":"246","stop_lat":33.827722,"stop_lon":-118.263514,"stop_sequence":53,"segment_first_lat":33.825490137,"segment_first_lon":-118.2636681593,"segment_second_lat":33.8277213709,"segment_second_lon":-118.2636659533,"segment_sequence":520002,"segment_id":26,"segment_len_meter":248.10197351999912,"segment_cum_len":16156.530747534038,"stop_segment_distance":14.514381676608565}
{"route_id":"344","stop_id":"142305","stop_lat":33.872072,"stop_lon":-118.291018,"stop_sequence":41,"segment_first_lat":33.8720807026,"segment_first_lon":-118.2908624091,"segment_second_lat":33.8713988126,"segment_second_lon":-118.2908116192,"segment_sequence":410001,"segment_id":21,"segment_len_meter":75.96756486401331,"segment_cum_len":25149.43281984767,"stop_segment_distance":15.671649772199572}
{"route_id":"40","stop_id":"655","stop_lat":34.057821,"stop_lon":-118.237265,"stop_sequence":4,"segment_first_lat":34.0577905949,"segment_first_lon":-118.2371132635,"segment_second_lat":34.0564433258,"segment_second_lon":-118.2373874282,"segment_sequence":40002,"segment_id":2,"segment_len_meter":151.92362899634216,"segment_cum_len":1978.2335110841143,"stop_segment_distance":16.06269246427064}
{"route_id":"45","stop_id":"13243","stop_lat":33.996367,"stop_lon":-118.278465,"stop_sequence":38,"segment_first_lat":33.9963675294,"segment_first_lon":-118.2783132474,"segment_second_lat":33.9957547608,"segment_second_lon":-118.2783112104,"segment_sequence":380001,"segment_id":19,"segment_len_meter":68.13701830571007,"segment_cum_len":12374.031786283611,"stop_segment_distance":15.391512622189182}
{"route_id":"602","stop_id":"6409","stop_lat":34.048372,"stop_lon":-118.541863,"stop_sequence":8,"segment_first_lat":34.0484616591,"segment_first_lon":-118.5420219209,"segment_second_lat":34.0484957648,"segment_second_lon":-118.5418924052,"segment_sequence":70010,"segment_id":4,"segment_len_meter":12.520705680929101,"segment_cum_len":2436.484012875781,"stop_segment_distance":19.219104125817214}
{"route_id":"603","stop_id":"10739","stop_lat":34.0837,"stop_lon":-118.260156,"stop_sequence":32,"segment_first_lat":34.0855933744,"segment_first_lon":-118.2599074642,"segment_second_lat":34.0836941135,"segment_second_lon":-118.26000295,"segment_sequence":310004,"segment_id":16,"segment_len_meter":211.37117234835384,"segment_cum_len":9673.830954924062,"stop_segment_distance":14.513117811120878}
{"route_id":"62","stop_id":"9754","stop_lat":34.034977,"stop_lon":-118.238801,"stop_sequence":13,"segment_first_lat":34.0352763447,"segment_first_lon":-118.2390001405,"segment_second_lat":34.0350733134,"segment_second_lon":-118.2387041553,"segment_sequence":120006,"segment_id":6,"segment_len_meter":35.40551460906267,"segment_cum_len":4665.512233025226,"stop_segment_distance":16.54342679697764}
{"route_id":"733","stop_id":"15299","stop_lat":34.039875,"stop_lon":-118.370155,"stop_sequence":21,"segment_first_lat":34.0397691016,"segment_first_lon":-118.3700673473,"segment_second_lat":34.0391383117,"segment_second_lon":-118.3711911181,"segment_sequence":210001,"segment_id":11,"segment_len_meter":125.0662578989766,"segment_cum_len":16295.12329259842,"stop_segment_distance":15.009058501265912}
{"route_id":"78","stop_id":"1536","stop_lat":34.10333,"stop_lon":-118.085178,"stop_sequence":66,"segment_first_lat":34.1034313174,"segment_first_lon":-118.0861689985,"segment_second_lat":34.1034366914,"segment_second_lon":-118.0851780113,"segment_sequence":650004,"segment_id":33,"segment_len_meter":91.24449852808861,"segment_cum_len":20801.30572476847,"stop_segment_distance":12.555566123857332}
{"route_id":"78","stop_id":"2844","stop_lat":34.107475,"stop_lon":-118.047952,"stop_sequence":76,"segment_first_lat":34.1076009812,"segment_first_lon":-118.0479524393,"segment_second_lat":34.1076075863,"segment_second_lon":-118.0472286521,"segment_sequence":760001,"segment_id":38,"segment_len_meter":66.64156678576393,"segment_cum_len":24374.795553649572,"stop_segment_distance":15.576423735943465}
{"route_id":"81","stop_id":"9326","stop_lat":34.139104,"stop_lon":-118.198289,"stop_sequence":11,"segment_first_lat":34.1392223356,"segment_first_lon":-118.1982608925,"segment_second_lat":34.1392060624,"segment_second_lon":-118.1981303171,"segment_sequence":110001,"segment_id":6,"segment_len_meter":12.152769008343254,"segment_cum_len":2784.294706480052,"stop_segment_distance":19.75272933397052}
{"route_id":"901","stop_id":"15435","stop_lat":34.181562,"stop_lon":-118.554187,"stop_sequence":10,"segment_first_lat":34.1809727889,"segment_first_lon":-118.5526025923,"segment_second_lat":34.1815136419,"segment_second_lon":-118.5542101269,"segment_sequence":90024,"segment_id":5,"segment_len_meter":159.63502155505572,"segment_cum_len":17485.020397889664,"stop_segment_distance":5.942458600956655}
{"route_id":"94","stop_id":"12101","stop_lat":34.0609,"stop_lon":-118.240523,"stop_sequence":85,"segment_first_lat":34.0613264124,"segment_first_lon":-118.2402433489,"segment_second_lat":34.0608693821,"segment_second_lon":-118.2404114104,"segment_sequence":840004,"segment_id":42,"segment_len_meter":53.125278652877846,"segment_cum_len":37231.38287785307,"stop_segment_distance":11.664445669161175}
{"route_id":"96","stop_id":"18094","stop_lat":34.08924,"stop_lon":-118.237008,"stop_sequence":36,"segment_first_lat":34.0895063755,"segment_first_lon":-118.2371866736,"segment_second_lat":34.0893109594,"segment_second_lon":-118.2369281738,"segment_sequence":350006,"segment_id":18,"segment_len_meter":32.230764241606174,"segment_cum_len":16654.330378440252,"stop_segment_distance":12.436021405308587}
