{"route_id":"102","stop_id":"1433","stop_lat":33.974606,"stop_lon":-118.230608,"stop_sequence":83,"segment_first_lat":33.9747353171,"segment_first_lon":-118.2306074842,"segment_second_lat":33.9747330342,"segment_second_lon":-118.2303640678,"segment_sequence":830001,"segment_id":42,"segment_len_meter":22.447392855882907,"segment_cum_len":27577.797637883832,"stop_segment_distance":18.49316502930014}
{"route_id":"102","stop_id":"8215","stop_lat":34.019143,"stop_lon":-118.274043,"stop_sequence":57,"segment_first_lat":34.0196717466,"segment_first_lon":-118.2748993229,"segment_second_lat":34.0192545372,"segment_second_lon":-118.2739690032,"segment_sequence":560002,"segment_id":28,"segment_len_meter":97.48748079941119,"segment_cum_len":18459.00732201703,"stop_segment_distance":15.080671091322515}
{"route_id":"105","stop_id":"8125","stop_lat":34.003796,"stop_lon":-118.329195,"stop_sequence":27,"segment_first_lat":34.0036726503,"segment_first_lon":-118.3281087796,"segment_second_lat":34.0036696945,"segment_second_lon":-118.329194267,"segment_sequence":260005,"segment_id":13,"segment_len_meter":100.06162345662008,"segment_cum_len":9450.478224205004,"stop_segment_distance":15.046697950887832}
{"route_id":"108","stop_id":"7965","stop_lat":33.988793,"stop_lon":-118.347718,"stop_sequence":20,"segment_first_lat":33.9889180253,"segment_first_lon":-118.3477184582,"segment_second_lat":33.9889295134,"segment_second_lon":-118.3461119853,"segment_sequence":200001,"segment_id":10,"segment_len_meter":148.1171542372091,"segment_cum_len":7456.969482534855,"stop_segment_distance":14.630646473551337}
{"route_id":"117","stop_id":"142276","stop_lat":33.923814,"stop_lon":-118.15177,"stop_sequence":71,"segment_first_lat":33.9239246326,"segment_first_lon":-118.1516905402,"segment_second_lat":33.923504197,"segment_second_lon":-118.1508271587,"segment_sequence":710001,"segment_id":36,"segment_len_meter":92.36682681060007,"segment_cum_len":26266.940166390345,"stop_segment_distance":15.519968913974282}
{"route_id":"117","stop_id":"6637","stop_lat":33.941915,"stop_lon":-118.18592,"stop_sequence":59,"segment_first_lat":33.9421474168,"segment_first_lon":-118.186797512,"segment_second_lat":33.9420416444,"segment_second_lon":-118.1858955604,"segment_sequence":580005,"segment_id":29,"segment_len_meter":84.03000656621082,"segment_cum_len":21426.551070039135,"stop_segment_distance":15.205262234750435}
{"route_id":"120","stop_id":"4987","stop_lat":33.928612,"stop_lon":-118.282439,"stop_sequence":84,"segment_first_lat":33.9287520843,"segment_first_lon":-118.2825915853,"segment_second_lat":33.928518519,"segment_second_lon":-118.2825907976,"segment_sequence":830035,"segment_id":42,"segment_len_meter":25.971378082386888,"segment_cum_len":35993.695790236365,"stop_segment_distance":12.465422755726305}
{"route_id":"14","stop_id":"7468","stop_lat":34.028138,"stop_lon":-118.276201,"stop_sequence":30,"segment_first_lat":34.0292864964,"segment_first_lon":-118.2785118325,"segment_second_lat":34.0282252106,"segment_second_lon":-118.2761452486,"segment_sequence":290002,"segment_id":15,"segment_len_meter":247.97001335918912,"segment_cum_len":9826.411419924423,"stop_segment_distance":11.313426528071375}
{"route_id":"14","stop_id":"7475","stop_lat":34.03264,"stop_lon":-118.29999,"stop_sequence":23,"segment_first_lat":34.0327396702,"segment_first_lon":-118.2999899796,"segment_second_lat":34.032746196,"segment_second_lon":-118.2991318645,"segment_sequence":230001,"segment_id":12,"segment_len_meter":79.07796926225511,"segment_cum_len":7581.778014988111,"stop_segment_distance":11.958231416683887}
{"route_id":"163","stop_id":"6210","stop_lat":34.201114,"stop_lon":-118.387448,"stop_sequence":59,"segment_first_lat":34.201213675,"segment_first_lon":-118.387448682,"segment_second_lat":34.201212452,"segment_second_lon":-118.3866284908,"segment_sequence":590001,"segment_id":30,"segment_len_meter":75.42969566708072,"segment_cum_len":22594.42844050915,"stop_segment_distance":11.811658480322833}
{"route_id":"20","stop_id":"15688","stop_lat":34.050463,"stop_lon":-118.254137,"stop_sequence":5,"segment_first_lat":34.0503854865,"segment_first_lon":-118.2542078006,"segment_second_lat":34.0512981202,"segment_second_lon":-118.255608327,"segment_sequence":50001,"segment_id":3,"segment_len_meter":164.15525858232678,"segment_cum_len":1503.39344248662,"stop_segment_distance":10.963643243953982}
{"route_id":"201","stop_id":"15439","stop_lat":34.072548,"stop_lon":-118.291818,"stop_sequence":50,"segment_first_lat":34.0725481549,"segment_first_lon":-118.2916661593,"segment_second_lat":34.0714490143,"segment_second_lon":-118.2916623267,"segment_sequence":500001,"segment_id":25,"segment_len_meter":122.21936818781907,"segment_cum_len":15184.20654475217,"stop_segment_distance":14.806041671041754}
{"route_id":"205","stop_id":"17585","stop_lat":33.757577,"stop_lon":-118.311231,"stop_sequence":40,"segment_first_lat":33.7572369521,"segment_first_lon":-118.3110195982,"segment_second_lat":33.7574914154,"segment_second_lon":-118.3113317477,"segment_sequence":390017,"segment_id":20,"segment_len_meter":40.414801868967565,"segment_cum_len":9883.780021730465,"stop_segment_distance":15.46474476190108}
{"route_id":"205","stop_id":"7400","stop_lat":33.743401,"stop_lon":-118.294838,"stop_sequence":29,"segment_first_lat":33.7433224344,"segment_first_lon":-118.2945124081,"segment_second_lat":33.7433293226,"segment_second_lon":-118.2948413479,"segment_sequence":280005,"segment_id":14,"segment_len_meter":30.424205455164177,"segment_cum_len":6869.07621810587,"stop_segment_distance":8.898898454572809}
{"route_id":"207","stop_id":"140929","stop_lat":34.047002,"stop_lon":-118.308872,"stop_sequence":39,"segment_first_lat":34.0463369941,"segment_first_lon":-118.309020939,"segment_second_lat":34.047001973,"segment_second_lon":-118.3090233949,"segment_sequence":380004,"segment_id":19,"segment_len_meter":73.9426262143638,"segment_cum_len":15170.462863730012,"stop_segment_distance":15.21371646402558}
{"route_id":"211","stop_id":"5167","stop_lat":33.952498,"stop_lon":-118.361367,"stop_sequence":21,"segment_first_lat":33.9523160454,"segment_first_lon":-118.3614220649,"segment_second_lat":33.9524372601,"segment_second_lon":-118.3615023844,"segment_sequence":200010,"segment_id":10,"segment_len_meter":15.38028020450774,"segment_cum_len":7351.637122277788,"stop_segment_distance":19.676742758872706}
{"route_id":"230","stop_id":"2895","stop_lat":34.171888,"stop_lon":-118.396622,"stop_sequence":42,"segment_first_lat":34.1718880622,"segment_first_lon":-118.3964720667,"segment_second_lat":34.1703877096,"segment_second_lon":-118.3964732118,"segment_sequence":420001,"segment_id":21,"segment_len_meter":166.83163055912436,"segment_cum_len":16477.411617746086,"stop_segment_distance":14.347223819961727}
{"route_id":"236","stop_id":"345","stop_lat":34.208152,"stop_lon":-118.50098,"stop_sequence":13,"segment_first_lat":34.2076538459,"segment_first_lon":-118.5011296019,"segment_second_lat":34.2081512044,"segment_second_lon":-118.5011325864,"segment_sequence":120004,"segment_id":6,"segment_len_meter":55.30442291247547,"segment_cum_len":5320.857554747925,"stop_segment_distance":15.802445750029541}
{"route_id":"4","stop_id":"14432","stop_lat":34.090871,"stop_lon":-118.326955,"stop_sequence":45,"segment_first_lat":34.0907449238,"segment_first_lon":-118.3269542248,"segment_second_lat":34.0907428387,"segment_second_lon":-118.3277237747,"segment_sequence":450001,"segment_id":23,"segment_len_meter":70.86528835964124,"segment_cum_len":13926.009714068206,"stop_segment_distance":15.367522318058917}
{"route_id":"60","stop_id":"5585","stop_lat":34.045711,"stop_lon":-118.250749,"stop_sequence":10,"segment_first_lat":34.0457890895,"segment_first_lon":-118.2506765752,"segment_second_lat":34.045607215,"segment_second_lon":-118.2503951122,"segment_sequence":100001,"segment_id":5,"segment_len_meter":32.88605202264428,"segment_cum_len":2637.2839690990236,"stop_segment_distance":12.65251505469849}
{"route_id":"66","stop_id":"5567","stop_lat":34.027782,"stop_lon":-118.219312,"stop_sequence":35,"segment_first_lat":34.0262753947,"segment_first_lon":-118.2196381478,"segment_second_lat":34.0277933572,"segment_second_lon":-118.2194635837,"segment_sequence":340003,"segment_id":17,"segment_len_meter":169.55460785993245,"segment_cum_len":10718.76513009506,"stop_segment_distance":14.673233067021442}
{"route_id":"68","stop_id":"9234","stop_lat":34.040611,"stop_lon":-118.192101,"stop_sequence":26,"segment_first_lat":34.0404832298,"segment_first_lon":-118.1913840283,"segment_second_lat":34.0404782475,"segment_second_lon":-118.1920989764,"segment_sequence":250004,"segment_id":13,"segment_len_meter":65.87823222341399,"segment_cum_len":10588.924285224708,"stop_segment_distance":16.457114946246435}
{"route_id":"685","stop_id":"12434","stop_lat":34.148198,"stop_lon":-118.235727,"stop_sequence":8,"segment_first_lat":34.1489951024,"segment_first_lon":-118.2357921934,"segment_second_lat":34.1482274854,"segment_second_lon":-118.2355794935,"segment_sequence":70005,"segment_id":4,"segment_len_meter":87.57060444644175,"segment_cum_len":2914.425571200278,"stop_segment_distance":15.230364683136585}
{"route_id":"685","stop_id":"7068","stop_lat":34.168642,"stop_lon":-118.229104,"stop_sequence":1,"segment_first_lat":34.1686849236,"segment_first_lon":-118.2292677048,"segment_second_lat":34.1689766887,"segment_second_lon":-118.229154121,"segment_sequence":10001,"segment_id":1,"segment_len_meter":34.08422454502584,"segment_cum_len":34.08422454502584,"stop_segment_distance":19.215286000216132}
{"route_id":"70","stop_id":"3264","stop_lat":34.054467,"stop_lon":-118.225087,"stop_sequence":17,"segment_first_lat":34.0545797876,"segment_first_lon":-118.2251564413,"segment_second_lat":34.0550760679,"segment_second_lon":-118.223965969,"segment_sequence":170001,"segment_id":9,"segment_len_meter":122.77345776815176,"segment_cum_len":5924.8856061960605,"stop_segment_distance":14.806353698429547}
{"route_id":"733","stop_id":"11599","stop_lat":33.98795,"stop_lon":-118.470752,"stop_sequence":35,"segment_first_lat":33.9873591938,"segment_first_lon":-118.4707094084,"segment_second_lat":33.9879599753,"segment_second_lon":-118.4709667926,"segment_sequence":340019,"segment_id":17,"segment_len_meter":70.89347318582043,"segment_cum_len":27258.793427069366,"stop_segment_distance":14.752890990405007}
{"route_id":"770","stop_id":"70500036","stop_lat":34.034213,"stop_lon":-118.265336,"stop_sequence":2,"segment_first_lat":34.0340072993,"segment_first_lon":-118.2651007864,"segment_second_lat":34.0341481921,"segment_second_lon":-118.2653840928,"segment_sequence":10010,"segment_id":1,"segment_len_meter":30.446137649214982,"segment_cum_len":358.6297553903305,"stop_segment_distance":9.52486507436565}
{"route_id":"78","stop_id":"5523","stop_lat":34.107248,"stop_lon":-118.030295,"stop_sequence":81,"segment_first_lat":34.1073879606,"segment_first_lon":-118.0303237095,"segment_second_lat":34.1075528382,"segment_second_lon":-118.0291850629,"segment_sequence":810001,"segment_id":41,"segment_len_meter":106.4239367207332,"segment_cum_len":26045.790499683033,"stop_segment_distance":17.026669438139265}
{"route_id":"901","stop_id":"15568","stop_lat":34.252067,"stop_lon":-118.59933,"stop_sequence":17,"segment_first_lat":34.252358587,"segment_first_lon":-118.5992724358,"segment_second_lat":34.252067318,"segment_second_lon":-118.5992703445,"segment_sequence":160034,"segment_id":8,"segment_len_meter":32.38820544598613,"segment_cum_len":28538.566924585317,"stop_segment_distance":5.946691470566655}
{"route_id":"96","stop_id":"13572","stop_lat":34.043258,"stop_lon":-118.260565,"stop_sequence":52,"segment_first_lat":34.0444233866,"segment_first_lon":-118.2592712299,"segment_second_lat":34.0431782691,"segment_second_lon":-118.2604474579,"segment_sequence":510002,"segment_id":26,"segment_len_meter":175.8226760467081,"segment_cum_len":24060.112728183864,"stop_segment_distance":14.247154625780183}
