{"route_id":"105","stop_id":"5217","stop_lat":34.042393,"stop_lon":-118.376276,"stop_sequence":51,"segment_first_lat":34.0422546006,"segment_first_lon":-118.376453398,"segment_second_lat":34.0424099719,"segment_second_lon":-118.3764161364,"segment_sequence":500005,"segment_id":25,"segment_len_meter":17.61432925892243,"segment_cum_len":18453.05175037842,"stop_segment_distance":17.884741634698692}
{"route_id":"117","stop_id":"2659","stop_lat":33.925431,"stop_lon":-118.15504,"stop_sequence":70,"segment_first_lat":33.9255601307,"segment_first_lon":-118.1549449709,"segment_second_lat":33.9252583429,"segment_second_lon":-118.1543606403,"segment_sequence":700001,"segment_id":35,"segment_len_meter":63.50410151760501,"segment_cum_len":25886.951660404942,"stop_segment_distance":18.875779655136427}
{"route_id":"14","stop_id":"9264","stop_lat":34.04728,"stop_lon":-118.254754,"stop_sequence":39,"segment_first_lat":34.0473600615,"segment_first_lon":-118.2548697234,"segment_second_lat":34.0480697058,"segment_second_lon":-118.2541492671,"segment_sequence":390001,"segment_id":20,"segment_len_meter":103.11456896774487,"segment_cum_len":13330.414260197227,"stop_segment_distance":14.770966948832111}
{"route_id":"16","stop_id":"8625","stop_lat":34.059119,"stop_lon":-118.263232,"stop_sequence":13,"segment_first_lat":34.0584454316,"segment_first_lon":-118.2619724276,"segment_second_lat":34.0590039286,"segment_second_lon":-118.2633027263,"segment_sequence":120003,"segment_id":6,"segment_len_meter":137.3855237727359,"segment_cum_len":3445.740654728076,"stop_segment_distance":15.079146342790722}
{"route_id":"167","stop_id":"18209","stop_lat":34.206784,"stop_lon":-118.414499,"stop_sequence":70,"segment_first_lat":34.2067840018,"segment_first_lon":-118.4143757753,"segment_second_lat":34.2066191151,"segment_second_lon":-118.4143795875,"segment_sequence":700001,"segment_id":35,"segment_len_meter":18.33791576778728,"segment_cum_len":28222.530852107153,"stop_segment_distance":14.365150788334923}
{"route_id":"169","stop_id":"12111","stop_lat":34.195141,"stop_lon":-118.34905,"stop_sequence":132,"segment_first_lat":34.1951416758,"segment_first_lon":-118.348891488,"segment_second_lat":34.1938007429,"segment_second_lon":-118.3488789422,"segment_sequence":1320001,"segment_id":66,"segment_len_meter":149.1094001349465,"segment_cum_len":53463.6933365629,"stop_segment_distance":15.327455882145927}
{"route_id":"169","stop_id":"2424","stop_lat":34.205013,"stop_lon":-118.494525,"stop_sequence":78,"segment_first_lat":34.2056427498,"segment_first_lon":-118.4943605335,"segment_second_lat":34.2050104007,"segment_second_lon":-118.4943743193,"segment_sequence":770006,"segment_id":39,"segment_len_meter":70.32543971621389,"segment_cum_len":31913.53712692876,"stop_segment_distance":15.174154743500694}
{"route_id":"2","stop_id":"2421","stop_lat":34.072617,"stop_lon":-118.251259,"stop_sequence":73,"segment_first_lat":34.0728698617,"segment_first_lon":-118.2512230009,"segment_second_lat":34.0726697614,"segment_second_lon":-118.251117393,"segment_sequence":720008,"segment_id":36,"segment_len_meter":24.28342999496672,"segment_cum_len":22462.762232149562,"stop_segment_distance":18.329907900933424}
{"route_id":"2","stop_id":"8034","stop_lat":34.09788,"stop_lon":-118.365804,"stop_sequence":34,"segment_first_lat":34.0979958675,"segment_first_lon":-118.3664646834,"segment_second_lat":34.0980066524,"segment_second_lon":-118.3658074107,"segment_sequence":330020,"segment_id":17,"segment_len_meter":60.53242184415875,"segment_cum_len":10545.676630083755,"stop_segment_distance":15.738165208883458}
{"route_id":"204","stop_id":"5691","stop_lat":33.982438,"stop_lon":-118.291316,"stop_sequence":22,"segment_first_lat":33.9824377825,"segment_first_lon":-118.2914703769,"segment_second_lat":33.9827840005,"segment_second_lon":-118.2914755404,"segment_sequence":220001,"segment_id":11,"segment_len_meter":38.50062887862069,"segment_cum_len":6538.720135364908,"stop_segment_distance":16.923341581792627}
{"route_id":"205","stop_id":"17575","stop_lat":33.743437,"stop_lon":-118.306791,"stop_sequence":34,"segment_first_lat":33.743366493,"segment_first_lon":-118.3067909919,"segment_second_lat":33.7433802985,"segment_second_lon":-118.3086987551,"segment_sequence":340001,"segment_id":17,"segment_len_meter":176.40294208412092,"segment_cum_len":8150.4013245539545,"stop_segment_distance":7.945162438027694}
{"route_id":"205","stop_id":"7396","stop_lat":33.737785,"stop_lon":-118.285866,"stop_sequence":22,"segment_first_lat":33.7378579943,"segment_first_lon":-118.2861623543,"segment_second_lat":33.7378570493,"segment_second_lon":-118.2858663464,"segment_sequence":210003,"segment_id":11,"segment_len_meter":27.37154679487822,"segment_cum_len":4290.482162960244,"stop_segment_distance":9.220180486200022}
{"route_id":"207","stop_id":"3986","stop_lat":34.078438,"stop_lon":-118.308998,"stop_sequence":51,"segment_first_lat":34.0784373395,"segment_first_lon":-118.3091491157,"segment_second_lat":34.0793139115,"segment_second_lon":-118.3091493836,"segment_sequence":510001,"segment_id":26,"segment_len_meter":97.47036236185222,"segment_cum_len":18763.45372460358,"stop_segment_distance":14.837289689737972}
{"route_id":"217","stop_id":"104718","stop_lat":34.101689,"stop_lon":-118.339014,"stop_sequence":7,"segment_first_lat":34.1015627942,"segment_first_lon":-118.3390137557,"segment_second_lat":34.1015536342,"segment_second_lon":-118.3413887572,"segment_sequence":70001,"segment_id":4,"segment_len_meter":218.6792403984648,"segment_cum_len":1698.2413707428648,"stop_segment_distance":14.5259052754746}
{"route_id":"222","stop_id":"12112","stop_lat":34.190072,"stop_lon":-118.348867,"stop_sequence":34,"segment_first_lat":34.1883539329,"segment_first_lon":-118.3490512871,"segment_second_lat":34.1900742041,"segment_second_lon":-118.3490187948,"segment_sequence":330002,"segment_id":17,"segment_len_meter":191.30877517921,"segment_cum_len":12987.048977318595,"stop_segment_distance":14.446016444149421}
{"route_id":"224","stop_id":"16916","stop_lat":34.294108,"stop_lon":-118.452363,"stop_sequence":51,"segment_first_lat":34.2936095614,"segment_first_lon":-118.4519198982,"segment_second_lat":34.2940607174,"segment_second_lon":-118.4525216132,"segment_sequence":500015,"segment_id":25,"segment_len_meter":74.64669489231103,"segment_cum_len":20368.007658122733,"stop_segment_distance":9.609512450300912}
{"route_id":"232","stop_id":"146","stop_lat":33.923223,"stop_lon":-118.387541,"stop_sequence":88,"segment_first_lat":33.9232233316,"segment_first_lon":-118.3874514817,"segment_second_lat":33.9212778864,"segment_second_lon":-118.3874398495,"segment_sequence":880001,"segment_id":44,"segment_len_meter":216.32629886445832,"segment_cum_len":35473.119283530395,"stop_segment_distance":8.421496298621236}
{"route_id":"236","stop_id":"332","stop_lat":34.275795,"stop_lon":-118.502016,"stop_sequence":31,"segment_first_lat":34.2757948364,"segment_first_lon":-118.5021664452,"segment_second_lat":34.2768995155,"segment_second_lon":-118.5021611766,"segment_sequence":310001,"segment_id":16,"segment_len_meter":122.83566541768661,"segment_cum_len":12991.346846004342,"stop_segment_distance":14.526719873844542}
{"route_id":"239","stop_id":"12543","stop_lat":34.235986,"stop_lon":-118.523004,"stop_sequence":26,"segment_first_lat":34.2357047299,"segment_first_lon":-118.5231445711,"segment_second_lat":34.2359791727,"segment_second_lon":-118.5231615104,"segment_sequence":250010,"segment_id":13,"segment_len_meter":30.556351332983677,"segment_cum_len":9747.95498139905,"stop_segment_distance":17.783426407166264}
{"route_id":"258","stop_id":"13123","stop_lat":34.026749,"stop_lon":-118.165607,"stop_sequence":46,"segment_first_lat":34.0267247547,"segment_first_lon":-118.1654921887,"segment_second_lat":34.0254159456,"segment_second_lon":-118.1658948694,"segment_sequence":460001,"segment_id":23,"segment_len_meter":150.18974344124803,"segment_cum_len":17540.725183624352,"stop_segment_distance":11.31301454917542}
{"route_id":"260","stop_id":"13146","stop_lat":34.054457,"stop_lon":-118.136091,"stop_sequence":44,"segment_first_lat":34.0560986667,"segment_first_lon":-118.1349386562,"segment_second_lat":34.0543996227,"segment_second_lon":-118.1359543901,"segment_sequence":430004,"segment_id":22,"segment_len_meter":210.8288973936373,"segment_cum_len":16151.046598454459,"stop_segment_distance":14.450530849837065}
{"route_id":"267","stop_id":"5444","stop_lat":34.134931,"stop_lon":-118.073082,"stop_sequence":25,"segment_first_lat":34.1349304191,"segment_first_lon":-118.073233742,"segment_second_lat":34.1359746025,"segment_second_lon":-118.0732452316,"segment_sequence":250001,"segment_id":13,"segment_len_meter":116.112712038014,"segment_cum_len":9773.111714165736,"stop_segment_distance":14.865239459695488}
{"route_id":"268","stop_id":"140940","stop_lat":34.148448,"stop_lon":-118.080921,"stop_sequence":48,"segment_first_lat":34.1484106893,"segment_first_lon":-118.0809206274,"segment_second_lat":34.1484221739,"segment_second_lon":-118.082226148,"segment_sequence":480001,"segment_id":24,"segment_len_meter":120.14522639907287,"segment_cum_len":19230.81868519872,"stop_segment_distance":4.142127940067695}
{"route_id":"28","stop_id":"12017","stop_lat":34.084689,"stop_lon":-118.221529,"stop_sequence":36,"segment_first_lat":34.084593969,"segment_first_lon":-118.221425416,"segment_second_lat":34.0839698048,"segment_second_lon":-118.2222404834,"segment_sequence":360001,"segment_id":18,"segment_len_meter":102.23125611669035,"segment_cum_len":10850.294673971397,"stop_segment_distance":15.390142577964056}
{"route_id":"460","stop_id":"17205","stop_lat":33.888005,"stop_lon":-118.011297,"stop_sequence":45,"segment_first_lat":33.8881331037,"segment_first_lon":-118.0113001483,"segment_second_lat":33.8881400542,"segment_second_lon":-118.0104006622,"segment_sequence":460001,"segment_id":23,"segment_len_meter":83.03155593509524,"segment_cum_len":45478.84704431571,"stop_segment_distance":15.305129482385553}
{"route_id":"53","stop_id":"4900","stop_lat":33.91612,"stop_lon":-118.254247,"stop_sequence":15,"segment_first_lat":33.9151552934,"segment_first_lon":-118.2544119477,"segment_second_lat":33.916122556,"segment_second_lon":-118.2544017005,"segment_sequence":140003,"segment_id":7,"segment_len_meter":107.55885030047017,"segment_cum_len":6249.375286229007,"stop_segment_distance":15.06402068090378}
{"route_id":"55","stop_id":"803","stop_lat":33.996459,"stop_lon":-118.247606,"stop_sequence":33,"segment_first_lat":33.9957389112,"segment_first_lon":-118.2477617683,"segment_second_lat":33.9964588516,"segment_second_lon":-118.2477612596,"segment_sequence":320003,"segment_id":16,"segment_len_meter":80.05373370313853,"segment_cum_len":9542.8380646141,"stop_segment_distance":15.607175365865118}
{"route_id":"62","stop_id":"4374","stop_lat":33.869526,"stop_lon":-118.082391,"stop_sequence":67,"segment_first_lat":33.8709357761,"segment_first_lon":-118.0822504999,"segment_second_lat":33.8695261496,"segment_second_lon":-118.082240223,"segment_sequence":660004,"segment_id":33,"segment_len_meter":156.74618699181707,"segment_cum_len":33194.72693757237,"stop_segment_distance":14.470212246878077}
{"route_id":"66","stop_id":"18005","stop_lat":34.012205,"stop_lon":-118.136481,"stop_sequence":61,"segment_first_lat":34.0124735461,"segment_first_lon":-118.1374520119,"segment_second_lat":34.0123282152,"segment_second_lon":-118.136456249,"segment_sequence":600005,"segment_id":30,"segment_len_meter":93.1925843885116,"segment_cum_len":18736.185413445914,"stop_segment_distance":15.046510512818472}
{"route_id":"70","stop_id":"5089","stop_lat":34.06464,"stop_lon":-118.154816,"stop_sequence":38,"segment_first_lat":34.0646930806,"segment_first_lon":-118.1547136825,"segment_second_lat":34.0643902707,"segment_second_lon":-118.1544952057,"segment_sequence":380001,"segment_id":19,"segment_len_meter":39.226821290066624,"segment_cum_len":13511.552327013447,"stop_segment_distance":12.443583327937866}
{"route_id":"71","stop_id":"12404","stop_lat":34.054442,"stop_lon":-118.203116,"stop_sequence":24,"segment_first_lat":34.0545665201,"segment_first_lon":-118.2028720499,"segment_second_lat":34.0543838767,"segment_second_lon":-118.2029822032,"segment_sequence":230009,"segment_id":12,"segment_len_meter":22.703236805416026,"segment_cum_len":8317.092314883499,"stop_segment_distance":17.611380976720746}
{"route_id":"733","stop_id":"14012","stop_lat":33.994093,"stop_lon":-118.45322,"stop_sequence":33,"segment_first_lat":33.9939842472,"segment_first_lon":-118.4531443804,"segment_second_lat":33.9938221909,"segment_second_lon":-118.4534918795,"segment_sequence":330001,"segment_id":17,"segment_len_meter":36.75659207510429,"segment_cum_len":25405.111022513745,"stop_segment_distance":16.381103773920202}
{"route_id":"910","stop_id":"2377","stop_lat":34.039881,"stop_lon":-118.267103,"stop_sequence":12,"segment_first_lat":34.0398324525,"segment_first_lon":-118.2669950907,"segment_second_lat":34.0396057107,"segment_second_lon":-118.2671386122,"segment_sequence":120001,"segment_id":6,"segment_len_meter":28.470236440368424,"segment_cum_len":22665.179856952673,"stop_segment_distance":13.629737564831643}
