{"route_id":"10","stop_id":"1131","stop_lat":34.038897,"stop_lon":-118.258109,"stop_sequence":4,"segment_first_lat":34.0375947741,"segment_first_lon":-118.2593457934,"segment_second_lat":34.0389672424,"segment_second_lon":-118.2582347155,"segment_sequence":30005,"segment_id":2,"segment_len_meter":183.7704712820015,"segment_cum_len":1145.5929356264799,"stop_segment_distance":14.468467964019283}
{"route_id":"110","stop_id":"1496","stop_lat":33.980113,"stop_lon":-118.338008,"stop_sequence":22,"segment_first_lat":33.9800786506,"segment_first_lon":-118.3383570035,"segment_second_lat":33.980204226,"segment_second_lon":-118.3380636176,"segment_sequence":210002,"segment_id":11,"segment_len_meter":30.443186228578742,"segment_cum_len":8685.92884963116,"stop_segment_distance":13.329538423162045}
{"route_id":"120","stop_id":"140796","stop_lat":33.931116,"stop_lon":-118.28678,"stop_sequence":86,"segment_first_lat":33.9309946107,"segment_first_lon":-118.284807819,"segment_second_lat":33.9309899387,"segment_second_lon":-118.2867791237,"segment_sequence":850002,"segment_id":43,"segment_len_meter":181.87251484272187,"segment_cum_len":37058.38406528058,"stop_segment_distance":14.597553553528257}
{"route_id":"127","stop_id":"14681","stop_lat":33.896368,"stop_lon":-118.181641,"stop_sequence":31,"segment_first_lat":33.896281447,"segment_first_lon":-118.1807475532,"segment_second_lat":33.8962685687,"segment_second_lon":-118.1816372158,"segment_sequence":300004,"segment_id":15,"segment_len_meter":82.1258409694871,"segment_cum_len":12600.349161118736,"stop_segment_distance":11.958235343262032}
{"route_id":"128","stop_id":"176138","stop_lat":33.87356,"stop_lon":-118.04624,"stop_sequence":5,"segment_first_lat":33.8735598524,"segment_first_lon":-118.0463944813,"segment_second_lat":33.8747414125,"segment_second_lon":-118.0464056769,"segment_sequence":50001,"segment_id":3,"segment_len_meter":131.38755419685177,"segment_cum_len":2416.5261892230787,"stop_segment_distance":15.128970227313346}
{"route_id":"130","stop_id":"17495","stop_lat":33.876423,"stop_lon":-118.230621,"stop_sequence":30,"segment_first_lat":33.8763034032,"segment_first_lon":-118.2306174249,"segment_second_lat":33.8762393293,"segment_second_lon":-118.2332132087,"segment_sequence":300001,"segment_id":15,"segment_len_meter":239.74561600254526,"segment_cum_len":15271.793006830263,"stop_segment_distance":13.73645108213097}
{"route_id":"150","stop_id":"7044","stop_lat":34.147247,"stop_lon":-118.427276,"stop_sequence":57,"segment_first_lat":34.1474920735,"segment_first_lon":-118.4279644349,"segment_second_lat":34.1473726023,"segment_second_lon":-118.4272476134,"segment_sequence":560005,"segment_id":28,"segment_len_meter":67.28950197147397,"segment_cum_len":20819.21359198533,"stop_segment_distance":15.88426941108385}
{"route_id":"161","stop_id":"14931","stop_lat":34.155813,"stop_lon":-118.795192,"stop_sequence":43,"segment_first_lat":34.1559906071,"segment_first_lon":-118.794896225,"segment_second_lat":34.1557499355,"segment_second_lon":-118.795055904,"segment_sequence":420008,"segment_id":21,"segment_len_meter":30.529613652883715,"segment_cum_len":25724.672133838914,"stop_segment_distance":17.44925362791138}
{"route_id":"164","stop_id":"7133","stop_lat":34.186783,"stop_lon":-118.475437,"stop_sequence":47,"segment_first_lat":34.1866502642,"segment_first_lon":-118.4749009967,"segment_second_lat":34.1866528312,"segment_second_lon":-118.4754366863,"segment_sequence":460009,"segment_id":23,"segment_len_meter":49.27447881898934,"segment_cum_len":17253.822670472706,"stop_segment_distance":16.66399400369933}
{"route_id":"164","stop_id":"7163","stop_lat":34.186805,"stop_lon":-118.44419,"stop_sequence":39,"segment_first_lat":34.1866838156,"segment_first_lon":-118.4421291325,"segment_second_lat":34.1866787412,"segment_second_lon":-118.4441891374,"segment_sequence":380003,"segment_id":19,"segment_len_meter":189.48357214571828,"segment_cum_len":14379.593167382876,"stop_segment_distance":14.596261372448424}
{"route_id":"165","stop_id":"6869","stop_lat":34.193815,"stop_lon":-118.435315,"stop_sequence":51,"segment_first_lat":34.193942642,"segment_first_lon":-118.4353156204,"segment_second_lat":34.1939414553,"segment_second_lon":-118.4344227462,"segment_sequence":510001,"segment_id":26,"segment_len_meter":82.12111371607334,"segment_cum_len":19729.188661325552,"stop_segment_distance":15.3320898939875}
{"route_id":"18","stop_id":"8287","stop_lat":34.030594,"stop_lon":-118.20756,"stop_sequence":42,"segment_first_lat":34.0308604816,"segment_first_lon":-118.2078411683,"segment_second_lat":34.0307080263,"segment_second_lon":-118.2074919327,"segment_sequence":410003,"segment_id":21,"segment_len_meter":36.374364050023814,"segment_cum_len":11568.941509181812,"stop_segment_distance":17.133280979695314}
{"route_id":"180","stop_id":"4899","stop_lat":34.142759,"stop_lon":-118.257735,"stop_sequence":33,"segment_first_lat":34.1427590203,"segment_first_lon":-118.2578878303,"segment_second_lat":34.1443829992,"segment_second_lon":-118.2578958159,"segment_sequence":330001,"segment_id":17,"segment_len_meter":180.57971008157458,"segment_cum_len":10402.203132309633,"stop_segment_distance":14.671114054317314}
{"route_id":"206","stop_id":"12549","stop_lat":34.00025,"stop_lon":-118.300289,"stop_sequence":42,"segment_first_lat":34.0006540256,"segment_first_lon":-118.3001686398,"segment_second_lat":34.0002500873,"segment_second_lon":-118.3001695009,"segment_sequence":410005,"segment_id":21,"segment_len_meter":44.91595978102431,"segment_cum_len":12847.121949360315,"stop_segment_distance":12.375438652237207}
{"route_id":"207","stop_id":"3990","stop_lat":34.079757,"stop_lon":-118.308993,"stop_sequence":52,"segment_first_lat":34.0793139115,"segment_first_lon":-118.3091493836,"segment_second_lat":34.079759076,"segment_second_lon":-118.3091460755,"segment_sequence":510002,"segment_id":26,"segment_len_meter":49.50097153075938,"segment_cum_len":18812.95469613434,"stop_segment_distance":15.9300688488592}
{"route_id":"207","stop_id":"5740","stop_lat":33.985764,"stop_lon":-118.308791,"stop_sequence":21,"segment_first_lat":33.9852356231,"segment_first_lon":-118.3089339844,"segment_second_lat":33.9857631943,"segment_second_lon":-118.3089412088,"segment_sequence":200005,"segment_id":10,"segment_len_meter":58.667022348676504,"segment_cum_len":8360.793150371275,"stop_segment_distance":15.396277401908257}
{"route_id":"210","stop_id":"9447","stop_lat":33.977873,"stop_lon":-118.331022,"stop_sequence":54,"segment_first_lat":33.978148435,"segment_first_lon":-118.3308684692,"segment_second_lat":33.9778736462,"segment_second_lon":-118.3308693625,"segment_sequence":530004,"segment_id":27,"segment_len_meter":30.55523148417683,"segment_cum_len":17424.706654212114,"stop_segment_distance":17.26007370612041}
{"route_id":"211","stop_id":"4410","stop_lat":33.872982,"stop_lon":-118.343966,"stop_sequence":59,"segment_first_lat":33.8728419886,"segment_first_lon":-118.3438176463,"segment_second_lat":33.8728316706,"segment_second_lon":-118.3483669526,"segment_sequence":590002,"segment_id":30,"segment_len_meter":420.00511122720627,"segment_cum_len":21768.634674130706,"stop_segment_distance":7.381153529167591}
{"route_id":"212","stop_id":"4162","stop_lat":33.994055,"stop_lon":-118.355288,"stop_sequence":44,"segment_first_lat":33.9943129284,"segment_first_lon":-118.3554473815,"segment_second_lat":33.9941254099,"segment_second_lon":-118.3552060871,"segment_sequence":430009,"segment_id":22,"segment_len_meter":30.48961755581952,"segment_cum_len":14495.682330012247,"stop_segment_distance":12.613245035730742}
{"route_id":"222","stop_id":"218","stop_lat":34.157505,"stop_lon":-118.341766,"stop_sequence":25,"segment_first_lat":34.1557647191,"segment_first_lon":-118.3410945908,"segment_second_lat":34.1574564968,"segment_second_lon":-118.3419067073,"segment_sequence":240003,"segment_id":12,"segment_len_meter":202.4156301148498,"segment_cum_len":9227.520683424415,"stop_segment_distance":14.742647615128448}
{"route_id":"224","stop_id":"11305","stop_lat":34.197758,"stop_lon":-118.387598,"stop_sequence":22,"segment_first_lat":34.1977575126,"segment_first_lon":-118.3877494657,"segment_second_lat":34.1984499794,"segment_second_lon":-118.3877500348,"segment_sequence":220001,"segment_id":11,"segment_len_meter":76.99881281909477,"segment_cum_len":7467.811372512683,"stop_segment_distance":15.136279477520688}
{"route_id":"245","stop_id":"15457","stop_lat":34.190454,"stop_lon":-118.596471,"stop_sequence":1,"segment_first_lat":34.1905038491,"segment_first_lon":-118.5964705685,"segment_second_lat":34.1905025572,"segment_second_lon":-118.5960079366,"segment_sequence":10001,"segment_id":1,"segment_len_meter":42.55197826740356,"segment_cum_len":42.55197826740356,"stop_segment_distance":5.923438863675955}
{"route_id":"246","stop_id":"4203","stop_lat":33.721617,"stop_lon":-118.28782,"stop_sequence":11,"segment_first_lat":33.720608606,"segment_first_lon":-118.2879581696,"segment_second_lat":33.7216170134,"segment_second_lon":-118.2879701763,"segment_sequence":100002,"segment_id":5,"segment_len_meter":112.13528532795333,"segment_cum_len":2238.3292178604456,"stop_segment_distance":14.608010366977766}
{"route_id":"256","stop_id":"10662","stop_lat":34.158095,"stop_lon":-118.121346,"stop_sequence":102,"segment_first_lat":34.1580946005,"segment_first_lon":-118.1214663124,"segment_second_lat":34.1591525243,"segment_second_lon":-118.121473139,"segment_sequence":1020001,"segment_id":51,"segment_len_meter":117.63743631672637,"segment_cum_len":31915.161198325284,"stop_segment_distance":11.604737974054217}
{"route_id":"268","stop_id":"16243","stop_lat":34.162019,"stop_lon":-118.052935,"stop_sequence":37,"segment_first_lat":34.1618910199,"segment_first_lon":-118.0529350832,"segment_second_lat":34.1618891881,"segment_second_lon":-118.0533515901,"segment_sequence":370001,"segment_id":19,"segment_len_meter":38.32280614173553,"segment_cum_len":15082.228886507612,"stop_segment_distance":16.865633313255515}
{"route_id":"28","stop_id":"13968","stop_lat":34.049661,"stop_lon":-118.247621,"stop_sequence":53,"segment_first_lat":34.0502691999,"segment_first_lon":-118.2469493866,"segment_second_lat":34.0496134294,"segment_second_lon":-118.2475492586,"segment_sequence":520004,"segment_id":26,"segment_len_meter":91.49576801487748,"segment_cum_len":16123.94793504898,"stop_segment_distance":8.633898104043311}
{"route_id":"460","stop_id":"2775","stop_lat":33.846607,"stop_lon":-117.989691,"stop_sequence":60,"segment_first_lat":33.8467223013,"segment_first_lon":-117.9917494431,"segment_second_lat":33.8467345079,"segment_second_lon":-117.9896911933,"segment_sequence":600002,"segment_id":30,"segment_len_meter":190.08581595564408,"segment_cum_len":52113.41020633923,"stop_segment_distance":14.6232427174821}
{"route_id":"51","stop_id":"238","stop_lat":33.914744,"stop_lon":-118.265393,"stop_sequence":77,"segment_first_lat":33.9154836821,"segment_first_lon":-118.2652400104,"segment_second_lat":33.9147445114,"segment_second_lon":-118.2652403076,"segment_sequence":760003,"segment_id":38,"segment_len_meter":82.19203633976021,"segment_cum_len":20044.029007606427,"stop_segment_distance":15.349777368939883}
{"route_id":"51","stop_id":"7412","stop_lat":34.053103,"stop_lon":-118.269529,"stop_sequence":12,"segment_first_lat":34.0539131576,"segment_first_lon":-118.2711558372,"segment_second_lat":34.0531661692,"segment_second_lon":-118.2694895433,"segment_sequence":110002,"segment_id":6,"segment_len_meter":174.54086952180498,"segment_cum_len":3018.4304532549745,"stop_segment_distance":8.233512153718237}
{"route_id":"603","stop_id":"15254","stop_lat":34.043977,"stop_lon":-118.284268,"stop_sequence":55,"segment_first_lat":34.0443619616,"segment_first_lon":-118.284127479,"segment_second_lat":34.0439827881,"segment_second_lon":-118.2841136478,"segment_sequence":540006,"segment_id":27,"segment_len_meter":42.181424093263885,"segment_cum_len":16934.976399721854,"stop_segment_distance":16.77563347233952}
{"route_id":"603","stop_id":"15745","stop_lat":34.059013,"stop_lon":-118.282223,"stop_sequence":48,"segment_first_lat":34.0588727354,"segment_first_lon":-118.2820967774,"segment_second_lat":34.058949281,"segment_second_lon":-118.2822657454,"segment_sequence":470006,"segment_id":24,"segment_len_meter":17.740604792419063,"segment_cum_len":14969.84686792625,"stop_segment_distance":9.819416831691953}
{"route_id":"611","stop_id":"1417","stop_lat":33.974582,"stop_lon":-118.227534,"stop_sequence":21,"segment_first_lat":33.9744067358,"segment_first_lon":-118.2270979254,"segment_second_lat":33.974454244,"segment_second_lon":-118.2275512309,"segment_sequence":200003,"segment_id":10,"segment_len_meter":42.13292409834855,"segment_cum_len":6639.151138658985,"stop_segment_distance":16.846668119361176}
{"route_id":"611","stop_id":"9607","stop_lat":33.994525,"stop_lon":-118.184618,"stop_sequence":59,"segment_first_lat":33.9946015773,"segment_first_lon":-118.1845540954,"segment_second_lat":33.9945251217,"segment_second_lon":-118.1844170177,"segment_sequence":590001,"segment_id":30,"segment_len_meter":15.230760077418518,"segment_cum_len":18061.93652979865,"stop_segment_distance":13.652367575143158}
{"route_id":"62","stop_id":"4377","stop_lat":33.853506,"stop_lon":-118.082168,"stop_sequence":73,"segment_first_lat":33.858224472,"segment_first_lon":-118.0820736793,"segment_second_lat":33.853506504,"segment_second_lon":-118.0820176839,"segment_sequence":720001,"segment_id":36,"segment_len_meter":524.6395864330333,"segment_cum_len":36592.3990225335,"stop_segment_distance":13.98366829290876}
{"route_id":"66","stop_id":"7426","stop_lat":34.057432,"stop_lon":-118.283772,"stop_sequence":11,"segment_first_lat":34.0575197435,"segment_first_lon":-118.2837132557,"segment_second_lat":34.0572573212,"segment_second_lon":-118.2831280006,"segment_sequence":110002,"segment_id":6,"segment_len_meter":61.305101176725,"segment_cum_len":3141.5687801003855,"stop_segment_distance":12.277352918975382}
{"route_id":"685","stop_id":"142105","stop_lat":34.135444,"stop_lon":-118.233748,"stop_sequence":13,"segment_first_lat":34.135444089,"segment_first_lon":-118.2335970646,"segment_second_lat":34.1350511403,"segment_second_lon":-118.2335982796,"segment_sequence":130001,"segment_id":7,"segment_len_meter":43.694044969760824,"segment_cum_len":4400.800793392507,"stop_segment_distance":16.00356033697932}
{"route_id":"70","stop_id":"1458","stop_lat":34.062394,"stop_lon":-118.116588,"stop_sequence":50,"segment_first_lat":34.0625191987,"segment_first_lon":-118.116588287,"segment_second_lat":34.0625266635,"segment_second_lon":-118.115683633,"segment_sequence":500001,"segment_id":25,"segment_len_meter":83.33802421623447,"segment_cum_len":17356.860110679492,"stop_segment_distance":15.186941924922152}
{"route_id":"70","stop_id":"4427","stop_lat":34.060619,"stop_lon":-118.168041,"stop_sequence":36,"segment_first_lat":34.060718935,"segment_first_lon":-118.1680132047,"segment_second_lat":34.060684809,"segment_second_lon":-118.1678533375,"segment_sequence":360001,"segment_id":18,"segment_len_meter":15.207806497493552,"segment_cum_len":11969.227028354046,"stop_segment_distance":14.967877118922337}
{"route_id":"704","stop_id":"4098","stop_lat":34.015828,"stop_lon":-118.499866,"stop_sequence":1,"segment_first_lat":34.0157436782,"segment_first_lon":-118.4999713854,"segment_second_lat":34.0162320896,"segment_second_lon":-118.5005412269,"segment_sequence":10001,"segment_id":1,"segment_len_meter":75.55057798822874,"segment_cum_len":75.55057798822874,"stop_segment_distance":14.70908513183386}
{"route_id":"780","stop_id":"142406","stop_lat":34.146165,"stop_lon":-118.254729,"stop_sequence":20,"segment_first_lat":34.1462904208,"segment_first_lon":-118.2547288898,"segment_second_lat":34.1462985692,"segment_second_lon":-118.2538596963,"segment_sequence":200001,"segment_id":10,"segment_len_meter":79.99327852913619,"segment_cum_len":21811.758060800006,"stop_segment_distance":15.318255199494956}
{"route_id":"92","stop_id":"12623","stop_lat":34.261817,"stop_lon":-118.398685,"stop_sequence":103,"segment_first_lat":34.2607971976,"segment_first_lon":-118.3978161502,"segment_second_lat":34.2617334595,"segment_second_lon":-118.3988015784,"segment_sequence":1020009,"segment_id":51,"segment_len_meter":137.9844363422944,"segment_cum_len":34401.61568860536,"stop_segment_distance":14.883879478553581}
{"route_id":"94","stop_id":"2146","stop_lat":34.094802,"stop_lon":-118.231052,"stop_sequence":80,"segment_first_lat":34.094876581,"segment_first_lon":-118.2309259152,"segment_second_lat":34.0943446221,"segment_second_lon":-118.2304788772,"segment_sequence":800001,"segment_id":40,"segment_len_meter":72.06485093831648,"segment_cum_len":32702.541316501796,"stop_segment_distance":15.494606142964727}
