{"route_id":"10","stop_id":"11710","stop_lat":34.083738,"stop_lon":-118.351435,"stop_sequence":55,"segment_first_lat":34.0836111071,"segment_first_lon":-118.3514378169,"segment_second_lat":34.0836283181,"segment_second_lon":-118.3522271977,"segment_sequence":550001,"segment_id":28,"segment_len_meter":72.72236365663679,"segment_cum_len":15239.45568170721,"stop_segment_distance":15.358788267134699}
{"route_id":"10","stop_id":"11716","stop_lat":34.081682,"stop_lon":-118.383173,"stop_sequence":65,"segment_first_lat":34.0813909284,"segment_first_lon":-118.3831254934,"segment_second_lat":34.081634732,"segment_second_lon":-118.3832778634,"segment_sequence":640010,"segment_id":32,"segment_len_meter":30.52628039150847,"segment_cum_len":18175.48595577895,"stop_segment_distance":13.128898276870167}
{"route_id":"10","stop_id":"24250","stop_lat":34.083729,"stop_lon":-118.287158,"stop_sequence":34,"segment_first_lat":34.0836015686,"segment_first_lon":-118.2871571114,"segment_second_lat":34.0836033951,"segment_second_lon":-118.28800587,"segment_sequence":340001,"segment_id":17,"segment_len_meter":78.16579217446615,"segment_cum_len":9324.593762421813,"stop_segment_distance":15.32705834318142}
{"route_id":"102","stop_id":"14555","stop_lat":33.963456,"stop_lon":-118.222972,"stop_sequence":91,"segment_first_lat":33.9633520243,"segment_first_lon":-118.2227280575,"segment_second_lat":33.9633816595,"segment_second_lon":-118.2230480221,"segment_sequence":900006,"segment_id":45,"segment_len_meter":29.692003569532286,"segment_cum_len":29534.134760096418,"stop_segment_distance":6.44152262417003}
{"route_id":"106","stop_id":"13952","stop_lat":34.03764,"stop_lon":-118.213796,"stop_sequence":21,"segment_first_lat":34.0392111662,"segment_first_lon":-118.2126183335,"segment_second_lat":34.0375801151,"segment_second_lon":-118.2136618365,"segment_sequence":200002,"segment_id":10,"segment_len_meter":205.27602843712785,"segment_cum_len":7469.732512173134,"stop_segment_distance":14.428786605681239}
{"route_id":"127","stop_id":"9891","stop_lat":33.896262,"stop_lon":-118.196518,"stop_sequence":34,"segment_first_lat":33.89614287,"segment_first_lon":-118.1955885862,"segment_second_lat":33.8961366873,"segment_second_lon":-118.1965178026,"segment_sequence":330003,"segment_id":17,"segment_len_meter":85.7669512146582,"segment_cum_len":13973.889786528978,"stop_segment_distance":14.966308600242456}
{"route_id":"14","stop_id":"404","stop_lat":34.076396,"stop_lon":-118.305879,"stop_sequence":55,"segment_first_lat":34.0762702658,"segment_first_lon":-118.3055155651,"segment_second_lat":34.0762693466,"segment_second_lon":-118.3058788092,"segment_sequence":540011,"segment_id":27,"segment_len_meter":33.45563506679156,"segment_cum_len":20418.0995119973,"stop_segment_distance":16.903093324880615}
{"route_id":"2","stop_id":"6424","stop_lat":34.082512,"stop_lon":-118.43288,"stop_sequence":11,"segment_first_lat":34.0827369698,"segment_first_lon":-118.4336469719,"segment_second_lat":34.0826373014,"segment_second_lon":-118.4328584745,"segment_sequence":100016,"segment_id":5,"segment_len_meter":73.45745849124803,"segment_cum_len":3103.507589072589,"stop_segment_distance":15.548896482728594}
{"route_id":"20","stop_id":"16753","stop_lat":34.0554,"stop_lon":-118.269857,"stop_sequence":10,"segment_first_lat":34.0545871242,"segment_first_lon":-118.2683650445,"segment_second_lat":34.0552903905,"segment_second_lon":-118.2699292017,"segment_sequence":90008,"segment_id":5,"segment_len_meter":163.94957038545007,"segment_cum_len":3094.01181051785,"stop_segment_distance":14.439038177416677}
{"route_id":"202","stop_id":"10823","stop_lat":33.881138,"stop_lon":-118.220681,"stop_sequence":17,"segment_first_lat":33.881235406,"segment_first_lon":-118.2206814169,"segment_second_lat":33.8812511057,"segment_second_lon":-118.2182467773,"segment_sequence":170001,"segment_id":9,"segment_len_meter":224.75676805590263,"segment_cum_len":6629.739435853226,"stop_segment_distance":11.137661155266073}
{"route_id":"206","stop_id":"13781","stop_lat":34.061243,"stop_lon":-118.30066,"stop_sequence":20,"segment_first_lat":34.0611699681,"segment_first_lon":-118.3005468971,"segment_second_lat":34.0610729956,"segment_second_lon":-118.3006462586,"segment_sequence":200001,"segment_id":10,"segment_len_meter":14.143820299392011,"segment_cum_len":6046.554105463459,"stop_segment_distance":18.011962052413544}
{"route_id":"210","stop_id":"142169","stop_lat":34.008171,"stop_lon":-118.33524,"stop_sequence":42,"segment_first_lat":34.0084512128,"segment_first_lon":-118.3351028171,"segment_second_lat":34.0081767394,"segment_second_lon":-118.33508885,"segment_sequence":410003,"segment_id":21,"segment_len_meter":30.54719130896781,"segment_cum_len":13938.966638653279,"stop_segment_distance":17.02614081368999}
{"route_id":"224","stop_id":"4621","stop_lat":34.320888,"stop_lon":-118.460752,"stop_sequence":62,"segment_first_lat":34.3206716395,"segment_first_lon":-118.4611843334,"segment_second_lat":34.320958182,"segment_second_lon":-118.4608398182,"segment_sequence":610008,"segment_id":31,"segment_len_meter":44.90204222267089,"segment_cum_len":24629.629607683535,"stop_segment_distance":12.74400570427676}
{"route_id":"233","stop_id":"6805","stop_lat":34.267223,"stop_lon":-118.420304,"stop_sequence":44,"segment_first_lat":34.2666559128,"segment_first_lon":-118.4213105347,"segment_second_lat":34.2673188379,"segment_second_lon":-118.420402687,"segment_sequence":430004,"segment_id":22,"segment_len_meter":111.32655264300024,"segment_cum_len":14263.558959653194,"stop_segment_distance":14.610544288655731}
{"route_id":"234","stop_id":"23404","stop_lat":34.186244,"stop_lon":-118.466331,"stop_sequence":57,"segment_first_lat":34.1862445468,"segment_first_lon":-118.4661748373,"segment_second_lat":34.1844364253,"segment_second_lon":-118.4661756583,"segment_sequence":570001,"segment_id":29,"segment_len_meter":201.05395173948267,"segment_cum_len":21707.230122621284,"stop_segment_distance":14.810760273399296}
{"route_id":"236","stop_id":"336","stop_lat":34.254152,"stop_lon":-118.502223,"stop_sequence":25,"segment_first_lat":34.254154233,"segment_first_lon":-118.5023734621,"segment_second_lat":34.2562427462,"segment_second_lon":-118.5023479752,"segment_sequence":250001,"segment_id":13,"segment_len_meter":232.24388525790118,"segment_cum_len":10694.352638932709,"stop_segment_distance":14.350963988253852}
{"route_id":"245","stop_id":"6584","stop_lat":34.228684,"stop_lon":-118.603301,"stop_sequence":15,"segment_first_lat":34.2287527385,"segment_first_lon":-118.603444181,"segment_second_lat":34.2288269056,"segment_second_lon":-118.6033944305,"segment_sequence":150001,"segment_id":8,"segment_len_meter":9.430439736856988,"segment_cum_len":6253.627492819765,"stop_segment_distance":23.854559549353255}
{"route_id":"256","stop_id":"3453","stop_lat":34.082692,"stop_lon":-118.177917,"stop_sequence":36,"segment_first_lat":34.0818892605,"segment_first_lon":-118.1780344516,"segment_second_lat":34.0826916356,"segment_second_lon":-118.1780361596,"segment_sequence":350002,"segment_id":18,"segment_len_meter":89.22017904839932,"segment_cum_len":10651.669304519093,"stop_segment_distance":11.667458845061134}
{"route_id":"256","stop_id":"708","stop_lat":34.063181,"stop_lon":-118.168687,"stop_sequence":25,"segment_first_lat":34.0631061549,"segment_first_lon":-118.1686948518,"segment_second_lat":34.0631422714,"segment_second_lon":-118.1691987673,"segment_sequence":250001,"segment_id":13,"segment_len_meter":46.59218596766688,"segment_cum_len":6708.599458258135,"stop_segment_distance":9.099910625951402}
{"route_id":"258","stop_id":"11292","stop_lat":34.053649,"stop_lon":-118.172989,"stop_sequence":32,"segment_first_lat":34.0540529486,"segment_first_lon":-118.1726468167,"segment_second_lat":34.0536061277,"segment_second_lon":-118.1728515685,"segment_sequence":310018,"segment_id":16,"segment_len_meter":53.14447558076322,"segment_cum_len":13080.135159206638,"stop_segment_distance":15.25973345594661}
{"route_id":"258","stop_id":"13398","stop_lat":33.979508,"stop_lon":-118.163198,"stop_sequence":64,"segment_first_lat":33.9810367494,"segment_first_lon":-118.16282182,"segment_second_lat":33.9794910544,"segment_second_lon":-118.1630460759,"segment_sequence":630002,"segment_id":32,"segment_len_meter":173.11282661658274,"segment_cum_len":23334.331783496767,"stop_segment_distance":14.513721044233222}
{"route_id":"267","stop_id":"5445","stop_lat":34.130779,"stop_lon":-118.073003,"stop_sequence":24,"segment_first_lat":34.1307756895,"segment_first_lon":-118.07315344,"segment_second_lat":34.132556287,"segment_second_lon":-118.0731893648,"segment_sequence":240001,"segment_id":12,"segment_len_meter":198.0210171249317,"segment_cum_len":9392.973996943314,"stop_segment_distance":14.199095789194871}
{"route_id":"267","stop_id":"6521","stop_lat":34.124573,"stop_lon":-118.064274,"stop_sequence":21,"segment_first_lat":34.1234631984,"segment_first_lon":-118.0642074674,"segment_second_lat":34.1245531632,"segment_second_lon":-118.0644227435,"segment_sequence":200005,"segment_id":10,"segment_len_meter":122.807858792001,"segment_cum_len":7695.944955383329,"stop_segment_distance":14.616606746670683}
{"route_id":"268","stop_id":"16445","stop_lat":34.169272,"stop_lon":-118.15616,"stop_sequence":77,"segment_first_lat":34.1690603154,"segment_first_lon":-118.155918553,"segment_second_lat":34.1691841384,"segment_second_lon":-118.1562136714,"segment_sequence":760008,"segment_id":38,"segment_len_meter":30.442661417687223,"segment_cum_len":28813.834295199482,"stop_segment_distance":12.868844479042206}
{"route_id":"28","stop_id":"12357","stop_lat":34.076852,"stop_lon":-118.222915,"stop_sequence":39,"segment_first_lat":34.0782055021,"segment_first_lon":-118.2236316251,"segment_second_lat":34.0768998593,"segment_second_lon":-118.2228095019,"segment_sequence":380008,"segment_id":19,"segment_len_meter":163.73971104750947,"segment_cum_len":11841.654778201835,"stop_segment_distance":11.67746166649826}
{"route_id":"35","stop_id":"2755","stop_lat":34.032121,"stop_lon":-118.371068,"stop_sequence":3,"segment_first_lat":34.0324595814,"segment_first_lon":-118.3707489282,"segment_second_lat":34.032073793,"segment_second_lon":-118.3709234665,"segment_sequence":20019,"segment_id":1,"segment_len_meter":45.813729985697606,"segment_cum_len":1027.967708246811,"stop_segment_distance":16.271461082600062}
{"route_id":"40","stop_id":"10907","stop_lat":33.877803,"stop_lon":-118.352855,"stop_sequence":81,"segment_first_lat":33.8784851062,"segment_first_lon":-118.3527028985,"segment_second_lat":33.8778036431,"segment_second_lon":-118.3527023378,"segment_sequence":800004,"segment_id":40,"segment_len_meter":75.77525709491245,"segment_cum_len":30985.547117857823,"stop_segment_distance":15.45382152623094}
{"route_id":"460","stop_id":"2378","stop_lat":34.03364,"stop_lon":-118.271067,"stop_sequence":11,"segment_first_lat":34.0335939306,"segment_first_lon":-118.2709586362,"segment_second_lat":34.0324098717,"segment_second_lon":-118.271693458,"segment_sequence":110001,"segment_id":6,"segment_len_meter":148.05325543146787,"segment_cum_len":4146.870033319529,"stop_segment_distance":11.636196289182834}
{"route_id":"51","stop_id":"5485","stop_lat":34.018631,"stop_lon":-118.263356,"stop_sequence":34,"segment_first_lat":34.0189151157,"segment_first_lon":-118.263000395,"segment_second_lat":34.0185714256,"segment_second_lon":-118.2632214031,"segment_sequence":330008,"segment_id":17,"segment_len_meter":43.305978587333165,"segment_cum_len":8451.801855761634,"stop_segment_distance":16.27857189180328}
{"route_id":"51","stop_id":"7591","stop_lat":33.895717,"stop_lon":-118.249091,"stop_sequence":87,"segment_first_lat":33.8958336753,"segment_first_lon":-118.251483239,"segment_second_lat":33.895843314,"segment_second_lon":-118.2490909982,"segment_sequence":860001,"segment_id":43,"segment_len_meter":220.80082786266166,"segment_cum_len":23722.84236688579,"stop_segment_distance":14.423699231835599}
{"route_id":"60","stop_id":"11513","stop_lat":33.94238,"stop_lon":-118.215363,"stop_sequence":51,"segment_first_lat":33.9424108351,"segment_first_lon":-118.2152153034,"segment_second_lat":33.9417541877,"segment_second_lon":-118.2150118438,"segment_sequence":510001,"segment_id":26,"segment_len_meter":75.38950965156897,"segment_cum_len":16077.805677489712,"stop_segment_distance":15.417299627749728}
{"route_id":"603","stop_id":"88","stop_lat":34.090867,"stop_lon":-118.258365,"stop_sequence":29,"segment_first_lat":34.0911398558,"segment_first_lon":-118.2580321788,"segment_second_lat":34.0908306879,"segment_second_lon":-118.2583043682,"segment_sequence":280009,"segment_id":14,"segment_len_meter":42.54509192703202,"segment_cum_len":8822.492678942246,"stop_segment_distance":7.471061635127711}
{"route_id":"611","stop_id":"11454","stop_lat":34.000183,"stop_lon":-118.204924,"stop_sequence":52,"segment_first_lat":34.0002358114,"segment_first_lon":-118.2083392067,"segment_second_lat":34.0002820456,"segment_second_lon":-118.2049279026,"segment_sequence":510001,"segment_id":26,"segment_len_meter":314.5113526344962,"segment_cum_len":15998.283844466356,"stop_segment_distance":11.391927373217754}
{"route_id":"68","stop_id":"9215","stop_lat":34.046818,"stop_lon":-118.207508,"stop_sequence":30,"segment_first_lat":34.0462342981,"segment_first_lon":-118.2065226225,"segment_second_lat":34.0467073137,"segment_second_lon":-118.2075814546,"segment_sequence":290005,"segment_id":15,"segment_len_meter":110.83036462927404,"segment_cum_len":12198.72879406072,"stop_segment_distance":14.816879756345429}
{"route_id":"70","stop_id":"2172","stop_lat":34.062595,"stop_lon":-118.060192,"stop_sequence":66,"segment_first_lat":34.0627176568,"segment_first_lon":-118.0612718558,"segment_second_lat":34.0627206727,"segment_second_lon":-118.0601922018,"segment_sequence":650004,"segment_id":33,"segment_len_meter":99.45467695666613,"segment_cum_len":22468.75315611347,"stop_segment_distance":14.92293877567468}
{"route_id":"704","stop_id":"6041","stop_lat":34.040566,"stop_lon":-118.463037,"stop_sequence":6,"segment_first_lat":34.0406738956,"segment_first_lon":-118.4631152992,"segment_second_lat":34.0408971107,"segment_second_lon":-118.4626626644,"segment_sequence":60001,"segment_id":3,"segment_len_meter":48.53288849543828,"segment_cum_len":5022.362816545764,"stop_segment_distance":15.916817766495775}
{"route_id":"734","stop_id":"16555","stop_lat":34.062714,"stop_lon":-118.445519,"stop_sequence":25,"segment_first_lat":34.063695534,"segment_first_lon":-118.4453355852,"segment_second_lat":34.0627116813,"segment_second_lon":-118.4453650159,"segment_sequence":240051,"segment_id":12,"segment_len_meter":109.433014999346,"segment_cum_len":34929.21521035321,"stop_segment_distance":15.195422796523417}
{"route_id":"83","stop_id":"9512","stop_lat":34.073908,"stop_lon":-118.215774,"stop_sequence":34,"segment_first_lat":34.076131573,"segment_first_lon":-118.2156838684,"segment_second_lat":34.0739114036,"segment_second_lon":-118.2156226674,"segment_sequence":330001,"segment_id":17,"segment_len_meter":246.93591778941115,"segment_cum_len":9908.010835847212,"stop_segment_distance":14.396988030613642}
{"route_id":"92","stop_id":"2234","stop_lat":34.294011,"stop_lon":-118.433014,"stop_sequence":115,"segment_first_lat":34.2937202489,"segment_first_lon":-118.4329028338,"segment_second_lat":34.293929931,"segment_second_lon":-118.4331283997,"segment_sequence":1140007,"segment_id":57,"segment_len_meter":31.19292927345459,"segment_cum_len":39173.49442414093,"stop_segment_distance":16.55744147844958}
{"route_id":"94","stop_id":"14235","stop_lat":34.26624,"stop_lon":-118.422454,"stop_sequence":11,"segment_first_lat":34.2669741919,"segment_first_lon":-118.4230233137,"segment_second_lat":34.2663250696,"segment_second_lon":-118.4223348977,"segment_sequence":100003,"segment_id":5,"segment_len_meter":95.978383386985,"segment_cum_len":4201.242453194364,"stop_segment_distance":15.451012217061773}
