{"route_id":"108","stop_id":"7972","stop_lat":33.989066,"stop_lon":-118.278513,"stop_sequence":40,"segment_first_lat":33.9891904248,"segment_first_lon":-118.2793681029,"segment_second_lat":33.9891945981,"segment_second_lon":-118.278513724,"segment_sequence":390006,"segment_id":20,"segment_len_meter":78.77211036031197,"segment_cum_len":13689.44605645497,"stop_segment_distance":15.569854888611601}
{"route_id":"111","stop_id":"1416","stop_lat":33.974636,"stop_lon":-118.251651,"stop_sequence":42,"segment_first_lat":33.9747612677,"segment_first_lon":-118.2519808229,"segment_second_lat":33.9747619561,"segment_second_lon":-118.2516510007,"segment_sequence":410003,"segment_id":21,"segment_len_meter":30.41371140376875,"segment_cum_len":15704.99908520962,"stop_segment_distance":17.043634770944102}
{"route_id":"115","stop_id":"10452","stop_lat":33.954107,"stop_lon":-118.206299,"stop_sequence":62,"segment_first_lat":33.9543390183,"segment_first_lon":-118.2073446357,"segment_second_lat":33.9542331314,"segment_second_lon":-118.2062779844,"segment_sequence":610003,"segment_id":31,"segment_len_meter":99.08393361478701,"segment_cum_len":17941.364832092382,"stop_segment_distance":14.909266802084957}
{"route_id":"125","stop_id":"16968","stop_lat":33.90178,"stop_lon":-118.353065,"stop_sequence":15,"segment_first_lat":33.901907213,"segment_first_lon":-118.3538197353,"segment_second_lat":33.9019075021,"segment_second_lon":-118.3530650932,"segment_sequence":140010,"segment_id":7,"segment_len_meter":69.64674978765864,"segment_cum_len":6446.5286636776245,"stop_segment_distance":15.608034611061655}
{"route_id":"128","stop_id":"17224","stop_lat":33.887755,"stop_lon":-118.082748,"stop_sequence":13,"segment_first_lat":33.8876265561,"segment_first_lon":-118.0827479178,"segment_second_lat":33.8876132859,"segment_second_lon":-118.0848401057,"segment_sequence":130001,"segment_id":7,"segment_len_meter":193.12829144902437,"segment_cum_len":7417.4168389390015,"stop_segment_distance":14.910785440709077}
{"route_id":"152","stop_id":"10412","stop_lat":34.18295,"stop_lon":-118.623511,"stop_sequence":92,"segment_first_lat":34.1846490552,"segment_first_lon":-118.6233512709,"segment_second_lat":34.1829508083,"segment_second_lon":-118.6233571148,"segment_sequence":910004,"segment_id":46,"segment_len_meter":188.83720457515008,"segment_cum_len":37029.35026134261,"stop_segment_distance":14.815102869621256}
{"route_id":"152","stop_id":"13039","stop_lat":34.221123,"stop_lon":-118.518955,"stop_sequence":58,"segment_first_lat":34.2209981385,"segment_first_lon":-118.5189471957,"segment_second_lat":34.220971545,"segment_second_lon":-118.5197012549,"segment_sequence":580001,"segment_id":29,"segment_len_meter":69.39445231825786,"segment_cum_len":23433.050910191876,"stop_segment_distance":15.158414369202958}
{"route_id":"155","stop_id":"6656","stop_lat":34.141765,"stop_lon":-118.360767,"stop_sequence":31,"segment_first_lat":34.1411597517,"segment_first_lon":-118.3609531305,"segment_second_lat":34.1417698872,"segment_second_lon":-118.3609180903,"segment_sequence":300009,"segment_id":15,"segment_len_meter":67.92056969792789,"segment_cum_len":12193.944015017123,"stop_segment_distance":15.44130523793396}
{"route_id":"158","stop_id":"152","stop_lat":34.253716,"stop_lon":-118.598806,"stop_sequence":76,"segment_first_lat":34.2508028812,"segment_first_lon":-118.5987946692,"segment_second_lat":34.2537152973,"segment_second_lon":-118.5988155637,"segment_sequence":750003,"segment_id":38,"segment_len_meter":323.8515886098968,"segment_cum_len":30859.900649839507,"stop_segment_distance":0.9565684335725564}
{"route_id":"158","stop_id":"9580","stop_lat":34.257625,"stop_lon":-118.498286,"stop_sequence":51,"segment_first_lat":34.2574996541,"segment_first_lon":-118.4982882305,"segment_second_lat":34.2575248996,"segment_second_lon":-118.5021538161,"segment_sequence":510001,"segment_id":26,"segment_len_meter":355.27534019904135,"segment_cum_len":20741.39566514469,"stop_segment_distance":14.307195176922278}
{"route_id":"163","stop_id":"6231","stop_lat":34.201084,"stop_lon":-118.439659,"stop_sequence":47,"segment_first_lat":34.2012088594,"segment_first_lon":-118.4396594769,"segment_second_lat":34.2012086829,"segment_second_lon":-118.4377379889,"segment_sequence":470001,"segment_id":24,"segment_len_meter":176.71126901704386,"segment_cum_len":17875.073176590868,"stop_segment_distance":14.383234941113926}
{"route_id":"18","stop_id":"32148","stop_lat":34.027772,"stop_lon":-118.201249,"stop_sequence":44,"segment_first_lat":34.0282461876,"segment_first_lon":-118.2019996621,"segment_second_lat":34.0278851165,"segment_second_lon":-118.2011779978,"segment_sequence":430007,"segment_id":22,"segment_len_meter":85.70570371165887,"segment_cum_len":12230.091347831665,"stop_segment_distance":15.452814038404995}
{"route_id":"18","stop_id":"7359","stop_lat":34.060975,"stop_lon":-118.27832,"stop_sequence":14,"segment_first_lat":34.0610645367,"segment_first_lon":-118.2782640217,"segment_second_lat":34.0609349569,"segment_second_lon":-118.2779733763,"segment_sequence":140001,"segment_id":7,"segment_len_meter":30.404701830649184,"segment_cum_len":3474.379333057416,"stop_segment_distance":13.046929142072504}
{"route_id":"210","stop_id":"9021","stop_lat":34.076123,"stop_lon":-118.315874,"stop_sequence":14,"segment_first_lat":34.0762433155,"segment_first_lon":-118.317040319,"segment_second_lat":34.0762488424,"segment_second_lon":-118.3158746454,"segment_sequence":130008,"segment_id":7,"segment_len_meter":107.36256534566138,"segment_cum_len":4500.1170046238285,"stop_segment_distance":14.880819434987899}
{"route_id":"210","stop_id":"9460","stop_lat":33.944683,"stop_lon":-118.326618,"stop_sequence":64,"segment_first_lat":33.9454774015,"segment_first_lon":-118.3264597989,"segment_second_lat":33.9446805165,"segment_second_lon":-118.3264622985,"segment_sequence":630004,"segment_id":32,"segment_len_meter":88.60986911069521,"segment_cum_len":21297.751190032635,"stop_segment_distance":15.286169025878365}
{"route_id":"211","stop_id":"141072","stop_lat":33.941683,"stop_lon":-118.361165,"stop_sequence":18,"segment_first_lat":33.9383297807,"segment_first_lon":-118.3613086496,"segment_second_lat":33.9416821422,"segment_second_lon":-118.3613171732,"segment_sequence":170001,"segment_id":9,"segment_len_meter":372.7664203771299,"segment_cum_len":6152.639923729373,"stop_segment_distance":14.367963586729331}
{"route_id":"243","stop_id":"14845","stop_lat":34.193711,"stop_lon":-118.553338,"stop_sequence":48,"segment_first_lat":34.1906001353,"segment_first_lon":-118.5534962933,"segment_second_lat":34.1937107945,"segment_second_lon":-118.5534914436,"segment_sequence":470002,"segment_id":24,"segment_len_meter":345.8898091729426,"segment_cum_len":21386.97784853862,"stop_segment_distance":14.441661720118304}
{"route_id":"246","stop_id":"2713","stop_lat":33.756497,"stop_lon":-118.289453,"stop_sequence":27,"segment_first_lat":33.7565713556,"segment_first_lon":-118.2895796304,"segment_second_lat":33.7578426056,"segment_second_lon":-118.2885003798,"segment_sequence":270001,"segment_id":14,"segment_len_meter":173.02171710211854,"segment_cum_len":6492.289728375878,"stop_segment_distance":14.928720094320056}
{"route_id":"251","stop_id":"142323","stop_lat":34.046638,"stop_lon":-118.208059,"stop_sequence":15,"segment_first_lat":34.0465792243,"segment_first_lon":-118.2079234578,"segment_second_lat":34.0453044742,"segment_second_lon":-118.20872871,"segment_sequence":150001,"segment_id":8,"segment_len_meter":159.98838035999023,"segment_cum_len":5846.189609693534,"stop_segment_distance":14.713722060312364}
{"route_id":"256","stop_id":"3662","stop_lat":34.183645,"stop_lon":-118.131438,"stop_sequence":117,"segment_first_lat":34.1822212554,"segment_first_lon":-118.1316494767,"segment_second_lat":34.1836502146,"segment_second_lon":-118.1315895669,"segment_sequence":1160001,"segment_id":58,"segment_len_meter":158.98855045147667,"segment_cum_len":35639.607501316175,"stop_segment_distance":14.46922339292641}
{"route_id":"258","stop_id":"142423","stop_lat":33.909342,"stop_lon":-118.169043,"stop_sequence":80,"segment_first_lat":33.910186205,"segment_first_lon":-118.168889966,"segment_second_lat":33.9093426213,"segment_second_lon":-118.168888266,"segment_sequence":790017,"segment_id":40,"segment_len_meter":93.80235882837772,"segment_cum_len":31326.817574014887,"stop_segment_distance":15.404814581777515}
{"route_id":"260","stop_id":"13171","stop_lat":34.020184,"stop_lon":-118.157502,"stop_sequence":56,"segment_first_lat":34.0201545142,"segment_first_lon":-118.157352555,"segment_second_lat":34.0193075633,"segment_second_lon":-118.1576096822,"segment_sequence":560001,"segment_id":28,"segment_len_meter":97.11241604844807,"segment_cum_len":20702.26438806348,"stop_segment_distance":15.0050590024712}
{"route_id":"266","stop_id":"17799","stop_lat":33.878653,"stop_lon":-118.142461,"stop_sequence":10,"segment_first_lat":33.8786530578,"segment_first_lon":-118.1426131203,"segment_second_lat":33.8802000788,"segment_second_lon":-118.1426183875,"segment_sequence":100001,"segment_id":5,"segment_len_meter":172.0215738330562,"segment_cum_len":5604.8069142127,"stop_segment_distance":14.661393831669272}
{"route_id":"266","stop_id":"17834","stop_lat":33.930285,"stop_lon":-118.127688,"stop_sequence":26,"segment_first_lat":33.9303528431,"segment_first_lon":-118.1278197853,"segment_second_lat":33.9307826681,"segment_second_lon":-118.1275010097,"segment_sequence":260001,"segment_id":13,"segment_len_meter":56.11830220811468,"segment_cum_len":11625.917841642302,"stop_segment_distance":16.155368757682872}
{"route_id":"4","stop_id":"14367","stop_lat":34.063032,"stop_lon":-118.416475,"stop_sequence":71,"segment_first_lat":34.0629357146,"segment_first_lon":-118.416381231,"segment_second_lat":34.0614169952,"segment_second_lon":-118.4185963611,"segment_sequence":710001,"segment_id":36,"segment_len_meter":264.86879314682574,"segment_cum_len":23437.15772483254,"stop_segment_distance":14.284732833417536}
{"route_id":"45","stop_id":"11906","stop_lat":34.073881,"stop_lon":-118.207621,"stop_sequence":3,"segment_first_lat":34.0737707183,"segment_first_lon":-118.2064981512,"segment_second_lat":34.0737545106,"segment_second_lon":-118.2076175377,"segment_sequence":20002,"segment_id":1,"segment_len_meter":103.11644746136864,"segment_cum_len":235.7387272460872,"stop_segment_distance":15.096139724958292}
{"route_id":"487","stop_id":"30","stop_lat":34.161291,"stop_lon":-118.085296,"stop_sequence":51,"segment_first_lat":34.1614188466,"segment_first_lon":-118.0852999245,"segment_second_lat":34.1614435111,"segment_second_lon":-118.0834256731,"segment_sequence":510001,"segment_id":26,"segment_len_meter":172.4702081671967,"segment_cum_len":29865.938031599202,"stop_segment_distance":14.671283519266723}
{"route_id":"534","stop_id":"12718","stop_lat":34.037273,"stop_lon":-118.677449,"stop_sequence":20,"segment_first_lat":34.0373572396,"segment_first_lon":-118.6770435212,"segment_second_lat":34.0371599174,"segment_second_lon":-118.6773413042,"segment_sequence":190022,"segment_id":10,"segment_len_meter":35.13284531269833,"segment_cum_len":19765.55579792807,"stop_segment_distance":19.40434882502855}
{"route_id":"66","stop_id":"3031","stop_lat":34.020532,"stop_lon":-118.202717,"stop_sequence":41,"segment_first_lat":34.0210057206,"segment_first_lon":-118.2035464167,"segment_second_lat":34.020620863,"segment_second_lon":-118.2026597483,"segment_sequence":400003,"segment_id":20,"segment_len_meter":92.24456819305522,"segment_cum_len":12502.113825105549,"stop_segment_distance":11.789746147031252}
{"route_id":"704","stop_id":"6033","stop_lat":34.090771,"stop_lon":-118.29203,"stop_sequence":25,"segment_first_lat":34.0908710025,"segment_first_lon":-118.2927968763,"segment_second_lat":34.0908728571,"segment_second_lon":-118.2920306272,"segment_sequence":240011,"segment_id":12,"segment_len_meter":70.56114564473394,"segment_cum_len":22557.408522090518,"stop_segment_distance":12.253749149219928}
{"route_id":"71","stop_id":"14915","stop_lat":34.033504,"stop_lon":-118.265139,"stop_sequence":1,"segment_first_lat":34.0334863029,"segment_first_lon":-118.2651011163,"segment_second_lat":34.0331273498,"segment_second_lon":-118.2653884468,"segment_sequence":10001,"segment_id":1,"segment_len_meter":47.897240942126935,"segment_cum_len":47.897240942126935,"stop_segment_distance":3.884916869835486}
{"route_id":"734","stop_id":"14542","stop_lat":34.200918,"stop_lon":-118.46633,"stop_sequence":11,"segment_first_lat":34.2009183177,"segment_first_lon":-118.4661793545,"segment_second_lat":34.1993575221,"segment_second_lon":-118.4661762647,"segment_sequence":110001,"segment_id":6,"segment_len_meter":173.5527848779836,"segment_cum_len":12703.507122481471,"stop_segment_distance":14.39384293653103}
{"route_id":"757","stop_id":"25400150","stop_lat":33.925363,"stop_lon":-118.326342,"stop_sequence":23,"segment_first_lat":33.9252586112,"segment_first_lon":-118.3264898032,"segment_second_lat":33.9253630285,"segment_second_lon":-118.3264902101,"segment_sequence":220025,"segment_id":11,"segment_len_meter":11.6107347111314,"segment_cum_len":23225.974010295875,"stop_segment_distance":19.97225778875128}
{"route_id":"76","stop_id":"12267","stop_lat":34.066114,"stop_lon":-118.215265,"stop_sequence":49,"segment_first_lat":34.0659935467,"segment_first_lon":-118.2147797707,"segment_second_lat":34.0659866433,"segment_second_lon":-118.2152618212,"segment_sequence":480004,"segment_id":24,"segment_len_meter":44.40979872842587,"segment_cum_len":18016.127690505775,"stop_segment_distance":16.414273890754302}
{"route_id":"770","stop_id":"650","stop_lat":34.04682,"stop_lon":-118.208148,"stop_sequence":12,"segment_first_lat":34.0472881792,"segment_first_lon":-118.2088756058,"segment_second_lat":34.0469287657,"segment_second_lon":-118.2080755161,"segment_sequence":110017,"segment_id":6,"segment_len_meter":83.85178818061254,"segment_cum_len":7571.98433932453,"stop_segment_distance":14.840770876144774}
{"route_id":"78","stop_id":"11118","stop_lat":34.085105,"stop_lon":-118.181106,"stop_sequence":31,"segment_first_lat":34.0852503725,"segment_first_lon":-118.1814135562,"segment_second_lat":34.0852041494,"segment_second_lon":-118.1810864992,"segment_sequence":300012,"segment_id":15,"segment_len_meter":30.554787350164343,"segment_cum_len":11200.227237092495,"stop_segment_distance":13.227083111571492}
{"route_id":"794","stop_id":"5453","stop_lat":34.174395,"stop_lon":-118.299603,"stop_sequence":21,"segment_first_lat":34.1739593689,"segment_first_lon":-118.2992374407,"segment_second_lat":34.174300601,"segment_second_lon":-118.2997035041,"segment_sequence":200016,"segment_id":10,"segment_len_meter":57.25396103373346,"segment_cum_len":19616.259478584314,"stop_segment_distance":15.703540986540617}
{"route_id":"794","stop_id":"5859","stop_lat":34.266378,"stop_lon":-118.42219,"stop_sequence":34,"segment_first_lat":34.2662960487,"segment_first_lon":-118.4223043009,"segment_second_lat":34.2669741919,"segment_second_lon":-118.4230233137,"segment_sequence":340001,"segment_id":17,"segment_len_meter":100.25843102803948,"segment_cum_len":36752.77946366972,"stop_segment_distance":14.933106241407856}
{"route_id":"81","stop_id":"9322","stop_lat":34.142645,"stop_lon":-118.227178,"stop_sequence":1,"segment_first_lat":34.1427711675,"segment_first_lon":-118.227178663,"segment_second_lat":34.1427714779,"segment_second_lon":-118.2270134203,"segment_sequence":10001,"segment_id":1,"segment_len_meter":15.207249750469769,"segment_cum_len":15.207249750469769,"stop_segment_distance":19.490770925444806}
{"route_id":"83","stop_id":"9064","stop_lat":34.065306,"stop_lon":-118.236999,"stop_sequence":42,"segment_first_lat":34.0652477548,"segment_first_lon":-118.2368372379,"segment_second_lat":34.0646217212,"segment_second_lon":-118.2371524368,"segment_sequence":420001,"segment_id":21,"segment_len_meter":75.42405593956269,"segment_cum_len":12327.711603333666,"stop_segment_distance":18.213050031972926}
{"route_id":"92","stop_id":"463","stop_lat":34.157725,"stop_lon":-118.254909,"stop_sequence":53,"segment_first_lat":34.1577244631,"segment_first_lon":-118.2550628902,"segment_second_lat":34.1585323447,"segment_second_lon":-118.255060398,"segment_sequence":530001,"segment_id":27,"segment_len_meter":89.8326279331331,"segment_cum_len":15309.140408678344,"stop_segment_distance":15.174485170536869}
