{"route_id":"105","stop_id":"3656","stop_lat":34.080063,"stop_lon":-118.376396,"stop_sequence":64,"segment_first_lat":34.0792792338,"segment_first_lon":-118.3765539961,"segment_second_lat":34.0800651524,"segment_second_lon":-118.3765463063,"segment_sequence":630008,"segment_id":32,"segment_len_meter":87.39303075199895,"segment_cum_len":22652.943446228346,"stop_segment_distance":14.809160704996614}
{"route_id":"105","stop_id":"5220","stop_lat":34.070314,"stop_lon":-118.37621,"stop_sequence":60,"segment_first_lat":34.0693573249,"segment_first_lon":-118.3763310244,"segment_second_lat":34.070311017,"segment_second_lon":-118.3763623916,"segment_sequence":590002,"segment_id":30,"segment_len_meter":106.08507368131198,"segment_cum_len":21567.60542340902,"stop_segment_distance":14.91529026993446}
{"route_id":"108","stop_id":"140921","stop_lat":33.988519,"stop_lon":-118.395648,"stop_sequence":3,"segment_first_lat":33.9886410626,"segment_first_lon":-118.395619538,"segment_second_lat":33.9886104844,"segment_second_lon":-118.3953914462,"segment_sequence":30001,"segment_id":2,"segment_len_meter":21.302508304619273,"segment_cum_len":843.2817434845917,"stop_segment_distance":18.26981125331249}
{"route_id":"111","stop_id":"1409","stop_lat":33.974621,"stop_lon":-118.264837,"stop_sequence":39,"segment_first_lat":33.9747477455,"segment_first_lon":-118.2648373326,"segment_second_lat":33.9747543307,"segment_second_lon":-118.2629573547,"segment_sequence":390001,"segment_id":20,"segment_len_meter":173.35837722000403,"segment_cum_len":14662.389023500205,"stop_segment_distance":14.694315346046636}
{"route_id":"115","stop_id":"7812","stop_lat":33.959864,"stop_lon":-118.306964,"stop_sequence":34,"segment_first_lat":33.9599716959,"segment_first_lon":-118.3089727071,"segment_second_lat":33.9599894631,"segment_second_lon":-118.3069644939,"segment_sequence":330002,"segment_id":17,"segment_len_meter":185.2243850253239,"segment_cum_len":8495.659893947843,"stop_segment_distance":14.372724479633462}
{"route_id":"117","stop_id":"6638","stop_lat":33.943169,"stop_lon":-118.197334,"stop_sequence":55,"segment_first_lat":33.9432957573,"segment_first_lon":-118.197313545,"segment_second_lat":33.9432199691,"segment_second_lon":-118.1966084685,"segment_sequence":550001,"segment_id":28,"segment_len_meter":65.58438614694542,"segment_cum_len":20429.5736105647,"stop_segment_distance":15.803310111762471}
{"route_id":"120","stop_id":"14868","stop_lat":33.937152,"stop_lon":-118.041795,"stop_sequence":19,"segment_first_lat":33.937055936,"segment_first_lon":-118.0418936469,"segment_second_lat":33.9383904474,"segment_second_lon":-118.04376393,"segment_sequence":190001,"segment_id":10,"segment_len_meter":227.5723908431564,"segment_cum_len":7231.733384267974,"stop_segment_distance":14.399525332298765}
{"route_id":"14","stop_id":"140906","stop_lat":34.076249,"stop_lon":-118.35821,"stop_sequence":69,"segment_first_lat":34.076128063,"segment_first_lon":-118.3573438212,"segment_second_lat":34.0761233022,"segment_second_lon":-118.3582089904,"segment_sequence":680006,"segment_id":34,"segment_len_meter":79.68563821098826,"segment_cum_len":25253.081595280375,"stop_segment_distance":15.193892872323218}
{"route_id":"14","stop_id":"140916","stop_lat":34.066888,"stop_lon":-118.399255,"stop_sequence":82,"segment_first_lat":34.0668880683,"segment_first_lon":-118.3991042732,"segment_second_lat":34.066448429,"segment_second_lon":-118.399097553,"segment_sequence":820001,"segment_id":41,"segment_len_meter":48.88957867854384,"segment_cum_len":30415.2296078921,"stop_segment_distance":15.978469189001984}
{"route_id":"150","stop_id":"6995","stop_lat":34.167771,"stop_lon":-118.53382,"stop_sequence":29,"segment_first_lat":34.1681042847,"segment_first_lon":-118.534265533,"segment_second_lat":34.1678921874,"segment_second_lon":-118.5337583736,"segment_sequence":280004,"segment_id":14,"segment_len_meter":52.28135666241685,"segment_cum_len":10719.950608887868,"stop_segment_distance":17.597563976842387}
{"route_id":"152","stop_id":"13028","stop_lat":34.221642,"stop_lon":-118.451974,"stop_sequence":44,"segment_first_lat":34.2215167546,"segment_first_lon":-118.4516421733,"segment_second_lat":34.2215127716,"segment_second_lon":-118.4519729531,"segment_sequence":430002,"segment_id":22,"segment_len_meter":30.416339342768822,"segment_cum_len":17158.1736554954,"stop_segment_distance":17.491145142679294}
{"route_id":"155","stop_id":"18048","stop_lat":34.157512,"stop_lon":-118.431467,"stop_sequence":10,"segment_first_lat":34.1576150099,"segment_first_lon":-118.43345049,"segment_second_lat":34.1576122111,"segment_second_lon":-118.4314671873,"segment_sequence":90002,"segment_id":5,"segment_len_meter":182.49064162659383,"segment_cum_len":3000.223720419264,"stop_segment_distance":11.51913495916807}
{"route_id":"155","stop_id":"4507","stop_lat":34.152106,"stop_lon":-118.350301,"stop_sequence":37,"segment_first_lat":34.1522312669,"segment_first_lon":-118.3503018337,"segment_second_lat":34.1522314003,"segment_second_lon":-118.349591204,"segment_sequence":370001,"segment_id":19,"segment_len_meter":65.39160662013188,"segment_cum_len":14465.217145526909,"stop_segment_distance":15.324418772124204}
{"route_id":"165","stop_id":"10363","stop_lat":34.191841,"stop_lon":-118.343117,"stop_sequence":72,"segment_first_lat":34.1919401509,"segment_first_lon":-118.3431139836,"segment_second_lat":34.1919288695,"segment_second_lon":-118.3423434466,"segment_sequence":720001,"segment_id":36,"segment_len_meter":70.8819821700092,"segment_cum_len":28284.393698087595,"stop_segment_distance":11.9627007823633}
{"route_id":"169","stop_id":"6098","stop_lat":34.208345,"stop_lon":-118.470731,"stop_sequence":85,"segment_first_lat":34.2084477789,"segment_first_lon":-118.4732025225,"segment_second_lat":34.2084445021,"segment_second_lon":-118.4707318028,"segment_sequence":840004,"segment_id":42,"segment_len_meter":227.20260920260512,"segment_cum_len":35197.92587253302,"stop_segment_distance":11.425197899923575}
{"route_id":"18","stop_id":"7341","stop_lat":34.054701,"stop_lon":-118.263994,"stop_sequence":21,"segment_first_lat":34.0551967164,"segment_first_lon":-118.264827883,"segment_second_lat":34.0548134443,"segment_second_lon":-118.263923737,"segment_sequence":200004,"segment_id":10,"segment_len_meter":93.56418864197703,"segment_cum_len":4936.814319442803,"stop_segment_distance":15.066253443021836}
{"route_id":"202","stop_id":"23200078","stop_lat":33.779755,"stop_lon":-118.269069,"stop_sequence":55,"segment_first_lat":33.779627135,"segment_first_lon":-118.2690585117,"segment_second_lat":33.779582383,"segment_second_lon":-118.2699010845,"segment_sequence":550001,"segment_id":28,"segment_len_meter":78.03216388791338,"segment_cum_len":26672.51489487239,"stop_segment_distance":15.481804131954675}
{"route_id":"205","stop_id":"15760","stop_lat":33.73258,"stop_lon":-118.308067,"stop_sequence":8,"segment_first_lat":33.7325104834,"segment_first_lon":-118.3080960982,"segment_second_lat":33.7325878534,"segment_second_lon":-118.3083565212,"segment_sequence":80001,"segment_id":4,"segment_len_meter":25.572920902149946,"segment_cum_len":1450.4419148195711,"stop_segment_distance":9.399345393022656}
{"route_id":"217","stop_id":"11023","stop_lat":34.101703,"stop_lon":-118.335962,"stop_sequence":6,"segment_first_lat":34.1015796942,"segment_first_lon":-118.3350234943,"segment_second_lat":34.1015770895,"segment_second_lon":-118.3359616077,"segment_sequence":50004,"segment_id":3,"segment_len_meter":86.37670536049582,"segment_cum_len":1198.5326674164744,"stop_segment_distance":15.117220912378457}
{"route_id":"222","stop_id":"6362","stop_lat":34.239791,"stop_lon":-118.367689,"stop_sequence":52,"segment_first_lat":34.2396947423,"segment_first_lon":-118.3678510449,"segment_second_lat":34.2397914888,"segment_second_lon":-118.3678441921,"segment_sequence":510007,"segment_id":26,"segment_len_meter":10.776147618209055,"segment_cum_len":20614.341527781417,"stop_segment_distance":21.83226818598234}
{"route_id":"251","stop_id":"12715","stop_lat":33.978092,"stop_lon":-118.22531,"stop_sequence":38,"segment_first_lat":33.9780924964,"segment_first_lon":-118.2251585832,"segment_second_lat":33.9769081767,"segment_second_lon":-118.2251553989,"segment_sequence":380001,"segment_id":19,"segment_len_meter":131.69066949995488,"segment_cum_len":14238.788908656115,"stop_segment_distance":14.67617546987637}
{"route_id":"252","stop_id":"11915","stop_lat":34.073913,"stop_lon":-118.205062,"stop_sequence":29,"segment_first_lat":34.0738108664,"segment_first_lon":-118.203892858,"segment_second_lat":34.0737918565,"segment_second_lon":-118.2050584685,"segment_sequence":280003,"segment_id":14,"segment_len_meter":107.37890087229651,"segment_cum_len":10940.598940930484,"stop_segment_distance":14.37606079427701}
{"route_id":"266","stop_id":"17819","stop_lat":33.894574,"stop_lon":-118.142554,"stop_sequence":15,"segment_first_lat":33.894573887,"segment_first_lon":-118.1426958943,"segment_second_lat":33.8955685928,"segment_second_lon":-118.1427038484,"segment_sequence":150001,"segment_id":8,"segment_len_meter":110.60867491005321,"segment_cum_len":7313.728529903164,"stop_segment_distance":13.943189991517912}
{"route_id":"267","stop_id":"2977","stop_lat":34.162089,"stop_lon":-118.159803,"stop_sequence":65,"segment_first_lat":34.1615895703,"segment_first_lon":-118.1595771465,"segment_second_lat":34.1620169506,"segment_second_lon":-118.1599280287,"segment_sequence":640007,"segment_id":32,"segment_len_meter":57.45139727771187,"segment_cum_len":21373.207831458938,"stop_segment_distance":15.86184409389724}
{"route_id":"30","stop_id":"141029","stop_lat":34.048532,"stop_lon":-118.335075,"stop_sequence":2,"segment_first_lat":34.0487360015,"segment_first_lon":-118.3357395292,"segment_second_lat":34.0486587707,"segment_second_lon":-118.3350525772,"segment_sequence":10014,"segment_id":1,"segment_len_meter":63.87014828820764,"segment_cum_len":533.6482402022549,"stop_segment_distance":15.66822521932054}
{"route_id":"4","stop_id":"6042","stop_lat":34.047254,"stop_lon":-118.444179,"stop_sequence":80,"segment_first_lat":34.0473443703,"segment_first_lon":-118.4440281301,"segment_second_lat":34.0459287667,"segment_second_lon":-118.4428015327,"segment_sequence":800001,"segment_id":40,"segment_len_meter":193.77526838890927,"segment_cum_len":26533.291665275807,"stop_segment_distance":17.853850794099202}
{"route_id":"460","stop_id":"10848","stop_lat":34.017818,"stop_lon":-118.280305,"stop_sequence":14,"segment_first_lat":34.0179835595,"segment_first_lon":-118.2801142964,"segment_second_lat":34.0177849851,"segment_second_lon":-118.2801911804,"segment_sequence":130029,"segment_id":7,"segment_len_meter":23.189630339782884,"segment_cum_len":5972.772309902144,"stop_segment_distance":13.376918632939425}
{"route_id":"487","stop_id":"5425","stop_lat":34.095421,"stop_lon":-118.10767,"stop_sequence":13,"segment_first_lat":34.0918960821,"segment_first_lon":-118.1080107749,"segment_second_lat":34.095426191,"segment_second_lon":-118.1077877582,"segment_sequence":120001,"segment_id":6,"segment_len_meter":393.0670264911851,"segment_cum_len":16768.02468468482,"stop_segment_distance":10.998727185647681}
{"route_id":"501","stop_id":"9809","stop_lat":34.146644,"stop_lon":-118.148801,"stop_sequence":2,"segment_first_lat":34.1462563421,"segment_first_lon":-118.1488826191,"segment_second_lat":34.1466437884,"segment_second_lon":-118.1488856228,"segment_sequence":10018,"segment_id":1,"segment_len_meter":43.08294965204223,"segment_cum_len":1044.0506069468026,"stop_segment_distance":8.459615436874472}
{"route_id":"55","stop_id":"804","stop_lat":33.994626,"stop_lon":-118.247603,"stop_sequence":32,"segment_first_lat":33.9939253347,"segment_first_lon":-118.2477564014,"segment_second_lat":33.9946260347,"segment_second_lon":-118.247758475,"segment_sequence":310003,"segment_id":16,"segment_len_meter":77.9145196189767,"segment_cum_len":9339.03773767905,"stop_segment_distance":15.60238107316826}
{"route_id":"602","stop_id":"8000","stop_lat":34.056508,"stop_lon":-118.491188,"stop_sequence":31,"segment_first_lat":34.0566234903,"segment_first_lon":-118.4911395361,"segment_second_lat":34.0565177758,"segment_second_lon":-118.4907820239,"segment_sequence":310001,"segment_id":16,"segment_len_meter":34.97008018825307,"segment_cum_len":10075.603747895686,"stop_segment_distance":16.041509790614604}
{"route_id":"62","stop_id":"9750","stop_lat":34.034635,"stop_lon":-118.235203,"stop_sequence":14,"segment_first_lat":34.0348284381,"segment_first_lon":-118.2362098466,"segment_second_lat":34.0347617341,"segment_second_lon":-118.2351891109,"segment_sequence":130004,"segment_id":7,"segment_len_meter":94.3497217815492,"segment_cum_len":4993.909352630094,"stop_segment_distance":15.039116806611958}
{"route_id":"68","stop_id":"457","stop_lat":34.040732,"stop_lon":-118.162202,"stop_sequence":15,"segment_first_lat":34.0406028987,"segment_first_lon":-118.1622016397,"segment_second_lat":34.0406020011,"segment_second_lon":-118.162868406,"segment_sequence":150001,"segment_id":8,"segment_len_meter":61.436385159232145,"segment_cum_len":7895.537317453439,"stop_segment_distance":16.00066864175504}
{"route_id":"685","stop_id":"15418","stop_lat":34.123127,"stop_lon":-118.23148,"stop_sequence":19,"segment_first_lat":34.1233604392,"segment_first_lon":-118.2313849023,"segment_second_lat":34.1231819041,"segment_second_lon":-118.231344759,"segment_sequence":180004,"segment_id":9,"segment_len_meter":20.193177211530127,"segment_cum_len":5737.4585013868555,"stop_segment_distance":21.06585810731012}
{"route_id":"687","stop_id":"11820","stop_lat":34.165233,"stop_lon":-118.113241,"stop_sequence":6,"segment_first_lat":34.1655054985,"segment_first_lon":-118.1130824283,"segment_second_lat":34.1652307064,"segment_second_lon":-118.1130876762,"segment_sequence":50003,"segment_id":3,"segment_len_meter":30.55930198389464,"segment_cum_len":2112.8372187228197,"stop_segment_distance":17.17942713674785}
{"route_id":"71","stop_id":"3931","stop_lat":34.057507,"stop_lon":-118.240081,"stop_sequence":14,"segment_first_lat":34.0572922283,"segment_first_lon":-118.2404001405,"segment_second_lat":34.0575534994,"segment_second_lon":-118.2401496466,"segment_sequence":130011,"segment_id":7,"segment_len_meter":37.101568254168306,"segment_cum_len":4289.962912580817,"stop_segment_distance":8.944265361067913}
{"route_id":"720","stop_id":"16995","stop_lat":34.061882,"stop_lon":-118.3002,"stop_sequence":18,"segment_first_lat":34.0617581599,"segment_first_lon":-118.2991596646,"segment_second_lat":34.0617531062,"segment_second_lon":-118.3001996747,"segment_sequence":170011,"segment_id":9,"segment_len_meter":95.80498554519617,"segment_cum_len":15790.266876937329,"stop_segment_distance":15.344900097616446}
{"route_id":"750","stop_id":"15701","stop_lat":34.181669,"stop_lon":-118.601348,"stop_sequence":18,"segment_first_lat":34.1816682067,"segment_first_lon":-118.6015162914,"segment_second_lat":34.1819594922,"segment_second_lon":-118.6015150824,"segment_sequence":180001,"segment_id":9,"segment_len_meter":32.389660733197196,"segment_cum_len":25170.301498111337,"stop_segment_distance":18.86259554384698}
{"route_id":"90","stop_id":"15421","stop_lat":34.196924,"stop_lon":-118.2297,"stop_sequence":44,"segment_first_lat":34.1969059073,"segment_first_lon":-118.2295554976,"segment_second_lat":34.1967431848,"segment_second_lon":-118.229580845,"segment_sequence":440001,"segment_id":22,"segment_len_meter":18.24347505010185,"segment_cum_len":13142.557053229408,"stop_segment_distance":18.09625769310236}
{"route_id":"92","stop_id":"7671","stop_lat":34.174322,"stop_lon":-118.293559,"stop_sequence":66,"segment_first_lat":34.1742261256,"segment_first_lon":-118.2936579938,"segment_second_lat":34.1747516883,"segment_second_lon":-118.2943802495,"segment_sequence":660001,"segment_id":33,"segment_len_meter":88.48736965386081,"segment_cum_len":19633.5762360435,"stop_segment_distance":14.924728206877035}
