{"route_id":"10","stop_id":"16384","stop_lat":34.072594,"stop_lon":-118.274634,"stop_sequence":25,"segment_first_lat":34.0724098381,"segment_first_lon":-118.2744716637,"segment_second_lat":34.0724750178,"segment_second_lon":-118.2746891556,"segment_sequence":240009,"segment_id":12,"segment_len_meter":21.303111720508166,"segment_cum_len":7221.412556996251,"stop_segment_distance":18.22459485098636}
{"route_id":"110","stop_id":"2121","stop_lat":33.978435,"stop_lon":-118.192136,"stop_sequence":72,"segment_first_lat":33.9785615378,"segment_first_lon":-118.1921155916,"segment_second_lat":33.9785050083,"segment_second_lon":-118.1915491291,"segment_sequence":720001,"segment_id":36,"segment_len_meter":52.60927473022462,"segment_cum_len":24345.046935812778,"stop_segment_distance":16.257692571612502}
{"route_id":"117","stop_id":"1308","stop_lat":33.945468,"stop_lon":-118.269186,"stop_sequence":31,"segment_first_lat":33.9455976713,"segment_first_lon":-118.2691863657,"segment_second_lat":33.9456064713,"segment_second_lon":-118.2673301288,"segment_sequence":310001,"segment_id":16,"segment_len_meter":171.22907648210727,"segment_cum_len":13350.251002930405,"stop_segment_distance":15.073463835316602}
{"route_id":"130","stop_id":"8742","stop_lat":33.874393,"stop_lon":-118.20745,"stop_sequence":25,"segment_first_lat":33.8742667787,"segment_first_lon":-118.2074496912,"segment_second_lat":33.874265802,"segment_second_lon":-118.208016306,"segment_sequence":250001,"segment_id":13,"segment_len_meter":52.31055807274607,"segment_cum_len":12006.741276826478,"stop_segment_distance":15.885908885935258}
{"route_id":"155","stop_id":"18064","stop_lat":34.143634,"stop_lon":-118.361327,"stop_sequence":32,"segment_first_lat":34.1435516787,"segment_first_lon":-118.3614492835,"segment_second_lat":34.1436399025,"segment_second_lon":-118.3614437162,"segment_sequence":310009,"segment_id":16,"segment_len_meter":9.823409195109976,"segment_cum_len":12416.683444183154,"stop_segment_distance":15.444182931383734}
{"route_id":"155","stop_id":"20329","stop_lat":34.151012,"stop_lon":-118.448498,"stop_sequence":3,"segment_first_lat":34.1505724027,"segment_first_lon":-118.4465207435,"segment_second_lat":34.1508892294,"segment_second_lon":-118.4485267197,"segment_sequence":20001,"segment_id":1,"segment_len_meter":187.9234133706815,"segment_cum_len":597.783501310561,"stop_segment_distance":14.38187280432004}
{"route_id":"161","stop_id":"12770","stop_lat":34.149608,"stop_lon":-118.64731,"stop_sequence":20,"segment_first_lat":34.1497097382,"segment_first_lon":-118.6467922626,"segment_second_lat":34.1495198434,"segment_second_lon":-118.6472568258,"segment_sequence":190012,"segment_id":10,"segment_len_meter":47.68046340121013,"segment_cum_len":8645.062740863914,"stop_segment_distance":12.243460565097436}
{"route_id":"167","stop_id":"4548","stop_lat":34.221502,"stop_lon":-118.440603,"stop_sequence":60,"segment_first_lat":34.2216241571,"segment_first_lon":-118.443405793,"segment_second_lat":34.2216291707,"segment_second_lon":-118.44060393,"segment_sequence":590002,"segment_id":30,"segment_len_meter":257.6138785727869,"segment_cum_len":24137.369164874573,"stop_segment_distance":14.583830575346724}
{"route_id":"169","stop_id":"11804","stop_lat":34.150028,"stop_lon":-118.618089,"stop_sequence":16,"segment_first_lat":34.1499008083,"segment_first_lon":-118.6180936102,"segment_second_lat":34.1499086373,"segment_second_lon":-118.6187656168,"segment_sequence":160001,"segment_id":8,"segment_len_meter":61.84536728641604,"segment_cum_len":6542.988732040512,"stop_segment_distance":15.966416685681672}
{"route_id":"169","stop_id":"3631","stop_lat":34.199478,"stop_lon":-118.348982,"stop_sequence":131,"segment_first_lat":34.2027481688,"segment_first_lon":-118.3487734458,"segment_second_lat":34.1994752711,"segment_second_lon":-118.3488302201,"segment_sequence":1300001,"segment_id":65,"segment_len_meter":363.9670727833321,"segment_cum_len":52832.66266852949,"stop_segment_distance":14.126739660430587}
{"route_id":"18","stop_id":"8320","stop_lat":34.023142,"stop_lon":-118.170847,"stop_sequence":54,"segment_first_lat":34.0232668562,"segment_first_lon":-118.1708121211,"segment_second_lat":34.0230965283,"segment_second_lon":-118.1700055488,"segment_sequence":540001,"segment_id":27,"segment_len_meter":76.70828298323745,"segment_cum_len":15224.197809818615,"stop_segment_distance":15.254884279464449}
{"route_id":"18","stop_id":"956","stop_lat":34.063032,"stop_lon":-118.308442,"stop_sequence":1,"segment_first_lat":34.0630889627,"segment_first_lon":-118.3084422848,"segment_second_lat":34.0630855581,"segment_second_lon":-118.3078380556,"segment_sequence":10001,"segment_id":1,"segment_len_meter":55.660616495462705,"segment_cum_len":55.660616495462705,"stop_segment_distance":6.624361079839609}
{"route_id":"201","stop_id":"13799","stop_lat":34.138856,"stop_lon":-118.264528,"stop_sequence":19,"segment_first_lat":34.1408296558,"segment_first_lon":-118.2644118257,"segment_second_lat":34.1388566862,"segment_second_lon":-118.2644085583,"segment_sequence":180002,"segment_id":9,"segment_len_meter":219.3844160320862,"segment_cum_len":4552.655514327776,"stop_segment_distance":11.32932742971633}
{"route_id":"201","stop_id":"19094","stop_lat":34.077062,"stop_lon":-118.28267,"stop_sequence":47,"segment_first_lat":34.0770551542,"segment_first_lon":-118.2822076354,"segment_second_lat":34.0769423408,"segment_second_lon":-118.2826246623,"segment_sequence":460012,"segment_id":23,"segment_len_meter":40.405236139138715,"segment_cum_len":13854.448430833141,"stop_segment_distance":16.13117023486641}
{"route_id":"204","stop_id":"5668","stop_lat":33.985733,"stop_lon":-118.291311,"stop_sequence":23,"segment_first_lat":33.9855071399,"segment_first_lon":-118.291471825,"segment_second_lat":33.9857352304,"segment_second_lon":-118.2914643723,"segment_sequence":220008,"segment_id":11,"segment_len_meter":25.371813010771366,"segment_cum_len":6866.968115527955,"stop_segment_distance":17.93656702970321}
{"route_id":"212","stop_id":"11023","stop_lat":34.101703,"stop_lon":-118.335962,"stop_sequence":6,"segment_first_lat":34.1015796942,"segment_first_lon":-118.3350234943,"segment_second_lat":34.1015770895,"segment_second_lon":-118.3359616077,"segment_sequence":50004,"segment_id":3,"segment_len_meter":86.37670536049582,"segment_cum_len":1198.5326674164744,"stop_segment_distance":15.117220912378457}
{"route_id":"212","stop_id":"140997","stop_lat":34.042657,"stop_lon":-118.346793,"stop_sequence":31,"segment_first_lat":34.0442114165,"segment_first_lon":-118.3460336639,"segment_second_lat":34.0426194617,"segment_second_lon":-118.3466469946,"segment_sequence":300004,"segment_id":15,"segment_len_meter":185.8187240149209,"segment_cum_len":8765.502350770801,"stop_segment_distance":14.732917904470952}
{"route_id":"212","stop_id":"630","stop_lat":34.024897,"stop_lon":-118.355274,"stop_sequence":39,"segment_first_lat":34.0248564669,"segment_first_lon":-118.3551249698,"segment_second_lat":34.024691412,"segment_second_lon":-118.3551869737,"segment_sequence":390002,"segment_id":20,"segment_len_meter":19.222224465899323,"segment_cum_len":10916.887623013181,"stop_segment_distance":19.459081079228454}
{"route_id":"239","stop_id":"20016","stop_lat":34.242959,"stop_lon":-118.523087,"stop_sequence":28,"segment_first_lat":34.2403950528,"segment_first_lon":-118.5232269051,"segment_second_lat":34.2429587943,"segment_second_lon":-118.5232399968,"segment_sequence":270003,"segment_id":14,"segment_len_meter":285.07758804682544,"segment_cum_len":10524.207584828357,"stop_segment_distance":14.373766168739337}
{"route_id":"256","stop_id":"1348","stop_lat":34.145669,"stop_lon":-118.148663,"stop_sequence":85,"segment_first_lat":34.1453220716,"segment_first_lon":-118.1488776497,"segment_second_lat":34.1457919568,"segment_second_lon":-118.1488784868,"segment_sequence":840003,"segment_id":42,"segment_len_meter":52.248907135324984,"segment_cum_len":26388.874453065964,"stop_segment_distance":15.177972448094309}
{"route_id":"256","stop_id":"2454","stop_lat":34.146243,"stop_lon":-118.121193,"stop_sequence":95,"segment_first_lat":34.146243182,"segment_first_lon":-118.1213152346,"segment_second_lat":34.1471142357,"segment_second_lon":-118.1213366598,"segment_sequence":950001,"segment_id":48,"segment_len_meter":96.8768182041462,"segment_cum_len":29053.572121491405,"stop_segment_distance":12.146818727551405}
{"route_id":"258","stop_id":"13508","stop_lat":34.076635,"stop_lon":-118.152008,"stop_sequence":25,"segment_first_lat":34.0766353604,"segment_first_lon":-118.1518562074,"segment_second_lat":34.0756241644,"segment_second_lon":-118.1518411626,"segment_sequence":250001,"segment_id":13,"segment_len_meter":112.44840282094394,"segment_cum_len":8018.253802840121,"stop_segment_distance":14.9772528885793}
{"route_id":"265","stop_id":"4296","stop_lat":33.98179,"stop_lon":-118.108886,"stop_sequence":52,"segment_first_lat":33.9818351426,"segment_first_lon":-118.1090331836,"segment_second_lat":33.9821361558,"segment_second_lon":-118.1088963569,"segment_sequence":520001,"segment_id":26,"segment_len_meter":35.76983407592959,"segment_cum_len":21062.730564587844,"stop_segment_distance":17.202349232782275}
{"route_id":"28","stop_id":"14694","stop_lat":34.057309,"stop_lon":-118.240496,"stop_sequence":50,"segment_first_lat":34.0572652513,"segment_first_lon":-118.2404241639,"segment_second_lat":34.0571545924,"segment_second_lon":-118.2405219001,"segment_sequence":500001,"segment_id":25,"segment_len_meter":15.247057453557144,"segment_cum_len":15064.540628568853,"stop_segment_distance":10.300618464205812}
{"route_id":"35","stop_id":"16451","stop_lat":34.040124,"stop_lon":-118.296046,"stop_sequence":54,"segment_first_lat":34.0399996223,"segment_first_lon":-118.2950515761,"segment_second_lat":34.0399971904,"segment_second_lon":-118.2960451138,"segment_sequence":530003,"segment_id":27,"segment_len_meter":91.54629630748808,"segment_cum_len":17298.968320774555,"stop_segment_distance":15.21988686175591}
{"route_id":"40","stop_id":"11236","stop_lat":34.010972,"stop_lon":-118.314134,"stop_sequence":32,"segment_first_lat":34.0108446724,"segment_first_lon":-118.3141330881,"segment_second_lat":34.0108378928,"segment_second_lon":-118.3151526607,"segment_sequence":320001,"segment_id":16,"segment_len_meter":93.98009399392318,"segment_cum_len":12597.901897158741,"stop_segment_distance":15.248073726216774}
{"route_id":"487","stop_id":"7952","stop_lat":34.161702,"stop_lon":-118.064812,"stop_sequence":57,"segment_first_lat":34.1618140846,"segment_first_lon":-118.0672956244,"segment_second_lat":34.1618278066,"segment_second_lon":-118.0648121252,"segment_sequence":560001,"segment_id":28,"segment_len_meter":228.50885254322253,"segment_cum_len":31581.30885576643,"stop_segment_distance":14.335276273565455}
{"route_id":"55","stop_id":"819","stop_lat":33.981865,"stop_lon":-118.247539,"stop_sequence":28,"segment_first_lat":33.9816068202,"segment_first_lon":-118.2476902672,"segment_second_lat":33.9818651172,"segment_second_lon":-118.2476910312,"segment_sequence":270004,"segment_id":14,"segment_len_meter":28.72140235640737,"segment_cum_len":7920.050658146784,"stop_segment_distance":17.213623436518706}
{"route_id":"60","stop_id":"2940","stop_lat":34.057963,"stop_lon":-118.246923,"stop_sequence":3,"segment_first_lat":34.0578711857,"segment_first_lon":-118.2468120327,"segment_second_lat":34.0573108847,"segment_second_lon":-118.2474885072,"segment_sequence":30001,"segment_id":2,"segment_len_meter":88.12033023076357,"segment_cum_len":877.1067600384387,"stop_segment_distance":15.612886444740738}
{"route_id":"603","stop_id":"7359","stop_lat":34.060975,"stop_lon":-118.27832,"stop_sequence":42,"segment_first_lat":34.0610645367,"segment_first_lon":-118.2782640217,"segment_second_lat":34.0609349569,"segment_second_lon":-118.2779733763,"segment_sequence":420001,"segment_id":21,"segment_len_meter":30.404701830649184,"segment_cum_len":13686.34487631757,"stop_segment_distance":13.046929142072504}
{"route_id":"62","stop_id":"32116","stop_lat":33.960746,"stop_lon":-118.109934,"stop_sequence":41,"segment_first_lat":33.9608422281,"segment_first_lon":-118.1098312664,"segment_second_lat":33.9604470296,"segment_second_lon":-118.1092902599,"segment_sequence":410001,"segment_id":21,"segment_len_meter":66.48802570204744,"segment_cum_len":20858.500156161823,"stop_segment_distance":15.84836635466121}
{"route_id":"66","stop_id":"1250","stop_lat":34.037352,"stop_lon":-118.250575,"stop_sequence":25,"segment_first_lat":34.0380572722,"segment_first_lon":-118.2511415925,"segment_second_lat":34.0374373889,"segment_second_lon":-118.2504630859,"segment_sequence":240005,"segment_id":12,"segment_len_meter":93.05817407874775,"segment_cum_len":6978.633533058378,"stop_segment_distance":15.170876498802699}
{"route_id":"733","stop_id":"13700","stop_lat":34.039265,"stop_lon":-118.258176,"stop_sequence":10,"segment_first_lat":34.0396675089,"segment_first_lon":-118.2576688086,"segment_second_lat":34.0391951602,"segment_second_lon":-118.2580502449,"segment_sequence":90009,"segment_id":5,"segment_len_meter":63.19734049047771,"segment_cum_len":4751.486442613182,"stop_segment_distance":15.460342064264673}
{"route_id":"733","stop_id":"15289","stop_lat":34.020523,"stop_lon":-118.404175,"stop_sequence":26,"segment_first_lat":34.0204190896,"segment_first_lon":-118.4040941416,"segment_second_lat":34.0201890949,"segment_second_lon":-118.4045035573,"segment_sequence":260001,"segment_id":13,"segment_len_meter":45.58301622167297,"segment_cum_len":20018.941103377547,"stop_segment_distance":16.076893568010846}
{"route_id":"92","stop_id":"10733","stop_lat":34.105175,"stop_lon":-118.259635,"stop_sequence":31,"segment_first_lat":34.1049775691,"segment_first_lon":-118.2595878302,"segment_second_lat":34.1051077949,"segment_second_lon":-118.2597266463,"segment_sequence":300009,"segment_id":15,"segment_len_meter":19.314098278104783,"segment_cum_len":8792.88081951556,"stop_segment_distance":14.335971594426898}
