{"route_id":"102","stop_id":"1514","stop_lat":34.018632,"stop_lon":-118.272903,"stop_sequence":58,"segment_first_lat":34.0191632196,"segment_first_lon":-118.2737657547,"segment_second_lat":34.0187429939,"segment_second_lon":-118.2728288365,"segment_sequence":570002,"segment_id":29,"segment_len_meter":98.1824130126582,"segment_cum_len":18578.496994964407,"stop_segment_distance":14.980411461237637}
{"route_id":"105","stop_id":"10246","stop_lat":34.00405,"stop_lon":-118.242837,"stop_sequence":6,"segment_first_lat":34.0039255561,"segment_first_lon":-118.2419658715,"segment_second_lat":34.0039238067,"segment_second_lon":-118.2428369056,"segment_sequence":50005,"segment_id":3,"segment_len_meter":80.29260550689455,"segment_cum_len":1489.7187249991114,"stop_segment_distance":15.223989003537895}
{"route_id":"117","stop_id":"36506","stop_lat":33.919556,"stop_lon":-118.143638,"stop_sequence":73,"segment_first_lat":33.9196639018,"segment_first_lon":-118.1435547253,"segment_second_lat":33.9193261233,"segment_second_lon":-118.142918997,"segment_sequence":730001,"segment_id":37,"segment_len_meter":69.65405704520583,"segment_cum_len":27132.231466995032,"stop_segment_distance":15.69139912190613}
{"route_id":"120","stop_id":"10049","stop_lat":33.929603,"stop_lon":-118.254802,"stop_sequence":78,"segment_first_lat":33.9294767893,"segment_first_lon":-118.2548015615,"segment_second_lat":33.9294870454,"segment_second_lon":-118.2561861063,"segment_sequence":780001,"segment_id":39,"segment_len_meter":127.74489816262172,"segment_cum_len":33220.29318080756,"stop_segment_distance":14.637675403505625}
{"route_id":"120","stop_id":"140805","stop_lat":33.93109,"stop_lon":-118.339188,"stop_sequence":98,"segment_first_lat":33.9309696232,"segment_first_lon":-118.3351489565,"segment_second_lat":33.930963553,"segment_second_lon":-118.3391871777,"segment_sequence":970002,"segment_id":49,"segment_len_meter":372.5653754707411,"segment_cum_len":41893.56749195317,"stop_segment_distance":14.375769753966608}
{"route_id":"130","stop_id":"13000077","stop_lat":33.866232,"stop_lon":-118.393589,"stop_sequence":74,"segment_first_lat":33.8662624351,"segment_first_lon":-118.3934399439,"segment_second_lat":33.8655327547,"segment_second_lon":-118.3932266948,"segment_sequence":740001,"segment_id":37,"segment_len_meter":83.49156929424151,"segment_cum_len":34810.641494088246,"stop_segment_distance":15.323915995497785}
{"route_id":"14","stop_id":"7257","stop_lat":34.059407,"stop_lon":-118.254342,"stop_sequence":43,"segment_first_lat":34.0593051496,"segment_first_lon":-118.254431678,"segment_second_lat":34.060072012,"segment_second_lon":-118.2556351347,"segment_sequence":430001,"segment_id":22,"segment_len_meter":139.86294427124795,"segment_cum_len":15232.670800778238,"stop_segment_distance":14.363591627308011}
{"route_id":"154","stop_id":"12668","stop_lat":34.179537,"stop_lon":-118.391927,"stop_sequence":34,"segment_first_lat":34.1794349897,"segment_first_lon":-118.3910342406,"segment_second_lat":34.1794367715,"segment_second_lon":-118.3919269603,"segment_sequence":330005,"segment_id":17,"segment_len_meter":82.1211583062289,"segment_cum_len":13586.348632286932,"stop_segment_distance":11.92791344718951}
{"route_id":"158","stop_id":"8706","stop_lat":34.257731,"stop_lon":-118.444425,"stop_sequence":41,"segment_first_lat":34.257604988,"segment_first_lon":-118.444417361,"segment_second_lat":34.2573816732,"segment_second_lon":-118.4496023856,"segment_sequence":410001,"segment_id":21,"segment_len_meter":477.17311779460306,"segment_cum_len":15910.977959886535,"stop_segment_distance":14.263355664193796}
{"route_id":"16","stop_id":"13114","stop_lat":34.063158,"stop_lon":-118.272965,"stop_sequence":17,"segment_first_lat":34.0629911852,"segment_first_lon":-118.2727932014,"segment_second_lat":34.0630423666,"segment_second_lon":-118.2730050088,"segment_sequence":160010,"segment_id":8,"segment_len_meter":20.323994559833757,"segment_cum_len":4446.941777033671,"stop_segment_distance":17.434159672906155}
{"route_id":"164","stop_id":"7125","stop_lat":34.188479,"stop_lon":-118.588272,"stop_sequence":70,"segment_first_lat":34.1883639496,"segment_first_lon":-118.5871670309,"segment_second_lat":34.1883539121,"segment_second_lon":-118.5882714058,"segment_sequence":690007,"segment_id":35,"segment_len_meter":101.58638075781953,"segment_cum_len":27762.831987010406,"stop_segment_distance":14.759674832202037}
{"route_id":"164","stop_id":"8157","stop_lat":34.184918,"stop_lon":-118.353359,"stop_sequence":16,"segment_first_lat":34.1847746136,"segment_first_lon":-118.3524354586,"segment_second_lat":34.1847905978,"segment_second_lon":-118.3533613588,"segment_sequence":150005,"segment_id":8,"segment_len_meter":85.18632593299719,"segment_cum_len":5953.241636947037,"stop_segment_distance":15.415808274437993}
{"route_id":"165","stop_id":"20344","stop_lat":34.192153,"stop_lon":-118.348674,"stop_sequence":71,"segment_first_lat":34.1922589997,"segment_first_lon":-118.3486549124,"segment_second_lat":34.1922436342,"segment_second_lon":-118.3485516749,"segment_sequence":710001,"segment_id":36,"segment_len_meter":9.647825556097382,"segment_cum_len":27710.81739152191,"stop_segment_distance":17.373495801253164}
{"route_id":"167","stop_id":"18219","stop_lat":34.161407,"stop_lon":-118.413848,"stop_sequence":87,"segment_first_lat":34.1643971639,"segment_first_lon":-118.4137404438,"segment_second_lat":34.1614074953,"segment_second_lon":-118.4137289458,"segment_sequence":860002,"segment_id":43,"segment_len_meter":332.4376639357127,"segment_cum_len":34829.677253131566,"stop_segment_distance":11.154852111698574}
{"route_id":"205","stop_id":"7384","stop_lat":33.73781,"stop_lon":-118.294704,"stop_sequence":18,"segment_first_lat":33.7378928387,"segment_first_lon":-118.2967331371,"segment_second_lat":33.737882439,"segment_second_lon":-118.2947038223,"segment_sequence":170002,"segment_id":9,"segment_len_meter":187.65077188609706,"segment_cum_len":3473.289187069617,"stop_segment_distance":8.260915305234874}
{"route_id":"207","stop_id":"5714","stop_lat":33.94171,"stop_lon":-118.308859,"stop_sequence":6,"segment_first_lat":33.9409344269,"segment_first_lon":-118.3090211857,"segment_second_lat":33.9417120977,"segment_second_lon":-118.3090102071,"segment_sequence":50005,"segment_id":3,"segment_len_meter":86.47897798651414,"segment_cum_len":3462.352771110992,"stop_segment_distance":14.999487233528242}
{"route_id":"210","stop_id":"9429","stop_lat":33.898439,"stop_lon":-118.326679,"stop_sequence":77,"segment_first_lat":33.8998601678,"segment_first_lon":-118.3265193868,"segment_second_lat":33.8984395147,"segment_second_lon":-118.3265257155,"segment_sequence":760006,"segment_id":38,"segment_len_meter":157.97049711341995,"segment_cum_len":26439.65485579395,"stop_segment_distance":14.888785142032049}
{"route_id":"222","stop_id":"10617","stop_lat":34.259525,"stop_lon":-118.307192,"stop_sequence":68,"segment_first_lat":34.2596551456,"segment_first_lon":-118.3078846544,"segment_second_lat":34.2596525062,"segment_second_lon":-118.3071929578,"segment_sequence":670006,"segment_id":34,"segment_len_meter":63.56900669794903,"segment_cum_len":27417.029810409975,"stop_segment_distance":15.889954086990535}
{"route_id":"232","stop_id":"23200078","stop_lat":33.779755,"stop_lon":-118.269069,"stop_sequence":27,"segment_first_lat":33.779627135,"segment_first_lon":-118.2690585117,"segment_second_lat":33.779582383,"segment_second_lon":-118.2699010845,"segment_sequence":270001,"segment_id":14,"segment_len_meter":78.03216388791338,"segment_cum_len":9773.25305084678,"stop_segment_distance":15.481804131954675}
{"route_id":"232","stop_id":"3009","stop_lat":33.776972,"stop_lon":-118.18921,"stop_sequence":7,"segment_first_lat":33.7765650641,"segment_first_lon":-118.1893641143,"segment_second_lat":33.7769717367,"segment_second_lon":-118.1893650317,"segment_sequence":60003,"segment_id":3,"segment_len_meter":45.220009422021015,"segment_cum_len":1689.1391700947515,"stop_segment_distance":16.54725818069962}
{"route_id":"237","stop_id":"9139","stop_lat":34.12696,"stop_lon":-118.344559,"stop_sequence":12,"segment_first_lat":34.1269233106,"segment_first_lon":-118.3446380186,"segment_second_lat":34.1270390532,"segment_second_lon":-118.3447144938,"segment_sequence":120001,"segment_id":6,"segment_len_meter":14.669297382782888,"segment_cum_len":4858.614368182389,"stop_segment_distance":10.466653107626753}
{"route_id":"239","stop_id":"20011","stop_lat":34.205064,"stop_lon":-118.518441,"stop_sequence":15,"segment_first_lat":34.2050631705,"segment_first_lon":-118.5185921857,"segment_second_lat":34.2082754513,"segment_second_lon":-118.5185975808,"segment_sequence":150001,"segment_id":8,"segment_len_meter":357.18967247953594,"segment_cum_len":5482.409819756437,"stop_segment_distance":14.101199221116417}
{"route_id":"239","stop_id":"20020","stop_lat":34.272362,"stop_lon":-118.510783,"stop_sequence":38,"segment_first_lat":34.2723618829,"segment_first_lon":-118.5109018274,"segment_second_lat":34.27330994,"segment_second_lon":-118.5108947227,"segment_sequence":380001,"segment_id":19,"segment_len_meter":105.42116108791583,"segment_cum_len":15047.038195591458,"stop_segment_distance":11.40253682241351}
{"route_id":"243","stop_id":"11675","stop_lat":34.257421,"stop_lon":-118.579939,"stop_sequence":9,"segment_first_lat":34.2579189176,"segment_first_lon":-118.5798228375,"segment_second_lat":34.2574215614,"segment_second_lon":-118.5798193822,"segment_sequence":80003,"segment_id":4,"segment_len_meter":55.3043978842299,"segment_cum_len":5384.89312100462,"stop_segment_distance":12.074980828299033}
{"route_id":"243","stop_id":"12848","stop_lat":34.242612,"stop_lon":-118.579475,"stop_sequence":13,"segment_first_lat":34.2427402666,"segment_first_lon":-118.5794758578,"segment_second_lat":34.2427470211,"segment_second_lon":-118.5788108206,"segment_sequence":130001,"segment_id":7,"segment_len_meter":61.135173317701025,"segment_cum_len":7109.362927379794,"stop_segment_distance":15.998356539784261}
{"route_id":"256","stop_id":"10415","stop_lat":34.117029,"stop_lon":-118.179807,"stop_sequence":66,"segment_first_lat":34.1163056316,"segment_first_lon":-118.1803609492,"segment_second_lat":34.1170732303,"segment_second_lon":-118.1799129509,"segment_sequence":650003,"segment_id":33,"segment_len_meter":94.79469805854195,"segment_cum_len":18712.053699461423,"stop_segment_distance":11.366872272902796}
{"route_id":"256","stop_id":"10470","stop_lat":34.125368,"stop_lon":-118.176544,"stop_sequence":69,"segment_first_lat":34.1253782491,"segment_first_lon":-118.1766613389,"segment_second_lat":34.1269868653,"segment_second_lon":-118.1764651622,"segment_sequence":690001,"segment_id":35,"segment_len_meter":179.779140922892,"segment_cum_len":19875.629213501532,"stop_segment_distance":11.237509463274336}
{"route_id":"260","stop_id":"2549","stop_lat":34.103999,"stop_lon":-118.142201,"stop_sequence":28,"segment_first_lat":34.104126339,"segment_first_lon":-118.1422009255,"segment_second_lat":34.104129684,"segment_second_lon":-118.1412231429,"segment_sequence":280001,"segment_id":14,"segment_len_meter":90.02679290060347,"segment_cum_len":9676.291794706425,"stop_segment_distance":15.330762030309359}
{"route_id":"265","stop_id":"12766","stop_lat":33.973238,"stop_lon":-118.112796,"stop_sequence":51,"segment_first_lat":33.973274466,"segment_first_lon":-118.1129432391,"segment_second_lat":33.9734712812,"segment_second_lon":-118.1128692954,"segment_sequence":510001,"segment_id":26,"segment_len_meter":22.922484634881904,"segment_cum_len":20031.181454771777,"stop_segment_distance":18.05330466740501}
{"route_id":"266","stop_id":"17830","stop_lat":33.923369,"stop_lon":-118.132757,"stop_sequence":24,"segment_first_lat":33.9234354538,"segment_first_lon":-118.1328827675,"segment_second_lat":33.9235528811,"segment_second_lon":-118.1327969224,"segment_sequence":240001,"segment_id":12,"segment_len_meter":15.271921661092929,"segment_cum_len":10685.134192670846,"stop_segment_distance":19.261121036797025}
{"route_id":"28","stop_id":"10298","stop_lat":34.110656,"stop_lon":-118.237333,"stop_sequence":25,"segment_first_lat":34.1115310624,"segment_first_lon":-118.2369419177,"segment_second_lat":34.1106287394,"segment_second_lon":-118.2371818449,"segment_sequence":240003,"segment_id":12,"segment_len_meter":102.73640388381666,"segment_cum_len":7202.129098277442,"stop_segment_distance":15.256153829891446}
{"route_id":"28","stop_id":"5917","stop_lat":34.06154,"stop_lon":-118.417966,"stop_sequence":99,"segment_first_lat":34.061277336,"segment_first_lon":-118.4184569921,"segment_second_lat":34.0615839078,"segment_second_lon":-118.4180075155,"segment_sequence":980005,"segment_id":49,"segment_len_meter":53.6324715979943,"segment_cum_len":34235.43975920026,"stop_segment_distance":6.40918218692336}
{"route_id":"35","stop_id":"16440","stop_lat":34.040038,"stop_lon":-118.321098,"stop_sequence":63,"segment_first_lat":34.0399138902,"segment_first_lon":-118.32007806,"segment_second_lat":34.0399111821,"segment_second_lon":-118.3210980022,"segment_sequence":620004,"segment_id":31,"segment_len_meter":93.97942056422589,"segment_cum_len":19607.427624577515,"stop_segment_distance":15.108611867636242}
{"route_id":"35","stop_id":"16474","stop_lat":34.039979,"stop_lon":-118.339629,"stop_sequence":69,"segment_first_lat":34.0398504917,"segment_first_lon":-118.3392720609,"segment_second_lat":34.0398514129,"segment_second_lon":-118.3396285528,"segment_sequence":680007,"segment_id":34,"segment_len_meter":32.84785886659191,"segment_cum_len":21314.899506535057,"stop_segment_distance":17.198232704755632}
{"route_id":"4","stop_id":"16313","stop_lat":34.08965,"stop_lon":-118.276685,"stop_sequence":29,"segment_first_lat":34.0886591834,"segment_first_lon":-118.2763712237,"segment_second_lat":34.089603417,"segment_second_lon":-118.2768235214,"segment_sequence":280003,"segment_id":14,"segment_len_meter":112.95377901073518,"segment_cum_len":8964.742094670306,"stop_segment_distance":14.713733823062043}
{"route_id":"487","stop_id":"4454","stop_lat":34.08461,"stop_lon":-118.107748,"stop_sequence":10,"segment_first_lat":34.0845030141,"segment_first_lon":-118.1079364967,"segment_second_lat":34.0846500964,"segment_second_lon":-118.1078564341,"segment_sequence":90006,"segment_id":5,"segment_len_meter":17.940002307481873,"segment_cum_len":15561.735020279211,"stop_segment_distance":14.040443631699553}
{"route_id":"51","stop_id":"232","stop_lat":33.935485,"stop_lon":-118.265313,"stop_sequence":68,"segment_first_lat":33.9354854378,"segment_first_lon":-118.2651582779,"segment_second_lat":33.9348177152,"segment_second_lon":-118.2651561647,"segment_sequence":680001,"segment_id":34,"segment_len_meter":74.24762147286074,"segment_cum_len":17811.96552385605,"stop_segment_distance":15.62255340530119}
{"route_id":"51","stop_id":"4717","stop_lat":34.001744,"stop_lon":-118.265368,"stop_sequence":40,"segment_first_lat":34.0025192538,"segment_first_lon":-118.26521883,"segment_second_lat":34.001744362,"segment_second_lon":-118.2652163751,"segment_sequence":390003,"segment_id":20,"segment_len_meter":86.16433403081822,"segment_cum_len":10369.767666808488,"stop_segment_distance":15.10707640429571}
{"route_id":"53","stop_id":"4873","stop_lat":33.95643,"stop_lon":-118.256239,"stop_sequence":36,"segment_first_lat":33.9556296258,"segment_first_lon":-118.2564045579,"segment_second_lat":33.9564320188,"segment_second_lon":-118.256395143,"segment_sequence":350003,"segment_id":18,"segment_len_meter":89.22625635822405,"segment_cum_len":13048.183906106256,"stop_segment_distance":15.47489173692037}
{"route_id":"534","stop_id":"4226","stop_lat":34.039789,"stop_lon":-118.546386,"stop_sequence":8,"segment_first_lat":34.0396294221,"segment_first_lon":-118.545790381,"segment_second_lat":34.0396214037,"segment_second_lon":-118.5463481703,"segment_sequence":70016,"segment_id":4,"segment_len_meter":51.40341377014417,"segment_cum_len":7277.501715775327,"stop_segment_distance":25.23420193667458}
{"route_id":"577","stop_id":"13","stop_lat":33.865563,"stop_lon":-118.094304,"stop_sequence":5,"segment_first_lat":33.8656579942,"segment_first_lon":-118.0943044454,"segment_second_lat":33.865663028,"segment_second_lon":-118.0931318075,"segment_sequence":50001,"segment_id":3,"segment_len_meter":108.27146593351053,"segment_cum_len":32064.160936481054,"stop_segment_distance":11.09047228116124}
{"route_id":"602","stop_id":"8073","stop_lat":34.058177,"stop_lon":-118.492888,"stop_sequence":30,"segment_first_lat":34.0583636852,"segment_first_lon":-118.4929718876,"segment_second_lat":34.0582838354,"segment_second_lon":-118.4928093103,"segment_sequence":290021,"segment_id":15,"segment_len_meter":17.410941042138617,"segment_cum_len":9790.230504272995,"stop_segment_distance":18.655901741925632}
{"route_id":"605","stop_id":"16497","stop_lat":34.053117,"stop_lon":-118.203588,"stop_sequence":18,"segment_first_lat":34.0529903703,"segment_first_lon":-118.2038355157,"segment_second_lat":34.0531735691,"segment_second_lon":-118.2037223963,"segment_sequence":170008,"segment_id":9,"segment_len_meter":22.881726637898375,"segment_cum_len":5450.993798373448,"stop_segment_distance":17.805923369085015}
{"route_id":"704","stop_id":"6050","stop_lat":34.066822,"stop_lon":-118.410488,"stop_sequence":13,"segment_first_lat":34.0650708168,"segment_first_lon":-118.4132623923,"segment_second_lat":34.0669196593,"segment_second_lon":-118.410584445,"segment_sequence":120006,"segment_id":6,"segment_len_meter":321.11054710311186,"segment_cum_len":10727.067267815894,"stop_segment_distance":14.208854400311168}
{"route_id":"757","stop_id":"19148","stop_lat":34.03257,"stop_lon":-118.309112,"stop_sequence":13,"segment_first_lat":34.0325703204,"segment_first_lon":-118.3089569015,"segment_second_lat":34.0322185963,"segment_second_lon":-118.3089556029,"segment_sequence":130001,"segment_id":7,"segment_len_meter":39.11011856961626,"segment_cum_len":9369.363212160986,"stop_segment_distance":16.829554155519688}
{"route_id":"78","stop_id":"2993","stop_lat":34.108062,"stop_lon":-118.024742,"stop_sequence":83,"segment_first_lat":34.1078555904,"segment_first_lon":-118.027094064,"segment_second_lat":34.1081852838,"segment_second_lon":-118.0247691705,"segment_sequence":820003,"segment_id":41,"segment_len_meter":217.1635992033079,"segment_cum_len":26458.390720070536,"stop_segment_distance":14.532744496542534}
{"route_id":"81","stop_id":"13437","stop_lat":34.013767,"stop_lon":-118.282895,"stop_sequence":66,"segment_first_lat":34.0137677002,"segment_first_lon":-118.2827429838,"segment_second_lat":34.0118387207,"segment_second_lon":-118.2827334984,"segment_sequence":660001,"segment_id":33,"segment_len_meter":214.4945157824845,"segment_cum_len":22363.81918215141,"stop_segment_distance":14.447982897834407}
{"route_id":"90","stop_id":"10569","stop_lat":34.260749,"stop_lon":-118.324668,"stop_sequence":1,"segment_first_lat":34.2608640079,"segment_first_lon":-118.3245844978,"segment_second_lat":34.2601206059,"segment_second_lon":-118.3230807362,"segment_sequence":10001,"segment_id":1,"segment_len_meter":161.03294858641397,"segment_cum_len":161.03294858641397,"stop_segment_distance":15.624382731705907}
{"route_id":"901","stop_id":"15312","stop_lat":34.187471,"stop_lon":-118.571662,"stop_sequence":11,"segment_first_lat":34.1872290387,"segment_first_lon":-118.5711018317,"segment_second_lat":34.1874219332,"segment_second_lon":-118.5716854574,"segment_sequence":100017,"segment_id":5,"segment_len_meter":57.808842440113644,"segment_cum_len":19221.584883176256,"stop_segment_distance":6.184680826052563}
{"route_id":"92","stop_id":"2250","stop_lat":34.240454,"stop_lon":-118.377394,"stop_sequence":97,"segment_first_lat":34.2375118491,"segment_first_lon":-118.3744719326,"segment_second_lat":34.2403723095,"segment_second_lon":-118.3775092925,"segment_sequence":960002,"segment_id":48,"segment_len_meter":423.2315608066654,"segment_cum_len":31312.297428208247,"stop_segment_distance":14.023036801459227}
