{"route_id":"111","stop_id":"3731","stop_lat":33.974646,"stop_lon":-118.255839,"stop_sequence":41,"segment_first_lat":33.9747751362,"segment_first_lon":-118.2558365113,"segment_second_lat":33.9747612677,"segment_second_lon":-118.2519808229,"segment_sequence":410002,"segment_id":21,"segment_len_meter":355.54464430203666,"segment_cum_len":15674.58537380585,"stop_segment_distance":14.81834244059695}
{"route_id":"130","stop_id":"13000074","stop_lat":33.873003,"stop_lon":-118.387678,"stop_sequence":70,"segment_first_lat":33.8728753975,"segment_first_lon":-118.3876740848,"segment_second_lat":33.872835167,"segment_second_lon":-118.3894132614,"segment_sequence":700001,"segment_id":35,"segment_len_meter":160.62748239480288,"segment_cum_len":33407.63950913294,"stop_segment_distance":14.852788553450893}
{"route_id":"152","stop_id":"12994","stop_lat":34.221399,"stop_lon":-118.492459,"stop_sequence":53,"segment_first_lat":34.2212926668,"segment_first_lon":-118.4921905129,"segment_second_lat":34.2212781553,"segment_second_lon":-118.4924477905,"segment_sequence":520006,"segment_id":26,"segment_len_meter":23.710086986388973,"segment_cum_len":20879.79335509494,"stop_segment_distance":17.137962335562236}
{"route_id":"154","stop_id":"2818","stop_lat":34.175858,"stop_lon":-118.38136,"stop_sequence":23,"segment_first_lat":34.1757926093,"segment_first_lon":-118.3811515106,"segment_second_lat":34.1766318459,"segment_second_lon":-118.3816644984,"segment_sequence":300002,"segment_id":15,"segment_len_meter":104.57261006636702,"segment_cum_len":12449.821712867779,"stop_segment_distance":6.4314510141427945}
{"route_id":"163","stop_id":"6195","stop_lat":34.201092,"stop_lon":-118.413988,"stop_sequence":54,"segment_first_lat":34.2012120154,"segment_first_lon":-118.4181527366,"segment_second_lat":34.2012183669,"segment_second_lon":-118.4139889987,"segment_sequence":530002,"segment_id":27,"segment_len_meter":382.92229720894835,"segment_cum_len":20059.17849108399,"stop_segment_distance":14.375557313986917}
{"route_id":"164","stop_id":"7145","stop_lat":34.186841,"stop_lon":-118.363564,"stop_sequence":20,"segment_first_lat":34.1867146495,"segment_first_lon":-118.3635671214,"segment_second_lat":34.1867141623,"segment_second_lon":-118.3637291439,"segment_sequence":200001,"segment_id":10,"segment_len_meter":14.903195973404404,"segment_cum_len":6978.7106180425235,"stop_segment_distance":19.87743408982441}
{"route_id":"169","stop_id":"8550","stop_lat":34.217899,"stop_lon":-118.431087,"stop_sequence":104,"segment_first_lat":34.2180995844,"segment_first_lon":-118.4309660043,"segment_second_lat":34.2179200037,"segment_second_lon":-118.4309290216,"segment_sequence":1030009,"segment_id":52,"segment_len_meter":20.255929576368146,"segment_cum_len":41640.75918092421,"stop_segment_distance":19.381018486627937}
{"route_id":"2","stop_id":"5129","stop_lat":34.034202,"stop_lon":-118.263814,"stop_sequence":91,"segment_first_lat":34.0347257619,"segment_first_lon":-118.2645221555,"segment_second_lat":34.0342864305,"segment_second_lon":-118.2637444681,"segment_sequence":900004,"segment_id":45,"segment_len_meter":86.72874468350463,"segment_cum_len":27784.40335384124,"stop_segment_distance":12.101932722073542}
{"route_id":"201","stop_id":"13801","stop_lat":34.140967,"stop_lon":-118.264531,"stop_sequence":18,"segment_first_lat":34.1416567687,"segment_first_lon":-118.2644111376,"segment_second_lat":34.1409670502,"segment_second_lon":-118.2644115994,"segment_sequence":170002,"segment_id":9,"segment_len_meter":76.6932097893269,"segment_cum_len":4317.993523870625,"stop_segment_distance":11.783391651749014}
{"route_id":"202","stop_id":"14813","stop_lat":33.864599,"stop_lon":-118.204702,"stop_sequence":29,"segment_first_lat":33.8646237741,"segment_first_lon":-118.2045864865,"segment_second_lat":33.8624269023,"segment_second_lon":-118.2039289501,"segment_sequence":290001,"segment_id":15,"segment_len_meter":251.71245531188052,"segment_cum_len":12366.78097383225,"stop_segment_distance":11.155637104855458}
{"route_id":"212","stop_id":"13826","stop_lat":33.941562,"stop_lon":-118.34406,"stop_sequence":65,"segment_first_lat":33.9415626713,"segment_first_lon":-118.343909444,"segment_second_lat":33.9409306651,"segment_second_lon":-118.3439091574,"segment_sequence":650001,"segment_id":33,"segment_len_meter":70.2758880210942,"segment_cum_len":21723.47415842033,"stop_segment_distance":15.179862899516166}
{"route_id":"224","stop_id":"11310","stop_lat":34.155516,"stop_lon":-118.368766,"stop_sequence":7,"segment_first_lat":34.1547857253,"segment_first_lon":-118.3685052383,"segment_second_lat":34.1554604953,"segment_second_lon":-118.3689022161,"segment_sequence":60008,"segment_id":3,"segment_len_meter":83.45041057421088,"segment_cum_len":2276.9919944578273,"stop_segment_distance":15.194392306408702}
{"route_id":"232","stop_id":"23200079","stop_lat":33.779488,"stop_lon":-118.273958,"stop_sequence":28,"segment_first_lat":33.7793874231,"segment_first_lon":-118.2734937573,"segment_second_lat":33.7793613849,"segment_second_lon":-118.2739480997,"segment_sequence":270010,"segment_id":14,"segment_len_meter":42.091620050998195,"segment_cum_len":10148.100801630051,"stop_segment_distance":16.35750604187824}
{"route_id":"232","stop_id":"23200104","stop_lat":33.845281,"stop_lon":-118.387201,"stop_sequence":64,"segment_first_lat":33.8452416916,"segment_first_lon":-118.3873490948,"segment_second_lat":33.8456130986,"segment_second_lon":-118.387465742,"segment_sequence":640001,"segment_id":32,"segment_len_meter":42.68045976107097,"segment_cum_len":25616.47073639041,"stop_segment_distance":15.965948343924005}
{"route_id":"245","stop_id":"6564","stop_lat":34.189465,"stop_lon":-118.605759,"stop_sequence":4,"segment_first_lat":34.1894643615,"segment_first_lon":-118.6059145537,"segment_second_lat":34.1899174954,"segment_second_lon":-118.6059142033,"segment_sequence":40001,"segment_id":2,"segment_len_meter":50.386201078556034,"segment_cum_len":1832.4743219656034,"stop_segment_distance":16.22268797225359}
{"route_id":"251","stop_id":"13959","stop_lat":34.017033,"stop_lon":-118.220181,"stop_sequence":23,"segment_first_lat":34.0170390983,"segment_first_lon":-118.220038939,"segment_second_lat":34.0166489507,"segment_second_lon":-118.2200121742,"segment_sequence":230001,"segment_id":12,"segment_len_meter":43.45251141630104,"segment_cum_len":9275.804043982558,"stop_segment_distance":15.109081605603457}
{"route_id":"258","stop_id":"10320","stop_lat":33.954642,"stop_lon":-118.163898,"stop_sequence":72,"segment_first_lat":33.9546319555,"segment_first_lon":-118.1637471965,"segment_second_lat":33.9539113787,"segment_second_lon":-118.1638143741,"segment_sequence":720001,"segment_id":36,"segment_len_meter":80.3637010986881,"segment_cum_len":26218.795613564944,"stop_segment_distance":15.196986817422399}
{"route_id":"265","stop_id":"2804","stop_lat":33.913221,"stop_lon":-118.140427,"stop_sequence":30,"segment_first_lat":33.913289154,"segment_first_lon":-118.1405561479,"segment_second_lat":33.9134046674,"segment_second_lon":-118.1404666953,"segment_sequence":300001,"segment_id":15,"segment_len_meter":15.268241950055812,"segment_cum_len":11352.325591995526,"stop_segment_distance":19.603618771059843}
{"route_id":"28","stop_id":"10300","stop_lat":34.132696,"stop_lon":-118.216151,"stop_sequence":13,"segment_first_lat":34.1333888174,"segment_first_lon":-118.2157823785,"segment_second_lat":34.13266711,"segment_second_lon":-118.2160009236,"segment_sequence":120004,"segment_id":6,"segment_len_meter":82.73273261522107,"segment_cum_len":3872.4664369239554,"stop_segment_distance":15.626954775478907}
{"route_id":"28","stop_id":"3239","stop_lat":34.059077,"stop_lon":-118.421112,"stop_sequence":98,"segment_first_lat":34.05910479,"segment_first_lon":-118.4213218069,"segment_second_lat":34.0592925986,"segment_second_lon":-118.4210487204,"segment_sequence":980002,"segment_id":49,"segment_len_meter":32.69529670105824,"segment_cum_len":33838.48400549056,"stop_segment_distance":11.549726221876575}
{"route_id":"4","stop_id":"16312","stop_lat":34.090979,"stop_lon":-118.278555,"stop_sequence":30,"segment_first_lat":34.090869594,"segment_first_lon":-118.2786356788,"segment_second_lat":34.0909453926,"segment_second_lon":-118.2787733289,"segment_sequence":300001,"segment_id":15,"segment_len_meter":15.222033028230848,"segment_cum_len":9204.731155177291,"stop_segment_distance":19.481902887935895}
{"route_id":"487","stop_id":"13857","stop_lat":34.124763,"stop_lon":-118.090262,"stop_sequence":28,"segment_first_lat":34.1247379396,"segment_first_lon":-118.0904060671,"segment_second_lat":34.1250181669,"segment_second_lon":-118.0904800529,"segment_sequence":280001,"segment_id":14,"segment_len_meter":31.895406885712415,"segment_cum_len":21891.3930509486,"stop_segment_distance":16.410453024042102}
{"route_id":"487","stop_id":"3889","stop_lat":34.14995,"stop_lon":-118.09408,"stop_sequence":46,"segment_first_lat":34.1499064963,"segment_first_lon":-118.0929528079,"segment_second_lat":34.1498807754,"segment_second_lon":-118.0942318705,"segment_sequence":450003,"segment_id":23,"segment_len_meter":117.73636886979604,"segment_cum_len":27755.02631630234,"stop_segment_distance":2.0575533088603635}
{"route_id":"53","stop_id":"8818","stop_lat":33.927731,"stop_lon":-118.265018,"stop_sequence":20,"segment_first_lat":33.9277364731,"segment_first_lon":-118.2651733126,"segment_second_lat":33.9282778097,"segment_second_lon":-118.2651684329,"segment_sequence":200002,"segment_id":10,"segment_len_meter":60.195567175329266,"segment_cum_len":8606.06449256241,"stop_segment_distance":16.513445125840057}
{"route_id":"534","stop_id":"12740","stop_lat":34.040242,"stop_lon":-118.579523,"stop_sequence":12,"segment_first_lat":34.0401153102,"segment_first_lon":-118.5795078753,"segment_second_lat":34.0401065883,"segment_second_lon":-118.579607501,"segment_sequence":120001,"segment_id":6,"segment_len_meter":9.23072280772438,"segment_cum_len":10495.602418225837,"stop_segment_distance":21.876357342882578}
{"route_id":"603","stop_id":"13613","stop_lat":34.039671,"stop_lon":-118.284224,"stop_sequence":57,"segment_first_lat":34.0396772454,"segment_first_lon":-118.2840732829,"segment_second_lat":34.0381987869,"segment_second_lon":-118.2840009287,"segment_sequence":570001,"segment_id":29,"segment_len_meter":164.53221230279544,"segment_cum_len":17578.40989898494,"stop_segment_distance":14.360443183275919}
{"route_id":"603","stop_id":"17144","stop_lat":34.030793,"stop_lon":-118.274593,"stop_sequence":62,"segment_first_lat":34.0308772873,"segment_first_lon":-118.2745308353,"segment_second_lat":34.0307799156,"segment_second_lon":-118.2743318287,"segment_sequence":620001,"segment_id":31,"segment_len_meter":21.296423653470917,"segment_cum_len":18929.17317707505,"stop_segment_distance":13.799187104748697}
{"route_id":"611","stop_id":"16651","stop_lat":33.96259,"stop_lon":-118.178955,"stop_sequence":76,"segment_first_lat":33.9644501844,"segment_first_lon":-118.1785436438,"segment_second_lat":33.9625748913,"segment_second_lon":-118.1788374337,"segment_sequence":750001,"segment_id":38,"segment_len_meter":210.27598713315402,"segment_cum_len":22808.70849680071,"stop_segment_distance":10.989297011156111}
{"route_id":"611","stop_id":"1690","stop_lat":34.003809,"stop_lon":-118.23858,"stop_sequence":43,"segment_first_lat":34.003935318,"segment_first_lon":-118.2385807242,"segment_second_lat":34.0039418497,"segment_second_lon":-118.2365186233,"segment_sequence":430001,"segment_id":22,"segment_len_meter":190.08687450041802,"segment_cum_len":12771.272604318863,"stop_segment_distance":14.551412657340705}
{"route_id":"744","stop_id":"560","stop_lat":34.186949,"stop_lon":-118.448506,"stop_sequence":7,"segment_first_lat":34.1869483077,"segment_first_lon":-118.4486568539,"segment_second_lat":34.1876517642,"segment_second_lon":-118.4486583176,"segment_sequence":70001,"segment_id":4,"segment_len_meter":78.22090977882034,"segment_cum_len":8243.96214575658,"stop_segment_distance":15.044885057436503}
{"route_id":"744","stop_id":"6804","stop_lat":34.242951,"stop_lon":-118.450064,"stop_sequence":15,"segment_first_lat":34.2429501799,"segment_first_lon":-118.4502162089,"segment_second_lat":34.2436536278,"segment_second_lon":-118.4502200029,"segment_sequence":150001,"segment_id":8,"segment_len_meter":78.22061507498279,"segment_cum_len":14500.672356514551,"stop_segment_distance":15.204478815774195}
{"route_id":"757","stop_id":"14141","stop_lat":33.945611,"stop_lon":-118.309141,"stop_sequence":21,"segment_first_lat":33.9468204358,"segment_first_lon":-118.3089802527,"segment_second_lat":33.9456113607,"segment_second_lon":-118.3089876628,"segment_sequence":200012,"segment_id":10,"segment_len_meter":134.44475463251283,"segment_cum_len":19000.011562984655,"stop_segment_distance":14.997799834303805}
{"route_id":"81","stop_id":"10428","stop_lat":33.941697,"stop_lon":-118.282754,"stop_sequence":95,"segment_first_lat":33.9419087569,"segment_first_lon":-118.2826062928,"segment_second_lat":33.9416999311,"segment_second_lon":-118.282601632,"segment_sequence":940009,"segment_id":47,"segment_len_meter":23.22434964384239,"segment_cum_len":30163.11010381509,"stop_segment_distance":18.039610643427824}
{"route_id":"92","stop_id":"7673","stop_lat":34.165232,"stop_lon":-118.281107,"stop_sequence":61,"segment_first_lat":34.1647270953,"segment_first_lon":-118.2806459243,"segment_second_lat":34.1651349576,"segment_second_lon":-118.2812043149,"segment_sequence":600004,"segment_id":30,"segment_len_meter":68.52889422807037,"segment_cum_len":18017.14005365477,"stop_segment_distance":15.860175144040312}
{"route_id":"94","stop_id":"14230","stop_lat":34.260159,"stop_lon":-118.415999,"stop_sequence":13,"segment_first_lat":34.2631221169,"segment_first_lon":-118.4189362187,"segment_second_lat":34.2602410347,"segment_second_lon":-118.415883265,"segment_sequence":120002,"segment_id":6,"segment_len_meter":425.8507545584094,"segment_cum_len":5100.7950809942795,"stop_segment_distance":14.09746406542422}
