{"route_id":"102","stop_id":"7307","stop_lat":34.00592,"stop_lon":-118.331203,"stop_sequence":34,"segment_first_lat":34.0059927427,"segment_first_lon":-118.3312028876,"segment_second_lat":34.0059903522,"segment_second_lon":-118.3306716617,"segment_sequence":340001,"segment_id":17,"segment_len_meter":48.96820553169759,"segment_cum_len":11822.285756837973,"stop_segment_distance":8.71908628658607}
{"route_id":"105","stop_id":"4525","stop_lat":34.02167,"stop_lon":-118.356113,"stop_sequence":39,"segment_first_lat":34.0215442907,"segment_first_lon":-118.3561134856,"segment_second_lat":34.0215450633,"segment_second_lon":-118.3570612767,"segment_sequence":390001,"segment_id":20,"segment_len_meter":87.34978223846662,"segment_cum_len":13685.715408602244,"stop_segment_distance":15.1202369749451}
{"route_id":"108","stop_id":"6279","stop_lat":33.989072,"stop_lon":-118.222796,"stop_sequence":55,"segment_first_lat":33.9892076492,"segment_first_lon":-118.2236413317,"segment_second_lat":33.9891976765,"segment_second_lon":-118.2227935111,"segment_sequence":540004,"segment_id":27,"segment_len_meter":78.17394732443742,"segment_cum_len":18826.92310973003,"stop_segment_distance":15.185375529446773}
{"route_id":"125","stop_id":"17349","stop_lat":33.901791,"stop_lon":-118.293563,"stop_sequence":29,"segment_first_lat":33.901917333,"segment_first_lon":-118.2935636985,"segment_second_lat":33.9019190403,"segment_second_lon":-118.291955559,"segment_sequence":290001,"segment_id":15,"segment_len_meter":148.4170507441248,"segment_cum_len":12086.486188173809,"stop_segment_distance":14.664878737537663}
{"route_id":"130","stop_id":"4797","stop_lat":33.874925,"stop_lon":-118.13413,"stop_sequence":10,"segment_first_lat":33.8747963311,"segment_first_lon":-118.1341296594,"segment_second_lat":33.8747894837,"segment_second_lon":-118.1380037485,"segment_sequence":100001,"segment_id":5,"segment_len_meter":357.6583859775447,"segment_cum_len":5540.843816918057,"stop_segment_distance":14.59216202712588}
{"route_id":"150","stop_id":"6986","stop_lat":34.167781,"stop_lon":-118.58008,"stop_sequence":17,"segment_first_lat":34.1679070009,"segment_first_lon":-118.5801231638,"segment_second_lat":34.1680696311,"segment_second_lon":-118.5793877344,"segment_sequence":170001,"segment_id":9,"segment_len_meter":70.03594096733747,"segment_cum_len":6312.045666588626,"stop_segment_distance":15.84599455248052}
{"route_id":"152","stop_id":"13022","stop_lat":34.221542,"stop_lon":-118.468043,"stop_sequence":47,"segment_first_lat":34.2214167828,"segment_first_lon":-118.4680427472,"segment_second_lat":34.2214142747,"segment_second_lon":-118.4698952196,"segment_sequence":470001,"segment_id":24,"segment_len_meter":170.32357339034317,"segment_cum_len":18806.07006983042,"stop_segment_distance":14.491127101936712}
{"route_id":"152","stop_id":"15562","stop_lat":34.194235,"stop_lon":-118.370131,"stop_sequence":12,"segment_first_lat":34.1942344806,"segment_first_lon":-118.3702844643,"segment_second_lat":34.1961855002,"segment_second_lon":-118.3702785631,"segment_sequence":120001,"segment_id":6,"segment_len_meter":216.9441602236388,"segment_cum_len":4644.726159050365,"stop_segment_distance":14.480540062928668}
{"route_id":"152","stop_id":"15567","stop_lat":34.165206,"stop_lon":-118.370194,"stop_sequence":4,"segment_first_lat":34.1652083284,"segment_first_lon":-118.3703492162,"segment_second_lat":34.1659695126,"segment_second_lon":-118.3703430033,"segment_sequence":40001,"segment_id":2,"segment_len_meter":84.64175146712195,"segment_cum_len":1284.4106811388267,"stop_segment_distance":15.639711479180505}
{"route_id":"158","stop_id":"16857","stop_lat":34.193739,"stop_lon":-118.431049,"stop_sequence":17,"segment_first_lat":34.1906307694,"segment_first_lon":-118.4312029043,"segment_second_lat":34.1937386441,"segment_second_lon":-118.431201753,"segment_sequence":160001,"segment_id":8,"segment_len_meter":345.57991551042835,"segment_cum_len":6784.154313953034,"stop_segment_distance":14.378676472708264}
{"route_id":"165","stop_id":"15210","stop_lat":34.193031,"stop_lon":-118.639069,"stop_sequence":3,"segment_first_lat":34.1931919292,"segment_first_lon":-118.6402671073,"segment_second_lat":34.1931573519,"segment_second_lon":-118.6390631222,"segment_sequence":20002,"segment_id":1,"segment_len_meter":110.80278535865946,"segment_cum_len":899.3121996738967,"stop_segment_distance":14.896313392795875}
{"route_id":"165","stop_id":"6826","stop_lat":34.193821,"stop_lon":-118.383059,"stop_sequence":63,"segment_first_lat":34.1939484887,"segment_first_lon":-118.3830597775,"segment_second_lat":34.1939470688,"segment_second_lon":-118.3822925675,"segment_sequence":630001,"segment_id":32,"segment_len_meter":70.56336911632428,"segment_cum_len":24523.81457172413,"stop_segment_distance":15.48498248161917}
{"route_id":"169","stop_id":"20322","stop_lat":34.209354,"stop_lon":-118.430732,"stop_sequence":107,"segment_first_lat":34.2094548027,"segment_first_lon":-118.4309379286,"segment_second_lat":34.2094525221,"segment_second_lon":-118.4307295423,"segment_sequence":1060005,"segment_id":53,"segment_len_meter":19.164225641751816,"segment_cum_len":42601.5998483505,"stop_segment_distance":13.798471934096067}
{"route_id":"169","stop_id":"6102","stop_lat":34.208276,"stop_lon":-118.536209,"stop_sequence":68,"segment_first_lat":34.2083948403,"segment_first_lon":-118.5372089936,"segment_second_lat":34.2084017443,"segment_second_lon":-118.5362101708,"segment_sequence":670006,"segment_id":34,"segment_len_meter":91.85295676143683,"segment_cum_len":27698.959638931214,"stop_segment_distance":15.031683952557515}
{"route_id":"176","stop_id":"8234","stop_lat":34.051799,"stop_lon":-118.081761,"stop_sequence":11,"segment_first_lat":34.0517991757,"segment_first_lon":-118.0818849139,"segment_second_lat":34.0543739055,"segment_second_lon":-118.081909223,"segment_sequence":110001,"segment_id":6,"segment_len_meter":286.3056503409492,"segment_cum_len":3797.8066346229134,"stop_segment_distance":11.75224798181847}
{"route_id":"180","stop_id":"7572","stop_lat":34.140818,"stop_lon":-118.177433,"stop_sequence":61,"segment_first_lat":34.1409223486,"segment_first_lon":-118.1776446541,"segment_second_lat":34.1409174431,"segment_second_lon":-118.177429832,"segment_sequence":600005,"segment_id":30,"segment_len_meter":19.77793673793854,"segment_cum_len":18522.746466244153,"stop_segment_distance":13.956294262766953}
{"route_id":"183","stop_id":"3087","stop_lat":34.164783,"stop_lon":-118.384119,"stop_sequence":23,"segment_first_lat":34.1649098149,"segment_first_lon":-118.3841200269,"segment_second_lat":34.1649124688,"segment_second_lon":-118.3832836811,"segment_sequence":230001,"segment_id":12,"segment_len_meter":76.94891500111142,"segment_cum_len":8800.661900750314,"stop_segment_distance":15.343231203975293}
{"route_id":"202","stop_id":"15455","stop_lat":33.864793,"stop_lon":-118.208859,"stop_sequence":28,"segment_first_lat":33.8649074382,"segment_first_lon":-118.2088593908,"segment_second_lat":33.8648904527,"segment_second_lon":-118.2046661912,"segment_sequence":280001,"segment_id":14,"segment_len_meter":387.16747304933523,"segment_cum_len":12084.515662467587,"stop_segment_distance":12.836199443650116}
{"route_id":"205","stop_id":"17480","stop_lat":33.855807,"stop_lon":-118.23449,"stop_sequence":100,"segment_first_lat":33.8538640531,"segment_first_lon":-118.2344782609,"segment_second_lat":33.8557984815,"segment_second_lon":-118.2346404432,"segment_sequence":1000002,"segment_id":50,"segment_len_meter":215.619354081866,"segment_cum_len":37188.130221960804,"stop_segment_distance":14.353529024302276}
{"route_id":"217","stop_id":"11034","stop_lat":34.101714,"stop_lon":-118.333158,"stop_sequence":5,"segment_first_lat":34.1015922607,"segment_first_lon":-118.3324635232,"segment_second_lat":34.1015881518,"segment_second_lon":-118.3331571901,"segment_sequence":40004,"segment_id":2,"segment_len_meter":63.87058246410612,"segment_cum_len":940.3144915975188,"stop_segment_distance":15.48393051950086}
{"route_id":"222","stop_id":"12109","stop_lat":34.188214,"stop_lon":-118.348902,"stop_sequence":33,"segment_first_lat":34.1847182737,"segment_first_lon":-118.3491220654,"segment_second_lat":34.1882168054,"segment_second_lon":-118.3490540208,"segment_sequence":320002,"segment_id":16,"segment_len_meter":389.069321565365,"segment_cum_len":12780.490246742702,"stop_segment_distance":14.150761288651267}
{"route_id":"237","stop_id":"689","stop_lat":34.168791,"stop_lon":-118.39232,"stop_sequence":34,"segment_first_lat":34.1686920677,"segment_first_lon":-118.3923195498,"segment_second_lat":34.1686892869,"segment_second_lon":-118.3931757683,"segment_sequence":340001,"segment_id":17,"segment_len_meter":78.77382510349022,"segment_cum_len":12919.212562287848,"stop_segment_distance":11.766978769477248}
{"route_id":"246","stop_id":"5397","stop_lat":33.728654,"stop_lon":-118.287802,"stop_sequence":15,"segment_first_lat":33.7283353817,"segment_first_lon":-118.2879550644,"segment_second_lat":33.7286541277,"segment_second_lon":-118.2879538553,"segment_sequence":140005,"segment_id":7,"segment_len_meter":35.44311446587615,"segment_cum_len":3020.8371304985344,"stop_segment_distance":16.75205022831237}
{"route_id":"258","stop_id":"13396","stop_lat":34.004002,"stop_lon":-118.159353,"stop_sequence":57,"segment_first_lat":34.0039847934,"segment_first_lon":-118.1592008333,"segment_second_lat":34.0035629158,"segment_second_lon":-118.159262719,"segment_sequence":570001,"segment_id":29,"segment_len_meter":47.256239587338044,"segment_cum_len":20614.87564095337,"stop_segment_distance":16.42856439414207}
{"route_id":"265","stop_id":"4307","stop_lat":33.965916,"stop_lon":-118.117341,"stop_sequence":48,"segment_first_lat":33.9660194291,"segment_first_lon":-118.1174350757,"segment_second_lat":33.9663835245,"segment_second_lon":-118.1168633997,"segment_sequence":480001,"segment_id":24,"segment_len_meter":66.47226078280359,"segment_cum_len":19123.305527760916,"stop_segment_distance":16.070136122664252}
{"route_id":"265","stop_id":"970","stop_lat":33.913628,"stop_lon":-118.149333,"stop_sequence":28,"segment_first_lat":33.9139567859,"segment_first_lon":-118.1497618975,"segment_second_lat":33.9137238333,"segment_second_lon":-118.1492671061,"segment_sequence":270003,"segment_id":14,"segment_len_meter":52.49444439673686,"segment_cum_len":10260.935365516878,"stop_segment_distance":13.653965089187302}
{"route_id":"268","stop_id":"5961","stop_lat":34.134363,"stop_lon":-118.054144,"stop_sequence":32,"segment_first_lat":34.1343710433,"segment_first_lon":-118.0543118361,"segment_second_lat":34.1367403308,"segment_second_lon":-118.0541451703,"segment_sequence":320001,"segment_id":16,"segment_len_meter":263.8989413356373,"segment_cum_len":11843.651249687595,"stop_segment_distance":15.921490353263664}
{"route_id":"51","stop_id":"239","stop_lat":33.912931,"stop_lon":-118.26541,"stop_sequence":78,"segment_first_lat":33.913692064,"segment_first_lon":-118.2652508191,"segment_second_lat":33.9129308985,"segment_second_lon":-118.2652566495,"segment_sequence":770003,"segment_id":39,"segment_len_meter":84.63945195869883,"segment_cum_len":20245.699713128834,"stop_segment_distance":15.403423595410388}
{"route_id":"53","stop_id":"4845","stop_lat":33.931242,"stop_lon":-118.254078,"stop_sequence":24,"segment_first_lat":33.9312415639,"segment_first_lon":-118.2542300356,"segment_second_lat":33.9331321195,"segment_second_lon":-118.2542126959,"segment_sequence":240001,"segment_id":12,"segment_len_meter":210.22627797976995,"segment_cum_len":10385.975185794052,"stop_segment_distance":14.339266149733675}
{"route_id":"53","stop_id":"629","stop_lat":33.874258,"stop_lon":-118.248546,"stop_sequence":4,"segment_first_lat":33.8742574051,"segment_first_lon":-118.248698757,"segment_second_lat":33.8755488675,"segment_second_lon":-118.2487078588,"segment_sequence":40001,"segment_id":2,"segment_len_meter":143.606525209871,"segment_cum_len":1681.4302679779282,"stop_segment_distance":14.809935996611273}
{"route_id":"603","stop_id":"16353","stop_lat":34.078155,"stop_lon":-118.266116,"stop_sequence":35,"segment_first_lat":34.0779299539,"segment_first_lon":-118.2660358579,"segment_second_lat":34.078077123,"segment_second_lon":-118.2662136605,"segment_sequence":340018,"segment_id":17,"segment_len_meter":23.150735957821713,"segment_cum_len":10707.745360927947,"stop_segment_distance":15.42465979384411}
{"route_id":"611","stop_id":"819","stop_lat":33.981865,"stop_lon":-118.247539,"stop_sequence":32,"segment_first_lat":33.9816068202,"segment_first_lon":-118.2476902672,"segment_second_lat":33.9818651172,"segment_second_lon":-118.2476910312,"segment_sequence":310004,"segment_id":16,"segment_len_meter":28.72140235640737,"segment_cum_len":9286.49342610205,"stop_segment_distance":17.213623436518706}
{"route_id":"66","stop_id":"1582","stop_lat":34.018716,"stop_lon":-118.195661,"stop_sequence":43,"segment_first_lat":34.0188417788,"segment_first_lon":-118.1960766086,"segment_second_lat":34.0188424534,"segment_second_lon":-118.1956608132,"segment_sequence":420008,"segment_id":21,"segment_len_meter":38.32157327747924,"segment_cum_len":13194.896195368281,"stop_segment_distance":16.51719606692952}
{"route_id":"68","stop_id":"683","stop_lat":34.056828,"stop_lon":-118.232139,"stop_sequence":37,"segment_first_lat":34.0567048686,"segment_first_lon":-118.2321857109,"segment_second_lat":34.0569766491,"segment_second_lon":-118.2331755893,"segment_sequence":370001,"segment_id":19,"segment_len_meter":96.06774963445648,"segment_cum_len":14827.727607317258,"stop_segment_distance":15.197777177582722}
{"route_id":"704","stop_id":"5918","stop_lat":34.063159,"stop_lon":-118.4156,"stop_sequence":12,"segment_first_lat":34.0631990467,"segment_first_lon":-118.415638658,"segment_second_lat":34.0638320576,"segment_second_lon":-118.4147090524,"segment_sequence":120001,"segment_id":6,"segment_len_meter":110.84738393152739,"segment_cum_len":10205.50976048008,"stop_segment_distance":5.924879984543139}
{"route_id":"71","stop_id":"4486","stop_lat":34.058802,"stop_lon":-118.216415,"stop_sequence":19,"segment_first_lat":34.0586613645,"segment_first_lon":-118.2168046048,"segment_second_lat":34.0588904954,"segment_second_lon":-118.2165212647,"segment_sequence":180005,"segment_id":9,"segment_len_meter":36.47505397040774,"segment_cum_len":6741.018541705211,"stop_segment_distance":16.554730305131116}
{"route_id":"78","stop_id":"1549","stop_lat":34.09581,"stop_lon":-118.125127,"stop_sequence":52,"segment_first_lat":34.0959221494,"segment_first_lon":-118.1252051875,"segment_second_lat":34.0961184914,"segment_second_lon":-118.1248002007,"segment_sequence":520001,"segment_id":26,"segment_len_meter":43.21217569746957,"segment_cum_len":16965.804008846157,"stop_segment_distance":16.8183723476755}
{"route_id":"81","stop_id":"12008","stop_lat":34.107781,"stop_lon":-118.196767,"stop_sequence":28,"segment_first_lat":34.1079550426,"segment_first_lon":-118.1961138084,"segment_second_lat":34.1076718982,"segment_second_lon":-118.1966909232,"segment_sequence":270004,"segment_id":14,"segment_len_meter":61.76109833464546,"segment_cum_len":8004.348783305839,"stop_segment_distance":15.422201860455154}
{"route_id":"81","stop_id":"13449","stop_lat":33.97752,"stop_lon":-118.282819,"stop_sequence":82,"segment_first_lat":33.9781610767,"segment_first_lon":-118.2826659687,"segment_second_lat":33.9775208244,"segment_second_lon":-118.2826664462,"segment_sequence":810007,"segment_id":41,"segment_len_meter":71.1928211471842,"segment_cum_len":26179.90220280003,"stop_segment_distance":15.54201913279097}
{"route_id":"83","stop_id":"11606","stop_lat":34.033801,"stop_lon":-118.262598,"stop_sequence":55,"segment_first_lat":34.0343025744,"segment_first_lon":-118.2620090685,"segment_second_lat":34.0337311109,"segment_second_lon":-118.2624723293,"segment_sequence":540007,"segment_id":27,"segment_len_meter":76.55146200378337,"segment_cum_len":16596.117694840283,"stop_segment_distance":15.212953257171094}
