{"route_id":"10","stop_id":"11723","stop_lat":34.08364,"stop_lon":-118.31937,"stop_sequence":45,"segment_first_lat":34.0835069383,"segment_first_lon":-118.3187554504,"segment_second_lat":34.0835075142,"segment_second_lon":-118.3193697245,"segment_sequence":440003,"segment_id":22,"segment_len_meter":56.571025420110004,"segment_cum_len":12213.067454530255,"stop_segment_distance":16.659107261830002}
{"route_id":"120","stop_id":"6","stop_lat":33.924696,"stop_lon":-118.242222,"stop_sequence":74,"segment_first_lat":33.9246103423,"segment_first_lon":-118.2393865976,"segment_second_lat":33.924598361,"segment_second_lon":-118.2422213533,"segment_sequence":730001,"segment_id":37,"segment_len_meter":261.5564202276336,"segment_cum_len":31274.843482688826,"stop_segment_distance":11.08657987340905}
{"route_id":"154","stop_id":"2812","stop_lat":34.177668,"stop_lon":-118.382466,"stop_sequence":22,"segment_first_lat":34.1776027264,"segment_first_lon":-118.382257449,"segment_second_lat":34.1782472585,"segment_second_lon":-118.3826439279,"segment_sequence":310002,"segment_id":16,"segment_len_meter":80.00246872492728,"segment_cum_len":12650.779004372585,"stop_segment_distance":6.967254367830705}
{"route_id":"166","stop_id":"12528","stop_lat":34.235548,"stop_lon":-118.489624,"stop_sequence":37,"segment_first_lat":34.2357018613,"segment_first_lon":-118.4934698637,"segment_second_lat":34.2356737986,"segment_second_lon":-118.4896218192,"segment_sequence":360001,"segment_id":18,"segment_len_meter":353.7576287916442,"segment_cum_len":15987.49549793481,"stop_segment_distance":14.189342451813047}
{"route_id":"167","stop_id":"18194","stop_lat":34.242712,"stop_lon":-118.476457,"stop_sequence":39,"segment_first_lat":34.2428567952,"segment_first_lon":-118.4788439668,"segment_second_lat":34.2428381948,"segment_second_lon":-118.4764548619,"segment_sequence":380031,"segment_id":19,"segment_len_meter":219.61721279221655,"segment_cum_len":16842.46488991046,"stop_segment_distance":14.417425762017274}
{"route_id":"176","stop_id":"10989","stop_lat":34.047603,"stop_lon":-118.090334,"stop_sequence":7,"segment_first_lat":34.0476025466,"segment_first_lon":-118.0904887682,"segment_second_lat":34.047789401,"segment_second_lon":-118.0904889703,"segment_sequence":70001,"segment_id":4,"segment_len_meter":20.777269645317805,"segment_cum_len":2258.7939436356455,"stop_segment_distance":18.650718708277363}
{"route_id":"18","stop_id":"7352","stop_lat":34.060314,"stop_lon":-118.276845,"stop_sequence":15,"segment_first_lat":34.0604026657,"segment_first_lon":-118.276789297,"segment_second_lat":34.0600874624,"segment_second_lon":-118.2760787384,"segment_sequence":150001,"segment_id":8,"segment_len_meter":74.24921385721814,"segment_cum_len":3672.728776552477,"stop_segment_distance":11.812874977139558}
{"route_id":"2","stop_id":"8079","stop_lat":34.092749,"stop_lon":-118.280906,"stop_sequence":59,"segment_first_lat":34.0928268482,"segment_first_lon":-118.2807970133,"segment_second_lat":34.0925406535,"segment_second_lon":-118.2805027557,"segment_sequence":590001,"segment_id":30,"segment_len_meter":41.796478197761225,"segment_cum_len":18667.48549073915,"stop_segment_distance":15.223634375982343}
{"route_id":"200","stop_id":"2459","stop_lat":34.011487,"stop_lon":-118.280294,"stop_sequence":1,"segment_first_lat":34.0114357694,"segment_first_lon":-118.2801900558,"segment_second_lat":34.0110966495,"segment_second_lon":-118.280441016,"segment_sequence":10001,"segment_id":1,"segment_len_meter":44.23796035408156,"segment_cum_len":44.23796035408156,"stop_segment_distance":12.379522320445197}
{"route_id":"205","stop_id":"16987","stop_lat":33.785979,"stop_lon":-118.284461,"stop_sequence":56,"segment_first_lat":33.7860452443,"segment_first_lon":-118.2842172287,"segment_second_lat":33.7860442914,"segment_second_lon":-118.2857803696,"segment_sequence":550014,"segment_id":28,"segment_len_meter":144.4597694280816,"segment_cum_len":16827.16271508686,"stop_segment_distance":1.3896143134710144}
{"route_id":"206","stop_id":"13752","stop_lat":34.069193,"stop_lon":-118.300477,"stop_sequence":17,"segment_first_lat":34.0694739697,"segment_first_lon":-118.3003561607,"segment_second_lat":34.069193684,"segment_second_lon":-118.3003571355,"segment_sequence":160004,"segment_id":8,"segment_len_meter":31.166477188062,"segment_cum_len":5135.9382867231725,"stop_segment_distance":13.040323159956106}
{"route_id":"207","stop_id":"140987","stop_lat":33.950731,"stop_lon":-118.30885,"stop_sequence":9,"segment_first_lat":33.9486779346,"segment_first_lon":-118.3090002929,"segment_second_lat":33.9507305844,"segment_second_lon":-118.3089996215,"segment_sequence":80002,"segment_id":4,"segment_len_meter":228.2442523395737,"segment_cum_len":4465.179212428795,"stop_segment_distance":14.267625149235016}
{"route_id":"210","stop_id":"25400138","stop_lat":34.003223,"stop_lon":-118.331776,"stop_sequence":44,"segment_first_lat":34.0036347157,"segment_first_lon":-118.3319326213,"segment_second_lat":34.0032999946,"segment_second_lon":-118.3316439186,"segment_sequence":430014,"segment_id":22,"segment_len_meter":45.755023625474564,"segment_cum_len":14582.629039401285,"stop_segment_distance":17.132425097549515}
{"route_id":"218","stop_id":"6014","stop_lat":34.090704,"stop_lon":-118.361716,"stop_sequence":13,"segment_first_lat":34.0908334448,"segment_first_lon":-118.3614691405,"segment_second_lat":34.0887808129,"segment_second_lon":-118.3614569658,"segment_sequence":130002,"segment_id":7,"segment_len_meter":228.24500705701544,"segment_cum_len":8619.188043896716,"stop_segment_distance":13.835956304326345}
{"route_id":"252","stop_id":"6300","stop_lat":34.059053,"stop_lon":-118.199938,"stop_sequence":13,"segment_first_lat":34.0583432518,"segment_first_lon":-118.2005305159,"segment_second_lat":34.0590997241,"segment_second_lon":-118.2000427073,"segment_sequence":120005,"segment_id":6,"segment_len_meter":95.36693776528772,"segment_cum_len":4277.9009871735425,"stop_segment_distance":11.546031811787117}
{"route_id":"258","stop_id":"1952","stop_lat":34.044102,"stop_lon":-118.171567,"stop_sequence":36,"segment_first_lat":34.0441973732,"segment_first_lon":-118.1719365779,"segment_second_lat":34.0441998226,"segment_second_lon":-118.1715668738,"segment_sequence":350003,"segment_id":18,"segment_len_meter":34.06443370865722,"segment_cum_len":14482.427635160027,"stop_segment_distance":12.477878133230334}
{"route_id":"260","stop_id":"8758","stop_lat":33.920944,"stop_lon":-118.187703,"stop_sequence":85,"segment_first_lat":33.9209040363,"segment_first_lon":-118.1875563874,"segment_second_lat":33.9202620052,"segment_second_lon":-118.1878199563,"segment_sequence":850001,"segment_id":43,"segment_len_meter":75.41927648960599,"segment_cum_len":33153.243308393096,"stop_segment_distance":15.418274604509335}
{"route_id":"344","stop_id":"2393","stop_lat":33.8162,"stop_lon":-118.35096,"stop_sequence":26,"segment_first_lat":33.8161991216,"segment_first_lon":-118.3511160216,"segment_second_lat":33.8184248745,"segment_second_lon":-118.351110522,"segment_sequence":260001,"segment_id":13,"segment_len_meter":247.4929519393738,"segment_cum_len":13237.418958993374,"stop_segment_distance":14.706494757538422}
{"route_id":"40","stop_id":"20400001","stop_lat":33.865653,"stop_lon":-118.354596,"stop_sequence":86,"segment_first_lat":33.8655433896,"segment_first_lon":-118.3543679074,"segment_second_lat":33.865542721,"segment_second_lon":-118.3545951876,"segment_sequence":850005,"segment_id":43,"segment_len_meter":20.985011550309892,"segment_cum_len":32534.310738115342,"stop_segment_distance":15.610143693356022}
{"route_id":"45","stop_id":"9684","stop_lat":33.909054,"stop_lon":-118.269853,"stop_sequence":69,"segment_first_lat":33.9091555014,"segment_first_lon":-118.2701437021,"segment_second_lat":33.9091531283,"segment_second_lon":-118.2698536762,"segment_sequence":680002,"segment_id":34,"segment_len_meter":26.7658319922785,"segment_cum_len":23602.527431401202,"stop_segment_distance":13.36135720786639}
{"route_id":"460","stop_id":"28500","stop_lat":33.846563,"stop_lon":-117.997549,"stop_sequence":58,"segment_first_lat":33.846688486,"segment_first_lon":-117.9975487645,"segment_second_lat":33.8466977818,"segment_second_lon":-117.9958428885,"segment_sequence":590001,"segment_id":30,"segment_len_meter":157.54243141113287,"segment_cum_len":51545.281581376905,"stop_segment_distance":14.683069419517807}
{"route_id":"51","stop_id":"255","stop_lat":33.984064,"stop_lon":-118.265332,"stop_sequence":47,"segment_first_lat":33.984064716,"segment_first_lon":-118.2651752209,"segment_second_lat":33.9833750191,"segment_second_lon":-118.2651680888,"segment_sequence":470001,"segment_id":24,"segment_len_meter":76.69361548345154,"segment_cum_len":12412.536227061399,"stop_segment_distance":15.849578418644711}
{"route_id":"53","stop_id":"4877","stop_lat":33.949537,"stop_lon":-118.25388,"stop_sequence":32,"segment_first_lat":33.9495396351,"segment_first_lon":-118.2540320104,"segment_second_lat":33.9502653735,"segment_second_lon":-118.2540173951,"segment_sequence":320001,"segment_id":16,"segment_len_meter":80.70968768093815,"segment_cum_len":12291.239218997825,"stop_segment_distance":15.291703239208985}
{"route_id":"53","stop_id":"9738","stop_lat":34.043025,"stop_lon":-118.241759,"stop_sequence":72,"segment_first_lat":34.0425455872,"segment_first_lon":-118.2411929046,"segment_second_lat":34.0429452238,"segment_second_lon":-118.241831466,"segment_sequence":710003,"segment_id":36,"segment_len_meter":73.73175494017313,"segment_cum_len":23204.95469355356,"stop_segment_distance":11.952059297496149}
{"route_id":"62","stop_id":"1303","stop_lat":33.831374,"stop_lon":-118.075715,"stop_sequence":79,"segment_first_lat":33.8315057379,"segment_first_lon":-118.0763279606,"segment_second_lat":33.831501728,"segment_second_lon":-118.0757155332,"segment_sequence":780007,"segment_id":39,"segment_len_meter":56.56998054165815,"segment_cum_len":39601.03783826137,"stop_segment_distance":16.114638157512566}
{"route_id":"62","stop_id":"6500","stop_lat":33.979762,"stop_lon":-118.128565,"stop_sequence":37,"segment_first_lat":33.9802589578,"segment_first_lon":-118.128842949,"segment_second_lat":33.9798422567,"segment_second_lon":-118.1284464956,"segment_sequence":360025,"segment_id":18,"segment_len_meter":59.01902006416453,"segment_cum_len":18065.36224796237,"stop_segment_distance":16.00215412193443}
{"route_id":"68","stop_id":"3296","stop_lat":34.034557,"stop_lon":-118.085039,"stop_sequence":2,"segment_first_lat":34.034434074,"segment_first_lon":-118.0850632189,"segment_second_lat":34.0345890898,"segment_second_lon":-118.0861740256,"segment_sequence":20001,"segment_id":1,"segment_len_meter":103.79903991792744,"segment_cum_len":165.24738665365345,"stop_segment_distance":14.701016633297826}
{"route_id":"685","stop_id":"12431","stop_lat":34.146339,"stop_lon":-118.23521,"stop_sequence":9,"segment_first_lat":34.1471193172,"segment_first_lon":-118.2352713141,"segment_second_lat":34.1463670835,"segment_second_lon":-118.2350606501,"segment_sequence":80004,"segment_id":4,"segment_len_meter":85.86178897621232,"segment_cum_len":3126.7322713125504,"stop_segment_distance":15.183106158911116}
{"route_id":"734","stop_id":"2752","stop_lat":34.036557,"stop_lon":-118.434949,"stop_sequence":29,"segment_first_lat":34.0369684208,"segment_first_lon":-118.4351030596,"segment_second_lat":34.0366297993,"segment_second_lon":-118.4348207392,"segment_sequence":280012,"segment_id":14,"segment_len_meter":45.76565180382537,"segment_cum_len":38836.487269386766,"stop_segment_distance":16.45919860889336}
{"route_id":"76","stop_id":"15077","stop_lat":34.064634,"stop_lon":-118.196481,"stop_sequence":46,"segment_first_lat":34.0640457799,"segment_first_lon":-118.1943854146,"segment_second_lat":34.0644586092,"segment_second_lon":-118.196531207,"segment_sequence":450001,"segment_id":23,"segment_len_meter":202.9200749124205,"segment_cum_len":16269.205000058313,"stop_segment_distance":20.93809876092351}
{"route_id":"92","stop_id":"2202","stop_lat":34.096037,"stop_lon":-118.259068,"stop_sequence":27,"segment_first_lat":34.0956493399,"segment_first_lon":-118.2592120566,"segment_second_lat":34.0960348507,"segment_second_lon":-118.2592195274,"segment_sequence":260007,"segment_id":13,"segment_len_meter":42.87236451990101,"segment_cum_len":7767.815674841353,"stop_segment_distance":16.18303912154571}
{"route_id":"92","stop_id":"5101","stop_lat":34.177138,"stop_lon":-118.29745,"stop_sequence":67,"segment_first_lat":34.1770414372,"segment_first_lon":-118.2975494072,"segment_second_lat":34.1775669766,"segment_second_lon":-118.2982717118,"segment_sequence":670001,"segment_id":34,"segment_len_meter":88.48737193449617,"segment_cum_len":20109.13253155723,"stop_segment_distance":14.99900461904845}
