{"route_id":"108","stop_id":"7990","stop_lat":33.988572,"stop_lon":-118.377281,"stop_sequence":11,"segment_first_lat":33.9886881243,"segment_first_lon":-118.3772338685,"segment_second_lat":33.9882556436,"segment_second_lon":-118.3757256938,"segment_sequence":110001,"segment_id":6,"segment_len_meter":147.13058294023713,"segment_cum_len":4703.576119067154,"stop_segment_distance":14.140264608968124}
{"route_id":"110","stop_id":"7336","stop_lat":33.983306,"stop_lon":-118.313588,"stop_sequence":30,"segment_first_lat":33.9833737639,"segment_first_lon":-118.3148513784,"segment_second_lat":33.9833770538,"segment_second_lon":-118.3135880316,"segment_sequence":290003,"segment_id":15,"segment_len_meter":116.48469911724479,"segment_cum_len":11229.345880075407,"stop_segment_distance":8.146658011876099}
{"route_id":"115","stop_id":"1896","stop_lat":33.951798,"stop_lon":-118.183304,"stop_sequence":67,"segment_first_lat":33.9519946143,"segment_first_lon":-118.1839277027,"segment_second_lat":33.9519255252,"segment_second_lon":-118.183283251,"segment_sequence":660009,"segment_id":33,"segment_len_meter":59.93659147352796,"segment_cum_len":20077.92493669433,"stop_segment_distance":15.914715875041189}
{"route_id":"115","stop_id":"7825","stop_lat":33.959857,"stop_lon":-118.335291,"stop_sequence":26,"segment_first_lat":33.9599888448,"segment_first_lon":-118.3374415362,"segment_second_lat":33.9599846732,"segment_second_lon":-118.3352914392,"segment_sequence":250002,"segment_id":13,"segment_len_meter":198.30006140813893,"segment_cum_len":5883.055987035665,"stop_segment_distance":14.777865058924675}
{"route_id":"120","stop_id":"36501","stop_lat":33.929283,"stop_lon":-118.233272,"stop_sequence":70,"segment_first_lat":33.9290564569,"segment_first_lon":-118.2313098308,"segment_second_lat":33.9291543801,"segment_second_lon":-118.2332550042,"segment_sequence":690002,"segment_id":35,"segment_len_meter":179.79489974965855,"segment_cum_len":29299.833425987046,"stop_segment_distance":17.369697753759795}
{"route_id":"158","stop_id":"9565","stop_lat":34.257401,"stop_lon":-118.531571,"stop_sequence":59,"segment_first_lat":34.2572771642,"segment_first_lon":-118.5285252563,"segment_second_lat":34.2572742751,"segment_second_lon":-118.5315699254,"segment_sequence":580002,"segment_id":29,"segment_len_meter":279.8193986277839,"segment_cum_len":23448.714420710192,"stop_segment_distance":14.528362523134206}
{"route_id":"161","stop_id":"140743","stop_lat":34.169984,"stop_lon":-118.597548,"stop_sequence":7,"segment_first_lat":34.1702160442,"segment_first_lon":-118.5974005107,"segment_second_lat":34.1699879946,"segment_second_lon":-118.5973949129,"segment_sequence":60006,"segment_id":3,"segment_len_meter":25.363187548926355,"segment_cum_len":2755.3240236275738,"stop_segment_distance":17.880299786678954}
{"route_id":"164","stop_id":"7117","stop_lat":34.186711,"stop_lon":-118.558543,"stop_sequence":65,"segment_first_lat":34.1865847728,"segment_first_lon":-118.5585420829,"segment_second_lat":34.1865774287,"segment_second_lon":-118.5611972715,"segment_sequence":650001,"segment_id":33,"segment_len_meter":244.23038991644407,"segment_cum_len":25142.342260845056,"stop_segment_distance":14.401528094556426}
{"route_id":"165","stop_id":"6844","stop_lat":34.193829,"stop_lon":-118.42265,"stop_sequence":54,"segment_first_lat":34.1939574362,"segment_first_lon":-118.4229345957,"segment_second_lat":34.1939556477,"segment_second_lon":-118.4226601125,"segment_sequence":530005,"segment_id":27,"segment_len_meter":25.24603410052217,"segment_cum_len":20811.045848045178,"stop_segment_distance":18.68516109937463}
{"route_id":"166","stop_id":"12618","stop_lat":34.242168,"stop_lon":-118.425727,"stop_sequence":53,"segment_first_lat":34.2422629926,"segment_first_lon":-118.42582541,"segment_second_lat":34.243276891,"segment_second_lon":-118.4244385399,"segment_sequence":530001,"segment_id":27,"segment_len_meter":170.18222538001234,"segment_cum_len":22317.0315082277,"stop_segment_distance":14.694525686426914}
{"route_id":"167","stop_id":"1018","stop_lat":34.257112,"stop_lon":-118.588743,"stop_sequence":4,"segment_first_lat":34.2572365779,"segment_first_lon":-118.5885418104,"segment_second_lat":34.2565578817,"segment_second_lon":-118.5885337151,"segment_sequence":40002,"segment_id":2,"segment_len_meter":75.47124145063377,"segment_cum_len":1388.7912406584198,"stop_segment_distance":12.179994665497034}
{"route_id":"167","stop_id":"991","stop_lat":34.246502,"stop_lon":-118.588698,"stop_sequence":6,"segment_first_lat":34.2476848067,"segment_first_lon":-118.5885439521,"segment_second_lat":34.2465031992,"segment_second_lon":-118.5885445552,"segment_sequence":50003,"segment_id":3,"segment_len_meter":131.38877097950112,"segment_cum_len":2506.832372490581,"stop_segment_distance":14.998051601896776}
{"route_id":"176","stop_id":"11753","stop_lat":34.087835,"stop_lon":-118.081902,"stop_sequence":54,"segment_first_lat":34.087058077,"segment_first_lon":-118.0802998109,"segment_second_lat":34.0877230393,"segment_second_lon":-118.0819679768,"segment_sequence":530007,"segment_id":27,"segment_len_meter":170.4893903659913,"segment_cum_len":21153.311526073925,"stop_segment_distance":14.33958890257037}
{"route_id":"176","stop_id":"12048","stop_lat":34.102464,"stop_lon":-118.131829,"stop_sequence":73,"segment_first_lat":34.1021673972,"segment_first_lon":-118.1317658958,"segment_second_lat":34.1023949932,"segment_second_lon":-118.1319512375,"segment_sequence":720004,"segment_id":36,"segment_len_meter":30.5235586344152,"segment_cum_len":27244.926170278442,"stop_segment_distance":16.586700818878636}
{"route_id":"180","stop_id":"9328","stop_lat":34.139361,"stop_lon":-118.195497,"stop_sequence":56,"segment_first_lat":34.1394626727,"segment_first_lon":-118.1957944755,"segment_second_lat":34.1394870354,"segment_second_lon":-118.1955126383,"segment_sequence":550011,"segment_id":28,"segment_len_meter":26.079442439488567,"segment_cum_len":16687.827491096992,"stop_segment_distance":17.628830043039954}
{"route_id":"183","stop_id":"6146","stop_lat":34.162009,"stop_lon":-118.466011,"stop_sequence":3,"segment_first_lat":34.1618130055,"segment_first_lon":-118.4661651361,"segment_second_lat":34.1620108576,"segment_second_lon":-118.4661642565,"segment_sequence":20012,"segment_id":1,"segment_len_meter":22.000298603724143,"segment_cum_len":857.8643167353856,"stop_segment_distance":18.103780195686287}
{"route_id":"201","stop_id":"10732","stop_lat":34.153379,"stop_lon":-118.229594,"stop_sequence":1,"segment_first_lat":34.1532699536,"segment_first_lon":-118.2295199137,"segment_second_lat":34.1526510134,"segment_second_lon":-118.2308809733,"segment_sequence":10001,"segment_id":1,"segment_len_meter":142.9066575321302,"segment_cum_len":142.9066575321302,"stop_segment_distance":14.45126330841208}
{"route_id":"204","stop_id":"7092","stop_lat":34.09803,"stop_lon":-118.291203,"stop_sequence":65,"segment_first_lat":34.0981594743,"segment_first_lon":-118.2912038713,"segment_second_lat":34.0981634672,"segment_second_lon":-118.2895424191,"segment_sequence":650001,"segment_id":33,"segment_len_meter":152.98402023796802,"segment_cum_len":19572.1720371441,"stop_segment_distance":15.034897310541197}
{"route_id":"206","stop_id":"13735","stop_lat":34.01295,"stop_lon":-118.300289,"stop_sequence":37,"segment_first_lat":34.0129507226,"segment_first_lon":-118.3001698393,"segment_second_lat":34.0120933958,"segment_second_lon":-118.3001667649,"segment_sequence":370001,"segment_id":19,"segment_len_meter":95.33081179819196,"segment_cum_len":11530.189072728755,"stop_segment_distance":11.566662140211236}
{"route_id":"210","stop_id":"15532","stop_lat":34.095911,"stop_lon":-118.326793,"stop_sequence":5,"segment_first_lat":34.0959117855,"segment_first_lon":-118.3266408208,"segment_second_lat":34.0952907712,"segment_second_lon":-118.326638395,"segment_sequence":50001,"segment_id":3,"segment_len_meter":69.05400080345095,"segment_cum_len":1298.6112869283013,"stop_segment_distance":15.379315142232784}
{"route_id":"210","stop_id":"9410","stop_lat":33.905702,"stop_lon":-118.326674,"stop_sequence":75,"segment_first_lat":33.9063615745,"segment_first_lon":-118.3265183512,"segment_second_lat":33.905702083,"segment_second_lon":-118.3265213844,"segment_sequence":740005,"segment_id":37,"segment_len_meter":73.3326432269528,"segment_cum_len":25632.08990723157,"stop_segment_distance":15.486557819477781}
{"route_id":"217","stop_id":"8039","stop_lat":34.058985,"stop_lon":-118.363593,"stop_sequence":29,"segment_first_lat":34.0600859453,"segment_first_lon":-118.3628715393,"segment_second_lat":34.0589366717,"segment_second_lon":-118.3634565453,"segment_sequence":280003,"segment_id":14,"segment_len_meter":138.69164872174576,"segment_cum_len":8315.519025980773,"stop_segment_distance":14.276007845766685}
{"route_id":"232","stop_id":"17708","stop_lat":33.817771,"stop_lon":-118.38177,"stop_sequence":54,"segment_first_lat":33.8169963509,"segment_first_lon":-118.3808350682,"segment_second_lat":33.8176718038,"segment_second_lon":-118.381864605,"segment_sequence":530013,"segment_id":27,"segment_len_meter":121.19074467005392,"segment_cum_len":22311.16576931315,"stop_segment_distance":14.864150555402873}
{"route_id":"234","stop_id":"23406","stop_lat":34.20078,"stop_lon":-118.466333,"stop_sequence":53,"segment_first_lat":34.2007809244,"segment_first_lon":-118.4661789183,"segment_second_lat":34.1993575221,"segment_second_lon":-118.4661762647,"segment_sequence":530001,"segment_id":27,"segment_len_meter":158.2753024791364,"segment_cum_len":20048.070430556163,"stop_segment_distance":14.72317114267156}
{"route_id":"236","stop_id":"123608","stop_lat":34.310468,"stop_lon":-118.501569,"stop_sequence":39,"segment_first_lat":34.3105170209,"segment_first_lon":-118.5017108668,"segment_second_lat":34.3128459176,"segment_second_lon":-118.5005694437,"segment_sequence":390001,"segment_id":20,"segment_len_meter":279.3765641284202,"segment_cum_len":17096.993284963755,"stop_segment_distance":14.643933343619551}
{"route_id":"236","stop_id":"8927","stop_lat":34.279557,"stop_lon":-118.501985,"stop_sequence":32,"segment_first_lat":34.2795595898,"segment_first_lon":-118.5021361378,"segment_second_lat":34.2810682554,"segment_second_lon":-118.5021200583,"segment_sequence":320001,"segment_id":16,"segment_len_meter":167.7624659972539,"segment_cum_len":13454.911822582228,"stop_segment_distance":14.628584824038398}
{"route_id":"246","stop_id":"5393","stop_lat":33.711376,"stop_lon":-118.287779,"stop_sequence":5,"segment_first_lat":33.7105875101,"segment_first_lon":-118.2879336821,"segment_second_lat":33.7113761294,"segment_second_lon":-118.2879307958,"segment_sequence":40007,"segment_id":2,"segment_len_meter":87.69087161763835,"segment_cum_len":1099.5824927803549,"stop_segment_distance":15.185590434279703}
{"route_id":"251","stop_id":"11243","stop_lat":33.931385,"stop_lon":-118.203322,"stop_sequence":57,"segment_first_lat":33.9312714915,"segment_first_lon":-118.2032516126,"segment_second_lat":33.9308364744,"segment_second_lon":-118.2042470923,"segment_sequence":570001,"segment_id":29,"segment_len_meter":103.80203895251162,"segment_cum_len":21462.846327362688,"stop_segment_distance":15.294701875587677}
{"route_id":"268","stop_id":"10170","stop_lat":34.15801,"stop_lon":-118.081882,"stop_sequence":52,"segment_first_lat":34.1578888216,"segment_first_lon":-118.081881779,"segment_second_lat":34.1578798684,"segment_second_lon":-118.0829229906,"segment_sequence":520001,"segment_id":26,"segment_len_meter":95.81025931231713,"segment_cum_len":20834.746161097213,"stop_segment_distance":14.535669892319959}
{"route_id":"28","stop_id":"10307","stop_lat":34.120967,"stop_lon":-118.227321,"stop_sequence":18,"segment_first_lat":34.1208561905,"segment_first_lon":-118.2272430087,"segment_second_lat":34.1200677189,"segment_second_lon":-118.2289011122,"segment_sequence":180001,"segment_id":9,"segment_len_meter":176.02305936121414,"segment_cum_len":5809.706867159786,"stop_segment_distance":14.749020952954396}
{"route_id":"28","stop_id":"4254","stop_lat":34.054883,"stop_lon":-118.323595,"stop_sequence":76,"segment_first_lat":34.0546567675,"segment_first_lon":-118.3229736662,"segment_second_lat":34.0547567011,"segment_second_lon":-118.3236227777,"segment_sequence":750007,"segment_id":38,"segment_len_meter":60.823308227670935,"segment_cum_len":24036.957717746187,"stop_segment_distance":15.976138408108284}
{"route_id":"344","stop_id":"10931","stop_lat":33.752397,"stop_lon":-118.395532,"stop_sequence":7,"segment_first_lat":33.7522188144,"segment_first_lon":-118.3954855242,"segment_second_lat":33.7522925499,"segment_second_lon":-118.3956240313,"segment_sequence":60031,"segment_id":3,"segment_len_meter":15.205301650604,"segment_cum_len":2434.391579205446,"stop_segment_distance":19.46608352934888}
{"route_id":"35","stop_id":"7749","stop_lat":34.025389,"stop_lon":-118.302736,"stop_sequence":26,"segment_first_lat":34.0255125589,"segment_first_lon":-118.3040299793,"segment_second_lat":34.02551581,"segment_second_lon":-118.302736294,"segment_sequence":250002,"segment_id":13,"segment_len_meter":119.22280003804707,"segment_cum_len":8082.517484616533,"stop_segment_distance":14.916145615811388}
{"route_id":"51","stop_id":"240","stop_lat":33.909306,"stop_lon":-118.265415,"stop_sequence":79,"segment_first_lat":33.9115679305,"segment_first_lon":-118.2652737579,"segment_second_lat":33.9093064779,"segment_second_lon":-118.2652636338,"segment_sequence":780003,"segment_id":39,"segment_len_meter":251.46379153426906,"segment_cum_len":20648.726935382732,"stop_segment_distance":14.357546117936039}
{"route_id":"60","stop_id":"11510","stop_lat":33.959398,"stop_lon":-118.222737,"stop_sequence":46,"segment_first_lat":33.9598318363,"segment_first_lon":-118.2228308168,"segment_second_lat":33.9594574592,"segment_second_lon":-118.2225979969,"segment_sequence":450004,"segment_id":23,"segment_len_meter":46.840517955819855,"segment_cum_len":13976.775089481866,"stop_segment_distance":16.594256476874214}
{"route_id":"602","stop_id":"7998","stop_lat":34.056475,"stop_lon":-118.487728,"stop_sequence":32,"segment_first_lat":34.0566206699,"segment_first_lon":-118.4877673687,"segment_second_lat":34.0566543598,"segment_second_lon":-118.4875902746,"segment_sequence":320001,"segment_id":16,"segment_len_meter":16.73905817649268,"segment_cum_len":10374.665661599183,"stop_segment_distance":23.49738773652474}
{"route_id":"603","stop_id":"14222","stop_lat":34.122532,"stop_lon":-118.253834,"stop_sequence":16,"segment_first_lat":34.1228232975,"segment_first_lon":-118.2539337874,"segment_second_lat":34.1226160131,"segment_second_lon":-118.2537170711,"segment_sequence":150003,"segment_id":8,"segment_len_meter":30.483096493172333,"segment_cum_len":4087.7102071000495,"stop_segment_distance":17.437075502320468}
{"route_id":"611","stop_id":"804","stop_lat":33.994626,"stop_lon":-118.247603,"stop_sequence":36,"segment_first_lat":33.9939253347,"segment_first_lon":-118.2477564014,"segment_second_lat":33.9946260347,"segment_second_lon":-118.247758475,"segment_sequence":350003,"segment_id":18,"segment_len_meter":77.9145196189767,"segment_cum_len":10705.480505634318,"stop_segment_distance":15.60238107316826}
{"route_id":"76","stop_id":"15082","stop_lat":34.081281,"stop_lon":-118.064472,"stop_sequence":10,"segment_first_lat":34.0812420936,"segment_first_lon":-118.0612917012,"segment_second_lat":34.0811530595,"segment_second_lon":-118.0644656002,"segment_sequence":90001,"segment_id":5,"segment_len_meter":292.4727897727799,"segment_cum_len":3352.2948929874606,"stop_segment_distance":14.692058509192634}
{"route_id":"92","stop_id":"4348","stop_lat":34.279523,"stop_lon":-118.417661,"stop_sequence":109,"segment_first_lat":34.2789913853,"segment_first_lon":-118.4172912365,"segment_second_lat":34.2794403792,"segment_second_lon":-118.4177728141,"segment_sequence":1080005,"segment_id":54,"segment_len_meter":66.71166413638237,"segment_cum_len":37031.94649959852,"stop_segment_distance":15.250859968172108}
{"route_id":"94","stop_id":"10122","stop_lat":34.182971,"stop_lon":-118.306253,"stop_sequence":47,"segment_first_lat":34.1831967761,"segment_first_lon":-118.3062141326,"segment_second_lat":34.1824574117,"segment_second_lon":-118.3051996492,"segment_sequence":470002,"segment_id":24,"segment_len_meter":124.36780259179513,"segment_cum_len":20215.19896339287,"stop_segment_distance":13.461669393458138}
