{"route_id":"10","stop_id":"4724","stop_lat":34.071772,"stop_lon":-118.272113,"stop_sequence":24,"segment_first_lat":34.0715474011,"segment_first_lon":-118.2718668097,"segment_second_lat":34.0716525071,"segment_second_lon":-118.272171932,"segment_sequence":230006,"segment_id":12,"segment_len_meter":30.437165379143483,"segment_cum_len":6972.14898988317,"stop_segment_distance":17.64869476999925}
{"route_id":"105","stop_id":"9131","stop_lat":34.037637,"stop_lon":-118.374132,"stop_sequence":48,"segment_first_lat":34.0386133468,"segment_first_lon":-118.3721229078,"segment_second_lat":34.0375299585,"segment_second_lon":-118.3740470361,"segment_sequence":470003,"segment_id":24,"segment_len_meter":214.3505625196509,"segment_cum_len":17674.729429738225,"stop_segment_distance":14.505773987052208}
{"route_id":"111","stop_id":"7638","stop_lat":33.974561,"stop_lon":-118.277967,"stop_sequence":36,"segment_first_lat":33.9746879828,"segment_first_lon":-118.2779674433,"segment_second_lat":33.9746988227,"segment_second_lon":-118.2741909917,"segment_sequence":360001,"segment_id":18,"segment_len_meter":348.2370970183424,"segment_cum_len":13626.491759619235,"stop_segment_distance":14.414291444915875}
{"route_id":"115","stop_id":"1907","stop_lat":33.960026,"stop_lon":-118.243234,"stop_sequence":51,"segment_first_lat":33.960152389,"segment_first_lon":-118.2432343293,"segment_second_lat":33.9601527214,"segment_second_lon":-118.2430694469,"segment_sequence":510001,"segment_id":26,"segment_len_meter":15.206817855325266,"segment_cum_len":14388.793462509542,"stop_segment_distance":19.55629219015154}
{"route_id":"117","stop_id":"4730","stop_lat":33.945345,"stop_lon":-118.339424,"stop_sequence":14,"segment_first_lat":33.9454740381,"segment_first_lon":-118.3394239729,"segment_second_lat":33.9454757679,"segment_second_lon":-118.3370434751,"segment_sequence":140001,"segment_id":7,"segment_len_meter":219.58649211787161,"segment_cum_len":6919.492268894306,"stop_segment_distance":14.831865900526367}
{"route_id":"125","stop_id":"17373","stop_lat":33.90319,"stop_lon":-118.227439,"stop_sequence":47,"segment_first_lat":33.9033130776,"segment_first_lon":-118.2278181287,"segment_second_lat":33.9033176402,"segment_second_lon":-118.2274391667,"segment_sequence":460005,"segment_id":23,"segment_len_meter":34.97791819182371,"segment_cum_len":18048.00651390573,"stop_segment_distance":16.785917149804852}
{"route_id":"152","stop_id":"13016","stop_lat":34.220275,"stop_lon":-118.575248,"stop_sequence":71,"segment_first_lat":34.2201962591,"segment_first_lon":-118.5739042358,"segment_second_lat":34.2201484196,"segment_second_lon":-118.5752406615,"segment_sequence":700004,"segment_id":35,"segment_len_meter":122.99295534756776,"segment_cum_len":28540.66187195015,"stop_segment_distance":14.960664343045792}
{"route_id":"154","stop_id":"1327","stop_lat":34.183637,"stop_lon":-118.323919,"stop_sequence":6,"segment_first_lat":34.1835190259,"segment_first_lon":-118.3238617262,"segment_second_lat":34.1831256718,"segment_second_lon":-118.3250376374,"segment_sequence":60001,"segment_id":3,"segment_len_meter":116.67524644970833,"segment_cum_len":3326.7135318792593,"stop_segment_distance":15.023002414302326}
{"route_id":"164","stop_id":"7115","stop_lat":34.186833,"stop_lon":-118.409209,"stop_sequence":31,"segment_first_lat":34.1867023245,"segment_first_lon":-118.4062952777,"segment_second_lat":34.186705419,"segment_second_lon":-118.4092084322,"segment_sequence":300003,"segment_id":15,"segment_len_meter":267.9570231823793,"segment_cum_len":11161.988746588755,"stop_segment_distance":14.63186446273238}
{"route_id":"164","stop_id":"7176","stop_lat":34.186752,"stop_lon":-118.522795,"stop_sequence":57,"segment_first_lat":34.1866364755,"segment_first_lon":-118.5196926467,"segment_second_lat":34.1866255826,"segment_second_lon":-118.5227942094,"segment_sequence":560004,"segment_id":28,"segment_len_meter":285.2897198543994,"segment_cum_len":21609.921555075427,"stop_segment_distance":14.416082589831603}
{"route_id":"165","stop_id":"6840","stop_lat":34.193598,"stop_lon":-118.623636,"stop_sequence":7,"segment_first_lat":34.193716873,"segment_first_lon":-118.6250128915,"segment_second_lat":34.193723973,"segment_second_lon":-118.6236372565,"segment_sequence":60003,"segment_id":3,"segment_len_meter":126.52513486775544,"segment_cum_len":2326.0536279137586,"stop_segment_distance":14.80919199752526}
{"route_id":"169","stop_id":"14603","stop_lat":34.201027,"stop_lon":-118.628153,"stop_sequence":43,"segment_first_lat":34.2009060968,"segment_first_lon":-118.6281229023,"segment_second_lat":34.2008414045,"segment_second_lon":-118.628356898,"segment_sequence":430001,"segment_id":22,"segment_len_meter":22.69015640735181,"segment_cum_len":17740.11901269319,"stop_segment_distance":18.919776131253098}
{"route_id":"20","stop_id":"16664","stop_lat":34.063501,"stop_lon":-118.364924,"stop_sequence":41,"segment_first_lat":34.0632005907,"segment_first_lon":-118.363353897,"segment_second_lat":34.0633735889,"segment_second_lon":-118.3649424589,"segment_sequence":400006,"segment_id":20,"segment_len_meter":147.59100464659804,"segment_cum_len":12053.18678803127,"stop_segment_distance":15.117054905094108}
{"route_id":"20","stop_id":"16917","stop_lat":34.054044,"stop_lon":-118.261774,"stop_sequence":8,"segment_first_lat":34.0538243751,"segment_first_lon":-118.2615750003,"segment_second_lat":34.053931243,"segment_second_lon":-118.2618397737,"segment_sequence":70004,"segment_id":4,"segment_len_meter":27.133149729771382,"segment_cum_len":2157.0511225576465,"stop_segment_distance":17.329120253176818}
{"route_id":"202","stop_id":"16920","stop_lat":33.874409,"stop_lon":-118.224429,"stop_sequence":23,"segment_first_lat":33.8745390554,"segment_first_lon":-118.2241919845,"segment_second_lat":33.8745297504,"segment_second_lon":-118.2247618732,"segment_sequence":190031,"segment_id":10,"segment_len_meter":52.62270260291071,"segment_cum_len":8163.994372146776,"stop_segment_distance":7.142042078812594}
{"route_id":"205","stop_id":"4794","stop_lat":33.831466,"stop_lon":-118.290114,"stop_sequence":70,"segment_first_lat":33.8296908268,"segment_first_lon":-118.2902719251,"segment_second_lat":33.8314659274,"segment_second_lon":-118.2902688482,"segment_sequence":700003,"segment_id":35,"segment_len_meter":197.3823856169809,"segment_cum_len":23429.97807662578,"stop_segment_distance":14.849046187731943}
{"route_id":"206","stop_id":"15434","stop_lat":34.101911,"stop_lon":-118.293123,"stop_sequence":3,"segment_first_lat":34.1017820496,"segment_first_lon":-118.2931158599,"segment_second_lat":34.1017760649,"segment_second_lon":-118.2933173375,"segment_sequence":30001,"segment_id":2,"segment_len_meter":18.562815482424742,"segment_cum_len":849.5799229893067,"stop_segment_distance":19.142506570493982}
{"route_id":"237","stop_id":"558","stop_lat":34.130549,"stop_lon":-118.350062,"stop_sequence":14,"segment_first_lat":34.1304483715,"segment_first_lon":-118.3501573448,"segment_second_lat":34.1313801354,"segment_second_lon":-118.3515923978,"segment_sequence":140001,"segment_id":7,"segment_len_meter":167.87244403672486,"segment_cum_len":5756.0228554617925,"stop_segment_distance":14.82057191402967}
{"route_id":"237","stop_id":"686","stop_lat":34.168806,"stop_lon":-118.387573,"stop_sequence":33,"segment_first_lat":34.1687023594,"segment_first_lon":-118.3865640031,"segment_second_lat":34.1687062765,"segment_second_lon":-118.3875723247,"segment_sequence":320005,"segment_id":16,"segment_len_meter":92.76790925516336,"segment_cum_len":12403.68455140432,"stop_segment_distance":11.862583448839175}
{"route_id":"251","stop_id":"9957","stop_lat":33.973986,"stop_lon":-118.224485,"stop_sequence":39,"segment_first_lat":33.9742096798,"segment_first_lon":-118.2252108098,"segment_second_lat":33.9741313882,"segment_second_lon":-118.2244615744,"segment_sequence":380006,"segment_id":19,"segment_len_meter":69.63540943461308,"segment_cum_len":14608.760746239448,"stop_segment_distance":18.07575954051903}
{"route_id":"256","stop_id":"10274","stop_lat":34.16914,"stop_lon":-118.12481,"stop_sequence":108,"segment_first_lat":34.1690411912,"segment_first_lon":-118.1248099501,"segment_second_lat":34.1690323426,"segment_second_lon":-118.1256595542,"segment_sequence":1080001,"segment_id":54,"segment_len_meter":78.17055676961206,"segment_cum_len":33399.628885230435,"stop_segment_distance":11.887631955075804}
{"route_id":"258","stop_id":"7630","stop_lat":34.04413,"stop_lon":-118.165008,"stop_sequence":38,"segment_first_lat":34.0442125155,"segment_first_lon":-118.1670214576,"segment_second_lat":34.044227924,"segment_second_lon":-118.1650078936,"segment_sequence":370002,"segment_id":19,"segment_len_meter":185.53116486599998,"segment_cum_len":15086.765980619337,"stop_segment_distance":11.097810636803302}
{"route_id":"260","stop_id":"8756","stop_lat":33.973573,"stop_lon":-118.187811,"stop_sequence":68,"segment_first_lat":33.9735529633,"segment_first_lon":-118.1876155939,"segment_second_lat":33.9722567718,"segment_second_lon":-118.187811238,"segment_sequence":680001,"segment_id":34,"segment_len_meter":145.25466205502295,"segment_cum_len":27193.118783885777,"stop_segment_distance":19.259526377120096}
{"route_id":"267","stop_id":"11468","stop_lat":34.170086,"stop_lon":-118.159405,"stop_sequence":67,"segment_first_lat":34.1700832725,"segment_first_lon":-118.1595583264,"segment_second_lat":34.1707674757,"segment_second_lon":-118.1595715346,"segment_sequence":670001,"segment_id":34,"segment_len_meter":76.08962816126129,"segment_cum_len":22380.376107985197,"stop_segment_distance":15.329619735135111}
{"route_id":"268","stop_id":"8211","stop_lat":34.182899,"stop_lon":-118.159869,"stop_sequence":93,"segment_first_lat":34.1829486613,"segment_first_lon":-118.1596774647,"segment_second_lat":34.1830345296,"segment_second_lon":-118.1599914119,"segment_sequence":820004,"segment_id":41,"segment_len_meter":30.4161703639346,"segment_cum_len":30622.200049506697,"stop_segment_distance":6.859749038232518}
{"route_id":"28","stop_id":"10304","stop_lat":34.112108,"stop_lon":-118.236957,"stop_sequence":24,"segment_first_lat":34.1131201018,"segment_first_lon":-118.2365499771,"segment_second_lat":34.1120817209,"segment_second_lon":-118.2368096801,"segment_sequence":230004,"segment_id":12,"segment_len_meter":117.91211506787546,"segment_cum_len":7036.962381249276,"stop_segment_distance":14.57671215830048}
{"route_id":"28","stop_id":"9504","stop_lat":34.09499,"stop_lon":-118.227716,"stop_sequence":32,"segment_first_lat":34.0952562463,"segment_first_lon":-118.2279347818,"segment_second_lat":34.0950674656,"segment_second_lon":-118.2276442651,"segment_sequence":310005,"segment_id":16,"segment_len_meter":34.00392128249834,"segment_cum_len":9324.34415480754,"stop_segment_distance":12.660507746109076}
{"route_id":"344","stop_id":"2383","stop_lat":33.848875,"stop_lon":-118.353576,"stop_sequence":30,"segment_first_lat":33.8488741411,"segment_first_lon":-118.3537306974,"segment_second_lat":33.8514845596,"segment_second_lon":-118.3537387437,"segment_sequence":300001,"segment_id":15,"segment_len_meter":290.2662446900386,"segment_cum_len":16932.61677620981,"stop_segment_distance":14.578867944634624}
{"route_id":"40","stop_id":"11139","stop_lat":33.930669,"stop_lon":-118.352745,"stop_sequence":66,"segment_first_lat":33.9306698215,"segment_first_lon":-118.3525939094,"segment_second_lat":33.9300543028,"segment_second_lon":-118.3525936267,"segment_sequence":660001,"segment_id":33,"segment_len_meter":68.44256166391176,"segment_cum_len":25172.0187957682,"stop_segment_distance":15.26073301650797}
{"route_id":"51","stop_id":"230","stop_lat":33.940288,"stop_lon":-118.265315,"stop_sequence":66,"segment_first_lat":33.9410278482,"segment_first_lon":-118.2651593354,"segment_second_lat":33.9402886694,"segment_second_lon":-118.2651626006,"segment_sequence":650002,"segment_id":33,"segment_len_meter":82.19348436614425,"segment_cum_len":17203.59234758583,"stop_segment_distance":15.376723100282533}
{"route_id":"550","stop_id":"17556","stop_lat":33.732397,"stop_lon":-118.301338,"stop_sequence":7,"segment_first_lat":33.7324700239,"segment_first_lon":-118.3017260042,"segment_second_lat":33.7324690731,"segment_second_lon":-118.3013379304,"segment_sequence":60004,"segment_id":3,"segment_len_meter":35.88693098300736,"segment_cum_len":1600.9714554890554,"stop_segment_distance":8.914900808591312}
{"route_id":"602","stop_id":"6392","stop_lat":34.04244,"stop_lon":-118.553777,"stop_sequence":2,"segment_first_lat":34.0424776304,"segment_first_lon":-118.5539342499,"segment_second_lat":34.0426510231,"segment_second_lon":-118.5538743301,"segment_sequence":20001,"segment_id":1,"segment_len_meter":20.055273170030446,"segment_cum_len":346.34941264917734,"stop_segment_distance":20.145633203476798}
{"route_id":"611","stop_id":"8255","stop_lat":33.976648,"stop_lon":-118.176811,"stop_sequence":71,"segment_first_lat":33.9766363326,"segment_first_lon":-118.1766925567,"segment_second_lat":33.9751172755,"segment_second_lon":-118.1769103344,"segment_sequence":710001,"segment_id":36,"segment_len_meter":170.10097482254145,"segment_cum_len":21402.66936025061,"stop_segment_distance":11.352563626191966}
{"route_id":"62","stop_id":"4079","stop_lat":33.925684,"stop_lon":-118.072788,"stop_sequence":50,"segment_first_lat":33.9256842427,"segment_first_lon":-118.0726378367,"segment_second_lat":33.9251319306,"segment_second_lon":-118.0726324135,"segment_sequence":500001,"segment_id":25,"segment_len_meter":61.416341821336765,"segment_cum_len":26705.72601033721,"stop_segment_distance":15.482005813877215}
{"route_id":"62","stop_id":"4379","stop_lat":33.872785,"stop_lon":-118.082414,"stop_sequence":66,"segment_first_lat":33.8727850526,"segment_first_lon":-118.0822638438,"segment_second_lat":33.8720926047,"segment_second_lon":-118.0822582231,"segment_sequence":660001,"segment_id":33,"segment_len_meter":76.9984420575803,"segment_cum_len":32909.34486086225,"stop_segment_distance":15.186946683470012}
{"route_id":"70","stop_id":"1457","stop_lat":34.062601,"stop_lon":-118.051538,"stop_sequence":68,"segment_first_lat":34.0627271202,"segment_first_lon":-118.0528756368,"segment_second_lat":34.0627276982,"segment_second_lon":-118.0515384482,"segment_sequence":670004,"segment_id":34,"segment_len_meter":123.17734141809275,"segment_cum_len":23265.908604547985,"stop_segment_distance":14.925106406605167}
{"route_id":"720","stop_id":"16637","stop_lat":34.034682,"stop_lon":-118.216033,"stop_sequence":8,"segment_first_lat":34.0343722617,"segment_first_lon":-118.2156689861,"segment_second_lat":34.0345679552,"segment_second_lon":-118.2161045092,"segment_sequence":70023,"segment_id":4,"segment_len_meter":45.65199207528741,"segment_cum_len":6242.921733405112,"stop_segment_distance":16.715310191862763}
{"route_id":"734","stop_id":"9045","stop_lat":34.274718,"stop_lon":-118.449514,"stop_sequence":4,"segment_first_lat":34.2747994876,"segment_first_lon":-118.4491599945,"segment_second_lat":34.2746199444,"segment_second_lon":-118.449410597,"segment_sequence":30015,"segment_id":2,"segment_len_meter":30.476295552027572,"segment_cum_len":3072.970234568056,"stop_segment_distance":17.752337809906393}
{"route_id":"754","stop_id":"14072","stop_lat":34.032495,"stop_lon":-118.291685,"stop_sequence":13,"segment_first_lat":34.0324954908,"segment_first_lon":-118.2915338266,"segment_second_lat":34.0315831995,"segment_second_lon":-118.2915332889,"segment_sequence":130001,"segment_id":7,"segment_len_meter":101.44217628345342,"segment_cum_len":8526.792374583025,"stop_segment_distance":14.835386228980099}
{"route_id":"757","stop_id":"14156","stop_lat":34.003363,"stop_lon":-118.309057,"stop_sequence":17,"segment_first_lat":34.0033633468,"segment_first_lon":-118.3089098189,"segment_second_lat":34.0028110259,"segment_second_lon":-118.3089097604,"segment_sequence":170001,"segment_id":9,"segment_len_meter":61.41528219638596,"segment_cum_len":12639.371046751787,"stop_segment_distance":15.011628619066059}
{"route_id":"76","stop_id":"14694","stop_lat":34.057309,"stop_lon":-118.240496,"stop_sequence":59,"segment_first_lat":34.0572652513,"segment_first_lon":-118.2404241639,"segment_second_lat":34.0571545924,"segment_second_lon":-118.2405219001,"segment_sequence":590001,"segment_id":30,"segment_len_meter":15.247057453557144,"segment_cum_len":22014.810245720655,"stop_segment_distance":10.300618464205812}
{"route_id":"78","stop_id":"2852","stop_lat":34.104298,"stop_lon":-118.07142,"stop_sequence":70,"segment_first_lat":34.1043118521,"segment_first_lon":-118.0716847439,"segment_second_lat":34.1044029158,"segment_second_lon":-118.0715001649,"segment_sequence":690004,"segment_id":35,"segment_len_meter":19.78239820905041,"segment_cum_len":22082.579336966737,"stop_segment_distance":18.446477762929046}
{"route_id":"83","stop_id":"16867","stop_lat":34.122379,"stop_lon":-118.212252,"stop_sequence":5,"segment_first_lat":34.1227204095,"segment_first_lon":-118.2133395599,"segment_second_lat":34.1225036592,"segment_second_lon":-118.2122146321,"segment_sequence":40006,"segment_id":2,"segment_len_meter":106.31911137590257,"segment_cum_len":965.0409230965216,"stop_segment_distance":15.030612141109486}
{"route_id":"94","stop_id":"14210","stop_lat":34.251228,"stop_lon":-118.406543,"stop_sequence":16,"segment_first_lat":34.251989422,"segment_first_lon":-118.4071425549,"segment_second_lat":34.2513097993,"segment_second_lon":-118.4064271026,"segment_sequence":150003,"segment_id":8,"segment_len_meter":100.17485190941278,"segment_cum_len":6420.484605291767,"stop_segment_distance":14.852170474441934}
