{"route_id":"102","stop_id":"13322","stop_lat":33.978546,"stop_lon":-118.256574,"stop_sequence":75,"segment_first_lat":33.9792226628,"segment_first_lon":-118.2564273226,"segment_second_lat":33.9785466998,"segment_second_lon":-118.2564226139,"segment_sequence":740005,"segment_id":37,"segment_len_meter":75.1649101912181,"segment_cum_len":24756.368245085134,"stop_segment_distance":15.241681958488357}
{"route_id":"120","stop_id":"140798","stop_lat":33.931103,"stop_lon":-118.300101,"stop_sequence":89,"segment_first_lat":33.9309766139,"segment_first_lon":-118.2990520327,"segment_second_lat":33.9309740097,"segment_second_lon":-118.3001003179,"segment_sequence":880006,"segment_id":44,"segment_len_meter":96.7148205768309,"segment_cum_len":38287.41934482505,"stop_segment_distance":15.420693102804108}
{"route_id":"14","stop_id":"140909","stop_lat":34.076214,"stop_lon":-118.369843,"stop_sequence":72,"segment_first_lat":34.0760903898,"segment_first_lon":-118.3689609745,"segment_second_lat":34.0760876935,"segment_second_lon":-118.3698426634,"segment_sequence":710005,"segment_id":36,"segment_len_meter":81.20596704807622,"segment_cum_len":26324.576730500714,"stop_segment_distance":15.229640583383343}
{"route_id":"150","stop_id":"7043","stop_lat":34.148525,"stop_lon":-118.434983,"stop_sequence":55,"segment_first_lat":34.1487401872,"segment_first_lon":-118.4354999111,"segment_second_lat":34.1486525659,"segment_second_lon":-118.4349554307,"segment_sequence":540006,"segment_id":27,"segment_len_meter":51.04326434428314,"segment_cum_len":20095.765889241637,"stop_segment_distance":16.613397757460056}
{"route_id":"158","stop_id":"9589","stop_lat":34.257395,"stop_lon":-118.544663,"stop_sequence":61,"segment_first_lat":34.2572714893,"segment_first_lon":-118.5434607399,"segment_second_lat":34.2572685634,"segment_second_lon":-118.5446620494,"segment_sequence":600004,"segment_id":30,"segment_len_meter":110.40640264853695,"segment_cum_len":24651.964210850478,"stop_segment_distance":14.996430414817553}
{"route_id":"163","stop_id":"6212","stop_lat":34.200933,"stop_lon":-118.527484,"stop_sequence":27,"segment_first_lat":34.2010935593,"segment_first_lon":-118.5284938133,"segment_second_lat":34.2010600718,"segment_second_lon":-118.5274779556,"segment_sequence":260005,"segment_id":13,"segment_len_meter":93.49853581682905,"segment_cum_len":9613.277036033183,"stop_segment_distance":15.21121208588822}
{"route_id":"163","stop_id":"6226","stop_lat":34.200894,"stop_lon":-118.557566,"stop_sequence":20,"segment_first_lat":34.2010218607,"segment_first_lon":-118.557567096,"segment_second_lat":34.2010377089,"segment_second_lon":-118.5556754724,"segment_sequence":200001,"segment_id":10,"segment_len_meter":173.97405785844583,"segment_cum_len":7000.641687184128,"stop_segment_distance":14.841024604710015}
{"route_id":"165","stop_id":"6853","stop_lat":34.193824,"stop_lon":-118.396631,"stop_sequence":60,"segment_first_lat":34.1939527997,"segment_first_lon":-118.397563917,"segment_second_lat":34.1939511896,"segment_second_lon":-118.3966313597,"segment_sequence":590005,"segment_id":30,"segment_len_meter":85.7709888142318,"segment_cum_len":23205.020349795985,"stop_segment_distance":15.362886642212217}
{"route_id":"167","stop_id":"20015","stop_lat":34.238851,"stop_lon":-118.523052,"stop_sequence":25,"segment_first_lat":34.2381227805,"segment_first_lon":-118.5231696503,"segment_second_lat":34.2388453291,"segment_second_lon":-118.5232046187,"segment_sequence":240007,"segment_id":12,"segment_len_meter":80.4080169088094,"segment_cum_len":10097.537806770755,"stop_segment_distance":15.328940054576947}
{"route_id":"176","stop_id":"4632","stop_lat":34.051736,"stop_lon":-118.051466,"stop_sequence":24,"segment_first_lat":34.051834662,"segment_first_lon":-118.0527267983,"segment_second_lat":34.051835206,"segment_second_lon":-118.0514657131,"segment_sequence":230005,"segment_id":12,"segment_len_meter":116.1818799340677,"segment_cum_len":8653.600291868423,"stop_segment_distance":11.521789625679446}
{"route_id":"2","stop_id":"8006","stop_lat":34.090297,"stop_lon":-118.392358,"stop_sequence":25,"segment_first_lat":34.0901888248,"segment_first_lon":-118.3927967915,"segment_second_lat":34.0903959865,"segment_second_lon":-118.3924674827,"segment_sequence":240009,"segment_id":12,"segment_len_meter":38.08187302084483,"segment_cum_len":7846.5589427938585,"stop_segment_distance":19.00364785919532}
{"route_id":"2","stop_id":"8016","stop_lat":34.097884,"stop_lon":-118.328905,"stop_sequence":45,"segment_first_lat":34.0980088454,"segment_first_lon":-118.3295194161,"segment_second_lat":34.0980105194,"segment_second_lon":-118.3289050439,"segment_sequence":440004,"segment_id":22,"segment_len_meter":56.570637799821874,"segment_cum_len":13943.683885501283,"stop_segment_distance":15.750397780451372}
{"route_id":"200","stop_id":"4655","stop_lat":34.050094,"stop_lon":-118.280707,"stop_sequence":21,"segment_first_lat":34.0495457173,"segment_first_lon":-118.2812367309,"segment_second_lat":34.0501541964,"segment_second_lon":-118.2808393289,"segment_sequence":200003,"segment_id":10,"segment_len_meter":76.93082263607525,"segment_cum_len":4959.90233013328,"stop_segment_distance":15.071869902214857}
{"route_id":"201","stop_id":"14636","stop_lat":34.086895,"stop_lon":-118.270232,"stop_sequence":43,"segment_first_lat":34.0868432893,"segment_first_lon":-118.2700967649,"segment_second_lat":34.086725043,"segment_second_lon":-118.270136015,"segment_sequence":430002,"segment_id":22,"segment_len_meter":13.636171515997537,"segment_cum_len":12199.364249024795,"stop_segment_distance":20.94438482642081}
{"route_id":"202","stop_id":"16919","stop_lat":33.876197,"stop_lon":-118.224944,"stop_sequence":22,"segment_first_lat":33.8754913881,"segment_first_lon":-118.2248171605,"segment_second_lat":33.8764750084,"segment_second_lon":-118.224872508,"segment_sequence":200002,"segment_id":10,"segment_len_meter":109.49287608593357,"segment_cum_len":8380.538234512296,"stop_segment_distance":1.4464161498538886}
{"route_id":"202","stop_id":"9542","stop_lat":33.846902,"stop_lon":-118.211502,"stop_sequence":36,"segment_first_lat":33.8469433302,"segment_first_lon":-118.211653405,"segment_second_lat":33.8469362479,"segment_second_lon":-118.2109914514,"segment_sequence":360002,"segment_id":18,"segment_len_meter":61.13685086090959,"segment_cum_len":14734.94848386272,"stop_segment_distance":0.8843756593951042}
{"route_id":"212","stop_id":"12140","stop_lat":33.979096,"stop_lon":-118.358022,"stop_sequence":49,"segment_first_lat":33.9791226878,"segment_first_lon":-118.3578745333,"segment_second_lat":33.978357723,"segment_second_lon":-118.3576753395,"segment_sequence":490001,"segment_id":25,"segment_len_meter":87.02065022764957,"segment_cum_len":16705.17444067546,"stop_segment_distance":14.993208078301734}
{"route_id":"222","stop_id":"9139","stop_lat":34.12696,"stop_lon":-118.344559,"stop_sequence":16,"segment_first_lat":34.1269233106,"segment_first_lon":-118.3446380186,"segment_second_lat":34.1270390532,"segment_second_lon":-118.3447144938,"segment_sequence":160001,"segment_id":8,"segment_len_meter":14.669297382782888,"segment_cum_len":5473.599944600369,"stop_segment_distance":10.466653107626753}
{"route_id":"237","stop_id":"12654","stop_lat":34.179303,"stop_lon":-118.453232,"stop_sequence":52,"segment_first_lat":34.179411763,"segment_first_lon":-118.4550250676,"segment_second_lat":34.1794033786,"segment_second_lon":-118.4532329826,"segment_sequence":510002,"segment_id":26,"segment_len_meter":164.8558561686971,"segment_cum_len":20410.81615685231,"stop_segment_distance":11.69258390392838}
{"route_id":"243","stop_id":"14825","stop_lat":34.266548,"stop_lon":-118.555016,"stop_sequence":68,"segment_first_lat":34.266547532,"segment_first_lon":-118.5551667288,"segment_second_lat":34.267055918,"segment_second_lon":-118.5551618363,"segment_sequence":680001,"segment_id":34,"segment_len_meter":56.53173179280806,"segment_cum_len":29659.31922079173,"stop_segment_distance":15.365654518274255}
{"route_id":"251","stop_id":"14714","stop_lat":33.963653,"stop_lon":-118.210975,"stop_sequence":45,"segment_first_lat":33.9643490329,"segment_first_lon":-118.2107496923,"segment_second_lat":33.9636388027,"segment_second_lon":-118.2108557432,"segment_sequence":440005,"segment_id":22,"segment_len_meter":79.57731147325387,"segment_cum_len":16999.58031486747,"stop_segment_distance":11.669860886733204}
{"route_id":"256","stop_id":"10660","stop_lat":34.154124,"stop_lon":-118.112994,"stop_sequence":100,"segment_first_lat":34.1535411939,"segment_first_lon":-118.1131587861,"segment_second_lat":34.1541237419,"segment_second_lon":-118.1131595749,"segment_sequence":990007,"segment_id":50,"segment_len_meter":64.77642279305013,"segment_cum_len":30584.611366070043,"stop_segment_distance":17.014739934106785}
{"route_id":"256","stop_id":"3676","stop_lat":34.173475,"stop_lon":-118.131895,"stop_sequence":113,"segment_first_lat":34.1733039639,"segment_first_lon":-118.1320566188,"segment_second_lat":34.1734823103,"segment_second_lon":-118.1320479743,"segment_sequence":1120005,"segment_id":56,"segment_len_meter":19.847154029039494,"segment_cum_len":34508.19280223172,"stop_segment_distance":18.38984900382829}
{"route_id":"33","stop_id":"8123","stop_lat":34.043472,"stop_lon":-118.304458,"stop_sequence":56,"segment_first_lat":34.0435931566,"segment_first_lon":-118.3052741178,"segment_second_lat":34.0435974134,"segment_second_lon":-118.304458796,"segment_sequence":550003,"segment_id":28,"segment_len_meter":75.12314993027717,"segment_cum_len":18258.59681312454,"stop_segment_distance":15.21472694245405}
{"route_id":"51","stop_id":"285","stop_lat":33.960307,"stop_lon":-118.265263,"stop_sequence":55,"segment_first_lat":33.9610515345,"segment_first_lon":-118.2651204982,"segment_second_lat":33.9603096429,"segment_second_lon":-118.2651072675,"segment_sequence":540005,"segment_id":27,"segment_len_meter":82.50360619639162,"segment_cum_len":14977.336294767181,"stop_segment_distance":15.687422290016784}
{"route_id":"55","stop_id":"5279","stop_lat":34.036145,"stop_lon":-118.260335,"stop_sequence":55,"segment_first_lat":34.0357174559,"segment_first_lon":-118.2608648737,"segment_second_lat":34.0362154104,"segment_second_lon":-118.2604640748,"segment_sequence":540005,"segment_id":27,"segment_len_meter":66.55677269418881,"segment_cum_len":16507.535678489872,"stop_segment_distance":15.829852182441982}
{"route_id":"60","stop_id":"12221","stop_lat":33.898062,"stop_lon":-118.20824,"stop_sequence":66,"segment_first_lat":33.8980676787,"segment_first_lon":-118.2080902042,"segment_second_lat":33.8960369524,"segment_second_lon":-118.2079747755,"segment_sequence":660001,"segment_id":33,"segment_len_meter":226.05764411556797,"segment_cum_len":21224.8020341053,"stop_segment_distance":14.283915675365222}
{"route_id":"720","stop_id":"16704","stop_lat":34.067136,"stop_lon":-118.428689,"stop_sequence":28,"segment_first_lat":34.0676132566,"segment_first_lon":-118.427291613,"segment_second_lat":34.0670235425,"segment_second_lon":-118.428614974,"segment_sequence":270020,"segment_id":14,"segment_len_meter":138.41501904078103,"segment_cum_len":27711.72892776524,"stop_segment_distance":15.05422324656547}
{"route_id":"744","stop_id":"15137","stop_lat":34.280774,"stop_lon":-118.402175,"stop_sequence":23,"segment_first_lat":34.2806789557,"segment_first_lon":-118.402076689,"segment_second_lat":34.2784749508,"segment_second_lon":-118.405103567,"segment_sequence":230001,"segment_id":12,"segment_len_meter":370.68412489421905,"segment_cum_len":22799.25785899668,"stop_segment_distance":14.373114927761833}
{"route_id":"757","stop_id":"65300063","stop_lat":34.097697,"stop_lon":-118.309383,"stop_sequence":3,"segment_first_lat":34.0976970035,"segment_first_lon":-118.3092315501,"segment_second_lat":34.096867163,"segment_second_lon":-118.3092241874,"segment_sequence":30001,"segment_id":2,"segment_len_meter":92.27654399021215,"segment_cum_len":2180.5141502812216,"stop_segment_distance":15.093966253905805}
{"route_id":"757","stop_id":"65300068","stop_lat":34.05242,"stop_lon":-118.309202,"stop_sequence":9,"segment_first_lat":34.0524207125,"segment_first_lon":-118.3090493517,"segment_second_lat":34.051722766,"segment_second_lon":-118.3090441325,"segment_sequence":90001,"segment_id":5,"segment_len_meter":77.60959940923973,"segment_cum_len":7200.535702119612,"stop_segment_distance":15.335068399644513}
{"route_id":"770","stop_id":"5382","stop_lat":34.04677,"stop_lon":-118.255261,"stop_sequence":5,"segment_first_lat":34.0468608014,"segment_first_lon":-118.2553768998,"segment_second_lat":34.0480697058,"segment_second_lon":-118.2541492671,"segment_sequence":50002,"segment_id":3,"segment_len_meter":175.67793146947255,"segment_cum_len":2295.0910944512852,"stop_segment_distance":16.155295660222123}
{"route_id":"78","stop_id":"2568","stop_lat":34.087343,"stop_lon":-118.174899,"stop_sequence":33,"segment_first_lat":34.0866805752,"segment_first_lon":-118.1768226703,"segment_second_lat":34.0874565246,"segment_second_lon":-118.1749688642,"segment_sequence":320004,"segment_id":16,"segment_len_meter":191.28232392126142,"segment_cum_len":11826.04545571841,"stop_segment_distance":14.74044245237343}
{"route_id":"794","stop_id":"6617","stop_lat":34.283489,"stop_lon":-118.440795,"stop_sequence":36,"segment_first_lat":34.2828448515,"segment_first_lon":-118.4403114543,"segment_second_lat":34.283407089,"segment_second_lon":-118.4409106361,"segment_sequence":350038,"segment_id":18,"segment_len_meter":83.30108181329686,"segment_cum_len":39217.59022439067,"stop_segment_distance":14.978075524932578}
{"route_id":"81","stop_id":"13423","stop_lat":34.042434,"stop_lon":-118.266586,"stop_sequence":55,"segment_first_lat":34.0436960124,"segment_first_lon":-118.2652239095,"segment_second_lat":34.0423591821,"segment_second_lon":-118.2664684058,"segment_sequence":540006,"segment_id":27,"segment_len_meter":187.73550159531828,"segment_cum_len":18586.32459201376,"stop_segment_distance":14.187193766987491}
{"route_id":"83","stop_id":"680","stop_lat":34.058181,"stop_lon":-118.239699,"stop_sequence":46,"segment_first_lat":34.0582585287,"segment_first_lon":-118.2394949954,"segment_second_lat":34.0580741147,"segment_second_lon":-118.2396496392,"segment_sequence":460003,"segment_id":23,"segment_len_meter":24.968810120769753,"segment_cum_len":13157.480842072971,"stop_segment_distance":8.432618220746484}
