{"route_id":"10","stop_id":"12425","stop_lat":34.07032,"stop_lon":-118.267755,"stop_sequence":22,"segment_first_lat":34.0701998344,"segment_first_lon":-118.2678121877,"segment_second_lat":34.0702727289,"segment_second_lon":-118.2680257309,"segment_sequence":220001,"segment_id":11,"segment_len_meter":21.27379039609993,"segment_cum_len":6560.564537592707,"stop_segment_distance":18.573356454446344}
{"route_id":"102","stop_id":"13343","stop_lat":33.981723,"stop_lon":-118.256593,"stop_sequence":74,"segment_first_lat":33.9819979812,"segment_first_lon":-118.2564358215,"segment_second_lat":33.9817231922,"segment_second_lon":-118.256437289,"segment_sequence":730010,"segment_id":37,"segment_len_meter":30.555442299204984,"segment_cum_len":24403.153820724314,"stop_segment_distance":17.639064404991252}
{"route_id":"106","stop_id":"17314","stop_lat":34.054496,"stop_lon":-118.212192,"stop_sequence":30,"segment_first_lat":34.0545289404,"segment_first_lon":-118.2122660472,"segment_second_lat":34.0548695047,"segment_second_lon":-118.2120506697,"segment_sequence":300001,"segment_id":15,"segment_len_meter":42.75227672930594,"segment_cum_len":10810.326171917692,"stop_segment_distance":8.51541019151756}
{"route_id":"117","stop_id":"182","stop_lat":33.939083,"stop_lon":-118.181964,"stop_sequence":61,"segment_first_lat":33.9394292211,"segment_first_lon":-118.1817802439,"segment_second_lat":33.9390714027,"segment_second_lon":-118.1818127656,"segment_sequence":600006,"segment_id":30,"segment_len_meter":39.900542155344134,"segment_cum_len":22116.358054060704,"stop_segment_distance":16.175327167573613}
{"route_id":"14","stop_id":"7463","stop_lat":34.032661,"stop_lon":-118.286632,"stop_sequence":26,"segment_first_lat":34.0327782611,"segment_first_lon":-118.2870553288,"segment_second_lat":34.0327677332,"segment_second_lon":-118.2866288639,"segment_sequence":250006,"segment_id":13,"segment_len_meter":39.31582754413902,"segment_cum_len":8733.951551843447,"stop_segment_distance":13.68673317659647}
{"route_id":"150","stop_id":"20259","stop_lat":34.14781,"stop_lon":-118.43066,"stop_sequence":56,"segment_first_lat":34.1479346489,"segment_first_lon":-118.4306266435,"segment_second_lat":34.1477610674,"segment_second_lon":-118.429598527,"segment_sequence":560001,"segment_id":28,"segment_len_meter":96.56014722772673,"segment_cum_len":20598.597451399768,"stop_segment_distance":15.4685181770094}
{"route_id":"163","stop_id":"6229","stop_lat":34.200897,"stop_lon":-118.605577,"stop_sequence":8,"segment_first_lat":34.2010235266,"segment_first_lon":-118.6055780669,"segment_second_lat":34.2010257276,"segment_second_lon":-118.6051382215,"segment_sequence":80001,"segment_id":4,"segment_len_meter":40.45158268531585,"segment_cum_len":2442.789051033743,"stop_segment_distance":16.434125082547048}
{"route_id":"167","stop_id":"9104","stop_lat":34.172013,"stop_lon":-118.42201,"stop_sequence":82,"segment_first_lat":34.1721435434,"segment_first_lon":-118.4224638076,"segment_second_lat":34.1721423769,"segment_second_lon":-118.4220108724,"segment_sequence":810005,"segment_id":41,"segment_len_meter":41.6691263460703,"segment_cum_len":32909.59450035817,"stop_segment_distance":16.917880499097137}
{"route_id":"2","stop_id":"8029","stop_lat":34.08055,"stop_lon":-118.270575,"stop_sequence":65,"segment_first_lat":34.0806243119,"segment_first_lon":-118.2704600924,"segment_second_lat":34.0805171007,"segment_second_lon":-118.2703570406,"segment_sequence":650001,"segment_id":33,"segment_len_meter":15.237894037413868,"segment_cum_len":20343.412881318593,"stop_segment_distance":18.592729804469315}
{"route_id":"20","stop_id":"16739","stop_lat":34.062752,"stop_lon":-118.358056,"stop_sequence":40,"segment_first_lat":34.0626063153,"segment_first_lon":-118.3580791339,"segment_second_lat":34.0627375005,"segment_second_lon":-118.359244543,"segment_sequence":400001,"segment_id":20,"segment_len_meter":108.34015519703354,"segment_cum_len":11523.51768997766,"stop_segment_distance":17.495249148278972}
{"route_id":"201","stop_id":"14638","stop_lat":34.078646,"stop_lon":-118.278845,"stop_sequence":46,"segment_first_lat":34.0796170873,"segment_first_lon":-118.2770645667,"segment_second_lat":34.0785667647,"segment_second_lon":-118.2787736801,"segment_sequence":450004,"segment_id":23,"segment_len_meter":196.00284337661336,"segment_cum_len":13451.201702487951,"stop_segment_distance":11.322532548835852}
{"route_id":"211","stop_id":"8739","stop_lat":33.872957,"stop_lon":-118.348697,"stop_sequence":60,"segment_first_lat":33.8728312674,"segment_first_lon":-118.3486963752,"segment_second_lat":33.8728283153,"segment_second_lon":-118.3523562666,"segment_sequence":600001,"segment_id":30,"segment_len_meter":337.89068270953305,"segment_cum_len":22136.938525234204,"stop_segment_distance":14.225753638938613}
{"route_id":"230","stop_id":"11406","stop_lat":34.277262,"stop_lon":-118.451947,"stop_sequence":10,"segment_first_lat":34.2773282317,"segment_first_lon":-118.4518578684,"segment_second_lat":34.2768030059,"segment_second_lon":-118.4512959306,"segment_sequence":100001,"segment_id":5,"segment_len_meter":77.9536051492776,"segment_cum_len":2756.2578100304772,"stop_segment_distance":11.696008152023012}
{"route_id":"230","stop_id":"2907","stop_lat":34.165037,"stop_lon":-118.39662,"stop_sequence":44,"segment_first_lat":34.1667137923,"segment_first_lon":-118.3964690015,"segment_second_lat":34.165037585,"segment_second_lon":-118.3964669981,"segment_sequence":430002,"segment_id":22,"segment_len_meter":186.38583890477236,"segment_cum_len":17072.320873463967,"stop_segment_distance":14.658943959661286}
{"route_id":"236","stop_id":"333","stop_lat":34.250096,"stop_lon":-118.502258,"stop_sequence":24,"segment_first_lat":34.2491391233,"segment_first_lon":-118.5024177328,"segment_second_lat":34.2500981772,"segment_second_lon":-118.5024092763,"segment_sequence":230004,"segment_id":12,"segment_len_meter":106.64476056926108,"segment_cum_len":10011.083315390875,"stop_segment_distance":14.669496058921936}
{"route_id":"252","stop_id":"11473","stop_lat":34.078808,"stop_lon":-118.202964,"stop_sequence":27,"segment_first_lat":34.0802161981,"segment_first_lon":-118.2028847295,"segment_second_lat":34.0788110039,"segment_second_lon":-118.2028453254,"segment_sequence":260001,"segment_id":13,"segment_len_meter":156.2926042937266,"segment_cum_len":10170.262032024302,"stop_segment_distance":11.396916833579752}
{"route_id":"260","stop_id":"9810","stop_lat":34.032937,"stop_lon":-118.153275,"stop_sequence":51,"segment_first_lat":34.0328556142,"segment_first_lon":-118.1531246992,"segment_second_lat":34.032673253,"segment_second_lon":-118.1532649676,"segment_sequence":510001,"segment_id":26,"segment_len_meter":24.046920138220063,"segment_cum_len":19160.499904669217,"stop_segment_distance":21.83950594337556}
{"route_id":"266","stop_id":"17024","stop_lat":33.875045,"stop_lon":-118.142405,"stop_sequence":9,"segment_first_lat":33.8750422052,"segment_first_lon":-118.1425562459,"segment_second_lat":33.8758393279,"segment_second_lon":-118.1425747319,"segment_sequence":90001,"segment_id":5,"segment_len_meter":88.65242852639784,"segment_cum_len":5119.881477000034,"stop_segment_distance":15.018496104341438}
{"route_id":"268","stop_id":"10265","stop_lat":34.169191,"stop_lon":-118.118519,"stop_sequence":65,"segment_first_lat":34.1690979386,"segment_first_lon":-118.1178213484,"segment_second_lat":34.1690906621,"segment_second_lon":-118.1185188844,"segment_sequence":640004,"segment_id":32,"segment_len_meter":64.1790149454352,"segment_cum_len":25338.23810976337,"stop_segment_distance":11.99137509748246}
{"route_id":"268","stop_id":"11556","stop_lat":34.0912,"stop_lon":-118.046245,"stop_sequence":17,"segment_first_lat":34.0911511275,"segment_first_lon":-118.0459015319,"segment_second_lat":34.0911007177,"segment_second_lon":-118.0462265018,"segment_sequence":160004,"segment_id":8,"segment_len_meter":30.44554508574697,"segment_cum_len":5388.17543211223,"stop_segment_distance":12.816760178108723}
{"route_id":"268","stop_id":"15020","stop_lat":34.078229,"stop_lon":-118.03326,"stop_sequence":7,"segment_first_lat":34.0773993017,"segment_first_lon":-118.0338274538,"segment_second_lat":34.0782751646,"segment_second_lon":-118.033401149,"segment_sequence":60006,"segment_id":3,"segment_len_meter":105.00795695860066,"segment_cum_len":1841.5414726711033,"stop_segment_distance":15.001482411621083}
{"route_id":"4","stop_id":"14418","stop_lat":34.086698,"stop_lon":-118.381842,"stop_sequence":63,"segment_first_lat":34.0866008913,"segment_first_lon":-118.3817447365,"segment_second_lat":34.0858074786,"segment_second_lon":-118.3829046335,"segment_sequence":630001,"segment_id":32,"segment_len_meter":138.53910151254982,"segment_cum_len":19175.18467591818,"stop_segment_distance":14.708322397880579}
{"route_id":"487","stop_id":"5463","stop_lat":34.142417,"stop_lon":-118.094461,"stop_sequence":34,"segment_first_lat":34.1424172611,"segment_first_lon":-118.0946134277,"segment_second_lat":34.1429338655,"segment_second_lon":-118.0946074028,"segment_sequence":340001,"segment_id":17,"segment_len_meter":57.44646427532822,"segment_cum_len":23940.965038687656,"stop_segment_distance":15.612465513568317}
{"route_id":"55","stop_id":"807","stop_lat":33.979884,"stop_lon":-118.247533,"stop_sequence":27,"segment_first_lat":33.9792161921,"segment_first_lon":-118.2476864944,"segment_second_lat":33.9798839173,"segment_second_lon":-118.2476884694,"segment_sequence":260003,"segment_id":13,"segment_len_meter":74.24787796366171,"segment_cum_len":7699.750840133119,"stop_segment_distance":15.681042641150057}
{"route_id":"603","stop_id":"10740","stop_lat":34.08813,"stop_lon":-118.259648,"stop_sequence":30,"segment_first_lat":34.0881107634,"segment_first_lon":-118.2594951826,"segment_second_lat":34.087907878,"segment_second_lon":-118.2595381488,"segment_sequence":300001,"segment_id":15,"segment_len_meter":22.904179587699883,"segment_cum_len":9202.548538991177,"stop_segment_distance":18.020486224242834}
{"route_id":"665","stop_id":"2144","stop_lat":34.054456,"stop_lon":-118.187685,"stop_sequence":6,"segment_first_lat":34.0543823705,"segment_first_lon":-118.1876010817,"segment_second_lat":34.0542171785,"segment_second_lon":-118.187807047,"segment_sequence":60001,"segment_id":3,"segment_len_meter":26.409130808773394,"segment_cum_len":2570.780888566578,"stop_segment_distance":13.689349678414306}
{"route_id":"68","stop_id":"13523","stop_lat":34.033882,"stop_lon":-118.129985,"stop_sequence":5,"segment_first_lat":34.0335962364,"segment_first_lon":-118.1301033662,"segment_second_lat":34.0338693366,"segment_second_lon":-118.1301377866,"segment_sequence":40004,"segment_id":2,"segment_len_meter":30.532548485162003,"segment_cum_len":4440.303867212584,"stop_segment_distance":17.212021143730375}
{"route_id":"70","stop_id":"2178","stop_lat":34.062497,"stop_lon":-118.099188,"stop_sequence":55,"segment_first_lat":34.0626243222,"segment_first_lon":-118.0991884827,"segment_second_lat":34.0626272278,"segment_second_lon":-118.0983234412,"segment_sequence":550001,"segment_id":28,"segment_len_meter":79.68546943803624,"segment_cum_len":18956.082295224427,"stop_segment_distance":15.418366749602527}
{"route_id":"78","stop_id":"7785","stop_lat":34.091323,"stop_lon":-118.144825,"stop_sequence":44,"segment_first_lat":34.0914450817,"segment_first_lon":-118.144845743,"segment_second_lat":34.0914883727,"segment_second_lon":-118.1444914233,"segment_sequence":440001,"segment_id":22,"segment_len_meter":32.980855529718774,"segment_cum_len":15020.866846859994,"stop_segment_distance":16.528709843929015}
{"route_id":"910","stop_id":"30005","stop_lat":33.869338,"stop_lon":-118.287306,"stop_sequence":21,"segment_first_lat":33.8694761133,"segment_first_lon":-118.2870463773,"segment_second_lat":33.8693101416,"segment_second_lon":-118.287278043,"segment_sequence":200084,"segment_id":10,"segment_len_meter":28.250254460102173,"segment_cum_len":42594.96231950383,"stop_segment_distance":4.249656096372629}
{"route_id":"96","stop_id":"13568","stop_lat":34.045723,"stop_lon":-118.258252,"stop_sequence":51,"segment_first_lat":34.0456461511,"segment_first_lon":-118.2581341802,"segment_second_lat":34.0444233866,"segment_second_lon":-118.2592712299,"segment_sequence":510001,"segment_id":26,"segment_len_meter":171.6445091719506,"segment_cum_len":23884.290052137156,"stop_segment_distance":14.513049055979394}
