{"route_id":"10","stop_id":"11724","stop_lat":34.083601,"stop_lon":-118.330803,"stop_sequence":49,"segment_first_lat":34.0834798707,"segment_first_lon":-118.3298617793,"segment_second_lat":34.083474824,"segment_second_lon":-118.3308029826,"segment_sequence":480003,"segment_id":24,"segment_len_meter":86.68107008310298,"segment_cum_len":13266.0252743956,"stop_segment_distance":15.07005391933977}
{"route_id":"10","stop_id":"16383","stop_lat":34.073936,"stop_lon":-118.277749,"stop_sequence":26,"segment_first_lat":34.0738220185,"segment_first_lon":-118.2778160932,"segment_second_lat":34.0740852484,"segment_second_lon":-118.2784199421,"segment_sequence":260001,"segment_id":13,"segment_len_meter":62.84896030016297,"segment_cum_len":7608.931766286313,"stop_segment_distance":15.237772316679724}
{"route_id":"102","stop_id":"1410","stop_lat":33.974613,"stop_lon":-118.242485,"stop_sequence":80,"segment_first_lat":33.9747464309,"segment_first_lon":-118.2431414902,"segment_second_lat":33.974741988,"segment_second_lon":-118.242481829,"segment_sequence":790010,"segment_id":40,"segment_len_meter":60.830797884565364,"segment_cum_len":26460.37816406433,"stop_segment_distance":15.843089225372502}
{"route_id":"105","stop_id":"16410","stop_lat":34.00385,"stop_lon":-118.30437,"stop_sequence":20,"segment_first_lat":34.0037234638,"segment_first_lon":-118.303436142,"segment_second_lat":34.0037233109,"segment_second_lon":-118.3043698684,"segment_sequence":190005,"segment_id":10,"segment_len_meter":86.07158389665742,"segment_cum_len":7162.114764930406,"stop_segment_distance":15.24154696141602}
{"route_id":"105","stop_id":"2734","stop_lat":34.017796,"stop_lon":-118.346202,"stop_sequence":37,"segment_first_lat":34.017694228,"segment_first_lon":-118.3462972603,"segment_second_lat":34.0190422677,"segment_second_lon":-118.3484211058,"segment_sequence":370001,"segment_id":19,"segment_len_meter":246.54457007814653,"segment_cum_len":12795.860967830304,"stop_segment_distance":14.82870965581867}
{"route_id":"108","stop_id":"6269","stop_lat":33.987717,"stop_lon":-118.192418,"stop_sequence":66,"segment_first_lat":33.9880275666,"segment_first_lon":-118.1942099227,"segment_second_lat":33.9878438907,"segment_second_lon":-118.1923974912,"segment_sequence":650003,"segment_id":33,"segment_len_meter":168.3458193757138,"segment_cum_len":21639.076946175286,"stop_segment_distance":14.672085177443392}
{"route_id":"117","stop_id":"30006","stop_lat":33.950005,"stop_lon":-118.392639,"stop_sequence":1,"segment_first_lat":33.9507951784,"segment_first_lon":-118.3924376032,"segment_second_lat":33.9494320666,"segment_second_lon":-118.3924058284,"segment_sequence":10003,"segment_id":1,"segment_len_meter":151.59945052657912,"segment_cum_len":274.78502957468163,"stop_segment_distance":5.446508132768372}
{"route_id":"117","stop_id":"636","stop_lat":33.945278,"stop_lon":-118.375131,"stop_sequence":7,"segment_first_lat":33.945390626,"segment_first_lon":-118.376947896,"segment_second_lat":33.945403984,"segment_second_lon":-118.3751312542,"segment_sequence":60005,"segment_id":3,"segment_len_meter":167.5808652856982,"segment_cum_len":3406.098814931545,"stop_segment_distance":14.49303509956323}
{"route_id":"120","stop_id":"1712","stop_lat":33.925566,"stop_lon":-118.024929,"stop_sequence":14,"segment_first_lat":33.9254691332,"segment_first_lon":-118.0250289666,"segment_second_lat":33.925843551,"segment_second_lon":-118.0255650579,"segment_sequence":140001,"segment_id":7,"segment_len_meter":64.6520831136322,"segment_cum_len":5048.558724273282,"stop_segment_distance":15.834880678079173}
{"route_id":"125","stop_id":"4298","stop_lat":33.903573,"stop_lon":-118.160457,"stop_sequence":67,"segment_first_lat":33.9036944093,"segment_first_lon":-118.161903733,"segment_second_lat":33.9036988167,"segment_second_lon":-118.1604570433,"segment_sequence":660002,"segment_id":33,"segment_len_meter":133.51466746304774,"segment_cum_len":26441.29520753273,"stop_segment_distance":14.674141856711913}
{"route_id":"150","stop_id":"7010","stop_lat":34.16933,"stop_lon":-118.575029,"stop_sequence":18,"segment_first_lat":34.1691828777,"segment_first_lon":-118.5758646869,"segment_second_lat":34.1694454215,"segment_second_lon":-118.5750892625,"segment_sequence":170007,"segment_id":9,"segment_len_meter":77.08171674608197,"segment_cum_len":6736.298264541565,"stop_segment_distance":15.503827135675735}
{"route_id":"164","stop_id":"7127","stop_lat":34.186788,"stop_lon":-118.418358,"stop_sequence":33,"segment_first_lat":34.1866941787,"segment_first_lon":-118.4183578183,"segment_second_lat":34.1866913167,"segment_second_lon":-118.4191844613,"segment_sequence":330001,"segment_id":17,"segment_len_meter":76.03667577301934,"segment_cum_len":12079.615624365564,"stop_segment_distance":11.171466250299133}
{"route_id":"164","stop_id":"7171","stop_lat":34.185785,"stop_lon":-118.570718,"stop_sequence":68,"segment_first_lat":34.1856634298,"segment_first_lon":-118.5707783222,"segment_second_lat":34.1857184991,"segment_second_lon":-118.5709294801,"segment_sequence":680001,"segment_id":34,"segment_len_meter":15.192610426477614,"segment_cum_len":26066.69234940261,"stop_segment_distance":20.230384518129107}
{"route_id":"175","stop_id":"6604","stop_lat":34.10827,"stop_lon":-118.280179,"stop_sequence":20,"segment_first_lat":34.1083400461,"segment_first_lon":-118.2801791603,"segment_second_lat":34.1083420777,"segment_second_lon":-118.2800139913,"segment_sequence":200001,"segment_id":10,"segment_len_meter":15.208297444881982,"segment_cum_len":5349.840704050905,"stop_segment_distance":9.756862162832583}
{"route_id":"183","stop_id":"3083","stop_lat":34.164775,"stop_lon":-118.422142,"stop_sequence":14,"segment_first_lat":34.164900115,"segment_first_lon":-118.4221428873,"segment_second_lat":34.1649002928,"segment_second_lon":-118.4208304987,"segment_sequence":140001,"segment_id":7,"segment_len_meter":120.7468856057068,"segment_cum_len":5346.141559015662,"stop_segment_distance":14.632465824210655}
{"route_id":"2","stop_id":"2939","stop_lat":34.063623,"stop_lon":-118.445005,"stop_sequence":2,"segment_first_lat":34.063695534,"segment_first_lon":-118.4453355852,"segment_second_lat":34.0636989493,"segment_second_lon":-118.4450054263,"segment_sequence":10004,"segment_id":1,"segment_len_meter":30.41515236858528,"segment_cum_len":158.81204500873713,"stop_segment_distance":9.532164613200695}
{"route_id":"2","stop_id":"7092","stop_lat":34.09803,"stop_lon":-118.291203,"stop_sequence":55,"segment_first_lat":34.0981594743,"segment_first_lon":-118.2912038713,"segment_second_lat":34.0981634672,"segment_second_lon":-118.2895424191,"segment_sequence":550001,"segment_id":28,"segment_len_meter":152.98402023796802,"segment_cum_len":17568.203445507683,"stop_segment_distance":15.034897310541197}
{"route_id":"204","stop_id":"5646","stop_lat":33.935642,"stop_lon":-118.291407,"stop_sequence":5,"segment_first_lat":33.9356415714,"segment_first_lon":-118.2915620829,"segment_second_lat":33.9357981976,"segment_second_lon":-118.2915626279,"segment_sequence":50001,"segment_id":3,"segment_len_meter":17.416111394992996,"segment_cum_len":1311.1554936852995,"stop_segment_distance":19.425373229316833}
{"route_id":"205","stop_id":"17474","stop_lat":33.846674,"stop_lon":-118.238315,"stop_sequence":96,"segment_first_lat":33.8467990123,"segment_first_lon":-118.2383148572,"segment_second_lat":33.8467947282,"segment_second_lon":-118.2354629258,"segment_sequence":970001,"segment_id":49,"segment_len_meter":263.37830275922306,"segment_cum_len":36040.21153612444,"stop_segment_distance":14.255569828095247}
{"route_id":"205","stop_id":"17595","stop_lat":33.776197,"stop_lon":-118.308948,"stop_sequence":45,"segment_first_lat":33.7761803007,"segment_first_lon":-118.309099069,"segment_second_lat":33.776682392,"segment_second_lon":-118.309179889,"segment_sequence":450001,"segment_id":23,"segment_len_meter":56.32751791709417,"segment_cum_len":12096.880534445774,"stop_segment_distance":15.831148736905135}
{"route_id":"211","stop_id":"30013","stop_lat":33.87176,"stop_lon":-118.356871,"stop_sequence":64,"segment_first_lat":33.8717018414,"segment_first_lon":-118.3569765879,"segment_second_lat":33.8717609221,"segment_second_lon":-118.3569758511,"segment_sequence":630035,"segment_id":32,"segment_len_meter":6.5698262743394515,"segment_cum_len":24058.063450706257,"stop_segment_distance":14.809254152032842}
{"route_id":"217","stop_id":"13410","stop_lat":34.053569,"stop_lon":-118.366115,"stop_sequence":32,"segment_first_lat":34.0556593457,"segment_first_lon":-118.3649824309,"segment_second_lat":34.0535217982,"segment_second_lon":-118.3659720972,"segment_sequence":310001,"segment_id":16,"segment_len_meter":254.57120220136687,"segment_cum_len":8960.696659325287,"stop_segment_distance":14.381786487281317}
{"route_id":"218","stop_id":"13416","stop_lat":34.071768,"stop_lon":-118.361562,"stop_sequence":20,"segment_first_lat":34.0715490006,"segment_first_lon":-118.3614056175,"segment_second_lat":34.0718526685,"segment_second_lon":-118.3636853663,"segment_sequence":200002,"segment_id":10,"segment_len_meter":212.67816846386555,"segment_cum_len":10747.98051156811,"stop_segment_distance":11.417365363172706}
{"route_id":"218","stop_id":"32167","stop_lat":34.133763,"stop_lon":-118.391693,"stop_sequence":5,"segment_first_lat":34.1338235153,"segment_first_lon":-118.3915633847,"segment_second_lat":34.1337059077,"segment_second_lon":-118.3914779074,"segment_sequence":50001,"segment_id":3,"segment_len_meter":15.261441285698648,"segment_cum_len":1392.6628468466042,"stop_segment_distance":19.225138681692936}
{"route_id":"232","stop_id":"17432","stop_lat":33.790899,"stop_lon":-118.283694,"stop_sequence":32,"segment_first_lat":33.7906648958,"segment_first_lon":-118.2828012837,"segment_second_lat":33.7907712869,"segment_second_lon":-118.2837139115,"segment_sequence":310027,"segment_id":16,"segment_len_meter":85.16277903430344,"segment_cum_len":12200.190638653085,"stop_segment_distance":15.663495744844354}
{"route_id":"233","stop_id":"430","stop_lat":34.201633,"stop_lon":-118.448585,"stop_sequence":18,"segment_first_lat":34.2016327602,"segment_first_lon":-118.4487420235,"segment_second_lat":34.2022702304,"segment_second_lon":-118.4487533861,"segment_sequence":180001,"segment_id":9,"segment_len_meter":70.89115410901537,"segment_cum_len":5772.823416534251,"stop_segment_distance":16.078826675681555}
{"route_id":"233","stop_id":"6814","stop_lat":34.184522,"stop_lon":-118.448503,"stop_sequence":12,"segment_first_lat":34.1836288602,"segment_first_lon":-118.4486532434,"segment_second_lat":34.1845219203,"segment_second_lon":-118.4486550641,"segment_sequence":110003,"segment_id":6,"segment_len_meter":99.30389353302068,"segment_cum_len":3799.2390807122492,"stop_segment_distance":14.95316538548279}
{"route_id":"234","stop_id":"1489","stop_lat":34.115226,"stop_lon":-118.482791,"stop_sequence":67,"segment_first_lat":34.1153830709,"segment_first_lon":-118.4826334697,"segment_second_lat":34.1152186989,"segment_second_lon":-118.4826454056,"segment_sequence":660046,"segment_id":33,"segment_len_meter":18.31033237054851,"segment_cum_len":31208.249486803452,"stop_segment_distance":17.819032722008185}
{"route_id":"239","stop_id":"12955","stop_lat":34.279056,"stop_lon":-118.484815,"stop_sequence":47,"segment_first_lat":34.2791891468,"segment_first_lon":-118.4858419067,"segment_second_lat":34.2791814573,"segment_second_lon":-118.4848123573,"segment_sequence":460002,"segment_id":23,"segment_len_meter":94.59958072061866,"segment_cum_len":18113.097550216615,"stop_segment_distance":14.860229263809757}
{"route_id":"243","stop_id":"142461","stop_lat":34.187097,"stop_lon":-118.571117,"stop_sequence":34,"segment_first_lat":34.1870978002,"segment_first_lon":-118.5709617236,"segment_second_lat":34.1864191012,"segment_second_lon":-118.5709541085,"segment_sequence":340001,"segment_id":17,"segment_len_meter":75.47113602971311,"segment_cum_len":15676.567265227974,"stop_segment_distance":15.665222398771633}
{"route_id":"246","stop_id":"2708","stop_lat":33.761326,"stop_lon":-118.284232,"stop_sequence":29,"segment_first_lat":33.7610830616,"segment_first_lon":-118.2847018673,"segment_second_lat":33.7613999192,"segment_second_lon":-118.2843377669,"segment_sequence":280004,"segment_id":14,"segment_len_meter":48.72638019673024,"segment_cum_len":7045.189212820485,"stop_segment_distance":15.197820964452212}
{"route_id":"256","stop_id":"10092","stop_lat":34.051405,"stop_lon":-118.174193,"stop_sequence":20,"segment_first_lat":34.0512638648,"segment_first_lon":-118.1745590895,"segment_second_lat":34.0514914873,"segment_second_lon":-118.1743000852,"segment_sequence":190024,"segment_id":10,"segment_len_meter":34.785130727596034,"segment_cum_len":4751.22247993778,"stop_segment_distance":16.192111277213307}
{"route_id":"267","stop_id":"5595","stop_lat":34.128151,"stop_lon":-118.064677,"stop_sequence":22,"segment_first_lat":34.1266367421,"segment_first_lon":-118.0646658882,"segment_second_lat":34.1281402876,"segment_second_lon":-118.0648306134,"segment_sequence":210003,"segment_id":11,"segment_len_meter":167.87276872399465,"segment_cum_len":8096.615685399838,"stop_segment_distance":14.697637618504217}
{"route_id":"344","stop_id":"7510","stop_lat":33.87274,"stop_lon":-118.309396,"stop_sequence":39,"segment_first_lat":33.8728731078,"segment_first_lon":-118.3111323057,"segment_second_lat":33.8728704334,"segment_second_lon":-118.3093962313,"segment_sequence":380012,"segment_id":19,"segment_len_meter":160.27902047273426,"segment_cum_len":23297.771848470016,"stop_segment_distance":15.20660093709543}
{"route_id":"4","stop_id":"2422","stop_lat":34.072623,"stop_lon":-118.250922,"stop_sequence":17,"segment_first_lat":34.0725926304,"segment_first_lon":-118.2510768758,"segment_second_lat":34.0728698617,"segment_second_lon":-118.2512230009,"segment_sequence":170002,"segment_id":9,"segment_len_meter":33.636736232241674,"segment_cum_len":5673.402063473223,"stop_segment_distance":20.036669035929656}
{"route_id":"51","stop_id":"7379","stop_lat":34.050657,"stop_lon":-118.263826,"stop_sequence":15,"segment_first_lat":34.0507199661,"segment_first_lon":-118.2637870279,"segment_second_lat":34.0505313875,"segment_second_lon":-118.2633176586,"segment_sequence":150001,"segment_id":8,"segment_len_meter":48.058781297729766,"segment_cum_len":3658.3511417933623,"stop_segment_distance":8.681540718417835}
{"route_id":"53","stop_id":"140784","stop_lat":33.929772,"stop_lon":-118.254087,"stop_sequence":23,"segment_first_lat":33.9297738974,"segment_first_lon":-118.2542496466,"segment_second_lat":33.9309667739,"segment_second_lon":-118.2542324983,"segment_sequence":230001,"segment_id":12,"segment_len_meter":132.65124999619485,"segment_cum_len":10145.192809181734,"stop_segment_distance":15.885410727609013}
{"route_id":"53","stop_id":"4895","stop_lat":33.967611,"stop_lon":-118.25624,"stop_sequence":41,"segment_first_lat":33.9676102968,"segment_first_lon":-118.2563917677,"segment_second_lat":33.9680059854,"segment_second_lon":-118.2563929791,"segment_sequence":410001,"segment_id":21,"segment_len_meter":43.998706676377616,"segment_cum_len":14335.163682742123,"stop_segment_distance":16.128046315034958}
{"route_id":"534","stop_id":"4908","stop_lat":34.020479,"stop_lon":-118.827899,"stop_sequence":36,"segment_first_lat":34.0203886002,"segment_first_lon":-118.8280103188,"segment_second_lat":34.0204583861,"segment_second_lon":-118.8280921928,"segment_sequence":360001,"segment_id":18,"segment_len_meter":10.823723467941058,"segment_cum_len":35294.82524793537,"stop_segment_distance":21.49145111028595}
{"route_id":"60","stop_id":"1425","stop_lat":33.973948,"stop_lon":-118.225444,"stop_sequence":40,"segment_first_lat":33.9739447251,"segment_first_lon":-118.225243739,"segment_second_lat":33.9738221665,"segment_second_lon":-118.2252460479,"segment_sequence":400001,"segment_id":20,"segment_len_meter":13.62955760543015,"segment_cum_len":12324.005100123562,"stop_segment_distance":27.84022408097846}
{"route_id":"611","stop_id":"5939","stop_lat":33.963407,"stop_lon":-118.208884,"stop_sequence":10,"segment_first_lat":33.9633086201,"segment_first_lon":-118.2088976745,"segment_second_lat":33.9633891223,"segment_second_lon":-118.2096952813,"segment_sequence":100001,"segment_id":5,"segment_len_meter":74.10156262954807,"segment_cum_len":3957.178478745741,"stop_segment_distance":11.756632397567188}
{"route_id":"687","stop_id":"9843","stop_lat":34.145928,"stop_lon":-118.147791,"stop_sequence":28,"segment_first_lat":34.1458020841,"segment_first_lon":-118.1477911644,"segment_second_lat":34.1457982647,"segment_second_lon":-118.1482175008,"segment_sequence":280001,"segment_id":14,"segment_len_meter":39.23643707511336,"segment_cum_len":7475.4643021966385,"stop_segment_distance":16.58115887686099}
{"route_id":"70","stop_id":"6952","stop_lat":34.035059,"stop_lon":-118.265404,"stop_sequence":3,"segment_first_lat":34.0344752432,"segment_first_lon":-118.2659835283,"segment_second_lat":34.0350990237,"segment_second_lon":-118.2654775452,"segment_sequence":20004,"segment_id":1,"segment_len_meter":83.5754402711916,"segment_cum_len":508.3674996739576,"stop_segment_distance":8.586702744802864}
{"route_id":"76","stop_id":"16395","stop_lat":34.078175,"stop_lon":-118.132081,"stop_sequence":28,"segment_first_lat":34.0780493079,"segment_first_lon":-118.1320706801,"segment_second_lat":34.0779874267,"segment_second_lon":-118.1331213761,"segment_sequence":280001,"segment_id":14,"segment_len_meter":97.01344854555462,"segment_cum_len":9685.586253280015,"stop_segment_distance":15.057505391806103}
{"route_id":"78","stop_id":"3257","stop_lat":34.066061,"stop_lon":-118.205756,"stop_sequence":22,"segment_first_lat":34.0661723542,"segment_first_lon":-118.2058295916,"segment_second_lat":34.0665380578,"segment_second_lon":-118.2050439889,"segment_sequence":220001,"segment_id":11,"segment_len_meter":83.00685852885597,"segment_cum_len":7911.177152059842,"stop_segment_distance":15.461851758862977}
