{"route_id":"105","stop_id":"16416","stop_lat":34.003825,"stop_lon":-118.295709,"stop_sequence":18,"segment_first_lat":34.0036954423,"segment_first_lon":-118.2947850477,"segment_second_lat":34.0036978537,"segment_second_lon":-118.2957088845,"segment_sequence":170003,"segment_id":9,"segment_len_meter":85.16040059493078,"segment_cum_len":6363.732462385028,"stop_segment_distance":15.357960199240708}
{"route_id":"120","stop_id":"798","stop_lat":33.926208,"stop_lon":-118.246139,"stop_sequence":76,"segment_first_lat":33.9262075668,"segment_first_lon":-118.2462577476,"segment_second_lat":33.9268313381,"segment_second_lon":-118.2462526584,"segment_sequence":760001,"segment_id":38,"segment_len_meter":69.36179330683048,"segment_cum_len":32008.13223425572,"stop_segment_distance":11.695371408922412}
{"route_id":"127","stop_id":"14672","stop_lat":33.896555,"stop_lon":-118.151744,"stop_sequence":24,"segment_first_lat":33.8964560926,"segment_first_lon":-118.1517439689,"segment_second_lat":33.8964547104,"segment_second_lon":-118.1528379578,"segment_sequence":240001,"segment_id":12,"segment_len_meter":100.97200144143704,"segment_cum_len":9942.088329397633,"stop_segment_distance":11.608923122213127}
{"route_id":"127","stop_id":"36498","stop_lat":33.939574,"stop_lon":-118.134227,"stop_sequence":1,"segment_first_lat":33.9395074052,"segment_first_lon":-118.134276781,"segment_second_lat":33.9400783006,"segment_second_lon":-118.1353551131,"segment_sequence":10001,"segment_id":1,"segment_len_meter":118.00555200245911,"segment_cum_len":118.00555200245911,"stop_segment_distance":8.922594399798001}
{"route_id":"14","stop_id":"432","stop_lat":34.076466,"stop_lon":-118.291997,"stop_sequence":52,"segment_first_lat":34.0763386,"segment_first_lon":-118.291996393,"segment_second_lat":34.0763358379,"segment_second_lon":-118.2923431198,"segment_sequence":520001,"segment_id":26,"segment_len_meter":31.935655385532904,"segment_cum_len":19171.40299176715,"stop_segment_distance":17.24070198356425}
{"route_id":"150","stop_id":"7034","stop_lat":34.172197,"stop_lon":-118.565551,"stop_sequence":20,"segment_first_lat":34.1723217855,"segment_first_lon":-118.5655660479,"segment_second_lat":34.1723785451,"segment_second_lon":-118.5648278525,"segment_sequence":200001,"segment_id":10,"segment_len_meter":68.20463707400603,"segment_cum_len":7743.756133434378,"stop_segment_distance":15.26273019142684}
{"route_id":"163","stop_id":"140817","stop_lat":34.201082,"stop_lon":-118.444537,"stop_sequence":46,"segment_first_lat":34.2012079972,"segment_first_lon":-118.4454536994,"segment_second_lat":34.2012091687,"segment_second_lon":-118.4445376092,"segment_sequence":450004,"segment_id":23,"segment_len_meter":84.24911040236135,"segment_cum_len":17249.74024173275,"stop_segment_distance":15.352832328695342}
{"route_id":"166","stop_id":"4022","stop_lat":34.235331,"stop_lon":-118.597837,"stop_sequence":11,"segment_first_lat":34.2354605971,"segment_first_lon":-118.5989261505,"segment_second_lat":34.2354571858,"segment_second_lon":-118.5978375997,"segment_sequence":100004,"segment_id":5,"segment_len_meter":100.06952414533451,"segment_cum_len":5347.085658464289,"stop_segment_distance":15.117531382653297}
{"route_id":"166","stop_id":"843","stop_lat":34.232273,"stop_lon":-118.562183,"stop_sequence":19,"segment_first_lat":34.2322728587,"segment_first_lon":-118.5623011164,"segment_second_lat":34.2330009993,"segment_second_lon":-118.5623132994,"segment_sequence":190001,"segment_id":10,"segment_len_meter":80.97328676736828,"segment_cum_len":9001.405408960682,"stop_segment_distance":11.716698485010028}
{"route_id":"167","stop_id":"696","stop_lat":34.224492,"stop_lon":-118.448913,"stop_sequence":57,"segment_first_lat":34.2247753885,"segment_first_lon":-118.4487883332,"segment_second_lat":34.2245020959,"segment_second_lon":-118.4487551061,"segment_sequence":560005,"segment_id":28,"segment_len_meter":30.54191597617634,"segment_cum_len":23059.354593477412,"stop_segment_distance":17.549457112046056}
{"route_id":"169","stop_id":"14967","stop_lat":34.168239,"stop_lon":-118.605982,"stop_sequence":9,"segment_first_lat":34.1682368409,"segment_first_lon":-118.6058267269,"segment_second_lat":34.1675745184,"segment_second_lon":-118.6058414292,"segment_sequence":90001,"segment_id":5,"segment_len_meter":73.65932248607899,"segment_cum_len":3274.9356627215243,"stop_segment_distance":15.638391501717976}
{"route_id":"176","stop_id":"12758","stop_lat":34.041309,"stop_lon":-118.091773,"stop_sequence":5,"segment_first_lat":34.0400746245,"segment_first_lon":-118.0925106246,"segment_second_lat":34.0413566816,"segment_second_lon":-118.0919145866,"segment_sequence":40013,"segment_id":2,"segment_len_meter":152.77100584447675,"segment_cum_len":1517.6251258640182,"stop_segment_distance":14.472855381146076}
{"route_id":"180","stop_id":"1323","stop_lat":34.145656,"stop_lon":-118.150207,"stop_sequence":67,"segment_first_lat":34.1457834437,"segment_first_lon":-118.1502070758,"segment_second_lat":34.1457919568,"segment_second_lon":-118.1488784868,"segment_sequence":670001,"segment_id":34,"segment_len_meter":122.26874095135847,"segment_cum_len":21293.81713687566,"stop_segment_distance":15.091682877253675}
{"route_id":"180","stop_id":"3048","stop_lat":34.113666,"stop_lon":-118.277062,"stop_sequence":21,"segment_first_lat":34.1137719242,"segment_first_lon":-118.2771354676,"segment_second_lat":34.1138668685,"segment_second_lon":-118.2769534163,"segment_sequence":210001,"segment_id":11,"segment_len_meter":19.807807766690306,"segment_cum_len":6073.683364745893,"stop_segment_distance":18.244706294625747}
{"route_id":"2","stop_id":"8040","stop_lat":34.062668,"stop_lon":-118.246511,"stop_sequence":76,"segment_first_lat":34.0633761608,"segment_first_lon":-118.2471333548,"segment_second_lat":34.0627560878,"segment_second_lon":-118.2464015145,"segment_sequence":750016,"segment_id":38,"segment_len_meter":96.42957176729222,"segment_cum_len":23695.212089622128,"stop_segment_distance":15.031815329938809}
{"route_id":"20","stop_id":"16715","stop_lat":34.067193,"stop_lon":-118.389856,"stop_sequence":48,"segment_first_lat":34.0670674863,"segment_first_lon":-118.389855194,"segment_second_lat":34.0670693196,"segment_second_lon":-118.3907335071,"segment_sequence":480001,"segment_id":24,"segment_len_meter":80.90336626580796,"segment_cum_len":14481.843433219015,"stop_segment_distance":15.043750319708849}
{"route_id":"202","stop_id":"999","stop_lat":33.848559,"stop_lon":-118.211407,"stop_sequence":37,"segment_first_lat":33.8485045605,"segment_first_lon":-118.2113872965,"segment_second_lat":33.8485297646,"segment_second_lon":-118.2114305019,"segment_sequence":360009,"segment_id":18,"segment_len_meter":4.875883339372315,"segment_cum_len":14928.280873705562,"stop_segment_distance":5.3538359294195494}
{"route_id":"204","stop_id":"5679","stop_lat":34.057625,"stop_lon":-118.291472,"stop_sequence":48,"segment_first_lat":34.0568111829,"segment_first_lon":-118.2916245019,"segment_second_lat":34.0576245464,"segment_second_lon":-118.2916273371,"segment_sequence":470005,"segment_id":24,"segment_len_meter":90.44227185526363,"segment_cum_len":14860.921904798308,"stop_segment_distance":15.444189814577868}
{"route_id":"205","stop_id":"17498","stop_lat":33.877712,"stop_lon":-118.236186,"stop_sequence":112,"segment_first_lat":33.8764087327,"segment_first_lon":-118.236246479,"segment_second_lat":33.8777036071,"segment_second_lon":-118.2363377594,"segment_sequence":1120001,"segment_id":56,"segment_len_meter":144.22984857048917,"segment_cum_len":42455.525272857245,"stop_segment_distance":14.835442503593697}
{"route_id":"207","stop_id":"65300049","stop_lat":34.004133,"stop_lon":-118.308756,"stop_sequence":26,"segment_first_lat":34.0041327531,"segment_first_lon":-118.3089083688,"segment_second_lat":34.0046191301,"segment_second_lon":-118.3089065342,"segment_sequence":260001,"segment_id":13,"segment_len_meter":54.08291923955518,"segment_cum_len":10457.629598610607,"stop_segment_distance":15.77034664339567}
{"route_id":"209","stop_id":"7716","stop_lat":33.930852,"stop_lon":-118.324066,"stop_sequence":11,"segment_first_lat":33.9309769616,"segment_first_lon":-118.3261593576,"segment_second_lat":33.9309782087,"segment_second_lon":-118.3240660683,"segment_sequence":100001,"segment_id":5,"segment_len_meter":193.12610575027674,"segment_cum_len":3591.627998002054,"stop_segment_distance":14.539365789767373}
{"route_id":"222","stop_id":"3625","stop_lat":34.196461,"stop_lon":-118.348731,"stop_sequence":36,"segment_first_lat":34.1958451275,"segment_first_lon":-118.3488940957,"segment_second_lat":34.196463431,"segment_second_lon":-118.3488841119,"segment_sequence":350010,"segment_id":18,"segment_len_meter":68.75834374413805,"segment_cum_len":14323.011805647684,"stop_segment_distance":15.431559680533923}
{"route_id":"222","stop_id":"8953","stop_lat":34.143388,"stop_lon":-118.34118,"stop_sequence":20,"segment_first_lat":34.1434354118,"segment_first_lon":-118.3413232055,"segment_second_lat":34.1439653703,"segment_second_lon":-118.3410695683,"segment_sequence":200001,"segment_id":10,"segment_len_meter":63.38322871987752,"segment_cum_len":7559.230555555893,"stop_segment_distance":15.811208844069867}
{"route_id":"233","stop_id":"6772","stop_lat":34.251417,"stop_lon":-118.441982,"stop_sequence":36,"segment_first_lat":34.2499768658,"segment_first_lon":-118.4441818376,"segment_second_lat":34.2515126619,"segment_second_lon":-118.4420810571,"segment_sequence":350003,"segment_id":18,"segment_len_meter":257.7706502810561,"segment_cum_len":11606.781057352535,"stop_segment_distance":14.154476996795779}
{"route_id":"243","stop_id":"10765","stop_lat":34.23113,"stop_lon":-118.553408,"stop_sequence":58,"segment_first_lat":34.2311287956,"segment_first_lon":-118.5535625133,"segment_second_lat":34.2316234169,"segment_second_lon":-118.5535631462,"segment_sequence":580001,"segment_id":29,"segment_len_meter":54.99940994716864,"segment_cum_len":25602.81716930215,"stop_segment_distance":15.895210160732724}
{"route_id":"246","stop_id":"288","stop_lat":33.808557,"stop_lon":-118.263954,"stop_sequence":47,"segment_first_lat":33.8085598718,"segment_first_lon":-118.2641113485,"segment_second_lat":33.8090187954,"segment_second_lon":-118.264093701,"segment_sequence":470001,"segment_id":24,"segment_len_meter":51.0560175836715,"segment_cum_len":14076.151723916026,"stop_segment_distance":16.431882720026884}
{"route_id":"258","stop_id":"3012","stop_lat":34.069516,"stop_lon":-118.151279,"stop_sequence":28,"segment_first_lat":34.0696191336,"segment_first_lon":-118.1512788321,"segment_second_lat":34.0696218627,"segment_second_lon":-118.1504137192,"segment_sequence":280001,"segment_id":14,"segment_len_meter":79.6853911805527,"segment_cum_len":8811.537720743232,"stop_segment_distance":12.347481834502972}
{"route_id":"268","stop_id":"8210","stop_lat":34.183201,"stop_lon":-118.164446,"stop_sequence":84,"segment_first_lat":34.1830880122,"segment_first_lon":-118.1663799298,"segment_second_lat":34.183104846,"segment_second_lon":-118.1641150362,"segment_sequence":910005,"segment_id":46,"segment_len_meter":208.34600305397987,"segment_cum_len":36532.49478057718,"stop_segment_distance":2.257471657093646}
{"route_id":"30","stop_id":"7912","stop_lat":34.047094,"stop_lon":-118.30431,"stop_sequence":10,"segment_first_lat":34.0472150108,"segment_first_lon":-118.3052114068,"segment_second_lat":34.0472194835,"segment_second_lon":-118.3043102217,"segment_sequence":90005,"segment_id":5,"segment_len_meter":83.03082596289292,"segment_cum_len":3375.4945616103296,"stop_segment_distance":15.055137881335142}
{"route_id":"33","stop_id":"6906","stop_lat":34.029375,"stop_lon":-118.387818,"stop_sequence":31,"segment_first_lat":34.0294792001,"segment_first_lon":-118.3879014997,"segment_second_lat":34.0298827372,"segment_second_lon":-118.3871703447,"segment_sequence":310001,"segment_id":16,"segment_len_meter":80.9518320977693,"segment_cum_len":10081.5558815355,"stop_segment_distance":15.112725703697564}
{"route_id":"51","stop_id":"7413","stop_lat":34.05239,"stop_lon":-118.267945,"stop_sequence":13,"segment_first_lat":34.0527319505,"segment_first_lon":-118.2685274611,"segment_second_lat":34.0524527742,"segment_second_lon":-118.2679055892,"segment_sequence":120003,"segment_id":6,"segment_len_meter":65.16129797926932,"segment_cum_len":3184.5236698316126,"stop_segment_distance":8.473293940970436}
{"route_id":"53","stop_id":"4856","stop_lat":34.005534,"stop_lon":-118.25634,"stop_sequence":54,"segment_first_lat":34.0048380891,"segment_first_lon":-118.2564859903,"segment_second_lat":34.0055332881,"segment_second_lon":-118.2564907599,"segment_sequence":530002,"segment_id":27,"segment_len_meter":77.3038520720128,"segment_cum_len":18508.076631030046,"stop_segment_distance":15.136438872692736}
{"route_id":"53","stop_id":"4878","stop_lat":34.018928,"stop_lon":-118.254651,"stop_sequence":60,"segment_first_lat":34.0189837097,"segment_first_lon":-118.2548493152,"segment_second_lat":34.0192763307,"segment_second_lon":-118.2547317363,"segment_sequence":600001,"segment_id":30,"segment_len_meter":34.295046081886724,"segment_cum_len":20063.169270462986,"stop_segment_distance":24.44461011628936}
{"route_id":"60","stop_id":"1215","stop_lat":34.042024,"stop_lon":-118.245057,"stop_sequence":12,"segment_first_lat":34.042102692,"segment_first_lon":-118.244984358,"segment_second_lat":34.0416984335,"segment_second_lon":-118.2443296001,"segment_sequence":120001,"segment_id":6,"segment_len_meter":75.23440198658018,"segment_cum_len":3345.7788299721783,"stop_segment_distance":11.95627911042726}
{"route_id":"70","stop_id":"2175","stop_lat":34.062517,"stop_lon":-118.094843,"stop_sequence":56,"segment_first_lat":34.0626374986,"segment_first_lon":-118.0958009556,"segment_second_lat":34.062645124,"segment_second_lon":-118.0948434716,"segment_sequence":550006,"segment_id":28,"segment_len_meter":88.20437678417598,"segment_cum_len":19276.65745313384,"stop_segment_distance":15.297673258420957}
{"route_id":"720","stop_id":"16625","stop_lat":34.024225,"stop_lon":-118.192565,"stop_sequence":6,"segment_first_lat":34.0241179951,"segment_first_lon":-118.1926333473,"segment_second_lat":34.0243312612,"segment_second_lon":-118.193129197,"segment_sequence":60001,"segment_id":3,"segment_len_meter":51.483512577897926,"segment_cum_len":3839.026449831152,"stop_segment_distance":15.300408612473305}
{"route_id":"78","stop_id":"5370","stop_lat":34.04065,"stop_lon":-118.260936,"stop_sequence":5,"segment_first_lat":34.0399638022,"segment_first_lon":-118.2617231198,"segment_second_lat":34.0407094275,"segment_second_lon":-118.2610289741,"segment_sequence":40005,"segment_id":2,"segment_len_meter":104.7130069887796,"segment_cum_len":1067.3420385192214,"stop_segment_distance":11.377111555534086}
{"route_id":"794","stop_id":"3612","stop_lat":34.060969,"stop_lon":-118.240249,"stop_sequence":9,"segment_first_lat":34.0607379381,"segment_first_lon":-118.2404595666,"segment_second_lat":34.0610008268,"segment_second_lon":-118.2403629238,"segment_sequence":80027,"segment_id":4,"segment_len_meter":30.557482885417457,"segment_cum_len":3931.634465971682,"stop_segment_distance":12.710419637174539}
{"route_id":"81","stop_id":"13445","stop_lat":33.991614,"stop_lon":-118.282814,"stop_sequence":76,"segment_first_lat":33.9923840071,"segment_first_lon":-118.2826645027,"segment_second_lat":33.9916146118,"segment_second_lon":-118.2826619052,"segment_sequence":750003,"segment_id":38,"segment_len_meter":85.5531890990357,"segment_cum_len":24612.729117738465,"stop_segment_distance":15.192293556148982}
{"route_id":"83","stop_id":"1737","stop_lat":34.123916,"stop_lon":-118.220853,"stop_sequence":2,"segment_first_lat":34.1240070132,"segment_first_lon":-118.2209595208,"segment_second_lat":34.1241304024,"segment_second_lon":-118.2208038918,"segment_sequence":20001,"segment_id":1,"segment_len_meter":19.836057686580087,"segment_cum_len":153.8098818516453,"stop_segment_distance":18.52035638175673}
{"route_id":"90","stop_id":"10584","stop_lat":34.245323,"stop_lon":-118.274269,"stop_sequence":21,"segment_first_lat":34.2460768279,"segment_first_lon":-118.2752280126,"segment_second_lat":34.2454252177,"segment_second_lon":-118.2741769303,"segment_sequence":200004,"segment_id":10,"segment_len_meter":120.7635055213941,"segment_cum_len":5221.0762561361125,"stop_segment_distance":15.047988114714329}
{"route_id":"DSE","stop_id":"63500003","stop_lat":34.07416654,"stop_lon":-118.2378036,"stop_sequence":1,"segment_first_lat":34.07434176,"segment_first_lon":-118.2377851,"segment_second_lat":34.07384526,"segment_second_lon":-118.2376066,"segment_sequence":61,"segment_id":0,"segment_len_meter":57.604237027854715,"segment_cum_len":5174.595186923354,"stop_segment_distance":2.0221429407940903}
