{"route_id":"10","stop_id":"11694","stop_lat":34.082114,"stop_lon":-118.38054,"stop_sequence":64,"segment_first_lat":34.0819860724,"segment_first_lon":-118.3805324667,"segment_second_lat":34.0819811556,"segment_second_lon":-118.3806975685,"segment_sequence":640001,"segment_id":32,"segment_len_meter":15.214992791993685,"segment_cum_len":17910.47717122278,"stop_segment_distance":19.733837875929567}
{"route_id":"110","stop_id":"1410","stop_lat":33.974613,"stop_lon":-118.242485,"stop_sequence":52,"segment_first_lat":33.9747464309,"segment_first_lon":-118.2431414902,"segment_second_lat":33.974741988,"segment_second_lon":-118.242481829,"segment_sequence":510010,"segment_id":26,"segment_len_meter":60.830797884565364,"segment_cum_len":18805.514327796467,"stop_segment_distance":15.843089225372502}
{"route_id":"117","stop_id":"32068","stop_lat":33.943098,"stop_lon":-118.2427,"stop_sequence":41,"segment_first_lat":33.9432201167,"segment_first_lon":-118.2432412164,"segment_second_lat":33.9432269698,"segment_second_lon":-118.2427038252,"segment_sequence":400005,"segment_id":20,"segment_len_meter":49.57822939944521,"segment_cum_len":15833.25409366832,"stop_segment_distance":16.50581395196415}
{"route_id":"120","stop_id":"36522","stop_lat":33.9318,"stop_lon":-118.194732,"stop_sequence":60,"segment_first_lat":33.931600883,"segment_first_lon":-118.1939538616,"segment_second_lat":33.9316724186,"segment_second_lon":-118.1947494829,"segment_sequence":590004,"segment_id":30,"segment_len_meter":73.83287797659283,"segment_cum_len":25654.715886130823,"stop_segment_distance":15.57174353951298}
{"route_id":"125","stop_id":"17369","stop_lat":33.903198,"stop_lon":-118.231967,"stop_sequence":45,"segment_first_lat":33.903323301,"segment_first_lon":-118.2319671026,"segment_second_lat":33.9033201237,"segment_second_lon":-118.2301842663,"segment_sequence":450001,"segment_id":23,"segment_len_meter":164.53755608085797,"segment_cum_len":17794.656496185242,"stop_segment_distance":14.48256329460878}
{"route_id":"130","stop_id":"13000068","stop_lat":33.873003,"stop_lon":-118.361054,"stop_sequence":64,"segment_first_lat":33.8728817095,"segment_first_lon":-118.3603186822,"segment_second_lat":33.8728773125,"segment_second_lon":-118.3610532801,"segment_sequence":630009,"segment_id":32,"segment_len_meter":67.82167749953656,"segment_cum_len":30789.23637488222,"stop_segment_distance":15.367367532464328}
{"route_id":"14","stop_id":"70500013","stop_lat":34.056646,"stop_lon":-118.249996,"stop_sequence":42,"segment_first_lat":34.0565451856,"segment_first_lon":-118.2500920898,"segment_second_lat":34.0575250088,"segment_second_lon":-118.2515797059,"segment_sequence":420001,"segment_id":21,"segment_len_meter":175.0751141794219,"segment_cum_len":14763.738240791388,"stop_segment_distance":14.818494971070521}
{"route_id":"155","stop_id":"10122","stop_lat":34.182971,"stop_lon":-118.306253,"stop_sequence":53,"segment_first_lat":34.1831967761,"segment_first_lon":-118.3062141326,"segment_second_lat":34.1824574117,"segment_second_lon":-118.3051996492,"segment_sequence":530002,"segment_id":27,"segment_len_meter":124.36780259179513,"segment_cum_len":20403.325796972684,"stop_segment_distance":13.461669393458138}
{"route_id":"163","stop_id":"6204","stop_lat":34.200891,"stop_lon":-118.609992,"stop_sequence":7,"segment_first_lat":34.2010164583,"segment_first_lon":-118.6099931651,"segment_second_lat":34.2010190126,"segment_second_lon":-118.6081212924,"segment_sequence":70001,"segment_id":4,"segment_len_meter":172.14897932288983,"segment_cum_len":2168.4462584882035,"stop_segment_distance":14.431337073460469}
{"route_id":"167","stop_id":"17411","stop_lat":34.242633,"stop_lon":-118.553239,"stop_sequence":15,"segment_first_lat":34.2427599853,"segment_first_lon":-118.5532399334,"segment_second_lat":34.2427546277,"segment_second_lon":-118.5506788317,"segment_sequence":150001,"segment_id":8,"segment_len_meter":235.41849383206417,"segment_cum_len":6407.156893210624,"stop_segment_distance":14.422305324365624}
{"route_id":"183","stop_id":"3077","stop_lat":34.16477,"stop_lon":-118.409048,"stop_sequence":17,"segment_first_lat":34.1648959306,"segment_first_lon":-118.4090487265,"segment_second_lat":34.1648963757,"segment_second_lon":-118.4083479064,"segment_sequence":170001,"segment_id":9,"segment_len_meter":64.47928022311112,"segment_cum_len":6494.614651544817,"stop_segment_distance":15.451214465522597}
{"route_id":"2","stop_id":"6431","stop_lat":34.080699,"stop_lon":-118.426361,"stop_sequence":13,"segment_first_lat":34.0807905547,"segment_first_lon":-118.4269593384,"segment_second_lat":34.0808467152,"segment_second_lon":-118.4260739092,"segment_sequence":120030,"segment_id":6,"segment_len_meter":81.78411242049526,"segment_cum_len":4023.4731699719773,"stop_segment_distance":5.380287905156564}
{"route_id":"205","stop_id":"17456","stop_lat":33.846117,"stop_lon":-118.290217,"stop_sequence":74,"segment_first_lat":33.844138687,"segment_first_lon":-118.2903548583,"segment_second_lat":33.8461170907,"segment_second_lon":-118.2903679644,"segment_sequence":740009,"segment_id":37,"segment_len_meter":219.99178404140386,"segment_cum_len":25063.952703175608,"stop_segment_distance":14.296488558424159}
{"route_id":"212","stop_id":"13620","stop_lat":34.018568,"stop_lon":-118.355712,"stop_sequence":41,"segment_first_lat":34.0215438245,"segment_first_lon":-118.3556191291,"segment_second_lat":34.018567996,"segment_second_lon":-118.3555790957,"segment_sequence":400002,"segment_id":20,"segment_len_meter":330.91760117258656,"segment_cum_len":11602.722625026652,"stop_segment_distance":12.338741827409706}
{"route_id":"232","stop_id":"36492","stop_lat":33.916642,"stop_lon":-118.395795,"stop_sequence":83,"segment_first_lat":33.9166448308,"segment_first_lon":-118.3959503775,"segment_second_lat":33.9172686452,"segment_second_lon":-118.3959348674,"segment_sequence":830001,"segment_id":42,"segment_len_meter":69.37975958963467,"segment_cum_len":33687.27002181466,"stop_segment_distance":15.826123313653426}
{"route_id":"256","stop_id":"4672","stop_lat":34.136364,"stop_lon":-118.1487,"stop_sequence":82,"segment_first_lat":34.1363641197,"segment_first_lon":-118.1487876704,"segment_second_lat":34.1383425611,"segment_second_lon":-118.1488090377,"segment_sequence":820001,"segment_id":41,"segment_len_meter":220.0014358145969,"segment_cum_len":25560.51120221383,"stop_segment_distance":8.302166917925973}
{"route_id":"260","stop_id":"8759","stop_lat":33.955693,"stop_lon":-118.184147,"stop_sequence":74,"segment_first_lat":33.9570251574,"segment_first_lon":-118.1844300825,"segment_second_lat":33.9557249778,"segment_second_lon":-118.1840031627,"segment_sequence":730002,"segment_id":37,"segment_len_meter":149.83960411754606,"segment_cum_len":29076.453914985388,"stop_segment_distance":14.307731155456452}
{"route_id":"268","stop_id":"10287","stop_lat":34.169221,"stop_lon":-118.115279,"stop_sequence":64,"segment_first_lat":34.1691288276,"segment_first_lon":-118.1142675414,"segment_second_lat":34.169120723,"segment_second_lon":-118.1152791379,"segment_sequence":630002,"segment_id":32,"segment_len_meter":93.07208123674691,"segment_cum_len":25040.159824673065,"stop_segment_distance":11.695913845135252}
{"route_id":"344","stop_id":"10919","stop_lat":33.781714,"stop_lon":-118.3695,"stop_sequence":19,"segment_first_lat":33.7817258631,"segment_first_lon":-118.369645697,"segment_second_lat":33.7819746106,"segment_second_lon":-118.3696227705,"segment_sequence":190001,"segment_id":10,"segment_len_meter":27.74050123170994,"segment_cum_len":8056.002812434623,"stop_segment_distance":16.9101853529907}
{"route_id":"45","stop_id":"4764","stop_lat":33.926201,"stop_lon":-118.278383,"stop_sequence":62,"segment_first_lat":33.9262012313,"segment_first_lon":-118.2782305033,"segment_second_lat":33.9255747162,"segment_second_lon":-118.2782330378,"segment_sequence":620001,"segment_id":31,"segment_len_meter":69.66569306066704,"segment_cum_len":20993.242323454597,"stop_segment_distance":15.405208044538568}
{"route_id":"460","stop_id":"17204","stop_lat":33.88798,"stop_lon":-118.015692,"stop_sequence":44,"segment_first_lat":33.8881070571,"segment_first_lon":-118.015692144,"segment_second_lat":33.8881178249,"segment_second_lon":-118.012947558,"segment_sequence":450001,"segment_id":23,"segment_len_meter":253.34464109771076,"segment_cum_len":45243.73692094594,"stop_segment_distance":14.575320355749483}
{"route_id":"487","stop_id":"5426","stop_lat":34.091892,"stop_lon":-118.107893,"stop_sequence":12,"segment_first_lat":34.0918960821,"segment_first_lon":-118.1080107749,"segment_second_lat":34.095426191,"segment_second_lon":-118.1077877582,"segment_sequence":120001,"segment_id":6,"segment_len_meter":393.0670264911851,"segment_cum_len":16768.02468468482,"stop_segment_distance":10.891341693545655}
{"route_id":"602","stop_id":"8003","stop_lat":34.041281,"stop_lon":-118.518328,"stop_sequence":19,"segment_first_lat":34.0414019529,"segment_first_lon":-118.5183209149,"segment_second_lat":34.0414078835,"segment_second_lon":-118.5182196139,"segment_sequence":190001,"segment_id":10,"segment_len_meter":9.357122011210096,"segment_cum_len":5070.826648988948,"stop_segment_distance":21.393665041991817}
{"route_id":"603","stop_id":"12360","stop_lat":34.119448,"stop_lon":-118.250587,"stop_sequence":17,"segment_first_lat":34.1201554711,"segment_first_lon":-118.2511305174,"segment_second_lat":34.1195333592,"segment_second_lon":-118.2504648841,"segment_sequence":160007,"segment_id":8,"segment_len_meter":92.4112867327985,"segment_cum_len":4542.83781673264,"stop_segment_distance":15.531308952764135}
{"route_id":"62","stop_id":"12312","stop_lat":33.84254,"stop_lon":-118.082048,"stop_sequence":75,"segment_first_lat":33.8433011859,"segment_first_lon":-118.081907266,"segment_second_lat":33.8425400471,"segment_second_lon":-118.0818982901,"segment_sequence":740003,"segment_id":37,"segment_len_meter":84.63883266377327,"segment_cum_len":37811.86376722186,"stop_segment_distance":14.819825011149888}
{"route_id":"62","stop_id":"4372","stop_lat":33.880515,"stop_lon":-118.082497,"stop_sequence":64,"segment_first_lat":33.881036712,"segment_first_lon":-118.082352657,"segment_second_lat":33.8805146289,"segment_second_lon":-118.082346873,"segment_sequence":630007,"segment_id":32,"segment_len_meter":58.05544743611511,"segment_cum_len":31972.806167787454,"stop_segment_distance":15.325846294454742}
{"route_id":"70","stop_id":"7669","stop_lat":34.062346,"stop_lon":-118.128884,"stop_sequence":45,"segment_first_lat":34.0624723554,"segment_first_lon":-118.1288837264,"segment_second_lat":34.062476248,"segment_second_lon":-118.1275465466,"segment_sequence":450001,"segment_id":23,"segment_len_meter":123.17764240050379,"segment_cum_len":16264.04759335973,"stop_segment_distance":14.922978724199126}
{"route_id":"704","stop_id":"1443","stop_lat":34.092441,"stop_lon":-118.280777,"stop_sequence":26,"segment_first_lat":34.0925518486,"segment_first_lon":-118.2807699971,"segment_second_lat":34.0925406535,"segment_second_lon":-118.2805027557,"segment_sequence":260001,"segment_id":13,"segment_len_meter":24.640180290560068,"segment_cum_len":23675.349431497503,"stop_segment_distance":15.28021396518536}
{"route_id":"78","stop_id":"5301","stop_lat":34.110307,"stop_lon":-118.009203,"stop_sequence":88,"segment_first_lat":34.1103065607,"segment_first_lon":-118.0100318698,"segment_second_lat":34.1104300039,"segment_second_lon":-118.0092294439,"segment_sequence":870006,"segment_id":44,"segment_len_meter":75.13957275424558,"segment_cum_len":27910.728355170966,"stop_segment_distance":15.062644871547803}
{"route_id":"81","stop_id":"13480","stop_lat":34.003958,"stop_lon":-118.282849,"stop_sequence":71,"segment_first_lat":34.0046036732,"segment_first_lon":-118.2826991645,"segment_second_lat":34.0039579302,"segment_second_lon":-118.2826969838,"segment_sequence":700004,"segment_id":35,"segment_len_meter":71.80362689471647,"segment_cum_len":23240.164993051225,"stop_segment_distance":15.321360509065883}
{"route_id":"83","stop_id":"11669","stop_lat":34.097083,"stop_lon":-118.208693,"stop_sequence":24,"segment_first_lat":34.0973059158,"segment_first_lon":-118.2082804743,"segment_second_lat":34.0970102492,"segment_second_lon":-118.2085965014,"segment_sequence":230006,"segment_id":12,"segment_len_meter":43.90506515377245,"segment_cum_len":7189.913669866495,"stop_segment_distance":13.468348802426455}
