{"route_id":"10","stop_id":"8093","stop_lat":34.060238,"stop_lon":-118.248712,"stop_sequence":14,"segment_first_lat":34.0601497042,"segment_first_lon":-118.2488281141,"segment_second_lat":34.0603989068,"segment_second_lon":-118.2491088326,"segment_sequence":140001,"segment_id":7,"segment_len_meter":37.90206209240384,"segment_cum_len":4391.625509572048,"stop_segment_distance":17.31673521264473}
{"route_id":"108","stop_id":"1638","stop_lat":33.984588,"stop_lon":-118.151227,"stop_sequence":78,"segment_first_lat":33.9850162192,"segment_first_lon":-118.1540089936,"segment_second_lat":33.9847133779,"segment_second_lon":-118.1512065818,"segment_sequence":770002,"segment_id":39,"segment_len_meter":260.5708035698386,"segment_cum_len":25470.986505332137,"stop_segment_distance":14.382567692505347}
{"route_id":"130","stop_id":"10970","stop_lat":33.85757,"stop_lon":-118.39896,"stop_sequence":77,"segment_first_lat":33.8578147677,"segment_first_lon":-118.3988654776,"segment_second_lat":33.8575997961,"segment_second_lon":-118.3988097805,"segment_sequence":760011,"segment_id":38,"segment_len_meter":24.45076423962994,"segment_cum_len":36181.36108372447,"stop_segment_distance":18.39273055002934}
{"route_id":"152","stop_id":"4563","stop_lat":34.220852,"stop_lon":-118.536413,"stop_sequence":62,"segment_first_lat":34.2207260522,"segment_first_lon":-118.536411712,"segment_second_lat":34.2206926502,"segment_second_lon":-118.5394747001,"segment_sequence":620001,"segment_id":31,"segment_len_meter":281.64960515815653,"segment_cum_len":25251.450764632435,"stop_segment_distance":14.41922135207733}
{"route_id":"158","stop_id":"8705","stop_lat":34.236385,"stop_lon":-118.419881,"stop_sequence":33,"segment_first_lat":34.2363174952,"segment_first_lon":-118.419970632,"segment_second_lat":34.2367865046,"segment_second_lon":-118.4204616737,"segment_sequence":330001,"segment_id":17,"segment_len_meter":68.97395303910612,"segment_cum_len":12190.933047791039,"stop_segment_distance":11.760869872373647}
{"route_id":"161","stop_id":"10425","stop_lat":34.165757,"stop_lon":-118.623445,"stop_sequence":14,"segment_first_lat":34.1657573829,"segment_first_lon":-118.6232929728,"segment_second_lat":34.1650127244,"segment_second_lon":-118.6232874177,"segment_sequence":140001,"segment_id":7,"segment_len_meter":82.80382463752998,"segment_cum_len":5555.015153647386,"stop_segment_distance":15.203454826572298}
{"route_id":"163","stop_id":"6227","stop_lat":34.200886,"stop_lon":-118.614338,"stop_sequence":6,"segment_first_lat":34.2010131538,"segment_first_lon":-118.6143388395,"segment_second_lat":34.2010114164,"segment_second_lon":-118.6128935677,"segment_sequence":60001,"segment_id":3,"segment_len_meter":132.91609278542256,"segment_cum_len":1729.5580794227892,"stop_segment_distance":14.79183758432319}
{"route_id":"167","stop_id":"18221","stop_lat":34.154131,"stop_lon":-118.413895,"stop_sequence":89,"segment_first_lat":34.1549140624,"segment_first_lon":-118.4137761252,"segment_second_lat":34.154130916,"segment_second_lon":-118.4137752221,"segment_sequence":880009,"segment_id":44,"segment_len_meter":87.0819461507146,"segment_cum_len":35638.82549713792,"stop_segment_distance":11.696629342657957}
{"route_id":"18","stop_id":"20500009","stop_lat":34.005342,"stop_lon":-118.127892,"stop_sequence":74,"segment_first_lat":34.0054256574,"segment_first_lon":-118.1278713938,"segment_second_lat":34.0050068326,"segment_second_lon":-118.1255651146,"segment_sequence":740001,"segment_id":37,"segment_len_meter":217.63205137955626,"segment_cum_len":20570.91879353424,"stop_segment_distance":9.566273699490836}
{"route_id":"202","stop_id":"10259","stop_lat":33.864815,"stop_lon":-118.211507,"stop_sequence":27,"segment_first_lat":33.8649202887,"segment_first_lon":-118.2128220076,"segment_second_lat":33.8649176568,"segment_second_lon":-118.2115077272,"segment_sequence":260009,"segment_id":13,"segment_len_meter":121.34932167874936,"segment_cum_len":11452.821629982484,"stop_segment_distance":12.045121965196017}
{"route_id":"206","stop_id":"13789","stop_lat":34.040168,"stop_lon":-118.300505,"stop_sequence":28,"segment_first_lat":34.0403764917,"segment_first_lon":-118.3004563689,"segment_second_lat":34.0401947518,"segment_second_lon":-118.3003883795,"segment_sequence":270017,"segment_id":14,"segment_len_meter":21.157293526117396,"segment_cum_len":8404.603209091913,"stop_segment_distance":13.604679062522298}
{"route_id":"207","stop_id":"5717","stop_lat":33.937937,"stop_lon":-118.308868,"stop_sequence":5,"segment_first_lat":33.9352793228,"segment_first_lon":-118.3090299977,"segment_second_lat":33.9379365093,"segment_second_lon":-118.3090249635,"segment_sequence":40002,"segment_id":2,"segment_len_meter":295.4660229458026,"segment_cum_len":3042.520082919584,"stop_segment_distance":14.912158615440205}
{"route_id":"209","stop_id":"5608","stop_lat":33.993004,"stop_lon":-118.317352,"stop_sequence":33,"segment_first_lat":33.9928472676,"segment_first_lon":-118.3173810186,"segment_second_lat":33.9929583589,"segment_second_lon":-118.3174559963,"segment_sequence":320015,"segment_id":16,"segment_len_meter":14.155295367270053,"segment_cum_len":11079.44388595107,"stop_segment_distance":14.324717176567386}
{"route_id":"209","stop_id":"868","stop_lat":34.018517,"stop_lon":-118.334952,"stop_sequence":42,"segment_first_lat":34.0185166635,"segment_first_lon":-118.3351018659,"segment_second_lat":34.019901598,"segment_second_lon":-118.3350991607,"segment_sequence":420001,"segment_id":21,"segment_len_meter":153.99789196006503,"segment_cum_len":15698.386467861108,"stop_segment_distance":14.371021057574524}
{"route_id":"222","stop_id":"3567","stop_lat":34.205883,"stop_lon":-118.349381,"stop_sequence":39,"segment_first_lat":34.2057811678,"segment_first_lon":-118.349481323,"segment_second_lat":34.2067101205,"segment_second_lon":-118.3508478647,"segment_sequence":390001,"segment_id":20,"segment_len_meter":162.67200263180357,"segment_cum_len":15643.865342929084,"stop_segment_distance":15.197366740206292}
{"route_id":"224","stop_id":"20345","stop_lat":34.182873,"stop_lon":-118.385262,"stop_sequence":18,"segment_first_lat":34.1796218601,"segment_first_lon":-118.3834778022,"segment_second_lat":34.1828148406,"segment_second_lon":-118.3854012857,"segment_sequence":170001,"segment_id":9,"segment_len_meter":396.689173060875,"segment_cum_len":5676.494912466826,"stop_segment_distance":14.684660216332247}
{"route_id":"224","stop_id":"5826","stop_lat":34.274441,"stop_lon":-118.430737,"stop_sequence":43,"segment_first_lat":34.2732680239,"segment_first_lon":-118.4297183727,"segment_second_lat":34.2743576607,"segment_second_lon":-118.4308510748,"segment_sequence":420005,"segment_id":21,"segment_len_meter":159.72764276963983,"segment_cum_len":17395.03448462562,"stop_segment_distance":14.800880761092145}
{"route_id":"243","stop_id":"16801","stop_lat":34.215735,"stop_lon":-118.571191,"stop_sequence":26,"segment_first_lat":34.2180060236,"segment_first_lon":-118.5710311615,"segment_second_lat":34.2157362158,"segment_second_lon":-118.5710374709,"segment_sequence":250002,"segment_id":13,"segment_len_meter":252.391778568272,"segment_cum_len":12416.55326555348,"stop_segment_distance":14.679488784697071}
{"route_id":"260","stop_id":"8768","stop_lat":33.962914,"stop_lon":-118.186402,"stop_sequence":71,"segment_first_lat":33.9629387514,"segment_first_lon":-118.1862529218,"segment_second_lat":33.9608701449,"segment_second_lon":-118.1857345416,"segment_sequence":710001,"segment_id":36,"segment_len_meter":234.93436237959878,"segment_cum_len":28482.286920314546,"stop_segment_distance":14.542558000418552}
{"route_id":"267","stop_id":"1386","stop_lat":34.142029,"stop_lon":-118.117532,"stop_sequence":41,"segment_first_lat":34.1419300139,"segment_first_lon":-118.1175318816,"segment_second_lat":34.141899244,"segment_second_lon":-118.1208697172,"segment_sequence":410001,"segment_id":21,"segment_len_meter":307.2016617508763,"segment_cum_len":14855.982807166016,"stop_segment_distance":11.315295654697934}
{"route_id":"28","stop_id":"12613","stop_lat":34.059845,"stop_lon":-118.409113,"stop_sequence":95,"segment_first_lat":34.0597245609,"segment_first_lon":-118.4088943656,"segment_second_lat":34.0597238341,"segment_second_lon":-118.4091089667,"segment_sequence":940006,"segment_id":47,"segment_len_meter":19.769198601203982,"segment_cum_len":31970.902077274633,"stop_segment_distance":17.895603639981765}
{"route_id":"33","stop_id":"6964","stop_lat":34.011386,"stop_lon":-118.419468,"stop_sequence":20,"segment_first_lat":34.0114901516,"segment_first_lon":-118.4195530619,"segment_second_lat":34.0118855163,"segment_second_lon":-118.418856822,"segment_sequence":200001,"segment_id":10,"segment_len_meter":77.78812947161757,"segment_cum_len":6540.867864982575,"stop_segment_distance":15.308497646722003}
{"route_id":"4","stop_id":"14407","stop_lat":34.090848,"stop_lon":-118.341444,"stop_sequence":49,"segment_first_lat":34.0907214443,"segment_first_lon":-118.340429655,"segment_second_lat":34.090721056,"segment_second_lon":-118.3414436207,"segment_sequence":480003,"segment_id":24,"segment_len_meter":93.37226089085392,"segment_cum_len":15189.42152106397,"stop_segment_distance":15.204515445260725}
{"route_id":"55","stop_id":"5289","stop_lat":34.044037,"stop_lon":-118.251028,"stop_sequence":58,"segment_first_lat":34.0441231912,"segment_first_lon":-118.2511409833,"segment_second_lat":34.0443779527,"segment_second_lon":-118.2508601738,"segment_sequence":580001,"segment_id":29,"segment_len_meter":38.36523663150542,"segment_cum_len":17789.441313079224,"stop_segment_distance":16.729021808850163}
{"route_id":"60","stop_id":"11496","stop_lat":33.915986,"stop_lon":-118.209435,"stop_sequence":60,"segment_first_lat":33.9169181523,"segment_first_lon":-118.2093449833,"segment_second_lat":33.9159919639,"segment_second_lon":-118.2092823541,"segment_sequence":590002,"segment_id":30,"segment_len_meter":103.14947142856667,"segment_cum_len":19002.602601631876,"stop_segment_distance":14.934558940054956}
{"route_id":"602","stop_id":"6388","stop_lat":34.060425,"stop_lon":-118.494232,"stop_sequence":29,"segment_first_lat":34.0605621673,"segment_first_lon":-118.4942757898,"segment_second_lat":34.0605542346,"segment_second_lon":-118.4941998049,"segment_sequence":280018,"segment_id":14,"segment_len_meter":7.0550124689262725,"segment_cum_len":9483.693213230126,"stop_segment_distance":23.394797702454618}
{"route_id":"602","stop_id":"8067","stop_lat":34.065003,"stop_lon":-118.470106,"stop_sequence":40,"segment_first_lat":34.065065778,"segment_first_lon":-118.4702363452,"segment_second_lat":34.0651263755,"segment_second_lon":-118.4701993752,"segment_sequence":400001,"segment_id":20,"segment_len_meter":7.54980764464203,"segment_cum_len":12310.489983765416,"stop_segment_distance":22.53069287607955}
{"route_id":"66","stop_id":"14386","stop_lat":34.018779,"stop_lon":-118.17599,"stop_sequence":49,"segment_first_lat":34.0189071403,"segment_first_lon":-118.1768906914,"segment_second_lat":34.0189084571,"segment_second_lon":-118.1759898004,"segment_sequence":480011,"segment_id":24,"segment_len_meter":83.03007031891791,"segment_cum_len":15007.925548918169,"stop_segment_distance":15.590494395654574}
{"route_id":"780","stop_id":"4977","stop_lat":34.051664,"stop_lon":-118.366499,"stop_sequence":4,"segment_first_lat":34.0515231411,"segment_first_lon":-118.3666473801,"segment_second_lat":34.0516605261,"segment_second_lon":-118.366650293,"segment_sequence":30023,"segment_id":2,"segment_len_meter":15.278871965254613,"segment_cum_len":2341.3054225071205,"stop_segment_distance":19.454178876370147}
{"route_id":"794","stop_id":"5865","stop_lat":34.128613,"stop_lon":-118.259255,"stop_sequence":16,"segment_first_lat":34.1285385862,"segment_first_lon":-118.2593784801,"segment_second_lat":34.129073161,"segment_second_lon":-118.2598377889,"segment_sequence":160001,"segment_id":8,"segment_len_meter":72.94308652181356,"segment_cum_len":13208.572489022008,"stop_segment_distance":15.248247172392837}
{"route_id":"90","stop_id":"267","stop_lat":34.05182,"stop_lon":-118.24911,"stop_sequence":88,"segment_first_lat":34.0530896077,"segment_first_lon":-118.2477566334,"segment_second_lat":34.0517603447,"segment_second_lon":-118.2490167564,"segment_sequence":870003,"segment_id":44,"segment_len_meter":187.94798790325987,"segment_cum_len":31789.49429762928,"stop_segment_distance":11.255771476660868}
{"route_id":"92","stop_id":"2519","stop_lat":34.05236,"stop_lon":-118.243037,"stop_sequence":6,"segment_first_lat":34.0524364503,"segment_first_lon":-118.2431546618,"segment_second_lat":34.0540582493,"segment_second_lon":-118.2416453678,"segment_sequence":60001,"segment_id":3,"segment_len_meter":227.716882152653,"segment_cum_len":2177.8706366615343,"stop_segment_distance":14.304943708388691}
{"route_id":"96","stop_id":"12494","stop_lat":34.059876,"stop_lon":-118.238806,"stop_sequence":42,"segment_first_lat":34.0598491447,"segment_first_lon":-118.2387256548,"segment_second_lat":34.0582585287,"segment_second_lon":-118.2394949954,"segment_sequence":420001,"segment_id":21,"segment_len_meter":190.539503249814,"segment_cum_len":21053.78892363058,"stop_segment_distance":8.167050515604984}
