{"route_id":"102","stop_id":"2786","stop_lat":33.984054,"stop_lon":-118.365926,"stop_sequence":18,"segment_first_lat":33.9838690052,"segment_first_lon":-118.366232392,"segment_second_lat":33.9841113048,"segment_second_lon":-118.3660718192,"segment_sequence":170016,"segment_id":9,"segment_len_meter":30.742319641837273,"segment_cum_len":5949.710622096485,"stop_segment_distance":19.08183118943195}
{"route_id":"102","stop_id":"2787","stop_lat":33.970628,"stop_lon":-118.379133,"stop_sequence":12,"segment_first_lat":33.9707124116,"segment_first_lon":-118.3792445505,"segment_second_lat":33.9711241108,"segment_second_lon":-118.3787853387,"segment_sequence":120001,"segment_id":6,"segment_len_meter":62.361507553360006,"segment_cum_len":4062.903608924477,"stop_segment_distance":15.368524794007136}
{"route_id":"105","stop_id":"3657","stop_lat":34.089203,"stop_lon":-118.376192,"stop_sequence":67,"segment_first_lat":34.0892173291,"segment_first_lon":-118.376345752,"segment_second_lat":34.0893536881,"segment_second_lon":-118.3763252278,"segment_sequence":670001,"segment_id":34,"segment_len_meter":15.27977283604345,"segment_cum_len":23686.528872151328,"stop_segment_distance":19.735449046514205}
{"route_id":"110","stop_id":"1446","stop_lat":33.972977,"stop_lon":-118.140834,"stop_sequence":85,"segment_first_lat":33.9730848735,"segment_first_lon":-118.1406492524,"segment_second_lat":33.9719690408,"segment_second_lon":-118.1408254771,"segment_sequence":850002,"segment_id":43,"segment_len_meter":125.13459892021572,"segment_cum_len":29203.18193852702,"stop_segment_distance":7.783554326387559}
{"route_id":"111","stop_id":"17880","stop_lat":33.916825,"stop_lon":-118.099378,"stop_sequence":88,"segment_first_lat":33.9168255002,"segment_first_lon":-118.0992275132,"segment_second_lat":33.9158335301,"segment_second_lon":-118.0992289754,"segment_sequence":880001,"segment_id":44,"segment_len_meter":110.30212502514433,"segment_cum_len":33429.642021757194,"stop_segment_distance":14.684877674394514}
{"route_id":"127","stop_id":"8972","stop_lat":33.90631,"stop_lon":-118.12547,"stop_sequence":11,"segment_first_lat":33.9089588687,"segment_first_lon":-118.1253289346,"segment_second_lat":33.9063099665,"segment_second_lon":-118.125318712,"segment_sequence":100002,"segment_id":5,"segment_len_meter":294.5459966001458,"segment_cum_len":4708.4870968427895,"stop_segment_distance":14.244129139741403}
{"route_id":"128","stop_id":"176158","stop_lat":33.870672,"stop_lon":-118.063589,"stop_sequence":2,"segment_first_lat":33.8706694571,"segment_first_lon":-118.063743438,"segment_second_lat":33.8718125371,"segment_second_lon":-118.0637709899,"segment_sequence":20001,"segment_id":1,"segment_len_meter":127.13014745429163,"segment_cum_len":493.49384732944714,"stop_segment_distance":15.061242227144248}
{"route_id":"150","stop_id":"20253","stop_lat":34.170741,"stop_lon":-118.571178,"stop_sequence":19,"segment_first_lat":34.1708587858,"segment_first_lon":-118.5712392041,"segment_second_lat":34.1709649205,"segment_second_lon":-118.5709344525,"segment_sequence":190001,"segment_id":10,"segment_len_meter":30.419422070983885,"segment_cum_len":7154.386281746058,"stop_segment_distance":17.33289554964324}
{"route_id":"152","stop_id":"10419","stop_lat":34.204738,"stop_lon":-118.623571,"stop_sequence":86,"segment_first_lat":34.2047387705,"segment_first_lon":-118.6234201923,"segment_second_lat":34.2026366299,"segment_second_lon":-118.6234160759,"segment_sequence":860001,"segment_id":43,"segment_len_meter":233.7476763527239,"segment_cum_len":34840.35991064942,"stop_segment_distance":14.216814550368895}
{"route_id":"152","stop_id":"13015","stop_lat":34.220405,"stop_lon":-118.567002,"stop_sequence":69,"segment_first_lat":34.2202747093,"segment_first_lon":-118.5669977052,"segment_second_lat":34.2202586461,"segment_second_lon":-118.5676691166,"segment_sequence":690001,"segment_id":35,"segment_len_meter":61.75878916391495,"segment_cum_len":27844.25529500713,"stop_segment_distance":16.19440012989579}
{"route_id":"161","stop_id":"9165","stop_lat":34.173433,"stop_lon":-118.597589,"stop_sequence":6,"segment_first_lat":34.1752363474,"segment_first_lon":-118.5974297977,"segment_second_lat":34.1734336848,"segment_second_lon":-118.5974354212,"segment_sequence":50005,"segment_id":3,"segment_len_meter":200.44760316691082,"segment_cum_len":2372.1307115864574,"stop_segment_distance":14.738481034843375}
{"route_id":"163","stop_id":"6218","stop_lat":34.201052,"stop_lon":-118.470713,"stop_sequence":40,"segment_first_lat":34.2011747022,"segment_first_lon":-118.4723411255,"segment_second_lat":34.2011785712,"segment_second_lon":-118.4707139998,"segment_sequence":390008,"segment_id":20,"segment_len_meter":149.64066568358342,"segment_cum_len":14842.37545088305,"stop_segment_distance":14.786158842309675}
{"route_id":"163","stop_id":"6233","stop_lat":34.200902,"stop_lon":-118.549315,"stop_sequence":22,"segment_first_lat":34.2010265261,"segment_first_lon":-118.5497025624,"segment_second_lat":34.2010282837,"segment_second_lon":-118.5493156295,"segment_sequence":210003,"segment_id":11,"segment_len_meter":35.58522440930879,"segment_cum_len":7585.53391292105,"stop_segment_distance":16.694754273176898}
{"route_id":"165","stop_id":"6868","stop_lat":34.193821,"stop_lon":-118.391776,"stop_sequence":61,"segment_first_lat":34.1939461259,"segment_first_lon":-118.3917767872,"segment_second_lat":34.1939465671,"segment_second_lon":-118.3910459616,"segment_sequence":610001,"segment_id":31,"segment_len_meter":67.21680126068567,"segment_cum_len":23718.731248067907,"stop_segment_distance":15.277536639220159}
{"route_id":"169","stop_id":"6119","stop_lat":34.208222,"stop_lon":-118.570667,"stop_sequence":60,"segment_first_lat":34.2083496417,"segment_first_lon":-118.570667456,"segment_second_lat":34.2083458652,"segment_second_lon":-118.5667943351,"segment_sequence":600001,"segment_id":30,"segment_len_meter":356.1649188732987,"segment_cum_len":24886.432436579395,"stop_segment_distance":14.41750244214029}
{"route_id":"176","stop_id":"11761","stop_lat":34.115783,"stop_lon":-118.141867,"stop_sequence":78,"segment_first_lat":34.1157111996,"segment_first_lon":-118.1418671241,"segment_second_lat":34.1156859056,"segment_second_lon":-118.1423461315,"segment_sequence":780002,"segment_id":39,"segment_len_meter":44.18655732847855,"segment_cum_len":29059.088578787294,"stop_segment_distance":9.207749500347461}
{"route_id":"18","stop_id":"7366","stop_lat":34.063614,"stop_lon":-118.288587,"stop_sequence":9,"segment_first_lat":34.0637014525,"segment_first_lon":-118.289921705,"segment_second_lat":34.0637120663,"segment_second_lon":-118.2885878336,"segment_sequence":80002,"segment_id":4,"segment_len_meter":122.8760032653508,"segment_cum_len":2419.017988596701,"stop_segment_distance":11.359898079389566}
{"route_id":"206","stop_id":"13750","stop_lat":34.022021,"stop_lon":-118.300315,"stop_sequence":34,"segment_first_lat":34.0227880015,"segment_first_lon":-118.3002051203,"segment_second_lat":34.022021367,"segment_second_lon":-118.3001967603,"segment_sequence":330004,"segment_id":17,"segment_len_meter":85.24934867575902,"segment_cum_len":10426.241917567913,"stop_segment_distance":11.533564061787814}
{"route_id":"206","stop_id":"16054","stop_lat":33.930842,"stop_lon":-118.29558,"stop_sequence":69,"segment_first_lat":33.9309735344,"segment_first_lon":-118.2958445047,"segment_second_lat":33.9309722577,"segment_second_lon":-118.2955807783,"segment_sequence":680005,"segment_id":34,"segment_len_meter":24.331710484242144,"segment_cum_len":20986.19046388655,"stop_segment_distance":18.602962799713218}
{"route_id":"209","stop_id":"848","stop_lat":33.900902,"stop_lon":-118.326359,"stop_sequence":1,"segment_first_lat":33.900829503,"segment_first_lon":-118.3263551007,"segment_second_lat":33.9008246603,"segment_second_lon":-118.3265198488,"segment_sequence":10001,"segment_id":1,"segment_len_meter":15.214506665037518,"segment_cum_len":15.214506665037518,"stop_segment_distance":10.01095784250715}
{"route_id":"211","stop_id":"12317","stop_lat":33.965559,"stop_lon":-118.344099,"stop_sequence":33,"segment_first_lat":33.9659690652,"segment_first_lon":-118.3439427165,"segment_second_lat":33.965559631,"segment_second_lon":-118.3439436734,"segment_sequence":320002,"segment_id":16,"segment_len_meter":45.52709136167836,"segment_cum_len":11020.471570720372,"stop_segment_distance":16.618438120653806}
{"route_id":"224","stop_id":"2835","stop_lat":34.215603,"stop_lon":-118.387644,"stop_sequence":27,"segment_first_lat":34.2148080821,"segment_first_lon":-118.3877796856,"segment_second_lat":34.2155994175,"segment_second_lon":-118.3877975839,"segment_sequence":260004,"segment_id":13,"segment_len_meter":88.0078710568735,"segment_cum_len":9374.775204468024,"stop_segment_distance":15.386822519776672}
{"route_id":"224","stop_id":"5838","stop_lat":34.254142,"stop_lon":-118.409231,"stop_sequence":36,"segment_first_lat":34.251989422,"segment_first_lon":-118.4071425549,"segment_second_lat":34.2540591163,"segment_second_lon":-118.4093480383,"segment_sequence":350003,"segment_id":18,"segment_len_meter":306.68104804826726,"segment_cum_len":14395.0952376818,"stop_segment_distance":14.29819701879768}
{"route_id":"232","stop_id":"23200110","stop_lat":33.877744,"stop_lon":-118.395814,"stop_sequence":74,"segment_first_lat":33.8772763444,"segment_first_lon":-118.3959568462,"segment_second_lat":33.8777434547,"segment_second_lon":-118.395963994,"segment_sequence":730014,"segment_id":37,"segment_len_meter":51.94448696023907,"segment_cum_len":29290.115075258345,"stop_segment_distance":15.54966324732154}
{"route_id":"239","stop_id":"16564","stop_lat":34.168467,"stop_lon":-118.518396,"stop_sequence":4,"segment_first_lat":34.1682138866,"segment_first_lon":-118.5185565282,"segment_second_lat":34.1684667142,"segment_second_lon":-118.5185518161,"segment_sequence":30003,"segment_id":2,"segment_len_meter":28.116488811745157,"segment_cum_len":1055.6743584698122,"stop_segment_distance":18.003396892142213}
{"route_id":"246","stop_id":"12033","stop_lat":33.750996,"stop_lon":-118.286931,"stop_sequence":25,"segment_first_lat":33.7509466011,"segment_first_lon":-118.2870638647,"segment_second_lat":33.7510121904,"segment_second_lon":-118.2870986283,"segment_sequence":250001,"segment_id":13,"segment_len_meter":7.9699921480131835,"segment_cum_len":5527.908308728,"stop_segment_distance":21.088227549640294}
{"route_id":"252","stop_id":"6301","stop_lat":34.06886,"stop_lon":-118.195101,"stop_sequence":15,"segment_first_lat":34.0680076464,"segment_first_lon":-118.1954126016,"segment_second_lat":34.0688790408,"segment_second_lon":-118.1952145391,"segment_sequence":140019,"segment_id":7,"segment_len_meter":98.5971617220922,"segment_cum_len":5459.74642082728,"stop_segment_distance":11.101091933088014}
{"route_id":"256","stop_id":"10059","stop_lat":34.044404,"stop_lon":-118.173459,"stop_sequence":18,"segment_first_lat":34.0444065601,"segment_first_lon":-118.1736129166,"segment_second_lat":34.0451512513,"segment_second_lon":-118.1735989469,"segment_sequence":180001,"segment_id":9,"segment_len_meter":82.81588604741896,"segment_cum_len":3919.6393841857243,"stop_segment_distance":15.453389944149976}
{"route_id":"256","stop_id":"9877","stop_lat":34.027626,"stop_lon":-118.169645,"stop_sequence":8,"segment_first_lat":34.0261546511,"segment_first_lon":-118.1701800742,"segment_second_lat":34.0276405055,"segment_second_lon":-118.1697286414,"segment_sequence":70002,"segment_id":4,"segment_len_meter":170.37665327184052,"segment_cum_len":1532.2835328272142,"stop_segment_distance":8.374174276604947}
{"route_id":"265","stop_id":"4291","stop_lat":33.969305,"stop_lon":-118.113774,"stop_sequence":50,"segment_first_lat":33.9693636455,"segment_first_lon":-118.1139072537,"segment_second_lat":33.9695629899,"segment_second_lon":-118.1137742844,"segment_sequence":500001,"segment_id":25,"segment_len_meter":25.33171280702637,"segment_cum_len":19585.154689620256,"stop_segment_distance":17.26694297254371}
{"route_id":"267","stop_id":"3759","stop_lat":34.147499,"stop_lon":-118.14127,"stop_sequence":53,"segment_first_lat":34.1474990941,"segment_first_lon":-118.141422023,"segment_second_lat":34.1486064689,"segment_second_lon":-118.1414371173,"segment_sequence":530001,"segment_id":27,"segment_len_meter":123.14229400076441,"segment_cum_len":17677.974775699404,"stop_segment_distance":14.949019607597833}
{"route_id":"268","stop_id":"11833","stop_lat":34.166005,"stop_lon":-118.098187,"stop_sequence":58,"segment_first_lat":34.1660075082,"segment_first_lon":-118.0983389819,"segment_second_lat":34.1667137183,"segment_second_lon":-118.0983302262,"segment_sequence":580001,"segment_id":29,"segment_len_meter":78.53111200864565,"segment_cum_len":23209.751095780048,"stop_segment_distance":15.354643410589361}
{"route_id":"30","stop_id":"16194","stop_lat":34.047698,"stop_lon":-118.326479,"stop_sequence":4,"segment_first_lat":34.0478073617,"segment_first_lon":-118.3264678811,"segment_second_lat":34.0477679021,"segment_second_lon":-118.3260204243,"segment_sequence":40001,"segment_id":2,"segment_len_meter":41.45832181953723,"segment_cum_len":1371.7283008316415,"stop_segment_distance":13.70417561148411}
{"route_id":"33","stop_id":"5279","stop_lat":34.036145,"stop_lon":-118.260335,"stop_sequence":72,"segment_first_lat":34.0357174559,"segment_first_lon":-118.2608648737,"segment_second_lat":34.0362154104,"segment_second_lon":-118.2604640748,"segment_sequence":710007,"segment_id":36,"segment_len_meter":66.55677269418881,"segment_cum_len":22812.580910245444,"stop_segment_distance":15.829852182441982}
{"route_id":"40","stop_id":"3102","stop_lat":34.051034,"stop_lon":-118.246348,"stop_sequence":10,"segment_first_lat":34.0517118213,"segment_first_lon":-118.2456067241,"segment_second_lat":34.0509946221,"segment_second_lon":-118.2462840155,"segment_sequence":90004,"segment_id":5,"segment_len_meter":101.25918340244529,"segment_cum_len":3763.3100845944878,"stop_segment_distance":7.792424777981765}
{"route_id":"53","stop_id":"4863","stop_lat":33.978275,"stop_lon":-118.256269,"stop_sequence":45,"segment_first_lat":33.9775629957,"segment_first_lon":-118.256409047,"segment_second_lat":33.9782719208,"segment_second_lon":-118.2564194637,"segment_sequence":440004,"segment_id":22,"segment_len_meter":78.83472606833844,"segment_cum_len":15476.69923227084,"stop_segment_distance":15.261018978660701}
{"route_id":"611","stop_id":"9611","stop_lat":33.99951,"stop_lon":-118.196721,"stop_sequence":55,"segment_first_lat":33.9996076609,"segment_first_lon":-118.1967072403,"segment_second_lat":33.9992541233,"segment_second_lon":-118.1932363073,"segment_sequence":550001,"segment_id":28,"segment_len_meter":322.3751866667858,"segment_cum_len":17084.257860688398,"stop_segment_distance":11.053529078492318}
{"route_id":"720","stop_id":"145000","stop_lat":34.018609,"stop_lon":-118.154087,"stop_sequence":1,"segment_first_lat":34.0186426212,"segment_first_lon":-118.1541744859,"segment_second_lat":34.0188890158,"segment_second_lon":-118.1540284208,"segment_sequence":10001,"segment_id":1,"segment_len_meter":30.52648969038825,"segment_cum_len":30.52648969038825,"stop_segment_distance":9.962087552596234}
{"route_id":"734","stop_id":"10985","stop_lat":34.069373,"stop_lon":-118.439112,"stop_sequence":24,"segment_first_lat":34.0693549334,"segment_first_lon":-118.4389971591,"segment_second_lat":34.0689063567,"segment_second_lon":-118.4391060815,"segment_sequence":240001,"segment_id":12,"segment_len_meter":50.878454039135775,"segment_cum_len":33835.711421272856,"stop_segment_distance":11.779779134834847}
{"route_id":"76","stop_id":"16389","stop_lat":34.079773,"stop_lon":-118.102396,"stop_sequence":19,"segment_first_lat":34.0796392586,"segment_first_lon":-118.1016392052,"segment_second_lat":34.0796053817,"segment_second_lon":-118.1023825272,"segment_sequence":180005,"segment_id":9,"segment_len_meter":68.5622329266535,"segment_cum_len":6848.803886344094,"stop_segment_distance":21.385607211869058}
{"route_id":"81","stop_id":"12021","stop_lat":34.093044,"stop_lon":-118.209855,"stop_sequence":36,"segment_first_lat":34.0936964584,"segment_first_lon":-118.2091500639,"segment_second_lat":34.0929716635,"segment_second_lon":-118.2097302224,"segment_sequence":350004,"segment_id":18,"segment_len_meter":96.69191149374221,"segment_cum_len":10143.751236828582,"stop_segment_distance":14.684532139894841}
{"route_id":"90","stop_id":"2050","stop_lat":34.226584,"stop_lon":-118.24411,"stop_sequence":29,"segment_first_lat":34.2266860421,"segment_first_lon":-118.2440174318,"segment_second_lat":34.2262368513,"segment_second_lon":-118.2432916284,"segment_sequence":290001,"segment_id":15,"segment_len_meter":83.35197852678797,"segment_cum_len":8772.65109918503,"stop_segment_distance":15.395584485310707}
{"route_id":"910","stop_id":"13561","stop_lat":34.05007,"stop_lon":-118.254268,"stop_sequence":9,"segment_first_lat":34.0499951488,"segment_first_lon":-118.2541438916,"segment_second_lat":34.0487488543,"segment_second_lon":-118.2552506161,"segment_sequence":90001,"segment_id":5,"segment_len_meter":172.05082196617218,"segment_cum_len":20933.214706582505,"stop_segment_distance":14.650724920160286}
{"route_id":"92","stop_id":"30015","stop_lat":34.293471,"stop_lon":-118.45085,"stop_sequence":121,"segment_first_lat":34.2935781456,"segment_first_lon":-118.4507642343,"segment_second_lat":34.2934632292,"segment_second_lon":-118.4507788433,"segment_sequence":1200008,"segment_id":60,"segment_len_meter":12.848403889860498,"segment_cum_len":41566.48040360905,"stop_segment_distance":8.028868720232422}
{"route_id":"92","stop_id":"3577","stop_lat":34.19665,"stop_lon":-118.324429,"stop_sequence":79,"segment_first_lat":34.1962000465,"segment_first_lon":-118.3240368939,"segment_second_lat":34.1965537549,"segment_second_lon":-118.3245286955,"segment_sequence":780006,"segment_id":39,"segment_len_meter":59.93986049302377,"segment_cum_len":24360.869295633474,"stop_segment_distance":15.82741544612577}
{"route_id":"92","stop_id":"3578","stop_lat":34.194054,"stop_lon":-118.320818,"stop_sequence":78,"segment_first_lat":34.1934403427,"segment_first_lon":-118.3202199634,"segment_second_lat":34.193959489,"segment_second_lon":-118.3209190493,"segment_sequence":770005,"segment_id":39,"segment_len_meter":86.40915527028336,"segment_cum_len":23921.059779605137,"stop_segment_distance":15.264280214686067}
{"route_id":"94","stop_id":"14227","stop_lat":34.165682,"stop_lon":-118.288104,"stop_sequence":55,"segment_first_lat":34.1657789946,"segment_first_lon":-118.2880041703,"segment_second_lat":34.1652802436,"segment_second_lon":-118.2873155129,"segment_sequence":550001,"segment_id":28,"segment_len_meter":84.20280438306303,"segment_cum_len":23052.507257212514,"stop_segment_distance":15.159825721321553}
