{"route_id":"200","segment_first_lat":34.0114357694,"segment_first_lon":-118.2801900558,"segment_second_lat":34.0110966495,"segment_second_lon":-118.280441016,"segment_sequence":10001,"segment_id":1,"segment_len_meter":44.23796035408156,"segment_cum_len":44.23796035408156}
{"route_id":"200","segment_first_lat":34.0110966495,"segment_first_lon":-118.280441016,"segment_second_lat":34.0110963812,"segment_second_lon":-118.2805565038,"segment_sequence":10002,"segment_id":1,"segment_len_meter":10.644867383782746,"segment_cum_len":54.882827737864304}
{"route_id":"200","segment_first_lat":34.0110963812,"segment_first_lon":-118.2805565038,"segment_second_lat":34.0110933188,"segment_second_lon":-118.2806917803,"segment_sequence":10003,"segment_id":1,"segment_len_meter":12.473453268443636,"segment_cum_len":67.35628100630794}
{"route_id":"200","segment_first_lat":34.0110933188,"segment_first_lon":-118.2806917803,"segment_second_lat":34.0110958134,"segment_second_lon":-118.280800678,"segment_sequence":10004,"segment_id":1,"segment_len_meter":10.041230420995253,"segment_cum_len":77.39751142730319}
{"route_id":"200","segment_first_lat":34.0110958134,"segment_first_lon":-118.280800678,"segment_second_lat":34.0110950069,"segment_second_lon":-118.2811471414,"segment_sequence":10005,"segment_id":1,"segment_len_meter":31.934603064807874,"segment_cum_len":109.33211449211106}
{"route_id":"200","segment_first_lat":34.0110950069,"segment_first_lon":-118.2811471414,"segment_second_lat":34.0110945917,"segment_second_lon":-118.2813253225,"segment_sequence":10006,"segment_id":1,"segment_len_meter":16.42350328932566,"segment_cum_len":125.75561778143671}
{"route_id":"200","segment_first_lat":34.0110945917,"segment_first_lon":-118.2813253225,"segment_second_lat":34.0110942686,"segment_second_lon":-118.2814639079,"segment_sequence":10007,"segment_id":1,"segment_len_meter":12.773845217619265,"segment_cum_len":138.52946299905597}
{"route_id":"200","segment_first_lat":34.0110942686,"segment_first_lon":-118.2814639079,"segment_second_lat":34.0111234014,"segment_second_lon":-118.2819325601,"segment_sequence":10008,"segment_id":1,"segment_len_meter":43.3182402561726,"segment_cum_len":181.84770325522857}
{"route_id":"200","segment_first_lat":34.0111234014,"segment_first_lon":-118.2819325601,"segment_second_lat":34.0111418265,"segment_second_lon":-118.2822790885,"segment_sequence":10009,"segment_id":1,"segment_len_meter":32.006094979326654,"segment_cum_len":213.85379823455523}
{"route_id":"200","segment_first_lat":34.0111418265,"segment_first_lon":-118.2822790885,"segment_second_lat":34.0111466066,"segment_second_lon":-118.2824675163,"segment_sequence":10010,"segment_id":1,"segment_len_meter":17.376025996068066,"segment_cum_len":231.2298242306233}
{"route_id":"200","segment_first_lat":34.0111466066,"segment_first_lon":-118.2824675163,"segment_second_lat":34.011146859,"segment_second_lon":-118.2824770862,"segment_sequence":20001,"segment_id":1,"segment_len_meter":0.8825296424780311,"segment_cum_len":232.11235387310134}
{"route_id":"200","segment_first_lat":34.011146859,"segment_first_lon":-118.2824770862,"segment_second_lat":34.0111435163,"segment_second_lon":-118.2827311502,"segment_sequence":20002,"segment_id":1,"segment_len_meter":23.420708135929985,"segment_cum_len":255.5330620090313}
{"route_id":"200","segment_first_lat":34.0111435163,"segment_first_lon":-118.2827311502,"segment_second_lat":34.0118387207,"segment_second_lon":-118.2827334984,"segment_sequence":20003,"segment_id":1,"segment_len_meter":77.30350526056252,"segment_cum_len":332.83656726959384}
{"route_id":"200","segment_first_lat":34.0118387207,"segment_first_lon":-118.2827334984,"segment_second_lat":34.0138501355,"segment_second_lon":-118.2827432623,"segment_sequence":20004,"segment_id":1,"segment_len_meter":223.66093170781906,"segment_cum_len":556.4974989774129}
{"route_id":"200","segment_first_lat":34.0138501355,"segment_first_lon":-118.2827432623,"segment_second_lat":34.0140424838,"segment_second_lon":-118.282744242,"segment_sequence":30001,"segment_id":2,"segment_len_meter":21.38834572320907,"segment_cum_len":577.885844700622}
{"route_id":"200","segment_first_lat":34.0140424838,"segment_first_lon":-118.282744242,"segment_second_lat":34.0150729253,"segment_second_lon":-118.2827477227,"segment_sequence":30002,"segment_id":2,"segment_len_meter":114.5803161250714,"segment_cum_len":692.4661608256934}
{"route_id":"200","segment_first_lat":34.0150729253,"segment_first_lon":-118.2827477227,"segment_second_lat":34.0157433916,"segment_second_lon":-118.2827532874,"segment_sequence":30003,"segment_id":2,"segment_len_meter":74.55421524382628,"segment_cum_len":767.0203760695197}
{"route_id":"200","segment_first_lat":34.0157433916,"segment_first_lon":-118.2827532874,"segment_second_lat":34.0161280898,"segment_second_lon":-118.282754587,"segment_sequence":30004,"segment_id":2,"segment_len_meter":42.7766558316575,"segment_cum_len":809.7970319011772}
{"route_id":"200","segment_first_lat":34.0161280898,"segment_first_lon":-118.282754587,"segment_second_lat":34.0163479173,"segment_second_lon":-118.2827553296,"segment_sequence":30005,"segment_id":2,"segment_len_meter":24.443798559206282,"segment_cum_len":834.2408304603834}
{"route_id":"200","segment_first_lat":34.0163479173,"segment_first_lon":-118.2827553296,"segment_second_lat":34.0165155359,"segment_second_lon":-118.2827558958,"segment_sequence":40001,"segment_id":2,"segment_len_meter":18.63841098610693,"segment_cum_len":852.8792414464904}
{"route_id":"200","segment_first_lat":34.0165155359,"segment_first_lon":-118.2827558958,"segment_second_lat":34.0172025047,"segment_second_lon":-118.2827549166,"segment_sequence":40002,"segment_id":2,"segment_len_meter":76.38749863694346,"segment_cum_len":929.2667400834339}
{"route_id":"200","segment_first_lat":34.0172025047,"segment_first_lon":-118.2827549166,"segment_second_lat":34.0174746031,"segment_second_lon":-118.2827294364,"segment_sequence":40003,"segment_id":2,"segment_len_meter":30.3469640799249,"segment_cum_len":959.6137041633588}
{"route_id":"200","segment_first_lat":34.0174746031,"segment_first_lon":-118.2827294364,"segment_second_lat":34.0175955624,"segment_second_lon":-118.2827067454,"segment_sequence":40004,"segment_id":2,"segment_len_meter":13.611678805876553,"segment_cum_len":973.2253829692353}
{"route_id":"200","segment_first_lat":34.0175955624,"segment_first_lon":-118.2827067454,"segment_second_lat":34.017636811,"segment_second_lon":-118.282693685,"segment_sequence":40005,"segment_id":2,"segment_len_meter":4.741957776421389,"segment_cum_len":977.9673407456567}
{"route_id":"200","segment_first_lat":34.017636811,"segment_first_lon":-118.282693685,"segment_second_lat":34.017700081,"segment_second_lon":-118.2826641993,"segment_sequence":40006,"segment_id":2,"segment_len_meter":7.5419267432878065,"segment_cum_len":985.5092674889445}
{"route_id":"200","segment_first_lat":34.017700081,"segment_first_lon":-118.2826641993,"segment_second_lat":34.0177743732,"segment_second_lon":-118.2826215509,"segment_sequence":40007,"segment_id":2,"segment_len_meter":9.14840011916623,"segment_cum_len":994.6576676081107}
{"route_id":"200","segment_first_lat":34.0177743732,"segment_first_lon":-118.2826215509,"segment_second_lat":34.018184443,"segment_second_lon":-118.2823490392,"segment_sequence":40008,"segment_id":2,"segment_len_meter":52.057348656052994,"segment_cum_len":1046.7150162641638}
{"route_id":"200","segment_first_lat":34.018184443,"segment_first_lon":-118.2823490392,"segment_second_lat":34.0182945189,"segment_second_lon":-118.2822801113,"segment_sequence":40009,"segment_id":2,"segment_len_meter":13.790285822823403,"segment_cum_len":1060.505302086987}
{"route_id":"200","segment_first_lat":34.0182945189,"segment_first_lon":-118.2822801113,"segment_second_lat":34.0183660632,"segment_second_lon":-118.2822374531,"segment_sequence":40010,"segment_id":2,"segment_len_meter":8.87384837543424,"segment_cum_len":1069.3791504624212}
{"route_id":"200","segment_first_lat":34.0183660632,"segment_first_lon":-118.2822374531,"segment_second_lat":34.0188523307,"segment_second_lon":-118.2819295544,"segment_sequence":40011,"segment_id":2,"segment_len_meter":61.064644409274905,"segment_cum_len":1130.4437948716961}
{"route_id":"200","segment_first_lat":34.0188523307,"segment_first_lon":-118.2819295544,"segment_second_lat":34.01885866,"segment_second_lon":-118.2819256158,"segment_sequence":50001,"segment_id":3,"segment_len_meter":0.7918854648098389,"segment_cum_len":1131.235680336506}
{"route_id":"200","segment_first_lat":34.01885866,"segment_first_lon":-118.2819256158,"segment_second_lat":34.0196787497,"segment_second_lon":-118.2814003756,"segment_sequence":50002,"segment_id":3,"segment_len_meter":103.24210543798827,"segment_cum_len":1234.4777857744944}
{"route_id":"200","segment_first_lat":34.0196787497,"segment_first_lon":-118.2814003756,"segment_second_lat":34.0204327815,"segment_second_lon":-118.2809211042,"segment_sequence":50003,"segment_id":3,"segment_len_meter":94.76807066758997,"segment_cum_len":1329.2458564420842}
{"route_id":"200","segment_first_lat":34.0204327815,"segment_first_lon":-118.2809211042,"segment_second_lat":34.0211510434,"segment_second_lon":-118.2804615047,"segment_sequence":50004,"segment_id":3,"segment_len_meter":90.40423255256921,"segment_cum_len":1419.6500889946535}
{"route_id":"200","segment_first_lat":34.0211510434,"segment_first_lon":-118.2804615047,"segment_second_lat":34.0219298174,"segment_second_lon":-118.2799756989,"segment_sequence":50005,"segment_id":3,"segment_len_meter":97.4853755383305,"segment_cum_len":1517.135464532984}
{"route_id":"200","segment_first_lat":34.0219298174,"segment_first_lon":-118.2799756989,"segment_second_lat":34.0221252604,"segment_second_lon":-118.2804192277,"segment_sequence":50006,"segment_id":3,"segment_len_meter":46.294044843161615,"segment_cum_len":1563.4295093761457}
{"route_id":"200","segment_first_lat":34.0221252604,"segment_first_lon":-118.2804192277,"segment_second_lat":34.0229124825,"segment_second_lon":-118.2822059225,"segment_sequence":60001,"segment_id":3,"segment_len_meter":186.4834914435877,"segment_cum_len":1749.9130008197335}
{"route_id":"200","segment_first_lat":34.0229124825,"segment_first_lon":-118.2822059225,"segment_second_lat":34.0229767158,"segment_second_lon":-118.2823520055,"segment_sequence":70001,"segment_id":4,"segment_len_meter":15.24028238608051,"segment_cum_len":1765.153283205814}
{"route_id":"200","segment_first_lat":34.0229767158,"segment_first_lon":-118.2823520055,"segment_second_lat":34.0232364012,"segment_second_lon":-118.282933709,"segment_sequence":70002,"segment_id":4,"segment_len_meter":60.89167954908579,"segment_cum_len":1826.0449627548999}
{"route_id":"200","segment_first_lat":34.0232364012,"segment_first_lon":-118.282933709,"segment_second_lat":34.0236026683,"segment_second_lon":-118.2837632899,"segment_sequence":70003,"segment_id":4,"segment_len_meter":86.62476795396515,"segment_cum_len":1912.669730708865}
{"route_id":"200","segment_first_lat":34.0236026683,"segment_first_lon":-118.2837632899,"segment_second_lat":34.0236483121,"segment_second_lon":-118.2838677301,"segment_sequence":70004,"segment_id":4,"segment_len_meter":10.881275421445087,"segment_cum_len":1923.55100613031}
{"route_id":"200","segment_first_lat":34.0236483121,"segment_first_lon":-118.2838677301,"segment_second_lat":34.023654598,"segment_second_lon":-118.2838822722,"segment_sequence":80001,"segment_id":4,"segment_len_meter":1.511504552089319,"segment_cum_len":1925.0625106823993}
{"route_id":"200","segment_first_lat":34.023654598,"segment_first_lon":-118.2838822722,"segment_second_lat":34.0237119923,"segment_second_lon":-118.2840144739,"segment_sequence":80002,"segment_id":4,"segment_len_meter":13.753875288191438,"segment_cum_len":1938.8163859705908}
{"route_id":"200","segment_first_lat":34.0237119923,"segment_first_lon":-118.2840144739,"segment_second_lat":34.0238303592,"segment_second_lon":-118.2839257707,"segment_sequence":80003,"segment_id":4,"segment_len_meter":15.493876993462289,"segment_cum_len":1954.310262964053}
{"route_id":"200","segment_first_lat":34.0238303592,"segment_first_lon":-118.2839257707,"segment_second_lat":34.0240449705,"segment_second_lon":-118.283807692,"segment_sequence":80004,"segment_id":4,"segment_len_meter":26.22771992016374,"segment_cum_len":1980.5379828842167}
{"route_id":"200","segment_first_lat":34.0240449705,"segment_first_lon":-118.283807692,"segment_second_lat":34.024108233,"segment_second_lon":-118.283781505,"segment_sequence":80005,"segment_id":4,"segment_len_meter":7.436938380106995,"segment_cum_len":1987.9749212643237}
{"route_id":"200","segment_first_lat":34.024108233,"segment_first_lon":-118.283781505,"segment_second_lat":34.0242594033,"segment_second_lon":-118.2837655166,"segment_sequence":80006,"segment_id":4,"segment_len_meter":16.873827060366775,"segment_cum_len":2004.8487483246904}
{"route_id":"200","segment_first_lat":34.0242594033,"segment_first_lon":-118.2837655166,"segment_second_lat":34.0245890983,"segment_second_lon":-118.2837864357,"segment_sequence":80007,"segment_id":4,"segment_len_meter":36.71106691293259,"segment_cum_len":2041.559815237623}
{"route_id":"200","segment_first_lat":34.0245890983,"segment_first_lon":-118.2837864357,"segment_second_lat":34.0248719867,"segment_second_lon":-118.2838467989,"segment_sequence":80008,"segment_id":4,"segment_len_meter":31.94387105079504,"segment_cum_len":2073.503686288418}
{"route_id":"200","segment_first_lat":34.0248719867,"segment_first_lon":-118.2838467989,"segment_second_lat":34.0253114946,"segment_second_lon":-118.283910994,"segment_sequence":80009,"segment_id":4,"segment_len_meter":49.22782943619583,"segment_cum_len":2122.731515724614}
{"route_id":"200","segment_first_lat":34.0253114946,"segment_first_lon":-118.283910994,"segment_second_lat":34.0253667154,"segment_second_lon":-118.2839158017,"segment_sequence":80010,"segment_id":4,"segment_len_meter":6.156237183245467,"segment_cum_len":2128.8877529078595}
{"route_id":"200","segment_first_lat":34.0253667154,"segment_first_lon":-118.2839158017,"segment_second_lat":34.025503805,"segment_second_lon":-118.2839281476,"segment_sequence":90001,"segment_id":5,"segment_len_meter":15.286069455648764,"segment_cum_len":2144.1738223635084}
{"route_id":"200","segment_first_lat":34.025503805,"segment_first_lon":-118.2839281476,"segment_second_lat":34.0257208615,"segment_second_lon":-118.2839387847,"segment_sequence":90002,"segment_id":5,"segment_len_meter":24.15548081605156,"segment_cum_len":2168.32930317956}
{"route_id":"200","segment_first_lat":34.0257208615,"segment_first_lon":-118.2839387847,"segment_second_lat":34.0258582615,"segment_second_lon":-118.2839359506,"segment_sequence":90003,"segment_id":5,"segment_len_meter":15.28041521524286,"segment_cum_len":2183.609718394803}
{"route_id":"200","segment_first_lat":34.0258582615,"segment_first_lon":-118.2839359506,"segment_second_lat":34.0265726782,"segment_second_lon":-118.2839482752,"segment_sequence":90004,"segment_id":5,"segment_len_meter":79.44763163499802,"segment_cum_len":2263.057350029801}
{"route_id":"200","segment_first_lat":34.0265726782,"segment_first_lon":-118.2839482752,"segment_second_lat":34.027397032,"segment_second_lon":-118.2839510721,"segment_sequence":90005,"segment_id":5,"segment_len_meter":91.6643227028927,"segment_cum_len":2354.7216727326936}
{"route_id":"200","segment_first_lat":34.027397032,"segment_first_lon":-118.2839510721,"segment_second_lat":34.0276718205,"segment_second_lon":-118.2839503543,"segment_sequence":90006,"segment_id":5,"segment_len_meter":30.55515870225904,"segment_cum_len":2385.276831434953}
{"route_id":"200","segment_first_lat":34.0276718205,"segment_first_lon":-118.2839503543,"segment_second_lat":34.0283972635,"segment_second_lon":-118.2839478651,"segment_sequence":100001,"segment_id":5,"segment_len_meter":80.66590733082323,"segment_cum_len":2465.942738765776}
{"route_id":"200","segment_first_lat":34.0283972635,"segment_first_lon":-118.2839478651,"segment_second_lat":34.0290127811,"segment_second_lon":-118.2839499535,"segment_sequence":100002,"segment_id":5,"segment_len_meter":68.44270496087172,"segment_cum_len":2534.3854437266477}
{"route_id":"200","segment_first_lat":34.0290127811,"segment_first_lon":-118.2839499535,"segment_second_lat":34.0292875781,"segment_second_lon":-118.2839456052,"segment_sequence":100003,"segment_id":5,"segment_len_meter":30.55865958072865,"segment_cum_len":2564.9441033073763}
{"route_id":"200","segment_first_lat":34.0292875781,"segment_first_lon":-118.2839456052,"segment_second_lat":34.0293672688,"segment_second_lon":-118.2839445554,"segment_sequence":110001,"segment_id":6,"segment_len_meter":8.861729615905903,"segment_cum_len":2573.805832923282}
{"route_id":"200","segment_first_lat":34.0293672688,"segment_first_lon":-118.2839445554,"segment_second_lat":34.0302932697,"segment_second_lon":-118.2839575986,"segment_sequence":110002,"segment_id":6,"segment_len_meter":102.97361735258285,"segment_cum_len":2676.779450275865}
{"route_id":"200","segment_first_lat":34.0302932697,"segment_first_lon":-118.2839575986,"segment_second_lat":34.0309664688,"segment_second_lon":-118.2839697842,"segment_sequence":110003,"segment_id":6,"segment_len_meter":74.86474655449669,"segment_cum_len":2751.644196830362}
{"route_id":"200","segment_first_lat":34.0309664688,"segment_first_lon":-118.2839697842,"segment_second_lat":34.0317056318,"segment_second_lon":-118.2839755928,"segment_sequence":110004,"segment_id":6,"segment_len_meter":82.19291849709526,"segment_cum_len":2833.8371153274575}
{"route_id":"200","segment_first_lat":34.0317056318,"segment_first_lon":-118.2839755928,"segment_second_lat":34.0319804188,"segment_second_lon":-118.2839755351,"segment_sequence":110005,"segment_id":6,"segment_len_meter":30.55492077074824,"segment_cum_len":2864.3920360982056}
{"route_id":"200","segment_first_lat":34.0319804188,"segment_first_lon":-118.2839755351,"segment_second_lat":34.0325739591,"segment_second_lon":-118.2839752389,"segment_sequence":120001,"segment_id":6,"segment_len_meter":65.99867576264005,"segment_cum_len":2930.390711860846}
{"route_id":"200","segment_first_lat":34.0325739591,"segment_first_lon":-118.2839752389,"segment_second_lat":34.0327828188,"segment_second_lon":-118.283966046,"segment_sequence":120002,"segment_id":6,"segment_len_meter":23.239583564692506,"segment_cum_len":2953.6302954255384}
{"route_id":"200","segment_first_lat":34.0327828188,"segment_first_lon":-118.283966046,"segment_second_lat":34.0332114596,"segment_second_lon":-118.2839774022,"segment_sequence":120003,"segment_id":6,"segment_len_meter":47.674168767382334,"segment_cum_len":3001.304464192921}
{"route_id":"200","segment_first_lat":34.0332114596,"segment_first_lon":-118.2839774022,"segment_second_lat":34.0336016539,"segment_second_lon":-118.2839787262,"segment_sequence":120004,"segment_id":6,"segment_len_meter":43.38779810217116,"segment_cum_len":3044.692262295092}
{"route_id":"200","segment_first_lat":34.0336016539,"segment_first_lon":-118.2839787262,"segment_second_lat":34.0342886156,"segment_second_lon":-118.2839810574,"segment_sequence":120005,"segment_id":6,"segment_len_meter":76.38695789091285,"segment_cum_len":3121.079220186005}
{"route_id":"200","segment_first_lat":34.0342886156,"segment_first_lon":-118.2839810574,"segment_second_lat":34.0344012774,"segment_second_lon":-118.2839814398,"segment_sequence":120006,"segment_id":6,"segment_len_meter":12.52747014456205,"segment_cum_len":3133.606690330567}
{"route_id":"200","segment_first_lat":34.0344012774,"segment_first_lon":-118.2839814398,"segment_second_lat":34.0346760675,"segment_second_lon":-118.2839800618,"segment_sequence":120007,"segment_id":6,"segment_len_meter":30.555528855167744,"segment_cum_len":3164.1622191857346}
{"route_id":"200","segment_first_lat":34.0346760675,"segment_first_lon":-118.2839800618,"segment_second_lat":34.0351926729,"segment_second_lon":-118.2839775241,"segment_sequence":130001,"segment_id":7,"segment_len_meter":57.444375512206285,"segment_cum_len":3221.6065946979406}
{"route_id":"200","segment_first_lat":34.0351926729,"segment_first_lon":-118.2839775241,"segment_second_lat":34.0355444128,"segment_second_lon":-118.2839721165,"segment_sequence":130002,"segment_id":7,"segment_len_meter":39.11486641067358,"segment_cum_len":3260.721461108614}
{"route_id":"200","segment_first_lat":34.0355444128,"segment_first_lon":-118.2839721165,"segment_second_lat":34.0360115469,"segment_second_lon":-118.2839737017,"segment_sequence":130003,"segment_id":7,"segment_len_meter":51.943147364874086,"segment_cum_len":3312.6646084734884}
{"route_id":"200","segment_first_lat":34.0360115469,"segment_first_lon":-118.2839737017,"segment_second_lat":34.036192897,"segment_second_lon":-118.2839776178,"segment_sequence":130004,"segment_id":7,"segment_len_meter":20.168439478678614,"segment_cum_len":3332.833047952167}
{"route_id":"200","segment_first_lat":34.036192897,"segment_first_lon":-118.2839776178,"segment_second_lat":34.0365500939,"segment_second_lon":-118.283988732,"segment_sequence":130005,"segment_id":7,"segment_len_meter":39.73168412251551,"segment_cum_len":3372.5647320746825}
{"route_id":"200","segment_first_lat":34.0365500939,"segment_first_lon":-118.283988732,"segment_second_lat":34.0365913039,"segment_second_lon":-118.2839921725,"segment_sequence":130006,"segment_id":7,"segment_len_meter":4.593296378455099,"segment_cum_len":3377.158028453138}
{"route_id":"200","segment_first_lat":34.0365913039,"segment_first_lon":-118.2839921725,"segment_second_lat":34.0368413347,"segment_second_lon":-118.2840029231,"segment_sequence":130007,"segment_id":7,"segment_len_meter":27.819799033639104,"segment_cum_len":3404.9778274867767}
{"route_id":"200","segment_first_lat":34.0368413347,"segment_first_lon":-118.2840029231,"segment_second_lat":34.0369100309,"segment_second_lon":-118.2840031563,"segment_sequence":130008,"segment_id":7,"segment_len_meter":7.6386991439474246,"segment_cum_len":3412.6165266307244}
{"route_id":"200","segment_first_lat":34.0369100309,"segment_first_lon":-118.2840031563,"segment_second_lat":34.0370474233,"segment_second_lon":-118.2840036226,"segment_sequence":140001,"segment_id":7,"segment_len_meter":15.27739826103938,"segment_cum_len":3427.8939248917636}
{"route_id":"200","segment_first_lat":34.0370474233,"segment_first_lon":-118.2840036226,"segment_second_lat":34.0372370247,"segment_second_lon":-118.284004266,"segment_sequence":140002,"segment_id":7,"segment_len_meter":21.082797121377876,"segment_cum_len":3448.9767220131416}
{"route_id":"200","segment_first_lat":34.0372370247,"segment_first_lon":-118.284004266,"segment_second_lat":34.0373799128,"segment_second_lon":-118.284004751,"segment_sequence":140003,"segment_id":7,"segment_len_meter":15.88849464840962,"segment_cum_len":3464.865216661551}
{"route_id":"200","segment_first_lat":34.0373799128,"segment_first_lon":-118.284004751,"segment_second_lat":34.0374403654,"segment_second_lon":-118.2840049562,"segment_sequence":140004,"segment_id":7,"segment_len_meter":6.72204901534642,"segment_cum_len":3471.5872656768975}
{"route_id":"200","segment_first_lat":34.0374403654,"segment_first_lon":-118.2840049562,"segment_second_lat":34.0375228086,"segment_second_lon":-118.2840019352,"segment_sequence":140005,"segment_id":7,"segment_len_meter":9.171490962504093,"segment_cum_len":3480.7587566394013}
{"route_id":"200","segment_first_lat":34.0375228086,"segment_first_lon":-118.2840019352,"segment_second_lat":34.0381218472,"segment_second_lon":-118.2840006676,"segment_sequence":140006,"segment_id":7,"segment_len_meter":66.61015559041446,"segment_cum_len":3547.3689122298156}
{"route_id":"200","segment_first_lat":34.0381218472,"segment_first_lon":-118.2840006676,"segment_second_lat":34.0381987869,"segment_second_lon":-118.2840009287,"segment_sequence":140007,"segment_id":7,"segment_len_meter":8.555338124833781,"segment_cum_len":3555.9242503546493}
{"route_id":"200","segment_first_lat":34.0381987869,"segment_first_lon":-118.2840009287,"segment_second_lat":34.0395398677,"segment_second_lon":-118.284066545,"segment_sequence":140008,"segment_id":7,"segment_len_meter":149.24389803027367,"segment_cum_len":3705.168148384923}
{"route_id":"200","segment_first_lat":34.0395398677,"segment_first_lon":-118.284066545,"segment_second_lat":34.0398692998,"segment_second_lon":-118.284082517,"segment_sequence":150001,"segment_id":8,"segment_len_meter":36.660729362278325,"segment_cum_len":3741.828877747201}
{"route_id":"200","segment_first_lat":34.0398692998,"segment_first_lon":-118.284082517,"segment_second_lat":34.0403528666,"segment_second_lon":-118.2841072645,"segment_sequence":150002,"segment_id":8,"segment_len_meter":53.81850343042696,"segment_cum_len":3795.647381177628}
{"route_id":"200","segment_first_lat":34.0403528666,"segment_first_lon":-118.2841072645,"segment_second_lat":34.0407897511,"segment_second_lon":-118.2841186504,"segment_sequence":150003,"segment_id":8,"segment_len_meter":48.59066668932485,"segment_cum_len":3844.238047866953}
{"route_id":"200","segment_first_lat":34.0407897511,"segment_first_lon":-118.2841186504,"segment_second_lat":34.0415619019,"segment_second_lon":-118.2841189616,"segment_sequence":150004,"segment_id":8,"segment_len_meter":85.85925635294153,"segment_cum_len":3930.0973042198943}
{"route_id":"200","segment_first_lat":34.0415619019,"segment_first_lon":-118.2841189616,"segment_second_lat":34.041836689,"segment_second_lon":-118.2841189044,"segment_sequence":160001,"segment_id":8,"segment_len_meter":30.554931881560208,"segment_cum_len":3960.6522361014545}
{"route_id":"200","segment_first_lat":34.041836689,"segment_first_lon":-118.2841189044,"segment_second_lat":34.0428258989,"segment_second_lon":-118.2841288651,"segment_sequence":160002,"segment_id":8,"segment_len_meter":109.99895098909344,"segment_cum_len":4070.651187090548}
{"route_id":"200","segment_first_lat":34.0428258989,"segment_first_lon":-118.2841288651,"segment_second_lat":34.0429522999,"segment_second_lon":-118.2841292943,"segment_sequence":160003,"segment_id":8,"segment_len_meter":14.055205556122472,"segment_cum_len":4084.7063926466703}
{"route_id":"200","segment_first_lat":34.0429522999,"segment_first_lon":-118.2841292943,"segment_second_lat":34.043301331,"segment_second_lon":-118.2841073728,"segment_sequence":160004,"segment_id":8,"segment_len_meter":38.863009977980845,"segment_cum_len":4123.569402624651}
{"route_id":"200","segment_first_lat":34.043301331,"segment_first_lon":-118.2841073728,"segment_second_lat":34.0434277398,"segment_second_lon":-118.2841045011,"segment_sequence":160005,"segment_id":8,"segment_len_meter":14.058507372990606,"segment_cum_len":4137.627909997642}
{"route_id":"200","segment_first_lat":34.0434277398,"segment_first_lon":-118.2841045011,"segment_second_lat":34.0435156709,"segment_second_lon":-118.2841047996,"segment_sequence":160006,"segment_id":8,"segment_len_meter":9.777530895567821,"segment_cum_len":4147.40544089321}
{"route_id":"200","segment_first_lat":34.0435156709,"segment_first_lon":-118.2841047996,"segment_second_lat":34.0437629773,"segment_second_lon":-118.2841056393,"segment_sequence":170001,"segment_id":9,"segment_len_meter":27.49932584165151,"segment_cum_len":4174.904766734861}
{"route_id":"200","segment_first_lat":34.0437629773,"segment_first_lon":-118.2841056393,"segment_second_lat":34.0443619616,"segment_second_lon":-118.284127479,"segment_sequence":170002,"segment_id":9,"segment_len_meter":66.63440534261592,"segment_cum_len":4241.539172077477}
{"route_id":"200","segment_first_lat":34.0443619616,"segment_first_lon":-118.284127479,"segment_second_lat":34.0447850682,"segment_second_lon":-118.2841553238,"segment_sequence":170003,"segment_id":9,"segment_len_meter":47.117205092332796,"segment_cum_len":4288.656377169809}
{"route_id":"200","segment_first_lat":34.0447850682,"segment_first_lon":-118.2841553238,"segment_second_lat":34.0449968778,"segment_second_lon":-118.2840603137,"segment_sequence":170004,"segment_id":9,"segment_len_meter":25.126357710797123,"segment_cum_len":4313.782734880607}
{"route_id":"200","segment_first_lat":34.0449968778,"segment_first_lon":-118.2840603137,"segment_second_lat":34.0450656516,"segment_second_lon":-118.284027537,"segment_sequence":170005,"segment_id":9,"segment_len_meter":8.22198376937581,"segment_cum_len":4322.004718649982}
{"route_id":"200","segment_first_lat":34.0450656516,"segment_first_lon":-118.284027537,"segment_second_lat":34.0452475274,"segment_second_lon":-118.2839248324,"segment_sequence":170006,"segment_id":9,"segment_len_meter":22.32802231997542,"segment_cum_len":4344.332740969958}
{"route_id":"200","segment_first_lat":34.0452475274,"segment_first_lon":-118.2839248324,"segment_second_lat":34.0453270465,"segment_second_lon":-118.2838798781,"segment_sequence":180001,"segment_id":9,"segment_len_meter":9.76413629849002,"segment_cum_len":4354.096877268447}
{"route_id":"200","segment_first_lat":34.0453270465,"segment_first_lon":-118.2838798781,"segment_second_lat":34.0455498706,"segment_second_lon":-118.283775001,"segment_sequence":180002,"segment_id":9,"segment_len_meter":26.59448849279415,"segment_cum_len":4380.691365761241}
{"route_id":"200","segment_first_lat":34.0455498706,"segment_first_lon":-118.283775001,"segment_second_lat":34.0456846703,"segment_second_lon":-118.2837094373,"segment_sequence":180003,"segment_id":9,"segment_len_meter":16.160500799475027,"segment_cum_len":4396.851866560716}
{"route_id":"200","segment_first_lat":34.0456846703,"segment_first_lon":-118.2837094373,"segment_second_lat":34.0457122108,"segment_second_lon":-118.2836831223,"segment_sequence":180004,"segment_id":9,"segment_len_meter":3.905950526675331,"segment_cum_len":4400.757817087391}
{"route_id":"200","segment_first_lat":34.0457122108,"segment_first_lon":-118.2836831223,"segment_second_lat":34.0460314574,"segment_second_lon":-118.2834729372,"segment_sequence":180005,"segment_id":9,"segment_len_meter":40.43722694702309,"segment_cum_len":4441.195044034414}
{"route_id":"200","segment_first_lat":34.0460314574,"segment_first_lon":-118.2834729372,"segment_second_lat":34.0461030255,"segment_second_lon":-118.2834203627,"segment_sequence":180006,"segment_id":9,"segment_len_meter":9.316311279314613,"segment_cum_len":4450.511355313729}
{"route_id":"200","segment_first_lat":34.0461030255,"segment_first_lon":-118.2834203627,"segment_second_lat":34.0470915318,"segment_second_lon":-118.2827928716,"segment_sequence":180007,"segment_id":9,"segment_len_meter":124.19383178122196,"segment_cum_len":4574.705187094951}
{"route_id":"200","segment_first_lat":34.0470915318,"segment_first_lon":-118.2827928716,"segment_second_lat":34.0472616032,"segment_second_lon":-118.2826848401,"segment_sequence":190001,"segment_id":10,"segment_len_meter":21.370482057805283,"segment_cum_len":4596.075669152756}
{"route_id":"200","segment_first_lat":34.0472616032,"segment_first_lon":-118.2826848401,"segment_second_lat":34.0486703443,"segment_second_lon":-118.2817837616,"segment_sequence":190002,"segment_id":10,"segment_len_meter":177.28432346622228,"segment_cum_len":4773.359992618978}
{"route_id":"200","segment_first_lat":34.0486703443,"segment_first_lon":-118.2817837616,"segment_second_lat":34.0487917062,"segment_second_lon":-118.2817062629,"segment_sequence":200001,"segment_id":10,"segment_len_meter":15.267330600907071,"segment_cum_len":4788.6273232198855}
{"route_id":"200","segment_first_lat":34.0487917062,"segment_first_lon":-118.2817062629,"segment_second_lat":34.0495457173,"segment_second_lon":-118.2812367309,"segment_sequence":200002,"segment_id":10,"segment_len_meter":94.34418427731921,"segment_cum_len":4882.971507497205}
{"route_id":"200","segment_first_lat":34.0495457173,"segment_first_lon":-118.2812367309,"segment_second_lat":34.0501541964,"segment_second_lon":-118.2808393289,"segment_sequence":200003,"segment_id":10,"segment_len_meter":76.93082263607525,"segment_cum_len":4959.90233013328}
{"route_id":"200","segment_first_lat":34.0501541964,"segment_first_lon":-118.2808393289,"segment_second_lat":34.0502750112,"segment_second_lon":-118.2807605051,"segment_sequence":210001,"segment_id":11,"segment_len_meter":15.271202217597049,"segment_cum_len":4975.173532350877}
{"route_id":"200","segment_first_lat":34.0502750112,"segment_first_lon":-118.2807605051,"segment_second_lat":34.0515582419,"segment_second_lon":-118.2799427944,"segment_sequence":210002,"segment_id":11,"segment_len_meter":161.35513338108365,"segment_cum_len":5136.528665731961}
{"route_id":"200","segment_first_lat":34.0515582419,"segment_first_lon":-118.2799427944,"segment_second_lat":34.0517280367,"segment_second_lon":-118.2798344203,"segment_sequence":220001,"segment_id":11,"segment_len_meter":21.357762448170767,"segment_cum_len":5157.886428180132}
{"route_id":"200","segment_first_lat":34.0517280367,"segment_first_lon":-118.2798344203,"segment_second_lat":34.0532633409,"segment_second_lon":-118.2788544356,"segment_sequence":220002,"segment_id":11,"segment_len_meter":193.12123837529546,"segment_cum_len":5351.007666555427}
{"route_id":"200","segment_first_lat":34.0532633409,"segment_first_lon":-118.2788544356,"segment_second_lat":34.053384701,"segment_second_lon":-118.2787769284,"segment_sequence":230001,"segment_id":12,"segment_len_meter":15.267339020814749,"segment_cum_len":5366.275005576242}
{"route_id":"200","segment_first_lat":34.053384701,"segment_first_lon":-118.2787769284,"segment_second_lat":34.0547147003,"segment_second_lon":-118.2779295996,"segment_sequence":230002,"segment_id":12,"segment_len_meter":167.22661140287565,"segment_cum_len":5533.501616979117}
{"route_id":"200","segment_first_lat":34.0547147003,"segment_first_lon":-118.2779295996,"segment_second_lat":34.0548844933,"segment_second_lon":-118.2778212174,"segment_sequence":240001,"segment_id":12,"segment_len_meter":21.357760575202025,"segment_cum_len":5554.859377554319}
{"route_id":"200","segment_first_lat":34.0548844933,"segment_first_lon":-118.2778212174,"segment_second_lat":34.0559082033,"segment_second_lon":-118.2771676295,"segment_sequence":240002,"segment_id":12,"segment_len_meter":128.7750232291107,"segment_cum_len":5683.63440078343}
{"route_id":"200","segment_first_lat":34.0559082033,"segment_first_lon":-118.2771676295,"segment_second_lat":34.0560072623,"segment_second_lon":-118.2771085316,"segment_sequence":240003,"segment_id":12,"segment_len_meter":12.286898935493406,"segment_cum_len":5695.921299718923}
{"route_id":"200","segment_first_lat":34.0560072623,"segment_first_lon":-118.2771085316,"segment_second_lat":34.0563350137,"segment_second_lon":-118.2768993141,"segment_sequence":240004,"segment_id":12,"segment_len_meter":41.227052799825195,"segment_cum_len":5737.148352518749}
{"route_id":"200","segment_first_lat":34.0563350137,"segment_first_lon":-118.2768993141,"segment_second_lat":34.0564805892,"segment_second_lon":-118.2768063644,"segment_sequence":250001,"segment_id":13,"segment_len_meter":18.312556844519413,"segment_cum_len":5755.460909363268}
{"route_id":"200","segment_first_lat":34.0564805892,"segment_first_lon":-118.2768063644,"segment_second_lat":34.0571550794,"segment_second_lon":-118.2763754402,"segment_sequence":250002,"segment_id":13,"segment_len_meter":84.85822940281533,"segment_cum_len":5840.319138766084}
{"route_id":"200","segment_first_lat":34.0571550794,"segment_first_lon":-118.2763754402,"segment_second_lat":34.0572566247,"segment_second_lon":-118.276310406,"segment_sequence":260001,"segment_id":13,"segment_len_meter":12.78231220079123,"segment_cum_len":5853.101450966875}
{"route_id":"200","segment_first_lat":34.0572566247,"segment_first_lon":-118.276310406,"segment_second_lat":34.0579583531,"segment_second_lon":-118.2758637163,"segment_sequence":260002,"segment_id":13,"segment_len_meter":88.21447866486957,"segment_cum_len":5941.315929631744}
{"route_id":"200","segment_first_lat":34.0579583531,"segment_first_lon":-118.2758637163,"segment_second_lat":34.059360965,"segment_second_lon":-118.2749772449,"segment_sequence":260003,"segment_id":13,"segment_len_meter":176.0492948249807,"segment_cum_len":6117.365224456725}
{"route_id":"200","segment_first_lat":34.059360965,"segment_first_lon":-118.2749772449,"segment_second_lat":34.0595434113,"segment_second_lon":-118.2748619588,"segment_sequence":270001,"segment_id":14,"segment_len_meter":22.898793550349737,"segment_cum_len":6140.264018007075}
{"route_id":"200","segment_first_lat":34.0595434113,"segment_first_lon":-118.2748619588,"segment_second_lat":34.0611180202,"segment_second_lon":-118.2738597991,"segment_sequence":270002,"segment_id":14,"segment_len_meter":197.93594895729385,"segment_cum_len":6338.199966964368}
{"route_id":"200","segment_first_lat":34.0611180202,"segment_first_lon":-118.2738597991,"segment_second_lat":34.0612880836,"segment_second_lon":-118.2737517313,"segment_sequence":280001,"segment_id":14,"segment_len_meter":21.37048539870966,"segment_cum_len":6359.5704523630775}
{"route_id":"200","segment_first_lat":34.0612880836,"segment_first_lon":-118.2737517313,"segment_second_lat":34.0627883796,"segment_second_lon":-118.2727988133,"segment_sequence":280002,"segment_id":14,"segment_len_meter":188.51012354644823,"segment_cum_len":6548.080575909526}
{"route_id":"200","segment_first_lat":34.0627883796,"segment_first_lon":-118.2727988133,"segment_second_lat":34.0629584421,"segment_second_lon":-118.2726907412,"segment_sequence":290001,"segment_id":15,"segment_len_meter":21.370489959920437,"segment_cum_len":6569.451065869446}
{"route_id":"200","segment_first_lat":34.0629584421,"segment_first_lon":-118.2726907412,"segment_second_lat":34.0639050733,"segment_second_lon":-118.2720863033,"segment_sequence":290002,"segment_id":15,"segment_len_meter":119.0792479012414,"segment_cum_len":6688.530313770688}
{"route_id":"200","segment_first_lat":34.0639050733,"segment_first_lon":-118.2720863033,"segment_second_lat":34.0646948602,"segment_second_lon":-118.2715764342,"segment_sequence":290003,"segment_id":15,"segment_len_meter":99.59047168675028,"segment_cum_len":6788.120785457438}
{"route_id":"200","segment_first_lat":34.0646948602,"segment_first_lon":-118.2715764342,"segment_second_lat":34.0648159423,"segment_second_lon":-118.2714982446,"segment_sequence":300001,"segment_id":15,"segment_len_meter":15.269121295148173,"segment_cum_len":6803.389906752586}
{"route_id":"200","segment_first_lat":34.0648159423,"segment_first_lon":-118.2714982446,"segment_second_lat":34.0665118947,"segment_second_lon":-118.2704111628,"segment_sequence":300002,"segment_id":15,"segment_len_meter":213.51790810188072,"segment_cum_len":7016.907814854467}
{"route_id":"200","segment_first_lat":34.0665118947,"segment_first_lon":-118.2704111628,"segment_second_lat":34.0666816818,"segment_second_lon":-118.2703024198,"segment_sequence":310001,"segment_id":16,"segment_len_meter":21.372086811827902,"segment_cum_len":7038.279901666295}
{"route_id":"200","segment_first_lat":34.0666816818,"segment_first_lon":-118.2703024198,"segment_second_lat":34.0683217546,"segment_second_lon":-118.2692544027,"segment_sequence":310002,"segment_id":16,"segment_len_meter":206.34168584864176,"segment_cum_len":7244.621587514936}
{"route_id":"200","segment_first_lat":34.0683217546,"segment_first_lon":-118.2692544027,"segment_second_lat":34.0692848559,"segment_second_lon":-118.2686499401,"segment_sequence":310003,"segment_id":16,"segment_len_meter":120.70057286904893,"segment_cum_len":7365.322160383986}
{"route_id":"200","segment_first_lat":34.0692848559,"segment_first_lon":-118.2686499401,"segment_second_lat":34.0701023971,"segment_second_lon":-118.2681331606,"segment_sequence":310004,"segment_id":16,"segment_len_meter":102.61455660924798,"segment_cum_len":7467.936716993234}
{"route_id":"200","segment_first_lat":34.0701023971,"segment_first_lon":-118.2681331606,"segment_second_lat":34.0702727289,"segment_second_lon":-118.2680257309,"segment_sequence":320001,"segment_id":16,"segment_len_meter":21.36912815700392,"segment_cum_len":7489.3058451502375}
{"route_id":"200","segment_first_lat":34.0702727289,"segment_first_lon":-118.2680257309,"segment_second_lat":34.0706799824,"segment_second_lon":-118.2677694778,"segment_sequence":320002,"segment_id":16,"segment_len_meter":51.06652937739728,"segment_cum_len":7540.372374527635}
{"route_id":"200","segment_first_lat":34.0706799824,"segment_first_lon":-118.2677694778,"segment_second_lat":34.0716513711,"segment_second_lon":-118.2671418931,"segment_sequence":320003,"segment_id":16,"segment_len_meter":122.50861505180582,"segment_cum_len":7662.88098957944}
{"route_id":"200","segment_first_lat":34.0716513711,"segment_first_lon":-118.2671418931,"segment_second_lat":34.0718437191,"segment_second_lon":-118.2670190099,"segment_sequence":320004,"segment_id":16,"segment_len_meter":24.19829627009253,"segment_cum_len":7687.079285849532}
{"route_id":"200","segment_first_lat":34.0718437191,"segment_first_lon":-118.2670190099,"segment_second_lat":34.0719650716,"segment_second_lon":-118.2669414682,"segment_sequence":330001,"segment_id":17,"segment_len_meter":15.267346234207388,"segment_cum_len":7702.34663208374}
{"route_id":"200","segment_first_lat":34.0719650716,"segment_first_lon":-118.2669414682,"segment_second_lat":34.0720971656,"segment_second_lon":-118.2668527336,"segment_sequence":330002,"segment_id":17,"segment_len_meter":16.808962673370328,"segment_cum_len":7719.15559475711}
{"route_id":"200","segment_first_lat":34.0720971656,"segment_first_lon":-118.2668527336,"segment_second_lat":34.0724273747,"segment_second_lon":-118.2666424529,"segment_sequence":330003,"segment_id":17,"segment_len_meter":41.512727432865965,"segment_cum_len":7760.668322189976}
{"route_id":"200","segment_first_lat":34.0724273747,"segment_first_lon":-118.2666424529,"segment_second_lat":34.0726007372,"segment_second_lon":-118.2665307341,"segment_sequence":330004,"segment_id":17,"segment_len_meter":21.851485787900284,"segment_cum_len":7782.519807977876}
{"route_id":"200","segment_first_lat":34.0726007372,"segment_first_lon":-118.2665307341,"segment_second_lat":34.0728813971,"segment_second_lon":-118.2663599185,"segment_sequence":330005,"segment_id":17,"segment_len_meter":34.94949238141336,"segment_cum_len":7817.469300359289}
{"route_id":"200","segment_first_lat":34.0728813971,"segment_first_lon":-118.2663599185,"segment_second_lat":34.0736738483,"segment_second_lon":-118.2658770268,"segment_sequence":330006,"segment_id":17,"segment_len_meter":98.70519118088556,"segment_cum_len":7916.174491540175}
{"route_id":"200","segment_first_lat":34.0736738483,"segment_first_lon":-118.2658770268,"segment_second_lat":34.0738086748,"segment_second_lon":-118.2657949017,"segment_sequence":330007,"segment_id":17,"segment_len_meter":16.7921539366214,"segment_cum_len":7932.966645476797}
{"route_id":"200","segment_first_lat":34.0738086748,"segment_first_lon":-118.2657949017,"segment_second_lat":34.0744855544,"segment_second_lon":-118.2653842806,"segment_sequence":330008,"segment_id":17,"segment_len_meter":84.23333641407083,"segment_cum_len":8017.199981890867}
{"route_id":"200","segment_first_lat":34.0744855544,"segment_first_lon":-118.2653842806,"segment_second_lat":34.07454774,"segment_second_lon":-118.2653461726,"segment_sequence":330009,"segment_id":17,"segment_len_meter":7.754530509869721,"segment_cum_len":8024.954512400737}
{"route_id":"200","segment_first_lat":34.07454774,"segment_first_lon":-118.2653461726,"segment_second_lat":34.0746946741,"segment_second_lon":-118.2652561589,"segment_sequence":340001,"segment_id":17,"segment_len_meter":18.321432606674875,"segment_cum_len":8043.275945007412}
{"route_id":"200","segment_first_lat":34.0746946741,"segment_first_lon":-118.2652561589,"segment_second_lat":34.0752229722,"segment_second_lon":-118.2649342181,"segment_sequence":340002,"segment_id":17,"segment_len_meter":65.80346712613348,"segment_cum_len":8109.079412133546}
{"route_id":"200","segment_first_lat":34.0752229722,"segment_first_lon":-118.2649342181,"segment_second_lat":34.0754238335,"segment_second_lon":-118.2648126724,"segment_sequence":340003,"segment_id":17,"segment_len_meter":24.983256207118615,"segment_cum_len":8134.0626683406645}
{"route_id":"200","segment_first_lat":34.0754238335,"segment_first_lon":-118.2648126724,"segment_second_lat":34.0759163577,"segment_second_lon":-118.2645137286,"segment_sequence":340004,"segment_id":17,"segment_len_meter":61.29787144989227,"segment_cum_len":8195.360539790558}
{"route_id":"200","segment_first_lat":34.0759163577,"segment_first_lon":-118.2645137286,"segment_second_lat":34.0764226422,"segment_second_lon":-118.264204918,"segment_sequence":340005,"segment_id":17,"segment_len_meter":63.07314678047599,"segment_cum_len":8258.433686571034}
{"route_id":"200","segment_first_lat":34.0764226422,"segment_first_lon":-118.264204918,"segment_second_lat":34.0776168193,"segment_second_lon":-118.2634722773,"segment_sequence":340006,"segment_id":17,"segment_len_meter":148.9475921882104,"segment_cum_len":8407.381278759245}
{"route_id":"200","segment_first_lat":34.0776168193,"segment_first_lon":-118.2634722773,"segment_second_lat":34.0779846962,"segment_second_lon":-118.263249209,"segment_sequence":340007,"segment_id":17,"segment_len_meter":45.77539779179706,"segment_cum_len":8453.156676551042}
{"route_id":"200","segment_first_lat":34.0779846962,"segment_first_lon":-118.263249209,"segment_second_lat":34.0781423577,"segment_second_lon":-118.2631536077,"segment_sequence":350001,"segment_id":18,"segment_len_meter":19.61803732719318,"segment_cum_len":8472.774713878234}
{"route_id":"200","segment_first_lat":34.0781423577,"segment_first_lon":-118.2631536077,"segment_second_lat":34.079058622,"segment_second_lon":-118.2625917876,"segment_sequence":350002,"segment_id":18,"segment_len_meter":114.27031632447292,"segment_cum_len":8587.045030202707}
{"route_id":"200","segment_first_lat":34.079058622,"segment_first_lon":-118.2625917876,"segment_second_lat":34.0804085335,"segment_second_lon":-118.2617601858,"segment_sequence":350003,"segment_id":18,"segment_len_meter":168.51372974947614,"segment_cum_len":8755.558759952184}
{"route_id":"200","segment_first_lat":34.0804085335,"segment_first_lon":-118.2617601858,"segment_second_lat":34.0805307021,"segment_second_lon":-118.2616849429,"segment_sequence":360001,"segment_id":18,"segment_len_meter":15.249910412997197,"segment_cum_len":8770.80867036518}
{"route_id":"200","segment_first_lat":34.0805307021,"segment_first_lon":-118.2616849429,"segment_second_lat":34.0806242507,"segment_second_lon":-118.2616290945,"segment_sequence":360002,"segment_id":18,"segment_len_meter":11.604297585849478,"segment_cum_len":8782.41296795103}
{"route_id":"200","segment_first_lat":34.0806242507,"segment_first_lon":-118.2616290945,"segment_second_lat":34.0800219712,"segment_second_lon":-118.2605869562,"segment_sequence":360003,"segment_id":18,"segment_len_meter":117.03367222264473,"segment_cum_len":8899.446640173674}
{"route_id":"200","segment_first_lat":34.0800219712,"segment_first_lon":-118.2605869562,"segment_second_lat":34.0798807073,"segment_second_lon":-118.2603427998,"segment_sequence":360004,"segment_id":18,"segment_len_meter":27.429352633238306,"segment_cum_len":8926.875992806912}
{"route_id":"200","segment_first_lat":34.0798807073,"segment_first_lon":-118.2603427998,"segment_second_lat":34.0797865312,"segment_second_lon":-118.2601800293,"segment_sequence":370001,"segment_id":19,"segment_len_meter":18.286230066904004,"segment_cum_len":8945.162222873816}
{"route_id":"200","segment_first_lat":34.0797865312,"segment_first_lon":-118.2601800293,"segment_second_lat":34.0794525362,"segment_second_lon":-118.2596010753,"segment_sequence":370002,"segment_id":19,"segment_len_meter":64.97972974393979,"segment_cum_len":9010.141952617756}
{"route_id":"200","segment_first_lat":34.0794525362,"segment_first_lon":-118.2596010753,"segment_second_lat":34.078885827,"segment_second_lon":-118.2586218209,"segment_sequence":370003,"segment_id":19,"segment_len_meter":110.02186776200759,"segment_cum_len":9120.163820379763}
{"route_id":"200","segment_first_lat":34.078885827,"segment_first_lon":-118.2586218209,"segment_second_lat":34.0783437419,"segment_second_lon":-118.2576888882,"segment_sequence":370004,"segment_id":19,"segment_len_meter":104.95717557132103,"segment_cum_len":9225.120995951083}
{"route_id":"200","segment_first_lat":34.0783437419,"segment_first_lon":-118.2576888882,"segment_second_lat":34.0781868665,"segment_second_lon":-118.2574179448,"segment_sequence":370005,"segment_id":19,"segment_len_meter":30.446304623270116,"segment_cum_len":9255.567300574354}
