{"route_id":"233","segment_first_lat":34.151641553,"segment_first_lon":-118.4468335137,"segment_second_lat":34.1516445072,"segment_second_lon":-118.4468520389,"segment_sequence":10001,"segment_id":1,"segment_len_meter":1.7360483209465944,"segment_cum_len":1.7360483209465944}
{"route_id":"233","segment_first_lat":34.1516445072,"segment_first_lon":-118.4468520389,"segment_second_lat":34.1517621597,"segment_second_lon":-118.4477318648,"segment_sequence":10002,"segment_id":1,"segment_len_meter":82.01157956611613,"segment_cum_len":83.74762788706272}
{"route_id":"233","segment_first_lat":34.1517621597,"segment_first_lon":-118.4477318648,"segment_second_lat":34.1518318891,"segment_second_lon":-118.4481949739,"segment_sequence":10003,"segment_id":1,"segment_len_meter":43.31477859532608,"segment_cum_len":127.06240648238881}
{"route_id":"233","segment_first_lat":34.1518318891,"segment_first_lon":-118.4481949739,"segment_second_lat":34.1519153192,"segment_second_lon":-118.4486680732,"segment_sequence":10004,"segment_id":1,"segment_len_meter":44.5118943328585,"segment_cum_len":171.5743008152473}
{"route_id":"233","segment_first_lat":34.1519153192,"segment_first_lon":-118.4486680732,"segment_second_lat":34.1521901034,"segment_second_lon":-118.4486695485,"segment_sequence":10005,"segment_id":1,"segment_len_meter":30.55491054813607,"segment_cum_len":202.12921136338338}
{"route_id":"233","segment_first_lat":34.1521901034,"segment_first_lon":-118.4486695485,"segment_second_lat":34.1526544887,"segment_second_lon":-118.4486720418,"segment_sequence":20001,"segment_id":1,"segment_len_meter":51.637799061375304,"segment_cum_len":253.76701042475867}
{"route_id":"233","segment_first_lat":34.1526544887,"segment_first_lon":-118.4486720418,"segment_second_lat":34.1530254106,"segment_second_lon":-118.4486839492,"segment_sequence":20002,"segment_id":1,"segment_len_meter":41.25918506519378,"segment_cum_len":295.02619548995244}
{"route_id":"233","segment_first_lat":34.1530254106,"segment_first_lon":-118.4486839492,"segment_second_lat":34.1546411309,"segment_second_lon":-118.4486955995,"segment_sequence":20003,"segment_id":1,"segment_len_meter":179.6630986164794,"segment_cum_len":474.6892941064318}
{"route_id":"233","segment_first_lat":34.1546411309,"segment_first_lon":-118.4486955995,"segment_second_lat":34.1547785218,"segment_second_lon":-118.4486966677,"segment_sequence":30001,"segment_id":2,"segment_len_meter":15.277487244725306,"segment_cum_len":489.9667813511571}
{"route_id":"233","segment_first_lat":34.1547785218,"segment_first_lon":-118.4486966677,"segment_second_lat":34.1554408008,"segment_second_lon":-118.4486870023,"segment_sequence":30002,"segment_id":2,"segment_len_meter":73.64743508668025,"segment_cum_len":563.6142164378374}
{"route_id":"233","segment_first_lat":34.1554408008,"segment_first_lon":-118.4486870023,"segment_second_lat":34.1560507728,"segment_second_lon":-118.4487034992,"segment_sequence":30003,"segment_id":2,"segment_len_meter":67.84277605330112,"segment_cum_len":631.4569924911385}
{"route_id":"233","segment_first_lat":34.1560507728,"segment_first_lon":-118.4487034992,"segment_second_lat":34.1565508556,"segment_second_lon":-118.4487127954,"segment_sequence":30004,"segment_id":2,"segment_len_meter":55.613249018343,"segment_cum_len":687.0702415094815}
{"route_id":"233","segment_first_lat":34.1565508556,"segment_first_lon":-118.4487127954,"segment_second_lat":34.1567541959,"segment_second_lon":-118.4487138873,"segment_sequence":30005,"segment_id":2,"segment_len_meter":22.61063296404146,"segment_cum_len":709.680874473523}
{"route_id":"233","segment_first_lat":34.1567541959,"segment_first_lon":-118.4487138873,"segment_second_lat":34.1569026039,"segment_second_lon":-118.4487080734,"segment_sequence":30006,"segment_id":2,"segment_len_meter":16.51088546960892,"segment_cum_len":726.1917599431318}
{"route_id":"233","segment_first_lat":34.1569026039,"segment_first_lon":-118.4487080734,"segment_second_lat":34.1570894695,"segment_second_lon":-118.4487057713,"segment_sequence":30007,"segment_id":2,"segment_len_meter":20.779586379252656,"segment_cum_len":746.9713463223845}
{"route_id":"233","segment_first_lat":34.1570894695,"segment_first_lon":-118.4487057713,"segment_second_lat":34.1574357344,"segment_second_lon":-118.4486977143,"segment_sequence":30008,"segment_id":2,"segment_len_meter":38.51003670977837,"segment_cum_len":785.4813830321629}
{"route_id":"233","segment_first_lat":34.1574357344,"segment_first_lon":-118.4486977143,"segment_second_lat":34.1576748212,"segment_second_lon":-118.4486923872,"segment_sequence":30009,"segment_id":2,"segment_len_meter":26.58975750455212,"segment_cum_len":812.071140536715}
{"route_id":"233","segment_first_lat":34.1576748212,"segment_first_lon":-118.4486923872,"segment_second_lat":34.158040272,"segment_second_lon":-118.448697655,"segment_sequence":30010,"segment_id":2,"segment_len_meter":40.63916556948322,"segment_cum_len":852.7103061061982}
{"route_id":"233","segment_first_lat":34.158040272,"segment_first_lon":-118.448697655,"segment_second_lat":34.1583150563,"segment_second_lon":-118.4486991305,"segment_sequence":30011,"segment_id":2,"segment_len_meter":30.554921704942643,"segment_cum_len":883.2652278111409}
{"route_id":"233","segment_first_lat":34.1583150563,"segment_first_lon":-118.4486991305,"segment_second_lat":34.1585376315,"segment_second_lon":-118.4487003257,"segment_sequence":40001,"segment_id":2,"segment_len_meter":24.74947736982402,"segment_cum_len":908.0147051809649}
{"route_id":"233","segment_first_lat":34.1585376315,"segment_first_lon":-118.4487003257,"segment_second_lat":34.1594279938,"segment_second_lon":-118.4486885791,"segment_sequence":40002,"segment_id":2,"segment_len_meter":99.00967016698979,"segment_cum_len":1007.0243753479547}
{"route_id":"233","segment_first_lat":34.1594279938,"segment_first_lon":-118.4486885791,"segment_second_lat":34.1606372408,"segment_second_lon":-118.4486421829,"segment_sequence":40003,"segment_id":2,"segment_len_meter":134.52988039676825,"segment_cum_len":1141.554255744723}
{"route_id":"233","segment_first_lat":34.1606372408,"segment_first_lon":-118.4486421829,"segment_second_lat":34.1611263666,"segment_second_lon":-118.4486421646,"segment_sequence":40004,"segment_id":2,"segment_len_meter":54.38830747719027,"segment_cum_len":1195.9425632219131}
{"route_id":"233","segment_first_lat":34.1611263666,"segment_first_lon":-118.4486421646,"segment_second_lat":34.1612637612,"segment_second_lon":-118.4486422412,"segment_sequence":50001,"segment_id":3,"segment_len_meter":15.277584093587324,"segment_cum_len":1211.2201473155005}
{"route_id":"233","segment_first_lat":34.1612637612,"segment_first_lon":-118.4486422412,"segment_second_lat":34.1621678137,"segment_second_lon":-118.4486437898,"segment_sequence":50002,"segment_id":3,"segment_len_meter":100.52615239945175,"segment_cum_len":1311.7462997149523}
{"route_id":"233","segment_first_lat":34.1621678137,"segment_first_lon":-118.4486437898,"segment_second_lat":34.1630746263,"segment_second_lon":-118.4486420474,"segment_sequence":50003,"segment_id":3,"segment_len_meter":100.83308797961597,"segment_cum_len":1412.5793876945684}
{"route_id":"233","segment_first_lat":34.1630746263,"segment_first_lon":-118.4486420474,"segment_second_lat":34.1639539482,"segment_second_lon":-118.4486434632,"segment_sequence":50004,"segment_id":3,"segment_len_meter":97.7762209400605,"segment_cum_len":1510.3556086346289}
{"route_id":"233","segment_first_lat":34.1639539482,"segment_first_lon":-118.4486434632,"segment_second_lat":34.1646216912,"segment_second_lon":-118.4486424206,"segment_sequence":50005,"segment_id":3,"segment_len_meter":74.24969586642554,"segment_cum_len":1584.6053045010544}
{"route_id":"233","segment_first_lat":34.1646216912,"segment_first_lon":-118.4486424206,"segment_second_lat":34.1648964828,"segment_second_lon":-118.4486419126,"segment_sequence":60001,"segment_id":3,"segment_len_meter":30.555467552018484,"segment_cum_len":1615.1607720530728}
{"route_id":"233","segment_first_lat":34.1648964828,"segment_first_lon":-118.4486419126,"segment_second_lat":34.1662841557,"segment_second_lon":-118.4486460581,"segment_sequence":60002,"segment_id":3,"segment_len_meter":154.30265770134343,"segment_cum_len":1769.4634297544162}
{"route_id":"233","segment_first_lat":34.1662841557,"segment_first_lon":-118.4486460581,"segment_second_lat":34.1666826052,"segment_second_lon":-118.4486448918,"segment_sequence":60003,"segment_id":3,"segment_len_meter":44.30569286434788,"segment_cum_len":1813.7691226187642}
{"route_id":"233","segment_first_lat":34.1666826052,"segment_first_lon":-118.4486448918,"segment_second_lat":34.1675124414,"segment_second_lon":-118.4486526537,"segment_sequence":60004,"segment_id":3,"segment_len_meter":92.2763386765641,"segment_cum_len":1906.0454612953283}
{"route_id":"233","segment_first_lat":34.1675124414,"segment_first_lon":-118.4486526537,"segment_second_lat":34.1683450059,"segment_second_lon":-118.4486657198,"segment_sequence":60005,"segment_id":3,"segment_len_meter":92.5847528519818,"segment_cum_len":1998.6302141473102}
{"route_id":"233","segment_first_lat":34.1683450059,"segment_first_lon":-118.4486657198,"segment_second_lat":34.1684823932,"segment_second_lon":-118.4486677799,"segment_sequence":70001,"segment_id":4,"segment_len_meter":15.277946425510436,"segment_cum_len":2013.9081605728206}
{"route_id":"233","segment_first_lat":34.1684823932,"segment_first_lon":-118.4486677799,"segment_second_lat":34.1697545954,"segment_second_lon":-118.4486878357,"segment_sequence":70002,"segment_id":4,"segment_len_meter":141.47446330712646,"segment_cum_len":2155.382623879947}
{"route_id":"233","segment_first_lat":34.1697545954,"segment_first_lon":-118.4486878357,"segment_second_lat":34.1703071816,"segment_second_lon":-118.4486180717,"segment_sequence":70003,"segment_id":4,"segment_len_meter":61.7790863638857,"segment_cum_len":2217.1617102438327}
{"route_id":"233","segment_first_lat":34.1703071816,"segment_first_lon":-118.4486180717,"segment_second_lat":34.1710769578,"segment_second_lon":-118.4485197186,"segment_sequence":70004,"segment_id":4,"segment_len_meter":86.07213933751368,"segment_cum_len":2303.2338495813465}
{"route_id":"233","segment_first_lat":34.1710769578,"segment_first_lon":-118.4485197186,"segment_second_lat":34.1711484385,"segment_second_lon":-118.4485101843,"segment_sequence":70005,"segment_id":4,"segment_len_meter":7.996543783656431,"segment_cum_len":2311.230393365003}
{"route_id":"233","segment_first_lat":34.1711484385,"segment_first_lon":-118.4485101843,"segment_second_lat":34.1721348774,"segment_second_lon":-118.4485253981,"segment_sequence":70006,"segment_id":4,"segment_len_meter":109.69593068697854,"segment_cum_len":2420.9263240519813}
{"route_id":"233","segment_first_lat":34.1721348774,"segment_first_lon":-118.4485253981,"segment_second_lat":34.1724096666,"segment_second_lon":-118.4485255509,"segment_sequence":70007,"segment_id":4,"segment_len_meter":30.555168170159348,"segment_cum_len":2451.481492222141}
{"route_id":"233","segment_first_lat":34.1724096666,"segment_first_lon":-118.4485255509,"segment_second_lat":34.175624697,"segment_second_lon":-118.4485282646,"segment_sequence":80001,"segment_id":4,"segment_len_meter":357.4951566567215,"segment_cum_len":2808.9766488788623}
{"route_id":"233","segment_first_lat":34.175624697,"segment_first_lon":-118.4485282646,"segment_second_lat":34.1757620916,"segment_second_lon":-118.448528341,"segment_sequence":90001,"segment_id":5,"segment_len_meter":15.277584084553546,"segment_cum_len":2824.2542329634157}
{"route_id":"233","segment_first_lat":34.1757620916,"segment_first_lon":-118.448528341,"segment_second_lat":34.1766689043,"segment_second_lon":-118.4485265971,"segment_sequence":90002,"segment_id":5,"segment_len_meter":100.83309927769665,"segment_cum_len":2925.0873322411126}
{"route_id":"233","segment_first_lat":34.1766689043,"segment_first_lon":-118.4485265971,"segment_second_lat":34.1775647012,"segment_second_lon":-118.4485314066,"segment_sequence":90003,"segment_id":5,"segment_len_meter":99.6090531782719,"segment_cum_len":3024.6963854193846}
{"route_id":"233","segment_first_lat":34.1775647012,"segment_first_lon":-118.4485314066,"segment_second_lat":34.1784879888,"segment_second_lon":-118.4485330575,"segment_sequence":90004,"segment_id":5,"segment_len_meter":102.66500928036784,"segment_cum_len":3127.3613946997525}
{"route_id":"233","segment_first_lat":34.1784879888,"segment_first_lon":-118.4485330575,"segment_second_lat":34.1794002973,"segment_second_lon":-118.4485313432,"segment_sequence":90005,"segment_id":5,"segment_len_meter":101.44419930875301,"segment_cum_len":3228.8055940085055}
{"route_id":"233","segment_first_lat":34.1794002973,"segment_first_lon":-118.4485313432,"segment_second_lat":34.179954454,"segment_second_lon":-118.4486308644,"segment_sequence":90006,"segment_id":5,"segment_len_meter":62.29577923880448,"segment_cum_len":3291.10137324731}
{"route_id":"233","segment_first_lat":34.179954454,"segment_first_lon":-118.4486308644,"segment_second_lat":34.1801582115,"segment_second_lon":-118.4486676675,"segment_sequence":100001,"segment_id":5,"segment_len_meter":22.908340273673534,"segment_cum_len":3314.009713520984}
{"route_id":"233","segment_first_lat":34.1801582115,"segment_first_lon":-118.4486676675,"segment_second_lat":34.1806253816,"segment_second_lon":-118.4486602574,"segment_sequence":100002,"segment_id":5,"segment_len_meter":51.95141705349697,"segment_cum_len":3365.961130574481}
{"route_id":"233","segment_first_lat":34.1806253816,"segment_first_lon":-118.4486602574,"segment_second_lat":34.1809468915,"segment_second_lon":-118.4486586778,"segment_sequence":100003,"segment_id":5,"segment_len_meter":35.7505650342517,"segment_cum_len":3401.711695608733}
{"route_id":"233","segment_first_lat":34.1809468915,"segment_first_lon":-118.4486586778,"segment_second_lat":34.1816668633,"segment_second_lon":-118.4486526253,"segment_sequence":100004,"segment_id":5,"segment_len_meter":80.05914742787478,"segment_cum_len":3481.770843036608}
{"route_id":"233","segment_first_lat":34.1816668633,"segment_first_lon":-118.4486526253,"segment_second_lat":34.1825242014,"segment_second_lon":-118.4486542541,"segment_sequence":100005,"segment_id":5,"segment_len_meter":95.33176487723104,"segment_cum_len":3577.1026079138387}
{"route_id":"233","segment_first_lat":34.1825242014,"segment_first_lon":-118.4486542541,"segment_second_lat":34.1826615948,"segment_second_lon":-118.4486546614,"segment_sequence":110001,"segment_id":6,"segment_len_meter":15.277494974888995,"segment_cum_len":3592.380102888728}
{"route_id":"233","segment_first_lat":34.1826615948,"segment_first_lon":-118.4486546614,"segment_second_lat":34.1836288602,"segment_second_lon":-118.4486532434,"segment_sequence":110002,"segment_id":6,"segment_len_meter":107.5550842905009,"segment_cum_len":3699.9351871792287}
{"route_id":"233","segment_first_lat":34.1836288602,"segment_first_lon":-118.4486532434,"segment_second_lat":34.1845219203,"segment_second_lon":-118.4486550641,"segment_sequence":110003,"segment_id":6,"segment_len_meter":99.30389353302068,"segment_cum_len":3799.2390807122492}
{"route_id":"233","segment_first_lat":34.1845219203,"segment_first_lon":-118.4486550641,"segment_second_lat":34.1846593137,"segment_second_lon":-118.4486554713,"segment_sequence":120001,"segment_id":6,"segment_len_meter":15.27749495016155,"segment_cum_len":3814.5165756624106}
{"route_id":"233","segment_first_lat":34.1846593137,"segment_first_lon":-118.4486554713,"segment_second_lat":34.1856925274,"segment_second_lon":-118.4486544076,"segment_sequence":120002,"segment_id":6,"segment_len_meter":114.88816324248496,"segment_cum_len":3929.4047389048956}
{"route_id":"233","segment_first_lat":34.1856925274,"segment_first_lon":-118.4486544076,"segment_second_lat":34.1866735197,"segment_second_lon":-118.4486563699,"segment_sequence":120003,"segment_id":6,"segment_len_meter":109.08151617114754,"segment_cum_len":4038.486255076043}
{"route_id":"233","segment_first_lat":34.1866735197,"segment_first_lon":-118.4486563699,"segment_second_lat":34.1869483077,"segment_second_lon":-118.4486568539,"segment_sequence":120004,"segment_id":6,"segment_len_meter":30.555063935069338,"segment_cum_len":4069.0413190111126}
{"route_id":"233","segment_first_lat":34.1869483077,"segment_first_lon":-118.4486568539,"segment_second_lat":34.1876517642,"segment_second_lon":-118.4486583176,"segment_sequence":130001,"segment_id":7,"segment_len_meter":78.22090977882034,"segment_cum_len":4147.262228789933}
{"route_id":"233","segment_first_lat":34.1876517642,"segment_first_lon":-118.4486583176,"segment_second_lat":34.1885365808,"segment_second_lon":-118.4486600941,"segment_sequence":130002,"segment_id":7,"segment_len_meter":98.38725262151763,"segment_cum_len":4245.64948141145}
{"route_id":"233","segment_first_lat":34.1885365808,"segment_first_lon":-118.4486600941,"segment_second_lat":34.1886739742,"segment_second_lon":-118.4486605014,"segment_sequence":140001,"segment_id":7,"segment_len_meter":15.277494968340639,"segment_cum_len":4260.926976379791}
{"route_id":"233","segment_first_lat":34.1886739742,"segment_first_lon":-118.4486605014,"segment_second_lat":34.1896989321,"segment_second_lon":-118.4486627001,"segment_sequence":140002,"segment_id":7,"segment_len_meter":113.97029793121324,"segment_cum_len":4374.897274311004}
{"route_id":"233","segment_first_lat":34.1896989321,"segment_first_lon":-118.4486627001,"segment_second_lat":34.1905480268,"segment_second_lon":-118.4486642848,"segment_sequence":140003,"segment_id":7,"segment_len_meter":94.41513539065474,"segment_cum_len":4469.312409701659}
{"route_id":"233","segment_first_lat":34.1905480268,"segment_first_lon":-118.4486642848,"segment_second_lat":34.1906854202,"segment_second_lon":-118.4486646921,"segment_sequence":150001,"segment_id":8,"segment_len_meter":15.277494965359676,"segment_cum_len":4484.589904667018}
{"route_id":"233","segment_first_lat":34.1906854202,"segment_first_lon":-118.4486646921,"segment_second_lat":34.1929744106,"segment_second_lon":-118.448667067,"segment_sequence":150002,"segment_id":8,"segment_len_meter":254.5242133491249,"segment_cum_len":4739.114118016143}
{"route_id":"233","segment_first_lat":34.1929744106,"segment_first_lon":-118.448667067,"segment_second_lat":34.193933408,"segment_second_lon":-118.4486722185,"segment_sequence":150003,"segment_id":8,"segment_len_meter":106.63669815119962,"segment_cum_len":4845.750816167342}
{"route_id":"233","segment_first_lat":34.193933408,"segment_first_lon":-118.4486722185,"segment_second_lat":34.1948127179,"segment_second_lon":-118.448676942,"segment_sequence":150004,"segment_id":8,"segment_len_meter":97.77576497280795,"segment_cum_len":4943.5265811401505}
{"route_id":"233","segment_first_lat":34.1948127179,"segment_first_lon":-118.448676942,"segment_second_lat":34.1951507027,"segment_second_lon":-118.4486787576,"segment_sequence":160001,"segment_id":8,"segment_len_meter":37.582566016651654,"segment_cum_len":4981.1091471568025}
{"route_id":"233","segment_first_lat":34.1951507027,"segment_first_lon":-118.4486787576,"segment_second_lat":34.1975798086,"segment_second_lon":-118.4486884998,"segment_sequence":160002,"segment_id":8,"segment_len_meter":270.10573848440634,"segment_cum_len":5251.214885641209}
{"route_id":"233","segment_first_lat":34.1975798086,"segment_first_lon":-118.4486884998,"segment_second_lat":34.1983519527,"segment_second_lon":-118.448692648,"segment_sequence":160003,"segment_id":8,"segment_len_meter":85.85935415803974,"segment_cum_len":5337.074239799248}
{"route_id":"233","segment_first_lat":34.1983519527,"segment_first_lon":-118.448692648,"segment_second_lat":34.1984893449,"segment_second_lon":-118.4486933861,"segment_sequence":170001,"segment_id":9,"segment_len_meter":15.277466411070261,"segment_cum_len":5352.351706210318}
{"route_id":"233","segment_first_lat":34.1984893449,"segment_first_lon":-118.4486933861,"segment_second_lat":34.1993988811,"segment_second_lon":-118.4486982725,"segment_sequence":170002,"segment_id":9,"segment_len_meter":101.13680946963798,"segment_cum_len":5453.488515679956}
{"route_id":"233","segment_first_lat":34.1993988811,"segment_first_lon":-118.4486982725,"segment_second_lat":34.2003249044,"segment_second_lon":-118.4487032475,"segment_sequence":170003,"segment_id":9,"segment_len_meter":102.97010943009816,"segment_cum_len":5556.4586251100545}
{"route_id":"233","segment_first_lat":34.2003249044,"segment_first_lon":-118.4487032475,"segment_second_lat":34.2012206033,"segment_second_lon":-118.4487345174,"segment_sequence":170004,"segment_id":9,"segment_len_meter":99.63868256156391,"segment_cum_len":5656.097307671618}
{"route_id":"233","segment_first_lat":34.2012206033,"segment_first_lon":-118.4487345174,"segment_second_lat":34.2016327602,"segment_second_lon":-118.4487420235,"segment_sequence":170005,"segment_id":9,"segment_len_meter":45.83495475361718,"segment_cum_len":5701.932262425235}
{"route_id":"233","segment_first_lat":34.2016327602,"segment_first_lon":-118.4487420235,"segment_second_lat":34.2022702304,"segment_second_lon":-118.4487533861,"segment_sequence":180001,"segment_id":9,"segment_len_meter":70.89115410901537,"segment_cum_len":5772.823416534251}
{"route_id":"233","segment_first_lat":34.2022702304,"segment_first_lon":-118.4487533861,"segment_second_lat":34.2030341432,"segment_second_lon":-118.4487541835,"segment_sequence":180002,"segment_id":9,"segment_len_meter":84.94325941269568,"segment_cum_len":5857.766675946947}
{"route_id":"233","segment_first_lat":34.2030341432,"segment_first_lon":-118.4487541835,"segment_second_lat":34.2046993818,"segment_second_lon":-118.4487508944,"segment_sequence":180003,"segment_id":9,"segment_len_meter":185.16633102430228,"segment_cum_len":6042.933006971249}
{"route_id":"233","segment_first_lat":34.2046993818,"segment_first_lon":-118.4487508944,"segment_second_lat":34.2048367777,"segment_second_lon":-118.4487506405,"segment_sequence":190001,"segment_id":10,"segment_len_meter":15.27774486468556,"segment_cum_len":6058.210751835934}
{"route_id":"233","segment_first_lat":34.2048367777,"segment_first_lon":-118.4487506405,"segment_second_lat":34.2071889686,"segment_second_lon":-118.4487533578,"segment_sequence":190002,"segment_id":10,"segment_len_meter":261.5518139481906,"segment_cum_len":6319.762565784125}
{"route_id":"233","segment_first_lat":34.2071889686,"segment_first_lon":-118.4487533578,"segment_second_lat":34.2083293237,"segment_second_lon":-118.4487594856,"segment_sequence":190003,"segment_id":10,"segment_len_meter":126.80295378895367,"segment_cum_len":6446.565519573079}
{"route_id":"233","segment_first_lat":34.2083293237,"segment_first_lon":-118.4487594856,"segment_second_lat":34.2084667159,"segment_second_lon":-118.4487602239,"segment_sequence":200001,"segment_id":10,"segment_len_meter":15.277466457887096,"segment_cum_len":6461.842986030966}
{"route_id":"233","segment_first_lat":34.2084667159,"segment_first_lon":-118.4487602239,"segment_second_lat":34.2099835354,"segment_second_lon":-118.4487657291,"segment_sequence":200002,"segment_id":10,"segment_len_meter":168.66339277853754,"segment_cum_len":6630.506378809504}
{"route_id":"233","segment_first_lat":34.2099835354,"segment_first_lon":-118.4487657291,"segment_second_lat":34.2102583222,"segment_second_lon":-118.4487665442,"segment_sequence":210001,"segment_id":11,"segment_len_meter":30.554990001769585,"segment_cum_len":6661.0613688112735}
{"route_id":"233","segment_first_lat":34.2102583222,"segment_first_lon":-118.4487665442,"segment_second_lat":34.2117119438,"segment_second_lon":-118.4487710484,"segment_sequence":210002,"segment_id":11,"segment_len_meter":161.6358778461832,"segment_cum_len":6822.697246657457}
{"route_id":"233","segment_first_lat":34.2117119438,"segment_first_lon":-118.4487710484,"segment_second_lat":34.2120197145,"segment_second_lon":-118.4487693948,"segment_sequence":210003,"segment_id":11,"segment_len_meter":34.22287821051551,"segment_cum_len":6856.920124867973}
{"route_id":"233","segment_first_lat":34.2120197145,"segment_first_lon":-118.4487693948,"segment_second_lat":34.2134128958,"segment_second_lon":-118.4487702666,"segment_sequence":210004,"segment_id":11,"segment_len_meter":154.91471319735007,"segment_cum_len":7011.834838065323}
{"route_id":"233","segment_first_lat":34.2134128958,"segment_first_lon":-118.4487702666,"segment_second_lat":34.2136189926,"segment_second_lon":-118.4487690588,"segment_sequence":210005,"segment_id":11,"segment_len_meter":22.91718766622711,"segment_cum_len":7034.75202573155}
{"route_id":"233","segment_first_lat":34.2136189926,"segment_first_lon":-118.4487690588,"segment_second_lat":34.2142894947,"segment_second_lon":-118.4487650545,"segment_sequence":220001,"segment_id":11,"segment_len_meter":74.5573410199637,"segment_cum_len":7109.309366751514}
{"route_id":"233","segment_first_lat":34.2142894947,"segment_first_lon":-118.4487650545,"segment_second_lat":34.2152292818,"segment_second_lon":-118.4487634896,"segment_sequence":220002,"segment_id":11,"segment_len_meter":104.49965671617615,"segment_cum_len":7213.80902346769}
{"route_id":"233","segment_first_lat":34.2152292818,"segment_first_lon":-118.4487634896,"segment_second_lat":34.2155040747,"segment_second_lon":-118.4487626509,"segment_sequence":220003,"segment_id":11,"segment_len_meter":30.555673677426036,"segment_cum_len":7244.364697145116}
{"route_id":"233","segment_first_lat":34.2155040747,"segment_first_lon":-118.4487626509,"segment_second_lat":34.2160646508,"segment_second_lon":-118.4487613635,"segment_sequence":230001,"segment_id":12,"segment_len_meter":62.333330721712855,"segment_cum_len":7306.698027866829}
{"route_id":"233","segment_first_lat":34.2160646508,"segment_first_lon":-118.4487613635,"segment_second_lat":34.2167515871,"segment_second_lon":-118.4487716709,"segment_sequence":230002,"segment_id":12,"segment_len_meter":76.3897110719156,"segment_cum_len":7383.087738938744}
{"route_id":"233","segment_first_lat":34.2167515871,"segment_first_lon":-118.4487716709,"segment_second_lat":34.2179524807,"segment_second_lon":-118.44875497,"segment_sequence":230003,"segment_id":12,"segment_len_meter":133.54210518963134,"segment_cum_len":7516.629844128375}
{"route_id":"233","segment_first_lat":34.2179524807,"segment_first_lon":-118.44875497,"segment_second_lat":34.2182272712,"segment_second_lon":-118.4487547929,"segment_sequence":230004,"segment_id":12,"segment_len_meter":30.555313829295468,"segment_cum_len":7547.1851579576705}
{"route_id":"233","segment_first_lat":34.2182272712,"segment_first_lon":-118.4487547929,"segment_second_lat":34.2197688421,"segment_second_lon":-118.4487548081,"segment_sequence":240001,"segment_id":12,"segment_len_meter":171.41486314885046,"segment_cum_len":7718.600021106521}
{"route_id":"233","segment_first_lat":34.2197688421,"segment_first_lon":-118.4487548081,"segment_second_lat":34.2215467459,"segment_second_lon":-118.4487511314,"segment_sequence":240002,"segment_id":12,"segment_len_meter":197.69417165350197,"segment_cum_len":7916.294192760023}
{"route_id":"233","segment_first_lat":34.2215467459,"segment_first_lon":-118.4487511314,"segment_second_lat":34.221821534,"segment_second_lon":-118.4487516158,"segment_sequence":240003,"segment_id":12,"segment_len_meter":30.555075081508896,"segment_cum_len":7946.849267841532}
{"route_id":"233","segment_first_lat":34.221821534,"segment_first_lon":-118.4487516158,"segment_second_lat":34.2233246253,"segment_second_lon":-118.4487540706,"segment_sequence":250001,"segment_id":13,"segment_len_meter":167.13627923663915,"segment_cum_len":8113.985547078171}
{"route_id":"233","segment_first_lat":34.2233246253,"segment_first_lon":-118.4487540706,"segment_second_lat":34.2236817959,"segment_second_lon":-118.4487692227,"segment_sequence":250002,"segment_id":13,"segment_len_meter":39.7399842411032,"segment_cum_len":8153.7255313192745}
{"route_id":"233","segment_first_lat":34.2236817959,"segment_first_lon":-118.4487692227,"segment_second_lat":34.2238989,"segment_second_lon":-118.4487637733,"segment_sequence":250003,"segment_id":13,"segment_len_meter":24.14607309310134,"segment_cum_len":8177.871604412376}
{"route_id":"233","segment_first_lat":34.2238989,"segment_first_lon":-118.4487637733,"segment_second_lat":34.2241847739,"segment_second_lon":-118.4487388449,"segment_sequence":250004,"segment_id":13,"segment_len_meter":31.870246306655837,"segment_cum_len":8209.741850719032}
{"route_id":"233","segment_first_lat":34.2241847739,"segment_first_lon":-118.4487388449,"segment_second_lat":34.2244348031,"segment_second_lon":-118.448746805,"segment_sequence":250005,"segment_id":13,"segment_len_meter":27.81160954823691,"segment_cum_len":8237.553460267269}
{"route_id":"233","segment_first_lat":34.2244348031,"segment_first_lon":-118.448746805,"segment_second_lat":34.2247753885,"segment_second_lon":-118.4487883332,"segment_sequence":250006,"segment_id":13,"segment_len_meter":38.063349372373175,"segment_cum_len":8275.616809639641}
{"route_id":"233","segment_first_lat":34.2247753885,"segment_first_lon":-118.4487883332,"segment_second_lat":34.2249110375,"segment_second_lon":-118.448814535,"segment_sequence":250007,"segment_id":13,"segment_len_meter":15.274640543649504,"segment_cum_len":8290.891450183291}
{"route_id":"233","segment_first_lat":34.2249110375,"segment_first_lon":-118.448814535,"segment_second_lat":34.2249703505,"segment_second_lon":-118.4488257708,"segment_sequence":260001,"segment_id":13,"segment_len_meter":6.675715083343941,"segment_cum_len":8297.567165266635}
{"route_id":"233","segment_first_lat":34.2249703505,"segment_first_lon":-118.4488257708,"segment_second_lat":34.2252476004,"segment_second_lon":-118.4489033488,"segment_sequence":260002,"segment_id":13,"segment_len_meter":31.643110117854473,"segment_cum_len":8329.21027538449}
{"route_id":"233","segment_first_lat":34.2252476004,"segment_first_lon":-118.4489033488,"segment_second_lat":34.2255302847,"segment_second_lon":-118.4489974975,"segment_sequence":260003,"segment_id":13,"segment_len_meter":32.60311734815252,"segment_cum_len":8361.813392732643}
{"route_id":"233","segment_first_lat":34.2255302847,"segment_first_lon":-118.4489974975,"segment_second_lat":34.2257442973,"segment_second_lon":-118.4490846611,"segment_sequence":260004,"segment_id":13,"segment_len_meter":25.11021502324957,"segment_cum_len":8386.923607755893}
{"route_id":"233","segment_first_lat":34.2257442973,"segment_first_lon":-118.4490846611,"segment_second_lat":34.2259061377,"segment_second_lon":-118.4491616199,"segment_sequence":260005,"segment_id":13,"segment_len_meter":19.336826103424738,"segment_cum_len":8406.260433859317}
{"route_id":"233","segment_first_lat":34.2259061377,"segment_first_lon":-118.4491616199,"segment_second_lat":34.2261007679,"segment_second_lon":-118.4492883783,"segment_sequence":260006,"segment_id":13,"segment_len_meter":24.58022526564618,"segment_cum_len":8430.840659124964}
{"route_id":"233","segment_first_lat":34.2261007679,"segment_first_lon":-118.4492883783,"segment_second_lat":34.2263255014,"segment_second_lon":-118.4494483814,"segment_sequence":260007,"segment_id":13,"segment_len_meter":28.99756613631289,"segment_cum_len":8459.838225261277}
{"route_id":"233","segment_first_lat":34.2263255014,"segment_first_lon":-118.4494483814,"segment_second_lat":34.2265008595,"segment_second_lon":-118.449584962,"segment_sequence":260008,"segment_id":13,"segment_len_meter":23.19237819957299,"segment_cum_len":8483.030603460851}
{"route_id":"233","segment_first_lat":34.2265008595,"segment_first_lon":-118.449584962,"segment_second_lat":34.226640557,"segment_second_lon":-118.44970481,"segment_sequence":260009,"segment_id":13,"segment_len_meter":19.04479077947151,"segment_cum_len":8502.075394240323}
{"route_id":"233","segment_first_lat":34.226640557,"segment_first_lon":-118.44970481,"segment_second_lat":34.2267136663,"segment_second_lon":-118.4497746764,"segment_sequence":260010,"segment_id":13,"segment_len_meter":10.360824916365,"segment_cum_len":8512.436219156687}
{"route_id":"233","segment_first_lat":34.2267136663,"segment_first_lon":-118.4497746764,"segment_second_lat":34.2268212753,"segment_second_lon":-118.449877811,"segment_sequence":270001,"segment_id":14,"segment_len_meter":15.267056218106797,"segment_cum_len":8527.703275374794}
{"route_id":"233","segment_first_lat":34.2268212753,"segment_first_lon":-118.449877811,"segment_second_lat":34.2268651793,"segment_second_lon":-118.4498945887,"segment_sequence":270002,"segment_id":14,"segment_len_meter":5.119794193646852,"segment_cum_len":8532.82306956844}
{"route_id":"233","segment_first_lat":34.2268651793,"segment_first_lon":-118.4498945887,"segment_second_lat":34.2273562436,"segment_second_lon":-118.4501122707,"segment_sequence":270003,"segment_id":14,"segment_len_meter":58.15589240532577,"segment_cum_len":8590.978961973766}
{"route_id":"233","segment_first_lat":34.2273562436,"segment_first_lon":-118.4501122707,"segment_second_lat":34.2275072274,"segment_second_lon":-118.4501527836,"segment_sequence":270004,"segment_id":14,"segment_len_meter":17.19683560215794,"segment_cum_len":8608.175797575923}
{"route_id":"233","segment_first_lat":34.2275072274,"segment_first_lon":-118.4501527836,"segment_second_lat":34.2278011728,"segment_second_lon":-118.4501742181,"segment_sequence":270005,"segment_id":14,"segment_len_meter":32.74458866083434,"segment_cum_len":8640.920386236758}
{"route_id":"233","segment_first_lat":34.2278011728,"segment_first_lon":-118.4501742181,"segment_second_lat":34.2280210125,"segment_second_lon":-118.4501720952,"segment_sequence":270006,"segment_id":14,"segment_len_meter":24.445838443462534,"segment_cum_len":8665.36622468022}
{"route_id":"233","segment_first_lat":34.2280210125,"segment_first_lon":-118.4501720952,"segment_second_lat":34.2281144146,"segment_second_lon":-118.4501792153,"segment_sequence":270007,"segment_id":14,"segment_len_meter":10.406448147913009,"segment_cum_len":8675.772672828132}
{"route_id":"233","segment_first_lat":34.2281144146,"segment_first_lon":-118.4501792153,"segment_second_lat":34.2281611279,"segment_second_lon":-118.4501794672,"segment_sequence":270008,"segment_id":14,"segment_len_meter":5.194333593674625,"segment_cum_len":8680.967006421806}
{"route_id":"233","segment_first_lat":34.2281611279,"segment_first_lon":-118.4501794672,"segment_second_lat":34.2286390434,"segment_second_lon":-118.4502382852,"segment_sequence":270009,"segment_id":14,"segment_len_meter":53.41619367871527,"segment_cum_len":8734.383200100521}
{"route_id":"233","segment_first_lat":34.2286390434,"segment_first_lon":-118.4502382852,"segment_second_lat":34.2287107498,"segment_second_lon":-118.4502419802,"segment_sequence":270010,"segment_id":14,"segment_len_meter":7.980621064366278,"segment_cum_len":8742.363821164887}
{"route_id":"233","segment_first_lat":34.2287107498,"segment_first_lon":-118.4502419802,"segment_second_lat":34.2288478426,"segment_second_lon":-118.4502493361,"segment_sequence":280001,"segment_id":14,"segment_len_meter":15.259017145578893,"segment_cum_len":8757.622838310466}
{"route_id":"233","segment_first_lat":34.2288478426,"segment_first_lon":-118.4502493361,"segment_second_lat":34.229232516,"segment_second_lon":-118.4502580272,"segment_sequence":280002,"segment_id":14,"segment_len_meter":42.78119276176744,"segment_cum_len":8800.404031072234}
{"route_id":"233","segment_first_lat":34.229232516,"segment_first_lon":-118.4502580272,"segment_second_lat":34.230219041,"segment_second_lon":-118.4502501142,"segment_sequence":280003,"segment_id":14,"segment_len_meter":109.69898720934366,"segment_cum_len":8910.103018281578}
{"route_id":"233","segment_first_lat":34.230219041,"segment_first_lon":-118.4502501142,"segment_second_lat":34.2317908443,"segment_second_lon":-118.4502486658,"segment_sequence":280004,"segment_id":14,"segment_len_meter":174.77660336704426,"segment_cum_len":9084.879621648623}
{"route_id":"233","segment_first_lat":34.2317908443,"segment_first_lon":-118.4502486658,"segment_second_lat":34.2331428201,"segment_second_lon":-118.4502460318,"segment_sequence":280005,"segment_id":14,"segment_len_meter":150.33304492567348,"segment_cum_len":9235.212666574296}
{"route_id":"233","segment_first_lat":34.2331428201,"segment_first_lon":-118.4502460318,"segment_second_lat":34.233417618,"segment_second_lon":-118.4502438745,"segment_sequence":280006,"segment_id":14,"segment_len_meter":30.55677592432815,"segment_cum_len":9265.769442498624}
{"route_id":"233","segment_first_lat":34.233417618,"segment_first_lon":-118.4502438745,"segment_second_lat":34.2336237173,"segment_second_lon":-118.4502420084,"segment_sequence":290001,"segment_id":15,"segment_len_meter":22.917838629800116,"segment_cum_len":9288.687281128425}
{"route_id":"233","segment_first_lat":34.2336237173,"segment_first_lon":-118.4502420084,"segment_second_lat":34.2354208314,"segment_second_lon":-118.4502450835,"segment_sequence":290002,"segment_id":15,"segment_len_meter":199.83017047877874,"segment_cum_len":9488.517451607204}
{"route_id":"233","segment_first_lat":34.2354208314,"segment_first_lon":-118.4502450835,"segment_second_lat":34.2356956218,"segment_second_lon":-118.4502449113,"segment_sequence":290003,"segment_id":15,"segment_len_meter":30.55530247111785,"segment_cum_len":9519.072754078321}
{"route_id":"233","segment_first_lat":34.2356956218,"segment_first_lon":-118.4502449113,"segment_second_lat":34.2390480705,"segment_second_lon":-118.4502414861,"segment_sequence":300001,"segment_id":15,"segment_len_meter":372.77542025260357,"segment_cum_len":9891.848174330924}
{"route_id":"233","segment_first_lat":34.2390480705,"segment_first_lon":-118.4502414861,"segment_second_lat":34.2393228696,"segment_second_lon":-118.4502389978,"segment_sequence":300002,"segment_id":15,"segment_len_meter":30.557121879266973,"segment_cum_len":9922.40529621019}
{"route_id":"233","segment_first_lat":34.2393228696,"segment_first_lon":-118.4502389978,"segment_second_lat":34.2402406959,"segment_second_lon":-118.4502313748,"segment_sequence":310001,"segment_id":16,"segment_len_meter":102.06003371867436,"segment_cum_len":10024.465329928866}
{"route_id":"233","segment_first_lat":34.2402406959,"segment_first_lon":-118.4502313748,"segment_second_lat":34.2413838356,"segment_second_lon":-118.4502276139,"segment_sequence":310002,"segment_id":16,"segment_len_meter":127.11180521071064,"segment_cum_len":10151.577135139576}
{"route_id":"233","segment_first_lat":34.2413838356,"segment_first_lon":-118.4502276139,"segment_second_lat":34.2426753956,"segment_second_lon":-118.4502147269,"segment_sequence":310003,"segment_id":16,"segment_len_meter":143.61980484440016,"segment_cum_len":10295.196939983976}
{"route_id":"233","segment_first_lat":34.2426753956,"segment_first_lon":-118.4502147269,"segment_second_lat":34.2429501799,"segment_second_lon":-118.4502162089,"segment_sequence":310004,"segment_id":16,"segment_len_meter":30.554923757931995,"segment_cum_len":10325.751863741909}
{"route_id":"233","segment_first_lat":34.2429501799,"segment_first_lon":-118.4502162089,"segment_second_lat":34.2436536278,"segment_second_lon":-118.4502200029,"segment_sequence":320001,"segment_id":16,"segment_len_meter":78.22061507498279,"segment_cum_len":10403.972478816891}
{"route_id":"233","segment_first_lat":34.2436536278,"segment_first_lon":-118.4502200029,"segment_second_lat":34.2439284145,"segment_second_lon":-118.4502208232,"segment_sequence":320002,"segment_id":16,"segment_len_meter":30.554979984427334,"segment_cum_len":10434.527458801318}
{"route_id":"233","segment_first_lat":34.2439284145,"segment_first_lon":-118.4502208232,"segment_second_lat":34.2449616133,"segment_second_lon":-118.4502237487,"segment_sequence":330001,"segment_id":17,"segment_len_meter":114.88677948365013,"segment_cum_len":10549.414238284968}
{"route_id":"233","segment_first_lat":34.2449616133,"segment_first_lon":-118.4502237487,"segment_second_lat":34.2451870349,"segment_second_lon":-118.4501984929,"segment_sequence":330002,"segment_id":17,"segment_len_meter":25.173009754085562,"segment_cum_len":10574.587248039054}
{"route_id":"233","segment_first_lat":34.2451870349,"segment_first_lon":-118.4501984929,"segment_second_lat":34.2452777876,"segment_second_lon":-118.4501791287,"segment_sequence":330003,"segment_id":17,"segment_len_meter":10.247010142625822,"segment_cum_len":10584.83425818168}
{"route_id":"233","segment_first_lat":34.2452777876,"segment_first_lon":-118.4501791287,"segment_second_lat":34.2453548256,"segment_second_lon":-118.4501530725,"segment_sequence":330004,"segment_id":17,"segment_len_meter":8.894747191918253,"segment_cum_len":10593.729005373598}
{"route_id":"233","segment_first_lat":34.2453548256,"segment_first_lon":-118.4501530725,"segment_second_lat":34.2454952363,"segment_second_lon":-118.4500810325,"segment_sequence":330005,"segment_id":17,"segment_len_meter":16.959124912494374,"segment_cum_len":10610.688130286093}
{"route_id":"233","segment_first_lat":34.2454952363,"segment_first_lon":-118.4500810325,"segment_second_lat":34.2456963455,"segment_second_lon":-118.4499431401,"segment_sequence":330006,"segment_id":17,"segment_len_meter":25.704508612510413,"segment_cum_len":10636.392638898604}
{"route_id":"233","segment_first_lat":34.2456963455,"segment_first_lon":-118.4499431401,"segment_second_lat":34.2458810782,"segment_second_lon":-118.449775378,"segment_sequence":330007,"segment_id":17,"segment_len_meter":25.68520583109461,"segment_cum_len":10662.077844729698}
{"route_id":"233","segment_first_lat":34.2458810782,"segment_first_lon":-118.449775378,"segment_second_lat":34.2459859265,"segment_second_lon":-118.4496601286,"segment_sequence":330008,"segment_id":17,"segment_len_meter":15.752545195853482,"segment_cum_len":10677.830389925552}
{"route_id":"233","segment_first_lat":34.2459859265,"segment_first_lon":-118.4496601286,"segment_second_lat":34.2470686158,"segment_second_lon":-118.4481735907,"segment_sequence":330009,"segment_id":17,"segment_len_meter":182.10811324857158,"segment_cum_len":10859.938503174124}
{"route_id":"233","segment_first_lat":34.2470686158,"segment_first_lon":-118.4481735907,"segment_second_lat":34.2473298918,"segment_second_lon":-118.4478156323,"segment_sequence":330010,"segment_id":17,"segment_len_meter":43.89295715671391,"segment_cum_len":10903.831460330837}
{"route_id":"233","segment_first_lat":34.2473298918,"segment_first_lon":-118.4478156323,"segment_second_lat":34.2491157146,"segment_second_lon":-118.4453675403,"segment_sequence":340001,"segment_id":17,"segment_len_meter":300.1060736306903,"segment_cum_len":11203.937533961527}
{"route_id":"233","segment_first_lat":34.2491157146,"segment_first_lon":-118.4453675403,"segment_second_lat":34.2492063028,"segment_second_lon":-118.4452432702,"segment_sequence":350001,"segment_id":18,"segment_len_meter":15.229204161962858,"segment_cum_len":11219.16673812349}
{"route_id":"233","segment_first_lat":34.2492063028,"segment_first_lon":-118.4452432702,"segment_second_lat":34.2499768658,"segment_second_lon":-118.4441818376,"segment_sequence":350002,"segment_id":18,"segment_len_meter":129.84366894798907,"segment_cum_len":11349.010407071479}
{"route_id":"233","segment_first_lat":34.2499768658,"segment_first_lon":-118.4441818376,"segment_second_lat":34.2515126619,"segment_second_lon":-118.4420810571,"segment_sequence":350003,"segment_id":18,"segment_len_meter":257.7706502810561,"segment_cum_len":11606.781057352535}
{"route_id":"233","segment_first_lat":34.2515126619,"segment_first_lon":-118.4420810571,"segment_second_lat":34.2516035215,"segment_second_lon":-118.4419567813,"segment_sequence":360001,"segment_id":18,"segment_len_meter":15.249330290224659,"segment_cum_len":11622.030387642759}
{"route_id":"233","segment_first_lat":34.2516035215,"segment_first_lon":-118.4419567813,"segment_second_lat":34.2527993435,"segment_second_lon":-118.4403151062,"segment_sequence":360002,"segment_id":18,"segment_len_meter":201.11595800782746,"segment_cum_len":11823.146345650586}
{"route_id":"233","segment_first_lat":34.2527993435,"segment_first_lon":-118.4403151062,"segment_second_lat":34.2530396092,"segment_second_lon":-118.4399854476,"segment_sequence":360003,"segment_id":18,"segment_len_meter":40.395231880582884,"segment_cum_len":11863.541577531169}
{"route_id":"233","segment_first_lat":34.2530396092,"segment_first_lon":-118.4399854476,"segment_second_lat":34.2539015031,"segment_second_lon":-118.4388075802,"segment_sequence":360004,"segment_id":18,"segment_len_meter":144.58356989308777,"segment_cum_len":12008.125147424256}
{"route_id":"233","segment_first_lat":34.2539015031,"segment_first_lon":-118.4388075802,"segment_second_lat":34.2539923594,"segment_second_lon":-118.4386832973,"segment_sequence":370001,"segment_id":19,"segment_len_meter":15.249333070081079,"segment_cum_len":12023.374480494338}
{"route_id":"233","segment_first_lat":34.2539923594,"segment_first_lon":-118.4386832973,"segment_second_lat":34.2545998924,"segment_second_lon":-118.4378558506,"segment_sequence":370002,"segment_id":19,"segment_len_meter":101.72047458551161,"segment_cum_len":12125.09495507985}
{"route_id":"233","segment_first_lat":34.2545998924,"segment_first_lon":-118.4378558506,"segment_second_lat":34.2551908609,"segment_second_lon":-118.4370481612,"segment_sequence":370003,"segment_id":19,"segment_len_meter":99.13941344889489,"segment_cum_len":12224.234368528745}
{"route_id":"233","segment_first_lat":34.2551908609,"segment_first_lon":-118.4370481612,"segment_second_lat":34.2557050678,"segment_second_lon":-118.4363416568,"segment_sequence":370004,"segment_id":19,"segment_len_meter":86.5185188934628,"segment_cum_len":12310.752887422208}
{"route_id":"233","segment_first_lat":34.2557050678,"segment_first_lon":-118.4363416568,"segment_second_lat":34.2557956468,"segment_second_lon":-118.4362173671,"segment_sequence":380001,"segment_id":19,"segment_len_meter":15.229207787889667,"segment_cum_len":12325.982095210098}
{"route_id":"233","segment_first_lat":34.2557956468,"segment_first_lon":-118.4362173671,"segment_second_lat":34.2560276101,"segment_second_lon":-118.4359008791,"segment_sequence":380002,"segment_id":19,"segment_len_meter":38.8760932606953,"segment_cum_len":12364.858188470793}
{"route_id":"233","segment_first_lat":34.2560276101,"segment_first_lon":-118.4359008791,"segment_second_lat":34.2563258542,"segment_second_lon":-118.4354920724,"segment_sequence":380003,"segment_id":19,"segment_len_meter":50.114211994675266,"segment_cum_len":12414.972400465467}
{"route_id":"233","segment_first_lat":34.2563258542,"segment_first_lon":-118.4354920724,"segment_second_lat":34.2565826771,"segment_second_lon":-118.4351393066,"segment_sequence":380004,"segment_id":19,"segment_len_meter":43.204802613067784,"segment_cum_len":12458.177203078534}
{"route_id":"233","segment_first_lat":34.2565826771,"segment_first_lon":-118.4351393066,"segment_second_lat":34.2567704581,"segment_second_lon":-118.4348821518,"segment_sequence":380005,"segment_id":19,"segment_len_meter":31.536444485699782,"segment_cum_len":12489.713647564235}
{"route_id":"233","segment_first_lat":34.2567704581,"segment_first_lon":-118.4348821518,"segment_second_lat":34.2569057562,"segment_second_lon":-118.4347008391,"segment_sequence":380006,"segment_id":19,"segment_len_meter":22.45017241053017,"segment_cum_len":12512.163819974765}
{"route_id":"233","segment_first_lat":34.2569057562,"segment_first_lon":-118.4347008391,"segment_second_lat":34.2571763872,"segment_second_lon":-118.4343282837,"segment_sequence":380007,"segment_id":19,"segment_len_meter":45.58432759619375,"segment_cum_len":12557.74814757096}
{"route_id":"233","segment_first_lat":34.2571763872,"segment_first_lon":-118.4343282837,"segment_second_lat":34.2575767825,"segment_second_lon":-118.4337843099,"segment_sequence":380008,"segment_id":19,"segment_len_meter":66.94451066640131,"segment_cum_len":12624.69265823736}
{"route_id":"233","segment_first_lat":34.2575767825,"segment_first_lon":-118.4337843099,"segment_second_lat":34.2586901978,"segment_second_lon":-118.4322568131,"segment_sequence":380009,"segment_id":19,"segment_len_meter":187.17701724766854,"segment_cum_len":12811.869675485028}
{"route_id":"233","segment_first_lat":34.2586901978,"segment_first_lon":-118.4322568131,"segment_second_lat":34.2587807726,"segment_second_lon":-118.4321325145,"segment_sequence":390001,"segment_id":20,"segment_len_meter":15.229208427020778,"segment_cum_len":12827.09888391205}
{"route_id":"233","segment_first_lat":34.2587807726,"segment_first_lon":-118.4321325145,"segment_second_lat":34.2593938036,"segment_second_lon":-118.4312917633,"segment_sequence":390002,"segment_id":20,"segment_len_meter":103.03798438337425,"segment_cum_len":12930.136868295423}
{"route_id":"233","segment_first_lat":34.2593938036,"segment_first_lon":-118.4312917633,"segment_second_lat":34.2599847753,"segment_second_lon":-118.4304707432,"segment_sequence":390003,"segment_id":20,"segment_len_meter":100.05708262911168,"segment_cum_len":13030.193950924535}
{"route_id":"233","segment_first_lat":34.2599847753,"segment_first_lon":-118.4304707432,"segment_second_lat":34.2605895278,"segment_second_lon":-118.4296365441,"segment_sequence":390004,"segment_id":20,"segment_len_meter":101.9770440196441,"segment_cum_len":13132.17099494418}
{"route_id":"233","segment_first_lat":34.2605895278,"segment_first_lon":-118.4296365441,"segment_second_lat":34.2610816019,"segment_second_lon":-118.4289599519,"segment_sequence":390005,"segment_id":20,"segment_len_meter":82.8258745367318,"segment_cum_len":13214.99686948091}
{"route_id":"233","segment_first_lat":34.2610816019,"segment_first_lon":-118.4289599519,"segment_second_lat":34.2611721744,"segment_second_lon":-118.4288353153,"segment_sequence":400001,"segment_id":20,"segment_len_meter":15.252109347762264,"segment_cum_len":13230.248978828673}
{"route_id":"233","segment_first_lat":34.2611721744,"segment_first_lon":-118.4288353153,"segment_second_lat":34.2617740975,"segment_second_lon":-118.4280209357,"segment_sequence":400002,"segment_id":20,"segment_len_meter":100.40411201758707,"segment_cum_len":13330.65309084626}
{"route_id":"233","segment_first_lat":34.2617740975,"segment_first_lon":-118.4280209357,"segment_second_lat":34.2620723384,"segment_second_lon":-118.4276054535,"segment_sequence":400003,"segment_id":20,"segment_len_meter":50.573606380777015,"segment_cum_len":13381.226697227035}
{"route_id":"233","segment_first_lat":34.2620723384,"segment_first_lon":-118.4276054535,"segment_second_lat":34.2623733023,"segment_second_lon":-118.4271966016,"segment_sequence":400004,"segment_id":20,"segment_len_meter":50.31594089367464,"segment_cum_len":13431.54263812071}
{"route_id":"233","segment_first_lat":34.2623733023,"segment_first_lon":-118.4271966016,"segment_second_lat":34.2624641466,"segment_second_lon":-118.4270722935,"segment_sequence":400005,"segment_id":20,"segment_len_meter":15.249322260624218,"segment_cum_len":13446.791960381335}
{"route_id":"233","segment_first_lat":34.2624641466,"segment_first_lon":-118.4270722935,"segment_second_lat":34.2629807683,"segment_second_lon":-118.4263656786,"segment_sequence":410001,"segment_id":21,"segment_len_meter":86.6996050239546,"segment_cum_len":13533.49156540529}
{"route_id":"233","segment_first_lat":34.2629807683,"segment_first_lon":-118.4263656786,"segment_second_lat":34.2634857658,"segment_second_lon":-118.4256815015,"segment_sequence":410002,"segment_id":21,"segment_len_meter":84.29942001314981,"segment_cum_len":13617.79098541844}
{"route_id":"233","segment_first_lat":34.2634857658,"segment_first_lon":-118.4256815015,"segment_second_lat":34.2635771558,"segment_second_lon":-118.4255578548,"segment_sequence":420001,"segment_id":21,"segment_len_meter":15.244112223282713,"segment_cum_len":13633.035097641723}
{"route_id":"233","segment_first_lat":34.2635771558,"segment_first_lon":-118.4255578548,"segment_second_lat":34.2642591507,"segment_second_lon":-118.4246279962,"segment_sequence":420002,"segment_id":21,"segment_len_meter":114.24895209138131,"segment_cum_len":13747.284049733104}
{"route_id":"233","segment_first_lat":34.2642591507,"segment_first_lon":-118.4246279962,"segment_second_lat":34.2648196424,"segment_second_lon":-118.4238663015,"segment_sequence":420003,"segment_id":21,"segment_len_meter":93.72231671054712,"segment_cum_len":13841.006366443651}
{"route_id":"233","segment_first_lat":34.2648196424,"segment_first_lon":-118.4238663015,"segment_second_lat":34.2649024833,"segment_second_lon":-118.4237508817,"segment_sequence":420004,"segment_id":21,"segment_len_meter":14.048228081257133,"segment_cum_len":13855.054594524909}
{"route_id":"233","segment_first_lat":34.2649024833,"segment_first_lon":-118.4237508817,"segment_second_lat":34.2652448486,"segment_second_lon":-118.4232859465,"segment_sequence":420005,"segment_id":21,"segment_len_meter":57.22551286246528,"segment_cum_len":13912.280107387374}
{"route_id":"233","segment_first_lat":34.2652448486,"segment_first_lon":-118.4232859465,"segment_second_lat":34.2654630273,"segment_second_lon":-118.4229726268,"segment_sequence":420006,"segment_id":21,"segment_len_meter":37.650880576650025,"segment_cum_len":13949.930987964024}
{"route_id":"233","segment_first_lat":34.2654630273,"segment_first_lon":-118.4229726268,"segment_second_lat":34.2657692819,"segment_second_lon":-118.4225392762,"segment_sequence":420007,"segment_id":21,"segment_len_meter":52.39791882781323,"segment_cum_len":14002.328906791838}
{"route_id":"233","segment_first_lat":34.2657692819,"segment_first_lon":-118.4225392762,"segment_second_lat":34.2660898953,"segment_second_lon":-118.4220854744,"segment_sequence":430001,"segment_id":22,"segment_len_meter":54.863809371742676,"segment_cum_len":14057.19271616358}
{"route_id":"233","segment_first_lat":34.2660898953,"segment_first_lon":-118.4220854744,"segment_second_lat":34.2662307046,"segment_second_lon":-118.4218942193,"segment_sequence":430002,"segment_id":22,"segment_len_meter":23.538143403364778,"segment_cum_len":14080.730859566944}
{"route_id":"233","segment_first_lat":34.2662307046,"segment_first_lon":-118.4218942193,"segment_second_lat":34.2666559128,"segment_second_lon":-118.4213105347,"segment_sequence":430003,"segment_id":22,"segment_len_meter":71.50154744325016,"segment_cum_len":14152.232407010193}
{"route_id":"233","segment_first_lat":34.2666559128,"segment_first_lon":-118.4213105347,"segment_second_lat":34.2673188379,"segment_second_lon":-118.420402687,"segment_sequence":430004,"segment_id":22,"segment_len_meter":111.32655264300024,"segment_cum_len":14263.558959653194}
{"route_id":"233","segment_first_lat":34.2673188379,"segment_first_lon":-118.420402687,"segment_second_lat":34.2674096752,"segment_second_lon":-118.4202783641,"segment_sequence":440001,"segment_id":22,"segment_len_meter":15.249322315285537,"segment_cum_len":14278.808281968479}
{"route_id":"233","segment_first_lat":34.2674096752,"segment_first_lon":-118.4202783641,"segment_second_lat":34.2681523801,"segment_second_lon":-118.4192626686,"segment_sequence":440002,"segment_id":22,"segment_len_meter":124.62662220892643,"segment_cum_len":14403.434904177406}
{"route_id":"233","segment_first_lat":34.2681523801,"segment_first_lon":-118.4192626686,"segment_second_lat":34.2688125202,"segment_second_lon":-118.4183610632,"segment_sequence":440003,"segment_id":22,"segment_len_meter":110.69063189047195,"segment_cum_len":14514.125536067877}
{"route_id":"233","segment_first_lat":34.2688125202,"segment_first_lon":-118.4183610632,"segment_second_lat":34.2689033543,"segment_second_lon":-118.4182370668,"segment_sequence":450001,"segment_id":23,"segment_len_meter":15.226469964673926,"segment_cum_len":14529.352006032552}
{"route_id":"233","segment_first_lat":34.2689033543,"segment_first_lon":-118.4182370668,"segment_second_lat":34.2696432943,"segment_second_lon":-118.4172213212,"segment_sequence":450002,"segment_id":23,"segment_len_meter":124.42531634897117,"segment_cum_len":14653.777322381524}
{"route_id":"233","segment_first_lat":34.2696432943,"segment_first_lon":-118.4172213212,"segment_second_lat":34.2703006599,"segment_second_lon":-118.4163229798,"segment_sequence":450003,"segment_id":23,"segment_len_meter":110.26045462275376,"segment_cum_len":14764.037777004278}
{"route_id":"233","segment_first_lat":34.2703006599,"segment_first_lon":-118.4163229798,"segment_second_lat":34.2703914919,"segment_second_lon":-118.416198979,"segment_sequence":460001,"segment_id":23,"segment_len_meter":15.226466735444578,"segment_cum_len":14779.264243739723}
{"route_id":"233","segment_first_lat":34.2703914919,"segment_first_lon":-118.416198979,"segment_second_lat":34.2712007069,"segment_second_lon":-118.4150898696,"segment_sequence":460002,"segment_id":23,"segment_len_meter":135.95353028996269,"segment_cum_len":14915.217774029685}
{"route_id":"233","segment_first_lat":34.2712007069,"segment_first_lon":-118.4150898696,"segment_second_lat":34.2712915387,"segment_second_lon":-118.4149655352,"segment_sequence":470001,"segment_id":24,"segment_len_meter":15.249313824881497,"segment_cum_len":14930.467087854566}
{"route_id":"233","segment_first_lat":34.2712915387,"segment_first_lon":-118.4149655352,"segment_second_lat":34.2718961615,"segment_second_lon":-118.4141377306,"segment_sequence":470002,"segment_id":24,"segment_len_meter":101.51877749887431,"segment_cum_len":15031.98586535344}
{"route_id":"233","segment_first_lat":34.2718961615,"segment_first_lon":-118.4141377306,"segment_second_lat":34.2724925013,"segment_second_lon":-118.4133198032,"segment_sequence":470003,"segment_id":24,"segment_len_meter":100.22841015544643,"segment_cum_len":15132.214275508886}
{"route_id":"233","segment_first_lat":34.2724925013,"segment_first_lon":-118.4133198032,"segment_second_lat":34.2730722581,"segment_second_lon":-118.4125282626,"segment_sequence":470004,"segment_id":24,"segment_len_meter":97.19019137198774,"segment_cum_len":15229.404466880875}
{"route_id":"233","segment_first_lat":34.2730722581,"segment_first_lon":-118.4125282626,"segment_second_lat":34.2736934301,"segment_second_lon":-118.4116773339,"segment_sequence":470005,"segment_id":24,"segment_len_meter":104.32831240956924,"segment_cum_len":15333.732779290443}
{"route_id":"233","segment_first_lat":34.2736934301,"segment_first_lon":-118.4116773339,"segment_second_lat":34.2738748119,"segment_second_lon":-118.4114286485,"segment_sequence":470006,"segment_id":24,"segment_len_meter":30.47850930720009,"segment_cum_len":15364.211288597644}
{"route_id":"233","segment_first_lat":34.2738748119,"segment_first_lon":-118.4114286485,"segment_second_lat":34.2760814482,"segment_second_lon":-118.4084021166,"segment_sequence":480001,"segment_id":24,"segment_len_meter":370.8652006269334,"segment_cum_len":15735.076489224577}
{"route_id":"233","segment_first_lat":34.2760814482,"segment_first_lon":-118.4084021166,"segment_second_lat":34.2762630981,"segment_second_lon":-118.4081534183,"segment_sequence":480002,"segment_id":24,"segment_len_meter":30.498646510995712,"segment_cum_len":15765.575135735573}
{"route_id":"233","segment_first_lat":34.2762630981,"segment_first_lon":-118.4081534183,"segment_second_lat":34.2767660813,"segment_second_lon":-118.4074653715,"segment_sequence":490001,"segment_id":25,"segment_len_meter":84.40894752852627,"segment_cum_len":15849.984083264098}
{"route_id":"233","segment_first_lat":34.2767660813,"segment_first_lon":-118.4074653715,"segment_second_lat":34.2778510439,"segment_second_lon":-118.4059645105,"segment_sequence":490002,"segment_id":25,"segment_len_meter":183.2262952443001,"segment_cum_len":16033.210378508398}
{"route_id":"233","segment_first_lat":34.2778510439,"segment_first_lon":-118.4059645105,"segment_second_lat":34.2783846775,"segment_second_lon":-118.4052282566,"segment_sequence":490003,"segment_id":25,"segment_len_meter":89.98457859303697,"segment_cum_len":16123.194957101436}
{"route_id":"233","segment_first_lat":34.2783846775,"segment_first_lon":-118.4052282566,"segment_second_lat":34.2784749508,"segment_second_lon":-118.405103567,"segment_sequence":500001,"segment_id":25,"segment_len_meter":15.232051519535139,"segment_cum_len":16138.42700862097}
{"route_id":"233","segment_first_lat":34.2784749508,"segment_first_lon":-118.405103567,"segment_second_lat":34.280860043,"segment_second_lon":-118.4018279606,"segment_sequence":500002,"segment_id":25,"segment_len_meter":401.14251388937873,"segment_cum_len":16539.569522510348}
{"route_id":"233","segment_first_lat":34.280860043,"segment_first_lon":-118.4018279606,"segment_second_lat":34.280653024,"segment_second_lon":-118.4016104667,"segment_sequence":500003,"segment_id":25,"segment_len_meter":30.483120634923022,"segment_cum_len":16570.05264314527}
{"route_id":"233","segment_first_lat":34.280653024,"segment_first_lon":-118.4016104667,"segment_second_lat":34.2803315417,"segment_second_lon":-118.401272589,"segment_sequence":510001,"segment_id":26,"segment_len_meter":47.34542808588576,"segment_cum_len":16617.398071231157}
{"route_id":"233","segment_first_lat":34.2803315417,"segment_first_lon":-118.401272589,"segment_second_lat":34.2793484937,"segment_second_lon":-118.4002317379,"segment_sequence":510002,"segment_id":26,"segment_len_meter":145.23914260167064,"segment_cum_len":16762.637213832826}
{"route_id":"233","segment_first_lat":34.2793484937,"segment_first_lon":-118.4002317379,"segment_second_lat":34.2778643581,"segment_second_lon":-118.398648945,"segment_sequence":510003,"segment_id":26,"segment_len_meter":219.96359687743478,"segment_cum_len":16982.60081071026}
{"route_id":"233","segment_first_lat":34.2778643581,"segment_first_lon":-118.398648945,"segment_second_lat":34.2776573334,"segment_second_lon":-118.3984314668,"segment_sequence":510004,"segment_id":26,"segment_len_meter":30.483120482760086,"segment_cum_len":17013.08393119302}
{"route_id":"233","segment_first_lat":34.2776573334,"segment_first_lon":-118.3984314668,"segment_second_lat":34.2764075066,"segment_second_lon":-118.3971193013,"segment_sequence":520001,"segment_id":26,"segment_len_meter":183.9836629281925,"segment_cum_len":17197.067594121214}
{"route_id":"233","segment_first_lat":34.2764075066,"segment_first_lon":-118.3971193013,"segment_second_lat":34.2749041386,"segment_second_lon":-118.3955232881,"segment_sequence":520002,"segment_id":26,"segment_len_meter":222.37510828576248,"segment_cum_len":17419.442702406977}
{"route_id":"233","segment_first_lat":34.2749041386,"segment_first_lon":-118.3955232881,"segment_second_lat":34.2750854873,"segment_second_lon":-118.395274564,"segment_sequence":520003,"segment_id":26,"segment_len_meter":30.478493470037755,"segment_cum_len":17449.921195877014}
{"route_id":"233","segment_first_lat":34.2750854873,"segment_first_lon":-118.395274564,"segment_second_lat":34.2767893682,"segment_second_lon":-118.3929370305,"segment_sequence":530001,"segment_id":27,"segment_len_meter":286.4048177379868,"segment_cum_len":17736.326013615002}
{"route_id":"233","segment_first_lat":34.2767893682,"segment_first_lon":-118.3929370305,"segment_second_lat":34.2773000061,"segment_second_lon":-118.3922343591,"segment_sequence":530002,"segment_id":27,"segment_len_meter":85.97943698267534,"segment_cum_len":17822.305450597676}
{"route_id":"233","segment_first_lat":34.2773000061,"segment_first_lon":-118.3922343591,"segment_second_lat":34.2773910882,"segment_second_lon":-118.392110323,"segment_sequence":530003,"segment_id":27,"segment_len_meter":15.246643169928628,"segment_cum_len":17837.552093767605}
{"route_id":"233","segment_first_lat":34.2773910882,"segment_first_lon":-118.392110323,"segment_second_lat":34.2774380096,"segment_second_lon":-118.3920463252,"segment_sequence":540001,"segment_id":27,"segment_len_meter":7.861250279424083,"segment_cum_len":17845.41334404703}
{"route_id":"233","segment_first_lat":34.2774380096,"segment_first_lon":-118.3920463252,"segment_second_lat":34.2776146647,"segment_second_lon":-118.3918021983,"segment_sequence":540002,"segment_id":27,"segment_len_meter":29.816149953333035,"segment_cum_len":17875.229494000363}
{"route_id":"233","segment_first_lat":34.2776146647,"segment_first_lon":-118.3918021983,"segment_second_lat":34.2777664817,"segment_second_lon":-118.3915910561,"segment_sequence":540003,"segment_id":27,"segment_len_meter":25.716664536625313,"segment_cum_len":17900.94615853699}
{"route_id":"233","segment_first_lat":34.2777664817,"segment_first_lon":-118.3915910561,"segment_second_lat":34.2782384602,"segment_second_lon":-118.3909444615,"segment_sequence":540004,"segment_id":27,"segment_len_meter":79.27115071848955,"segment_cum_len":17980.21730925548}
{"route_id":"233","segment_first_lat":34.2782384602,"segment_first_lon":-118.3909444615,"segment_second_lat":34.2787104459,"segment_second_lon":-118.3902945494,"segment_sequence":540005,"segment_id":27,"segment_len_meter":79.50013219700644,"segment_cum_len":18059.717441452485}
{"route_id":"233","segment_first_lat":34.2787104459,"segment_first_lon":-118.3902945494,"segment_second_lat":34.2796052644,"segment_second_lon":-118.3890663075,"segment_sequence":540006,"segment_id":27,"segment_len_meter":150.4514063801345,"segment_cum_len":18210.16884783262}
{"route_id":"233","segment_first_lat":34.2796052644,"segment_first_lon":-118.3890663075,"segment_second_lat":34.2796957948,"segment_second_lon":-118.388941931,"segment_sequence":550001,"segment_id":28,"segment_len_meter":15.229182680453194,"segment_cum_len":18225.398030513075}
{"route_id":"233","segment_first_lat":34.2796957948,"segment_first_lon":-118.388941931,"segment_second_lat":34.2791152057,"segment_second_lon":-118.3883301317,"segment_sequence":550002,"segment_id":28,"segment_len_meter":85.60164582409786,"segment_cum_len":18310.999676337175}
{"route_id":"233","segment_first_lat":34.2791152057,"segment_first_lon":-118.3883301317,"segment_second_lat":34.2785072305,"segment_second_lon":-118.3876884212,"segment_sequence":550003,"segment_id":28,"segment_len_meter":89.70326579170882,"segment_cum_len":18400.702942128883}
{"route_id":"233","segment_first_lat":34.2785072305,"segment_first_lon":-118.3876884212,"segment_second_lat":34.2776774377,"segment_second_lon":-118.3868073547,"segment_sequence":550004,"segment_id":28,"segment_len_meter":122.74804050347271,"segment_cum_len":18523.450982632356}
{"route_id":"233","segment_first_lat":34.2776774377,"segment_first_lon":-118.3868073547,"segment_second_lat":34.2768202233,"segment_second_lon":-118.3859063177,"segment_sequence":550005,"segment_id":28,"segment_len_meter":126.25234269269475,"segment_cum_len":18649.703325325052}
{"route_id":"233","segment_first_lat":34.2768202233,"segment_first_lon":-118.3859063177,"segment_second_lat":34.2767956404,"segment_second_lon":-118.3858598613,"segment_sequence":550006,"segment_id":28,"segment_len_meter":5.068792117290324,"segment_cum_len":18654.772117442342}
{"route_id":"233","segment_first_lat":34.2767956404,"segment_first_lon":-118.3858598613,"segment_second_lat":34.2767848705,"segment_second_lon":-118.3857902974,"segment_sequence":550007,"segment_id":28,"segment_len_meter":6.502981145437076,"segment_cum_len":18661.27509858778}
{"route_id":"233","segment_first_lat":34.2767848705,"segment_first_lon":-118.3857902974,"segment_second_lat":34.2767905876,"segment_second_lon":-118.3857208097,"segment_sequence":550008,"segment_id":28,"segment_len_meter":6.416330412819827,"segment_cum_len":18667.6914290006}
{"route_id":"233","segment_first_lat":34.2767905876,"segment_first_lon":-118.3857208097,"segment_second_lat":34.2768209932,"segment_second_lon":-118.3856646769,"segment_sequence":550009,"segment_id":28,"segment_len_meter":6.167036499881706,"segment_cum_len":18673.85846550048}
{"route_id":"233","segment_first_lat":34.2768209932,"segment_first_lon":-118.3856646769,"segment_second_lat":34.277240531,"segment_second_lon":-118.3850807083,"segment_sequence":550010,"segment_id":28,"segment_len_meter":71.10077952118506,"segment_cum_len":18744.959245021666}
{"route_id":"233","segment_first_lat":34.277240531,"segment_first_lon":-118.3850807083,"segment_second_lat":34.2779056646,"segment_second_lon":-118.3841701519,"segment_sequence":550011,"segment_id":28,"segment_len_meter":111.66779684258711,"segment_cum_len":18856.627041864253}
{"route_id":"233","segment_first_lat":34.2779056646,"segment_first_lon":-118.3841701519,"segment_second_lat":34.2791145147,"segment_second_lon":-118.3825040227,"segment_sequence":550012,"segment_id":28,"segment_len_meter":203.72438818996338,"segment_cum_len":19060.351430054216}
{"route_id":"233","segment_first_lat":34.2791145147,"segment_first_lon":-118.3825040227,"segment_second_lat":34.279732912,"segment_second_lon":-118.3831606441,"segment_sequence":550013,"segment_id":28,"segment_len_meter":91.47726290326752,"segment_cum_len":19151.828692957482}
