{"route_id":"687","segment_first_lat":34.1785476853,"segment_first_lon":-118.1125347087,"segment_second_lat":34.178527751,"segment_second_lon":-118.1158938617,"segment_sequence":10001,"segment_id":1,"segment_len_meter":309.0183469451029,"segment_cum_len":309.0183469451029}
{"route_id":"687","segment_first_lat":34.178527751,"segment_first_lon":-118.1158938617,"segment_second_lat":34.1773242067,"segment_second_lon":-118.1158690485,"segment_sequence":10002,"segment_id":1,"segment_len_meter":133.8474849465979,"segment_cum_len":442.8658318917008}
{"route_id":"687","segment_first_lat":34.1773242067,"segment_first_lon":-118.1158690485,"segment_second_lat":34.1761756134,"segment_second_lon":-118.1158509245,"segment_sequence":10003,"segment_id":1,"segment_len_meter":127.72862985475066,"segment_cum_len":570.5944617464514}
{"route_id":"687","segment_first_lat":34.1761756134,"segment_first_lon":-118.1158509245,"segment_second_lat":34.1761926375,"segment_second_lon":-118.1123695332,"segment_sequence":10004,"segment_id":1,"segment_len_meter":320.26969520729085,"segment_cum_len":890.8641569537423}
{"route_id":"687","segment_first_lat":34.1761926375,"segment_first_lon":-118.1123695332,"segment_second_lat":34.1752637442,"segment_second_lon":-118.1124906113,"segment_sequence":10005,"segment_id":1,"segment_len_meter":103.88705958034623,"segment_cum_len":994.7512165340885}
{"route_id":"687","segment_first_lat":34.1752637442,"segment_first_lon":-118.1124906113,"segment_second_lat":34.1751271597,"segment_second_lon":-118.1125069582,"segment_sequence":10006,"segment_id":1,"segment_len_meter":15.261773701368728,"segment_cum_len":1010.0129902354572}
{"route_id":"687","segment_first_lat":34.1751271597,"segment_first_lon":-118.1125069582,"segment_second_lat":34.1750191562,"segment_second_lon":-118.1125200373,"segment_sequence":20001,"segment_id":1,"segment_len_meter":12.06956409479243,"segment_cum_len":1022.0825543302496}
{"route_id":"687","segment_first_lat":34.1750191562,"segment_first_lon":-118.1125200373,"segment_second_lat":34.1732493193,"segment_second_lon":-118.1127424664,"segment_sequence":20002,"segment_id":1,"segment_len_meter":197.85784141398585,"segment_cum_len":1219.9403957442355}
{"route_id":"687","segment_first_lat":34.1732493193,"segment_first_lon":-118.1127424664,"segment_second_lat":34.1730445775,"segment_second_lon":-118.1127696304,"segment_sequence":20003,"segment_id":1,"segment_len_meter":22.902992632676373,"segment_cum_len":1242.843388376912}
{"route_id":"687","segment_first_lat":34.1730445775,"segment_first_lon":-118.1127696304,"segment_second_lat":34.1729030447,"segment_second_lon":-118.1127882839,"segment_sequence":30001,"segment_id":2,"segment_len_meter":15.831013335836113,"segment_cum_len":1258.674401712748}
{"route_id":"687","segment_first_lat":34.1729030447,"segment_first_lon":-118.1127882839,"segment_second_lat":34.1712596248,"segment_second_lon":-118.1129943428,"segment_sequence":30002,"segment_id":2,"segment_len_meter":183.72059295149361,"segment_cum_len":1442.3949946642417}
{"route_id":"687","segment_first_lat":34.1712596248,"segment_first_lon":-118.1129943428,"segment_second_lat":34.1691409842,"segment_second_lon":-118.1130278425,"segment_sequence":30003,"segment_id":2,"segment_len_meter":235.6022448453448,"segment_cum_len":1677.9972395095865}
{"route_id":"687","segment_first_lat":34.1691409842,"segment_first_lon":-118.1130278425,"segment_second_lat":34.1688661933,"segment_second_lon":-118.1130317684,"segment_sequence":30004,"segment_id":2,"segment_len_meter":30.557488638063532,"segment_cum_len":1708.55472814765}
{"route_id":"687","segment_first_lat":34.1688661933,"segment_first_lon":-118.1130317684,"segment_second_lat":34.1680940308,"segment_second_lon":-118.1130429555,"segment_sequence":40001,"segment_id":2,"segment_len_meter":85.86672113489287,"segment_cum_len":1794.4214492825429}
{"route_id":"687","segment_first_lat":34.1680940308,"segment_first_lon":-118.1130429555,"segment_second_lat":34.1670910433,"segment_second_lon":-118.1130581276,"segment_sequence":40002,"segment_id":2,"segment_len_meter":111.53585649310874,"segment_cum_len":1905.9573057756515}
{"route_id":"687","segment_first_lat":34.1670910433,"segment_first_lon":-118.1130581276,"segment_second_lat":34.1665964208,"segment_second_lon":-118.1130640699,"segment_sequence":40003,"segment_id":2,"segment_len_meter":55.00222977260181,"segment_cum_len":1960.9595355482534}
{"route_id":"687","segment_first_lat":34.1665964208,"segment_first_lon":-118.1130640699,"segment_second_lat":34.1663216278,"segment_second_lon":-118.1130703097,"segment_sequence":40004,"segment_id":2,"segment_len_meter":30.56098001615127,"segment_cum_len":1991.5205155644046}
{"route_id":"687","segment_first_lat":34.1663216278,"segment_first_lon":-118.1130703097,"segment_second_lat":34.1660550784,"segment_second_lon":-118.1130765605,"segment_sequence":50001,"segment_id":3,"segment_len_meter":29.644519916320068,"segment_cum_len":2021.1650354807248}
{"route_id":"687","segment_first_lat":34.1660550784,"segment_first_lon":-118.1130765605,"segment_second_lat":34.1655054985,"segment_second_lon":-118.1130824283,"segment_sequence":50002,"segment_id":3,"segment_len_meter":61.112881258200154,"segment_cum_len":2082.277916738925}
{"route_id":"687","segment_first_lat":34.1655054985,"segment_first_lon":-118.1130824283,"segment_second_lat":34.1652307064,"segment_second_lon":-118.1130876762,"segment_sequence":50003,"segment_id":3,"segment_len_meter":30.55930198389464,"segment_cum_len":2112.8372187228197}
{"route_id":"687","segment_first_lat":34.1652307064,"segment_first_lon":-118.1130876762,"segment_second_lat":34.1650273601,"segment_second_lon":-118.1130916984,"segment_sequence":60001,"segment_id":3,"segment_len_meter":22.614105022213135,"segment_cum_len":2135.451323745033}
{"route_id":"687","segment_first_lat":34.1650273601,"segment_first_lon":-118.1130916984,"segment_second_lat":34.1646536454,"segment_second_lon":-118.1130961512,"segment_sequence":60002,"segment_id":3,"segment_len_meter":41.557198079578676,"segment_cum_len":2177.0085218246113}
{"route_id":"687","segment_first_lat":34.1646536454,"segment_first_lon":-118.1130961512,"segment_second_lat":34.1645162504,"segment_second_lon":-118.1130976181,"segment_sequence":70001,"segment_id":4,"segment_len_meter":15.278223071005735,"segment_cum_len":2192.286744895617}
{"route_id":"687","segment_first_lat":34.1645162504,"segment_first_lon":-118.1130976181,"segment_second_lat":34.1641095628,"segment_second_lon":-118.1131003733,"segment_sequence":70002,"segment_id":4,"segment_len_meter":45.2223083423006,"segment_cum_len":2237.5090532379177}
{"route_id":"687","segment_first_lat":34.1641095628,"segment_first_lon":-118.1131003733,"segment_second_lat":34.1632549634,"segment_second_lon":-118.1131124392,"segment_sequence":70003,"segment_id":4,"segment_len_meter":95.0336019453322,"segment_cum_len":2332.5426551832497}
{"route_id":"687","segment_first_lat":34.1632549634,"segment_first_lon":-118.1131124392,"segment_second_lat":34.1625679901,"segment_second_lon":-118.1131181205,"segment_sequence":70004,"segment_id":4,"segment_len_meter":76.3897341755043,"segment_cum_len":2408.932389358754}
{"route_id":"687","segment_first_lat":34.1625679901,"segment_first_lon":-118.1131181205,"segment_second_lat":34.1617985777,"segment_second_lon":-118.1131269958,"segment_sequence":70005,"segment_id":4,"segment_len_meter":85.5586524366777,"segment_cum_len":2494.4910417954316}
{"route_id":"687","segment_first_lat":34.1617985777,"segment_first_lon":-118.1131269958,"segment_second_lat":34.1615237863,"segment_second_lon":-118.1131315821,"segment_sequence":70006,"segment_id":4,"segment_len_meter":30.558323275528906,"segment_cum_len":2525.0493650709604}
{"route_id":"687","segment_first_lat":34.1615237863,"segment_first_lon":-118.1131315821,"segment_second_lat":34.1610566409,"segment_second_lon":-118.1131392136,"segment_sequence":80001,"segment_id":4,"segment_len_meter":51.94894415012884,"segment_cum_len":2576.998309221089}
{"route_id":"687","segment_first_lat":34.1610566409,"segment_first_lon":-118.1131392136,"segment_second_lat":34.1604273729,"segment_second_lon":-118.1131449727,"segment_sequence":80002,"segment_id":4,"segment_len_meter":69.97341552083317,"segment_cum_len":2646.971724741922}
{"route_id":"687","segment_first_lat":34.1604273729,"segment_first_lon":-118.1131449727,"segment_second_lat":34.1601525833,"segment_second_lon":-118.1131475756,"segment_sequence":80003,"segment_id":4,"segment_len_meter":30.556147986996088,"segment_cum_len":2677.5278727289183}
{"route_id":"687","segment_first_lat":34.1601525833,"segment_first_lon":-118.1131475756,"segment_second_lat":34.15981734,"segment_second_lon":-118.1131507578,"segment_sequence":90001,"segment_id":5,"segment_len_meter":37.27850402680941,"segment_cum_len":2714.806376755728}
{"route_id":"687","segment_first_lat":34.15981734,"segment_first_lon":-118.1131507578,"segment_second_lat":34.1591990604,"segment_second_lon":-118.1131598371,"segment_sequence":90002,"segment_id":5,"segment_len_meter":68.7546301790082,"segment_cum_len":2783.561006934736}
{"route_id":"687","segment_first_lat":34.1591990604,"segment_first_lon":-118.1131598371,"segment_second_lat":34.1585670445,"segment_second_lon":-118.1131655922,"segment_sequence":90003,"segment_id":5,"segment_len_meter":70.27895665005401,"segment_cum_len":2853.83996358479}
{"route_id":"687","segment_first_lat":34.1585670445,"segment_first_lon":-118.1131655922,"segment_second_lat":34.1578965554,"segment_second_lon":-118.1131746005,"segment_sequence":90004,"segment_id":5,"segment_len_meter":74.55959374617315,"segment_cum_len":2928.399557330963}
{"route_id":"687","segment_first_lat":34.1578965554,"segment_first_lon":-118.1131746005,"segment_second_lat":34.1576217686,"segment_second_lon":-118.1131742283,"segment_sequence":90005,"segment_id":5,"segment_len_meter":30.554917261707843,"segment_cum_len":2958.954474592671}
{"route_id":"687","segment_first_lat":34.1576217686,"segment_first_lon":-118.1131742283,"segment_second_lat":34.1571051694,"segment_second_lon":-118.1131735287,"segment_sequence":100001,"segment_id":5,"segment_len_meter":57.443246218230286,"segment_cum_len":3016.3977208109013}
{"route_id":"687","segment_first_lat":34.1571051694,"segment_first_lon":-118.1131735287,"segment_second_lat":34.1565610946,"segment_second_lon":-118.1131694864,"segment_sequence":100002,"segment_id":5,"segment_len_meter":60.49950085156364,"segment_cum_len":3076.8972216624647}
{"route_id":"687","segment_first_lat":34.1565610946,"segment_first_lon":-118.1131694864,"segment_second_lat":34.1562863078,"segment_second_lon":-118.1131691142,"segment_sequence":100003,"segment_id":5,"segment_len_meter":30.55491726231345,"segment_cum_len":3107.4521389247784}
{"route_id":"687","segment_first_lat":34.1562863078,"segment_first_lon":-118.1131691142,"segment_second_lat":34.1560170167,"segment_second_lon":-118.1131687495,"segment_sequence":110001,"segment_id":6,"segment_len_meter":29.943822915021748,"segment_cum_len":3137.3959618398003}
{"route_id":"687","segment_first_lat":34.1560170167,"segment_first_lon":-118.1131687495,"segment_second_lat":34.1554701941,"segment_second_lon":-118.1131647036,"segment_sequence":110002,"segment_id":6,"segment_len_meter":60.80503858259106,"segment_cum_len":3198.201000422391}
{"route_id":"687","segment_first_lat":34.1554701941,"segment_first_lon":-118.1131647036,"segment_second_lat":34.1549178726,"segment_second_lon":-118.1131639556,"segment_sequence":110003,"segment_id":6,"segment_len_meter":61.41538724383208,"segment_cum_len":3259.616387666223}
{"route_id":"687","segment_first_lat":34.1549178726,"segment_first_lon":-118.1131639556,"segment_second_lat":34.1543600585,"segment_second_lon":-118.1131598949,"segment_sequence":110004,"segment_id":6,"segment_len_meter":62.02722338075236,"segment_cum_len":3321.6436110469754}
{"route_id":"687","segment_first_lat":34.1543600585,"segment_first_lon":-118.1131598949,"segment_second_lat":34.1540852717,"segment_second_lon":-118.1131595228,"segment_sequence":110005,"segment_id":6,"segment_len_meter":30.554917253001054,"segment_cum_len":3352.1985282999763}
{"route_id":"687","segment_first_lat":34.1540852717,"segment_first_lon":-118.1131595228,"segment_second_lat":34.1535411939,"segment_second_lon":-118.1131587861,"segment_sequence":120001,"segment_id":6,"segment_len_meter":60.498729039255906,"segment_cum_len":3412.6972573392322}
{"route_id":"687","segment_first_lat":34.1535411939,"segment_first_lon":-118.1131587861,"segment_second_lat":34.1529723883,"segment_second_lon":-118.1131547105,"segment_sequence":120002,"segment_id":6,"segment_len_meter":63.24940881921397,"segment_cum_len":3475.946666158446}
{"route_id":"687","segment_first_lat":34.1529723883,"segment_first_lon":-118.1131547105,"segment_second_lat":34.1526179134,"segment_second_lon":-118.1131542306,"segment_sequence":120003,"segment_id":6,"segment_len_meter":39.415835240137525,"segment_cum_len":3515.3625013985834}
{"route_id":"687","segment_first_lat":34.1526179134,"segment_first_lon":-118.1131542306,"segment_second_lat":34.1524063275,"segment_second_lon":-118.1131539441,"segment_sequence":120004,"segment_id":6,"segment_len_meter":23.52729339993065,"segment_cum_len":3538.8897947985142}
{"route_id":"687","segment_first_lat":34.1524063275,"segment_first_lon":-118.1131539441,"segment_second_lat":34.1522661863,"segment_second_lon":-118.1131537543,"segment_sequence":120005,"segment_id":6,"segment_len_meter":15.583000241998516,"segment_cum_len":3554.4727950405127}
{"route_id":"687","segment_first_lat":34.1522661863,"segment_first_lon":-118.1131537543,"segment_second_lat":34.152002391,"segment_second_lon":-118.1131533971,"segment_sequence":120006,"segment_id":6,"segment_len_meter":29.33271744809354,"segment_cum_len":3583.8055124886064}
{"route_id":"687","segment_first_lat":34.152002391,"segment_first_lon":-118.1131533971,"segment_second_lat":34.1518649976,"segment_second_lon":-118.1131532111,"segment_sequence":130001,"segment_id":7,"segment_len_meter":15.277458622261634,"segment_cum_len":3599.082971110868}
{"route_id":"687","segment_first_lat":34.1518649976,"segment_first_lon":-118.1131532111,"segment_second_lat":34.1515902093,"segment_second_lon":-118.1131544916,"segment_sequence":130002,"segment_id":7,"segment_len_meter":30.555292060939866,"segment_cum_len":3629.638263171808}
{"route_id":"687","segment_first_lat":34.1515902093,"segment_first_lon":-118.1131544916,"segment_second_lat":34.1507053912,"segment_second_lon":-118.1131582513,"segment_sequence":140001,"segment_id":7,"segment_len_meter":98.38789200436959,"segment_cum_len":3728.0261551761773}
{"route_id":"687","segment_first_lat":34.1507053912,"segment_first_lon":-118.1131582513,"segment_second_lat":34.1495650199,"segment_second_lon":-118.1131633174,"segment_sequence":140002,"segment_id":7,"segment_len_meter":126.80436001675949,"segment_cum_len":3854.8305151929367}
{"route_id":"687","segment_first_lat":34.1495650199,"segment_first_lon":-118.1131633174,"segment_second_lat":34.1492902316,"segment_second_lon":-118.1131645979,"segment_sequence":140003,"segment_id":7,"segment_len_meter":30.55529207331343,"segment_cum_len":3885.38580726625}
{"route_id":"687","segment_first_lat":34.1492902316,"segment_first_lon":-118.1131645979,"segment_second_lat":34.1471551276,"segment_second_lon":-118.1131732744,"segment_sequence":150001,"segment_id":8,"segment_len_meter":237.41407527603155,"segment_cum_len":4122.799882542282}
{"route_id":"687","segment_first_lat":34.1471551276,"segment_first_lon":-118.1131732744,"segment_second_lat":34.146506637,"segment_second_lon":-118.1131657862,"segment_sequence":150002,"segment_id":8,"segment_len_meter":72.11215729775527,"segment_cum_len":4194.912039840037}
{"route_id":"687","segment_first_lat":34.146506637,"segment_first_lon":-118.1131657862,"segment_second_lat":34.1460202707,"segment_second_lon":-118.1131585176,"segment_sequence":150003,"segment_id":8,"segment_len_meter":54.085601476001486,"segment_cum_len":4248.997641316038}
{"route_id":"687","segment_first_lat":34.1460202707,"segment_first_lon":-118.1131585176,"segment_second_lat":34.146019245,"segment_second_lon":-118.1133733408,"segment_sequence":150004,"segment_id":8,"segment_len_meter":19.769650307969084,"segment_cum_len":4268.767291624007}
{"route_id":"687","segment_first_lat":34.146019245,"segment_first_lon":-118.1133733408,"segment_second_lat":34.1460135647,"segment_second_lon":-118.1144441508,"segment_sequence":160001,"segment_id":8,"segment_len_meter":98.5443967205775,"segment_cum_len":4367.311688344585}
{"route_id":"687","segment_first_lat":34.1460135647,"segment_first_lon":-118.1144441508,"segment_second_lat":34.1460040846,"segment_second_lon":-118.115743,"segment_sequence":160002,"segment_id":8,"segment_len_meter":119.532569329695,"segment_cum_len":4486.84425767428}
{"route_id":"687","segment_first_lat":34.1460040846,"segment_first_lon":-118.115743,"segment_second_lat":34.1460030544,"segment_second_lon":-118.1159578231,"segment_sequence":160003,"segment_id":8,"segment_len_meter":19.769647787946578,"segment_cum_len":4506.613905462226}
{"route_id":"687","segment_first_lat":34.1460030544,"segment_first_lon":-118.1159578231,"segment_second_lat":34.1459973224,"segment_second_lon":-118.1170583777,"segment_sequence":170001,"segment_id":9,"segment_len_meter":101.28167434634055,"segment_cum_len":4607.895579808567}
{"route_id":"687","segment_first_lat":34.1459973224,"segment_first_lon":-118.1170583777,"segment_second_lat":34.1459877624,"segment_second_lon":-118.1184101061,"segment_sequence":170002,"segment_id":9,"segment_len_meter":124.39874933767896,"segment_cum_len":4732.294329146246}
{"route_id":"687","segment_first_lat":34.1459877624,"segment_first_lon":-118.1184101061,"segment_second_lat":34.1459864527,"segment_second_lon":-118.1186249287,"segment_sequence":170003,"segment_id":9,"segment_len_meter":19.769810139132332,"segment_cum_len":4752.064139285379}
{"route_id":"687","segment_first_lat":34.1459864527,"segment_first_lon":-118.1186249287,"segment_second_lat":34.1459780956,"segment_second_lon":-118.1198543739,"segment_sequence":180001,"segment_id":9,"segment_len_meter":113.14479897100128,"segment_cum_len":4865.20893825638}
{"route_id":"687","segment_first_lat":34.1459780956,"segment_first_lon":-118.1198543739,"segment_second_lat":34.1459684016,"segment_second_lon":-118.1213085562,"segment_sequence":180002,"segment_id":9,"segment_len_meter":133.8270054513975,"segment_cum_len":4999.035943707778}
{"route_id":"687","segment_first_lat":34.1459684016,"segment_first_lon":-118.1213085562,"segment_second_lat":34.1459667787,"segment_second_lon":-118.1215564283,"segment_sequence":180003,"segment_id":9,"segment_len_meter":22.81140750834316,"segment_cum_len":5021.847351216121}
{"route_id":"687","segment_first_lat":34.1459667787,"segment_first_lon":-118.1215564283,"segment_second_lat":34.1459585759,"segment_second_lon":-118.1228751078,"segment_sequence":190001,"segment_id":10,"segment_len_meter":121.35631869000937,"segment_cum_len":5143.20366990613}
{"route_id":"687","segment_first_lat":34.1459585759,"segment_first_lon":-118.1228751078,"segment_second_lat":34.1459489068,"segment_second_lon":-118.1242697998,"segment_sequence":190002,"segment_id":10,"segment_len_meter":128.3525392501528,"segment_cum_len":5271.556209156282}
{"route_id":"687","segment_first_lat":34.1459489068,"segment_first_lon":-118.1242697998,"segment_second_lat":34.1459541168,"segment_second_lon":-118.1245474268,"segment_sequence":190003,"segment_id":10,"segment_len_meter":25.555492198671093,"segment_cum_len":5297.111701354954}
{"route_id":"687","segment_first_lat":34.1459541168,"segment_first_lon":-118.1245474268,"segment_second_lat":34.1459445929,"segment_second_lon":-118.1252546806,"segment_sequence":190004,"segment_id":10,"segment_len_meter":65.09441240700475,"segment_cum_len":5362.2061137619585}
{"route_id":"687","segment_first_lat":34.1459445929,"segment_first_lon":-118.1252546806,"segment_second_lat":34.1459422199,"segment_second_lon":-118.1254232316,"segment_sequence":200001,"segment_id":10,"segment_len_meter":15.51333373282052,"segment_cum_len":5377.719447494779}
{"route_id":"687","segment_first_lat":34.1459422199,"segment_first_lon":-118.1254232316,"segment_second_lat":34.1459388878,"segment_second_lon":-118.125985075,"segment_sequence":200002,"segment_id":10,"segment_len_meter":51.70558069125983,"segment_cum_len":5429.425028186039}
{"route_id":"687","segment_first_lat":34.1459388878,"segment_first_lon":-118.125985075,"segment_second_lat":34.1459354112,"segment_second_lon":-118.1266824228,"segment_sequence":200003,"segment_id":10,"segment_len_meter":64.17536066115781,"segment_cum_len":5493.600388847197}
{"route_id":"687","segment_first_lat":34.1459354112,"segment_first_lon":-118.1266824228,"segment_second_lat":34.1459257472,"segment_second_lon":-118.1280308441,"segment_sequence":200004,"segment_id":10,"segment_len_meter":124.09461178486033,"segment_cum_len":5617.695000632058}
{"route_id":"687","segment_first_lat":34.1459257472,"segment_first_lon":-118.1280308441,"segment_second_lat":34.1459238707,"segment_second_lon":-118.1282456656,"segment_sequence":200005,"segment_id":10,"segment_len_meter":19.770288215961983,"segment_cum_len":5637.46528884802}
{"route_id":"687","segment_first_lat":34.1459238707,"segment_first_lon":-118.1282456656,"segment_second_lat":34.1459132989,"segment_second_lon":-118.1293990908,"segment_sequence":210001,"segment_id":11,"segment_len_meter":106.15175184447979,"segment_cum_len":5743.617040692499}
{"route_id":"687","segment_first_lat":34.1459132989,"segment_first_lon":-118.1293990908,"segment_second_lat":34.1459122444,"segment_second_lon":-118.1296139135,"segment_sequence":210002,"segment_id":11,"segment_len_meter":19.769648065008983,"segment_cum_len":5763.386688757509}
{"route_id":"687","segment_first_lat":34.1459122444,"segment_first_lon":-118.1296139135,"segment_second_lat":34.1459062523,"segment_second_lon":-118.1308400553,"segment_sequence":220001,"segment_id":11,"segment_len_meter":112.83904869986988,"segment_cum_len":5876.225737457378}
{"route_id":"687","segment_first_lat":34.1459062523,"segment_first_lon":-118.1308400553,"segment_second_lat":34.1458963863,"segment_second_lon":-118.13233059,"segment_sequence":220002,"segment_id":11,"segment_len_meter":137.17253604874776,"segment_cum_len":6013.398273506126}
{"route_id":"687","segment_first_lat":34.1458963863,"segment_first_lon":-118.13233059,"segment_second_lat":34.1458960604,"segment_second_lon":-118.1326280385,"segment_sequence":220003,"segment_id":11,"segment_len_meter":27.37306177183095,"segment_cum_len":6040.771335277957}
{"route_id":"687","segment_first_lat":34.1458960604,"segment_first_lon":-118.1326280385,"segment_second_lat":34.1458946981,"segment_second_lon":-118.1338641023,"segment_sequence":230001,"segment_id":12,"segment_len_meter":113.75028430056612,"segment_cum_len":6154.521619578523}
{"route_id":"687","segment_first_lat":34.1458946981,"segment_first_lon":-118.1338641023,"segment_second_lat":34.1458931938,"segment_second_lon":-118.1352158404,"segment_sequence":230002,"segment_id":12,"segment_len_meter":124.39535762901188,"segment_cum_len":6278.916977207536}
{"route_id":"687","segment_first_lat":34.1458931938,"segment_first_lon":-118.1352158404,"segment_second_lat":34.1458902054,"segment_second_lon":-118.1354306599,"segment_sequence":230003,"segment_id":12,"segment_len_meter":19.771803342455964,"segment_cum_len":6298.688780549992}
{"route_id":"687","segment_first_lat":34.1458902054,"segment_first_lon":-118.1354306599,"segment_second_lat":34.1458693326,"segment_second_lon":-118.1368848209,"segment_sequence":240001,"segment_id":12,"segment_len_meter":133.84097759685093,"segment_cum_len":6432.529758146843}
{"route_id":"687","segment_first_lat":34.1458693326,"segment_first_lon":-118.1368848209,"segment_second_lat":34.1458621325,"segment_second_lon":-118.1383819687,"segment_sequence":240002,"segment_id":12,"segment_len_meter":137.77911133336792,"segment_cum_len":6570.308869480211}
{"route_id":"687","segment_first_lat":34.1458621325,"segment_first_lon":-118.1383819687,"segment_second_lat":34.1458605124,"segment_second_lon":-118.1385967903,"segment_sequence":240003,"segment_id":12,"segment_len_meter":19.7700319272262,"segment_cum_len":6590.078901407437}
{"route_id":"687","segment_first_lat":34.1458605124,"segment_first_lon":-118.1385967903,"segment_second_lat":34.1458523302,"segment_second_lon":-118.1397369975,"segment_sequence":250001,"segment_id":13,"segment_len_meter":104.93286305343835,"segment_cum_len":6695.011764460875}
{"route_id":"687","segment_first_lat":34.1458523302,"segment_first_lon":-118.1397369975,"segment_second_lat":34.1458421112,"segment_second_lon":-118.141435744,"segment_sequence":250002,"segment_id":13,"segment_len_meter":156.33330628094555,"segment_cum_len":6851.345070741821}
{"route_id":"687","segment_first_lat":34.1458421112,"segment_first_lon":-118.141435744,"segment_second_lat":34.1458407024,"segment_second_lon":-118.1417001406,"segment_sequence":250003,"segment_id":13,"segment_len_meter":24.331919014789907,"segment_cum_len":6875.67698975661}
{"route_id":"687","segment_first_lat":34.1458407024,"segment_first_lon":-118.1417001406,"segment_second_lat":34.1458348781,"segment_second_lon":-118.142913061,"segment_sequence":260001,"segment_id":13,"segment_len_meter":111.62234049945171,"segment_cum_len":6987.299330256062}
{"route_id":"687","segment_first_lat":34.1458348781,"segment_first_lon":-118.142913061,"segment_second_lat":34.1458250685,"segment_second_lon":-118.144231734,"segment_sequence":260002,"segment_id":13,"segment_len_meter":121.35738553817725,"segment_cum_len":7108.656715794239}
{"route_id":"687","segment_first_lat":34.1458250685,"segment_first_lon":-118.144231734,"segment_second_lat":34.1458237128,"segment_second_lon":-118.1444465558,"segment_sequence":260003,"segment_id":13,"segment_len_meter":19.7698129374336,"segment_cum_len":7128.426528731673}
{"route_id":"687","segment_first_lat":34.1458237128,"segment_first_lon":-118.1444465558,"segment_second_lat":34.1458216213,"segment_second_lon":-118.1448167107,"segment_sequence":270001,"segment_id":14,"segment_len_meter":34.06475078660998,"segment_cum_len":7162.491279518283}
{"route_id":"687","segment_first_lat":34.1458216213,"segment_first_lon":-118.1448167107,"segment_second_lat":34.1458147065,"segment_second_lon":-118.1459965789,"segment_sequence":270002,"segment_id":14,"segment_len_meter":108.58154076383765,"segment_cum_len":7271.07282028212}
{"route_id":"687","segment_first_lat":34.1458147065,"segment_first_lon":-118.1459965789,"segment_second_lat":34.1458046053,"segment_second_lon":-118.1475267699,"segment_sequence":270003,"segment_id":14,"segment_len_meter":140.82219737672403,"segment_cum_len":7411.895017658844}
{"route_id":"687","segment_first_lat":34.1458046053,"segment_first_lon":-118.1475267699,"segment_second_lat":34.1458020841,"segment_second_lon":-118.1477911644,"segment_sequence":270004,"segment_id":14,"segment_len_meter":24.33284746268106,"segment_cum_len":7436.227865121526}
{"route_id":"687","segment_first_lat":34.1458020841,"segment_first_lon":-118.1477911644,"segment_second_lat":34.1457982647,"segment_second_lon":-118.1482175008,"segment_sequence":280001,"segment_id":14,"segment_len_meter":39.23643707511336,"segment_cum_len":7475.4643021966385}
{"route_id":"687","segment_first_lat":34.1457982647,"segment_first_lon":-118.1482175008,"segment_second_lat":34.1457919568,"segment_second_lon":-118.1488784868,"segment_sequence":280002,"segment_id":14,"segment_len_meter":60.83210785799725,"segment_cum_len":7536.296410054636}
{"route_id":"687","segment_first_lat":34.1457919568,"segment_first_lon":-118.1488784868,"segment_second_lat":34.1457817615,"segment_second_lon":-118.1504549467,"segment_sequence":280003,"segment_id":14,"segment_len_meter":145.08013914838764,"segment_cum_len":7681.376549203023}
{"route_id":"687","segment_first_lat":34.1457817615,"segment_first_lon":-118.1504549467,"segment_second_lat":34.1455069774,"segment_second_lon":-118.150452469,"segment_sequence":280004,"segment_id":14,"segment_len_meter":30.55544860805314,"segment_cum_len":7711.931997811076}
{"route_id":"687","segment_first_lat":34.1455069774,"segment_first_lon":-118.150452469,"segment_second_lat":34.1453008891,"segment_second_lon":-118.150450776,"segment_sequence":290001,"segment_id":15,"segment_len_meter":22.91650302498902,"segment_cum_len":7734.848500836065}
{"route_id":"687","segment_first_lat":34.1453008891,"segment_first_lon":-118.150450776,"segment_second_lat":34.144506764,"segment_second_lon":-118.1504427366,"segment_sequence":290002,"segment_id":15,"segment_len_meter":88.30578157525082,"segment_cum_len":7823.154282411316}
{"route_id":"687","segment_first_lat":34.144506764,"segment_first_lon":-118.1504427366,"segment_second_lat":34.1443281535,"segment_second_lon":-118.1504417541,"segment_sequence":290003,"segment_id":15,"segment_len_meter":19.860787261255282,"segment_cum_len":7843.015069672571}
{"route_id":"687","segment_first_lat":34.1443281535,"segment_first_lon":-118.1504417541,"segment_second_lat":34.1436604253,"segment_second_lon":-118.1504379082,"segment_sequence":300001,"segment_id":15,"segment_len_meter":74.24883178685536,"segment_cum_len":7917.263901459427}
{"route_id":"687","segment_first_lat":34.1436604253,"segment_first_lon":-118.1504379082,"segment_second_lat":34.1435340194,"segment_second_lon":-118.1504409855,"segment_sequence":300002,"segment_id":15,"segment_len_meter":14.05854749905799,"segment_cum_len":7931.3224489584845}
{"route_id":"687","segment_first_lat":34.1435340194,"segment_first_lon":-118.1504409855,"segment_second_lat":34.142401915,"segment_second_lon":-118.1504257283,"segment_sequence":300003,"segment_id":15,"segment_len_meter":125.89209617165523,"segment_cum_len":8057.214545130139}
{"route_id":"687","segment_first_lat":34.142401915,"segment_first_lon":-118.1504257283,"segment_second_lat":34.1416929738,"segment_second_lon":-118.1504178427,"segment_sequence":300004,"segment_id":15,"segment_len_meter":78.83400511901671,"segment_cum_len":8136.0485502491565}
{"route_id":"687","segment_first_lat":34.1416929738,"segment_first_lon":-118.1504178427,"segment_second_lat":34.1410884474,"segment_second_lon":-118.1504134499,"segment_sequence":300005,"segment_id":15,"segment_len_meter":67.22148437718789,"segment_cum_len":8203.270034626345}
{"route_id":"687","segment_first_lat":34.1410884474,"segment_first_lon":-118.1504134499,"segment_second_lat":34.1406213143,"segment_second_lon":-118.1504093044,"segment_sequence":300006,"segment_id":15,"segment_len_meter":51.944231879948326,"segment_cum_len":8255.214266506293}
{"route_id":"687","segment_first_lat":34.1406213143,"segment_first_lon":-118.1504093044,"segment_second_lat":34.1404427047,"segment_second_lon":-118.1504076611,"segment_sequence":300007,"segment_id":15,"segment_len_meter":19.861057187874763,"segment_cum_len":8275.075323694167}
{"route_id":"687","segment_first_lat":34.1404427047,"segment_first_lon":-118.1504076611,"segment_second_lat":34.1396348387,"segment_second_lon":-118.1504009197,"segment_sequence":310001,"segment_id":16,"segment_len_meter":89.83274312137699,"segment_cum_len":8364.908066815544}
{"route_id":"687","segment_first_lat":34.1396348387,"segment_first_lon":-118.1504009197,"segment_second_lat":34.1383351105,"segment_second_lon":-118.1503886668,"segment_sequence":310002,"segment_id":16,"segment_len_meter":144.52758129372575,"segment_cum_len":8509.43564810927}
{"route_id":"687","segment_first_lat":34.1383351105,"segment_first_lon":-118.1503886668,"segment_second_lat":34.1381565009,"segment_second_lon":-118.1503870235,"segment_sequence":310003,"segment_id":16,"segment_len_meter":19.86105721903331,"segment_cum_len":8529.296705328303}
{"route_id":"687","segment_first_lat":34.1381565009,"segment_first_lon":-118.1503870235,"segment_second_lat":34.1373843572,"segment_second_lon":-118.1503803467,"segment_sequence":320001,"segment_id":16,"segment_len_meter":85.86066107498466,"segment_cum_len":8615.157366403288}
{"route_id":"687","segment_first_lat":34.1373843572,"segment_first_lon":-118.1503803467,"segment_second_lat":34.1357823639,"segment_second_lon":-118.1503675507,"segment_sequence":320002,"segment_id":16,"segment_len_meter":178.13742049476969,"segment_cum_len":8793.294786898057}
{"route_id":"687","segment_first_lat":34.1357823639,"segment_first_lon":-118.1503675507,"segment_second_lat":34.1354938405,"segment_second_lon":-118.1503650489,"segment_sequence":320003,"segment_id":16,"segment_len_meter":32.08316458645361,"segment_cum_len":8825.37795148451}
{"route_id":"687","segment_first_lat":34.1354938405,"segment_first_lon":-118.1503650489,"segment_second_lat":34.1347656618,"segment_second_lon":-118.1503591126,"segment_sequence":330001,"segment_id":17,"segment_len_meter":80.97162047612579,"segment_cum_len":8906.349571960636}
{"route_id":"687","segment_first_lat":34.1347656618,"segment_first_lon":-118.1503591126,"segment_second_lat":34.1340704601,"segment_second_lon":-118.1503512529,"segment_sequence":330002,"segment_id":17,"segment_len_meter":77.30628671081432,"segment_cum_len":8983.655858671451}
{"route_id":"687","segment_first_lat":34.1340704601,"segment_first_lon":-118.1503512529,"segment_second_lat":34.1339055894,"segment_second_lon":-118.150349965,"segment_sequence":330003,"segment_id":17,"segment_len_meter":18.333168610233265,"segment_cum_len":9001.989027281685}
{"route_id":"687","segment_first_lat":34.1339055894,"segment_first_lon":-118.150349965,"segment_second_lat":34.1329410956,"segment_second_lon":-118.1503426125,"segment_sequence":340001,"segment_id":17,"segment_len_meter":107.2489523600381,"segment_cum_len":9109.237979641723}
{"route_id":"687","segment_first_lat":34.1329410956,"segment_first_lon":-118.1503426125,"segment_second_lat":34.131613889,"segment_second_lon":-118.1503303121,"segment_sequence":340002,"segment_id":17,"segment_len_meter":147.5829830411377,"segment_cum_len":9256.820962682861}
{"route_id":"687","segment_first_lat":34.131613889,"segment_first_lon":-118.1503303121,"segment_second_lat":34.1314627576,"segment_second_lon":-118.1503290489,"segment_sequence":340003,"segment_id":17,"segment_len_meter":16.805447134486624,"segment_cum_len":9273.626409817347}
{"route_id":"687","segment_first_lat":34.1314627576,"segment_first_lon":-118.1503290489,"segment_second_lat":34.131045085,"segment_second_lon":-118.1503259847,"segment_sequence":350001,"segment_id":18,"segment_len_meter":46.44393047032293,"segment_cum_len":9320.07034028767}
{"route_id":"687","segment_first_lat":34.131045085,"segment_first_lon":-118.1503259847,"segment_second_lat":34.1299184684,"segment_second_lon":-118.1503173499,"segment_sequence":350002,"segment_id":18,"segment_len_meter":125.27657129249017,"segment_cum_len":9445.34691158016}
{"route_id":"687","segment_first_lat":34.1299184684,"segment_first_lon":-118.1503173499,"segment_second_lat":34.1285390524,"segment_second_lon":-118.1503049564,"segment_sequence":350003,"segment_id":18,"segment_len_meter":153.38830288129915,"segment_cum_len":9598.73521446146}
{"route_id":"687","segment_first_lat":34.1285390524,"segment_first_lon":-118.1503049564,"segment_second_lat":34.1275250984,"segment_second_lon":-118.1502965247,"segment_sequence":350004,"segment_id":18,"segment_len_meter":112.74921179917094,"segment_cum_len":9711.484426260631}
{"route_id":"687","segment_first_lat":34.1275250984,"segment_first_lon":-118.1502965247,"segment_second_lat":34.127526608,"segment_second_lon":-118.149966101,"segment_sequence":350005,"segment_id":18,"segment_len_meter":30.4146920935254,"segment_cum_len":9741.899118354157}
{"route_id":"687","segment_first_lat":34.127526608,"segment_first_lon":-118.149966101,"segment_second_lat":34.127528838,"segment_second_lon":-118.1494968996,"segment_sequence":360001,"segment_id":18,"segment_len_meter":43.18889251085008,"segment_cum_len":9785.088010865007}
{"route_id":"687","segment_first_lat":34.127528838,"segment_first_lon":-118.1494968996,"segment_second_lat":34.12753256,"segment_second_lon":-118.1487071871,"segment_sequence":360002,"segment_id":18,"segment_len_meter":72.69116787679498,"segment_cum_len":9857.779178741803}
{"route_id":"687","segment_first_lat":34.12753256,"segment_first_lon":-118.1487071871,"segment_second_lat":34.1278073433,"segment_second_lon":-118.1487103194,"segment_sequence":360003,"segment_id":18,"segment_len_meter":30.55586914528358,"segment_cum_len":9888.335047887087}
