{"route_id":"854","segment_first_lat":34.0554015379,"segment_first_lon":-118.2331926585,"segment_second_lat":34.0558968764,"segment_second_lon":-118.2331032496,"segment_sequence":10001,"segment_id":1,"segment_len_meter":55.69159876204993,"segment_cum_len":55.69159876204993}
{"route_id":"854","segment_first_lat":34.0558968764,"segment_first_lon":-118.2331032496,"segment_second_lat":34.0559766215,"segment_second_lon":-118.2330737588,"segment_sequence":10002,"segment_id":1,"segment_len_meter":9.274114247876069,"segment_cum_len":64.96571300992599}
{"route_id":"854","segment_first_lat":34.0559766215,"segment_first_lon":-118.2330737588,"segment_second_lat":34.0560233924,"segment_second_lon":-118.2330441761,"segment_sequence":10003,"segment_id":1,"segment_len_meter":5.871479260278673,"segment_cum_len":70.83719227020467}
{"route_id":"854","segment_first_lat":34.0560233924,"segment_first_lon":-118.2330441761,"segment_second_lat":34.0560426847,"segment_second_lon":-118.2330145168,"segment_sequence":10004,"segment_id":1,"segment_len_meter":3.473836596378087,"segment_cum_len":74.31102886658276}
{"route_id":"854","segment_first_lat":34.0560426847,"segment_first_lon":-118.2330145168,"segment_second_lat":34.0560509856,"segment_second_lon":-118.2329848269,"segment_sequence":10005,"segment_id":1,"segment_len_meter":2.8866944649498616,"segment_cum_len":77.19772333153261}
{"route_id":"854","segment_first_lat":34.0560509856,"segment_first_lon":-118.2329848269,"segment_second_lat":34.0560429331,"segment_second_lon":-118.2328857611,"segment_sequence":10006,"segment_id":1,"segment_len_meter":9.170147383416666,"segment_cum_len":86.36787071494928}
{"route_id":"854","segment_first_lat":34.0560429331,"segment_first_lon":-118.2328857611,"segment_second_lat":34.0560319989,"segment_second_lon":-118.2328560177,"segment_sequence":10007,"segment_id":1,"segment_len_meter":2.997710202533842,"segment_cum_len":89.36558091748311}
{"route_id":"854","segment_first_lat":34.0560319989,"segment_first_lon":-118.2328560177,"segment_second_lat":34.0560128149,"segment_second_lon":-118.2328295528,"segment_sequence":10008,"segment_id":1,"segment_len_meter":3.2395180464536804,"segment_cum_len":92.6050989639368}
{"route_id":"854","segment_first_lat":34.0560128149,"segment_first_lon":-118.2328295528,"segment_second_lat":34.0559633981,"segment_second_lon":-118.2328063051,"segment_sequence":10009,"segment_id":1,"segment_len_meter":5.8975121836790905,"segment_cum_len":98.50261114761588}
{"route_id":"854","segment_first_lat":34.0559633981,"segment_first_lon":-118.2328063051,"segment_second_lat":34.0555400822,"segment_second_lon":-118.23288106,"segment_sequence":10010,"segment_id":1,"segment_len_meter":47.57170054782695,"segment_cum_len":146.07431169544282}
{"route_id":"854","segment_first_lat":34.0555400822,"segment_first_lon":-118.23288106,"segment_second_lat":34.0554163906,"segment_second_lon":-118.2329005242,"segment_sequence":10011,"segment_id":1,"segment_len_meter":13.87027347749178,"segment_cum_len":159.9445851729346}
{"route_id":"854","segment_first_lat":34.0554163906,"segment_first_lon":-118.2329005242,"segment_second_lat":34.0551442576,"segment_second_lon":-118.2329492878,"segment_sequence":10012,"segment_id":1,"segment_len_meter":30.59145472618588,"segment_cum_len":190.53603989912048}
{"route_id":"854","segment_first_lat":34.0551442576,"segment_first_lon":-118.2329492878,"segment_second_lat":34.0550764328,"segment_second_lon":-118.2324968061,"segment_sequence":10013,"segment_id":1,"segment_len_meter":42.361590332016384,"segment_cum_len":232.89763023113687}
{"route_id":"854","segment_first_lat":34.0550764328,"segment_first_lon":-118.2324968061,"segment_second_lat":34.0549170573,"segment_second_lon":-118.2324963632,"segment_sequence":10014,"segment_id":1,"segment_len_meter":17.721794002131332,"segment_cum_len":250.6194242332682}
{"route_id":"854","segment_first_lat":34.0549170573,"segment_first_lon":-118.2324963632,"segment_second_lat":34.0546642421,"segment_second_lon":-118.2325022634,"segment_sequence":10015,"segment_id":1,"segment_len_meter":28.117022129150318,"segment_cum_len":278.7364463624185}
{"route_id":"854","segment_first_lat":34.0546642421,"segment_first_lon":-118.2325022634,"segment_second_lat":34.0539855223,"segment_second_lon":-118.2325003773,"segment_sequence":10016,"segment_id":1,"segment_len_meter":75.47039839882919,"segment_cum_len":354.2068447612477}
{"route_id":"854","segment_first_lat":34.0539855223,"segment_first_lon":-118.2325003773,"segment_second_lat":34.0539003261,"segment_second_lon":-118.2325067432,"segment_sequence":10017,"segment_id":1,"segment_len_meter":9.491520944499861,"segment_cum_len":363.69836570574756}
{"route_id":"854","segment_first_lat":34.0539003261,"segment_first_lon":-118.2325067432,"segment_second_lat":34.0538507821,"segment_second_lon":-118.2325495232,"segment_sequence":10018,"segment_id":1,"segment_len_meter":6.773646882322087,"segment_cum_len":370.4720125880697}
{"route_id":"854","segment_first_lat":34.0538507821,"segment_first_lon":-118.2325495232,"segment_second_lat":34.0538005127,"segment_second_lon":-118.2329686559,"segment_sequence":10019,"segment_id":1,"segment_len_meter":39.0156418151248,"segment_cum_len":409.4876544031945}
{"route_id":"854","segment_first_lat":34.0538005127,"segment_first_lon":-118.2329686559,"segment_second_lat":34.0537285523,"segment_second_lon":-118.2332358652,"segment_sequence":10020,"segment_id":1,"segment_len_meter":25.884823870217453,"segment_cum_len":435.37247827341196}
{"route_id":"854","segment_first_lat":34.0537285523,"segment_first_lon":-118.2332358652,"segment_second_lat":34.0537906997,"segment_second_lon":-118.2337807623,"segment_sequence":10021,"segment_id":1,"segment_len_meter":50.67282002283177,"segment_cum_len":486.04529829624374}
{"route_id":"854","segment_first_lat":34.0537906997,"segment_first_lon":-118.2337807623,"segment_second_lat":34.0539101585,"segment_second_lon":-118.2345272038,"segment_sequence":10022,"segment_id":1,"segment_len_meter":70.03805006239399,"segment_cum_len":556.0833483586377}
{"route_id":"854","segment_first_lat":34.0539101585,"segment_first_lon":-118.2345272038,"segment_second_lat":34.0539318592,"segment_second_lon":-118.2346725246,"segment_sequence":10023,"segment_id":1,"segment_len_meter":13.603575709512473,"segment_cum_len":569.6869240681502}
{"route_id":"854","segment_first_lat":34.0539318592,"segment_first_lon":-118.2346725246,"segment_second_lat":34.0539805758,"segment_second_lon":-118.2350556195,"segment_sequence":10024,"segment_id":1,"segment_len_meter":35.70637156826672,"segment_cum_len":605.393295636417}
{"route_id":"854","segment_first_lat":34.0539805758,"segment_first_lon":-118.2350556195,"segment_second_lat":34.0540256607,"segment_second_lon":-118.2358909919,"segment_sequence":10025,"segment_id":1,"segment_len_meter":77.12273166863845,"segment_cum_len":682.5160273050554}
{"route_id":"854","segment_first_lat":34.0540256607,"segment_first_lon":-118.2358909919,"segment_second_lat":34.0540417607,"segment_second_lon":-118.2360891193,"segment_sequence":10026,"segment_id":1,"segment_len_meter":18.34028683996517,"segment_cum_len":700.8563141450206}
{"route_id":"854","segment_first_lat":34.0540417607,"segment_first_lon":-118.2360891193,"segment_second_lat":34.0540825071,"segment_second_lon":-118.2363302342,"segment_sequence":10027,"segment_id":1,"segment_len_meter":22.67033174672249,"segment_cum_len":723.5266458917431}
{"route_id":"854","segment_first_lat":34.0540825071,"segment_first_lon":-118.2363302342,"segment_second_lat":34.0541342768,"segment_second_lon":-118.2365548736,"segment_sequence":10028,"segment_id":1,"segment_len_meter":21.48083081978515,"segment_cum_len":745.0074767115283}
{"route_id":"854","segment_first_lat":34.0541342768,"segment_first_lon":-118.2365548736,"segment_second_lat":34.0542734009,"segment_second_lon":-118.237073583,"segment_sequence":10029,"segment_id":1,"segment_len_meter":50.22822182082705,"segment_cum_len":795.2356985323553}
{"route_id":"854","segment_first_lat":34.0542734009,"segment_first_lon":-118.237073583,"segment_second_lat":34.0543935151,"segment_second_lon":-118.2374766919,"segment_sequence":10030,"segment_id":1,"segment_len_meter":39.46543831593912,"segment_cum_len":834.7011368482944}
{"route_id":"854","segment_first_lat":34.0543935151,"segment_first_lon":-118.2374766919,"segment_second_lat":34.0544645761,"segment_second_lon":-118.2376716752,"segment_sequence":10031,"segment_id":1,"segment_len_meter":19.62406112146447,"segment_cum_len":854.3251979697588}
{"route_id":"854","segment_first_lat":34.0544645761,"segment_first_lon":-118.2376716752,"segment_second_lat":34.0545110751,"segment_second_lon":-118.237780753,"segment_sequence":10032,"segment_id":1,"segment_len_meter":11.301023043416004,"segment_cum_len":865.6262210131748}
{"route_id":"854","segment_first_lat":34.0545110751,"segment_first_lon":-118.237780753,"segment_second_lat":34.0547628038,"segment_second_lon":-118.2383261987,"segment_sequence":10033,"segment_id":1,"segment_len_meter":57.51954485717997,"segment_cum_len":923.1457658703548}
{"route_id":"854","segment_first_lat":34.0547628038,"segment_first_lon":-118.2383261987,"segment_second_lat":34.0548394765,"segment_second_lon":-118.2384617745,"segment_sequence":10034,"segment_id":1,"segment_len_meter":15.122337926507418,"segment_cum_len":938.2681037968622}
{"route_id":"854","segment_first_lat":34.0548394765,"segment_first_lon":-118.2384617745,"segment_second_lat":34.0550230152,"segment_second_lon":-118.2387495199,"segment_sequence":10035,"segment_id":1,"segment_len_meter":33.45466416818488,"segment_cum_len":971.7227679650471}
{"route_id":"854","segment_first_lat":34.0550230152,"segment_first_lon":-118.2387495199,"segment_second_lat":34.0552805361,"segment_second_lon":-118.2391431233,"segment_sequence":10036,"segment_id":1,"segment_len_meter":46.2038963312603,"segment_cum_len":1017.9266642963074}
{"route_id":"854","segment_first_lat":34.0552805361,"segment_first_lon":-118.2391431233,"segment_second_lat":34.0551126162,"segment_second_lon":-118.2392945082,"segment_sequence":10037,"segment_id":1,"segment_len_meter":23.305303009047652,"segment_cum_len":1041.231967305355}
{"route_id":"854","segment_first_lat":34.0551126162,"segment_first_lon":-118.2392945082,"segment_second_lat":34.0549832316,"segment_second_lon":-118.2394129887,"segment_sequence":10038,"segment_id":1,"segment_len_meter":18.058813909515223,"segment_cum_len":1059.2907812148703}
{"route_id":"854","segment_first_lat":34.0549832316,"segment_first_lon":-118.2394129887,"segment_second_lat":34.0549144109,"segment_second_lon":-118.2394755183,"segment_sequence":10039,"segment_id":1,"segment_len_meter":9.57835239995655,"segment_cum_len":1068.869133614827}
{"route_id":"854","segment_first_lat":34.0549144109,"segment_first_lon":-118.2394755183,"segment_second_lat":34.0548566012,"segment_second_lon":-118.2395281753,"segment_sequence":10040,"segment_id":1,"segment_len_meter":8.053172788160584,"segment_cum_len":1076.9223064029875}
{"route_id":"854","segment_first_lat":34.0548566012,"segment_first_lon":-118.2395281753,"segment_second_lat":34.0547630039,"segment_second_lon":-118.2396137436,"segment_sequence":10041,"segment_id":1,"segment_len_meter":13.055983073979926,"segment_cum_len":1089.9782894769673}
{"route_id":"854","segment_first_lat":34.0547630039,"segment_first_lon":-118.2396137436,"segment_second_lat":34.054551026,"segment_second_lon":-118.2398112197,"segment_sequence":10042,"segment_id":1,"segment_len_meter":29.775078286584883,"segment_cum_len":1119.7533677635522}
{"route_id":"854","segment_first_lat":34.054551026,"segment_first_lon":-118.2398112197,"segment_second_lat":34.0534250583,"segment_second_lon":-118.2408611207,"segment_sequence":10043,"segment_id":1,"segment_len_meter":158.2116205927184,"segment_cum_len":1277.9649883562706}
{"route_id":"854","segment_first_lat":34.0534250583,"segment_first_lon":-118.2408611207,"segment_second_lat":34.0515040254,"segment_second_lon":-118.2423708721,"segment_sequence":10044,"segment_id":1,"segment_len_meter":254.90174700116015,"segment_cum_len":1532.8667353574308}
{"route_id":"854","segment_first_lat":34.0515040254,"segment_first_lon":-118.2423708721,"segment_second_lat":34.0513341288,"segment_second_lon":-118.2421359904,"segment_sequence":10045,"segment_id":1,"segment_len_meter":28.725558517060488,"segment_cum_len":1561.5922938744914}
{"route_id":"854","segment_first_lat":34.0513341288,"segment_first_lon":-118.2421359904,"segment_second_lat":34.0505325792,"segment_second_lon":-118.2410353519,"segment_sequence":10046,"segment_id":1,"segment_len_meter":135.0039057197918,"segment_cum_len":1696.5961995942832}
{"route_id":"854","segment_first_lat":34.0505325792,"segment_first_lon":-118.2410353519,"segment_second_lat":34.0503969313,"segment_second_lon":-118.2408491022,"segment_sequence":20001,"segment_id":1,"segment_len_meter":22.846118526594676,"segment_cum_len":1719.4423181208779}
{"route_id":"854","segment_first_lat":34.0503969313,"segment_first_lon":-118.2408491022,"segment_second_lat":34.050095503,"segment_second_lon":-118.2404289806,"segment_sequence":20002,"segment_id":1,"segment_len_meter":51.20112484320941,"segment_cum_len":1770.6434429640872}
{"route_id":"854","segment_first_lat":34.050095503,"segment_first_lon":-118.2404289806,"segment_second_lat":34.0493857639,"segment_second_lon":-118.2394431884,"segment_sequence":20003,"segment_id":1,"segment_len_meter":120.31984746564962,"segment_cum_len":1890.9632904297368}
{"route_id":"854","segment_first_lat":34.0493857639,"segment_first_lon":-118.2394431884,"segment_second_lat":34.0492514921,"segment_second_lon":-118.239254637,"segment_sequence":20004,"segment_id":1,"segment_len_meter":22.905962098116767,"segment_cum_len":1913.8692525278536}
{"route_id":"854","segment_first_lat":34.0492514921,"segment_first_lon":-118.239254637,"segment_second_lat":34.0492079253,"segment_second_lon":-118.2390531407,"segment_sequence":20005,"segment_id":1,"segment_len_meter":19.18579623327887,"segment_cum_len":1933.0550487611324}
{"route_id":"854","segment_first_lat":34.0492079253,"segment_first_lon":-118.2390531407,"segment_second_lat":34.0489845448,"segment_second_lon":-118.2380687545,"segment_sequence":20006,"segment_id":1,"segment_len_meter":94.03283142353631,"segment_cum_len":2027.0878801846686}
{"route_id":"854","segment_first_lat":34.0489845448,"segment_first_lon":-118.2380687545,"segment_second_lat":34.0488545703,"segment_second_lon":-118.2370912406,"segment_sequence":20007,"segment_id":1,"segment_len_meter":91.21223981689884,"segment_cum_len":2118.3001200015674}
{"route_id":"854","segment_first_lat":34.0488545703,"segment_first_lon":-118.2370912406,"segment_second_lat":34.0487246332,"segment_second_lon":-118.2360906218,"segment_sequence":20008,"segment_id":1,"segment_len_meter":93.31414603365837,"segment_cum_len":2211.6142660352257}
{"route_id":"854","segment_first_lat":34.0487246332,"segment_first_lon":-118.2360906218,"segment_second_lat":34.0486000998,"segment_second_lon":-118.2351329363,"segment_sequence":20009,"segment_id":1,"segment_len_meter":89.31342448757303,"segment_cum_len":2300.927690522799}
{"route_id":"854","segment_first_lat":34.0486000998,"segment_first_lon":-118.2351329363,"segment_second_lat":34.0484563282,"segment_second_lon":-118.2340312698,"segment_sequence":20010,"segment_id":1,"segment_len_meter":102.75010541385511,"segment_cum_len":2403.677795936654}
{"route_id":"854","segment_first_lat":34.0484563282,"segment_first_lon":-118.2340312698,"segment_second_lat":34.0484349361,"segment_second_lon":-118.2338681334,"segment_sequence":30001,"segment_id":2,"segment_len_meter":15.217173676192719,"segment_cum_len":2418.894969612847}
{"route_id":"854","segment_first_lat":34.0484349361,"segment_first_lon":-118.2338681334,"segment_second_lat":34.0484186791,"segment_second_lon":-118.2337492467,"segment_sequence":30002,"segment_id":2,"segment_len_meter":11.101457425484998,"segment_cum_len":2429.996427038332}
{"route_id":"854","segment_first_lat":34.0484186791,"segment_first_lon":-118.2337492467,"segment_second_lat":34.0482506004,"segment_second_lon":-118.2325636685,"segment_sequence":30003,"segment_id":2,"segment_len_meter":110.8174014387983,"segment_cum_len":2540.8138284771303}
{"route_id":"854","segment_first_lat":34.0482506004,"segment_first_lon":-118.2325636685,"segment_second_lat":34.0482397171,"segment_second_lon":-118.2325075189,"segment_sequence":30004,"segment_id":2,"segment_len_meter":5.312858642750672,"segment_cum_len":2546.126687119881}
{"route_id":"854","segment_first_lat":34.0482397171,"segment_first_lon":-118.2325075189,"segment_second_lat":34.0480474707,"segment_second_lon":-118.2310214762,"segment_sequence":30005,"segment_id":2,"segment_len_meter":138.57159984363048,"segment_cum_len":2684.6982869635112}
{"route_id":"854","segment_first_lat":34.0480474707,"segment_first_lon":-118.2310214762,"segment_second_lat":34.0480285198,"segment_second_lon":-118.230872873,"segment_sequence":30006,"segment_id":2,"segment_len_meter":13.852416436944276,"segment_cum_len":2698.5507034004554}
{"route_id":"854","segment_first_lat":34.0480285198,"segment_first_lon":-118.230872873,"segment_second_lat":34.048009575,"segment_second_lon":-118.2307209688,"segment_sequence":30007,"segment_id":2,"segment_len_meter":14.152984406596026,"segment_cum_len":2712.703687807051}
{"route_id":"854","segment_first_lat":34.048009575,"segment_first_lon":-118.2307209688,"segment_second_lat":34.0479852037,"segment_second_lon":-118.2305327374,"segment_sequence":30008,"segment_id":2,"segment_len_meter":17.55271545988718,"segment_cum_len":2730.2564032669384}
{"route_id":"854","segment_first_lat":34.0479852037,"segment_first_lon":-118.2305327374,"segment_second_lat":34.0478359898,"segment_second_lon":-118.2295254842,"segment_sequence":30009,"segment_id":2,"segment_len_meter":94.2725564398345,"segment_cum_len":2824.528959706773}
{"route_id":"854","segment_first_lat":34.0478359898,"segment_first_lon":-118.2295254842,"segment_second_lat":34.0478333172,"segment_second_lon":-118.2294858634,"segment_sequence":30010,"segment_id":2,"segment_len_meter":3.6624531696858527,"segment_cum_len":2828.191412876459}
{"route_id":"854","segment_first_lat":34.0478333172,"segment_first_lon":-118.2294858634,"segment_second_lat":34.047825381,"segment_second_lon":-118.2293240867,"segment_sequence":30011,"segment_id":2,"segment_len_meter":14.9310466715328,"segment_cum_len":2843.1224595479916}
{"route_id":"854","segment_first_lat":34.047825381,"segment_first_lon":-118.2293240867,"segment_second_lat":34.0477907108,"segment_second_lon":-118.2287694035,"segment_sequence":30012,"segment_id":2,"segment_len_meter":51.24975126344179,"segment_cum_len":2894.3722108114334}
{"route_id":"854","segment_first_lat":34.0477907108,"segment_first_lon":-118.2287694035,"segment_second_lat":34.0477402118,"segment_second_lon":-118.2278647592,"segment_sequence":30013,"segment_id":2,"segment_len_meter":83.53644448221945,"segment_cum_len":2977.908655293653}
{"route_id":"854","segment_first_lat":34.0477402118,"segment_first_lon":-118.2278647592,"segment_second_lat":34.0477321613,"segment_second_lon":-118.2277624026,"segment_sequence":30014,"segment_id":2,"segment_len_meter":9.472805588179206,"segment_cum_len":2987.381460881832}
{"route_id":"854","segment_first_lat":34.0477321613,"segment_first_lon":-118.2277624026,"segment_second_lat":34.0478690343,"segment_second_lon":-118.2277469298,"segment_sequence":30015,"segment_id":2,"segment_len_meter":15.286200152692887,"segment_cum_len":3002.667661034525}
{"route_id":"854","segment_first_lat":34.0478690343,"segment_first_lon":-118.2277469298,"segment_second_lat":34.0482461219,"segment_second_lon":-118.2277043812,"segment_sequence":40001,"segment_id":2,"segment_len_meter":42.113077591314756,"segment_cum_len":3044.7807386258396}
{"route_id":"854","segment_first_lat":34.0482461219,"segment_first_lon":-118.2277043812,"segment_second_lat":34.0489139933,"segment_second_lon":-118.2276302721,"segment_sequence":40002,"segment_id":2,"segment_len_meter":74.57712561496494,"segment_cum_len":3119.3578642408047}
{"route_id":"854","segment_first_lat":34.0489139933,"segment_first_lon":-118.2276302721,"segment_second_lat":34.0496945578,"segment_second_lon":-118.2275399622,"segment_sequence":40003,"segment_id":2,"segment_len_meter":87.19270539418142,"segment_cum_len":3206.550569634986}
{"route_id":"854","segment_first_lat":34.0496945578,"segment_first_lon":-118.2275399622,"segment_second_lat":34.0497358005,"segment_second_lon":-118.2275268696,"segment_sequence":40004,"segment_id":2,"segment_len_meter":4.741961393609076,"segment_cum_len":3211.292531028595}
{"route_id":"854","segment_first_lat":34.0497358005,"segment_first_lon":-118.2275268696,"segment_second_lat":34.0509978047,"segment_second_lon":-118.2271374532,"segment_sequence":40005,"segment_id":2,"segment_len_meter":144.84210158118728,"segment_cum_len":3356.1346326097823}
{"route_id":"854","segment_first_lat":34.0509978047,"segment_first_lon":-118.2271374532,"segment_second_lat":34.0524330402,"segment_second_lon":-118.2266857698,"segment_sequence":40006,"segment_id":2,"segment_len_meter":164.92694176649525,"segment_cum_len":3521.0615743762773}
{"route_id":"854","segment_first_lat":34.0524330402,"segment_first_lon":-118.2266857698,"segment_second_lat":34.0524797785,"segment_second_lon":-118.2266726913,"segment_sequence":40007,"segment_id":2,"segment_len_meter":5.334905822798145,"segment_cum_len":3526.3964801990755}
{"route_id":"854","segment_first_lat":34.0524797785,"segment_first_lon":-118.2266726913,"segment_second_lat":34.0523187691,"segment_second_lon":-118.2260780214,"segment_sequence":40008,"segment_id":2,"segment_len_meter":57.63681453929125,"segment_cum_len":3584.0332947383667}
{"route_id":"854","segment_first_lat":34.0523187691,"segment_first_lon":-118.2260780214,"segment_second_lat":34.052157399,"segment_second_lon":-118.2256748277,"segment_sequence":40009,"segment_id":2,"segment_len_meter":41.252329651823516,"segment_cum_len":3625.28562439019}
{"route_id":"854","segment_first_lat":34.052157399,"segment_first_lon":-118.2256748277,"segment_second_lat":34.0520536156,"segment_second_lon":-118.2253345151,"segment_sequence":40010,"segment_id":2,"segment_len_meter":33.40879889461362,"segment_cum_len":3658.6944232848036}
{"route_id":"854","segment_first_lat":34.0520536156,"segment_first_lon":-118.2253345151,"segment_second_lat":34.0518352508,"segment_second_lon":-118.2245482226,"segment_sequence":40011,"segment_id":2,"segment_len_meter":76.4009177434757,"segment_cum_len":3735.095341028279}
{"route_id":"854","segment_first_lat":34.0518352508,"segment_first_lon":-118.2245482226,"segment_second_lat":34.0517532753,"segment_second_lon":-118.2243004069,"segment_sequence":40012,"segment_id":2,"segment_len_meter":24.583281453865787,"segment_cum_len":3759.678622482145}
{"route_id":"854","segment_first_lat":34.0517532753,"segment_first_lon":-118.2243004069,"segment_second_lat":34.0516739369,"segment_second_lon":-118.2241120217,"segment_sequence":40013,"segment_id":2,"segment_len_meter":19.469138512917187,"segment_cum_len":3779.147760995062}
{"route_id":"854","segment_first_lat":34.0516739369,"segment_first_lon":-118.2241120217,"segment_second_lat":34.0515862751,"segment_second_lon":-118.223966531,"segment_sequence":40014,"segment_id":2,"segment_len_meter":16.573424546577534,"segment_cum_len":3795.7211855416394}
{"route_id":"854","segment_first_lat":34.0515862751,"segment_first_lon":-118.223966531,"segment_second_lat":34.0514903267,"segment_second_lon":-118.2238441274,"segment_sequence":40015,"segment_id":2,"segment_len_meter":15.524027986388056,"segment_cum_len":3811.2452135280273}
{"route_id":"854","segment_first_lat":34.0514903267,"segment_first_lon":-118.2238441274,"segment_second_lat":34.0508843524,"segment_second_lon":-118.2231393417,"segment_sequence":40016,"segment_id":2,"segment_len_meter":93.57517376793344,"segment_cum_len":3904.8203872959607}
{"route_id":"854","segment_first_lat":34.0508843524,"segment_first_lon":-118.2231393417,"segment_second_lat":34.0507663411,"segment_second_lon":-118.2230597973,"segment_sequence":40017,"segment_id":2,"segment_len_meter":15.029936152656553,"segment_cum_len":3919.8503234486175}
{"route_id":"854","segment_first_lat":34.0507663411,"segment_first_lon":-118.2230597973,"segment_second_lat":34.0506922283,"segment_second_lon":-118.2230166837,"segment_sequence":40018,"segment_id":2,"segment_len_meter":9.148260105854565,"segment_cum_len":3928.998583554472}
{"route_id":"854","segment_first_lat":34.0506922283,"segment_first_lon":-118.2230166837,"segment_second_lat":34.050401224,"segment_second_lon":-118.2228706542,"segment_sequence":40019,"segment_id":2,"segment_len_meter":35.043611992159,"segment_cum_len":3964.0421955466313}
{"route_id":"854","segment_first_lat":34.050401224,"segment_first_lon":-118.2228706542,"segment_second_lat":34.0498987687,"segment_second_lon":-118.2226514365,"segment_sequence":40020,"segment_id":2,"segment_len_meter":59.40886310935499,"segment_cum_len":4023.4510586559863}
{"route_id":"854","segment_first_lat":34.0498987687,"segment_first_lon":-118.2226514365,"segment_second_lat":34.049497935,"segment_second_lon":-118.222458901,"segment_sequence":40021,"segment_id":2,"segment_len_meter":47.97079929661932,"segment_cum_len":4071.4218579526055}
{"route_id":"854","segment_first_lat":34.049497935,"segment_first_lon":-118.222458901,"segment_second_lat":34.0493140112,"segment_second_lon":-118.2223593766,"segment_sequence":40022,"segment_id":2,"segment_len_meter":22.412841313670516,"segment_cum_len":4093.834699266276}
{"route_id":"854","segment_first_lat":34.0493140112,"segment_first_lon":-118.2223593766,"segment_second_lat":34.0488306564,"segment_second_lon":-118.222212841,"segment_sequence":40023,"segment_id":2,"segment_len_meter":55.416259481683234,"segment_cum_len":4149.250958747959}
{"route_id":"854","segment_first_lat":34.0488306564,"segment_first_lon":-118.222212841,"segment_second_lat":34.04853956,"segment_second_lon":-118.2221163346,"segment_sequence":40024,"segment_id":2,"segment_len_meter":33.567419243552045,"segment_cum_len":4182.818377991511}
{"route_id":"854","segment_first_lat":34.04853956,"segment_first_lon":-118.2221163346,"segment_second_lat":34.0482182312,"segment_second_lon":-118.2220230497,"segment_sequence":40025,"segment_id":2,"segment_len_meter":36.74926647860057,"segment_cum_len":4219.567644470111}
{"route_id":"854","segment_first_lat":34.0482182312,"segment_first_lon":-118.2220230497,"segment_second_lat":34.0479133955,"segment_second_lon":-118.2219265082,"segment_sequence":40026,"segment_id":2,"segment_len_meter":35.04376488092479,"segment_cum_len":4254.611409351036}
{"route_id":"854","segment_first_lat":34.0479133955,"segment_first_lon":-118.2219265082,"segment_second_lat":34.0476854207,"segment_second_lon":-118.2218730857,"segment_sequence":40027,"segment_id":2,"segment_len_meter":25.82305320054385,"segment_cum_len":4280.43446255158}
{"route_id":"854","segment_first_lat":34.0476854207,"segment_first_lon":-118.2218730857,"segment_second_lat":34.0473557329,"segment_second_lon":-118.2218425016,"segment_sequence":40028,"segment_id":2,"segment_len_meter":36.767745550939274,"segment_cum_len":4317.202208102519}
{"route_id":"854","segment_first_lat":34.0473557329,"segment_first_lon":-118.2218425016,"segment_second_lat":34.047428071,"segment_second_lon":-118.2228495304,"segment_sequence":40029,"segment_id":2,"segment_len_meter":93.1289138679121,"segment_cum_len":4410.331121970431}
{"route_id":"854","segment_first_lat":34.047428071,"segment_first_lon":-118.2228495304,"segment_second_lat":34.0475000457,"segment_second_lon":-118.2240480242,"segment_sequence":40030,"segment_id":2,"segment_len_meter":110.71075904759387,"segment_cum_len":4521.0418810180245}
{"route_id":"854","segment_first_lat":34.0475000457,"segment_first_lon":-118.2240480242,"segment_second_lat":34.0475112503,"segment_second_lon":-118.2242292851,"segment_sequence":40031,"segment_id":2,"segment_len_meter":16.746553904884838,"segment_cum_len":4537.788434922909}
