{"route_id":"55","segment_first_lat":33.927646842,"segment_first_lon":-118.2376534619,"segment_second_lat":33.9246231098,"segment_second_lon":-118.2361167361,"segment_sequence":10001,"segment_id":1,"segment_len_meter":364.89665933309806,"segment_cum_len":364.89665933309806}
{"route_id":"55","segment_first_lat":33.9246231098,"segment_first_lon":-118.2361167361,"segment_second_lat":33.9246208667,"segment_second_lon":-118.2367001692,"segment_sequence":10002,"segment_id":1,"segment_len_meter":53.83190512746132,"segment_cum_len":418.72856446055937}
{"route_id":"55","segment_first_lat":33.9246208667,"segment_first_lon":-118.2367001692,"segment_second_lat":33.9246118206,"segment_second_lon":-118.239056975,"segment_sequence":20001,"segment_id":1,"segment_len_meter":217.45655178645256,"segment_cum_len":636.1851162470119}
{"route_id":"55","segment_first_lat":33.9246118206,"segment_first_lon":-118.239056975,"segment_second_lat":33.9246103423,"segment_second_lon":-118.2393865976,"segment_sequence":20002,"segment_id":1,"segment_len_meter":30.413570144933583,"segment_cum_len":666.5986863919455}
{"route_id":"55","segment_first_lat":33.9246103423,"segment_first_lon":-118.2393865976,"segment_second_lat":33.924598361,"segment_second_lon":-118.2422213533,"segment_sequence":30001,"segment_id":2,"segment_len_meter":261.5564202276336,"segment_cum_len":928.1551066195791}
{"route_id":"55","segment_first_lat":33.924598361,"segment_first_lon":-118.2422213533,"segment_second_lat":33.9245961615,"segment_second_lon":-118.2427685273,"segment_sequence":40001,"segment_id":2,"segment_len_meter":50.48643427868373,"segment_cum_len":978.6415408982629}
{"route_id":"55","segment_first_lat":33.9245961615,"segment_first_lon":-118.2427685273,"segment_second_lat":33.924590015,"segment_second_lon":-118.2430915437,"segment_sequence":40002,"segment_id":2,"segment_len_meter":29.811436775963276,"segment_cum_len":1008.4529776742262}
{"route_id":"55","segment_first_lat":33.924590015,"segment_first_lon":-118.2430915437,"segment_second_lat":33.9245424106,"segment_second_lon":-118.2435331052,"segment_sequence":40003,"segment_id":2,"segment_len_meter":41.0837930237249,"segment_cum_len":1049.5367706979512}
{"route_id":"55","segment_first_lat":33.9245424106,"segment_first_lon":-118.2435331052,"segment_second_lat":33.9244951047,"segment_second_lon":-118.2438263352,"segment_sequence":40004,"segment_id":2,"segment_len_meter":27.561943351892833,"segment_cum_len":1077.098714049844}
{"route_id":"55","segment_first_lat":33.9244951047,"segment_first_lon":-118.2438263352,"segment_second_lat":33.9244452303,"segment_second_lon":-118.2440305582,"segment_sequence":40005,"segment_id":2,"segment_len_meter":19.6421319772337,"segment_cum_len":1096.7408460270776}
{"route_id":"55","segment_first_lat":33.9244452303,"segment_first_lon":-118.2440305582,"segment_second_lat":33.9243428998,"segment_second_lon":-118.2443565897,"segment_sequence":40006,"segment_id":2,"segment_len_meter":32.161962568121815,"segment_cum_len":1128.9028085951995}
{"route_id":"55","segment_first_lat":33.9243428998,"segment_first_lon":-118.2443565897,"segment_second_lat":33.9242655329,"segment_second_lon":-118.2445673244,"segment_sequence":40007,"segment_id":2,"segment_len_meter":21.26195201778694,"segment_cum_len":1150.1647606129864}
{"route_id":"55","segment_first_lat":33.9242655329,"segment_first_lon":-118.2445673244,"segment_second_lat":33.9241992506,"segment_second_lon":-118.2447319435,"segment_sequence":40008,"segment_id":2,"segment_len_meter":16.882631718540093,"segment_cum_len":1167.0473923315265}
{"route_id":"55","segment_first_lat":33.9241992506,"segment_first_lon":-118.2447319435,"segment_second_lat":33.9240391333,"segment_second_lon":-118.2450973592,"segment_sequence":40009,"segment_id":2,"segment_len_meter":38.128040947019464,"segment_cum_len":1205.1754332785458}
{"route_id":"55","segment_first_lat":33.9240391333,"segment_first_lon":-118.2450973592,"segment_second_lat":33.9239672943,"segment_second_lon":-118.2452916274,"segment_sequence":40010,"segment_id":2,"segment_len_meter":19.62398246399586,"segment_cum_len":1224.7994157425417}
{"route_id":"55","segment_first_lat":33.9239672943,"segment_first_lon":-118.2452916274,"segment_second_lat":33.9238925326,"segment_second_lon":-118.2455715889,"segment_sequence":40011,"segment_id":2,"segment_len_meter":27.136006071596942,"segment_cum_len":1251.9354218141386}
{"route_id":"55","segment_first_lat":33.9238925326,"segment_first_lon":-118.2455715889,"segment_second_lat":33.9237943484,"segment_second_lon":-118.2460182708,"segment_sequence":40012,"segment_id":2,"segment_len_meter":42.63566374460085,"segment_cum_len":1294.5710855587395}
{"route_id":"55","segment_first_lat":33.9237943484,"segment_first_lon":-118.2460182708,"segment_second_lat":33.9237760419,"segment_second_lon":-118.2461019414,"segment_sequence":50001,"segment_id":3,"segment_len_meter":7.983926934843427,"segment_cum_len":1302.5550124935828}
{"route_id":"55","segment_first_lat":33.9237760419,"segment_first_lon":-118.2461019414,"segment_second_lat":33.9237509547,"segment_second_lon":-118.2462765682,"segment_sequence":50002,"segment_id":3,"segment_len_meter":16.35206435459888,"segment_cum_len":1318.9070768481818}
{"route_id":"55","segment_first_lat":33.9237509547,"segment_first_lon":-118.2462765682,"segment_second_lat":33.9238910872,"segment_second_lon":-118.2462802763,"segment_sequence":50003,"segment_id":3,"segment_len_meter":15.585778775530832,"segment_cum_len":1334.4928556237126}
{"route_id":"55","segment_first_lat":33.9238910872,"segment_first_lon":-118.2462802763,"segment_second_lat":33.9244076925,"segment_second_lon":-118.2462752021,"segment_sequence":50004,"segment_id":3,"segment_len_meter":57.44579629979639,"segment_cum_len":1391.938651923509}
{"route_id":"55","segment_first_lat":33.9244076925,"segment_first_lon":-118.2462752021,"segment_second_lat":33.9251633656,"segment_second_lon":-118.2462675343,"segment_sequence":50005,"segment_id":3,"segment_len_meter":84.02999324164966,"segment_cum_len":1475.9686451651587}
{"route_id":"55","segment_first_lat":33.9251633656,"segment_first_lon":-118.2462675343,"segment_second_lat":33.9259327778,"segment_second_lon":-118.2462599067,"segment_sequence":50006,"segment_id":3,"segment_len_meter":85.55762763505562,"segment_cum_len":1561.5262728002144}
{"route_id":"55","segment_first_lat":33.9259327778,"segment_first_lon":-118.2462599067,"segment_second_lat":33.9262075668,"segment_second_lon":-118.2462577476,"segment_sequence":50007,"segment_id":3,"segment_len_meter":30.555792079429903,"segment_cum_len":1592.0820648796443}
{"route_id":"55","segment_first_lat":33.9262075668,"segment_first_lon":-118.2462577476,"segment_second_lat":33.9268313381,"segment_second_lon":-118.2462526584,"segment_sequence":60001,"segment_id":3,"segment_len_meter":69.36179330683048,"segment_cum_len":1661.443858186475}
{"route_id":"55","segment_first_lat":33.9268313381,"segment_first_lon":-118.2462526584,"segment_second_lat":33.9277298985,"segment_second_lon":-118.2462454101,"segment_sequence":60002,"segment_id":3,"segment_len_meter":99.91759579453182,"segment_cum_len":1761.3614539810067}
{"route_id":"55","segment_first_lat":33.9277298985,"segment_first_lon":-118.2462454101,"segment_second_lat":33.9286009807,"segment_second_lon":-118.2462380808,"segment_sequence":60003,"segment_id":3,"segment_len_meter":96.86228179506847,"segment_cum_len":1858.223735776075}
{"route_id":"55","segment_first_lat":33.9286009807,"segment_first_lon":-118.2462380808,"segment_second_lat":33.9287438678,"segment_second_lon":-118.2462385007,"segment_sequence":60004,"segment_id":3,"segment_len_meter":15.888367834742818,"segment_cum_len":1874.112103610818}
{"route_id":"55","segment_first_lat":33.9287438678,"segment_first_lon":-118.2462385007,"segment_second_lat":33.9288730158,"segment_second_lon":-118.2462388803,"segment_sequence":60005,"segment_id":3,"segment_len_meter":14.360645092748296,"segment_cum_len":1888.4727487035661}
{"route_id":"55","segment_first_lat":33.9288730158,"segment_first_lon":-118.2462388803,"segment_second_lat":33.929263213,"segment_second_lon":-118.2462373898,"segment_sequence":60006,"segment_id":3,"segment_len_meter":43.38816695539177,"segment_cum_len":1931.860915658958}
{"route_id":"55","segment_first_lat":33.929263213,"segment_first_lon":-118.2462373898,"segment_second_lat":33.9293648841,"segment_second_lon":-118.2462370293,"segment_sequence":70001,"segment_id":4,"segment_len_meter":11.30535943263452,"segment_cum_len":1943.1662750915925}
{"route_id":"55","segment_first_lat":33.9293648841,"segment_first_lon":-118.2462370293,"segment_second_lat":33.9294830273,"segment_second_lon":-118.2462439694,"segment_sequence":70002,"segment_id":4,"segment_len_meter":13.15251959218539,"segment_cum_len":1956.318794683778}
{"route_id":"55","segment_first_lat":33.9294830273,"segment_first_lon":-118.2462439694,"segment_second_lat":33.930304615,"segment_second_lon":-118.246252977,"segment_sequence":70003,"segment_id":4,"segment_len_meter":91.36016388329946,"segment_cum_len":2047.6789585670774}
{"route_id":"55","segment_first_lat":33.930304615,"segment_first_lon":-118.246252977,"segment_second_lat":33.9304337764,"segment_second_lon":-118.2462467636,"segment_sequence":70004,"segment_id":4,"segment_len_meter":14.373528223326545,"segment_cum_len":2062.052486790404}
{"route_id":"55","segment_first_lat":33.9304337764,"segment_first_lon":-118.2462467636,"segment_second_lat":33.9309750586,"segment_second_lon":-118.2462681335,"segment_sequence":70005,"segment_id":4,"segment_len_meter":60.220117667231634,"segment_cum_len":2122.2726044576357}
{"route_id":"55","segment_first_lat":33.9309750586,"segment_first_lon":-118.2462681335,"segment_second_lat":33.9311289371,"segment_second_lon":-118.2462685858,"segment_sequence":70006,"segment_id":4,"segment_len_meter":17.11055940386495,"segment_cum_len":2139.3831638615006}
{"route_id":"55","segment_first_lat":33.9311289371,"segment_first_lon":-118.2462685858,"segment_second_lat":33.9315905726,"segment_second_lon":-118.2462699427,"segment_sequence":70007,"segment_id":4,"segment_len_meter":51.33167821049158,"segment_cum_len":2190.7148420719923}
{"route_id":"55","segment_first_lat":33.9315905726,"segment_first_lon":-118.2462699427,"segment_second_lat":33.931939547,"segment_second_lon":-118.2462709684,"segment_sequence":70008,"segment_id":4,"segment_len_meter":38.80429819288949,"segment_cum_len":2229.5191402648816}
{"route_id":"55","segment_first_lat":33.931939547,"segment_first_lon":-118.2462709684,"segment_second_lat":33.9320769385,"segment_second_lon":-118.2462713723,"segment_sequence":80001,"segment_id":4,"segment_len_meter":15.277283209462503,"segment_cum_len":2244.796423474344}
{"route_id":"55","segment_first_lat":33.9320769385,"segment_first_lon":-118.2462713723,"segment_second_lat":33.9325632978,"segment_second_lon":-118.2462760984,"segment_sequence":80002,"segment_id":4,"segment_len_meter":54.08244435120351,"segment_cum_len":2298.8788678255473}
{"route_id":"55","segment_first_lat":33.9325632978,"segment_first_lon":-118.2462760984,"segment_second_lat":33.9330166966,"segment_second_lon":-118.2462741345,"segment_sequence":80003,"segment_id":4,"segment_len_meter":50.41597187825982,"segment_cum_len":2349.294839703807}
{"route_id":"55","segment_first_lat":33.9330166966,"segment_first_lon":-118.2462741345,"segment_second_lat":33.9331650794,"segment_second_lon":-118.2462745707,"segment_sequence":80004,"segment_id":4,"segment_len_meter":16.49946363773782,"segment_cum_len":2365.794303341545}
{"route_id":"55","segment_first_lat":33.9331650794,"segment_first_lon":-118.2462745707,"segment_second_lat":33.9345774759,"segment_second_lon":-118.246273118,"segment_sequence":80005,"segment_id":4,"segment_len_meter":157.05138239456343,"segment_cum_len":2522.8456857361084}
{"route_id":"55","segment_first_lat":33.9345774759,"segment_first_lon":-118.246273118,"segment_second_lat":33.9347973044,"segment_second_lon":-118.2462727752,"segment_sequence":90001,"segment_id":5,"segment_len_meter":24.443834390169588,"segment_cum_len":2547.289520126278}
{"route_id":"55","segment_first_lat":33.9347973044,"segment_first_lon":-118.2462727752,"segment_second_lat":33.9355419869,"segment_second_lon":-118.246265074,"segment_sequence":90002,"segment_id":5,"segment_len_meter":82.80796387811968,"segment_cum_len":2630.0974840043978}
{"route_id":"55","segment_first_lat":33.9355419869,"segment_first_lon":-118.246265074,"segment_second_lat":33.9358167767,"segment_second_lon":-118.246262585,"segment_sequence":90003,"segment_id":5,"segment_len_meter":30.55609444048239,"segment_cum_len":2660.65357844488}
{"route_id":"55","segment_first_lat":33.9358167767,"segment_first_lon":-118.246262585,"segment_second_lat":33.9368280123,"segment_second_lon":-118.2462490737,"segment_sequence":90004,"segment_id":5,"segment_len_meter":112.45117683925444,"segment_cum_len":2773.1047552841346}
{"route_id":"55","segment_first_lat":33.9368280123,"segment_first_lon":-118.2462490737,"segment_second_lat":33.9378392413,"segment_second_lon":-118.2462388588,"segment_sequence":90005,"segment_id":5,"segment_len_meter":112.44748317937152,"segment_cum_len":2885.552238463506}
{"route_id":"55","segment_first_lat":33.9378392413,"segment_first_lon":-118.2462388588,"segment_second_lat":33.9381689852,"segment_second_lon":-118.2462378498,"segment_sequence":90006,"segment_id":5,"segment_len_meter":36.66596692449728,"segment_cum_len":2922.2182053880033}
{"route_id":"55","segment_first_lat":33.9381689852,"segment_first_lon":-118.2462378498,"segment_second_lat":33.9388559525,"segment_second_lon":-118.2462352534,"segment_sequence":100001,"segment_id":5,"segment_len_meter":76.38765405432804,"segment_cum_len":2998.605859442331}
{"route_id":"55","segment_first_lat":33.9388559525,"segment_first_lon":-118.2462352534,"segment_second_lat":33.9396775678,"segment_second_lon":-118.2462310745,"segment_sequence":100002,"segment_id":5,"segment_len_meter":91.36026636283344,"segment_cum_len":3089.9661258051647}
{"route_id":"55","segment_first_lat":33.9396775678,"segment_first_lon":-118.2462310745,"segment_second_lat":33.9404277374,"segment_second_lon":-118.2462276746,"segment_sequence":100003,"segment_id":5,"segment_len_meter":83.41564328342798,"segment_cum_len":3173.3817690885926}
{"route_id":"55","segment_first_lat":33.9404277374,"segment_first_lon":-118.2462276746,"segment_second_lat":33.9405651311,"segment_second_lon":-118.2462270894,"segment_sequence":110001,"segment_id":6,"segment_len_meter":15.277577771796766,"segment_cum_len":3188.659346860389}
{"route_id":"55","segment_first_lat":33.9405651311,"segment_first_lon":-118.2462270894,"segment_second_lat":33.9409992886,"segment_second_lon":-118.2462283654,"segment_sequence":110002,"segment_id":6,"segment_len_meter":48.27625486741085,"segment_cum_len":3236.9356017278}
{"route_id":"55","segment_first_lat":33.9409992886,"segment_first_lon":-118.2462283654,"segment_second_lat":33.9414197137,"segment_second_lon":-118.2462263041,"segment_sequence":110003,"segment_id":6,"segment_len_meter":46.749524873713234,"segment_cum_len":3283.6851266015133}
{"route_id":"55","segment_first_lat":33.9414197137,"segment_first_lon":-118.2462263041,"segment_second_lat":33.9414746434,"segment_second_lon":-118.2462396533,"segment_sequence":110004,"segment_id":6,"segment_len_meter":6.230805460850753,"segment_cum_len":3289.915932062364}
{"route_id":"55","segment_first_lat":33.9414746434,"segment_first_lon":-118.2462396533,"segment_second_lat":33.9430326882,"segment_second_lon":-118.2462326934,"segment_sequence":110005,"segment_id":6,"segment_len_meter":173.247866891031,"segment_cum_len":3463.163798953395}
{"route_id":"55","segment_first_lat":33.9430326882,"segment_first_lon":-118.2462326934,"segment_second_lat":33.9432525182,"segment_second_lon":-118.246231691,"segment_sequence":120001,"segment_id":6,"segment_len_meter":24.444155619305143,"segment_cum_len":3487.6079545727002}
{"route_id":"55","segment_first_lat":33.9432525182,"segment_first_lon":-118.246231691,"segment_second_lat":33.9442609796,"segment_second_lon":-118.2462313581,"segment_sequence":120002,"segment_id":6,"segment_len_meter":112.13579560223219,"segment_cum_len":3599.7437501749323}
{"route_id":"55","segment_first_lat":33.9442609796,"segment_first_lon":-118.2462313581,"segment_second_lat":33.9454947682,"segment_second_lon":-118.2462293795,"segment_sequence":120003,"segment_id":6,"segment_len_meter":137.19115427793434,"segment_cum_len":3736.9349044528667}
{"route_id":"55","segment_first_lat":33.9454947682,"segment_first_lon":-118.2462293795,"segment_second_lat":33.9457145969,"segment_second_lon":-118.2462290366,"segment_sequence":130001,"segment_id":7,"segment_len_meter":24.44385663543007,"segment_cum_len":3761.378761088297}
{"route_id":"55","segment_first_lat":33.9457145969,"segment_first_lon":-118.2462290366,"segment_second_lat":33.9466846024,"segment_second_lon":-118.2462219963,"segment_sequence":130002,"segment_id":7,"segment_len_meter":107.86164546431198,"segment_cum_len":3869.240406552609}
{"route_id":"55","segment_first_lat":33.9466846024,"segment_first_lon":-118.2462219963,"segment_second_lat":33.9469676293,"segment_second_lon":-118.2462228282,"segment_sequence":130003,"segment_id":7,"segment_len_meter":31.471248937536377,"segment_cum_len":3900.7116554901454}
{"route_id":"55","segment_first_lat":33.9469676293,"segment_first_lon":-118.2462228282,"segment_second_lat":33.9475117071,"segment_second_lon":-118.2462211302,"segment_sequence":130004,"segment_id":7,"segment_len_meter":60.49889380774933,"segment_cum_len":3961.210549297895}
{"route_id":"55","segment_first_lat":33.9475117071,"segment_first_lon":-118.2462211302,"segment_second_lat":33.9480860583,"segment_second_lon":-118.2461964408,"segment_sequence":130005,"segment_id":7,"segment_len_meter":63.90553171578094,"segment_cum_len":4025.1160810136757}
{"route_id":"55","segment_first_lat":33.9480860583,"segment_first_lon":-118.2461964408,"segment_second_lat":33.9488775206,"segment_second_lon":-118.2461565625,"segment_sequence":130006,"segment_id":7,"segment_len_meter":88.08343165057316,"segment_cum_len":4113.199512664249}
{"route_id":"55","segment_first_lat":33.9488775206,"segment_first_lon":-118.2461565625,"segment_second_lat":33.9490149271,"segment_second_lon":-118.2461497123,"segment_sequence":140001,"segment_id":7,"segment_len_meter":15.291965550676723,"segment_cum_len":4128.491478214925}
{"route_id":"55","segment_first_lat":33.9490149271,"segment_first_lon":-118.2461497123,"segment_second_lat":33.9504411763,"segment_second_lon":-118.2460935631,"segment_sequence":140002,"segment_id":7,"segment_len_meter":158.67622114821498,"segment_cum_len":4287.16769936314}
{"route_id":"55","segment_first_lat":33.9504411763,"segment_first_lon":-118.2460935631,"segment_second_lat":33.9504961377,"segment_second_lon":-118.2460914164,"segment_sequence":150001,"segment_id":8,"segment_len_meter":6.114635704664336,"segment_cum_len":4293.2823350678045}
{"route_id":"55","segment_first_lat":33.9504961377,"segment_first_lon":-118.2460914164,"segment_second_lat":33.9506610145,"segment_second_lon":-118.2460886035,"segment_sequence":150002,"segment_id":8,"segment_len_meter":18.335299524522373,"segment_cum_len":4311.617634592327}
{"route_id":"55","segment_first_lat":33.9506610145,"segment_first_lon":-118.2460886035,"segment_second_lat":33.9532771955,"segment_second_lon":-118.2459775832,"segment_sequence":150003,"segment_id":8,"segment_len_meter":291.0862302539704,"segment_cum_len":4602.703864846298}
{"route_id":"55","segment_first_lat":33.9532771955,"segment_first_lon":-118.2459775832,"segment_second_lat":33.953282523,"segment_second_lon":-118.2460600338,"segment_sequence":150004,"segment_id":8,"segment_len_meter":7.627905315277359,"segment_cum_len":4610.331770161575}
{"route_id":"55","segment_first_lat":33.953282523,"segment_first_lon":-118.2460600338,"segment_second_lat":33.9533526736,"segment_second_lon":-118.2466933405,"segment_sequence":150005,"segment_id":8,"segment_len_meter":58.93182121206198,"segment_cum_len":4669.263591373637}
{"route_id":"55","segment_first_lat":33.9533526736,"segment_first_lon":-118.2466933405,"segment_second_lat":33.9533605258,"segment_second_lon":-118.2468846128,"segment_sequence":150006,"segment_id":8,"segment_len_meter":17.66366228485345,"segment_cum_len":4686.92725365849}
{"route_id":"55","segment_first_lat":33.9533605258,"segment_first_lon":-118.2468846128,"segment_second_lat":33.9533657717,"segment_second_lon":-118.2470066321,"segment_sequence":150007,"segment_id":8,"segment_len_meter":11.269599725403754,"segment_cum_len":4698.196853383894}
{"route_id":"55","segment_first_lat":33.9533657717,"segment_first_lon":-118.2470066321,"segment_second_lat":33.9533653664,"segment_second_lon":-118.2472044749,"segment_sequence":150008,"segment_id":8,"segment_len_meter":18.24815572593401,"segment_cum_len":4716.445009109829}
{"route_id":"55","segment_first_lat":33.9533653664,"segment_first_lon":-118.2472044749,"segment_second_lat":33.9533648254,"segment_second_lon":-118.2474682653,"segment_sequence":160001,"segment_id":8,"segment_len_meter":24.330874600516974,"segment_cum_len":4740.775883710346}
{"route_id":"55","segment_first_lat":33.9533648254,"segment_first_lon":-118.2474682653,"segment_second_lat":33.9542771879,"segment_second_lon":-118.2474313915,"segment_sequence":160002,"segment_id":8,"segment_len_meter":101.50707426886768,"segment_cum_len":4842.282957979213}
{"route_id":"55","segment_first_lat":33.9542771879,"segment_first_lon":-118.2474313915,"segment_second_lat":33.955247255,"segment_second_lon":-118.2473946874,"segment_sequence":160003,"segment_id":8,"segment_len_meter":107.91965121900076,"segment_cum_len":4950.202609198214}
{"route_id":"55","segment_first_lat":33.955247255,"segment_first_lon":-118.2473946874,"segment_second_lat":33.9560277092,"segment_second_lon":-118.2473633579,"segment_sequence":160004,"segment_id":8,"segment_len_meter":86.83064206408008,"segment_cum_len":5037.0332512622945}
{"route_id":"55","segment_first_lat":33.9560277092,"segment_first_lon":-118.2473633579,"segment_second_lat":33.9561651132,"segment_second_lon":-118.2473578282,"segment_sequence":170001,"segment_id":9,"segment_len_meter":15.287137803297838,"segment_cum_len":5052.320389065592}
{"route_id":"55","segment_first_lat":33.9561651132,"segment_first_lon":-118.2473578282,"segment_second_lat":33.9563052663,"segment_second_lon":-118.247351647,"segment_sequence":170002,"segment_id":9,"segment_len_meter":15.594738004612525,"segment_cum_len":5067.915127070205}
{"route_id":"55","segment_first_lat":33.9563052663,"segment_first_lon":-118.247351647,"segment_second_lat":33.9563272423,"segment_second_lon":-118.2473550095,"segment_sequence":170003,"segment_id":9,"segment_len_meter":2.463221117406681,"segment_cum_len":5070.378348187612}
{"route_id":"55","segment_first_lat":33.9563272423,"segment_first_lon":-118.2473550095,"segment_second_lat":33.9572670968,"segment_second_lon":-118.2473116192,"segment_sequence":170004,"segment_id":9,"segment_len_meter":104.58364893836725,"segment_cum_len":5174.961997125979}
{"route_id":"55","segment_first_lat":33.9572670968,"segment_first_lon":-118.2473116192,"segment_second_lat":33.9582234451,"segment_second_lon":-118.2472649791,"segment_sequence":170005,"segment_id":9,"segment_len_meter":106.42804725590223,"segment_cum_len":5281.390044381881}
{"route_id":"55","segment_first_lat":33.9582234451,"segment_first_lon":-118.2472649791,"segment_second_lat":33.9591852419,"segment_second_lon":-118.2472414374,"segment_sequence":170006,"segment_id":9,"segment_len_meter":106.9689626598776,"segment_cum_len":5388.359007041759}
{"route_id":"55","segment_first_lat":33.9591852419,"segment_first_lon":-118.2472414374,"segment_second_lat":33.9596277111,"segment_second_lon":-118.247209767,"segment_sequence":170007,"segment_id":9,"segment_len_meter":49.28695858834437,"segment_cum_len":5437.645965630103}
{"route_id":"55","segment_first_lat":33.9596277111,"segment_first_lon":-118.247209767,"segment_second_lat":33.959718383,"segment_second_lon":-118.2472133323,"segment_sequence":170008,"segment_id":9,"segment_len_meter":10.087615944369269,"segment_cum_len":5447.733581574473}
{"route_id":"55","segment_first_lat":33.959718383,"segment_first_lon":-118.2472133323,"segment_second_lat":33.9598200394,"segment_second_lon":-118.2472202276,"segment_sequence":170009,"segment_id":9,"segment_len_meter":11.321550808057484,"segment_cum_len":5459.05513238253}
{"route_id":"55","segment_first_lat":33.9598200394,"segment_first_lon":-118.2472202276,"segment_second_lat":33.9599655869,"segment_second_lon":-118.2472635268,"segment_sequence":170010,"segment_id":9,"segment_len_meter":16.669548023053522,"segment_cum_len":5475.724680405584}
{"route_id":"55","segment_first_lat":33.9599655869,"segment_first_lon":-118.2472635268,"segment_second_lat":33.9600149938,"segment_second_lon":-118.247290054,"segment_sequence":170011,"segment_id":9,"segment_len_meter":6.013936579016009,"segment_cum_len":5481.7386169846}
{"route_id":"55","segment_first_lat":33.9600149938,"segment_first_lon":-118.247290054,"segment_second_lat":33.9601548968,"segment_second_lon":-118.2474058854,"segment_sequence":170012,"segment_id":9,"segment_len_meter":18.87138824099164,"segment_cum_len":5500.610005225592}
{"route_id":"55","segment_first_lat":33.9601548968,"segment_first_lon":-118.2474058854,"segment_second_lat":33.9602893244,"segment_second_lon":-118.247511808,"segment_sequence":170013,"segment_id":9,"segment_len_meter":17.856834028859865,"segment_cum_len":5518.466839254453}
{"route_id":"55","segment_first_lat":33.9602893244,"segment_first_lon":-118.247511808,"segment_second_lat":33.9603933523,"segment_second_lon":-118.2475681759,"segment_sequence":170014,"segment_id":9,"segment_len_meter":12.681896623479531,"segment_cum_len":5531.148735877932}
{"route_id":"55","segment_first_lat":33.9603933523,"segment_first_lon":-118.2475681759,"segment_second_lat":33.9605034187,"segment_second_lon":-118.2476278595,"segment_sequence":180001,"segment_id":9,"segment_len_meter":13.419692212535015,"segment_cum_len":5544.568428090467}
{"route_id":"55","segment_first_lat":33.9605034187,"segment_first_lon":-118.2476278595,"segment_second_lat":33.9607039905,"segment_second_lon":-118.2476383455,"segment_sequence":180002,"segment_id":9,"segment_len_meter":22.323524681486266,"segment_cum_len":5566.891952771954}
{"route_id":"55","segment_first_lat":33.9607039905,"segment_first_lon":-118.2476383455,"segment_second_lat":33.9612150814,"segment_second_lon":-118.2476431544,"segment_sequence":180003,"segment_id":9,"segment_len_meter":56.832445703494756,"segment_cum_len":5623.724398475449}
{"route_id":"55","segment_first_lat":33.9612150814,"segment_first_lon":-118.2476431544,"segment_second_lat":33.9617509231,"segment_second_lon":-118.2476381432,"segment_sequence":180004,"segment_id":9,"segment_len_meter":59.58467093472478,"segment_cum_len":5683.309069410174}
{"route_id":"55","segment_first_lat":33.9617509231,"segment_first_lon":-118.2476381432,"segment_second_lat":33.9622482748,"segment_second_lon":-118.2476429115,"segment_sequence":180005,"segment_id":9,"segment_len_meter":55.3047342283042,"segment_cum_len":5738.613803638478}
{"route_id":"55","segment_first_lat":33.9622482748,"segment_first_lon":-118.2476429115,"segment_second_lat":33.9630891129,"segment_second_lon":-118.2476453977,"segment_sequence":180006,"segment_id":9,"segment_len_meter":93.49721200366862,"segment_cum_len":5832.111015642146}
{"route_id":"55","segment_first_lat":33.9630891129,"segment_first_lon":-118.2476453977,"segment_second_lat":33.9633089399,"segment_second_lon":-118.2476460476,"segment_sequence":190001,"segment_id":10,"segment_len_meter":24.443720623410947,"segment_cum_len":5856.554736265557}
{"route_id":"55","segment_first_lat":33.9633089399,"segment_first_lon":-118.2476460476,"segment_second_lat":33.9641909956,"segment_second_lon":-118.2476486557,"segment_sequence":190002,"segment_id":10,"segment_len_meter":98.0804137920601,"segment_cum_len":5954.6351500576175}
{"route_id":"55","segment_first_lat":33.9641909956,"segment_first_lon":-118.2476486557,"segment_second_lat":33.9646169104,"segment_second_lon":-118.2476499151,"segment_sequence":190003,"segment_id":10,"segment_len_meter":47.3597073625955,"segment_cum_len":6001.994857420213}
{"route_id":"55","segment_first_lat":33.9646169104,"segment_first_lon":-118.2476499151,"segment_second_lat":33.9650098512,"segment_second_lon":-118.247651077,"segment_sequence":190004,"segment_id":10,"segment_len_meter":43.693154825320256,"segment_cum_len":6045.688012245533}
{"route_id":"55","segment_first_lat":33.9650098512,"segment_first_lon":-118.247651077,"segment_second_lat":33.965606132,"segment_second_lon":-118.2476528402,"segment_sequence":190005,"segment_id":10,"segment_len_meter":66.30359920801291,"segment_cum_len":6111.991611453546}
{"route_id":"55","segment_first_lat":33.965606132,"segment_first_lon":-118.2476528402,"segment_second_lat":33.9657984806,"segment_second_lon":-118.2476534089,"segment_sequence":200001,"segment_id":10,"segment_len_meter":21.38825277036453,"segment_cum_len":6133.379864223911}
{"route_id":"55","segment_first_lat":33.9657984806,"segment_first_lon":-118.2476534089,"segment_second_lat":33.9665981014,"segment_second_lon":-118.2476557734,"segment_sequence":200002,"segment_id":10,"segment_len_meter":88.91404358821293,"segment_cum_len":6222.2939078121235}
{"route_id":"55","segment_first_lat":33.9665981014,"segment_first_lon":-118.2476557734,"segment_second_lat":33.9672218606,"segment_second_lon":-118.2476576179,"segment_sequence":200003,"segment_id":10,"segment_len_meter":69.3590670715776,"segment_cum_len":6291.652974883701}
{"route_id":"55","segment_first_lat":33.9672218606,"segment_first_lon":-118.2476576179,"segment_second_lat":33.9674416876,"segment_second_lon":-118.247658268,"segment_sequence":210001,"segment_id":11,"segment_len_meter":24.443720661498112,"segment_cum_len":6316.0966955451995}
{"route_id":"55","segment_first_lat":33.9674416876,"segment_first_lon":-118.247658268,"segment_second_lat":33.9680049944,"segment_second_lon":-118.2476599337,"segment_sequence":210002,"segment_id":11,"segment_len_meter":62.637046660748474,"segment_cum_len":6378.733742205948}
{"route_id":"55","segment_first_lat":33.9680049944,"segment_first_lon":-118.2476599337,"segment_second_lat":33.968318248,"segment_second_lon":-118.2476608601,"segment_sequence":210003,"segment_id":11,"segment_len_meter":34.83231584183974,"segment_cum_len":6413.566058047788}
{"route_id":"55","segment_first_lat":33.968318248,"segment_first_lon":-118.2476608601,"segment_second_lat":33.9688788205,"segment_second_lon":-118.2476559218,"segment_sequence":210004,"segment_id":11,"segment_len_meter":62.334481588626794,"segment_cum_len":6475.900539636415}
{"route_id":"55","segment_first_lat":33.9688788205,"segment_first_lon":-118.2476559218,"segment_second_lat":33.9691508633,"segment_second_lon":-118.2476534282,"segment_sequence":210005,"segment_id":11,"segment_len_meter":30.250653227679205,"segment_cum_len":6506.151192864094}
{"route_id":"55","segment_first_lat":33.9691508633,"segment_first_lon":-118.2476534282,"segment_second_lat":33.9697801251,"segment_second_lon":-118.247651991,"segment_sequence":210006,"segment_id":11,"segment_len_meter":69.97084521275714,"segment_cum_len":6576.122038076851}
{"route_id":"55","segment_first_lat":33.9697801251,"segment_first_lon":-118.247651991,"segment_second_lat":33.9700081821,"segment_second_lon":-118.2476592615,"segment_sequence":210007,"segment_id":11,"segment_len_meter":25.367643153317044,"segment_cum_len":6601.489681230168}
{"route_id":"55","segment_first_lat":33.9700081821,"segment_first_lon":-118.2476592615,"segment_second_lat":33.9706237088,"segment_second_lon":-118.2476558048,"segment_sequence":210008,"segment_id":11,"segment_len_meter":68.44418855620712,"segment_cum_len":6669.933869786375}
{"route_id":"55","segment_first_lat":33.9706237088,"segment_first_lon":-118.2476558048,"segment_second_lat":33.9707611034,"segment_second_lon":-118.2476548919,"segment_sequence":220001,"segment_id":11,"segment_len_meter":15.277814409074344,"segment_cum_len":6685.211684195449}
{"route_id":"55","segment_first_lat":33.9707611034,"segment_first_lon":-118.2476548919,"segment_second_lat":33.9708407705,"segment_second_lon":-118.2476650217,"segment_sequence":220002,"segment_id":11,"segment_len_meter":8.907693256174815,"segment_cum_len":6694.119377451624}
{"route_id":"55","segment_first_lat":33.9708407705,"segment_first_lon":-118.2476650217,"segment_second_lat":33.9713244104,"segment_second_lon":-118.2476565577,"segment_sequence":220003,"segment_id":11,"segment_len_meter":53.78396696869604,"segment_cum_len":6747.9033444203205}
{"route_id":"55","segment_first_lat":33.9713244104,"segment_first_lon":-118.2476565577,"segment_second_lat":33.9716678699,"segment_second_lon":-118.2476674677,"segment_sequence":220004,"segment_id":11,"segment_len_meter":38.204203220790475,"segment_cum_len":6786.107547641111}
{"route_id":"55","segment_first_lat":33.9716678699,"segment_first_lon":-118.2476674677,"segment_second_lat":33.9717558211,"segment_second_lon":-118.2476578335,"segment_sequence":220005,"segment_id":11,"segment_len_meter":9.819997897433709,"segment_cum_len":6795.927545538544}
{"route_id":"55","segment_first_lat":33.9717558211,"segment_first_lon":-118.2476578335,"segment_second_lat":33.9723411108,"segment_second_lon":-118.2476595643,"segment_sequence":220006,"segment_id":11,"segment_len_meter":65.0814409671417,"segment_cum_len":6861.008986505686}
{"route_id":"55","segment_first_lat":33.9723411108,"segment_first_lon":-118.2476595643,"segment_second_lat":33.9725334595,"segment_second_lon":-118.2476601331,"segment_sequence":230001,"segment_id":12,"segment_len_meter":21.388263901660842,"segment_cum_len":6882.397250407347}
{"route_id":"55","segment_first_lat":33.9725334595,"segment_first_lon":-118.2476601331,"segment_second_lat":33.9733358353,"segment_second_lon":-118.2476592078,"segment_sequence":230002,"segment_id":12,"segment_len_meter":89.22015902295547,"segment_cum_len":6971.617409430302}
{"route_id":"55","segment_first_lat":33.9733358353,"segment_first_lon":-118.2476592078,"segment_second_lat":33.9739073926,"segment_second_lon":-118.2476575999,"segment_sequence":230003,"segment_id":12,"segment_len_meter":63.554445000578674,"segment_cum_len":7035.1718544308815}
{"route_id":"55","segment_first_lat":33.9739073926,"segment_first_lon":-118.2476575999,"segment_second_lat":33.9745284091,"segment_second_lon":-118.2476571277,"segment_sequence":230004,"segment_id":12,"segment_len_meter":69.05389789144577,"segment_cum_len":7104.225752322327}
{"route_id":"55","segment_first_lat":33.9745284091,"segment_first_lon":-118.2476571277,"segment_second_lat":33.9747482383,"segment_second_lon":-118.2476567884,"segment_sequence":240001,"segment_id":12,"segment_len_meter":24.44391179192545,"segment_cum_len":7128.669664114253}
{"route_id":"55","segment_first_lat":33.9747482383,"segment_first_lon":-118.2476567884,"segment_second_lat":33.9757347059,"segment_second_lon":-118.247663004,"segment_sequence":240002,"segment_id":12,"segment_len_meter":109.69168981568559,"segment_cum_len":7238.361353929939}
{"route_id":"55","segment_first_lat":33.9757347059,"segment_first_lon":-118.247663004,"segment_second_lat":33.9762293015,"segment_second_lon":-118.2476720528,"segment_sequence":240003,"segment_id":12,"segment_len_meter":55.00285075944771,"segment_cum_len":7293.3642046893865}
{"route_id":"55","segment_first_lat":33.9762293015,"segment_first_lon":-118.2476720528,"segment_second_lat":33.9763666887,"segment_second_lon":-118.247674768,"segment_sequence":250001,"segment_id":13,"segment_len_meter":15.278811136882712,"segment_cum_len":7308.643015826269}
{"route_id":"55","segment_first_lat":33.9763666887,"segment_first_lon":-118.247674768,"segment_second_lat":33.9766936952,"segment_second_lon":-118.2476691385,"segment_sequence":250002,"segment_id":13,"segment_len_meter":36.36516891817279,"segment_cum_len":7345.008184744442}
{"route_id":"55","segment_first_lat":33.9766936952,"segment_first_lon":-118.2476691385,"segment_second_lat":33.9775757383,"segment_second_lon":-118.2476783439,"segment_sequence":250003,"segment_id":13,"segment_len_meter":98.08239083192976,"segment_cum_len":7443.0905755763715}
{"route_id":"55","segment_first_lat":33.9775757383,"segment_first_lon":-118.2476783439,"segment_second_lat":33.9780126381,"segment_second_lon":-118.2476829345,"segment_sequence":250004,"segment_id":13,"segment_len_meter":48.582885289646626,"segment_cum_len":7491.673460866018}
{"route_id":"55","segment_first_lat":33.9780126381,"segment_first_lon":-118.2476829345,"segment_second_lat":33.9782874221,"segment_second_lon":-118.2476837473,"segment_sequence":250005,"segment_id":13,"segment_len_meter":30.554678642015745,"segment_cum_len":7522.228139508034}
{"route_id":"55","segment_first_lat":33.9782874221,"segment_first_lon":-118.2476837473,"segment_second_lat":33.9784220663,"segment_second_lon":-118.2476841455,"segment_sequence":260001,"segment_id":13,"segment_len_meter":14.971796965090151,"segment_cum_len":7537.199936473124}
{"route_id":"55","segment_first_lat":33.9784220663,"segment_first_lon":-118.2476841455,"segment_second_lat":33.9792161921,"segment_second_lon":-118.2476864944,"segment_sequence":260002,"segment_id":13,"segment_len_meter":88.30302569633409,"segment_cum_len":7625.5029621694575}
{"route_id":"55","segment_first_lat":33.9792161921,"segment_first_lon":-118.2476864944,"segment_second_lat":33.9798839173,"segment_second_lon":-118.2476884694,"segment_sequence":260003,"segment_id":13,"segment_len_meter":74.24787796366171,"segment_cum_len":7699.750840133119}
{"route_id":"55","segment_first_lat":33.9798839173,"segment_first_lon":-118.2476884694,"segment_second_lat":33.9800213093,"segment_second_lon":-118.2476888758,"segment_sequence":270001,"segment_id":14,"segment_len_meter":15.277339318662232,"segment_cum_len":7715.028179451781}
{"route_id":"55","segment_first_lat":33.9800213093,"segment_first_lon":-118.2476888758,"segment_second_lat":33.9808126874,"segment_second_lon":-118.2476912167,"segment_sequence":270002,"segment_id":14,"segment_len_meter":87.9974944959842,"segment_cum_len":7803.025673947765}
{"route_id":"55","segment_first_lat":33.9808126874,"segment_first_lon":-118.2476912167,"segment_second_lat":33.9816068202,"segment_second_lon":-118.2476902672,"segment_sequence":270003,"segment_id":14,"segment_len_meter":88.30358184261117,"segment_cum_len":7891.329255790377}
{"route_id":"55","segment_first_lat":33.9816068202,"segment_first_lon":-118.2476902672,"segment_second_lat":33.9818651172,"segment_second_lon":-118.2476910312,"segment_sequence":270004,"segment_id":14,"segment_len_meter":28.72140235640737,"segment_cum_len":7920.050658146784}
{"route_id":"55","segment_first_lat":33.9818651172,"segment_first_lon":-118.2476910312,"segment_second_lat":33.9820849445,"segment_second_lon":-118.2476916815,"segment_sequence":280001,"segment_id":14,"segment_len_meter":24.443754039590615,"segment_cum_len":7944.494412186375}
{"route_id":"55","segment_first_lat":33.9820849445,"segment_first_lon":-118.2476916815,"segment_second_lat":33.98223058,"segment_second_lon":-118.2476921123,"segment_sequence":280002,"segment_id":14,"segment_len_meter":16.193977454785774,"segment_cum_len":7960.68838964116}
{"route_id":"55","segment_first_lat":33.98223058,"segment_first_lon":-118.2476921123,"segment_second_lat":33.9823707132,"segment_second_lon":-118.2476958253,"segment_sequence":280003,"segment_id":14,"segment_len_meter":15.585861352668049,"segment_cum_len":7976.274250993828}
{"route_id":"55","segment_first_lat":33.9823707132,"segment_first_lon":-118.2476958253,"segment_second_lat":33.9829120311,"segment_second_lon":-118.2477007252,"segment_sequence":280004,"segment_id":14,"segment_len_meter":60.19349967807784,"segment_cum_len":8036.467750671905}
{"route_id":"55","segment_first_lat":33.9829120311,"segment_first_lon":-118.2477007252,"segment_second_lat":33.9834341073,"segment_second_lon":-118.2477088667,"segment_sequence":280005,"segment_id":14,"segment_len_meter":58.057078006794754,"segment_cum_len":8094.5248286787}
{"route_id":"55","segment_first_lat":33.9834341073,"segment_first_lon":-118.2477088667,"segment_second_lat":33.9838764894,"segment_second_lon":-118.2477200712,"segment_sequence":280006,"segment_id":14,"segment_len_meter":49.20149216756729,"segment_cum_len":8143.726320846267}
{"route_id":"55","segment_first_lat":33.9838764894,"segment_first_lon":-118.2477200712,"segment_second_lat":33.98432989,"segment_second_lon":-118.247718114,"segment_sequence":280007,"segment_id":14,"segment_len_meter":50.41616942081289,"segment_cum_len":8194.14249026708}
{"route_id":"55","segment_first_lat":33.98432989,"segment_first_lon":-118.247718114,"segment_second_lat":33.9852366709,"segment_second_lon":-118.2477240953,"segment_sequence":280008,"segment_id":14,"segment_len_meter":100.83094380843929,"segment_cum_len":8294.97343407552}
{"route_id":"55","segment_first_lat":33.9852366709,"segment_first_lon":-118.2477240953,"segment_second_lat":33.9856955537,"segment_second_lon":-118.2477287516,"segment_sequence":280009,"segment_id":14,"segment_len_meter":51.02724531183285,"segment_cum_len":8346.000679387353}
{"route_id":"55","segment_first_lat":33.9856955537,"segment_first_lon":-118.2477287516,"segment_second_lat":33.9859703378,"segment_second_lon":-118.2477295645,"segment_sequence":280010,"segment_id":14,"segment_len_meter":30.554689766887343,"segment_cum_len":8376.555369154239}
{"route_id":"55","segment_first_lat":33.9859703378,"segment_first_lon":-118.2477295645,"segment_second_lat":33.9861214691,"segment_second_lon":-118.2477300117,"segment_sequence":290001,"segment_id":15,"segment_len_meter":16.80508439912765,"segment_cum_len":8393.360453553367}
{"route_id":"55","segment_first_lat":33.9861214691,"segment_first_lon":-118.2477300117,"segment_second_lat":33.9870364937,"segment_second_lon":-118.2477360176,"segment_sequence":290002,"segment_id":15,"segment_len_meter":101.7476000935349,"segment_cum_len":8495.108053646902}
{"route_id":"55","segment_first_lat":33.9870364937,"segment_first_lon":-118.2477360176,"segment_second_lat":33.9875366009,"segment_second_lon":-118.2477374973,"segment_sequence":290003,"segment_id":15,"segment_len_meter":55.60955076471046,"segment_cum_len":8550.717604411611}
{"route_id":"55","segment_first_lat":33.9875366009,"segment_first_lon":-118.2477374973,"segment_second_lat":33.9878471138,"segment_second_lon":-118.2477351173,"segment_sequence":290004,"segment_id":15,"segment_len_meter":34.52815640474452,"segment_cum_len":8585.245760816355}
{"route_id":"55","segment_first_lat":33.9878471138,"segment_first_lon":-118.2477351173,"segment_second_lat":33.9886165096,"segment_second_lon":-118.2477373938,"segment_sequence":290005,"segment_id":15,"segment_len_meter":85.55316700080532,"segment_cum_len":8670.79892781716}
{"route_id":"55","segment_first_lat":33.9886165096,"segment_first_lon":-118.2477373938,"segment_second_lat":33.988869311,"segment_second_lon":-118.2477381417,"segment_sequence":290006,"segment_id":15,"segment_len_meter":28.110317700642295,"segment_cum_len":8698.909245517803}
{"route_id":"55","segment_first_lat":33.988869311,"segment_first_lon":-118.2477381417,"segment_second_lat":33.9891166243,"segment_second_lon":-118.2477352448,"segment_sequence":290007,"segment_id":15,"segment_len_meter":27.501281207777915,"segment_cum_len":8726.410526725582}
{"route_id":"55","segment_first_lat":33.9891166243,"segment_first_lon":-118.2477352448,"segment_second_lat":33.9893364578,"segment_second_lon":-118.2477329263,"segment_sequence":300001,"segment_id":15,"segment_len_meter":24.44530450577823,"segment_cum_len":8750.85583123136}
{"route_id":"55","segment_first_lat":33.9893364578,"segment_first_lon":-118.2477329263,"segment_second_lat":33.989471102,"segment_second_lon":-118.2477333247,"segment_sequence":300002,"segment_id":15,"segment_len_meter":14.971796999400258,"segment_cum_len":8765.82762823076}
{"route_id":"55","segment_first_lat":33.989471102,"segment_first_lon":-118.2477333247,"segment_second_lat":33.9901992735,"segment_second_lon":-118.2477387781,"segment_sequence":300003,"segment_id":15,"segment_len_meter":80.97053753097057,"segment_cum_len":8846.798165761731}
{"route_id":"55","segment_first_lat":33.9901992735,"segment_first_lon":-118.2477387781,"segment_second_lat":33.9911527613,"segment_second_lon":-118.2477481971,"segment_sequence":300004,"segment_id":15,"segment_len_meter":106.0265621756266,"segment_cum_len":8952.824727937357}
{"route_id":"55","segment_first_lat":33.9911527613,"segment_first_lon":-118.2477481971,"segment_second_lat":33.9911939789,"segment_second_lon":-118.2477483191,"segment_sequence":300005,"segment_id":15,"segment_len_meter":4.583201810054506,"segment_cum_len":8957.40792974741}
{"route_id":"55","segment_first_lat":33.9911939789,"segment_first_lon":-118.2477483191,"segment_second_lat":33.9916061621,"segment_second_lon":-118.2477462398,"segment_sequence":300006,"segment_id":15,"segment_len_meter":45.83308158550662,"segment_cum_len":9003.241011332917}
{"route_id":"55","segment_first_lat":33.9916061621,"segment_first_lon":-118.2477462398,"segment_second_lat":33.9920568083,"segment_second_lon":-118.2477475733,"segment_sequence":300007,"segment_id":15,"segment_len_meter":50.10972196399168,"segment_cum_len":9053.35073329691}
{"route_id":"55","segment_first_lat":33.9920568083,"segment_first_lon":-118.2477475733,"segment_second_lat":33.9925541678,"segment_second_lon":-118.247749045,"segment_sequence":300008,"segment_id":15,"segment_len_meter":55.30401955562779,"segment_cum_len":9108.654752852537}
{"route_id":"55","segment_first_lat":33.9925541678,"segment_first_lon":-118.247749045,"segment_second_lat":33.992795978,"segment_second_lon":-118.2477497605,"segment_sequence":300009,"segment_id":15,"segment_len_meter":26.88814836409651,"segment_cum_len":9135.542901216633}
{"route_id":"55","segment_first_lat":33.992795978,"segment_first_lon":-118.2477497605,"segment_second_lat":33.9930158054,"segment_second_lon":-118.247750411,"segment_sequence":310001,"segment_id":16,"segment_len_meter":24.443765185564178,"segment_cum_len":9159.986666402197}
{"route_id":"55","segment_first_lat":33.9930158054,"segment_first_lon":-118.247750411,"segment_second_lat":33.9939253347,"segment_second_lon":-118.2477564014,"segment_sequence":310002,"segment_id":16,"segment_len_meter":101.13655165787617,"segment_cum_len":9261.123218060073}
{"route_id":"55","segment_first_lat":33.9939253347,"segment_first_lon":-118.2477564014,"segment_second_lat":33.9946260347,"segment_second_lon":-118.247758475,"segment_sequence":310003,"segment_id":16,"segment_len_meter":77.9145196189767,"segment_cum_len":9339.03773767905}
{"route_id":"55","segment_first_lat":33.9946260347,"segment_first_lon":-118.247758475,"segment_second_lat":33.9948183837,"segment_second_lon":-118.2477590442,"segment_sequence":320001,"segment_id":16,"segment_len_meter":21.388297317357832,"segment_cum_len":9360.426034996408}
{"route_id":"55","segment_first_lat":33.9948183837,"segment_first_lon":-118.2477590442,"segment_second_lat":33.9957389112,"segment_second_lon":-118.2477617683,"segment_sequence":320002,"segment_id":16,"segment_len_meter":102.35829591455247,"segment_cum_len":9462.784330910961}
{"route_id":"55","segment_first_lat":33.9957389112,"segment_first_lon":-118.2477617683,"segment_second_lat":33.9964588516,"segment_second_lon":-118.2477612596,"segment_sequence":320003,"segment_id":16,"segment_len_meter":80.05373370313853,"segment_cum_len":9542.8380646141}
{"route_id":"55","segment_first_lat":33.9964588516,"segment_first_lon":-118.2477612596,"segment_second_lat":33.9966512021,"segment_second_lon":-118.247761169,"segment_sequence":330001,"segment_id":17,"segment_len_meter":21.3884013676434,"segment_cum_len":9564.226465981743}
{"route_id":"55","segment_first_lat":33.9966512021,"segment_first_lon":-118.247761169,"segment_second_lat":33.9975360213,"segment_second_lon":-118.2477571892,"segment_sequence":330002,"segment_id":17,"segment_len_meter":98.38809010649886,"segment_cum_len":9662.614556088241}
{"route_id":"55","segment_first_lat":33.9975360213,"segment_first_lon":-118.2477571892,"segment_second_lat":33.9984290705,"segment_second_lon":-118.2477598321,"segment_sequence":330003,"segment_id":17,"segment_len_meter":99.30283917286299,"segment_cum_len":9761.917395261104}
{"route_id":"55","segment_first_lat":33.9984290705,"segment_first_lon":-118.2477598321,"segment_second_lat":33.9991572491,"segment_second_lon":-118.2477619871,"segment_sequence":330004,"segment_id":17,"segment_len_meter":80.97000972015016,"segment_cum_len":9842.887404981253}
{"route_id":"55","segment_first_lat":33.9991572491,"segment_first_lon":-118.2477619871,"segment_second_lat":33.9993495982,"segment_second_lon":-118.2477625563,"segment_sequence":340001,"segment_id":17,"segment_len_meter":21.388308429358933,"segment_cum_len":9864.275713410612}
{"route_id":"55","segment_first_lat":33.9993495982,"segment_first_lon":-118.2477625563,"segment_second_lat":33.9997672773,"segment_second_lon":-118.2477604932,"segment_sequence":340002,"segment_id":17,"segment_len_meter":46.4441862929905,"segment_cum_len":9910.719899703603}
{"route_id":"55","segment_first_lat":33.9997672773,"segment_first_lon":-118.2477604932,"segment_second_lat":34.0001959478,"segment_second_lon":-118.2477584626,"segment_sequence":340003,"segment_id":17,"segment_len_meter":47.66635236118786,"segment_cum_len":9958.38625206479}
{"route_id":"55","segment_first_lat":34.0001959478,"segment_first_lon":-118.2477584626,"segment_second_lat":34.0010010661,"segment_second_lon":-118.2477608453,"segment_sequence":340004,"segment_id":17,"segment_len_meter":89.5253397571922,"segment_cum_len":10047.911591821983}
{"route_id":"55","segment_first_lat":34.0010010661,"segment_first_lon":-118.2477608453,"segment_second_lat":34.0011219713,"segment_second_lon":-118.2477612031,"segment_sequence":340005,"segment_id":17,"segment_len_meter":13.444085305028192,"segment_cum_len":10061.35567712701}
{"route_id":"55","segment_first_lat":34.0011219713,"segment_first_lon":-118.2477612031,"segment_second_lat":34.0018226784,"segment_second_lon":-118.2477599776,"segment_sequence":340006,"segment_id":17,"segment_len_meter":77.91515648295352,"segment_cum_len":10139.270833609964}
{"route_id":"55","segment_first_lat":34.0018226784,"segment_first_lon":-118.2477599776,"segment_second_lat":34.0020562452,"segment_second_lon":-118.2477606688,"segment_sequence":340007,"segment_id":17,"segment_len_meter":25.971521351502297,"segment_cum_len":10165.242354961467}
{"route_id":"55","segment_first_lat":34.0020562452,"segment_first_lon":-118.2477606688,"segment_second_lat":34.002058993,"segment_second_lon":-118.247760677,"segment_sequence":350001,"segment_id":18,"segment_len_meter":0.30554235406493757,"segment_cum_len":10165.547897315531}
{"route_id":"55","segment_first_lat":34.002058993,"segment_first_lon":-118.247760677,"segment_second_lat":34.0026909973,"segment_second_lon":-118.2477625474,"segment_sequence":350002,"segment_id":18,"segment_len_meter":70.27588328603126,"segment_cum_len":10235.823780601562}
{"route_id":"55","segment_first_lat":34.0026909973,"segment_first_lon":-118.2477625474,"segment_second_lat":34.0029932669,"segment_second_lon":-118.2477601427,"segment_sequence":350003,"segment_id":18,"segment_len_meter":33.61157696436946,"segment_cum_len":10269.435357565932}
{"route_id":"55","segment_first_lat":34.0029932669,"segment_first_lon":-118.2477601427,"segment_second_lat":34.003732444,"segment_second_lon":-118.247759031,"segment_sequence":350004,"segment_id":18,"segment_len_meter":82.19280729652345,"segment_cum_len":10351.628164862455}
{"route_id":"55","segment_first_lat":34.003732444,"segment_first_lon":-118.247759031,"segment_second_lat":34.0039001031,"segment_second_lon":-118.2477397308,"segment_sequence":350005,"segment_id":18,"segment_len_meter":18.727539771172054,"segment_cum_len":10370.355704633628}
{"route_id":"55","segment_first_lat":34.0039001031,"segment_first_lon":-118.2477397308,"segment_second_lat":34.0039220927,"segment_second_lon":-118.2477364965,"segment_sequence":350006,"segment_id":18,"segment_len_meter":2.4632412481953656,"segment_cum_len":10372.818945881823}
{"route_id":"55","segment_first_lat":34.0039220927,"segment_first_lon":-118.2477364965,"segment_second_lat":34.0039743559,"segment_second_lon":-118.247710256,"segment_sequence":350007,"segment_id":18,"segment_len_meter":6.294703721509134,"segment_cum_len":10379.113649603332}
{"route_id":"55","segment_first_lat":34.0039743559,"segment_first_lon":-118.247710256,"segment_second_lat":34.0040073774,"segment_second_lon":-118.247687258,"segment_sequence":350008,"segment_id":18,"segment_len_meter":4.239875119668491,"segment_cum_len":10383.353524723001}
{"route_id":"55","segment_first_lat":34.0040073774,"segment_first_lon":-118.247687258,"segment_second_lat":34.0042422106,"segment_second_lon":-118.2474725017,"segment_sequence":350009,"segment_id":18,"segment_len_meter":32.76802720738302,"segment_cum_len":10416.121551930384}
{"route_id":"55","segment_first_lat":34.0042422106,"segment_first_lon":-118.2474725017,"segment_second_lat":34.004348753,"segment_second_lon":-118.2473748242,"segment_sequence":360001,"segment_id":18,"segment_len_meter":14.880236072450893,"segment_cum_len":10431.001788002835}
{"route_id":"55","segment_first_lat":34.004348753,"segment_first_lon":-118.2473748242,"segment_second_lat":34.004384475,"segment_second_lon":-118.2473749298,"segment_sequence":360002,"segment_id":18,"segment_len_meter":3.972117097096375,"segment_cum_len":10434.973905099932}
{"route_id":"55","segment_first_lat":34.004384475,"segment_first_lon":-118.2473749298,"segment_second_lat":34.0044010027,"segment_second_lon":-118.2473551822,"segment_sequence":360003,"segment_id":18,"segment_len_meter":2.586718177470614,"segment_cum_len":10437.560623277403}
{"route_id":"55","segment_first_lat":34.0044010027,"segment_first_lon":-118.2473551822,"segment_second_lat":34.0047527404,"segment_second_lon":-118.2473496226,"segment_sequence":360004,"segment_id":18,"segment_len_meter":39.11480517327193,"segment_cum_len":10476.675428450675}
{"route_id":"55","segment_first_lat":34.0047527404,"segment_first_lon":-118.2473496226,"segment_second_lat":34.0056485108,"segment_second_lon":-118.2473654672,"segment_sequence":360005,"segment_id":18,"segment_len_meter":99.61583153289618,"segment_cum_len":10576.29125998357}
{"route_id":"55","segment_first_lat":34.0056485108,"segment_first_lon":-118.2473654672,"segment_second_lat":34.0059040469,"segment_second_lon":-118.2473728213,"segment_sequence":360006,"segment_id":18,"segment_len_meter":28.422403068052336,"segment_cum_len":10604.713663051623}
{"route_id":"55","segment_first_lat":34.0059040469,"segment_first_lon":-118.2473728213,"segment_second_lat":34.0064288691,"segment_second_lon":-118.2473822909,"segment_sequence":360007,"segment_id":18,"segment_len_meter":58.36409383463075,"segment_cum_len":10663.077756886254}
{"route_id":"55","segment_first_lat":34.0064288691,"segment_first_lon":-118.2473822909,"segment_second_lat":34.0065662573,"segment_second_lon":-118.2473846766,"segment_sequence":370001,"segment_id":19,"segment_len_meter":15.278453514118633,"segment_cum_len":10678.356210400372}
{"route_id":"55","segment_first_lat":34.0065662573,"segment_first_lon":-118.2473846766,"segment_second_lat":34.0067778346,"segment_second_lon":-118.2473886014,"segment_sequence":370002,"segment_id":19,"segment_len_meter":23.52910383025881,"segment_cum_len":10701.88531423063}
{"route_id":"55","segment_first_lat":34.0067778346,"segment_first_lon":-118.2473886014,"segment_second_lat":34.0077395467,"segment_second_lon":-118.2474079413,"segment_sequence":370003,"segment_id":19,"segment_len_meter":106.95236448168055,"segment_cum_len":10808.83767871231}
{"route_id":"55","segment_first_lat":34.0077395467,"segment_first_lon":-118.2474079413,"segment_second_lat":34.0082039191,"segment_second_lon":-118.2474159128,"segment_sequence":370004,"segment_id":19,"segment_len_meter":51.64108268870029,"segment_cum_len":10860.478761401011}
{"route_id":"55","segment_first_lat":34.0082039191,"segment_first_lon":-118.2474159128,"segment_second_lat":34.0086325695,"segment_second_lon":-118.2474237789,"segment_sequence":370005,"segment_id":19,"segment_len_meter":47.66926430665687,"segment_cum_len":10908.148025707667}
{"route_id":"55","segment_first_lat":34.0086325695,"segment_first_lon":-118.2474237789,"segment_second_lat":34.0086772416,"segment_second_lon":-118.2477492494,"segment_sequence":370006,"segment_id":19,"segment_len_meter":30.408817263110166,"segment_cum_len":10938.556842970778}
{"route_id":"55","segment_first_lat":34.0086772416,"segment_first_lon":-118.2477492494,"segment_second_lat":34.0089032863,"segment_second_lon":-118.2494010322,"segment_sequence":380001,"segment_id":19,"segment_len_meter":154.3142446239915,"segment_cum_len":11092.871087594769}
{"route_id":"55","segment_first_lat":34.0089032863,"segment_first_lon":-118.2494010322,"segment_second_lat":34.0090399894,"segment_second_lon":-118.2503979166,"segment_sequence":380002,"segment_id":19,"segment_len_meter":93.13666697660666,"segment_cum_len":11186.007754571376}
{"route_id":"55","segment_first_lat":34.0090399894,"segment_first_lon":-118.2503979166,"segment_second_lat":34.0090711171,"segment_second_lon":-118.2506256817,"segment_sequence":390001,"segment_id":20,"segment_len_meter":21.27764345751785,"segment_cum_len":11207.285398028893}
{"route_id":"55","segment_first_lat":34.0090711171,"segment_first_lon":-118.2506256817,"segment_second_lat":34.0111595561,"segment_second_lon":-118.2494011553,"segment_sequence":390002,"segment_id":20,"segment_len_meter":258.2002502924921,"segment_cum_len":11465.485648321384}
{"route_id":"55","segment_first_lat":34.0111595561,"segment_first_lon":-118.2494011553,"segment_second_lat":34.0112830844,"segment_second_lon":-118.2493289303,"segment_sequence":400001,"segment_id":20,"segment_len_meter":15.263939970540855,"segment_cum_len":11480.749588291925}
{"route_id":"55","segment_first_lat":34.0112830844,"segment_first_lon":-118.2493289303,"segment_second_lat":34.0120644124,"segment_second_lon":-118.2488758973,"segment_sequence":400002,"segment_id":20,"segment_len_meter":96.39362685517884,"segment_cum_len":11577.143215147104}
{"route_id":"55","segment_first_lat":34.0120644124,"segment_first_lon":-118.2488758973,"segment_second_lat":34.0123945688,"segment_second_lon":-118.2486755957,"segment_sequence":400003,"segment_id":20,"segment_len_meter":41.092568963612884,"segment_cum_len":11618.235784110717}
{"route_id":"55","segment_first_lat":34.0123945688,"segment_first_lon":-118.2486755957,"segment_second_lat":34.0126443634,"segment_second_lon":-118.2485354391,"segment_sequence":400004,"segment_id":20,"segment_len_meter":30.6330742635411,"segment_cum_len":11648.868858374259}
{"route_id":"55","segment_first_lat":34.0126443634,"segment_first_lon":-118.2485354391,"segment_second_lat":34.0127687108,"segment_second_lon":-118.2484655238,"segment_sequence":410001,"segment_id":21,"segment_len_meter":15.25475726739626,"segment_cum_len":11664.123615641654}
{"route_id":"55","segment_first_lat":34.0127687108,"segment_first_lon":-118.2484655238,"segment_second_lat":34.0140480328,"segment_second_lon":-118.2477037699,"segment_sequence":410002,"segment_id":21,"segment_len_meter":158.63738931571027,"segment_cum_len":11822.761004957365}
{"route_id":"55","segment_first_lat":34.0140480328,"segment_first_lon":-118.2477037699,"segment_second_lat":34.0141525728,"segment_second_lon":-118.247644683,"segment_sequence":410003,"segment_id":21,"segment_len_meter":12.83681286308712,"segment_cum_len":11835.597817820451}
{"route_id":"55","segment_first_lat":34.0141525728,"segment_first_lon":-118.247644683,"segment_second_lat":34.0145927628,"segment_second_lon":-118.2473853002,"segment_sequence":410004,"segment_id":21,"segment_len_meter":54.47336808007346,"segment_cum_len":11890.071185900524}
{"route_id":"55","segment_first_lat":34.0145927628,"segment_first_lon":-118.2473853002,"segment_second_lat":34.0150439572,"segment_second_lon":-118.2471193475,"segment_sequence":410005,"segment_id":21,"segment_len_meter":55.8385629458038,"segment_cum_len":11945.909748846329}
{"route_id":"55","segment_first_lat":34.0150439572,"segment_first_lon":-118.2471193475,"segment_second_lat":34.0151884696,"segment_second_lon":-118.2473999302,"segment_sequence":410006,"segment_id":21,"segment_len_meter":30.446637163234175,"segment_cum_len":11976.356386009562}
{"route_id":"55","segment_first_lat":34.0151884696,"segment_first_lon":-118.2473999302,"segment_second_lat":34.0158732541,"segment_second_lon":-118.2487288289,"segment_sequence":420001,"segment_id":21,"segment_len_meter":144.22132598818533,"segment_cum_len":12120.577711997747}
{"route_id":"55","segment_first_lat":34.0158732541,"segment_first_lon":-118.2487288289,"segment_second_lat":34.0164945302,"segment_second_lon":-118.2499338139,"segment_sequence":420002,"segment_id":21,"segment_len_meter":130.7928595791306,"segment_cum_len":12251.370571576877}
{"route_id":"55","segment_first_lat":34.0164945302,"segment_first_lon":-118.2499338139,"segment_second_lat":34.0165957945,"segment_second_lon":-118.2501301298,"segment_sequence":430001,"segment_id":22,"segment_len_meter":21.311389217535712,"segment_cum_len":12272.681960794413}
{"route_id":"55","segment_first_lat":34.0165957945,"segment_first_lon":-118.2501301298,"segment_second_lat":34.0176515995,"segment_second_lon":-118.2524696374,"segment_sequence":430002,"segment_id":22,"segment_len_meter":245.5122944184518,"segment_cum_len":12518.194255212864}
{"route_id":"55","segment_first_lat":34.0176515995,"segment_first_lon":-118.2524696374,"segment_second_lat":34.0184994694,"segment_second_lon":-118.2543597757,"segment_sequence":430003,"segment_id":22,"segment_len_meter":198.08038536169573,"segment_cum_len":12716.27464057456}
{"route_id":"55","segment_first_lat":34.0184994694,"segment_first_lon":-118.2543597757,"segment_second_lat":34.0187620444,"segment_second_lon":-118.2549380696,"segment_sequence":430004,"segment_id":22,"segment_len_meter":60.77139937232922,"segment_cum_len":12777.04603994689}
{"route_id":"55","segment_first_lat":34.0187620444,"segment_first_lon":-118.2549380696,"segment_second_lat":34.018917385,"segment_second_lon":-118.255287351,"segment_sequence":430005,"segment_id":22,"segment_len_meter":36.53270096236687,"segment_cum_len":12813.578740909257}
{"route_id":"55","segment_first_lat":34.018917385,"segment_first_lon":-118.255287351,"segment_second_lat":34.0192926049,"segment_second_lon":-118.2561309849,"segment_sequence":440001,"segment_id":22,"segment_len_meter":88.23975264188455,"segment_cum_len":12901.818493551142}
{"route_id":"55","segment_first_lat":34.0192926049,"segment_first_lon":-118.2561309849,"segment_second_lat":34.0193391292,"segment_second_lon":-118.2562202273,"segment_sequence":440002,"segment_id":22,"segment_len_meter":9.71658256902078,"segment_cum_len":12911.535076120163}
{"route_id":"55","segment_first_lat":34.0193391292,"segment_first_lon":-118.2562202273,"segment_second_lat":34.0198833107,"segment_second_lon":-118.2574627011,"segment_sequence":440003,"segment_id":22,"segment_len_meter":129.5152137416295,"segment_cum_len":13041.050289861792}
{"route_id":"55","segment_first_lat":34.0198833107,"segment_first_lon":-118.2574627011,"segment_second_lat":34.020012388,"segment_second_lon":-118.2577541605,"segment_sequence":440004,"segment_id":22,"segment_len_meter":30.45583452318252,"segment_cum_len":13071.506124384974}
{"route_id":"55","segment_first_lat":34.020012388,"segment_first_lon":-118.2577541605,"segment_second_lat":34.0207310458,"segment_second_lon":-118.2593793407,"segment_sequence":450001,"segment_id":23,"segment_len_meter":169.7648675737038,"segment_cum_len":13241.270991958678}
{"route_id":"55","segment_first_lat":34.0207310458,"segment_first_lon":-118.2593793407,"segment_second_lat":34.0207775748,"segment_second_lon":-118.2594652863,"segment_sequence":450002,"segment_id":23,"segment_len_meter":9.460939092069014,"segment_cum_len":13250.731931050746}
{"route_id":"55","segment_first_lat":34.0207775748,"segment_first_lon":-118.2594652863,"segment_second_lat":34.0215869798,"segment_second_lon":-118.2613026449,"segment_sequence":450003,"segment_id":23,"segment_len_meter":191.76651066349672,"segment_cum_len":13442.498441714242}
{"route_id":"55","segment_first_lat":34.0215869798,"segment_first_lon":-118.2613026449,"segment_second_lat":34.0217417516,"segment_second_lon":-118.2616522781,"segment_sequence":450004,"segment_id":23,"segment_len_meter":36.53049028447983,"segment_cum_len":13479.028931998722}
{"route_id":"55","segment_first_lat":34.0217417516,"segment_first_lon":-118.2616522781,"segment_second_lat":34.0224537954,"segment_second_lon":-118.2632623241,"segment_sequence":460001,"segment_id":23,"segment_len_meter":168.18540260557438,"segment_cum_len":13647.214334604298}
{"route_id":"55","segment_first_lat":34.0224537954,"segment_first_lon":-118.2632623241,"segment_second_lat":34.0234190229,"segment_second_lon":-118.2654401666,"segment_sequence":460002,"segment_id":23,"segment_len_meter":227.6044042920352,"segment_cum_len":13874.818738896332}
{"route_id":"55","segment_first_lat":34.0234190229,"segment_first_lon":-118.2654401666,"segment_second_lat":34.0235483565,"segment_second_lon":-118.2657313214,"segment_sequence":460003,"segment_id":23,"segment_len_meter":30.443544041348872,"segment_cum_len":13905.262282937681}
{"route_id":"55","segment_first_lat":34.0235483565,"segment_first_lon":-118.2657313214,"segment_second_lat":34.0247536172,"segment_second_lon":-118.2684426439,"segment_sequence":470001,"segment_id":24,"segment_len_meter":283.5433941936317,"segment_cum_len":14188.805677131313}
{"route_id":"55","segment_first_lat":34.0247536172,"segment_first_lon":-118.2684426439,"segment_second_lat":34.024857243,"segment_second_lon":-118.2686756417,"segment_sequence":480001,"segment_id":24,"segment_len_meter":24.36889898770389,"segment_cum_len":14213.174576119018}
{"route_id":"55","segment_first_lat":34.024857243,"segment_first_lon":-118.2686756417,"segment_second_lat":34.0253439679,"segment_second_lon":-118.2697497815,"segment_sequence":480002,"segment_id":24,"segment_len_meter":112.81911213899596,"segment_cum_len":14325.993688258013}
{"route_id":"55","segment_first_lat":34.0253439679,"segment_first_lon":-118.2697497815,"segment_second_lat":34.0257207475,"segment_second_lon":-118.2705882699,"segment_sequence":480003,"segment_id":24,"segment_len_meter":87.89955116727754,"segment_cum_len":14413.893239425292}
{"route_id":"55","segment_first_lat":34.0257207475,"segment_first_lon":-118.2705882699,"segment_second_lat":34.025825195,"segment_second_lon":-118.2708206157,"segment_sequence":490001,"segment_id":25,"segment_len_meter":24.359185658531615,"segment_cum_len":14438.252425083823}
{"route_id":"55","segment_first_lat":34.025825195,"segment_first_lon":-118.2708206157,"segment_second_lat":34.026373952,"segment_second_lon":-118.2720392041,"segment_sequence":490002,"segment_id":25,"segment_len_meter":127.80758928286834,"segment_cum_len":14566.060014366692}
{"route_id":"55","segment_first_lat":34.026373952,"segment_first_lon":-118.2720392041,"segment_second_lat":34.0264786715,"segment_second_lon":-118.2722715544,"segment_sequence":500001,"segment_id":25,"segment_len_meter":24.373839948502045,"segment_cum_len":14590.433854315195}
{"route_id":"55","segment_first_lat":34.0264786715,"segment_first_lon":-118.2722715544,"segment_second_lat":34.0274280467,"segment_second_lon":-118.2716673841,"segment_sequence":500002,"segment_id":25,"segment_len_meter":119.34871555873413,"segment_cum_len":14709.782569873929}
{"route_id":"55","segment_first_lat":34.0274280467,"segment_first_lon":-118.2716673841,"segment_second_lat":34.0276784869,"segment_second_lon":-118.2714965799,"segment_sequence":500003,"segment_id":25,"segment_len_meter":31.988351350931115,"segment_cum_len":14741.77092122486}
{"route_id":"55","segment_first_lat":34.0276784869,"segment_first_lon":-118.2714965799,"segment_second_lat":34.0283223879,"segment_second_lon":-118.2710960254,"segment_sequence":500004,"segment_id":25,"segment_len_meter":80.55375311419873,"segment_cum_len":14822.324674339057}
{"route_id":"55","segment_first_lat":34.0283223879,"segment_first_lon":-118.2710960254,"segment_second_lat":34.0289663194,"segment_second_lon":-118.2706812732,"segment_sequence":500005,"segment_id":25,"segment_len_meter":81.16449077806783,"segment_cum_len":14903.489165117126}
{"route_id":"55","segment_first_lat":34.0289663194,"segment_first_lon":-118.2706812732,"segment_second_lat":34.0290874001,"segment_second_lon":-118.2706034457,"segment_sequence":510001,"segment_id":26,"segment_len_meter":15.25469923517694,"segment_cum_len":14918.743864352302}
{"route_id":"55","segment_first_lat":34.0290874001,"segment_first_lon":-118.2706034457,"segment_second_lat":34.0291782048,"segment_second_lon":-118.2705476327,"segment_sequence":510002,"segment_id":26,"segment_len_meter":11.331541557597005,"segment_cum_len":14930.075405909898}
{"route_id":"55","segment_first_lat":34.0291782048,"segment_first_lon":-118.2705476327,"segment_second_lat":34.0299156993,"segment_second_lon":-118.2700714563,"segment_sequence":510003,"segment_id":26,"segment_len_meter":93.00786448168428,"segment_cum_len":15023.083270391582}
{"route_id":"55","segment_first_lat":34.0299156993,"segment_first_lon":-118.2700714563,"segment_second_lat":34.0299624497,"segment_second_lon":-118.270055105,"segment_sequence":510004,"segment_id":26,"segment_len_meter":5.412385147048531,"segment_cum_len":15028.49565553863}
{"route_id":"55","segment_first_lat":34.0299624497,"segment_first_lon":-118.270055105,"segment_second_lat":34.030570624,"segment_second_lon":-118.2696544134,"segment_sequence":510005,"segment_id":26,"segment_len_meter":77.0498566550623,"segment_cum_len":15105.545512193694}
{"route_id":"55","segment_first_lat":34.030570624,"segment_first_lon":-118.2696544134,"segment_second_lat":34.0325117234,"segment_second_lon":-118.2684186823,"segment_sequence":510006,"segment_id":26,"segment_len_meter":244.03729861747127,"segment_cum_len":15349.582810811165}
{"route_id":"55","segment_first_lat":34.0325117234,"segment_first_lon":-118.2684186823,"segment_second_lat":34.032705998,"segment_second_lon":-118.2682948755,"segment_sequence":520001,"segment_id":26,"segment_len_meter":24.429907456287747,"segment_cum_len":15374.012718267453}
{"route_id":"55","segment_first_lat":34.032705998,"segment_first_lon":-118.2682948755,"segment_second_lat":34.0342057277,"segment_second_lon":-118.2673293111,"segment_sequence":520002,"segment_id":26,"segment_len_meter":189.01394983954094,"segment_cum_len":15563.026668106993}
{"route_id":"55","segment_first_lat":34.0342057277,"segment_first_lon":-118.2673293111,"segment_second_lat":34.0340935554,"segment_second_lon":-118.2671078138,"segment_sequence":520003,"segment_id":26,"segment_len_meter":23.91992070826249,"segment_cum_len":15586.946588815255}
{"route_id":"55","segment_first_lat":34.0340935554,"segment_first_lon":-118.2671078138,"segment_second_lat":34.0337596454,"segment_second_lon":-118.2665060444,"segment_sequence":520004,"segment_id":26,"segment_len_meter":66.73434682903985,"segment_cum_len":15653.680935644295}
{"route_id":"55","segment_first_lat":34.0337596454,"segment_first_lon":-118.2665060444,"segment_second_lat":34.0337486904,"segment_second_lon":-118.2664895066,"segment_sequence":520005,"segment_id":26,"segment_len_meter":1.9509537102798138,"segment_cum_len":15655.631889354576}
{"route_id":"55","segment_first_lat":34.0337486904,"segment_first_lon":-118.2664895066,"segment_second_lat":34.0336027908,"segment_second_lon":-118.2662348987,"segment_sequence":520006,"segment_id":26,"segment_len_meter":28.524461543098187,"segment_cum_len":15684.156350897674}
{"route_id":"55","segment_first_lat":34.0336027908,"segment_first_lon":-118.2662348987,"segment_second_lat":34.0332860789,"segment_second_lon":-118.2656826991,"segment_sequence":530001,"segment_id":27,"segment_len_meter":61.88243972774309,"segment_cum_len":15746.038790625418}
{"route_id":"55","segment_first_lat":34.0332860789,"segment_first_lon":-118.2656826991,"segment_second_lat":34.0331273498,"segment_second_lon":-118.2653884468,"segment_sequence":530002,"segment_id":27,"segment_len_meter":32.3533564722905,"segment_cum_len":15778.39214709771}
{"route_id":"55","segment_first_lat":34.0331273498,"segment_first_lon":-118.2653884468,"segment_second_lat":34.0328646001,"segment_second_lon":-118.2649123366,"segment_sequence":530003,"segment_id":27,"segment_len_meter":52.71095599406983,"segment_cum_len":15831.103103091778}
{"route_id":"55","segment_first_lat":34.0328646001,"segment_first_lon":-118.2649123366,"segment_second_lat":34.0327413741,"segment_second_lon":-118.2647172153,"segment_sequence":530004,"segment_id":27,"segment_len_meter":22.60614043339463,"segment_cum_len":15853.709243525172}
{"route_id":"55","segment_first_lat":34.0327413741,"segment_first_lon":-118.2647172153,"segment_second_lat":34.0321582205,"segment_second_lon":-118.2637384209,"segment_sequence":530005,"segment_id":27,"segment_len_meter":111.08523037981156,"segment_cum_len":15964.794473904984}
{"route_id":"55","segment_first_lat":34.0321582205,"segment_first_lon":-118.2637384209,"segment_second_lat":34.0322132784,"segment_second_lon":-118.2636923873,"segment_sequence":530006,"segment_id":27,"segment_len_meter":7.448174122687877,"segment_cum_len":15972.242648027672}
{"route_id":"55","segment_first_lat":34.0322132784,"segment_first_lon":-118.2636923873,"segment_second_lat":34.0324032114,"segment_second_lon":-118.2635411621,"segment_sequence":530007,"segment_id":27,"segment_len_meter":25.302787649608952,"segment_cum_len":15997.54543567728}
{"route_id":"55","segment_first_lat":34.0324032114,"segment_first_lon":-118.2635411621,"segment_second_lat":34.032458262,"segment_second_lon":-118.2634984287,"segment_sequence":530008,"segment_id":27,"segment_len_meter":7.278575963272482,"segment_cum_len":16004.824011640552}
{"route_id":"55","segment_first_lat":34.032458262,"segment_first_lon":-118.2634984287,"segment_second_lat":34.0326261832,"segment_second_lon":-118.2633603354,"segment_sequence":530009,"segment_id":27,"segment_len_meter":22.59589073661804,"segment_cum_len":16027.41990237717}
{"route_id":"55","segment_first_lat":34.0326261832,"segment_first_lon":-118.2633603354,"segment_second_lat":34.0328931923,"segment_second_lon":-118.263146641,"segment_sequence":530010,"segment_id":27,"segment_len_meter":35.62674937650489,"segment_cum_len":16063.046651753675}
{"route_id":"55","segment_first_lat":34.0328931923,"segment_first_lon":-118.263146641,"segment_second_lat":34.0336171483,"segment_second_lon":-118.2625647177,"segment_sequence":530011,"segment_id":27,"segment_len_meter":96.7251921191184,"segment_cum_len":16159.771843872793}
{"route_id":"55","segment_first_lat":34.0336171483,"segment_first_lon":-118.2625647177,"segment_second_lat":34.0337311109,"segment_second_lon":-118.2624723293,"segment_sequence":530012,"segment_id":27,"segment_len_meter":15.266289629050517,"segment_cum_len":16175.038133501845}
{"route_id":"55","segment_first_lat":34.0337311109,"segment_first_lon":-118.2624723293,"segment_second_lat":34.0343025744,"segment_second_lon":-118.2620090685,"segment_sequence":540001,"segment_id":27,"segment_len_meter":76.55146200378337,"segment_cum_len":16251.589595505628}
{"route_id":"55","segment_first_lat":34.0343025744,"segment_first_lon":-118.2620090685,"segment_second_lat":34.0349769851,"segment_second_lon":-118.2614632777,"segment_sequence":540002,"segment_id":27,"segment_len_meter":90.29424453058684,"segment_cum_len":16341.883840036215}
{"route_id":"55","segment_first_lat":34.0349769851,"segment_first_lon":-118.2614632777,"segment_second_lat":34.0353155635,"segment_second_lon":-118.2611903833,"segment_sequence":540003,"segment_id":27,"segment_len_meter":45.273867976586764,"segment_cum_len":16387.1577080128}
{"route_id":"55","segment_first_lat":34.0353155635,"segment_first_lon":-118.2611903833,"segment_second_lat":34.0357174559,"segment_second_lon":-118.2608648737,"segment_sequence":540004,"segment_id":27,"segment_len_meter":53.821197782882216,"segment_cum_len":16440.978905795684}
{"route_id":"55","segment_first_lat":34.0357174559,"segment_first_lon":-118.2608648737,"segment_second_lat":34.0362154104,"segment_second_lon":-118.2604640748,"segment_sequence":540005,"segment_id":27,"segment_len_meter":66.55677269418881,"segment_cum_len":16507.535678489872}
{"route_id":"55","segment_first_lat":34.0362154104,"segment_first_lon":-118.2604640748,"segment_second_lat":34.0363753388,"segment_second_lon":-118.2603355163,"segment_sequence":550001,"segment_id":28,"segment_len_meter":21.367557720116373,"segment_cum_len":16528.90323620999}
{"route_id":"55","segment_first_lat":34.0363753388,"segment_first_lon":-118.2603355163,"segment_second_lat":34.0366065707,"segment_second_lon":-118.2601447962,"segment_sequence":550002,"segment_id":28,"segment_len_meter":31.143867697273095,"segment_cum_len":16560.04710390726}
{"route_id":"55","segment_first_lat":34.0366065707,"segment_first_lon":-118.2601447962,"segment_second_lat":34.0369176108,"segment_second_lon":-118.2598982112,"segment_sequence":550003,"segment_id":28,"segment_len_meter":41.38194500694968,"segment_cum_len":16601.42904891421}
{"route_id":"55","segment_first_lat":34.0369176108,"segment_first_lon":-118.2598982112,"segment_second_lat":34.0375947741,"segment_second_lon":-118.2593457934,"segment_sequence":550004,"segment_id":28,"segment_len_meter":90.88832158584721,"segment_cum_len":16692.31737050006}
{"route_id":"55","segment_first_lat":34.0375947741,"segment_first_lon":-118.2593457934,"segment_second_lat":34.0389672424,"segment_second_lon":-118.2582347155,"segment_sequence":550005,"segment_id":28,"segment_len_meter":183.7704712820015,"segment_cum_len":16876.08784178206}
{"route_id":"55","segment_first_lat":34.0389672424,"segment_first_lon":-118.2582347155,"segment_second_lat":34.0390812017,"segment_second_lon":-118.2581423153,"segment_sequence":560001,"segment_id":28,"segment_len_meter":15.266291968999482,"segment_cum_len":16891.35413375106}
{"route_id":"55","segment_first_lat":34.0390812017,"segment_first_lon":-118.2581423153,"segment_second_lat":34.0396675089,"segment_second_lon":-118.2576688086,"segment_sequence":560002,"segment_id":28,"segment_len_meter":78.44662509875639,"segment_cum_len":16969.80075884982}
{"route_id":"55","segment_first_lat":34.0396675089,"segment_first_lon":-118.2576688086,"segment_second_lat":34.0397996452,"segment_second_lon":-118.257556988,"segment_sequence":560003,"segment_id":28,"segment_len_meter":17.945460738095043,"segment_cum_len":16987.746219587912}
{"route_id":"55","segment_first_lat":34.0397996452,"segment_first_lon":-118.257556988,"segment_second_lat":34.0398354376,"segment_second_lon":-118.2575240901,"segment_sequence":560004,"segment_id":28,"segment_len_meter":5.0028417014085305,"segment_cum_len":16992.74906128932}
{"route_id":"55","segment_first_lat":34.0398354376,"segment_first_lon":-118.2575240901,"segment_second_lat":34.0400144209,"segment_second_lon":-118.2573496977,"segment_sequence":560005,"segment_id":28,"segment_len_meter":25.57921343314434,"segment_cum_len":17018.328274722466}
{"route_id":"55","segment_first_lat":34.0400144209,"segment_first_lon":-118.2573496977,"segment_second_lat":34.0401025771,"segment_second_lon":-118.2572443427,"segment_sequence":560006,"segment_id":28,"segment_len_meter":13.795863717034806,"segment_cum_len":17032.1241384395}
{"route_id":"55","segment_first_lat":34.0401025771,"segment_first_lon":-118.2572443427,"segment_second_lat":34.0401659605,"segment_second_lon":-118.2571587162,"segment_sequence":560007,"segment_id":28,"segment_len_meter":10.57926643646143,"segment_cum_len":17042.70340487596}
{"route_id":"55","segment_first_lat":34.0401659605,"segment_first_lon":-118.2571587162,"segment_second_lat":34.0404664524,"segment_second_lon":-118.2567008238,"segment_sequence":560008,"segment_id":28,"segment_len_meter":53.81906927272099,"segment_cum_len":17096.52247414868}
{"route_id":"55","segment_first_lat":34.0404664524,"segment_first_lon":-118.2567008238,"segment_second_lat":34.0412162554,"segment_second_lon":-118.2555775299,"segment_sequence":560009,"segment_id":28,"segment_len_meter":132.90479052606796,"segment_cum_len":17229.42726467475}
{"route_id":"55","segment_first_lat":34.0412162554,"segment_first_lon":-118.2555775299,"segment_second_lat":34.0415112735,"segment_second_lon":-118.255106406,"segment_sequence":560010,"segment_id":28,"segment_len_meter":54.41050162863291,"segment_cum_len":17283.837766303383}
{"route_id":"55","segment_first_lat":34.0415112735,"segment_first_lon":-118.255106406,"segment_second_lat":34.0415939879,"segment_second_lon":-118.2549746231,"segment_sequence":570001,"segment_id":29,"segment_len_meter":15.232570005906238,"segment_cum_len":17299.070336309287}
{"route_id":"55","segment_first_lat":34.0415939879,"segment_first_lon":-118.2549746231,"segment_second_lat":34.0417097739,"segment_second_lon":-118.2547967283,"segment_sequence":570002,"segment_id":29,"segment_len_meter":20.842997619217176,"segment_cum_len":17319.913333928504}
{"route_id":"55","segment_first_lat":34.0417097739,"segment_first_lon":-118.2547967283,"segment_second_lat":34.0420709043,"segment_second_lon":-118.2542465783,"segment_sequence":570003,"segment_id":29,"segment_len_meter":64.66848771046865,"segment_cum_len":17384.58182163897}
{"route_id":"55","segment_first_lat":34.0420709043,"segment_first_lon":-118.2542465783,"segment_second_lat":34.0427464233,"segment_second_lon":-118.2531560254,"segment_sequence":570004,"segment_id":29,"segment_len_meter":125.45444905293002,"segment_cum_len":17510.0362706919}
{"route_id":"55","segment_first_lat":34.0427464233,"segment_first_lon":-118.2531560254,"segment_second_lat":34.0439069924,"segment_second_lon":-118.2513770138,"segment_sequence":570005,"segment_id":29,"segment_len_meter":208.61824783422756,"segment_cum_len":17718.654518526128}
{"route_id":"55","segment_first_lat":34.0439069924,"segment_first_lon":-118.2513770138,"segment_second_lat":34.0439207592,"segment_second_lon":-118.2513638513,"segment_sequence":570006,"segment_id":29,"segment_len_meter":1.9529763882184918,"segment_cum_len":17720.607494914348}
{"route_id":"55","segment_first_lat":34.0439207592,"segment_first_lon":-118.2513638513,"segment_second_lat":34.0441231912,"segment_second_lon":-118.2511409833,"segment_sequence":570007,"segment_id":29,"segment_len_meter":30.468581533373083,"segment_cum_len":17751.07607644772}
{"route_id":"55","segment_first_lat":34.0441231912,"segment_first_lon":-118.2511409833,"segment_second_lat":34.0443779527,"segment_second_lon":-118.2508601738,"segment_sequence":580001,"segment_id":29,"segment_len_meter":38.36523663150542,"segment_cum_len":17789.441313079224}
{"route_id":"55","segment_first_lat":34.0443779527,"segment_first_lon":-118.2508601738,"segment_second_lat":34.0452702961,"segment_second_lon":-118.2498791445,"segment_sequence":580002,"segment_id":29,"segment_len_meter":134.2216185433884,"segment_cum_len":17923.662931622614}
{"route_id":"55","segment_first_lat":34.0452702961,"segment_first_lon":-118.2498791445,"segment_second_lat":34.0464404094,"segment_second_lon":-118.2487800823,"segment_sequence":580003,"segment_id":29,"segment_len_meter":164.87204679015966,"segment_cum_len":18088.534978412772}
{"route_id":"55","segment_first_lat":34.0464404094,"segment_first_lon":-118.2487800823,"segment_second_lat":34.0467019651,"segment_second_lon":-118.2485332791,"segment_sequence":580004,"segment_id":29,"segment_len_meter":36.91778040489782,"segment_cum_len":18125.45275881767}
{"route_id":"55","segment_first_lat":34.0467019651,"segment_first_lon":-118.2485332791,"segment_second_lat":34.0470854331,"segment_second_lon":-118.249131916,"segment_sequence":580005,"segment_id":29,"segment_len_meter":69.71504224869582,"segment_cum_len":18195.167801066367}
{"route_id":"55","segment_first_lat":34.0470854331,"segment_first_lon":-118.249131916,"segment_second_lat":34.0473185351,"segment_second_lon":-118.2494911098,"segment_sequence":580006,"segment_id":29,"segment_len_meter":42.03608832703743,"segment_cum_len":18237.203889393404}
{"route_id":"55","segment_first_lat":34.0473185351,"segment_first_lon":-118.2494911098,"segment_second_lat":34.0474031749,"segment_second_lon":-118.2496214258,"segment_sequence":590001,"segment_id":30,"segment_len_meter":15.255538362776488,"segment_cum_len":18252.45942775618}
{"route_id":"55","segment_first_lat":34.0474031749,"segment_first_lon":-118.2496214258,"segment_second_lat":34.0477893785,"segment_second_lon":-118.2502233821,"segment_sequence":590002,"segment_id":30,"segment_len_meter":70.14270269576171,"segment_cum_len":18322.60213045194}
{"route_id":"55","segment_first_lat":34.0477893785,"segment_first_lon":-118.2502233821,"segment_second_lat":34.0481153251,"segment_second_lon":-118.2507294304,"segment_sequence":590003,"segment_id":30,"segment_len_meter":59.053864170471,"segment_cum_len":18381.65599462241}
{"route_id":"55","segment_first_lat":34.0481153251,"segment_first_lon":-118.2507294304,"segment_second_lat":34.0483514141,"segment_second_lon":-118.2511034972,"segment_sequence":590004,"segment_id":30,"segment_len_meter":43.32328197222784,"segment_cum_len":18424.97927659464}
{"route_id":"55","segment_first_lat":34.0483514141,"segment_first_lon":-118.2511034972,"segment_second_lat":34.0484658973,"segment_second_lon":-118.2512850738,"segment_sequence":600001,"segment_id":30,"segment_len_meter":21.021723241552802,"segment_cum_len":18446.000999836193}
{"route_id":"55","segment_first_lat":34.0484658973,"segment_first_lon":-118.2512850738,"segment_second_lat":34.0487616958,"segment_second_lon":-118.2517514257,"segment_sequence":600002,"segment_id":30,"segment_len_meter":54.11014507901026,"segment_cum_len":18500.111144915205}
{"route_id":"55","segment_first_lat":34.0487616958,"segment_first_lon":-118.2517514257,"segment_second_lat":34.048857547,"segment_second_lon":-118.2519068688,"segment_sequence":600003,"segment_id":30,"segment_len_meter":17.852021278247456,"segment_cum_len":18517.96316619345}
{"route_id":"55","segment_first_lat":34.048857547,"segment_first_lon":-118.2519068688,"segment_second_lat":34.0494655554,"segment_second_lon":-118.2528726462,"segment_sequence":600004,"segment_id":30,"segment_len_meter":111.74938384372282,"segment_cum_len":18629.712550037173}
{"route_id":"55","segment_first_lat":34.0494655554,"segment_first_lon":-118.2528726462,"segment_second_lat":34.0502162152,"segment_second_lon":-118.2539478106,"segment_sequence":600005,"segment_id":30,"segment_len_meter":129.5344671514368,"segment_cum_len":18759.24701718861}
{"route_id":"55","segment_first_lat":34.0502162152,"segment_first_lon":-118.2539478106,"segment_second_lat":34.0503854865,"segment_second_lon":-118.2542078006,"segment_sequence":600006,"segment_id":30,"segment_len_meter":30.46332322064216,"segment_cum_len":18789.710340409252}
{"route_id":"55","segment_first_lat":34.0503854865,"segment_first_lon":-118.2542078006,"segment_second_lat":34.0512981202,"segment_second_lon":-118.255608327,"segment_sequence":610001,"segment_id":31,"segment_len_meter":164.15525858232678,"segment_cum_len":18953.86559899158}
{"route_id":"55","segment_first_lat":34.0512981202,"segment_first_lon":-118.255608327,"segment_second_lat":34.0514879205,"segment_second_lon":-118.2559043703,"segment_sequence":610002,"segment_id":31,"segment_len_meter":34.48613878458299,"segment_cum_len":18988.35173777616}
{"route_id":"55","segment_first_lat":34.0514879205,"segment_first_lon":-118.2559043703,"segment_second_lat":34.0515884343,"segment_second_lon":-118.2560614882,"segment_sequence":620001,"segment_id":31,"segment_len_meter":18.287837476798398,"segment_cum_len":19006.639575252957}
{"route_id":"55","segment_first_lat":34.0515884343,"segment_first_lon":-118.2560614882,"segment_second_lat":34.052278592,"segment_second_lon":-118.2571464265,"segment_sequence":620002,"segment_id":31,"segment_len_meter":126.01611952344716,"segment_cum_len":19132.655694776404}
{"route_id":"55","segment_first_lat":34.052278592,"segment_first_lon":-118.2571464265,"segment_second_lat":34.0535258727,"segment_second_lon":-118.2559716787,"segment_sequence":620003,"segment_id":31,"segment_len_meter":175.9210605757793,"segment_cum_len":19308.576755352184}
{"route_id":"55","segment_first_lat":34.0535258727,"segment_first_lon":-118.2559716787,"segment_second_lat":34.0536938274,"segment_second_lon":-118.2558137276,"segment_sequence":620004,"segment_id":31,"segment_len_meter":23.675473261007514,"segment_cum_len":19332.25222861319}
{"route_id":"55","segment_first_lat":34.0536938274,"segment_first_lon":-118.2558137276,"segment_second_lat":34.0538232282,"segment_second_lon":-118.2556952743,"segment_sequence":620005,"segment_id":31,"segment_len_meter":18.05883502049961,"segment_cum_len":19350.31106363369}
{"route_id":"55","segment_first_lat":34.0538232282,"segment_first_lon":-118.2556952743,"segment_second_lat":34.0540390936,"segment_second_lon":-118.255490919,"segment_sequence":620006,"segment_id":31,"segment_len_meter":30.50552197761762,"segment_cum_len":19380.81658561131}
{"route_id":"55","segment_first_lat":34.0540390936,"segment_first_lon":-118.255490919,"segment_second_lat":34.0549796487,"segment_second_lon":-118.2545994405,"segment_sequence":630001,"segment_id":32,"segment_len_meter":132.97750269574013,"segment_cum_len":19513.794088307048}
{"route_id":"55","segment_first_lat":34.0549796487,"segment_first_lon":-118.2545994405,"segment_second_lat":34.0551090621,"segment_second_lon":-118.2544743808,"segment_sequence":630002,"segment_id":32,"segment_len_meter":18.43398129341644,"segment_cum_len":19532.228069600464}
{"route_id":"55","segment_first_lat":34.0551090621,"segment_first_lon":-118.2544743808,"segment_second_lat":34.0553249256,"segment_second_lon":-118.2542700192,"segment_sequence":630003,"segment_id":32,"segment_len_meter":30.505537690716515,"segment_cum_len":19562.73360729118}
{"route_id":"55","segment_first_lat":34.0553249256,"segment_first_lon":-118.2542700192,"segment_second_lat":34.0564383761,"segment_second_lon":-118.2532172653,"segment_sequence":640001,"segment_id":32,"segment_len_meter":157.27307975775653,"segment_cum_len":19720.006687048935}
{"route_id":"55","segment_first_lat":34.0564383761,"segment_first_lon":-118.2532172653,"segment_second_lat":34.0565463064,"segment_second_lon":-118.2531152465,"segment_sequence":650001,"segment_id":33,"segment_len_meter":15.243348626856353,"segment_cum_len":19735.250035675792}
{"route_id":"55","segment_first_lat":34.0565463064,"segment_first_lon":-118.2531152465,"segment_second_lat":34.0568629388,"segment_second_lon":-118.2528157698,"segment_sequence":650002,"segment_id":33,"segment_len_meter":44.72959239639808,"segment_cum_len":19779.97962807219}
{"route_id":"55","segment_first_lat":34.0568629388,"segment_first_lon":-118.2528157698,"segment_second_lat":34.0576421269,"segment_second_lon":-118.2520785861,"segment_sequence":650003,"segment_id":33,"segment_len_meter":110.08513247286905,"segment_cum_len":19890.064760545058}
{"route_id":"55","segment_first_lat":34.0576421269,"segment_first_lon":-118.2520785861,"segment_second_lat":34.0577632873,"segment_second_lon":-118.2519567951,"segment_sequence":650004,"segment_id":33,"segment_len_meter":17.532442571762022,"segment_cum_len":19907.59720311682}
{"route_id":"55","segment_first_lat":34.0577632873,"segment_first_lon":-118.2519567951,"segment_second_lat":34.0582534854,"segment_second_lon":-118.2514399306,"segment_sequence":650005,"segment_id":33,"segment_len_meter":72.3754807365157,"segment_cum_len":19979.972683853335}
{"route_id":"55","segment_first_lat":34.0582534854,"segment_first_lon":-118.2514399306,"segment_second_lat":34.0583810223,"segment_second_lon":-118.2512907541,"segment_sequence":650006,"segment_id":33,"segment_len_meter":19.747556291982363,"segment_cum_len":19999.720240145318}
{"route_id":"55","segment_first_lat":34.0583810223,"segment_first_lon":-118.2512907541,"segment_second_lat":34.0583829506,"segment_second_lon":-118.2512884489,"segment_sequence":660001,"segment_id":33,"segment_len_meter":0.3017792561686469,"segment_cum_len":20000.022019401487}
{"route_id":"55","segment_first_lat":34.0583829506,"segment_first_lon":-118.2512884489,"segment_second_lat":34.0585345631,"segment_second_lon":-118.2510577961,"segment_sequence":660002,"segment_id":33,"segment_len_meter":27.12359217267267,"segment_cum_len":20027.14561157416}
{"route_id":"55","segment_first_lat":34.0585345631,"segment_first_lon":-118.2510577961,"segment_second_lat":34.0586503983,"segment_second_lon":-118.2508534476,"segment_sequence":660003,"segment_id":33,"segment_len_meter":22.809548165280624,"segment_cum_len":20049.955159739442}
{"route_id":"55","segment_first_lat":34.0586503983,"segment_first_lon":-118.2508534476,"segment_second_lat":34.0591083901,"segment_second_lon":-118.2499633975,"segment_sequence":660004,"segment_id":33,"segment_len_meter":96.52050170390639,"segment_cum_len":20146.47566144335}
{"route_id":"55","segment_first_lat":34.0591083901,"segment_first_lon":-118.2499633975,"segment_second_lat":34.059483647,"segment_second_lon":-118.2492150595,"segment_sequence":660005,"segment_id":33,"segment_len_meter":80.58193712882397,"segment_cum_len":20227.057598572173}
{"route_id":"55","segment_first_lat":34.059483647,"segment_first_lon":-118.2492150595,"segment_second_lat":34.0596879478,"segment_second_lon":-118.2487501438,"segment_sequence":660006,"segment_id":33,"segment_len_meter":48.48004287371004,"segment_cum_len":20275.537641445884}
{"route_id":"55","segment_first_lat":34.0596879478,"segment_first_lon":-118.2487501438,"segment_second_lat":34.059694846,"segment_second_lon":-118.2487362976,"segment_sequence":660007,"segment_id":33,"segment_len_meter":1.4883838512471281,"segment_cum_len":20277.02602529713}
{"route_id":"55","segment_first_lat":34.059694846,"segment_first_lon":-118.2487362976,"segment_second_lat":34.0598369435,"segment_second_lon":-118.2484534431,"segment_sequence":670001,"segment_id":34,"segment_len_meter":30.47291533627985,"segment_cum_len":20307.49894063341}
{"route_id":"55","segment_first_lat":34.0598369435,"segment_first_lon":-118.2484534431,"segment_second_lat":34.0599114411,"segment_second_lon":-118.2483050924,"segment_sequence":670002,"segment_id":34,"segment_len_meter":15.980642521078561,"segment_cum_len":20323.479583154487}
{"route_id":"55","segment_first_lat":34.0599114411,"segment_first_lon":-118.2483050924,"segment_second_lat":34.0600933964,"segment_second_lon":-118.248015091,"segment_sequence":670003,"segment_id":34,"segment_len_meter":33.51172353742612,"segment_cum_len":20356.991306691914}
{"route_id":"55","segment_first_lat":34.0600933964,"segment_first_lon":-118.248015091,"segment_second_lat":34.0602311686,"segment_second_lon":-118.2478306092,"segment_sequence":670004,"segment_id":34,"segment_len_meter":22.8800663031616,"segment_cum_len":20379.871372995076}
{"route_id":"55","segment_first_lat":34.0602311686,"segment_first_lon":-118.2478306092,"segment_second_lat":34.0603303284,"segment_second_lon":-118.2477153464,"segment_sequence":670005,"segment_id":34,"segment_len_meter":15.30733669516627,"segment_cum_len":20395.17870969024}
{"route_id":"55","segment_first_lat":34.0603303284,"segment_first_lon":-118.2477153464,"segment_second_lat":34.0604101584,"segment_second_lon":-118.2476462488,"segment_sequence":670006,"segment_id":34,"segment_len_meter":10.922985739238902,"segment_cum_len":20406.10169542948}
{"route_id":"55","segment_first_lat":34.0604101584,"segment_first_lon":-118.2476462488,"segment_second_lat":34.0604844655,"segment_second_lon":-118.2475903412,"segment_sequence":670007,"segment_id":34,"segment_len_meter":9.7362334806134,"segment_cum_len":20415.837928910092}
{"route_id":"55","segment_first_lat":34.0604844655,"segment_first_lon":-118.2475903412,"segment_second_lat":34.0605972899,"segment_second_lon":-118.247511436,"segment_sequence":670008,"segment_id":34,"segment_len_meter":14.499074142324492,"segment_cum_len":20430.337003052417}
{"route_id":"55","segment_first_lat":34.0605972899,"segment_first_lon":-118.247511436,"segment_second_lat":34.0608421262,"segment_second_lon":-118.2473767933,"segment_sequence":670009,"segment_id":34,"segment_len_meter":29.91678343287967,"segment_cum_len":20460.253786485297}
{"route_id":"55","segment_first_lat":34.0608421262,"segment_first_lon":-118.2473767933,"segment_second_lat":34.0609082031,"segment_second_lon":-118.2473142576,"segment_sequence":670010,"segment_id":34,"segment_len_meter":9.336500447840335,"segment_cum_len":20469.590286933137}
{"route_id":"55","segment_first_lat":34.0609082031,"segment_first_lon":-118.2473142576,"segment_second_lat":34.0610265095,"segment_second_lon":-118.2472419712,"segment_sequence":670011,"segment_id":34,"segment_len_meter":14.744392314949962,"segment_cum_len":20484.334679248088}
{"route_id":"55","segment_first_lat":34.0610265095,"segment_first_lon":-118.2472419712,"segment_second_lat":34.0612603676,"segment_second_lon":-118.2471006913,"segment_sequence":670012,"segment_id":34,"segment_len_meter":29.078788026285952,"segment_cum_len":20513.413467274375}
{"route_id":"55","segment_first_lat":34.0612603676,"segment_first_lon":-118.2471006913,"segment_second_lat":34.0613814285,"segment_second_lon":-118.2470251107,"segment_sequence":670013,"segment_id":34,"segment_len_meter":15.155277224815132,"segment_cum_len":20528.56874449919}
{"route_id":"55","segment_first_lat":34.0613814285,"segment_first_lon":-118.2470251107,"segment_second_lat":34.06165379,"segment_second_lon":-118.2468674349,"segment_sequence":670014,"segment_id":34,"segment_len_meter":33.58814361479406,"segment_cum_len":20562.156888113983}
{"route_id":"55","segment_first_lat":34.06165379,"segment_first_lon":-118.2468674349,"segment_second_lat":34.0621630234,"segment_second_lon":-118.246572446,"segment_sequence":670015,"segment_id":34,"segment_len_meter":62.80687806288596,"segment_cum_len":20624.96376617687}
