{"route_id":"183","segment_first_lat":34.1542966161,"segment_first_lon":-118.4661807187,"segment_second_lat":34.1545558063,"segment_second_lon":-118.4661643156,"segment_sequence":10001,"segment_id":1,"segment_len_meter":28.860131498185748,"segment_cum_len":28.860131498185748}
{"route_id":"183","segment_first_lat":34.1545558063,"segment_first_lon":-118.4661643156,"segment_second_lat":34.154792146,"segment_second_lon":-118.4661590233,"segment_sequence":10002,"segment_id":1,"segment_len_meter":26.284287220377948,"segment_cum_len":55.1444187185637}
{"route_id":"183","segment_first_lat":34.154792146,"segment_first_lon":-118.4661590233,"segment_second_lat":34.155204373,"segment_second_lon":-118.4661481014,"segment_sequence":10003,"segment_id":1,"segment_len_meter":45.848566967545814,"segment_cum_len":100.9929856861095}
{"route_id":"183","segment_first_lat":34.155204373,"segment_first_lon":-118.4661481014,"segment_second_lat":34.1559160764,"segment_second_lon":-118.4661487662,"segment_sequence":10004,"segment_id":1,"segment_len_meter":79.13783099809474,"segment_cum_len":180.13081668420426}
{"route_id":"183","segment_first_lat":34.1559160764,"segment_first_lon":-118.4661487662,"segment_second_lat":34.1574603983,"segment_second_lon":-118.466148126,"segment_sequence":10005,"segment_id":1,"segment_len_meter":171.7207704906967,"segment_cum_len":351.85158717490094}
{"route_id":"183","segment_first_lat":34.1574603983,"segment_first_lon":-118.466148126,"segment_second_lat":34.1575977928,"segment_second_lon":-118.4661482313,"segment_sequence":20001,"segment_id":1,"segment_len_meter":15.277574420587182,"segment_cum_len":367.12916159548814}
{"route_id":"183","segment_first_lat":34.1575977928,"segment_first_lon":-118.4661482313,"segment_second_lat":34.1585347809,"segment_second_lon":-118.4661600695,"segment_sequence":20002,"segment_id":1,"segment_len_meter":104.19401691854665,"segment_cum_len":471.3231785140348}
{"route_id":"183","segment_first_lat":34.1585347809,"segment_first_lon":-118.4661600695,"segment_second_lat":34.15903214,"segment_second_lon":-118.4661628441,"segment_sequence":20003,"segment_id":1,"segment_len_meter":55.304397895805174,"segment_cum_len":526.62757640984}
{"route_id":"183","segment_first_lat":34.15903214,"segment_first_lon":-118.4661628441,"segment_second_lat":34.1593206632,"segment_second_lon":-118.4661644538,"segment_sequence":20004,"segment_id":1,"segment_len_meter":32.08265794223104,"segment_cum_len":558.710234352071}
{"route_id":"183","segment_first_lat":34.1593206632,"segment_first_lon":-118.4661644538,"segment_second_lat":34.1596778952,"segment_second_lon":-118.4661631412,"segment_sequence":20005,"segment_id":1,"segment_len_meter":39.7225696384915,"segment_cum_len":598.4328039905624}
{"route_id":"183","segment_first_lat":34.1596778952,"segment_first_lon":-118.4661631412,"segment_second_lat":34.1600241486,"segment_second_lon":-118.4661584617,"segment_sequence":20006,"segment_id":1,"segment_len_meter":38.504028852439646,"segment_cum_len":636.9368328430021}
{"route_id":"183","segment_first_lat":34.1600241486,"segment_first_lon":-118.4661584617,"segment_second_lat":34.1603099495,"segment_second_lon":-118.466153445,"segment_sequence":20007,"segment_id":1,"segment_len_meter":31.78296215967457,"segment_cum_len":668.7197950026766}
{"route_id":"183","segment_first_lat":34.1603099495,"segment_first_lon":-118.466153445,"segment_second_lat":34.1609199956,"segment_second_lon":-118.4661502371,"segment_sequence":20008,"segment_id":1,"segment_len_meter":67.83467348420056,"segment_cum_len":736.5544684868772}
{"route_id":"183","segment_first_lat":34.1609199956,"segment_first_lon":-118.4661502371,"segment_second_lat":34.1613293983,"segment_second_lon":-118.4661591324,"segment_sequence":20009,"segment_id":1,"segment_len_meter":45.53085994888801,"segment_cum_len":782.0853284357652}
{"route_id":"183","segment_first_lat":34.1613293983,"segment_first_lon":-118.4661591324,"segment_second_lat":34.1615327257,"segment_second_lon":-118.4661635724,"segment_sequence":20010,"segment_id":1,"segment_len_meter":22.61266580308226,"segment_cum_len":804.6979942388474}
{"route_id":"183","segment_first_lat":34.1615327257,"segment_first_lon":-118.4661635724,"segment_second_lat":34.1618130055,"segment_second_lon":-118.4661651361,"segment_sequence":20011,"segment_id":1,"segment_len_meter":31.16602389281416,"segment_cum_len":835.8640181316615}
{"route_id":"183","segment_first_lat":34.1618130055,"segment_first_lon":-118.4661651361,"segment_second_lat":34.1620108576,"segment_second_lon":-118.4661642565,"segment_sequence":20012,"segment_id":1,"segment_len_meter":22.000298603724143,"segment_cum_len":857.8643167353856}
{"route_id":"183","segment_first_lat":34.1620108576,"segment_first_lon":-118.4661642565,"segment_second_lat":34.1621482548,"segment_second_lon":-118.4661637008,"segment_sequence":30001,"segment_id":2,"segment_len_meter":15.277957129595405,"segment_cum_len":873.142273864981}
{"route_id":"183","segment_first_lat":34.1621482548,"segment_first_lon":-118.4661637008,"segment_second_lat":34.1630495719,"segment_second_lon":-118.4661621179,"segment_sequence":30002,"segment_id":2,"segment_len_meter":100.22199463670435,"segment_cum_len":973.3642685016854}
{"route_id":"183","segment_first_lat":34.1630495719,"segment_first_lon":-118.4661621179,"segment_second_lat":34.1639563848,"segment_second_lon":-118.4661605657,"segment_sequence":30003,"segment_id":2,"segment_len_meter":100.83309503200941,"segment_cum_len":1074.197363533695}
{"route_id":"183","segment_first_lat":34.1639563848,"segment_first_lon":-118.4661605657,"segment_second_lat":34.1648659328,"segment_second_lon":-118.4661623345,"segment_sequence":30004,"segment_id":2,"segment_len_meter":101.13725407206103,"segment_cum_len":1175.334617605756}
{"route_id":"183","segment_first_lat":34.1648659328,"segment_first_lon":-118.4661623345,"segment_second_lat":34.1648663823,"segment_second_lon":-118.4658317598,"segment_sequence":30005,"segment_id":2,"segment_len_meter":30.41472239792344,"segment_cum_len":1205.7493400036794}
{"route_id":"183","segment_first_lat":34.1648663823,"segment_first_lon":-118.4658317598,"segment_second_lat":34.1648669531,"segment_second_lon":-118.4651838316,"segment_sequence":40001,"segment_id":2,"segment_len_meter":59.6129733375992,"segment_cum_len":1265.3623133412787}
{"route_id":"183","segment_first_lat":34.1648669531,"segment_first_lon":-118.4651838316,"segment_second_lat":34.164866055,"segment_second_lon":-118.4639871371,"segment_sequence":40002,"segment_id":2,"segment_len_meter":110.10248723482421,"segment_cum_len":1375.4648005761028}
{"route_id":"183","segment_first_lat":34.164866055,"segment_first_lon":-118.4639871371,"segment_second_lat":34.1648649807,"segment_second_lon":-118.4635507693,"segment_sequence":40003,"segment_id":2,"segment_len_meter":40.148403455787275,"segment_cum_len":1415.61320403189}
{"route_id":"183","segment_first_lat":34.1648649807,"segment_first_lon":-118.4635507693,"segment_second_lat":34.1648619417,"segment_second_lon":-118.4629094327,"segment_sequence":40004,"segment_id":2,"segment_len_meter":59.00744612955785,"segment_cum_len":1474.6206501614479}
{"route_id":"183","segment_first_lat":34.1648619417,"segment_first_lon":-118.4629094327,"segment_second_lat":34.1648655572,"segment_second_lon":-118.4619640021,"segment_sequence":40005,"segment_id":2,"segment_len_meter":86.98572017816807,"segment_cum_len":1561.606370339616}
{"route_id":"183","segment_first_lat":34.1648655572,"segment_first_lon":-118.4619640021,"segment_second_lat":34.1648661886,"segment_second_lon":-118.461798717,"segment_sequence":50001,"segment_id":3,"segment_len_meter":15.207295773037593,"segment_cum_len":1576.8136661126537}
{"route_id":"183","segment_first_lat":34.1648661886,"segment_first_lon":-118.461798717,"segment_second_lat":34.1648677152,"segment_second_lon":-118.4606780689,"segment_sequence":50002,"segment_id":3,"segment_len_meter":103.10589623228486,"segment_cum_len":1679.9195623449386}
{"route_id":"183","segment_first_lat":34.1648677152,"segment_first_lon":-118.4606780689,"segment_second_lat":34.1648635222,"segment_second_lon":-118.4596135874,"segment_sequence":50003,"segment_id":3,"segment_len_meter":97.93923332023815,"segment_cum_len":1777.8587956651768}
{"route_id":"183","segment_first_lat":34.1648635222,"segment_first_lon":-118.4596135874,"segment_second_lat":34.1648564842,"segment_second_lon":-118.4585722309,"segment_sequence":50004,"segment_id":3,"segment_len_meter":95.81369944554241,"segment_cum_len":1873.6724951107192}
{"route_id":"183","segment_first_lat":34.1648564842,"segment_first_lon":-118.4585722309,"segment_second_lat":34.1648635516,"segment_second_lon":-118.4574317787,"segment_sequence":50005,"segment_id":3,"segment_len_meter":104.93079347936325,"segment_cum_len":1978.6032885900825}
{"route_id":"183","segment_first_lat":34.1648635516,"segment_first_lon":-118.4574317787,"segment_second_lat":34.1648686486,"segment_second_lon":-118.4571012295,"segment_sequence":50006,"segment_id":3,"segment_len_meter":30.417615791344794,"segment_cum_len":2009.0209043814273}
{"route_id":"183","segment_first_lat":34.1648686486,"segment_first_lon":-118.4571012295,"segment_second_lat":34.164870872,"segment_second_lon":-118.4569491762,"segment_sequence":60001,"segment_id":3,"segment_len_meter":13.991919447467565,"segment_cum_len":2023.0128238288949}
{"route_id":"183","segment_first_lat":34.164870872,"segment_first_lon":-118.4569491762,"segment_second_lat":34.1648799914,"segment_second_lon":-118.4552599769,"segment_sequence":60002,"segment_id":3,"segment_len_meter":155.4188700053969,"segment_cum_len":2178.4316938342918}
{"route_id":"183","segment_first_lat":34.1648799914,"segment_first_lon":-118.4552599769,"segment_second_lat":34.1648876407,"segment_second_lon":-118.4532236635,"segment_sequence":60003,"segment_id":3,"segment_len_meter":187.3538671974621,"segment_cum_len":2365.785561031754}
{"route_id":"183","segment_first_lat":34.1648876407,"segment_first_lon":-118.4532236635,"segment_second_lat":34.1648882601,"segment_second_lon":-118.4530583783,"segment_sequence":70001,"segment_id":4,"segment_len_meter":15.207294893604764,"segment_cum_len":2380.9928559253585}
{"route_id":"183","segment_first_lat":34.1648882601,"segment_first_lon":-118.4530583783,"segment_second_lat":34.1648968369,"segment_second_lon":-118.4522352877,"segment_sequence":70002,"segment_id":4,"segment_len_meter":75.7348205242279,"segment_cum_len":2456.7276764495864}
{"route_id":"183","segment_first_lat":34.1648968369,"segment_first_lon":-118.4522352877,"segment_second_lat":34.164897668,"segment_second_lon":-118.4498022446,"segment_sequence":70003,"segment_id":4,"segment_len_meter":223.8532156057243,"segment_cum_len":2680.580892055311}
{"route_id":"183","segment_first_lat":34.164897668,"segment_first_lon":-118.4498022446,"segment_second_lat":34.1648964828,"segment_second_lon":-118.4486419126,"segment_sequence":70004,"segment_id":4,"segment_len_meter":106.75693566541966,"segment_cum_len":2787.3378277207307}
{"route_id":"183","segment_first_lat":34.1648964828,"segment_first_lon":-118.4486419126,"segment_second_lat":34.1648968845,"segment_second_lon":-118.4483113377,"segment_sequence":70005,"segment_id":4,"segment_len_meter":30.41472152987247,"segment_cum_len":2817.7525492506034}
{"route_id":"183","segment_first_lat":34.1648968845,"segment_first_lon":-118.4483113377,"segment_second_lat":34.1648980465,"segment_second_lon":-118.4474782897,"segment_sequence":80001,"segment_id":4,"segment_len_meter":76.64505498450966,"segment_cum_len":2894.397604235113}
{"route_id":"183","segment_first_lat":34.1648980465,"segment_first_lon":-118.4474782897,"segment_second_lat":34.1648962777,"segment_second_lon":-118.4464700202,"segment_sequence":80002,"segment_id":4,"segment_len_meter":92.76648575396598,"segment_cum_len":2987.164089989079}
{"route_id":"183","segment_first_lat":34.1648962777,"segment_first_lon":-118.4464700202,"segment_second_lat":34.164897577,"segment_second_lon":-118.4453725114,"segment_sequence":80003,"segment_id":4,"segment_len_meter":100.97688179869387,"segment_cum_len":3088.1409717877727}
{"route_id":"183","segment_first_lat":34.164897577,"segment_first_lon":-118.4453725114,"segment_second_lat":34.1648958878,"segment_second_lon":-118.4443377963,"segment_sequence":80004,"segment_id":4,"segment_len_meter":95.19960205200816,"segment_cum_len":3183.340573839781}
{"route_id":"183","segment_first_lat":34.1648958878,"segment_first_lon":-118.4443377963,"segment_second_lat":34.1648957281,"segment_second_lon":-118.4440072184,"segment_sequence":80005,"segment_id":4,"segment_len_meter":30.4149702477079,"segment_cum_len":3213.755544087489}
{"route_id":"183","segment_first_lat":34.1648957281,"segment_first_lon":-118.4440072184,"segment_second_lat":34.1648953522,"segment_second_lon":-118.4401262426,"segment_sequence":90001,"segment_id":5,"segment_len_meter":357.07088872490505,"segment_cum_len":3570.826432812394}
{"route_id":"183","segment_first_lat":34.1648953522,"segment_first_lon":-118.4401262426,"segment_second_lat":34.1648954041,"segment_second_lon":-118.4399609544,"segment_sequence":100001,"segment_id":5,"segment_len_meter":15.207414700962032,"segment_cum_len":3586.0338475133562}
{"route_id":"183","segment_first_lat":34.1648954041,"segment_first_lon":-118.4399609544,"segment_second_lat":34.1648955456,"segment_second_lon":-118.4376502224,"segment_sequence":100002,"segment_id":5,"segment_len_meter":212.59991523806775,"segment_cum_len":3798.633762751424}
{"route_id":"183","segment_first_lat":34.1648955456,"segment_first_lon":-118.4376502224,"segment_second_lat":34.1649003411,"segment_second_lon":-118.4355610013,"segment_sequence":100003,"segment_id":5,"segment_len_meter":192.22044081053332,"segment_cum_len":3990.8542035619575}
{"route_id":"183","segment_first_lat":34.1649003411,"segment_first_lon":-118.4355610013,"segment_second_lat":34.164900707,"segment_second_lon":-118.4352304263,"segment_sequence":100004,"segment_id":5,"segment_len_meter":30.414723762602677,"segment_cum_len":4021.26892732456}
{"route_id":"183","segment_first_lat":34.164900707,"segment_first_lon":-118.4352304263,"segment_second_lat":34.1649027318,"segment_second_lon":-118.4333659832,"segment_sequence":110001,"segment_id":6,"segment_len_meter":171.53904305776126,"segment_cum_len":4192.807970382321}
{"route_id":"183","segment_first_lat":34.1649027318,"segment_first_lon":-118.4333659832,"segment_second_lat":34.164904689,"segment_second_lon":-118.4314354243,"segment_sequence":110002,"segment_id":6,"segment_len_meter":177.62203726812248,"segment_cum_len":4370.430007650444}
{"route_id":"183","segment_first_lat":34.164904689,"segment_first_lon":-118.4314354243,"segment_second_lat":34.1649050237,"segment_second_lon":-118.4311874934,"segment_sequence":120001,"segment_id":6,"segment_len_meter":22.811019399569297,"segment_cum_len":4393.241027050013}
{"route_id":"183","segment_first_lat":34.1649050237,"segment_first_lon":-118.4311874934,"segment_second_lat":34.1649035658,"segment_second_lon":-118.4300536073,"segment_sequence":120002,"segment_id":6,"segment_len_meter":104.323804731788,"segment_cum_len":4497.564831781801}
{"route_id":"183","segment_first_lat":34.1649035658,"segment_first_lon":-118.4300536073,"segment_second_lat":34.1649014637,"segment_second_lon":-118.4270023725,"segment_sequence":120003,"segment_id":6,"segment_len_meter":280.73027457370995,"segment_cum_len":4778.295106355511}
{"route_id":"183","segment_first_lat":34.1649014637,"segment_first_lon":-118.4270023725,"segment_second_lat":34.1649012229,"segment_second_lon":-118.4268370828,"segment_sequence":130001,"segment_id":7,"segment_len_meter":15.20757410990065,"segment_cum_len":4793.502680465412}
{"route_id":"183","segment_first_lat":34.1649012229,"segment_first_lon":-118.4268370828,"segment_second_lat":34.1648996311,"segment_second_lon":-118.4257296425,"segment_sequence":130002,"segment_id":7,"segment_len_meter":101.89067997008155,"segment_cum_len":4895.393360435493}
{"route_id":"183","segment_first_lat":34.1648996311,"segment_first_lon":-118.4257296425,"segment_second_lat":34.1649007422,"segment_second_lon":-118.4246321333,"segment_sequence":130003,"segment_id":7,"segment_len_meter":100.97688692968974,"segment_cum_len":4996.370247365183}
{"route_id":"183","segment_first_lat":34.1649007422,"segment_first_lon":-118.4246321333,"segment_second_lat":34.1648989913,"segment_second_lon":-118.4235643615,"segment_sequence":130004,"segment_id":7,"segment_len_meter":98.24100221235396,"segment_cum_len":5094.611249577537}
{"route_id":"183","segment_first_lat":34.1648989913,"segment_first_lon":-118.4235643615,"segment_second_lat":34.1649000596,"segment_second_lon":-118.4224734637,"segment_sequence":130005,"segment_id":7,"segment_len_meter":100.3685976946212,"segment_cum_len":5194.979847272158}
{"route_id":"183","segment_first_lat":34.1649000596,"segment_first_lon":-118.4224734637,"segment_second_lat":34.164900115,"segment_second_lon":-118.4221428873,"segment_sequence":130006,"segment_id":7,"segment_len_meter":30.41482613779737,"segment_cum_len":5225.394673409955}
{"route_id":"183","segment_first_lat":34.164900115,"segment_first_lon":-118.4221428873,"segment_second_lat":34.1649002928,"segment_second_lon":-118.4208304987,"segment_sequence":140001,"segment_id":7,"segment_len_meter":120.7468856057068,"segment_cum_len":5346.141559015662}
{"route_id":"183","segment_first_lat":34.1649002928,"segment_first_lon":-118.4208304987,"segment_second_lat":34.1649015096,"segment_second_lon":-118.4181032471,"segment_sequence":140002,"segment_id":7,"segment_len_meter":250.9220041190801,"segment_cum_len":5597.063563134742}
{"route_id":"183","segment_first_lat":34.1649015096,"segment_first_lon":-118.4181032471,"segment_second_lat":34.1649010034,"segment_second_lon":-118.4177726679,"segment_sequence":140003,"segment_id":7,"segment_len_meter":30.415134791468,"segment_cum_len":5627.47869792621}
{"route_id":"183","segment_first_lat":34.1649010034,"segment_first_lon":-118.4177726679,"segment_second_lat":34.1648995414,"segment_second_lon":-118.4170817554,"segment_sequence":150001,"segment_id":8,"segment_len_meter":63.567912906446075,"segment_cum_len":5691.046610832656}
{"route_id":"183","segment_first_lat":34.1648995414,"segment_first_lon":-118.4170817554,"segment_second_lat":34.1649008015,"segment_second_lon":-118.4159181319,"segment_sequence":150002,"segment_id":8,"segment_len_meter":107.05977798621832,"segment_cum_len":5798.106388818875}
{"route_id":"183","segment_first_lat":34.1649008015,"segment_first_lon":-118.4159181319,"segment_second_lat":34.1649027677,"segment_second_lon":-118.4137429475,"segment_sequence":150003,"segment_id":8,"segment_len_meter":200.12890252585666,"segment_cum_len":5998.235291344731}
{"route_id":"183","segment_first_lat":34.1649027677,"segment_first_lon":-118.4137429475,"segment_second_lat":34.1649038983,"segment_second_lon":-118.4134123764,"segment_sequence":150004,"segment_id":8,"segment_len_meter":30.41459653800949,"segment_cum_len":6028.649887882741}
{"route_id":"183","segment_first_lat":34.1649038983,"segment_first_lon":-118.4134123764,"segment_second_lat":34.1649086032,"segment_second_lon":-118.4120338952,"segment_sequence":160001,"segment_id":8,"segment_len_meter":126.82883232214841,"segment_cum_len":6155.478720204889}
{"route_id":"183","segment_first_lat":34.1649086032,"segment_first_lon":-118.4120338952,"segment_second_lat":34.1649048299,"segment_second_lon":-118.4115280944,"segment_sequence":160002,"segment_id":8,"segment_len_meter":46.538310409055704,"segment_cum_len":6202.017030613945}
{"route_id":"183","segment_first_lat":34.1649048299,"segment_first_lon":-118.4115280944,"segment_second_lat":34.1649001481,"segment_second_lon":-118.4104801436,"segment_sequence":160003,"segment_id":8,"segment_len_meter":96.41857199373555,"segment_cum_len":6298.435602607681}
{"route_id":"183","segment_first_lat":34.1649001481,"segment_first_lon":-118.4104801436,"segment_second_lat":34.1649004398,"segment_second_lon":-118.4103941951,"segment_sequence":160004,"segment_id":8,"segment_len_meter":7.90779563990849,"segment_cum_len":6306.34339824759}
{"route_id":"183","segment_first_lat":34.1649004398,"segment_first_lon":-118.4103941951,"segment_second_lat":34.1648956362,"segment_second_lon":-118.4093793016,"segment_sequence":160005,"segment_id":8,"segment_len_meter":93.37724800044658,"segment_cum_len":6399.720646248036}
{"route_id":"183","segment_first_lat":34.1648956362,"segment_first_lon":-118.4093793016,"segment_second_lat":34.1648959306,"segment_second_lon":-118.4090487265,"segment_sequence":160006,"segment_id":8,"segment_len_meter":30.414725073669967,"segment_cum_len":6430.135371321706}
{"route_id":"183","segment_first_lat":34.1648959306,"segment_first_lon":-118.4090487265,"segment_second_lat":34.1648963757,"segment_second_lon":-118.4083479064,"segment_sequence":170001,"segment_id":9,"segment_len_meter":64.47928022311112,"segment_cum_len":6494.614651544817}
{"route_id":"183","segment_first_lat":34.1648963757,"segment_first_lon":-118.4083479064,"segment_second_lat":34.1648970841,"segment_second_lon":-118.4073231227,"segment_sequence":170002,"segment_id":9,"segment_len_meter":94.28570684793684,"segment_cum_len":6588.900358392754}
{"route_id":"183","segment_first_lat":34.1648970841,"segment_first_lon":-118.4073231227,"segment_second_lat":34.1648950582,"segment_second_lon":-118.4062917142,"segment_sequence":170003,"segment_id":9,"segment_len_meter":94.89545969829847,"segment_cum_len":6683.795818091053}
{"route_id":"183","segment_first_lat":34.1648950582,"segment_first_lon":-118.4062917142,"segment_second_lat":34.1648958799,"segment_second_lon":-118.405309906,"segment_sequence":170004,"segment_id":9,"segment_len_meter":90.33174176932567,"segment_cum_len":6774.127559860379}
{"route_id":"183","segment_first_lat":34.1648958799,"segment_first_lon":-118.405309906,"segment_second_lat":34.1648959707,"segment_second_lon":-118.4052008162,"segment_sequence":180001,"segment_id":9,"segment_len_meter":10.036860086884548,"segment_cum_len":6784.164419947263}
{"route_id":"183","segment_first_lat":34.1648959707,"segment_first_lon":-118.4052008162,"segment_second_lat":34.1648968513,"segment_second_lon":-118.4041165297,"segment_sequence":180002,"segment_id":9,"segment_len_meter":99.76030359658107,"segment_cum_len":6883.924723543844}
{"route_id":"183","segment_first_lat":34.1648968513,"segment_first_lon":-118.4041165297,"segment_second_lat":34.1648959673,"segment_second_lon":-118.4019082748,"segment_sequence":180003,"segment_id":9,"segment_len_meter":203.17148549933316,"segment_cum_len":7087.096209043178}
{"route_id":"183","segment_first_lat":34.1648959673,"segment_first_lon":-118.4019082748,"segment_second_lat":34.1648968089,"segment_second_lon":-118.4009925821,"segment_sequence":180004,"segment_id":9,"segment_len_meter":84.24876094033091,"segment_cum_len":7171.344969983508}
{"route_id":"183","segment_first_lat":34.1648968089,"segment_first_lon":-118.4009925821,"segment_second_lat":34.1648968074,"segment_second_lon":-118.4008272939,"segment_sequence":190001,"segment_id":10,"segment_len_meter":15.207413349261586,"segment_cum_len":7186.55238333277}
{"route_id":"183","segment_first_lat":34.1648968074,"segment_first_lon":-118.4008272939,"segment_second_lat":34.1648985485,"segment_second_lon":-118.4003016857,"segment_sequence":190002,"segment_id":10,"segment_len_meter":48.359200043426945,"segment_cum_len":7234.911583376197}
{"route_id":"183","segment_first_lat":34.1648985485,"segment_first_lon":-118.4003016857,"segment_second_lat":34.1648993524,"segment_second_lon":-118.3992273162,"segment_sequence":190003,"segment_id":10,"segment_len_meter":98.84787504794164,"segment_cum_len":7333.759458424139}
{"route_id":"183","segment_first_lat":34.1648993524,"segment_first_lon":-118.3992273162,"segment_second_lat":34.1648990252,"segment_second_lon":-118.398493435,"segment_sequence":190004,"segment_id":10,"segment_len_meter":67.52106963300947,"segment_cum_len":7401.280528057148}
{"route_id":"183","segment_first_lat":34.1648990252,"segment_first_lon":-118.398493435,"segment_second_lat":34.1648999073,"segment_second_lon":-118.3982256724,"segment_sequence":190005,"segment_id":10,"segment_len_meter":24.63580995508587,"segment_cum_len":7425.9163380122345}
{"route_id":"183","segment_first_lat":34.1648999073,"segment_first_lon":-118.3982256724,"segment_second_lat":34.1649002016,"segment_second_lon":-118.3967149397,"segment_sequence":190006,"segment_id":10,"segment_len_meter":138.99562327855284,"segment_cum_len":7564.911961290787}
{"route_id":"183","segment_first_lat":34.1649002016,"segment_first_lon":-118.3967149397,"segment_second_lat":34.1649001904,"segment_second_lon":-118.3964670073,"segment_sequence":200001,"segment_id":10,"segment_len_meter":22.81112834047628,"segment_cum_len":7587.723089631263}
{"route_id":"183","segment_first_lat":34.1649001904,"segment_first_lon":-118.3964670073,"segment_second_lat":34.1649011764,"segment_second_lon":-118.3953265235,"segment_sequence":200002,"segment_id":10,"segment_len_meter":104.93076477317405,"segment_cum_len":7692.653854404437}
{"route_id":"183","segment_first_lat":34.1649011764,"segment_first_lon":-118.3953265235,"segment_second_lat":34.1649018391,"segment_second_lon":-118.3942819054,"segment_sequence":200003,"segment_id":10,"segment_len_meter":96.11056942819796,"segment_cum_len":7788.764423832635}
{"route_id":"183","segment_first_lat":34.1649018391,"segment_first_lon":-118.3942819054,"segment_second_lat":34.1649034833,"segment_second_lon":-118.3922554801,"segment_sequence":200004,"segment_id":10,"segment_len_meter":186.4422253644422,"segment_cum_len":7975.206649197077}
{"route_id":"183","segment_first_lat":34.1649034833,"segment_first_lon":-118.3922554801,"segment_second_lat":34.1649034698,"segment_second_lon":-118.3920901919,"segment_sequence":210001,"segment_id":11,"segment_len_meter":15.207412221181674,"segment_cum_len":7990.414061418259}
{"route_id":"183","segment_first_lat":34.1649034698,"segment_first_lon":-118.3920901919,"segment_second_lat":34.1649049221,"segment_second_lon":-118.3899414526,"segment_sequence":210002,"segment_id":11,"segment_len_meter":197.69575052969648,"segment_cum_len":8188.109811947956}
{"route_id":"183","segment_first_lat":34.1649049221,"segment_first_lon":-118.3899414526,"segment_second_lat":34.1649062824,"segment_second_lon":-118.3878951916,"segment_sequence":210003,"segment_id":11,"segment_len_meter":188.26718208050508,"segment_cum_len":8376.37699402846}
{"route_id":"183","segment_first_lat":34.1649062824,"segment_first_lon":-118.3878951916,"segment_second_lat":34.1649065377,"segment_second_lon":-118.3877299046,"segment_sequence":220001,"segment_id":11,"segment_len_meter":15.207327708005202,"segment_cum_len":8391.584321736465}
{"route_id":"183","segment_first_lat":34.1649065377,"segment_first_lon":-118.3877299046,"segment_second_lat":34.1649080602,"segment_second_lon":-118.3855348852,"segment_sequence":220002,"segment_id":11,"segment_len_meter":201.95376863719574,"segment_cum_len":8593.53809037366}
{"route_id":"183","segment_first_lat":34.1649080602,"segment_first_lon":-118.3855348852,"segment_second_lat":34.1649087644,"segment_second_lon":-118.3844505983,"segment_sequence":220003,"segment_id":11,"segment_len_meter":99.76030889291562,"segment_cum_len":8693.298399266576}
{"route_id":"183","segment_first_lat":34.1649087644,"segment_first_lon":-118.3844505983,"segment_second_lat":34.1649098149,"segment_second_lon":-118.3841200269,"segment_sequence":220004,"segment_id":11,"segment_len_meter":30.414586482625907,"segment_cum_len":8723.712985749202}
{"route_id":"183","segment_first_lat":34.1649098149,"segment_first_lon":-118.3841200269,"segment_second_lat":34.1649124688,"segment_second_lon":-118.3832836811,"segment_sequence":230001,"segment_id":12,"segment_len_meter":76.94891500111142,"segment_cum_len":8800.661900750314}
{"route_id":"183","segment_first_lat":34.1649124688,"segment_first_lon":-118.3832836811,"segment_second_lat":34.1649131496,"segment_second_lon":-118.3830688097,"segment_sequence":230002,"segment_id":12,"segment_len_meter":19.76947860509154,"segment_cum_len":8820.431379355407}
{"route_id":"183","segment_first_lat":34.1649131496,"segment_first_lon":-118.3830688097,"segment_second_lat":34.1649113544,"segment_second_lon":-118.3827679771,"segment_sequence":230003,"segment_id":12,"segment_len_meter":27.678950081602718,"segment_cum_len":8848.11032943701}
{"route_id":"183","segment_first_lat":34.1649113544,"segment_first_lon":-118.3827679771,"segment_second_lat":34.1649120762,"segment_second_lon":-118.3825398828,"segment_sequence":230004,"segment_id":12,"segment_len_meter":20.98606590047423,"segment_cum_len":8869.096395337483}
{"route_id":"183","segment_first_lat":34.1649120762,"segment_first_lon":-118.3825398828,"segment_second_lat":34.1649107706,"segment_second_lon":-118.3820836816,"segment_sequence":230005,"segment_id":12,"segment_len_meter":41.97323532745634,"segment_cum_len":8911.069630664939}
{"route_id":"183","segment_first_lat":34.1649107706,"segment_first_lon":-118.3820836816,"segment_second_lat":34.1649072094,"segment_second_lon":-118.3791117853,"segment_sequence":230006,"segment_id":12,"segment_len_meter":273.4308700271626,"segment_cum_len":9184.500500692102}
{"route_id":"183","segment_first_lat":34.1649072094,"segment_first_lon":-118.3791117853,"segment_second_lat":34.1649069031,"segment_second_lon":-118.3789464958,"segment_sequence":240001,"segment_id":12,"segment_len_meter":15.207569248289872,"segment_cum_len":9199.708069940392}
{"route_id":"183","segment_first_lat":34.1649069031,"segment_first_lon":-118.3789464958,"segment_second_lat":34.1649146131,"segment_second_lon":-118.377359765,"segment_sequence":240002,"segment_id":12,"segment_len_meter":145.99035643690425,"segment_cum_len":9345.698426377297}
{"route_id":"183","segment_first_lat":34.1649146131,"segment_first_lon":-118.377359765,"segment_second_lat":34.1649199036,"segment_second_lon":-118.3756606272,"segment_sequence":240003,"segment_id":12,"segment_len_meter":156.33098762508902,"segment_cum_len":9502.029414002387}
{"route_id":"183","segment_first_lat":34.1649199036,"segment_first_lon":-118.3756606272,"segment_second_lat":34.164925933,"segment_second_lon":-118.3746028104,"segment_sequence":240004,"segment_id":12,"segment_len_meter":97.3271777988775,"segment_cum_len":9599.356591801265}
{"route_id":"183","segment_first_lat":34.164925933,"segment_first_lon":-118.3746028104,"segment_second_lat":34.1651102486,"segment_second_lon":-118.3747133883,"segment_sequence":240005,"segment_id":12,"segment_len_meter":22.881185104375415,"segment_cum_len":9622.23777690564}
{"route_id":"183","segment_first_lat":34.1651102486,"segment_first_lon":-118.3747133883,"segment_second_lat":34.1656143731,"segment_second_lon":-118.3750158149,"segment_sequence":250001,"segment_id":13,"segment_len_meter":62.58195381436592,"segment_cum_len":9684.819730720006}
{"route_id":"183","segment_first_lat":34.1656143731,"segment_first_lon":-118.3750158149,"segment_second_lat":34.1659709169,"segment_second_lon":-118.3752355982,"segment_sequence":250002,"segment_id":13,"segment_len_meter":44.50488718389261,"segment_cum_len":9729.3246179039}
{"route_id":"183","segment_first_lat":34.1659709169,"segment_first_lon":-118.3752355982,"segment_second_lat":34.1663274911,"segment_second_lon":-118.3754454661,"segment_sequence":250003,"segment_id":13,"segment_len_meter":44.10088836997773,"segment_cum_len":9773.425506273878}
{"route_id":"183","segment_first_lat":34.1663274911,"segment_first_lon":-118.3754454661,"segment_second_lat":34.1670131599,"segment_second_lon":-118.3758650837,"segment_sequence":250004,"segment_id":13,"segment_len_meter":85.46007381448077,"segment_cum_len":9858.885580088358}
{"route_id":"183","segment_first_lat":34.1670131599,"segment_first_lon":-118.3758650837,"segment_second_lat":34.1681294373,"segment_second_lon":-118.3765445068,"segment_sequence":250005,"segment_id":13,"segment_len_meter":138.97551103181303,"segment_cum_len":9997.86109112017}
{"route_id":"183","segment_first_lat":34.1681294373,"segment_first_lon":-118.3765445068,"segment_second_lat":34.1681300239,"segment_second_lon":-118.3763560737,"segment_sequence":250006,"segment_id":13,"segment_len_meter":17.336328772481586,"segment_cum_len":10015.197419892653}
{"route_id":"183","segment_first_lat":34.1681300239,"segment_first_lon":-118.3763560737,"segment_second_lat":34.1681232227,"segment_second_lon":-118.3750072405,"segment_sequence":250007,"segment_id":13,"segment_len_meter":124.09754646332145,"segment_cum_len":10139.294966355974}
{"route_id":"183","segment_first_lat":34.1681232227,"segment_first_lon":-118.3750072405,"segment_second_lat":34.1681283874,"segment_second_lon":-118.374227074,"segment_sequence":250008,"segment_id":13,"segment_len_meter":71.77911283378167,"segment_cum_len":10211.074079189755}
{"route_id":"183","segment_first_lat":34.1681283874,"segment_first_lon":-118.374227074,"segment_second_lat":34.1687109421,"segment_second_lon":-118.3742263774,"segment_sequence":250009,"segment_id":13,"segment_len_meter":64.77715883588012,"segment_cum_len":10275.851238025636}
{"route_id":"183","segment_first_lat":34.1687109421,"segment_first_lon":-118.3742263774,"segment_second_lat":34.1690214595,"segment_second_lon":-118.3742244623,"segment_sequence":250010,"segment_id":13,"segment_len_meter":34.52840905203992,"segment_cum_len":10310.379647077676}
{"route_id":"183","segment_first_lat":34.1690214595,"segment_first_lon":-118.3742244623,"segment_second_lat":34.1690126532,"segment_second_lon":-118.3744062487,"segment_sequence":250011,"segment_id":13,"segment_len_meter":16.7531629979957,"segment_cum_len":10327.132810075671}
{"route_id":"183","segment_first_lat":34.1690126532,"segment_first_lon":-118.3744062487,"segment_second_lat":34.1690080792,"segment_second_lon":-118.3758806701,"segment_sequence":250012,"segment_id":13,"segment_len_meter":135.64913069015196,"segment_cum_len":10462.781940765823}
{"route_id":"183","segment_first_lat":34.1690080792,"segment_first_lon":-118.3758806701,"segment_second_lat":34.1689914483,"segment_second_lon":-118.3759268782,"segment_sequence":250013,"segment_id":13,"segment_len_meter":4.635991930388558,"segment_cum_len":10467.417932696211}
{"route_id":"183","segment_first_lat":34.1689914483,"segment_first_lon":-118.3759268782,"segment_second_lat":34.1689254176,"segment_second_lon":-118.3759530284,"segment_sequence":250014,"segment_id":13,"segment_len_meter":7.7263929546254575,"segment_cum_len":10475.144325650837}
{"route_id":"183","segment_first_lat":34.1689254176,"segment_first_lon":-118.3759530284,"segment_second_lat":34.168815483,"segment_second_lon":-118.3759591456,"segment_sequence":250015,"segment_id":13,"segment_len_meter":12.237118064582702,"segment_cum_len":10487.38144371542}
{"route_id":"183","segment_first_lat":34.168815483,"segment_first_lon":-118.3759591456,"segment_second_lat":34.1687715791,"segment_second_lon":-118.3759391126,"segment_sequence":250016,"segment_id":13,"segment_len_meter":5.218211268263725,"segment_cum_len":10492.599654983684}
{"route_id":"183","segment_first_lat":34.1687715791,"segment_first_lon":-118.3759391126,"segment_second_lat":34.1686948037,"segment_second_lon":-118.3758858725,"segment_sequence":250017,"segment_id":13,"segment_len_meter":9.842403145143946,"segment_cum_len":10502.442058128827}
{"route_id":"183","segment_first_lat":34.1686948037,"segment_first_lon":-118.3758858725,"segment_second_lat":34.1686564776,"segment_second_lon":-118.3758394174,"segment_sequence":250018,"segment_id":13,"segment_len_meter":6.035585740013279,"segment_cum_len":10508.47764386884}
{"route_id":"183","segment_first_lat":34.1686564776,"segment_first_lon":-118.3758394174,"segment_second_lat":34.168660372,"segment_second_lon":-118.3752932986,"segment_sequence":250019,"segment_id":13,"segment_len_meter":50.24552684563686,"segment_cum_len":10558.723170714477}
{"route_id":"183","segment_first_lat":34.168660372,"segment_first_lon":-118.3752932986,"segment_second_lat":34.1686660349,"segment_second_lon":-118.37453032,"segment_sequence":260001,"segment_id":13,"segment_len_meter":70.19787296836157,"segment_cum_len":10628.921043682838}
{"route_id":"183","segment_first_lat":34.1686660349,"segment_first_lon":-118.37453032,"segment_second_lat":34.1686771901,"segment_second_lon":-118.3744774754,"segment_sequence":260002,"segment_id":13,"segment_len_meter":5.017512810269247,"segment_cum_len":10633.938556493107}
{"route_id":"183","segment_first_lat":34.1686771901,"segment_first_lon":-118.3744774754,"segment_second_lat":34.1687378476,"segment_second_lon":-118.374411629,"segment_sequence":260003,"segment_id":13,"segment_len_meter":9.065936870179046,"segment_cum_len":10643.004493363287}
{"route_id":"183","segment_first_lat":34.1687378476,"segment_first_lon":-118.374411629,"segment_second_lat":34.1687109421,"segment_second_lon":-118.3742263774,"segment_sequence":260004,"segment_id":13,"segment_len_meter":17.30397252375187,"segment_cum_len":10660.30846588704}
{"route_id":"183","segment_first_lat":34.1687109421,"segment_first_lon":-118.3742263774,"segment_second_lat":34.1681283874,"segment_second_lon":-118.374227074,"segment_sequence":260005,"segment_id":13,"segment_len_meter":64.77715883588012,"segment_cum_len":10725.08562472292}
{"route_id":"183","segment_first_lat":34.1681283874,"segment_first_lon":-118.374227074,"segment_second_lat":34.1681340004,"segment_second_lon":-118.3724088603,"segment_sequence":260006,"segment_id":13,"segment_len_meter":167.28030388760578,"segment_cum_len":10892.365928610527}
{"route_id":"183","segment_first_lat":34.1681340004,"segment_first_lon":-118.3724088603,"segment_second_lat":34.1681250225,"segment_second_lon":-118.3705905817,"segment_sequence":260007,"segment_id":13,"segment_len_meter":167.28809249755759,"segment_cum_len":11059.654021108085}
{"route_id":"183","segment_first_lat":34.1681250225,"segment_first_lon":-118.3705905817,"segment_second_lat":34.1681238586,"segment_second_lon":-118.370342635,"segment_sequence":270001,"segment_id":14,"segment_len_meter":22.811939792042264,"segment_cum_len":11082.465960900126}
{"route_id":"183","segment_first_lat":34.1681238586,"segment_first_lon":-118.370342635,"segment_second_lat":34.1675083905,"segment_second_lon":-118.3703233776,"segment_sequence":270002,"segment_id":14,"segment_len_meter":68.45985996479162,"segment_cum_len":11150.925820864919}
{"route_id":"183","segment_first_lat":34.1675083905,"segment_first_lon":-118.3703233776,"segment_second_lat":34.1670082612,"segment_second_lon":-118.3703277725,"segment_sequence":270003,"segment_id":14,"segment_len_meter":55.61331075909065,"segment_cum_len":11206.53913162401}
{"route_id":"183","segment_first_lat":34.1670082612,"segment_first_lon":-118.3703277725,"segment_second_lat":34.1659695126,"segment_second_lon":-118.3703430033,"segment_sequence":270004,"segment_id":14,"segment_len_meter":115.51207429575675,"segment_cum_len":11322.051205919766}
{"route_id":"183","segment_first_lat":34.1659695126,"segment_first_lon":-118.3703430033,"segment_second_lat":34.1649335321,"segment_second_lon":-118.3703516345,"segment_sequence":270005,"segment_id":14,"segment_len_meter":115.19851281068566,"segment_cum_len":11437.249718730453}
{"route_id":"183","segment_first_lat":34.1649335321,"segment_first_lon":-118.3703516345,"segment_second_lat":34.1649337197,"segment_second_lon":-118.3700210591,"segment_sequence":270006,"segment_id":14,"segment_len_meter":30.414728578398478,"segment_cum_len":11467.66444730885}
{"route_id":"183","segment_first_lat":34.1649337197,"segment_first_lon":-118.3700210591,"segment_second_lat":34.164934514,"segment_second_lon":-118.3691318127,"segment_sequence":280001,"segment_id":14,"segment_len_meter":81.81551662965971,"segment_cum_len":11549.479963938511}
{"route_id":"183","segment_first_lat":34.164934514,"segment_first_lon":-118.3691318127,"segment_second_lat":34.1649323412,"segment_second_lon":-118.3689433747,"segment_sequence":280002,"segment_id":14,"segment_len_meter":17.338996690205015,"segment_cum_len":11566.818960628716}
{"route_id":"183","segment_first_lat":34.1649323412,"segment_first_lon":-118.3689433747,"segment_second_lat":34.1649335408,"segment_second_lon":-118.3685499944,"segment_sequence":280003,"segment_id":14,"segment_len_meter":36.19335737507636,"segment_cum_len":11603.012318003792}
{"route_id":"183","segment_first_lat":34.1649335408,"segment_first_lon":-118.3685499944,"segment_second_lat":34.1649340124,"segment_second_lon":-118.3674921528,"segment_sequence":280004,"segment_id":14,"segment_len_meter":97.32715195448272,"segment_cum_len":11700.339469958275}
{"route_id":"183","segment_first_lat":34.1649340124,"segment_first_lon":-118.3674921528,"segment_second_lat":34.1649317168,"segment_second_lon":-118.3664376048,"segment_sequence":280005,"segment_id":14,"segment_len_meter":97.024445673006,"segment_cum_len":11797.36391563128}
{"route_id":"183","segment_first_lat":34.1649317168,"segment_first_lon":-118.3664376048,"segment_second_lat":34.1649310148,"segment_second_lon":-118.3660342989,"segment_sequence":280006,"segment_id":14,"segment_len_meter":37.10640316059399,"segment_cum_len":11834.470318791875}
{"route_id":"183","segment_first_lat":34.1649310148,"segment_first_lon":-118.3660342989,"segment_second_lat":34.1649306906,"segment_second_lon":-118.3658690094,"segment_sequence":290001,"segment_id":15,"segment_len_meter":15.20756954948678,"segment_cum_len":11849.67788834136}
{"route_id":"183","segment_first_lat":34.1649306906,"segment_first_lon":-118.3658690094,"segment_second_lat":34.1649322898,"segment_second_lon":-118.3653400946,"segment_sequence":290002,"segment_id":15,"segment_len_meter":48.66334309588228,"segment_cum_len":11898.341231437244}
{"route_id":"183","segment_first_lat":34.1649322898,"segment_first_lon":-118.3653400946,"segment_second_lat":34.1649312485,"segment_second_lon":-118.3647748049,"segment_sequence":290003,"segment_id":15,"segment_len_meter":52.0098341704228,"segment_cum_len":11950.351065607667}
{"route_id":"183","segment_first_lat":34.1649312485,"segment_first_lon":-118.3647748049,"segment_second_lat":34.1649328727,"segment_second_lon":-118.364235973,"segment_sequence":290004,"segment_id":15,"segment_len_meter":49.57577359013696,"segment_cum_len":11999.926839197804}
{"route_id":"183","segment_first_lat":34.1649328727,"segment_first_lon":-118.364235973,"segment_second_lat":34.1649317268,"segment_second_lon":-118.3637037404,"segment_sequence":290005,"segment_id":15,"segment_len_meter":48.9684390241002,"segment_cum_len":12048.895278221904}
{"route_id":"183","segment_first_lat":34.1649317268,"segment_first_lon":-118.3637037404,"segment_second_lat":34.1649306182,"segment_second_lon":-118.3631582851,"segment_sequence":290006,"segment_id":15,"segment_len_meter":50.1849851179774,"segment_cum_len":12099.080263339882}
{"route_id":"183","segment_first_lat":34.1649306182,"segment_first_lon":-118.3631582851,"segment_second_lat":34.1649320866,"segment_second_lon":-118.3626690389,"segment_sequence":290007,"segment_id":15,"segment_len_meter":45.013588961132875,"segment_cum_len":12144.093852301014}
{"route_id":"183","segment_first_lat":34.1649320866,"segment_first_lon":-118.3626690389,"segment_second_lat":34.1649310526,"segment_second_lon":-118.3620971378,"segment_sequence":290008,"segment_id":15,"segment_len_meter":52.61811552852431,"segment_cum_len":12196.711967829538}
{"route_id":"183","segment_first_lat":34.1649310526,"segment_first_lon":-118.3620971378,"segment_second_lat":34.1649301048,"segment_second_lon":-118.3614954852,"segment_sequence":290009,"segment_id":15,"segment_len_meter":55.355389571430415,"segment_cum_len":12252.067357400969}
{"route_id":"183","segment_first_lat":34.1649301048,"segment_first_lon":-118.3614954852,"segment_second_lat":34.1649286195,"segment_second_lon":-118.3611649027,"segment_sequence":290010,"segment_id":15,"segment_len_meter":30.415824605768243,"segment_cum_len":12282.483182006737}
{"route_id":"183","segment_first_lat":34.1649286195,"segment_first_lon":-118.3611649027,"segment_second_lat":34.1649250584,"segment_second_lon":-118.360424397,"segment_sequence":300001,"segment_id":15,"segment_len_meter":68.13167822922081,"segment_cum_len":12350.614860235959}
{"route_id":"183","segment_first_lat":34.1649250584,"segment_first_lon":-118.360424397,"segment_second_lat":34.1649254032,"segment_second_lon":-118.3603086969,"segment_sequence":300002,"segment_id":15,"segment_len_meter":10.645103914050875,"segment_cum_len":12361.25996415001}
{"route_id":"183","segment_first_lat":34.1649254032,"segment_first_lon":-118.3603086969,"segment_second_lat":34.1649216298,"segment_second_lon":-118.3597301726,"segment_sequence":300003,"segment_id":15,"segment_len_meter":53.22901888963928,"segment_cum_len":12414.488983039648}
{"route_id":"183","segment_first_lat":34.1649216298,"segment_first_lon":-118.3597301726,"segment_second_lat":34.1649255276,"segment_second_lon":-118.3593434154,"segment_sequence":300004,"segment_id":15,"segment_len_meter":35.58639399501642,"segment_cum_len":12450.075377034664}
{"route_id":"183","segment_first_lat":34.1649255276,"segment_first_lon":-118.3593434154,"segment_second_lat":34.1649304631,"segment_second_lon":-118.3584211295,"segment_sequence":300005,"segment_id":15,"segment_len_meter":84.85706213294408,"segment_cum_len":12534.932439167607}
{"route_id":"183","segment_first_lat":34.1649304631,"segment_first_lon":-118.3584211295,"segment_second_lat":34.1649315025,"segment_second_lon":-118.358255846,"segment_sequence":310001,"segment_id":16,"segment_len_meter":15.207413959395621,"segment_cum_len":12550.139853127002}
{"route_id":"183","segment_first_lat":34.1649315025,"segment_first_lon":-118.358255846,"segment_second_lat":34.1649305747,"segment_second_lon":-118.3576409706,"segment_sequence":310002,"segment_id":16,"segment_len_meter":56.571952033521,"segment_cum_len":12606.711805160523}
{"route_id":"183","segment_first_lat":34.1649305747,"segment_first_lon":-118.3576409706,"segment_second_lat":34.1649376043,"segment_second_lon":-118.3571219963,"segment_sequence":310003,"segment_id":16,"segment_len_meter":47.75483458123354,"segment_cum_len":12654.466639741757}
{"route_id":"183","segment_first_lat":34.1649376043,"segment_first_lon":-118.3571219963,"segment_second_lat":34.1649500104,"segment_second_lon":-118.356642714,"segment_sequence":310004,"segment_id":16,"segment_len_meter":44.11812616439501,"segment_cum_len":12698.584765906151}
{"route_id":"183","segment_first_lat":34.1649500104,"segment_first_lon":-118.356642714,"segment_second_lat":34.1649672285,"segment_second_lon":-118.3563948554,"segment_sequence":310005,"segment_id":16,"segment_len_meter":22.884551258648447,"segment_cum_len":12721.4693171648}
{"route_id":"183","segment_first_lat":34.1649672285,"segment_first_lon":-118.3563948554,"segment_second_lat":34.1649820097,"segment_second_lon":-118.3560412019,"segment_sequence":310006,"segment_id":16,"segment_len_meter":32.579500452202595,"segment_cum_len":12754.048817617002}
{"route_id":"183","segment_first_lat":34.1649820097,"segment_first_lon":-118.3560412019,"segment_second_lat":34.1649940518,"segment_second_lon":-118.3556842309,"segment_sequence":310007,"segment_id":16,"segment_len_meter":32.87052258754951,"segment_cum_len":12786.919340204551}
{"route_id":"183","segment_first_lat":34.1649940518,"segment_first_lon":-118.3556842309,"segment_second_lat":34.1650165207,"segment_second_lon":-118.3555190384,"segment_sequence":310008,"segment_id":16,"segment_len_meter":15.4025726859088,"segment_cum_len":12802.32191289046}
{"route_id":"183","segment_first_lat":34.1650165207,"segment_first_lon":-118.3555190384,"segment_second_lat":34.1650388533,"segment_second_lon":-118.3554001259,"segment_sequence":310009,"segment_id":16,"segment_len_meter":11.218864670396032,"segment_cum_len":12813.540777560856}
{"route_id":"183","segment_first_lat":34.1650388533,"segment_first_lon":-118.3554001259,"segment_second_lat":34.165074896,"segment_second_lon":-118.3552911889,"segment_sequence":310010,"segment_id":16,"segment_len_meter":10.794362026113559,"segment_cum_len":12824.33513958697}
{"route_id":"183","segment_first_lat":34.165074896,"segment_first_lon":-118.3552911889,"segment_second_lat":34.1652033914,"segment_second_lon":-118.3549528938,"segment_sequence":310011,"segment_id":16,"segment_len_meter":34.247735285196974,"segment_cum_len":12858.582874872167}
{"route_id":"183","segment_first_lat":34.1652033914,"segment_first_lon":-118.3549528938,"segment_second_lat":34.1652604386,"segment_second_lon":-118.3548027235,"segment_sequence":320001,"segment_id":16,"segment_len_meter":15.20302370568257,"segment_cum_len":12873.78589857785}
{"route_id":"183","segment_first_lat":34.1652604386,"segment_first_lon":-118.3548027235,"segment_second_lat":34.1653352512,"segment_second_lon":-118.3545914715,"segment_sequence":320002,"segment_id":16,"segment_len_meter":21.141654980044983,"segment_cum_len":12894.927553557894}
{"route_id":"183","segment_first_lat":34.1653352512,"segment_first_lon":-118.3545914715,"segment_second_lat":34.1655375685,"segment_second_lon":-118.3540039006,"segment_sequence":320003,"segment_id":16,"segment_len_meter":58.55352580810493,"segment_cum_len":12953.481079366}
{"route_id":"183","segment_first_lat":34.1655375685,"segment_first_lon":-118.3540039006,"segment_second_lat":34.1658619183,"segment_second_lon":-118.3530300649,"segment_sequence":320004,"segment_id":16,"segment_len_meter":96.58385687632519,"segment_cum_len":13050.064936242325}
{"route_id":"183","segment_first_lat":34.1658619183,"segment_first_lon":-118.3530300649,"segment_second_lat":34.1661973094,"segment_second_lon":-118.3520364333,"segment_sequence":320005,"segment_id":16,"segment_len_meter":98.73261576776918,"segment_cum_len":13148.797552010094}
{"route_id":"183","segment_first_lat":34.1661973094,"segment_first_lon":-118.3520364333,"segment_second_lat":34.1665355073,"segment_second_lon":-118.3510196648,"segment_sequence":320006,"segment_id":16,"segment_len_meter":100.82246776317766,"segment_cum_len":13249.62001977327}
{"route_id":"183","segment_first_lat":34.1665355073,"segment_first_lon":-118.3510196648,"segment_second_lat":34.1666369708,"segment_second_lon":-118.3507126491,"segment_sequence":320007,"segment_id":16,"segment_len_meter":30.41637972437576,"segment_cum_len":13280.036399497647}
{"route_id":"183","segment_first_lat":34.1666369708,"segment_first_lon":-118.3507126491,"segment_second_lat":34.1668681723,"segment_second_lon":-118.3500127824,"segment_sequence":330001,"segment_id":17,"segment_len_meter":69.33261896338225,"segment_cum_len":13349.36901846103}
{"route_id":"183","segment_first_lat":34.1668681723,"segment_first_lon":-118.3500127824,"segment_second_lat":34.1672119348,"segment_second_lon":-118.3489662682,"segment_sequence":330002,"segment_id":17,"segment_len_meter":103.59272978837815,"segment_cum_len":13452.961748249407}
{"route_id":"183","segment_first_lat":34.1672119348,"segment_first_lon":-118.3489662682,"segment_second_lat":34.1675417873,"segment_second_lon":-118.3479758872,"segment_sequence":330003,"segment_id":17,"segment_len_meter":98.22279054578748,"segment_cum_len":13551.184538795194}
{"route_id":"183","segment_first_lat":34.1675417873,"segment_first_lon":-118.3479758872,"segment_second_lat":34.1678103452,"segment_second_lon":-118.3471799597,"segment_sequence":330004,"segment_id":17,"segment_len_meter":79.08214306557593,"segment_cum_len":13630.26668186077}
{"route_id":"183","segment_first_lat":34.1678103452,"segment_first_lon":-118.3471799597,"segment_second_lat":34.16788268,"segment_second_lon":-118.3469657089,"segment_sequence":340001,"segment_id":17,"segment_len_meter":21.289417120793452,"segment_cum_len":13651.556098981564}
{"route_id":"183","segment_first_lat":34.16788268,"segment_first_lon":-118.3469657089,"segment_second_lat":34.1682263216,"segment_second_lon":-118.345952228,"segment_sequence":340002,"segment_id":17,"segment_len_meter":100.7681314462515,"segment_cum_len":13752.324230427816}
{"route_id":"183","segment_first_lat":34.1682263216,"segment_first_lon":-118.345952228,"segment_second_lat":34.1685644401,"segment_second_lon":-118.3449453278,"segment_sequence":340003,"segment_id":17,"segment_len_meter":99.97525633577989,"segment_cum_len":13852.299486763595}
{"route_id":"183","segment_first_lat":34.1685644401,"segment_first_lon":-118.3449453278,"segment_second_lat":34.1685976689,"segment_second_lon":-118.3448562055,"segment_sequence":340004,"segment_id":17,"segment_len_meter":8.993436520977653,"segment_cum_len":13861.292923284573}
{"route_id":"183","segment_first_lat":34.1685976689,"segment_first_lon":-118.3448562055,"segment_second_lat":34.1688997741,"segment_second_lon":-118.3439483257,"segment_sequence":340005,"segment_id":17,"segment_len_meter":90.02813145090818,"segment_cum_len":13951.321054735481}
{"route_id":"183","segment_first_lat":34.1688997741,"segment_first_lon":-118.3439483257,"segment_second_lat":34.16919464,"segment_second_lon":-118.3430714853,"segment_sequence":340006,"segment_id":17,"segment_len_meter":87.07866744136636,"segment_cum_len":14038.399722176848}
{"route_id":"183","segment_first_lat":34.16919464,"segment_first_lon":-118.3430714853,"segment_second_lat":34.1692461851,"segment_second_lon":-118.3429183018,"segment_sequence":350001,"segment_id":18,"segment_len_meter":15.213913555484647,"segment_cum_len":14053.613635732332}
{"route_id":"183","segment_first_lat":34.1692461851,"segment_first_lon":-118.3429183018,"segment_second_lat":34.1695843158,"segment_second_lon":-118.3418981534,"segment_sequence":350002,"segment_id":18,"segment_len_meter":101.10513150334198,"segment_cum_len":14154.718767235674}
{"route_id":"183","segment_first_lat":34.1695843158,"segment_first_lon":-118.3418981534,"segment_second_lat":34.1699168769,"segment_second_lon":-118.3409011157,"segment_sequence":350003,"segment_id":18,"segment_len_meter":98.90101092800354,"segment_cum_len":14253.619778163678}
{"route_id":"183","segment_first_lat":34.1699168769,"segment_first_lon":-118.3409011157,"segment_second_lat":34.1702577662,"segment_second_lon":-118.3398710443,"segment_sequence":350004,"segment_id":18,"segment_len_meter":102.06596436981202,"segment_cum_len":14355.685742533491}
{"route_id":"183","segment_first_lat":34.1702577662,"segment_first_lon":-118.3398710443,"segment_second_lat":34.1705420949,"segment_second_lon":-118.3390176051,"segment_sequence":350005,"segment_id":18,"segment_len_meter":84.64228732019707,"segment_cum_len":14440.328029853688}
{"route_id":"183","segment_first_lat":34.1705420949,"segment_first_lon":-118.3390176051,"segment_second_lat":34.1705930863,"segment_second_lon":-118.3388640838,"segment_sequence":360001,"segment_id":18,"segment_len_meter":15.219452882008987,"segment_cum_len":14455.547482735697}
{"route_id":"183","segment_first_lat":34.1705930863,"segment_first_lon":-118.3388640838,"segment_second_lat":34.1709339213,"segment_second_lon":-118.3378472196,"segment_sequence":360002,"segment_id":18,"segment_len_meter":100.93585107094111,"segment_cum_len":14556.483333806638}
{"route_id":"183","segment_first_lat":34.1709339213,"segment_first_lon":-118.3378472196,"segment_second_lat":34.1712719816,"segment_second_lon":-118.336836948,"segment_sequence":360003,"segment_id":18,"segment_len_meter":100.25753914804726,"segment_cum_len":14656.740872954686}
{"route_id":"183","segment_first_lat":34.1712719816,"segment_first_lon":-118.336836948,"segment_second_lat":34.1716183504,"segment_second_lon":-118.3358002534,"segment_sequence":360004,"segment_id":18,"segment_len_meter":102.85713441665983,"segment_cum_len":14759.598007371345}
{"route_id":"183","segment_first_lat":34.1716183504,"segment_first_lon":-118.3358002534,"segment_second_lat":34.1719217579,"segment_second_lon":-118.3348936359,"segment_sequence":360005,"segment_id":18,"segment_len_meter":89.97182649987204,"segment_cum_len":14849.569833871217}
{"route_id":"183","segment_first_lat":34.1719217579,"segment_first_lon":-118.3348936359,"segment_second_lat":34.1719730179,"segment_second_lon":-118.3347404413,"segment_sequence":370001,"segment_id":19,"segment_len_meter":15.202523479786048,"segment_cum_len":14864.772357351003}
{"route_id":"183","segment_first_lat":34.1719730179,"segment_first_lon":-118.3347404413,"segment_second_lat":34.172324901,"segment_second_lon":-118.3336905272,"segment_sequence":370002,"segment_id":19,"segment_len_meter":104.21373896661194,"segment_cum_len":14968.986096317614}
{"route_id":"183","segment_first_lat":34.172324901,"segment_first_lon":-118.3336905272,"segment_second_lat":34.1724302221,"segment_second_lon":-118.3333636485,"segment_sequence":370003,"segment_id":19,"segment_len_meter":32.27187475276938,"segment_cum_len":15001.257971070383}
{"route_id":"183","segment_first_lat":34.1724302221,"segment_first_lon":-118.3333636485,"segment_second_lat":34.1724412773,"segment_second_lon":-118.3333405503,"segment_sequence":370004,"segment_id":19,"segment_len_meter":2.454920172710244,"segment_cum_len":15003.712891243093}
{"route_id":"183","segment_first_lat":34.1724412773,"segment_first_lon":-118.3333405503,"segment_second_lat":34.1726629447,"segment_second_lon":-118.3326736099,"segment_sequence":370005,"segment_id":19,"segment_len_meter":66.12237148854798,"segment_cum_len":15069.83526273164}
{"route_id":"183","segment_first_lat":34.1726629447,"segment_first_lon":-118.3326736099,"segment_second_lat":34.1730037821,"segment_second_lon":-118.331636859,"segment_sequence":370006,"segment_id":19,"segment_len_meter":102.63176636518469,"segment_cum_len":15172.467029096824}
{"route_id":"183","segment_first_lat":34.1730037821,"segment_first_lon":-118.331636859,"segment_second_lat":34.1732911205,"segment_second_lon":-118.3307668454,"segment_sequence":370007,"segment_id":19,"segment_len_meter":86.17973048439887,"segment_cum_len":15258.646759581223}
{"route_id":"183","segment_first_lat":34.1732911205,"segment_first_lon":-118.3307668454,"segment_second_lat":34.1733418266,"segment_second_lon":-118.330613313,"segment_sequence":380001,"segment_id":19,"segment_len_meter":15.208183832876244,"segment_cum_len":15273.854943414099}
{"route_id":"183","segment_first_lat":34.1733418266,"segment_first_lon":-118.330613313,"segment_second_lat":34.1736825563,"segment_second_lon":-118.3296096059,"segment_sequence":380002,"segment_id":19,"segment_len_meter":99.8077837719785,"segment_cum_len":15373.662727186078}
{"route_id":"183","segment_first_lat":34.1736825563,"segment_first_lon":-118.3296096059,"segment_second_lat":34.1740205746,"segment_second_lon":-118.3285893495,"segment_sequence":380003,"segment_id":19,"segment_len_meter":101.10512814033144,"segment_cum_len":15474.767855326409}
{"route_id":"183","segment_first_lat":34.1740205746,"segment_first_lon":-118.3285893495,"segment_second_lat":34.1743668638,"segment_second_lon":-118.3275558927,"segment_sequence":380004,"segment_id":19,"segment_len_meter":102.57480073151883,"segment_cum_len":15577.342656057928}
{"route_id":"183","segment_first_lat":34.1743668638,"segment_first_lon":-118.3275558927,"segment_second_lat":34.1746496619,"segment_second_lon":-118.3267281519,"segment_sequence":380005,"segment_id":19,"segment_len_meter":82.38536482785688,"segment_cum_len":15659.728020885785}
{"route_id":"183","segment_first_lat":34.1746496619,"segment_first_lon":-118.3267281519,"segment_second_lat":34.1747020099,"segment_second_lon":-118.3265752822,"segment_sequence":390001,"segment_id":20,"segment_len_meter":15.220252405070429,"segment_cum_len":15674.948273290855}
{"route_id":"183","segment_first_lat":34.1747020099,"segment_first_lon":-118.3265752822,"segment_second_lat":34.1749124881,"segment_second_lon":-118.325967773,"segment_sequence":390002,"segment_id":20,"segment_len_meter":60.590219937661374,"segment_cum_len":15735.538493228516}
{"route_id":"183","segment_first_lat":34.1749124881,"segment_first_lon":-118.325967773,"segment_second_lat":34.1750510119,"segment_second_lon":-118.3255484316,"segment_sequence":390003,"segment_id":20,"segment_len_meter":41.538511338534974,"segment_cum_len":15777.07700456705}
{"route_id":"183","segment_first_lat":34.1750510119,"segment_first_lon":-118.3255484316,"segment_second_lat":34.1753834471,"segment_second_lon":-118.3245479574,"segment_sequence":390004,"segment_id":20,"segment_len_meter":99.1835581406623,"segment_cum_len":15876.260562707714}
{"route_id":"183","segment_first_lat":34.1753834471,"segment_first_lon":-118.3245479574,"segment_second_lat":34.1757241971,"segment_second_lon":-118.3235177519,"segment_sequence":390005,"segment_id":20,"segment_len_meter":102.06596822001772,"segment_cum_len":15978.326530927732}
{"route_id":"183","segment_first_lat":34.1757241971,"segment_first_lon":-118.3235177519,"segment_second_lat":34.1758073047,"segment_second_lon":-118.3232668036,"segment_sequence":390006,"segment_id":20,"segment_len_meter":24.866549682276204,"segment_cum_len":16003.193080610008}
{"route_id":"183","segment_first_lat":34.1758073047,"segment_first_lon":-118.3232668036,"segment_second_lat":34.1760147155,"segment_second_lon":-118.3226698461,"segment_sequence":390007,"segment_id":20,"segment_len_meter":59.562479772595395,"segment_cum_len":16062.755560382604}
{"route_id":"183","segment_first_lat":34.1760147155,"segment_first_lon":-118.3226698461,"segment_second_lat":34.176067607,"segment_second_lon":-118.3225173041,"segment_sequence":400001,"segment_id":20,"segment_len_meter":15.215449744003925,"segment_cum_len":16077.971010126608}
{"route_id":"183","segment_first_lat":34.176067607,"segment_first_lon":-118.3225173041,"segment_second_lat":34.1762061012,"segment_second_lon":-118.3221045634,"segment_sequence":400002,"segment_id":20,"segment_len_meter":40.973474966336056,"segment_cum_len":16118.944485092945}
{"route_id":"183","segment_first_lat":34.1762061012,"segment_first_lon":-118.3221045634,"segment_second_lat":34.176400061,"segment_second_lon":-118.3215002748,"segment_sequence":400003,"segment_id":20,"segment_len_meter":59.627465032445336,"segment_cum_len":16178.57195012539}
{"route_id":"183","segment_first_lat":34.176400061,"segment_first_lon":-118.3215002748,"segment_second_lat":34.1766106804,"segment_second_lon":-118.3208299231,"segment_sequence":400004,"segment_id":20,"segment_len_meter":65.96491829214736,"segment_cum_len":16244.536868417537}
{"route_id":"183","segment_first_lat":34.1766106804,"segment_first_lon":-118.3208299231,"segment_second_lat":34.1767269933,"segment_second_lon":-118.3204898288,"segment_sequence":400005,"segment_id":20,"segment_len_meter":33.85405195026329,"segment_cum_len":16278.390920367801}
{"route_id":"183","segment_first_lat":34.1767269933,"segment_first_lon":-118.3204898288,"segment_second_lat":34.176870985,"segment_second_lon":-118.3200737964,"segment_sequence":400006,"segment_id":20,"segment_len_meter":41.4860338835034,"segment_cum_len":16319.876954251306}
{"route_id":"183","segment_first_lat":34.176870985,"segment_first_lon":-118.3200737964,"segment_second_lat":34.1770868564,"segment_second_lon":-118.3194927257,"segment_sequence":400007,"segment_id":20,"segment_len_meter":58.59619468076762,"segment_cum_len":16378.473148932073}
{"route_id":"183","segment_first_lat":34.1770868564,"segment_first_lon":-118.3194927257,"segment_second_lat":34.1771477546,"segment_second_lon":-118.3193243404,"segment_sequence":400008,"segment_id":20,"segment_len_meter":16.90556125719409,"segment_cum_len":16395.378710189267}
{"route_id":"183","segment_first_lat":34.1771477546,"segment_first_lon":-118.3193243404,"segment_second_lat":34.1772114702,"segment_second_lon":-118.3191295157,"segment_sequence":400009,"segment_id":20,"segment_len_meter":19.271865543432817,"segment_cum_len":16414.6505757327}
{"route_id":"183","segment_first_lat":34.1772114702,"segment_first_lon":-118.3191295157,"segment_second_lat":34.1773944325,"segment_second_lon":-118.3185218648,"segment_sequence":400010,"segment_id":20,"segment_len_meter":59.486071680780285,"segment_cum_len":16474.13664741348}
{"route_id":"183","segment_first_lat":34.1773944325,"segment_first_lon":-118.3185218648,"segment_second_lat":34.1774055144,"segment_second_lon":-118.3184875221,"segment_sequence":400011,"segment_id":20,"segment_len_meter":3.3910595789572118,"segment_cum_len":16477.527706992438}
{"route_id":"183","segment_first_lat":34.1774055144,"segment_first_lon":-118.3184875221,"segment_second_lat":34.1774553815,"segment_second_lon":-118.3183336409,"segment_sequence":410001,"segment_id":21,"segment_len_meter":15.20307502249766,"segment_cum_len":16492.730782014936}
{"route_id":"183","segment_first_lat":34.1774553815,"segment_first_lon":-118.3183336409,"segment_second_lat":34.17577024,"segment_second_lon":-118.3175502663,"segment_sequence":410002,"segment_id":21,"segment_len_meter":200.75926613059337,"segment_cum_len":16693.49004814553}
{"route_id":"183","segment_first_lat":34.17577024,"segment_first_lon":-118.3175502663,"segment_second_lat":34.1748865058,"segment_second_lon":-118.3171369447,"segment_sequence":410003,"segment_id":21,"segment_len_meter":105.36657373367392,"segment_cum_len":16798.856621879204}
{"route_id":"183","segment_first_lat":34.1748865058,"segment_first_lon":-118.3171369447,"segment_second_lat":34.1740027963,"segment_second_lon":-118.3167137135,"segment_sequence":410004,"segment_id":21,"segment_len_meter":105.69656348496453,"segment_cum_len":16904.55318536417}
{"route_id":"183","segment_first_lat":34.1740027963,"segment_first_lon":-118.3167137135,"segment_second_lat":34.1735225185,"segment_second_lon":-118.3164837722,"segment_sequence":410005,"segment_id":21,"segment_len_meter":57.44137679357846,"segment_cum_len":16961.99456215775}
{"route_id":"183","segment_first_lat":34.1735225185,"segment_first_lon":-118.3164837722,"segment_second_lat":34.1737291795,"segment_second_lon":-118.3162660217,"segment_sequence":410006,"segment_id":21,"segment_len_meter":30.48527357954104,"segment_cum_len":16992.47983573729}
{"route_id":"183","segment_first_lat":34.1737291795,"segment_first_lon":-118.3162660217,"segment_second_lat":34.1754582254,"segment_second_lon":-118.3144449153,"segment_sequence":420001,"segment_id":21,"segment_len_meter":255.0126721439998,"segment_cum_len":17247.49250788129}
{"route_id":"183","segment_first_lat":34.1754582254,"segment_first_lon":-118.3144449153,"segment_second_lat":34.1755615545,"segment_second_lon":-118.3143358698,"segment_sequence":430001,"segment_id":22,"segment_len_meter":15.252668641287686,"segment_cum_len":17262.745176522578}
{"route_id":"183","segment_first_lat":34.1755615545,"segment_first_lon":-118.3143358698,"segment_second_lat":34.1758288267,"segment_second_lon":-118.3140558496,"segment_sequence":430002,"segment_id":22,"segment_len_meter":39.32962681359717,"segment_cum_len":17302.074803336174}
{"route_id":"183","segment_first_lat":34.1758288267,"segment_first_lon":-118.3140558496,"segment_second_lat":34.1763164842,"segment_second_lon":-118.3135617519,"segment_sequence":430003,"segment_id":22,"segment_len_meter":70.75584678652083,"segment_cum_len":17372.830650122694}
{"route_id":"183","segment_first_lat":34.1763164842,"segment_first_lon":-118.3135617519,"segment_second_lat":34.1772284387,"segment_second_lon":-118.3126328146,"segment_sequence":430004,"segment_id":22,"segment_len_meter":132.61039641208274,"segment_cum_len":17505.441046534776}
{"route_id":"183","segment_first_lat":34.1772284387,"segment_first_lon":-118.3126328146,"segment_second_lat":34.177520506,"segment_second_lon":-118.312326426,"segment_sequence":430005,"segment_id":22,"segment_len_meter":43.00145372490257,"segment_cum_len":17548.442500259676}
{"route_id":"183","segment_first_lat":34.177520506,"segment_first_lon":-118.312326426,"segment_second_lat":34.1781818084,"segment_second_lon":-118.3116246609,"segment_sequence":430006,"segment_id":22,"segment_len_meter":97.8503290039563,"segment_cum_len":17646.29282926363}
{"route_id":"183","segment_first_lat":34.1781818084,"segment_first_lon":-118.3116246609,"segment_second_lat":34.1785152101,"segment_second_lon":-118.3112721312,"segment_sequence":430007,"segment_id":22,"segment_len_meter":49.25492072971568,"segment_cum_len":17695.547749993348}
{"route_id":"183","segment_first_lat":34.1785152101,"segment_first_lon":-118.3112721312,"segment_second_lat":34.1787549287,"segment_second_lon":-118.3110184391,"segment_sequence":430008,"segment_id":22,"segment_len_meter":35.42799283090974,"segment_cum_len":17730.97574282426}
{"route_id":"183","segment_first_lat":34.1787549287,"segment_first_lon":-118.3110184391,"segment_second_lat":34.1788844265,"segment_second_lon":-118.3108833627,"segment_sequence":430009,"segment_id":22,"segment_len_meter":19.01956643368492,"segment_cum_len":17749.995309257945}
{"route_id":"183","segment_first_lat":34.1788844265,"segment_first_lon":-118.3108833627,"segment_second_lat":34.1790607736,"segment_second_lon":-118.310695559,"segment_sequence":430010,"segment_id":22,"segment_len_meter":26.133733365846666,"segment_cum_len":17776.129042623794}
{"route_id":"183","segment_first_lat":34.1790607736,"segment_first_lon":-118.310695559,"segment_second_lat":34.1791572034,"segment_second_lon":-118.3105967281,"segment_sequence":430011,"segment_id":22,"segment_len_meter":14.057971127955533,"segment_cum_len":17790.18701375175}
{"route_id":"183","segment_first_lat":34.1791572034,"segment_first_lon":-118.3105967281,"segment_second_lat":34.1797110497,"segment_second_lon":-118.3100036461,"segment_sequence":430012,"segment_id":22,"segment_len_meter":82.27518765209844,"segment_cum_len":17872.46220140385}
{"route_id":"183","segment_first_lat":34.1797110497,"segment_first_lon":-118.3100036461,"segment_second_lat":34.1806040544,"segment_second_lon":-118.3089522263,"segment_sequence":430013,"segment_id":22,"segment_len_meter":138.61654873829627,"segment_cum_len":18011.078750142147}
{"route_id":"183","segment_first_lat":34.1806040544,"segment_first_lon":-118.3089522263,"segment_second_lat":34.1807040702,"segment_second_lon":-118.3088474534,"segment_sequence":430014,"segment_id":22,"segment_len_meter":14.716346827033512,"segment_cum_len":18025.79509696918}
{"route_id":"183","segment_first_lat":34.1807040702,"segment_first_lon":-118.3088474534,"segment_second_lat":34.1808492722,"segment_second_lon":-118.3086952352,"segment_sequence":440001,"segment_id":22,"segment_len_meter":21.37166229858009,"segment_cum_len":18047.166759267762}
{"route_id":"183","segment_first_lat":34.1808492722,"segment_first_lon":-118.3086952352,"segment_second_lat":34.1820395639,"segment_second_lon":-118.3074365768,"segment_sequence":440002,"segment_id":22,"segment_len_meter":175.8489706300824,"segment_cum_len":18223.015729897845}
{"route_id":"183","segment_first_lat":34.1820395639,"segment_first_lon":-118.3074365768,"segment_second_lat":34.1830521258,"segment_second_lon":-118.306366692,"segment_sequence":440003,"segment_id":22,"segment_len_meter":149.5404359217515,"segment_cum_len":18372.556165819595}
{"route_id":"183","segment_first_lat":34.1830521258,"segment_first_lon":-118.306366692,"segment_second_lat":34.1831967761,"segment_second_lon":-118.3062141326,"segment_sequence":450001,"segment_id":23,"segment_len_meter":21.345719423580995,"segment_cum_len":18393.901885243176}
{"route_id":"183","segment_first_lat":34.1831967761,"segment_first_lon":-118.3062141326,"segment_second_lat":34.1824574117,"segment_second_lon":-118.3051996492,"segment_sequence":450002,"segment_id":23,"segment_len_meter":124.36780259179513,"segment_cum_len":18518.26968783497}
{"route_id":"183","segment_first_lat":34.1824574117,"segment_first_lon":-118.3051996492,"segment_second_lat":34.181737199,"segment_second_lon":-118.3042150113,"segment_sequence":450003,"segment_id":23,"segment_len_meter":120.90086899034324,"segment_cum_len":18639.170556825313}
{"route_id":"183","segment_first_lat":34.181737199,"segment_first_lon":-118.3042150113,"segment_second_lat":34.1811311751,"segment_second_lon":-118.3033858749,"segment_sequence":450004,"segment_id":23,"segment_len_meter":101.77479249433988,"segment_cum_len":18740.945349319652}
{"route_id":"183","segment_first_lat":34.1811311751,"segment_first_lon":-118.3033858749,"segment_second_lat":34.1810224575,"segment_second_lon":-118.3032370231,"segment_sequence":460001,"segment_id":23,"segment_len_meter":18.265434730326938,"segment_cum_len":18759.21078404998}
{"route_id":"183","segment_first_lat":34.1810224575,"segment_first_lon":-118.3032370231,"segment_second_lat":34.1805954029,"segment_second_lon":-118.3036884462,"segment_sequence":460002,"segment_id":23,"segment_len_meter":63.081855320028275,"segment_cum_len":18822.29263937001}
{"route_id":"183","segment_first_lat":34.1805954029,"segment_first_lon":-118.3036884462,"segment_second_lat":34.1798598296,"segment_second_lon":-118.3044396188,"segment_sequence":460003,"segment_id":23,"segment_len_meter":107.07316665750935,"segment_cum_len":18929.36580602752}
{"route_id":"183","segment_first_lat":34.1798598296,"segment_first_lon":-118.3044396188,"segment_second_lat":34.1796504521,"segment_second_lon":-118.3046534371,"segment_sequence":460004,"segment_id":23,"segment_len_meter":30.47797884644002,"segment_cum_len":18959.84378487396}
{"route_id":"183","segment_first_lat":34.1796504521,"segment_first_lon":-118.3046534371,"segment_second_lat":34.1786503927,"segment_second_lon":-118.3056750729,"segment_sequence":470001,"segment_id":24,"segment_len_meter":145.5955157371941,"segment_cum_len":19105.439300611153}
{"route_id":"183","segment_first_lat":34.1786503927,"segment_first_lon":-118.3056750729,"segment_second_lat":34.1774354306,"segment_second_lon":-118.3069170834,"segment_sequence":470002,"segment_id":24,"segment_len_meter":176.93311247394573,"segment_cum_len":19282.3724130851}
{"route_id":"183","segment_first_lat":34.1774354306,"segment_first_lon":-118.3069170834,"segment_second_lat":34.1777424143,"segment_second_lon":-118.3073321551,"segment_sequence":470003,"segment_id":24,"segment_len_meter":51.21669909726021,"segment_cum_len":19333.589112182362}
{"route_id":"183","segment_first_lat":34.1777424143,"segment_first_lon":-118.3073321551,"segment_second_lat":34.178114297,"segment_second_lon":-118.307835416,"segment_sequence":480001,"segment_id":24,"segment_len_meter":62.07435691136915,"segment_cum_len":19395.66346909373}
