{"route_id":"744","segment_first_lat":34.154562952,"segment_first_lon":-118.466164025,"segment_second_lat":34.154792146,"segment_second_lon":-118.4661590233,"segment_sequence":10001,"segment_id":1,"segment_len_meter":25.489365426401122,"segment_cum_len":25.489365426401122}
{"route_id":"744","segment_first_lat":34.154792146,"segment_first_lon":-118.4661590233,"segment_second_lat":34.155204373,"segment_second_lon":-118.4661481014,"segment_sequence":10002,"segment_id":1,"segment_len_meter":45.848566967545814,"segment_cum_len":71.33793239394694}
{"route_id":"744","segment_first_lat":34.155204373,"segment_first_lon":-118.4661481014,"segment_second_lat":34.1559160764,"segment_second_lon":-118.4661487662,"segment_sequence":10003,"segment_id":1,"segment_len_meter":79.13783099809474,"segment_cum_len":150.4757633920417}
{"route_id":"744","segment_first_lat":34.1559160764,"segment_first_lon":-118.4661487662,"segment_second_lat":34.1575977928,"segment_second_lon":-118.4661482313,"segment_sequence":10004,"segment_id":1,"segment_len_meter":186.99833821219332,"segment_cum_len":337.474101604235}
{"route_id":"744","segment_first_lat":34.1575977928,"segment_first_lon":-118.4661482313,"segment_second_lat":34.1585347809,"segment_second_lon":-118.4661600695,"segment_sequence":10005,"segment_id":1,"segment_len_meter":104.19401691854665,"segment_cum_len":441.66811852278164}
{"route_id":"744","segment_first_lat":34.1585347809,"segment_first_lon":-118.4661600695,"segment_second_lat":34.15903214,"segment_second_lon":-118.4661628441,"segment_sequence":10006,"segment_id":1,"segment_len_meter":55.304397895805174,"segment_cum_len":496.9725164185868}
{"route_id":"744","segment_first_lat":34.15903214,"segment_first_lon":-118.4661628441,"segment_second_lat":34.1593206632,"segment_second_lon":-118.4661644538,"segment_sequence":10007,"segment_id":1,"segment_len_meter":32.08265794223104,"segment_cum_len":529.0551743608178}
{"route_id":"744","segment_first_lat":34.1593206632,"segment_first_lon":-118.4661644538,"segment_second_lat":34.1596778952,"segment_second_lon":-118.4661631412,"segment_sequence":10008,"segment_id":1,"segment_len_meter":39.7225696384915,"segment_cum_len":568.7777439993092}
{"route_id":"744","segment_first_lat":34.1596778952,"segment_first_lon":-118.4661631412,"segment_second_lat":34.1600241486,"segment_second_lon":-118.4661584617,"segment_sequence":10009,"segment_id":1,"segment_len_meter":38.504028852439646,"segment_cum_len":607.2817728517489}
{"route_id":"744","segment_first_lat":34.1600241486,"segment_first_lon":-118.4661584617,"segment_second_lat":34.1603099495,"segment_second_lon":-118.466153445,"segment_sequence":10010,"segment_id":1,"segment_len_meter":31.78296215967457,"segment_cum_len":639.0647350114234}
{"route_id":"744","segment_first_lat":34.1603099495,"segment_first_lon":-118.466153445,"segment_second_lat":34.1609199956,"segment_second_lon":-118.4661502371,"segment_sequence":10011,"segment_id":1,"segment_len_meter":67.83467348420056,"segment_cum_len":706.899408495624}
{"route_id":"744","segment_first_lat":34.1609199956,"segment_first_lon":-118.4661502371,"segment_second_lat":34.1613293983,"segment_second_lon":-118.4661591324,"segment_sequence":10012,"segment_id":1,"segment_len_meter":45.53085994888801,"segment_cum_len":752.430268444512}
{"route_id":"744","segment_first_lat":34.1613293983,"segment_first_lon":-118.4661591324,"segment_second_lat":34.1615327257,"segment_second_lon":-118.4661635724,"segment_sequence":10013,"segment_id":1,"segment_len_meter":22.61266580308226,"segment_cum_len":775.0429342475942}
{"route_id":"744","segment_first_lat":34.1615327257,"segment_first_lon":-118.4661635724,"segment_second_lat":34.1618130055,"segment_second_lon":-118.4661651361,"segment_sequence":10014,"segment_id":1,"segment_len_meter":31.16602389281416,"segment_cum_len":806.2089581404083}
{"route_id":"744","segment_first_lat":34.1618130055,"segment_first_lon":-118.4661651361,"segment_second_lat":34.1621482548,"segment_second_lon":-118.4661637008,"segment_sequence":10015,"segment_id":1,"segment_len_meter":37.2782552362839,"segment_cum_len":843.4872133766922}
{"route_id":"744","segment_first_lat":34.1621482548,"segment_first_lon":-118.4661637008,"segment_second_lat":34.1630495719,"segment_second_lon":-118.4661621179,"segment_sequence":10016,"segment_id":1,"segment_len_meter":100.22199463670435,"segment_cum_len":943.7092080133966}
{"route_id":"744","segment_first_lat":34.1630495719,"segment_first_lon":-118.4661621179,"segment_second_lat":34.1639563848,"segment_second_lon":-118.4661605657,"segment_sequence":10017,"segment_id":1,"segment_len_meter":100.83309503200941,"segment_cum_len":1044.542303045406}
{"route_id":"744","segment_first_lat":34.1639563848,"segment_first_lon":-118.4661605657,"segment_second_lat":34.1648659328,"segment_second_lon":-118.4661623345,"segment_sequence":10018,"segment_id":1,"segment_len_meter":101.13725407206103,"segment_cum_len":1145.679557117467}
{"route_id":"744","segment_first_lat":34.1648659328,"segment_first_lon":-118.4661623345,"segment_second_lat":34.1648669531,"segment_second_lon":-118.4651838316,"segment_sequence":10019,"segment_id":1,"segment_len_meter":90.02769241944972,"segment_cum_len":1235.7072495369168}
{"route_id":"744","segment_first_lat":34.1648669531,"segment_first_lon":-118.4651838316,"segment_second_lat":34.164866055,"segment_second_lon":-118.4639871371,"segment_sequence":10020,"segment_id":1,"segment_len_meter":110.10248723482421,"segment_cum_len":1345.809736771741}
{"route_id":"744","segment_first_lat":34.164866055,"segment_first_lon":-118.4639871371,"segment_second_lat":34.1648649807,"segment_second_lon":-118.4635507693,"segment_sequence":10021,"segment_id":1,"segment_len_meter":40.148403455787275,"segment_cum_len":1385.9581402275282}
{"route_id":"744","segment_first_lat":34.1648649807,"segment_first_lon":-118.4635507693,"segment_second_lat":34.1648619417,"segment_second_lon":-118.4629094327,"segment_sequence":10022,"segment_id":1,"segment_len_meter":59.00744612955785,"segment_cum_len":1444.965586357086}
{"route_id":"744","segment_first_lat":34.1648619417,"segment_first_lon":-118.4629094327,"segment_second_lat":34.1648661886,"segment_second_lon":-118.461798717,"segment_sequence":10023,"segment_id":1,"segment_len_meter":102.19301595120426,"segment_cum_len":1547.1586023082903}
{"route_id":"744","segment_first_lat":34.1648661886,"segment_first_lon":-118.461798717,"segment_second_lat":34.1648677152,"segment_second_lon":-118.4606780689,"segment_sequence":10024,"segment_id":1,"segment_len_meter":103.10589623228486,"segment_cum_len":1650.264498540575}
{"route_id":"744","segment_first_lat":34.1648677152,"segment_first_lon":-118.4606780689,"segment_second_lat":34.1648635222,"segment_second_lon":-118.4596135874,"segment_sequence":10025,"segment_id":1,"segment_len_meter":97.93923332023815,"segment_cum_len":1748.2037318608131}
{"route_id":"744","segment_first_lat":34.1648635222,"segment_first_lon":-118.4596135874,"segment_second_lat":34.1648564842,"segment_second_lon":-118.4585722309,"segment_sequence":10026,"segment_id":1,"segment_len_meter":95.81369944554241,"segment_cum_len":1844.0174313063555}
{"route_id":"744","segment_first_lat":34.1648564842,"segment_first_lon":-118.4585722309,"segment_second_lat":34.1648635516,"segment_second_lon":-118.4574317787,"segment_sequence":10027,"segment_id":1,"segment_len_meter":104.93079347936325,"segment_cum_len":1948.9482247857188}
{"route_id":"744","segment_first_lat":34.1648635516,"segment_first_lon":-118.4574317787,"segment_second_lat":34.1639677802,"segment_second_lon":-118.4574202632,"segment_sequence":10028,"segment_id":1,"segment_len_meter":99.61086984358784,"segment_cum_len":2048.559094629307}
{"route_id":"744","segment_first_lat":34.1639677802,"segment_first_lon":-118.4574202632,"segment_second_lat":34.1636462702,"segment_second_lon":-118.4574218088,"segment_sequence":10029,"segment_id":1,"segment_len_meter":35.75056369265183,"segment_cum_len":2084.3096583219585}
{"route_id":"744","segment_first_lat":34.1636462702,"segment_first_lon":-118.4574218088,"segment_second_lat":34.1633054879,"segment_second_lon":-118.457433166,"segment_sequence":10030,"segment_id":1,"segment_len_meter":37.907667729810996,"segment_cum_len":2122.2173260517693}
{"route_id":"744","segment_first_lat":34.1633054879,"segment_first_lon":-118.457433166,"segment_second_lat":34.163077417,"segment_second_lon":-118.4574319174,"segment_sequence":10031,"segment_id":1,"segment_len_meter":25.36058719341507,"segment_cum_len":2147.5779132451844}
{"route_id":"744","segment_first_lat":34.163077417,"segment_first_lon":-118.4574319174,"segment_second_lat":34.1630197123,"segment_second_lon":-118.4574316015,"segment_sequence":10032,"segment_id":1,"segment_len_meter":6.416535712252811,"segment_cum_len":2153.9944489574373}
{"route_id":"744","segment_first_lat":34.1630197123,"segment_first_lon":-118.4574316015,"segment_second_lat":34.1621459112,"segment_second_lon":-118.4574235122,"segment_sequence":10033,"segment_id":1,"segment_len_meter":97.16509983265702,"segment_cum_len":2251.1595487900945}
{"route_id":"744","segment_first_lat":34.1621459112,"segment_first_lon":-118.4574235122,"segment_second_lat":34.1614946853,"segment_second_lon":-118.4574166415,"segment_sequence":10034,"segment_id":1,"segment_len_meter":72.41577552276202,"segment_cum_len":2323.5753243128565}
{"route_id":"744","segment_first_lat":34.1614946853,"segment_first_lon":-118.4574166415,"segment_second_lat":34.1612308675,"segment_second_lon":-118.4574218085,"segment_sequence":10035,"segment_id":1,"segment_len_meter":29.33905297520662,"segment_cum_len":2352.914377288063}
{"route_id":"744","segment_first_lat":34.1612308675,"segment_first_lon":-118.4574218085,"segment_second_lat":34.1603268026,"segment_second_lon":-118.4574234705,"segment_sequence":10036,"segment_id":1,"segment_len_meter":100.52754654791634,"segment_cum_len":2453.441923835979}
{"route_id":"744","segment_first_lat":34.1603268026,"segment_first_lon":-118.4574234705,"segment_second_lat":34.1596645353,"segment_second_lon":-118.4574297618,"segment_sequence":10037,"segment_id":1,"segment_len_meter":73.64303895622815,"segment_cum_len":2527.0849627922075}
{"route_id":"744","segment_first_lat":34.1596645353,"segment_first_lon":-118.4574297618,"segment_second_lat":34.1594364644,"segment_second_lon":-118.4574285132,"segment_sequence":10038,"segment_id":1,"segment_len_meter":25.360587215857297,"segment_cum_len":2552.445550008065}
{"route_id":"744","segment_first_lat":34.1594364644,"segment_first_lon":-118.4574285132,"segment_second_lat":34.1592578422,"segment_second_lon":-118.457430841,"segment_sequence":10039,"segment_id":1,"segment_len_meter":19.863037241429858,"segment_cum_len":2572.308587249495}
{"route_id":"744","segment_first_lat":34.1592578422,"segment_first_lon":-118.457430841,"segment_second_lat":34.1590050408,"segment_second_lon":-118.457429457,"segment_sequence":10040,"segment_id":1,"segment_len_meter":28.11052157307889,"segment_cum_len":2600.419108822574}
{"route_id":"744","segment_first_lat":34.1590050408,"segment_first_lon":-118.457429457,"segment_second_lat":34.1586176077,"segment_second_lon":-118.4574240306,"segment_sequence":10041,"segment_id":1,"segment_len_meter":43.0834883901449,"segment_cum_len":2643.5025972127187}
{"route_id":"744","segment_first_lat":34.1586176077,"segment_first_lon":-118.4574240306,"segment_second_lat":34.1584197631,"segment_second_lon":-118.4574229475,"segment_sequence":10042,"segment_id":1,"segment_len_meter":21.999541513788344,"segment_cum_len":2665.502138726507}
{"route_id":"744","segment_first_lat":34.1584197631,"segment_first_lon":-118.4574229475,"segment_second_lat":34.1580955303,"segment_second_lon":-118.4574178671,"segment_sequence":10043,"segment_id":1,"segment_len_meter":36.056072818360654,"segment_cum_len":2701.5582115448674}
{"route_id":"744","segment_first_lat":34.1580955303,"segment_first_lon":-118.4574178671,"segment_second_lat":34.1576119352,"segment_second_lon":-118.4574086089,"segment_sequence":10044,"segment_id":1,"segment_len_meter":53.78006894610605,"segment_cum_len":2755.3382804909734}
{"route_id":"744","segment_first_lat":34.1576119352,"segment_first_lon":-118.4574086089,"segment_second_lat":34.1565292732,"segment_second_lon":-118.457405988,"segment_sequence":10045,"segment_id":1,"segment_len_meter":120.38676321719036,"segment_cum_len":2875.725043708164}
{"route_id":"744","segment_first_lat":34.1565292732,"segment_first_lon":-118.457405988,"segment_second_lat":34.1563204123,"segment_second_lon":-118.4574114556,"segment_sequence":10046,"segment_id":1,"segment_len_meter":23.22972105021281,"segment_cum_len":2898.9547647583768}
{"route_id":"744","segment_first_lat":34.1563204123,"segment_first_lon":-118.4574114556,"segment_second_lat":34.1558944844,"segment_second_lon":-118.4574124295,"segment_sequence":10047,"segment_id":1,"segment_len_meter":47.36110637626049,"segment_cum_len":2946.3158711346373}
{"route_id":"744","segment_first_lat":34.1558944844,"segment_first_lon":-118.4574124295,"segment_second_lat":34.1548613336,"segment_second_lon":-118.4573968581,"segment_sequence":10048,"segment_id":1,"segment_len_meter":114.89006221516864,"segment_cum_len":3061.205933349806}
{"route_id":"744","segment_first_lat":34.1548613336,"segment_first_lon":-118.4573968581,"segment_second_lat":34.1538171414,"segment_second_lon":-118.4573944479,"segment_sequence":10049,"segment_id":1,"segment_len_meter":116.10908689218907,"segment_cum_len":3177.315020241995}
{"route_id":"744","segment_first_lat":34.1538171414,"segment_first_lon":-118.4573944479,"segment_second_lat":34.1532757917,"segment_second_lon":-118.4573980955,"segment_sequence":10050,"segment_id":1,"segment_len_meter":60.19627593513254,"segment_cum_len":3237.511296177128}
{"route_id":"744","segment_first_lat":34.1532757917,"segment_first_lon":-118.4573980955,"segment_second_lat":34.1523716769,"segment_second_lon":-118.4574129784,"segment_sequence":10051,"segment_id":1,"segment_len_meter":100.54230641443124,"segment_cum_len":3338.053602591559}
{"route_id":"744","segment_first_lat":34.1523716769,"segment_first_lon":-118.4574129784,"segment_second_lat":34.1522292769,"segment_second_lon":-118.4565561338,"segment_sequence":10052,"segment_id":1,"segment_len_meter":80.42034489766603,"segment_cum_len":3418.473947489225}
{"route_id":"744","segment_first_lat":34.1522292769,"segment_first_lon":-118.4565561338,"segment_second_lat":34.1520116745,"segment_second_lon":-118.4552361453,"segment_sequence":10053,"segment_id":1,"segment_len_meter":123.85105729341777,"segment_cum_len":3542.3250047826427}
{"route_id":"744","segment_first_lat":34.1520116745,"segment_first_lon":-118.4552361453,"segment_second_lat":34.1516543436,"segment_second_lon":-118.4530692614,"segment_sequence":10054,"segment_id":1,"segment_len_meter":203.31622328763504,"segment_cum_len":3745.641228070278}
{"route_id":"744","segment_first_lat":34.1516543436,"segment_first_lon":-118.4530692614,"segment_second_lat":34.1513991346,"segment_second_lon":-118.4515078057,"segment_sequence":10055,"segment_id":1,"segment_len_meter":146.4606930530645,"segment_cum_len":3892.1019211233424}
{"route_id":"744","segment_first_lat":34.1513991346,"segment_first_lon":-118.4515078057,"segment_second_lat":34.1512969616,"segment_second_lon":-118.4509057012,"segment_sequence":10056,"segment_id":1,"segment_len_meter":56.558600222038265,"segment_cum_len":3948.660521345381}
{"route_id":"744","segment_first_lat":34.1512969616,"segment_first_lon":-118.4509057012,"segment_second_lat":34.1512136388,"segment_second_lon":-118.4504061619,"segment_sequence":10057,"segment_id":1,"segment_len_meter":46.89217783477628,"segment_cum_len":3995.552699180157}
{"route_id":"744","segment_first_lat":34.1512136388,"segment_first_lon":-118.4504061619,"segment_second_lat":34.1509471463,"segment_second_lon":-118.4489140718,"segment_sequence":10058,"segment_id":1,"segment_len_meter":140.46412135024767,"segment_cum_len":4136.016820530404}
{"route_id":"744","segment_first_lat":34.1509471463,"segment_first_lon":-118.4489140718,"segment_second_lat":34.1509150065,"segment_second_lon":-118.4486891443,"segment_sequence":10059,"segment_id":1,"segment_len_meter":21.00424108534314,"segment_cum_len":4157.021061615747}
{"route_id":"744","segment_first_lat":34.1509150065,"segment_first_lon":-118.4486891443,"segment_second_lat":34.1511925876,"segment_second_lon":-118.4486774138,"segment_sequence":10060,"segment_id":1,"segment_len_meter":30.884479746103366,"segment_cum_len":4187.905541361851}
{"route_id":"744","segment_first_lat":34.1511925876,"segment_first_lon":-118.4486774138,"segment_second_lat":34.1513077296,"segment_second_lon":-118.4486760488,"segment_sequence":10061,"segment_id":1,"segment_len_meter":12.80382237515533,"segment_cum_len":4200.709363737006}
{"route_id":"744","segment_first_lat":34.1513077296,"segment_first_lon":-118.4486760488,"segment_second_lat":34.1519153192,"segment_second_lon":-118.4486680732,"segment_sequence":20001,"segment_id":1,"segment_len_meter":67.56486713964809,"segment_cum_len":4268.274230876655}
{"route_id":"744","segment_first_lat":34.1519153192,"segment_first_lon":-118.4486680732,"segment_second_lat":34.1526544887,"segment_second_lon":-118.4486720418,"segment_sequence":20002,"segment_id":1,"segment_len_meter":82.19270960951135,"segment_cum_len":4350.466940486166}
{"route_id":"744","segment_first_lat":34.1526544887,"segment_first_lon":-118.4486720418,"segment_second_lat":34.1530254106,"segment_second_lon":-118.4486839492,"segment_sequence":20003,"segment_id":1,"segment_len_meter":41.25918506519378,"segment_cum_len":4391.7261255513595}
{"route_id":"744","segment_first_lat":34.1530254106,"segment_first_lon":-118.4486839492,"segment_second_lat":34.1547785218,"segment_second_lon":-118.4486966677,"segment_sequence":20004,"segment_id":1,"segment_len_meter":194.94058432693214,"segment_cum_len":4586.666709878292}
{"route_id":"744","segment_first_lat":34.1547785218,"segment_first_lon":-118.4486966677,"segment_second_lat":34.1554408008,"segment_second_lon":-118.4486870023,"segment_sequence":20005,"segment_id":1,"segment_len_meter":73.64743508668025,"segment_cum_len":4660.314144964972}
{"route_id":"744","segment_first_lat":34.1554408008,"segment_first_lon":-118.4486870023,"segment_second_lat":34.1560507728,"segment_second_lon":-118.4487034992,"segment_sequence":20006,"segment_id":1,"segment_len_meter":67.84277605330112,"segment_cum_len":4728.156921018273}
{"route_id":"744","segment_first_lat":34.1560507728,"segment_first_lon":-118.4487034992,"segment_second_lat":34.1565508556,"segment_second_lon":-118.4487127954,"segment_sequence":20007,"segment_id":1,"segment_len_meter":55.613249018343,"segment_cum_len":4783.770170036616}
{"route_id":"744","segment_first_lat":34.1565508556,"segment_first_lon":-118.4487127954,"segment_second_lat":34.1567541959,"segment_second_lon":-118.4487138873,"segment_sequence":20008,"segment_id":1,"segment_len_meter":22.61063296404146,"segment_cum_len":4806.380803000658}
{"route_id":"744","segment_first_lat":34.1567541959,"segment_first_lon":-118.4487138873,"segment_second_lat":34.1569026039,"segment_second_lon":-118.4487080734,"segment_sequence":20009,"segment_id":1,"segment_len_meter":16.51088546960892,"segment_cum_len":4822.891688470267}
{"route_id":"744","segment_first_lat":34.1569026039,"segment_first_lon":-118.4487080734,"segment_second_lat":34.1570894695,"segment_second_lon":-118.4487057713,"segment_sequence":20010,"segment_id":1,"segment_len_meter":20.779586379252656,"segment_cum_len":4843.671274849519}
{"route_id":"744","segment_first_lat":34.1570894695,"segment_first_lon":-118.4487057713,"segment_second_lat":34.1574357344,"segment_second_lon":-118.4486977143,"segment_sequence":20011,"segment_id":1,"segment_len_meter":38.51003670977837,"segment_cum_len":4882.181311559298}
{"route_id":"744","segment_first_lat":34.1574357344,"segment_first_lon":-118.4486977143,"segment_second_lat":34.1576748212,"segment_second_lon":-118.4486923872,"segment_sequence":20012,"segment_id":1,"segment_len_meter":26.58975750455212,"segment_cum_len":4908.77106906385}
{"route_id":"744","segment_first_lat":34.1576748212,"segment_first_lon":-118.4486923872,"segment_second_lat":34.158040272,"segment_second_lon":-118.448697655,"segment_sequence":20013,"segment_id":1,"segment_len_meter":40.63916556948322,"segment_cum_len":4949.410234633333}
{"route_id":"744","segment_first_lat":34.158040272,"segment_first_lon":-118.448697655,"segment_second_lat":34.1585376315,"segment_second_lon":-118.4487003257,"segment_sequence":20014,"segment_id":1,"segment_len_meter":55.304399074766515,"segment_cum_len":5004.714633708099}
{"route_id":"744","segment_first_lat":34.1585376315,"segment_first_lon":-118.4487003257,"segment_second_lat":34.1592631122,"segment_second_lon":-118.4486906687,"segment_sequence":20015,"segment_id":1,"segment_len_meter":80.67466671335085,"segment_cum_len":5085.389300421451}
{"route_id":"744","segment_first_lat":34.1592631122,"segment_first_lon":-118.4486906687,"segment_second_lat":34.1594279938,"segment_second_lon":-118.4486885791,"segment_sequence":30001,"segment_id":2,"segment_len_meter":18.335005534940684,"segment_cum_len":5103.724305956392}
{"route_id":"744","segment_first_lat":34.1594279938,"segment_first_lon":-118.4486885791,"segment_second_lat":34.1606372408,"segment_second_lon":-118.4486421829,"segment_sequence":30002,"segment_id":2,"segment_len_meter":134.52988039676825,"segment_cum_len":5238.25418635316}
{"route_id":"744","segment_first_lat":34.1606372408,"segment_first_lon":-118.4486421829,"segment_second_lat":34.1612637612,"segment_second_lon":-118.4486422412,"segment_sequence":30003,"segment_id":2,"segment_len_meter":69.66589012553938,"segment_cum_len":5307.920076478699}
{"route_id":"744","segment_first_lat":34.1612637612,"segment_first_lon":-118.4486422412,"segment_second_lat":34.1621678137,"segment_second_lon":-118.4486437898,"segment_sequence":30004,"segment_id":2,"segment_len_meter":100.52615239945175,"segment_cum_len":5408.446228878151}
{"route_id":"744","segment_first_lat":34.1621678137,"segment_first_lon":-118.4486437898,"segment_second_lat":34.1630746263,"segment_second_lon":-118.4486420474,"segment_sequence":30005,"segment_id":2,"segment_len_meter":100.83308797961597,"segment_cum_len":5509.279316857766}
{"route_id":"744","segment_first_lat":34.1630746263,"segment_first_lon":-118.4486420474,"segment_second_lat":34.1639539482,"segment_second_lon":-118.4486434632,"segment_sequence":30006,"segment_id":2,"segment_len_meter":97.7762209400605,"segment_cum_len":5607.055537797827}
{"route_id":"744","segment_first_lat":34.1639539482,"segment_first_lon":-118.4486434632,"segment_second_lat":34.1648964828,"segment_second_lon":-118.4486419126,"segment_sequence":30007,"segment_id":2,"segment_len_meter":104.80516280689926,"segment_cum_len":5711.860700604726}
{"route_id":"744","segment_first_lat":34.1648964828,"segment_first_lon":-118.4486419126,"segment_second_lat":34.1651712695,"segment_second_lon":-118.448642727,"segment_sequence":30008,"segment_id":2,"segment_len_meter":30.554978822448355,"segment_cum_len":5742.415679427174}
{"route_id":"744","segment_first_lat":34.1651712695,"segment_first_lon":-118.448642727,"segment_second_lat":34.1662841557,"segment_second_lon":-118.4486460581,"segment_sequence":40001,"segment_id":2,"segment_len_meter":123.74767888614822,"segment_cum_len":5866.1633583133225}
{"route_id":"744","segment_first_lat":34.1662841557,"segment_first_lon":-118.4486460581,"segment_second_lat":34.1666826052,"segment_second_lon":-118.4486448918,"segment_sequence":40002,"segment_id":2,"segment_len_meter":44.30569286434788,"segment_cum_len":5910.469051177671}
{"route_id":"744","segment_first_lat":34.1666826052,"segment_first_lon":-118.4486448918,"segment_second_lat":34.1675124414,"segment_second_lon":-118.4486526537,"segment_sequence":40003,"segment_id":2,"segment_len_meter":92.2763386765641,"segment_cum_len":6002.745389854234}
{"route_id":"744","segment_first_lat":34.1675124414,"segment_first_lon":-118.4486526537,"segment_second_lat":34.1684823932,"segment_second_lon":-118.4486677799,"segment_sequence":40004,"segment_id":2,"segment_len_meter":107.86269708410056,"segment_cum_len":6110.608086938335}
{"route_id":"744","segment_first_lat":34.1684823932,"segment_first_lon":-118.4486677799,"segment_second_lat":34.1697545954,"segment_second_lon":-118.4486878357,"segment_sequence":40005,"segment_id":2,"segment_len_meter":141.47446330712646,"segment_cum_len":6252.082550245462}
{"route_id":"744","segment_first_lat":34.1697545954,"segment_first_lon":-118.4486878357,"segment_second_lat":34.1703071816,"segment_second_lon":-118.4486180717,"segment_sequence":40006,"segment_id":2,"segment_len_meter":61.7790863638857,"segment_cum_len":6313.861636609347}
{"route_id":"744","segment_first_lat":34.1703071816,"segment_first_lon":-118.4486180717,"segment_second_lat":34.1710769578,"segment_second_lon":-118.4485197186,"segment_sequence":40007,"segment_id":2,"segment_len_meter":86.07213933751368,"segment_cum_len":6399.933775946861}
{"route_id":"744","segment_first_lat":34.1710769578,"segment_first_lon":-118.4485197186,"segment_second_lat":34.1711484385,"segment_second_lon":-118.4485101843,"segment_sequence":40008,"segment_id":2,"segment_len_meter":7.996543783656431,"segment_cum_len":6407.930319730517}
{"route_id":"744","segment_first_lat":34.1711484385,"segment_first_lon":-118.4485101843,"segment_second_lat":34.1721348774,"segment_second_lon":-118.4485253981,"segment_sequence":40009,"segment_id":2,"segment_len_meter":109.69593068697854,"segment_cum_len":6517.626250417496}
{"route_id":"744","segment_first_lat":34.1721348774,"segment_first_lon":-118.4485253981,"segment_second_lat":34.1724096666,"segment_second_lon":-118.4485255509,"segment_sequence":40010,"segment_id":2,"segment_len_meter":30.555168170159348,"segment_cum_len":6548.181418587655}
{"route_id":"744","segment_first_lat":34.1724096666,"segment_first_lon":-118.4485255509,"segment_second_lat":34.1757620916,"segment_second_lon":-118.448528341,"segment_sequence":50001,"segment_id":3,"segment_len_meter":372.7727403252744,"segment_cum_len":6920.954158912929}
{"route_id":"744","segment_first_lat":34.1757620916,"segment_first_lon":-118.448528341,"segment_second_lat":34.1766689043,"segment_second_lon":-118.4485265971,"segment_sequence":50002,"segment_id":3,"segment_len_meter":100.83309927769665,"segment_cum_len":7021.787258190626}
{"route_id":"744","segment_first_lat":34.1766689043,"segment_first_lon":-118.4485265971,"segment_second_lat":34.1775647012,"segment_second_lon":-118.4485314066,"segment_sequence":50003,"segment_id":3,"segment_len_meter":99.6090531782719,"segment_cum_len":7121.396311368898}
{"route_id":"744","segment_first_lat":34.1775647012,"segment_first_lon":-118.4485314066,"segment_second_lat":34.1784879888,"segment_second_lon":-118.4485330575,"segment_sequence":50004,"segment_id":3,"segment_len_meter":102.66500928036784,"segment_cum_len":7224.061320649265}
{"route_id":"744","segment_first_lat":34.1784879888,"segment_first_lon":-118.4485330575,"segment_second_lat":34.1794002973,"segment_second_lon":-118.4485313432,"segment_sequence":50005,"segment_id":3,"segment_len_meter":101.44419930875301,"segment_cum_len":7325.505519958018}
{"route_id":"744","segment_first_lat":34.1794002973,"segment_first_lon":-118.4485313432,"segment_second_lat":34.179954454,"segment_second_lon":-118.4486308644,"segment_sequence":50006,"segment_id":3,"segment_len_meter":62.29577923880448,"segment_cum_len":7387.801299196823}
{"route_id":"744","segment_first_lat":34.179954454,"segment_first_lon":-118.4486308644,"segment_second_lat":34.1801582115,"segment_second_lon":-118.4486676675,"segment_sequence":60001,"segment_id":3,"segment_len_meter":22.908340273673534,"segment_cum_len":7410.709639470496}
{"route_id":"744","segment_first_lat":34.1801582115,"segment_first_lon":-118.4486676675,"segment_second_lat":34.1806253816,"segment_second_lon":-118.4486602574,"segment_sequence":60002,"segment_id":3,"segment_len_meter":51.95141705349697,"segment_cum_len":7462.661056523993}
{"route_id":"744","segment_first_lat":34.1806253816,"segment_first_lon":-118.4486602574,"segment_second_lat":34.1809468915,"segment_second_lon":-118.4486586778,"segment_sequence":60003,"segment_id":3,"segment_len_meter":35.7505650342517,"segment_cum_len":7498.411621558244}
{"route_id":"744","segment_first_lat":34.1809468915,"segment_first_lon":-118.4486586778,"segment_second_lat":34.1816668633,"segment_second_lon":-118.4486526253,"segment_sequence":60004,"segment_id":3,"segment_len_meter":80.05914742787478,"segment_cum_len":7578.470768986119}
{"route_id":"744","segment_first_lat":34.1816668633,"segment_first_lon":-118.4486526253,"segment_second_lat":34.1826615948,"segment_second_lon":-118.4486546614,"segment_sequence":60005,"segment_id":3,"segment_len_meter":110.60925474552758,"segment_cum_len":7689.080023731646}
{"route_id":"744","segment_first_lat":34.1826615948,"segment_first_lon":-118.4486546614,"segment_second_lat":34.1836288602,"segment_second_lon":-118.4486532434,"segment_sequence":60006,"segment_id":3,"segment_len_meter":107.5550842905009,"segment_cum_len":7796.6351080221475}
{"route_id":"744","segment_first_lat":34.1836288602,"segment_first_lon":-118.4486532434,"segment_second_lat":34.1846593137,"segment_second_lon":-118.4486554713,"segment_sequence":60007,"segment_id":3,"segment_len_meter":114.58138460691157,"segment_cum_len":7911.216492629059}
{"route_id":"744","segment_first_lat":34.1846593137,"segment_first_lon":-118.4486554713,"segment_second_lat":34.1856925274,"segment_second_lon":-118.4486544076,"segment_sequence":60008,"segment_id":3,"segment_len_meter":114.88816324248496,"segment_cum_len":8026.104655871543}
{"route_id":"744","segment_first_lat":34.1856925274,"segment_first_lon":-118.4486544076,"segment_second_lat":34.1866735197,"segment_second_lon":-118.4486563699,"segment_sequence":60009,"segment_id":3,"segment_len_meter":109.08151617114754,"segment_cum_len":8135.186172042691}
{"route_id":"744","segment_first_lat":34.1866735197,"segment_first_lon":-118.4486563699,"segment_second_lat":34.1869483077,"segment_second_lon":-118.4486568539,"segment_sequence":60010,"segment_id":3,"segment_len_meter":30.555063935069338,"segment_cum_len":8165.741235977761}
{"route_id":"744","segment_first_lat":34.1869483077,"segment_first_lon":-118.4486568539,"segment_second_lat":34.1876517642,"segment_second_lon":-118.4486583176,"segment_sequence":70001,"segment_id":4,"segment_len_meter":78.22090977882034,"segment_cum_len":8243.96214575658}
{"route_id":"744","segment_first_lat":34.1876517642,"segment_first_lon":-118.4486583176,"segment_second_lat":34.1886739742,"segment_second_lon":-118.4486605014,"segment_sequence":70002,"segment_id":4,"segment_len_meter":113.66474344899606,"segment_cum_len":8357.626889205578}
{"route_id":"744","segment_first_lat":34.1886739742,"segment_first_lon":-118.4486605014,"segment_second_lat":34.1896989321,"segment_second_lon":-118.4486627001,"segment_sequence":70003,"segment_id":4,"segment_len_meter":113.97029793121324,"segment_cum_len":8471.597187136791}
{"route_id":"744","segment_first_lat":34.1896989321,"segment_first_lon":-118.4486627001,"segment_second_lat":34.1906854202,"segment_second_lon":-118.4486646921,"segment_sequence":70004,"segment_id":4,"segment_len_meter":109.69262493136097,"segment_cum_len":8581.289812068151}
{"route_id":"744","segment_first_lat":34.1906854202,"segment_first_lon":-118.4486646921,"segment_second_lat":34.1929744106,"segment_second_lon":-118.448667067,"segment_sequence":70005,"segment_id":4,"segment_len_meter":254.5242133491249,"segment_cum_len":8835.814025417276}
{"route_id":"744","segment_first_lat":34.1929744106,"segment_first_lon":-118.448667067,"segment_second_lat":34.193933408,"segment_second_lon":-118.4486722185,"segment_sequence":70006,"segment_id":4,"segment_len_meter":106.63669815119962,"segment_cum_len":8942.450723568476}
{"route_id":"744","segment_first_lat":34.193933408,"segment_first_lon":-118.4486722185,"segment_second_lat":34.1948127179,"segment_second_lon":-118.448676942,"segment_sequence":70007,"segment_id":4,"segment_len_meter":97.77576497280795,"segment_cum_len":9040.226488541284}
{"route_id":"744","segment_first_lat":34.1948127179,"segment_first_lon":-118.448676942,"segment_second_lat":34.1951507027,"segment_second_lon":-118.4486787576,"segment_sequence":80001,"segment_id":4,"segment_len_meter":37.582566016651654,"segment_cum_len":9077.809054557936}
{"route_id":"744","segment_first_lat":34.1951507027,"segment_first_lon":-118.4486787576,"segment_second_lat":34.1975798086,"segment_second_lon":-118.4486884998,"segment_sequence":80002,"segment_id":4,"segment_len_meter":270.10573848440634,"segment_cum_len":9347.914793042342}
{"route_id":"744","segment_first_lat":34.1975798086,"segment_first_lon":-118.4486884998,"segment_second_lat":34.1984893449,"segment_second_lon":-118.4486933861,"segment_sequence":80003,"segment_id":4,"segment_len_meter":101.13682056910987,"segment_cum_len":9449.051613611453}
{"route_id":"744","segment_first_lat":34.1984893449,"segment_first_lon":-118.4486933861,"segment_second_lat":34.1993988811,"segment_second_lon":-118.4486982725,"segment_sequence":80004,"segment_id":4,"segment_len_meter":101.13680946963798,"segment_cum_len":9550.18842308109}
{"route_id":"744","segment_first_lat":34.1993988811,"segment_first_lon":-118.4486982725,"segment_second_lat":34.2003249044,"segment_second_lon":-118.4487032475,"segment_sequence":80005,"segment_id":4,"segment_len_meter":102.97010943009816,"segment_cum_len":9653.158532511188}
{"route_id":"744","segment_first_lat":34.2003249044,"segment_first_lon":-118.4487032475,"segment_second_lat":34.2012206033,"segment_second_lon":-118.4487345174,"segment_sequence":80006,"segment_id":4,"segment_len_meter":99.63868256156391,"segment_cum_len":9752.797215072753}
{"route_id":"744","segment_first_lat":34.2012206033,"segment_first_lon":-118.4487345174,"segment_second_lat":34.2014953753,"segment_second_lon":-118.448739301,"segment_sequence":80007,"segment_id":4,"segment_len_meter":30.55641940772347,"segment_cum_len":9783.353634480476}
{"route_id":"744","segment_first_lat":34.2014953753,"segment_first_lon":-118.448739301,"segment_second_lat":34.2022702304,"segment_second_lon":-118.4487533861,"segment_sequence":90001,"segment_id":5,"segment_len_meter":86.16969257664105,"segment_cum_len":9869.523327057117}
{"route_id":"744","segment_first_lat":34.2022702304,"segment_first_lon":-118.4487533861,"segment_second_lat":34.2030341432,"segment_second_lon":-118.4487541835,"segment_sequence":90002,"segment_id":5,"segment_len_meter":84.94325941269568,"segment_cum_len":9954.466586469813}
{"route_id":"744","segment_first_lat":34.2030341432,"segment_first_lon":-118.4487541835,"segment_second_lat":34.2048367777,"segment_second_lon":-118.4487506405,"segment_sequence":90003,"segment_id":5,"segment_len_meter":200.44407581083277,"segment_cum_len":10154.910662280645}
{"route_id":"744","segment_first_lat":34.2048367777,"segment_first_lon":-118.4487506405,"segment_second_lat":34.2071889686,"segment_second_lon":-118.4487533578,"segment_sequence":90004,"segment_id":5,"segment_len_meter":261.5518139481906,"segment_cum_len":10416.462476228835}
{"route_id":"744","segment_first_lat":34.2071889686,"segment_first_lon":-118.4487533578,"segment_second_lat":34.2084667159,"segment_second_lon":-118.4487602239,"segment_sequence":90005,"segment_id":5,"segment_len_meter":142.08042024684076,"segment_cum_len":10558.542896475676}
{"route_id":"744","segment_first_lat":34.2084667159,"segment_first_lon":-118.4487602239,"segment_second_lat":34.2102583222,"segment_second_lon":-118.4487665442,"segment_sequence":90006,"segment_id":5,"segment_len_meter":199.21837888954823,"segment_cum_len":10757.761275365225}
{"route_id":"744","segment_first_lat":34.2102583222,"segment_first_lon":-118.4487665442,"segment_second_lat":34.2105331091,"segment_second_lon":-118.4487673594,"segment_sequence":90007,"segment_id":5,"segment_len_meter":30.55500114338681,"segment_cum_len":10788.31627650861}
{"route_id":"744","segment_first_lat":34.2105331091,"segment_first_lon":-118.4487673594,"segment_second_lat":34.2117119438,"segment_second_lon":-118.4487710484,"segment_sequence":100001,"segment_id":5,"segment_len_meter":131.08087692693678,"segment_cum_len":10919.397153435548}
{"route_id":"744","segment_first_lat":34.2117119438,"segment_first_lon":-118.4487710484,"segment_second_lat":34.2120197145,"segment_second_lon":-118.4487693948,"segment_sequence":100002,"segment_id":5,"segment_len_meter":34.22287821051551,"segment_cum_len":10953.620031646064}
{"route_id":"744","segment_first_lat":34.2120197145,"segment_first_lon":-118.4487693948,"segment_second_lat":34.2134128958,"segment_second_lon":-118.4487702666,"segment_sequence":100003,"segment_id":5,"segment_len_meter":154.91471319735007,"segment_cum_len":11108.534744843413}
{"route_id":"744","segment_first_lat":34.2134128958,"segment_first_lon":-118.4487702666,"segment_second_lat":34.2142894947,"segment_second_lon":-118.4487650545,"segment_sequence":100004,"segment_id":5,"segment_len_meter":97.47452861144423,"segment_cum_len":11206.009273454858}
{"route_id":"744","segment_first_lat":34.2142894947,"segment_first_lon":-118.4487650545,"segment_second_lat":34.2152292818,"segment_second_lon":-118.4487634896,"segment_sequence":100005,"segment_id":5,"segment_len_meter":104.49965671617615,"segment_cum_len":11310.508930171034}
{"route_id":"744","segment_first_lat":34.2152292818,"segment_first_lon":-118.4487634896,"segment_second_lat":34.2155040747,"segment_second_lon":-118.4487626509,"segment_sequence":100006,"segment_id":5,"segment_len_meter":30.555673677426036,"segment_cum_len":11341.06460384846}
{"route_id":"744","segment_first_lat":34.2155040747,"segment_first_lon":-118.4487626509,"segment_second_lat":34.2160646508,"segment_second_lon":-118.4487613635,"segment_sequence":110001,"segment_id":6,"segment_len_meter":62.333330721712855,"segment_cum_len":11403.397934570172}
{"route_id":"744","segment_first_lat":34.2160646508,"segment_first_lon":-118.4487613635,"segment_second_lat":34.2167515871,"segment_second_lon":-118.4487716709,"segment_sequence":110002,"segment_id":6,"segment_len_meter":76.3897110719156,"segment_cum_len":11479.787645642087}
{"route_id":"744","segment_first_lat":34.2167515871,"segment_first_lon":-118.4487716709,"segment_second_lat":34.2179524807,"segment_second_lon":-118.44875497,"segment_sequence":110003,"segment_id":6,"segment_len_meter":133.54210518963134,"segment_cum_len":11613.32975083172}
{"route_id":"744","segment_first_lat":34.2179524807,"segment_first_lon":-118.44875497,"segment_second_lat":34.2197688421,"segment_second_lon":-118.4487548081,"segment_sequence":110004,"segment_id":6,"segment_len_meter":201.97017318193957,"segment_cum_len":11815.29992401366}
{"route_id":"744","segment_first_lat":34.2197688421,"segment_first_lon":-118.4487548081,"segment_second_lat":34.2215467459,"segment_second_lon":-118.4487511314,"segment_sequence":110005,"segment_id":6,"segment_len_meter":197.69417165350197,"segment_cum_len":12012.994095667162}
{"route_id":"744","segment_first_lat":34.2215467459,"segment_first_lon":-118.4487511314,"segment_second_lat":34.221821534,"segment_second_lon":-118.4487516158,"segment_sequence":110006,"segment_id":6,"segment_len_meter":30.555075081508896,"segment_cum_len":12043.54917074867}
{"route_id":"744","segment_first_lat":34.221821534,"segment_first_lon":-118.4487516158,"segment_second_lat":34.2233246253,"segment_second_lon":-118.4487540706,"segment_sequence":120001,"segment_id":6,"segment_len_meter":167.13627923663915,"segment_cum_len":12210.68544998531}
{"route_id":"744","segment_first_lat":34.2233246253,"segment_first_lon":-118.4487540706,"segment_second_lat":34.2236817959,"segment_second_lon":-118.4487692227,"segment_sequence":120002,"segment_id":6,"segment_len_meter":39.7399842411032,"segment_cum_len":12250.425434226414}
{"route_id":"744","segment_first_lat":34.2236817959,"segment_first_lon":-118.4487692227,"segment_second_lat":34.2238989,"segment_second_lon":-118.4487637733,"segment_sequence":120003,"segment_id":6,"segment_len_meter":24.14607309310134,"segment_cum_len":12274.571507319515}
{"route_id":"744","segment_first_lat":34.2238989,"segment_first_lon":-118.4487637733,"segment_second_lat":34.2241847739,"segment_second_lon":-118.4487388449,"segment_sequence":120004,"segment_id":6,"segment_len_meter":31.870246306655837,"segment_cum_len":12306.441753626172}
{"route_id":"744","segment_first_lat":34.2241847739,"segment_first_lon":-118.4487388449,"segment_second_lat":34.2244348031,"segment_second_lon":-118.448746805,"segment_sequence":120005,"segment_id":6,"segment_len_meter":27.81160954823691,"segment_cum_len":12334.253363174408}
{"route_id":"744","segment_first_lat":34.2244348031,"segment_first_lon":-118.448746805,"segment_second_lat":34.2247753885,"segment_second_lon":-118.4487883332,"segment_sequence":120006,"segment_id":6,"segment_len_meter":38.063349372373175,"segment_cum_len":12372.31671254678}
{"route_id":"744","segment_first_lat":34.2247753885,"segment_first_lon":-118.4487883332,"segment_second_lat":34.2249110375,"segment_second_lon":-118.448814535,"segment_sequence":120007,"segment_id":6,"segment_len_meter":15.274640543649504,"segment_cum_len":12387.59135309043}
{"route_id":"744","segment_first_lat":34.2249110375,"segment_first_lon":-118.448814535,"segment_second_lat":34.2249703505,"segment_second_lon":-118.4488257708,"segment_sequence":130001,"segment_id":7,"segment_len_meter":6.675715083343941,"segment_cum_len":12394.267068173775}
{"route_id":"744","segment_first_lat":34.2249703505,"segment_first_lon":-118.4488257708,"segment_second_lat":34.2252476004,"segment_second_lon":-118.4489033488,"segment_sequence":130002,"segment_id":7,"segment_len_meter":31.643110117854473,"segment_cum_len":12425.91017829163}
{"route_id":"744","segment_first_lat":34.2252476004,"segment_first_lon":-118.4489033488,"segment_second_lat":34.2255302847,"segment_second_lon":-118.4489974975,"segment_sequence":130003,"segment_id":7,"segment_len_meter":32.60311734815252,"segment_cum_len":12458.513295639783}
{"route_id":"744","segment_first_lat":34.2255302847,"segment_first_lon":-118.4489974975,"segment_second_lat":34.2257442973,"segment_second_lon":-118.4490846611,"segment_sequence":130004,"segment_id":7,"segment_len_meter":25.11021502324957,"segment_cum_len":12483.623510663032}
{"route_id":"744","segment_first_lat":34.2257442973,"segment_first_lon":-118.4490846611,"segment_second_lat":34.2259061377,"segment_second_lon":-118.4491616199,"segment_sequence":130005,"segment_id":7,"segment_len_meter":19.336826103424738,"segment_cum_len":12502.960336766457}
{"route_id":"744","segment_first_lat":34.2259061377,"segment_first_lon":-118.4491616199,"segment_second_lat":34.2261007679,"segment_second_lon":-118.4492883783,"segment_sequence":130006,"segment_id":7,"segment_len_meter":24.58022526564618,"segment_cum_len":12527.540562032103}
{"route_id":"744","segment_first_lat":34.2261007679,"segment_first_lon":-118.4492883783,"segment_second_lat":34.2263255014,"segment_second_lon":-118.4494483814,"segment_sequence":130007,"segment_id":7,"segment_len_meter":28.99756613631289,"segment_cum_len":12556.538128168417}
{"route_id":"744","segment_first_lat":34.2263255014,"segment_first_lon":-118.4494483814,"segment_second_lat":34.2265008595,"segment_second_lon":-118.449584962,"segment_sequence":130008,"segment_id":7,"segment_len_meter":23.19237819957299,"segment_cum_len":12579.73050636799}
{"route_id":"744","segment_first_lat":34.2265008595,"segment_first_lon":-118.449584962,"segment_second_lat":34.226640557,"segment_second_lon":-118.44970481,"segment_sequence":130009,"segment_id":7,"segment_len_meter":19.04479077947151,"segment_cum_len":12598.775297147462}
{"route_id":"744","segment_first_lat":34.226640557,"segment_first_lon":-118.44970481,"segment_second_lat":34.2268212753,"segment_second_lon":-118.449877811,"segment_sequence":130010,"segment_id":7,"segment_len_meter":25.627874995055684,"segment_cum_len":12624.403172142518}
{"route_id":"744","segment_first_lat":34.2268212753,"segment_first_lon":-118.449877811,"segment_second_lat":34.2268651793,"segment_second_lon":-118.4498945887,"segment_sequence":130011,"segment_id":7,"segment_len_meter":5.119794193646852,"segment_cum_len":12629.522966336164}
{"route_id":"744","segment_first_lat":34.2268651793,"segment_first_lon":-118.4498945887,"segment_second_lat":34.2273562436,"segment_second_lon":-118.4501122707,"segment_sequence":130012,"segment_id":7,"segment_len_meter":58.15589240532577,"segment_cum_len":12687.67885874149}
{"route_id":"744","segment_first_lat":34.2273562436,"segment_first_lon":-118.4501122707,"segment_second_lat":34.2275072274,"segment_second_lon":-118.4501527836,"segment_sequence":130013,"segment_id":7,"segment_len_meter":17.19683560215794,"segment_cum_len":12704.875694343647}
{"route_id":"744","segment_first_lat":34.2275072274,"segment_first_lon":-118.4501527836,"segment_second_lat":34.2278011728,"segment_second_lon":-118.4501742181,"segment_sequence":130014,"segment_id":7,"segment_len_meter":32.74458866083434,"segment_cum_len":12737.620283004482}
{"route_id":"744","segment_first_lat":34.2278011728,"segment_first_lon":-118.4501742181,"segment_second_lat":34.2280210125,"segment_second_lon":-118.4501720952,"segment_sequence":130015,"segment_id":7,"segment_len_meter":24.445838443462534,"segment_cum_len":12762.066121447944}
{"route_id":"744","segment_first_lat":34.2280210125,"segment_first_lon":-118.4501720952,"segment_second_lat":34.2281144146,"segment_second_lon":-118.4501792153,"segment_sequence":130016,"segment_id":7,"segment_len_meter":10.406448147913009,"segment_cum_len":12772.472569595857}
{"route_id":"744","segment_first_lat":34.2281144146,"segment_first_lon":-118.4501792153,"segment_second_lat":34.2281611279,"segment_second_lon":-118.4501794672,"segment_sequence":130017,"segment_id":7,"segment_len_meter":5.194333593674625,"segment_cum_len":12777.66690318953}
{"route_id":"744","segment_first_lat":34.2281611279,"segment_first_lon":-118.4501794672,"segment_second_lat":34.2286390434,"segment_second_lon":-118.4502382852,"segment_sequence":130018,"segment_id":7,"segment_len_meter":53.41619367871527,"segment_cum_len":12831.083096868246}
{"route_id":"744","segment_first_lat":34.2286390434,"segment_first_lon":-118.4502382852,"segment_second_lat":34.2288478426,"segment_second_lon":-118.4502493361,"segment_sequence":130019,"segment_id":7,"segment_len_meter":23.239630140272123,"segment_cum_len":12854.322727008517}
{"route_id":"744","segment_first_lat":34.2288478426,"segment_first_lon":-118.4502493361,"segment_second_lat":34.229232516,"segment_second_lon":-118.4502580272,"segment_sequence":130020,"segment_id":7,"segment_len_meter":42.78119276176744,"segment_cum_len":12897.103919770285}
{"route_id":"744","segment_first_lat":34.229232516,"segment_first_lon":-118.4502580272,"segment_second_lat":34.230219041,"segment_second_lon":-118.4502501142,"segment_sequence":130021,"segment_id":7,"segment_len_meter":109.69898720934366,"segment_cum_len":13006.802906979628}
{"route_id":"744","segment_first_lat":34.230219041,"segment_first_lon":-118.4502501142,"segment_second_lat":34.2317908443,"segment_second_lon":-118.4502486658,"segment_sequence":130022,"segment_id":7,"segment_len_meter":174.77660336704426,"segment_cum_len":13181.579510346673}
{"route_id":"744","segment_first_lat":34.2317908443,"segment_first_lon":-118.4502486658,"segment_second_lat":34.2331428201,"segment_second_lon":-118.4502460318,"segment_sequence":130023,"segment_id":7,"segment_len_meter":150.33304492567348,"segment_cum_len":13331.912555272347}
{"route_id":"744","segment_first_lat":34.2331428201,"segment_first_lon":-118.4502460318,"segment_second_lat":34.2336237173,"segment_second_lon":-118.4502420084,"segment_sequence":130024,"segment_id":7,"segment_len_meter":53.47460806865491,"segment_cum_len":13385.387163341002}
{"route_id":"744","segment_first_lat":34.2336237173,"segment_first_lon":-118.4502420084,"segment_second_lat":34.2354208314,"segment_second_lon":-118.4502450835,"segment_sequence":130025,"segment_id":7,"segment_len_meter":199.83017047877874,"segment_cum_len":13585.21733381978}
{"route_id":"744","segment_first_lat":34.2354208314,"segment_first_lon":-118.4502450835,"segment_second_lat":34.2356956218,"segment_second_lon":-118.4502449113,"segment_sequence":130026,"segment_id":7,"segment_len_meter":30.55530247111785,"segment_cum_len":13615.772636290898}
{"route_id":"744","segment_first_lat":34.2356956218,"segment_first_lon":-118.4502449113,"segment_second_lat":34.2390480705,"segment_second_lon":-118.4502414861,"segment_sequence":140001,"segment_id":7,"segment_len_meter":372.77542025260357,"segment_cum_len":13988.548056543501}
{"route_id":"744","segment_first_lat":34.2390480705,"segment_first_lon":-118.4502414861,"segment_second_lat":34.2402406959,"segment_second_lon":-118.4502313748,"segment_sequence":140002,"segment_id":7,"segment_len_meter":132.6171510830252,"segment_cum_len":14121.165207626525}
{"route_id":"744","segment_first_lat":34.2402406959,"segment_first_lon":-118.4502313748,"segment_second_lat":34.2413838356,"segment_second_lon":-118.4502276139,"segment_sequence":140003,"segment_id":7,"segment_len_meter":127.11180521071064,"segment_cum_len":14248.277012837236}
{"route_id":"744","segment_first_lat":34.2413838356,"segment_first_lon":-118.4502276139,"segment_second_lat":34.2426753956,"segment_second_lon":-118.4502147269,"segment_sequence":140004,"segment_id":7,"segment_len_meter":143.61980484440016,"segment_cum_len":14391.896817681636}
{"route_id":"744","segment_first_lat":34.2426753956,"segment_first_lon":-118.4502147269,"segment_second_lat":34.2429501799,"segment_second_lon":-118.4502162089,"segment_sequence":140005,"segment_id":7,"segment_len_meter":30.554923757931995,"segment_cum_len":14422.451741439569}
{"route_id":"744","segment_first_lat":34.2429501799,"segment_first_lon":-118.4502162089,"segment_second_lat":34.2436536278,"segment_second_lon":-118.4502200029,"segment_sequence":150001,"segment_id":8,"segment_len_meter":78.22061507498279,"segment_cum_len":14500.672356514551}
{"route_id":"744","segment_first_lat":34.2436536278,"segment_first_lon":-118.4502200029,"segment_second_lat":34.2449616133,"segment_second_lon":-118.4502237487,"segment_sequence":150002,"segment_id":8,"segment_len_meter":145.4417592730833,"segment_cum_len":14646.114115787634}
{"route_id":"744","segment_first_lat":34.2449616133,"segment_first_lon":-118.4502237487,"segment_second_lat":34.2451870349,"segment_second_lon":-118.4501984929,"segment_sequence":150003,"segment_id":8,"segment_len_meter":25.173009754085562,"segment_cum_len":14671.28712554172}
{"route_id":"744","segment_first_lat":34.2451870349,"segment_first_lon":-118.4501984929,"segment_second_lat":34.2452777876,"segment_second_lon":-118.4501791287,"segment_sequence":150004,"segment_id":8,"segment_len_meter":10.247010142625822,"segment_cum_len":14681.534135684346}
{"route_id":"744","segment_first_lat":34.2452777876,"segment_first_lon":-118.4501791287,"segment_second_lat":34.2453548256,"segment_second_lon":-118.4501530725,"segment_sequence":150005,"segment_id":8,"segment_len_meter":8.894747191918253,"segment_cum_len":14690.428882876264}
{"route_id":"744","segment_first_lat":34.2453548256,"segment_first_lon":-118.4501530725,"segment_second_lat":34.2454952363,"segment_second_lon":-118.4500810325,"segment_sequence":150006,"segment_id":8,"segment_len_meter":16.959124912494374,"segment_cum_len":14707.388007788759}
{"route_id":"744","segment_first_lat":34.2454952363,"segment_first_lon":-118.4500810325,"segment_second_lat":34.2456963455,"segment_second_lon":-118.4499431401,"segment_sequence":150007,"segment_id":8,"segment_len_meter":25.704508612510413,"segment_cum_len":14733.09251640127}
{"route_id":"744","segment_first_lat":34.2456963455,"segment_first_lon":-118.4499431401,"segment_second_lat":34.2458810782,"segment_second_lon":-118.449775378,"segment_sequence":150008,"segment_id":8,"segment_len_meter":25.68520583109461,"segment_cum_len":14758.777722232364}
{"route_id":"744","segment_first_lat":34.2458810782,"segment_first_lon":-118.449775378,"segment_second_lat":34.2459859265,"segment_second_lon":-118.4496601286,"segment_sequence":150009,"segment_id":8,"segment_len_meter":15.752545195853482,"segment_cum_len":14774.530267428217}
{"route_id":"744","segment_first_lat":34.2459859265,"segment_first_lon":-118.4496601286,"segment_second_lat":34.2470686158,"segment_second_lon":-118.4481735907,"segment_sequence":150010,"segment_id":8,"segment_len_meter":182.10811324857158,"segment_cum_len":14956.63838067679}
{"route_id":"744","segment_first_lat":34.2470686158,"segment_first_lon":-118.4481735907,"segment_second_lat":34.2473298918,"segment_second_lon":-118.4478156323,"segment_sequence":150011,"segment_id":8,"segment_len_meter":43.89295715671391,"segment_cum_len":15000.531337833503}
{"route_id":"744","segment_first_lat":34.2473298918,"segment_first_lon":-118.4478156323,"segment_second_lat":34.2492063028,"segment_second_lon":-118.4452432702,"segment_sequence":160001,"segment_id":8,"segment_len_meter":315.33527699878874,"segment_cum_len":15315.866614832292}
{"route_id":"744","segment_first_lat":34.2492063028,"segment_first_lon":-118.4452432702,"segment_second_lat":34.2499768658,"segment_second_lon":-118.4441818376,"segment_sequence":160002,"segment_id":8,"segment_len_meter":129.84366894798907,"segment_cum_len":15445.710283780281}
{"route_id":"744","segment_first_lat":34.2499768658,"segment_first_lon":-118.4441818376,"segment_second_lat":34.2516035215,"segment_second_lon":-118.4419567813,"segment_sequence":160003,"segment_id":8,"segment_len_meter":273.01998055213517,"segment_cum_len":15718.730264332416}
{"route_id":"744","segment_first_lat":34.2516035215,"segment_first_lon":-118.4419567813,"segment_second_lat":34.2527993435,"segment_second_lon":-118.4403151062,"segment_sequence":160004,"segment_id":8,"segment_len_meter":201.11595800782746,"segment_cum_len":15919.846222340244}
{"route_id":"744","segment_first_lat":34.2527993435,"segment_first_lon":-118.4403151062,"segment_second_lat":34.2530396092,"segment_second_lon":-118.4399854476,"segment_sequence":160005,"segment_id":8,"segment_len_meter":40.395231880582884,"segment_cum_len":15960.241454220826}
{"route_id":"744","segment_first_lat":34.2530396092,"segment_first_lon":-118.4399854476,"segment_second_lat":34.2539923594,"segment_second_lon":-118.4386832973,"segment_sequence":160006,"segment_id":8,"segment_len_meter":159.83290148088034,"segment_cum_len":16120.074355701707}
{"route_id":"744","segment_first_lat":34.2539923594,"segment_first_lon":-118.4386832973,"segment_second_lat":34.2541743439,"segment_second_lon":-118.438435394,"segment_sequence":160007,"segment_id":8,"segment_len_meter":30.4731241892523,"segment_cum_len":16150.547479890958}
{"route_id":"744","segment_first_lat":34.2541743439,"segment_first_lon":-118.438435394,"segment_second_lat":34.2545998924,"segment_second_lon":-118.4378558506,"segment_sequence":170001,"segment_id":9,"segment_len_meter":71.24735058437774,"segment_cum_len":16221.794830475335}
{"route_id":"744","segment_first_lat":34.2545998924,"segment_first_lon":-118.4378558506,"segment_second_lat":34.2551908609,"segment_second_lon":-118.4370481612,"segment_sequence":170002,"segment_id":9,"segment_len_meter":99.13941344889489,"segment_cum_len":16320.93424392423}
{"route_id":"744","segment_first_lat":34.2551908609,"segment_first_lon":-118.4370481612,"segment_second_lat":34.2557956468,"segment_second_lon":-118.4362173671,"segment_sequence":170003,"segment_id":9,"segment_len_meter":101.74772389376673,"segment_cum_len":16422.681967817996}
{"route_id":"744","segment_first_lat":34.2557956468,"segment_first_lon":-118.4362173671,"segment_second_lat":34.2560276101,"segment_second_lon":-118.4359008791,"segment_sequence":170004,"segment_id":9,"segment_len_meter":38.8760932606953,"segment_cum_len":16461.558061078693}
{"route_id":"744","segment_first_lat":34.2560276101,"segment_first_lon":-118.4359008791,"segment_second_lat":34.2563258542,"segment_second_lon":-118.4354920724,"segment_sequence":170005,"segment_id":9,"segment_len_meter":50.114211994675266,"segment_cum_len":16511.672273073367}
{"route_id":"744","segment_first_lat":34.2563258542,"segment_first_lon":-118.4354920724,"segment_second_lat":34.2565826771,"segment_second_lon":-118.4351393066,"segment_sequence":170006,"segment_id":9,"segment_len_meter":43.204802613067784,"segment_cum_len":16554.877075686436}
{"route_id":"744","segment_first_lat":34.2565826771,"segment_first_lon":-118.4351393066,"segment_second_lat":34.2567704581,"segment_second_lon":-118.4348821518,"segment_sequence":170007,"segment_id":9,"segment_len_meter":31.536444485699782,"segment_cum_len":16586.413520172136}
{"route_id":"744","segment_first_lat":34.2567704581,"segment_first_lon":-118.4348821518,"segment_second_lat":34.2569057562,"segment_second_lon":-118.4347008391,"segment_sequence":170008,"segment_id":9,"segment_len_meter":22.45017241053017,"segment_cum_len":16608.863692582665}
{"route_id":"744","segment_first_lat":34.2569057562,"segment_first_lon":-118.4347008391,"segment_second_lat":34.2571763872,"segment_second_lon":-118.4343282837,"segment_sequence":170009,"segment_id":9,"segment_len_meter":45.58432759619375,"segment_cum_len":16654.448020178857}
{"route_id":"744","segment_first_lat":34.2571763872,"segment_first_lon":-118.4343282837,"segment_second_lat":34.2575767825,"segment_second_lon":-118.4337843099,"segment_sequence":170010,"segment_id":9,"segment_len_meter":66.94451066640131,"segment_cum_len":16721.39253084526}
{"route_id":"744","segment_first_lat":34.2575767825,"segment_first_lon":-118.4337843099,"segment_second_lat":34.2587807726,"segment_second_lon":-118.4321325145,"segment_sequence":170011,"segment_id":9,"segment_len_meter":202.40622552994563,"segment_cum_len":16923.798756375207}
{"route_id":"744","segment_first_lat":34.2587807726,"segment_first_lon":-118.4321325145,"segment_second_lat":34.2592413748,"segment_second_lon":-118.4315007982,"segment_sequence":170012,"segment_id":9,"segment_len_meter":77.41896156601145,"segment_cum_len":17001.217717941217}
{"route_id":"744","segment_first_lat":34.2592413748,"segment_first_lon":-118.4315007982,"segment_second_lat":34.2593938036,"segment_second_lon":-118.4312917633,"segment_sequence":180001,"segment_id":9,"segment_len_meter":25.619022848138847,"segment_cum_len":17026.836740789357}
{"route_id":"744","segment_first_lat":34.2593938036,"segment_first_lon":-118.4312917633,"segment_second_lat":34.2599847753,"segment_second_lon":-118.4304707432,"segment_sequence":180002,"segment_id":9,"segment_len_meter":100.05708262911168,"segment_cum_len":17126.893823418468}
{"route_id":"744","segment_first_lat":34.2599847753,"segment_first_lon":-118.4304707432,"segment_second_lat":34.2605895278,"segment_second_lon":-118.4296365441,"segment_sequence":180003,"segment_id":9,"segment_len_meter":101.9770440196441,"segment_cum_len":17228.870867438112}
{"route_id":"744","segment_first_lat":34.2605895278,"segment_first_lon":-118.4296365441,"segment_second_lat":34.2611721744,"segment_second_lon":-118.4288353153,"segment_sequence":180004,"segment_id":9,"segment_len_meter":98.07798286867686,"segment_cum_len":17326.948850306788}
{"route_id":"744","segment_first_lat":34.2611721744,"segment_first_lon":-118.4288353153,"segment_second_lat":34.2617740975,"segment_second_lon":-118.4280209357,"segment_sequence":180005,"segment_id":9,"segment_len_meter":100.40411201758707,"segment_cum_len":17427.352962324374}
{"route_id":"744","segment_first_lat":34.2617740975,"segment_first_lon":-118.4280209357,"segment_second_lat":34.2620723384,"segment_second_lon":-118.4276054535,"segment_sequence":180006,"segment_id":9,"segment_len_meter":50.573606380777015,"segment_cum_len":17477.926568705152}
{"route_id":"744","segment_first_lat":34.2620723384,"segment_first_lon":-118.4276054535,"segment_second_lat":34.2623733023,"segment_second_lon":-118.4271966016,"segment_sequence":180007,"segment_id":9,"segment_len_meter":50.31594089367464,"segment_cum_len":17528.242509598826}
{"route_id":"744","segment_first_lat":34.2623733023,"segment_first_lon":-118.4271966016,"segment_second_lat":34.2629807683,"segment_second_lon":-118.4263656786,"segment_sequence":180008,"segment_id":9,"segment_len_meter":101.94892695687747,"segment_cum_len":17630.191436555702}
{"route_id":"744","segment_first_lat":34.2629807683,"segment_first_lon":-118.4263656786,"segment_second_lat":34.2635771558,"segment_second_lon":-118.4255578548,"segment_sequence":180009,"segment_id":9,"segment_len_meter":99.54352919026695,"segment_cum_len":17729.73496574597}
{"route_id":"744","segment_first_lat":34.2635771558,"segment_first_lon":-118.4255578548,"segment_second_lat":34.2642591507,"segment_second_lon":-118.4246279962,"segment_sequence":180010,"segment_id":9,"segment_len_meter":114.24895209138131,"segment_cum_len":17843.98391783735}
{"route_id":"744","segment_first_lat":34.2642591507,"segment_first_lon":-118.4246279962,"segment_second_lat":34.2648196424,"segment_second_lon":-118.4238663015,"segment_sequence":180011,"segment_id":9,"segment_len_meter":93.72231671054712,"segment_cum_len":17937.7062345479}
{"route_id":"744","segment_first_lat":34.2648196424,"segment_first_lon":-118.4238663015,"segment_second_lat":34.2649024833,"segment_second_lon":-118.4237508817,"segment_sequence":180012,"segment_id":9,"segment_len_meter":14.048228081257133,"segment_cum_len":17951.754462629156}
{"route_id":"744","segment_first_lat":34.2649024833,"segment_first_lon":-118.4237508817,"segment_second_lat":34.2652448486,"segment_second_lon":-118.4232859465,"segment_sequence":180013,"segment_id":9,"segment_len_meter":57.22551286246528,"segment_cum_len":18008.97997549162}
{"route_id":"744","segment_first_lat":34.2652448486,"segment_first_lon":-118.4232859465,"segment_second_lat":34.2654630273,"segment_second_lon":-118.4229726268,"segment_sequence":180014,"segment_id":9,"segment_len_meter":37.650880576650025,"segment_cum_len":18046.63085606827}
{"route_id":"744","segment_first_lat":34.2654630273,"segment_first_lon":-118.4229726268,"segment_second_lat":34.2657692819,"segment_second_lon":-118.4225392762,"segment_sequence":180015,"segment_id":9,"segment_len_meter":52.39791882781323,"segment_cum_len":18099.028774896084}
{"route_id":"744","segment_first_lat":34.2657692819,"segment_first_lon":-118.4225392762,"segment_second_lat":34.2660898953,"segment_second_lon":-118.4220854744,"segment_sequence":190001,"segment_id":10,"segment_len_meter":54.863809371742676,"segment_cum_len":18153.892584267825}
{"route_id":"744","segment_first_lat":34.2660898953,"segment_first_lon":-118.4220854744,"segment_second_lat":34.2662307046,"segment_second_lon":-118.4218942193,"segment_sequence":190002,"segment_id":10,"segment_len_meter":23.538143403364778,"segment_cum_len":18177.43072767119}
{"route_id":"744","segment_first_lat":34.2662307046,"segment_first_lon":-118.4218942193,"segment_second_lat":34.2666559128,"segment_second_lon":-118.4213105347,"segment_sequence":190003,"segment_id":10,"segment_len_meter":71.50154744325016,"segment_cum_len":18248.932275114443}
{"route_id":"744","segment_first_lat":34.2666559128,"segment_first_lon":-118.4213105347,"segment_second_lat":34.2674096752,"segment_second_lon":-118.4202783641,"segment_sequence":190004,"segment_id":10,"segment_len_meter":126.5758743294724,"segment_cum_len":18375.508149443915}
{"route_id":"744","segment_first_lat":34.2674096752,"segment_first_lon":-118.4202783641,"segment_second_lat":34.2681523801,"segment_second_lon":-118.4192626686,"segment_sequence":190005,"segment_id":10,"segment_len_meter":124.62662220892643,"segment_cum_len":18500.13477165284}
{"route_id":"744","segment_first_lat":34.2681523801,"segment_first_lon":-118.4192626686,"segment_second_lat":34.2689033543,"segment_second_lon":-118.4182370668,"segment_sequence":190006,"segment_id":10,"segment_len_meter":125.91710140631352,"segment_cum_len":18626.051873059154}
{"route_id":"744","segment_first_lat":34.2689033543,"segment_first_lon":-118.4182370668,"segment_second_lat":34.2696432943,"segment_second_lon":-118.4172213212,"segment_sequence":190007,"segment_id":10,"segment_len_meter":124.42531634897117,"segment_cum_len":18750.477189408124}
{"route_id":"744","segment_first_lat":34.2696432943,"segment_first_lon":-118.4172213212,"segment_second_lat":34.2703914919,"segment_second_lon":-118.416198979,"segment_sequence":190008,"segment_id":10,"segment_len_meter":125.48691954797212,"segment_cum_len":18875.964108956097}
{"route_id":"744","segment_first_lat":34.2703914919,"segment_first_lon":-118.416198979,"segment_second_lat":34.2712915387,"segment_second_lon":-118.4149655352,"segment_sequence":190009,"segment_id":10,"segment_len_meter":151.20284126106532,"segment_cum_len":19027.166950217164}
{"route_id":"744","segment_first_lat":34.2712915387,"segment_first_lon":-118.4149655352,"segment_second_lat":34.2718961615,"segment_second_lon":-118.4141377306,"segment_sequence":190010,"segment_id":10,"segment_len_meter":101.51877749887431,"segment_cum_len":19128.685727716038}
{"route_id":"744","segment_first_lat":34.2718961615,"segment_first_lon":-118.4141377306,"segment_second_lat":34.2724925013,"segment_second_lon":-118.4133198032,"segment_sequence":190011,"segment_id":10,"segment_len_meter":100.22841015544643,"segment_cum_len":19228.914137871485}
{"route_id":"744","segment_first_lat":34.2724925013,"segment_first_lon":-118.4133198032,"segment_second_lat":34.2730722581,"segment_second_lon":-118.4125282626,"segment_sequence":190012,"segment_id":10,"segment_len_meter":97.19019137198774,"segment_cum_len":19326.104329243473}
{"route_id":"744","segment_first_lat":34.2730722581,"segment_first_lon":-118.4125282626,"segment_second_lat":34.2736934301,"segment_second_lon":-118.4116773339,"segment_sequence":190013,"segment_id":10,"segment_len_meter":104.32831240956924,"segment_cum_len":19430.432641653042}
{"route_id":"744","segment_first_lat":34.2736934301,"segment_first_lon":-118.4116773339,"segment_second_lat":34.2738998781,"segment_second_lon":-118.411895825,"segment_sequence":190014,"segment_id":10,"segment_len_meter":30.49653197977709,"segment_cum_len":19460.92917363282}
{"route_id":"744","segment_first_lat":34.2738998781,"segment_first_lon":-118.411895825,"segment_second_lat":34.2751856503,"segment_second_lon":-118.4132570101,"segment_sequence":200001,"segment_id":10,"segment_len_meter":189.95840794979068,"segment_cum_len":19650.88758158261}
{"route_id":"744","segment_first_lat":34.2751856503,"segment_first_lon":-118.4132570101,"segment_second_lat":34.2766669152,"segment_second_lon":-118.4148201375,"segment_sequence":200002,"segment_id":10,"segment_len_meter":218.53548918957176,"segment_cum_len":19869.423070772184}
{"route_id":"744","segment_first_lat":34.2766669152,"segment_first_lon":-118.4148201375,"segment_second_lat":34.2772692623,"segment_second_lon":-118.4154586939,"segment_sequence":200003,"segment_id":10,"segment_len_meter":89.04219974104743,"segment_cum_len":19958.465270513232}
{"route_id":"744","segment_first_lat":34.2772692623,"segment_first_lon":-118.4154586939,"segment_second_lat":34.278150828,"segment_second_lon":-118.4164065054,"segment_sequence":200004,"segment_id":10,"segment_len_meter":131.12280299627832,"segment_cum_len":20089.58807350951}
{"route_id":"744","segment_first_lat":34.278150828,"segment_first_lon":-118.4164065054,"segment_second_lat":34.2789913853,"segment_second_lon":-118.4172912365,"segment_sequence":200005,"segment_id":10,"segment_len_meter":123.87070676458801,"segment_cum_len":20213.458780274097}
{"route_id":"744","segment_first_lat":34.2789913853,"segment_first_lon":-118.4172912365,"segment_second_lat":34.2794403792,"segment_second_lon":-118.4177728141,"segment_sequence":200006,"segment_id":10,"segment_len_meter":66.71166413638237,"segment_cum_len":20280.17044441048}
{"route_id":"744","segment_first_lat":34.2794403792,"segment_first_lon":-118.4177728141,"segment_second_lat":34.2796457113,"segment_second_lon":-118.4179929849,"segment_sequence":210001,"segment_id":11,"segment_len_meter":30.50446075673484,"segment_cum_len":20310.674905167216}
{"route_id":"744","segment_first_lat":34.2796457113,"segment_first_lon":-118.4179929849,"segment_second_lat":34.2808495081,"segment_second_lon":-118.4163339042,"segment_sequence":210002,"segment_id":11,"segment_len_meter":202.86462496755206,"segment_cum_len":20513.539530134767}
{"route_id":"744","segment_first_lat":34.2808495081,"segment_first_lon":-118.4163339042,"segment_second_lat":34.2820367271,"segment_second_lon":-118.4146945559,"segment_sequence":210003,"segment_id":11,"segment_len_meter":200.28447591415727,"segment_cum_len":20713.824006048926}
{"route_id":"744","segment_first_lat":34.2820367271,"segment_first_lon":-118.4146945559,"segment_second_lat":34.2826248269,"segment_second_lon":-118.4138764921,"segment_sequence":210004,"segment_id":11,"segment_len_meter":99.6272193169573,"segment_cum_len":20813.451225365883}
{"route_id":"744","segment_first_lat":34.2826248269,"segment_first_lon":-118.4138764921,"segment_second_lat":34.2844275968,"segment_second_lon":-118.41141249,"segment_sequence":210005,"segment_id":11,"segment_len_meter":302.3785888621762,"segment_cum_len":21115.82981422806}
{"route_id":"744","segment_first_lat":34.2844275968,"segment_first_lon":-118.41141249,"segment_second_lat":34.2851067349,"segment_second_lon":-118.4104822699,"segment_sequence":210006,"segment_id":11,"segment_len_meter":114.04735763994894,"segment_cum_len":21229.877171868007}
{"route_id":"744","segment_first_lat":34.2851067349,"segment_first_lon":-118.4104822699,"segment_second_lat":34.2862550581,"segment_second_lon":-118.4089451922,"segment_sequence":210007,"segment_id":11,"segment_len_meter":190.3847493657173,"segment_cum_len":21420.261921233723}
{"route_id":"744","segment_first_lat":34.2862550581,"segment_first_lon":-118.4089451922,"segment_second_lat":34.2865311613,"segment_second_lon":-118.4085558965,"segment_sequence":210008,"segment_id":11,"segment_len_meter":47.13547581095325,"segment_cum_len":21467.397397044675}
{"route_id":"744","segment_first_lat":34.2865311613,"segment_first_lon":-118.4085558965,"segment_second_lat":34.2868210917,"segment_second_lon":-118.4081401812,"segment_sequence":210009,"segment_id":11,"segment_len_meter":49.9802969930431,"segment_cum_len":21517.377694037717}
{"route_id":"744","segment_first_lat":34.2868210917,"segment_first_lon":-118.4081401812,"segment_second_lat":34.2864706276,"segment_second_lon":-118.407764371,"segment_sequence":210010,"segment_id":11,"segment_len_meter":52.064732645686085,"segment_cum_len":21569.442426683403}
{"route_id":"744","segment_first_lat":34.2864706276,"segment_first_lon":-118.407764371,"segment_second_lat":34.2862661046,"segment_second_lon":-118.4075432182,"segment_sequence":210011,"segment_id":11,"segment_len_meter":30.49612243207776,"segment_cum_len":21599.938549115483}
{"route_id":"744","segment_first_lat":34.2862661046,"segment_first_lon":-118.4075432182,"segment_second_lat":34.2858463797,"segment_second_lon":-118.4070892769,"segment_sequence":220001,"segment_id":11,"segment_len_meter":62.59008026462666,"segment_cum_len":21662.52862938011}
{"route_id":"744","segment_first_lat":34.2858463797,"segment_first_lon":-118.4070892769,"segment_second_lat":34.2838475225,"segment_second_lon":-118.4049707498,"segment_sequence":220002,"segment_id":11,"segment_len_meter":295.44025040110324,"segment_cum_len":21957.968879781216}
{"route_id":"744","segment_first_lat":34.2838475225,"segment_first_lon":-118.4049707498,"segment_second_lat":34.280860043,"segment_second_lon":-118.4018279606,"segment_sequence":220003,"segment_id":11,"segment_len_meter":440.1464653038984,"segment_cum_len":22398.115345085116}
{"route_id":"744","segment_first_lat":34.280860043,"segment_first_lon":-118.4018279606,"segment_second_lat":34.2806789557,"segment_second_lon":-118.402076689,"segment_sequence":220004,"segment_id":11,"segment_len_meter":30.458389017345066,"segment_cum_len":22428.57373410246}
{"route_id":"744","segment_first_lat":34.2806789557,"segment_first_lon":-118.402076689,"segment_second_lat":34.2784749508,"segment_second_lon":-118.405103567,"segment_sequence":230001,"segment_id":12,"segment_len_meter":370.68412489421905,"segment_cum_len":22799.25785899668}
{"route_id":"744","segment_first_lat":34.2784749508,"segment_first_lon":-118.405103567,"segment_second_lat":34.2778510439,"segment_second_lon":-118.4059645105,"segment_sequence":230002,"segment_id":12,"segment_len_meter":105.21662814810553,"segment_cum_len":22904.474487144784}
{"route_id":"744","segment_first_lat":34.2778510439,"segment_first_lon":-118.4059645105,"segment_second_lat":34.2767660813,"segment_second_lon":-118.4074653715,"segment_sequence":230003,"segment_id":12,"segment_len_meter":183.2262952443001,"segment_cum_len":23087.700782389085}
{"route_id":"744","segment_first_lat":34.2767660813,"segment_first_lon":-118.4074653715,"segment_second_lat":34.2760814482,"segment_second_lon":-118.4084021166,"segment_sequence":230004,"segment_id":12,"segment_len_meter":114.90759193923998,"segment_cum_len":23202.608374328327}
{"route_id":"744","segment_first_lat":34.2760814482,"segment_first_lon":-118.4084021166,"segment_second_lat":34.2740561932,"segment_second_lon":-118.411179962,"segment_sequence":230005,"segment_id":12,"segment_len_meter":340.38668970093056,"segment_cum_len":23542.99506402926}
