{"route_id":"211","segment_first_lat":33.8950300268,"segment_first_lon":-118.3698873505,"segment_second_lat":33.8952687761,"segment_second_lon":-118.3701684898,"segment_sequence":10001,"segment_id":1,"segment_len_meter":37.12299092017387,"segment_cum_len":37.12299092017387}
{"route_id":"211","segment_first_lat":33.8952687761,"segment_first_lon":-118.3701684898,"segment_second_lat":33.8951259405,"segment_second_lon":-118.3701513834,"segment_sequence":10002,"segment_id":1,"segment_len_meter":15.960880173206807,"segment_cum_len":53.08387109338068}
{"route_id":"211","segment_first_lat":33.8951259405,"segment_first_lon":-118.3701513834,"segment_second_lat":33.8946368605,"segment_second_lon":-118.3701393384,"segment_sequence":10003,"segment_id":1,"segment_len_meter":54.39457697749977,"segment_cum_len":107.47844807088045}
{"route_id":"211","segment_first_lat":33.8946368605,"segment_first_lon":-118.3701393384,"segment_second_lat":33.8946365201,"segment_second_lon":-118.3698922042,"segment_sequence":10004,"segment_id":1,"segment_len_meter":22.810261077717303,"segment_cum_len":130.28870914859775}
{"route_id":"211","segment_first_lat":33.8946365201,"segment_first_lon":-118.3698922042,"segment_second_lat":33.8946358821,"segment_second_lon":-118.3695626912,"segment_sequence":20001,"segment_id":1,"segment_len_meter":30.41379016445829,"segment_cum_len":160.70249931305602}
{"route_id":"211","segment_first_lat":33.8946358821,"segment_first_lon":-118.3695626912,"segment_second_lat":33.8946363063,"segment_second_lon":-118.3694242988,"segment_sequence":20002,"segment_id":1,"segment_len_meter":12.773561790763598,"segment_cum_len":173.47606110381963}
{"route_id":"211","segment_first_lat":33.8946363063,"segment_first_lon":-118.3694242988,"segment_second_lat":33.8946375781,"segment_second_lon":-118.3690091215,"segment_sequence":20003,"segment_id":1,"segment_len_meter":38.3206938915326,"segment_cum_len":211.79675499535222}
{"route_id":"211","segment_first_lat":33.8946375781,"segment_first_lon":-118.3690091215,"segment_second_lat":33.894639262,"segment_second_lon":-118.3666564262,"segment_sequence":20004,"segment_id":1,"segment_len_meter":217.15140602198147,"segment_cum_len":428.9481610173337}
{"route_id":"211","segment_first_lat":33.894639262,"segment_first_lon":-118.3666564262,"segment_second_lat":33.894640304,"segment_second_lon":-118.3663137402,"segment_sequence":20005,"segment_id":1,"segment_len_meter":31.629772522857376,"segment_cum_len":460.57793354019105}
{"route_id":"211","segment_first_lat":33.894640304,"segment_first_lon":-118.3663137402,"segment_second_lat":33.8946471677,"segment_second_lon":-118.3613085107,"segment_sequence":20006,"segment_id":1,"segment_len_meter":461.9780703051566,"segment_cum_len":922.5560038453477}
{"route_id":"211","segment_first_lat":33.8946471677,"segment_first_lon":-118.3613085107,"segment_second_lat":33.8949219538,"segment_second_lon":-118.3613080476,"segment_sequence":20007,"segment_id":1,"segment_len_meter":30.554850129761974,"segment_cum_len":953.1108539751096}
{"route_id":"211","segment_first_lat":33.8949219538,"segment_first_lon":-118.3613080476,"segment_second_lat":33.8964167882,"segment_second_lon":-118.3613062531,"segment_sequence":30001,"segment_id":2,"segment_len_meter":166.2180839741527,"segment_cum_len":1119.3289379492624}
{"route_id":"211","segment_first_lat":33.8964167882,"segment_first_lon":-118.3613062531,"segment_second_lat":33.8969855952,"segment_second_lon":-118.3613054097,"segment_sequence":30002,"segment_id":2,"segment_len_meter":63.24850054263742,"segment_cum_len":1182.5774384918998}
{"route_id":"211","segment_first_lat":33.8969855952,"segment_first_lon":-118.3613054097,"segment_second_lat":33.8973125849,"segment_second_lon":-118.3613068192,"segment_sequence":30003,"segment_id":2,"segment_len_meter":36.35982843250526,"segment_cum_len":1218.937266924405}
{"route_id":"211","segment_first_lat":33.8973125849,"segment_first_lon":-118.3613068192,"segment_second_lat":33.8978621572,"segment_second_lon":-118.361305893,"segment_sequence":30004,"segment_id":2,"segment_len_meter":61.109711375275594,"segment_cum_len":1280.0469782996806}
{"route_id":"211","segment_first_lat":33.8978621572,"segment_first_lon":-118.361305893,"segment_second_lat":33.8982963314,"segment_second_lon":-118.361301174,"segment_sequence":30005,"segment_id":2,"segment_len_meter":48.279932903802674,"segment_cum_len":1328.3269112034834}
{"route_id":"211","segment_first_lat":33.8982963314,"segment_first_lon":-118.361301174,"segment_second_lat":33.898433725,"segment_second_lon":-118.3613007777,"segment_sequence":30006,"segment_id":2,"segment_len_meter":15.27751505798847,"segment_cum_len":1343.6044262614719}
{"route_id":"211","segment_first_lat":33.898433725,"segment_first_lon":-118.3613007777,"segment_second_lat":33.8987414869,"segment_second_lon":-118.3612997976,"segment_sequence":40001,"segment_id":2,"segment_len_meter":34.22168144876446,"segment_cum_len":1377.8261077102363}
{"route_id":"211","segment_first_lat":33.8987414869,"segment_first_lon":-118.3612997976,"segment_second_lat":33.8996702674,"segment_second_lon":-118.3612972106,"segment_sequence":40002,"segment_id":2,"segment_len_meter":103.2759555674824,"segment_cum_len":1481.1020632777188}
{"route_id":"211","segment_first_lat":33.8996702674,"segment_first_lon":-118.3612972106,"segment_second_lat":33.9018328557,"segment_second_lon":-118.3612867604,"segment_sequence":40003,"segment_id":2,"segment_len_meter":240.4707815303712,"segment_cum_len":1721.57284480809}
{"route_id":"211","segment_first_lat":33.9018328557,"segment_first_lon":-118.3612867604,"segment_second_lat":33.9021076449,"segment_second_lon":-118.3612853085,"segment_sequence":40004,"segment_id":2,"segment_len_meter":30.55545875269772,"segment_cum_len":1752.1283035607876}
{"route_id":"211","segment_first_lat":33.9021076449,"segment_first_lon":-118.3612853085,"segment_second_lat":33.902811107,"segment_second_lon":-118.3612810909,"segment_sequence":50001,"segment_id":3,"segment_len_meter":78.22238507699215,"segment_cum_len":1830.3506886377797}
{"route_id":"211","segment_first_lat":33.902811107,"segment_first_lon":-118.3612810909,"segment_second_lat":33.9037041662,"segment_second_lon":-118.3612783496,"segment_sequence":50002,"segment_id":3,"segment_len_meter":99.30397450587108,"segment_cum_len":1929.6546631436509}
{"route_id":"211","segment_first_lat":33.9037041662,"segment_first_lon":-118.3612783496,"segment_second_lat":33.9044351045,"segment_second_lon":-118.3612749093,"segment_sequence":50003,"segment_id":3,"segment_len_meter":81.27725079480796,"segment_cum_len":2010.9319139384588}
{"route_id":"211","segment_first_lat":33.9044351045,"segment_first_lon":-118.3612749093,"segment_second_lat":33.9045615139,"segment_second_lon":-118.3612721587,"segment_sequence":50004,"segment_id":3,"segment_len_meter":14.058375979172991,"segment_cum_len":2024.9902899176318}
{"route_id":"211","segment_first_lat":33.9045615139,"segment_first_lon":-118.3612721587,"segment_second_lat":33.9052154937,"segment_second_lon":-118.3612749777,"segment_sequence":50005,"segment_id":3,"segment_len_meter":72.71970125820728,"segment_cum_len":2097.709991175839}
{"route_id":"211","segment_first_lat":33.9052154937,"segment_first_lon":-118.3612749777,"segment_second_lat":33.9059876394,"segment_second_lon":-118.3612750106,"segment_sequence":50006,"segment_id":3,"segment_len_meter":85.85868452459768,"segment_cum_len":2183.568675700437}
{"route_id":"211","segment_first_lat":33.9059876394,"segment_first_lon":-118.3612750106,"segment_second_lat":33.9060398479,"segment_second_lon":-118.3612752356,"segment_sequence":50007,"segment_id":3,"segment_len_meter":5.805357462243551,"segment_cum_len":2189.3740331626805}
{"route_id":"211","segment_first_lat":33.9060398479,"segment_first_lon":-118.3612752356,"segment_second_lat":33.9067982536,"segment_second_lon":-118.3612755388,"segment_sequence":50008,"segment_id":3,"segment_len_meter":84.33087082092715,"segment_cum_len":2273.7049039836074}
{"route_id":"211","segment_first_lat":33.9067982536,"segment_first_lon":-118.3612755388,"segment_second_lat":33.9068999238,"segment_second_lon":-118.3612756475,"segment_sequence":60001,"segment_id":3,"segment_len_meter":11.305214881085972,"segment_cum_len":2285.0101188646936}
{"route_id":"211","segment_first_lat":33.9068999238,"segment_first_lon":-118.3612756475,"segment_second_lat":33.9069603757,"segment_second_lon":-118.3612759081,"segment_sequence":60002,"segment_id":3,"segment_len_meter":6.721987608601708,"segment_cum_len":2291.7321064732955}
{"route_id":"211","segment_first_lat":33.9069603757,"segment_first_lon":-118.3612759081,"segment_second_lat":33.9077682432,"segment_second_lon":-118.3612760949,"segment_sequence":60003,"segment_id":3,"segment_len_meter":89.83076905520699,"segment_cum_len":2381.5628755285024}
{"route_id":"211","segment_first_lat":33.9077682432,"segment_first_lon":-118.3612760949,"segment_second_lat":33.9079441033,"segment_second_lon":-118.361276853,"segment_sequence":60004,"segment_id":3,"segment_len_meter":19.55487606773414,"segment_cum_len":2401.1177515962368}
{"route_id":"211","segment_first_lat":33.9079441033,"segment_first_lon":-118.361276853,"segment_second_lat":33.908631067,"segment_second_lon":-118.3612765187,"segment_sequence":60005,"segment_id":3,"segment_len_meter":76.38688445940497,"segment_cum_len":2477.5046360556416}
{"route_id":"211","segment_first_lat":33.908631067,"segment_first_lon":-118.3612765187,"segment_second_lat":33.9089278409,"segment_second_lon":-118.3612745023,"segment_sequence":60006,"segment_id":3,"segment_len_meter":33.0002766770324,"segment_cum_len":2510.5049127326743}
{"route_id":"211","segment_first_lat":33.9089278409,"segment_first_lon":-118.3612745023,"segment_second_lat":33.9094939008,"segment_second_lon":-118.3612736468,"segment_sequence":60007,"segment_id":3,"segment_len_meter":62.9430385688662,"segment_cum_len":2573.4479513015403}
{"route_id":"211","segment_first_lat":33.9094939008,"segment_first_lon":-118.3612736468,"segment_second_lat":33.9097164798,"segment_second_lon":-118.3612726288,"segment_sequence":60008,"segment_id":3,"segment_len_meter":24.749833870798874,"segment_cum_len":2598.197785172339}
{"route_id":"211","segment_first_lat":33.9097164798,"segment_first_lon":-118.3612726288,"segment_second_lat":33.9098538745,"segment_second_lon":-118.3612719028,"segment_sequence":70001,"segment_id":4,"segment_len_meter":15.277740489626197,"segment_cum_len":2613.475525661965}
{"route_id":"211","segment_first_lat":33.9098538745,"segment_first_lon":-118.3612719028,"segment_second_lat":33.9103622204,"segment_second_lon":-118.3612740942,"segment_sequence":70002,"segment_id":4,"segment_len_meter":56.52584680668543,"segment_cum_len":2670.0013724686505}
{"route_id":"211","segment_first_lat":33.9103622204,"segment_first_lon":-118.3612740942,"segment_second_lat":33.9108073764,"segment_second_lon":-118.3612727174,"segment_sequence":70003,"segment_id":4,"segment_len_meter":49.499251824206056,"segment_cum_len":2719.5006242928566}
{"route_id":"211","segment_first_lat":33.9108073764,"segment_first_lon":-118.3612727174,"segment_second_lat":33.9112360456,"segment_second_lon":-118.3612712696,"segment_sequence":70004,"segment_id":4,"segment_len_meter":47.66602749161432,"segment_cum_len":2767.166651784471}
{"route_id":"211","segment_first_lat":33.9112360456,"segment_first_lon":-118.3612712696,"segment_second_lat":33.9117334101,"segment_second_lon":-118.3612701179,"segment_sequence":70005,"segment_id":4,"segment_len_meter":55.30451121296335,"segment_cum_len":2822.4711629974345}
{"route_id":"211","segment_first_lat":33.9117334101,"segment_first_lon":-118.3612701179,"segment_second_lat":33.9120906262,"segment_second_lon":-118.3612716578,"segment_sequence":70006,"segment_id":4,"segment_len_meter":39.72087222381777,"segment_cum_len":2862.1920352212524}
{"route_id":"211","segment_first_lat":33.9120906262,"segment_first_lon":-118.3612716578,"segment_second_lat":33.9125220412,"segment_second_lon":-118.3612708809,"segment_sequence":70007,"segment_id":4,"segment_len_meter":47.971212849958576,"segment_cum_len":2910.163248071211}
{"route_id":"211","segment_first_lat":33.9125220412,"segment_first_lon":-118.3612708809,"segment_second_lat":33.912659434,"segment_second_lon":-118.361270814,"segment_sequence":80001,"segment_id":4,"segment_len_meter":15.277383564744335,"segment_cum_len":2925.4406316359555}
{"route_id":"211","segment_first_lat":33.912659434,"segment_first_lon":-118.361270814,"segment_second_lat":33.9129397113,"segment_second_lon":-118.3612720223,"segment_sequence":80002,"segment_id":4,"segment_len_meter":31.165613272717277,"segment_cum_len":2956.6062449086726}
{"route_id":"211","segment_first_lat":33.9129397113,"segment_first_lon":-118.3612720223,"segment_second_lat":33.9136074504,"segment_second_lon":-118.3612683092,"segment_sequence":80003,"segment_id":4,"segment_len_meter":74.24999083543536,"segment_cum_len":3030.856235744108}
{"route_id":"211","segment_first_lat":33.9136074504,"segment_first_lon":-118.3612683092,"segment_second_lat":33.9137970498,"segment_second_lon":-118.3612691265,"segment_sequence":80004,"segment_id":4,"segment_len_meter":21.082626274207858,"segment_cum_len":3051.938862018316}
{"route_id":"211","segment_first_lat":33.9137970498,"segment_first_lon":-118.3612691265,"segment_second_lat":33.9145334745,"segment_second_lon":-118.3612690053,"segment_sequence":80005,"segment_id":4,"segment_len_meter":81.88669125884806,"segment_cum_len":3133.825553277164}
{"route_id":"211","segment_first_lat":33.9145334745,"segment_first_lon":-118.3612690053,"segment_second_lat":33.9146681175,"segment_second_lon":-118.3612695858,"segment_sequence":80006,"segment_id":4,"segment_len_meter":14.971714336960599,"segment_cum_len":3148.797267614125}
{"route_id":"211","segment_first_lat":33.9146681175,"segment_first_lon":-118.3612695858,"segment_second_lat":33.9148055113,"segment_second_lon":-118.3612691893,"segment_sequence":80007,"segment_id":4,"segment_len_meter":15.277537324676976,"segment_cum_len":3164.0748049388017}
{"route_id":"211","segment_first_lat":33.9148055113,"segment_first_lon":-118.3612691893,"segment_second_lat":33.9154540129,"segment_second_lon":-118.3612663819,"segment_sequence":90001,"segment_id":5,"segment_len_meter":72.11055317584285,"segment_cum_len":3236.1853581146447}
{"route_id":"211","segment_first_lat":33.9154540129,"segment_first_lon":-118.3612663819,"segment_second_lat":33.9155117171,"segment_second_lon":-118.3612666307,"segment_sequence":90002,"segment_id":5,"segment_len_meter":6.416455359604409,"segment_cum_len":3242.601813474249}
{"route_id":"211","segment_first_lat":33.9155117171,"segment_first_lon":-118.3612666307,"segment_second_lat":33.9164157489,"segment_second_lon":-118.361270528,"segment_sequence":90003,"segment_id":5,"segment_len_meter":100.52439297081838,"segment_cum_len":3343.1262064450675}
{"route_id":"211","segment_first_lat":33.9164157489,"segment_first_lon":-118.361270528,"segment_second_lat":33.9166905316,"segment_second_lon":-118.361271383,"segment_sequence":90004,"segment_id":5,"segment_len_meter":30.554544027844102,"segment_cum_len":3373.6807504729118}
{"route_id":"211","segment_first_lat":33.9166905316,"segment_first_lon":-118.361271383,"segment_second_lat":33.9193256975,"segment_second_lon":-118.3612797773,"segment_sequence":100001,"segment_id":5,"segment_len_meter":293.0181027131881,"segment_cum_len":3666.6988531860998}
{"route_id":"211","segment_first_lat":33.9193256975,"segment_first_lon":-118.3612797773,"segment_second_lat":33.9199027393,"segment_second_lon":-118.3612822651,"segment_sequence":100002,"segment_id":5,"segment_len_meter":64.16453124777249,"segment_cum_len":3730.8633844338724}
{"route_id":"211","segment_first_lat":33.9199027393,"segment_first_lon":-118.3612822651,"segment_second_lat":33.9200401302,"segment_second_lon":-118.3612828574,"segment_sequence":110001,"segment_id":6,"segment_len_meter":15.277268803490719,"segment_cum_len":3746.140653237363}
{"route_id":"211","segment_first_lat":33.9200401302,"segment_first_lon":-118.3612828574,"segment_second_lat":33.9214744913,"segment_second_lon":-118.3612890416,"segment_sequence":110002,"segment_id":6,"segment_len_meter":159.49469804724362,"segment_cum_len":3905.6353512846067}
{"route_id":"211","segment_first_lat":33.9214744913,"segment_first_lon":-118.3612890416,"segment_second_lat":33.9228511484,"segment_second_lon":-118.3612949772,"segment_sequence":110003,"segment_id":6,"segment_len_meter":153.078264964873,"segment_cum_len":4058.71361624948}
{"route_id":"211","segment_first_lat":33.9228511484,"segment_first_lon":-118.3612949772,"segment_second_lat":33.923540851,"segment_second_lon":-118.361297951,"segment_sequence":110004,"segment_id":6,"segment_len_meter":76.69192086241472,"segment_cum_len":4135.405537111895}
{"route_id":"211","segment_first_lat":33.923540851,"segment_first_lon":-118.361297951,"segment_second_lat":33.9236782419,"segment_second_lon":-118.3612985434,"segment_sequence":120001,"segment_id":6,"segment_len_meter":15.277268828151561,"segment_cum_len":4150.682805940046}
{"route_id":"211","segment_first_lat":33.9236782419,"segment_first_lon":-118.3612985434,"segment_second_lat":33.9245822843,"segment_second_lon":-118.3612991452,"segment_sequence":120002,"segment_id":6,"segment_len_meter":100.52494368713737,"segment_cum_len":4251.207749627183}
{"route_id":"211","segment_first_lat":33.9245822843,"segment_first_lon":-118.3612991452,"segment_second_lat":33.9254863168,"segment_second_lon":-118.3613030433,"segment_sequence":120003,"segment_id":6,"segment_len_meter":100.52447093368552,"segment_cum_len":4351.732220560869}
{"route_id":"211","segment_first_lat":33.9254863168,"segment_first_lon":-118.3613030433,"segment_second_lat":33.9264040984,"segment_second_lon":-118.3613037044,"segment_sequence":120004,"segment_id":6,"segment_len_meter":102.05267591658625,"segment_cum_len":4453.784896477455}
{"route_id":"211","segment_first_lat":33.9264040984,"segment_first_lon":-118.3613037044,"segment_second_lat":33.9271844881,"segment_second_lon":-118.3613041027,"segment_sequence":120005,"segment_id":6,"segment_len_meter":86.77538322760907,"segment_cum_len":4540.560279705064}
{"route_id":"211","segment_first_lat":33.9271844881,"segment_first_lon":-118.3613041027,"segment_second_lat":33.92732188,"segment_second_lon":-118.3613043655,"segment_sequence":130001,"segment_id":7,"segment_len_meter":15.277301483118398,"segment_cum_len":4555.837581188182}
{"route_id":"211","segment_first_lat":33.92732188,"segment_first_lon":-118.3613043655,"segment_second_lat":33.9282066879,"segment_second_lon":-118.3613048844,"segment_sequence":130002,"segment_id":7,"segment_len_meter":98.38616118327815,"segment_cum_len":4654.2237423714605}
{"route_id":"211","segment_first_lat":33.9282066879,"segment_first_lon":-118.3613048844,"segment_second_lat":33.9291354511,"segment_second_lon":-118.3613088893,"segment_sequence":130003,"segment_id":7,"segment_len_meter":103.27441690538295,"segment_cum_len":4757.498159276844}
{"route_id":"211","segment_first_lat":33.9291354511,"segment_first_lon":-118.3613088893,"segment_second_lat":33.9300422417,"segment_second_lon":-118.3613095031,"segment_sequence":130004,"segment_id":7,"segment_len_meter":100.8305301514381,"segment_cum_len":4858.328689428282}
{"route_id":"211","segment_first_lat":33.9300422417,"segment_first_lon":-118.3613095031,"segment_second_lat":33.9309352834,"segment_second_lon":-118.3613133541,"segment_sequence":130005,"segment_id":7,"segment_len_meter":99.30234192637094,"segment_cum_len":4957.631031354653}
{"route_id":"211","segment_first_lat":33.9309352834,"segment_first_lon":-118.3613133541,"segment_second_lat":33.9311413699,"segment_second_lon":-118.3613142429,"segment_sequence":130006,"segment_id":7,"segment_len_meter":22.915919961696233,"segment_cum_len":4980.546951316349}
{"route_id":"211","segment_first_lat":33.9311413699,"segment_first_lon":-118.3613142429,"segment_second_lat":33.931248535,"segment_second_lon":-118.361314705,"segment_sequence":140001,"segment_id":7,"segment_len_meter":11.916291698513707,"segment_cum_len":4992.463243014862}
{"route_id":"211","segment_first_lat":33.931248535,"segment_first_lon":-118.361314705,"segment_second_lat":33.9313337273,"segment_second_lon":-118.3613117758,"segment_sequence":140002,"segment_id":7,"segment_len_meter":9.476805573226963,"segment_cum_len":5001.940048588089}
{"route_id":"211","segment_first_lat":33.9313337273,"segment_first_lon":-118.3613117758,"segment_second_lat":33.9315755355,"segment_second_lon":-118.3613128186,"segment_sequence":140003,"segment_id":7,"segment_len_meter":26.88801718194168,"segment_cum_len":5028.828065770031}
{"route_id":"211","segment_first_lat":33.9315755355,"segment_first_lon":-118.3613128186,"segment_second_lat":33.9318008568,"segment_second_lon":-118.3613137902,"segment_sequence":140004,"segment_id":7,"segment_len_meter":25.054745776257423,"segment_cum_len":5053.882811546288}
{"route_id":"211","segment_first_lat":33.9318008568,"segment_first_lon":-118.3613137902,"segment_second_lat":33.9321003792,"segment_second_lon":-118.3613117853,"segment_sequence":140005,"segment_id":7,"segment_len_meter":33.30588492714644,"segment_cum_len":5087.188696473435}
{"route_id":"211","segment_first_lat":33.9321003792,"segment_first_lon":-118.3613117853,"segment_second_lat":33.9326472034,"segment_second_lon":-118.3613115062,"segment_sequence":140006,"segment_id":7,"segment_len_meter":60.80408225866656,"segment_cum_len":5147.992778732101}
{"route_id":"211","segment_first_lat":33.9326472034,"segment_first_lon":-118.3613115062,"segment_second_lat":33.9327845965,"segment_second_lon":-118.3613114393,"segment_sequence":150001,"segment_id":8,"segment_len_meter":15.277416922435657,"segment_cum_len":5163.270195654537}
{"route_id":"211","segment_first_lat":33.9327845965,"segment_first_lon":-118.3613114393,"segment_second_lat":33.9336721526,"segment_second_lon":-118.3613119702,"segment_sequence":150002,"segment_id":8,"segment_len_meter":98.69174758674475,"segment_cum_len":5261.961943241282}
{"route_id":"211","segment_first_lat":33.9336721526,"segment_first_lon":-118.3613119702,"segment_second_lat":33.9344058298,"segment_second_lon":-118.3613121672,"segment_sequence":150003,"segment_id":8,"segment_len_meter":81.58118445877294,"segment_cum_len":5343.543127700055}
{"route_id":"211","segment_first_lat":33.9344058298,"segment_first_lon":-118.3613121672,"segment_second_lat":33.9345129958,"segment_second_lon":-118.3613122997,"segment_sequence":160001,"segment_id":8,"segment_len_meter":11.916321778431396,"segment_cum_len":5355.459449478487}
{"route_id":"211","segment_first_lat":33.9345129958,"segment_first_lon":-118.3613122997,"segment_second_lat":33.9345652143,"segment_second_lon":-118.3613092282,"segment_sequence":160002,"segment_id":8,"segment_len_meter":5.813342471254863,"segment_cum_len":5361.272791949742}
{"route_id":"211","segment_first_lat":33.9345652143,"segment_first_lon":-118.3613092282,"segment_second_lat":33.9381923886,"segment_second_lon":-118.3613083868,"segment_sequence":160003,"segment_id":8,"segment_len_meter":403.3233876850021,"segment_cum_len":5764.596179634744}
{"route_id":"211","segment_first_lat":33.9381923886,"segment_first_lon":-118.3613083868,"segment_second_lat":33.9383297807,"segment_second_lon":-118.3613086496,"segment_sequence":160004,"segment_id":8,"segment_len_meter":15.277323717498922,"segment_cum_len":5779.873503352243}
{"route_id":"211","segment_first_lat":33.9383297807,"segment_first_lon":-118.3613086496,"segment_second_lat":33.9416821422,"segment_second_lon":-118.3613171732,"segment_sequence":170001,"segment_id":9,"segment_len_meter":372.7664203771299,"segment_cum_len":6152.639923729373}
{"route_id":"211","segment_first_lat":33.9416821422,"segment_first_lon":-118.3613171732,"segment_second_lat":33.9418195344,"segment_second_lon":-118.3613174361,"segment_sequence":180001,"segment_id":9,"segment_len_meter":15.277334849448291,"segment_cum_len":6167.917258578821}
{"route_id":"211","segment_first_lat":33.9418195344,"segment_first_lon":-118.3613174361,"segment_second_lat":33.9451746447,"segment_second_lon":-118.3613259722,"segment_sequence":180002,"segment_id":9,"segment_len_meter":373.07207467684583,"segment_cum_len":6540.989333255667}
{"route_id":"211","segment_first_lat":33.9451746447,"segment_first_lon":-118.3613259722,"segment_second_lat":33.945449429,"segment_second_lon":-118.361326498,"segment_sequence":190001,"segment_id":10,"segment_len_meter":30.55465857679062,"segment_cum_len":6571.543991832457}
{"route_id":"211","segment_first_lat":33.945449429,"segment_first_lon":-118.361326498,"segment_second_lat":33.946386437,"segment_second_lon":-118.3613305395,"segment_sequence":190002,"segment_id":10,"segment_len_meter":104.19120278017131,"segment_cum_len":6675.735194612628}
{"route_id":"211","segment_first_lat":33.946386437,"segment_first_lon":-118.3613305395,"segment_second_lat":33.9472602353,"segment_second_lon":-118.3613376057,"segment_sequence":190003,"segment_id":10,"segment_len_meter":97.1641241333936,"segment_cum_len":6772.899318746022}
{"route_id":"211","segment_first_lat":33.9472602353,"segment_first_lon":-118.3613376057,"segment_second_lat":33.947306968,"segment_second_lon":-118.3613312129,"segment_sequence":190004,"segment_id":10,"segment_len_meter":5.2297903769283725,"segment_cum_len":6778.1291091229505}
{"route_id":"211","segment_first_lat":33.947306968,"segment_first_lon":-118.3613312129,"segment_second_lat":33.9485242543,"segment_second_lon":-118.3613364636,"segment_sequence":190005,"segment_id":10,"segment_len_meter":135.35692734798252,"segment_cum_len":6913.486036470933}
{"route_id":"211","segment_first_lat":33.9485242543,"segment_first_lon":-118.3613364636,"segment_second_lat":33.9489336653,"segment_second_lon":-118.3613431754,"segment_sequence":190006,"segment_id":10,"segment_len_meter":45.52863556473257,"segment_cum_len":6959.014672035665}
{"route_id":"211","segment_first_lat":33.9489336653,"segment_first_lon":-118.3613431754,"segment_second_lat":33.9490710516,"segment_second_lon":-118.3613454167,"segment_sequence":200001,"segment_id":10,"segment_len_meter":15.278058368391298,"segment_cum_len":6974.292730404057}
{"route_id":"211","segment_first_lat":33.9490710516,"segment_first_lon":-118.3613454167,"segment_second_lat":33.9494447854,"segment_second_lon":-118.3613371371,"segment_sequence":200002,"segment_id":10,"segment_len_meter":41.56431931301439,"segment_cum_len":7015.857049717071}
{"route_id":"211","segment_first_lat":33.9494447854,"segment_first_lon":-118.3613371371,"segment_second_lat":33.9501344895,"segment_second_lon":-118.3613401122,"segment_sequence":200003,"segment_id":10,"segment_len_meter":76.69208777681101,"segment_cum_len":7092.549137493882}
{"route_id":"211","segment_first_lat":33.9501344895,"segment_first_lon":-118.3613401122,"segment_second_lat":33.9508461762,"segment_second_lon":-118.3613431821,"segment_sequence":200004,"segment_id":10,"segment_len_meter":79.13645700308373,"segment_cum_len":7171.685594496966}
{"route_id":"211","segment_first_lat":33.9508461762,"segment_first_lon":-118.3613431821,"segment_second_lat":33.9517364814,"segment_second_lon":-118.3613437253,"segment_sequence":200005,"segment_id":10,"segment_len_meter":98.99743408362633,"segment_cum_len":7270.683028580592}
{"route_id":"211","segment_first_lat":33.9517364814,"segment_first_lon":-118.3613437253,"segment_second_lat":33.9520799596,"segment_second_lon":-118.361345207,"segment_sequence":200006,"segment_id":10,"segment_len_meter":38.1932777733358,"segment_cum_len":7308.876306353927}
{"route_id":"211","segment_first_lat":33.9520799596,"segment_first_lon":-118.361345207,"segment_second_lat":33.9521623548,"segment_second_lon":-118.3613587519,"segment_sequence":200007,"segment_id":10,"segment_len_meter":9.24671678686854,"segment_cum_len":7318.123023140795}
{"route_id":"211","segment_first_lat":33.9521623548,"segment_first_lon":-118.3613587519,"segment_second_lat":33.9522419726,"segment_second_lon":-118.3613821769,"segment_sequence":200008,"segment_id":10,"segment_len_meter":9.112939991348295,"segment_cum_len":7327.235963132143}
{"route_id":"211","segment_first_lat":33.9522419726,"segment_first_lon":-118.3613821769,"segment_second_lat":33.9523160454,"segment_second_lon":-118.3614220649,"segment_sequence":200009,"segment_id":10,"segment_len_meter":9.0208789411369,"segment_cum_len":7336.2568420732805}
{"route_id":"211","segment_first_lat":33.9523160454,"segment_first_lon":-118.3614220649,"segment_second_lat":33.9524372601,"segment_second_lon":-118.3615023844,"segment_sequence":200010,"segment_id":10,"segment_len_meter":15.38028020450774,"segment_cum_len":7351.637122277788}
{"route_id":"211","segment_first_lat":33.9524372601,"segment_first_lon":-118.3615023844,"segment_second_lat":33.9524613935,"segment_second_lon":-118.361518316,"segment_sequence":210001,"segment_id":11,"segment_len_meter":3.0595071955151663,"segment_cum_len":7354.696629473303}
{"route_id":"211","segment_first_lat":33.9524613935,"segment_first_lon":-118.361518316,"segment_second_lat":33.9525382239,"segment_second_lon":-118.3615549187,"segment_sequence":210002,"segment_id":11,"segment_len_meter":9.186046821889166,"segment_cum_len":7363.882676295192}
{"route_id":"211","segment_first_lat":33.9525382239,"segment_first_lon":-118.3615549187,"segment_second_lat":33.9526974495,"segment_second_lon":-118.3616050668,"segment_sequence":210003,"segment_id":11,"segment_len_meter":18.29931079977458,"segment_cum_len":7382.181987094967}
{"route_id":"211","segment_first_lat":33.9526974495,"segment_first_lon":-118.3616050668,"segment_second_lat":33.9526982203,"segment_second_lon":-118.3613478741,"segment_sequence":210004,"segment_id":11,"segment_len_meter":23.72259990405081,"segment_cum_len":7405.904586999018}
{"route_id":"211","segment_first_lat":33.9526982203,"segment_first_lon":-118.3613478741,"segment_second_lat":33.9527017214,"segment_second_lon":-118.3601773175,"segment_sequence":210005,"segment_id":11,"segment_len_meter":107.96824507566558,"segment_cum_len":7513.872832074683}
{"route_id":"211","segment_first_lat":33.9527017214,"segment_first_lon":-118.3601773175,"segment_second_lat":33.9527012653,"segment_second_lon":-118.3594090248,"segment_sequence":210006,"segment_id":11,"segment_len_meter":70.86431791884702,"segment_cum_len":7584.73714999353}
{"route_id":"211","segment_first_lat":33.9527012653,"segment_first_lon":-118.3594090248,"segment_second_lat":33.952976042,"segment_second_lon":-118.3594121822,"segment_sequence":210007,"segment_id":11,"segment_len_meter":30.55516288924507,"segment_cum_len":7615.292312882775}
{"route_id":"211","segment_first_lat":33.952976042,"segment_first_lon":-118.3594121822,"segment_second_lat":33.9535832977,"segment_second_lon":-118.3594194042,"segment_sequence":220001,"segment_id":11,"segment_len_meter":67.5270386067665,"segment_cum_len":7682.819351489542}
{"route_id":"211","segment_first_lat":33.9535832977,"segment_first_lon":-118.3594194042,"segment_second_lat":33.9540119389,"segment_second_lon":-118.3594278383,"segment_sequence":220002,"segment_id":11,"segment_len_meter":47.669074691333776,"segment_cum_len":7730.488426180876}
{"route_id":"211","segment_first_lat":33.9540119389,"segment_first_lon":-118.3594278383,"segment_second_lat":33.9544103639,"segment_second_lon":-118.3594328454,"segment_sequence":220003,"segment_id":11,"segment_len_meter":44.30524569975537,"segment_cum_len":7774.793671880631}
{"route_id":"211","segment_first_lat":33.9544103639,"segment_first_lon":-118.3594328454,"segment_second_lat":33.955111035,"segment_second_lon":-118.3594440958,"segment_sequence":220004,"segment_id":11,"segment_len_meter":77.9179814074897,"segment_cum_len":7852.711653288121}
{"route_id":"211","segment_first_lat":33.955111035,"segment_first_lon":-118.3594440958,"segment_second_lat":33.9552484214,"segment_second_lon":-118.3594463341,"segment_sequence":230001,"segment_id":12,"segment_len_meter":15.278065541764441,"segment_cum_len":7867.9897188298855}
{"route_id":"211","segment_first_lat":33.9552484214,"segment_first_lon":-118.3594463341,"segment_second_lat":33.9553555866,"segment_second_lon":-118.3594467939,"segment_sequence":230002,"segment_id":12,"segment_len_meter":11.916302017302097,"segment_cum_len":7879.906020847187}
{"route_id":"211","segment_first_lat":33.9553555866,"segment_first_lon":-118.3594467939,"segment_second_lat":33.9560177931,"segment_second_lon":-118.3594562307,"segment_sequence":230003,"segment_id":12,"segment_len_meter":73.6391471449505,"segment_cum_len":7953.545167992138}
{"route_id":"211","segment_first_lat":33.9560177931,"segment_first_lon":-118.3594562307,"segment_second_lat":33.9567047301,"segment_second_lon":-118.3594657738,"segment_sequence":230004,"segment_id":12,"segment_len_meter":76.38898036237977,"segment_cum_len":8029.934148354518}
{"route_id":"211","segment_first_lat":33.9567047301,"segment_first_lon":-118.3594657738,"segment_second_lat":33.9578038313,"segment_second_lon":-118.3594803834,"segment_sequence":230005,"segment_id":12,"segment_len_meter":122.22190520640348,"segment_cum_len":8152.1560535609215}
{"route_id":"211","segment_first_lat":33.9578038313,"segment_first_lon":-118.3594803834,"segment_second_lat":33.9586666233,"segment_second_lon":-118.3594926602,"segment_sequence":230006,"segment_id":12,"segment_len_meter":95.94477473077643,"segment_cum_len":8248.100828291697}
{"route_id":"211","segment_first_lat":33.9586666233,"segment_first_lon":-118.3594926602,"segment_second_lat":33.9588040108,"segment_second_lon":-118.3594945689,"segment_sequence":240001,"segment_id":12,"segment_len_meter":15.2778072201651,"segment_cum_len":8263.378635511863}
{"route_id":"211","segment_first_lat":33.9588040108,"segment_first_lon":-118.3594945689,"segment_second_lat":33.9597904512,"segment_second_lon":-118.3595086958,"segment_sequence":240002,"segment_id":12,"segment_len_meter":109.69490588379325,"segment_cum_len":8373.073541395655}
{"route_id":"211","segment_first_lat":33.9597904512,"segment_first_lon":-118.3595086958,"segment_second_lat":33.960276797,"segment_second_lon":-118.3595173787,"segment_sequence":240003,"segment_id":12,"segment_len_meter":54.08511443108391,"segment_cum_len":8427.158655826739}
{"route_id":"211","segment_first_lat":33.960276797,"segment_first_lon":-118.3595173787,"segment_second_lat":33.9617001421,"segment_second_lon":-118.3595333815,"segment_sequence":240004,"segment_id":12,"segment_len_meter":158.27563534517995,"segment_cum_len":8585.43429117192}
{"route_id":"211","segment_first_lat":33.9617001421,"segment_first_lon":-118.3595333815,"segment_second_lat":33.9617035976,"segment_second_lon":-118.3592036224,"segment_sequence":240005,"segment_id":12,"segment_len_meter":30.414893415814234,"segment_cum_len":8615.849184587734}
{"route_id":"211","segment_first_lat":33.9617035976,"segment_first_lon":-118.3592036224,"segment_second_lat":33.9617212143,"segment_second_lon":-118.3575284461,"segment_sequence":250001,"segment_id":13,"segment_len_meter":154.5077343763209,"segment_cum_len":8770.356918964055}
{"route_id":"211","segment_first_lat":33.9617212143,"segment_first_lon":-118.3575284461,"segment_second_lat":33.9617230768,"segment_second_lon":-118.3573635671,"segment_sequence":260001,"segment_id":13,"segment_len_meter":15.207589033424243,"segment_cum_len":8785.564507997478}
{"route_id":"211","segment_first_lat":33.9617230768,"segment_first_lon":-118.3573635671,"segment_second_lat":33.9617601872,"segment_second_lon":-118.3550322224,"segment_sequence":260002,"segment_id":13,"segment_len_meter":215.05082180889585,"segment_cum_len":9000.615329806375}
{"route_id":"211","segment_first_lat":33.9617601872,"segment_first_lon":-118.3550322224,"segment_second_lat":33.961762014,"segment_second_lon":-118.3547848996,"segment_sequence":260003,"segment_id":13,"segment_len_meter":22.810558790404325,"segment_cum_len":9023.42588859678}
{"route_id":"211","segment_first_lat":33.961762014,"segment_first_lon":-118.3547848996,"segment_second_lat":33.9617734171,"segment_second_lon":-118.3533339417,"segment_sequence":270001,"segment_id":14,"segment_len_meter":133.82240237232557,"segment_cum_len":9157.248290969104}
{"route_id":"211","segment_first_lat":33.9617734171,"segment_first_lon":-118.3533339417,"segment_second_lat":33.9617912052,"segment_second_lon":-118.3519489651,"segment_sequence":270002,"segment_id":14,"segment_len_meter":127.74647951190593,"segment_cum_len":9284.994770481011}
{"route_id":"211","segment_first_lat":33.9617912052,"segment_first_lon":-118.3519489651,"segment_second_lat":33.9618026859,"segment_second_lon":-118.3508376742,"segment_sequence":270003,"segment_id":14,"segment_len_meter":102.49809908773727,"segment_cum_len":9387.492869568749}
{"route_id":"211","segment_first_lat":33.9618026859,"segment_first_lon":-118.3508376742,"segment_second_lat":33.9618123095,"segment_second_lon":-118.3503628396,"segment_sequence":270004,"segment_id":14,"segment_len_meter":43.805262868920764,"segment_cum_len":9431.298132437669}
{"route_id":"211","segment_first_lat":33.9618123095,"segment_first_lon":-118.3503628396,"segment_second_lat":33.96201839,"segment_second_lon":-118.3503660101,"segment_sequence":270005,"segment_id":14,"segment_len_meter":22.91697157281401,"segment_cum_len":9454.215104010484}
{"route_id":"211","segment_first_lat":33.96201839,"segment_first_lon":-118.3503660101,"segment_second_lat":33.9629883419,"segment_second_lon":-118.3503809503,"segment_sequence":280001,"segment_id":14,"segment_len_meter":107.86253135821453,"segment_cum_len":9562.077635368698}
{"route_id":"211","segment_first_lat":33.9629883419,"segment_first_lon":-118.3503809503,"segment_second_lat":33.9643429698,"segment_second_lon":-118.3504044257,"segment_sequence":280002,"segment_id":14,"segment_len_meter":150.64330813135422,"segment_cum_len":9712.720943500051}
{"route_id":"211","segment_first_lat":33.9643429698,"segment_first_lon":-118.3504044257,"segment_second_lat":33.9644803555,"segment_second_lon":-118.3504069792,"segment_sequence":290001,"segment_id":15,"segment_len_meter":15.278407811950206,"segment_cum_len":9727.999351312}
{"route_id":"211","segment_first_lat":33.9644803555,"segment_first_lon":-118.3504069792,"segment_second_lat":33.9665960969,"segment_second_lon":-118.3504458425,"segment_sequence":290002,"segment_id":15,"segment_len_meter":235.2870087960978,"segment_cum_len":9963.286360108099}
{"route_id":"211","segment_first_lat":33.9665960969,"segment_first_lon":-118.3504458425,"segment_second_lat":33.9668021755,"segment_second_lon":-118.3504496729,"segment_sequence":300001,"segment_id":15,"segment_len_meter":22.917617343914326,"segment_cum_len":9986.203977452013}
{"route_id":"211","segment_first_lat":33.9668021755,"segment_first_lon":-118.3504496729,"segment_second_lat":33.9675764611,"segment_second_lon":-118.3487643526,"segment_sequence":300002,"segment_id":15,"segment_len_meter":177.6746211700767,"segment_cum_len":10163.87859862209}
{"route_id":"211","segment_first_lat":33.9675764611,"segment_first_lon":-118.3487643526,"segment_second_lat":33.9682496603,"segment_second_lon":-118.348773752,"segment_sequence":300003,"segment_id":15,"segment_len_meter":74.86135415546214,"segment_cum_len":10238.739952777552}
{"route_id":"211","segment_first_lat":33.9682496603,"segment_first_lon":-118.348773752,"segment_second_lat":33.9685685502,"segment_second_lon":-118.3439402001,"segment_sequence":300004,"segment_id":15,"segment_len_meter":447.1536741535813,"segment_cum_len":10685.893626931134}
{"route_id":"211","segment_first_lat":33.9685685502,"segment_first_lon":-118.3439402001,"segment_second_lat":33.9682937596,"segment_second_lon":-118.34394171,"segment_sequence":300005,"segment_id":15,"segment_len_meter":30.555637871245708,"segment_cum_len":10716.44926480238}
{"route_id":"211","segment_first_lat":33.9682937596,"segment_first_lon":-118.34394171,"segment_second_lat":33.967499616,"segment_second_lon":-118.3439457042,"segment_sequence":310001,"segment_id":16,"segment_len_meter":88.305507575722,"segment_cum_len":10804.754772378103}
{"route_id":"211","segment_first_lat":33.967499616,"segment_first_lon":-118.3439457042,"segment_second_lat":33.9673429887,"segment_second_lon":-118.3439453908,"segment_sequence":310002,"segment_id":16,"segment_len_meter":17.416185115091324,"segment_cum_len":10822.170957493194}
{"route_id":"211","segment_first_lat":33.9673429887,"segment_first_lon":-118.3439453908,"segment_second_lat":33.9659690652,"segment_second_lon":-118.3439427165,"segment_sequence":320001,"segment_id":16,"segment_len_meter":152.7735218654989,"segment_cum_len":10974.944479358694}
{"route_id":"211","segment_first_lat":33.9659690652,"segment_first_lon":-118.3439427165,"segment_second_lat":33.965559631,"segment_second_lon":-118.3439436734,"segment_sequence":320002,"segment_id":16,"segment_len_meter":45.52709136167836,"segment_cum_len":11020.471570720372}
{"route_id":"211","segment_first_lat":33.965559631,"segment_first_lon":-118.3439436734,"segment_second_lat":33.9654689507,"segment_second_lon":-118.3439439606,"segment_sequence":330001,"segment_id":17,"segment_len_meter":10.083224092881863,"segment_cum_len":11030.554794813253}
{"route_id":"211","segment_first_lat":33.9654689507,"segment_first_lon":-118.3439439606,"segment_second_lat":33.9646913074,"segment_second_lon":-118.3439434054,"segment_sequence":330002,"segment_id":17,"segment_len_meter":86.47000485814084,"segment_cum_len":11117.024799671395}
{"route_id":"211","segment_first_lat":33.9646913074,"segment_first_lon":-118.3439434054,"segment_second_lat":33.964553914,"segment_second_lon":-118.3439435007,"segment_sequence":340001,"segment_id":17,"segment_len_meter":15.277451562808187,"segment_cum_len":11132.302251234203}
{"route_id":"211","segment_first_lat":33.964553914,"segment_first_lon":-118.3439435007,"segment_second_lat":33.9636113991,"segment_second_lon":-118.343942928,"segment_sequence":340002,"segment_id":17,"segment_len_meter":104.80288847525694,"segment_cum_len":11237.10513970946}
{"route_id":"211","segment_first_lat":33.9636113991,"segment_first_lon":-118.343942928,"segment_second_lat":33.9626881284,"segment_second_lon":-118.3439391366,"segment_sequence":340003,"segment_id":17,"segment_len_meter":102.66361321438615,"segment_cum_len":11339.768752923846}
{"route_id":"211","segment_first_lat":33.9626881284,"segment_first_lon":-118.3439391366,"segment_second_lat":33.9617126396,"segment_second_lon":-118.3439384285,"segment_sequence":340004,"segment_id":17,"segment_len_meter":108.46942521756154,"segment_cum_len":11448.238178141408}
{"route_id":"211","segment_first_lat":33.9617126396,"segment_first_lon":-118.3439384285,"segment_second_lat":33.9607151683,"segment_second_lon":-118.3439376302,"segment_sequence":340005,"segment_id":17,"segment_len_meter":110.91377247000732,"segment_cum_len":11559.151950611415}
{"route_id":"211","segment_first_lat":33.9607151683,"segment_first_lon":-118.3439376302,"segment_second_lat":33.9600804123,"segment_second_lon":-118.3439376619,"segment_sequence":340006,"segment_id":17,"segment_len_meter":70.58164691736933,"segment_cum_len":11629.733597528784}
{"route_id":"211","segment_first_lat":33.9600804123,"segment_first_lon":-118.3439376619,"segment_second_lat":33.9598743233,"segment_second_lon":-118.3439374751,"segment_sequence":350001,"segment_id":18,"segment_len_meter":22.916057713582955,"segment_cum_len":11652.649655242367}
{"route_id":"211","segment_first_lat":33.9598743233,"segment_first_lon":-118.3439374751,"segment_second_lat":33.9586158084,"segment_second_lon":-118.3439356049,"segment_sequence":350002,"segment_id":18,"segment_len_meter":139.94057828778898,"segment_cum_len":11792.590233530156}
{"route_id":"211","segment_first_lat":33.9586158084,"segment_first_lon":-118.3439356049,"segment_second_lat":33.9567802403,"segment_second_lon":-118.3439346629,"segment_sequence":350003,"segment_id":18,"segment_len_meter":204.10587872174113,"segment_cum_len":11996.696112251897}
{"route_id":"211","segment_first_lat":33.9567802403,"segment_first_lon":-118.3439346629,"segment_second_lat":33.9565054556,"segment_second_lon":-118.3439341941,"segment_sequence":350004,"segment_id":18,"segment_len_meter":30.554695152649597,"segment_cum_len":12027.250807404547}
{"route_id":"211","segment_first_lat":33.9565054556,"segment_first_lon":-118.3439341941,"segment_second_lat":33.9553596039,"segment_second_lon":-118.3439321271,"segment_sequence":360001,"segment_id":18,"segment_len_meter":127.41303835566787,"segment_cum_len":12154.663845760215}
{"route_id":"211","segment_first_lat":33.9553596039,"segment_first_lon":-118.3439321271,"segment_second_lat":33.9552963756,"segment_second_lon":-118.3439417599,"segment_sequence":360002,"segment_id":18,"segment_len_meter":7.08658137396324,"segment_cum_len":12161.750427134179}
{"route_id":"211","segment_first_lat":33.9552963756,"segment_first_lon":-118.3439417599,"segment_second_lat":33.9541862627,"segment_second_lon":-118.3439339043,"segment_sequence":360003,"segment_id":18,"segment_len_meter":123.44104892523009,"segment_cum_len":12285.191476059408}
{"route_id":"211","segment_first_lat":33.9541862627,"segment_first_lon":-118.3439339043,"segment_second_lat":33.9527299142,"segment_second_lon":-118.3439279246,"segment_sequence":360004,"segment_id":18,"segment_len_meter":161.9395038545584,"segment_cum_len":12447.130979913967}
{"route_id":"211","segment_first_lat":33.9527299142,"segment_first_lon":-118.3439279246,"segment_second_lat":33.9526996693,"segment_second_lon":-118.3439343952,"segment_sequence":360005,"segment_id":18,"segment_len_meter":3.415625937079086,"segment_cum_len":12450.546605851046}
{"route_id":"211","segment_first_lat":33.9526996693,"segment_first_lon":-118.3439343952,"segment_second_lat":33.9524556613,"segment_second_lon":-118.343933723,"segment_sequence":360006,"segment_id":18,"segment_len_meter":27.13252250127315,"segment_cum_len":12477.67912835232}
{"route_id":"211","segment_first_lat":33.9524556613,"segment_first_lon":-118.343933723,"segment_second_lat":33.9492786155,"segment_second_lon":-118.3439236463,"segment_sequence":370001,"segment_id":19,"segment_len_meter":353.27259737150354,"segment_cum_len":12830.951725723824}
{"route_id":"211","segment_first_lat":33.9492786155,"segment_first_lon":-118.3439236463,"segment_second_lat":33.9491412241,"segment_second_lon":-118.3439230822,"segment_sequence":380001,"segment_id":19,"segment_len_meter":15.277315252244287,"segment_cum_len":12846.229040976068}
{"route_id":"211","segment_first_lat":33.9491412241,"segment_first_lon":-118.3439230822,"segment_second_lat":33.9478937016,"segment_second_lon":-118.3439212576,"segment_sequence":380002,"segment_id":19,"segment_len_meter":138.71827497286404,"segment_cum_len":12984.947315948932}
{"route_id":"211","segment_first_lat":33.9478937016,"segment_first_lon":-118.3439212576,"segment_second_lat":33.9466846487,"segment_second_lon":-118.343919591,"segment_sequence":380003,"segment_id":19,"segment_len_meter":134.44063641909517,"segment_cum_len":13119.387952368026}
{"route_id":"211","segment_first_lat":33.9466846487,"segment_first_lon":-118.343919591,"segment_second_lat":33.9454673525,"segment_second_lon":-118.3439178906,"segment_sequence":380004,"segment_id":19,"segment_len_meter":135.35725254158058,"segment_cum_len":13254.745204909606}
{"route_id":"211","segment_first_lat":33.9454673525,"segment_first_lon":-118.3439178906,"segment_second_lat":33.94519257,"segment_second_lon":-118.3439167625,"segment_sequence":380005,"segment_id":19,"segment_len_meter":30.55459713193343,"segment_cum_len":13285.29980204154}
{"route_id":"211","segment_first_lat":33.94519257,"segment_first_lon":-118.3439167625,"segment_second_lat":33.944546831,"segment_second_lon":-118.3439141115,"segment_sequence":390001,"segment_id":20,"segment_len_meter":71.8033171535627,"segment_cum_len":13357.103119195102}
{"route_id":"211","segment_first_lat":33.944546831,"segment_first_lon":-118.3439141115,"segment_second_lat":33.9436345436,"segment_second_lon":-118.3439136634,"segment_sequence":390002,"segment_id":20,"segment_len_meter":101.44173894314997,"segment_cum_len":13458.544858138252}
{"route_id":"211","segment_first_lat":33.9436345436,"segment_first_lon":-118.3439136634,"segment_second_lat":33.94271677,"segment_second_lon":-118.3439098957,"segment_sequence":390003,"segment_id":20,"segment_len_meter":102.05235996208589,"segment_cum_len":13560.597218100338}
{"route_id":"211","segment_first_lat":33.94271677,"segment_first_lon":-118.3439098957,"segment_second_lat":33.9418374566,"segment_second_lon":-118.343909583,"segment_sequence":390004,"segment_id":20,"segment_len_meter":97.77519326548601,"segment_cum_len":13658.372411365825}
{"route_id":"211","segment_first_lat":33.9418374566,"segment_first_lon":-118.343909583,"segment_second_lat":33.9415626713,"segment_second_lon":-118.343909444,"segment_sequence":390005,"segment_id":20,"segment_len_meter":30.554733967042484,"segment_cum_len":13688.927145332867}
{"route_id":"211","segment_first_lat":33.9415626713,"segment_first_lon":-118.343909444,"segment_second_lat":33.9409306651,"segment_second_lon":-118.3439091574,"segment_sequence":400001,"segment_id":20,"segment_len_meter":70.2758880210942,"segment_cum_len":13759.203033353962}
{"route_id":"211","segment_first_lat":33.9409306651,"segment_first_lon":-118.3439091574,"segment_second_lat":33.940807013,"segment_second_lon":-118.3439086498,"segment_sequence":400002,"segment_id":20,"segment_len_meter":13.749565923844225,"segment_cum_len":13772.952599277807}
{"route_id":"211","segment_first_lat":33.940807013,"segment_first_lon":-118.3439086498,"segment_second_lat":33.9400293786,"segment_second_lon":-118.3439054576,"segment_sequence":400003,"segment_id":20,"segment_len_meter":86.46950149963725,"segment_cum_len":13859.422100777445}
{"route_id":"211","segment_first_lat":33.9400293786,"segment_first_lon":-118.3439054576,"segment_second_lat":33.9397903085,"segment_second_lon":-118.3439077731,"segment_sequence":400004,"segment_id":20,"segment_len_meter":26.584240404737198,"segment_cum_len":13886.006341182183}
{"route_id":"211","segment_first_lat":33.9397903085,"segment_first_lon":-118.3439077731,"segment_second_lat":33.9391280828,"segment_second_lon":-118.3439050547,"segment_sequence":400005,"segment_id":20,"segment_len_meter":73.63656514645065,"segment_cum_len":13959.642906328634}
{"route_id":"211","segment_first_lat":33.9391280828,"segment_first_lon":-118.3439050547,"segment_second_lat":33.9387736135,"segment_second_lon":-118.3439035996,"segment_sequence":400006,"segment_id":20,"segment_len_meter":39.41541638909045,"segment_cum_len":13999.058322717725}
{"route_id":"211","segment_first_lat":33.9387736135,"segment_first_lon":-118.3439035996,"segment_second_lat":33.9383559367,"segment_second_lon":-118.3439045226,"segment_sequence":400007,"segment_id":20,"segment_len_meter":46.443619190616424,"segment_cum_len":14045.501941908342}
{"route_id":"211","segment_first_lat":33.9383559367,"segment_first_lon":-118.3439045226,"segment_second_lat":33.9382185437,"segment_second_lon":-118.343904618,"segment_sequence":410001,"segment_id":21,"segment_len_meter":15.277407090927914,"segment_cum_len":14060.77934899927}
{"route_id":"211","segment_first_lat":33.9382185437,"segment_first_lon":-118.343904618,"segment_second_lat":33.93773216,"segment_second_lon":-118.343909215,"segment_sequence":410002,"segment_id":21,"segment_len_meter":54.08506249022813,"segment_cum_len":14114.864411489498}
{"route_id":"211","segment_first_lat":33.93773216,"segment_first_lon":-118.343909215,"segment_second_lat":33.9367704217,"segment_second_lon":-118.3439052672,"segment_sequence":410003,"segment_id":21,"segment_len_meter":106.94103986994308,"segment_cum_len":14221.805451359442}
{"route_id":"211","segment_first_lat":33.9367704217,"segment_first_lon":-118.3439052672,"segment_second_lat":33.9358086835,"segment_second_lon":-118.3439013195,"segment_sequence":410004,"segment_id":21,"segment_len_meter":106.94102873211747,"segment_cum_len":14328.746480091559}
{"route_id":"211","segment_first_lat":33.9358086835,"segment_first_lon":-118.3439013195,"segment_second_lat":33.9348359446,"segment_second_lon":-118.3439006234,"segment_sequence":410005,"segment_id":21,"segment_len_meter":108.16364969325699,"segment_cum_len":14436.910129784816}
{"route_id":"211","segment_first_lat":33.9348359446,"segment_first_lon":-118.3439006234,"segment_second_lat":33.9347095447,"segment_second_lon":-118.3439001045,"segment_sequence":410006,"segment_id":21,"segment_len_meter":14.05510913352825,"segment_cum_len":14450.965238918343}
{"route_id":"211","segment_first_lat":33.9347095447,"segment_first_lon":-118.3439001045,"segment_second_lat":33.9345721536,"segment_second_lon":-118.3438995406,"segment_sequence":420001,"segment_id":21,"segment_len_meter":15.277281861645207,"segment_cum_len":14466.242520779988}
{"route_id":"211","segment_first_lat":33.9345721536,"segment_first_lon":-118.3438995406,"segment_second_lat":33.9338714493,"segment_second_lon":-118.3438999611,"segment_sequence":420002,"segment_id":21,"segment_len_meter":77.91477289587228,"segment_cum_len":14544.15729367586}
{"route_id":"211","segment_first_lat":33.9338714493,"segment_first_lon":-118.3438999611,"segment_second_lat":33.9329124497,"segment_second_lon":-118.3438993214,"segment_sequence":420003,"segment_id":21,"segment_len_meter":106.63590650553974,"segment_cum_len":14650.7932001814}
{"route_id":"211","segment_first_lat":33.9329124497,"segment_first_lon":-118.3438993214,"segment_second_lat":33.9319534596,"segment_second_lon":-118.3438953852,"segment_sequence":420004,"segment_id":21,"segment_len_meter":106.63545216900302,"segment_cum_len":14757.428652350403}
{"route_id":"211","segment_first_lat":33.9319534596,"segment_first_lon":-118.3438953852,"segment_second_lat":33.931884764,"segment_second_lon":-118.3438951033,"segment_sequence":420005,"segment_id":21,"segment_len_meter":7.638646477761647,"segment_cum_len":14765.067298828166}
{"route_id":"211","segment_first_lat":33.931884764,"segment_first_lon":-118.3438951033,"segment_second_lat":33.9309587385,"segment_second_lon":-118.343894599,"segment_sequence":420006,"segment_id":21,"segment_len_meter":102.96934805485647,"segment_cum_len":14868.036646883022}
{"route_id":"211","segment_first_lat":33.9309587385,"segment_first_lon":-118.343894599,"segment_second_lat":33.9306839562,"segment_second_lon":-118.3438934712,"segment_sequence":420007,"segment_id":21,"segment_len_meter":30.554574859603076,"segment_cum_len":14898.591221742625}
{"route_id":"211","segment_first_lat":33.9306839562,"segment_first_lon":-118.3438934712,"segment_second_lat":33.9305355738,"segment_second_lon":-118.3438928622,"segment_sequence":430001,"segment_id":22,"segment_len_meter":16.499465750415844,"segment_cum_len":14915.09068749304}
{"route_id":"211","segment_first_lat":33.9305355738,"segment_first_lon":-118.3438928622,"segment_second_lat":33.9303294872,"segment_second_lon":-118.3438920163,"segment_sequence":430002,"segment_id":22,"segment_len_meter":22.915917262288655,"segment_cum_len":14938.00660475533}
{"route_id":"211","segment_first_lat":33.9303294872,"segment_first_lon":-118.3438920163,"segment_second_lat":33.9301948345,"segment_second_lon":-118.3438947602,"segment_sequence":430003,"segment_id":22,"segment_len_meter":14.97483706058831,"segment_cum_len":14952.981441815919}
{"route_id":"211","segment_first_lat":33.9301948345,"segment_first_lon":-118.3438947602,"segment_second_lat":33.9298376176,"segment_second_lon":-118.343893294,"segment_sequence":430004,"segment_id":22,"segment_len_meter":39.72093733263648,"segment_cum_len":14992.702379148555}
{"route_id":"211","segment_first_lat":33.9298376176,"segment_first_lon":-118.343893294,"segment_second_lat":33.9295738267,"segment_second_lon":-118.3438922113,"segment_sequence":430005,"segment_id":22,"segment_len_meter":29.332379864091838,"segment_cum_len":15022.034759012648}
{"route_id":"211","segment_first_lat":33.9295738267,"segment_first_lon":-118.3438922113,"segment_second_lat":33.9294776435,"segment_second_lon":-118.343895113,"segment_sequence":430006,"segment_id":22,"segment_len_meter":10.698433992270314,"segment_cum_len":15032.733193004919}
{"route_id":"211","segment_first_lat":33.9294776435,"segment_first_lon":-118.343895113,"segment_second_lat":33.9292743047,"segment_second_lon":-118.3438942785,"segment_sequence":430007,"segment_id":22,"segment_len_meter":22.610374035681332,"segment_cum_len":15055.3435670406}
{"route_id":"211","segment_first_lat":33.9292743047,"segment_first_lon":-118.3438942785,"segment_second_lat":33.9291479049,"segment_second_lon":-118.3438937597,"segment_sequence":430008,"segment_id":22,"segment_len_meter":14.055097993126791,"segment_cum_len":15069.398665033727}
{"route_id":"211","segment_first_lat":33.9291479049,"segment_first_lon":-118.3438937597,"segment_second_lat":33.9280322798,"segment_second_lon":-118.3438924773,"segment_sequence":430009,"segment_id":22,"segment_len_meter":124.05190758086081,"segment_cum_len":15193.450572614587}
{"route_id":"211","segment_first_lat":33.9280322798,"segment_first_lon":-118.3438924773,"segment_second_lat":33.9273178462,"segment_second_lon":-118.3438895451,"segment_sequence":430010,"segment_id":22,"segment_len_meter":79.4418523892937,"segment_cum_len":15272.892425003882}
{"route_id":"211","segment_first_lat":33.9273178462,"segment_first_lon":-118.3438895451,"segment_second_lat":33.9270980205,"segment_second_lon":-118.3438886429,"segment_sequence":430011,"segment_id":22,"segment_len_meter":24.44364431966617,"segment_cum_len":15297.336069323548}
{"route_id":"211","segment_first_lat":33.9270980205,"segment_first_lon":-118.3438886429,"segment_second_lat":33.927059551,"segment_second_lon":-118.343888485,"segment_sequence":440001,"segment_id":22,"segment_len_meter":4.277638038484903,"segment_cum_len":15301.613707362034}
{"route_id":"211","segment_first_lat":33.927059551,"segment_first_lon":-118.343888485,"segment_second_lat":33.9261005332,"segment_second_lon":-118.3438944381,"segment_sequence":440002,"segment_id":22,"segment_len_meter":106.63932844448321,"segment_cum_len":15408.253035806518}
{"route_id":"211","segment_first_lat":33.9261005332,"segment_first_lon":-118.3438944381,"segment_second_lat":33.9251388146,"segment_second_lon":-118.3438838985,"segment_sequence":440003,"segment_id":22,"segment_len_meter":106.94265052263822,"segment_cum_len":15515.195686329156}
{"route_id":"211","segment_first_lat":33.9251388146,"segment_first_lon":-118.3438838985,"segment_second_lat":33.9241880592,"segment_second_lon":-118.3438832929,"segment_sequence":440004,"segment_id":22,"segment_len_meter":105.71919172613985,"segment_cum_len":15620.914878055297}
{"route_id":"211","segment_first_lat":33.9241880592,"segment_first_lon":-118.3438832929,"segment_second_lat":33.9236961993,"segment_second_lon":-118.3438812743,"segment_sequence":440005,"segment_id":22,"segment_len_meter":54.69264263053299,"segment_cum_len":15675.60752068583}
{"route_id":"211","segment_first_lat":33.9236961993,"segment_first_lon":-118.3438812743,"segment_second_lat":33.9234214153,"segment_second_lon":-118.3438808059,"segment_sequence":440006,"segment_id":22,"segment_len_meter":30.554617288031764,"segment_cum_len":15706.16213797386}
{"route_id":"211","segment_first_lat":33.9234214153,"segment_first_lon":-118.3438808059,"segment_second_lat":33.9219101066,"segment_second_lon":-118.3438772407,"segment_sequence":450001,"segment_id":23,"segment_len_meter":168.05018199727655,"segment_cum_len":15874.212319971137}
{"route_id":"211","segment_first_lat":33.9219101066,"segment_first_lon":-118.3438772407,"segment_second_lat":33.9202064404,"segment_second_lon":-118.343876512,"segment_sequence":450002,"segment_id":23,"segment_len_meter":189.43905006817252,"segment_cum_len":16063.65137003931}
{"route_id":"211","segment_first_lat":33.9202064404,"segment_first_lon":-118.343876512,"segment_second_lat":33.9200690484,"segment_second_lon":-118.3438762778,"segment_sequence":460001,"segment_id":23,"segment_len_meter":15.277308645241442,"segment_cum_len":16078.928678684551}
{"route_id":"211","segment_first_lat":33.9200690484,"segment_first_lon":-118.3438762778,"segment_second_lat":33.9196870921,"segment_second_lon":-118.3438780065,"segment_sequence":460002,"segment_id":23,"segment_len_meter":42.47190229389497,"segment_cum_len":16121.400580978447}
{"route_id":"211","segment_first_lat":33.9196870921,"segment_first_lon":-118.3438780065,"segment_second_lat":33.9194810056,"segment_second_lon":-118.3438771607,"segment_sequence":460003,"segment_id":23,"segment_len_meter":22.91590614509206,"segment_cum_len":16144.316487123539}
{"route_id":"211","segment_first_lat":33.9194810056,"segment_first_lon":-118.3438771607,"segment_second_lat":33.9181977646,"segment_second_lon":-118.3438751909,"segment_sequence":460004,"segment_id":23,"segment_len_meter":142.69000462433362,"segment_cum_len":16287.006491747872}
{"route_id":"211","segment_first_lat":33.9181977646,"segment_first_lon":-118.3438751909,"segment_second_lat":33.9177443744,"segment_second_lon":-118.3438733304,"segment_sequence":460005,"segment_id":23,"segment_len_meter":50.41498232909802,"segment_cum_len":16337.42147407697}
{"route_id":"211","segment_first_lat":33.9177443744,"segment_first_lon":-118.3438733304,"segment_second_lat":33.9164391509,"segment_second_lon":-118.3438712704,"segment_sequence":460006,"segment_id":23,"segment_len_meter":145.1343558176641,"segment_cum_len":16482.555829894634}
{"route_id":"211","segment_first_lat":33.9164391509,"segment_first_lon":-118.3438712704,"segment_second_lat":33.9161643662,"segment_second_lon":-118.3438711316,"segment_sequence":460007,"segment_id":23,"segment_len_meter":30.55466724355578,"segment_cum_len":16513.11049713819}
{"route_id":"211","segment_first_lat":33.9161643662,"segment_first_lon":-118.3438711316,"segment_second_lat":33.915356501,"segment_second_lon":-118.3438701238,"segment_sequence":470001,"segment_id":24,"segment_len_meter":89.83055978929323,"segment_cum_len":16602.941056927484}
{"route_id":"211","segment_first_lat":33.915356501,"segment_first_lon":-118.3438701238,"segment_second_lat":33.9142188947,"segment_second_lon":-118.3438687517,"segment_sequence":470002,"segment_id":24,"segment_len_meter":126.49611244421719,"segment_cum_len":16729.4371693717}
{"route_id":"211","segment_first_lat":33.9142188947,"segment_first_lon":-118.3438687517,"segment_second_lat":33.913240663,"segment_second_lon":-118.343867704,"segment_sequence":470003,"segment_id":24,"segment_len_meter":108.7744450875727,"segment_cum_len":16838.211614459273}
{"route_id":"211","segment_first_lat":33.913240663,"segment_first_lon":-118.343867704,"segment_second_lat":33.9131032711,"segment_second_lon":-118.3438674699,"segment_sequence":480001,"segment_id":24,"segment_len_meter":15.277297515800914,"segment_cum_len":16853.488911975073}
{"route_id":"211","segment_first_lat":33.9131032711,"segment_first_lon":-118.3438674699,"segment_second_lat":33.9128229843,"segment_second_lon":-118.3438696156,"segment_sequence":480002,"segment_id":24,"segment_len_meter":31.167099125140595,"segment_cum_len":16884.656011100215}
{"route_id":"211","segment_first_lat":33.9128229843,"segment_first_lon":-118.3438696156,"segment_second_lat":33.9119711608,"segment_second_lon":-118.3438661204,"segment_sequence":480003,"segment_id":24,"segment_len_meter":94.71900074645072,"segment_cum_len":16979.375011846667}
{"route_id":"211","segment_first_lat":33.9119711608,"segment_first_lon":-118.3438661204,"segment_second_lat":33.9108582758,"segment_second_lon":-118.3438681456,"segment_sequence":480004,"segment_id":24,"segment_len_meter":123.74730706002256,"segment_cum_len":17103.122318906688}
{"route_id":"211","segment_first_lat":33.9108582758,"segment_first_lon":-118.3438681456,"segment_second_lat":33.909877305,"segment_second_lon":-118.3438641206,"segment_sequence":480005,"segment_id":24,"segment_len_meter":109.07960854790241,"segment_cum_len":17212.20192745459}
{"route_id":"211","segment_first_lat":33.909877305,"segment_first_lon":-118.3438641206,"segment_second_lat":33.9097399142,"segment_second_lon":-118.3438635569,"segment_sequence":490001,"segment_id":25,"segment_len_meter":15.277248492353536,"segment_cum_len":17227.479175946944}
{"route_id":"211","segment_first_lat":33.9097399142,"segment_first_lon":-118.3438635569,"segment_second_lat":33.9091820979,"segment_second_lon":-118.3438645639,"segment_sequence":490002,"segment_id":25,"segment_len_meter":62.026412173669705,"segment_cum_len":17289.505588120614}
{"route_id":"211","segment_first_lat":33.9091820979,"segment_first_lon":-118.3438645639,"segment_second_lat":33.9086160476,"segment_second_lon":-118.3438622414,"segment_sequence":490003,"segment_id":25,"segment_len_meter":62.94228649810932,"segment_cum_len":17352.447874618723}
{"route_id":"211","segment_first_lat":33.9086160476,"segment_first_lon":-118.3438622414,"segment_second_lat":33.9074921905,"segment_second_lon":-118.3438576303,"segment_sequence":490004,"segment_id":25,"segment_len_meter":124.96793229372771,"segment_cum_len":17477.41580691245}
{"route_id":"211","segment_first_lat":33.9074921905,"segment_first_lon":-118.3438576303,"segment_second_lat":33.9068217139,"segment_second_lon":-118.3438581751,"segment_sequence":490005,"segment_id":25,"segment_len_meter":74.55361330668481,"segment_cum_len":17551.969420219135}
{"route_id":"211","segment_first_lat":33.9068217139,"segment_first_lon":-118.3438581751,"segment_second_lat":33.9063738198,"segment_second_lon":-118.3438563374,"segment_sequence":490006,"segment_id":25,"segment_len_meter":49.80384034883935,"segment_cum_len":17601.773260567974}
{"route_id":"211","segment_first_lat":33.9063738198,"segment_first_lon":-118.3438563374,"segment_second_lat":33.9055576996,"segment_second_lon":-118.3438595802,"segment_sequence":490007,"segment_id":25,"segment_len_meter":90.74891922790746,"segment_cum_len":17692.52217979588}
{"route_id":"211","segment_first_lat":33.9055576996,"segment_first_lon":-118.3438595802,"segment_second_lat":33.9052554398,"segment_second_lon":-118.3438583401,"segment_sequence":490008,"segment_id":25,"segment_len_meter":33.60995113890209,"segment_cum_len":17726.132130934784}
{"route_id":"211","segment_first_lat":33.9052554398,"segment_first_lon":-118.3438583401,"segment_second_lat":33.9049806582,"segment_second_lon":-118.3438572127,"segment_sequence":490009,"segment_id":25,"segment_len_meter":30.554497004201902,"segment_cum_len":17756.686627938987}
{"route_id":"211","segment_first_lat":33.9049806582,"segment_first_lon":-118.3438572127,"segment_second_lat":33.9041260875,"segment_second_lon":-118.3438537067,"segment_sequence":500001,"segment_id":25,"segment_len_meter":95.02447717294453,"segment_cum_len":17851.711105111932}
{"route_id":"211","segment_first_lat":33.9041260875,"segment_first_lon":-118.3438537067,"segment_second_lat":33.9030049787,"segment_second_lon":-118.3438491073,"segment_sequence":500002,"segment_id":25,"segment_len_meter":124.66233344899396,"segment_cum_len":17976.373438560924}
{"route_id":"211","segment_first_lat":33.9030049787,"segment_first_lon":-118.3438491073,"segment_second_lat":33.9021916253,"segment_second_lon":-118.3438457705,"segment_sequence":500003,"segment_id":25,"segment_len_meter":90.44129594587403,"segment_cum_len":18066.8147345068}
{"route_id":"211","segment_first_lat":33.9021916253,"segment_first_lon":-118.3438457705,"segment_second_lat":33.9019168438,"segment_second_lon":-118.3438446433,"segment_sequence":510001,"segment_id":26,"segment_len_meter":30.554485834456163,"segment_cum_len":18097.369220341254}
{"route_id":"211","segment_first_lat":33.9019168438,"segment_first_lon":-118.3438446433,"segment_second_lat":33.9001225018,"segment_second_lon":-118.3438438729,"segment_sequence":510002,"segment_id":26,"segment_len_meter":199.5217397346244,"segment_cum_len":18296.890960075878}
{"route_id":"211","segment_first_lat":33.9001225018,"segment_first_lon":-118.3438438729,"segment_second_lat":33.8984353352,"segment_second_lon":-118.3438399175,"segment_sequence":510003,"segment_id":26,"segment_len_meter":187.60472150848233,"segment_cum_len":18484.49568158436}
{"route_id":"211","segment_first_lat":33.8984353352,"segment_first_lon":-118.3438399175,"segment_second_lat":33.8982979436,"segment_second_lon":-118.3438396834,"segment_sequence":520001,"segment_id":26,"segment_len_meter":15.277264162067082,"segment_cum_len":18499.77294574643}
{"route_id":"211","segment_first_lat":33.8982979436,"segment_first_lon":-118.3438396834,"segment_second_lat":33.8964514031,"segment_second_lon":-118.3438354039,"segment_sequence":520002,"segment_id":26,"segment_len_meter":205.32631535064922,"segment_cum_len":18705.09926109708}
{"route_id":"211","segment_first_lat":33.8964514031,"segment_first_lon":-118.3438354039,"segment_second_lat":33.8961820798,"segment_second_lon":-118.3438474798,"segment_sequence":520003,"segment_id":26,"segment_len_meter":29.968118263735516,"segment_cum_len":18735.067379360815}
{"route_id":"211","segment_first_lat":33.8961820798,"segment_first_lon":-118.3438474798,"segment_second_lat":33.8958221068,"segment_second_lon":-118.3438492983,"segment_sequence":520004,"segment_id":26,"segment_len_meter":40.02752322943299,"segment_cum_len":18775.09490259025}
{"route_id":"211","segment_first_lat":33.8958221068,"segment_first_lon":-118.3438492983,"segment_second_lat":33.8952011385,"segment_second_lon":-118.3438335705,"segment_sequence":520005,"segment_id":26,"segment_len_meter":69.06378223914425,"segment_cum_len":18844.158684829392}
{"route_id":"211","segment_first_lat":33.8952011385,"segment_first_lon":-118.3438335705,"segment_second_lat":33.8946598193,"segment_second_lon":-118.3438313501,"segment_sequence":520006,"segment_id":26,"segment_len_meter":60.19229762076944,"segment_cum_len":18904.35098245016}
{"route_id":"211","segment_first_lat":33.8946598193,"segment_first_lon":-118.3438313501,"segment_second_lat":33.8943850295,"segment_second_lon":-118.3438331885,"segment_sequence":520007,"segment_id":26,"segment_len_meter":30.555702800338388,"segment_cum_len":18934.9066852505}
{"route_id":"211","segment_first_lat":33.8943850295,"segment_first_lon":-118.3438331885,"segment_second_lat":33.8934260136,"segment_second_lon":-118.3438394694,"segment_sequence":530001,"segment_id":27,"segment_len_meter":106.63927845065884,"segment_cum_len":19041.54596370116}
{"route_id":"211","segment_first_lat":33.8934260136,"segment_first_lon":-118.3438394694,"segment_second_lat":33.8911755634,"segment_second_lon":-118.343827273,"segment_sequence":530002,"segment_id":27,"segment_len_meter":250.24117708396875,"segment_cum_len":19291.787140785127}
{"route_id":"211","segment_first_lat":33.8911755634,"segment_first_lon":-118.343827273,"segment_second_lat":33.8910381738,"segment_second_lon":-118.3438263799,"segment_sequence":540001,"segment_id":27,"segment_len_meter":15.27724890538024,"segment_cum_len":19307.064389690506}
{"route_id":"211","segment_first_lat":33.8910381738,"segment_first_lon":-118.3438263799,"segment_second_lat":33.8874055194,"segment_second_lon":-118.3438279547,"segment_sequence":540002,"segment_id":27,"segment_len_meter":403.9327656884366,"segment_cum_len":19710.997155378944}
{"route_id":"211","segment_first_lat":33.8874055194,"segment_first_lon":-118.3438279547,"segment_second_lat":33.8871307383,"segment_second_lon":-118.3438268277,"segment_sequence":540003,"segment_id":27,"segment_len_meter":30.55444135530205,"segment_cum_len":19741.551596734247}
{"route_id":"211","segment_first_lat":33.8871307383,"segment_first_lon":-118.3438268277,"segment_second_lat":33.8869191568,"segment_second_lon":-118.3438259599,"segment_sequence":550001,"segment_id":28,"segment_len_meter":23.52692574154303,"segment_cum_len":19765.07852247579}
{"route_id":"211","segment_first_lat":33.8869191568,"segment_first_lon":-118.3438259599,"segment_second_lat":33.8864547673,"segment_second_lon":-118.3438273501,"segment_sequence":550002,"segment_id":28,"segment_len_meter":51.63791583895715,"segment_cum_len":19816.716438314746}
{"route_id":"211","segment_first_lat":33.8864547673,"segment_first_lon":-118.3438273501,"segment_second_lat":33.8859684048,"segment_second_lon":-118.3438253553,"segment_sequence":550003,"segment_id":28,"segment_len_meter":54.08135598420563,"segment_cum_len":19870.797794298953}
{"route_id":"211","segment_first_lat":33.8859684048,"segment_first_lon":-118.3438253553,"segment_second_lat":33.885479285,"segment_second_lon":-118.3438266439,"segment_sequence":550004,"segment_id":28,"segment_len_meter":54.38777035533378,"segment_cum_len":19925.185564654286}
{"route_id":"211","segment_first_lat":33.885479285,"segment_first_lon":-118.3438266439,"segment_second_lat":33.885014905,"segment_second_lon":-118.3438247394,"segment_sequence":550005,"segment_id":28,"segment_len_meter":51.63699930444176,"segment_cum_len":19976.82256395873}
{"route_id":"211","segment_first_lat":33.885014905,"segment_first_lon":-118.3438247394,"segment_second_lat":33.8845395338,"segment_second_lon":-118.3438227897,"segment_sequence":550006,"segment_id":28,"segment_len_meter":52.85917210675098,"segment_cum_len":20029.68173606548}
{"route_id":"211","segment_first_lat":33.8845395338,"segment_first_lon":-118.3438227897,"segment_second_lat":33.8842647527,"segment_second_lon":-118.3438216627,"segment_sequence":550007,"segment_id":28,"segment_len_meter":30.554441367991597,"segment_cum_len":20060.23617743347}
{"route_id":"211","segment_first_lat":33.8842647527,"segment_first_lon":-118.3438216627,"segment_second_lat":33.8840559191,"segment_second_lon":-118.3438208063,"segment_sequence":560001,"segment_id":28,"segment_len_meter":23.221371399274595,"segment_cum_len":20083.457548832746}
{"route_id":"211","segment_first_lat":33.8840559191,"segment_first_lon":-118.3438208063,"segment_second_lat":33.8835805479,"segment_second_lon":-118.3438188567,"segment_sequence":560002,"segment_id":28,"segment_len_meter":52.85917208220881,"segment_cum_len":20136.316720914954}
{"route_id":"211","segment_first_lat":33.8835805479,"segment_first_lon":-118.3438188567,"segment_second_lat":33.8826985008,"segment_second_lon":-118.3438152392,"segment_sequence":560003,"segment_id":28,"segment_len_meter":98.07973106824322,"segment_cum_len":20234.396451983197}
{"route_id":"211","segment_first_lat":33.8826985008,"segment_first_lon":-118.3438152392,"segment_second_lat":33.8820060527,"segment_second_lon":-118.3438123994,"segment_sequence":560004,"segment_id":28,"segment_len_meter":76.99716194720753,"segment_cum_len":20311.393613930406}
{"route_id":"211","segment_first_lat":33.8820060527,"segment_first_lon":-118.3438123994,"segment_second_lat":33.8818686622,"segment_second_lon":-118.343811836,"segment_sequence":570001,"segment_id":29,"segment_len_meter":15.27721509786708,"segment_cum_len":20326.670829028273}
{"route_id":"211","segment_first_lat":33.8818686622,"segment_first_lon":-118.343811836,"segment_second_lat":33.8810113079,"segment_second_lon":-118.3438214982,"segment_sequence":570002,"segment_id":29,"segment_len_meter":95.33762098569993,"segment_cum_len":20422.008450013975}
{"route_id":"211","segment_first_lat":33.8810113079,"segment_first_lon":-118.3438214982,"segment_second_lat":33.8801182416,"segment_second_lon":-118.3438277193,"segment_sequence":570003,"segment_id":29,"segment_len_meter":99.3061023324167,"segment_cum_len":20521.31455234639}
{"route_id":"211","segment_first_lat":33.8801182416,"segment_first_lon":-118.3438277193,"segment_second_lat":33.8794120358,"segment_second_lon":-118.3438314121,"segment_sequence":570004,"segment_id":29,"segment_len_meter":78.52724208711933,"segment_cum_len":20599.84179443351}
{"route_id":"211","segment_first_lat":33.8794120358,"segment_first_lon":-118.3438314121,"segment_second_lat":33.8784942676,"segment_second_lon":-118.3438276482,"segment_sequence":570005,"segment_id":29,"segment_len_meter":102.05175921088707,"segment_cum_len":20701.893553644397}
{"route_id":"211","segment_first_lat":33.8784942676,"segment_first_lon":-118.3438276482,"segment_second_lat":33.8775600314,"segment_second_lon":-118.343817228,"segment_sequence":570006,"segment_id":29,"segment_len_meter":103.88677955958252,"segment_cum_len":20805.78033320398}
{"route_id":"211","segment_first_lat":33.8775600314,"segment_first_lon":-118.343817228,"segment_second_lat":33.8773182242,"segment_second_lon":-118.3438162364,"segment_sequence":570007,"segment_id":29,"segment_len_meter":26.887889697816863,"segment_cum_len":20832.668222901797}
{"route_id":"211","segment_first_lat":33.8773182242,"segment_first_lon":-118.3438162364,"segment_second_lat":33.8770434471,"segment_second_lon":-118.3438137918,"segment_sequence":570008,"segment_id":29,"segment_len_meter":30.5546529399273,"segment_cum_len":20863.222875841726}
{"route_id":"211","segment_first_lat":33.8770434471,"segment_first_lon":-118.3438137918,"segment_second_lat":33.8766697508,"segment_second_lon":-118.3438102827,"segment_sequence":580001,"segment_id":29,"segment_len_meter":41.55439544049043,"segment_cum_len":20904.777271282215}
{"route_id":"211","segment_first_lat":33.8766697508,"segment_first_lon":-118.3438102827,"segment_second_lat":33.8763150861,"segment_second_lon":-118.3438780103,"segment_sequence":580002,"segment_id":29,"segment_len_meter":39.929491025874285,"segment_cum_len":20944.70676230809}
{"route_id":"211","segment_first_lat":33.8763150861,"segment_first_lon":-118.3438780103,"segment_second_lat":33.8762105566,"segment_second_lon":-118.343917114,"segment_sequence":580003,"segment_id":29,"segment_len_meter":12.170857715942393,"segment_cum_len":20956.87762002403}
{"route_id":"211","segment_first_lat":33.8762105566,"segment_first_lon":-118.343917114,"segment_second_lat":33.8761610114,"segment_second_lon":-118.3439465602,"segment_sequence":580004,"segment_id":29,"segment_len_meter":6.143364882898576,"segment_cum_len":20963.02098490693}
{"route_id":"211","segment_first_lat":33.8761610114,"segment_first_lon":-118.3439465602,"segment_second_lat":33.8759682887,"segment_second_lon":-118.3440775441,"segment_sequence":580005,"segment_id":29,"segment_len_meter":24.606090872271007,"segment_cum_len":20987.6270757792}
{"route_id":"211","segment_first_lat":33.8759682887,"segment_first_lon":-118.3440775441,"segment_second_lat":33.8757949416,"segment_second_lon":-118.3441591917,"segment_sequence":580006,"segment_id":29,"segment_len_meter":20.69671437366233,"segment_cum_len":21008.323790152863}
{"route_id":"211","segment_first_lat":33.8757949416,"segment_first_lon":-118.3441591917,"segment_second_lat":33.8756601108,"segment_second_lon":-118.3442245253,"segment_sequence":580007,"segment_id":29,"segment_len_meter":16.160284665325868,"segment_cum_len":21024.48407481819}
{"route_id":"211","segment_first_lat":33.8756601108,"segment_first_lon":-118.3442245253,"segment_second_lat":33.875552824,"segment_second_lon":-118.3442669114,"segment_sequence":580008,"segment_id":29,"segment_len_meter":12.555117172441852,"segment_cum_len":21037.03919199063}
{"route_id":"211","segment_first_lat":33.875552824,"segment_first_lon":-118.3442669114,"segment_second_lat":33.8754373031,"segment_second_lon":-118.3443059691,"segment_sequence":580009,"segment_id":29,"segment_len_meter":13.341831170927614,"segment_cum_len":21050.381023161557}
{"route_id":"211","segment_first_lat":33.8754373031,"segment_first_lon":-118.3443059691,"segment_second_lat":33.8753438211,"segment_second_lon":-118.3443253513,"segment_sequence":580010,"segment_id":29,"segment_len_meter":10.54761114574068,"segment_cum_len":21060.928634307296}
{"route_id":"211","segment_first_lat":33.8753438211,"segment_first_lon":-118.3443253513,"segment_second_lat":33.8752613586,"segment_second_lon":-118.3443348956,"segment_sequence":580011,"segment_id":29,"segment_len_meter":9.211650094345714,"segment_cum_len":21070.14028440164}
{"route_id":"211","segment_first_lat":33.8752613586,"segment_first_lon":-118.3443348956,"segment_second_lat":33.8751926634,"segment_second_lon":-118.3443346135,"segment_sequence":580012,"segment_id":29,"segment_len_meter":7.638602121899538,"segment_cum_len":21077.77888652354}
{"route_id":"211","segment_first_lat":33.8751926634,"segment_first_lon":-118.3443346135,"segment_second_lat":33.8750690497,"segment_second_lon":-118.3443209285,"segment_sequence":580013,"segment_id":29,"segment_len_meter":13.803157284927158,"segment_cum_len":21091.58204380847}
{"route_id":"211","segment_first_lat":33.8750690497,"segment_first_lon":-118.3443209285,"segment_second_lat":33.8749317441,"segment_second_lon":-118.3442907157,"segment_sequence":580014,"segment_id":29,"segment_len_meter":15.520379048926177,"segment_cum_len":21107.102422857395}
{"route_id":"211","segment_first_lat":33.8749317441,"segment_first_lon":-118.3442907157,"segment_second_lat":33.8749043036,"segment_second_lon":-118.3442774257,"segment_sequence":580015,"segment_id":29,"segment_len_meter":3.2886875857319873,"segment_cum_len":21110.391110443128}
{"route_id":"211","segment_first_lat":33.8749043036,"segment_first_lon":-118.3442774257,"segment_second_lat":33.8748274497,"segment_second_lon":-118.3442474613,"segment_sequence":580016,"segment_id":29,"segment_len_meter":8.982350844818026,"segment_cum_len":21119.373461287945}
{"route_id":"211","segment_first_lat":33.8748274497,"segment_first_lon":-118.3442474613,"segment_second_lat":33.8747396516,"segment_second_lon":-118.3442009803,"segment_sequence":580017,"segment_id":29,"segment_len_meter":10.664160217479475,"segment_cum_len":21130.037621505424}
{"route_id":"211","segment_first_lat":33.8747396516,"segment_first_lon":-118.3442009803,"segment_second_lat":33.874580561,"segment_second_lon":-118.3441014979,"segment_sequence":580018,"segment_id":29,"segment_len_meter":19.932118552190143,"segment_cum_len":21149.969740057615}
{"route_id":"211","segment_first_lat":33.874580561,"segment_first_lon":-118.3441014979,"segment_second_lat":33.8744324145,"segment_second_lon":-118.3440185323,"segment_sequence":580019,"segment_id":29,"segment_len_meter":18.166766990700168,"segment_cum_len":21168.136507048315}
{"route_id":"211","segment_first_lat":33.8744324145,"segment_first_lon":-118.3440185323,"segment_second_lat":33.8742842962,"segment_second_lon":-118.3439256841,"segment_sequence":580020,"segment_id":29,"segment_len_meter":18.567101986003202,"segment_cum_len":21186.703609034317}
{"route_id":"211","segment_first_lat":33.8742842962,"segment_first_lon":-118.3439256841,"segment_second_lat":33.8741827683,"segment_second_lon":-118.3438758532,"segment_sequence":580021,"segment_id":29,"segment_len_meter":12.190747262807246,"segment_cum_len":21198.894356297125}
{"route_id":"211","segment_first_lat":33.8741827683,"segment_first_lon":-118.3438758532,"segment_second_lat":33.8740894274,"segment_second_lon":-118.3438458218,"segment_sequence":580022,"segment_id":29,"segment_len_meter":10.742965032864515,"segment_cum_len":21209.63732132999}
{"route_id":"211","segment_first_lat":33.8740894274,"segment_first_lon":-118.3438458218,"segment_second_lat":33.8740235176,"segment_second_lon":-118.3438323743,"segment_sequence":580023,"segment_id":29,"segment_len_meter":7.433244558490761,"segment_cum_len":21217.07056588848}
{"route_id":"211","segment_first_lat":33.8740235176,"segment_first_lon":-118.3438323743,"segment_second_lat":33.8738037588,"segment_second_lon":-118.3438084132,"segment_sequence":580024,"segment_id":29,"segment_len_meter":24.535987643832964,"segment_cum_len":21241.606553532314}
{"route_id":"211","segment_first_lat":33.8738037588,"segment_first_lon":-118.3438084132,"segment_second_lat":33.8737790473,"segment_second_lon":-118.3438017233,"segment_sequence":580025,"segment_id":29,"segment_len_meter":2.816349640367282,"segment_cum_len":21244.422903172683}
{"route_id":"211","segment_first_lat":33.8737790473,"segment_first_lon":-118.3438017233,"segment_second_lat":33.8733503612,"segment_second_lon":-118.3438098482,"segment_sequence":580026,"segment_id":29,"segment_len_meter":47.6736209495743,"segment_cum_len":21292.09652412226}
{"route_id":"211","segment_first_lat":33.8733503612,"segment_first_lon":-118.3438098482,"segment_second_lat":33.8729793865,"segment_second_lon":-118.3438155744,"segment_sequence":580027,"segment_id":29,"segment_len_meter":41.25389196697508,"segment_cum_len":21333.350416089233}
{"route_id":"211","segment_first_lat":33.8729793865,"segment_first_lon":-118.3438155744,"segment_second_lat":33.8728419886,"segment_second_lon":-118.3438176463,"segment_sequence":590001,"segment_id":30,"segment_len_meter":15.27914681426854,"segment_cum_len":21348.6295629035}
{"route_id":"211","segment_first_lat":33.8728419886,"segment_first_lon":-118.3438176463,"segment_second_lat":33.8728316706,"segment_second_lon":-118.3483669526,"segment_sequence":590002,"segment_id":30,"segment_len_meter":420.00511122720627,"segment_cum_len":21768.634674130706}
{"route_id":"211","segment_first_lat":33.8728316706,"segment_first_lon":-118.3483669526,"segment_second_lat":33.8728312674,"segment_second_lon":-118.3486963752,"segment_sequence":590003,"segment_id":30,"segment_len_meter":30.413168393961364,"segment_cum_len":21799.04784252467}
{"route_id":"211","segment_first_lat":33.8728312674,"segment_first_lon":-118.3486963752,"segment_second_lat":33.8728283153,"segment_second_lon":-118.3523562666,"segment_sequence":600001,"segment_id":30,"segment_len_meter":337.89068270953305,"segment_cum_len":22136.938525234204}
{"route_id":"211","segment_first_lat":33.8728283153,"segment_first_lon":-118.3523562666,"segment_second_lat":33.872827824,"segment_second_lon":-118.3525242709,"segment_sequence":600002,"segment_id":30,"segment_len_meter":15.510682664672752,"segment_cum_len":22152.449207898877}
{"route_id":"211","segment_first_lat":33.872827824,"segment_first_lon":-118.3525242709,"segment_second_lat":33.8728328376,"segment_second_lon":-118.3526890041,"segment_sequence":600003,"segment_id":30,"segment_len_meter":15.21880394468428,"segment_cum_len":22167.66801184356}
{"route_id":"211","segment_first_lat":33.8728328376,"segment_first_lon":-118.3526890041,"segment_second_lat":33.8722832676,"segment_second_lon":-118.3526896572,"segment_sequence":600004,"segment_id":30,"segment_len_meter":61.10942558325451,"segment_cum_len":22228.777437426816}
{"route_id":"211","segment_first_lat":33.8722832676,"segment_first_lon":-118.3526896572,"segment_second_lat":33.8710604736,"segment_second_lon":-118.3526914314,"segment_sequence":610001,"segment_id":31,"segment_len_meter":135.96858779666454,"segment_cum_len":22364.74602522348}
{"route_id":"211","segment_first_lat":33.8710604736,"segment_first_lon":-118.3526914314,"segment_second_lat":33.8704972023,"segment_second_lon":-118.3526791796,"segment_sequence":610002,"segment_id":31,"segment_len_meter":62.64312423582928,"segment_cum_len":22427.38914945931}
{"route_id":"211","segment_first_lat":33.8704972023,"segment_first_lon":-118.3526791796,"segment_second_lat":33.870236209,"segment_second_lon":-118.3526616111,"segment_sequence":610003,"segment_id":31,"segment_len_meter":29.066423418579653,"segment_cum_len":22456.45557287789}
{"route_id":"211","segment_first_lat":33.870236209,"segment_first_lon":-118.3526616111,"segment_second_lat":33.8701428318,"segment_second_lon":-118.3526447477,"segment_sequence":610004,"segment_id":31,"segment_len_meter":10.499150550843865,"segment_cum_len":22466.954723428735}
{"route_id":"211","segment_first_lat":33.8701428318,"segment_first_lon":-118.3526447477,"segment_second_lat":33.8699699128,"segment_second_lon":-118.3525781378,"segment_sequence":610005,"segment_id":31,"segment_len_meter":20.187249298497008,"segment_cum_len":22487.141972727233}
{"route_id":"211","segment_first_lat":33.8699699128,"segment_first_lon":-118.3525781378,"segment_second_lat":33.8687800841,"segment_second_lon":-118.3525830168,"segment_sequence":610006,"segment_id":31,"segment_len_meter":132.3036818683684,"segment_cum_len":22619.4456545956}
{"route_id":"211","segment_first_lat":33.8687800841,"segment_first_lon":-118.3525830168,"segment_second_lat":33.86823324,"segment_second_lon":-118.3525912584,"segment_sequence":610007,"segment_id":31,"segment_len_meter":60.811050464967416,"segment_cum_len":22680.25670506057}
{"route_id":"211","segment_first_lat":33.86823324,"segment_first_lon":-118.3525912584,"segment_second_lat":33.868095842,"segment_second_lon":-118.3525933158,"segment_sequence":620001,"segment_id":31,"segment_len_meter":15.27914136386218,"segment_cum_len":22695.53584642443}
{"route_id":"211","segment_first_lat":33.868095842,"segment_first_lon":-118.3525933158,"segment_second_lat":33.86737315,"segment_second_lon":-118.3525968649,"segment_sequence":620002,"segment_id":31,"segment_len_meter":80.36035201540287,"segment_cum_len":22775.896198439834}
{"route_id":"211","segment_first_lat":33.86737315,"segment_first_lon":-118.3525968649,"segment_second_lat":33.8666119887,"segment_second_lon":-118.3526002522,"segment_sequence":620003,"segment_id":31,"segment_len_meter":84.63785273347305,"segment_cum_len":22860.53405117331}
{"route_id":"211","segment_first_lat":33.8666119887,"segment_first_lon":-118.3526002522,"segment_second_lat":33.8656914992,"segment_second_lon":-118.3525878172,"segment_sequence":620004,"segment_id":31,"segment_len_meter":102.36020156734564,"segment_cum_len":22962.894252740654}
{"route_id":"211","segment_first_lat":33.8656914992,"segment_first_lon":-118.3525878172,"segment_second_lat":33.8655541129,"segment_second_lon":-118.3525859219,"segment_sequence":630001,"segment_id":32,"segment_len_meter":15.27766179130299,"segment_cum_len":22978.17191453196}
{"route_id":"211","segment_first_lat":33.8655541129,"segment_first_lon":-118.3525859219,"segment_second_lat":33.8655464656,"segment_second_lon":-118.3533204421,"segment_sequence":630002,"segment_id":32,"segment_len_meter":67.8238950149597,"segment_cum_len":23045.99580954692}
{"route_id":"211","segment_first_lat":33.8655464656,"segment_first_lon":-118.3533204421,"segment_second_lat":33.8655461855,"segment_second_lon":-118.3534159657,"segment_sequence":630003,"segment_id":32,"segment_len_meter":8.819790248002446,"segment_cum_len":23054.81559979492}
{"route_id":"211","segment_first_lat":33.8655461855,"segment_first_lon":-118.3534159657,"segment_second_lat":33.8655433896,"segment_second_lon":-118.3543679074,"segment_sequence":630004,"segment_id":32,"segment_len_meter":87.89373982145351,"segment_cum_len":23142.709339616376}
{"route_id":"211","segment_first_lat":33.8655433896,"segment_first_lon":-118.3543679074,"segment_second_lat":33.8655420422,"segment_second_lon":-118.3548257617,"segment_sequence":630005,"segment_id":32,"segment_len_meter":42.27415260063581,"segment_cum_len":23184.983492217012}
{"route_id":"211","segment_first_lat":33.8655420422,"segment_first_lon":-118.3548257617,"segment_second_lat":33.8655463343,"segment_second_lon":-118.3552342306,"segment_sequence":630006,"segment_id":32,"segment_len_meter":37.71713060659875,"segment_cum_len":23222.70062282361}
{"route_id":"211","segment_first_lat":33.8655463343,"segment_first_lon":-118.3552342306,"segment_second_lat":33.8655481495,"segment_second_lon":-118.3555504582,"segment_sequence":630007,"segment_id":32,"segment_len_meter":29.198128260249266,"segment_cum_len":23251.89875108386}
{"route_id":"211","segment_first_lat":33.8655481495,"segment_first_lon":-118.3555504582,"segment_second_lat":33.8655561135,"segment_second_lon":-118.3565749128,"segment_sequence":630008,"segment_id":32,"segment_len_meter":94.59247465473098,"segment_cum_len":23346.49122573859}
{"route_id":"211","segment_first_lat":33.8655561135,"segment_first_lon":-118.3565749128,"segment_second_lat":33.8674603224,"segment_second_lon":-118.3565895986,"segment_sequence":630009,"segment_id":32,"segment_len_meter":211.74271046502912,"segment_cum_len":23558.233936203622}
{"route_id":"211","segment_first_lat":33.8674603224,"segment_first_lon":-118.3565895986,"segment_second_lat":33.8676362989,"segment_second_lon":-118.3565508185,"segment_sequence":630010,"segment_id":32,"segment_len_meter":19.892577131868734,"segment_cum_len":23578.12651333549}
{"route_id":"211","segment_first_lat":33.8676362989,"segment_first_lon":-118.3565508185,"segment_second_lat":33.8677270837,"segment_second_lon":-118.3565149701,"segment_sequence":630011,"segment_id":32,"segment_len_meter":10.62356111450908,"segment_cum_len":23588.75007445}
{"route_id":"211","segment_first_lat":33.8677270837,"segment_first_lon":-118.3565149701,"segment_second_lat":33.8678537848,"segment_second_lon":-118.3564133933,"segment_sequence":630012,"segment_id":32,"segment_len_meter":16.92455185859468,"segment_cum_len":23605.674626308595}
{"route_id":"211","segment_first_lat":33.8678537848,"segment_first_lon":-118.3564133933,"segment_second_lat":33.8679143534,"segment_second_lon":-118.3563741222,"segment_sequence":630013,"segment_id":32,"segment_len_meter":7.648903188893638,"segment_cum_len":23613.323529497487}
{"route_id":"211","segment_first_lat":33.8679143534,"segment_first_lon":-118.3563741222,"segment_second_lat":33.8680629784,"segment_second_lon":-118.3562924024,"segment_sequence":630014,"segment_id":32,"segment_len_meter":18.1672030244365,"segment_cum_len":23631.490732521925}
{"route_id":"211","segment_first_lat":33.8680629784,"segment_first_lon":-118.3562924024,"segment_second_lat":33.8681042442,"segment_second_lon":-118.3562761075,"segment_sequence":630015,"segment_id":32,"segment_len_meter":4.828892256812901,"segment_cum_len":23636.31962477874}
{"route_id":"211","segment_first_lat":33.8681042442,"segment_first_lon":-118.3562761075,"segment_second_lat":33.8681564817,"segment_second_lon":-118.3562664473,"segment_sequence":630016,"segment_id":32,"segment_len_meter":5.876622034972284,"segment_cum_len":23642.19624681371}
{"route_id":"211","segment_first_lat":33.8681564817,"segment_first_lon":-118.3562664473,"segment_second_lat":33.8682663744,"segment_second_lon":-118.3562735023,"segment_sequence":630017,"segment_id":32,"segment_len_meter":12.236859324592325,"segment_cum_len":23654.4331061383}
{"route_id":"211","segment_first_lat":33.8682663744,"segment_first_lon":-118.3562735023,"segment_second_lat":33.8688708818,"segment_second_lon":-118.356279365,"segment_sequence":630018,"segment_id":32,"segment_len_meter":67.22033536757691,"segment_cum_len":23721.653441505878}
{"route_id":"211","segment_first_lat":33.8688708818,"segment_first_lon":-118.356279365,"segment_second_lat":33.8689642584,"segment_second_lon":-118.3562962322,"segment_sequence":630019,"segment_id":32,"segment_len_meter":10.499140045091005,"segment_cum_len":23732.15258155097}
{"route_id":"211","segment_first_lat":33.8689642584,"segment_first_lon":-118.3562962322,"segment_second_lat":33.8690548288,"segment_second_lon":-118.3563328521,"segment_sequence":630020,"segment_id":32,"segment_len_meter":10.623348667294085,"segment_cum_len":23742.775930218264}
{"route_id":"211","segment_first_lat":33.8690548288,"segment_first_lon":-118.3563328521,"segment_second_lat":33.8692413581,"segment_second_lon":-118.3564423502,"segment_sequence":630021,"segment_id":32,"segment_len_meter":23.07373690375035,"segment_cum_len":23765.849667122013}
{"route_id":"211","segment_first_lat":33.8692413581,"segment_first_lon":-118.3564423502,"segment_second_lat":33.8695948989,"segment_second_lon":-118.3567567942,"segment_sequence":630022,"segment_id":32,"segment_len_meter":48.869755760640004,"segment_cum_len":23814.719422882652}
{"route_id":"211","segment_first_lat":33.8695948989,"segment_first_lon":-118.3567567942,"segment_second_lat":33.8696552336,"segment_second_lon":-118.3567965803,"segment_sequence":630023,"segment_id":32,"segment_len_meter":7.648698175186536,"segment_cum_len":23822.36812105784}
{"route_id":"211","segment_first_lat":33.8696552336,"segment_first_lon":-118.3567965803,"segment_second_lat":33.8697073931,"segment_second_lon":-118.3568132729,"segment_sequence":630024,"segment_id":32,"segment_len_meter":6.001140537612693,"segment_cum_len":23828.369261595453}
{"route_id":"211","segment_first_lat":33.8697073931,"segment_first_lon":-118.3568132729,"segment_second_lat":33.8697897882,"segment_second_lon":-118.3568268,"segment_sequence":630025,"segment_id":32,"segment_len_meter":9.246646956291452,"segment_cum_len":23837.615908551747}
{"route_id":"211","segment_first_lat":33.8697897882,"segment_first_lon":-118.3568268,"segment_second_lat":33.8698199848,"segment_second_lon":-118.3568368109,"segment_sequence":630026,"segment_id":32,"segment_len_meter":3.48259571897906,"segment_cum_len":23841.098504270725}
{"route_id":"211","segment_first_lat":33.8698199848,"segment_first_lon":-118.3568368109,"segment_second_lat":33.8698584638,"segment_second_lon":-118.3568336805,"segment_sequence":630027,"segment_id":32,"segment_len_meter":4.288419757497018,"segment_cum_len":23845.386924028222}
{"route_id":"211","segment_first_lat":33.8698584638,"segment_first_lon":-118.3568336805,"segment_second_lat":33.8699738522,"segment_second_lon":-118.3568407599,"segment_sequence":630028,"segment_id":32,"segment_len_meter":12.847241848088435,"segment_cum_len":23858.23416587631}
{"route_id":"211","segment_first_lat":33.8699738522,"segment_first_lon":-118.3568407599,"segment_second_lat":33.8710646919,"segment_second_lon":-118.3568585791,"segment_sequence":630029,"segment_id":32,"segment_len_meter":121.30699670975366,"segment_cum_len":23979.541162586065}
{"route_id":"211","segment_first_lat":33.8710646919,"segment_first_lon":-118.3568585791,"segment_second_lat":33.8711471261,"segment_second_lon":-118.3568589299,"segment_sequence":630030,"segment_id":32,"segment_len_meter":9.166322039003362,"segment_cum_len":23988.70748462507}
{"route_id":"211","segment_first_lat":33.8711471261,"segment_first_lon":-118.3568589299,"segment_second_lat":33.871254232,"segment_second_lon":-118.3568791509,"segment_sequence":630031,"segment_id":32,"segment_len_meter":12.05506653627629,"segment_cum_len":24000.762551161344}
{"route_id":"211","segment_first_lat":33.871254232,"segment_first_lon":-118.3568791509,"segment_second_lat":33.8713091491,"segment_second_lon":-118.3568925614,"segment_sequence":630032,"segment_id":32,"segment_len_meter":6.2307547056576755,"segment_cum_len":24006.993305867003}
{"route_id":"211","segment_first_lat":33.8713091491,"segment_first_lon":-118.3568925614,"segment_second_lat":33.8714958242,"segment_second_lon":-118.3569526514,"segment_sequence":630033,"segment_id":32,"segment_len_meter":21.485904403528874,"segment_cum_len":24028.479210270532}
{"route_id":"211","segment_first_lat":33.8714958242,"segment_first_lon":-118.3569526514,"segment_second_lat":33.8717018414,"segment_second_lon":-118.3569765879,"segment_sequence":630034,"segment_id":32,"segment_len_meter":23.014414161383755,"segment_cum_len":24051.493624431918}
{"route_id":"211","segment_first_lat":33.8717018414,"segment_first_lon":-118.3569765879,"segment_second_lat":33.8717609221,"segment_second_lon":-118.3569758511,"segment_sequence":630035,"segment_id":32,"segment_len_meter":6.5698262743394515,"segment_cum_len":24058.063450706257}
