{"route_id":"128","segment_first_lat":33.8673748352,"segment_first_lon":-118.0637096403,"segment_second_lat":33.8681991754,"segment_second_lon":-118.0637221252,"segment_sequence":10001,"segment_id":1,"segment_len_meter":91.6696957396781,"segment_cum_len":91.6696957396781}
{"route_id":"128","segment_first_lat":33.8681991754,"segment_first_lon":-118.0637221252,"segment_second_lat":33.8689355916,"segment_second_lon":-118.0637226848,"segment_sequence":10002,"segment_id":1,"segment_len_meter":81.8857616382932,"segment_cum_len":173.55545737797132}
{"route_id":"128","segment_first_lat":33.8689355916,"segment_first_lon":-118.0637226848,"segment_second_lat":33.8703946781,"segment_second_lon":-118.0637369702,"segment_sequence":10003,"segment_id":1,"segment_len_meter":162.24837713360503,"segment_cum_len":335.8038345115764}
{"route_id":"128","segment_first_lat":33.8703946781,"segment_first_lon":-118.0637369702,"segment_second_lat":33.8706694571,"segment_second_lon":-118.063743438,"segment_sequence":10004,"segment_id":1,"segment_len_meter":30.55986536357911,"segment_cum_len":366.3636998751555}
{"route_id":"128","segment_first_lat":33.8706694571,"segment_first_lon":-118.063743438,"segment_second_lat":33.8718125371,"segment_second_lon":-118.0637709899,"segment_sequence":20001,"segment_id":1,"segment_len_meter":127.13014745429163,"segment_cum_len":493.49384732944714}
{"route_id":"128","segment_first_lat":33.8718125371,"segment_first_lon":-118.0637709899,"segment_second_lat":33.8729171479,"segment_second_lon":-118.0637981839,"segment_sequence":20002,"segment_id":1,"segment_len_meter":122.85277334850666,"segment_cum_len":616.3466206779538}
{"route_id":"128","segment_first_lat":33.8729171479,"segment_first_lon":-118.0637981839,"segment_second_lat":33.8731919267,"segment_second_lon":-118.0638049814,"segment_sequence":30001,"segment_id":2,"segment_len_meter":30.560452691816092,"segment_cum_len":646.9070733697698}
{"route_id":"128","segment_first_lat":33.8731919267,"segment_first_lon":-118.0638049814,"segment_second_lat":33.8731976223,"segment_second_lon":-118.0634261484,"segment_sequence":30002,"segment_id":2,"segment_len_meter":34.98041436166988,"segment_cum_len":681.8874877314397}
{"route_id":"128","segment_first_lat":33.8731976223,"segment_first_lon":-118.0634261484,"segment_second_lat":33.873200946,"segment_second_lon":-118.0623225812,"segment_sequence":30003,"segment_id":2,"segment_len_meter":101.88437222957957,"segment_cum_len":783.7718599610192}
{"route_id":"128","segment_first_lat":33.873200946,"segment_first_lon":-118.0623225812,"segment_second_lat":33.873212753,"segment_second_lon":-118.0607248844,"segment_sequence":30004,"segment_id":2,"segment_len_meter":147.5086409380963,"segment_cum_len":931.2805008991155}
{"route_id":"128","segment_first_lat":33.873212753,"segment_first_lon":-118.0607248844,"segment_second_lat":33.8732156894,"segment_second_lon":-118.0603493433,"segment_sequence":30005,"segment_id":2,"segment_len_meter":34.672294953294276,"segment_cum_len":965.9527958524097}
{"route_id":"128","segment_first_lat":33.8732156894,"segment_first_lon":-118.0603493433,"segment_second_lat":33.87321861,"segment_second_lon":-118.0600034504,"segment_sequence":30006,"segment_id":2,"segment_len_meter":31.935222486072036,"segment_cum_len":997.8880183384817}
{"route_id":"128","segment_first_lat":33.87321861,"segment_first_lon":-118.0600034504,"segment_second_lat":33.8732188013,"segment_second_lon":-118.0596180246,"segment_sequence":30007,"segment_id":2,"segment_len_meter":35.58333864923648,"segment_cum_len":1033.4713569877183}
{"route_id":"128","segment_first_lat":33.8732188013,"segment_first_lon":-118.0596180246,"segment_second_lat":33.873227804,"segment_second_lon":-118.0580631502,"segment_sequence":30008,"segment_id":2,"segment_len_meter":143.55280515077268,"segment_cum_len":1177.024162138491}
{"route_id":"128","segment_first_lat":33.873227804,"segment_first_lon":-118.0580631502,"segment_second_lat":33.8732338403,"segment_second_lon":-118.0569299361,"segment_sequence":30009,"segment_id":2,"segment_len_meter":104.62288202606577,"segment_cum_len":1281.6470441645567}
{"route_id":"128","segment_first_lat":33.8732338403,"segment_first_lon":-118.0569299361,"segment_second_lat":33.8732368036,"segment_second_lon":-118.0564720389,"segment_sequence":30010,"segment_id":2,"segment_len_meter":42.27532248695396,"segment_cum_len":1323.9223666515106}
{"route_id":"128","segment_first_lat":33.8732368036,"segment_first_lon":-118.0564720389,"segment_second_lat":33.8732429231,"segment_second_lon":-118.0551246991,"segment_sequence":30011,"segment_id":2,"segment_len_meter":124.39111566795856,"segment_cum_len":1448.3134823194691}
{"route_id":"128","segment_first_lat":33.8732429231,"segment_first_lon":-118.0551246991,"segment_second_lat":33.8732447221,"segment_second_lon":-118.0547952763,"segment_sequence":30012,"segment_id":2,"segment_len_meter":30.413664747629895,"segment_cum_len":1478.727147067099}
{"route_id":"128","segment_first_lat":33.8732447221,"segment_first_lon":-118.0547952763,"segment_second_lat":33.8732519468,"segment_second_lon":-118.0533919349,"segment_sequence":40001,"segment_id":2,"segment_len_meter":129.5619181828751,"segment_cum_len":1608.289065249974}
{"route_id":"128","segment_first_lat":33.8732519468,"segment_first_lon":-118.0533919349,"segment_second_lat":33.8732580546,"segment_second_lon":-118.0519918868,"segment_sequence":40002,"segment_id":2,"segment_len_meter":129.25715735676968,"segment_cum_len":1737.5462226067439}
{"route_id":"128","segment_first_lat":33.8732580546,"segment_first_lon":-118.0519918868,"segment_second_lat":33.87326424,"segment_second_lon":-118.0503678302,"segment_sequence":40003,"segment_id":2,"segment_len_meter":149.93787370978123,"segment_cum_len":1887.4840963165252}
{"route_id":"128","segment_first_lat":33.87326424,"segment_first_lon":-118.0503678302,"segment_second_lat":33.8732842596,"segment_second_lon":-118.0484538882,"segment_sequence":40004,"segment_id":2,"segment_len_meter":176.71311613388053,"segment_cum_len":2064.197212450406}
{"route_id":"128","segment_first_lat":33.8732842596,"segment_first_lon":-118.0484538882,"segment_second_lat":33.8732850711,"segment_second_lon":-118.0463916939,"segment_sequence":40005,"segment_id":2,"segment_len_meter":190.38605240581808,"segment_cum_len":2254.583264856224}
{"route_id":"128","segment_first_lat":33.8732850711,"segment_first_lon":-118.0463916939,"segment_second_lat":33.8735598524,"segment_second_lon":-118.0463944813,"segment_sequence":40006,"segment_id":2,"segment_len_meter":30.55537017000259,"segment_cum_len":2285.138635026227}
{"route_id":"128","segment_first_lat":33.8735598524,"segment_first_lon":-118.0463944813,"segment_second_lat":33.8747414125,"segment_second_lon":-118.0464056769,"segment_sequence":50001,"segment_id":3,"segment_len_meter":131.38755419685177,"segment_cum_len":2416.5261892230787}
{"route_id":"128","segment_first_lat":33.8747414125,"segment_first_lon":-118.0464056769,"segment_second_lat":33.8764395613,"segment_second_lon":-118.0464230886,"segment_sequence":50002,"segment_id":3,"segment_len_meter":188.83237306246232,"segment_cum_len":2605.358562285541}
{"route_id":"128","segment_first_lat":33.8764395613,"segment_first_lon":-118.0464230886,"segment_second_lat":33.8787779524,"segment_second_lon":-118.0464441502,"segment_sequence":50003,"segment_id":3,"segment_len_meter":260.0244964472558,"segment_cum_len":2865.383058732797}
{"route_id":"128","segment_first_lat":33.8787779524,"segment_first_lon":-118.0464441502,"segment_second_lat":33.8791928727,"segment_second_lon":-118.0464476745,"segment_sequence":50004,"segment_id":3,"segment_len_meter":46.13817945483482,"segment_cum_len":2911.5212381876318}
{"route_id":"128","segment_first_lat":33.8791928727,"segment_first_lon":-118.0464476745,"segment_second_lat":33.8806217379,"segment_second_lon":-118.0464583497,"segment_sequence":50005,"segment_id":3,"segment_len_meter":158.8856173230221,"segment_cum_len":3070.4068555106537}
{"route_id":"128","segment_first_lat":33.8806217379,"segment_first_lon":-118.0464583497,"segment_second_lat":33.88089652,"segment_second_lon":-118.0464598198,"segment_sequence":50006,"segment_id":3,"segment_len_meter":30.554676838773265,"segment_cum_len":3100.9615323494268}
{"route_id":"128","segment_first_lat":33.88089652,"segment_first_lon":-118.0464598198,"segment_second_lat":33.8820506047,"segment_second_lon":-118.0464657307,"segment_sequence":60001,"segment_id":3,"segment_len_meter":128.32952361733985,"segment_cum_len":3229.2910559667666}
{"route_id":"128","segment_first_lat":33.8820506047,"segment_first_lon":-118.0464657307,"segment_second_lat":33.8837872256,"segment_second_lon":-118.0464798719,"segment_sequence":60002,"segment_id":3,"segment_len_meter":193.10784583944644,"segment_cum_len":3422.398901806213}
{"route_id":"128","segment_first_lat":33.8837872256,"segment_first_lon":-118.0464798719,"segment_second_lat":33.8878924686,"segment_second_lon":-118.0465085066,"segment_sequence":60003,"segment_id":3,"segment_len_meter":456.48984687773486,"segment_cum_len":3878.8887486839476}
{"route_id":"128","segment_first_lat":33.8878924686,"segment_first_lon":-118.0465085066,"segment_second_lat":33.8878892928,"segment_second_lon":-118.0469038826,"segment_sequence":60004,"segment_id":3,"segment_len_meter":36.49738839871341,"segment_cum_len":3915.386137082661}
{"route_id":"128","segment_first_lat":33.8878892928,"segment_first_lon":-118.0469038826,"segment_second_lat":33.8878722228,"segment_second_lon":-118.0490586815,"segment_sequence":70001,"segment_id":4,"segment_len_meter":198.91050826611863,"segment_cum_len":4114.29664534878}
{"route_id":"128","segment_first_lat":33.8878722228,"segment_first_lon":-118.0490586815,"segment_second_lat":33.8878576544,"segment_second_lon":-118.0510553301,"segment_sequence":70002,"segment_id":4,"segment_len_meter":184.31034053296526,"segment_cum_len":4298.606985881745}
{"route_id":"128","segment_first_lat":33.8878576544,"segment_first_lon":-118.0510553301,"segment_second_lat":33.8878255423,"segment_second_lon":-118.0553286823,"segment_sequence":70003,"segment_id":4,"segment_len_meter":394.473549461747,"segment_cum_len":4693.080535343492}
{"route_id":"128","segment_first_lat":33.8878255423,"segment_first_lon":-118.0553286823,"segment_second_lat":33.8878231923,"segment_second_lon":-118.055658162,"segment_sequence":70004,"segment_id":4,"segment_len_meter":30.41418522545874,"segment_cum_len":4723.4947205689505}
{"route_id":"128","segment_first_lat":33.8878231923,"segment_first_lon":-118.055658162,"segment_second_lat":33.8878020037,"segment_second_lon":-118.0586201835,"segment_sequence":80001,"segment_id":4,"segment_len_meter":273.4235297230784,"segment_cum_len":4996.9182502920285}
{"route_id":"128","segment_first_lat":33.8878020037,"segment_first_lon":-118.0586201835,"segment_second_lat":33.8877839386,"segment_second_lon":-118.0617798946,"segment_sequence":80002,"segment_id":4,"segment_len_meter":291.66836736757267,"segment_cum_len":5288.586617659601}
{"route_id":"128","segment_first_lat":33.8877839386,"segment_first_lon":-118.0617798946,"segment_second_lat":33.8877726723,"segment_second_lon":-118.063888565,"segment_sequence":80003,"segment_id":4,"segment_len_meter":194.64776714665476,"segment_cum_len":5483.234384806256}
{"route_id":"128","segment_first_lat":33.8877726723,"segment_first_lon":-118.063888565,"segment_second_lat":33.8877717605,"segment_second_lon":-118.0640533049,"segment_sequence":90001,"segment_id":5,"segment_len_meter":15.206883237243256,"segment_cum_len":5498.441268043499}
{"route_id":"128","segment_first_lat":33.8877717605,"segment_first_lon":-118.0640533049,"segment_second_lat":33.8877293243,"segment_second_lon":-118.0663069217,"segment_sequence":90002,"segment_id":5,"segment_len_meter":208.07679247344237,"segment_cum_len":5706.518060516942}
{"route_id":"128","segment_first_lat":33.8877293243,"segment_first_lon":-118.0663069217,"segment_second_lat":33.8876886373,"segment_second_lon":-118.0692722162,"segment_sequence":90003,"segment_id":5,"segment_len_meter":273.7532167777161,"segment_cum_len":5980.271277294658}
{"route_id":"128","segment_first_lat":33.8876886373,"segment_first_lon":-118.0692722162,"segment_second_lat":33.8876863443,"segment_second_lon":-118.0694369546,"segment_sequence":100001,"segment_id":5,"segment_len_meter":15.208559312914257,"segment_cum_len":5995.479836607572}
{"route_id":"128","segment_first_lat":33.8876863443,"segment_first_lon":-118.0694369546,"segment_second_lat":33.8876690521,"segment_second_lon":-118.0708207591,"segment_sequence":100002,"segment_id":5,"segment_len_meter":127.74860896525043,"segment_cum_len":6123.228445572822}
{"route_id":"128","segment_first_lat":33.8876690521,"segment_first_lon":-118.0708207591,"segment_second_lat":33.8876906692,"segment_second_lon":-118.0714402012,"segment_sequence":100003,"segment_id":5,"segment_len_meter":57.22902735638556,"segment_cum_len":6180.457472929208}
{"route_id":"128","segment_first_lat":33.8876906692,"segment_first_lon":-118.0714402012,"segment_second_lat":33.8876874323,"segment_second_lon":-118.0722606055,"segment_sequence":100004,"segment_id":5,"segment_len_meter":75.72948738829933,"segment_cum_len":6256.186960317507}
{"route_id":"128","segment_first_lat":33.8876874323,"segment_first_lon":-118.0722606055,"segment_second_lat":33.8876843234,"segment_second_lon":-118.0728602577,"segment_sequence":100005,"segment_id":5,"segment_len_meter":55.3528645801772,"segment_cum_len":6311.539824897684}
{"route_id":"128","segment_first_lat":33.8876843234,"segment_first_lon":-118.0728602577,"segment_second_lat":33.8876827499,"segment_second_lon":-118.0731897371,"segment_sequence":100006,"segment_id":5,"segment_len_meter":30.41358846748322,"segment_cum_len":6341.953413365168}
{"route_id":"128","segment_first_lat":33.8876827499,"segment_first_lon":-118.0731897371,"segment_second_lat":33.8876747457,"segment_second_lon":-118.075034822,"segment_sequence":110001,"segment_id":6,"segment_len_meter":170.31563615687287,"segment_cum_len":6512.26904952204}
{"route_id":"128","segment_first_lat":33.8876747457,"segment_first_lon":-118.075034822,"segment_second_lat":33.8876718335,"segment_second_lon":-118.0752984039,"segment_sequence":110002,"segment_id":6,"segment_len_meter":24.332476378036134,"segment_cum_len":6536.601525900077}
{"route_id":"128","segment_first_lat":33.8876718335,"segment_first_lon":-118.0752984039,"segment_second_lat":33.887662459,"segment_second_lon":-118.0770874755,"segment_sequence":110003,"segment_id":6,"segment_len_meter":165.14623178117827,"segment_cum_len":6701.747757681255}
{"route_id":"128","segment_first_lat":33.887662459,"segment_first_lon":-118.0770874755,"segment_second_lat":33.887673095,"segment_second_lon":-118.0776410128,"segment_sequence":110004,"segment_id":6,"segment_len_meter":51.10877719807288,"segment_cum_len":6752.856534879328}
{"route_id":"128","segment_first_lat":33.887673095,"segment_first_lon":-118.0776410128,"segment_second_lat":33.8876611884,"segment_second_lon":-118.0786291143,"segment_sequence":110005,"segment_id":6,"segment_len_meter":91.21780207062123,"segment_cum_len":6844.07433694995}
{"route_id":"128","segment_first_lat":33.8876611884,"segment_first_lon":-118.0786291143,"segment_second_lat":33.8876469638,"segment_second_lon":-118.0797859073,"segment_sequence":120001,"segment_id":6,"segment_len_meter":106.79124629063743,"segment_cum_len":6950.865583240587}
{"route_id":"128","segment_first_lat":33.8876469638,"segment_first_lon":-118.0797859073,"segment_second_lat":33.8876440696,"segment_second_lon":-118.0800066565,"segment_sequence":120002,"segment_id":6,"segment_len_meter":20.379132926726534,"segment_cum_len":6971.2447161673135}
{"route_id":"128","segment_first_lat":33.8876440696,"segment_first_lon":-118.0800066565,"segment_second_lat":33.8876287054,"segment_second_lon":-118.0824184394,"segment_sequence":120003,"segment_id":6,"segment_len_meter":222.62987950374685,"segment_cum_len":7193.87459567106}
{"route_id":"128","segment_first_lat":33.8876287054,"segment_first_lon":-118.0824184394,"segment_second_lat":33.8876265561,"segment_second_lon":-118.0827479178,"segment_sequence":120004,"segment_id":6,"segment_len_meter":30.41395181891671,"segment_cum_len":7224.288547489977}
{"route_id":"128","segment_first_lat":33.8876265561,"segment_first_lon":-118.0827479178,"segment_second_lat":33.8876132859,"segment_second_lon":-118.0848401057,"segment_sequence":130001,"segment_id":7,"segment_len_meter":193.12829144902437,"segment_cum_len":7417.4168389390015}
{"route_id":"128","segment_first_lat":33.8876132859,"segment_first_lon":-118.0848401057,"segment_second_lat":33.8876095047,"segment_second_lon":-118.0866786029,"segment_sequence":130002,"segment_id":7,"segment_len_meter":169.7058779793452,"segment_cum_len":7587.122716918347}
{"route_id":"128","segment_first_lat":33.8876095047,"segment_first_lon":-118.0866786029,"segment_second_lat":33.8876091113,"segment_second_lon":-118.0868433428,"segment_sequence":140001,"segment_id":7,"segment_len_meter":15.206637205868523,"segment_cum_len":7602.329354124216}
{"route_id":"128","segment_first_lat":33.8876091113,"segment_first_lon":-118.0868433428,"segment_second_lat":33.8876023811,"segment_second_lon":-118.0885401601,"segment_sequence":140002,"segment_id":7,"segment_len_meter":156.62917076318058,"segment_cum_len":7758.958524887396}
{"route_id":"128","segment_first_lat":33.8876023811,"segment_first_lon":-118.0885401601,"segment_second_lat":33.8876023157,"segment_second_lon":-118.0886291197,"segment_sequence":140003,"segment_id":7,"segment_len_meter":8.211558990494055,"segment_cum_len":7767.170083877891}
{"route_id":"128","segment_first_lat":33.8876023157,"segment_first_lon":-118.0886291197,"segment_second_lat":33.8875949278,"segment_second_lon":-118.0911661112,"segment_sequence":140004,"segment_id":7,"segment_len_meter":234.18244101504712,"segment_cum_len":8001.352524892938}
{"route_id":"128","segment_first_lat":33.8875949278,"segment_first_lon":-118.0911661112,"segment_second_lat":33.8875930294,"segment_second_lon":-118.0914955896,"segment_sequence":140005,"segment_id":7,"segment_len_meter":30.413757384084487,"segment_cum_len":8031.766282277023}
{"route_id":"128","segment_first_lat":33.8875930294,"segment_first_lon":-118.0914955896,"segment_second_lat":33.8875854497,"segment_second_lon":-118.0927838496,"segment_sequence":150001,"segment_id":8,"segment_len_meter":118.91787017593725,"segment_cum_len":8150.68415245296}
{"route_id":"128","segment_first_lat":33.8875854497,"segment_first_lon":-118.0927838496,"segment_second_lat":33.8875723117,"segment_second_lon":-118.0955317012,"segment_sequence":150002,"segment_id":8,"segment_len_meter":253.6490397579042,"segment_cum_len":8404.333192210865}
{"route_id":"128","segment_first_lat":33.8875723117,"segment_first_lon":-118.0955317012,"segment_second_lat":33.8875704014,"segment_second_lon":-118.0958611794,"segment_sequence":150003,"segment_id":8,"segment_len_meter":30.413756200759824,"segment_cum_len":8434.746948411625}
{"route_id":"128","segment_first_lat":33.8875704014,"segment_first_lon":-118.0958611794,"segment_second_lat":33.8875480771,"segment_second_lon":-118.0996699457,"segment_sequence":160001,"segment_id":8,"segment_len_meter":351.5831037848135,"segment_cum_len":8786.330052196437}
{"route_id":"128","segment_first_lat":33.8875480771,"segment_first_lon":-118.0996699457,"segment_second_lat":33.8875468143,"segment_second_lon":-118.0998676323,"segment_sequence":170001,"segment_id":9,"segment_len_meter":18.248324473330715,"segment_cum_len":8804.578376669768}
{"route_id":"128","segment_first_lat":33.8875468143,"segment_first_lon":-118.0998676323,"segment_second_lat":33.8875312649,"segment_second_lon":-118.102029004,"segment_sequence":170002,"segment_id":9,"segment_len_meter":199.51645363578606,"segment_cum_len":9004.094830305554}
{"route_id":"128","segment_first_lat":33.8875312649,"segment_first_lon":-118.102029004,"segment_second_lat":33.8875253078,"segment_second_lon":-118.1025726391,"segment_sequence":170003,"segment_id":9,"segment_len_meter":50.18550805607464,"segment_cum_len":9054.280338361628}
{"route_id":"128","segment_first_lat":33.8875253078,"segment_first_lon":-118.1025726391,"segment_second_lat":33.8875107772,"segment_second_lon":-118.1034984605,"segment_sequence":170004,"segment_id":9,"segment_len_meter":85.47475709286505,"segment_cum_len":9139.755095454493}
{"route_id":"128","segment_first_lat":33.8875107772,"segment_first_lon":-118.1034984605,"segment_second_lat":33.8875105761,"segment_second_lon":-118.1037323911,"segment_sequence":170005,"segment_id":9,"segment_len_meter":21.593366678544058,"segment_cum_len":9161.348462133037}
{"route_id":"128","segment_first_lat":33.8875105761,"segment_first_lon":-118.1037323911,"segment_second_lat":33.8875103518,"segment_second_lon":-118.1039926801,"segment_sequence":170006,"segment_id":9,"segment_len_meter":24.02642428338386,"segment_cum_len":9185.37488641642}
{"route_id":"128","segment_first_lat":33.8875103518,"segment_first_lon":-118.1039926801,"segment_second_lat":33.8875211011,"segment_second_lon":-118.1042727516,"segment_sequence":170007,"segment_id":9,"segment_len_meter":25.880082840186876,"segment_cum_len":9211.254969256608}
{"route_id":"128","segment_first_lat":33.8875211011,"segment_first_lon":-118.1042727516,"segment_second_lat":33.887529162,"segment_second_lon":-118.104483629,"segment_sequence":170008,"segment_id":9,"segment_len_meter":19.48601358597507,"segment_cum_len":9230.740982842583}
{"route_id":"128","segment_first_lat":33.887529162,"segment_first_lon":-118.104483629,"segment_second_lat":33.8875588897,"segment_second_lon":-118.1050569618,"segment_sequence":170009,"segment_id":9,"segment_len_meter":53.02555540374498,"segment_cum_len":9283.766538246327}
{"route_id":"128","segment_first_lat":33.8875588897,"segment_first_lon":-118.1050569618,"segment_second_lat":33.8875805097,"segment_second_lon":-118.1054721342,"segment_sequence":170010,"segment_id":9,"segment_len_meter":38.398485135678506,"segment_cum_len":9322.165023382006}
{"route_id":"128","segment_first_lat":33.8875805097,"segment_first_lon":-118.1054721342,"segment_second_lat":33.8876022296,"segment_second_lon":-118.1057719888,"segment_sequence":170011,"segment_id":9,"segment_len_meter":27.783722982227076,"segment_cum_len":9349.948746364233}
{"route_id":"128","segment_first_lat":33.8876022296,"segment_first_lon":-118.1057719888,"segment_second_lat":33.8876103921,"segment_second_lon":-118.1058642537,"segment_sequence":170012,"segment_id":9,"segment_len_meter":8.564883186429084,"segment_cum_len":9358.513629550662}
{"route_id":"128","segment_first_lat":33.8876103921,"segment_first_lon":-118.1058642537,"segment_second_lat":33.8876307701,"segment_second_lon":-118.106126546,"segment_sequence":170013,"segment_id":9,"segment_len_meter":24.31710082382052,"segment_cum_len":9382.830730374482}
{"route_id":"128","segment_first_lat":33.8876307701,"segment_first_lon":-118.106126546,"segment_second_lat":33.8877706904,"segment_second_lon":-118.1079204186,"segment_sequence":180001,"segment_id":9,"segment_len_meter":166.31536731732982,"segment_cum_len":9549.146097691812}
{"route_id":"128","segment_first_lat":33.8877706904,"segment_first_lon":-118.1079204186,"segment_second_lat":33.8878411911,"segment_second_lon":-118.1089682604,"segment_sequence":180002,"segment_id":9,"segment_len_meter":97.03962129323132,"segment_cum_len":9646.185718985043}
{"route_id":"128","segment_first_lat":33.8878411911,"segment_first_lon":-118.1089682604,"segment_second_lat":33.8879415202,"segment_second_lon":-118.1104411747,"segment_sequence":180003,"segment_id":9,"segment_len_meter":136.4161466623244,"segment_cum_len":9782.601865647368}
{"route_id":"128","segment_first_lat":33.8879415202,"segment_first_lon":-118.1104411747,"segment_second_lat":33.8879715165,"segment_second_lon":-118.1106916205,"segment_sequence":180004,"segment_id":9,"segment_len_meter":23.357077512994763,"segment_cum_len":9805.958943160364}
{"route_id":"128","segment_first_lat":33.8879715165,"segment_first_lon":-118.1106916205,"segment_second_lat":33.88803414,"segment_second_lon":-118.1113177194,"segment_sequence":180005,"segment_id":9,"segment_len_meter":58.210769400661796,"segment_cum_len":9864.169712561026}
{"route_id":"128","segment_first_lat":33.88803414,"segment_first_lon":-118.1113177194,"segment_second_lat":33.8880559093,"segment_second_lon":-118.1115483859,"segment_sequence":180006,"segment_id":9,"segment_len_meter":21.429080345086934,"segment_cum_len":9885.598792906114}
{"route_id":"128","segment_first_lat":33.8880559093,"segment_first_lon":-118.1115483859,"segment_second_lat":33.888088639,"segment_second_lon":-118.1118120154,"segment_sequence":180007,"segment_id":9,"segment_len_meter":24.60524116059628,"segment_cum_len":9910.20403406671}
{"route_id":"128","segment_first_lat":33.888088639,"segment_first_lon":-118.1118120154,"segment_second_lat":33.8881405201,"segment_second_lon":-118.112164631,"segment_sequence":180008,"segment_id":9,"segment_len_meter":33.05583108157553,"segment_cum_len":9943.259865148286}
{"route_id":"128","segment_first_lat":33.8881405201,"segment_first_lon":-118.112164631,"segment_second_lat":33.8881842766,"segment_second_lon":-118.1123887379,"segment_sequence":180009,"segment_id":9,"segment_len_meter":21.250891953874138,"segment_cum_len":9964.51075710216}
{"route_id":"128","segment_first_lat":33.8881842766,"segment_first_lon":-118.1123887379,"segment_second_lat":33.8882253341,"segment_second_lon":-118.1125601241,"segment_sequence":180010,"segment_id":9,"segment_len_meter":16.465537093035636,"segment_cum_len":9980.976294195196}
{"route_id":"128","segment_first_lat":33.8882253341,"segment_first_lon":-118.1125601241,"segment_second_lat":33.8882801151,"segment_second_lon":-118.1127480031,"segment_sequence":180011,"segment_id":9,"segment_len_meter":18.38100484904602,"segment_cum_len":9999.357299044243}
{"route_id":"128","segment_first_lat":33.8882801151,"segment_first_lon":-118.1127480031,"segment_second_lat":33.8883760453,"segment_second_lon":-118.1130084241,"segment_sequence":180012,"segment_id":9,"segment_len_meter":26.29879973074079,"segment_cum_len":10025.656098774984}
{"route_id":"128","segment_first_lat":33.8883760453,"segment_first_lon":-118.1130084241,"segment_second_lat":33.8884390969,"segment_second_lon":-118.1131666613,"segment_sequence":180013,"segment_id":9,"segment_len_meter":16.201707528365965,"segment_cum_len":10041.85780630335}
{"route_id":"128","segment_first_lat":33.8884390969,"segment_first_lon":-118.1131666613,"segment_second_lat":33.8886337803,"segment_second_lon":-118.1136051387,"segment_sequence":180014,"segment_id":9,"segment_len_meter":45.89950242692407,"segment_cum_len":10087.757308730274}
{"route_id":"128","segment_first_lat":33.8886337803,"segment_first_lon":-118.1136051387,"segment_second_lat":33.8886962871,"segment_second_lon":-118.1137574454,"segment_sequence":180015,"segment_id":9,"segment_len_meter":15.683003961344047,"segment_cum_len":10103.440312691617}
{"route_id":"128","segment_first_lat":33.8886962871,"segment_first_lon":-118.1137574454,"segment_second_lat":33.8887571494,"segment_second_lon":-118.1139051373,"segment_sequence":190001,"segment_id":10,"segment_len_meter":15.220121228546446,"segment_cum_len":10118.660433920164}
{"route_id":"128","segment_first_lat":33.8887571494,"segment_first_lon":-118.1139051373,"segment_second_lat":33.8890778325,"segment_second_lon":-118.1147622375,"segment_sequence":190002,"segment_id":10,"segment_len_meter":86.7793889076288,"segment_cum_len":10205.439822827793}
{"route_id":"128","segment_first_lat":33.8890778325,"segment_first_lon":-118.1147622375,"segment_second_lat":33.8891737362,"segment_second_lon":-118.1150457273,"segment_sequence":190003,"segment_id":10,"segment_len_meter":28.25702194808574,"segment_cum_len":10233.696844775879}
{"route_id":"128","segment_first_lat":33.8891737362,"segment_first_lon":-118.1150457273,"segment_second_lat":33.8892257907,"segment_second_lon":-118.1152072474,"segment_sequence":190004,"segment_id":10,"segment_len_meter":15.993252027351225,"segment_cum_len":10249.69009680323}
{"route_id":"128","segment_first_lat":33.8892257907,"segment_first_lon":-118.1152072474,"segment_second_lat":33.8892805518,"segment_second_lon":-118.1154116047,"segment_sequence":190005,"segment_id":10,"segment_len_meter":19.821617349386933,"segment_cum_len":10269.511714152617}
{"route_id":"128","segment_first_lat":33.8892805518,"segment_first_lon":-118.1154116047,"segment_second_lat":33.8893133742,"segment_second_lon":-118.1155698037,"segment_sequence":190006,"segment_id":10,"segment_len_meter":15.051701216427546,"segment_cum_len":10284.563415369044}
{"route_id":"128","segment_first_lat":33.8893133742,"segment_first_lon":-118.1155698037,"segment_second_lat":33.889354348,"segment_second_lon":-118.1158235655,"segment_sequence":190007,"segment_id":10,"segment_len_meter":23.862393561492045,"segment_cum_len":10308.425808930537}
{"route_id":"128","segment_first_lat":33.889354348,"segment_first_lon":-118.1158235655,"segment_second_lat":33.8893787328,"segment_second_lon":-118.1161827406,"segment_sequence":190008,"segment_id":10,"segment_len_meter":33.264230738380135,"segment_cum_len":10341.690039668916}
{"route_id":"128","segment_first_lat":33.8893787328,"segment_first_lon":-118.1161827406,"segment_second_lat":33.889381239,"segment_second_lon":-118.1164331546,"segment_sequence":190009,"segment_id":10,"segment_len_meter":23.116056223265062,"segment_cum_len":10364.806095892181}
{"route_id":"128","segment_first_lat":33.889381239,"segment_first_lon":-118.1164331546,"segment_second_lat":33.8893723539,"segment_second_lon":-118.1170954122,"segment_sequence":190010,"segment_id":10,"segment_len_meter":61.13744092509294,"segment_cum_len":10425.943536817274}
{"route_id":"128","segment_first_lat":33.8893723539,"segment_first_lon":-118.1170954122,"segment_second_lat":33.8893733538,"segment_second_lon":-118.1171975547,"segment_sequence":190011,"segment_id":10,"segment_len_meter":9.428883946231819,"segment_cum_len":10435.372420763506}
{"route_id":"128","segment_first_lat":33.8893733538,"segment_first_lon":-118.1171975547,"segment_second_lat":33.8893748422,"segment_second_lon":-118.1173623005,"segment_sequence":200001,"segment_id":10,"segment_len_meter":15.207704877421788,"segment_cum_len":10450.580125640929}
{"route_id":"128","segment_first_lat":33.8893748422,"segment_first_lon":-118.1173623005,"segment_second_lat":33.8893669084,"segment_second_lon":-118.1198400353,"segment_sequence":200002,"segment_id":10,"segment_len_meter":228.7081667804003,"segment_cum_len":10679.288292421328}
{"route_id":"128","segment_first_lat":33.8893669084,"segment_first_lon":-118.1198400353,"segment_second_lat":33.8893592509,"segment_second_lon":-118.1219948724,"segment_sequence":200003,"segment_id":10,"segment_len_meter":198.9033439966009,"segment_cum_len":10878.191636417929}
{"route_id":"128","segment_first_lat":33.8893592509,"segment_first_lon":-118.1219948724,"segment_second_lat":33.8893583674,"segment_second_lon":-118.1223243586,"segment_sequence":200004,"segment_id":10,"segment_len_meter":30.41327424292624,"segment_cum_len":10908.604910660855}
{"route_id":"128","segment_first_lat":33.8893583674,"segment_first_lon":-118.1223243586,"segment_second_lat":33.8893542722,"segment_second_lon":-118.124179367,"segment_sequence":210001,"segment_id":11,"segment_len_meter":171.22655216643128,"segment_cum_len":11079.831462827287}
{"route_id":"128","segment_first_lat":33.8893542722,"segment_first_lon":-118.124179367,"segment_second_lat":33.8893503992,"segment_second_lon":-118.1252666698,"segment_sequence":210002,"segment_id":11,"segment_len_meter":100.36405975716546,"segment_cum_len":11180.195522584452}
{"route_id":"128","segment_first_lat":33.8893503992,"segment_first_lon":-118.1252666698,"segment_second_lat":33.8893476513,"segment_second_lon":-118.1260574356,"segment_sequence":210003,"segment_id":11,"segment_len_meter":72.99202560223436,"segment_cum_len":11253.187548186686}
{"route_id":"128","segment_first_lat":33.8893476513,"segment_first_lon":-118.1260574356,"segment_second_lat":33.8893464819,"segment_second_lon":-118.1263869212,"segment_sequence":220001,"segment_id":11,"segment_len_meter":30.413342351138233,"segment_cum_len":11283.600890537824}
{"route_id":"128","segment_first_lat":33.8893464819,"segment_first_lon":-118.1263869212,"segment_second_lat":33.8893397645,"segment_second_lon":-118.1275467068,"segment_sequence":220002,"segment_id":11,"segment_len_meter":107.0562546925224,"segment_cum_len":11390.657145230347}
{"route_id":"128","segment_first_lat":33.8893397645,"segment_first_lon":-118.1275467068,"segment_second_lat":33.8893359771,"segment_second_lon":-118.1285252786,"segment_sequence":220003,"segment_id":11,"segment_len_meter":90.32775281965897,"segment_cum_len":11480.984898050006}
{"route_id":"128","segment_first_lat":33.8893359771,"segment_first_lon":-118.1285252786,"segment_second_lat":33.8893357838,"segment_second_lon":-118.1287064964,"segment_sequence":220004,"segment_id":11,"segment_len_meter":16.72726787093953,"segment_cum_len":11497.712165920946}
{"route_id":"128","segment_first_lat":33.8893357838,"segment_first_lon":-118.1287064964,"segment_second_lat":33.8893293378,"segment_second_lon":-118.130103513,"segment_sequence":220005,"segment_id":11,"segment_len_meter":128.95319054003028,"segment_cum_len":11626.665356460977}
{"route_id":"128","segment_first_lat":33.8893293378,"segment_first_lon":-118.130103513,"segment_second_lat":33.8893286102,"segment_second_lon":-118.1302682556,"segment_sequence":230001,"segment_id":12,"segment_len_meter":15.206732178989789,"segment_cum_len":11641.872088639966}
{"route_id":"128","segment_first_lat":33.8893286102,"segment_first_lon":-118.1302682556,"segment_second_lat":33.889328375,"segment_second_lon":-118.1304857169,"segment_sequence":230002,"segment_id":12,"segment_len_meter":20.072718110645678,"segment_cum_len":11661.944806750611}
{"route_id":"128","segment_first_lat":33.889328375,"segment_first_lon":-118.1304857169,"segment_second_lat":33.8893242832,"segment_second_lon":-118.1317212881,"segment_sequence":230003,"segment_id":12,"segment_len_meter":114.04994516507153,"segment_cum_len":11775.994751915683}
{"route_id":"128","segment_first_lat":33.8893242832,"segment_first_lon":-118.1317212881,"segment_second_lat":33.8893241103,"segment_second_lon":-118.1318794418,"segment_sequence":230004,"segment_id":12,"segment_len_meter":14.598343965676587,"segment_cum_len":11790.59309588136}
{"route_id":"128","segment_first_lat":33.8893241103,"segment_first_lon":-118.1318794418,"segment_second_lat":33.8893210701,"segment_second_lon":-118.1321463218,"segment_sequence":230005,"segment_id":12,"segment_len_meter":24.636600730523686,"segment_cum_len":11815.229696611885}
{"route_id":"128","segment_first_lat":33.8893210701,"segment_first_lon":-118.1321463218,"segment_second_lat":33.8893178374,"segment_second_lon":-118.1325878297,"segment_sequence":230006,"segment_id":12,"segment_len_meter":40.7548458954201,"segment_cum_len":11855.984542507305}
{"route_id":"128","segment_first_lat":33.8893178374,"segment_first_lon":-118.1325878297,"segment_second_lat":33.88930806,"segment_second_lon":-118.1339749559,"segment_sequence":230007,"segment_id":12,"segment_len_meter":128.04291327546267,"segment_cum_len":11984.027455782769}
{"route_id":"128","segment_first_lat":33.88930806,"segment_first_lon":-118.1339749559,"segment_second_lat":33.8893063194,"segment_second_lon":-118.1343044404,"segment_sequence":230008,"segment_id":12,"segment_len_meter":30.413592910263187,"segment_cum_len":12014.441048693032}
{"route_id":"128","segment_first_lat":33.8893063194,"segment_first_lon":-118.1343044404,"segment_second_lat":33.8892973722,"segment_second_lon":-118.1361561446,"segment_sequence":240001,"segment_id":12,"segment_len_meter":170.92395814865355,"segment_cum_len":12185.365006841685}
{"route_id":"128","segment_first_lat":33.8892973722,"segment_first_lon":-118.1361561446,"segment_second_lat":33.8892874062,"segment_second_lon":-118.1381528212,"segment_sequence":240002,"segment_id":12,"segment_len_meter":184.3060534336893,"segment_cum_len":12369.671060275374}
{"route_id":"128","segment_first_lat":33.8892874062,"segment_first_lon":-118.1381528212,"segment_second_lat":33.8892866677,"segment_second_lon":-118.1383175636,"segment_sequence":250001,"segment_id":13,"segment_len_meter":15.20672769079694,"segment_cum_len":12384.87778796617}
{"route_id":"128","segment_first_lat":33.8892866677,"segment_first_lon":-118.1383175636,"segment_second_lat":33.8892813662,"segment_second_lon":-118.1405251193,"segment_sequence":250002,"segment_id":13,"segment_len_meter":203.76873587854894,"segment_cum_len":12588.64652384472}
{"route_id":"128","segment_first_lat":33.8892813662,"segment_first_lon":-118.1405251193,"segment_second_lat":33.8892815883,"segment_second_lon":-118.1424427355,"segment_sequence":250003,"segment_id":13,"segment_len_meter":177.00509629102095,"segment_cum_len":12765.65162013574}
{"route_id":"128","segment_first_lat":33.8892815883,"segment_first_lon":-118.1424427355,"segment_second_lat":33.8892815902,"segment_second_lon":-118.1426733766,"segment_sequence":260001,"segment_id":13,"segment_len_meter":21.28927032757275,"segment_cum_len":12786.940890463313}
{"route_id":"128","segment_first_lat":33.8892815902,"segment_first_lon":-118.1426733766,"segment_second_lat":33.8892652217,"segment_second_lon":-118.144877618,"segment_sequence":260002,"segment_id":13,"segment_len_meter":203.47012361223952,"segment_cum_len":12990.411014075553}
{"route_id":"128","segment_first_lat":33.8892652217,"segment_first_lon":-118.144877618,"segment_second_lat":33.8892517013,"segment_second_lon":-118.1469665432,"segment_sequence":260003,"segment_id":13,"segment_len_meter":192.82364287518703,"segment_cum_len":13183.234656950739}
{"route_id":"128","segment_first_lat":33.8892517013,"segment_first_lon":-118.1469665432,"segment_second_lat":33.8892464995,"segment_second_lon":-118.1476255084,"segment_sequence":260004,"segment_id":13,"segment_len_meter":60.82839490037024,"segment_cum_len":13244.06305185111}
{"route_id":"128","segment_first_lat":33.8892464995,"segment_first_lon":-118.1476255084,"segment_second_lat":33.8892451985,"segment_second_lon":-118.1477902496,"segment_sequence":270001,"segment_id":14,"segment_len_meter":15.207090657137147,"segment_cum_len":13259.270142508247}
{"route_id":"128","segment_first_lat":33.8892451985,"segment_first_lon":-118.1477902496,"segment_second_lat":33.889241872,"segment_second_lon":-118.1482614104,"segment_sequence":270002,"segment_id":14,"segment_len_meter":43.49197475603292,"segment_cum_len":13302.76211726428}
{"route_id":"128","segment_first_lat":33.889241872,"segment_first_lon":-118.1482614104,"segment_second_lat":33.8892412996,"segment_second_lon":-118.1487259862,"segment_sequence":270003,"segment_id":14,"segment_len_meter":42.88262294095941,"segment_cum_len":13345.644740205238}
{"route_id":"128","segment_first_lat":33.8892412996,"segment_first_lon":-118.1487259862,"segment_second_lat":33.8892380265,"segment_second_lon":-118.1491510188,"segment_sequence":270004,"segment_id":14,"segment_len_meter":39.23423759018527,"segment_cum_len":13384.878977795423}
{"route_id":"128","segment_first_lat":33.8892380265,"segment_first_lon":-118.1491510188,"segment_second_lat":33.8892352704,"segment_second_lon":-118.1513618723,"segment_sequence":270005,"segment_id":14,"segment_len_meter":204.07262922436342,"segment_cum_len":13588.951607019786}
{"route_id":"128","segment_first_lat":33.8892352704,"segment_first_lon":-118.1513618723,"segment_second_lat":33.8892354057,"segment_second_lon":-118.1516913597,"segment_sequence":270006,"segment_id":14,"segment_len_meter":30.413274083574073,"segment_cum_len":13619.36488110336}
{"route_id":"128","segment_first_lat":33.8892354057,"segment_first_lon":-118.1516913597,"segment_second_lat":33.8892353725,"segment_second_lon":-118.1534541157,"segment_sequence":280001,"segment_id":14,"segment_len_meter":162.710849620144,"segment_cum_len":13782.075730723504}
{"route_id":"128","segment_first_lat":33.8892353725,"segment_first_lon":-118.1534541157,"segment_second_lat":33.8892262967,"segment_second_lon":-118.1541064836,"segment_sequence":280002,"segment_id":14,"segment_len_meter":60.225151235312794,"segment_cum_len":13842.300881958816}
{"route_id":"128","segment_first_lat":33.8892262967,"segment_first_lon":-118.1541064836,"segment_second_lat":33.8892199694,"segment_second_lon":-118.1547555615,"segment_sequence":280003,"segment_id":14,"segment_len_meter":59.91714872997788,"segment_cum_len":13902.218030688793}
{"route_id":"128","segment_first_lat":33.8892199694,"segment_first_lon":-118.1547555615,"segment_second_lat":33.8892136258,"segment_second_lon":-118.1554145238,"segment_sequence":280004,"segment_id":14,"segment_len_meter":60.82949003037536,"segment_cum_len":13963.047520719168}
{"route_id":"128","segment_first_lat":33.8892136258,"segment_first_lon":-118.1554145238,"segment_second_lat":33.8892072829,"segment_second_lon":-118.1560701913,"segment_sequence":280005,"segment_id":14,"segment_len_meter":60.52538823428565,"segment_cum_len":14023.572908953454}
{"route_id":"128","segment_first_lat":33.8892072829,"segment_first_lon":-118.1560701913,"segment_second_lat":33.8892076191,"segment_second_lon":-118.1562349354,"segment_sequence":280006,"segment_id":14,"segment_len_meter":15.206723025596519,"segment_cum_len":14038.77963197905}
{"route_id":"128","segment_first_lat":33.8892076191,"segment_first_lon":-118.1562349354,"segment_second_lat":33.8892091714,"segment_second_lon":-118.1567324637,"segment_sequence":290001,"segment_id":15,"segment_len_meter":45.924591829926335,"segment_cum_len":14084.704223808976}
{"route_id":"128","segment_first_lat":33.8892091714,"segment_first_lon":-118.1567324637,"segment_second_lat":33.8892110433,"segment_second_lon":-118.1574046208,"segment_sequence":290002,"segment_id":15,"segment_len_meter":62.04369786195386,"segment_cum_len":14146.74792167093}
{"route_id":"128","segment_first_lat":33.8892110433,"segment_first_lon":-118.1574046208,"segment_second_lat":33.8892102025,"segment_second_lon":-118.158047119,"segment_sequence":290003,"segment_id":15,"segment_len_meter":59.30576224564994,"segment_cum_len":14206.053683916582}
{"route_id":"128","segment_first_lat":33.8892102025,"segment_first_lon":-118.158047119,"segment_second_lat":33.8892065801,"segment_second_lon":-118.1587126759,"segment_sequence":290004,"segment_id":15,"segment_len_meter":61.43544003297061,"segment_cum_len":14267.489123949552}
{"route_id":"128","segment_first_lat":33.8892065801,"segment_first_lon":-118.1587126759,"segment_second_lat":33.8892194496,"segment_second_lon":-118.1593716745,"segment_sequence":290005,"segment_id":15,"segment_len_meter":60.84558389294392,"segment_cum_len":14328.334707842496}
{"route_id":"128","segment_first_lat":33.8892194496,"segment_first_lon":-118.1593716745,"segment_second_lat":33.8892047761,"segment_second_lon":-118.1600767488,"segment_sequence":290006,"segment_id":15,"segment_len_meter":65.10221319184639,"segment_cum_len":14393.436921034343}
{"route_id":"128","segment_first_lat":33.8892047761,"segment_first_lon":-118.1600767488,"segment_second_lat":33.8892015902,"segment_second_lon":-118.1604062298,"segment_sequence":290007,"segment_id":15,"segment_len_meter":30.414754245703442,"segment_cum_len":14423.851675280046}
{"route_id":"128","segment_first_lat":33.8892015902,"segment_first_lon":-118.1604062298,"segment_second_lat":33.8891983771,"segment_second_lon":-118.1607554799,"segment_sequence":300001,"segment_id":15,"segment_len_meter":32.23945567065236,"segment_cum_len":14456.0911309507}
{"route_id":"128","segment_first_lat":33.8891983771,"segment_first_lon":-118.1607554799,"segment_second_lat":33.889192036,"segment_second_lon":-118.1613880827,"segment_sequence":300002,"segment_id":15,"segment_len_meter":58.39656280934408,"segment_cum_len":14514.487693760044}
{"route_id":"128","segment_first_lat":33.889192036,"segment_first_lon":-118.1613880827,"segment_second_lat":33.8891919654,"segment_second_lon":-118.1614408005,"segment_sequence":300003,"segment_id":15,"segment_len_meter":4.866115078892977,"segment_cum_len":14519.353808838936}
{"route_id":"128","segment_first_lat":33.8891919654,"segment_first_lon":-118.1614408005,"segment_second_lat":33.8891910987,"segment_second_lon":-118.1620865934,"segment_sequence":300004,"segment_id":15,"segment_len_meter":59.60989652749815,"segment_cum_len":14578.963705366434}
{"route_id":"128","segment_first_lat":33.8891910987,"segment_first_lon":-118.1620865934,"segment_second_lat":33.8891874807,"segment_second_lon":-118.1627323808,"segment_sequence":300005,"segment_id":15,"segment_len_meter":59.61067006949396,"segment_cum_len":14638.574375435928}
{"route_id":"128","segment_first_lat":33.8891874807,"segment_first_lon":-118.1627323808,"segment_second_lat":33.8891811024,"segment_second_lon":-118.1633847526,"segment_sequence":300006,"segment_id":15,"segment_len_meter":60.22126465584517,"segment_cum_len":14698.795640091774}
{"route_id":"128","segment_first_lat":33.8891811024,"segment_first_lon":-118.1633847526,"segment_second_lat":33.8891742223,"segment_second_lon":-118.1644028539,"segment_sequence":300007,"segment_id":15,"segment_len_meter":93.97881990507514,"segment_cum_len":14792.774459996848}
{"route_id":"128","segment_first_lat":33.8891742223,"segment_first_lon":-118.1644028539,"segment_second_lat":33.8891701629,"segment_second_lon":-118.1653616529,"segment_sequence":300008,"segment_id":15,"segment_len_meter":88.50297178710332,"segment_cum_len":14881.277431783952}
{"route_id":"128","segment_first_lat":33.8891701629,"segment_first_lon":-118.1653616529,"segment_second_lat":33.8891719912,"segment_second_lon":-118.166030515,"segment_sequence":300009,"segment_id":15,"segment_len_meter":61.73956725332578,"segment_cum_len":14943.016999037278}
{"route_id":"128","segment_first_lat":33.8891719912,"segment_first_lon":-118.166030515,"segment_second_lat":33.889173834,"segment_second_lon":-118.1666861976,"segment_sequence":300010,"segment_id":15,"segment_len_meter":60.523046015737975,"segment_cum_len":15003.540045053016}
{"route_id":"128","segment_first_lat":33.889173834,"segment_first_lon":-118.1666861976,"segment_second_lat":33.8891701776,"segment_second_lon":-118.1673418694,"segment_sequence":300011,"segment_id":15,"segment_len_meter":60.52306851355394,"segment_cum_len":15064.06311356657}
{"route_id":"128","segment_first_lat":33.8891701776,"segment_first_lon":-118.1673418694,"segment_second_lat":33.8891638398,"segment_second_lon":-118.1685378942,"segment_sequence":300012,"segment_id":15,"segment_len_meter":110.40117424112842,"segment_cum_len":15174.464287807697}
{"route_id":"128","segment_first_lat":33.8891638398,"segment_first_lon":-118.1685378942,"segment_second_lat":33.8891626927,"segment_second_lon":-118.1687685328,"segment_sequence":310001,"segment_id":16,"segment_len_meter":21.289451199734557,"segment_cum_len":15195.753739007432}
{"route_id":"128","segment_first_lat":33.8891626927,"segment_first_lon":-118.1687685328,"segment_second_lat":33.8891536975,"segment_second_lon":-118.171249551,"segment_sequence":310002,"segment_id":16,"segment_len_meter":229.01229369499328,"segment_cum_len":15424.766032702426}
{"route_id":"128","segment_first_lat":33.8891536975,"segment_first_lon":-118.171249551,"segment_second_lat":33.8891569445,"segment_second_lon":-118.1716713008,"segment_sequence":310003,"segment_id":16,"segment_len_meter":38.931243997556585,"segment_cum_len":15463.697276699982}
{"route_id":"128","segment_first_lat":33.8891569445,"segment_first_lon":-118.1716713008,"segment_second_lat":33.8891583584,"segment_second_lon":-118.1718360472,"segment_sequence":320001,"segment_id":16,"segment_len_meter":15.207710944692549,"segment_cum_len":15478.904987644675}
{"route_id":"128","segment_first_lat":33.8891583584,"segment_first_lon":-118.1718360472,"segment_second_lat":33.8891654907,"segment_second_lon":-118.172613651,"segment_sequence":320002,"segment_id":16,"segment_len_meter":71.78101056769644,"segment_cum_len":15550.685998212371}
{"route_id":"128","segment_first_lat":33.8891654907,"segment_first_lon":-118.172613651,"segment_second_lat":33.8891583428,"segment_second_lon":-118.1737635457,"segment_sequence":320003,"segment_id":16,"segment_len_meter":106.14387378671384,"segment_cum_len":15656.829871999085}
{"route_id":"128","segment_first_lat":33.8891583428,"segment_first_lon":-118.1737635457,"segment_second_lat":33.8891349406,"segment_second_lon":-118.1747453679,"segment_sequence":320004,"segment_id":16,"segment_len_meter":90.66435275936558,"segment_cum_len":15747.494224758451}
{"route_id":"128","segment_first_lat":33.8891349406,"segment_first_lon":-118.1747453679,"segment_second_lat":33.8891348307,"segment_second_lon":-118.1748211497,"segment_sequence":320005,"segment_id":16,"segment_len_meter":6.995043218798339,"segment_cum_len":15754.48926797725}
{"route_id":"128","segment_first_lat":33.8891348307,"segment_first_lon":-118.1748211497,"segment_second_lat":33.8891226707,"segment_second_lon":-118.1756250721,"segment_sequence":320006,"segment_id":16,"segment_len_meter":74.21831124276319,"segment_cum_len":15828.707579220012}
{"route_id":"128","segment_first_lat":33.8891226707,"segment_first_lon":-118.1756250721,"segment_second_lat":33.8891265481,"segment_second_lon":-118.176732156,"segment_sequence":320007,"segment_id":16,"segment_len_meter":102.1902062075221,"segment_cum_len":15930.897785427534}
{"route_id":"128","segment_first_lat":33.8891265481,"segment_first_lon":-118.176732156,"segment_second_lat":33.8891172298,"segment_second_lon":-118.177463597,"segment_sequence":320008,"segment_id":16,"segment_len_meter":67.52355931689824,"segment_cum_len":15998.421344744433}
{"route_id":"128","segment_first_lat":33.8891172298,"segment_first_lon":-118.177463597,"segment_second_lat":33.8891167442,"segment_second_lon":-118.1777930827,"segment_sequence":320009,"segment_id":16,"segment_len_meter":30.413203575827367,"segment_cum_len":16028.83454832026}
{"route_id":"128","segment_first_lat":33.8891167442,"segment_first_lon":-118.1777930827,"segment_second_lat":33.8891150034,"segment_second_lon":-118.1789693469,"segment_sequence":330001,"segment_id":17,"segment_len_meter":108.5751627740134,"segment_cum_len":16137.409711094273}
{"route_id":"128","segment_first_lat":33.8891150034,"segment_first_lon":-118.1789693469,"segment_second_lat":33.8891049484,"segment_second_lon":-118.1801851315,"segment_sequence":330002,"segment_id":17,"segment_len_meter":112.22849537165075,"segment_cum_len":16249.638206465923}
{"route_id":"128","segment_first_lat":33.8891049484,"segment_first_lon":-118.1801851315,"segment_second_lat":33.889103095,"segment_second_lon":-118.1814207029,"segment_sequence":330003,"segment_id":17,"segment_len_meter":114.0495395023679,"segment_cum_len":16363.687745968291}
{"route_id":"128","segment_first_lat":33.889103095,"segment_first_lon":-118.1814207029,"segment_second_lat":33.8891070389,"segment_second_lon":-118.1824487101,"segment_sequence":330004,"segment_id":17,"segment_len_meter":94.89116290929468,"segment_cum_len":16458.578908877585}
{"route_id":"128","segment_first_lat":33.8891070389,"segment_first_lon":-118.1824487101,"segment_second_lat":33.8891134092,"segment_second_lon":-118.1827782108,"segment_sequence":330005,"segment_id":17,"segment_len_meter":30.422790073934877,"segment_cum_len":16489.00169895152}
{"route_id":"128","segment_first_lat":33.8891134092,"segment_first_lon":-118.1827782108,"segment_second_lat":33.8891299528,"segment_second_lon":-118.1836447974,"segment_sequence":340001,"segment_id":17,"segment_len_meter":80.01136389537228,"segment_cum_len":16569.013062846894}
{"route_id":"128","segment_first_lat":33.8891299528,"segment_first_lon":-118.1836447974,"segment_second_lat":33.8891362619,"segment_second_lon":-118.1849100409,"segment_sequence":340002,"segment_id":17,"segment_len_meter":116.79030214673001,"segment_cum_len":16685.803364993622}
{"route_id":"128","segment_first_lat":33.8891362619,"segment_first_lon":-118.1849100409,"segment_second_lat":33.8891351527,"segment_second_lon":-118.1856316148,"segment_sequence":340003,"segment_id":17,"segment_len_meter":66.60493046638445,"segment_cum_len":16752.408295460005}
{"route_id":"128","segment_first_lat":33.8891351527,"segment_first_lon":-118.1856316148,"segment_second_lat":33.8891349446,"segment_second_lon":-118.1857667039,"segment_sequence":340004,"segment_id":17,"segment_len_meter":12.469409227877788,"segment_cum_len":16764.877704687882}
{"route_id":"128","segment_first_lat":33.8891349446,"segment_first_lon":-118.1857667039,"segment_second_lat":33.8891224206,"segment_second_lon":-118.1867584316,"segment_sequence":340005,"segment_id":17,"segment_len_meter":91.55193902827983,"segment_cum_len":16856.42964371616}
{"route_id":"128","segment_first_lat":33.8891224206,"segment_first_lon":-118.1867584316,"segment_second_lat":33.8891010028,"segment_second_lon":-118.1881619976,"segment_sequence":340006,"segment_id":17,"segment_len_meter":129.5779618179494,"segment_cum_len":16986.00760553411}
{"route_id":"128","segment_first_lat":33.8891010028,"segment_first_lon":-118.1881619976,"segment_second_lat":33.8890979513,"segment_second_lon":-118.188356388,"segment_sequence":340007,"segment_id":17,"segment_len_meter":17.946404590015224,"segment_cum_len":17003.954010124125}
{"route_id":"128","segment_first_lat":33.8890979513,"segment_first_lon":-118.188356388,"segment_second_lat":33.8890951262,"segment_second_lon":-118.1884058046,"segment_sequence":340008,"segment_id":17,"segment_len_meter":4.57220134807586,"segment_cum_len":17008.526211472203}
{"route_id":"128","segment_first_lat":33.8890951262,"segment_first_lon":-118.1884058046,"segment_second_lat":33.8890838051,"segment_second_lon":-118.1886166507,"segment_sequence":340009,"segment_id":17,"segment_len_meter":19.502811422192252,"segment_cum_len":17028.029022894396}
{"route_id":"128","segment_first_lat":33.8890838051,"segment_first_lon":-118.1886166507,"segment_second_lat":33.8890642712,"segment_second_lon":-118.188807709,"segment_sequence":340010,"segment_id":17,"segment_len_meter":17.76888928835215,"segment_cum_len":17045.79791218275}
{"route_id":"128","segment_first_lat":33.8890642712,"segment_first_lon":-118.188807709,"segment_second_lat":33.889044866,"segment_second_lon":-118.1889163959,"segment_sequence":340011,"segment_id":17,"segment_len_meter":10.261766997691165,"segment_cum_len":17056.05967918044}
{"route_id":"128","segment_first_lat":33.889044866,"segment_first_lon":-118.1889163959,"segment_second_lat":33.8890392774,"segment_second_lon":-118.1889756909,"segment_sequence":340012,"segment_id":17,"segment_len_meter":5.508390768333154,"segment_cum_len":17061.56806994877}
{"route_id":"128","segment_first_lat":33.8890392774,"segment_first_lon":-118.1889756909,"segment_second_lat":33.8890142421,"segment_second_lon":-118.1891700314,"segment_sequence":340013,"segment_id":17,"segment_len_meter":18.15332243188153,"segment_cum_len":17079.721392380652}
{"route_id":"128","segment_first_lat":33.8890142421,"segment_first_lon":-118.1891700314,"segment_second_lat":33.8889200394,"segment_second_lon":-118.189664048,"segment_sequence":340014,"segment_id":17,"segment_len_meter":46.787877687078016,"segment_cum_len":17126.50927006773}
{"route_id":"128","segment_first_lat":33.8889200394,"segment_first_lon":-118.189664048,"segment_second_lat":33.8888784381,"segment_second_lon":-118.1899077734,"segment_sequence":340015,"segment_id":17,"segment_len_meter":22.96777463042259,"segment_cum_len":17149.477044698153}
{"route_id":"128","segment_first_lat":33.8888784381,"segment_first_lon":-118.1899077734,"segment_second_lat":33.8888311639,"segment_second_lon":-118.1902635109,"segment_sequence":340016,"segment_id":17,"segment_len_meter":33.25452352308511,"segment_cum_len":17182.73156822124}
{"route_id":"128","segment_first_lat":33.8888311639,"segment_first_lon":-118.1902635109,"segment_second_lat":33.8888143491,"segment_second_lon":-118.1904710488,"segment_sequence":340017,"segment_id":17,"segment_len_meter":19.247864877500533,"segment_cum_len":17201.97943309874}
{"route_id":"128","segment_first_lat":33.8888143491,"segment_first_lon":-118.1904710488,"segment_second_lat":33.888803014,"segment_second_lon":-118.1906884835,"segment_sequence":340018,"segment_id":17,"segment_len_meter":20.109905443005434,"segment_cum_len":17222.089338541744}
{"route_id":"128","segment_first_lat":33.888803014,"segment_first_lon":-118.1906884835,"segment_second_lat":33.8888001619,"segment_second_lon":-118.1907543742,"segment_sequence":340019,"segment_id":17,"segment_len_meter":6.09032190949317,"segment_cum_len":17228.17966045124}
{"route_id":"128","segment_first_lat":33.8888001619,"segment_first_lon":-118.1907543742,"segment_second_lat":33.8887820645,"segment_second_lon":-118.1917691485,"segment_sequence":340020,"segment_id":17,"segment_len_meter":93.69064572012697,"segment_cum_len":17321.870306171364}
{"route_id":"128","segment_first_lat":33.8887820645,"segment_first_lon":-118.1917691485,"segment_second_lat":33.8887757132,"segment_second_lon":-118.1923061954,"segment_sequence":340021,"segment_id":17,"segment_len_meter":49.57730531900975,"segment_cum_len":17371.447611490374}
{"route_id":"128","segment_first_lat":33.8887757132,"segment_first_lon":-118.1923061954,"segment_second_lat":33.8887781349,"segment_second_lon":-118.192510482,"segment_sequence":340022,"segment_id":17,"segment_len_meter":18.858658826018,"segment_cum_len":17390.306270316392}
{"route_id":"128","segment_first_lat":33.8887781349,"segment_first_lon":-118.192510482,"segment_second_lat":33.8887747918,"segment_second_lon":-118.1928827929,"segment_sequence":340023,"segment_id":17,"segment_len_meter":34.36828052387435,"segment_cum_len":17424.674550840267}
{"route_id":"128","segment_first_lat":33.8887747918,"segment_first_lon":-118.1928827929,"segment_second_lat":33.8887689057,"segment_second_lon":-118.1931265987,"segment_sequence":340024,"segment_id":17,"segment_len_meter":22.514084748050827,"segment_cum_len":17447.188635588318}
{"route_id":"128","segment_first_lat":33.8887689057,"segment_first_lon":-118.1931265987,"segment_second_lat":33.8887690432,"segment_second_lon":-118.1932122652,"segment_sequence":340025,"segment_id":17,"segment_len_meter":7.907487631517831,"segment_cum_len":17455.096123219835}
{"route_id":"128","segment_first_lat":33.8887690432,"segment_first_lon":-118.1932122652,"segment_second_lat":33.8887705853,"segment_second_lon":-118.1937921633,"segment_sequence":350001,"segment_id":18,"segment_len_meter":53.527948092844206,"segment_cum_len":17508.62407131268}
{"route_id":"128","segment_first_lat":33.8887705853,"segment_first_lon":-118.1937921633,"segment_second_lat":33.8887702407,"segment_second_lon":-118.1940063281,"segment_sequence":350002,"segment_id":18,"segment_len_meter":19.768585086168592,"segment_cum_len":17528.392656398846}
{"route_id":"128","segment_first_lat":33.8887702407,"segment_first_lon":-118.1940063281,"segment_second_lat":33.8887694495,"segment_second_lon":-118.1944972597,"segment_sequence":350003,"segment_id":18,"segment_len_meter":45.3156785307428,"segment_cum_len":17573.70833492959}
{"route_id":"128","segment_first_lat":33.8887694495,"segment_first_lon":-118.1944972597,"segment_second_lat":33.8887692367,"segment_second_lon":-118.1946290534,"segment_sequence":360001,"segment_id":18,"segment_len_meter":12.165281312523586,"segment_cum_len":17585.873616242112}
{"route_id":"128","segment_first_lat":33.8887692367,"segment_first_lon":-118.1946290534,"segment_second_lat":33.8887657592,"segment_second_lon":-118.1950804405,"segment_sequence":360002,"segment_id":18,"segment_len_meter":41.66722125193794,"segment_cum_len":17627.54083749405}
{"route_id":"128","segment_first_lat":33.8887657592,"segment_first_lon":-118.1950804405,"segment_second_lat":33.8887623333,"segment_second_lon":-118.1954988791,"segment_sequence":360003,"segment_id":18,"segment_len_meter":38.62598551491745,"segment_cum_len":17666.166823008967}
{"route_id":"128","segment_first_lat":33.8887623333,"segment_first_lon":-118.1954988791,"segment_second_lat":33.8887526597,"segment_second_lon":-118.1963785828,"segment_sequence":360004,"segment_id":18,"segment_len_meter":81.20845794456281,"segment_cum_len":17747.37528095353}
{"route_id":"128","segment_first_lat":33.8887526597,"segment_first_lon":-118.1963785828,"segment_second_lat":33.8887457113,"segment_second_lon":-118.1972681772,"segment_sequence":360005,"segment_id":18,"segment_len_meter":82.11794083995431,"segment_cum_len":17829.493221793484}
{"route_id":"128","segment_first_lat":33.8887457113,"segment_first_lon":-118.1972681772,"segment_second_lat":33.8887422866,"segment_second_lon":-118.1980161011,"segment_sequence":360006,"segment_id":18,"segment_len_meter":69.03841801995378,"segment_cum_len":17898.53163981344}
{"route_id":"128","segment_first_lat":33.8887422866,"segment_first_lon":-118.1980161011,"segment_second_lat":33.8887414662,"segment_second_lon":-118.1981808419,"segment_sequence":370001,"segment_id":19,"segment_len_meter":15.20672909377929,"segment_cum_len":17913.738368907216}
{"route_id":"128","segment_first_lat":33.8887414662,"segment_first_lon":-118.1981808419,"segment_second_lat":33.8887412278,"segment_second_lon":-118.1983258149,"segment_sequence":370002,"segment_id":19,"segment_len_meter":13.3818083170549,"segment_cum_len":17927.12017722427}
{"route_id":"128","segment_first_lat":33.8887412278,"segment_first_lon":-118.1983258149,"segment_second_lat":33.8887372034,"segment_second_lon":-118.1991000961,"segment_sequence":370003,"segment_id":19,"segment_len_meter":71.4716921463739,"segment_cum_len":17998.591869370644}
{"route_id":"128","segment_first_lat":33.8887372034,"segment_first_lon":-118.1991000961,"segment_second_lat":33.888736615,"segment_second_lon":-118.199455939,"segment_sequence":370004,"segment_id":19,"segment_len_meter":32.84626675366216,"segment_cum_len":18031.438136124307}
{"route_id":"128","segment_first_lat":33.888736615,"segment_first_lon":-118.199455939,"segment_second_lat":33.8887329663,"segment_second_lon":-118.1999995812,"segment_sequence":370005,"segment_id":19,"segment_len_meter":50.182722077657736,"segment_cum_len":18081.620858201964}
{"route_id":"128","segment_first_lat":33.8887329663,"segment_first_lon":-118.1999995812,"segment_second_lat":33.8887267442,"segment_second_lon":-118.2009320101,"segment_sequence":370006,"segment_id":19,"segment_len_meter":86.07095902736413,"segment_cum_len":18167.69181722933}
{"route_id":"128","segment_first_lat":33.8887267442,"segment_first_lon":-118.2009320101,"segment_second_lat":33.8887256451,"segment_second_lon":-118.2010967501,"segment_sequence":380001,"segment_id":19,"segment_len_meter":15.206875530731345,"segment_cum_len":18182.89869276006}
{"route_id":"128","segment_first_lat":33.8887256451,"segment_first_lon":-118.2010967501,"segment_second_lat":33.8887184575,"segment_second_lon":-118.202108253,"segment_sequence":380002,"segment_id":19,"segment_len_meter":93.37056087187831,"segment_cum_len":18276.269253631937}
{"route_id":"128","segment_first_lat":33.8887184575,"segment_first_lon":-118.202108253,"segment_second_lat":33.8887124354,"segment_second_lon":-118.2029121827,"segment_sequence":380003,"segment_id":19,"segment_len_meter":74.21004806715773,"segment_cum_len":18350.479301699095}
{"route_id":"128","segment_first_lat":33.8887124354,"segment_first_lon":-118.2029121827,"segment_second_lat":33.8887113336,"segment_second_lon":-118.2030769227,"segment_sequence":390001,"segment_id":20,"segment_len_meter":15.206880497491612,"segment_cum_len":18365.686182196587}
{"route_id":"128","segment_first_lat":33.8887113336,"segment_first_lon":-118.2030769227,"segment_second_lat":33.8887083358,"segment_second_lon":-118.2032251839,"segment_sequence":390002,"segment_id":20,"segment_len_meter":13.689364602764767,"segment_cum_len":18379.37554679935}
{"route_id":"128","segment_first_lat":33.8887083358,"segment_first_lon":-118.2032251839,"segment_second_lat":33.8887123673,"segment_second_lon":-118.2040917401,"segment_sequence":390003,"segment_id":20,"segment_len_meter":79.98904992276881,"segment_cum_len":18459.36459672212}
{"route_id":"128","segment_first_lat":33.8887123673,"segment_first_lon":-118.2040917401,"segment_second_lat":33.8886996477,"segment_second_lon":-118.2051098188,"segment_sequence":390004,"segment_id":20,"segment_len_meter":93.9847822632089,"segment_cum_len":18553.349378985327}
{"route_id":"128","segment_first_lat":33.8886996477,"segment_first_lon":-118.2051098188,"segment_second_lat":33.8886924918,"segment_second_lon":-118.2054392866,"segment_sequence":390005,"segment_id":20,"segment_len_meter":30.422061134815888,"segment_cum_len":18583.771440120145}
{"route_id":"128","segment_first_lat":33.8886924918,"segment_first_lon":-118.2054392866,"segment_second_lat":33.8886787944,"segment_second_lon":-118.2060586853,"segment_sequence":400001,"segment_id":20,"segment_len_meter":57.19412840121541,"segment_cum_len":18640.96556852136}
{"route_id":"128","segment_first_lat":33.8886787944,"segment_first_lon":-118.2060586853,"segment_second_lat":33.8886835965,"segment_second_lon":-118.206463964,"segment_sequence":400002,"segment_id":20,"segment_len_meter":37.413225242145906,"segment_cum_len":18678.378793763502}
{"route_id":"128","segment_first_lat":33.8886835965,"segment_first_lon":-118.206463964,"segment_second_lat":33.8886908338,"segment_second_lon":-118.2070504656,"segment_sequence":400003,"segment_id":20,"segment_len_meter":54.143244958149495,"segment_cum_len":18732.52203872165}
{"route_id":"128","segment_first_lat":33.8886908338,"segment_first_lon":-118.2070504656,"segment_second_lat":33.8886902674,"segment_second_lon":-118.2073799495,"segment_sequence":400004,"segment_id":20,"segment_len_meter":30.41320674500648,"segment_cum_len":18762.93524546666}
{"route_id":"128","segment_first_lat":33.8886902674,"segment_first_lon":-118.2073799495,"segment_second_lat":33.8886899271,"segment_second_lon":-118.2075776398,"segment_sequence":410001,"segment_id":21,"segment_len_meter":18.247920558235514,"segment_cum_len":18781.183166024894}
{"route_id":"128","segment_first_lat":33.8886899271,"segment_first_lon":-118.2075776398,"segment_second_lat":33.888679458,"segment_second_lon":-118.2088659013,"segment_sequence":410002,"segment_id":21,"segment_len_meter":118.91919271226456,"segment_cum_len":18900.102358737156}
{"route_id":"128","segment_first_lat":33.888679458,"segment_first_lon":-118.2088659013,"segment_second_lat":33.8886654228,"segment_second_lon":-118.2091950221,"segment_sequence":410003,"segment_id":21,"segment_len_meter":30.41969166175584,"segment_cum_len":18930.52205039891}
{"route_id":"128","segment_first_lat":33.8886654228,"segment_first_lon":-118.2091950221,"segment_second_lat":33.8886336324,"segment_second_lon":-118.2099366137,"segment_sequence":420001,"segment_id":21,"segment_len_meter":68.5441501919301,"segment_cum_len":18999.06620059084}
{"route_id":"128","segment_first_lat":33.8886336324,"segment_first_lon":-118.2099366137,"segment_second_lat":33.8886152063,"segment_second_lon":-118.2110469321,"segment_sequence":420002,"segment_id":21,"segment_len_meter":102.50893598276012,"segment_cum_len":19101.575136573603}
{"route_id":"128","segment_first_lat":33.8886152063,"segment_first_lon":-118.2110469321,"segment_second_lat":33.8886113833,"segment_second_lon":-118.2119727753,"segment_sequence":420003,"segment_id":21,"segment_len_meter":85.46145693732306,"segment_cum_len":19187.036593510926}
{"route_id":"128","segment_first_lat":33.8886113833,"segment_first_lon":-118.2119727753,"segment_second_lat":33.8886105439,"segment_second_lon":-118.2121375157,"segment_sequence":430001,"segment_id":22,"segment_len_meter":15.206728329396569,"segment_cum_len":19202.243321840324}
{"route_id":"128","segment_first_lat":33.8886105439,"segment_first_lon":-118.2121375157,"segment_second_lat":33.8886014934,"segment_second_lon":-118.2125954769,"segment_sequence":430002,"segment_id":22,"segment_len_meter":42.28430888393909,"segment_cum_len":19244.527630724264}
{"route_id":"128","segment_first_lat":33.8886014934,"segment_first_lon":-118.2125954769,"segment_second_lat":33.8885922199,"segment_second_lon":-118.2131786418,"segment_sequence":430003,"segment_id":22,"segment_len_meter":53.83920128155898,"segment_cum_len":19298.366832005824}
{"route_id":"128","segment_first_lat":33.8885922199,"segment_first_lon":-118.2131786418,"segment_second_lat":33.888594437,"segment_second_lon":-118.2134784787,"segment_sequence":430004,"segment_id":22,"segment_len_meter":27.677692999949944,"segment_cum_len":19326.044525005775}
{"route_id":"128","segment_first_lat":33.888594437,"segment_first_lon":-118.2134784787,"segment_second_lat":33.8886011777,"segment_second_lon":-118.2143252723,"segment_sequence":430005,"segment_id":22,"segment_len_meter":78.16729635339307,"segment_cum_len":19404.211821359168}
{"route_id":"128","segment_first_lat":33.8886011777,"segment_first_lon":-118.2143252723,"segment_second_lat":33.8886056705,"segment_second_lon":-118.2158112613,"segment_sequence":430006,"segment_id":22,"segment_len_meter":137.16585146925428,"segment_cum_len":19541.37767282842}
{"route_id":"128","segment_first_lat":33.8886056705,"segment_first_lon":-118.2158112613,"segment_second_lat":33.8886064155,"segment_second_lon":-118.2160089542,"segment_sequence":440001,"segment_id":22,"segment_len_meter":18.248327332911668,"segment_cum_len":19559.626000161334}
{"route_id":"128","segment_first_lat":33.8886064155,"segment_first_lon":-118.2160089542,"segment_second_lat":33.8896147479,"segment_second_lon":-118.2160774503,"segment_sequence":440002,"segment_id":22,"segment_len_meter":112.29956945360908,"segment_cum_len":19671.92556961494}
{"route_id":"128","segment_first_lat":33.8896147479,"segment_first_lon":-118.2160774503,"segment_second_lat":33.8905269125,"segment_second_lon":-118.2161424051,"segment_sequence":440003,"segment_id":22,"segment_len_meter":101.6051256305372,"segment_cum_len":19773.530695245478}
{"route_id":"128","segment_first_lat":33.8905269125,"segment_first_lon":-118.2161424051,"segment_second_lat":33.8908676069,"segment_second_lon":-118.2161630532,"segment_sequence":440004,"segment_id":22,"segment_len_meter":37.93140027825722,"segment_cum_len":19811.462095523733}
{"route_id":"128","segment_first_lat":33.8908676069,"segment_first_lon":-118.2161630532,"segment_second_lat":33.8911533391,"segment_second_lon":-118.2161868547,"segment_sequence":440005,"segment_id":22,"segment_len_meter":31.847836959543873,"segment_cum_len":19843.309932483276}
{"route_id":"128","segment_first_lat":33.8911533391,"segment_first_lon":-118.2161868547,"segment_second_lat":33.8916341961,"segment_second_lon":-118.2161946848,"segment_sequence":440006,"segment_id":22,"segment_len_meter":53.47374323348721,"segment_cum_len":19896.783675716764}
{"route_id":"128","segment_first_lat":33.8916341961,"segment_first_lon":-118.2161946848,"segment_second_lat":33.8918677847,"segment_second_lon":-118.2161821073,"segment_sequence":440007,"segment_id":22,"segment_len_meter":25.999798781473928,"segment_cum_len":19922.78347449824}
{"route_id":"128","segment_first_lat":33.8918677847,"segment_first_lon":-118.2161821073,"segment_second_lat":33.8920162025,"segment_second_lon":-118.2161627202,"segment_sequence":440008,"segment_id":22,"segment_len_meter":16.600039431801093,"segment_cum_len":19939.38351393004}
{"route_id":"128","segment_first_lat":33.8920162025,"segment_first_lon":-118.2161627202,"segment_second_lat":33.8923075662,"segment_second_lon":-118.2161107516,"segment_sequence":440009,"segment_id":22,"segment_len_meter":32.75134006895267,"segment_cum_len":19972.134853998992}
{"route_id":"128","segment_first_lat":33.8923075662,"segment_first_lon":-118.2161107516,"segment_second_lat":33.8925777835,"segment_second_lon":-118.2160521381,"segment_sequence":440010,"segment_id":22,"segment_len_meter":30.529968701763348,"segment_cum_len":20002.664822700757}
{"route_id":"128","segment_first_lat":33.8925777835,"segment_first_lon":-118.2160521381,"segment_second_lat":33.8939761498,"segment_second_lon":-118.2157493017,"segment_sequence":450001,"segment_id":23,"segment_len_meter":157.98365598236794,"segment_cum_len":20160.648478683124}
{"route_id":"128","segment_first_lat":33.8939761498,"segment_first_lon":-118.2157493017,"segment_second_lat":33.8941658027,"segment_second_lon":-118.2157201342,"segment_sequence":450002,"segment_id":23,"segment_len_meter":21.259585464268817,"segment_cum_len":20181.908064147392}
{"route_id":"128","segment_first_lat":33.8941658027,"segment_first_lon":-118.2157201342,"segment_second_lat":33.8942455131,"segment_second_lon":-118.215707159,"segment_sequence":450003,"segment_id":23,"segment_len_meter":8.943935004883343,"segment_cum_len":20190.851999152277}
{"route_id":"128","segment_first_lat":33.8942455131,"segment_first_lon":-118.215707159,"segment_second_lat":33.8944488874,"segment_second_lon":-118.2156879119,"segment_sequence":450004,"segment_id":23,"segment_len_meter":22.683860665511613,"segment_cum_len":20213.535859817788}
{"route_id":"128","segment_first_lat":33.8944488874,"segment_first_lon":-118.2156879119,"segment_second_lat":33.8945862786,"segment_second_lon":-118.2156882654,"segment_sequence":450005,"segment_id":23,"segment_len_meter":15.277239247205175,"segment_cum_len":20228.81309906499}
{"route_id":"128","segment_first_lat":33.8945862786,"segment_first_lon":-118.2156882654,"segment_second_lat":33.8948472982,"segment_second_lon":-118.2157021175,"segment_sequence":450006,"segment_id":23,"segment_len_meter":29.052201840429294,"segment_cum_len":20257.86530090542}
{"route_id":"128","segment_first_lat":33.8948472982,"segment_first_lon":-118.2157021175,"segment_second_lat":33.8960204713,"segment_second_lon":-118.215787515,"segment_sequence":450007,"segment_id":23,"segment_len_meter":130.68880143610306,"segment_cum_len":20388.554102341524}
{"route_id":"128","segment_first_lat":33.8960204713,"segment_first_lon":-118.215787515,"segment_second_lat":33.8960207053,"segment_second_lon":-118.2161170298,"segment_sequence":450008,"segment_id":23,"segment_len_meter":30.413390977216668,"segment_cum_len":20418.96749331874}
{"route_id":"128","segment_first_lat":33.8960207053,"segment_first_lon":-118.2161170298,"segment_second_lat":33.8960211015,"segment_second_lon":-118.2169671774,"segment_sequence":460001,"segment_id":23,"segment_len_meter":78.46647817976798,"segment_cum_len":20497.43397149851}
{"route_id":"128","segment_first_lat":33.8960211015,"segment_first_lon":-118.2169671774,"segment_second_lat":33.8960200919,"segment_second_lon":-118.2175273489,"segment_sequence":460002,"segment_id":23,"segment_len_meter":51.7025298055336,"segment_cum_len":20549.136501304045}
{"route_id":"128","segment_first_lat":33.8960200919,"segment_first_lon":-118.2175273489,"segment_second_lat":33.8960190797,"segment_second_lon":-118.2180875203,"segment_sequence":460003,"segment_id":23,"segment_len_meter":51.70252181577189,"segment_cum_len":20600.839023119817}
{"route_id":"128","segment_first_lat":33.8960190797,"segment_first_lon":-118.2180875203,"segment_second_lat":33.8960175033,"segment_second_lon":-118.2183511276,"segment_sequence":460004,"segment_id":23,"segment_len_meter":24.330916924577146,"segment_cum_len":20625.169940044394}
{"route_id":"128","segment_first_lat":33.8960175033,"segment_first_lon":-118.2183511276,"segment_second_lat":33.8960152393,"segment_second_lon":-118.2186905213,"segment_sequence":470001,"segment_id":24,"segment_len_meter":31.326190358291893,"segment_cum_len":20656.496130402687}
{"route_id":"128","segment_first_lat":33.8960152393,"segment_first_lon":-118.2186905213,"segment_second_lat":33.8960145752,"segment_second_lon":-118.2190562803,"segment_sequence":470002,"segment_id":24,"segment_len_meter":33.75871054451156,"segment_cum_len":20690.2548409472}
{"route_id":"128","segment_first_lat":33.8960145752,"segment_first_lon":-118.2190562803,"segment_second_lat":33.8960134351,"segment_second_lon":-118.2196826837,"segment_sequence":470003,"segment_id":24,"segment_len_meter":57.81558768047424,"segment_cum_len":20748.070428627674}
{"route_id":"128","segment_first_lat":33.8960134351,"segment_first_lon":-118.2196826837,"segment_second_lat":33.8960133336,"segment_second_lon":-118.2197383714,"segment_sequence":480001,"segment_id":24,"segment_len_meter":5.139846219589986,"segment_cum_len":20753.210274847264}
{"route_id":"128","segment_first_lat":33.8960133336,"segment_first_lon":-118.2197383714,"segment_second_lat":33.8960048919,"segment_second_lon":-118.2198470889,"segment_sequence":480002,"segment_id":24,"segment_len_meter":10.078159728474144,"segment_cum_len":20763.288434575737}
{"route_id":"128","segment_first_lat":33.8960048919,"segment_first_lon":-118.2198470889,"segment_second_lat":33.8959907078,"segment_second_lon":-118.2200908921,"segment_sequence":480003,"segment_id":24,"segment_len_meter":22.557628121834906,"segment_cum_len":20785.846062697572}
{"route_id":"128","segment_first_lat":33.8959907078,"segment_first_lon":-118.2200908921,"segment_second_lat":33.8959709553,"segment_second_lon":-118.2203742223,"segment_sequence":480004,"segment_id":24,"segment_len_meter":26.24274473541802,"segment_cum_len":20812.08880743299}
{"route_id":"128","segment_first_lat":33.8959709553,"segment_first_lon":-118.2203742223,"segment_second_lat":33.8969928562,"segment_second_lon":-118.2205350776,"segment_sequence":480005,"segment_id":24,"segment_len_meter":114.5959798661131,"segment_cum_len":20926.684787299102}
{"route_id":"128","segment_first_lat":33.8969928562,"segment_first_lon":-118.2205350776,"segment_second_lat":33.8983196992,"segment_second_lon":-118.2207329874,"segment_sequence":480006,"segment_id":24,"segment_len_meter":148.66465043809134,"segment_cum_len":21075.349437737194}
{"route_id":"128","segment_first_lat":33.8983196992,"segment_first_lon":-118.2207329874,"segment_second_lat":33.8984570542,"segment_second_lon":-118.2207531205,"segment_sequence":480007,"segment_id":24,"segment_len_meter":15.3858000545265,"segment_cum_len":21090.73523779172}
{"route_id":"128","segment_first_lat":33.8984570542,"segment_first_lon":-118.2207531205,"segment_second_lat":33.89845038,"segment_second_lon":-118.2213956743,"segment_sequence":480008,"segment_id":24,"segment_len_meter":59.309036385331225,"segment_cum_len":21150.04427417705}
{"route_id":"128","segment_first_lat":33.89845038,"segment_first_lon":-118.2213956743,"segment_second_lat":33.8984639799,"segment_second_lon":-118.2214715007,"segment_sequence":480009,"segment_id":24,"segment_len_meter":7.159905911182613,"segment_cum_len":21157.204180088233}
{"route_id":"128","segment_first_lat":33.8984639799,"segment_first_lon":-118.2214715007,"segment_second_lat":33.8984804003,"segment_second_lon":-118.2215077917,"segment_sequence":480010,"segment_id":24,"segment_len_meter":3.8148052374036534,"segment_cum_len":21161.018985325638}
{"route_id":"128","segment_first_lat":33.8984804003,"segment_first_lon":-118.2215077917,"segment_second_lat":33.8984940546,"segment_second_lon":-118.2215539611,"segment_sequence":480011,"segment_id":24,"segment_len_meter":4.523603170522993,"segment_cum_len":21165.542588496162}
{"route_id":"128","segment_first_lat":33.8984940546,"segment_first_lon":-118.2215539611,"segment_second_lat":33.898510384,"segment_second_lon":-118.2216396805,"segment_sequence":480012,"segment_id":24,"segment_len_meter":8.117143670257496,"segment_cum_len":21173.65973216642}
{"route_id":"128","segment_first_lat":33.898510384,"segment_first_lon":-118.2216396805,"segment_second_lat":33.8984763727,"segment_second_lon":-118.2222030764,"segment_sequence":480013,"segment_id":24,"segment_len_meter":52.13585199494718,"segment_cum_len":21225.795584161366}
{"route_id":"128","segment_first_lat":33.8984763727,"segment_first_lon":-118.2222030764,"segment_second_lat":33.8979461157,"segment_second_lon":-118.2221621281,"segment_sequence":480014,"segment_id":24,"segment_len_meter":59.082887331783816,"segment_cum_len":21284.87847149315}
{"route_id":"128","segment_first_lat":33.8979461157,"segment_first_lon":-118.2221621281,"segment_second_lat":33.8979365518,"segment_second_lon":-118.2231743936,"segment_sequence":480015,"segment_id":24,"segment_len_meter":93.43348479014037,"segment_cum_len":21378.31195628329}
