{"route_id":"71","segment_first_lat":34.0334863029,"segment_first_lon":-118.2651011163,"segment_second_lat":34.0331273498,"segment_second_lon":-118.2653884468,"segment_sequence":10001,"segment_id":1,"segment_len_meter":47.897240942126935,"segment_cum_len":47.897240942126935}
{"route_id":"71","segment_first_lat":34.0331273498,"segment_first_lon":-118.2653884468,"segment_second_lat":34.0328646001,"segment_second_lon":-118.2649123366,"segment_sequence":10002,"segment_id":1,"segment_len_meter":52.71095599406983,"segment_cum_len":100.60819693619676}
{"route_id":"71","segment_first_lat":34.0328646001,"segment_first_lon":-118.2649123366,"segment_second_lat":34.0327413741,"segment_second_lon":-118.2647172153,"segment_sequence":10003,"segment_id":1,"segment_len_meter":22.60614043339463,"segment_cum_len":123.21433736959139}
{"route_id":"71","segment_first_lat":34.0327413741,"segment_first_lon":-118.2647172153,"segment_second_lat":34.0329946318,"segment_second_lon":-118.2645100825,"segment_sequence":10004,"segment_id":1,"segment_len_meter":34.019959396272576,"segment_cum_len":157.23429676586397}
{"route_id":"71","segment_first_lat":34.0329946318,"segment_first_lon":-118.2645100825,"segment_second_lat":34.033181818,"segment_second_lon":-118.264358849,"segment_sequence":10005,"segment_id":1,"segment_len_meter":25.04877196433039,"segment_cum_len":182.28306873019437}
{"route_id":"71","segment_first_lat":34.033181818,"segment_first_lon":-118.264358849,"segment_second_lat":34.0334626042,"segment_second_lon":-118.264128697,"segment_sequence":10006,"segment_id":1,"segment_len_meter":37.743878657489056,"segment_cum_len":220.02694738768344}
{"route_id":"71","segment_first_lat":34.0334626042,"segment_first_lon":-118.264128697,"segment_second_lat":34.0335666324,"segment_second_lon":-118.2643072557,"segment_sequence":10007,"segment_id":1,"segment_len_meter":20.113070818661193,"segment_cum_len":240.14001820634462}
{"route_id":"71","segment_first_lat":34.0335666324,"segment_first_lon":-118.2643072557,"segment_second_lat":34.0338540645,"segment_second_lon":-118.26480655,"segment_sequence":10008,"segment_id":1,"segment_len_meter":56.020873903706004,"segment_cum_len":296.1608921100506}
{"route_id":"71","segment_first_lat":34.0338540645,"segment_first_lon":-118.26480655,"segment_second_lat":34.0340072993,"segment_second_lon":-118.2651007864,"segment_sequence":10009,"segment_id":1,"segment_len_meter":32.022725631064944,"segment_cum_len":328.18361774111554}
{"route_id":"71","segment_first_lat":34.0340072993,"segment_first_lon":-118.2651007864,"segment_second_lat":34.0341481921,"segment_second_lon":-118.2653840928,"segment_sequence":10010,"segment_id":1,"segment_len_meter":30.446137649214982,"segment_cum_len":358.6297553903305}
{"route_id":"71","segment_first_lat":34.0341481921,"segment_first_lon":-118.2653840928,"segment_second_lat":34.0342179553,"segment_second_lon":-118.2655239289,"segment_sequence":20001,"segment_id":1,"segment_len_meter":15.04040604710138,"segment_cum_len":373.6701614374319}
{"route_id":"71","segment_first_lat":34.0342179553,"segment_first_lon":-118.2655239289,"segment_second_lat":34.0343356262,"segment_second_lon":-118.2657454419,"segment_sequence":20002,"segment_id":1,"segment_len_meter":24.24554864271282,"segment_cum_len":397.9157100801447}
{"route_id":"71","segment_first_lat":34.0343356262,"segment_first_lon":-118.2657454419,"segment_second_lat":34.0344752432,"segment_second_lon":-118.2659835283,"segment_sequence":20003,"segment_id":1,"segment_len_meter":26.876349322621248,"segment_cum_len":424.792059402766}
{"route_id":"71","segment_first_lat":34.0344752432,"segment_first_lon":-118.2659835283,"segment_second_lat":34.0350990237,"segment_second_lon":-118.2654775452,"segment_sequence":20004,"segment_id":1,"segment_len_meter":83.5754402711916,"segment_cum_len":508.3674996739576}
{"route_id":"71","segment_first_lat":34.0350990237,"segment_first_lon":-118.2654775452,"segment_second_lat":34.0352129885,"segment_second_lon":-118.2653851592,"segment_sequence":30001,"segment_id":2,"segment_len_meter":15.26628643670617,"segment_cum_len":523.6337861106638}
{"route_id":"71","segment_first_lat":34.0352129885,"segment_first_lon":-118.2653851592,"segment_second_lat":34.0358819188,"segment_second_lon":-118.2648393722,"segment_sequence":30002,"segment_id":2,"segment_len_meter":89.78827661053836,"segment_cum_len":613.4220627212021}
{"route_id":"71","segment_first_lat":34.0358819188,"segment_first_lon":-118.2648393722,"segment_second_lat":34.0364674344,"segment_second_lon":-118.2643629573,"segment_sequence":30003,"segment_id":2,"segment_len_meter":78.52390480325226,"segment_cum_len":691.9459675244543}
{"route_id":"71","segment_first_lat":34.0364674344,"segment_first_lon":-118.2643629573,"segment_second_lat":34.0365811236,"segment_second_lon":-118.2642705674,"segment_sequence":40001,"segment_id":2,"segment_len_meter":15.24098184400604,"segment_cum_len":707.1869493684603}
{"route_id":"71","segment_first_lat":34.0365811236,"segment_first_lon":-118.2642705674,"segment_second_lat":34.0370353272,"segment_second_lon":-118.2639023236,"segment_sequence":40002,"segment_id":2,"segment_len_meter":60.845153409208685,"segment_cum_len":768.032102777669}
{"route_id":"71","segment_first_lat":34.0370353272,"segment_first_lon":-118.2639023236,"segment_second_lat":34.037266536,"segment_second_lon":-118.2637248145,"segment_sequence":40003,"segment_id":2,"segment_len_meter":30.471291510169074,"segment_cum_len":798.5033942878381}
{"route_id":"71","segment_first_lat":34.037266536,"segment_first_lon":-118.2637248145,"segment_second_lat":34.0374344215,"segment_second_lon":-118.2636032172,"segment_sequence":40004,"segment_id":2,"segment_len_meter":21.772353368546398,"segment_cum_len":820.2757476563845}
{"route_id":"71","segment_first_lat":34.0374344215,"segment_first_lon":-118.2636032172,"segment_second_lat":34.0376077521,"segment_second_lon":-118.2635047416,"segment_sequence":40005,"segment_id":2,"segment_len_meter":21.30266482141025,"segment_cum_len":841.5784124777948}
{"route_id":"71","segment_first_lat":34.0376077521,"segment_first_lon":-118.2635047416,"segment_second_lat":34.0377122568,"segment_second_lon":-118.263465462,"segment_sequence":40006,"segment_id":2,"segment_len_meter":12.171006322104583,"segment_cum_len":853.7494187998994}
{"route_id":"71","segment_first_lat":34.0377122568,"segment_first_lon":-118.263465462,"segment_second_lat":34.0379542187,"segment_second_lon":-118.2633969084,"segment_sequence":40007,"segment_id":2,"segment_len_meter":27.636521131850223,"segment_cum_len":881.3859399317497}
{"route_id":"71","segment_first_lat":34.0379542187,"segment_first_lon":-118.2633969084,"segment_second_lat":34.0380999699,"segment_second_lon":-118.2633445553,"segment_sequence":40008,"segment_id":2,"segment_len_meter":16.90949788103983,"segment_cum_len":898.2954378127895}
{"route_id":"71","segment_first_lat":34.0380999699,"segment_first_lon":-118.2633445553,"segment_second_lat":34.0381068468,"segment_second_lon":-118.2633412762,"segment_sequence":40009,"segment_id":2,"segment_len_meter":0.8222062079461221,"segment_cum_len":899.1176440207356}
{"route_id":"71","segment_first_lat":34.0381068468,"segment_first_lon":-118.2633412762,"segment_second_lat":34.0383117703,"segment_second_lon":-118.2632461994,"segment_sequence":50001,"segment_id":3,"segment_len_meter":24.41254047227294,"segment_cum_len":923.5301844930085}
{"route_id":"71","segment_first_lat":34.0383117703,"segment_first_lon":-118.2632461994,"segment_second_lat":34.038366792,"segment_second_lon":-118.2632166657,"segment_sequence":50002,"segment_id":3,"segment_len_meter":6.696057671343143,"segment_cum_len":930.2262421643517}
{"route_id":"71","segment_first_lat":34.038366792,"segment_first_lon":-118.2632166657,"segment_second_lat":34.0394433988,"segment_second_lon":-118.2622100095,"segment_sequence":50003,"segment_id":3,"segment_len_meter":151.44273213321642,"segment_cum_len":1081.6689742975682}
{"route_id":"71","segment_first_lat":34.0394433988,"segment_first_lon":-118.2622100095,"segment_second_lat":34.0399638022,"segment_second_lon":-118.2617231198,"segment_sequence":50004,"segment_id":3,"segment_len_meter":73.22002698930031,"segment_cum_len":1154.8890012868685}
{"route_id":"71","segment_first_lat":34.0399638022,"segment_first_lon":-118.2617231198,"segment_second_lat":34.0407094275,"segment_second_lon":-118.2610289741,"segment_sequence":50005,"segment_id":3,"segment_len_meter":104.7130069887796,"segment_cum_len":1259.6020082756481}
{"route_id":"71","segment_first_lat":34.0407094275,"segment_first_lon":-118.2610289741,"segment_second_lat":34.0408614156,"segment_second_lon":-118.2608875117,"segment_sequence":60001,"segment_id":3,"segment_len_meter":21.342827591584285,"segment_cum_len":1280.9448358672323}
{"route_id":"71","segment_first_lat":34.0408614156,"segment_first_lon":-118.2608875117,"segment_second_lat":34.0423234688,"segment_second_lon":-118.2595254948,"segment_sequence":60002,"segment_id":3,"segment_len_meter":205.37555733405276,"segment_cum_len":1486.320393201285}
{"route_id":"71","segment_first_lat":34.0423234688,"segment_first_lon":-118.2595254948,"segment_second_lat":34.0425908205,"segment_second_lon":-118.2592771048,"segment_sequence":60003,"segment_id":3,"segment_len_meter":37.51728810932997,"segment_cum_len":1523.837681310615}
{"route_id":"71","segment_first_lat":34.0425908205,"segment_first_lon":-118.2592771048,"segment_second_lat":34.0437304298,"segment_second_lon":-118.2582193768,"segment_sequence":70001,"segment_id":4,"segment_len_meter":159.86082590697936,"segment_cum_len":1683.6985072175944}
{"route_id":"71","segment_first_lat":34.0437304298,"segment_first_lon":-118.2582193768,"segment_second_lat":34.04506745,"segment_second_lon":-118.2569747291,"segment_sequence":70002,"segment_id":4,"segment_len_meter":187.75960876441565,"segment_cum_len":1871.45811598201}
{"route_id":"71","segment_first_lat":34.04506745,"segment_first_lon":-118.2569747291,"segment_second_lat":34.0451759309,"segment_second_lon":-118.256873721,"segment_sequence":80001,"segment_id":4,"segment_len_meter":15.235311550828252,"segment_cum_len":1886.6934275328383}
{"route_id":"71","segment_first_lat":34.0451759309,"segment_first_lon":-118.256873721,"segment_second_lat":34.0466487559,"segment_second_lon":-118.2555941237,"segment_sequence":80002,"segment_id":4,"segment_len_meter":201.79247249522305,"segment_cum_len":2088.485900028061}
{"route_id":"71","segment_first_lat":34.0466487559,"segment_first_lon":-118.2555941237,"segment_second_lat":34.0468577725,"segment_second_lon":-118.2553798615,"segment_sequence":80003,"segment_id":4,"segment_len_meter":30.493799885329853,"segment_cum_len":2118.979699913391}
{"route_id":"71","segment_first_lat":34.0468577725,"segment_first_lon":-118.2553798615,"segment_second_lat":34.0468608014,"segment_second_lon":-118.2553768998,"segment_sequence":90001,"segment_id":5,"segment_len_meter":0.43346596573135604,"segment_cum_len":2119.4131658791225}
{"route_id":"71","segment_first_lat":34.0468608014,"segment_first_lon":-118.2553768998,"segment_second_lat":34.0480697058,"segment_second_lon":-118.2541492671,"segment_sequence":90002,"segment_id":5,"segment_len_meter":175.67793146947255,"segment_cum_len":2295.091097348595}
{"route_id":"71","segment_first_lat":34.0480697058,"segment_first_lon":-118.2541492671,"segment_second_lat":34.0484606574,"segment_second_lon":-118.2537906294,"segment_sequence":90003,"segment_id":5,"segment_len_meter":54.60387589481464,"segment_cum_len":2349.69497324341}
{"route_id":"71","segment_first_lat":34.0484606574,"segment_first_lon":-118.2537906294,"segment_second_lat":34.0492904559,"segment_second_lon":-118.2530325544,"segment_sequence":90004,"segment_id":5,"segment_len_meter":115.72228353347363,"segment_cum_len":2465.4172567768837}
{"route_id":"71","segment_first_lat":34.0492904559,"segment_first_lon":-118.2530325544,"segment_second_lat":34.0494655554,"segment_second_lon":-118.2528726462,"segment_sequence":100001,"segment_id":5,"segment_len_meter":24.415877901811193,"segment_cum_len":2489.833134678695}
{"route_id":"71","segment_first_lat":34.0494655554,"segment_first_lon":-118.2528726462,"segment_second_lat":34.0508972993,"segment_second_lon":-118.2515069571,"segment_sequence":100002,"segment_id":5,"segment_len_meter":202.91991026040313,"segment_cum_len":2692.753044939098}
{"route_id":"71","segment_first_lat":34.0508972993,"segment_first_lon":-118.2515069571,"segment_second_lat":34.0515773371,"segment_second_lon":-118.2508751573,"segment_sequence":100003,"segment_id":5,"segment_len_meter":95.42519368031195,"segment_cum_len":2788.17823861941}
{"route_id":"71","segment_first_lat":34.0515773371,"segment_first_lon":-118.2508751573,"segment_second_lat":34.0520343577,"segment_second_lon":-118.2504539627,"segment_sequence":100004,"segment_id":5,"segment_len_meter":63.93950148833474,"segment_cum_len":2852.117740107745}
{"route_id":"71","segment_first_lat":34.0520343577,"segment_first_lon":-118.2504539627,"segment_second_lat":34.0523289595,"segment_second_lon":-118.2501742341,"segment_sequence":100005,"segment_id":5,"segment_len_meter":41.68019743780132,"segment_cum_len":2893.797937545546}
{"route_id":"71","segment_first_lat":34.0523289595,"segment_first_lon":-118.2501742341,"segment_second_lat":34.0531017847,"segment_second_lon":-118.249449922,"segment_sequence":100006,"segment_id":5,"segment_len_meter":108.80011057616888,"segment_cum_len":3002.598048121715}
{"route_id":"71","segment_first_lat":34.0531017847,"segment_first_lon":-118.249449922,"segment_second_lat":34.053209986,"segment_second_lon":-118.2493482334,"segment_sequence":110001,"segment_id":6,"segment_len_meter":15.248604247062802,"segment_cum_len":3017.8466523687775}
{"route_id":"71","segment_first_lat":34.053209986,"segment_first_lon":-118.2493482334,"segment_second_lat":34.053774392,"segment_second_lon":-118.248818397,"segment_sequence":110002,"segment_id":6,"segment_len_meter":79.50673329032111,"segment_cum_len":3097.3533856590984}
{"route_id":"71","segment_first_lat":34.053774392,"segment_first_lon":-118.248818397,"segment_second_lat":34.0538459721,"segment_second_lon":-118.2487525826,"segment_sequence":110003,"segment_id":6,"segment_len_meter":10.005699822264567,"segment_cum_len":3107.359085481363}
{"route_id":"71","segment_first_lat":34.0538459721,"segment_first_lon":-118.2487525826,"segment_second_lat":34.0539037654,"segment_second_lon":-118.2487098368,"segment_sequence":110004,"segment_id":6,"segment_len_meter":7.536945065809411,"segment_cum_len":3114.8960305471724}
{"route_id":"71","segment_first_lat":34.0539037654,"segment_first_lon":-118.2487098368,"segment_second_lat":34.0539285709,"segment_second_lon":-118.2486735955,"segment_sequence":110005,"segment_id":6,"segment_len_meter":4.330742567917668,"segment_cum_len":3119.22677311509}
{"route_id":"71","segment_first_lat":34.0539285709,"segment_first_lon":-118.2486735955,"segment_second_lat":34.054996834,"segment_second_lon":-118.2476566364,"segment_sequence":110006,"segment_id":6,"segment_len_meter":151.2858887498123,"segment_cum_len":3270.5126618649024}
{"route_id":"71","segment_first_lat":34.054996834,"segment_first_lon":-118.2476566364,"segment_second_lat":34.0545189465,"segment_second_lon":-118.2468675109,"segment_sequence":110007,"segment_id":6,"segment_len_meter":90.04875949887614,"segment_cum_len":3360.5614213637787}
{"route_id":"71","segment_first_lat":34.0545189465,"segment_first_lon":-118.2468675109,"segment_second_lat":34.0544381574,"segment_second_lon":-118.2467338966,"segment_sequence":120001,"segment_id":6,"segment_len_meter":15.238739982816416,"segment_cum_len":3375.800161346595}
{"route_id":"71","segment_first_lat":34.0544381574,"segment_first_lon":-118.2467338966,"segment_second_lat":34.0543477817,"segment_second_lon":-118.246585068,"segment_sequence":120002,"segment_id":6,"segment_len_meter":16.99937268224224,"segment_cum_len":3392.799534028837}
{"route_id":"71","segment_first_lat":34.0543477817,"segment_first_lon":-118.246585068,"segment_second_lat":34.0536437629,"segment_second_lon":-118.245513355,"segment_sequence":120003,"segment_id":6,"segment_len_meter":126.00174103372517,"segment_cum_len":3518.801275062562}
{"route_id":"71","segment_first_lat":34.0536437629,"segment_first_lon":-118.245513355,"segment_second_lat":34.0529562218,"segment_second_lon":-118.2444417082,"segment_sequence":120004,"segment_id":6,"segment_len_meter":124.86746752792985,"segment_cum_len":3643.668742590492}
{"route_id":"71","segment_first_lat":34.0529562218,"segment_first_lon":-118.2444417082,"segment_second_lat":34.0547426851,"segment_second_lon":-118.2427704793,"segment_sequence":120005,"segment_id":6,"segment_len_meter":251.32657488975624,"segment_cum_len":3894.995317480248}
{"route_id":"71","segment_first_lat":34.0547426851,"segment_first_lon":-118.2427704793,"segment_second_lat":34.0549053897,"segment_second_lon":-118.2426184267,"segment_sequence":130001,"segment_id":7,"segment_len_meter":22.880964225795015,"segment_cum_len":3917.8762817060433}
{"route_id":"71","segment_first_lat":34.0549053897,"segment_first_lon":-118.2426184267,"segment_second_lat":34.0560919576,"segment_second_lon":-118.2415026767,"segment_sequence":130002,"segment_id":7,"segment_len_meter":167.2531177313695,"segment_cum_len":4085.1293994374128}
{"route_id":"71","segment_first_lat":34.0560919576,"segment_first_lon":-118.2415026767,"segment_second_lat":34.0561552771,"segment_second_lon":-118.2414434334,"segment_sequence":130003,"segment_id":7,"segment_len_meter":8.90840409861044,"segment_cum_len":4094.037803536023}
{"route_id":"71","segment_first_lat":34.0561552771,"segment_first_lon":-118.2414434334,"segment_second_lat":34.0562351166,"segment_second_lon":-118.2413677303,"segment_sequence":130004,"segment_id":7,"segment_len_meter":11.289455783485126,"segment_cum_len":4105.327259319508}
{"route_id":"71","segment_first_lat":34.0562351166,"segment_first_lon":-118.2413677303,"segment_second_lat":34.0563424874,"segment_second_lon":-118.2412656949,"segment_sequence":130005,"segment_id":7,"segment_len_meter":15.195375344586461,"segment_cum_len":4120.522634664095}
{"route_id":"71","segment_first_lat":34.0563424874,"segment_first_lon":-118.2412656949,"segment_second_lat":34.0564526125,"segment_second_lon":-118.2411603657,"segment_sequence":130006,"segment_id":7,"segment_len_meter":15.623784036870168,"segment_cum_len":4136.146418700965}
{"route_id":"71","segment_first_lat":34.0564526125,"segment_first_lon":-118.2411603657,"segment_second_lat":34.0564966639,"segment_second_lon":-118.2411175736,"segment_sequence":130007,"segment_id":7,"segment_len_meter":6.287595383420614,"segment_cum_len":4142.434014084386}
{"route_id":"71","segment_first_lat":34.0564966639,"segment_first_lon":-118.2411175736,"segment_second_lat":34.0566370548,"segment_second_lon":-118.2409925224,"segment_sequence":130008,"segment_id":7,"segment_len_meter":19.401267646646595,"segment_cum_len":4161.835281731032}
{"route_id":"71","segment_first_lat":34.0566370548,"segment_first_lon":-118.2409925224,"segment_second_lat":34.0571545924,"segment_second_lon":-118.2405219001,"segment_sequence":130009,"segment_id":7,"segment_len_meter":72.05128991821971,"segment_cum_len":4233.886571649252}
{"route_id":"71","segment_first_lat":34.0571545924,"segment_first_lon":-118.2405219001,"segment_second_lat":34.0572922283,"segment_second_lon":-118.2404001405,"segment_sequence":130010,"segment_id":7,"segment_len_meter":18.97477267739657,"segment_cum_len":4252.861344326649}
{"route_id":"71","segment_first_lat":34.0572922283,"segment_first_lon":-118.2404001405,"segment_second_lat":34.0575534994,"segment_second_lon":-118.2401496466,"segment_sequence":130011,"segment_id":7,"segment_len_meter":37.101568254168306,"segment_cum_len":4289.962912580817}
{"route_id":"71","segment_first_lat":34.0575534994,"segment_first_lon":-118.2401496466,"segment_second_lat":34.0578758891,"segment_second_lon":-118.2398405595,"segment_sequence":140001,"segment_id":7,"segment_len_meter":45.78035218519232,"segment_cum_len":4335.743264766009}
{"route_id":"71","segment_first_lat":34.0578758891,"segment_first_lon":-118.2398405595,"segment_second_lat":34.0579970241,"segment_second_lon":-118.2397253534,"segment_sequence":140002,"segment_id":7,"segment_len_meter":17.148347000768023,"segment_cum_len":4352.891611766777}
{"route_id":"71","segment_first_lat":34.0579970241,"segment_first_lon":-118.2397253534,"segment_second_lat":34.0580741147,"segment_second_lon":-118.2396496392,"segment_sequence":140003,"segment_id":7,"segment_len_meter":11.051252544378546,"segment_cum_len":4363.942864311155}
{"route_id":"71","segment_first_lat":34.0580741147,"segment_first_lon":-118.2396496392,"segment_second_lat":34.0582585287,"segment_second_lon":-118.2394949954,"segment_sequence":140004,"segment_id":7,"segment_len_meter":24.968810120769753,"segment_cum_len":4388.911674431924}
{"route_id":"71","segment_first_lat":34.0582585287,"segment_first_lon":-118.2394949954,"segment_second_lat":34.0582395359,"segment_second_lon":-118.2393727843,"segment_sequence":140005,"segment_id":7,"segment_len_meter":11.454641121009347,"segment_cum_len":4400.366315552934}
{"route_id":"71","segment_first_lat":34.0582395359,"segment_first_lon":-118.2393727843,"segment_second_lat":34.0582287735,"segment_second_lon":-118.2392571999,"segment_sequence":140006,"segment_id":7,"segment_len_meter":10.714851207578075,"segment_cum_len":4411.081166760512}
{"route_id":"71","segment_first_lat":34.0582287735,"segment_first_lon":-118.2392571999,"segment_second_lat":34.0582184945,"segment_second_lon":-118.2388973035,"segment_sequence":140007,"segment_id":7,"segment_len_meter":33.173905751306094,"segment_cum_len":4444.255072511818}
{"route_id":"71","segment_first_lat":34.0582184945,"segment_first_lon":-118.2388973035,"segment_second_lat":34.058229982,"segment_second_lon":-118.2386464199,"segment_sequence":140008,"segment_id":7,"segment_len_meter":23.14705464864465,"segment_cum_len":4467.402127160462}
{"route_id":"71","segment_first_lat":34.058229982,"segment_first_lon":-118.2386464199,"segment_second_lat":34.0582504874,"segment_second_lon":-118.2380026794,"segment_sequence":140009,"segment_id":7,"segment_len_meter":59.34617054492226,"segment_cum_len":4526.748297705385}
{"route_id":"71","segment_first_lat":34.0582504874,"segment_first_lon":-118.2380026794,"segment_second_lat":34.0582453559,"segment_second_lon":-118.2378177789,"segment_sequence":140010,"segment_id":7,"segment_len_meter":17.042868073280736,"segment_cum_len":4543.791165778666}
{"route_id":"71","segment_first_lat":34.0582453559,"segment_first_lon":-118.2378177789,"segment_second_lat":34.0582346439,"segment_second_lon":-118.2376757826,"segment_sequence":140011,"segment_id":7,"segment_len_meter":13.135033506836365,"segment_cum_len":4556.926199285503}
{"route_id":"71","segment_first_lat":34.0582346439,"segment_first_lon":-118.2376757826,"segment_second_lat":34.0581966546,"segment_second_lon":-118.2374313614,"segment_sequence":140012,"segment_id":7,"segment_len_meter":22.90927627489917,"segment_cum_len":4579.835475560401}
{"route_id":"71","segment_first_lat":34.0581966546,"segment_first_lon":-118.2374313614,"segment_second_lat":34.0581830256,"segment_second_lon":-118.2373751967,"segment_sequence":140013,"segment_id":7,"segment_len_meter":5.391358072628747,"segment_cum_len":4585.22683363303}
{"route_id":"71","segment_first_lat":34.0581830256,"segment_first_lon":-118.2373751967,"segment_second_lat":34.0581639658,"segment_second_lon":-118.2372860013,"segment_sequence":140014,"segment_id":7,"segment_len_meter":8.485742521683154,"segment_cum_len":4593.712576154713}
{"route_id":"71","segment_first_lat":34.0581639658,"segment_first_lon":-118.2372860013,"segment_second_lat":34.0580984841,"segment_second_lon":-118.2370481056,"segment_sequence":140015,"segment_id":7,"segment_len_meter":23.09325773804812,"segment_cum_len":4616.805833892761}
{"route_id":"71","segment_first_lat":34.0580984841,"segment_first_lon":-118.2370481056,"segment_second_lat":34.0579592571,"segment_second_lon":-118.2365818664,"segment_sequence":140016,"segment_id":7,"segment_len_meter":45.65567313704152,"segment_cum_len":4662.461507029803}
{"route_id":"71","segment_first_lat":34.0579592571,"segment_first_lon":-118.2365818664,"segment_second_lat":34.0579237671,"segment_second_lon":-118.2364632415,"segment_sequence":150001,"segment_id":8,"segment_len_meter":11.618662576241588,"segment_cum_len":4674.080169606044}
{"route_id":"71","segment_first_lat":34.0579237671,"segment_first_lon":-118.2364632415,"segment_second_lat":34.0577627285,"segment_second_lon":-118.235908132,"segment_sequence":150002,"segment_id":8,"segment_len_meter":54.18229036292537,"segment_cum_len":4728.26245996897}
{"route_id":"71","segment_first_lat":34.0577627285,"segment_first_lon":-118.235908132,"segment_second_lat":34.0574352056,"segment_second_lon":-118.2347681907,"segment_sequence":150003,"segment_id":8,"segment_len_meter":111.14971227243386,"segment_cum_len":4839.412172241404}
{"route_id":"71","segment_first_lat":34.0574352056,"segment_first_lon":-118.2347681907,"segment_second_lat":34.0573151079,"segment_second_lon":-118.2343518652,"segment_sequence":150004,"segment_id":8,"segment_len_meter":40.611369274990814,"segment_cum_len":4880.023541516394}
{"route_id":"71","segment_first_lat":34.0573151079,"segment_first_lon":-118.2343518652,"segment_second_lat":34.0572659924,"segment_second_lon":-118.2341734469,"segment_sequence":150005,"segment_id":8,"segment_len_meter":17.319942345846506,"segment_cum_len":4897.343483862241}
{"route_id":"71","segment_first_lat":34.0572659924,"segment_first_lon":-118.2341734469,"segment_second_lat":34.0571622712,"segment_second_lon":-118.2338132942,"segment_sequence":150006,"segment_id":8,"segment_len_meter":35.1256366673688,"segment_cum_len":4932.469120529609}
{"route_id":"71","segment_first_lat":34.0571622712,"segment_first_lon":-118.2338132942,"segment_second_lat":34.0571103942,"segment_second_lon":-118.2336414718,"segment_sequence":150007,"segment_id":8,"segment_len_meter":16.847087214199835,"segment_cum_len":4949.316207743809}
{"route_id":"71","segment_first_lat":34.0571103942,"segment_first_lon":-118.2336414718,"segment_second_lat":34.0570285012,"segment_second_lon":-118.2333606169,"segment_sequence":150008,"segment_id":8,"segment_len_meter":27.428818030385436,"segment_cum_len":4976.745025774195}
{"route_id":"71","segment_first_lat":34.0570285012,"segment_first_lon":-118.2333606169,"segment_second_lat":34.0569766491,"segment_second_lon":-118.2331755893,"segment_sequence":150009,"segment_id":8,"segment_len_meter":17.994013072950285,"segment_cum_len":4994.739038847145}
{"route_id":"71","segment_first_lat":34.0569766491,"segment_first_lon":-118.2331755893,"segment_second_lat":34.0566273713,"segment_second_lon":-118.2319035504,"segment_sequence":150010,"segment_id":8,"segment_len_meter":123.4524520674463,"segment_cum_len":5118.191490914591}
{"route_id":"71","segment_first_lat":34.0566273713,"segment_first_lon":-118.2319035504,"segment_second_lat":34.0565392155,"segment_second_lon":-118.2315906572,"segment_sequence":150011,"segment_id":8,"segment_len_meter":30.445942217872048,"segment_cum_len":5148.637433132463}
{"route_id":"71","segment_first_lat":34.0565392155,"segment_first_lon":-118.2315906572,"segment_second_lat":34.0563298792,"segment_second_lon":-118.2308462595,"segment_sequence":160001,"segment_id":8,"segment_len_meter":72.41935181131129,"segment_cum_len":5221.056784943775}
{"route_id":"71","segment_first_lat":34.0563298792,"segment_first_lon":-118.2308462595,"segment_second_lat":34.0558406998,"segment_second_lon":-118.229435196,"segment_sequence":160002,"segment_id":8,"segment_len_meter":140.9142201086354,"segment_cum_len":5361.97100505241}
{"route_id":"71","segment_first_lat":34.0558406998,"segment_first_lon":-118.229435196,"segment_second_lat":34.0551681451,"segment_second_lon":-118.2276274799,"segment_sequence":160003,"segment_id":8,"segment_len_meter":182.55582669440437,"segment_cum_len":5544.526831746814}
{"route_id":"71","segment_first_lat":34.0551681451,"segment_first_lon":-118.2276274799,"segment_second_lat":34.0551080158,"segment_second_lon":-118.227455643,"segment_sequence":160004,"segment_id":8,"segment_len_meter":17.1844960302238,"segment_cum_len":5561.711327777039}
{"route_id":"71","segment_first_lat":34.0551080158,"segment_first_lon":-118.227455643,"segment_second_lat":34.0550888865,"segment_second_lon":-118.2273994671,"segment_sequence":160005,"segment_id":8,"segment_len_meter":5.595281998895561,"segment_cum_len":5567.306609775934}
{"route_id":"71","segment_first_lat":34.0550888865,"segment_first_lon":-118.2273994671,"segment_second_lat":34.0549930658,"segment_second_lon":-118.2272110266,"segment_sequence":160006,"segment_id":8,"segment_len_meter":20.369011783018976,"segment_cum_len":5587.675621558953}
{"route_id":"71","segment_first_lat":34.0549930658,"segment_first_lon":-118.2272110266,"segment_second_lat":34.0546975133,"segment_second_lon":-118.2265631511,"segment_sequence":160007,"segment_id":8,"segment_len_meter":68.1352861994048,"segment_cum_len":5655.810907758358}
{"route_id":"71","segment_first_lat":34.0546975133,"segment_first_lon":-118.2265631511,"segment_second_lat":34.0544703695,"segment_second_lon":-118.2260673285,"segment_sequence":160008,"segment_id":8,"segment_len_meter":52.195773770015094,"segment_cum_len":5708.006681528373}
{"route_id":"71","segment_first_lat":34.0544703695,"segment_first_lon":-118.2260673285,"segment_second_lat":34.0543335758,"segment_second_lon":-118.2257467253,"segment_sequence":160009,"segment_id":8,"segment_len_meter":33.22243768624084,"segment_cum_len":5741.229119214613}
{"route_id":"71","segment_first_lat":34.0543335758,"segment_first_lon":-118.2257467253,"segment_second_lat":34.0545797876,"segment_second_lon":-118.2251564413,"segment_sequence":160010,"segment_id":8,"segment_len_meter":60.88302921329487,"segment_cum_len":5802.112148427908}
{"route_id":"71","segment_first_lat":34.0545797876,"segment_first_lon":-118.2251564413,"segment_second_lat":34.0550760679,"segment_second_lon":-118.223965969,"segment_sequence":170001,"segment_id":9,"segment_len_meter":122.77345776815176,"segment_cum_len":5924.8856061960605}
{"route_id":"71","segment_first_lat":34.0550760679,"segment_first_lon":-118.223965969,"segment_second_lat":34.0552030382,"segment_second_lon":-118.2236592776,"segment_sequence":170002,"segment_id":9,"segment_len_meter":31.585031815230362,"segment_cum_len":5956.470638011291}
{"route_id":"71","segment_first_lat":34.0552030382,"segment_first_lon":-118.2236592776,"segment_second_lat":34.0554596389,"segment_second_lon":-118.223092119,"segment_sequence":170003,"segment_id":9,"segment_len_meter":59.53238327487242,"segment_cum_len":6016.003021286164}
{"route_id":"71","segment_first_lat":34.0554596389,"segment_first_lon":-118.223092119,"segment_second_lat":34.0555285853,"segment_second_lon":-118.2229569444,"segment_sequence":170004,"segment_id":9,"segment_len_meter":14.623597813050216,"segment_cum_len":6030.626619099214}
{"route_id":"71","segment_first_lat":34.0555285853,"segment_first_lon":-118.2229569444,"segment_second_lat":34.0557437034,"segment_second_lon":-118.2225316329,"segment_sequence":170005,"segment_id":9,"segment_len_meter":45.90601152939829,"segment_cum_len":6076.532630628612}
{"route_id":"71","segment_first_lat":34.0557437034,"segment_first_lon":-118.2225316329,"segment_second_lat":34.0558567789,"segment_second_lon":-118.2223074359,"segment_sequence":170006,"segment_id":9,"segment_len_meter":24.180097719718102,"segment_cum_len":6100.7127283483305}
{"route_id":"71","segment_first_lat":34.0558567789,"segment_first_lon":-118.2223074359,"segment_second_lat":34.0559533122,"segment_second_lon":-118.2221129073,"segment_sequence":170007,"segment_id":9,"segment_len_meter":20.889538611987863,"segment_cum_len":6121.602266960318}
{"route_id":"71","segment_first_lat":34.0559533122,"segment_first_lon":-118.2221129073,"segment_second_lat":34.056005746,"segment_second_lon":-118.2219908931,"segment_sequence":170008,"segment_id":9,"segment_len_meter":12.662566338960827,"segment_cum_len":6134.2648332992785}
{"route_id":"71","segment_first_lat":34.056005746,"segment_first_lon":-118.2219908931,"segment_second_lat":34.0564340294,"segment_second_lon":-118.2207011586,"segment_sequence":170009,"segment_id":9,"segment_len_meter":128.00383100516805,"segment_cum_len":6262.268664304446}
{"route_id":"71","segment_first_lat":34.0564340294,"segment_first_lon":-118.2207011586,"segment_second_lat":34.0565368091,"segment_second_lon":-118.2203950539,"segment_sequence":170010,"segment_id":9,"segment_len_meter":30.427280891017215,"segment_cum_len":6292.6959451954635}
{"route_id":"71","segment_first_lat":34.0565368091,"segment_first_lon":-118.2203950539,"segment_second_lat":34.0569838399,"segment_second_lon":-118.2190617726,"segment_sequence":180001,"segment_id":9,"segment_len_meter":132.50312617146878,"segment_cum_len":6425.199071366932}
{"route_id":"71","segment_first_lat":34.0569838399,"segment_first_lon":-118.2190617726,"segment_second_lat":34.0580113148,"segment_second_lon":-118.217667919,"segment_sequence":180002,"segment_id":9,"segment_len_meter":171.8747080406562,"segment_cum_len":6597.0737794075885}
{"route_id":"71","segment_first_lat":34.0580113148,"segment_first_lon":-118.217667919,"segment_second_lat":34.0585263995,"segment_second_lon":-118.2169825384,"segment_sequence":180003,"segment_id":9,"segment_len_meter":85.24579704279036,"segment_cum_len":6682.319576450379}
{"route_id":"71","segment_first_lat":34.0585263995,"segment_first_lon":-118.2169825384,"segment_second_lat":34.0586613645,"segment_second_lon":-118.2168046048,"segment_sequence":180004,"segment_id":9,"segment_len_meter":22.22391128442409,"segment_cum_len":6704.543487734803}
{"route_id":"71","segment_first_lat":34.0586613645,"segment_first_lon":-118.2168046048,"segment_second_lat":34.0588904954,"segment_second_lon":-118.2165212647,"segment_sequence":180005,"segment_id":9,"segment_len_meter":36.47505397040774,"segment_cum_len":6741.018541705211}
{"route_id":"71","segment_first_lat":34.0588904954,"segment_first_lon":-118.2165212647,"segment_second_lat":34.0589863338,"segment_second_lon":-118.2164026566,"segment_sequence":190001,"segment_id":10,"segment_len_meter":15.26268430411613,"segment_cum_len":6756.281226009327}
{"route_id":"71","segment_first_lat":34.0589863338,"segment_first_lon":-118.2164026566,"segment_second_lat":34.0598483186,"segment_second_lon":-118.2153384713,"segment_sequence":190002,"segment_id":10,"segment_len_meter":137.10351525489068,"segment_cum_len":6893.384741264217}
{"route_id":"71","segment_first_lat":34.0598483186,"segment_first_lon":-118.2153384713,"segment_second_lat":34.0600465996,"segment_second_lon":-118.2150946631,"segment_sequence":190003,"segment_id":10,"segment_len_meter":31.472810060917144,"segment_cum_len":6924.857551325134}
{"route_id":"71","segment_first_lat":34.0600465996,"segment_first_lon":-118.2150946631,"segment_second_lat":34.0601071876,"segment_second_lon":-118.2150188819,"segment_sequence":190004,"segment_id":10,"segment_len_meter":9.701627670862822,"segment_cum_len":6934.559178995997}
{"route_id":"71","segment_first_lat":34.0601071876,"segment_first_lon":-118.2150188819,"segment_second_lat":34.0602614024,"segment_second_lon":-118.2148310865,"segment_sequence":190005,"segment_id":10,"segment_len_meter":24.358300052449938,"segment_cum_len":6958.917479048447}
{"route_id":"71","segment_first_lat":34.0602614024,"segment_first_lon":-118.2148310865,"segment_second_lat":34.060619398,"segment_second_lon":-118.2143961913,"segment_sequence":190006,"segment_id":10,"segment_len_meter":56.476525311571756,"segment_cum_len":7015.394004360019}
{"route_id":"71","segment_first_lat":34.060619398,"segment_first_lon":-118.2143961913,"segment_second_lat":34.0604032279,"segment_second_lon":-118.2141922578,"segment_sequence":190007,"segment_id":10,"segment_len_meter":30.507344770506013,"segment_cum_len":7045.901349130525}
{"route_id":"71","segment_first_lat":34.0604032279,"segment_first_lon":-118.2141922578,"segment_second_lat":34.0593081089,"segment_second_lon":-118.2131580425,"segment_sequence":200001,"segment_id":10,"segment_len_meter":154.6125231833273,"segment_cum_len":7200.5138723138525}
{"route_id":"71","segment_first_lat":34.0593081089,"segment_first_lon":-118.2131580425,"segment_second_lat":34.0591297721,"segment_second_lon":-118.2130024145,"segment_sequence":200002,"segment_id":10,"segment_len_meter":24.469789937888955,"segment_cum_len":7224.983662251741}
{"route_id":"71","segment_first_lat":34.0591297721,"segment_first_lon":-118.2130024145,"segment_second_lat":34.0590639633,"segment_second_lon":-118.2129230094,"segment_sequence":200003,"segment_id":10,"segment_len_meter":10.346704289554996,"segment_cum_len":7235.330366541297}
{"route_id":"71","segment_first_lat":34.0590639633,"segment_first_lon":-118.2129230094,"segment_second_lat":34.0590447748,"segment_second_lon":-118.2128965481,"segment_sequence":200004,"segment_id":10,"segment_len_meter":3.239532380022508,"segment_cum_len":7238.56989892132}
{"route_id":"71","segment_first_lat":34.0590447748,"segment_first_lon":-118.2128965481,"segment_second_lat":34.0589243461,"segment_second_lon":-118.2126255139,"segment_sequence":200005,"segment_id":10,"segment_len_meter":28.332220082458168,"segment_cum_len":7266.902119003777}
{"route_id":"71","segment_first_lat":34.0589243461,"segment_first_lon":-118.2126255139,"segment_second_lat":34.0585548418,"segment_second_lon":-118.2117958874,"segment_sequence":200006,"segment_id":10,"segment_len_meter":86.77024805549938,"segment_cum_len":7353.672367059276}
{"route_id":"71","segment_first_lat":34.0585548418,"segment_first_lon":-118.2117958874,"segment_second_lat":34.0581935407,"segment_second_lon":-118.2109860981,"segment_sequence":200007,"segment_id":10,"segment_len_meter":84.72906762148942,"segment_cum_len":7438.401434680766}
{"route_id":"71","segment_first_lat":34.0581935407,"segment_first_lon":-118.2109860981,"segment_second_lat":34.057821283,"segment_second_lon":-118.2101531777,"segment_sequence":200008,"segment_id":10,"segment_len_meter":87.18315896098139,"segment_cum_len":7525.584593641747}
{"route_id":"71","segment_first_lat":34.057821283,"segment_first_lon":-118.2101531777,"segment_second_lat":34.057435389,"segment_second_lon":-118.2092575022,"segment_sequence":200009,"segment_id":10,"segment_len_meter":93.00205837530444,"segment_cum_len":7618.586652017052}
{"route_id":"71","segment_first_lat":34.057435389,"segment_first_lon":-118.2092575022,"segment_second_lat":34.0572875936,"segment_second_lon":-118.2089170787,"segment_sequence":200010,"segment_id":10,"segment_len_meter":35.405794824970386,"segment_cum_len":7653.992446842022}
{"route_id":"71","segment_first_lat":34.0572875936,"segment_first_lon":-118.2089170787,"segment_second_lat":34.057112436,"segment_second_lon":-118.2085085776,"segment_sequence":200011,"segment_id":10,"segment_len_meter":42.37360211345498,"segment_cum_len":7696.366048955477}
{"route_id":"71","segment_first_lat":34.057112436,"segment_first_lon":-118.2085085776,"segment_second_lat":34.0570494884,"segment_second_lon":-118.2083618349,"segment_sequence":210001,"segment_id":11,"segment_len_meter":15.222943781371216,"segment_cum_len":7711.588992736848}
{"route_id":"71","segment_first_lat":34.0570494884,"segment_first_lon":-118.2083618349,"segment_second_lat":34.0569482219,"segment_second_lon":-118.2081271776,"segment_sequence":210002,"segment_id":11,"segment_len_meter":24.374221060630603,"segment_cum_len":7735.963213797479}
{"route_id":"71","segment_first_lat":34.0569482219,"segment_first_lon":-118.2081271776,"segment_second_lat":34.0565184945,"segment_second_lon":-118.2071455742,"segment_sequence":210003,"segment_id":11,"segment_len_meter":102.27687879111048,"segment_cum_len":7838.2400925885895}
{"route_id":"71","segment_first_lat":34.0565184945,"segment_first_lon":-118.2071455742,"segment_second_lat":34.0563646648,"segment_second_lon":-118.2067952389,"segment_sequence":210004,"segment_id":11,"segment_len_meter":36.52672591043551,"segment_cum_len":7874.766818499025}
{"route_id":"71","segment_first_lat":34.0563646648,"segment_first_lon":-118.2067952389,"segment_second_lat":34.0560340104,"segment_second_lon":-118.2060416925,"segment_sequence":220001,"segment_id":11,"segment_len_meter":78.55499718773287,"segment_cum_len":7953.321815686758}
{"route_id":"71","segment_first_lat":34.0560340104,"segment_first_lon":-118.2060416925,"segment_second_lat":34.0555823729,"segment_second_lon":-118.205007234,"segment_sequence":220002,"segment_id":11,"segment_len_meter":107.72119511377056,"segment_cum_len":8061.0430108005285}
{"route_id":"71","segment_first_lat":34.0555823729,"segment_first_lon":-118.205007234,"segment_second_lat":34.0555185955,"segment_second_lon":-118.2048611548,"segment_sequence":220003,"segment_id":11,"segment_len_meter":15.211702849247036,"segment_cum_len":8076.254713649775}
{"route_id":"71","segment_first_lat":34.0555185955,"segment_first_lon":-118.2048611548,"segment_second_lat":34.0553688686,"segment_second_lon":-118.2045181011,"segment_sequence":230001,"segment_id":12,"segment_len_meter":35.72081950480163,"segment_cum_len":8111.975533154577}
{"route_id":"71","segment_first_lat":34.0553688686,"segment_first_lon":-118.2045181011,"segment_second_lat":34.0550403873,"segment_second_lon":-118.2037711808,"segment_sequence":230002,"segment_id":12,"segment_len_meter":77.90321436000228,"segment_cum_len":8189.878747514579}
{"route_id":"71","segment_first_lat":34.0550403873,"segment_first_lon":-118.2037711808,"segment_second_lat":34.0549664847,"segment_second_lon":-118.203599328,"segment_sequence":230003,"segment_id":12,"segment_len_meter":17.83758277814677,"segment_cum_len":8207.716330292726}
{"route_id":"71","segment_first_lat":34.0549664847,"segment_first_lon":-118.203599328,"segment_second_lat":34.0549172069,"segment_second_lon":-118.2034902619,"segment_sequence":230004,"segment_id":12,"segment_len_meter":11.444696295398549,"segment_cum_len":8219.161026588125}
{"route_id":"71","segment_first_lat":34.0549172069,"segment_first_lon":-118.2034902619,"segment_second_lat":34.0548515031,"segment_second_lon":-118.2033448406,"segment_sequence":230005,"segment_id":12,"segment_len_meter":15.259593107485296,"segment_cum_len":8234.42061969561}
{"route_id":"71","segment_first_lat":34.0548515031,"segment_first_lon":-118.2033448406,"segment_second_lat":34.0547693675,"segment_second_lon":-118.2031663658,"segment_sequence":230006,"segment_id":12,"segment_len_meter":18.808331710067392,"segment_cum_len":8253.228951405677}
{"route_id":"71","segment_first_lat":34.0547693675,"segment_first_lon":-118.2031663658,"segment_second_lat":34.0546215327,"segment_second_lon":-118.2028391694,"segment_sequence":230007,"segment_id":12,"segment_len_meter":34.3340866694959,"segment_cum_len":8287.563038075174}
{"route_id":"71","segment_first_lat":34.0546215327,"segment_first_lon":-118.2028391694,"segment_second_lat":34.0545665201,"segment_second_lon":-118.2028720499,"segment_sequence":230008,"segment_id":12,"segment_len_meter":6.826040002910489,"segment_cum_len":8294.389078078084}
{"route_id":"71","segment_first_lat":34.0545665201,"segment_first_lon":-118.2028720499,"segment_second_lat":34.0543838767,"segment_second_lon":-118.2029822032,"segment_sequence":230009,"segment_id":12,"segment_len_meter":22.703236805416026,"segment_cum_len":8317.092314883499}
{"route_id":"71","segment_first_lat":34.0543838767,"segment_first_lon":-118.2029822032,"segment_second_lat":34.0542611975,"segment_second_lon":-118.2030561864,"segment_sequence":240001,"segment_id":12,"segment_len_meter":15.249254892880183,"segment_cum_len":8332.34156977638}
{"route_id":"71","segment_first_lat":34.0542611975,"segment_first_lon":-118.2030561864,"segment_second_lat":34.0541154168,"segment_second_lon":-118.2031416682,"segment_sequence":240002,"segment_id":12,"segment_len_meter":18.02175202765523,"segment_cum_len":8350.363321804034}
{"route_id":"71","segment_first_lat":34.0541154168,"segment_first_lon":-118.2031416682,"segment_second_lat":34.0539503733,"segment_second_lon":-118.2032436096,"segment_sequence":240003,"segment_id":12,"segment_len_meter":20.61541835964426,"segment_cum_len":8370.978740163679}
{"route_id":"71","segment_first_lat":34.0539503733,"segment_first_lon":-118.2032436096,"segment_second_lat":34.0537192922,"segment_second_lon":-118.2033982118,"segment_sequence":240004,"segment_id":12,"segment_len_meter":29.37850300256861,"segment_cum_len":8400.357243166247}
{"route_id":"71","segment_first_lat":34.0537192922,"segment_first_lon":-118.2033982118,"segment_second_lat":34.0533314608,"segment_second_lon":-118.2036250612,"segment_sequence":240005,"segment_id":12,"segment_len_meter":47.92200495826808,"segment_cum_len":8448.279248124514}
{"route_id":"71","segment_first_lat":34.0533314608,"segment_first_lon":-118.2036250612,"segment_second_lat":34.0529903703,"segment_second_lon":-118.2038355157,"segment_sequence":240006,"segment_id":12,"segment_len_meter":42.59593464075997,"segment_cum_len":8490.875182765274}
{"route_id":"71","segment_first_lat":34.0529903703,"segment_first_lon":-118.2038355157,"segment_second_lat":34.0529055433,"segment_second_lon":-118.2036240246,"segment_sequence":240007,"segment_id":12,"segment_len_meter":21.647146785803734,"segment_cum_len":8512.522329551079}
{"route_id":"71","segment_first_lat":34.0529055433,"segment_first_lon":-118.2036240246,"segment_second_lat":34.0528694146,"segment_second_lon":-118.2035390928,"segment_sequence":240008,"segment_id":12,"segment_len_meter":8.795587586685897,"segment_cum_len":8521.317917137765}
{"route_id":"71","segment_first_lat":34.0528694146,"segment_first_lon":-118.2035390928,"segment_second_lat":34.0521583385,"segment_second_lon":-118.2018593171,"segment_sequence":250001,"segment_id":13,"segment_len_meter":173.78302762027388,"segment_cum_len":8695.100944758038}
{"route_id":"71","segment_first_lat":34.0521583385,"segment_first_lon":-118.2018593171,"segment_second_lat":34.0516382707,"segment_second_lon":-118.2006431951,"segment_sequence":250002,"segment_id":13,"segment_len_meter":126.0833315248159,"segment_cum_len":8821.184276282855}
{"route_id":"71","segment_first_lat":34.0516382707,"segment_first_lon":-118.2006431951,"segment_second_lat":34.0514677505,"segment_second_lon":-118.2002383815,"segment_sequence":250003,"segment_id":13,"segment_len_meter":41.83819784607729,"segment_cum_len":8863.022474128931}
{"route_id":"71","segment_first_lat":34.0514677505,"segment_first_lon":-118.2002383815,"segment_second_lat":34.0514056177,"segment_second_lon":-118.2000913267,"segment_sequence":260001,"segment_id":13,"segment_len_meter":15.207909633380034,"segment_cum_len":8878.230383762311}
{"route_id":"71","segment_first_lat":34.0514056177,"segment_first_lon":-118.2000913267,"segment_second_lat":34.0509129073,"segment_second_lon":-118.1989380153,"segment_sequence":260002,"segment_id":13,"segment_len_meter":119.54684186654757,"segment_cum_len":8997.777225628859}
{"route_id":"71","segment_first_lat":34.0509129073,"segment_first_lon":-118.1989380153,"segment_second_lat":34.0504967959,"segment_second_lon":-118.1979862733,"segment_sequence":260003,"segment_id":13,"segment_len_meter":99.1428168015454,"segment_cum_len":9096.920042430404}
{"route_id":"71","segment_first_lat":34.0504967959,"segment_first_lon":-118.1979862733,"segment_second_lat":34.050061512,"segment_second_lon":-118.1969915799,"segment_sequence":260004,"segment_id":13,"segment_len_meter":103.63790261253307,"segment_cum_len":9200.557945042936}
{"route_id":"71","segment_first_lat":34.050061512,"segment_first_lon":-118.1969915799,"segment_second_lat":34.0498794516,"segment_second_lon":-118.1965788314,"segment_sequence":260005,"segment_id":13,"segment_len_meter":43.07968705997813,"segment_cum_len":9243.637632102915}
{"route_id":"71","segment_first_lat":34.0498794516,"segment_first_lon":-118.1965788314,"segment_second_lat":34.0498151139,"segment_second_lon":-118.1964330974,"segment_sequence":270001,"segment_id":14,"segment_len_meter":15.213572333697327,"segment_cum_len":9258.851204436613}
{"route_id":"71","segment_first_lat":34.0498151139,"segment_first_lon":-118.1964330974,"segment_second_lat":34.0496809734,"segment_second_lon":-118.1961224704,"segment_sequence":270002,"segment_id":14,"segment_len_meter":32.272068120572335,"segment_cum_len":9291.123272557184}
{"route_id":"71","segment_first_lat":34.0496809734,"segment_first_lon":-118.1961224704,"segment_second_lat":34.0493004391,"segment_second_lon":-118.1952467666,"segment_sequence":270003,"segment_id":14,"segment_len_meter":91.10220248599504,"segment_cum_len":9382.22547504318}
{"route_id":"71","segment_first_lat":34.0493004391,"segment_first_lon":-118.1952467666,"segment_second_lat":34.0491003258,"segment_second_lon":-118.194778854,"segment_sequence":270004,"segment_id":14,"segment_len_meter":48.51344958198186,"segment_cum_len":9430.738924625162}
{"route_id":"71","segment_first_lat":34.0491003258,"segment_first_lon":-118.194778854,"segment_second_lat":34.0490376363,"segment_second_lon":-118.1946321363,"segment_sequence":280001,"segment_id":14,"segment_len_meter":15.208857689324297,"segment_cum_len":9445.947782314486}
{"route_id":"71","segment_first_lat":34.0490376363,"segment_first_lon":-118.1946321363,"segment_second_lat":34.048917172,"segment_second_lon":-118.1943578596,"segment_sequence":280002,"segment_id":14,"segment_len_meter":28.600289573767107,"segment_cum_len":9474.548071888254}
{"route_id":"71","segment_first_lat":34.048917172,"segment_first_lon":-118.1943578596,"segment_second_lat":34.0486899437,"segment_second_lon":-118.1938324485,"segment_sequence":280003,"segment_id":14,"segment_len_meter":54.604450430094225,"segment_cum_len":9529.152522318347}
{"route_id":"71","segment_first_lat":34.0486899437,"segment_first_lon":-118.1938324485,"segment_second_lat":34.0485530063,"segment_second_lon":-118.1935482326,"segment_sequence":280004,"segment_id":14,"segment_len_meter":30.29071518551885,"segment_cum_len":9559.443237503867}
{"route_id":"71","segment_first_lat":34.0485530063,"segment_first_lon":-118.1935482326,"segment_second_lat":34.048394191,"segment_second_lon":-118.1931979443,"segment_sequence":280005,"segment_id":14,"segment_len_meter":36.78845666154921,"segment_cum_len":9596.231694165415}
{"route_id":"71","segment_first_lat":34.048394191,"segment_first_lon":-118.1931979443,"segment_second_lat":34.0483805521,"segment_second_lon":-118.1931351911,"segment_sequence":280006,"segment_id":14,"segment_len_meter":5.977190931630644,"segment_cum_len":9602.208885097047}
{"route_id":"71","segment_first_lat":34.0483805521,"segment_first_lon":-118.1931351911,"segment_second_lat":34.0483588279,"segment_second_lon":-118.1929733851,"segment_sequence":280007,"segment_id":14,"segment_len_meter":15.101995903563484,"segment_cum_len":9617.31088100061}
{"route_id":"71","segment_first_lat":34.0483588279,"segment_first_lon":-118.1929733851,"segment_second_lat":34.0483728044,"segment_second_lon":-118.192824866,"segment_sequence":280008,"segment_id":14,"segment_len_meter":13.77137190373752,"segment_cum_len":9631.082252904349}
{"route_id":"71","segment_first_lat":34.0483728044,"segment_first_lon":-118.192824866,"segment_second_lat":34.0483866544,"segment_second_lon":-118.192755574,"segment_sequence":280009,"segment_id":14,"segment_len_meter":6.567157103626724,"segment_cum_len":9637.649410007976}
{"route_id":"71","segment_first_lat":34.0483866544,"segment_first_lon":-118.192755574,"segment_second_lat":34.0484115063,"segment_second_lon":-118.192679705,"segment_sequence":280010,"segment_id":14,"segment_len_meter":7.516396394065636,"segment_cum_len":9645.165806402041}
{"route_id":"71","segment_first_lat":34.0484115063,"segment_first_lon":-118.192679705,"segment_second_lat":34.0484363265,"segment_second_lon":-118.1926236427,"segment_sequence":280011,"segment_id":14,"segment_len_meter":5.856247509497526,"segment_cum_len":9651.022053911538}
{"route_id":"71","segment_first_lat":34.0484363265,"segment_first_lon":-118.1926236427,"segment_second_lat":34.048474907,"segment_second_lon":-118.1925544075,"segment_sequence":280012,"segment_id":14,"segment_len_meter":7.687174936450182,"segment_cum_len":9658.709228847989}
{"route_id":"71","segment_first_lat":34.048474907,"segment_first_lon":-118.1925544075,"segment_second_lat":34.0485299852,"segment_second_lon":-118.1924786079,"segment_sequence":280013,"segment_id":14,"segment_len_meter":9.288639150627935,"segment_cum_len":9667.997867998616}
{"route_id":"71","segment_first_lat":34.0485299852,"segment_first_lon":-118.1924786079,"segment_second_lat":34.0485712766,"segment_second_lon":-118.1924324868,"segment_sequence":280014,"segment_id":14,"segment_len_meter":6.255946687364461,"segment_cum_len":9674.25381468598}
{"route_id":"71","segment_first_lat":34.0485712766,"segment_first_lon":-118.1924324868,"segment_second_lat":34.0486840912,"segment_second_lon":-118.1923370129,"segment_sequence":280015,"segment_id":14,"segment_len_meter":15.32107546672633,"segment_cum_len":9689.574890152708}
{"route_id":"71","segment_first_lat":34.0486840912,"segment_first_lon":-118.1923370129,"segment_second_lat":34.0487749702,"segment_second_lon":-118.1922117778,"segment_sequence":280016,"segment_id":14,"segment_len_meter":15.337714432836608,"segment_cum_len":9704.912604585545}
{"route_id":"71","segment_first_lat":34.0487749702,"segment_first_lon":-118.1922117778,"segment_second_lat":34.0488135505,"segment_second_lon":-118.1921425422,"segment_sequence":280017,"segment_id":14,"segment_len_meter":7.68717196527271,"segment_cum_len":9712.599776550818}
{"route_id":"71","segment_first_lat":34.0488135505,"segment_first_lon":-118.1921425422,"segment_second_lat":34.0488383704,"segment_second_lon":-118.1920864795,"segment_sequence":280018,"segment_id":14,"segment_len_meter":5.856242690341851,"segment_cum_len":9718.45601924116}
{"route_id":"71","segment_first_lat":34.0488383704,"segment_first_lon":-118.1920864795,"segment_second_lat":34.0488494196,"segment_second_lon":-118.1920501921,"segment_sequence":280019,"segment_id":14,"segment_len_meter":3.5618283763894736,"segment_cum_len":9722.01784761755}
{"route_id":"71","segment_first_lat":34.0488494196,"segment_first_lon":-118.1920501921,"segment_second_lat":34.0488505251,"segment_second_lon":-118.1920462332,"segment_sequence":280020,"segment_id":14,"segment_len_meter":0.38489774594293363,"segment_cum_len":9722.402745363494}
{"route_id":"71","segment_first_lat":34.0488505251,"segment_first_lon":-118.1920462332,"segment_second_lat":34.048860474,"segment_second_lon":-118.1920106035,"segment_sequence":290001,"segment_id":15,"segment_len_meter":3.4640232860256,"segment_cum_len":9725.86676864952}
{"route_id":"71","segment_first_lat":34.048860474,"segment_first_lon":-118.1920106035,"segment_second_lat":34.0488799084,"segment_second_lon":-118.1918852041,"segment_sequence":290002,"segment_id":15,"segment_len_meter":11.753628057918972,"segment_cum_len":9737.620396707438}
{"route_id":"71","segment_first_lat":34.0488799084,"segment_first_lon":-118.1918852041,"segment_second_lat":34.0488883513,"segment_second_lon":-118.1917597793,"segment_sequence":290003,"segment_id":15,"segment_len_meter":11.59367140540692,"segment_cum_len":9749.214068112846}
{"route_id":"71","segment_first_lat":34.0488883513,"segment_first_lon":-118.1917597793,"segment_second_lat":34.0488885347,"segment_second_lon":-118.1916442391,"segment_sequence":290004,"segment_id":15,"segment_len_meter":10.64493261899875,"segment_cum_len":9759.859000731845}
{"route_id":"71","segment_first_lat":34.0488885347,"segment_first_lon":-118.1916442391,"segment_second_lat":34.0488777266,"segment_second_lon":-118.1915286738,"segment_sequence":290005,"segment_id":15,"segment_len_meter":10.714838513677815,"segment_cum_len":9770.573839245522}
{"route_id":"71","segment_first_lat":34.0488777266,"segment_first_lon":-118.1915286738,"segment_second_lat":34.0488149549,"segment_second_lon":-118.1912578352,"segment_sequence":290006,"segment_id":15,"segment_len_meter":25.91066528354872,"segment_cum_len":9796.484504529071}
{"route_id":"71","segment_first_lat":34.0488149549,"segment_first_lon":-118.1912578352,"segment_second_lat":34.0487441218,"segment_second_lon":-118.1908714381,"segment_sequence":290007,"segment_id":15,"segment_len_meter":36.46035411615146,"segment_cum_len":9832.944858645224}
{"route_id":"71","segment_first_lat":34.0487441218,"segment_first_lon":-118.1908714381,"segment_second_lat":34.048725059,"segment_second_lon":-118.1907624566,"segment_sequence":290008,"segment_id":15,"segment_len_meter":10.261972033108053,"segment_cum_len":9843.206830678331}
{"route_id":"71","segment_first_lat":34.048725059,"segment_first_lon":-118.1907624566,"segment_second_lat":34.0487279163,"segment_second_lon":-118.1906931388,"segment_sequence":290009,"segment_id":15,"segment_len_meter":6.394275984972252,"segment_cum_len":9849.601106663304}
{"route_id":"71","segment_first_lat":34.0487279163,"segment_first_lon":-118.1906931388,"segment_second_lat":34.0487199854,"segment_second_lon":-118.1904950515,"segment_sequence":290010,"segment_id":15,"segment_len_meter":18.27144613033056,"segment_cum_len":9867.872552793635}
{"route_id":"71","segment_first_lat":34.0487199854,"segment_first_lon":-118.1904950515,"segment_second_lat":34.0487203809,"segment_second_lon":-118.1902441647,"segment_sequence":290011,"segment_id":15,"segment_len_meter":23.11471084128147,"segment_cum_len":9890.987263634916}
{"route_id":"71","segment_first_lat":34.0487203809,"segment_first_lon":-118.1902441647,"segment_second_lat":34.0487345359,"segment_second_lon":-118.1899801046,"segment_sequence":290012,"segment_id":15,"segment_len_meter":24.37920961817223,"segment_cum_len":9915.366473253087}
{"route_id":"71","segment_first_lat":34.0487345359,"segment_first_lon":-118.1899801046,"segment_second_lat":34.0487512826,"segment_second_lon":-118.1898150849,"segment_sequence":290013,"segment_id":15,"segment_len_meter":15.317183143264506,"segment_cum_len":9930.683656396352}
{"route_id":"71","segment_first_lat":34.0487512826,"segment_first_lon":-118.1898150849,"segment_second_lat":34.048770694,"segment_second_lon":-118.1897028896,"segment_sequence":290014,"segment_id":15,"segment_len_meter":10.559709067974975,"segment_cum_len":9941.243365464326}
{"route_id":"71","segment_first_lat":34.048770694,"segment_first_lon":-118.1897028896,"segment_second_lat":34.0487900586,"segment_second_lon":-118.1896204046,"segment_sequence":290015,"segment_id":15,"segment_len_meter":7.898654138760704,"segment_cum_len":9949.142019603087}
{"route_id":"71","segment_first_lat":34.0487900586,"segment_first_lon":-118.1896204046,"segment_second_lat":34.0488176771,"segment_second_lon":-118.1895313359,"segment_sequence":290016,"segment_id":15,"segment_len_meter":8.761886052037463,"segment_cum_len":9957.903905655125}
{"route_id":"71","segment_first_lat":34.0488176771,"segment_first_lon":-118.1895313359,"segment_second_lat":34.0488811056,"segment_second_lon":-118.1893862286,"segment_sequence":290017,"segment_id":15,"segment_len_meter":15.11534219676183,"segment_cum_len":9973.019247851886}
{"route_id":"71","segment_first_lat":34.0488811056,"segment_first_lon":-118.1893862286,"segment_second_lat":34.0489114252,"segment_second_lon":-118.1893268763,"segment_sequence":290018,"segment_id":15,"segment_len_meter":6.423997642463706,"segment_cum_len":9979.443245494349}
{"route_id":"71","segment_first_lat":34.0489114252,"segment_first_lon":-118.1893268763,"segment_second_lat":34.0489122517,"segment_second_lon":-118.1893255577,"segment_sequence":290019,"segment_id":15,"segment_len_meter":0.15233071519710337,"segment_cum_len":9979.595576209545}
{"route_id":"71","segment_first_lat":34.0489122517,"segment_first_lon":-118.1893255577,"segment_second_lat":34.0489692699,"segment_second_lon":-118.1892378758,"segment_sequence":300001,"segment_id":15,"segment_len_meter":10.26916987895261,"segment_cum_len":9989.864746088499}
{"route_id":"71","segment_first_lat":34.0489692699,"segment_first_lon":-118.1892378758,"segment_second_lat":34.0490270887,"segment_second_lon":-118.1891653809,"segment_sequence":300002,"segment_id":15,"segment_len_meter":9.270599695974303,"segment_cum_len":9999.135345784473}
{"route_id":"71","segment_first_lat":34.0490270887,"segment_first_lon":-118.1891653809,"segment_second_lat":34.0490958678,"segment_second_lon":-118.1891127177,"segment_sequence":300003,"segment_id":15,"segment_len_meter":9.057123753074828,"segment_cum_len":10008.192469537547}
{"route_id":"71","segment_first_lat":34.0490958678,"segment_first_lon":-118.1891127177,"segment_second_lat":34.0491976211,"segment_second_lon":-118.1890601289,"segment_sequence":300004,"segment_id":15,"segment_len_meter":12.308192169409581,"segment_cum_len":10020.500661706958}
{"route_id":"71","segment_first_lat":34.0491976211,"segment_first_lon":-118.1890601289,"segment_second_lat":34.0492773606,"segment_second_lon":-118.1890272974,"segment_sequence":300005,"segment_id":15,"segment_len_meter":9.368380776046727,"segment_cum_len":10029.869042483004}
{"route_id":"71","segment_first_lat":34.0492773606,"segment_first_lon":-118.1890272974,"segment_second_lat":34.0493845786,"segment_second_lon":-118.1889945278,"segment_sequence":300006,"segment_id":15,"segment_len_meter":12.298430510244357,"segment_cum_len":10042.167472993247}
{"route_id":"71","segment_first_lat":34.0493845786,"segment_first_lon":-118.1889945278,"segment_second_lat":34.0495330196,"segment_second_lon":-118.18895855,"segment_sequence":300007,"segment_id":15,"segment_len_meter":16.835419004044176,"segment_cum_len":10059.002891997292}
{"route_id":"71","segment_first_lat":34.0495330196,"segment_first_lon":-118.18895855,"segment_second_lat":34.0497089185,"segment_second_lon":-118.1889358389,"segment_sequence":300008,"segment_id":15,"segment_len_meter":19.67066715965119,"segment_cum_len":10078.673559156943}
{"route_id":"71","segment_first_lat":34.0497089185,"segment_first_lon":-118.1889358389,"segment_second_lat":34.0499589992,"segment_second_lon":-118.1889198977,"segment_sequence":300009,"segment_id":15,"segment_len_meter":27.84646231479591,"segment_cum_len":10106.520021471739}
{"route_id":"71","segment_first_lat":34.0499589992,"segment_first_lon":-118.1889198977,"segment_second_lat":34.050420737,"segment_second_lon":-118.188858217,"segment_sequence":300010,"segment_id":15,"segment_len_meter":51.656423427282675,"segment_cum_len":10158.176444899022}
{"route_id":"71","segment_first_lat":34.050420737,"segment_first_lon":-118.188858217,"segment_second_lat":34.0508934404,"segment_second_lon":-118.1888130667,"segment_sequence":300011,"segment_id":15,"segment_len_meter":52.726558299305516,"segment_cum_len":10210.903003198327}
{"route_id":"71","segment_first_lat":34.0508934404,"segment_first_lon":-118.1888130667,"segment_second_lat":34.0509102044,"segment_second_lon":-118.188811784,"segment_sequence":300012,"segment_id":15,"segment_len_meter":1.8678138829591289,"segment_cum_len":10212.770817081288}
{"route_id":"71","segment_first_lat":34.0509102044,"segment_first_lon":-118.188811784,"segment_second_lat":34.051047341,"segment_second_lon":-118.188800209,"segment_sequence":310001,"segment_id":16,"segment_len_meter":15.286136797943437,"segment_cum_len":10228.056953879232}
{"route_id":"71","segment_first_lat":34.051047341,"segment_first_lon":-118.188800209,"segment_second_lat":34.0521274185,"segment_second_lon":-118.1886937038,"segment_sequence":310002,"segment_id":16,"segment_len_meter":120.49930345004601,"segment_cum_len":10348.556257329277}
{"route_id":"71","segment_first_lat":34.0521274185,"segment_first_lon":-118.1886937038,"segment_second_lat":34.0523582642,"segment_second_lon":-118.188677718,"segment_sequence":310003,"segment_id":16,"segment_len_meter":25.711084888425084,"segment_cum_len":10374.267342217703}
{"route_id":"71","segment_first_lat":34.0523582642,"segment_first_lon":-118.188677718,"segment_second_lat":34.0527760569,"segment_second_lon":-118.1886027299,"segment_sequence":310004,"segment_id":16,"segment_len_meter":46.967295623422764,"segment_cum_len":10421.234637841126}
{"route_id":"71","segment_first_lat":34.0527760569,"segment_first_lon":-118.1886027299,"segment_second_lat":34.0530921737,"segment_second_lon":-118.1885308134,"segment_sequence":310005,"segment_id":16,"segment_len_meter":35.76954657532903,"segment_cum_len":10457.004184416455}
{"route_id":"71","segment_first_lat":34.0530921737,"segment_first_lon":-118.1885308134,"segment_second_lat":34.0532516215,"segment_second_lon":-118.188484954,"segment_sequence":310006,"segment_id":16,"segment_len_meter":18.226218045556198,"segment_cum_len":10475.230402462012}
{"route_id":"71","segment_first_lat":34.0532516215,"segment_first_lon":-118.188484954,"segment_second_lat":34.0533808583,"segment_second_lon":-118.1884291224,"segment_sequence":310007,"segment_id":16,"segment_len_meter":15.263260443740773,"segment_cum_len":10490.493662905752}
{"route_id":"71","segment_first_lat":34.0533808583,"segment_first_lon":-118.1884291224,"segment_second_lat":34.0536311294,"segment_second_lon":-118.1882910295,"segment_sequence":310008,"segment_id":16,"segment_len_meter":30.59896458314322,"segment_cum_len":10521.092627488895}
{"route_id":"71","segment_first_lat":34.0536311294,"segment_first_lon":-118.1882910295,"segment_second_lat":34.0537906595,"segment_second_lon":-118.1881923479,"segment_sequence":310009,"segment_id":16,"segment_len_meter":19.932876194814074,"segment_cum_len":10541.02550368371}
{"route_id":"71","segment_first_lat":34.0537906595,"segment_first_lon":-118.1881923479,"segment_second_lat":34.0538869373,"segment_second_lon":-118.1881265373,"segment_sequence":310010,"segment_id":16,"segment_len_meter":12.303192115806839,"segment_cum_len":10553.328695799517}
{"route_id":"71","segment_first_lat":34.0538869373,"segment_first_lon":-118.1881265373,"segment_second_lat":34.0539887314,"segment_second_lon":-118.1880475335,"segment_sequence":310011,"segment_id":16,"segment_len_meter":13.457095275451298,"segment_cum_len":10566.785791074968}
{"route_id":"71","segment_first_lat":34.0539887314,"segment_first_lon":-118.1880475335,"segment_second_lat":34.0540960571,"segment_second_lon":-118.1879454324,"segment_sequence":310012,"segment_id":16,"segment_len_meter":15.19533554329171,"segment_cum_len":10581.98112661826}
{"route_id":"71","segment_first_lat":34.0540960571,"segment_first_lon":-118.1879454324,"segment_second_lat":34.0542171785,"segment_second_lon":-118.187807047,"segment_sequence":310013,"segment_id":16,"segment_len_meter":18.545173309340967,"segment_cum_len":10600.526299927602}
{"route_id":"71","segment_first_lat":34.0542171785,"segment_first_lon":-118.187807047,"segment_second_lat":34.0543633729,"segment_second_lon":-118.1876251392,"segment_sequence":310014,"segment_id":16,"segment_len_meter":23.34746445891577,"segment_cum_len":10623.873764386517}
{"route_id":"71","segment_first_lat":34.0543633729,"segment_first_lon":-118.1876251392,"segment_second_lat":34.0544181619,"segment_second_lon":-118.1875565934,"segment_sequence":320001,"segment_id":16,"segment_len_meter":8.774548219321092,"segment_cum_len":10632.648312605837}
{"route_id":"71","segment_first_lat":34.0544181619,"segment_first_lon":-118.1875565934,"segment_second_lat":34.054473242,"segment_second_lon":-118.1874774837,"segment_sequence":320002,"segment_id":16,"segment_len_meter":9.519793882491133,"segment_cum_len":10642.168106488329}
{"route_id":"71","segment_first_lat":34.054473242,"segment_first_lon":-118.1874774837,"segment_second_lat":34.0546219848,"segment_second_lon":-118.18724672,"segment_sequence":320003,"segment_id":16,"segment_len_meter":26.935256573100265,"segment_cum_len":10669.10336306143}
{"route_id":"71","segment_first_lat":34.0546219848,"segment_first_lon":-118.18724672,"segment_second_lat":34.0546770903,"segment_second_lon":-118.187151103,"segment_sequence":320004,"segment_id":16,"segment_len_meter":10.730324314794323,"segment_cum_len":10679.833687376224}
{"route_id":"71","segment_first_lat":34.0546770903,"segment_first_lon":-118.187151103,"segment_second_lat":34.0547349948,"segment_second_lon":-118.1870224783,"segment_sequence":320005,"segment_id":16,"segment_len_meter":13.485904978539166,"segment_cum_len":10693.319592354763}
{"route_id":"71","segment_first_lat":34.0547349948,"segment_first_lon":-118.1870224783,"segment_second_lat":34.0547846657,"segment_second_lon":-118.1868872322,"segment_sequence":320006,"segment_id":16,"segment_len_meter":13.62888621499252,"segment_cum_len":10706.948478569755}
{"route_id":"71","segment_first_lat":34.0547846657,"segment_first_lon":-118.1868872322,"segment_second_lat":34.0548565235,"segment_second_lon":-118.1866199797,"segment_sequence":320007,"segment_id":16,"segment_len_meter":25.884793200833716,"segment_cum_len":10732.833271770589}
{"route_id":"71","segment_first_lat":34.0548565235,"segment_first_lon":-118.1866199797,"segment_second_lat":34.0548896508,"segment_second_lon":-118.1865210117,"segment_sequence":320008,"segment_id":16,"segment_len_meter":9.833443825845897,"segment_cum_len":10742.666715596435}
{"route_id":"71","segment_first_lat":34.0548896508,"segment_first_lon":-118.1865210117,"segment_second_lat":34.0548870049,"segment_second_lon":-118.1864549778,"segment_sequence":320009,"segment_id":16,"segment_len_meter":6.0904941005231805,"segment_cum_len":10748.757209696958}
{"route_id":"71","segment_first_lat":34.0548870049,"segment_first_lon":-118.1864549778,"segment_second_lat":34.0549009429,"segment_second_lon":-118.1863262544,"segment_sequence":320010,"segment_id":16,"segment_len_meter":11.95951028456146,"segment_cum_len":10760.71671998152}
{"route_id":"71","segment_first_lat":34.0549009429,"segment_first_lon":-118.1863262544,"segment_second_lat":34.0549206868,"segment_second_lon":-118.1859961586,"segment_sequence":320011,"segment_id":16,"segment_len_meter":30.489266212173035,"segment_cum_len":10791.205986193692}
{"route_id":"71","segment_first_lat":34.0549206868,"segment_first_lon":-118.1859961586,"segment_second_lat":34.0549737338,"segment_second_lon":-118.1854515455,"segment_sequence":320012,"segment_id":16,"segment_len_meter":50.51807917043319,"segment_cum_len":10841.724065364126}
{"route_id":"71","segment_first_lat":34.0549737338,"segment_first_lon":-118.1854515455,"segment_second_lat":34.0550320111,"segment_second_lon":-118.1850786161,"segment_sequence":320013,"segment_id":16,"segment_len_meter":34.96192573982781,"segment_cum_len":10876.685991103954}
{"route_id":"71","segment_first_lat":34.0550320111,"segment_first_lon":-118.1850786161,"segment_second_lat":34.0550707491,"segment_second_lon":-118.1849037274,"segment_sequence":320014,"segment_id":16,"segment_len_meter":16.677486524328202,"segment_cum_len":10893.363477628282}
{"route_id":"71","segment_first_lat":34.0550707491,"segment_first_lon":-118.1849037274,"segment_second_lat":34.0553775298,"segment_second_lon":-118.1837456084,"segment_sequence":320015,"segment_id":16,"segment_len_meter":112.01219328155129,"segment_cum_len":11005.375670909832}
{"route_id":"71","segment_first_lat":34.0553775298,"segment_first_lon":-118.1837456084,"segment_second_lat":34.0554593407,"segment_second_lon":-118.183433804,"segment_sequence":320016,"segment_id":16,"segment_len_meter":30.130909765657186,"segment_cum_len":11035.50658067549}
{"route_id":"71","segment_first_lat":34.0554593407,"segment_first_lon":-118.183433804,"segment_second_lat":34.0555986363,"segment_second_lon":-118.1829042307,"segment_sequence":330001,"segment_id":17,"segment_len_meter":51.18638483541906,"segment_cum_len":11086.692965510909}
{"route_id":"71","segment_first_lat":34.0555986363,"segment_first_lon":-118.1829042307,"segment_second_lat":34.0556345634,"segment_second_lon":-118.1827689508,"segment_sequence":330002,"segment_id":17,"segment_len_meter":13.087211723819788,"segment_cum_len":11099.780177234728}
{"route_id":"71","segment_first_lat":34.0556345634,"segment_first_lon":-118.1827689508,"segment_second_lat":34.0557532503,"segment_second_lon":-118.1824192584,"segment_sequence":330003,"segment_id":17,"segment_len_meter":34.813612408972126,"segment_cum_len":11134.5937896437}
{"route_id":"71","segment_first_lat":34.0557532503,"segment_first_lon":-118.1824192584,"segment_second_lat":34.0558030008,"segment_second_lon":-118.1822278838,"segment_sequence":330004,"segment_id":17,"segment_len_meter":18.477773407181008,"segment_cum_len":11153.071563050882}
{"route_id":"71","segment_first_lat":34.0558030008,"segment_first_lon":-118.1822278838,"segment_second_lat":34.055825153,"segment_second_lon":-118.1821156833,"segment_sequence":330005,"segment_id":17,"segment_len_meter":10.625821996555855,"segment_cum_len":11163.697385047439}
{"route_id":"71","segment_first_lat":34.055825153,"segment_first_lon":-118.1821156833,"segment_second_lat":34.0558446318,"segment_second_lon":-118.1819539554,"segment_sequence":330006,"segment_id":17,"segment_len_meter":15.055656345188533,"segment_cum_len":11178.753041392627}
{"route_id":"71","segment_first_lat":34.0558446318,"segment_first_lon":-118.1819539554,"segment_second_lat":34.055855847,"segment_second_lon":-118.1818054152,"segment_sequence":330007,"segment_id":17,"segment_len_meter":13.740841992733998,"segment_cum_len":11192.493883385361}
{"route_id":"71","segment_first_lat":34.055855847,"segment_first_lon":-118.1818054152,"segment_second_lat":34.0558561252,"segment_second_lon":-118.1816205355,"segment_sequence":330008,"segment_id":17,"segment_len_meter":17.03190616576517,"segment_cum_len":11209.525789551126}
{"route_id":"71","segment_first_lat":34.0558561252,"segment_first_lon":-118.1816205355,"segment_second_lat":34.0558454811,"segment_second_lon":-118.1813894119,"segment_sequence":330009,"segment_id":17,"segment_len_meter":21.32492797827711,"segment_cum_len":11230.850717529403}
{"route_id":"71","segment_first_lat":34.0558454811,"segment_first_lon":-118.1813894119,"segment_second_lat":34.0558282778,"segment_second_lon":-118.1811341738,"segment_sequence":330010,"segment_id":17,"segment_len_meter":23.59127176559417,"segment_cum_len":11254.441989294997}
{"route_id":"71","segment_first_lat":34.0558282778,"segment_first_lon":-118.1811341738,"segment_second_lat":34.0558105314,"segment_second_lon":-118.1808743126,"segment_sequence":340001,"segment_id":17,"segment_len_meter":24.020683801528968,"segment_cum_len":11278.462673096526}
{"route_id":"71","segment_first_lat":34.0558105314,"segment_first_lon":-118.1808743126,"segment_second_lat":34.0557836752,"segment_second_lon":-118.1804582741,"segment_sequence":340002,"segment_id":17,"segment_len_meter":38.44336579278088,"segment_cum_len":11316.906038889307}
{"route_id":"71","segment_first_lat":34.0557836752,"segment_first_lon":-118.1804582741,"segment_second_lat":34.0556870561,"segment_second_lon":-118.178909696,"segment_sequence":340003,"segment_id":17,"segment_len_meter":143.06555000206228,"segment_cum_len":11459.971588891369}
{"route_id":"71","segment_first_lat":34.0556870561,"segment_first_lon":-118.178909696,"segment_second_lat":34.0556710088,"segment_second_lon":-118.1786125332,"segment_sequence":340004,"segment_id":17,"segment_len_meter":27.434007812773125,"segment_cum_len":11487.405596704142}
{"route_id":"71","segment_first_lat":34.0556710088,"segment_first_lon":-118.1786125332,"segment_second_lat":34.0556710185,"segment_second_lon":-118.1786059304,"segment_sequence":340005,"segment_id":17,"segment_len_meter":0.6082793661101573,"segment_cum_len":11488.013876070252}
{"route_id":"71","segment_first_lat":34.0556710185,"segment_first_lon":-118.1786059304,"segment_second_lat":34.0556685147,"segment_second_lon":-118.1784408537,"segment_sequence":350001,"segment_id":18,"segment_len_meter":15.210125958896107,"segment_cum_len":11503.224002029148}
{"route_id":"71","segment_first_lat":34.0556685147,"segment_first_lon":-118.1784408537,"segment_second_lat":34.0556306683,"segment_second_lon":-118.1780181905,"segment_sequence":350002,"segment_id":18,"segment_len_meter":39.164321876474126,"segment_cum_len":11542.388323905623}
{"route_id":"71","segment_first_lat":34.0556306683,"segment_first_lon":-118.1780181905,"segment_second_lat":34.0556308143,"segment_second_lon":-118.177919148,"segment_sequence":350003,"segment_id":18,"segment_len_meter":9.124240988179777,"segment_cum_len":11551.512564893803}
{"route_id":"71","segment_first_lat":34.0556308143,"segment_first_lon":-118.177919148,"segment_second_lat":34.0556531568,"segment_second_lon":-118.1776748899,"segment_sequence":350004,"segment_id":18,"segment_len_meter":22.63884684915096,"segment_cum_len":11574.151411742954}
{"route_id":"71","segment_first_lat":34.0556531568,"segment_first_lon":-118.1776748899,"segment_second_lat":34.0556891411,"segment_second_lon":-118.1774966893,"segment_sequence":350005,"segment_id":18,"segment_len_meter":16.897194541882335,"segment_cum_len":11591.048606284836}
{"route_id":"71","segment_first_lat":34.0556891411,"segment_first_lon":-118.1774966893,"segment_second_lat":34.0557415493,"segment_second_lon":-118.1773614418,"segment_sequence":350006,"segment_id":18,"segment_len_meter":13.755039201924335,"segment_cum_len":11604.80364548676}
{"route_id":"71","segment_first_lat":34.0557415493,"segment_first_lon":-118.1773614418,"segment_second_lat":34.0559179497,"segment_second_lon":-118.1769953563,"segment_sequence":350007,"segment_id":18,"segment_len_meter":39.014589510335185,"segment_cum_len":11643.818234997096}
{"route_id":"71","segment_first_lat":34.0559179497,"segment_first_lon":-118.1769953563,"segment_second_lat":34.0559860322,"segment_second_lon":-118.1768518877,"segment_sequence":350008,"segment_id":18,"segment_len_meter":15.231477141238987,"segment_cum_len":11659.049712138334}
{"route_id":"71","segment_first_lat":34.0559860322,"segment_first_lon":-118.1768518877,"segment_second_lat":34.0561384596,"segment_second_lon":-118.1765303189,"segment_sequence":360001,"segment_id":18,"segment_len_meter":34.13012053613334,"segment_cum_len":11693.179832674468}
{"route_id":"71","segment_first_lat":34.0561384596,"segment_first_lon":-118.1765303189,"segment_second_lat":34.0573788509,"segment_second_lon":-118.1738752331,"segment_sequence":360002,"segment_id":18,"segment_len_meter":280.8024035205025,"segment_cum_len":11973.98223619497}
{"route_id":"71","segment_first_lat":34.0573788509,"segment_first_lon":-118.1738752331,"segment_second_lat":34.0575226941,"segment_second_lon":-118.1735939141,"segment_sequence":360003,"segment_id":18,"segment_len_meter":30.454157811371914,"segment_cum_len":12004.436394006341}
{"route_id":"71","segment_first_lat":34.0575226941,"segment_first_lon":-118.1735939141,"segment_second_lat":34.057552455,"segment_second_lon":-118.1735355393,"segment_sequence":370001,"segment_id":19,"segment_len_meter":6.314269922900795,"segment_cum_len":12010.750663929242}
{"route_id":"71","segment_first_lat":34.057552455,"segment_first_lon":-118.1735355393,"segment_second_lat":34.0576847219,"segment_second_lon":-118.1732782962,"segment_sequence":370002,"segment_id":19,"segment_len_meter":27.89074299014454,"segment_cum_len":12038.641406919387}
{"route_id":"71","segment_first_lat":34.0576847219,"segment_first_lon":-118.1732782962,"segment_second_lat":34.0577150525,"segment_second_lon":-118.1732057258,"segment_sequence":370003,"segment_id":19,"segment_len_meter":7.487872660357841,"segment_cum_len":12046.129279579745}
{"route_id":"71","segment_first_lat":34.0577150525,"segment_first_lon":-118.1732057258,"segment_second_lat":34.0577564739,"segment_second_lon":-118.1730638467,"segment_sequence":370004,"segment_id":19,"segment_len_meter":13.85798965783996,"segment_cum_len":12059.987269237585}
{"route_id":"71","segment_first_lat":34.0577564739,"segment_first_lon":-118.1730638467,"segment_second_lat":34.0577676545,"segment_second_lon":-118.1729318094,"segment_sequence":370005,"segment_id":19,"segment_len_meter":12.226914888449208,"segment_cum_len":12072.214184126035}
{"route_id":"71","segment_first_lat":34.0577676545,"segment_first_lon":-118.1729318094,"segment_second_lat":34.0577596991,"segment_second_lon":-118.1727304009,"segment_sequence":370006,"segment_id":19,"segment_len_meter":18.57523691013962,"segment_cum_len":12090.789421036174}
{"route_id":"71","segment_first_lat":34.0577596991,"segment_first_lon":-118.1727304009,"segment_second_lat":34.0577488257,"segment_second_lon":-118.1726478407,"segment_sequence":370007,"segment_id":19,"segment_len_meter":7.701117984742773,"segment_cum_len":12098.490539020917}
{"route_id":"71","segment_first_lat":34.0577488257,"segment_first_lon":-118.1726478407,"segment_second_lat":34.0577297228,"segment_second_lon":-118.1725553591,"segment_sequence":370008,"segment_id":19,"segment_len_meter":8.780404837110858,"segment_cum_len":12107.270943858028}
{"route_id":"71","segment_first_lat":34.0577297228,"segment_first_lon":-118.1725553591,"segment_second_lat":34.0576996284,"segment_second_lon":-118.1724628548,"segment_sequence":370009,"segment_id":19,"segment_len_meter":9.155174236531584,"segment_cum_len":12116.42611809456}
{"route_id":"71","segment_first_lat":34.0576996284,"segment_first_lon":-118.1724628548,"segment_second_lat":34.0575736839,"segment_second_lon":-118.1721423495,"segment_sequence":370010,"segment_id":19,"segment_len_meter":32.67853541055983,"segment_cum_len":12149.10465350512}
{"route_id":"71","segment_first_lat":34.0575736839,"segment_first_lon":-118.1721423495,"segment_second_lat":34.0576506239,"segment_second_lon":-118.1721425078,"segment_sequence":370011,"segment_id":19,"segment_len_meter":8.555350084607666,"segment_cum_len":12157.660003589726}
{"route_id":"71","segment_first_lat":34.0576506239,"segment_first_lon":-118.1721425078,"segment_second_lat":34.0577605241,"segment_second_lon":-118.1721526384,"segment_sequence":370012,"segment_id":19,"segment_len_meter":12.255928508468868,"segment_cum_len":12169.915932098194}
{"route_id":"71","segment_first_lat":34.0577605241,"segment_first_lon":-118.1721526384,"segment_second_lat":34.057846779,"segment_second_lon":-118.1721722949,"segment_sequence":370013,"segment_id":19,"segment_len_meter":9.7605492129355,"segment_cum_len":12179.67648131113}
{"route_id":"71","segment_first_lat":34.057846779,"segment_first_lon":-118.1721722949,"segment_second_lat":34.0579363305,"segment_second_lon":-118.1721926184,"segment_sequence":380001,"segment_id":19,"segment_len_meter":10.132152856744543,"segment_cum_len":12189.808634167874}
{"route_id":"71","segment_first_lat":34.0579363305,"segment_first_lon":-118.1721926184,"segment_second_lat":34.0580791484,"segment_second_lon":-118.1722424352,"segment_sequence":380002,"segment_id":19,"segment_len_meter":16.53043089441205,"segment_cum_len":12206.339065062286}
{"route_id":"71","segment_first_lat":34.0580791484,"segment_first_lon":-118.1722424352,"segment_second_lat":34.05844163,"segment_second_lon":-118.1724082583,"segment_sequence":380003,"segment_id":19,"segment_len_meter":43.10377219907082,"segment_cum_len":12249.442837261357}
{"route_id":"71","segment_first_lat":34.05844163,"segment_first_lon":-118.1724082583,"segment_second_lat":34.0589881424,"segment_second_lon":-118.1726272874,"segment_sequence":380004,"segment_id":19,"segment_len_meter":64.03154966059299,"segment_cum_len":12313.47438692195}
{"route_id":"71","segment_first_lat":34.0589881424,"segment_first_lon":-118.1726272874,"segment_second_lat":34.0593267459,"segment_second_lon":-118.1727729251,"segment_sequence":380005,"segment_id":19,"segment_len_meter":39.96989039703398,"segment_cum_len":12353.444277318984}
{"route_id":"71","segment_first_lat":34.0593267459,"segment_first_lon":-118.1727729251,"segment_second_lat":34.059389084,"segment_second_lon":-118.1727997966,"segment_sequence":390001,"segment_id":20,"segment_len_meter":7.360424750078411,"segment_cum_len":12360.804702069063}
{"route_id":"71","segment_first_lat":34.059389084,"segment_first_lon":-118.1727997966,"segment_second_lat":34.0594549854,"segment_second_lon":-118.1728329484,"segment_sequence":390002,"segment_id":20,"segment_len_meter":7.9388134229880345,"segment_cum_len":12368.743515492051}
{"route_id":"71","segment_first_lat":34.0594549854,"segment_first_lon":-118.1728329484,"segment_second_lat":34.0595153957,"segment_second_lon":-118.1728627875,"segment_sequence":390003,"segment_id":20,"segment_len_meter":7.257973558250642,"segment_cum_len":12376.001489050303}
{"route_id":"71","segment_first_lat":34.0595153957,"segment_first_lon":-118.1728627875,"segment_second_lat":34.0595538374,"segment_second_lon":-118.1728826764,"segment_sequence":390004,"segment_id":20,"segment_len_meter":4.650631891234271,"segment_cum_len":12380.652120941537}
{"route_id":"71","segment_first_lat":34.0595538374,"segment_first_lon":-118.1728826764,"segment_second_lat":34.059686084,"segment_second_lon":-118.1726386323,"segment_sequence":390005,"segment_id":20,"segment_len_meter":26.863589676931294,"segment_cum_len":12407.515710618469}
{"route_id":"71","segment_first_lat":34.059686084,"segment_first_lon":-118.1726386323,"segment_second_lat":34.0598072775,"segment_second_lon":-118.1724374854,"segment_sequence":390006,"segment_id":20,"segment_len_meter":22.91184146617901,"segment_cum_len":12430.427552084648}
{"route_id":"71","segment_first_lat":34.0598072775,"segment_first_lon":-118.1724374854,"segment_second_lat":34.0598816063,"segment_second_lon":-118.1723418924,"segment_sequence":390007,"segment_id":20,"segment_len_meter":12.077074262604723,"segment_cum_len":12442.504626347252}
{"route_id":"71","segment_first_lat":34.0598816063,"segment_first_lon":-118.1723418924,"segment_second_lat":34.0599944474,"segment_second_lon":-118.1722166642,"segment_sequence":390008,"segment_id":20,"segment_len_meter":17.04450197560857,"segment_cum_len":12459.54912832286}
{"route_id":"71","segment_first_lat":34.0599944474,"segment_first_lon":-118.1722166642,"segment_second_lat":34.0600907542,"segment_second_lon":-118.1721244176,"segment_sequence":390009,"segment_id":20,"segment_len_meter":13.670777962946875,"segment_cum_len":12473.219906285807}
{"route_id":"71","segment_first_lat":34.0600907542,"segment_first_lon":-118.1721244176,"segment_second_lat":34.0605006973,"segment_second_lon":-118.1717653847,"segment_sequence":390010,"segment_id":20,"segment_len_meter":56.31823673386232,"segment_cum_len":12529.53814301967}
{"route_id":"71","segment_first_lat":34.0605006973,"segment_first_lon":-118.1717653847,"segment_second_lat":34.0606714352,"segment_second_lon":-118.171504907,"segment_sequence":390011,"segment_id":20,"segment_len_meter":30.597294009630122,"segment_cum_len":12560.135437029301}
{"route_id":"71","segment_first_lat":34.0606714352,"segment_first_lon":-118.171504907,"segment_second_lat":34.0607513714,"segment_second_lon":-118.1713300846,"segment_sequence":390012,"segment_id":20,"segment_len_meter":18.394517626574316,"segment_cum_len":12578.529954655876}
{"route_id":"71","segment_first_lat":34.0607513714,"segment_first_lon":-118.1713300846,"segment_second_lat":34.0607899866,"segment_second_lon":-118.1712278132,"segment_sequence":390013,"segment_id":20,"segment_len_meter":10.353466068867014,"segment_cum_len":12588.883420724744}
{"route_id":"71","segment_first_lat":34.0607899866,"segment_first_lon":-118.1712278132,"segment_second_lat":34.0608258865,"segment_second_lon":-118.1711024247,"segment_sequence":390014,"segment_id":20,"segment_len_meter":12.220973634988894,"segment_cum_len":12601.104394359732}
{"route_id":"71","segment_first_lat":34.0608258865,"segment_first_lon":-118.1711024247,"segment_second_lat":34.0608701608,"segment_second_lon":-118.1708846075,"segment_sequence":390015,"segment_id":20,"segment_len_meter":20.66016188252203,"segment_cum_len":12621.764556242255}
{"route_id":"71","segment_first_lat":34.0608701608,"segment_first_lon":-118.1708846075,"segment_second_lat":34.0610212182,"segment_second_lon":-118.1709377423,"segment_sequence":390016,"segment_id":20,"segment_len_meter":17.495460997461418,"segment_cum_len":12639.260017239716}
{"route_id":"71","segment_first_lat":34.0610212182,"segment_first_lon":-118.1709377423,"segment_second_lat":34.0610624127,"segment_second_lon":-118.1709543347,"segment_sequence":390017,"segment_id":20,"segment_len_meter":4.828900935057696,"segment_cum_len":12644.088918174773}
{"route_id":"71","segment_first_lat":34.0610624127,"segment_first_lon":-118.1709543347,"segment_second_lat":34.0611750188,"segment_second_lon":-118.1709941845,"segment_sequence":390018,"segment_id":20,"segment_len_meter":13.048242382955127,"segment_cum_len":12657.137160557728}
{"route_id":"71","segment_first_lat":34.0611750188,"segment_first_lon":-118.1709941845,"segment_second_lat":34.0613178372,"segment_second_lon":-118.1710440012,"segment_sequence":390019,"segment_id":20,"segment_len_meter":16.530433065553595,"segment_cum_len":12673.667593623282}
{"route_id":"71","segment_first_lat":34.0613178372,"segment_first_lon":-118.1710440012,"segment_second_lat":34.0615128369,"segment_second_lon":-118.1711137347,"segment_sequence":390020,"segment_id":20,"segment_len_meter":22.614500332803118,"segment_cum_len":12696.282093956086}
{"route_id":"71","segment_first_lat":34.0615128369,"segment_first_lon":-118.1711137347,"segment_second_lat":34.0616611464,"segment_second_lon":-118.1711668647,"segment_sequence":390021,"segment_id":20,"segment_len_meter":17.202186114454324,"segment_cum_len":12713.484280070541}
{"route_id":"71","segment_first_lat":34.0616611464,"segment_first_lon":-118.1711668647,"segment_second_lat":34.061905584,"segment_second_lon":-118.1712532083,"segment_sequence":390022,"segment_id":20,"segment_len_meter":28.320079262175806,"segment_cum_len":12741.804359332717}
{"route_id":"71","segment_first_lat":34.061905584,"segment_first_lon":-118.1712532083,"segment_second_lat":34.0620538934,"segment_second_lon":-118.1713063388,"segment_sequence":390023,"segment_id":20,"segment_len_meter":17.202182105309465,"segment_cum_len":12759.006541438026}
{"route_id":"71","segment_first_lat":34.0620538934,"segment_first_lon":-118.1713063388,"segment_second_lat":34.0621472738,"segment_second_lon":-118.1713395468,"segment_sequence":390024,"segment_id":20,"segment_len_meter":10.824658332790898,"segment_cum_len":12769.831199770817}
{"route_id":"71","segment_first_lat":34.0621472738,"segment_first_lon":-118.1713395468,"segment_second_lat":34.062185725,"segment_second_lon":-118.1713528323,"segment_sequence":390025,"segment_id":20,"segment_len_meter":4.447281746444533,"segment_cum_len":12774.278481517262}
{"route_id":"71","segment_first_lat":34.062185725,"segment_first_lon":-118.1713528323,"segment_second_lat":34.0622296627,"segment_second_lon":-118.1713727324,"segment_sequence":390026,"segment_id":20,"segment_len_meter":5.218235109058107,"segment_cum_len":12779.49671662632}
{"route_id":"71","segment_first_lat":34.0622296627,"segment_first_lon":-118.1713727324,"segment_second_lat":34.0623972211,"segment_second_lon":-118.1714159977,"segment_sequence":390027,"segment_id":20,"segment_len_meter":19.053140378291133,"segment_cum_len":12798.549857004611}
{"route_id":"71","segment_first_lat":34.0623972211,"segment_first_lon":-118.1714159977,"segment_second_lat":34.0631498434,"segment_second_lon":-118.1716222466,"segment_sequence":390028,"segment_id":20,"segment_len_meter":85.81727511436652,"segment_cum_len":12884.367132118978}
{"route_id":"71","segment_first_lat":34.0631498434,"segment_first_lon":-118.1716222466,"segment_second_lat":34.0633492512,"segment_second_lon":-118.1705198779,"segment_sequence":390029,"segment_id":20,"segment_len_meter":103.93850735543852,"segment_cum_len":12988.305639474416}
{"route_id":"71","segment_first_lat":34.0633492512,"segment_first_lon":-118.1705198779,"segment_second_lat":34.0633827796,"segment_second_lon":-118.1701270402,"segment_sequence":390030,"segment_id":20,"segment_len_meter":36.37816191998025,"segment_cum_len":13024.683801394396}
{"route_id":"71","segment_first_lat":34.0633827796,"segment_first_lon":-118.1701270402,"segment_second_lat":34.0633858528,"segment_second_lon":-118.1698959253,"segment_sequence":390031,"segment_id":20,"segment_len_meter":21.29210606525981,"segment_cum_len":13045.975907459657}
{"route_id":"71","segment_first_lat":34.0633858528,"segment_first_lon":-118.1698959253,"segment_second_lat":34.0633696905,"segment_second_lon":-118.1696647713,"segment_sequence":390032,"segment_id":20,"segment_len_meter":21.36867450651815,"segment_cum_len":13067.344581966176}
{"route_id":"71","segment_first_lat":34.0633696905,"segment_first_lon":-118.1696647713,"segment_second_lat":34.0633372027,"segment_second_lon":-118.1693180239,"segment_sequence":390033,"segment_id":20,"segment_len_meter":32.14460442002761,"segment_cum_len":13099.489186386203}
{"route_id":"71","segment_first_lat":34.0633372027,"segment_first_lon":-118.1693180239,"segment_second_lat":34.0632938749,"segment_second_lon":-118.1688622977,"segment_sequence":390034,"segment_id":20,"segment_len_meter":42.255233029716024,"segment_cum_len":13141.74441941592}
{"route_id":"71","segment_first_lat":34.0632938749,"segment_first_lon":-118.1688622977,"segment_second_lat":34.0632803894,"segment_second_lon":-118.1686806755,"segment_sequence":390035,"segment_id":20,"segment_len_meter":16.797382498351322,"segment_cum_len":13158.54180191427}
{"route_id":"71","segment_first_lat":34.0632803894,"segment_first_lon":-118.1686806755,"segment_second_lat":34.0632646205,"segment_second_lon":-118.1681655744,"segment_sequence":390036,"segment_id":20,"segment_len_meter":47.481465542578185,"segment_cum_len":13206.023267456849}
{"route_id":"71","segment_first_lat":34.0632646205,"segment_first_lon":-118.1681655744,"segment_second_lat":34.0632261826,"segment_second_lon":-118.1681423851,"segment_sequence":390037,"segment_id":20,"segment_len_meter":4.77816713324755,"segment_cum_len":13210.801434590096}
{"route_id":"71","segment_first_lat":34.0632261826,"segment_first_lon":-118.1681423851,"segment_second_lat":34.0630915008,"segment_second_lon":-118.1681685281,"segment_sequence":390038,"segment_id":20,"segment_len_meter":15.168320919904447,"segment_cum_len":13225.96975551}
{"route_id":"71","segment_first_lat":34.0630915008,"segment_first_lon":-118.1681685281,"segment_second_lat":34.0630859085,"segment_second_lon":-118.168237853,"segment_sequence":390039,"segment_id":20,"segment_len_meter":6.416154177370524,"segment_cum_len":13232.38590968737}
{"route_id":"71","segment_first_lat":34.0630859085,"segment_first_lon":-118.168237853,"segment_second_lat":34.0631045357,"segment_second_lon":-118.1686737175,"segment_sequence":390040,"segment_id":20,"segment_len_meter":40.203590055624524,"segment_cum_len":13272.589499742993}
{"route_id":"71","segment_first_lat":34.0631045357,"segment_first_lon":-118.1686737175,"segment_second_lat":34.0631061549,"segment_second_lon":-118.1686948518,"segment_sequence":390041,"segment_id":20,"segment_len_meter":1.9551199814206162,"segment_cum_len":13274.544619724415}
