{"route_id":"217","segment_first_lat":34.1001914421,"segment_first_lon":-118.3255826782,"segment_second_lat":34.1001875827,"segment_second_lon":-118.3255872876,"segment_sequence":10001,"segment_id":1,"segment_len_meter":0.6035675908041492,"segment_cum_len":0.6035675908041492}
{"route_id":"217","segment_first_lat":34.1001875827,"segment_first_lon":-118.3255872876,"segment_second_lat":34.1001655287,"segment_second_lon":-118.3256136273,"segment_sequence":10002,"segment_id":1,"segment_len_meter":3.448998089437633,"segment_cum_len":4.052565680241782}
{"route_id":"217","segment_first_lat":34.1001655287,"segment_first_lon":-118.3256136273,"segment_second_lat":34.1001104826,"segment_second_lon":-118.3256464449,"segment_sequence":10003,"segment_id":1,"segment_len_meter":6.826090520807499,"segment_cum_len":10.878656201049282}
{"route_id":"217","segment_first_lat":34.1001104826,"segment_first_lon":-118.3256464449,"segment_second_lat":34.1000912298,"segment_second_lon":-118.3256529763,"segment_sequence":10004,"segment_id":1,"segment_len_meter":2.2236787896415136,"segment_cum_len":13.102334990690796}
{"route_id":"217","segment_first_lat":34.1000912298,"segment_first_lon":-118.3256529763,"segment_second_lat":34.0997972097,"segment_second_lon":-118.3256518313,"segment_sequence":10005,"segment_id":1,"segment_len_meter":32.69371343722342,"segment_cum_len":45.796048427914215}
{"route_id":"217","segment_first_lat":34.0997972097,"segment_first_lon":-118.3256518313,"segment_second_lat":34.099799986,"segment_second_lon":-118.3266593125,"segment_sequence":10006,"segment_id":1,"segment_len_meter":92.76568239179629,"segment_cum_len":138.5617308197105}
{"route_id":"217","segment_first_lat":34.099799986,"segment_first_lon":-118.3266593125,"segment_second_lat":34.1016300729,"segment_second_lon":-118.3266598555,"segment_sequence":10007,"segment_id":1,"segment_len_meter":203.49638474053188,"segment_cum_len":342.0581155602424}
{"route_id":"217","segment_first_lat":34.1016300729,"segment_first_lon":-118.3266598555,"segment_second_lat":34.1016280803,"segment_second_lon":-118.3269901731,"segment_sequence":10008,"segment_id":1,"segment_len_meter":30.41458062227862,"segment_cum_len":372.472696182521}
{"route_id":"217","segment_first_lat":34.1016280803,"segment_first_lon":-118.3269901731,"segment_second_lat":34.1016205137,"segment_second_lon":-118.3281594954,"segment_sequence":20001,"segment_id":1,"segment_len_meter":107.66786745604865,"segment_cum_len":480.1405636385697}
{"route_id":"217","segment_first_lat":34.1016205137,"segment_first_lon":-118.3281594954,"segment_second_lat":34.1016159788,"segment_second_lon":-118.3288168251,"segment_sequence":20002,"segment_id":1,"segment_len_meter":60.525303772884186,"segment_cum_len":540.6658674114539}
{"route_id":"217","segment_first_lat":34.1016159788,"segment_first_lon":-118.3288168251,"segment_second_lat":34.101612778,"segment_second_lon":-118.3292858745,"segment_sequence":20003,"segment_id":1,"segment_len_meter":43.188885916111765,"segment_cum_len":583.8547533275656}
{"route_id":"217","segment_first_lat":34.101612778,"segment_first_lon":-118.3292858745,"segment_second_lat":34.1016112782,"segment_second_lon":-118.3295336127,"segment_sequence":30001,"segment_id":2,"segment_len_meter":22.810944403693387,"segment_cum_len":606.665697731259}
{"route_id":"217","segment_first_lat":34.1016112782,"segment_first_lon":-118.3295336127,"segment_second_lat":34.1016026943,"segment_second_lon":-118.33086479,"segment_sequence":30002,"segment_id":2,"segment_len_meter":122.57101394000385,"segment_cum_len":729.2367116712628}
{"route_id":"217","segment_first_lat":34.1016026943,"segment_first_lon":-118.33086479,"segment_second_lat":34.1016016924,"segment_second_lon":-118.3310299487,"segment_sequence":40001,"segment_id":2,"segment_len_meter":15.207290483762133,"segment_cum_len":744.4440021550249}
{"route_id":"217","segment_first_lat":34.1016016924,"segment_first_lon":-118.3310299487,"segment_second_lat":34.1015961893,"segment_second_lon":-118.3320341159,"segment_sequence":40002,"segment_id":2,"segment_len_meter":92.46008562986431,"segment_cum_len":836.9040877848893}
{"route_id":"217","segment_first_lat":34.1015961893,"segment_first_lon":-118.3320341159,"segment_second_lat":34.1015922607,"segment_second_lon":-118.3324635232,"segment_sequence":40003,"segment_id":2,"segment_len_meter":39.5398213485235,"segment_cum_len":876.4439091334127}
{"route_id":"217","segment_first_lat":34.1015922607,"segment_first_lon":-118.3324635232,"segment_second_lat":34.1015881518,"segment_second_lon":-118.3331571901,"segment_sequence":40004,"segment_id":2,"segment_len_meter":63.87058246410612,"segment_cum_len":940.3144915975188}
{"route_id":"217","segment_first_lat":34.1015881518,"segment_first_lon":-118.3331571901,"segment_second_lat":34.1015871467,"segment_second_lon":-118.3333223487,"segment_sequence":50001,"segment_id":3,"segment_len_meter":15.207286500891206,"segment_cum_len":955.52177809841}
{"route_id":"217","segment_first_lat":34.1015871467,"segment_first_lon":-118.3333223487,"segment_second_lat":34.1015804449,"segment_second_lon":-118.3347526305,"segment_sequence":50002,"segment_id":3,"segment_len_meter":131.69442538922885,"segment_cum_len":1087.2162034876387}
{"route_id":"217","segment_first_lat":34.1015804449,"segment_first_lon":-118.3347526305,"segment_second_lat":34.1015796942,"segment_second_lon":-118.3350234943,"segment_sequence":50003,"segment_id":3,"segment_len_meter":24.93975856833989,"segment_cum_len":1112.1559620559785}
{"route_id":"217","segment_first_lat":34.1015796942,"segment_first_lon":-118.3350234943,"segment_second_lat":34.1015770895,"segment_second_lon":-118.3359616077,"segment_sequence":50004,"segment_id":3,"segment_len_meter":86.37670536049582,"segment_cum_len":1198.5326674164744}
{"route_id":"217","segment_first_lat":34.1015770895,"segment_first_lon":-118.3359616077,"segment_second_lat":34.1015766301,"segment_second_lon":-118.3361267685,"segment_sequence":60001,"segment_id":3,"segment_len_meter":15.207166112139886,"segment_cum_len":1213.7398335286143}
{"route_id":"217","segment_first_lat":34.1015766301,"segment_first_lon":-118.3361267685,"segment_second_lat":34.1015714902,"segment_second_lon":-118.3369855936,"segment_sequence":60002,"segment_id":3,"segment_len_meter":79.0778672928496,"segment_cum_len":1292.8177008214639}
{"route_id":"217","segment_first_lat":34.1015714902,"segment_first_lon":-118.3369855936,"segment_second_lat":34.101570301,"segment_second_lon":-118.3374117085,"segment_sequence":60003,"segment_id":3,"segment_len_meter":39.234496127115015,"segment_cum_len":1332.052196948579}
{"route_id":"217","segment_first_lat":34.101570301,"segment_first_lon":-118.3374117085,"segment_second_lat":34.1015639953,"segment_second_lon":-118.3386834353,"segment_sequence":60004,"segment_id":3,"segment_len_meter":117.09558517661108,"segment_cum_len":1449.1477821251901}
{"route_id":"217","segment_first_lat":34.1015639953,"segment_first_lon":-118.3386834353,"segment_second_lat":34.1015627942,"segment_second_lon":-118.3390137557,"segment_sequence":60005,"segment_id":3,"segment_len_meter":30.414348219209735,"segment_cum_len":1479.5621303444}
{"route_id":"217","segment_first_lat":34.1015627942,"segment_first_lon":-118.3390137557,"segment_second_lat":34.1015536342,"segment_second_lon":-118.3413887572,"segment_sequence":70001,"segment_id":4,"segment_len_meter":218.6792403984648,"segment_cum_len":1698.2413707428648}
{"route_id":"217","segment_first_lat":34.1015536342,"segment_first_lon":-118.3413887572,"segment_second_lat":34.1015499247,"segment_second_lon":-118.3417289771,"segment_sequence":70002,"segment_id":4,"segment_len_meter":31.328265395355015,"segment_cum_len":1729.5696361382197}
{"route_id":"217","segment_first_lat":34.1015499247,"segment_first_lon":-118.3417289771,"segment_second_lat":34.1015485878,"segment_second_lon":-118.3422013368,"segment_sequence":70003,"segment_id":4,"segment_len_meter":43.49250063150203,"segment_cum_len":1773.0621367697217}
{"route_id":"217","segment_first_lat":34.1015485878,"segment_first_lon":-118.3422013368,"segment_second_lat":34.1015599124,"segment_second_lon":-118.3431497471,"segment_sequence":70004,"segment_id":4,"segment_len_meter":87.33340427703551,"segment_cum_len":1860.3955410467572}
{"route_id":"217","segment_first_lat":34.1015599124,"segment_first_lon":-118.3431497471,"segment_second_lat":34.1015619172,"segment_second_lon":-118.3433145877,"segment_sequence":80001,"segment_id":4,"segment_len_meter":15.179237979628962,"segment_cum_len":1875.574779026386}
{"route_id":"217","segment_first_lat":34.1015619172,"segment_first_lon":-118.3433145877,"segment_second_lat":34.1015705124,"segment_second_lon":-118.3441569526,"segment_sequence":80002,"segment_id":4,"segment_len_meter":77.5661345245406,"segment_cum_len":1953.1409135509266}
{"route_id":"217","segment_first_lat":34.1015705124,"segment_first_lon":-118.3441569526,"segment_second_lat":34.101577306,"segment_second_lon":-118.3446656817,"segment_sequence":80003,"segment_id":4,"segment_len_meter":46.84701539839002,"segment_cum_len":1999.9879289493167}
{"route_id":"217","segment_first_lat":34.101577306,"segment_first_lon":-118.3446656817,"segment_second_lat":34.1015819735,"segment_second_lon":-118.3450521817,"segment_sequence":80004,"segment_id":4,"segment_len_meter":35.59053591095429,"segment_cum_len":2035.578464860271}
{"route_id":"217","segment_first_lat":34.1015819735,"segment_first_lon":-118.3450521817,"segment_second_lat":34.1015839748,"segment_second_lon":-118.3452173527,"segment_sequence":90001,"segment_id":5,"segment_len_meter":15.209646428317743,"segment_cum_len":2050.788111288589}
{"route_id":"217","segment_first_lat":34.1015839748,"segment_first_lon":-118.3452173527,"segment_second_lat":34.1015987737,"segment_second_lon":-118.3467666404,"segment_sequence":90002,"segment_id":5,"segment_len_meter":142.65919025855862,"segment_cum_len":2193.4473015471476}
{"route_id":"217","segment_first_lat":34.1015987737,"segment_first_lon":-118.3467666404,"segment_second_lat":34.1016121751,"segment_second_lon":-118.3478402541,"segment_sequence":90003,"segment_id":5,"segment_len_meter":98.86352698625016,"segment_cum_len":2292.310828533398}
{"route_id":"217","segment_first_lat":34.1016121751,"segment_first_lon":-118.3478402541,"segment_second_lat":34.1016235031,"segment_second_lon":-118.3487721498,"segment_sequence":90004,"segment_id":5,"segment_len_meter":85.8129340588941,"segment_cum_len":2378.1237625922918}
{"route_id":"217","segment_first_lat":34.1016235031,"segment_first_lon":-118.3487721498,"segment_second_lat":34.1016255003,"segment_second_lon":-118.3489369906,"segment_sequence":100001,"segment_id":5,"segment_len_meter":15.179232601654634,"segment_cum_len":2393.3029951939466}
{"route_id":"217","segment_first_lat":34.1016255003,"segment_first_lon":-118.3489369906,"segment_second_lat":34.1016334728,"segment_second_lon":-118.349980853,"segment_sequence":100002,"segment_id":5,"segment_len_meter":96.11702475300642,"segment_cum_len":2489.420019946953}
{"route_id":"217","segment_first_lat":34.1016334728,"segment_first_lon":-118.349980853,"segment_second_lat":34.1016384326,"segment_second_lon":-118.3501658562,"segment_sequence":100003,"segment_id":5,"segment_len_meter":17.042970928608888,"segment_cum_len":2506.462990875562}
{"route_id":"217","segment_first_lat":34.1016384326,"segment_first_lon":-118.3501658562,"segment_second_lat":34.1016472396,"segment_second_lon":-118.3518637675,"segment_sequence":100004,"segment_id":5,"segment_len_meter":156.33709664846975,"segment_cum_len":2662.800087524032}
{"route_id":"217","segment_first_lat":34.1016472396,"segment_first_lon":-118.3518637675,"segment_second_lat":34.1016539385,"segment_second_lon":-118.3526763971,"segment_sequence":100005,"segment_id":5,"segment_len_meter":74.82601921044483,"segment_cum_len":2737.6261067344767}
{"route_id":"217","segment_first_lat":34.1016539385,"segment_first_lon":-118.3526763971,"segment_second_lat":34.1016553798,"segment_second_lon":-118.3528415661,"segment_sequence":110001,"segment_id":6,"segment_len_meter":15.20866578472126,"segment_cum_len":2752.834772519198}
{"route_id":"217","segment_first_lat":34.1016553798,"segment_first_lon":-118.3528415661,"segment_second_lat":34.1016631735,"segment_second_lon":-118.3539349775,"segment_sequence":110002,"segment_id":6,"segment_len_meter":100.67882219018716,"segment_cum_len":2853.513594709385}
{"route_id":"217","segment_first_lat":34.1016631735,"segment_first_lon":-118.3539349775,"segment_second_lat":34.1016698035,"segment_second_lon":-118.354859918,"segment_sequence":110003,"segment_id":6,"segment_len_meter":85.16643522964146,"segment_cum_len":2938.6800299390266}
{"route_id":"217","segment_first_lat":34.1016698035,"segment_first_lon":-118.354859918,"segment_second_lat":34.1016709671,"segment_second_lon":-118.3550250859,"segment_sequence":120001,"segment_id":6,"segment_len_meter":15.208267630810328,"segment_cum_len":2953.888297569837}
{"route_id":"217","segment_first_lat":34.1016709671,"segment_first_lon":-118.3550250859,"segment_second_lat":34.1016815765,"segment_second_lon":-118.3560887805,"segment_sequence":120002,"segment_id":6,"segment_len_meter":97.94602375773232,"segment_cum_len":3051.8343213275693}
{"route_id":"217","segment_first_lat":34.1016815765,"segment_first_lon":-118.3560887805,"segment_second_lat":34.1016812844,"segment_second_lon":-118.356187877,"segment_sequence":120003,"segment_id":6,"segment_len_meter":9.12429656489055,"segment_cum_len":3060.95861789246}
{"route_id":"217","segment_first_lat":34.1016812844,"segment_first_lon":-118.356187877,"segment_second_lat":34.1016893213,"segment_second_lon":-118.357188799,"segment_sequence":120004,"segment_id":6,"segment_len_meter":92.16349972339424,"segment_cum_len":3153.122117615854}
{"route_id":"217","segment_first_lat":34.1016893213,"segment_first_lon":-118.357188799,"segment_second_lat":34.1016887255,"segment_second_lon":-118.3573902953,"segment_sequence":120005,"segment_id":6,"segment_len_meter":18.552743095901246,"segment_cum_len":3171.6748607117556}
{"route_id":"217","segment_first_lat":34.1016887255,"segment_first_lon":-118.3573902953,"segment_second_lat":34.1017055346,"segment_second_lon":-118.3582095758,"segment_sequence":120006,"segment_id":6,"segment_len_meter":75.45779921448197,"segment_cum_len":3247.1326599262375}
{"route_id":"217","segment_first_lat":34.1017055346,"segment_first_lon":-118.3582095758,"segment_second_lat":34.1017047701,"segment_second_lon":-118.3583747355,"segment_sequence":120007,"segment_id":6,"segment_len_meter":15.207193579876607,"segment_cum_len":3262.339853506114}
{"route_id":"217","segment_first_lat":34.1017047701,"segment_first_lon":-118.3583747355,"segment_second_lat":34.1016992949,"segment_second_lon":-118.3593855098,"segment_sequence":130001,"segment_id":7,"segment_len_meter":93.06828322911291,"segment_cum_len":3355.408136735227}
{"route_id":"217","segment_first_lat":34.1016992949,"segment_first_lon":-118.3593855098,"segment_second_lat":34.1016843367,"segment_second_lon":-118.3597950497,"segment_sequence":130002,"segment_id":7,"segment_len_meter":37.74475135984814,"segment_cum_len":3393.152888095075}
{"route_id":"217","segment_first_lat":34.1016843367,"segment_first_lon":-118.3597950497,"segment_second_lat":34.1016675053,"segment_second_lon":-118.3599105914,"segment_sequence":130003,"segment_id":7,"segment_len_meter":10.801792775797226,"segment_cum_len":3403.9546808708724}
{"route_id":"217","segment_first_lat":34.1016675053,"segment_first_lon":-118.3599105914,"segment_second_lat":34.1016256577,"segment_second_lon":-118.3601218198,"segment_sequence":130004,"segment_id":7,"segment_len_meter":19.99762468352536,"segment_cum_len":3423.9523055543978}
{"route_id":"217","segment_first_lat":34.1016256577,"segment_first_lon":-118.3601218198,"segment_second_lat":34.1015505696,"segment_second_lon":-118.3604220926,"segment_sequence":130005,"segment_id":7,"segment_len_meter":28.880672380543334,"segment_cum_len":3452.832977934941}
{"route_id":"217","segment_first_lat":34.1015505696,"segment_first_lon":-118.3604220926,"segment_second_lat":34.1015339347,"segment_second_lon":-118.3604715697,"segment_sequence":130006,"segment_id":7,"segment_len_meter":4.916779617314652,"segment_cum_len":3457.7497575522557}
{"route_id":"217","segment_first_lat":34.1015339347,"segment_first_lon":-118.3604715697,"segment_second_lat":34.1014562162,"segment_second_lon":-118.3607321915,"segment_sequence":130007,"segment_id":7,"segment_len_meter":25.50529586920902,"segment_cum_len":3483.2550534214647}
{"route_id":"217","segment_first_lat":34.1014562162,"segment_first_lon":-118.3607321915,"segment_second_lat":34.101417332,"segment_second_lon":-118.3608707602,"segment_sequence":130008,"segment_id":7,"segment_len_meter":13.471367931308942,"segment_cum_len":3496.7264213527737}
{"route_id":"217","segment_first_lat":34.101417332,"segment_first_lon":-118.3608707602,"segment_second_lat":34.1013810771,"segment_second_lon":-118.3610489791,"segment_sequence":130009,"segment_id":7,"segment_len_meter":16.897375820195464,"segment_cum_len":3513.6237971729693}
{"route_id":"217","segment_first_lat":34.1013810771,"segment_first_lon":-118.3610489791,"segment_second_lat":34.10135866,"segment_second_lon":-118.3611942252,"segment_sequence":130010,"segment_id":7,"segment_len_meter":13.603798608770038,"segment_cum_len":3527.227595781739}
{"route_id":"217","segment_first_lat":34.10135866,"segment_first_lon":-118.3611942252,"segment_second_lat":34.1013472242,"segment_second_lon":-118.3613428219,"segment_sequence":130011,"segment_id":7,"segment_len_meter":13.7409513637226,"segment_cum_len":3540.968547145462}
{"route_id":"217","segment_first_lat":34.1013472242,"segment_first_lon":-118.3613428219,"segment_second_lat":34.1013465819,"segment_second_lon":-118.3615575302,"segment_sequence":130012,"segment_id":7,"segment_len_meter":19.769319008417565,"segment_cum_len":3560.737866153879}
{"route_id":"217","segment_first_lat":34.1013465819,"segment_first_lon":-118.3615575302,"segment_second_lat":34.1010717991,"segment_second_lon":-118.3615556814,"segment_sequence":130013,"segment_id":7,"segment_len_meter":30.554927480970136,"segment_cum_len":3591.292793634849}
{"route_id":"217","segment_first_lat":34.1010717991,"segment_first_lon":-118.3615556814,"segment_second_lat":34.0998984758,"segment_second_lon":-118.3615479655,"segment_sequence":140001,"segment_id":7,"segment_len_meter":130.46953258390712,"segment_cum_len":3721.7623262187562}
{"route_id":"217","segment_first_lat":34.0998984758,"segment_first_lon":-118.3615479655,"segment_second_lat":34.0980546796,"segment_second_lon":-118.3615366904,"segment_sequence":140002,"segment_id":7,"segment_len_meter":205.02341174697986,"segment_cum_len":3926.785737965736}
{"route_id":"217","segment_first_lat":34.0980546796,"segment_first_lon":-118.3615366904,"segment_second_lat":34.0977798968,"segment_second_lon":-118.3615348418,"segment_sequence":140003,"segment_id":7,"segment_len_meter":30.55492741448179,"segment_cum_len":3957.340665380218}
{"route_id":"217","segment_first_lat":34.0977798968,"segment_first_lon":-118.3615348418,"segment_second_lat":34.0968456365,"segment_second_lon":-118.3615281601,"segment_sequence":150001,"segment_id":8,"segment_len_meter":103.88682735918094,"segment_cum_len":4061.227492739399}
{"route_id":"217","segment_first_lat":34.0968456365,"segment_first_lon":-118.3615281601,"segment_second_lat":34.0953480397,"segment_second_lon":-118.3615282915,"segment_sequence":150002,"segment_id":8,"segment_len_meter":166.52516675870112,"segment_cum_len":4227.7526594981}
{"route_id":"217","segment_first_lat":34.0953480397,"segment_first_lon":-118.3615282915,"segment_second_lat":34.0950183474,"segment_second_lon":-118.3615103512,"segment_sequence":150003,"segment_id":8,"segment_len_meter":36.69731246161538,"segment_cum_len":4264.449971959715}
{"route_id":"217","segment_first_lat":34.0950183474,"segment_first_lon":-118.3615103512,"segment_second_lat":34.0949661185,"segment_second_lon":-118.3615167314,"segment_sequence":150004,"segment_id":8,"segment_len_meter":5.837228909282807,"segment_cum_len":4270.287200868998}
{"route_id":"217","segment_first_lat":34.0949661185,"segment_first_lon":-118.3615167314,"segment_second_lat":34.094476883,"segment_second_lon":-118.361554252,"segment_sequence":150005,"segment_id":8,"segment_len_meter":54.51010726924393,"segment_cum_len":4324.797308138242}
{"route_id":"217","segment_first_lat":34.094476883,"segment_first_lon":-118.361554252,"segment_second_lat":34.094202118,"segment_second_lon":-118.3615464581,"segment_sequence":150006,"segment_id":8,"segment_len_meter":30.560902036189308,"segment_cum_len":4355.358210174431}
{"route_id":"217","segment_first_lat":34.094202118,"segment_first_lon":-118.3615464581,"segment_second_lat":34.0940729791,"segment_second_lon":-118.3615425968,"segment_sequence":160001,"segment_id":8,"segment_len_meter":14.363991828557287,"segment_cum_len":4369.7222020029885}
{"route_id":"217","segment_first_lat":34.0940729791,"segment_first_lon":-118.3615425968,"segment_second_lat":34.0922402241,"segment_second_lon":-118.3615148559,"segment_sequence":160002,"segment_id":8,"segment_len_meter":203.80906695111253,"segment_cum_len":4573.531268954101}
{"route_id":"217","segment_first_lat":34.0922402241,"segment_first_lon":-118.3615148559,"segment_second_lat":34.0920754125,"segment_second_lon":-118.3614943262,"segment_sequence":160003,"segment_id":8,"segment_len_meter":18.4234629798457,"segment_cum_len":4591.954731933946}
{"route_id":"217","segment_first_lat":34.0920754125,"segment_first_lon":-118.3614943262,"segment_second_lat":34.0918693734,"segment_second_lon":-118.3614769211,"segment_sequence":160004,"segment_id":8,"segment_len_meter":22.966495688446145,"segment_cum_len":4614.9212276223925}
{"route_id":"217","segment_first_lat":34.0918693734,"segment_first_lon":-118.3614769211,"segment_second_lat":34.0908334448,"segment_second_lon":-118.3614691405,"segment_sequence":160005,"segment_id":8,"segment_len_meter":115.19223291556894,"segment_cum_len":4730.113460537961}
{"route_id":"217","segment_first_lat":34.0908334448,"segment_first_lon":-118.3614691405,"segment_second_lat":34.0905586611,"segment_second_lon":-118.3614676225,"segment_sequence":160006,"segment_id":8,"segment_len_meter":30.554873125067378,"segment_cum_len":4760.6683336630285}
{"route_id":"217","segment_first_lat":34.0905586611,"segment_first_lon":-118.3614676225,"segment_second_lat":34.0887808129,"segment_second_lon":-118.3614569658,"segment_sequence":170001,"segment_id":9,"segment_len_meter":197.69013593617893,"segment_cum_len":4958.358469599208}
{"route_id":"217","segment_first_lat":34.0887808129,"segment_first_lon":-118.3614569658,"segment_second_lat":34.0872337948,"segment_second_lon":-118.3614436741,"segment_sequence":170002,"segment_id":9,"segment_len_meter":172.02491888655123,"segment_cum_len":5130.383388485759}
{"route_id":"217","segment_first_lat":34.0872337948,"segment_first_lon":-118.3614436741,"segment_second_lat":34.0869590121,"segment_second_lon":-118.361441826,"segment_sequence":170003,"segment_id":9,"segment_len_meter":30.55491615968281,"segment_cum_len":5160.938304645441}
{"route_id":"217","segment_first_lat":34.0869590121,"segment_first_lon":-118.361441826,"segment_second_lat":34.0855631138,"segment_second_lon":-118.3614331511,"segment_sequence":180001,"segment_id":9,"segment_len_meter":155.21886492594516,"segment_cum_len":5316.1571695713865}
{"route_id":"217","segment_first_lat":34.0855631138,"segment_first_lon":-118.3614331511,"segment_second_lat":34.0854257215,"segment_second_lon":-118.3614325574,"segment_sequence":180002,"segment_id":9,"segment_len_meter":15.277424555610995,"segment_cum_len":5331.434594126998}
{"route_id":"217","segment_first_lat":34.0854257215,"segment_first_lon":-118.3614325574,"segment_second_lat":34.084771734,"segment_second_lon":-118.3614297311,"segment_sequence":180003,"segment_id":9,"segment_len_meter":72.7205578870241,"segment_cum_len":5404.155152014022}
{"route_id":"217","segment_first_lat":34.084771734,"segment_first_lon":-118.3614297311,"segment_second_lat":34.0838319309,"segment_second_lon":-118.3614388799,"segment_sequence":180004,"segment_id":9,"segment_len_meter":104.50473320837123,"segment_cum_len":5508.659885222393}
{"route_id":"217","segment_first_lat":34.0838319309,"segment_first_lon":-118.3614388799,"segment_second_lat":34.0835571374,"segment_second_lon":-118.3614406646,"segment_sequence":180005,"segment_id":9,"segment_len_meter":30.5560851202299,"segment_cum_len":5539.215970342623}
{"route_id":"217","segment_first_lat":34.0835571374,"segment_first_lon":-118.3614406646,"segment_second_lat":34.0816748023,"segment_second_lon":-118.3614526751,"segment_sequence":190001,"segment_id":10,"segment_len_meter":209.30903603310838,"segment_cum_len":5748.525006375731}
{"route_id":"217","segment_first_lat":34.0816748023,"segment_first_lon":-118.3614526751,"segment_second_lat":34.0801827416,"segment_second_lon":-118.3614396221,"segment_sequence":190002,"segment_id":10,"segment_len_meter":165.91393523580015,"segment_cum_len":5914.438941611531}
{"route_id":"217","segment_first_lat":34.0801827416,"segment_first_lon":-118.3614396221,"segment_second_lat":34.079907958,"segment_second_lon":-118.3614381044,"segment_sequence":190003,"segment_id":10,"segment_len_meter":30.554861959537728,"segment_cum_len":5944.993803571068}
{"route_id":"217","segment_first_lat":34.079907958,"segment_first_lon":-118.3614381044,"segment_second_lat":34.0782180416,"segment_second_lon":-118.3614278296,"segment_sequence":200001,"segment_id":10,"segment_len_meter":187.9125128504283,"segment_cum_len":6132.906316421497}
{"route_id":"217","segment_first_lat":34.0782180416,"segment_first_lon":-118.3614278296,"segment_second_lat":34.077943256,"segment_second_lon":-118.3614269724,"segment_sequence":200002,"segment_id":10,"segment_len_meter":30.554866629331094,"segment_cum_len":6163.4611830508275}
{"route_id":"217","segment_first_lat":34.077943256,"segment_first_lon":-118.3614269724,"segment_second_lat":34.0762450794,"segment_second_lon":-118.3614222762,"segment_sequence":210001,"segment_id":11,"segment_len_meter":188.8291178290223,"segment_cum_len":6352.290300879849}
{"route_id":"217","segment_first_lat":34.0762450794,"segment_first_lon":-118.3614222762,"segment_second_lat":34.0761076861,"segment_second_lon":-118.3614220127,"segment_sequence":220001,"segment_id":11,"segment_len_meter":15.277457191154097,"segment_cum_len":6367.5677580710035}
{"route_id":"217","segment_first_lat":34.0761076861,"segment_first_lon":-118.3614220127,"segment_second_lat":34.0743133429,"segment_second_lon":-118.3614142594,"segment_sequence":220002,"segment_id":11,"segment_len_meter":199.52313840742437,"segment_cum_len":6567.090896478428}
{"route_id":"217","segment_first_lat":34.0743133429,"segment_first_lon":-118.3614142594,"segment_second_lat":34.0741072535,"segment_second_lon":-118.3614136992,"segment_sequence":220003,"segment_id":11,"segment_len_meter":22.916153800974975,"segment_cum_len":6590.007050279402}
{"route_id":"217","segment_first_lat":34.0741072535,"segment_first_lon":-118.3614136992,"segment_second_lat":34.0715490006,"segment_second_lon":-118.3614056175,"segment_sequence":230001,"segment_id":12,"segment_len_meter":284.46571746415117,"segment_cum_len":6874.472767743554}
{"route_id":"217","segment_first_lat":34.0715490006,"segment_first_lon":-118.3614056175,"segment_second_lat":34.0712247588,"segment_second_lon":-118.3614028958,"segment_sequence":230002,"segment_id":12,"segment_len_meter":36.05491468898464,"segment_cum_len":6910.527682432538}
{"route_id":"217","segment_first_lat":34.0712247588,"segment_first_lon":-118.3614028958,"segment_second_lat":34.0707493876,"segment_second_lon":-118.3613988607,"segment_sequence":240001,"segment_id":12,"segment_len_meter":52.860172325445554,"segment_cum_len":6963.387854757984}
{"route_id":"217","segment_first_lat":34.0707493876,"segment_first_lon":-118.3613988607,"segment_second_lat":34.0699360254,"segment_second_lon":-118.3613953466,"segment_sequence":240002,"segment_id":12,"segment_len_meter":90.44232936174855,"segment_cum_len":7053.830184119733}
{"route_id":"217","segment_first_lat":34.0699360254,"segment_first_lon":-118.3613953466,"segment_second_lat":34.069040228,"segment_second_lon":-118.3613914764,"segment_sequence":240003,"segment_id":12,"segment_len_meter":99.60876407379935,"segment_cum_len":7153.438948193532}
{"route_id":"217","segment_first_lat":34.069040228,"segment_first_lon":-118.3613914764,"segment_second_lat":34.0683834931,"segment_second_lon":-118.3613886391,"segment_sequence":240004,"segment_id":12,"segment_len_meter":73.02605667802136,"segment_cum_len":7226.465004871554}
{"route_id":"217","segment_first_lat":34.0683834931,"segment_first_lon":-118.3613886391,"segment_second_lat":34.0682461008,"segment_second_lon":-118.3613880456,"segment_sequence":250001,"segment_id":13,"segment_len_meter":15.277424529374652,"segment_cum_len":7241.742429400929}
{"route_id":"217","segment_first_lat":34.0682461008,"segment_first_lon":-118.3613880456,"segment_second_lat":34.0674217573,"segment_second_lon":-118.3613811823,"segment_sequence":250002,"segment_id":13,"segment_len_meter":91.6649950373864,"segment_cum_len":7333.4074244383155}
{"route_id":"217","segment_first_lat":34.0674217573,"segment_first_lon":-118.3613811823,"segment_second_lat":34.0665891604,"segment_second_lon":-118.3613775854,"segment_sequence":250003,"segment_id":13,"segment_len_meter":92.58114406102192,"segment_cum_len":7425.988568499338}
{"route_id":"217","segment_first_lat":34.0665891604,"segment_first_lon":-118.3613775854,"segment_second_lat":34.0657290949,"segment_second_lon":-118.3613705681,"segment_sequence":250004,"segment_id":13,"segment_len_meter":95.63710456935054,"segment_cum_len":7521.625673068688}
{"route_id":"217","segment_first_lat":34.0657290949,"segment_first_lon":-118.3613705681,"segment_second_lat":34.0650338902,"segment_second_lon":-118.3613675649,"segment_sequence":250005,"segment_id":13,"segment_len_meter":77.3037306005093,"segment_cum_len":7598.929403669197}
{"route_id":"217","segment_first_lat":34.0650338902,"segment_first_lon":-118.3613675649,"segment_second_lat":34.064896498,"segment_second_lon":-118.3613669714,"segment_sequence":260001,"segment_id":13,"segment_len_meter":15.277413417483533,"segment_cum_len":7614.2068170866805}
{"route_id":"217","segment_first_lat":34.064896498,"segment_first_lon":-118.3613669714,"segment_second_lat":34.0640364227,"segment_second_lon":-118.3613632561,"segment_sequence":260002,"segment_id":13,"segment_len_meter":95.63662223369825,"segment_cum_len":7709.843439320379}
{"route_id":"217","segment_first_lat":34.0640364227,"segment_first_lon":-118.3613632561,"segment_second_lat":34.0631708518,"segment_second_lon":-118.3613595171,"segment_sequence":260003,"segment_id":13,"segment_len_meter":96.2477089839454,"segment_cum_len":7806.091148304325}
{"route_id":"217","segment_first_lat":34.0631708518,"segment_first_lon":-118.3613595171,"segment_second_lat":34.0630608788,"segment_second_lon":-118.3613788525,"segment_sequence":260004,"segment_id":13,"segment_len_meter":12.357470132207697,"segment_cum_len":7818.448618436532}
{"route_id":"217","segment_first_lat":34.0630608788,"segment_first_lon":-118.3613788525,"segment_second_lat":34.0629866079,"segment_second_lon":-118.3614049455,"segment_sequence":260005,"segment_id":13,"segment_len_meter":8.601212332023643,"segment_cum_len":7827.049830768556}
{"route_id":"217","segment_first_lat":34.0629866079,"segment_first_lon":-118.3614049455,"segment_second_lat":34.0628903346,"segment_second_lon":-118.3614375468,"segment_sequence":260006,"segment_id":13,"segment_len_meter":11.11835954113895,"segment_cum_len":7838.168190309695}
{"route_id":"217","segment_first_lat":34.0628903346,"segment_first_lon":-118.3614375468,"segment_second_lat":34.0625171507,"segment_second_lon":-118.3616284244,"segment_sequence":260007,"segment_id":13,"segment_len_meter":45.06765122073614,"segment_cum_len":7883.235841530432}
{"route_id":"217","segment_first_lat":34.0625171507,"segment_first_lon":-118.3616284244,"segment_second_lat":34.0619821421,"segment_second_lon":-118.3619024633,"segment_sequence":270001,"segment_id":14,"segment_len_meter":64.62455082255492,"segment_cum_len":7947.860392352986}
{"route_id":"217","segment_first_lat":34.0619821421,"segment_first_lon":-118.3619024633,"segment_second_lat":34.0611757835,"segment_second_lon":-118.3623126731,"segment_sequence":270002,"segment_id":14,"segment_len_meter":97.30035109954733,"segment_cum_len":8045.160743452534}
{"route_id":"217","segment_first_lat":34.0611757835,"segment_first_lon":-118.3623126731,"segment_second_lat":34.0610491875,"segment_second_lon":-118.3623771674,"segment_sequence":280001,"segment_id":14,"segment_len_meter":15.279202616109016,"segment_cum_len":8060.439946068643}
{"route_id":"217","segment_first_lat":34.0610491875,"segment_first_lon":-118.3623771674,"segment_second_lat":34.0600859453,"segment_second_lon":-118.3628715393,"segment_sequence":280002,"segment_id":14,"segment_len_meter":116.38743119038459,"segment_cum_len":8176.827377259027}
{"route_id":"217","segment_first_lat":34.0600859453,"segment_first_lon":-118.3628715393,"segment_second_lat":34.0589366717,"segment_second_lon":-118.3634565453,"segment_sequence":280003,"segment_id":14,"segment_len_meter":138.69164872174576,"segment_cum_len":8315.519025980773}
{"route_id":"217","segment_first_lat":34.0589366717,"segment_first_lon":-118.3634565453,"segment_second_lat":34.0588447517,"segment_second_lon":-118.3635033584,"segment_sequence":290001,"segment_id":15,"segment_len_meter":11.093553499717634,"segment_cum_len":8326.61257948049}
{"route_id":"217","segment_first_lat":34.0588447517,"segment_first_lon":-118.3635033584,"segment_second_lat":34.0587456902,"segment_second_lon":-118.3635491499,"segment_sequence":290002,"segment_id":15,"segment_len_meter":11.795242460036068,"segment_cum_len":8338.407821940526}
{"route_id":"217","segment_first_lat":34.0587456902,"segment_first_lon":-118.3635491499,"segment_second_lat":34.0585503249,"segment_second_lon":-118.363637443,"segment_sequence":290003,"segment_id":15,"segment_len_meter":23.196388947881193,"segment_cum_len":8361.604210888407}
{"route_id":"217","segment_first_lat":34.0585503249,"segment_first_lon":-118.363637443,"segment_second_lat":34.0581815969,"segment_second_lon":-118.3638075205,"segment_sequence":290004,"segment_id":15,"segment_len_meter":43.89231322055434,"segment_cum_len":8405.496524108961}
{"route_id":"217","segment_first_lat":34.0581815969,"segment_first_lon":-118.3638075205,"segment_second_lat":34.0578953934,"segment_second_lon":-118.3639482418,"segment_sequence":290005,"segment_id":15,"segment_len_meter":34.363397389949725,"segment_cum_len":8439.859921498912}
{"route_id":"217","segment_first_lat":34.0578953934,"segment_first_lon":-118.3639482418,"segment_second_lat":34.0576813097,"segment_second_lon":-118.3640473466,"segment_sequence":290006,"segment_id":15,"segment_len_meter":25.49570696521718,"segment_cum_len":8465.355628464129}
{"route_id":"217","segment_first_lat":34.0576813097,"segment_first_lon":-118.3640473466,"segment_second_lat":34.0557875768,"segment_second_lon":-118.364922904,"segment_sequence":300001,"segment_id":15,"segment_len_meter":225.49298733868395,"segment_cum_len":8690.848615802814}
{"route_id":"217","segment_first_lat":34.0557875768,"segment_first_lon":-118.364922904,"segment_second_lat":34.0556593457,"segment_second_lon":-118.3649824309,"segment_sequence":300002,"segment_id":15,"segment_len_meter":15.27684132110639,"segment_cum_len":8706.12545712392}
{"route_id":"217","segment_first_lat":34.0556593457,"segment_first_lon":-118.3649824309,"segment_second_lat":34.0535217982,"segment_second_lon":-118.3659720972,"segment_sequence":310001,"segment_id":16,"segment_len_meter":254.57120220136687,"segment_cum_len":8960.696659325287}
{"route_id":"217","segment_first_lat":34.0535217982,"segment_first_lon":-118.3659720972,"segment_second_lat":34.0533935666,"segment_second_lon":-118.366031621,"segment_sequence":320001,"segment_id":16,"segment_len_meter":15.276843312218775,"segment_cum_len":8975.973502637506}
{"route_id":"217","segment_first_lat":34.0533935666,"segment_first_lon":-118.366031621,"segment_second_lat":34.0526533559,"segment_second_lon":-118.3663717204,"segment_sequence":320002,"segment_id":16,"segment_len_meter":88.069703587721,"segment_cum_len":9064.043206225226}
{"route_id":"217","segment_first_lat":34.0526533559,"segment_first_lon":-118.3663717204,"segment_second_lat":34.0522103822,"segment_second_lon":-118.3665579551,"segment_sequence":320003,"segment_id":16,"segment_len_meter":52.1591032911714,"segment_cum_len":9116.202309516397}
{"route_id":"217","segment_first_lat":34.0522103822,"segment_first_lon":-118.3665579551,"segment_second_lat":34.0521306146,"segment_second_lon":-118.3665840161,"segment_sequence":320004,"segment_id":16,"segment_len_meter":9.188964748243409,"segment_cum_len":9125.39127426464}
{"route_id":"217","segment_first_lat":34.0521306146,"segment_first_lon":-118.3665840161,"segment_second_lat":34.051998628,"segment_second_lon":-118.3666131495,"segment_sequence":320005,"segment_id":16,"segment_len_meter":14.919649184529717,"segment_cum_len":9140.310923449171}
{"route_id":"217","segment_first_lat":34.051998628,"segment_first_lon":-118.3666131495,"segment_second_lat":34.0518309294,"segment_second_lon":-118.366638825,"segment_sequence":320006,"segment_id":16,"segment_len_meter":18.79666557705718,"segment_cum_len":9159.10758902623}
{"route_id":"217","segment_first_lat":34.0518309294,"segment_first_lon":-118.366638825,"segment_second_lat":34.0517099843,"segment_second_lon":-118.3666515001,"segment_sequence":320007,"segment_id":16,"segment_len_meter":13.499083995052581,"segment_cum_len":9172.606673021282}
{"route_id":"217","segment_first_lat":34.0517099843,"segment_first_lon":-118.3666515001,"segment_second_lat":34.0515231411,"segment_second_lon":-118.3666473801,"segment_sequence":320008,"segment_id":16,"segment_len_meter":20.779482934991286,"segment_cum_len":9193.386155956274}
{"route_id":"217","segment_first_lat":34.0515231411,"segment_first_lon":-118.3666473801,"segment_second_lat":34.0513857459,"segment_second_lon":-118.3666477683,"segment_sequence":320009,"segment_id":16,"segment_len_meter":15.277691046835605,"segment_cum_len":9208.66384700311}
{"route_id":"217","segment_first_lat":34.0513857459,"segment_first_lon":-118.3666477683,"segment_second_lat":34.0510505022,"segment_second_lon":-118.3666486101,"segment_sequence":330001,"segment_id":17,"segment_len_meter":37.27747930402577,"segment_cum_len":9245.941326307136}
{"route_id":"217","segment_first_lat":34.0510505022,"segment_first_lon":-118.3666486101,"segment_second_lat":34.0508581031,"segment_second_lon":-118.3666642732,"segment_sequence":330002,"segment_id":17,"segment_len_meter":21.442415549642458,"segment_cum_len":9267.383741856778}
{"route_id":"217","segment_first_lat":34.0508581031,"segment_first_lon":-118.3666642732,"segment_second_lat":34.0506958902,"segment_second_lon":-118.3666932736,"segment_sequence":330003,"segment_id":17,"segment_len_meter":18.23405980360658,"segment_cum_len":9285.617801660384}
{"route_id":"217","segment_first_lat":34.0506958902,"segment_first_lon":-118.3666932736,"segment_second_lat":34.0504263811,"segment_second_lon":-118.3667647196,"segment_sequence":330004,"segment_id":17,"segment_len_meter":30.682413645688968,"segment_cum_len":9316.300215306073}
{"route_id":"217","segment_first_lat":34.0504263811,"segment_first_lon":-118.3667647196,"segment_second_lat":34.0498119777,"segment_second_lon":-118.3669383111,"segment_sequence":330005,"segment_id":17,"segment_len_meter":70.16552236489566,"segment_cum_len":9386.46573767097}
{"route_id":"217","segment_first_lat":34.0498119777,"segment_first_lon":-118.3669383111,"segment_second_lat":34.0496783162,"segment_second_lon":-118.3669760189,"segment_sequence":340001,"segment_id":17,"segment_len_meter":15.263103928526922,"segment_cum_len":9401.728841599495}
{"route_id":"217","segment_first_lat":34.0496783162,"segment_first_lon":-118.3669760189,"segment_second_lat":34.0477468545,"segment_second_lon":-118.3675109138,"segment_sequence":340002,"segment_id":17,"segment_len_meter":220.35021368042683,"segment_cum_len":9622.079055279923}
{"route_id":"217","segment_first_lat":34.0477468545,"segment_first_lon":-118.3675109138,"segment_second_lat":34.0476129201,"segment_second_lon":-118.3675479584,"segment_sequence":350001,"segment_id":18,"segment_len_meter":15.278908126094555,"segment_cum_len":9637.357963406017}
{"route_id":"217","segment_first_lat":34.0476129201,"segment_first_lon":-118.3675479584,"segment_second_lat":34.045768637,"segment_second_lon":-118.3680587826,"segment_sequence":350002,"segment_id":18,"segment_len_meter":210.40621194997462,"segment_cum_len":9847.764175355991}
{"route_id":"217","segment_first_lat":34.045768637,"segment_first_lon":-118.3680587826,"segment_second_lat":34.0457592863,"segment_second_lon":-118.3680613823,"segment_sequence":360001,"segment_id":18,"segment_len_meter":1.066982864559799,"segment_cum_len":9848.831158220552}
{"route_id":"217","segment_first_lat":34.0457592863,"segment_first_lon":-118.3680613823,"segment_second_lat":34.0456355127,"segment_second_lon":-118.3681004504,"segment_sequence":360002,"segment_id":18,"segment_len_meter":14.225919838530114,"segment_cum_len":9863.057078059082}
{"route_id":"217","segment_first_lat":34.0456355127,"segment_first_lon":-118.3681004504,"segment_second_lat":34.0454814726,"segment_second_lon":-118.3681525894,"segment_sequence":360003,"segment_id":18,"segment_len_meter":17.789368961934013,"segment_cum_len":9880.846447021017}
{"route_id":"217","segment_first_lat":34.0454814726,"segment_first_lon":-118.3681525894,"segment_second_lat":34.0451705639,"segment_second_lon":-118.3682832627,"segment_sequence":360004,"segment_id":18,"segment_len_meter":36.60792102283269,"segment_cum_len":9917.45436804385}
{"route_id":"217","segment_first_lat":34.0451705639,"segment_first_lon":-118.3682832627,"segment_second_lat":34.0432496986,"segment_second_lon":-118.3691254642,"segment_sequence":360005,"segment_id":18,"segment_len_meter":227.24941817776477,"segment_cum_len":10144.703786221615}
{"route_id":"217","segment_first_lat":34.0432496986,"segment_first_lon":-118.3691254642,"segment_second_lat":34.0431206503,"segment_second_lon":-118.3691820013,"segment_sequence":370001,"segment_id":19,"segment_len_meter":15.265794120686063,"segment_cum_len":10159.9695803423}
{"route_id":"217","segment_first_lat":34.0431206503,"segment_first_lon":-118.3691820013,"segment_second_lat":34.042009028,"segment_second_lon":-118.3696656308,"segment_sequence":370002,"segment_id":19,"segment_len_meter":131.39370979540405,"segment_cum_len":10291.363290137704}
{"route_id":"217","segment_first_lat":34.042009028,"segment_first_lon":-118.3696656308,"segment_second_lat":34.0415660091,"segment_second_lon":-118.3698650278,"segment_sequence":370003,"segment_id":19,"segment_len_meter":52.57597346783023,"segment_cum_len":10343.939263605535}
{"route_id":"217","segment_first_lat":34.0415660091,"segment_first_lon":-118.3698650278,"segment_second_lat":34.0412771926,"segment_second_lon":-118.3699594766,"segment_sequence":370004,"segment_id":19,"segment_len_meter":33.27314361079015,"segment_cum_len":10377.212407216324}
{"route_id":"217","segment_first_lat":34.0412771926,"segment_first_lon":-118.3699594766,"segment_second_lat":34.041167188,"segment_second_lon":-118.3699886981,"segment_sequence":370005,"segment_id":19,"segment_len_meter":12.524778479842345,"segment_cum_len":10389.737185696167}
{"route_id":"217","segment_first_lat":34.041167188,"segment_first_lon":-118.3699886981,"segment_second_lat":34.0409610392,"segment_second_lon":-118.3700075917,"segment_sequence":370006,"segment_id":19,"segment_len_meter":22.988710270597355,"segment_cum_len":10412.725895966765}
{"route_id":"217","segment_first_lat":34.0409610392,"segment_first_lon":-118.3700075917,"segment_second_lat":34.0408511256,"segment_second_lon":-118.3700071057,"segment_sequence":370007,"segment_id":19,"segment_len_meter":12.221916725163208,"segment_cum_len":10424.947812691928}
{"route_id":"217","segment_first_lat":34.0408511256,"segment_first_lon":-118.3700071057,"segment_second_lat":34.0406313389,"segment_second_lon":-118.3699929304,"segment_sequence":370008,"segment_id":19,"segment_len_meter":24.474043040108832,"segment_cum_len":10449.421855732036}
{"route_id":"217","segment_first_lat":34.0406313389,"segment_first_lon":-118.3699929304,"segment_second_lat":34.0404802784,"segment_second_lon":-118.3699691566,"segment_sequence":370009,"segment_id":19,"segment_len_meter":16.93939403999618,"segment_cum_len":10466.361249772033}
{"route_id":"217","segment_first_lat":34.0404802784,"segment_first_lon":-118.3699691566,"segment_second_lat":34.0403484933,"segment_second_lon":-118.3699322647,"segment_sequence":370010,"segment_id":19,"segment_len_meter":15.04293136013051,"segment_cum_len":10481.404181132164}
{"route_id":"217","segment_first_lat":34.0403484933,"segment_first_lon":-118.3699322647,"segment_second_lat":34.0402826261,"segment_second_lon":-118.3699055668,"segment_sequence":370011,"segment_id":19,"segment_len_meter":7.726181230685273,"segment_cum_len":10489.13036236285}
{"route_id":"217","segment_first_lat":34.0402826261,"segment_first_lon":-118.3699055668,"segment_second_lat":34.0400875539,"segment_second_lon":-118.3698069999,"segment_sequence":370012,"segment_id":19,"segment_len_meter":23.51563527665667,"segment_cum_len":10512.645997639507}
{"route_id":"217","segment_first_lat":34.0400875539,"segment_first_lon":-118.3698069999,"segment_second_lat":34.0399533907,"segment_second_lon":-118.3697390702,"segment_sequence":380001,"segment_id":19,"segment_len_meter":16.178115780492842,"segment_cum_len":10528.82411342}
{"route_id":"217","segment_first_lat":34.0399533907,"segment_first_lon":-118.3697390702,"segment_second_lat":34.0398272023,"segment_second_lon":-118.3696691954,"segment_sequence":380002,"segment_id":19,"segment_len_meter":15.438128995082181,"segment_cum_len":10544.262242415081}
{"route_id":"217","segment_first_lat":34.0398272023,"segment_first_lon":-118.3696691954,"segment_second_lat":34.0395759043,"segment_second_lon":-118.3695360528,"segment_sequence":380003,"segment_id":19,"segment_len_meter":30.517504875140435,"segment_cum_len":10574.779747290222}
{"route_id":"217","segment_first_lat":34.0395759043,"segment_first_lon":-118.3695360528,"segment_second_lat":34.0394129452,"segment_second_lon":-118.3694495123,"segment_sequence":390001,"segment_id":20,"segment_len_meter":19.797154312683958,"segment_cum_len":10594.576901602906}
{"route_id":"217","segment_first_lat":34.0394129452,"segment_first_lon":-118.3694495123,"segment_second_lat":34.0392291732,"segment_second_lon":-118.3693397747,"segment_sequence":390002,"segment_id":20,"segment_len_meter":22.79935954086331,"segment_cum_len":10617.376261143769}
{"route_id":"217","segment_first_lat":34.0392291732,"segment_first_lon":-118.3693397747,"segment_second_lat":34.03886176,"segment_second_lon":-118.3690773913,"segment_sequence":390003,"segment_id":20,"segment_len_meter":47.47207912060767,"segment_cum_len":10664.848340264376}
{"route_id":"217","segment_first_lat":34.03886176,"segment_first_lon":-118.3690773913,"segment_second_lat":34.0387026778,"segment_second_lon":-118.3689809672,"segment_sequence":390004,"segment_id":20,"segment_len_meter":19.79506614707363,"segment_cum_len":10684.64340641145}
{"route_id":"217","segment_first_lat":34.0387026778,"segment_first_lon":-118.3689809672,"segment_second_lat":34.0384035364,"segment_second_lon":-118.3688575199,"segment_sequence":390005,"segment_id":20,"segment_len_meter":35.154139185594566,"segment_cum_len":10719.797545597045}
{"route_id":"217","segment_first_lat":34.0384035364,"segment_first_lon":-118.3688575199,"segment_second_lat":34.0381647162,"segment_second_lon":-118.3687772491,"segment_sequence":390006,"segment_id":20,"segment_len_meter":27.566401061730726,"segment_cum_len":10747.363946658776}
{"route_id":"217","segment_first_lat":34.0381647162,"segment_first_lon":-118.3687772491,"segment_second_lat":34.0380905649,"segment_second_lon":-118.3687637193,"segment_sequence":390007,"segment_id":20,"segment_len_meter":8.338964873128523,"segment_cum_len":10755.702911531904}
{"route_id":"217","segment_first_lat":34.0380905649,"segment_first_lon":-118.3687637193,"segment_second_lat":34.037980742,"segment_second_lon":-118.3687335286,"segment_sequence":390008,"segment_id":20,"segment_len_meter":12.524601997216507,"segment_cum_len":10768.22751352912}
{"route_id":"217","segment_first_lat":34.037980742,"segment_first_lon":-118.3687335286,"segment_second_lat":34.0377637735,"segment_second_lon":-118.3686962644,"segment_sequence":390009,"segment_id":20,"segment_len_meter":24.368916087519775,"segment_cum_len":10792.59642961664}
{"route_id":"217","segment_first_lat":34.0377637735,"segment_first_lon":-118.3686962644,"segment_second_lat":34.037686834,"segment_second_lon":-118.3686959254,"segment_sequence":390010,"segment_id":20,"segment_len_meter":8.555339083407018,"segment_cum_len":10801.151768700047}
{"route_id":"217","segment_first_lat":34.037686834,"segment_first_lon":-118.3686959254,"segment_second_lat":34.0375439564,"segment_second_lon":-118.3686919952,"segment_sequence":390011,"segment_id":20,"segment_len_meter":15.891391182412628,"segment_cum_len":10817.04315988246}
{"route_id":"217","segment_first_lat":34.0375439564,"segment_first_lon":-118.3686919952,"segment_second_lat":34.0373515774,"segment_second_lon":-118.3687010497,"segment_sequence":390012,"segment_id":20,"segment_len_meter":21.407832757838758,"segment_cum_len":10838.450992640299}
{"route_id":"217","segment_first_lat":34.0373515774,"segment_first_lon":-118.3687010497,"segment_second_lat":34.0371564102,"segment_second_lon":-118.3687232948,"segment_sequence":390013,"segment_id":20,"segment_len_meter":21.798189496242333,"segment_cum_len":10860.249182136542}
{"route_id":"217","segment_first_lat":34.0371564102,"segment_first_lon":-118.3687232948,"segment_second_lat":34.0370601854,"segment_second_lon":-118.3687393744,"segment_sequence":390014,"segment_id":20,"segment_len_meter":10.80180823274288,"segment_cum_len":10871.050990369286}
{"route_id":"217","segment_first_lat":34.0370601854,"segment_first_lon":-118.3687393744,"segment_second_lat":34.0370217055,"segment_second_lon":-118.3687425055,"segment_sequence":390015,"segment_id":20,"segment_len_meter":4.288485747310674,"segment_cum_len":10875.339476116596}
{"route_id":"217","segment_first_lat":34.0370217055,"segment_first_lon":-118.3687425055,"segment_second_lat":34.0369007199,"segment_second_lon":-118.368768378,"segment_sequence":390016,"segment_id":20,"segment_len_meter":13.662588243675419,"segment_cum_len":10889.002064360271}
{"route_id":"217","segment_first_lat":34.0369007199,"segment_first_lon":-118.368768378,"segment_second_lat":34.036820962,"segment_second_lon":-118.3687911315,"segment_sequence":390017,"segment_id":20,"segment_len_meter":9.113131873584008,"segment_cum_len":10898.115196233855}
{"route_id":"217","segment_first_lat":34.036820962,"segment_first_lon":-118.3687911315,"segment_second_lat":34.036532096,"segment_second_lon":-118.3689020818,"segment_sequence":390018,"segment_id":20,"segment_len_meter":33.70819506455649,"segment_cum_len":10931.823391298412}
{"route_id":"217","segment_first_lat":34.036532096,"segment_first_lon":-118.3689020818,"segment_second_lat":34.0359762555,"segment_second_lon":-118.3691537829,"segment_sequence":390019,"segment_id":20,"segment_len_meter":66.01500681200882,"segment_cum_len":10997.838398110422}
{"route_id":"217","segment_first_lat":34.0359762555,"segment_first_lon":-118.3691537829,"segment_second_lat":34.035921218,"segment_second_lon":-118.3691799454,"segment_sequence":390020,"segment_id":20,"segment_len_meter":6.577601471295456,"segment_cum_len":11004.415999581717}
{"route_id":"217","segment_first_lat":34.035921218,"segment_first_lon":-118.3691799454,"segment_second_lat":34.0358469254,"segment_second_lon":-118.3692126243,"segment_sequence":390021,"segment_id":20,"segment_len_meter":8.792663534651101,"segment_cum_len":11013.208663116367}
{"route_id":"217","segment_first_lat":34.0358469254,"segment_first_lon":-118.3692126243,"segment_second_lat":34.0357186924,"segment_second_lon":-118.3692721305,"segment_sequence":390022,"segment_id":20,"segment_len_meter":15.276816784566602,"segment_cum_len":11028.485479900934}
{"route_id":"217","segment_first_lat":34.0357186924,"segment_first_lon":-118.3692721305,"segment_second_lat":34.0354946971,"segment_second_lon":-118.3693761026,"segment_sequence":400001,"segment_id":20,"segment_len_meter":26.686214469136647,"segment_cum_len":11055.17169437007}
{"route_id":"217","segment_first_lat":34.0354946971,"segment_first_lon":-118.3693761026,"segment_second_lat":34.0353406061,"segment_second_lon":-118.369444736,"segment_sequence":400002,"segment_id":20,"segment_len_meter":18.26405287288595,"segment_cum_len":11073.435747242956}
{"route_id":"217","segment_first_lat":34.0353406061,"segment_first_lon":-118.369444736,"segment_second_lat":34.0351810091,"segment_second_lon":-118.3695166454,"segment_sequence":400003,"segment_id":20,"segment_len_meter":18.943083046139833,"segment_cum_len":11092.378830289097}
{"route_id":"217","segment_first_lat":34.0351810091,"segment_first_lon":-118.3695166454,"segment_second_lat":34.0349195906,"segment_second_lon":-118.3696376142,"segment_sequence":400004,"segment_id":20,"segment_len_meter":31.13238504006229,"segment_cum_len":11123.51121532916}
{"route_id":"217","segment_first_lat":34.0349195906,"segment_first_lon":-118.3696376142,"segment_second_lat":34.0344132805,"segment_second_lon":-118.3698664202,"segment_sequence":400005,"segment_id":20,"segment_len_meter":60.11753180427419,"segment_cum_len":11183.628747133433}
{"route_id":"217","segment_first_lat":34.0344132805,"segment_first_lon":-118.3698664202,"segment_second_lat":34.0325880859,"segment_second_lon":-118.370690748,"segment_sequence":400006,"segment_id":20,"segment_len_meter":216.70178620429206,"segment_cum_len":11400.330533337725}
{"route_id":"217","segment_first_lat":34.0325880859,"segment_first_lon":-118.370690748,"segment_second_lat":34.0324595814,"segment_second_lon":-118.3707489282,"segment_sequence":410001,"segment_id":21,"segment_len_meter":15.261722230308525,"segment_cum_len":11415.592255568034}
{"route_id":"217","segment_first_lat":34.0324595814,"segment_first_lon":-118.3707489282,"segment_second_lat":34.0317303799,"segment_second_lon":-118.3710790481,"segment_sequence":410002,"segment_id":21,"segment_len_meter":86.60221404984111,"segment_cum_len":11502.194469617874}
{"route_id":"217","segment_first_lat":34.0317303799,"segment_first_lon":-118.3710790481,"segment_second_lat":34.0313946566,"segment_second_lon":-118.3712359829,"segment_sequence":410003,"segment_id":21,"segment_len_meter":40.034007010073516,"segment_cum_len":11542.228476627948}
{"route_id":"217","segment_first_lat":34.0313946566,"segment_first_lon":-118.3712359829,"segment_second_lat":34.0308635623,"segment_second_lon":-118.3714811619,"segment_sequence":410004,"segment_id":21,"segment_len_meter":63.22940435031804,"segment_cum_len":11605.457880978267}
{"route_id":"217","segment_first_lat":34.0308635623,"segment_first_lon":-118.3714811619,"segment_second_lat":34.0307479906,"segment_second_lon":-118.3715334563,"segment_sequence":410005,"segment_id":21,"segment_len_meter":13.724817103292798,"segment_cum_len":11619.18269808156}
{"route_id":"217","segment_first_lat":34.0307479906,"segment_first_lon":-118.3715334563,"segment_second_lat":34.030698438,"segment_second_lon":-118.3715629404,"segment_sequence":410006,"segment_id":21,"segment_len_meter":6.1434658406789495,"segment_cum_len":11625.32616392224}
{"route_id":"217","segment_first_lat":34.030698438,"segment_first_lon":-118.3715629404,"segment_second_lat":34.0305469615,"segment_second_lon":-118.3716744833,"segment_sequence":410007,"segment_id":21,"segment_len_meter":19.732092281785476,"segment_cum_len":11645.058256204025}
{"route_id":"217","segment_first_lat":34.0305469615,"segment_first_lon":-118.3716744833,"segment_second_lat":34.0304890435,"segment_second_lon":-118.3717435355,"segment_sequence":410008,"segment_id":21,"segment_len_meter":9.053577609742966,"segment_cum_len":11654.111833813768}
{"route_id":"217","segment_first_lat":34.0304890435,"segment_first_lon":-118.3717435355,"segment_second_lat":34.030464191,"segment_second_lon":-118.3717830305,"segment_sequence":410009,"segment_id":21,"segment_len_meter":4.5697878915997885,"segment_cum_len":11658.681621705367}
{"route_id":"217","segment_first_lat":34.030464191,"segment_first_lon":-118.3717830305,"segment_second_lat":34.0304475515,"segment_second_lon":-118.3718324634,"segment_sequence":410010,"segment_id":21,"segment_len_meter":4.916740763029328,"segment_cum_len":11663.598362468396}
{"route_id":"217","segment_first_lat":34.0304475515,"segment_first_lon":-118.3718324634,"segment_second_lat":34.0304391148,"segment_second_lon":-118.3718951344,"segment_sequence":410011,"segment_id":21,"segment_len_meter":5.850937416668673,"segment_cum_len":11669.449299885064}
{"route_id":"217","segment_first_lat":34.0304391148,"segment_first_lon":-118.3718951344,"segment_second_lat":34.0304389115,"segment_second_lon":-118.3719611425,"segment_sequence":410012,"segment_id":21,"segment_len_meter":6.082802321372626,"segment_cum_len":11675.532102206436}
{"route_id":"217","segment_first_lat":34.0304389115,"segment_first_lon":-118.3719611425,"segment_second_lat":34.0304303832,"segment_second_lon":-118.3720535172,"segment_sequence":410013,"segment_id":21,"segment_len_meter":8.56514677981142,"segment_cum_len":11684.097248986247}
{"route_id":"217","segment_first_lat":34.0304303832,"segment_first_lon":-118.3720535172,"segment_second_lat":34.030186029,"segment_second_lon":-118.371986422,"segment_sequence":410014,"segment_id":21,"segment_len_meter":27.86555625518477,"segment_cum_len":11711.962805241432}
{"route_id":"217","segment_first_lat":34.030186029,"segment_first_lon":-118.371986422,"segment_second_lat":34.0300514662,"segment_second_lon":-118.3719594205,"segment_sequence":410015,"segment_id":21,"segment_len_meter":15.168182842352937,"segment_cum_len":11727.130988083785}
{"route_id":"217","segment_first_lat":34.0300514662,"segment_first_lon":-118.3719594205,"segment_second_lat":34.0296806402,"segment_second_lon":-118.3719148668,"segment_sequence":410016,"segment_id":21,"segment_len_meter":41.43787245968122,"segment_cum_len":11768.568860543466}
{"route_id":"217","segment_first_lat":34.0296806402,"segment_first_lon":-118.3719148668,"segment_second_lat":34.0295185177,"segment_second_lon":-118.3719141464,"segment_sequence":410017,"segment_id":21,"segment_len_meter":18.027321732169643,"segment_cum_len":11786.596182275636}
{"route_id":"217","segment_first_lat":34.0295185177,"segment_first_lon":-118.3719141464,"segment_second_lat":34.0292766571,"segment_second_lon":-118.3719295735,"segment_sequence":410018,"segment_id":21,"segment_len_meter":26.93122107675117,"segment_cum_len":11813.527403352387}
{"route_id":"217","segment_first_lat":34.0292766571,"segment_first_lon":-118.3719295735,"segment_second_lat":34.0287819547,"segment_second_lon":-118.3719570785,"segment_sequence":410019,"segment_id":21,"segment_len_meter":55.06676246296457,"segment_cum_len":11868.594165815352}
{"route_id":"217","segment_first_lat":34.0287819547,"segment_first_lon":-118.3719570785,"segment_second_lat":34.0282350128,"segment_second_lon":-118.3719942519,"segment_sequence":410020,"segment_id":21,"segment_len_meter":60.91356755859637,"segment_cum_len":11929.507733373948}
{"route_id":"217","segment_first_lat":34.0282350128,"segment_first_lon":-118.3719942519,"segment_second_lat":34.0272126645,"segment_second_lon":-118.3720392126,"segment_sequence":410021,"segment_id":21,"segment_len_meter":113.75542613052129,"segment_cum_len":12043.26315950447}
{"route_id":"217","segment_first_lat":34.0272126645,"segment_first_lon":-118.3720392126,"segment_second_lat":34.0267234679,"segment_second_lon":-118.3720634403,"segment_sequence":410022,"segment_id":21,"segment_len_meter":54.44198217898858,"segment_cum_len":12097.705141683458}
{"route_id":"217","segment_first_lat":34.0267234679,"segment_first_lon":-118.3720634403,"segment_second_lat":34.0265338366,"segment_second_lon":-118.3720724982,"segment_sequence":410023,"segment_id":21,"segment_len_meter":21.102554533467913,"segment_cum_len":12118.807696216927}
{"route_id":"217","segment_first_lat":34.0265338366,"segment_first_lon":-118.3720724982,"segment_second_lat":34.0265436038,"segment_second_lon":-118.3715778273,"segment_sequence":410024,"segment_id":21,"segment_len_meter":45.599807739491965,"segment_cum_len":12164.40750395642}
{"route_id":"217","segment_first_lat":34.0265436038,"segment_first_lon":-118.3715778273,"segment_second_lat":34.0265468909,"segment_second_lon":-118.3714025962,"segment_sequence":420001,"segment_id":21,"segment_len_meter":16.152725201572146,"segment_cum_len":12180.560229157993}
{"route_id":"217","segment_first_lat":34.0265468909,"segment_first_lon":-118.3714025962,"segment_second_lat":34.0265553476,"segment_second_lon":-118.3713333275,"segment_sequence":420002,"segment_id":21,"segment_len_meter":6.452410832353144,"segment_cum_len":12187.012639990346}
{"route_id":"217","segment_first_lat":34.0265553476,"segment_first_lon":-118.3713333275,"segment_second_lat":34.0265445288,"segment_second_lon":-118.3712771744,"segment_sequence":420003,"segment_id":21,"segment_len_meter":5.3128326450556385,"segment_cum_len":12192.3254726354}
{"route_id":"217","segment_first_lat":34.0265445288,"segment_first_lon":-118.3712771744,"segment_second_lat":34.0265341564,"segment_second_lon":-118.3710758104,"segment_sequence":420004,"segment_id":21,"segment_len_meter":18.59270041170291,"segment_cum_len":12210.918173047103}
{"route_id":"217","segment_first_lat":34.0265341564,"segment_first_lon":-118.3710758104,"segment_second_lat":34.0263364135,"segment_second_lon":-118.3710419308,"segment_sequence":420005,"segment_id":21,"segment_len_meter":22.20857186457476,"segment_cum_len":12233.126744911677}
{"route_id":"217","segment_first_lat":34.0263364135,"segment_first_lon":-118.3710419308,"segment_second_lat":34.0262212477,"segment_second_lon":-118.3709622134,"segment_sequence":420006,"segment_id":21,"segment_len_meter":14.763477934036777,"segment_cum_len":12247.890222845714}
{"route_id":"217","segment_first_lat":34.0262212477,"segment_first_lon":-118.3709622134,"segment_second_lat":34.0262202875,"segment_second_lon":-118.3709169953,"segment_sequence":420007,"segment_id":21,"segment_len_meter":4.1685006783555405,"segment_cum_len":12252.05872352407}
