{"route_id":"901","segment_first_lat":34.1685176085,"segment_first_lon":-118.3779876305,"segment_second_lat":34.1685168289,"segment_second_lon":-118.3774454587,"segment_sequence":10001,"segment_id":1,"segment_len_meter":49.88069024798238,"segment_cum_len":49.88069024798238}
{"route_id":"901","segment_first_lat":34.1685168289,"segment_first_lon":-118.3774454587,"segment_second_lat":34.1685308157,"segment_second_lon":-118.3773661801,"segment_sequence":10002,"segment_id":1,"segment_len_meter":7.4577215995601875,"segment_cum_len":57.33841184754257}
{"route_id":"901","segment_first_lat":34.1685308157,"segment_first_lon":-118.3773661801,"segment_second_lat":34.1685501848,"segment_second_lon":-118.3773232908,"segment_sequence":10003,"segment_id":1,"segment_len_meter":4.4953951703395445,"segment_cum_len":61.83380701788211}
{"route_id":"901","segment_first_lat":34.1685501848,"segment_first_lon":-118.3773232908,"segment_second_lat":34.1685942845,"segment_second_lon":-118.3772805132,"segment_sequence":10004,"segment_id":1,"segment_len_meter":6.287675335849443,"segment_cum_len":68.12148235373155}
{"route_id":"901","segment_first_lat":34.1685942845,"segment_first_lon":-118.3772805132,"segment_second_lat":34.1686300478,"segment_second_lon":-118.3772674511,"segment_sequence":10005,"segment_id":1,"segment_len_meter":4.1543087746974425,"segment_cum_len":72.27579112842899}
{"route_id":"901","segment_first_lat":34.1686300478,"segment_first_lon":-118.3772674511,"segment_second_lat":34.1686685177,"segment_second_lon":-118.3772676248,"segment_sequence":10006,"segment_id":1,"segment_len_meter":4.277687558725104,"segment_cum_len":76.5534786871541}
{"route_id":"901","segment_first_lat":34.1686685177,"segment_first_lon":-118.3772676248,"segment_second_lat":34.1687041882,"segment_second_lon":-118.3772843154,"segment_sequence":10007,"segment_id":1,"segment_len_meter":4.253245215751564,"segment_cum_len":80.80672390290566}
{"route_id":"901","segment_first_lat":34.1687041882,"segment_first_lon":-118.3772843154,"segment_second_lat":34.1687397968,"segment_second_lon":-118.3773208413,"segment_sequence":10008,"segment_id":1,"segment_len_meter":5.193273546595258,"segment_cum_len":85.99999744950092}
{"route_id":"901","segment_first_lat":34.1687397968,"segment_first_lon":-118.3773208413,"segment_second_lat":34.1687561911,"segment_second_lon":-118.3773506685,"segment_sequence":10009,"segment_id":1,"segment_len_meter":3.294464328571248,"segment_cum_len":89.29446177807218}
{"route_id":"901","segment_first_lat":34.1687561911,"segment_first_lon":-118.3773506685,"segment_second_lat":34.1687642799,"segment_second_lon":-118.3774002938,"segment_sequence":10010,"segment_id":1,"segment_len_meter":4.6533406610224635,"segment_cum_len":93.94780243909464}
{"route_id":"901","segment_first_lat":34.1687642799,"segment_first_lon":-118.3774002938,"segment_second_lat":34.1687668317,"segment_second_lon":-118.3774631177,"segment_sequence":10011,"segment_id":1,"segment_len_meter":5.7868362813803,"segment_cum_len":99.73463872047495}
{"route_id":"901","segment_first_lat":34.1687668317,"segment_first_lon":-118.3774631177,"segment_second_lat":34.1687527003,"segment_second_lon":-118.3775886785,"segment_sequence":10012,"segment_id":1,"segment_len_meter":11.658129669846039,"segment_cum_len":111.39276839032098}
{"route_id":"901","segment_first_lat":34.1687527003,"segment_first_lon":-118.3775886785,"segment_second_lat":34.1687414817,"segment_second_lon":-118.3776613579,"segment_sequence":10013,"segment_id":1,"segment_len_meter":6.801962126767339,"segment_cum_len":118.19473051708832}
{"route_id":"901","segment_first_lat":34.1687414817,"segment_first_lon":-118.3776613579,"segment_second_lat":34.1687192201,"segment_second_lon":-118.3777505169,"segment_sequence":10014,"segment_id":1,"segment_len_meter":8.568106028020166,"segment_cum_len":126.76283654510848}
{"route_id":"901","segment_first_lat":34.1687192201,"segment_first_lon":-118.3777505169,"segment_second_lat":34.1686997993,"segment_second_lon":-118.3778099355,"segment_sequence":10015,"segment_id":1,"segment_len_meter":5.877669136014052,"segment_cum_len":132.64050568112253}
{"route_id":"901","segment_first_lat":34.1686997993,"segment_first_lon":-118.3778099355,"segment_second_lat":34.16863914,"segment_second_lon":-118.3778757794,"segment_sequence":10016,"segment_id":1,"segment_len_meter":9.065933915685429,"segment_cum_len":141.70643959680797}
{"route_id":"901","segment_first_lat":34.16863914,"segment_first_lon":-118.3778757794,"segment_second_lat":34.1685758051,"segment_second_lon":-118.3779184698,"segment_sequence":10017,"segment_id":1,"segment_len_meter":8.063680149086773,"segment_cum_len":149.77011974589473}
{"route_id":"901","segment_first_lat":34.1685758051,"segment_first_lon":-118.3779184698,"segment_second_lat":34.168559163,"segment_second_lon":-118.3779679831,"segment_sequence":10018,"segment_id":1,"segment_len_meter":4.916820537725033,"segment_cum_len":154.68694028361978}
{"route_id":"901","segment_first_lat":34.168559163,"segment_first_lon":-118.3779679831,"segment_second_lat":34.1685175939,"segment_second_lon":-118.3780801958,"segment_sequence":10019,"segment_id":1,"segment_len_meter":11.311272142393651,"segment_cum_len":165.99821242601342}
{"route_id":"901","segment_first_lat":34.1685175939,"segment_first_lon":-118.3780801958,"segment_second_lat":34.1685191319,"segment_second_lon":-118.3784669936,"segment_sequence":10020,"segment_id":1,"segment_len_meter":35.586385438893714,"segment_cum_len":201.58459786490715}
{"route_id":"901","segment_first_lat":34.1685191319,"segment_first_lon":-118.3784669936,"segment_second_lat":34.1685266626,"segment_second_lon":-118.3795712,"segment_sequence":10021,"segment_id":1,"segment_len_meter":101.59208136067637,"segment_cum_len":303.17667922558354}
{"route_id":"901","segment_first_lat":34.1685266626,"segment_first_lon":-118.3795712,"segment_second_lat":34.168525846,"segment_second_lon":-118.3807051217,"segment_sequence":10022,"segment_id":1,"segment_len_meter":104.32251739674295,"segment_cum_len":407.4991966223265}
{"route_id":"901","segment_first_lat":34.168525846,"segment_first_lon":-118.3807051217,"segment_second_lat":34.1685208818,"segment_second_lon":-118.38227871,"segment_sequence":10023,"segment_id":1,"segment_len_meter":144.77351433994932,"segment_cum_len":552.2727109622758}
{"route_id":"901","segment_first_lat":34.1685208818,"segment_first_lon":-118.38227871,"segment_second_lat":34.1685234628,"segment_second_lon":-118.384930058,"segment_sequence":10024,"segment_id":1,"segment_len_meter":243.9281282769187,"segment_cum_len":796.2008392391945}
{"route_id":"901","segment_first_lat":34.1685234628,"segment_first_lon":-118.384930058,"segment_second_lat":34.1685256921,"segment_second_lon":-118.385954899,"segment_sequence":10025,"segment_id":1,"segment_len_meter":94.2872194540974,"segment_cum_len":890.4880586932918}
{"route_id":"901","segment_first_lat":34.1685256921,"segment_first_lon":-118.385954899,"segment_second_lat":34.1685252494,"segment_second_lon":-118.3869532806,"segment_sequence":10026,"segment_id":1,"segment_len_meter":91.85260173222652,"segment_cum_len":982.3406604255183}
{"route_id":"901","segment_first_lat":34.1685252494,"segment_first_lon":-118.3869532806,"segment_second_lat":34.1685231323,"segment_second_lon":-118.3884706816,"segment_sequence":10027,"segment_id":1,"segment_len_meter":139.6033440339848,"segment_cum_len":1121.944004459503}
{"route_id":"901","segment_first_lat":34.1685231323,"segment_first_lon":-118.3884706816,"segment_second_lat":34.1685240691,"segment_second_lon":-118.3915881556,"segment_sequence":10028,"segment_id":1,"segment_len_meter":286.81225879124133,"segment_cum_len":1408.7562632507443}
{"route_id":"901","segment_first_lat":34.1685240691,"segment_first_lon":-118.3915881556,"segment_second_lat":34.1685150326,"segment_second_lon":-118.3935253744,"segment_sequence":10029,"segment_id":1,"segment_len_meter":178.2298488900551,"segment_cum_len":1586.9861121407994}
{"route_id":"901","segment_first_lat":34.1685150326,"segment_first_lon":-118.3935253744,"segment_second_lat":34.1685116986,"segment_second_lon":-118.3953898899,"segment_sequence":10030,"segment_id":1,"segment_len_meter":171.53861765989515,"segment_cum_len":1758.5247298006946}
{"route_id":"901","segment_first_lat":34.1685116986,"segment_first_lon":-118.3953898899,"segment_second_lat":34.1685084586,"segment_second_lon":-118.3973006885,"segment_sequence":10031,"segment_id":1,"segment_len_meter":175.79670755300742,"segment_cum_len":1934.321437353702}
{"route_id":"901","segment_first_lat":34.1685084586,"segment_first_lon":-118.3973006885,"segment_second_lat":34.1685062312,"segment_second_lon":-118.3987288296,"segment_sequence":20001,"segment_id":1,"segment_len_meter":131.39136184658275,"segment_cum_len":2065.7127992002847}
{"route_id":"901","segment_first_lat":34.1685062312,"segment_first_lon":-118.3987288296,"segment_second_lat":34.1685086849,"segment_second_lon":-118.400480972,"segment_sequence":20002,"segment_id":1,"segment_len_meter":161.1999658240941,"segment_cum_len":2226.912765024379}
{"route_id":"901","segment_first_lat":34.1685086849,"segment_first_lon":-118.400480972,"segment_second_lat":34.1685009809,"segment_second_lon":-118.4052678885,"segment_sequence":20003,"segment_id":1,"segment_len_meter":440.4043613413724,"segment_cum_len":2667.3171263657514}
{"route_id":"901","segment_first_lat":34.1685009809,"segment_first_lon":-118.4052678885,"segment_second_lat":34.1684949246,"segment_second_lon":-118.4095126442,"segment_sequence":20004,"segment_id":1,"segment_len_meter":390.5245304548774,"segment_cum_len":3057.841656820629}
{"route_id":"901","segment_first_lat":34.1684949246,"segment_first_lon":-118.4095126442,"segment_second_lat":34.1684885383,"segment_second_lon":-118.413810293,"segment_sequence":20005,"segment_id":1,"segment_len_meter":395.39086191574,"segment_cum_len":3453.232518736369}
{"route_id":"901","segment_first_lat":34.1684885383,"segment_first_lon":-118.413810293,"segment_second_lat":34.1684939757,"segment_second_lon":-118.415430215,"segment_sequence":20006,"segment_id":1,"segment_len_meter":149.03651435534312,"segment_cum_len":3602.269033091712}
{"route_id":"901","segment_first_lat":34.1684939757,"segment_first_lon":-118.415430215,"segment_second_lat":34.168508997,"segment_second_lon":-118.415856752,"segment_sequence":20007,"segment_id":1,"segment_len_meter":39.27757896646379,"segment_cum_len":3641.546612058176}
{"route_id":"901","segment_first_lat":34.168508997,"segment_first_lon":-118.415856752,"segment_second_lat":34.1685491229,"segment_second_lon":-118.4161743191,"segment_sequence":20008,"segment_id":1,"segment_len_meter":29.555369474176857,"segment_cum_len":3671.101981532353}
{"route_id":"901","segment_first_lat":34.1685491229,"segment_first_lon":-118.4161743191,"segment_second_lat":34.1685975143,"segment_second_lon":-118.416485316,"segment_sequence":20009,"segment_id":1,"segment_len_meter":29.113734748515842,"segment_cum_len":3700.215716280869}
{"route_id":"901","segment_first_lat":34.1685975143,"segment_first_lon":-118.416485316,"segment_second_lat":34.1686943745,"segment_second_lon":-118.4170841697,"segment_sequence":20010,"segment_id":1,"segment_len_meter":56.1382074986258,"segment_cum_len":3756.353923779495}
{"route_id":"901","segment_first_lat":34.1686943745,"segment_first_lon":-118.4170841697,"segment_second_lat":34.1688439203,"segment_second_lon":-118.4175444395,"segment_sequence":20011,"segment_id":1,"segment_len_meter":45.493364385686284,"segment_cum_len":3801.847288165181}
{"route_id":"901","segment_first_lat":34.1688439203,"segment_first_lon":-118.4175444395,"segment_second_lat":34.1690699012,"segment_second_lon":-118.4181505543,"segment_sequence":20012,"segment_id":1,"segment_len_meter":61.16326210306023,"segment_cum_len":3863.0105502682413}
{"route_id":"901","segment_first_lat":34.1690699012,"segment_first_lon":-118.4181505543,"segment_second_lat":34.16920062,"segment_second_lon":-118.4184917201,"segment_sequence":20013,"segment_id":1,"segment_len_meter":34.589756118950234,"segment_cum_len":3897.6003063871917}
{"route_id":"901","segment_first_lat":34.16920062,"segment_first_lon":-118.4184917201,"segment_second_lat":34.1693152857,"segment_second_lon":-118.4187071806,"segment_sequence":20014,"segment_id":1,"segment_len_meter":23.569063891540512,"segment_cum_len":3921.1693702787325}
{"route_id":"901","segment_first_lat":34.1693152857,"segment_first_lon":-118.4187071806,"segment_second_lat":34.16943563,"segment_second_lon":-118.4188697751,"segment_sequence":20015,"segment_id":1,"segment_len_meter":20.070736887368305,"segment_cum_len":3941.2401071661006}
{"route_id":"901","segment_first_lat":34.16943563,"segment_first_lon":-118.4188697751,"segment_second_lat":34.1696979682,"segment_second_lon":-118.4192909468,"segment_sequence":20016,"segment_id":1,"segment_len_meter":48.50084018580195,"segment_cum_len":3989.7409473519024}
{"route_id":"901","segment_first_lat":34.1696979682,"segment_first_lon":-118.4192909468,"segment_second_lat":34.1702424035,"segment_second_lon":-118.4199813226,"segment_sequence":20017,"segment_id":1,"segment_len_meter":87.74392396062566,"segment_cum_len":4077.484871312528}
{"route_id":"901","segment_first_lat":34.1702424035,"segment_first_lon":-118.4199813226,"segment_second_lat":34.1708966453,"segment_second_lon":-118.4207020143,"segment_sequence":20018,"segment_id":1,"segment_len_meter":98.42980370953698,"segment_cum_len":4175.914675022065}
{"route_id":"901","segment_first_lat":34.1708966453,"segment_first_lon":-118.4207020143,"segment_second_lat":34.1714632857,"segment_second_lon":-118.4213264006,"segment_sequence":20019,"segment_id":1,"segment_len_meter":85.26200168124326,"segment_cum_len":4261.176676703309}
{"route_id":"901","segment_first_lat":34.1714632857,"segment_first_lon":-118.4213264006,"segment_second_lat":34.1715644261,"segment_second_lon":-118.4214789881,"segment_sequence":20020,"segment_id":1,"segment_len_meter":17.98717595694144,"segment_cum_len":4279.16385266025}
{"route_id":"901","segment_first_lat":34.1715644261,"segment_first_lon":-118.4214789881,"segment_second_lat":34.1716873876,"segment_second_lon":-118.4216779705,"segment_sequence":20021,"segment_id":1,"segment_len_meter":22.848465043068057,"segment_cum_len":4302.012317703318}
{"route_id":"901","segment_first_lat":34.1716873876,"segment_first_lon":-118.4216779705,"segment_second_lat":34.1717635317,"segment_second_lon":-118.4219064715,"segment_sequence":20022,"segment_id":1,"segment_len_meter":22.662666130125096,"segment_cum_len":4324.674983833444}
{"route_id":"901","segment_first_lat":34.1717635317,"segment_first_lon":-118.4219064715,"segment_second_lat":34.1718860541,"segment_second_lon":-118.4222310825,"segment_sequence":20023,"segment_id":1,"segment_len_meter":32.8243813941396,"segment_cum_len":4357.499365227583}
{"route_id":"901","segment_first_lat":34.1718860541,"segment_first_lon":-118.4222310825,"segment_second_lat":34.1719979999,"segment_second_lon":-118.4224366233,"segment_sequence":20024,"segment_id":1,"segment_len_meter":22.63866639240579,"segment_cum_len":4380.138031619989}
{"route_id":"901","segment_first_lat":34.1719979999,"segment_first_lon":-118.4224366233,"segment_second_lat":34.1722035571,"segment_second_lon":-118.4225897412,"segment_sequence":20025,"segment_id":1,"segment_len_meter":26.848976367019727,"segment_cum_len":4406.987007987009}
{"route_id":"901","segment_first_lat":34.1722035571,"segment_first_lon":-118.4225897412,"segment_second_lat":34.1727217905,"segment_second_lon":-118.4229097459,"segment_sequence":20026,"segment_id":1,"segment_len_meter":64.70949021334997,"segment_cum_len":4471.696498200359}
{"route_id":"901","segment_first_lat":34.1727217905,"segment_first_lon":-118.4229097459,"segment_second_lat":34.1728542583,"segment_second_lon":-118.4229828197,"segment_sequence":20027,"segment_id":1,"segment_len_meter":16.191301628735403,"segment_cum_len":4487.887799829095}
{"route_id":"901","segment_first_lat":34.1728542583,"segment_first_lon":-118.4229828197,"segment_second_lat":34.1730975285,"segment_second_lon":-118.4231166256,"segment_sequence":30001,"segment_id":2,"segment_len_meter":29.719577967966273,"segment_cum_len":4517.6073777970605}
{"route_id":"901","segment_first_lat":34.1730975285,"segment_first_lon":-118.4231166256,"segment_second_lat":34.1732207535,"segment_second_lon":-118.4232395753,"segment_sequence":30002,"segment_id":2,"segment_len_meter":17.767438940938252,"segment_cum_len":4535.374816737999}
{"route_id":"901","segment_first_lat":34.1732207535,"segment_first_lon":-118.4232395753,"segment_second_lat":34.1733467726,"segment_second_lon":-118.423349315,"segment_sequence":30003,"segment_id":2,"segment_len_meter":17.270709253551257,"segment_cum_len":4552.64552599155}
{"route_id":"901","segment_first_lat":34.1733467726,"segment_first_lon":-118.423349315,"segment_second_lat":34.1736834956,"segment_second_lon":-118.4237113878,"segment_sequence":30004,"segment_id":2,"segment_len_meter":50.113892728878355,"segment_cum_len":4602.759418720429}
{"route_id":"901","segment_first_lat":34.1736834956,"segment_first_lon":-118.4237113878,"segment_second_lat":34.1751917674,"segment_second_lon":-118.4253688187,"segment_sequence":30005,"segment_id":2,"segment_len_meter":226.66302430587052,"segment_cum_len":4829.422443026299}
{"route_id":"901","segment_first_lat":34.1751917674,"segment_first_lon":-118.4253688187,"segment_second_lat":34.1765221419,"segment_second_lon":-118.4268171078,"segment_sequence":30006,"segment_id":2,"segment_len_meter":199.08447378776106,"segment_cum_len":5028.506916814061}
{"route_id":"901","segment_first_lat":34.1765221419,"segment_first_lon":-118.4268171078,"segment_second_lat":34.1777758285,"segment_second_lon":-118.4281890056,"segment_sequence":30007,"segment_id":2,"segment_len_meter":188.04452652676258,"segment_cum_len":5216.551443340823}
{"route_id":"901","segment_first_lat":34.1777758285,"segment_first_lon":-118.4281890056,"segment_second_lat":34.1786955889,"segment_second_lon":-118.4291856141,"segment_sequence":30008,"segment_id":2,"segment_len_meter":137.3489205399937,"segment_cum_len":5353.900363880817}
{"route_id":"901","segment_first_lat":34.1786955889,"segment_first_lon":-118.4291856141,"segment_second_lat":34.1790678756,"segment_second_lon":-118.4295875925,"segment_sequence":30009,"segment_id":2,"segment_len_meter":55.50710800290083,"segment_cum_len":5409.407471883718}
{"route_id":"901","segment_first_lat":34.1790678756,"segment_first_lon":-118.4295875925,"segment_second_lat":34.1791234243,"segment_second_lon":-118.4296533435,"segment_sequence":30010,"segment_id":2,"segment_len_meter":8.644973513521478,"segment_cum_len":5418.052445397239}
{"route_id":"901","segment_first_lat":34.1791234243,"segment_first_lon":-118.4296533435,"segment_second_lat":34.1792840508,"segment_second_lon":-118.4298432921,"segment_sequence":40001,"segment_id":2,"segment_len_meter":24.986550551430444,"segment_cum_len":5443.03899594867}
{"route_id":"901","segment_first_lat":34.1792840508,"segment_first_lon":-118.4298432921,"segment_second_lat":34.179467028,"segment_second_lon":-118.4301616427,"segment_sequence":40002,"segment_id":2,"segment_len_meter":35.659140091187616,"segment_cum_len":5478.698136039858}
{"route_id":"901","segment_first_lat":34.179467028,"segment_first_lon":-118.4301616427,"segment_second_lat":34.1797288913,"segment_second_lon":-118.4307052334,"segment_sequence":40003,"segment_id":2,"segment_len_meter":57.86457779267531,"segment_cum_len":5536.562713832533}
{"route_id":"901","segment_first_lat":34.1797288913,"segment_first_lon":-118.4307052334,"segment_second_lat":34.1799856692,"segment_second_lon":-118.4311330784,"segment_sequence":40004,"segment_id":2,"segment_len_meter":48.62324582930548,"segment_cum_len":5585.185959661838}
{"route_id":"901","segment_first_lat":34.1799856692,"segment_first_lon":-118.4311330784,"segment_second_lat":34.1801684542,"segment_second_lon":-118.4315043355,"segment_sequence":40005,"segment_id":2,"segment_len_meter":39.74195499636473,"segment_cum_len":5624.927914658203}
{"route_id":"901","segment_first_lat":34.1801684542,"segment_first_lon":-118.4315043355,"segment_second_lat":34.180252776,"segment_second_lon":-118.4317461365,"segment_sequence":40006,"segment_id":2,"segment_len_meter":24.13839371338176,"segment_cum_len":5649.0663083715845}
{"route_id":"901","segment_first_lat":34.180252776,"segment_first_lon":-118.4317461365,"segment_second_lat":34.1803068947,"segment_second_lon":-118.431981169,"segment_sequence":40007,"segment_id":2,"segment_len_meter":22.442182506185617,"segment_cum_len":5671.50849087777}
{"route_id":"901","segment_first_lat":34.1803068947,"segment_first_lon":-118.431981169,"segment_second_lat":34.1803854599,"segment_second_lon":-118.4322956815,"segment_sequence":40008,"segment_id":2,"segment_len_meter":30.221746862444075,"segment_cum_len":5701.730237740214}
{"route_id":"901","segment_first_lat":34.1803854599,"segment_first_lon":-118.4322956815,"segment_second_lat":34.1804558754,"segment_second_lon":-118.4325837014,"segment_sequence":40009,"segment_id":2,"segment_len_meter":27.627273827894363,"segment_cum_len":5729.357511568108}
{"route_id":"901","segment_first_lat":34.1804558754,"segment_first_lon":-118.4325837014,"segment_second_lat":34.180520759,"segment_second_lon":-118.4328816122,"segment_sequence":40010,"segment_id":2,"segment_len_meter":28.338149493448874,"segment_cum_len":5757.695661061557}
{"route_id":"901","segment_first_lat":34.180520759,"segment_first_lon":-118.4328816122,"segment_second_lat":34.1805608995,"segment_second_lon":-118.4331827015,"segment_sequence":40011,"segment_id":2,"segment_len_meter":28.054060980047613,"segment_cum_len":5785.749722041604}
{"route_id":"901","segment_first_lat":34.1805608995,"segment_first_lon":-118.4331827015,"segment_second_lat":34.1806163882,"segment_second_lon":-118.4338012843,"segment_sequence":40012,"segment_id":2,"segment_len_meter":57.235940439472,"segment_cum_len":5842.985662481076}
{"route_id":"901","segment_first_lat":34.1806163882,"segment_first_lon":-118.4338012843,"segment_second_lat":34.1806262881,"segment_second_lon":-118.4341055237,"segment_sequence":40013,"segment_id":2,"segment_len_meter":28.00810589603102,"segment_cum_len":5870.993768377108}
{"route_id":"901","segment_first_lat":34.1806262881,"segment_first_lon":-118.4341055237,"segment_second_lat":34.1806379254,"segment_second_lon":-118.4346908155,"segment_sequence":40014,"segment_id":2,"segment_len_meter":53.85553751422577,"segment_cum_len":5924.849305891334}
{"route_id":"901","segment_first_lat":34.1806379254,"segment_first_lon":-118.4346908155,"segment_second_lat":34.1806373312,"segment_second_lon":-118.434856132,"segment_sequence":40015,"segment_id":2,"segment_len_meter":15.207324003900862,"segment_cum_len":5940.056629895234}
{"route_id":"901","segment_first_lat":34.1806373312,"segment_first_lon":-118.434856132,"segment_second_lat":34.1806339871,"segment_second_lon":-118.4357852106,"segment_sequence":40016,"segment_id":2,"segment_len_meter":85.4651532153499,"segment_cum_len":6025.521783110585}
{"route_id":"901","segment_first_lat":34.1806339871,"segment_first_lon":-118.4357852106,"segment_second_lat":34.1806353286,"segment_second_lon":-118.4361753719,"segment_sequence":40017,"segment_id":2,"segment_len_meter":35.89057811392208,"segment_cum_len":6061.412361224507}
{"route_id":"901","segment_first_lat":34.1806353286,"segment_first_lon":-118.4361753719,"segment_second_lat":34.1806319863,"segment_second_lon":-118.4371011441,"segment_sequence":40018,"segment_id":2,"segment_len_meter":85.16100719382561,"segment_cum_len":6146.573368418332}
{"route_id":"901","segment_first_lat":34.1806319863,"segment_first_lon":-118.4371011441,"segment_second_lat":34.1806282823,"segment_second_lon":-118.4373656361,"segment_sequence":40019,"segment_id":2,"segment_len_meter":24.333652109689492,"segment_cum_len":6170.907020528022}
{"route_id":"901","segment_first_lat":34.1806282823,"segment_first_lon":-118.4373656361,"segment_second_lat":34.1806303787,"segment_second_lon":-118.4383046624,"segment_sequence":40020,"segment_id":2,"segment_len_meter":86.3797371372976,"segment_cum_len":6257.28675766532}
{"route_id":"901","segment_first_lat":34.1806303787,"segment_first_lon":-118.4383046624,"segment_second_lat":34.1806323235,"segment_second_lon":-118.4385262008,"segment_sequence":40021,"segment_id":2,"segment_len_meter":20.380085210246907,"segment_cum_len":6277.6668428755665}
{"route_id":"901","segment_first_lat":34.1806323235,"segment_first_lon":-118.4385262008,"segment_second_lat":34.1806237439,"segment_second_lon":-118.4393758985,"segment_sequence":40022,"segment_id":2,"segment_len_meter":78.16806057966292,"segment_cum_len":6355.834903455229}
{"route_id":"901","segment_first_lat":34.1806237439,"segment_first_lon":-118.4393758985,"segment_second_lat":34.1806246085,"segment_second_lon":-118.4406488639,"segment_sequence":40023,"segment_id":2,"segment_len_meter":117.09795562992548,"segment_cum_len":6472.932859085155}
{"route_id":"901","segment_first_lat":34.1806246085,"segment_first_lon":-118.4406488639,"segment_second_lat":34.1806255484,"segment_second_lon":-118.4411448277,"segment_sequence":40024,"segment_id":2,"segment_len_meter":45.62298333973051,"segment_cum_len":6518.555842424885}
{"route_id":"901","segment_first_lat":34.1806255484,"segment_first_lon":-118.4411448277,"segment_second_lat":34.1806211648,"segment_second_lon":-118.4423450249,"segment_sequence":40025,"segment_id":2,"segment_len_meter":110.40517062823979,"segment_cum_len":6628.961013053125}
{"route_id":"901","segment_first_lat":34.1806211648,"segment_first_lon":-118.4423450249,"segment_second_lat":34.1806235376,"segment_second_lon":-118.4431980867,"segment_sequence":40026,"segment_id":2,"segment_len_meter":78.47214537817217,"segment_cum_len":6707.433158431297}
{"route_id":"901","segment_first_lat":34.1806235376,"segment_first_lon":-118.4431980867,"segment_second_lat":34.1806212704,"segment_second_lon":-118.44381637,"segment_sequence":40027,"segment_id":2,"segment_len_meter":56.875386233653636,"segment_cum_len":6764.30854466495}
{"route_id":"901","segment_first_lat":34.1806212704,"segment_first_lon":-118.44381637,"segment_second_lat":34.1806081422,"segment_second_lon":-118.4451454698,"segment_sequence":40028,"segment_id":2,"segment_len_meter":122.27035215293706,"segment_cum_len":6886.578896817888}
{"route_id":"901","segment_first_lat":34.1806081422,"segment_first_lon":-118.4451454698,"segment_second_lat":34.1806013804,"segment_second_lon":-118.4454892985,"segment_sequence":40029,"segment_id":2,"segment_len_meter":31.63715870525076,"segment_cum_len":6918.2160555231385}
{"route_id":"901","segment_first_lat":34.1806013804,"segment_first_lon":-118.4454892985,"segment_second_lat":34.1805671791,"segment_second_lon":-118.4465669995,"segment_sequence":40030,"segment_id":2,"segment_len_meter":99.20884184991388,"segment_cum_len":7017.424897373053}
{"route_id":"901","segment_first_lat":34.1805671791,"segment_first_lon":-118.4465669995,"segment_second_lat":34.1805562354,"segment_second_lon":-118.4472976532,"segment_sequence":40031,"segment_id":2,"segment_len_meter":67.22265262742674,"segment_cum_len":7084.64755000048}
{"route_id":"901","segment_first_lat":34.1805562354,"segment_first_lon":-118.4472976532,"segment_second_lat":34.1805549143,"segment_second_lon":-118.4476547363,"segment_sequence":40032,"segment_id":2,"segment_len_meter":32.84782056804054,"segment_cum_len":7117.49537056852}
{"route_id":"901","segment_first_lat":34.1805549143,"segment_first_lon":-118.4476547363,"segment_second_lat":34.1805526855,"segment_second_lon":-118.4482564874,"segment_sequence":40033,"segment_id":2,"segment_len_meter":55.3546583975516,"segment_cum_len":7172.8500289660715}
{"route_id":"901","segment_first_lat":34.1805526855,"segment_first_lon":-118.4482564874,"segment_second_lat":34.1805509445,"segment_second_lon":-118.4487259855,"segment_sequence":50001,"segment_id":3,"segment_len_meter":43.18880043332997,"segment_cum_len":7216.038829399401}
{"route_id":"901","segment_first_lat":34.1805509445,"segment_first_lon":-118.4487259855,"segment_second_lat":34.1805465349,"segment_second_lon":-118.4499129559,"segment_sequence":50002,"segment_id":3,"segment_len_meter":109.18858134091535,"segment_cum_len":7325.227410740316}
{"route_id":"901","segment_first_lat":34.1805465349,"segment_first_lon":-118.4499129559,"segment_second_lat":34.1805462522,"segment_second_lon":-118.4514636515,"segment_sequence":50003,"segment_id":3,"segment_len_meter":142.64597857994266,"segment_cum_len":7467.873389320259}
{"route_id":"901","segment_first_lat":34.1805462522,"segment_first_lon":-118.4514636515,"segment_second_lat":34.1805442789,"segment_second_lon":-118.452726682,"segment_sequence":50004,"segment_id":3,"segment_len_meter":116.18433751872213,"segment_cum_len":7584.057726838981}
{"route_id":"901","segment_first_lat":34.1805442789,"segment_first_lon":-118.452726682,"segment_second_lat":34.1805443761,"segment_second_lon":-118.4534342501,"segment_sequence":50005,"segment_id":3,"segment_len_meter":65.08804529342547,"segment_cum_len":7649.145772132406}
{"route_id":"901","segment_first_lat":34.1805443761,"segment_first_lon":-118.4534342501,"segment_second_lat":34.1805410508,"segment_second_lon":-118.4543203448,"segment_sequence":50006,"segment_id":3,"segment_len_meter":81.51125762347392,"segment_cum_len":7730.65702975588}
{"route_id":"901","segment_first_lat":34.1805410508,"segment_first_lon":-118.4543203448,"segment_second_lat":34.1805375682,"segment_second_lon":-118.4567042336,"segment_sequence":50007,"segment_id":3,"segment_len_meter":219.29042760523248,"segment_cum_len":7949.947457361112}
{"route_id":"901","segment_first_lat":34.1805375682,"segment_first_lon":-118.4567042336,"segment_second_lat":34.1805324668,"segment_second_lon":-118.4580532132,"segment_sequence":50008,"segment_id":3,"segment_len_meter":124.09176043569106,"segment_cum_len":8074.039217796803}
{"route_id":"901","segment_first_lat":34.1805324668,"segment_first_lon":-118.4580532132,"segment_second_lat":34.1805297538,"segment_second_lon":-118.460215578,"segment_sequence":50009,"segment_id":3,"segment_len_meter":198.91269831403767,"segment_cum_len":8272.95191611084}
{"route_id":"901","segment_first_lat":34.1805297538,"segment_first_lon":-118.460215578,"segment_second_lat":34.1805260286,"segment_second_lon":-118.4626325295,"segment_sequence":50010,"segment_id":3,"segment_len_meter":222.33188608437416,"segment_cum_len":8495.283802195214}
{"route_id":"901","segment_first_lat":34.1805260286,"segment_first_lon":-118.4626325295,"segment_second_lat":34.180519681,"segment_second_lon":-118.4642889964,"segment_sequence":50011,"segment_id":3,"segment_len_meter":152.37738280788997,"segment_cum_len":8647.661185003104}
{"route_id":"901","segment_first_lat":34.180519681,"segment_first_lon":-118.4642889964,"segment_second_lat":34.1805148768,"segment_second_lon":-118.4655387856,"segment_sequence":50012,"segment_id":3,"segment_len_meter":114.96736382513382,"segment_cum_len":8762.628548828237}
{"route_id":"901","segment_first_lat":34.1805148768,"segment_first_lon":-118.4655387856,"segment_second_lat":34.1805180863,"segment_second_lon":-118.4668448282,"segment_sequence":50013,"segment_id":3,"segment_len_meter":120.14131479341465,"segment_cum_len":8882.769863621652}
{"route_id":"901","segment_first_lat":34.1805180863,"segment_first_lon":-118.4668448282,"segment_second_lat":34.1805199278,"segment_second_lon":-118.4670795923,"segment_sequence":50014,"segment_id":3,"segment_len_meter":21.596546852972015,"segment_cum_len":8904.366410474624}
{"route_id":"901","segment_first_lat":34.1805199278,"segment_first_lon":-118.4670795923,"segment_second_lat":34.1805188421,"segment_second_lon":-118.4673606295,"segment_sequence":50015,"segment_id":3,"segment_len_meter":25.852446720879577,"segment_cum_len":8930.218857195503}
{"route_id":"901","segment_first_lat":34.1805188421,"segment_first_lon":-118.4673606295,"segment_second_lat":34.1805367861,"segment_second_lon":-118.4676946756,"segment_sequence":50016,"segment_id":3,"segment_len_meter":30.79307770677638,"segment_cum_len":8961.011934902279}
{"route_id":"901","segment_first_lat":34.1805367861,"segment_first_lon":-118.4676946756,"segment_second_lat":34.1805849427,"segment_second_lon":-118.4680321974,"segment_sequence":50017,"segment_id":3,"segment_len_meter":31.50645502731205,"segment_cum_len":8992.518389929592}
{"route_id":"901","segment_first_lat":34.1805849427,"segment_first_lon":-118.4680321974,"segment_second_lat":34.1806658803,"segment_second_lon":-118.4684194994,"segment_sequence":50018,"segment_id":3,"segment_len_meter":36.746404541290495,"segment_cum_len":9029.264794470882}
{"route_id":"901","segment_first_lat":34.1806658803,"segment_first_lon":-118.4684194994,"segment_second_lat":34.1808412271,"segment_second_lon":-118.4690496915,"segment_sequence":50019,"segment_id":3,"segment_len_meter":61.1612972811433,"segment_cum_len":9090.426091752026}
{"route_id":"901","segment_first_lat":34.1808412271,"segment_first_lon":-118.4690496915,"segment_second_lat":34.1808447519,"segment_second_lon":-118.469061945,"segment_sequence":60001,"segment_id":3,"segment_len_meter":1.193374124233985,"segment_cum_len":9091.61946587626}
{"route_id":"901","segment_first_lat":34.1808447519,"segment_first_lon":-118.469061945,"segment_second_lat":34.18099166,"segment_second_lon":-118.4694430071,"segment_sequence":60002,"segment_id":3,"segment_len_meter":38.672579562203396,"segment_cum_len":9130.292045438464}
{"route_id":"901","segment_first_lat":34.18099166,"segment_first_lon":-118.4694430071,"segment_second_lat":34.181258714,"segment_second_lon":-118.4700198252,"segment_sequence":60003,"segment_id":3,"segment_len_meter":60.80444575247742,"segment_cum_len":9191.096491190941}
{"route_id":"901","segment_first_lat":34.181258714,"segment_first_lon":-118.4700198252,"segment_second_lat":34.1814607946,"segment_second_lon":-118.4703449923,"segment_sequence":60004,"segment_id":3,"segment_len_meter":37.41125906402439,"segment_cum_len":9228.507750254967}
{"route_id":"901","segment_first_lat":34.1814607946,"segment_first_lon":-118.4703449923,"segment_second_lat":34.1817123354,"segment_second_lon":-118.4706704396,"segment_sequence":60005,"segment_id":3,"segment_len_meter":40.9700903855672,"segment_cum_len":9269.477840640533}
{"route_id":"901","segment_first_lat":34.1817123354,"segment_first_lon":-118.4706704396,"segment_second_lat":34.1820763308,"segment_second_lon":-118.4710494263,"segment_sequence":60006,"segment_id":3,"segment_len_meter":53.41841075828051,"segment_cum_len":9322.896251398814}
{"route_id":"901","segment_first_lat":34.1820763308,"segment_first_lon":-118.4710494263,"segment_second_lat":34.1823803493,"segment_second_lon":-118.4713057385,"segment_sequence":60007,"segment_id":3,"segment_len_meter":41.21513254975165,"segment_cum_len":9364.111383948566}
{"route_id":"901","segment_first_lat":34.1823803493,"segment_first_lon":-118.4713057385,"segment_second_lat":34.1826050278,"segment_second_lon":-118.4714723299,"segment_sequence":60008,"segment_id":3,"segment_len_meter":29.308435411585517,"segment_cum_len":9393.419819360151}
{"route_id":"901","segment_first_lat":34.1826050278,"segment_first_lon":-118.4714723299,"segment_second_lat":34.1831229643,"segment_second_lon":-118.4718356611,"segment_sequence":60009,"segment_id":3,"segment_len_meter":66.58688710899621,"segment_cum_len":9460.006706469148}
{"route_id":"901","segment_first_lat":34.1831229643,"segment_first_lon":-118.4718356611,"segment_second_lat":34.1836299212,"segment_second_lon":-118.4721956283,"segment_sequence":60010,"segment_id":3,"segment_len_meter":65.3764295685329,"segment_cum_len":9525.38313603768}
{"route_id":"901","segment_first_lat":34.1836299212,"segment_first_lon":-118.4721956283,"segment_second_lat":34.1841506032,"segment_second_lon":-118.4725589841,"segment_sequence":60011,"segment_id":3,"segment_len_meter":66.85203650493257,"segment_cum_len":9592.235172542612}
{"route_id":"901","segment_first_lat":34.1841506032,"segment_first_lon":-118.4725589841,"segment_second_lat":34.1846383619,"segment_second_lon":-118.4729089317,"segment_sequence":60012,"segment_id":3,"segment_len_meter":63.06939561131715,"segment_cum_len":9655.30456815393}
{"route_id":"901","segment_first_lat":34.1846383619,"segment_first_lon":-118.4729089317,"segment_second_lat":34.1848136289,"segment_second_lon":-118.4730620258,"segment_sequence":60013,"segment_id":3,"segment_len_meter":24.044150618880476,"segment_cum_len":9679.34871877281}
{"route_id":"901","segment_first_lat":34.1848136289,"segment_first_lon":-118.4730620258,"segment_second_lat":34.1849723439,"segment_second_lon":-118.4732315597,"segment_sequence":60014,"segment_id":3,"segment_len_meter":23.550927669158614,"segment_cum_len":9702.899646441969}
{"route_id":"901","segment_first_lat":34.1849723439,"segment_first_lon":-118.4732315597,"segment_second_lat":34.185166483,"segment_second_lon":-118.4734773462,"segment_sequence":60015,"segment_id":3,"segment_len_meter":31.259327367273286,"segment_cum_len":9734.158973809243}
{"route_id":"901","segment_first_lat":34.185166483,"segment_first_lon":-118.4734773462,"segment_second_lat":34.1854259999,"segment_second_lon":-118.4738689945,"segment_sequence":60016,"segment_id":3,"segment_len_meter":46.157659508664345,"segment_cum_len":9780.316633317907}
{"route_id":"901","segment_first_lat":34.1854259999,"segment_first_lon":-118.4738689945,"segment_second_lat":34.185644233,"segment_second_lon":-118.4742769437,"segment_sequence":60017,"segment_id":3,"segment_len_meter":44.68710018695494,"segment_cum_len":9825.003733504862}
{"route_id":"901","segment_first_lat":34.185644233,"segment_first_lon":-118.4742769437,"segment_second_lat":34.1857477561,"segment_second_lon":-118.4745056869,"segment_sequence":60018,"segment_id":3,"segment_len_meter":23.983504754944832,"segment_cum_len":9848.987238259806}
{"route_id":"901","segment_first_lat":34.1857477561,"segment_first_lon":-118.4745056869,"segment_second_lat":34.1859463238,"segment_second_lon":-118.4750226457,"segment_sequence":60019,"segment_id":3,"segment_len_meter":52.42739796852974,"segment_cum_len":9901.414636228335}
{"route_id":"901","segment_first_lat":34.1859463238,"segment_first_lon":-118.4750226457,"segment_second_lat":34.1860574002,"segment_second_lon":-118.4754266841,"segment_sequence":60020,"segment_id":3,"segment_len_meter":39.163064661884725,"segment_cum_len":9940.57770089022}
{"route_id":"901","segment_first_lat":34.1860574002,"segment_first_lon":-118.4754266841,"segment_second_lat":34.186154463,"segment_second_lon":-118.4759000826,"segment_sequence":60021,"segment_id":3,"segment_len_meter":44.8619190274284,"segment_cum_len":9985.439619917648}
{"route_id":"901","segment_first_lat":34.186154463,"segment_first_lon":-118.4759000826,"segment_second_lat":34.1862209981,"segment_second_lon":-118.4764493604,"segment_sequence":60022,"segment_id":3,"segment_len_meter":51.062606350811166,"segment_cum_len":10036.50222626846}
{"route_id":"901","segment_first_lat":34.1862209981,"segment_first_lon":-118.4764493604,"segment_second_lat":34.1862358955,"segment_second_lon":-118.476852853,"segment_sequence":60023,"segment_id":3,"segment_len_meter":37.1510797172221,"segment_cum_len":10073.653305985681}
{"route_id":"901","segment_first_lat":34.1862358955,"segment_first_lon":-118.476852853,"segment_second_lat":34.1862388344,"segment_second_lon":-118.4775009672,"segment_sequence":60024,"segment_id":3,"segment_len_meter":59.6158488157154,"segment_cum_len":10133.269154801397}
{"route_id":"901","segment_first_lat":34.1862388344,"segment_first_lon":-118.4775009672,"segment_second_lat":34.1862369799,"segment_second_lon":-118.4779704966,"segment_sequence":60025,"segment_id":3,"segment_len_meter":43.188827001336485,"segment_cum_len":10176.457981802734}
{"route_id":"901","segment_first_lat":34.1862369799,"segment_first_lon":-118.4779704966,"segment_second_lat":34.1862381587,"segment_second_lon":-118.479061688,"segment_sequence":60026,"segment_id":3,"segment_len_meter":100.37024260610947,"segment_cum_len":10276.828224408844}
{"route_id":"901","segment_first_lat":34.1862381587,"segment_first_lon":-118.479061688,"segment_second_lat":34.1862365142,"segment_second_lon":-118.4801693963,"segment_sequence":60027,"segment_id":3,"segment_len_meter":101.88958175311605,"segment_cum_len":10378.71780616196}
{"route_id":"901","segment_first_lat":34.1862365142,"segment_first_lon":-118.4801693963,"segment_second_lat":34.1862323091,"segment_second_lon":-118.4812274905,"segment_sequence":60028,"segment_id":3,"segment_len_meter":97.32693147050125,"segment_cum_len":10476.044737632461}
{"route_id":"901","segment_first_lat":34.1862323091,"segment_first_lon":-118.4812274905,"segment_second_lat":34.1862388619,"segment_second_lon":-118.4823418594,"segment_sequence":60029,"segment_id":3,"segment_len_meter":102.50466599703212,"segment_cum_len":10578.549403629493}
{"route_id":"901","segment_first_lat":34.1862388619,"segment_first_lon":-118.4823418594,"segment_second_lat":34.1862362808,"segment_second_lon":-118.4844316287,"segment_sequence":60030,"segment_id":3,"segment_len_meter":192.22173723541266,"segment_cum_len":10770.771140864907}
{"route_id":"901","segment_first_lat":34.1862362808,"segment_first_lon":-118.4844316287,"segment_second_lat":34.1862340448,"segment_second_lon":-118.4862899367,"segment_sequence":70001,"segment_id":4,"segment_len_meter":170.93139515450568,"segment_cum_len":10941.702536019413}
{"route_id":"901","segment_first_lat":34.1862340448,"segment_first_lon":-118.4862899367,"segment_second_lat":34.1862294664,"segment_second_lon":-118.4874273876,"segment_sequence":70002,"segment_id":4,"segment_len_meter":104.626452188946,"segment_cum_len":11046.328988208359}
{"route_id":"901","segment_first_lat":34.1862294664,"segment_first_lon":-118.4874273876,"segment_second_lat":34.1862304397,"segment_second_lon":-118.4885483379,"segment_sequence":70003,"segment_id":4,"segment_len_meter":103.1075114387518,"segment_cum_len":11149.43649964711}
{"route_id":"901","segment_first_lat":34.1862304397,"segment_first_lon":-118.4885483379,"segment_second_lat":34.1862313089,"segment_second_lon":-118.4896924339,"segment_sequence":70004,"segment_id":4,"segment_len_meter":105.23648986517814,"segment_cum_len":11254.672989512288}
{"route_id":"901","segment_first_lat":34.1862313089,"segment_first_lon":-118.4896924339,"segment_second_lat":34.1862321539,"segment_second_lon":-118.4908398366,"segment_sequence":70005,"segment_id":4,"segment_len_meter":105.54064371271893,"segment_cum_len":11360.213633225007}
{"route_id":"901","segment_first_lat":34.1862321539,"segment_first_lon":-118.4908398366,"segment_second_lat":34.1862275058,"segment_second_lon":-118.4919839003,"segment_sequence":70006,"segment_id":4,"segment_len_meter":105.23474497286614,"segment_cum_len":11465.448378197872}
{"route_id":"901","segment_first_lat":34.1862275058,"segment_first_lon":-118.4919839003,"segment_second_lat":34.186228356,"segment_second_lon":-118.4931246898,"segment_sequence":70007,"segment_id":4,"segment_len_meter":104.93235264833193,"segment_cum_len":11570.380730846204}
{"route_id":"901","segment_first_lat":34.186228356,"segment_first_lon":-118.4931246898,"segment_second_lat":34.1862264341,"segment_second_lon":-118.4942687697,"segment_sequence":70008,"segment_id":4,"segment_len_meter":105.23518590039293,"segment_cum_len":11675.615916746596}
{"route_id":"901","segment_first_lat":34.1862264341,"segment_first_lon":-118.4942687697,"segment_second_lat":34.1862245285,"segment_second_lon":-118.4954062364,"segment_sequence":70009,"segment_id":4,"segment_len_meter":104.62688926410655,"segment_cum_len":11780.242806010703}
{"route_id":"901","segment_first_lat":34.1862245285,"segment_first_lon":-118.4954062364,"segment_second_lat":34.18622804,"segment_second_lon":-118.4965602684,"segment_sequence":70010,"segment_id":4,"segment_len_meter":106.15110433874355,"segment_cum_len":11886.393910349447}
{"route_id":"901","segment_first_lat":34.18622804,"segment_first_lon":-118.4965602684,"segment_second_lat":34.186226072,"segment_second_lon":-118.4977076547,"segment_sequence":70011,"segment_id":4,"segment_len_meter":105.53932609875082,"segment_cum_len":11991.933236448198}
{"route_id":"901","segment_first_lat":34.186226072,"segment_first_lon":-118.4977076547,"segment_second_lat":34.1862217997,"segment_second_lon":-118.4980779709,"segment_sequence":70012,"segment_id":4,"segment_len_meter":34.06580715587686,"segment_cum_len":12025.999043604075}
{"route_id":"901","segment_first_lat":34.1862217997,"segment_first_lon":-118.4980779709,"segment_second_lat":34.1861874227,"segment_second_lon":-118.4984183479,"segment_sequence":70013,"segment_id":4,"segment_len_meter":31.54111758514276,"segment_cum_len":12057.540161189218}
{"route_id":"901","segment_first_lat":34.1861874227,"segment_first_lon":-118.4984183479,"segment_second_lat":34.1861283824,"segment_second_lon":-118.4987420443,"segment_sequence":70014,"segment_id":4,"segment_len_meter":30.489498417356007,"segment_cum_len":12088.029659606573}
{"route_id":"901","segment_first_lat":34.1861283824,"segment_first_lon":-118.4987420443,"segment_second_lat":34.1860024106,"segment_second_lon":-118.4993034165,"segment_sequence":70015,"segment_id":4,"segment_len_meter":53.50251988976717,"segment_cum_len":12141.53217949634}
{"route_id":"901","segment_first_lat":34.1860024106,"segment_first_lon":-118.4993034165,"segment_second_lat":34.1859629989,"segment_second_lon":-118.4995313372,"segment_sequence":70016,"segment_id":4,"segment_len_meter":21.417845614926943,"segment_cum_len":12162.950025111268}
{"route_id":"901","segment_first_lat":34.1859629989,"segment_first_lon":-118.4995313372,"segment_second_lat":34.1859316389,"segment_second_lon":-118.4998055984,"segment_sequence":70017,"segment_id":4,"segment_len_meter":25.467090896810966,"segment_cum_len":12188.417116008079}
{"route_id":"901","segment_first_lat":34.1859316389,"segment_first_lon":-118.4998055984,"segment_second_lat":34.1859231931,"segment_second_lon":-118.5007181725,"segment_sequence":70018,"segment_id":4,"segment_len_meter":83.94611145092095,"segment_cum_len":12272.363227459}
{"route_id":"901","segment_first_lat":34.1859231931,"segment_first_lon":-118.5007181725,"segment_second_lat":34.1859216431,"segment_second_lon":-118.5008934136,"segment_sequence":80001,"segment_id":4,"segment_len_meter":16.120038945017015,"segment_cum_len":12288.483266404017}
{"route_id":"901","segment_first_lat":34.1859216431,"segment_first_lon":-118.5008934136,"segment_second_lat":34.1859162688,"segment_second_lon":-118.502850895,"segment_sequence":80002,"segment_id":4,"segment_len_meter":180.0550661594724,"segment_cum_len":12468.538332563488}
{"route_id":"901","segment_first_lat":34.1859162688,"segment_first_lon":-118.502850895,"segment_second_lat":34.1859171405,"segment_second_lon":-118.5039619217,"segment_sequence":80003,"segment_id":4,"segment_len_meter":102.19508573151168,"segment_cum_len":12570.733418295}
{"route_id":"901","segment_first_lat":34.1859171405,"segment_first_lon":-118.5039619217,"segment_second_lat":34.1859213821,"segment_second_lon":-118.5042628489,"segment_sequence":80004,"segment_id":4,"segment_len_meter":27.684060385669873,"segment_cum_len":12598.417478680669}
{"route_id":"901","segment_first_lat":34.1859213821,"segment_first_lon":-118.5042628489,"segment_second_lat":34.1859422893,"segment_second_lon":-118.5045208909,"segment_sequence":80005,"segment_id":4,"segment_len_meter":23.848929164009974,"segment_cum_len":12622.26640784468}
{"route_id":"901","segment_first_lat":34.1859422893,"segment_first_lon":-118.5045208909,"segment_second_lat":34.1859554353,"segment_second_lon":-118.5046631546,"segment_sequence":80006,"segment_id":4,"segment_len_meter":13.167160737587764,"segment_cum_len":12635.433568582268}
{"route_id":"901","segment_first_lat":34.1859554353,"segment_first_lon":-118.5046631546,"segment_second_lat":34.1859821685,"segment_second_lon":-118.5048418733,"segment_sequence":80007,"segment_id":4,"segment_len_meter":16.7055864525084,"segment_cum_len":12652.139155034776}
{"route_id":"901","segment_first_lat":34.1859821685,"segment_first_lon":-118.5048418733,"segment_second_lat":34.1860140934,"segment_second_lon":-118.505093369,"segment_sequence":80008,"segment_id":4,"segment_len_meter":23.40397468752225,"segment_cum_len":12675.543129722299}
{"route_id":"901","segment_first_lat":34.1860140934,"segment_first_lon":-118.505093369,"segment_second_lat":34.1860671853,"segment_second_lon":-118.5055400834,"segment_sequence":80009,"segment_id":4,"segment_len_meter":41.51178498178277,"segment_cum_len":12717.054914704082}
{"route_id":"901","segment_first_lat":34.1860671853,"segment_first_lon":-118.5055400834,"segment_second_lat":34.1860907408,"segment_second_lon":-118.5058212885,"segment_sequence":80010,"segment_id":4,"segment_len_meter":25.99818309113021,"segment_cum_len":12743.053097795213}
{"route_id":"901","segment_first_lat":34.1860907408,"segment_first_lon":-118.5058212885,"segment_second_lat":34.1860952683,"segment_second_lon":-118.5060527793,"segment_sequence":80011,"segment_id":4,"segment_len_meter":21.29901405733869,"segment_cum_len":12764.352111852551}
{"route_id":"901","segment_first_lat":34.1860952683,"segment_first_lon":-118.5060527793,"segment_second_lat":34.1860916902,"segment_second_lon":-118.5062511547,"segment_sequence":80012,"segment_id":4,"segment_len_meter":18.25136880771037,"segment_cum_len":12782.603480660262}
{"route_id":"901","segment_first_lat":34.1860916902,"segment_first_lon":-118.5062511547,"segment_second_lat":34.1860797022,"segment_second_lon":-118.5064891586,"segment_sequence":80013,"segment_id":4,"segment_len_meter":21.932701038112572,"segment_cum_len":12804.536181698375}
{"route_id":"901","segment_first_lat":34.1860797022,"segment_first_lon":-118.5064891586,"segment_second_lat":34.1860199752,"segment_second_lon":-118.5069715623,"segment_sequence":80014,"segment_id":4,"segment_len_meter":44.8668981074433,"segment_cum_len":12849.403079805817}
{"route_id":"901","segment_first_lat":34.1860199752,"segment_first_lon":-118.5069715623,"segment_second_lat":34.1859386519,"segment_second_lon":-118.5073612491,"segment_sequence":80015,"segment_id":4,"segment_len_meter":36.96739714938174,"segment_cum_len":12886.370476955199}
{"route_id":"901","segment_first_lat":34.1859386519,"segment_first_lon":-118.5073612491,"segment_second_lat":34.1858327357,"segment_second_lon":-118.5077177195,"segment_sequence":80016,"segment_id":4,"segment_len_meter":34.840037722893356,"segment_cum_len":12921.210514678092}
{"route_id":"901","segment_first_lat":34.1858327357,"segment_first_lon":-118.5077177195,"segment_second_lat":34.1857243205,"segment_second_lon":-118.5080146549,"segment_sequence":80017,"segment_id":4,"segment_len_meter":29.85504157852872,"segment_cum_len":12951.06555625662}
{"route_id":"901","segment_first_lat":34.1857243205,"segment_first_lon":-118.5080146549,"segment_second_lat":34.1856937888,"segment_second_lon":-118.5080872145,"segment_sequence":80018,"segment_id":4,"segment_len_meter":7.488069786798475,"segment_cum_len":12958.55362604342}
{"route_id":"901","segment_first_lat":34.1856937888,"segment_first_lon":-118.5080872145,"segment_second_lat":34.1855718282,"segment_second_lon":-118.5083377741,"segment_sequence":80019,"segment_id":4,"segment_len_meter":26.741057632134957,"segment_cum_len":12985.294683675555}
{"route_id":"901","segment_first_lat":34.1855718282,"segment_first_lon":-118.5083377741,"segment_second_lat":34.1854112165,"segment_second_lon":-118.5086310834,"segment_sequence":80020,"segment_id":4,"segment_len_meter":32.35495034270876,"segment_cum_len":13017.649634018264}
{"route_id":"901","segment_first_lat":34.1854112165,"segment_first_lon":-118.5086310834,"segment_second_lat":34.1852314667,"segment_second_lon":-118.5089011289,"segment_sequence":80021,"segment_id":4,"segment_len_meter":31.88257527062392,"segment_cum_len":13049.532209288887}
{"route_id":"901","segment_first_lat":34.1852314667,"segment_first_lon":-118.5089011289,"segment_second_lat":34.1849359036,"segment_second_lon":-118.5092663579,"segment_sequence":80022,"segment_id":4,"segment_len_meter":46.99724556907624,"segment_cum_len":13096.529454857964}
{"route_id":"901","segment_first_lat":34.1849359036,"segment_first_lon":-118.5092663579,"segment_second_lat":34.1846792548,"segment_second_lon":-118.5095260117,"segment_sequence":80023,"segment_id":4,"segment_len_meter":37.213732640654456,"segment_cum_len":13133.743187498618}
{"route_id":"901","segment_first_lat":34.1846792548,"segment_first_lon":-118.5095260117,"segment_second_lat":34.1843979585,"segment_second_lon":-118.5097656742,"segment_sequence":80024,"segment_id":4,"segment_len_meter":38.266771582477304,"segment_cum_len":13172.009959081095}
{"route_id":"901","segment_first_lat":34.1843979585,"segment_first_lon":-118.5097656742,"segment_second_lat":34.1840148106,"segment_second_lon":-118.5100476983,"segment_sequence":80025,"segment_id":4,"segment_len_meter":49.880730721519555,"segment_cum_len":13221.890689802614}
{"route_id":"901","segment_first_lat":34.1840148106,"segment_first_lon":-118.5100476983,"segment_second_lat":34.1835352087,"segment_second_lon":-118.5103952608,"segment_sequence":80026,"segment_id":4,"segment_len_meter":62.17818033901955,"segment_cum_len":13284.068870141635}
{"route_id":"901","segment_first_lat":34.1835352087,"segment_first_lon":-118.5103952608,"segment_second_lat":34.1831713919,"segment_second_lon":-118.5106542517,"segment_sequence":80027,"segment_id":4,"segment_len_meter":46.94811756418221,"segment_cum_len":13331.016987705818}
{"route_id":"901","segment_first_lat":34.1831713919,"segment_first_lon":-118.5106542517,"segment_second_lat":34.1829370859,"segment_second_lon":-118.5108280636,"segment_sequence":80028,"segment_id":4,"segment_len_meter":30.568196030322685,"segment_cum_len":13361.58518373614}
{"route_id":"901","segment_first_lat":34.1829370859,"segment_first_lon":-118.5108280636,"segment_second_lat":34.1826366221,"segment_second_lon":-118.511051067,"segment_sequence":80029,"segment_id":4,"segment_len_meter":39.204870467400156,"segment_cum_len":13400.79005420354}
{"route_id":"901","segment_first_lat":34.1826366221,"segment_first_lon":-118.511051067,"segment_second_lat":34.182101781,"segment_second_lon":-118.5114644092,"segment_sequence":80030,"segment_id":4,"segment_len_meter":70.58707296431749,"segment_cum_len":13471.377127167858}
{"route_id":"901","segment_first_lat":34.182101781,"segment_first_lon":-118.5114644092,"segment_second_lat":34.1818259067,"segment_second_lon":-118.5117206232,"segment_sequence":80031,"segment_id":4,"segment_len_meter":38.684254483791385,"segment_cum_len":13510.061381651649}
{"route_id":"901","segment_first_lat":34.1818259067,"segment_first_lon":-118.5117206232,"segment_second_lat":34.1815663508,"segment_second_lon":-118.5120166129,"segment_sequence":80032,"segment_id":4,"segment_len_meter":39.67741535227017,"segment_cum_len":13549.73879700392}
{"route_id":"901","segment_first_lat":34.1815663508,"segment_first_lon":-118.5120166129,"segment_second_lat":34.1812650724,"segment_second_lon":-118.5124313763,"segment_sequence":80033,"segment_id":4,"segment_len_meter":50.77346853405627,"segment_cum_len":13600.512265537976}
{"route_id":"901","segment_first_lat":34.1812650724,"segment_first_lon":-118.5124313763,"segment_second_lat":34.1810381103,"segment_second_lon":-118.5128168352,"segment_sequence":80034,"segment_id":4,"segment_len_meter":43.52173184709301,"segment_cum_len":13644.03399738507}
{"route_id":"901","segment_first_lat":34.1810381103,"segment_first_lon":-118.5128168352,"segment_second_lat":34.1808244513,"segment_second_lon":-118.5133048724,"segment_sequence":80035,"segment_id":4,"segment_len_meter":50.79235581161307,"segment_cum_len":13694.826353196682}
{"route_id":"901","segment_first_lat":34.1808244513,"segment_first_lon":-118.5133048724,"segment_second_lat":34.1806741589,"segment_second_lon":-118.5137536201,"segment_sequence":80036,"segment_id":4,"segment_len_meter":44.53400581003312,"segment_cum_len":13739.360359006716}
{"route_id":"901","segment_first_lat":34.1806741589,"segment_first_lon":-118.5137536201,"segment_second_lat":34.1805483284,"segment_second_lon":-118.5142653383,"segment_sequence":80037,"segment_id":4,"segment_len_meter":49.10753361686583,"segment_cum_len":13788.467892623581}
{"route_id":"901","segment_first_lat":34.1805483284,"segment_first_lon":-118.5142653383,"segment_second_lat":34.1804748171,"segment_second_lon":-118.5147509262,"segment_sequence":80038,"segment_id":4,"segment_len_meter":45.41021003199971,"segment_cum_len":13833.87810265558}
{"route_id":"901","segment_first_lat":34.1804748171,"segment_first_lon":-118.5147509262,"segment_second_lat":34.1804418029,"segment_second_lon":-118.5154053893,"segment_sequence":80039,"segment_id":4,"segment_len_meter":60.31488284570461,"segment_cum_len":13894.192985501286}
{"route_id":"901","segment_first_lat":34.1804418029,"segment_first_lon":-118.5154053893,"segment_second_lat":34.180431455,"segment_second_lon":-118.5165427257,"segment_sequence":80040,"segment_id":4,"segment_len_meter":104.62819548961097,"segment_cum_len":13998.821180990897}
{"route_id":"901","segment_first_lat":34.180431455,"segment_first_lon":-118.5165427257,"segment_second_lat":34.1804287844,"segment_second_lon":-118.5190919408,"segment_sequence":80041,"segment_id":4,"segment_len_meter":234.49867686802344,"segment_cum_len":14233.31985785892}
{"route_id":"901","segment_first_lat":34.1804287844,"segment_first_lon":-118.5190919408,"segment_second_lat":34.1804235398,"segment_second_lon":-118.5228612005,"segment_sequence":80042,"segment_id":4,"segment_len_meter":346.7290756860499,"segment_cum_len":14580.04893354497}
{"route_id":"901","segment_first_lat":34.1804235398,"segment_first_lon":-118.5228612005,"segment_second_lat":34.1804069594,"segment_second_lon":-118.5279430287,"segment_sequence":80043,"segment_id":4,"segment_len_meter":467.473502449305,"segment_cum_len":15047.522435994275}
{"route_id":"901","segment_first_lat":34.1804069594,"segment_first_lon":-118.5279430287,"segment_second_lat":34.1804016133,"segment_second_lon":-118.5316726112,"segment_sequence":80044,"segment_id":4,"segment_len_meter":343.07934270145864,"segment_cum_len":15390.601778695733}
{"route_id":"901","segment_first_lat":34.1804016133,"segment_first_lon":-118.5316726112,"segment_second_lat":34.1803869157,"segment_second_lon":-118.5368040467,"segment_sequence":80045,"segment_id":4,"segment_len_meter":472.03611566156144,"segment_cum_len":15862.637894357294}
{"route_id":"901","segment_first_lat":34.1803869157,"segment_first_lon":-118.5368040467,"segment_second_lat":34.1803867366,"segment_second_lon":-118.5368443836,"segment_sequence":90001,"segment_id":5,"segment_len_meter":3.7105865199490538,"segment_cum_len":15866.348480877243}
{"route_id":"901","segment_first_lat":34.1803867366,"segment_first_lon":-118.5368443836,"segment_second_lat":34.1803865546,"segment_second_lon":-118.5368853818,"segment_sequence":90002,"segment_id":5,"segment_len_meter":3.771419413502958,"segment_cum_len":15870.119900290745}
{"route_id":"901","segment_first_lat":34.1803865546,"segment_first_lon":-118.5368853818,"segment_second_lat":34.180386618,"segment_second_lon":-118.5369329943,"segment_sequence":90003,"segment_id":5,"segment_len_meter":4.379810681392572,"segment_cum_len":15874.499710972137}
{"route_id":"901","segment_first_lat":34.180386618,"segment_first_lon":-118.5369329943,"segment_second_lat":34.1803915588,"segment_second_lon":-118.5370580079,"segment_sequence":90004,"segment_id":5,"segment_len_meter":11.512935734897757,"segment_cum_len":15886.012646707035}
{"route_id":"901","segment_first_lat":34.1803915588,"segment_first_lon":-118.5370580079,"segment_second_lat":34.1804558682,"segment_second_lon":-118.5386626871,"segment_sequence":90005,"segment_id":5,"segment_len_meter":147.78515976780687,"segment_cum_len":16033.797806474842}
{"route_id":"901","segment_first_lat":34.1804558682,"segment_first_lon":-118.5386626871,"segment_second_lat":34.1804561158,"segment_second_lon":-118.5398397675,"segment_sequence":90006,"segment_id":5,"segment_len_meter":108.2778378849967,"segment_cum_len":16142.075644359838}
{"route_id":"901","segment_first_lat":34.1804561158,"segment_first_lon":-118.5398397675,"segment_second_lat":34.1804458349,"segment_second_lon":-118.5402959844,"segment_sequence":90007,"segment_id":5,"segment_len_meter":41.98226815558921,"segment_cum_len":16184.057912515427}
{"route_id":"901","segment_first_lat":34.1804458349,"segment_first_lon":-118.5402959844,"segment_second_lat":34.180393547,"segment_second_lon":-118.5415421586,"segment_sequence":90008,"segment_id":5,"segment_len_meter":114.7810674741676,"segment_cum_len":16298.838979989594}
{"route_id":"901","segment_first_lat":34.180393547,"segment_first_lon":-118.5415421586,"segment_second_lat":34.1803869618,"segment_second_lon":-118.5423984733,"segment_sequence":90009,"segment_id":5,"segment_len_meter":78.77455055719096,"segment_cum_len":16377.613530546785}
{"route_id":"901","segment_first_lat":34.1803869618,"segment_first_lon":-118.5423984733,"segment_second_lat":34.1803844104,"segment_second_lon":-118.5435788412,"segment_sequence":90010,"segment_id":5,"segment_len_meter":108.58070762069339,"segment_cum_len":16486.194238167478}
{"route_id":"901","segment_first_lat":34.1803844104,"segment_first_lon":-118.5435788412,"segment_second_lat":34.1803824877,"segment_second_lon":-118.544617038,"segment_sequence":90011,"segment_id":5,"segment_len_meter":95.50246483058201,"segment_cum_len":16581.69670299806}
{"route_id":"901","segment_first_lat":34.1803824877,"segment_first_lon":-118.544617038,"segment_second_lat":34.1803768684,"segment_second_lon":-118.5458635138,"segment_sequence":90012,"segment_id":5,"segment_len_meter":114.66321780420289,"segment_cum_len":16696.35992080226}
{"route_id":"901","segment_first_lat":34.1803768684,"segment_first_lon":-118.5458635138,"segment_second_lat":34.1803742234,"segment_second_lon":-118.5470571067,"segment_sequence":90013,"segment_id":5,"segment_len_meter":109.79729272931597,"segment_cum_len":16806.157213531576}
{"route_id":"901","segment_first_lat":34.1803742234,"segment_first_lon":-118.5470571067,"segment_second_lat":34.180368369,"segment_second_lon":-118.5483498704,"segment_sequence":90014,"segment_id":5,"segment_len_meter":118.92126620848187,"segment_cum_len":16925.07847974006}
{"route_id":"901","segment_first_lat":34.180368369,"segment_first_lon":-118.5483498704,"segment_second_lat":34.1803708498,"segment_second_lon":-118.549014473,"segment_sequence":90015,"segment_id":5,"segment_len_meter":61.136466525923026,"segment_cum_len":16986.214946265984}
{"route_id":"901","segment_first_lat":34.1803708498,"segment_first_lon":-118.549014473,"segment_second_lat":34.1803769912,"segment_second_lon":-118.5494774094,"segment_sequence":90016,"segment_id":5,"segment_len_meter":42.5903313286295,"segment_cum_len":17028.805277594613}
{"route_id":"901","segment_first_lat":34.1803769912,"segment_first_lon":-118.5494774094,"segment_second_lat":34.1804260435,"segment_second_lon":-118.5501720764,"segment_sequence":90017,"segment_id":5,"segment_len_meter":64.13376022062194,"segment_cum_len":17092.939037815235}
{"route_id":"901","segment_first_lat":34.1804260435,"segment_first_lon":-118.5501720764,"segment_second_lat":34.1804630688,"segment_second_lon":-118.550489735,"segment_sequence":90018,"segment_id":5,"segment_len_meter":29.509539908849106,"segment_cum_len":17122.448577724084}
{"route_id":"901","segment_first_lat":34.1804630688,"segment_first_lon":-118.550489735,"segment_second_lat":34.1805084272,"segment_second_lon":-118.5507876104,"segment_sequence":90019,"segment_id":5,"segment_len_meter":27.86140968045089,"segment_cum_len":17150.309987404537}
{"route_id":"901","segment_first_lat":34.1805084272,"segment_first_lon":-118.5507876104,"segment_second_lat":34.180567313,"segment_second_lon":-118.551131865,"segment_sequence":90020,"segment_id":5,"segment_len_meter":32.337278479054774,"segment_cum_len":17182.647265883592}
{"route_id":"901","segment_first_lat":34.180567313,"segment_first_lon":-118.551131865,"segment_second_lat":34.1806399973,"segment_second_lon":-118.5514629856,"segment_sequence":90021,"segment_id":5,"segment_len_meter":31.513255017036222,"segment_cum_len":17214.160520900627}
{"route_id":"901","segment_first_lat":34.1806399973,"segment_first_lon":-118.5514629856,"segment_second_lat":34.180799374,"segment_second_lon":-118.5520658056,"segment_sequence":90022,"segment_id":5,"segment_len_meter":58.21533256342679,"segment_cum_len":17272.375853464055}
{"route_id":"901","segment_first_lat":34.180799374,"segment_first_lon":-118.5520658056,"segment_second_lat":34.1809727889,"segment_second_lon":-118.5526025923,"segment_sequence":90023,"segment_id":5,"segment_len_meter":53.0095228705528,"segment_cum_len":17325.38537633461}
{"route_id":"901","segment_first_lat":34.1809727889,"segment_first_lon":-118.5526025923,"segment_second_lat":34.1815136419,"segment_second_lon":-118.5542101269,"segment_sequence":90024,"segment_id":5,"segment_len_meter":159.63502155505572,"segment_cum_len":17485.020397889664}
{"route_id":"901","segment_first_lat":34.1815136419,"segment_first_lon":-118.5542101269,"segment_second_lat":34.1815692163,"segment_second_lon":-118.5543754873,"segment_sequence":100001,"segment_id":5,"segment_len_meter":16.418391144190714,"segment_cum_len":17501.438789033855}
{"route_id":"901","segment_first_lat":34.1815692163,"segment_first_lon":-118.5543754873,"segment_second_lat":34.1819325559,"segment_second_lon":-118.555439273,"segment_sequence":100002,"segment_id":5,"segment_len_meter":105.86685500273752,"segment_cum_len":17607.30564403659}
{"route_id":"901","segment_first_lat":34.1819325559,"segment_first_lon":-118.555439273,"segment_second_lat":34.182341671,"segment_second_lon":-118.5567050682,"segment_sequence":100003,"segment_id":5,"segment_len_meter":125.00751928423381,"segment_cum_len":17732.313163320825}
{"route_id":"901","segment_first_lat":34.182341671,"segment_first_lon":-118.5567050682,"segment_second_lat":34.1827373846,"segment_second_lon":-118.557894737,"segment_sequence":100004,"segment_id":5,"segment_len_meter":117.94798000411078,"segment_cum_len":17850.261143324937}
{"route_id":"901","segment_first_lat":34.1827373846,"segment_first_lon":-118.557894737,"segment_second_lat":34.1831738759,"segment_second_lon":-118.5591772724,"segment_sequence":100005,"segment_id":5,"segment_len_meter":127.56881687285477,"segment_cum_len":17977.829960197792}
{"route_id":"901","segment_first_lat":34.1831738759,"segment_first_lon":-118.5591772724,"segment_second_lat":34.1836075905,"segment_second_lon":-118.5604631091,"segment_sequence":100006,"segment_id":5,"segment_len_meter":127.73224567101599,"segment_cum_len":18105.56220586881}
{"route_id":"901","segment_first_lat":34.1836075905,"segment_first_lon":-118.5604631091,"segment_second_lat":34.1840332321,"segment_second_lon":-118.5617092265,"segment_sequence":100007,"segment_id":5,"segment_len_meter":124.01082153851318,"segment_cum_len":18229.57302740732}
{"route_id":"901","segment_first_lat":34.1840332321,"segment_first_lon":-118.5617092265,"segment_second_lat":34.184469683,"segment_second_lon":-118.5629918017,"segment_sequence":100008,"segment_id":5,"segment_len_meter":127.56881758142747,"segment_cum_len":18357.14184498875}
{"route_id":"901","segment_first_lat":34.184469683,"segment_first_lon":-118.5629918017,"segment_second_lat":34.1849033724,"segment_second_lon":-118.5642743718,"segment_sequence":100009,"segment_id":5,"segment_len_meter":127.45131953379213,"segment_cum_len":18484.593164522543}
{"route_id":"901","segment_first_lat":34.1849033724,"segment_first_lon":-118.5642743718,"segment_second_lat":34.185331599,"segment_second_lon":-118.5655469985,"segment_sequence":100010,"segment_id":5,"segment_len_meter":126.37448101644472,"segment_cum_len":18610.96764553899}
{"route_id":"901","segment_first_lat":34.185331599,"segment_first_lon":-118.5655469985,"segment_second_lat":34.1857490533,"segment_second_lon":-118.5667699659,"segment_sequence":100011,"segment_id":5,"segment_len_meter":121.69299191669825,"segment_cum_len":18732.660637455687}
{"route_id":"901","segment_first_lat":34.1857490533,"segment_first_lon":-118.5667699659,"segment_second_lat":34.1860770433,"segment_second_lon":-118.5677311137,"segment_sequence":100012,"segment_id":5,"segment_len_meter":95.63596420577763,"segment_cum_len":18828.296601661463}
{"route_id":"901","segment_first_lat":34.1860770433,"segment_first_lon":-118.5677311137,"segment_second_lat":34.1864917121,"segment_second_lon":-118.5689573909,"segment_sequence":100013,"segment_id":5,"segment_len_meter":121.85601708154881,"segment_cum_len":18950.15261874301}
{"route_id":"901","segment_first_lat":34.1864917121,"segment_first_lon":-118.5689573909,"segment_second_lat":34.1868765944,"segment_second_lon":-118.5700875838,"segment_sequence":100014,"segment_id":5,"segment_len_meter":112.42174089477162,"segment_cum_len":19062.574359637783}
{"route_id":"901","segment_first_lat":34.1868765944,"segment_first_lon":-118.5700875838,"segment_second_lat":34.1871123649,"segment_second_lon":-118.5707869003,"segment_sequence":100015,"segment_id":5,"segment_len_meter":69.46143234658956,"segment_cum_len":19132.035791984374}
{"route_id":"901","segment_first_lat":34.1871123649,"segment_first_lon":-118.5707869003,"segment_second_lat":34.1872290387,"segment_second_lon":-118.5711018317,"segment_sequence":100016,"segment_id":5,"segment_len_meter":31.740248751769332,"segment_cum_len":19163.776040736142}
{"route_id":"901","segment_first_lat":34.1872290387,"segment_first_lon":-118.5711018317,"segment_second_lat":34.1874219332,"segment_second_lon":-118.5716854574,"segment_sequence":100017,"segment_id":5,"segment_len_meter":57.808842440113644,"segment_cum_len":19221.584883176256}
{"route_id":"901","segment_first_lat":34.1874219332,"segment_first_lon":-118.5716854574,"segment_second_lat":34.1875487195,"segment_second_lon":-118.5720695702,"segment_sequence":110001,"segment_id":6,"segment_len_meter":38.039893799864146,"segment_cum_len":19259.62477697612}
{"route_id":"901","segment_first_lat":34.1875487195,"segment_first_lon":-118.5720695702,"segment_second_lat":34.1879768798,"segment_second_lon":-118.5733389706,"segment_sequence":110002,"segment_id":6,"segment_len_meter":126.09346223345553,"segment_cum_len":19385.71823920958}
{"route_id":"901","segment_first_lat":34.1879768798,"segment_first_lon":-118.5733389706,"segment_second_lat":34.1882096012,"segment_second_lon":-118.5740978055,"segment_sequence":110003,"segment_id":6,"segment_len_meter":74.44036196372898,"segment_cum_len":19460.15860117331}
{"route_id":"901","segment_first_lat":34.1882096012,"segment_first_lon":-118.5740978055,"segment_second_lat":34.1883445588,"segment_second_lon":-118.5746112747,"segment_sequence":110004,"segment_id":6,"segment_len_meter":49.55566902687393,"segment_cum_len":19509.714270200184}
{"route_id":"901","segment_first_lat":34.1883445588,"segment_first_lon":-118.5746112747,"segment_second_lat":34.1884814915,"segment_second_lon":-118.5752867886,"segment_sequence":110005,"segment_id":6,"segment_len_meter":63.972074765371744,"segment_cum_len":19573.686344965554}
{"route_id":"901","segment_first_lat":34.1884814915,"segment_first_lon":-118.5752867886,"segment_second_lat":34.1885666369,"segment_second_lon":-118.5758726661,"segment_sequence":110006,"segment_id":6,"segment_len_meter":54.71419849505219,"segment_cum_len":19628.400543460608}
{"route_id":"901","segment_first_lat":34.1885666369,"segment_first_lon":-118.5758726661,"segment_second_lat":34.18865821,"segment_second_lon":-118.5768388633,"segment_sequence":110007,"segment_id":6,"segment_len_meter":89.4518502698406,"segment_cum_len":19717.85239373045}
{"route_id":"901","segment_first_lat":34.18865821,"segment_first_lon":-118.5768388633,"segment_second_lat":34.1886829431,"segment_second_lon":-118.5774144058,"segment_sequence":110008,"segment_id":6,"segment_len_meter":53.00951299106628,"segment_cum_len":19770.861906721515}
{"route_id":"901","segment_first_lat":34.1886829431,"segment_first_lon":-118.5774144058,"segment_second_lat":34.1886798475,"segment_second_lon":-118.5780625042,"segment_sequence":110009,"segment_id":6,"segment_len_meter":59.61276629801524,"segment_cum_len":19830.47467301953}
{"route_id":"901","segment_first_lat":34.1886798475,"segment_first_lon":-118.5780625042,"segment_second_lat":34.1886776922,"segment_second_lon":-118.5790875768,"segment_sequence":110010,"segment_id":6,"segment_len_meter":94.28598178858198,"segment_cum_len":19924.760654808113}
{"route_id":"901","segment_first_lat":34.1886776922,"segment_first_lon":-118.5790875768,"segment_second_lat":34.1886743543,"segment_second_lon":-118.5803573395,"segment_sequence":110011,"segment_id":6,"segment_len_meter":116.79274667594404,"segment_cum_len":20041.553401484056}
{"route_id":"901","segment_first_lat":34.1886743543,"segment_first_lon":-118.5803573395,"segment_second_lat":34.1886682077,"segment_second_lon":-118.5816370028,"segment_sequence":110012,"segment_id":6,"segment_len_meter":117.70480027707494,"segment_cum_len":20159.25820176113}
{"route_id":"901","segment_first_lat":34.1886682077,"segment_first_lon":-118.5816370028,"segment_second_lat":34.1886648112,"segment_second_lon":-118.5829133785,"segment_sequence":110013,"segment_id":6,"segment_len_meter":117.40103817535496,"segment_cum_len":20276.659239936485}
{"route_id":"901","segment_first_lat":34.1886648112,"segment_first_lon":-118.5829133785,"segment_second_lat":34.1886641012,"segment_second_lon":-118.5841996931,"segment_sequence":110014,"segment_id":6,"segment_len_meter":118.31463521751252,"segment_cum_len":20394.973875154}
{"route_id":"901","segment_first_lat":34.1886641012,"segment_first_lon":-118.5841996931,"segment_second_lat":34.1886578659,"segment_second_lon":-118.5854892759,"segment_sequence":110015,"segment_id":6,"segment_len_meter":118.6172475828698,"segment_cum_len":20513.591122736867}
{"route_id":"901","segment_first_lat":34.1886578659,"segment_first_lon":-118.5854892759,"segment_second_lat":34.1886543967,"segment_second_lon":-118.5867722645,"segment_sequence":110016,"segment_id":6,"segment_len_meter":118.00932711368283,"segment_cum_len":20631.60044985055}
{"route_id":"901","segment_first_lat":34.1886543967,"segment_first_lon":-118.5867722645,"segment_second_lat":34.1886506728,"segment_second_lon":-118.5875394007,"segment_sequence":110017,"segment_id":6,"segment_len_meter":70.56205000795778,"segment_cum_len":20702.162499858507}
{"route_id":"901","segment_first_lat":34.1886506728,"segment_first_lon":-118.5875394007,"segment_second_lat":34.1886469923,"segment_second_lon":-118.588296617,"segment_sequence":110018,"segment_id":6,"segment_len_meter":69.64961261678954,"segment_cum_len":20771.812112475298}
{"route_id":"901","segment_first_lat":34.1886469923,"segment_first_lon":-118.588296617,"segment_second_lat":34.1886451905,"segment_second_lon":-118.5886669586,"segment_sequence":110019,"segment_id":6,"segment_len_meter":34.0644419180498,"segment_cum_len":20805.876554393348}
{"route_id":"901","segment_first_lat":34.1886451905,"segment_first_lon":-118.5886669586,"segment_second_lat":34.1886423729,"segment_second_lon":-118.5892456172,"segment_sequence":110020,"segment_id":6,"segment_len_meter":53.2256796543305,"segment_cum_len":20859.102234047677}
{"route_id":"901","segment_first_lat":34.1886423729,"segment_first_lon":-118.5892456172,"segment_second_lat":34.1886417446,"segment_second_lon":-118.5893745754,"segment_sequence":120001,"segment_id":6,"segment_len_meter":11.86172317311761,"segment_cum_len":20870.963957220796}
{"route_id":"901","segment_first_lat":34.1886417446,"segment_first_lon":-118.5893745754,"segment_second_lat":34.1886382019,"segment_second_lon":-118.5906641769,"segment_sequence":120002,"segment_id":6,"segment_len_meter":118.61762494173591,"segment_cum_len":20989.581582162533}
{"route_id":"901","segment_first_lat":34.1886382019,"segment_first_lon":-118.5906641769,"segment_second_lat":34.1886442486,"segment_second_lon":-118.5911139356,"segment_sequence":120003,"segment_id":6,"segment_len_meter":41.37406760211802,"segment_cum_len":21030.95564976465}
{"route_id":"901","segment_first_lat":34.1886442486,"segment_first_lon":-118.5911139356,"segment_second_lat":34.1886803093,"segment_second_lon":-118.5916068945,"segment_sequence":120004,"segment_id":6,"segment_len_meter":45.519081511284114,"segment_cum_len":21076.474731275935}
{"route_id":"901","segment_first_lat":34.1886803093,"segment_first_lon":-118.5916068945,"segment_second_lat":34.1887280877,"segment_second_lon":-118.5919511337,"segment_sequence":120005,"segment_id":6,"segment_len_meter":32.105559786367415,"segment_cum_len":21108.580291062302}
{"route_id":"901","segment_first_lat":34.1887280877,"segment_first_lon":-118.5919511337,"segment_second_lat":34.1888591039,"segment_second_lon":-118.5926927727,"segment_sequence":120006,"segment_id":6,"segment_len_meter":69.75378774180987,"segment_cum_len":21178.334078804113}
{"route_id":"901","segment_first_lat":34.1888591039,"segment_first_lon":-118.5926927727,"segment_second_lat":34.1888942098,"segment_second_lon":-118.5928186781,"segment_sequence":120007,"segment_id":6,"segment_len_meter":12.220902543743689,"segment_cum_len":21190.554981347857}
{"route_id":"901","segment_first_lat":34.1888942098,"segment_first_lon":-118.5928186781,"segment_second_lat":34.1890021449,"segment_second_lon":-118.5932228676,"segment_sequence":120008,"segment_id":6,"segment_len_meter":39.06630159175632,"segment_cum_len":21229.621282939614}
{"route_id":"901","segment_first_lat":34.1890021449,"segment_first_lon":-118.5932228676,"segment_second_lat":34.1891295082,"segment_second_lon":-118.5935875152,"segment_sequence":120009,"segment_id":6,"segment_len_meter":36.4073495949625,"segment_cum_len":21266.028632534577}
{"route_id":"901","segment_first_lat":34.1891295082,"segment_first_lon":-118.5935875152,"segment_second_lat":34.1893442161,"segment_second_lon":-118.5940718284,"segment_sequence":120010,"segment_id":6,"segment_len_meter":50.54095035737454,"segment_cum_len":21316.569582891952}
{"route_id":"901","segment_first_lat":34.1893442161,"segment_first_lon":-118.5940718284,"segment_second_lat":34.1895702546,"segment_second_lon":-118.5944867825,"segment_sequence":120011,"segment_id":6,"segment_len_meter":45.69954917951401,"segment_cum_len":21362.269132071466}
{"route_id":"901","segment_first_lat":34.1895702546,"segment_first_lon":-118.5944867825,"segment_second_lat":34.1901543531,"segment_second_lon":-118.5952911842,"segment_sequence":120012,"segment_id":6,"segment_len_meter":98.45042502622732,"segment_cum_len":21460.719557097695}
{"route_id":"901","segment_first_lat":34.1901543531,"segment_first_lon":-118.5952911842,"segment_second_lat":34.1903837378,"segment_second_lon":-118.5955838178,"segment_sequence":120013,"segment_id":6,"segment_len_meter":37.08148933227742,"segment_cum_len":21497.801046429973}
{"route_id":"901","segment_first_lat":34.1903837378,"segment_first_lon":-118.5955838178,"segment_second_lat":34.1904928365,"segment_second_lon":-118.5957499362,"segment_sequence":120014,"segment_id":6,"segment_len_meter":19.50947459135413,"segment_cum_len":21517.31052102133}
{"route_id":"901","segment_first_lat":34.1904928365,"segment_first_lon":-118.5957499362,"segment_second_lat":34.1908681316,"segment_second_lon":-118.5959873974,"segment_sequence":120015,"segment_id":6,"segment_len_meter":47.10095826998487,"segment_cum_len":21564.411479291313}
{"route_id":"901","segment_first_lat":34.1908681316,"segment_first_lon":-118.5959873974,"segment_second_lat":34.1911986547,"segment_second_lon":-118.5962209037,"segment_sequence":120016,"segment_id":6,"segment_len_meter":42.56777653439107,"segment_cum_len":21606.979255825703}
{"route_id":"901","segment_first_lat":34.1911986547,"segment_first_lon":-118.5962209037,"segment_second_lat":34.1916485715,"segment_second_lon":-118.5965385972,"segment_sequence":130001,"segment_id":7,"segment_len_meter":57.93682554562507,"segment_cum_len":21664.916081371328}
{"route_id":"901","segment_first_lat":34.1916485715,"segment_first_lon":-118.5965385972,"segment_second_lat":34.1918966835,"segment_second_lon":-118.5966551174,"segment_sequence":130002,"segment_id":7,"segment_len_meter":29.59725333015288,"segment_cum_len":21694.51333470148}
{"route_id":"901","segment_first_lat":34.1918966835,"segment_first_lon":-118.5966551174,"segment_second_lat":34.1923641219,"segment_second_lon":-118.596874396,"segment_sequence":130003,"segment_id":7,"segment_len_meter":55.752545843606065,"segment_cum_len":21750.26588054509}
{"route_id":"901","segment_first_lat":34.1923641219,"segment_first_lon":-118.596874396,"segment_second_lat":34.1934126477,"segment_second_lon":-118.5971133736,"segment_sequence":130004,"segment_id":7,"segment_len_meter":118.64451469670331,"segment_cum_len":21868.91039524179}
{"route_id":"901","segment_first_lat":34.1934126477,"segment_first_lon":-118.5971133736,"segment_second_lat":34.1937750338,"segment_second_lon":-118.5971821031,"segment_sequence":130005,"segment_id":7,"segment_len_meter":40.78831069386885,"segment_cum_len":21909.698705935658}
{"route_id":"901","segment_first_lat":34.1937750338,"segment_first_lon":-118.5971821031,"segment_second_lat":34.194843953,"segment_second_lon":-118.5971864388,"segment_sequence":130006,"segment_id":7,"segment_len_meter":118.85906096453627,"segment_cum_len":22028.557766900194}
{"route_id":"901","segment_first_lat":34.194843953,"segment_first_lon":-118.5971864388,"segment_second_lat":34.1994136633,"segment_second_lon":-118.597202578,"segment_sequence":130007,"segment_id":7,"segment_len_meter":508.13076957170244,"segment_cum_len":22536.6885364719}
{"route_id":"901","segment_first_lat":34.1994136633,"segment_first_lon":-118.597202578,"segment_second_lat":34.1999306947,"segment_second_lon":-118.5971169812,"segment_sequence":130008,"segment_id":7,"segment_len_meter":58.02772031712612,"segment_cum_len":22594.716256789023}
{"route_id":"901","segment_first_lat":34.1999306947,"segment_first_lon":-118.5971169812,"segment_second_lat":34.2004830234,"segment_second_lon":-118.5971176229,"segment_sequence":130009,"segment_id":7,"segment_len_meter":61.41617763377309,"segment_cum_len":22656.132434422794}
{"route_id":"901","segment_first_lat":34.2004830234,"segment_first_lon":-118.5971176229,"segment_second_lat":34.2005678854,"segment_second_lon":-118.5971274898,"segment_sequence":130010,"segment_id":7,"segment_len_meter":9.479754281599176,"segment_cum_len":22665.612188704392}
{"route_id":"901","segment_first_lat":34.2005678854,"segment_first_lon":-118.5971274898,"segment_second_lat":34.201032294,"segment_second_lon":-118.5971810801,"segment_sequence":140001,"segment_id":7,"segment_len_meter":51.874534710972775,"segment_cum_len":22717.486723415364}
{"route_id":"901","segment_first_lat":34.201032294,"segment_first_lon":-118.5971810801,"segment_second_lat":34.2039449695,"segment_second_lon":-118.5972052151,"segment_sequence":140002,"segment_id":7,"segment_len_meter":323.8823439674603,"segment_cum_len":23041.369067382824}
{"route_id":"901","segment_first_lat":34.2039449695,"segment_first_lon":-118.5972052151,"segment_second_lat":34.2046867837,"segment_second_lon":-118.597230364,"segment_sequence":140003,"segment_id":7,"segment_len_meter":82.51839186934613,"segment_cum_len":23123.88745925217}
{"route_id":"901","segment_first_lat":34.2046867837,"segment_first_lon":-118.597230364,"segment_second_lat":34.2083030324,"segment_second_lon":-118.5972330736,"segment_sequence":140004,"segment_id":7,"segment_len_meter":402.1085861288732,"segment_cum_len":23525.996045381045}
{"route_id":"901","segment_first_lat":34.2083030324,"segment_first_lon":-118.5972330736,"segment_second_lat":34.2119303377,"segment_second_lon":-118.5972226318,"segment_sequence":140005,"segment_id":7,"segment_len_meter":403.3390896610828,"segment_cum_len":23929.33513504213}
{"route_id":"901","segment_first_lat":34.2119303377,"segment_first_lon":-118.5972226318,"segment_second_lat":34.2144667084,"segment_second_lon":-118.59721431,"segment_sequence":140006,"segment_id":7,"segment_len_meter":282.0325920221429,"segment_cum_len":24211.367727064273}
{"route_id":"901","segment_first_lat":34.2144667084,"segment_first_lon":-118.59721431,"segment_second_lat":34.2155795113,"segment_second_lon":-118.5972355001,"segment_sequence":140007,"segment_id":7,"segment_len_meter":123.75337652706457,"segment_cum_len":24335.121103591337}
{"route_id":"901","segment_first_lat":34.2155795113,"segment_first_lon":-118.5972355001,"segment_second_lat":34.2191628187,"segment_second_lon":-118.5972313587,"segment_sequence":140008,"segment_id":7,"segment_len_meter":398.4457854503104,"segment_cum_len":24733.566889041645}
{"route_id":"901","segment_first_lat":34.2191628187,"segment_first_lon":-118.5972313587,"segment_second_lat":34.2198002482,"segment_second_lon":-118.5972491499,"segment_sequence":140009,"segment_id":7,"segment_len_meter":70.89780077158015,"segment_cum_len":24804.464689813227}
{"route_id":"901","segment_first_lat":34.2198002482,"segment_first_lon":-118.5972491499,"segment_second_lat":34.2200614056,"segment_second_lon":-118.597227862,"segment_sequence":140010,"segment_id":7,"segment_len_meter":29.105267416612524,"segment_cum_len":24833.56995722984}
{"route_id":"901","segment_first_lat":34.2200614056,"segment_first_lon":-118.597227862,"segment_second_lat":34.2204543443,"segment_second_lon":-118.5972306726,"segment_sequence":140011,"segment_id":7,"segment_len_meter":43.69355413015367,"segment_cum_len":24877.263511359994}
{"route_id":"901","segment_first_lat":34.2204543443,"segment_first_lon":-118.5972306726,"segment_second_lat":34.2204543443,"segment_second_lon":-118.5972306726,"segment_sequence":150001,"segment_id":8,"segment_len_meter":0.0,"segment_cum_len":24877.263511359994}
{"route_id":"901","segment_first_lat":34.2204543443,"segment_first_lon":-118.5972306726,"segment_second_lat":34.2223393341,"segment_second_lon":-118.5972474637,"segment_sequence":150002,"segment_id":8,"segment_len_meter":209.60698809958205,"segment_cum_len":25086.870499459576}
{"route_id":"901","segment_first_lat":34.2223393341,"segment_first_lon":-118.5972474637,"segment_second_lat":34.2253070314,"segment_second_lon":-118.597258768,"segment_sequence":150003,"segment_id":8,"segment_len_meter":329.9945202868569,"segment_cum_len":25416.865019746434}
{"route_id":"901","segment_first_lat":34.2253070314,"segment_first_lon":-118.597258768,"segment_second_lat":34.2282280482,"segment_second_lon":-118.5972631225,"segment_sequence":150004,"segment_id":8,"segment_len_meter":324.8024955309719,"segment_cum_len":25741.667515277404}
{"route_id":"901","segment_first_lat":34.2282280482,"segment_first_lon":-118.5972631225,"segment_second_lat":34.2305114722,"segment_second_lon":-118.5972827664,"segment_sequence":150005,"segment_id":8,"segment_len_meter":253.91158678365173,"segment_cum_len":25995.579102061056}
{"route_id":"901","segment_first_lat":34.2305114722,"segment_first_lon":-118.5972827664,"segment_second_lat":34.2337074019,"segment_second_lon":-118.5972626208,"segment_sequence":150006,"segment_id":8,"segment_len_meter":355.3759944696011,"segment_cum_len":26350.955096530655}
{"route_id":"901","segment_first_lat":34.2337074019,"segment_first_lon":-118.5972626208,"segment_second_lat":34.2348532764,"segment_second_lon":-118.5972642016,"segment_sequence":150007,"segment_id":8,"segment_len_meter":127.41551384498642,"segment_cum_len":26478.37061037564}
{"route_id":"901","segment_first_lat":34.2348532764,"segment_first_lon":-118.5972642016,"segment_second_lat":34.2354577483,"segment_second_lon":-118.597278452,"segment_sequence":150008,"segment_id":8,"segment_len_meter":67.22697370011198,"segment_cum_len":26545.597584075753}
{"route_id":"901","segment_first_lat":34.2354577483,"segment_first_lon":-118.597278452,"segment_second_lat":34.2358481187,"segment_second_lon":-118.5972448502,"segment_sequence":150009,"segment_id":8,"segment_len_meter":43.516977692398996,"segment_cum_len":26589.11456176815}
{"route_id":"901","segment_first_lat":34.2358481187,"segment_first_lon":-118.5972448502,"segment_second_lat":34.2361283965,"segment_second_lon":-118.5972468554,"segment_sequence":150010,"segment_id":8,"segment_len_meter":31.166014544313796,"segment_cum_len":26620.280576312463}
{"route_id":"901","segment_first_lat":34.2361283965,"segment_first_lon":-118.5972468554,"segment_second_lat":34.2361283965,"segment_second_lon":-118.5972468554,"segment_sequence":160001,"segment_id":8,"segment_len_meter":0.0,"segment_cum_len":26620.280576312463}
{"route_id":"901","segment_first_lat":34.2361283965,"segment_first_lon":-118.5972468554,"segment_second_lat":34.2381590208,"segment_second_lon":-118.597264692,"segment_sequence":160002,"segment_id":8,"segment_len_meter":225.80107336378754,"segment_cum_len":26846.081649676253}
{"route_id":"901","segment_first_lat":34.2381590208,"segment_first_lon":-118.597264692,"segment_second_lat":34.2405743565,"segment_second_lon":-118.5972819733,"segment_sequence":160003,"segment_id":8,"segment_len_meter":268.57777401866315,"segment_cum_len":27114.659423694917}
{"route_id":"901","segment_first_lat":34.2405743565,"segment_first_lon":-118.5972819733,"segment_second_lat":34.2425802666,"segment_second_lon":-118.597296326,"segment_sequence":160004,"segment_id":8,"segment_len_meter":223.05092830517407,"segment_cum_len":27337.71035200009}
{"route_id":"901","segment_first_lat":34.2425802666,"segment_first_lon":-118.597296326,"segment_second_lat":34.243470561,"segment_second_lon":-118.5973026965,"segment_sequence":160005,"segment_id":8,"segment_len_meter":98.99795237538302,"segment_cum_len":27436.708304375472}
{"route_id":"901","segment_first_lat":34.243470561,"segment_first_lon":-118.5973026965,"segment_second_lat":34.243794755,"segment_second_lon":-118.597314943,"segment_sequence":160006,"segment_id":8,"segment_len_meter":36.066299753146005,"segment_cum_len":27472.77460412862}
{"route_id":"901","segment_first_lat":34.243794755,"segment_first_lon":-118.597314943,"segment_second_lat":34.2445886663,"segment_second_lon":-118.5979195444,"segment_sequence":160007,"segment_id":8,"segment_len_meter":104.31524381113152,"segment_cum_len":27577.08984793975}
{"route_id":"901","segment_first_lat":34.2445886663,"segment_first_lon":-118.5979195444,"segment_second_lat":34.2448954251,"segment_second_lon":-118.5981235886,"segment_sequence":160008,"segment_id":8,"segment_len_meter":38.92632425919036,"segment_cum_len":27616.016172198943}
{"route_id":"901","segment_first_lat":34.2448954251,"segment_first_lon":-118.5981235886,"segment_second_lat":34.2451858439,"segment_second_lon":-118.5982977364,"segment_sequence":160009,"segment_id":8,"segment_len_meter":36.04272955961174,"segment_cum_len":27652.058901758555}
{"route_id":"901","segment_first_lat":34.2451858439,"segment_first_lon":-118.5982977364,"segment_second_lat":34.2454215513,"segment_second_lon":-118.5984218583,"segment_sequence":160010,"segment_id":8,"segment_len_meter":28.584986948073315,"segment_cum_len":27680.64388870663}
{"route_id":"901","segment_first_lat":34.2454215513,"segment_first_lon":-118.5984218583,"segment_second_lat":34.2455531359,"segment_second_lon":-118.5984856724,"segment_sequence":160011,"segment_id":8,"segment_len_meter":15.763490018913577,"segment_cum_len":27696.407378725544}
{"route_id":"901","segment_first_lat":34.2455531359,"segment_first_lon":-118.5984856724,"segment_second_lat":34.2458026641,"segment_second_lon":-118.5985933496,"segment_sequence":160012,"segment_id":8,"segment_len_meter":29.458682679925438,"segment_cum_len":27725.866061405468}
{"route_id":"901","segment_first_lat":34.2458026641,"segment_first_lon":-118.5985933496,"segment_second_lat":34.2460248286,"segment_second_lon":-118.598677668,"segment_sequence":160013,"segment_id":8,"segment_len_meter":25.890794987985696,"segment_cum_len":27751.756856393455}
{"route_id":"901","segment_first_lat":34.2460248286,"segment_first_lon":-118.598677668,"segment_second_lat":34.2460934095,"segment_second_lon":-118.5987013229,"segment_sequence":160014,"segment_id":8,"segment_len_meter":7.92975879649525,"segment_cum_len":27759.68661518995}
{"route_id":"901","segment_first_lat":34.2460934095,"segment_first_lon":-118.5987013229,"segment_second_lat":34.2467214984,"segment_second_lon":-118.5989407696,"segment_sequence":160015,"segment_id":8,"segment_len_meter":73.22614350542386,"segment_cum_len":27832.912758695373}
{"route_id":"901","segment_first_lat":34.2467214984,"segment_first_lon":-118.5989407696,"segment_second_lat":34.2473410485,"segment_second_lon":-118.5992397217,"segment_sequence":160016,"segment_id":8,"segment_len_meter":74.16879594689657,"segment_cum_len":27907.08155464227}
{"route_id":"901","segment_first_lat":34.2473410485,"segment_first_lon":-118.5992397217,"segment_second_lat":34.2478731101,"segment_second_lon":-118.5994487045,"segment_sequence":160017,"segment_id":8,"segment_len_meter":62.20274422274696,"segment_cum_len":27969.28429886502}
{"route_id":"901","segment_first_lat":34.2478731101,"segment_first_lon":-118.5994487045,"segment_second_lat":34.2482186964,"segment_second_lon":-118.5995802412,"segment_sequence":160018,"segment_id":8,"segment_len_meter":40.28449258598186,"segment_cum_len":28009.568791451}
{"route_id":"901","segment_first_lat":34.2482186964,"segment_first_lon":-118.5995802412,"segment_second_lat":34.2485096049,"segment_second_lon":-118.5996551312,"segment_sequence":160019,"segment_id":8,"segment_len_meter":33.071831979016714,"segment_cum_len":28042.64062343002}
{"route_id":"901","segment_first_lat":34.2485096049,"segment_first_lon":-118.5996551312,"segment_second_lat":34.2487321292,"segment_second_lon":-118.5996666572,"segment_sequence":160020,"segment_id":8,"segment_len_meter":24.766242098859824,"segment_cum_len":28067.40686552888}
{"route_id":"901","segment_first_lat":34.2487321292,"segment_first_lon":-118.5996666572,"segment_second_lat":34.248850302,"segment_second_lon":-118.5996641971,"segment_sequence":160021,"segment_id":8,"segment_len_meter":13.142161202470072,"segment_cum_len":28080.54902673135}
{"route_id":"901","segment_first_lat":34.248850302,"segment_first_lon":-118.5996641971,"segment_second_lat":34.2497177831,"segment_second_lon":-118.5992832581,"segment_sequence":160022,"segment_id":8,"segment_len_meter":102.61760016122713,"segment_cum_len":28183.166626892576}
{"route_id":"901","segment_first_lat":34.2497177831,"segment_first_lon":-118.5992832581,"segment_second_lat":34.2501446619,"segment_second_lon":-118.5990910818,"segment_sequence":160023,"segment_id":8,"segment_len_meter":50.64671707467185,"segment_cum_len":28233.81334396725}
{"route_id":"901","segment_first_lat":34.2501446619,"segment_first_lon":-118.5990910818,"segment_second_lat":34.2505078984,"segment_second_lon":-118.598987795,"segment_sequence":160024,"segment_id":8,"segment_len_meter":41.49071882430607,"segment_cum_len":28275.304062791554}
{"route_id":"901","segment_first_lat":34.2505078984,"segment_first_lon":-118.598987795,"segment_second_lat":34.2508075747,"segment_second_lon":-118.5989568536,"segment_sequence":160025,"segment_id":8,"segment_len_meter":33.44361848031272,"segment_cum_len":28308.747681271867}
{"route_id":"901","segment_first_lat":34.2508075747,"segment_first_lon":-118.5989568536,"segment_second_lat":34.2512142523,"segment_second_lon":-118.5989597719,"segment_sequence":160026,"segment_id":8,"segment_len_meter":45.221281382505445,"segment_cum_len":28353.968962654373}
{"route_id":"901","segment_first_lat":34.2512142523,"segment_first_lon":-118.5989597719,"segment_second_lat":34.2513846172,"segment_second_lon":-118.5989609945,"segment_sequence":160027,"segment_id":8,"segment_len_meter":18.94404583622141,"segment_cum_len":28372.913008490596}
{"route_id":"901","segment_first_lat":34.2513846172,"segment_first_lon":-118.5989609945,"segment_second_lat":34.251843225,"segment_second_lon":-118.5990205426,"segment_sequence":160028,"segment_id":8,"segment_len_meter":51.287725652873256,"segment_cum_len":28424.20073414347}
{"route_id":"901","segment_first_lat":34.251843225,"segment_first_lon":-118.5990205426,"segment_second_lat":34.2519393496,"segment_second_lon":-118.5990311602,"segment_sequence":160029,"segment_id":8,"segment_len_meter":10.73302395308586,"segment_cum_len":28434.933758096555}
{"route_id":"901","segment_first_lat":34.2519393496,"segment_first_lon":-118.5990311602,"segment_second_lat":34.252365262,"segment_second_lon":-118.5990342169,"segment_sequence":160030,"segment_id":8,"segment_len_meter":47.36013136114658,"segment_cum_len":28482.293889457702}
{"route_id":"901","segment_first_lat":34.252365262,"segment_first_lon":-118.5990342169,"segment_second_lat":34.2523978755,"segment_second_lon":-118.5991072548,"segment_sequence":160031,"segment_id":8,"segment_len_meter":7.629834394480193,"segment_cum_len":28489.923723852182}
{"route_id":"901","segment_first_lat":34.2523978755,"segment_first_lon":-118.5991072548,"segment_second_lat":34.2523974988,"segment_second_lon":-118.5991833651,"segment_sequence":160032,"segment_id":8,"segment_len_meter":6.995420612071393,"segment_cum_len":28496.919144464253}
{"route_id":"901","segment_first_lat":34.2523974988,"segment_first_lon":-118.5991833651,"segment_second_lat":34.252358587,"segment_second_lon":-118.5992724358,"segment_sequence":160033,"segment_id":8,"segment_len_meter":9.25957467507676,"segment_cum_len":28506.17871913933}
{"route_id":"901","segment_first_lat":34.252358587,"segment_first_lon":-118.5992724358,"segment_second_lat":34.252067318,"segment_second_lon":-118.5992703445,"segment_sequence":160034,"segment_id":8,"segment_len_meter":32.38820544598613,"segment_cum_len":28538.566924585317}
