{"route_id":"252","segment_first_lat":34.0245648084,"segment_first_lon":-118.2198118696,"segment_second_lat":34.0255388387,"segment_second_lon":-118.2197088201,"segment_sequence":10001,"segment_id":1,"segment_len_meter":108.72278806949586,"segment_cum_len":108.72278806949586}
{"route_id":"252","segment_first_lat":34.0255388387,"segment_first_lon":-118.2197088201,"segment_second_lat":34.0262753947,"segment_second_lon":-118.2196381478,"segment_sequence":10002,"segment_id":1,"segment_len_meter":82.15984130583848,"segment_cum_len":190.88262937533435}
{"route_id":"252","segment_first_lat":34.0262753947,"segment_first_lon":-118.2196381478,"segment_second_lat":34.0277933572,"segment_second_lon":-118.2194635837,"segment_sequence":10003,"segment_id":1,"segment_len_meter":169.55460785993245,"segment_cum_len":360.4372372352668}
{"route_id":"252","segment_first_lat":34.0277933572,"segment_first_lon":-118.2194635837,"segment_second_lat":34.0280426406,"segment_second_lon":-118.2194348643,"segment_sequence":20001,"segment_id":1,"segment_len_meter":27.845112687003855,"segment_cum_len":388.28234992227067}
{"route_id":"252","segment_first_lat":34.0280426406,"segment_first_lon":-118.2194348643,"segment_second_lat":34.0280646474,"segment_second_lon":-118.2194217207,"segment_sequence":20002,"segment_id":1,"segment_len_meter":2.7304080094613776,"segment_cum_len":391.01275793173204}
{"route_id":"252","segment_first_lat":34.0280646474,"segment_first_lon":-118.2194217207,"segment_second_lat":34.0288595193,"segment_second_lon":-118.2190145585,"segment_sequence":20003,"segment_id":1,"segment_len_meter":96.02033347606998,"segment_cum_len":487.03309140780203}
{"route_id":"252","segment_first_lat":34.0288595193,"segment_first_lon":-118.2190145585,"segment_second_lat":34.0289447865,"segment_second_lon":-118.2189685764,"segment_sequence":20004,"segment_id":1,"segment_len_meter":10.385099236613428,"segment_cum_len":497.41819064441546}
{"route_id":"252","segment_first_lat":34.0289447865,"segment_first_lon":-118.2189685764,"segment_second_lat":34.0290768031,"segment_second_lon":-118.2189029142,"segment_sequence":20005,"segment_id":1,"segment_len_meter":15.877795763735055,"segment_cum_len":513.2959864081505}
{"route_id":"252","segment_first_lat":34.0290768031,"segment_first_lon":-118.2189029142,"segment_second_lat":34.0292308143,"segment_second_lon":-118.2188307086,"segment_sequence":20006,"segment_id":1,"segment_len_meter":18.372534003958652,"segment_cum_len":531.6685204121092}
{"route_id":"252","segment_first_lat":34.0292308143,"segment_first_lon":-118.2188307086,"segment_second_lat":34.0295443803,"segment_second_lon":-118.2186599077,"segment_sequence":20007,"segment_id":1,"segment_len_meter":38.255001801595995,"segment_cum_len":569.9235222137052}
{"route_id":"252","segment_first_lat":34.0295443803,"segment_first_lon":-118.2186599077,"segment_second_lat":34.0297809345,"segment_second_lon":-118.2185285094,"segment_sequence":20008,"segment_id":1,"segment_len_meter":28.956884909041438,"segment_cum_len":598.8804071227466}
{"route_id":"252","segment_first_lat":34.0297809345,"segment_first_lon":-118.2185285094,"segment_second_lat":34.0298249419,"segment_second_lon":-118.2185055215,"segment_sequence":20009,"segment_id":1,"segment_len_meter":5.332254517322455,"segment_cum_len":604.2126616400691}
{"route_id":"252","segment_first_lat":34.0298249419,"segment_first_lon":-118.2185055215,"segment_second_lat":34.0299047192,"segment_second_lon":-118.2184562236,"segment_sequence":20010,"segment_id":1,"segment_len_meter":9.966430682335174,"segment_cum_len":614.1790923224042}
{"route_id":"252","segment_first_lat":34.0299047192,"segment_first_lon":-118.2184562236,"segment_second_lat":34.0300284979,"segment_second_lon":-118.2183872379,"segment_sequence":20011,"segment_id":1,"segment_len_meter":15.160788300507573,"segment_cum_len":629.3398806229118}
{"route_id":"252","segment_first_lat":34.0300284979,"segment_first_lon":-118.2183872379,"segment_second_lat":34.0301302698,"segment_second_lon":-118.2183313963,"segment_sequence":20012,"segment_id":1,"segment_len_meter":12.431577151139283,"segment_cum_len":641.7714577740511}
{"route_id":"252","segment_first_lat":34.0301302698,"segment_first_lon":-118.2183313963,"segment_second_lat":34.0301990437,"segment_second_lon":-118.2182886702,"segment_sequence":20013,"segment_id":1,"segment_len_meter":8.601374057038258,"segment_cum_len":650.3728318310893}
{"route_id":"252","segment_first_lat":34.0301990437,"segment_first_lon":-118.2182886702,"segment_second_lat":34.0307822916,"segment_second_lon":-118.2179007386,"segment_sequence":20014,"segment_id":1,"segment_len_meter":74.05421435674624,"segment_cum_len":724.4270461878356}
{"route_id":"252","segment_first_lat":34.0307822916,"segment_first_lon":-118.2179007386,"segment_second_lat":34.0308620687,"segment_second_lon":-118.2178514396,"segment_sequence":20015,"segment_id":1,"segment_len_meter":9.96643372930398,"segment_cum_len":734.3934799171395}
{"route_id":"252","segment_first_lat":34.0308620687,"segment_first_lon":-118.2178514396,"segment_second_lat":34.0309968741,"segment_second_lon":-118.2177626782,"segment_sequence":20016,"segment_id":1,"segment_len_meter":17.076127043876475,"segment_cum_len":751.469606961016}
{"route_id":"252","segment_first_lat":34.0309968741,"segment_first_lon":-118.2177626782,"segment_second_lat":34.0311234241,"segment_second_lon":-118.217680496,"segment_sequence":20017,"segment_id":1,"segment_len_meter":15.980182814500335,"segment_cum_len":767.4497897755164}
{"route_id":"252","segment_first_lat":34.0311234241,"segment_first_lon":-118.217680496,"segment_second_lat":34.0312829898,"segment_second_lon":-118.217575296,"segment_sequence":20018,"segment_id":1,"segment_len_meter":20.218539063087302,"segment_cum_len":787.6683288386037}
{"route_id":"252","segment_first_lat":34.0312829898,"segment_first_lon":-118.217575296,"segment_second_lat":34.0321707105,"segment_second_lon":-118.2170280703,"segment_sequence":20019,"segment_id":1,"segment_len_meter":110.84474136232828,"segment_cum_len":898.5130702009319}
{"route_id":"252","segment_first_lat":34.0321707105,"segment_first_lon":-118.2170280703,"segment_second_lat":34.0323173341,"segment_second_lon":-118.2169376866,"segment_sequence":30001,"segment_id":2,"segment_len_meter":18.30801546299526,"segment_cum_len":916.8210856639272}
{"route_id":"252","segment_first_lat":34.0323173341,"segment_first_lon":-118.2169376866,"segment_second_lat":34.0327162171,"segment_second_lon":-118.2166911813,"segment_sequence":30002,"segment_id":2,"segment_len_meter":49.8321470619296,"segment_cum_len":966.6532327258568}
{"route_id":"252","segment_first_lat":34.0327162171,"segment_first_lon":-118.2166911813,"segment_second_lat":34.0338798593,"segment_second_lon":-118.215968069,"segment_sequence":30003,"segment_id":2,"segment_len_meter":145.5407932825723,"segment_cum_len":1112.194026008429}
{"route_id":"252","segment_first_lat":34.0338798593,"segment_first_lon":-118.215968069,"segment_second_lat":34.0341882299,"segment_second_lon":-118.2157807316,"segment_sequence":30004,"segment_id":2,"segment_len_meter":38.389508524753445,"segment_cum_len":1150.5835345331825}
{"route_id":"252","segment_first_lat":34.0341882299,"segment_first_lon":-118.2157807316,"segment_second_lat":34.0343722617,"segment_second_lon":-118.2156689861,"segment_sequence":40001,"segment_id":2,"segment_len_meter":22.908089919875536,"segment_cum_len":1173.491624453058}
{"route_id":"252","segment_first_lat":34.0343722617,"segment_first_lon":-118.2156689861,"segment_second_lat":34.0347876587,"segment_second_lon":-118.2154060082,"segment_sequence":40002,"segment_id":2,"segment_len_meter":52.1607390146363,"segment_cum_len":1225.6523634676942}
{"route_id":"252","segment_first_lat":34.0347876587,"segment_first_lon":-118.2154060082,"segment_second_lat":34.0349774783,"segment_second_lon":-118.2152843741,"segment_sequence":40003,"segment_id":2,"segment_len_meter":23.89829114374572,"segment_cum_len":1249.5506546114398}
{"route_id":"252","segment_first_lat":34.0349774783,"segment_first_lon":-118.2152843741,"segment_second_lat":34.0357229868,"segment_second_lon":-118.2148143001,"segment_sequence":40004,"segment_id":2,"segment_len_meter":93.53136629139578,"segment_cum_len":1343.0820209028357}
{"route_id":"252","segment_first_lat":34.0357229868,"segment_first_lon":-118.2148143001,"segment_second_lat":34.0364134662,"segment_second_lon":-118.2143836849,"segment_sequence":40005,"segment_id":2,"segment_len_meter":86.42498738412661,"segment_cum_len":1429.5070082869622}
{"route_id":"252","segment_first_lat":34.0364134662,"segment_first_lon":-118.2143836849,"segment_second_lat":34.0373366585,"segment_second_lon":-118.2138146978,"segment_sequence":40006,"segment_id":2,"segment_len_meter":115.26804724329106,"segment_cum_len":1544.7750555302532}
{"route_id":"252","segment_first_lat":34.0373366585,"segment_first_lon":-118.2138146978,"segment_second_lat":34.037458797,"segment_second_lon":-118.2137394235,"segment_sequence":50001,"segment_id":3,"segment_len_meter":15.249846048118098,"segment_cum_len":1560.0249015783713}
{"route_id":"252","segment_first_lat":34.037458797,"segment_first_lon":-118.2137394235,"segment_second_lat":34.0392111662,"segment_second_lon":-118.2126183335,"segment_sequence":50002,"segment_id":3,"segment_len_meter":220.54330406821646,"segment_cum_len":1780.5682056465878}
{"route_id":"252","segment_first_lat":34.0392111662,"segment_first_lon":-118.2126183335,"segment_second_lat":34.0404328522,"segment_second_lon":-118.2118450829,"segment_sequence":50003,"segment_id":3,"segment_len_meter":153.3958594429556,"segment_cum_len":1933.9640650895435}
{"route_id":"252","segment_first_lat":34.0404328522,"segment_first_lon":-118.2118450829,"segment_second_lat":34.0406031342,"segment_second_lon":-118.2117372467,"segment_sequence":60001,"segment_id":3,"segment_len_meter":21.383203450544823,"segment_cum_len":1955.3472685400884}
{"route_id":"252","segment_first_lat":34.0406031342,"segment_first_lon":-118.2117372467,"segment_second_lat":34.0414394123,"segment_second_lon":-118.211207923,"segment_sequence":60002,"segment_id":3,"segment_len_meter":105.00393754236389,"segment_cum_len":2060.3512060824523}
{"route_id":"252","segment_first_lat":34.0414394123,"segment_first_lon":-118.211207923,"segment_second_lat":34.0421354035,"segment_second_lon":-118.210760758,"segment_sequence":60003,"segment_id":3,"segment_len_meter":87.67487511809877,"segment_cum_len":2148.0260812005513}
{"route_id":"252","segment_first_lat":34.0421354035,"segment_first_lon":-118.210760758,"segment_second_lat":34.0423609751,"segment_second_lon":-118.2106193873,"segment_sequence":60004,"segment_id":3,"segment_len_meter":28.26300733081963,"segment_cum_len":2176.289088531371}
{"route_id":"252","segment_first_lat":34.0423609751,"segment_first_lon":-118.2106193873,"segment_second_lat":34.0437034387,"segment_second_lon":-118.2097546147,"segment_sequence":60005,"segment_id":3,"segment_len_meter":169.2091146497274,"segment_cum_len":2345.4982031810982}
{"route_id":"252","segment_first_lat":34.0437034387,"segment_first_lon":-118.2097546147,"segment_second_lat":34.0439094834,"segment_second_lon":-118.2096224324,"segment_sequence":60006,"segment_id":3,"segment_len_meter":25.94697389045927,"segment_cum_len":2371.4451770715573}
{"route_id":"252","segment_first_lat":34.0439094834,"segment_first_lon":-118.2096224324,"segment_second_lat":34.0450376355,"segment_second_lon":-118.2088996968,"segment_sequence":70001,"segment_id":4,"segment_len_meter":142.0234673538389,"segment_cum_len":2513.468644425396}
{"route_id":"252","segment_first_lat":34.0450376355,"segment_first_lon":-118.2088996968,"segment_second_lat":34.0452576808,"segment_second_lon":-118.2087748075,"segment_sequence":70002,"segment_id":4,"segment_len_meter":27.038581527520815,"segment_cum_len":2540.507225952917}
{"route_id":"252","segment_first_lat":34.0452576808,"segment_first_lon":-118.2087748075,"segment_second_lat":34.0453044742,"segment_second_lon":-118.20872871,"segment_sequence":70003,"segment_id":4,"segment_len_meter":6.716551063643431,"segment_cum_len":2547.2237770165602}
{"route_id":"252","segment_first_lat":34.0453044742,"segment_first_lon":-118.20872871,"segment_second_lat":34.0466158111,"segment_second_lon":-118.2079001111,"segment_sequence":70004,"segment_id":4,"segment_len_meter":164.5902670771286,"segment_cum_len":2711.8140440936886}
{"route_id":"252","segment_first_lat":34.0466158111,"segment_first_lon":-118.2079001111,"segment_second_lat":34.0467981927,"segment_second_lon":-118.2077850265,"segment_sequence":80001,"segment_id":4,"segment_len_meter":22.8845531052193,"segment_cum_len":2734.698597198908}
{"route_id":"252","segment_first_lat":34.0467981927,"segment_first_lon":-118.2077850265,"segment_second_lat":34.0477059942,"segment_second_lon":-118.2071996825,"segment_sequence":80002,"segment_id":4,"segment_len_meter":114.44602782831177,"segment_cum_len":2849.1446250272197}
{"route_id":"252","segment_first_lat":34.0477059942,"segment_first_lon":-118.2071996825,"segment_second_lat":34.0483552177,"segment_second_lon":-118.2067754431,"segment_sequence":80003,"segment_id":4,"segment_len_meter":82.09254353029417,"segment_cum_len":2931.237168557514}
{"route_id":"252","segment_first_lat":34.0483552177,"segment_first_lon":-118.2067754431,"segment_second_lat":34.0486055268,"segment_second_lon":-118.2066275099,"segment_sequence":80004,"segment_id":4,"segment_len_meter":30.991000627751067,"segment_cum_len":2962.228169185265}
{"route_id":"252","segment_first_lat":34.0486055268,"segment_first_lon":-118.2066275099,"segment_second_lat":34.0486440701,"segment_second_lon":-118.2065846901,"segment_sequence":80005,"segment_id":4,"segment_len_meter":5.825104734256774,"segment_cum_len":2968.053273919522}
{"route_id":"252","segment_first_lat":34.0486440701,"segment_first_lon":-118.2065846901,"segment_second_lat":34.0494582924,"segment_second_lon":-118.2060849205,"segment_sequence":80006,"segment_id":4,"segment_len_meter":101.57321087453548,"segment_cum_len":3069.6264847940574}
{"route_id":"252","segment_first_lat":34.0494582924,"segment_first_lon":-118.2060849205,"segment_second_lat":34.0497960932,"segment_second_lon":-118.2058721651,"segment_sequence":80007,"segment_id":4,"segment_len_meter":42.36857997504774,"segment_cum_len":3111.9950647691053}
{"route_id":"252","segment_first_lat":34.0497960932,"segment_first_lon":-118.2058721651,"segment_second_lat":34.0499176795,"segment_second_lon":-118.2057955463,"segment_sequence":90001,"segment_id":5,"segment_len_meter":15.251657427331807,"segment_cum_len":3127.246722196437}
{"route_id":"252","segment_first_lat":34.0499176795,"segment_first_lon":-118.2057955463,"segment_second_lat":34.0503358144,"segment_second_lon":-118.2055258748,"segment_sequence":90002,"segment_id":5,"segment_len_meter":52.71628770983698,"segment_cum_len":3179.9630099062742}
{"route_id":"252","segment_first_lat":34.0503358144,"segment_first_lon":-118.2055258748,"segment_second_lat":34.0506521715,"segment_second_lon":-118.2053186744,"segment_sequence":90003,"segment_id":5,"segment_len_meter":40.02307362534624,"segment_cum_len":3219.9860835316204}
{"route_id":"252","segment_first_lat":34.0506521715,"segment_first_lon":-118.2053186744,"segment_second_lat":34.0511913399,"segment_second_lon":-118.204973366,"segment_sequence":90004,"segment_id":5,"segment_len_meter":67.87053293554433,"segment_cum_len":3287.8566164671647}
{"route_id":"252","segment_first_lat":34.0511913399,"segment_first_lon":-118.204973366,"segment_second_lat":34.0520908285,"segment_second_lon":-118.2044209534,"segment_sequence":90005,"segment_id":5,"segment_len_meter":112.22217554721033,"segment_cum_len":3400.078792014375}
{"route_id":"252","segment_first_lat":34.0520908285,"segment_first_lon":-118.2044209534,"segment_second_lat":34.0525502396,"segment_second_lon":-118.2041150544,"segment_sequence":90006,"segment_id":5,"segment_len_meter":58.342183842870504,"segment_cum_len":3458.420975857245}
{"route_id":"252","segment_first_lat":34.0525502396,"segment_first_lon":-118.2041150544,"segment_second_lat":34.0529903703,"segment_second_lon":-118.2038355157,"segment_sequence":90007,"segment_id":5,"segment_len_meter":55.30262142763161,"segment_cum_len":3513.7235972848766}
{"route_id":"252","segment_first_lat":34.0529903703,"segment_first_lon":-118.2038355157,"segment_second_lat":34.0531735691,"segment_second_lon":-118.2037223963,"segment_sequence":90008,"segment_id":5,"segment_len_meter":22.881726637898375,"segment_cum_len":3536.605323922775}
{"route_id":"252","segment_first_lat":34.0531735691,"segment_first_lon":-118.2037223963,"segment_second_lat":34.0533314608,"segment_second_lon":-118.2036250612,"segment_sequence":100001,"segment_id":5,"segment_len_meter":19.7142103028931,"segment_cum_len":3556.319534225668}
{"route_id":"252","segment_first_lat":34.0533314608,"segment_first_lon":-118.2036250612,"segment_second_lat":34.0537192922,"segment_second_lon":-118.2033982118,"segment_sequence":100002,"segment_id":5,"segment_len_meter":47.92200495826808,"segment_cum_len":3604.2415391839363}
{"route_id":"252","segment_first_lat":34.0537192922,"segment_first_lon":-118.2033982118,"segment_second_lat":34.0539503733,"segment_second_lon":-118.2032436096,"segment_sequence":100003,"segment_id":5,"segment_len_meter":29.37850300256861,"segment_cum_len":3633.620042186505}
{"route_id":"252","segment_first_lat":34.0539503733,"segment_first_lon":-118.2032436096,"segment_second_lat":34.0541154168,"segment_second_lon":-118.2031416682,"segment_sequence":100004,"segment_id":5,"segment_len_meter":20.61541835964426,"segment_cum_len":3654.235460546149}
{"route_id":"252","segment_first_lat":34.0541154168,"segment_first_lon":-118.2031416682,"segment_second_lat":34.0542611975,"segment_second_lon":-118.2030561864,"segment_sequence":100005,"segment_id":5,"segment_len_meter":18.02175202765523,"segment_cum_len":3672.2572125738043}
{"route_id":"252","segment_first_lat":34.0542611975,"segment_first_lon":-118.2030561864,"segment_second_lat":34.0545665201,"segment_second_lon":-118.2028720499,"segment_sequence":100006,"segment_id":5,"segment_len_meter":37.95249169491059,"segment_cum_len":3710.209704268715}
{"route_id":"252","segment_first_lat":34.0545665201,"segment_first_lon":-118.2028720499,"segment_second_lat":34.0546215327,"segment_second_lon":-118.2028391694,"segment_sequence":100007,"segment_id":5,"segment_len_meter":6.826040002910489,"segment_cum_len":3717.0357442716254}
{"route_id":"252","segment_first_lat":34.0546215327,"segment_first_lon":-118.2028391694,"segment_second_lat":34.0548660704,"segment_second_lon":-118.2026888884,"segment_sequence":100008,"segment_id":5,"segment_len_meter":30.513028555030626,"segment_cum_len":3747.548772826656}
{"route_id":"252","segment_first_lat":34.0548660704,"segment_first_lon":-118.2026888884,"segment_second_lat":34.0549213593,"segment_second_lon":-118.202655018,"segment_sequence":110001,"segment_id":6,"segment_len_meter":6.894372474420842,"segment_cum_len":3754.443145301077}
{"route_id":"252","segment_first_lat":34.0549213593,"segment_first_lon":-118.202655018,"segment_second_lat":34.0551111496,"segment_second_lon":-118.2025432299,"segment_sequence":110002,"segment_id":6,"segment_len_meter":23.482454151147756,"segment_cum_len":3777.925599452225}
{"route_id":"252","segment_first_lat":34.0551111496,"segment_first_lon":-118.2025432299,"segment_second_lat":34.0552541876,"segment_second_lon":-118.202454438,"segment_sequence":110003,"segment_id":6,"segment_len_meter":17.88529058919935,"segment_cum_len":3795.8108900414245}
{"route_id":"252","segment_first_lat":34.0552541876,"segment_first_lon":-118.202454438,"segment_second_lat":34.0553642125,"segment_second_lon":-118.2023886759,"segment_sequence":110004,"segment_id":6,"segment_len_meter":13.652072401823157,"segment_cum_len":3809.4629624432478}
{"route_id":"252","segment_first_lat":34.0553642125,"segment_first_lon":-118.2023886759,"segment_second_lat":34.055567764,"segment_second_lon":-118.2022637142,"segment_sequence":110005,"segment_id":6,"segment_len_meter":25.393310020489974,"segment_cum_len":3834.8562724637377}
{"route_id":"252","segment_first_lat":34.055567764,"segment_first_lon":-118.2022637142,"segment_second_lat":34.0559308511,"segment_second_lon":-118.2020433956,"segment_sequence":110006,"segment_id":6,"segment_len_meter":45.188164235459354,"segment_cum_len":3880.044436699197}
{"route_id":"252","segment_first_lat":34.0559308511,"segment_first_lon":-118.2020433956,"segment_second_lat":34.056335244,"segment_second_lon":-118.2017703514,"segment_sequence":110007,"segment_id":6,"segment_len_meter":51.523760569597954,"segment_cum_len":3931.568197268795}
{"route_id":"252","segment_first_lat":34.056335244,"segment_first_lon":-118.2017703514,"segment_second_lat":34.0563820072,"segment_second_lon":-118.2017407511,"segment_sequence":110008,"segment_id":6,"segment_len_meter":5.8714683763480195,"segment_cum_len":3937.4396656451427}
{"route_id":"252","segment_first_lat":34.0563820072,"segment_first_lon":-118.2017407511,"segment_second_lat":34.0564205213,"segment_second_lon":-118.2017144323,"segment_sequence":110009,"segment_id":6,"segment_len_meter":4.921282136001208,"segment_cum_len":3942.3609477811438}
{"route_id":"252","segment_first_lat":34.0564205213,"segment_first_lon":-118.2017144323,"segment_second_lat":34.0567208997,"segment_second_lon":-118.2015279632,"segment_sequence":110010,"segment_id":6,"segment_len_meter":37.55910058809312,"segment_cum_len":3979.920048369237}
{"route_id":"252","segment_first_lat":34.0567208997,"segment_first_lon":-118.2015279632,"segment_second_lat":34.0568551344,"segment_second_lon":-118.2014447592,"segment_sequence":120001,"segment_id":6,"segment_len_meter":16.77928350828997,"segment_cum_len":3996.699331877527}
{"route_id":"252","segment_first_lat":34.0568551344,"segment_first_lon":-118.2014447592,"segment_second_lat":34.0575730838,"segment_second_lon":-118.2009908804,"segment_sequence":120002,"segment_id":6,"segment_len_meter":90.11929395337646,"segment_cum_len":4086.818625830904}
{"route_id":"252","segment_first_lat":34.0575730838,"segment_first_lon":-118.2009908804,"segment_second_lat":34.0582965163,"segment_second_lon":-118.20054361,"segment_sequence":120003,"segment_id":6,"segment_len_meter":90.38051512858524,"segment_cum_len":4177.199140959489}
{"route_id":"252","segment_first_lat":34.0582965163,"segment_first_lon":-118.20054361,"segment_second_lat":34.0583432518,"segment_second_lon":-118.2005305159,"segment_sequence":120004,"segment_id":6,"segment_len_meter":5.33490844876527,"segment_cum_len":4182.534049408255}
{"route_id":"252","segment_first_lat":34.0583432518,"segment_first_lon":-118.2005305159,"segment_second_lat":34.0590997241,"segment_second_lon":-118.2000427073,"segment_sequence":120005,"segment_id":6,"segment_len_meter":95.36693776528772,"segment_cum_len":4277.9009871735425}
{"route_id":"252","segment_first_lat":34.0590997241,"segment_first_lon":-118.2000427073,"segment_second_lat":34.0592207594,"segment_second_lon":-118.1999647495,"segment_sequence":130001,"segment_id":7,"segment_len_meter":15.254692941235742,"segment_cum_len":4293.155680114778}
{"route_id":"252","segment_first_lat":34.0592207594,"segment_first_lon":-118.1999647495,"segment_second_lat":34.0607061125,"segment_second_lon":-118.1990537491,"segment_sequence":130002,"segment_id":7,"segment_len_meter":185.2614302997956,"segment_cum_len":4478.4171104145735}
{"route_id":"252","segment_first_lat":34.0607061125,"segment_first_lon":-118.1990537491,"segment_second_lat":34.0617073373,"segment_second_lon":-118.1984453231,"segment_sequence":130003,"segment_id":7,"segment_len_meter":124.64310136864253,"segment_cum_len":4603.060211783216}
{"route_id":"252","segment_first_lat":34.0617073373,"segment_first_lon":-118.1984453231,"segment_second_lat":34.0621909666,"segment_second_lon":-118.1981077174,"segment_sequence":130004,"segment_id":7,"segment_len_meter":62.122066425936495,"segment_cum_len":4665.182278209152}
{"route_id":"252","segment_first_lat":34.0621909666,"segment_first_lon":-118.1981077174,"segment_second_lat":34.0622492883,"segment_second_lon":-118.1980669145,"segment_sequence":140001,"segment_id":7,"segment_len_meter":7.495576393672635,"segment_cum_len":4672.6778546028245}
{"route_id":"252","segment_first_lat":34.0622492883,"segment_first_lon":-118.1980669145,"segment_second_lat":34.0623125486,"segment_second_lon":-118.1980307457,"segment_sequence":140002,"segment_id":7,"segment_len_meter":7.783378298563786,"segment_cum_len":4680.461232901388}
{"route_id":"252","segment_first_lat":34.0623125486,"segment_first_lon":-118.1980307457,"segment_second_lat":34.0624170429,"segment_second_lon":-118.1979847694,"segment_sequence":140003,"segment_id":7,"segment_len_meter":12.367035589902546,"segment_cum_len":4692.82826849129}
{"route_id":"252","segment_first_lat":34.0624170429,"segment_first_lon":-118.1979847694,"segment_second_lat":34.0629422027,"segment_second_lon":-118.197791211,"segment_sequence":140004,"segment_id":7,"segment_len_meter":61.056496906684295,"segment_cum_len":4753.884765397975}
{"route_id":"252","segment_first_lat":34.0629422027,"segment_first_lon":-118.197791211,"segment_second_lat":34.0641192033,"segment_second_lon":-118.1972326944,"segment_sequence":140005,"segment_id":7,"segment_len_meter":140.62564820290814,"segment_cum_len":4894.510413600883}
{"route_id":"252","segment_first_lat":34.0641192033,"segment_first_lon":-118.1972326944,"segment_second_lat":34.0642787137,"segment_second_lon":-118.1971505263,"segment_sequence":140006,"segment_id":7,"segment_len_meter":19.28420916500762,"segment_cum_len":4913.79462276589}
{"route_id":"252","segment_first_lat":34.0642787137,"segment_first_lon":-118.1971505263,"segment_second_lat":34.0645537203,"segment_second_lon":-118.1970158014,"segment_sequence":140007,"segment_id":7,"segment_len_meter":33.001636049748164,"segment_cum_len":4946.796258815639}
{"route_id":"252","segment_first_lat":34.0645537203,"segment_first_lon":-118.1970158014,"segment_second_lat":34.0647077295,"segment_second_lon":-118.1969369213,"segment_sequence":140008,"segment_id":7,"segment_len_meter":18.60273925867253,"segment_cum_len":4965.398998074312}
{"route_id":"252","segment_first_lat":34.0647077295,"segment_first_lon":-118.1969369213,"segment_second_lat":34.065414472,"segment_second_lon":-118.196605102,"segment_sequence":140009,"segment_id":7,"segment_len_meter":84.32094367307484,"segment_cum_len":5049.719941747387}
{"route_id":"252","segment_first_lat":34.065414472,"segment_first_lon":-118.196605102,"segment_second_lat":34.0657390039,"segment_second_lon":-118.196430868,"segment_sequence":140010,"segment_id":7,"segment_len_meter":39.49432244864886,"segment_cum_len":5089.214264196035}
{"route_id":"252","segment_first_lat":34.0657390039,"segment_first_lon":-118.196430868,"segment_second_lat":34.0657610082,"segment_second_lon":-118.1964177124,"segment_sequence":140011,"segment_id":7,"segment_len_meter":2.7304104764233115,"segment_cum_len":5091.944674672459}
{"route_id":"252","segment_first_lat":34.0657610082,"segment_first_lon":-118.1964177124,"segment_second_lat":34.0659068057,"segment_second_lon":-118.1963189997,"segment_sequence":140012,"segment_id":7,"segment_len_meter":18.587769137191497,"segment_cum_len":5110.53244380965}
{"route_id":"252","segment_first_lat":34.0659068057,"segment_first_lon":-118.1963189997,"segment_second_lat":34.0663057276,"segment_second_lon":-118.1960227696,"segment_sequence":140013,"segment_id":7,"segment_len_meter":52.07879302703028,"segment_cum_len":5162.61123683668}
{"route_id":"252","segment_first_lat":34.0663057276,"segment_first_lon":-118.1960227696,"segment_second_lat":34.066523044,"segment_second_lon":-118.1958779971,"segment_sequence":140014,"segment_id":7,"segment_len_meter":27.599898809076603,"segment_cum_len":5190.211135645757}
{"route_id":"252","segment_first_lat":34.066523044,"segment_first_lon":-118.1958779971,"segment_second_lat":34.0666220525,"segment_second_lon":-118.1958253992,"segment_sequence":140015,"segment_id":7,"segment_len_meter":12.028162761595732,"segment_cum_len":5202.239298407353}
{"route_id":"252","segment_first_lat":34.0666220525,"segment_first_lon":-118.1958253992,"segment_second_lat":34.0669080224,"segment_second_lon":-118.1957072013,"segment_sequence":140016,"segment_id":7,"segment_len_meter":33.61064539652662,"segment_cum_len":5235.84994380388}
{"route_id":"252","segment_first_lat":34.0669080224,"segment_first_lon":-118.1957072013,"segment_second_lat":34.0672544342,"segment_second_lon":-118.1955957476,"segment_sequence":140017,"segment_id":7,"segment_len_meter":39.8638504685037,"segment_cum_len":5275.713794272384}
{"route_id":"252","segment_first_lat":34.0672544342,"segment_first_lon":-118.1955957476,"segment_second_lat":34.0680076464,"segment_second_lon":-118.1954126016,"segment_sequence":140018,"segment_id":7,"segment_len_meter":85.43546483280417,"segment_cum_len":5361.149259105188}
{"route_id":"252","segment_first_lat":34.0680076464,"segment_first_lon":-118.1954126016,"segment_second_lat":34.0688790408,"segment_second_lon":-118.1952145391,"segment_sequence":140019,"segment_id":7,"segment_len_meter":98.5971617220922,"segment_cum_len":5459.74642082728}
{"route_id":"252","segment_first_lat":34.0688790408,"segment_first_lon":-118.1952145391,"segment_second_lat":34.0690137359,"segment_second_lon":-118.195183815,"segment_sequence":150001,"segment_id":8,"segment_len_meter":15.242431723792173,"segment_cum_len":5474.988852551072}
{"route_id":"252","segment_first_lat":34.0690137359,"segment_first_lon":-118.195183815,"segment_second_lat":34.0701929827,"segment_second_lon":-118.1949290106,"segment_sequence":150002,"segment_id":8,"segment_len_meter":133.2100932583658,"segment_cum_len":5608.198945809439}
{"route_id":"252","segment_first_lat":34.0701929827,"segment_first_lon":-118.1949290106,"segment_second_lat":34.072306974,"segment_second_lon":-118.1943824888,"segment_sequence":150003,"segment_id":8,"segment_len_meter":240.3946515204,"segment_cum_len":5848.593597329838}
{"route_id":"252","segment_first_lat":34.072306974,"segment_first_lon":-118.1943824888,"segment_second_lat":34.0757153049,"segment_second_lon":-118.1937761968,"segment_sequence":150004,"segment_id":8,"segment_len_meter":383.0810443504486,"segment_cum_len":6231.674641680287}
{"route_id":"252","segment_first_lat":34.0757153049,"segment_first_lon":-118.1937761968,"segment_second_lat":34.0760371294,"segment_second_lon":-118.1937455712,"segment_sequence":150005,"segment_id":8,"segment_len_meter":35.89624670108312,"segment_cum_len":6267.57088838137}
{"route_id":"252","segment_first_lat":34.0760371294,"segment_first_lon":-118.1937455712,"segment_second_lat":34.0761621718,"segment_second_lon":-118.1937366146,"segment_sequence":150006,"segment_id":8,"segment_len_meter":13.92853008236899,"segment_cum_len":6281.49941846374}
{"route_id":"252","segment_first_lat":34.0761621718,"segment_first_lon":-118.1937366146,"segment_second_lat":34.0762176844,"segment_second_lon":-118.1937331107,"segment_sequence":150007,"segment_id":8,"segment_len_meter":6.181149698666653,"segment_cum_len":6287.680568162406}
{"route_id":"252","segment_first_lat":34.0762176844,"segment_first_lon":-118.1937331107,"segment_second_lat":34.0763756953,"segment_second_lon":-118.1937278629,"segment_sequence":150008,"segment_id":8,"segment_len_meter":17.57665715625639,"segment_cum_len":6305.257225318663}
{"route_id":"252","segment_first_lat":34.0763756953,"segment_first_lon":-118.1937278629,"segment_second_lat":34.076405648,"segment_second_lon":-118.1937272718,"segment_sequence":150009,"segment_id":8,"segment_len_meter":3.3310331950194563,"segment_cum_len":6308.588258513682}
{"route_id":"252","segment_first_lat":34.076405648,"segment_first_lon":-118.1937272718,"segment_second_lat":34.0765677361,"segment_second_lon":-118.1937497723,"segment_sequence":150010,"segment_id":8,"segment_len_meter":18.142122046543175,"segment_cum_len":6326.730380560226}
{"route_id":"252","segment_first_lat":34.0765677361,"segment_first_lon":-118.1937497723,"segment_second_lat":34.0767339514,"segment_second_lon":-118.1937689802,"segment_sequence":150011,"segment_id":8,"segment_len_meter":18.566770704447386,"segment_cum_len":6345.297151264674}
{"route_id":"252","segment_first_lat":34.0767339514,"segment_first_lon":-118.1937689802,"segment_second_lat":34.0768364152,"segment_second_lon":-118.1937887009,"segment_sequence":150012,"segment_id":8,"segment_len_meter":11.537320665928807,"segment_cum_len":6356.834471930602}
{"route_id":"252","segment_first_lat":34.0768364152,"segment_first_lon":-118.1937887009,"segment_second_lat":34.0769141489,"segment_second_lon":-118.1938080342,"segment_sequence":150013,"segment_id":8,"segment_len_meter":8.825095660919219,"segment_cum_len":6365.659567591521}
{"route_id":"252","segment_first_lat":34.0769141489,"segment_first_lon":-118.1938080342,"segment_second_lat":34.0770061004,"segment_second_lon":-118.1938716509,"segment_sequence":150014,"segment_id":8,"segment_len_meter":11.784359379429697,"segment_cum_len":6377.443926970951}
{"route_id":"252","segment_first_lat":34.0770061004,"segment_first_lon":-118.1938716509,"segment_second_lat":34.0770873432,"segment_second_lon":-118.1939302894,"segment_sequence":150015,"segment_id":8,"segment_len_meter":10.525043244483893,"segment_cum_len":6387.968970215435}
{"route_id":"252","segment_first_lat":34.0770873432,"segment_first_lon":-118.1939302894,"segment_second_lat":34.0772081329,"segment_second_lon":-118.1940028894,"segment_sequence":150016,"segment_id":8,"segment_len_meter":15.003561807205184,"segment_cum_len":6402.97253202264}
{"route_id":"252","segment_first_lat":34.0772081329,"segment_first_lon":-118.1940028894,"segment_second_lat":34.0773584041,"segment_second_lon":-118.1940260237,"segment_sequence":150017,"segment_id":8,"segment_len_meter":16.84469395533919,"segment_cum_len":6419.817225977979}
{"route_id":"252","segment_first_lat":34.0773584041,"segment_first_lon":-118.1940260237,"segment_second_lat":34.0774142212,"segment_second_lon":-118.1940040278,"segment_sequence":150018,"segment_id":8,"segment_len_meter":6.528830977252868,"segment_cum_len":6426.346056955233}
{"route_id":"252","segment_first_lat":34.0774142212,"segment_first_lon":-118.1940040278,"segment_second_lat":34.0775170542,"segment_second_lon":-118.1939649691,"segment_sequence":150019,"segment_id":8,"segment_len_meter":11.987024534193955,"segment_cum_len":6438.333081489426}
{"route_id":"252","segment_first_lat":34.0775170542,"segment_first_lon":-118.1939649691,"segment_second_lat":34.0776721463,"segment_second_lon":-118.1938949898,"segment_sequence":150020,"segment_id":8,"segment_len_meter":18.410469033367967,"segment_cum_len":6456.743550522794}
{"route_id":"252","segment_first_lat":34.0776721463,"segment_first_lon":-118.1938949898,"segment_second_lat":34.0777606809,"segment_second_lon":-118.1938618419,"segment_sequence":150021,"segment_id":8,"segment_len_meter":10.307110027244647,"segment_cum_len":6467.050660550039}
{"route_id":"252","segment_first_lat":34.0777606809,"segment_first_lon":-118.1938618419,"segment_second_lat":34.077914667,"segment_second_lon":-118.1937961526,"segment_sequence":150022,"segment_id":8,"segment_len_meter":18.159888997931066,"segment_cum_len":6485.21054954797}
{"route_id":"252","segment_first_lat":34.077914667,"segment_first_lon":-118.1937961526,"segment_second_lat":34.0780499416,"segment_second_lon":-118.1937466012,"segment_sequence":150023,"segment_id":8,"segment_len_meter":15.718920611599533,"segment_cum_len":6500.92947015957}
{"route_id":"252","segment_first_lat":34.0780499416,"segment_first_lon":-118.1937466012,"segment_second_lat":34.0782544982,"segment_second_lon":-118.1936747542,"segment_sequence":150024,"segment_id":8,"segment_len_meter":23.688623418284557,"segment_cum_len":6524.618093577855}
{"route_id":"252","segment_first_lat":34.0782544982,"segment_first_lon":-118.1936747542,"segment_second_lat":34.0784087256,"segment_second_lon":-118.1936298695,"segment_sequence":150025,"segment_id":8,"segment_len_meter":17.640507187916768,"segment_cum_len":6542.258600765772}
{"route_id":"252","segment_first_lat":34.0784087256,"segment_first_lon":-118.1936298695,"segment_second_lat":34.0786803358,"segment_second_lon":-118.1935545445,"segment_sequence":150026,"segment_id":8,"segment_len_meter":30.988201627139585,"segment_cum_len":6573.246802392911}
{"route_id":"252","segment_first_lat":34.0786803358,"segment_first_lon":-118.1935545445,"segment_second_lat":34.0788757736,"segment_second_lon":-118.193514378,"segment_sequence":150027,"segment_id":8,"segment_len_meter":22.04430236515937,"segment_cum_len":6595.291104758071}
{"route_id":"252","segment_first_lat":34.0788757736,"segment_first_lon":-118.193514378,"segment_second_lat":34.0790511473,"segment_second_lon":-118.1934771369,"segment_sequence":150028,"segment_id":8,"segment_len_meter":19.79999887864224,"segment_cum_len":6615.091103636713}
{"route_id":"252","segment_first_lat":34.0790511473,"segment_first_lon":-118.1934771369,"segment_second_lat":34.0790432023,"segment_second_lon":-118.1931188135,"segment_sequence":150029,"segment_id":8,"segment_len_meter":33.01301362669207,"segment_cum_len":6648.104117263405}
{"route_id":"252","segment_first_lat":34.0790432023,"segment_first_lon":-118.1931188135,"segment_second_lat":34.0790177011,"segment_second_lon":-118.1929130182,"segment_sequence":150030,"segment_id":8,"segment_len_meter":19.164465499486123,"segment_cum_len":6667.268582762891}
{"route_id":"252","segment_first_lat":34.0790177011,"segment_first_lon":-118.1929130182,"segment_second_lat":34.0791121801,"segment_second_lon":-118.1925985218,"segment_sequence":150031,"segment_id":8,"segment_len_meter":30.811118315586107,"segment_cum_len":6698.079701078477}
{"route_id":"252","segment_first_lat":34.0791121801,"segment_first_lon":-118.1925985218,"segment_second_lat":34.079366068,"segment_second_lon":-118.1924356395,"segment_sequence":150032,"segment_id":8,"segment_len_meter":31.96919424936582,"segment_cum_len":6730.048895327843}
{"route_id":"252","segment_first_lat":34.079366068,"segment_first_lon":-118.1924356395,"segment_second_lat":34.0794821933,"segment_second_lon":-118.1923318821,"segment_sequence":150033,"segment_id":8,"segment_len_meter":16.063904246728605,"segment_cum_len":6746.112799574571}
{"route_id":"252","segment_first_lat":34.0794821933,"segment_first_lon":-118.1923318821,"segment_second_lat":34.080029852,"segment_second_lon":-118.1918080615,"segment_sequence":150034,"segment_id":8,"segment_len_meter":77.69044835587471,"segment_cum_len":6823.803247930446}
{"route_id":"252","segment_first_lat":34.080029852,"segment_first_lon":-118.1918080615,"segment_second_lat":34.0806963504,"segment_second_lon":-118.1911996338,"segment_sequence":150035,"segment_id":8,"segment_len_meter":92.91048436381861,"segment_cum_len":6916.713732294264}
{"route_id":"252","segment_first_lat":34.0806963504,"segment_first_lon":-118.1911996338,"segment_second_lat":34.0808058735,"segment_second_lon":-118.1910998208,"segment_sequence":160001,"segment_id":8,"segment_len_meter":15.258292157977587,"segment_cum_len":6931.972024452242}
{"route_id":"252","segment_first_lat":34.0808058735,"segment_first_lon":-118.1910998208,"segment_second_lat":34.0816313992,"segment_second_lon":-118.1903619576,"segment_sequence":160002,"segment_id":8,"segment_len_meter":114.21042815608143,"segment_cum_len":7046.182452608324}
{"route_id":"252","segment_first_lat":34.0816313992,"segment_first_lon":-118.1903619576,"segment_second_lat":34.0821101973,"segment_second_lon":-118.1899370285,"segment_sequence":160003,"segment_id":8,"segment_len_meter":66.07552094437416,"segment_cum_len":7112.257973552698}
{"route_id":"252","segment_first_lat":34.0821101973,"segment_first_lon":-118.1899370285,"segment_second_lat":34.0823936211,"segment_second_lon":-118.1896866835,"segment_sequence":160004,"segment_id":8,"segment_len_meter":39.04837170812753,"segment_cum_len":7151.306345260826}
{"route_id":"252","segment_first_lat":34.0823936211,"segment_first_lon":-118.1896866835,"segment_second_lat":34.0825532354,"segment_second_lon":-118.189535131,"segment_sequence":160005,"segment_id":8,"segment_len_meter":22.57890828854445,"segment_cum_len":7173.885253549371}
{"route_id":"252","segment_first_lat":34.0825532354,"segment_first_lon":-118.189535131,"segment_second_lat":34.0829806074,"segment_second_lon":-118.1891345148,"segment_sequence":160006,"segment_id":8,"segment_len_meter":60.16245080709253,"segment_cum_len":7234.047704356463}
{"route_id":"252","segment_first_lat":34.0829806074,"segment_first_lon":-118.1891345148,"segment_second_lat":34.0830348198,"segment_second_lon":-118.1890837787,"segment_sequence":170001,"segment_id":9,"segment_len_meter":7.626989283994483,"segment_cum_len":7241.674693640458}
{"route_id":"252","segment_first_lat":34.0830348198,"segment_first_lon":-118.1890837787,"segment_second_lat":34.083554919,"segment_second_lon":-118.1886027854,"segment_sequence":170002,"segment_id":9,"segment_len_meter":72.84769076813434,"segment_cum_len":7314.522384408592}
{"route_id":"252","segment_first_lat":34.083554919,"segment_first_lon":-118.1886027854,"segment_second_lat":34.0843474089,"segment_second_lon":-118.1878945222,"segment_sequence":170003,"segment_id":9,"segment_len_meter":109.6347551216217,"segment_cum_len":7424.1571395302135}
{"route_id":"252","segment_first_lat":34.0843474089,"segment_first_lon":-118.1878945222,"segment_second_lat":34.0845896004,"segment_second_lon":-118.1876506761,"segment_sequence":170004,"segment_id":9,"segment_len_meter":35.064872509727735,"segment_cum_len":7459.222012039942}
{"route_id":"252","segment_first_lat":34.0845896004,"segment_first_lon":-118.1876506761,"segment_second_lat":34.084650161,"segment_second_lon":-118.187581458,"segment_sequence":170005,"segment_id":9,"segment_len_meter":9.272611271739413,"segment_cum_len":7468.494623311681}
{"route_id":"252","segment_first_lat":34.084650161,"segment_first_lon":-118.187581458,"segment_second_lat":34.084779577,"segment_second_lon":-118.1874100143,"segment_sequence":170006,"segment_id":9,"segment_len_meter":21.362756067419813,"segment_cum_len":7489.8573793791}
{"route_id":"252","segment_first_lat":34.084779577,"segment_first_lon":-118.1874100143,"segment_second_lat":34.0849503436,"segment_second_lon":-118.1871527954,"segment_sequence":170007,"segment_id":9,"segment_len_meter":30.35914265908807,"segment_cum_len":7520.2165220381885}
{"route_id":"252","segment_first_lat":34.0849503436,"segment_first_lon":-118.1871527954,"segment_second_lat":34.0850357779,"segment_second_lon":-118.1869911598,"segment_sequence":170008,"segment_id":9,"segment_len_meter":17.658509396049936,"segment_cum_len":7537.875031434239}
{"route_id":"252","segment_first_lat":34.0850357779,"segment_first_lon":-118.1869911598,"segment_second_lat":34.0851295372,"segment_second_lon":-118.1867767011,"segment_sequence":170009,"segment_id":9,"segment_len_meter":22.332820523320084,"segment_cum_len":7560.207851957559}
{"route_id":"252","segment_first_lat":34.0851295372,"segment_first_lon":-118.1867767011,"segment_second_lat":34.0851455391,"segment_second_lon":-118.1867351242,"segment_sequence":170010,"segment_id":9,"segment_len_meter":4.222153211020577,"segment_cum_len":7564.43000516858}
{"route_id":"252","segment_first_lat":34.0851455391,"segment_first_lon":-118.1867351242,"segment_second_lat":34.0851460907,"segment_second_lon":-118.1867338044,"segment_sequence":180001,"segment_id":9,"segment_len_meter":0.1361425310855131,"segment_cum_len":7564.566147699665}
{"route_id":"252","segment_first_lat":34.0851460907,"segment_first_lon":-118.1867338044,"segment_second_lat":34.0851820323,"segment_second_lon":-118.1865918731,"segment_sequence":180002,"segment_id":9,"segment_len_meter":13.66811219333693,"segment_cum_len":7578.234259893002}
{"route_id":"252","segment_first_lat":34.0851820323,"segment_first_lon":-118.1865918731,"segment_second_lat":34.0852070384,"segment_second_lon":-118.1864135888,"segment_sequence":180003,"segment_id":9,"segment_len_meter":16.6523799607904,"segment_cum_len":7594.886639853792}
{"route_id":"252","segment_first_lat":34.0852070384,"segment_first_lon":-118.1864135888,"segment_second_lat":34.08524329,"segment_second_lon":-118.1860701997,"segment_sequence":180004,"segment_id":9,"segment_len_meter":31.87932825153506,"segment_cum_len":7626.765968105327}
{"route_id":"252","segment_first_lat":34.08524329,"segment_first_lon":-118.1860701997,"segment_second_lat":34.0852797488,"segment_second_lon":-118.1855914044,"segment_sequence":180005,"segment_id":9,"segment_len_meter":44.27926055571006,"segment_cum_len":7671.045228661037}
{"route_id":"252","segment_first_lat":34.0852797488,"segment_first_lon":-118.1855914044,"segment_second_lat":34.0853967375,"segment_second_lon":-118.1845612524,"segment_sequence":180006,"segment_id":9,"segment_len_meter":95.75653973155794,"segment_cum_len":7766.801768392595}
{"route_id":"252","segment_first_lat":34.0853967375,"segment_first_lon":-118.1845612524,"segment_second_lat":34.085446985,"segment_second_lon":-118.1840461572,"segment_sequence":180007,"segment_id":9,"segment_len_meter":47.76404493717107,"segment_cum_len":7814.565813329766}
{"route_id":"252","segment_first_lat":34.085446985,"segment_first_lon":-118.1840461572,"segment_second_lat":34.0859744281,"segment_second_lon":-118.184143094,"segment_sequence":180008,"segment_id":9,"segment_len_meter":59.32450933766797,"segment_cum_len":7873.890322667434}
{"route_id":"252","segment_first_lat":34.0859744281,"segment_first_lon":-118.184143094,"segment_second_lat":34.0860980466,"segment_second_lon":-118.1841664846,"segment_sequence":180009,"segment_id":9,"segment_len_meter":13.91350656168338,"segment_cum_len":7887.803829229118}
{"route_id":"252","segment_first_lat":34.0860980466,"segment_first_lon":-118.1841664846,"segment_second_lat":34.0862821028,"segment_second_lon":-118.1841999163,"segment_sequence":180010,"segment_id":9,"segment_len_meter":20.69639273306514,"segment_cum_len":7908.500221962183}
{"route_id":"252","segment_first_lat":34.0862821028,"segment_first_lon":-118.1841999163,"segment_second_lat":34.0862926811,"segment_second_lon":-118.1844707558,"segment_sequence":180011,"segment_id":9,"segment_len_meter":24.96960778416316,"segment_cum_len":7933.4698297463465}
{"route_id":"252","segment_first_lat":34.0862926811,"segment_first_lon":-118.1844707558,"segment_second_lat":34.0862892465,"segment_second_lon":-118.1849199068,"segment_sequence":180012,"segment_id":9,"segment_len_meter":41.36453749931716,"segment_cum_len":7974.834367245664}
{"route_id":"252","segment_first_lat":34.0862892465,"segment_first_lon":-118.1849199068,"segment_second_lat":34.0862942413,"segment_second_lon":-118.1852468788,"segment_sequence":180013,"segment_id":9,"segment_len_meter":30.116306883410335,"segment_cum_len":8004.950674129074}
{"route_id":"252","segment_first_lat":34.0862942413,"segment_first_lon":-118.1852468788,"segment_second_lat":34.086281166,"segment_second_lon":-118.1866009307,"segment_sequence":180014,"segment_id":9,"segment_len_meter":124.7045031904678,"segment_cum_len":8129.655177319542}
{"route_id":"252","segment_first_lat":34.086281166,"segment_first_lon":-118.1866009307,"segment_second_lat":34.0862673425,"segment_second_lon":-118.1870107569,"segment_sequence":180015,"segment_id":9,"segment_len_meter":37.77260893804197,"segment_cum_len":8167.427786257585}
{"route_id":"252","segment_first_lat":34.0862673425,"segment_first_lon":-118.1870107569,"segment_second_lat":34.0862610113,"segment_second_lon":-118.1871953601,"segment_sequence":190001,"segment_id":10,"segment_len_meter":17.014872973183635,"segment_cum_len":8184.442659230768}
{"route_id":"252","segment_first_lat":34.0862610113,"segment_first_lon":-118.1871953601,"segment_second_lat":34.0862192607,"segment_second_lon":-118.1875387405,"segment_sequence":190002,"segment_id":10,"segment_len_meter":31.96123273185548,"segment_cum_len":8216.403891962624}
{"route_id":"252","segment_first_lat":34.0862192607,"segment_first_lon":-118.1875387405,"segment_second_lat":34.0861971035,"segment_second_lon":-118.1876509804,"segment_sequence":190003,"segment_id":10,"segment_len_meter":10.625873739291507,"segment_cum_len":8227.029765701915}
{"route_id":"252","segment_first_lat":34.0861971035,"segment_first_lon":-118.1876509804,"segment_second_lat":34.0861584128,"segment_second_lon":-118.1877929067,"segment_sequence":190004,"segment_id":10,"segment_len_meter":13.760013438812214,"segment_cum_len":8240.789779140727}
{"route_id":"252","segment_first_lat":34.0861584128,"segment_first_lon":-118.1877929067,"segment_second_lat":34.0861308161,"segment_second_lon":-118.1878688052,"segment_sequence":190005,"segment_id":10,"segment_len_meter":7.633521414046677,"segment_cum_len":8248.423300554774}
{"route_id":"252","segment_first_lat":34.0861308161,"segment_first_lon":-118.1878688052,"segment_second_lat":34.085929487,"segment_second_lon":-118.188340628,"segment_sequence":190006,"segment_id":10,"segment_len_meter":48.878806618406465,"segment_cum_len":8297.30210717318}
{"route_id":"252","segment_first_lat":34.085929487,"segment_first_lon":-118.188340628,"segment_second_lat":34.0859277001,"segment_second_lon":-118.1894833313,"segment_sequence":190007,"segment_id":10,"segment_len_meter":105.233352165842,"segment_cum_len":8402.535459339022}
{"route_id":"252","segment_first_lat":34.0859277001,"segment_first_lon":-118.1894833313,"segment_second_lat":34.0859236013,"segment_second_lon":-118.1905170428,"segment_sequence":190008,"segment_id":10,"segment_len_meter":95.19704975603953,"segment_cum_len":8497.732509095062}
{"route_id":"252","segment_first_lat":34.0859236013,"segment_first_lon":-118.1905170428,"segment_second_lat":34.085923066,"segment_second_lon":-118.1906821726,"segment_sequence":200001,"segment_id":10,"segment_len_meter":15.207154486637076,"segment_cum_len":8512.9396635817}
{"route_id":"252","segment_first_lat":34.085923066,"segment_first_lon":-118.1906821726,"segment_second_lat":34.0859282018,"segment_second_lon":-118.1909100653,"segment_sequence":200002,"segment_id":10,"segment_len_meter":20.994730400861283,"segment_cum_len":8533.934393982561}
{"route_id":"252","segment_first_lat":34.0859282018,"segment_first_lon":-118.1909100653,"segment_second_lat":34.0859127408,"segment_second_lon":-118.1926868406,"segment_sequence":200003,"segment_id":10,"segment_len_meter":163.63479972151924,"segment_cum_len":8697.569193704081}
{"route_id":"252","segment_first_lat":34.0859127408,"segment_first_lon":-118.1926868406,"segment_second_lat":34.0859113781,"segment_second_lon":-118.1928519686,"segment_sequence":210001,"segment_id":11,"segment_len_meter":15.207629155941335,"segment_cum_len":8712.776822860022}
{"route_id":"252","segment_first_lat":34.0859113781,"segment_first_lon":-118.1928519686,"segment_second_lat":34.0859085512,"segment_second_lon":-118.1929015014,"segment_sequence":210002,"segment_id":11,"segment_len_meter":4.572364356448353,"segment_cum_len":8717.34918721647}
{"route_id":"252","segment_first_lat":34.0859085512,"segment_first_lon":-118.1929015014,"segment_second_lat":34.08589468,"segment_second_lon":-118.1929840349,"segment_sequence":210003,"segment_id":11,"segment_len_meter":7.75555187915836,"segment_cum_len":8725.104739095628}
{"route_id":"252","segment_first_lat":34.08589468,"segment_first_lon":-118.1929840349,"segment_second_lat":34.0858614735,"segment_second_lon":-118.1931292736,"segment_sequence":210004,"segment_id":11,"segment_len_meter":13.875552866938692,"segment_cum_len":8738.980291962567}
{"route_id":"252","segment_first_lat":34.0858614735,"segment_first_lon":-118.1931292736,"segment_second_lat":34.0857923808,"segment_second_lon":-118.1933768103,"segment_sequence":210005,"segment_id":11,"segment_len_meter":24.055848851787555,"segment_cum_len":8763.036140814354}
{"route_id":"252","segment_first_lat":34.0857923808,"segment_first_lon":-118.1933768103,"segment_second_lat":34.0857592478,"segment_second_lon":-118.1934758122,"segment_sequence":210006,"segment_id":11,"segment_len_meter":9.83349287238486,"segment_cum_len":8772.86963368674}
{"route_id":"252","segment_first_lat":34.0857592478,"segment_first_lon":-118.1934758122,"segment_second_lat":34.0851407139,"segment_second_lon":-118.1953469507,"segment_sequence":210007,"segment_id":11,"segment_len_meter":185.53559888997168,"segment_cum_len":8958.405232576712}
{"route_id":"252","segment_first_lat":34.0851407139,"segment_first_lon":-118.1953469507,"segment_second_lat":34.0851059397,"segment_second_lon":-118.1954403328,"segment_sequence":210008,"segment_id":11,"segment_len_meter":9.429080182313072,"segment_cum_len":8967.834312759025}
{"route_id":"252","segment_first_lat":34.0851059397,"segment_first_lon":-118.1954403328,"segment_second_lat":34.0850496391,"segment_second_lon":-118.1955911295,"segment_sequence":220001,"segment_id":11,"segment_len_meter":15.233081797397828,"segment_cum_len":8983.067394556423}
{"route_id":"252","segment_first_lat":34.0850496391,"segment_first_lon":-118.1955911295,"segment_second_lat":34.0850164081,"segment_second_lon":-118.195749576,"segment_sequence":220002,"segment_id":11,"segment_len_meter":15.052312164500696,"segment_cum_len":8998.119706720923}
{"route_id":"252","segment_first_lat":34.0850164081,"segment_first_lon":-118.195749576,"segment_second_lat":34.0850135371,"segment_second_lon":-118.1958255287,"segment_sequence":220003,"segment_id":11,"segment_len_meter":7.001948513402623,"segment_cum_len":9005.121655234327}
{"route_id":"252","segment_first_lat":34.0850135371,"segment_first_lon":-118.1958255287,"segment_second_lat":34.0849748261,"segment_second_lon":-118.1959740544,"segment_sequence":220004,"segment_id":11,"segment_len_meter":14.339409348747534,"segment_cum_len":9019.461064583074}
{"route_id":"252","segment_first_lat":34.0849748261,"segment_first_lon":-118.1959740544,"segment_second_lat":34.08496925,"segment_second_lon":-118.1960235801,"segment_sequence":220005,"segment_id":11,"segment_len_meter":4.602895442304453,"segment_cum_len":9024.063960025378}
{"route_id":"252","segment_first_lat":34.08496925,"segment_first_lon":-118.1960235801,"segment_second_lat":34.0849204018,"segment_second_lon":-118.1973345911,"segment_sequence":220006,"segment_id":11,"segment_len_meter":120.85638174830235,"segment_cum_len":9144.92034177368}
{"route_id":"252","segment_first_lat":34.0849204018,"segment_first_lon":-118.1973345911,"segment_second_lat":34.0848728293,"segment_second_lon":-118.1978595893,"segment_sequence":220007,"segment_id":11,"segment_len_meter":48.636936605707945,"segment_cum_len":9193.557278379389}
{"route_id":"252","segment_first_lat":34.0848728293,"segment_first_lon":-118.1978595893,"segment_second_lat":34.0846478314,"segment_second_lon":-118.1993320043,"segment_sequence":220008,"segment_id":11,"segment_len_meter":137.887367851332,"segment_cum_len":9331.44464623072}
{"route_id":"252","segment_first_lat":34.0846478314,"segment_first_lon":-118.1993320043,"segment_second_lat":34.0844980381,"segment_second_lon":-118.2001837095,"segment_sequence":220009,"segment_id":11,"segment_len_meter":80.18501039010458,"segment_cum_len":9411.629656620826}
{"route_id":"252","segment_first_lat":34.0844980381,"segment_first_lon":-118.2001837095,"segment_second_lat":34.0842564099,"segment_second_lon":-118.2002382838,"segment_sequence":220010,"segment_id":11,"segment_len_meter":27.333864079411974,"segment_cum_len":9438.963520700237}
{"route_id":"252","segment_first_lat":34.0842564099,"segment_first_lon":-118.2002382838,"segment_second_lat":34.0841214391,"segment_second_lon":-118.2002686744,"segment_sequence":230001,"segment_id":12,"segment_len_meter":15.266801553426482,"segment_cum_len":9454.230322253665}
{"route_id":"252","segment_first_lat":34.0841214391,"segment_first_lon":-118.2002686744,"segment_second_lat":34.0835359261,"segment_second_lon":-118.2003993735,"segment_sequence":230002,"segment_id":12,"segment_len_meter":66.20936397121773,"segment_cum_len":9520.439686224883}
{"route_id":"252","segment_first_lat":34.0835359261,"segment_first_lon":-118.2003993735,"segment_second_lat":34.0833627508,"segment_second_lon":-118.2004352863,"segment_sequence":230003,"segment_id":12,"segment_len_meter":19.53817854424815,"segment_cum_len":9539.977864769131}
{"route_id":"252","segment_first_lat":34.0833627508,"segment_first_lon":-118.2004352863,"segment_second_lat":34.0829422352,"segment_second_lon":-118.2004904211,"segment_sequence":230004,"segment_id":12,"segment_len_meter":47.03408350643437,"segment_cum_len":9587.011948275565}
{"route_id":"252","segment_first_lat":34.0829422352,"segment_first_lon":-118.2004904211,"segment_second_lat":34.0828770764,"segment_second_lon":-118.2005110707,"segment_sequence":230005,"segment_id":12,"segment_len_meter":7.490748402760137,"segment_cum_len":9594.502696678326}
{"route_id":"252","segment_first_lat":34.0828770764,"segment_first_lon":-118.2005110707,"segment_second_lat":34.0827442852,"segment_second_lon":-118.200552694,"segment_sequence":240001,"segment_id":12,"segment_len_meter":15.255170782563388,"segment_cum_len":9609.75786746089}
{"route_id":"252","segment_first_lat":34.0827442852,"segment_first_lon":-118.200552694,"segment_second_lat":34.0826618056,"segment_second_lon":-118.2005789162,"segment_sequence":240002,"segment_id":12,"segment_len_meter":9.483927333530582,"segment_cum_len":9619.241794794421}
{"route_id":"252","segment_first_lat":34.0826618056,"segment_first_lon":-118.2005789162,"segment_second_lat":34.0825710659,"segment_second_lon":-118.200615026,"segment_sequence":240003,"segment_id":12,"segment_len_meter":10.623705394942844,"segment_cum_len":9629.865500189364}
{"route_id":"252","segment_first_lat":34.0825710659,"segment_first_lon":-118.200615026,"segment_second_lat":34.0825078049,"segment_second_lon":-118.2006512016,"segment_sequence":240004,"segment_id":12,"segment_len_meter":7.783375694157499,"segment_cum_len":9637.648875883522}
{"route_id":"252","segment_first_lat":34.0825078049,"segment_first_lon":-118.2006512016,"segment_second_lat":34.0824527654,"segment_second_lon":-118.2007006068,"segment_sequence":240005,"segment_id":12,"segment_len_meter":7.626146080389327,"segment_cum_len":9645.275021963911}
{"route_id":"252","segment_first_lat":34.0824527654,"segment_first_lon":-118.2007006068,"segment_second_lat":34.0822629985,"segment_second_lon":-118.2007992258,"segment_sequence":240006,"segment_id":12,"segment_len_meter":22.972725851942368,"segment_cum_len":9668.247747815853}
{"route_id":"252","segment_first_lat":34.0822629985,"segment_first_lon":-118.2007992258,"segment_second_lat":34.0807447834,"segment_second_lon":-118.2016343951,"segment_sequence":240007,"segment_id":12,"segment_len_meter":185.5141972736623,"segment_cum_len":9853.761945089514}
{"route_id":"252","segment_first_lat":34.0807447834,"segment_first_lon":-118.2016343951,"segment_second_lat":34.0806378289,"segment_second_lon":-118.2016717848,"segment_sequence":240008,"segment_id":12,"segment_len_meter":12.38128494209359,"segment_cum_len":9866.143230031608}
{"route_id":"252","segment_first_lat":34.0806378289,"segment_first_lon":-118.2016717848,"segment_second_lat":34.0805853139,"segment_second_lon":-118.2016901517,"segment_sequence":250001,"segment_id":13,"segment_len_meter":6.079466951096145,"segment_cum_len":9872.222696982704}
{"route_id":"252","segment_first_lat":34.0805853139,"segment_first_lon":-118.2016901517,"segment_second_lat":34.0805028616,"segment_second_lon":-118.2016998601,"segment_sequence":250002,"segment_id":13,"segment_len_meter":9.211772732993877,"segment_cum_len":9881.434469715698}
{"route_id":"252","segment_first_lat":34.0805028616,"segment_first_lon":-118.2016998601,"segment_second_lat":34.0804875638,"segment_second_lon":-118.2026311024,"segment_sequence":250003,"segment_id":13,"segment_len_meter":85.78179192012354,"segment_cum_len":9967.216261635822}
{"route_id":"252","segment_first_lat":34.0804875638,"segment_first_lon":-118.2026311024,"segment_second_lat":34.0804707829,"segment_second_lon":-118.2028060893,"segment_sequence":250004,"segment_id":13,"segment_len_meter":16.22349218878524,"segment_cum_len":9983.439753824607}
{"route_id":"252","segment_first_lat":34.0804707829,"segment_first_lon":-118.2028060893,"segment_second_lat":34.0804487557,"segment_second_lon":-118.2028324552,"segment_sequence":250005,"segment_id":13,"segment_len_meter":3.448975782023435,"segment_cum_len":9986.88872960663}
{"route_id":"252","segment_first_lat":34.0804487557,"segment_first_lon":-118.2028324552,"segment_second_lat":34.080415737,"segment_second_lon":-118.2028587943,"segment_sequence":250006,"segment_id":13,"segment_len_meter":4.400491254972923,"segment_cum_len":9991.289220861603}
{"route_id":"252","segment_first_lat":34.080415737,"segment_first_lon":-118.2028587943,"segment_second_lat":34.0803497385,"segment_second_lon":-118.2028883559,"segment_sequence":250007,"segment_id":13,"segment_len_meter":7.827436410230218,"segment_cum_len":9999.116657271834}
{"route_id":"252","segment_first_lat":34.0803497385,"segment_first_lon":-118.2028883559,"segment_second_lat":34.0802161981,"segment_second_lon":-118.2028847295,"segment_sequence":250008,"segment_id":13,"segment_len_meter":14.852770458742084,"segment_cum_len":10013.969427730575}
{"route_id":"252","segment_first_lat":34.0802161981,"segment_first_lon":-118.2028847295,"segment_second_lat":34.0788110039,"segment_second_lon":-118.2028453254,"segment_sequence":260001,"segment_id":13,"segment_len_meter":156.2926042937266,"segment_cum_len":10170.262032024302}
{"route_id":"252","segment_first_lat":34.0788110039,"segment_first_lon":-118.2028453254,"segment_second_lat":34.0786736171,"segment_second_lon":-118.2028413597,"segment_sequence":270001,"segment_id":14,"segment_len_meter":15.281080604646576,"segment_cum_len":10185.54311262895}
{"route_id":"252","segment_first_lat":34.0786736171,"segment_first_lon":-118.2028413597,"segment_second_lat":34.0775882575,"segment_second_lon":-118.2028123092,"segment_sequence":270002,"segment_id":14,"segment_len_meter":120.71613512230793,"segment_cum_len":10306.259247751257}
{"route_id":"252","segment_first_lat":34.0775882575,"segment_first_lon":-118.2028123092,"segment_second_lat":34.0772777606,"segment_second_lon":-118.2028049517,"segment_sequence":270003,"segment_id":14,"segment_len_meter":34.53232925744982,"segment_cum_len":10340.791577008707}
{"route_id":"252","segment_first_lat":34.0772777606,"segment_first_lon":-118.2028049517,"segment_second_lat":34.0765358556,"segment_second_lon":-118.2027932461,"segment_sequence":270004,"segment_id":14,"segment_len_meter":82.50311632835101,"segment_cum_len":10423.294693337059}
{"route_id":"252","segment_first_lat":34.0765358556,"segment_first_lon":-118.2027932461,"segment_second_lat":34.0755249619,"segment_second_lon":-118.2027650379,"segment_sequence":270005,"segment_id":14,"segment_len_meter":112.43627091582212,"segment_cum_len":10535.73096425288}
{"route_id":"252","segment_first_lat":34.0755249619,"segment_first_lon":-118.2027650379,"segment_second_lat":34.0738238364,"segment_second_lon":-118.2027173258,"segment_sequence":280001,"segment_id":14,"segment_len_meter":189.2075640352913,"segment_cum_len":10724.93852828817}
{"route_id":"252","segment_first_lat":34.0738238364,"segment_first_lon":-118.2027173258,"segment_second_lat":34.0738108664,"segment_second_lon":-118.203892858,"segment_sequence":280002,"segment_id":14,"segment_len_meter":108.28151177001769,"segment_cum_len":10833.220040058188}
{"route_id":"252","segment_first_lat":34.0738108664,"segment_first_lon":-118.203892858,"segment_second_lat":34.0737918565,"segment_second_lon":-118.2050584685,"segment_sequence":280003,"segment_id":14,"segment_len_meter":107.37890087229651,"segment_cum_len":10940.598940930484}
