{"route_id":"127","segment_first_lat":33.9395074052,"segment_first_lon":-118.134276781,"segment_second_lat":33.9400783006,"segment_second_lon":-118.1353551131,"segment_sequence":10001,"segment_id":1,"segment_len_meter":118.00555200245911,"segment_cum_len":118.00555200245911}
{"route_id":"127","segment_first_lat":33.9400783006,"segment_first_lon":-118.1353551131,"segment_second_lat":33.9403035937,"segment_second_lon":-118.1353818522,"segment_sequence":10002,"segment_id":1,"segment_len_meter":25.17259629979685,"segment_cum_len":143.17814830225598}
{"route_id":"127","segment_first_lat":33.9403035937,"segment_first_lon":-118.1353818522,"segment_second_lat":33.9403942872,"segment_second_lon":-118.1353688112,"segment_sequence":10003,"segment_id":1,"segment_len_meter":10.156159608120793,"segment_cum_len":153.33430791037676}
{"route_id":"127","segment_first_lat":33.9403942872,"segment_first_lon":-118.1353688112,"segment_second_lat":33.9408315668,"segment_second_lon":-118.1350365309,"segment_sequence":10004,"segment_id":1,"segment_len_meter":57.47872204679692,"segment_cum_len":210.81302995717368}
{"route_id":"127","segment_first_lat":33.9408315668,"segment_first_lon":-118.1350365309,"segment_second_lat":33.9410295882,"segment_second_lon":-118.1348785985,"segment_sequence":10005,"segment_id":1,"segment_len_meter":26.402524805094657,"segment_cum_len":237.21555476226834}
{"route_id":"127","segment_first_lat":33.9410295882,"segment_first_lon":-118.1348785985,"segment_second_lat":33.9406401785,"segment_second_lon":-118.1341757336,"segment_sequence":10006,"segment_id":1,"segment_len_meter":77.9676784063631,"segment_cum_len":315.18323316863143}
{"route_id":"127","segment_first_lat":33.9406401785,"segment_first_lon":-118.1341757336,"segment_second_lat":33.9404290454,"segment_second_lon":-118.1337698787,"segment_sequence":10007,"segment_id":1,"segment_len_meter":44.19169376597161,"segment_cum_len":359.374926934603}
{"route_id":"127","segment_first_lat":33.9404290454,"segment_first_lon":-118.1337698787,"segment_second_lat":33.940110993,"segment_second_lon":-118.1331396685,"segment_sequence":10008,"segment_id":1,"segment_len_meter":68.04855145814635,"segment_cum_len":427.42347839274936}
{"route_id":"127","segment_first_lat":33.940110993,"segment_first_lon":-118.1331396685,"segment_second_lat":33.9400095449,"segment_second_lon":-118.1329383984,"segment_sequence":10009,"segment_id":1,"segment_len_meter":21.725283901112086,"segment_cum_len":449.14876229386147}
{"route_id":"127","segment_first_lat":33.9400095449,"segment_first_lon":-118.1329383984,"segment_second_lat":33.9399670413,"segment_second_lon":-118.1328585468,"segment_sequence":10010,"segment_id":1,"segment_len_meter":8.752095048004671,"segment_cum_len":457.90085734186613}
{"route_id":"127","segment_first_lat":33.9399670413,"segment_first_lon":-118.1328585468,"segment_second_lat":33.9394995007,"segment_second_lon":-118.1319782066,"segment_sequence":20001,"segment_id":1,"segment_len_meter":96.426519219328,"segment_cum_len":554.3273765611941}
{"route_id":"127","segment_first_lat":33.9394995007,"segment_first_lon":-118.1319782066,"segment_second_lat":33.9391979152,"segment_second_lon":-118.1313579265,"segment_sequence":20002,"segment_id":1,"segment_len_meter":66.32378287190608,"segment_cum_len":620.6511594331002}
{"route_id":"127","segment_first_lat":33.9391979152,"segment_first_lon":-118.1313579265,"segment_second_lat":33.9389127421,"segment_second_lon":-118.1308036129,"segment_sequence":20003,"segment_id":1,"segment_len_meter":60.16969676610136,"segment_cum_len":680.8208561992016}
{"route_id":"127","segment_first_lat":33.9389127421,"segment_first_lon":-118.1308036129,"segment_second_lat":33.9385287831,"segment_second_lon":-118.130120574,"segment_sequence":20004,"segment_id":1,"segment_len_meter":76.11314318709883,"segment_cum_len":756.9339993863003}
{"route_id":"127","segment_first_lat":33.9385287831,"segment_first_lon":-118.130120574,"segment_second_lat":33.9383889276,"segment_second_lon":-118.1298566125,"segment_sequence":20005,"segment_id":1,"segment_len_meter":28.892978341632983,"segment_cum_len":785.8269777279334}
{"route_id":"127","segment_first_lat":33.9383889276,"segment_first_lon":-118.1298566125,"segment_second_lat":33.9382600558,"segment_second_lon":-118.1295992625,"segment_sequence":20006,"segment_id":1,"segment_len_meter":27.73047157113104,"segment_cum_len":813.5574492990644}
{"route_id":"127","segment_first_lat":33.9382600558,"segment_first_lon":-118.1295992625,"segment_second_lat":33.9381232452,"segment_second_lon":-118.1293135486,"segment_sequence":20007,"segment_id":1,"segment_len_meter":30.432691239695185,"segment_cum_len":843.9901405387595}
{"route_id":"127","segment_first_lat":33.9381232452,"segment_first_lon":-118.1293135486,"segment_second_lat":33.9374951133,"segment_second_lon":-118.1280024435,"segment_sequence":30001,"segment_id":2,"segment_len_meter":139.67034179674496,"segment_cum_len":983.6604823355045}
{"route_id":"127","segment_first_lat":33.9374951133,"segment_first_lon":-118.1280024435,"segment_second_lat":33.9373278796,"segment_second_lon":-118.1276395442,"segment_sequence":30002,"segment_id":2,"segment_len_meter":38.29619540417447,"segment_cum_len":1021.956677739679}
{"route_id":"127","segment_first_lat":33.9373278796,"segment_first_lon":-118.1276395442,"segment_second_lat":33.9371929895,"segment_second_lon":-118.1273521913,"segment_sequence":30003,"segment_id":2,"segment_len_meter":30.458263201434036,"segment_cum_len":1052.414940941113}
{"route_id":"127","segment_first_lat":33.9371929895,"segment_first_lon":-118.1273521913,"segment_second_lat":33.9366808405,"segment_second_lon":-118.1262605229,"segment_sequence":40001,"segment_id":2,"segment_len_meter":115.6961170876832,"segment_cum_len":1168.1110580287962}
{"route_id":"127","segment_first_lat":33.9366808405,"segment_first_lon":-118.1262605229,"segment_second_lat":33.9362503724,"segment_second_lon":-118.1253565732,"segment_sequence":40002,"segment_id":2,"segment_len_meter":96.15341541661053,"segment_cum_len":1264.2644734454066}
{"route_id":"127","segment_first_lat":33.9362503724,"segment_first_lon":-118.1253565732,"segment_second_lat":33.9360008629,"segment_second_lon":-118.1248320231,"segment_sequence":40003,"segment_id":2,"segment_len_meter":55.78093281707613,"segment_cum_len":1320.0454062624826}
{"route_id":"127","segment_first_lat":33.9360008629,"segment_first_lon":-118.1248320231,"segment_second_lat":33.9356814409,"segment_second_lon":-118.1241524277,"segment_sequence":40004,"segment_id":2,"segment_len_meter":72.05745898839915,"segment_cum_len":1392.1028652508817}
{"route_id":"127","segment_first_lat":33.9356814409,"segment_first_lon":-118.1241524277,"segment_second_lat":33.9355868474,"segment_second_lon":-118.1239511893,"segment_sequence":50001,"segment_id":3,"segment_len_meter":21.337764902095625,"segment_cum_len":1413.4406301529773}
{"route_id":"127","segment_first_lat":33.9355868474,"segment_first_lon":-118.1239511893,"segment_second_lat":33.9349296662,"segment_second_lon":-118.124385377,"segment_sequence":50002,"segment_id":3,"segment_len_meter":83.33347586428603,"segment_cum_len":1496.7741060172634}
{"route_id":"127","segment_first_lat":33.9349296662,"segment_first_lon":-118.124385377,"segment_second_lat":33.9346959231,"segment_second_lon":-118.1245564562,"segment_sequence":50003,"segment_id":3,"segment_len_meter":30.407848936825097,"segment_cum_len":1527.1819549540885}
{"route_id":"127","segment_first_lat":33.9346959231,"segment_first_lon":-118.1245564562,"segment_second_lat":33.93428341,"segment_second_lon":-118.1248822105,"segment_sequence":50004,"segment_id":3,"segment_len_meter":54.83762260597626,"segment_cum_len":1582.0195775600648}
{"route_id":"127","segment_first_lat":33.93428341,"segment_first_lon":-118.1248822105,"segment_second_lat":33.9341294048,"segment_second_lon":-118.1250039564,"segment_sequence":50005,"segment_id":3,"segment_len_meter":20.479385466311037,"segment_cum_len":1602.4989630263758}
{"route_id":"127","segment_first_lat":33.9341294048,"segment_first_lon":-118.1250039564,"segment_second_lat":33.9337664098,"segment_second_lon":-118.1252737378,"segment_sequence":50006,"segment_id":3,"segment_len_meter":47.41996791497864,"segment_cum_len":1649.9189309413543}
{"route_id":"127","segment_first_lat":33.9337664098,"segment_first_lon":-118.1252737378,"segment_second_lat":33.9334914136,"segment_second_lon":-118.1254777164,"segment_sequence":50007,"segment_id":3,"segment_len_meter":35.904838444522916,"segment_cum_len":1685.8237693858773}
{"route_id":"127","segment_first_lat":33.9334914136,"segment_first_lon":-118.1254777164,"segment_second_lat":33.9326340988,"segment_second_lon":-118.1254665428,"segment_sequence":50008,"segment_id":3,"segment_len_meter":95.33462969755311,"segment_cum_len":1781.1583990834304}
{"route_id":"127","segment_first_lat":33.9326340988,"segment_first_lon":-118.1254665428,"segment_second_lat":33.9324967073,"segment_second_lon":-118.1254660074,"segment_sequence":50009,"segment_id":3,"segment_len_meter":15.277317616953686,"segment_cum_len":1796.435716700384}
{"route_id":"127","segment_first_lat":33.9324967073,"segment_first_lon":-118.1254660074,"segment_second_lat":33.9315816808,"segment_second_lon":-118.1254616703,"segment_sequence":60001,"segment_id":3,"segment_len_meter":101.74709133873488,"segment_cum_len":1898.182808039119}
{"route_id":"127","segment_first_lat":33.9315816808,"segment_first_lon":-118.1254616703,"segment_second_lat":33.9296856979,"segment_second_lon":-118.1254357561,"segment_sequence":60002,"segment_id":3,"segment_len_meter":210.83723571759728,"segment_cum_len":2109.0200437567164}
{"route_id":"127","segment_first_lat":33.9296856979,"segment_first_lon":-118.1254357561,"segment_second_lat":33.927833684,"segment_second_lon":-118.1254066125,"segment_sequence":60003,"segment_id":3,"segment_len_meter":205.9521028835357,"segment_cum_len":2314.972146640252}
{"route_id":"127","segment_first_lat":33.927833684,"segment_first_lon":-118.1254066125,"segment_second_lat":33.9275589005,"segment_second_lon":-118.1254062012,"segment_sequence":60004,"segment_id":3,"segment_len_meter":30.55455469029989,"segment_cum_len":2345.526701330552}
{"route_id":"127","segment_first_lat":33.9275589005,"segment_first_lon":-118.1254062012,"segment_second_lat":33.9261849828,"segment_second_lon":-118.1254041449,"segment_sequence":70001,"segment_id":4,"segment_len_meter":152.77279567180307,"segment_cum_len":2498.299497002355}
{"route_id":"127","segment_first_lat":33.9261849828,"segment_first_lon":-118.1254041449,"segment_second_lat":33.9252864442,"segment_second_lon":-118.1253995039,"segment_sequence":70002,"segment_id":4,"segment_len_meter":99.91385129947221,"segment_cum_len":2598.2133483018274}
{"route_id":"127","segment_first_lat":33.9252864442,"segment_first_lon":-118.1253995039,"segment_second_lat":33.924308215,"segment_second_lon":-118.1253980399,"segment_sequence":70003,"segment_id":4,"segment_len_meter":108.77420800606055,"segment_cum_len":2706.987556307888}
{"route_id":"127","segment_first_lat":33.924308215,"segment_first_lon":-118.1253980399,"segment_second_lat":33.9240334318,"segment_second_lon":-118.1253972991,"segment_sequence":70004,"segment_id":4,"segment_len_meter":30.554574219768458,"segment_cum_len":2737.5421305276564}
{"route_id":"127","segment_first_lat":33.9240334318,"segment_first_lon":-118.1253972991,"segment_second_lat":33.9207305382,"segment_second_lon":-118.12538939,"segment_sequence":80001,"segment_id":4,"segment_len_meter":367.26573659530675,"segment_cum_len":3104.807867122963}
{"route_id":"127","segment_first_lat":33.9207305382,"segment_first_lon":-118.12538939,"segment_second_lat":33.9172545289,"segment_second_lon":-118.1253841889,"segment_sequence":80002,"segment_id":4,"segment_len_meter":386.5148970762274,"segment_cum_len":3491.3227641991907}
{"route_id":"127","segment_first_lat":33.9172545289,"segment_first_lon":-118.1253841889,"segment_second_lat":33.9170484414,"segment_second_lon":-118.1253838806,"segment_sequence":90001,"segment_id":5,"segment_len_meter":22.915902103432508,"segment_cum_len":3514.238666302623}
{"route_id":"127","segment_first_lat":33.9170484414,"segment_first_lon":-118.1253838806,"segment_second_lat":33.9149628433,"segment_second_lon":-118.1253741684,"segment_sequence":90002,"segment_id":5,"segment_len_meter":231.9096594041465,"segment_cum_len":3746.14832570677}
{"route_id":"127","segment_first_lat":33.9149628433,"segment_first_lon":-118.1253741684,"segment_second_lat":33.9145259413,"segment_second_lon":-118.1253702189,"segment_sequence":90003,"segment_id":5,"segment_len_meter":48.58265283928834,"segment_cum_len":3794.730978546058}
{"route_id":"127","segment_first_lat":33.9145259413,"segment_first_lon":-118.1253702189,"segment_second_lat":33.9138527224,"segment_second_lon":-118.1253692117,"segment_sequence":90004,"segment_id":5,"segment_len_meter":74.85858389811949,"segment_cum_len":3869.5895624441773}
{"route_id":"127","segment_first_lat":33.9138527224,"segment_first_lon":-118.1253692117,"segment_second_lat":33.9137840266,"segment_second_lon":-118.125369109,"segment_sequence":90005,"segment_id":5,"segment_len_meter":7.638630321005463,"segment_cum_len":3877.228192765183}
{"route_id":"127","segment_first_lat":33.9137840266,"segment_first_lon":-118.125369109,"segment_second_lat":33.9137428091,"segment_second_lon":-118.1253690473,"segment_sequence":90006,"segment_id":5,"segment_len_meter":4.583180425235947,"segment_cum_len":3881.811373190419}
{"route_id":"127","segment_first_lat":33.9137428091,"segment_first_lon":-118.1253690473,"segment_second_lat":33.9137098352,"segment_second_lon":-118.125368998,"segment_sequence":90007,"segment_id":5,"segment_len_meter":3.6665332137919964,"segment_cum_len":3885.477906404211}
{"route_id":"127","segment_first_lat":33.9137098352,"segment_first_lon":-118.125368998,"segment_second_lat":33.9136026663,"segment_second_lon":-118.1253721335,"segment_sequence":90008,"segment_id":5,"segment_len_meter":11.920150064822973,"segment_cum_len":3897.3980564690337}
{"route_id":"127","segment_first_lat":33.9136026663,"segment_first_lon":-118.1253721335,"segment_second_lat":33.913443292,"segment_second_lon":-118.1253718951,"segment_sequence":90009,"segment_id":5,"segment_len_meter":17.721627252650478,"segment_cum_len":3915.119683721684}
{"route_id":"127","segment_first_lat":33.913443292,"segment_first_lon":-118.1253718951,"segment_second_lat":33.9132619248,"segment_second_lon":-118.1253815112,"segment_sequence":90010,"segment_id":5,"segment_len_meter":20.186625187932105,"segment_cum_len":3935.306308909616}
{"route_id":"127","segment_first_lat":33.9132619248,"segment_first_lon":-118.1253815112,"segment_second_lat":33.9130393504,"segment_second_lon":-118.1253811782,"segment_sequence":90011,"segment_id":5,"segment_len_meter":24.749163157497396,"segment_cum_len":3960.0554720671134}
{"route_id":"127","segment_first_lat":33.9130393504,"segment_first_lon":-118.1253811782,"segment_second_lat":33.9128360143,"segment_second_lon":-118.1253775782,"segment_sequence":90012,"segment_id":5,"segment_len_meter":22.61238311387792,"segment_cum_len":3982.6678551809914}
{"route_id":"127","segment_first_lat":33.9128360143,"segment_first_lon":-118.1253775782,"segment_second_lat":33.9125502466,"segment_second_lon":-118.1253705591,"segment_sequence":90013,"segment_id":5,"segment_len_meter":31.78251928020568,"segment_cum_len":4014.450374461197}
{"route_id":"127","segment_first_lat":33.9125502466,"segment_first_lon":-118.1253705591,"segment_second_lat":33.9124183541,"segment_second_lon":-118.125367066,"segment_sequence":90014,"segment_id":5,"segment_len_meter":14.669318844220141,"segment_cum_len":4029.119693305417}
{"route_id":"127","segment_first_lat":33.9124183541,"segment_first_lon":-118.125367066,"segment_second_lat":33.9122562389,"segment_second_lon":-118.1253602319,"segment_sequence":90015,"segment_id":5,"segment_len_meter":18.037415965979893,"segment_cum_len":4047.157109271397}
{"route_id":"127","segment_first_lat":33.9122562389,"segment_first_lon":-118.1253602319,"segment_second_lat":33.9121463085,"segment_second_lon":-118.1253765463,"segment_sequence":90016,"segment_id":5,"segment_len_meter":12.316063303010184,"segment_cum_len":4059.4731725744073}
{"route_id":"127","segment_first_lat":33.9121463085,"segment_first_lon":-118.1253765463,"segment_second_lat":33.9117643599,"segment_second_lon":-118.1253759749,"segment_sequence":90017,"segment_id":5,"segment_len_meter":42.47077929150415,"segment_cum_len":4101.943951865911}
{"route_id":"127","segment_first_lat":33.9117643599,"segment_first_lon":-118.1253759749,"segment_second_lat":33.9116517022,"segment_second_lon":-118.1253725106,"segment_sequence":90018,"segment_id":5,"segment_len_meter":12.531043221985083,"segment_cum_len":4114.474995087896}
{"route_id":"127","segment_first_lat":33.9116517022,"segment_first_lon":-118.1253725106,"segment_second_lat":33.9102778173,"segment_second_lon":-118.1253407941,"segment_sequence":90019,"segment_id":5,"segment_len_meter":152.7970651602479,"segment_cum_len":4267.272060248144}
{"route_id":"127","segment_first_lat":33.9102778173,"segment_first_lon":-118.1253407941,"segment_second_lat":33.910036015,"segment_second_lon":-118.1253338411,"segment_sequence":90020,"segment_id":5,"segment_len_meter":26.89484396732672,"segment_cum_len":4294.166904215471}
{"route_id":"127","segment_first_lat":33.910036015,"segment_first_lon":-118.1253338411,"segment_second_lat":33.9097612319,"segment_second_lon":-118.1253334301,"segment_sequence":90021,"segment_id":5,"segment_len_meter":30.554510188617694,"segment_cum_len":4324.721414404088}
{"route_id":"127","segment_first_lat":33.9097612319,"segment_first_lon":-118.1253334301,"segment_second_lat":33.9094864498,"segment_second_lon":-118.1253320305,"segment_sequence":90022,"segment_id":5,"segment_len_meter":30.554648440668036,"segment_cum_len":4355.276062844756}
{"route_id":"127","segment_first_lat":33.9094864498,"segment_first_lon":-118.1253320305,"segment_second_lat":33.9089588687,"segment_second_lon":-118.1253289346,"segment_sequence":100001,"segment_id":5,"segment_len_meter":58.66503739788792,"segment_cum_len":4413.941100242644}
{"route_id":"127","segment_first_lat":33.9089588687,"segment_first_lon":-118.1253289346,"segment_second_lat":33.9063099665,"segment_second_lon":-118.125318712,"segment_sequence":100002,"segment_id":5,"segment_len_meter":294.5459966001458,"segment_cum_len":4708.4870968427895}
{"route_id":"127","segment_first_lat":33.9063099665,"segment_first_lon":-118.125318712,"segment_second_lat":33.9061725753,"segment_second_lon":-118.125318177,"segment_sequence":110001,"segment_id":6,"segment_len_meter":15.277284188064685,"segment_cum_len":4723.764381030855}
{"route_id":"127","segment_first_lat":33.9061725753,"segment_first_lon":-118.125318177,"segment_second_lat":33.9056285084,"segment_second_lon":-118.125314068,"segment_sequence":110002,"segment_id":6,"segment_len_meter":60.49866748146259,"segment_cum_len":4784.263048512317}
{"route_id":"127","segment_first_lat":33.9056285084,"segment_first_lon":-118.125314068,"segment_second_lat":33.9032846027,"segment_second_lon":-118.1253171543,"segment_sequence":110003,"segment_id":6,"segment_len_meter":260.6305780111091,"segment_cum_len":5044.893626523426}
{"route_id":"127","segment_first_lat":33.9032846027,"segment_first_lon":-118.1253171543,"segment_second_lat":33.9029163935,"segment_second_lon":-118.1253166038,"segment_sequence":110004,"segment_id":6,"segment_len_meter":40.94302650548761,"segment_cum_len":5085.836653028914}
{"route_id":"127","segment_first_lat":33.9029163935,"segment_first_lon":-118.1253166038,"segment_second_lat":33.9019903716,"segment_second_lon":-118.1253185146,"segment_sequence":110005,"segment_id":6,"segment_len_meter":102.9690882524984,"segment_cum_len":5188.805741281412}
{"route_id":"127","segment_first_lat":33.9019903716,"segment_first_lon":-118.1253185146,"segment_second_lat":33.9017155877,"segment_second_lon":-118.1253190924,"segment_sequence":110006,"segment_id":6,"segment_len_meter":30.554622137825664,"segment_cum_len":5219.360363419238}
{"route_id":"127","segment_first_lat":33.9017155877,"segment_first_lon":-118.1253190924,"segment_second_lat":33.9010945759,"segment_second_lon":-118.1253204706,"segment_sequence":120001,"segment_id":6,"segment_len_meter":69.05347869414415,"segment_cum_len":5288.413842113382}
{"route_id":"127","segment_first_lat":33.9010945759,"segment_first_lon":-118.1253204706,"segment_second_lat":33.9003911283,"segment_second_lon":-118.1253227141,"segment_sequence":120002,"segment_id":6,"segment_len_meter":78.22007833379003,"segment_cum_len":5366.633920447172}
{"route_id":"127","segment_first_lat":33.9003911283,"segment_first_lon":-118.1253227141,"segment_second_lat":33.8991326228,"segment_second_lon":-118.1253208325,"segment_sequence":120003,"segment_id":6,"segment_len_meter":139.93953450609035,"segment_cum_len":5506.573454953263}
{"route_id":"127","segment_first_lat":33.8991326228,"segment_first_lon":-118.1253208325,"segment_second_lat":33.8967310341,"segment_second_lon":-118.1253047202,"segment_sequence":120004,"segment_id":6,"segment_len_meter":267.04861987852513,"segment_cum_len":5773.622074831787}
{"route_id":"127","segment_first_lat":33.8967310341,"segment_first_lon":-118.1253047202,"segment_second_lat":33.8965936434,"segment_second_lon":-118.1253038558,"segment_sequence":130001,"segment_id":7,"segment_len_meter":15.277357126057844,"segment_cum_len":5788.899431957845}
{"route_id":"127","segment_first_lat":33.8965936434,"segment_first_lon":-118.1253038558,"segment_second_lat":33.8936260035,"segment_second_lon":-118.1252862395,"segment_sequence":130002,"segment_id":7,"segment_len_meter":329.9905067890674,"segment_cum_len":6118.889938746913}
{"route_id":"127","segment_first_lat":33.8936260035,"segment_first_lon":-118.1252862395,"segment_second_lat":33.8931423914,"segment_second_lon":-118.1252802446,"segment_sequence":130003,"segment_id":7,"segment_len_meter":53.77805871686187,"segment_cum_len":6172.667997463775}
{"route_id":"127","segment_first_lat":33.8931423914,"segment_first_lon":-118.1252802446,"segment_second_lat":33.8930050014,"segment_second_lon":-118.1252787213,"segment_sequence":140001,"segment_id":7,"segment_len_meter":15.277717966893864,"segment_cum_len":6187.945715430668}
{"route_id":"127","segment_first_lat":33.8930050014,"segment_first_lon":-118.1252787213,"segment_second_lat":33.8911529595,"segment_second_lon":-118.1252825433,"segment_sequence":140002,"segment_id":7,"segment_len_meter":205.93796537186662,"segment_cum_len":6393.883680802535}
{"route_id":"127","segment_first_lat":33.8911529595,"segment_first_lon":-118.1252825433,"segment_second_lat":33.8893503992,"segment_second_lon":-118.1252666698,"segment_sequence":140003,"segment_id":7,"segment_len_meter":200.44091549880514,"segment_cum_len":6594.3245963013405}
{"route_id":"127","segment_first_lat":33.8893503992,"segment_first_lon":-118.1252666698,"segment_second_lat":33.8893476513,"segment_second_lon":-118.1260574356,"segment_sequence":140004,"segment_id":7,"segment_len_meter":72.99202560223436,"segment_cum_len":6667.316621903575}
{"route_id":"127","segment_first_lat":33.8893476513,"segment_first_lon":-118.1260574356,"segment_second_lat":33.8893464819,"segment_second_lon":-118.1263869212,"segment_sequence":150001,"segment_id":8,"segment_len_meter":30.413342351138233,"segment_cum_len":6697.729964254713}
{"route_id":"127","segment_first_lat":33.8893464819,"segment_first_lon":-118.1263869212,"segment_second_lat":33.8893397645,"segment_second_lon":-118.1275467068,"segment_sequence":150002,"segment_id":8,"segment_len_meter":107.0562546925224,"segment_cum_len":6804.786218947235}
{"route_id":"127","segment_first_lat":33.8893397645,"segment_first_lon":-118.1275467068,"segment_second_lat":33.8893359771,"segment_second_lon":-118.1285252786,"segment_sequence":150003,"segment_id":8,"segment_len_meter":90.32775281965897,"segment_cum_len":6895.113971766894}
{"route_id":"127","segment_first_lat":33.8893359771,"segment_first_lon":-118.1285252786,"segment_second_lat":33.8893357838,"segment_second_lon":-118.1287064964,"segment_sequence":150004,"segment_id":8,"segment_len_meter":16.72726787093953,"segment_cum_len":6911.8412396378335}
{"route_id":"127","segment_first_lat":33.8893357838,"segment_first_lon":-118.1287064964,"segment_second_lat":33.8893293378,"segment_second_lon":-118.130103513,"segment_sequence":150005,"segment_id":8,"segment_len_meter":128.95319054003028,"segment_cum_len":7040.794430177863}
{"route_id":"127","segment_first_lat":33.8893293378,"segment_first_lon":-118.130103513,"segment_second_lat":33.8893286102,"segment_second_lon":-118.1302682556,"segment_sequence":160001,"segment_id":8,"segment_len_meter":15.206732178989789,"segment_cum_len":7056.0011623568535}
{"route_id":"127","segment_first_lat":33.8893286102,"segment_first_lon":-118.1302682556,"segment_second_lat":33.889328375,"segment_second_lon":-118.1304857169,"segment_sequence":160002,"segment_id":8,"segment_len_meter":20.072718110645678,"segment_cum_len":7076.073880467499}
{"route_id":"127","segment_first_lat":33.889328375,"segment_first_lon":-118.1304857169,"segment_second_lat":33.8893242832,"segment_second_lon":-118.1317212881,"segment_sequence":160003,"segment_id":8,"segment_len_meter":114.04994516507153,"segment_cum_len":7190.1238256325705}
{"route_id":"127","segment_first_lat":33.8893242832,"segment_first_lon":-118.1317212881,"segment_second_lat":33.8893241103,"segment_second_lon":-118.1318794418,"segment_sequence":160004,"segment_id":8,"segment_len_meter":14.598343965676587,"segment_cum_len":7204.722169598247}
{"route_id":"127","segment_first_lat":33.8893241103,"segment_first_lon":-118.1318794418,"segment_second_lat":33.8893210701,"segment_second_lon":-118.1321463218,"segment_sequence":160005,"segment_id":8,"segment_len_meter":24.636600730523686,"segment_cum_len":7229.35877032877}
{"route_id":"127","segment_first_lat":33.8893210701,"segment_first_lon":-118.1321463218,"segment_second_lat":33.8893178374,"segment_second_lon":-118.1325878297,"segment_sequence":160006,"segment_id":8,"segment_len_meter":40.7548458954201,"segment_cum_len":7270.11361622419}
{"route_id":"127","segment_first_lat":33.8893178374,"segment_first_lon":-118.1325878297,"segment_second_lat":33.8893093787,"segment_second_lon":-118.1337772656,"segment_sequence":160007,"segment_id":8,"segment_len_meter":109.7945774162483,"segment_cum_len":7379.908193640438}
{"route_id":"127","segment_first_lat":33.8893093787,"segment_first_lon":-118.1337772656,"segment_second_lat":33.88930806,"segment_second_lon":-118.1339749559,"segment_sequence":170001,"segment_id":9,"segment_len_meter":18.248338123345807,"segment_cum_len":7398.156531763784}
{"route_id":"127","segment_first_lat":33.88930806,"segment_first_lon":-118.1339749559,"segment_second_lat":33.8904813852,"segment_second_lon":-118.1339735362,"segment_sequence":170002,"segment_id":9,"segment_len_meter":130.46787535567267,"segment_cum_len":7528.624407119457}
{"route_id":"127","segment_first_lat":33.8904813852,"segment_first_lon":-118.1339735362,"segment_second_lat":33.8914815829,"segment_second_lon":-118.1339850196,"segment_sequence":170003,"segment_id":9,"segment_len_meter":111.22196069306328,"segment_cum_len":7639.84636781252}
{"route_id":"127","segment_first_lat":33.8914815829,"segment_first_lon":-118.1339850196,"segment_second_lat":33.8917563703,"segment_second_lon":-118.1339811754,"segment_sequence":170004,"segment_id":9,"segment_len_meter":30.557024988432865,"segment_cum_len":7670.403392800953}
{"route_id":"127","segment_first_lat":33.8917563703,"segment_first_lon":-118.1339811754,"segment_second_lat":33.8921080983,"segment_second_lon":-118.1339761361,"segment_sequence":180001,"segment_id":9,"segment_len_meter":39.113134981228804,"segment_cum_len":7709.516527782182}
{"route_id":"127","segment_first_lat":33.8921080983,"segment_first_lon":-118.1339761361,"segment_second_lat":33.8924817953,"segment_second_lon":-118.1339833234,"segment_sequence":180002,"segment_id":9,"segment_len_meter":41.558505755911,"segment_cum_len":7751.075033538093}
{"route_id":"127","segment_first_lat":33.8924817953,"segment_first_lon":-118.1339833234,"segment_second_lat":33.8933885781,"segment_second_lon":-118.1339847728,"segment_sequence":180003,"segment_id":9,"segment_len_meter":100.82973567883242,"segment_cum_len":7851.904769216925}
{"route_id":"127","segment_first_lat":33.8933885781,"segment_first_lon":-118.1339847728,"segment_second_lat":33.8942871101,"segment_second_lon":-118.1339927991,"segment_sequence":180004,"segment_id":9,"segment_len_meter":99.91494631800502,"segment_cum_len":7951.81971553493}
{"route_id":"127","segment_first_lat":33.8942871101,"segment_first_lon":-118.1339927991,"segment_second_lat":33.8945618906,"segment_second_lon":-118.1339952154,"segment_sequence":180005,"segment_id":9,"segment_len_meter":30.55501147790222,"segment_cum_len":7982.374727012832}
{"route_id":"127","segment_first_lat":33.8945618906,"segment_first_lon":-118.1339952154,"segment_second_lat":33.8952021292,"segment_second_lon":-118.134000852,"segment_sequence":190001,"segment_id":10,"segment_len_meter":71.19318507792252,"segment_cum_len":8053.567912090755}
{"route_id":"127","segment_first_lat":33.8952021292,"segment_first_lon":-118.134000852,"segment_second_lat":33.8965568007,"segment_second_lon":-118.134009608,"segment_sequence":190002,"segment_id":10,"segment_len_meter":150.63476597519133,"segment_cum_len":8204.202678065947}
{"route_id":"127","segment_first_lat":33.8965568007,"segment_first_lon":-118.134009608,"segment_second_lat":33.8965528617,"segment_second_lon":-118.1343391175,"segment_sequence":190003,"segment_id":10,"segment_len_meter":30.41585394292351,"segment_cum_len":8234.61853200887}
{"route_id":"127","segment_first_lat":33.8965528617,"segment_first_lon":-118.1343391175,"segment_second_lat":33.8965476975,"segment_second_lon":-118.1347806604,"segment_sequence":200001,"segment_id":10,"segment_len_meter":40.757081481700425,"segment_cum_len":8275.37561349057}
{"route_id":"127","segment_first_lat":33.8965476975,"segment_first_lon":-118.1347806604,"segment_second_lat":33.8965438885,"segment_second_lon":-118.1357263645,"segment_sequence":200002,"segment_id":10,"segment_len_meter":87.28657857134085,"segment_cum_len":8362.66219206191}
{"route_id":"127","segment_first_lat":33.8965438885,"segment_first_lon":-118.1357263645,"segment_second_lat":33.896548465,"segment_second_lon":-118.1365402759,"segment_sequence":200003,"segment_id":10,"segment_len_meter":75.12321740469045,"segment_cum_len":8437.785409466602}
{"route_id":"127","segment_first_lat":33.896548465,"segment_first_lon":-118.1365402759,"segment_second_lat":33.8965566721,"segment_second_lon":-118.1380198153,"segment_sequence":200004,"segment_id":10,"segment_len_meter":136.5599294916226,"segment_cum_len":8574.345338958225}
{"route_id":"127","segment_first_lat":33.8965566721,"segment_first_lon":-118.1380198153,"segment_second_lat":33.8965575825,"segment_second_lon":-118.1381845747,"segment_sequence":210001,"segment_id":11,"segment_len_meter":15.207115789649173,"segment_cum_len":8589.552454747874}
{"route_id":"127","segment_first_lat":33.8965575825,"segment_first_lon":-118.1381845747,"segment_second_lat":33.8965540318,"segment_second_lon":-118.1388831424,"segment_sequence":210002,"segment_id":11,"segment_len_meter":64.47683016275293,"segment_cum_len":8654.029284910628}
{"route_id":"127","segment_first_lat":33.8965540318,"segment_first_lon":-118.1388831424,"segment_second_lat":33.896542035,"segment_second_lon":-118.1397530442,"segment_sequence":210003,"segment_id":11,"segment_len_meter":80.30031315367113,"segment_cum_len":8734.3295980643}
{"route_id":"127","segment_first_lat":33.896542035,"segment_first_lon":-118.1397530442,"segment_second_lat":33.8965298782,"segment_second_lon":-118.1407547518,"segment_sequence":210004,"segment_id":11,"segment_len_meter":92.4643923478504,"segment_cum_len":8826.79399041215}
{"route_id":"127","segment_first_lat":33.8965298782,"segment_first_lon":-118.1407547518,"segment_second_lat":33.8965316302,"segment_second_lon":-118.1416049053,"segment_sequence":210005,"segment_id":11,"segment_len_meter":78.46678307126429,"segment_cum_len":8905.260773483415}
{"route_id":"127","segment_first_lat":33.8965316302,"segment_first_lon":-118.1416049053,"segment_second_lat":33.8965248327,"segment_second_lon":-118.1427087715,"segment_sequence":210006,"segment_id":11,"segment_len_meter":101.88624621549347,"segment_cum_len":9007.147019698908}
{"route_id":"127","segment_first_lat":33.8965248327,"segment_first_lon":-118.1427087715,"segment_second_lat":33.8965236178,"segment_second_lon":-118.1430382852,"segment_sequence":210007,"segment_id":11,"segment_len_meter":30.413398729172883,"segment_cum_len":9037.560418428082}
{"route_id":"127","segment_first_lat":33.8965236178,"segment_first_lon":-118.1430382852,"segment_second_lat":33.8965207729,"segment_second_lon":-118.1438126423,"segment_sequence":220001,"segment_id":11,"segment_len_meter":71.47147495740663,"segment_cum_len":9109.031893385489}
{"route_id":"127","segment_first_lat":33.8965207729,"segment_first_lon":-118.1438126423,"segment_second_lat":33.8965205645,"segment_second_lon":-118.1439872852,"segment_sequence":220002,"segment_id":11,"segment_len_meter":16.11901861876211,"segment_cum_len":9125.15091200425}
{"route_id":"127","segment_first_lat":33.8965205645,"segment_first_lon":-118.1439872852,"segment_second_lat":33.8964877368,"segment_second_lon":-118.1461488511,"segment_sequence":220003,"segment_id":11,"segment_len_meter":199.53930691859557,"segment_cum_len":9324.690218922846}
{"route_id":"127","segment_first_lat":33.8964877368,"segment_first_lon":-118.1461488511,"segment_second_lat":33.8964834178,"segment_second_lon":-118.146537672,"segment_sequence":220004,"segment_id":11,"segment_len_meter":35.890199987933116,"segment_cum_len":9360.580418910778}
{"route_id":"127","segment_first_lat":33.8964834178,"segment_first_lon":-118.146537672,"segment_second_lat":33.8964815687,"segment_second_lon":-118.1467024265,"segment_sequence":230001,"segment_id":12,"segment_len_meter":15.207729900214735,"segment_cum_len":9375.788148810992}
{"route_id":"127","segment_first_lat":33.8964815687,"segment_first_lon":-118.1467024265,"segment_second_lat":33.8964710653,"segment_second_lon":-118.1485476952,"segment_sequence":230002,"segment_id":12,"segment_len_meter":170.31671268678522,"segment_cum_len":9546.104861497777}
{"route_id":"127","segment_first_lat":33.8964710653,"segment_first_lon":-118.1485476952,"segment_second_lat":33.8964635403,"segment_second_lon":-118.1501853739,"segment_sequence":230003,"segment_id":12,"segment_len_meter":151.15511232877688,"segment_cum_len":9697.259973826554}
{"route_id":"127","segment_first_lat":33.8964635403,"segment_first_lon":-118.1501853739,"segment_second_lat":33.8964565069,"segment_second_lon":-118.1514144541,"segment_sequence":230004,"segment_id":12,"segment_len_meter":113.44309478456148,"segment_cum_len":9810.703068611116}
{"route_id":"127","segment_first_lat":33.8964565069,"segment_first_lon":-118.1514144541,"segment_second_lat":33.8964560926,"segment_second_lon":-118.1517439689,"segment_sequence":230005,"segment_id":12,"segment_len_meter":30.413259345079727,"segment_cum_len":9841.116327956195}
{"route_id":"127","segment_first_lat":33.8964560926,"segment_first_lon":-118.1517439689,"segment_second_lat":33.8964547104,"segment_second_lon":-118.1528379578,"segment_sequence":240001,"segment_id":12,"segment_len_meter":100.97200144143704,"segment_cum_len":9942.088329397633}
{"route_id":"127","segment_first_lat":33.8964547104,"segment_first_lon":-118.1528379578,"segment_second_lat":33.8964538981,"segment_second_lon":-118.1534772164,"segment_sequence":240002,"segment_id":12,"segment_len_meter":59.0017156220791,"segment_cum_len":10001.090045019711}
{"route_id":"127","segment_first_lat":33.8964538981,"segment_first_lon":-118.1534772164,"segment_second_lat":33.8964370424,"segment_second_lon":-118.1559057143,"segment_sequence":240003,"segment_id":12,"segment_len_meter":224.1509128347707,"segment_cum_len":10225.240957854483}
{"route_id":"127","segment_first_lat":33.8964370424,"segment_first_lon":-118.1559057143,"segment_second_lat":33.8964395173,"segment_second_lon":-118.1561166088,"segment_sequence":240004,"segment_id":12,"segment_len_meter":19.466877106876023,"segment_cum_len":10244.707834961358}
{"route_id":"127","segment_first_lat":33.8964395173,"segment_first_lon":-118.1561166088,"segment_second_lat":33.8964358884,"segment_second_lon":-118.1567954039,"segment_sequence":240005,"segment_id":12,"segment_len_meter":62.652058191460355,"segment_cum_len":10307.35989315282}
{"route_id":"127","segment_first_lat":33.8964358884,"segment_first_lon":-118.1567954039,"segment_second_lat":33.8964367259,"segment_second_lon":-118.1569964099,"segment_sequence":240006,"segment_id":12,"segment_len_meter":18.55248700387092,"segment_cum_len":10325.912380156691}
{"route_id":"127","segment_first_lat":33.8964367259,"segment_first_lon":-118.1569964099,"segment_second_lat":33.8964379449,"segment_second_lon":-118.1573259276,"segment_sequence":250001,"segment_id":13,"segment_len_meter":30.413800928924502,"segment_cum_len":10356.326181085617}
{"route_id":"127","segment_first_lat":33.8964379449,"segment_first_lon":-118.1573259276,"segment_second_lat":33.8964378072,"segment_second_lon":-118.1574313723,"segment_sequence":250002,"segment_id":13,"segment_len_meter":9.732242649802197,"segment_cum_len":10366.05842373542}
{"route_id":"127","segment_first_lat":33.8964378072,"segment_first_lon":-118.1574313723,"segment_second_lat":33.8964305655,"segment_second_lon":-118.158762601,"segment_sequence":250003,"segment_id":13,"segment_len_meter":122.87107351467672,"segment_cum_len":10488.929497250096}
{"route_id":"127","segment_first_lat":33.8964305655,"segment_first_lon":-118.158762601,"segment_second_lat":33.8964269653,"segment_second_lon":-118.1594084445,"segment_sequence":250004,"segment_id":13,"segment_len_meter":59.61077503466228,"segment_cum_len":10548.540272284758}
{"route_id":"127","segment_first_lat":33.8964269653,"segment_first_lon":-118.1594084445,"segment_second_lat":33.8964268215,"segment_second_lon":-118.1595171843,"segment_sequence":250005,"segment_id":13,"segment_len_meter":10.036372515180993,"segment_cum_len":10558.576644799938}
{"route_id":"127","segment_first_lat":33.8964268215,"segment_first_lon":-118.1595171843,"segment_second_lat":33.8964233004,"segment_second_lon":-118.1601004198,"segment_sequence":250006,"segment_id":13,"segment_len_meter":53.83232511425684,"segment_cum_len":10612.408969914195}
{"route_id":"127","segment_first_lat":33.8964233004,"segment_first_lon":-118.1601004198,"segment_second_lat":33.8964223127,"segment_second_lon":-118.1604299334,"segment_sequence":250007,"segment_id":13,"segment_len_meter":30.413323944807836,"segment_cum_len":10642.822293859002}
{"route_id":"127","segment_first_lat":33.8964223127,"segment_first_lon":-118.1604299334,"segment_second_lat":33.8964187329,"segment_second_lon":-118.1614646049,"segment_sequence":260001,"segment_id":13,"segment_len_meter":95.49793554541549,"segment_cum_len":10738.320229404419}
{"route_id":"127","segment_first_lat":33.8964187329,"segment_first_lon":-118.1614646049,"segment_second_lat":33.8964206094,"segment_second_lon":-118.1621137538,"segment_sequence":260002,"segment_id":13,"segment_len_meter":59.91487909881968,"segment_cum_len":10798.235108503239}
{"route_id":"127","segment_first_lat":33.8964206094,"segment_first_lon":-118.1621137538,"segment_second_lat":33.8964142167,"segment_second_lon":-118.1627793626,"segment_sequence":260003,"segment_id":13,"segment_len_meter":61.43782960882936,"segment_cum_len":10859.672938112068}
{"route_id":"127","segment_first_lat":33.8964142167,"segment_first_lon":-118.1627793626,"segment_second_lat":33.8964074476,"segment_second_lon":-118.1641237721,"segment_sequence":260004,"segment_id":13,"segment_len_meter":124.08730022763925,"segment_cum_len":10983.760238339706}
{"route_id":"127","segment_first_lat":33.8964074476,"segment_first_lon":-118.1641237721,"segment_second_lat":33.8964066736,"segment_second_lon":-118.1642885283,"segment_sequence":270001,"segment_id":14,"segment_len_meter":15.206753802265109,"segment_cum_len":10998.966992141972}
{"route_id":"127","segment_first_lat":33.8964066736,"segment_first_lon":-118.1642885283,"segment_second_lat":33.8964064939,"segment_second_lon":-118.1644203341,"segment_sequence":270002,"segment_id":14,"segment_len_meter":12.165302208248734,"segment_cum_len":11011.13229435022}
{"route_id":"127","segment_first_lat":33.8964064939,"segment_first_lon":-118.1644203341,"segment_second_lat":33.8964051323,"segment_second_lon":-118.1654154678,"segment_sequence":270003,"segment_id":14,"segment_len_meter":91.84802508883594,"segment_cum_len":11102.980319439055}
{"route_id":"127","segment_first_lat":33.8964051323,"segment_first_lon":-118.1654154678,"segment_second_lat":33.8964014829,"segment_second_lon":-118.1660711962,"segment_sequence":270004,"segment_id":14,"segment_len_meter":60.52315609002574,"segment_cum_len":11163.503475529082}
{"route_id":"127","segment_first_lat":33.8964014829,"segment_first_lon":-118.1660711962,"segment_second_lat":33.8964005959,"segment_second_lon":-118.1667137494,"segment_sequence":270005,"segment_id":14,"segment_len_meter":59.3058472163821,"segment_cum_len":11222.809322745465}
{"route_id":"127","segment_first_lat":33.8964005959,"segment_first_lon":-118.1667137494,"segment_second_lat":33.8963974055,"segment_second_lon":-118.1670333729,"segment_sequence":270006,"segment_id":14,"segment_len_meter":29.50244003658381,"segment_cum_len":11252.311762782048}
{"route_id":"127","segment_first_lat":33.8963974055,"segment_first_lon":-118.1670333729,"segment_second_lat":33.8964051691,"segment_second_lon":-118.1673793795,"segment_sequence":270007,"segment_id":14,"segment_len_meter":31.947054375236206,"segment_cum_len":11284.258817157284}
{"route_id":"127","segment_first_lat":33.8964051691,"segment_first_lon":-118.1673793795,"segment_second_lat":33.8963756919,"segment_second_lon":-118.1688127121,"segment_sequence":270008,"segment_id":14,"segment_len_meter":132.33298652498883,"segment_cum_len":11416.591803682273}
{"route_id":"127","segment_first_lat":33.8963756919,"segment_first_lon":-118.1688127121,"segment_second_lat":33.8963744056,"segment_second_lon":-118.1691422248,"segment_sequence":270009,"segment_id":14,"segment_len_meter":30.413395934597947,"segment_cum_len":11447.005199616871}
{"route_id":"127","segment_first_lat":33.8963744056,"segment_first_lon":-118.1691422248,"segment_second_lat":33.8963674438,"segment_second_lon":-118.1707667209,"segment_sequence":280001,"segment_id":14,"segment_len_meter":149.93825001656165,"segment_cum_len":11596.943449633432}
{"route_id":"127","segment_first_lat":33.8963674438,"segment_first_lon":-118.1707667209,"segment_second_lat":33.896368571,"segment_second_lon":-118.171906846,"segment_sequence":280002,"segment_id":14,"segment_len_meter":105.23029942807841,"segment_cum_len":11702.17374906151}
{"route_id":"127","segment_first_lat":33.896368571,"segment_first_lon":-118.171906846,"segment_second_lat":33.8963696259,"segment_second_lon":-118.173089808,"segment_sequence":280003,"segment_id":14,"segment_len_meter":109.18400745335471,"segment_cum_len":11811.357756514864}
{"route_id":"127","segment_first_lat":33.8963696259,"segment_first_lon":-118.173089808,"segment_second_lat":33.8963675036,"segment_second_lon":-118.1734193188,"segment_sequence":280004,"segment_id":14,"segment_len_meter":30.413802121495365,"segment_cum_len":11841.77155863636}
{"route_id":"127","segment_first_lat":33.8963675036,"segment_first_lon":-118.1734193188,"segment_second_lat":33.8963553818,"segment_second_lon":-118.1753403675,"segment_sequence":290001,"segment_id":15,"segment_len_meter":177.31233456089987,"segment_cum_len":12019.08389319726}
{"route_id":"127","segment_first_lat":33.8963553818,"segment_first_lon":-118.1753403675,"segment_second_lat":33.8963455758,"segment_second_lon":-118.1764112714,"segment_sequence":290002,"segment_id":15,"segment_len_meter":98.84734414591638,"segment_cum_len":12117.931237343175}
{"route_id":"127","segment_first_lat":33.8963455758,"segment_first_lon":-118.1764112714,"segment_second_lat":33.8963279952,"segment_second_lon":-118.1773437622,"segment_sequence":290003,"segment_id":15,"segment_len_meter":86.08841362608185,"segment_cum_len":12204.019650969256}
{"route_id":"127","segment_first_lat":33.8963279952,"segment_first_lon":-118.1773437622,"segment_second_lat":33.8963247301,"segment_second_lon":-118.1775085128,"segment_sequence":300001,"segment_id":15,"segment_len_meter":15.210341447866032,"segment_cum_len":12219.229992417122}
{"route_id":"127","segment_first_lat":33.8963247301,"segment_first_lon":-118.1775085128,"segment_second_lat":33.8962940738,"segment_second_lon":-118.1796535906,"segment_sequence":300002,"segment_id":15,"segment_len_meter":198.01391072345928,"segment_cum_len":12417.243903140581}
{"route_id":"127","segment_first_lat":33.8962940738,"segment_first_lon":-118.1796535906,"segment_second_lat":33.896281447,"segment_second_lon":-118.1807475532,"segment_sequence":300003,"segment_id":15,"segment_len_meter":100.97941700866731,"segment_cum_len":12518.223320149249}
{"route_id":"127","segment_first_lat":33.896281447,"segment_first_lon":-118.1807475532,"segment_second_lat":33.8962685687,"segment_second_lon":-118.1816372158,"segment_sequence":300004,"segment_id":15,"segment_len_meter":82.1258409694871,"segment_cum_len":12600.349161118736}
{"route_id":"127","segment_first_lat":33.8962685687,"segment_first_lon":-118.1816372158,"segment_second_lat":33.8962661221,"segment_second_lon":-118.1818019679,"segment_sequence":310001,"segment_id":16,"segment_len_meter":15.20859013689533,"segment_cum_len":12615.557751255632}
{"route_id":"127","segment_first_lat":33.8962661221,"segment_first_lon":-118.1818019679,"segment_second_lat":33.8962546442,"segment_second_lon":-118.1839339043,"segment_sequence":310002,"segment_id":16,"segment_len_meter":196.77590531847468,"segment_cum_len":12812.333656574106}
{"route_id":"127","segment_first_lat":33.8962546442,"segment_first_lon":-118.1839339043,"segment_second_lat":33.8962383239,"segment_second_lon":-118.1856176892,"segment_sequence":310003,"segment_id":16,"segment_len_meter":155.41925686948161,"segment_cum_len":12967.752913443588}
{"route_id":"127","segment_first_lat":33.8962383239,"segment_first_lon":-118.1856176892,"segment_second_lat":33.8962278493,"segment_second_lon":-118.1870609408,"segment_sequence":310004,"segment_id":16,"segment_len_meter":133.21322012979118,"segment_cum_len":13100.96613357338}
{"route_id":"127","segment_first_lat":33.8962278493,"segment_first_lon":-118.1870609408,"segment_second_lat":33.8962303976,"segment_second_lon":-118.1871894573,"segment_sequence":310005,"segment_id":16,"segment_len_meter":11.865101822813552,"segment_cum_len":13112.831235396194}
{"route_id":"127","segment_first_lat":33.8962303976,"segment_first_lon":-118.1871894573,"segment_second_lat":33.8962299982,"segment_second_lon":-118.1874464779,"segment_sequence":310006,"segment_id":16,"segment_len_meter":23.722332415125642,"segment_cum_len":13136.55356781132}
{"route_id":"127","segment_first_lat":33.8962299982,"segment_first_lon":-118.1874464779,"segment_second_lat":33.8962297265,"segment_second_lon":-118.1876211202,"segment_sequence":310007,"segment_id":16,"segment_len_meter":16.119029865975545,"segment_cum_len":13152.672597677294}
{"route_id":"127","segment_first_lat":33.8962297265,"segment_first_lon":-118.1876211202,"segment_second_lat":33.8962319969,"segment_second_lon":-118.187927574,"segment_sequence":310008,"segment_id":16,"segment_len_meter":28.285964956180226,"segment_cum_len":13180.958562633474}
{"route_id":"127","segment_first_lat":33.8962319969,"segment_first_lon":-118.187927574,"segment_second_lat":33.8962212485,"segment_second_lon":-118.1888271253,"segment_sequence":310009,"segment_id":16,"segment_len_meter":83.03470347007969,"segment_cum_len":13263.993266103553}
{"route_id":"127","segment_first_lat":33.8962212485,"segment_first_lon":-118.1888271253,"segment_second_lat":33.8962193416,"segment_second_lon":-118.1889918784,"segment_sequence":320001,"segment_id":16,"segment_len_meter":15.207735699593556,"segment_cum_len":13279.201001803147}
{"route_id":"127","segment_first_lat":33.8962193416,"segment_first_lon":-118.1889918784,"segment_second_lat":33.8962065885,"segment_second_lon":-118.1901121997,"segment_sequence":320002,"segment_id":16,"segment_len_meter":103.41230317526549,"segment_cum_len":13382.613304978413}
{"route_id":"127","segment_first_lat":33.8962065885,"segment_first_lon":-118.1901121997,"segment_second_lat":33.8961993572,"segment_second_lon":-118.1912094673,"segment_sequence":320003,"segment_id":16,"segment_len_meter":101.27799041245376,"segment_cum_len":13483.891295390868}
{"route_id":"127","segment_first_lat":33.8961993572,"segment_first_lon":-118.1912094673,"segment_second_lat":33.8961894312,"segment_second_lon":-118.1922671867,"segment_sequence":320004,"segment_id":16,"segment_len_meter":97.63085653113113,"segment_cum_len":13581.522151922}
{"route_id":"127","segment_first_lat":33.8961894312,"segment_first_lon":-118.1922671867,"segment_second_lat":33.8961711361,"segment_second_lon":-118.1933973799,"segment_sequence":320005,"segment_id":16,"segment_len_meter":104.33360372665251,"segment_cum_len":13685.855755648652}
{"route_id":"127","segment_first_lat":33.8961711361,"segment_first_lon":-118.1933973799,"segment_second_lat":33.8961664852,"segment_second_lon":-118.1937268838,"segment_sequence":320006,"segment_id":16,"segment_len_meter":30.416717705927113,"segment_cum_len":13716.27247335458}
{"route_id":"127","segment_first_lat":33.8961664852,"segment_first_lon":-118.1937268838,"segment_second_lat":33.8961556208,"segment_second_lon":-118.1945012179,"segment_sequence":330001,"segment_id":17,"segment_len_meter":71.47916418661524,"segment_cum_len":13787.751637541196}
{"route_id":"127","segment_first_lat":33.8961556208,"segment_first_lon":-118.1945012179,"segment_second_lat":33.89614287,"segment_second_lon":-118.1955885862,"segment_sequence":330002,"segment_id":17,"segment_len_meter":100.37119777312394,"segment_cum_len":13888.12283531432}
{"route_id":"127","segment_first_lat":33.89614287,"segment_first_lon":-118.1955885862,"segment_second_lat":33.8961366873,"segment_second_lon":-118.1965178026,"segment_sequence":330003,"segment_id":17,"segment_len_meter":85.7669512146582,"segment_cum_len":13973.889786528978}
{"route_id":"127","segment_first_lat":33.8961366873,"segment_first_lon":-118.1965178026,"segment_second_lat":33.8961355942,"segment_second_lon":-118.1966825573,"segment_sequence":340001,"segment_id":17,"segment_len_meter":15.206905879438066,"segment_cum_len":13989.096692408417}
{"route_id":"127","segment_first_lat":33.8961355942,"segment_first_lon":-118.1966825573,"segment_second_lat":33.8961289189,"segment_second_lon":-118.1974041783,"segment_sequence":340002,"segment_id":17,"segment_len_meter":66.60783576099531,"segment_cum_len":14055.704528169412}
{"route_id":"127","segment_first_lat":33.8961289189,"segment_first_lon":-118.1974041783,"segment_second_lat":33.8961200705,"segment_second_lon":-118.1977732137,"segment_sequence":340003,"segment_id":17,"segment_len_meter":34.075197065026394,"segment_cum_len":14089.779725234439}
{"route_id":"127","segment_first_lat":33.8961200705,"segment_first_lon":-118.1977732137,"segment_second_lat":33.896104599,"segment_second_lon":-118.1986595708,"segment_sequence":340004,"segment_id":17,"segment_len_meter":81.82650972829236,"segment_cum_len":14171.606234962732}
{"route_id":"127","segment_first_lat":33.896104599,"segment_first_lon":-118.1986595708,"segment_second_lat":33.8961018543,"segment_second_lon":-118.1988243215,"segment_sequence":350001,"segment_id":18,"segment_len_meter":15.209119247094701,"segment_cum_len":14186.815354209826}
{"route_id":"127","segment_first_lat":33.8961018543,"segment_first_lon":-118.1988243215,"segment_second_lat":33.896089665,"segment_second_lon":-118.1995492241,"segment_sequence":350002,"segment_id":18,"segment_len_meter":66.92033871460409,"segment_cum_len":14253.73569292443}
{"route_id":"127","segment_first_lat":33.896089665,"segment_first_lon":-118.1995492241,"segment_second_lat":33.8960825781,"segment_second_lon":-118.2005080939,"segment_sequence":350003,"segment_id":18,"segment_len_meter":88.50468953896885,"segment_cum_len":14342.2403824634}
{"route_id":"127","segment_first_lat":33.8960825781,"segment_first_lon":-118.2005080939,"segment_second_lat":33.8960752577,"segment_second_lon":-118.2016020638,"segment_sequence":350004,"segment_id":18,"segment_len_meter":100.97385760449752,"segment_cum_len":14443.214240067899}
{"route_id":"127","segment_first_lat":33.8960752577,"segment_first_lon":-118.2016020638,"segment_second_lat":33.8960719583,"segment_second_lon":-118.2019315702,"segment_sequence":350005,"segment_id":18,"segment_len_meter":30.41479843320895,"segment_cum_len":14473.629038501107}
{"route_id":"127","segment_first_lat":33.8960719583,"segment_first_lon":-118.2019315702,"segment_second_lat":33.8960653292,"segment_second_lon":-118.2026070584,"segment_sequence":360001,"segment_id":18,"segment_len_meter":62.35016896678997,"segment_cum_len":14535.979207467897}
{"route_id":"127","segment_first_lat":33.8960653292,"segment_first_lon":-118.2026070584,"segment_second_lat":33.8960587629,"segment_second_lon":-118.203243005,"segment_sequence":360002,"segment_id":18,"segment_len_meter":58.700769865239785,"segment_cum_len":14594.679977333137}
{"route_id":"127","segment_first_lat":33.8960587629,"segment_first_lon":-118.203243005,"segment_second_lat":33.896063292,"segment_second_lon":-118.2034901517,"segment_sequence":360003,"segment_id":18,"segment_len_meter":22.816561033930522,"segment_cum_len":14617.496538367068}
{"route_id":"127","segment_first_lat":33.896063292,"segment_first_lon":-118.2034901517,"segment_second_lat":33.8960663111,"segment_second_lon":-118.2036549161,"segment_sequence":370001,"segment_id":19,"segment_len_meter":15.211033130137645,"segment_cum_len":14632.707571497205}
{"route_id":"127","segment_first_lat":33.8960663111,"segment_first_lon":-118.2036549161,"segment_second_lat":33.8960510152,"segment_second_lon":-118.2045742236,"segment_sequence":370002,"segment_id":19,"segment_len_meter":84.86675644725433,"segment_cum_len":14717.57432794446}
{"route_id":"127","segment_first_lat":33.8960510152,"segment_first_lon":-118.2045742236,"segment_second_lat":33.8960493503,"segment_second_lon":-118.2055528768,"segment_sequence":370003,"segment_id":19,"segment_len_meter":90.32736524644626,"segment_cum_len":14807.901693190906}
{"route_id":"127","segment_first_lat":33.8960493503,"segment_first_lon":-118.2055528768,"segment_second_lat":33.8960366353,"segment_second_lon":-118.2065611589,"segment_sequence":370004,"segment_id":19,"segment_len_meter":93.07259401213699,"segment_cum_len":14900.974287203044}
{"route_id":"127","segment_first_lat":33.8960366353,"segment_first_lon":-118.2065611589,"segment_second_lat":33.8960379403,"segment_second_lon":-118.2074014233,"segment_sequence":370005,"segment_id":19,"segment_len_meter":77.5543923905233,"segment_cum_len":14978.528679593566}
{"route_id":"127","segment_first_lat":33.8960379403,"segment_first_lon":-118.2074014233,"segment_second_lat":33.8960373785,"segment_second_lon":-118.207727641,"segment_sequence":370006,"segment_id":19,"segment_len_meter":30.10912466165722,"segment_cum_len":15008.637804255224}
{"route_id":"127","segment_first_lat":33.8960373785,"segment_first_lon":-118.207727641,"segment_second_lat":33.8960369524,"segment_second_lon":-118.2079747755,"segment_sequence":380001,"segment_id":19,"segment_len_meter":22.809931983657272,"segment_cum_len":15031.44773623888}
{"route_id":"127","segment_first_lat":33.8960369524,"segment_first_lon":-118.2079747755,"segment_second_lat":33.8960360701,"segment_second_lon":-118.2084855203,"segment_sequence":380002,"segment_id":19,"segment_len_meter":47.14054223509201,"segment_cum_len":15078.588278473973}
{"route_id":"127","segment_first_lat":33.8960360701,"segment_first_lon":-118.2084855203,"segment_second_lat":33.8960345451,"segment_second_lon":-118.2093653194,"segment_sequence":380003,"segment_id":19,"segment_len_meter":81.20338734640217,"segment_cum_len":15159.791665820376}
{"route_id":"127","segment_first_lat":33.8960345451,"segment_first_lon":-118.2093653194,"segment_second_lat":33.8960376506,"segment_second_lon":-118.2102649009,"segment_sequence":380004,"segment_id":19,"segment_len_meter":83.02979260273052,"segment_cum_len":15242.821458423106}
{"route_id":"127","segment_first_lat":33.8960376506,"segment_first_lon":-118.2102649009,"segment_second_lat":33.8960381874,"segment_second_lon":-118.2104296594,"segment_sequence":390001,"segment_id":20,"segment_len_meter":15.20690550630236,"segment_cum_len":15258.028363929408}
{"route_id":"127","segment_first_lat":33.8960381874,"segment_first_lon":-118.2104296594,"segment_second_lat":33.8960417683,"segment_second_lon":-118.2115236556,"segment_sequence":390002,"segment_id":20,"segment_len_meter":100.97383520796161,"segment_cum_len":15359.00219913737}
{"route_id":"127","segment_first_lat":33.8960417683,"segment_first_lon":-118.2115236556,"segment_second_lat":33.8960260579,"segment_second_lon":-118.2126439641,"segment_sequence":390003,"segment_id":20,"segment_len_meter":103.41637101612943,"segment_cum_len":15462.4185701535}
{"route_id":"127","segment_first_lat":33.8960260579,"segment_first_lon":-118.2126439641,"segment_second_lat":33.8960263005,"segment_second_lon":-118.2129734789,"segment_sequence":390004,"segment_id":20,"segment_len_meter":30.413389816444933,"segment_cum_len":15492.831959969946}
{"route_id":"127","segment_first_lat":33.8960263005,"segment_first_lon":-118.2129734789,"segment_second_lat":33.8960268767,"segment_second_lon":-118.2137346581,"segment_sequence":400001,"segment_id":20,"segment_len_meter":70.25493282546792,"segment_cum_len":15563.086892795414}
{"route_id":"127","segment_first_lat":33.8960268767,"segment_first_lon":-118.2137346581,"segment_second_lat":33.8960249319,"segment_second_lon":-118.2148286402,"segment_sequence":400002,"segment_id":20,"segment_len_meter":100.97199696585544,"segment_cum_len":15664.05888976127}
{"route_id":"127","segment_first_lat":33.8960249319,"segment_first_lon":-118.2148286402,"segment_second_lat":33.8960204713,"segment_second_lon":-118.215787515,"segment_sequence":400003,"segment_id":20,"segment_len_meter":88.50309841990324,"segment_cum_len":15752.561988181174}
{"route_id":"127","segment_first_lat":33.8960204713,"segment_first_lon":-118.215787515,"segment_second_lat":33.8960207053,"segment_second_lon":-118.2161170298,"segment_sequence":400004,"segment_id":20,"segment_len_meter":30.413390977216668,"segment_cum_len":15782.975379158392}
{"route_id":"127","segment_first_lat":33.8960207053,"segment_first_lon":-118.2161170298,"segment_second_lat":33.8960211015,"segment_second_lon":-118.2169671774,"segment_sequence":410001,"segment_id":21,"segment_len_meter":78.46647817976798,"segment_cum_len":15861.441857338159}
{"route_id":"127","segment_first_lat":33.8960211015,"segment_first_lon":-118.2169671774,"segment_second_lat":33.8960200919,"segment_second_lon":-118.2175273489,"segment_sequence":410002,"segment_id":21,"segment_len_meter":51.7025298055336,"segment_cum_len":15913.144387143693}
{"route_id":"127","segment_first_lat":33.8960200919,"segment_first_lon":-118.2175273489,"segment_second_lat":33.8960190797,"segment_second_lon":-118.2180875203,"segment_sequence":410003,"segment_id":21,"segment_len_meter":51.70252181577189,"segment_cum_len":15964.846908959466}
{"route_id":"127","segment_first_lat":33.8960190797,"segment_first_lon":-118.2180875203,"segment_second_lat":33.8960175033,"segment_second_lon":-118.2183511276,"segment_sequence":410004,"segment_id":21,"segment_len_meter":24.330916924577146,"segment_cum_len":15989.177825884042}
{"route_id":"127","segment_first_lat":33.8960175033,"segment_first_lon":-118.2183511276,"segment_second_lat":33.8960152393,"segment_second_lon":-118.2186905213,"segment_sequence":420001,"segment_id":21,"segment_len_meter":31.326190358291893,"segment_cum_len":16020.504016242334}
{"route_id":"127","segment_first_lat":33.8960152393,"segment_first_lon":-118.2186905213,"segment_second_lat":33.8960145752,"segment_second_lon":-118.2190562803,"segment_sequence":420002,"segment_id":21,"segment_len_meter":33.75871054451156,"segment_cum_len":16054.262726786845}
{"route_id":"127","segment_first_lat":33.8960145752,"segment_first_lon":-118.2190562803,"segment_second_lat":33.8960134351,"segment_second_lon":-118.2196826837,"segment_sequence":420003,"segment_id":21,"segment_len_meter":57.81558768047424,"segment_cum_len":16112.078314467319}
{"route_id":"127","segment_first_lat":33.8960134351,"segment_first_lon":-118.2196826837,"segment_second_lat":33.8960133336,"segment_second_lon":-118.2197383714,"segment_sequence":430001,"segment_id":22,"segment_len_meter":5.139846219589986,"segment_cum_len":16117.218160686909}
{"route_id":"127","segment_first_lat":33.8960133336,"segment_first_lon":-118.2197383714,"segment_second_lat":33.8960048919,"segment_second_lon":-118.2198470889,"segment_sequence":430002,"segment_id":22,"segment_len_meter":10.078159728474144,"segment_cum_len":16127.296320415384}
{"route_id":"127","segment_first_lat":33.8960048919,"segment_first_lon":-118.2198470889,"segment_second_lat":33.8959907078,"segment_second_lon":-118.2200908921,"segment_sequence":430003,"segment_id":22,"segment_len_meter":22.557628121834906,"segment_cum_len":16149.853948537218}
{"route_id":"127","segment_first_lat":33.8959907078,"segment_first_lon":-118.2200908921,"segment_second_lat":33.8959709553,"segment_second_lon":-118.2203742223,"segment_sequence":430004,"segment_id":22,"segment_len_meter":26.24274473541802,"segment_cum_len":16176.096693272637}
{"route_id":"127","segment_first_lat":33.8959709553,"segment_first_lon":-118.2203742223,"segment_second_lat":33.8969928562,"segment_second_lon":-118.2205350776,"segment_sequence":430005,"segment_id":22,"segment_len_meter":114.5959798661131,"segment_cum_len":16290.69267313875}
{"route_id":"127","segment_first_lat":33.8969928562,"segment_first_lon":-118.2205350776,"segment_second_lat":33.8983196992,"segment_second_lon":-118.2207329874,"segment_sequence":430006,"segment_id":22,"segment_len_meter":148.66465043809134,"segment_cum_len":16439.35732357684}
{"route_id":"127","segment_first_lat":33.8983196992,"segment_first_lon":-118.2207329874,"segment_second_lat":33.8984570542,"segment_second_lon":-118.2207531205,"segment_sequence":430007,"segment_id":22,"segment_len_meter":15.3858000545265,"segment_cum_len":16454.743123631368}
{"route_id":"127","segment_first_lat":33.8984570542,"segment_first_lon":-118.2207531205,"segment_second_lat":33.89845038,"segment_second_lon":-118.2213956743,"segment_sequence":430008,"segment_id":22,"segment_len_meter":59.309036385331225,"segment_cum_len":16514.052160016698}
{"route_id":"127","segment_first_lat":33.89845038,"segment_first_lon":-118.2213956743,"segment_second_lat":33.8984639799,"segment_second_lon":-118.2214715007,"segment_sequence":430009,"segment_id":22,"segment_len_meter":7.159905911182613,"segment_cum_len":16521.21206592788}
{"route_id":"127","segment_first_lat":33.8984639799,"segment_first_lon":-118.2214715007,"segment_second_lat":33.8984804003,"segment_second_lon":-118.2215077917,"segment_sequence":430010,"segment_id":22,"segment_len_meter":3.8148052374036534,"segment_cum_len":16525.026871165286}
{"route_id":"127","segment_first_lat":33.8984804003,"segment_first_lon":-118.2215077917,"segment_second_lat":33.8984940546,"segment_second_lon":-118.2215539611,"segment_sequence":430011,"segment_id":22,"segment_len_meter":4.523603170522993,"segment_cum_len":16529.55047433581}
{"route_id":"127","segment_first_lat":33.8984940546,"segment_first_lon":-118.2215539611,"segment_second_lat":33.898510384,"segment_second_lon":-118.2216396805,"segment_sequence":430012,"segment_id":22,"segment_len_meter":8.117143670257496,"segment_cum_len":16537.667618006068}
{"route_id":"127","segment_first_lat":33.898510384,"segment_first_lon":-118.2216396805,"segment_second_lat":33.8984763727,"segment_second_lon":-118.2222030764,"segment_sequence":430013,"segment_id":22,"segment_len_meter":52.13585199494718,"segment_cum_len":16589.803470001014}
{"route_id":"127","segment_first_lat":33.8984763727,"segment_first_lon":-118.2222030764,"segment_second_lat":33.8979461157,"segment_second_lon":-118.2221621281,"segment_sequence":430014,"segment_id":22,"segment_len_meter":59.082887331783816,"segment_cum_len":16648.886357332798}
{"route_id":"127","segment_first_lat":33.8979461157,"segment_first_lon":-118.2221621281,"segment_second_lat":33.8979365518,"segment_second_lon":-118.2231743936,"segment_sequence":430015,"segment_id":22,"segment_len_meter":93.43348479014037,"segment_cum_len":16742.31984212294}
