{"route_id":"685","segment_first_lat":34.1686849236,"segment_first_lon":-118.2292677048,"segment_second_lat":34.1689766887,"segment_second_lon":-118.229154121,"segment_sequence":10001,"segment_id":1,"segment_len_meter":34.08422454502584,"segment_cum_len":34.08422454502584}
{"route_id":"685","segment_first_lat":34.1689766887,"segment_first_lon":-118.229154121,"segment_second_lat":34.1692681438,"segment_second_lon":-118.2290590487,"segment_sequence":10002,"segment_id":1,"segment_len_meter":33.567917028136215,"segment_cum_len":67.65214157316206}
{"route_id":"685","segment_first_lat":34.1692681438,"segment_first_lon":-118.2290590487,"segment_second_lat":34.1693780959,"segment_second_lon":-118.2290395146,"segment_sequence":10003,"segment_id":1,"segment_len_meter":12.357493686742114,"segment_cum_len":80.00963525990417}
{"route_id":"685","segment_first_lat":34.1693780959,"segment_first_lon":-118.2290395146,"segment_second_lat":34.1695869648,"segment_second_lon":-118.2290235575,"segment_sequence":10004,"segment_id":1,"segment_len_meter":23.271513732232357,"segment_cum_len":103.28114899213654}
{"route_id":"685","segment_first_lat":34.1695869648,"segment_first_lon":-118.2290235575,"segment_second_lat":34.1696840844,"segment_second_lon":-118.2285246274,"segment_sequence":10005,"segment_id":1,"segment_len_meter":47.15495163581399,"segment_cum_len":150.4361006279505}
{"route_id":"685","segment_first_lat":34.1696840844,"segment_first_lon":-118.2285246274,"segment_second_lat":34.1697036692,"segment_second_lon":-118.2283395486,"segment_sequence":10006,"segment_id":1,"segment_len_meter":17.165985655039947,"segment_cum_len":167.60208628299046}
{"route_id":"685","segment_first_lat":34.1697036692,"segment_first_lon":-118.2283395486,"segment_second_lat":34.1697092211,"segment_second_lon":-118.2283098103,"segment_sequence":10007,"segment_id":1,"segment_len_meter":2.804714324324286,"segment_cum_len":170.40680060731475}
{"route_id":"685","segment_first_lat":34.1697092211,"segment_first_lon":-118.2283098103,"segment_second_lat":34.1696600465,"segment_second_lon":-118.2281576029,"segment_sequence":10008,"segment_id":1,"segment_len_meter":15.03282619859728,"segment_cum_len":185.43962680591204}
{"route_id":"685","segment_first_lat":34.1696600465,"segment_first_lon":-118.2281576029,"segment_second_lat":34.1694712354,"segment_second_lon":-118.2277372345,"segment_sequence":10009,"segment_id":1,"segment_len_meter":44.00527831795232,"segment_cum_len":229.44490512386437}
{"route_id":"685","segment_first_lat":34.1694712354,"segment_first_lon":-118.2277372345,"segment_second_lat":34.1693556632,"segment_second_lon":-118.2278228735,"segment_sequence":10010,"segment_id":1,"segment_len_meter":15.07399365582179,"segment_cum_len":244.51889877968617}
{"route_id":"685","segment_first_lat":34.1693556632,"segment_first_lon":-118.2278228735,"segment_second_lat":34.1692455867,"segment_second_lon":-118.2279085272,"segment_sequence":10011,"segment_id":1,"segment_len_meter":14.55725971989748,"segment_cum_len":259.07615849958364}
{"route_id":"685","segment_first_lat":34.1692455867,"segment_first_lon":-118.2279085272,"segment_second_lat":34.1689510479,"segment_second_lon":-118.228182114,"segment_sequence":10012,"segment_id":1,"segment_len_meter":41.30596130170817,"segment_cum_len":300.3821198012918}
{"route_id":"685","segment_first_lat":34.1689510479,"segment_first_lon":-118.228182114,"segment_second_lat":34.1685105344,"segment_second_lon":-118.2286338178,"segment_sequence":10013,"segment_id":1,"segment_len_meter":64.23653113556482,"segment_cum_len":364.6186509368566}
{"route_id":"685","segment_first_lat":34.1685105344,"segment_first_lon":-118.2286338178,"segment_second_lat":34.1683040257,"segment_second_lon":-118.2288547467,"segment_sequence":10014,"segment_id":1,"segment_len_meter":30.66635381214511,"segment_cum_len":395.28500474900176}
{"route_id":"685","segment_first_lat":34.1683040257,"segment_first_lon":-118.2288547467,"segment_second_lat":34.1682506051,"segment_second_lon":-118.2289137757,"segment_sequence":10015,"segment_id":1,"segment_len_meter":8.04848209655834,"segment_cum_len":403.3334868455601}
{"route_id":"685","segment_first_lat":34.1682506051,"segment_first_lon":-118.2289137757,"segment_second_lat":34.1678193808,"segment_second_lon":-118.2293922748,"segment_sequence":20001,"segment_id":1,"segment_len_meter":65.0938733911032,"segment_cum_len":468.42736023666333}
{"route_id":"685","segment_first_lat":34.1678193808,"segment_first_lon":-118.2293922748,"segment_second_lat":34.1676348473,"segment_second_lon":-118.2296165663,"segment_sequence":20002,"segment_id":1,"segment_len_meter":29.10076665665337,"segment_cum_len":497.5281268933167}
{"route_id":"685","segment_first_lat":34.1676348473,"segment_first_lon":-118.2296165663,"segment_second_lat":34.1674613363,"segment_second_lon":-118.2298243578,"segment_sequence":20003,"segment_id":1,"segment_len_meter":27.160886954727605,"segment_cum_len":524.6890138480443}
{"route_id":"685","segment_first_lat":34.1674613363,"segment_first_lon":-118.2298243578,"segment_second_lat":34.1670153146,"segment_second_lon":-118.2302793356,"segment_sequence":20004,"segment_id":1,"segment_len_meter":64.89913195614352,"segment_cum_len":589.5881458041878}
{"route_id":"685","segment_first_lat":34.1670153146,"segment_first_lon":-118.2302793356,"segment_second_lat":34.1666684539,"segment_second_lon":-118.2306089613,"segment_sequence":20005,"segment_id":1,"segment_len_meter":49.06409629520689,"segment_cum_len":638.6522420993947}
{"route_id":"685","segment_first_lat":34.1666684539,"segment_first_lon":-118.2306089613,"segment_second_lat":34.1665253065,"segment_second_lon":-118.2307441044,"segment_sequence":20006,"segment_id":1,"segment_len_meter":20.197894961961044,"segment_cum_len":658.8501370613558}
{"route_id":"685","segment_first_lat":34.1665253065,"segment_first_lon":-118.2307441044,"segment_second_lat":34.1661482117,"segment_second_lon":-118.2310769484,"segment_sequence":20007,"segment_id":1,"segment_len_meter":51.9227826949535,"segment_cum_len":710.7729197563093}
{"route_id":"685","segment_first_lat":34.1661482117,"segment_first_lon":-118.2310769484,"segment_second_lat":34.1654738658,"segment_second_lon":-118.2316602046,"segment_sequence":20008,"segment_id":1,"segment_len_meter":92.20739806347112,"segment_cum_len":802.9803178197805}
{"route_id":"685","segment_first_lat":34.1654738658,"segment_first_lon":-118.2316602046,"segment_second_lat":34.1650279133,"segment_second_lon":-118.2320754929,"segment_sequence":20009,"segment_id":1,"segment_len_meter":62.60059402283053,"segment_cum_len":865.5809118426109}
{"route_id":"685","segment_first_lat":34.1650279133,"segment_first_lon":-118.2320754929,"segment_second_lat":34.1648109901,"segment_second_lon":-118.2322788548,"segment_sequence":20010,"segment_id":1,"segment_len_meter":30.52687243629476,"segment_cum_len":896.1077842789057}
{"route_id":"685","segment_first_lat":34.1648109901,"segment_first_lon":-118.2322788548,"segment_second_lat":34.1643782424,"segment_second_lon":-118.2326852478,"segment_sequence":30001,"segment_id":2,"segment_len_meter":60.938667700550695,"segment_cum_len":957.0464519794564}
{"route_id":"685","segment_first_lat":34.1643782424,"segment_first_lon":-118.2326852478,"segment_second_lat":34.1640561251,"segment_second_lon":-118.2330050049,"segment_sequence":30002,"segment_id":2,"segment_len_meter":46.35116024968309,"segment_cum_len":1003.3976122291394}
{"route_id":"685","segment_first_lat":34.1640561251,"segment_first_lon":-118.2330050049,"segment_second_lat":34.1637505387,"segment_second_lon":-118.2333016659,"segment_sequence":30003,"segment_id":2,"segment_len_meter":43.584633838922706,"segment_cum_len":1046.982246068062}
{"route_id":"685","segment_first_lat":34.1637505387,"segment_first_lon":-118.2333016659,"segment_second_lat":34.1631943785,"segment_second_lon":-118.2338653842,"segment_sequence":30004,"segment_id":2,"segment_len_meter":80.71270837198655,"segment_cum_len":1127.6949544400486}
{"route_id":"685","segment_first_lat":34.1631943785,"segment_first_lon":-118.2338653842,"segment_second_lat":34.1625280063,"segment_second_lon":-118.2345808458,"segment_sequence":30005,"segment_id":2,"segment_len_meter":99.11465400894124,"segment_cum_len":1226.8096084489898}
{"route_id":"685","segment_first_lat":34.1625280063,"segment_first_lon":-118.2345808458,"segment_second_lat":34.1623297175,"segment_second_lon":-118.2348083787,"segment_sequence":30006,"segment_id":2,"segment_len_meter":30.404187104297993,"segment_cum_len":1257.2137955532878}
{"route_id":"685","segment_first_lat":34.1623297175,"segment_first_lon":-118.2348083787,"segment_second_lat":34.1621672083,"segment_second_lon":-118.2350062603,"segment_sequence":30007,"segment_id":2,"segment_len_meter":25.65186128765172,"segment_cum_len":1282.8656568409394}
{"route_id":"685","segment_first_lat":34.1621672083,"segment_first_lon":-118.2350062603,"segment_second_lat":34.1617787563,"segment_second_lon":-118.2355208451,"segment_sequence":30008,"segment_id":2,"segment_len_meter":64.08883454209906,"segment_cum_len":1346.9544913830384}
{"route_id":"685","segment_first_lat":34.1617787563,"segment_first_lon":-118.2355208451,"segment_second_lat":34.1616271408,"segment_second_lon":-118.235768339,"segment_sequence":30009,"segment_id":2,"segment_len_meter":28.33318762585259,"segment_cum_len":1375.287679008891}
{"route_id":"685","segment_first_lat":34.1616271408,"segment_first_lon":-118.235768339,"segment_second_lat":34.1614368997,"segment_second_lon":-118.2360950577,"segment_sequence":30010,"segment_id":2,"segment_len_meter":36.75805518567,"segment_cum_len":1412.045734194561}
{"route_id":"685","segment_first_lat":34.1614368997,"segment_first_lon":-118.2360950577,"segment_second_lat":34.1613020802,"segment_second_lon":-118.236183928,"segment_sequence":30011,"segment_id":2,"segment_len_meter":17.07626952931629,"segment_cum_len":1429.1220037238772}
{"route_id":"685","segment_first_lat":34.1613020802,"segment_first_lon":-118.236183928,"segment_second_lat":34.1611975904,"segment_second_lon":-118.2362199943,"segment_sequence":30012,"segment_id":2,"segment_len_meter":12.083337952217944,"segment_cum_len":1441.2053416760953}
{"route_id":"685","segment_first_lat":34.1611975904,"segment_first_lon":-118.2362199943,"segment_second_lat":34.161118139,"segment_second_lon":-118.2362392727,"segment_sequence":30013,"segment_id":2,"segment_len_meter":9.01090335556581,"segment_cum_len":1450.2162450316612}
{"route_id":"685","segment_first_lat":34.161118139,"segment_first_lon":-118.2362392727,"segment_second_lat":34.1595810717,"segment_second_lon":-118.2366120888,"segment_sequence":40001,"segment_id":2,"segment_len_meter":174.322452636585,"segment_cum_len":1624.5386976682462}
{"route_id":"685","segment_first_lat":34.1595810717,"segment_first_lon":-118.2366120888,"segment_second_lat":34.1587782624,"segment_second_lon":-118.2368312844,"segment_sequence":40002,"segment_id":2,"segment_len_meter":91.51832442084303,"segment_cum_len":1716.0570220890893}
{"route_id":"685","segment_first_lat":34.1587782624,"segment_first_lon":-118.2368312844,"segment_second_lat":34.158371391,"segment_second_lon":-118.2369259904,"segment_sequence":40003,"segment_id":2,"segment_len_meter":46.07361125015514,"segment_cum_len":1762.1306333392445}
{"route_id":"685","segment_first_lat":34.158371391,"segment_first_lon":-118.2369259904,"segment_second_lat":34.1578776974,"segment_second_lon":-118.2370151605,"segment_sequence":40004,"segment_id":2,"segment_len_meter":55.505981530548304,"segment_cum_len":1817.6366148697928}
{"route_id":"685","segment_first_lat":34.1578776974,"segment_first_lon":-118.2370151605,"segment_second_lat":34.1577419038,"segment_second_lon":-118.2370398968,"segment_sequence":50001,"segment_id":3,"segment_len_meter":15.27013970011167,"segment_cum_len":1832.9067545699045}
{"route_id":"685","segment_first_lat":34.1577419038,"segment_first_lon":-118.2370398968,"segment_second_lat":34.1554382937,"segment_second_lon":-118.2374928091,"segment_sequence":50002,"segment_id":3,"segment_len_meter":259.517747082325,"segment_cum_len":2092.4245016522295}
{"route_id":"685","segment_first_lat":34.1554382937,"segment_first_lon":-118.2374928091,"segment_second_lat":34.1553118661,"segment_second_lon":-118.2375056713,"segment_sequence":50003,"segment_id":3,"segment_len_meter":14.107839156940342,"segment_cum_len":2106.53234080917}
{"route_id":"685","segment_first_lat":34.1553118661,"segment_first_lon":-118.2375056713,"segment_second_lat":34.1551332615,"segment_second_lon":-118.2375018583,"segment_sequence":50004,"segment_id":3,"segment_len_meter":19.863024374646947,"segment_cum_len":2126.395365183817}
{"route_id":"685","segment_first_lat":34.1551332615,"segment_first_lon":-118.2375018583,"segment_second_lat":34.1550508581,"segment_second_lon":-118.2374850973,"segment_sequence":50005,"segment_id":3,"segment_len_meter":9.291731362457321,"segment_cum_len":2135.6870965462745}
{"route_id":"685","segment_first_lat":34.1550508581,"segment_first_lon":-118.2374850973,"segment_second_lat":34.1548640944,"segment_second_lon":-118.2374382916,"segment_sequence":50006,"segment_id":3,"segment_len_meter":21.20907499303732,"segment_cum_len":2156.8961715393116}
{"route_id":"685","segment_first_lat":34.1548640944,"segment_first_lon":-118.2374382916,"segment_second_lat":34.1546899754,"segment_second_lon":-118.2373892083,"segment_sequence":50007,"segment_id":3,"segment_len_meter":19.880961372281913,"segment_cum_len":2176.7771329115935}
{"route_id":"685","segment_first_lat":34.1546899754,"segment_first_lon":-118.2373892083,"segment_second_lat":34.1541775052,"segment_second_lon":-118.237244632,"segment_sequence":60001,"segment_id":3,"segment_len_meter":58.51639076352789,"segment_cum_len":2235.2935236751214}
{"route_id":"685","segment_first_lat":34.1541775052,"segment_first_lon":-118.237244632,"segment_second_lat":34.1540758927,"segment_second_lon":-118.2372145956,"segment_sequence":60002,"segment_id":3,"segment_len_meter":11.631926097311101,"segment_cum_len":2246.9254497724323}
{"route_id":"685","segment_first_lat":34.1540758927,"segment_first_lon":-118.2372145956,"segment_second_lat":34.1527027068,"segment_second_lon":-118.2368305922,"segment_sequence":60003,"segment_id":3,"segment_len_meter":156.72655257024624,"segment_cum_len":2403.6520023426788}
{"route_id":"685","segment_first_lat":34.1527027068,"segment_first_lon":-118.2368305922,"segment_second_lat":34.1523594118,"segment_second_lon":-118.236733767,"segment_sequence":60004,"segment_id":3,"segment_len_meter":39.19867076872671,"segment_cum_len":2442.8506731114053}
{"route_id":"685","segment_first_lat":34.1523594118,"segment_first_lon":-118.236733767,"segment_second_lat":34.1516975394,"segment_second_lon":-118.2365467994,"segment_sequence":60005,"segment_id":3,"segment_len_meter":75.58106254904695,"segment_cum_len":2518.4317356604524}
{"route_id":"685","segment_first_lat":34.1516975394,"segment_first_lon":-118.2365467994,"segment_second_lat":34.1512553728,"segment_second_lon":-118.2364232551,"segment_sequence":60006,"segment_id":3,"segment_len_meter":50.46391490581665,"segment_cum_len":2568.895650566269}
{"route_id":"685","segment_first_lat":34.1512553728,"segment_first_lon":-118.2364232551,"segment_second_lat":34.1510546114,"segment_second_lon":-118.2363678208,"segment_sequence":60007,"segment_id":3,"segment_len_meter":22.899048046858066,"segment_cum_len":2591.794698613127}
{"route_id":"685","segment_first_lat":34.1510546114,"segment_first_lon":-118.2363678208,"segment_second_lat":34.1504094835,"segment_second_lon":-118.2361894998,"segment_sequence":70001,"segment_id":4,"segment_len_meter":73.58781560093756,"segment_cum_len":2665.3825142140645}
{"route_id":"685","segment_first_lat":34.1504094835,"segment_first_lon":-118.2361894998,"segment_second_lat":34.1498821845,"segment_second_lon":-118.2360392776,"segment_sequence":70002,"segment_id":4,"segment_len_meter":60.240514265215815,"segment_cum_len":2725.6230284792805}
{"route_id":"685","segment_first_lat":34.1498821845,"segment_first_lon":-118.2360392776,"segment_second_lat":34.1490555166,"segment_second_lon":-118.2358121946,"segment_sequence":70003,"segment_id":4,"segment_len_meter":94.26660418470867,"segment_cum_len":2819.8896326639892}
{"route_id":"685","segment_first_lat":34.1490555166,"segment_first_lon":-118.2358121946,"segment_second_lat":34.1489951024,"segment_second_lon":-118.2357921934,"segment_sequence":70004,"segment_id":4,"segment_len_meter":6.965334089846619,"segment_cum_len":2826.854966753836}
{"route_id":"685","segment_first_lat":34.1489951024,"segment_first_lon":-118.2357921934,"segment_second_lat":34.1482274854,"segment_second_lon":-118.2355794935,"segment_sequence":70005,"segment_id":4,"segment_len_meter":87.57060444644175,"segment_cum_len":2914.425571200278}
{"route_id":"685","segment_first_lat":34.1482274854,"segment_first_lon":-118.2355794935,"segment_second_lat":34.1480668211,"segment_second_lon":-118.235535083,"segment_sequence":80001,"segment_id":4,"segment_len_meter":18.32654560794577,"segment_cum_len":2932.7521168082235}
{"route_id":"685","segment_first_lat":34.1480668211,"segment_first_lon":-118.235535083,"segment_second_lat":34.1471522722,"segment_second_lon":-118.235281322,"segment_sequence":80002,"segment_id":4,"segment_len_meter":104.33997522666041,"segment_cum_len":3037.092092034884}
{"route_id":"685","segment_first_lat":34.1471522722,"segment_first_lon":-118.235281322,"segment_second_lat":34.1471193172,"segment_second_lon":-118.2352713141,"segment_sequence":80003,"segment_id":4,"segment_len_meter":3.778390301454179,"segment_cum_len":3040.8704823363382}
{"route_id":"685","segment_first_lat":34.1471193172,"segment_first_lon":-118.2352713141,"segment_second_lat":34.1463670835,"segment_second_lon":-118.2350606501,"segment_sequence":80004,"segment_id":4,"segment_len_meter":85.86178897621232,"segment_cum_len":3126.7322713125504}
{"route_id":"685","segment_first_lat":34.1463670835,"segment_first_lon":-118.2350606501,"segment_second_lat":34.1461663234,"segment_second_lon":-118.2350042308,"segment_sequence":90001,"segment_id":5,"segment_len_meter":22.91933701398168,"segment_cum_len":3149.651608326532}
{"route_id":"685","segment_first_lat":34.1461663234,"segment_first_lon":-118.2350042308,"segment_second_lat":34.1454302946,"segment_second_lon":-118.2347972525,"segment_sequence":90002,"segment_id":5,"segment_len_meter":84.02991853616076,"segment_cum_len":3233.681526862693}
{"route_id":"685","segment_first_lat":34.1454302946,"segment_first_lon":-118.2347972525,"segment_second_lat":34.1444388425,"segment_second_lon":-118.2345234622,"segment_sequence":90003,"segment_id":5,"segment_len_meter":113.0870611132475,"segment_cum_len":3346.76858797594}
{"route_id":"685","segment_first_lat":34.1444388425,"segment_first_lon":-118.2345234622,"segment_second_lat":34.1435929561,"segment_second_lon":-118.2342864403,"segment_sequence":90004,"segment_id":5,"segment_len_meter":96.55440459186286,"segment_cum_len":3443.322992567803}
{"route_id":"685","segment_first_lat":34.1435929561,"segment_first_lon":-118.2342864403,"segment_second_lat":34.1427553064,"segment_second_lon":-118.2340527512,"segment_sequence":90005,"segment_id":5,"segment_len_meter":95.59300554916463,"segment_cum_len":3538.9159981169673}
{"route_id":"685","segment_first_lat":34.1427553064,"segment_first_lon":-118.2340527512,"segment_second_lat":34.1424878086,"segment_second_lon":-118.2339776427,"segment_sequence":90006,"segment_id":5,"segment_len_meter":30.536992662096793,"segment_cum_len":3569.4529907790643}
{"route_id":"685","segment_first_lat":34.1424878086,"segment_first_lon":-118.2339776427,"segment_second_lat":34.1415084486,"segment_second_lon":-118.2337022532,"segment_sequence":100001,"segment_id":5,"segment_len_meter":111.81014639859112,"segment_cum_len":3681.2631371776556}
{"route_id":"685","segment_first_lat":34.1415084486,"segment_first_lon":-118.2337022532,"segment_second_lat":34.1411349502,"segment_second_lon":-118.2335921501,"segment_sequence":100002,"segment_id":5,"segment_len_meter":42.74939102887184,"segment_cum_len":3724.0125282065273}
{"route_id":"685","segment_first_lat":34.1411349502,"segment_first_lon":-118.2335921501,"segment_second_lat":34.1410113475,"segment_second_lon":-118.2335653663,"segment_sequence":100003,"segment_id":5,"segment_len_meter":13.963285030835888,"segment_cum_len":3737.975813237363}
{"route_id":"685","segment_first_lat":34.1410113475,"segment_first_lon":-118.2335653663,"segment_second_lat":34.1409151915,"segment_second_lon":-118.2335551831,"segment_sequence":100004,"segment_id":5,"segment_len_meter":10.733053203813295,"segment_cum_len":3748.7088664411763}
{"route_id":"685","segment_first_lat":34.1409151915,"segment_first_lon":-118.2335551831,"segment_second_lat":34.1407805526,"segment_second_lon":-118.2335515021,"segment_sequence":100005,"segment_id":5,"segment_len_meter":14.974994956336495,"segment_cum_len":3763.683861397513}
{"route_id":"685","segment_first_lat":34.1407805526,"segment_first_lon":-118.2335515021,"segment_second_lat":34.1402502026,"segment_second_lon":-118.2335566296,"segment_sequence":100006,"segment_id":5,"segment_len_meter":58.97411735705244,"segment_cum_len":3822.657978754565}
{"route_id":"685","segment_first_lat":34.1402502026,"segment_first_lon":-118.2335566296,"segment_second_lat":34.1399891513,"segment_second_lon":-118.2335582135,"segment_sequence":100007,"segment_id":5,"segment_len_meter":29.02794616473693,"segment_cum_len":3851.685924919302}
{"route_id":"685","segment_first_lat":34.1399891513,"segment_first_lon":-118.2335582135,"segment_second_lat":34.1398517563,"segment_second_lon":-118.233558821,"segment_sequence":110001,"segment_id":6,"segment_len_meter":15.277729249826516,"segment_cum_len":3866.963654169129}
{"route_id":"685","segment_first_lat":34.1398517563,"segment_first_lon":-118.233558821,"segment_second_lat":34.1390136266,"segment_second_lon":-118.2335730025,"segment_sequence":110002,"segment_id":6,"segment_len_meter":93.20490923748984,"segment_cum_len":3960.168563406619}
{"route_id":"685","segment_first_lat":34.1390136266,"segment_first_lon":-118.2335730025,"segment_second_lat":34.1380656017,"segment_second_lon":-118.2335769625,"segment_sequence":110003,"segment_id":6,"segment_len_meter":105.41618922968439,"segment_cum_len":4065.584752636303}
{"route_id":"685","segment_first_lat":34.1380656017,"segment_first_lon":-118.2335769625,"segment_second_lat":34.1375077807,"segment_second_lon":-118.2335780473,"segment_sequence":110004,"segment_id":6,"segment_len_meter":62.026945527601775,"segment_cum_len":4127.611698163905}
{"route_id":"685","segment_first_lat":34.1375077807,"segment_first_lon":-118.2335780473,"segment_second_lat":34.1373703863,"segment_second_lon":-118.2335783243,"segment_sequence":120001,"segment_id":6,"segment_len_meter":15.277581500142022,"segment_cum_len":4142.8892796640475}
{"route_id":"685","segment_first_lat":34.1373703863,"segment_first_lon":-118.2335783243,"segment_second_lat":34.1372082434,"segment_second_lon":-118.2335877851,"segment_sequence":120002,"segment_id":6,"segment_len_meter":18.050481482985436,"segment_cum_len":4160.939761147033}
{"route_id":"685","segment_first_lat":34.1372082434,"segment_first_lon":-118.2335877851,"segment_second_lat":34.1361118275,"segment_second_lon":-118.2335946348,"segment_sequence":120003,"segment_id":6,"segment_len_meter":121.91751549626684,"segment_cum_len":4282.8572766433}
{"route_id":"685","segment_first_lat":34.1361118275,"segment_first_lon":-118.2335946348,"segment_second_lat":34.1356089625,"segment_second_lon":-118.233596534,"segment_sequence":120004,"segment_id":6,"segment_len_meter":55.916309999138576,"segment_cum_len":4338.773586642438}
{"route_id":"685","segment_first_lat":34.1356089625,"segment_first_lon":-118.233596534,"segment_second_lat":34.135444089,"segment_second_lon":-118.2335970646,"segment_sequence":120005,"segment_id":6,"segment_len_meter":18.333161780308703,"segment_cum_len":4357.106748422747}
{"route_id":"685","segment_first_lat":34.135444089,"segment_first_lon":-118.2335970646,"segment_second_lat":34.1350511403,"segment_second_lon":-118.2335982796,"segment_sequence":130001,"segment_id":7,"segment_len_meter":43.694044969760824,"segment_cum_len":4400.800793392507}
{"route_id":"685","segment_first_lat":34.1350511403,"segment_first_lon":-118.2335982796,"segment_second_lat":34.1347323884,"segment_second_lon":-118.2335973887,"segment_sequence":130002,"segment_id":7,"segment_len_meter":35.44368898526237,"segment_cum_len":4436.24448237777}
{"route_id":"685","segment_first_lat":34.1347323884,"segment_first_lon":-118.2335973887,"segment_second_lat":34.1345537902,"segment_second_lon":-118.2335902805,"segment_sequence":130003,"segment_id":7,"segment_len_meter":19.86998701826127,"segment_cum_len":4456.1144693960305}
{"route_id":"685","segment_first_lat":34.1345537902,"segment_first_lon":-118.2335902805,"segment_second_lat":34.1344026898,"segment_second_lon":-118.2335733355,"segment_sequence":130004,"segment_id":7,"segment_len_meter":16.87382660546855,"segment_cum_len":4472.988296001499}
{"route_id":"685","segment_first_lat":34.1344026898,"segment_first_lon":-118.2335733355,"segment_second_lat":34.1338972557,"segment_second_lon":-118.2334827011,"segment_sequence":130005,"segment_id":7,"segment_len_meter":56.81741929505975,"segment_cum_len":4529.805715296559}
{"route_id":"685","segment_first_lat":34.1338972557,"segment_first_lon":-118.2334827011,"segment_second_lat":34.1335346784,"segment_second_lon":-118.2334089891,"segment_sequence":130006,"segment_id":7,"segment_len_meter":40.88360355769903,"segment_cum_len":4570.689318854258}
{"route_id":"685","segment_first_lat":34.1335346784,"segment_first_lon":-118.2334089891,"segment_second_lat":34.1332415952,"segment_second_lon":-118.2333493507,"segment_sequence":130007,"segment_id":7,"segment_len_meter":33.04840347636729,"segment_cum_len":4603.737722330626}
{"route_id":"685","segment_first_lat":34.1332415952,"segment_first_lon":-118.2333493507,"segment_second_lat":34.133106178,"segment_second_lon":-118.2333218758,"segment_sequence":140001,"segment_id":7,"segment_len_meter":15.268571515418058,"segment_cum_len":4619.006293846044}
{"route_id":"685","segment_first_lat":34.133106178,"segment_first_lon":-118.2333218758,"segment_second_lat":34.132133805,"segment_second_lon":-118.2331275034,"segment_sequence":140002,"segment_id":7,"segment_len_meter":109.59301376542403,"segment_cum_len":4728.599307611468}
{"route_id":"685","segment_first_lat":34.132133805,"segment_first_lon":-118.2331275034,"segment_second_lat":34.131024919,"segment_second_lon":-118.2329036763,"segment_sequence":140003,"segment_id":7,"segment_len_meter":125.0116993562208,"segment_cum_len":4853.611006967689}
{"route_id":"685","segment_first_lat":34.131024919,"segment_first_lon":-118.2329036763,"segment_second_lat":34.1308895016,"segment_second_lon":-118.2328762028,"segment_sequence":150001,"segment_id":8,"segment_len_meter":15.268583089226095,"segment_cum_len":4868.879590056915}
{"route_id":"685","segment_first_lat":34.1308895016,"segment_first_lon":-118.2328762028,"segment_second_lat":34.1301176455,"segment_second_lon":-118.2327220514,"segment_sequence":150002,"segment_id":8,"segment_len_meter":86.99137791579572,"segment_cum_len":4955.870967972711}
{"route_id":"685","segment_first_lat":34.1301176455,"segment_first_lon":-118.2327220514,"segment_second_lat":34.1293842464,"segment_second_lon":-118.2325746185,"segment_sequence":150003,"segment_id":8,"segment_len_meter":82.67162199275381,"segment_cum_len":5038.542589965465}
{"route_id":"685","segment_first_lat":34.1293842464,"segment_first_lon":-118.2325746185,"segment_second_lat":34.1287360055,"segment_second_lon":-118.2324406422,"segment_sequence":150004,"segment_id":8,"segment_len_meter":73.12836414138265,"segment_cum_len":5111.670954106848}
{"route_id":"685","segment_first_lat":34.1287360055,"segment_first_lon":-118.2324406422,"segment_second_lat":34.1285308165,"segment_second_lon":-118.2324004199,"segment_sequence":150005,"segment_id":8,"segment_len_meter":23.114399746737412,"segment_cum_len":5134.785353853585}
{"route_id":"685","segment_first_lat":34.1285308165,"segment_first_lon":-118.2324004199,"segment_second_lat":34.1272702931,"segment_second_lon":-118.2321524002,"segment_sequence":160001,"segment_id":8,"segment_len_meter":142.01078549283653,"segment_cum_len":5276.796139346421}
{"route_id":"685","segment_first_lat":34.1272702931,"segment_first_lon":-118.2321524002,"segment_second_lat":34.1271345996,"segment_second_lon":-118.2321255894,"segment_sequence":170001,"segment_id":9,"segment_len_meter":15.288914899707404,"segment_cum_len":5292.0850542461285}
{"route_id":"685","segment_first_lat":34.1271345996,"segment_first_lon":-118.2321255894,"segment_second_lat":34.1271043858,"segment_second_lon":-118.232118897,"segment_sequence":170002,"segment_id":9,"segment_len_meter":3.4156297563603473,"segment_cum_len":5295.500684002489}
{"route_id":"685","segment_first_lat":34.1271043858,"segment_first_lon":-118.232118897,"segment_second_lat":34.1251467266,"segment_second_lon":-118.231727203,"segment_sequence":170003,"segment_id":9,"segment_len_meter":220.64741553893876,"segment_cum_len":5516.148099541428}
{"route_id":"685","segment_first_lat":34.1251467266,"segment_first_lon":-118.231727203,"segment_second_lat":34.1250113084,"segment_second_lon":-118.2317000638,"segment_sequence":180001,"segment_id":9,"segment_len_meter":15.26363345942023,"segment_cum_len":5531.411733000848}
{"route_id":"685","segment_first_lat":34.1250113084,"segment_first_lon":-118.2317000638,"segment_second_lat":34.1249810883,"segment_second_lon":-118.2316966759,"segment_sequence":180002,"segment_id":9,"segment_len_meter":3.374761411744721,"segment_cum_len":5534.786494412592}
{"route_id":"685","segment_first_lat":34.1249810883,"segment_first_lon":-118.2316966759,"segment_second_lat":34.1233604392,"segment_second_lon":-118.2313849023,"segment_sequence":180003,"segment_id":9,"segment_len_meter":182.47882976273274,"segment_cum_len":5717.265324175325}
{"route_id":"685","segment_first_lat":34.1233604392,"segment_first_lon":-118.2313849023,"segment_second_lat":34.1231819041,"segment_second_lon":-118.231344759,"segment_sequence":180004,"segment_id":9,"segment_len_meter":20.193177211530127,"segment_cum_len":5737.4585013868555}
{"route_id":"685","segment_first_lat":34.1231819041,"segment_first_lon":-118.231344759,"segment_second_lat":34.1231492261,"segment_second_lon":-118.2313334346,"segment_sequence":180005,"segment_id":9,"segment_len_meter":3.78019747655871,"segment_cum_len":5741.238698863414}
{"route_id":"685","segment_first_lat":34.1231492261,"segment_first_lon":-118.2313334346,"segment_second_lat":34.123077555,"segment_second_lon":-118.2313081252,"segment_sequence":190001,"segment_id":10,"segment_len_meter":8.303016998046555,"segment_cum_len":5749.541715861461}
{"route_id":"685","segment_first_lat":34.123077555,"segment_first_lon":-118.2313081252,"segment_second_lat":34.1230226673,"segment_second_lon":-118.2312716283,"segment_sequence":190002,"segment_id":10,"segment_len_meter":6.966794067766777,"segment_cum_len":5756.508509929227}
{"route_id":"685","segment_first_lat":34.1230226673,"segment_first_lon":-118.2312716283,"segment_second_lat":34.1230061928,"segment_second_lon":-118.2312649745,"segment_sequence":190003,"segment_id":10,"segment_len_meter":1.9315616819568457,"segment_cum_len":5758.440071611184}
{"route_id":"685","segment_first_lat":34.1230061928,"segment_first_lon":-118.2312649745,"segment_second_lat":34.1227510462,"segment_second_lon":-118.2310528076,"segment_sequence":190004,"segment_id":10,"segment_len_meter":34.443338046025545,"segment_cum_len":5792.88340965721}
{"route_id":"685","segment_first_lat":34.1227510462,"segment_first_lon":-118.2310528076,"segment_second_lat":34.1224136022,"segment_second_lon":-118.2307677252,"segment_sequence":190005,"segment_id":10,"segment_len_meter":45.78822827349016,"segment_cum_len":5838.6716379307}
{"route_id":"685","segment_first_lat":34.1224136022,"segment_first_lon":-118.2307677252,"segment_second_lat":34.1222956398,"segment_second_lon":-118.2306649736,"segment_sequence":190006,"segment_id":10,"segment_len_meter":16.171381680894317,"segment_cum_len":5854.843019611594}
{"route_id":"685","segment_first_lat":34.1222956398,"segment_first_lon":-118.2306649736,"segment_second_lat":34.1216125498,"segment_second_lon":-118.2300716665,"segment_sequence":190007,"segment_id":10,"segment_len_meter":93.55297528079787,"segment_cum_len":5948.395994892392}
{"route_id":"685","segment_first_lat":34.1216125498,"segment_first_lon":-118.2300716665,"segment_second_lat":34.121486318,"segment_second_lon":-118.2299821103,"segment_sequence":190008,"segment_id":10,"segment_len_meter":16.278217870788726,"segment_cum_len":5964.674212763181}
{"route_id":"685","segment_first_lat":34.121486318,"segment_first_lon":-118.2299821103,"segment_second_lat":34.1213902874,"segment_second_lon":-118.2299058535,"segment_sequence":190009,"segment_id":10,"segment_len_meter":12.778796461452755,"segment_cum_len":5977.453009224633}
{"route_id":"685","segment_first_lat":34.1213902874,"segment_first_lon":-118.2299058535,"segment_second_lat":34.1211955035,"segment_second_lon":-118.2297401169,"segment_sequence":190010,"segment_id":10,"segment_len_meter":26.492895304020216,"segment_cum_len":6003.945904528653}
{"route_id":"685","segment_first_lat":34.1211955035,"segment_first_lon":-118.2297401169,"segment_second_lat":34.1208415818,"segment_second_lon":-118.2294483919,"segment_sequence":190011,"segment_id":10,"segment_len_meter":47.643576319305645,"segment_cum_len":6051.589480847959}
{"route_id":"685","segment_first_lat":34.1208415818,"segment_first_lon":-118.2294483919,"segment_second_lat":34.1207016416,"segment_second_lon":-118.2293422798,"segment_sequence":190012,"segment_id":10,"segment_len_meter":18.372456607857366,"segment_cum_len":6069.961937455816}
{"route_id":"685","segment_first_lat":34.1207016416,"segment_first_lon":-118.2293422798,"segment_second_lat":34.1202460794,"segment_second_lon":-118.2290337598,"segment_sequence":190013,"segment_id":10,"segment_len_meter":58.074404860349944,"segment_cum_len":6128.036342316166}
{"route_id":"685","segment_first_lat":34.1202460794,"segment_first_lon":-118.2290337598,"segment_second_lat":34.1200677189,"segment_second_lon":-118.2289011122,"segment_sequence":190014,"segment_id":10,"segment_len_meter":23.290385316010763,"segment_cum_len":6151.326727632177}
{"route_id":"685","segment_first_lat":34.1200677189,"segment_first_lon":-118.2289011122,"segment_second_lat":34.1199278626,"segment_second_lon":-118.2291855314,"segment_sequence":190015,"segment_id":10,"segment_len_meter":30.45228395669003,"segment_cum_len":6181.7790115888665}
{"route_id":"685","segment_first_lat":34.1199278626,"segment_first_lon":-118.2291855314,"segment_second_lat":34.1198470382,"segment_second_lon":-118.2293498472,"segment_sequence":200001,"segment_id":10,"segment_len_meter":17.59451235810294,"segment_cum_len":6199.37352394697}
{"route_id":"685","segment_first_lat":34.1198470382,"segment_first_lon":-118.2293498472,"segment_second_lat":34.118652582,"segment_second_lon":-118.2317749501,"segment_sequence":200002,"segment_id":10,"segment_len_meter":259.765318369019,"segment_cum_len":6459.138842315989}
{"route_id":"685","segment_first_lat":34.118652582,"segment_first_lon":-118.2317749501,"segment_second_lat":34.1183381014,"segment_second_lon":-118.232411732,"segment_sequence":200003,"segment_id":10,"segment_len_meter":68.25731932473067,"segment_cum_len":6527.39616164072}
{"route_id":"685","segment_first_lat":34.1183381014,"segment_first_lon":-118.232411732,"segment_second_lat":34.1182856823,"segment_second_lon":-118.2325206151,"segment_sequence":200004,"segment_id":10,"segment_len_meter":11.594911637003955,"segment_cum_len":6538.991073277723}
{"route_id":"685","segment_first_lat":34.1182856823,"segment_first_lon":-118.2325206151,"segment_second_lat":34.1182084307,"segment_second_lon":-118.2326822914,"segment_sequence":200005,"segment_id":10,"segment_len_meter":17.184321094080847,"segment_cum_len":6556.175394371804}
{"route_id":"685","segment_first_lat":34.1182084307,"segment_first_lon":-118.2326822914,"segment_second_lat":34.1181195907,"segment_second_lon":-118.2328683839,"segment_sequence":200006,"segment_id":10,"segment_len_meter":19.775157825649675,"segment_cum_len":6575.950552197453}
{"route_id":"685","segment_first_lat":34.1181195907,"segment_first_lon":-118.2328683839,"segment_second_lat":34.1177890608,"segment_second_lon":-118.2335599573,"segment_sequence":210001,"segment_id":11,"segment_len_meter":73.51115634042523,"segment_cum_len":6649.461708537879}
{"route_id":"685","segment_first_lat":34.1177890608,"segment_first_lon":-118.2335599573,"segment_second_lat":34.117720096,"segment_second_lon":-118.2336985277,"segment_sequence":210002,"segment_id":11,"segment_len_meter":14.883910679804249,"segment_cum_len":6664.345619217683}
{"route_id":"685","segment_first_lat":34.117720096,"segment_first_lon":-118.2336985277,"segment_second_lat":34.1176731651,"segment_second_lon":-118.2338107284,"segment_sequence":210003,"segment_id":11,"segment_len_meter":11.572273255013151,"segment_cum_len":6675.917892472696}
{"route_id":"685","segment_first_lat":34.1176731651,"segment_first_lon":-118.2338107284,"segment_second_lat":34.1174525559,"segment_second_lon":-118.2342131836,"segment_sequence":210004,"segment_id":11,"segment_len_meter":44.43384169437163,"segment_cum_len":6720.351734167068}
{"route_id":"685","segment_first_lat":34.1174525559,"segment_first_lon":-118.2342131836,"segment_second_lat":34.1173726053,"segment_second_lon":-118.2343484182,"segment_sequence":210005,"segment_id":11,"segment_len_meter":15.297689082254735,"segment_cum_len":6735.649423249322}
{"route_id":"685","segment_first_lat":34.1173726053,"segment_first_lon":-118.2343484182,"segment_second_lat":34.1172926931,"segment_second_lon":-118.2344638295,"segment_sequence":210006,"segment_id":11,"segment_len_meter":13.850518285169723,"segment_cum_len":6749.499941534492}
{"route_id":"685","segment_first_lat":34.1172926931,"segment_first_lon":-118.2344638295,"segment_second_lat":34.1172004019,"segment_second_lon":-118.2345861439,"segment_sequence":210007,"segment_id":11,"segment_len_meter":15.234870544723819,"segment_cum_len":6764.734812079216}
{"route_id":"685","segment_first_lat":34.1172004019,"segment_first_lon":-118.2345861439,"segment_second_lat":34.1171907594,"segment_second_lon":-118.2345990019,"segment_sequence":220001,"segment_id":11,"segment_len_meter":1.597088182750227,"segment_cum_len":6766.331900261966}
{"route_id":"685","segment_first_lat":34.1171907594,"segment_first_lon":-118.2345990019,"segment_second_lat":34.1170200136,"segment_second_lon":-118.2347934501,"segment_sequence":220002,"segment_id":11,"segment_len_meter":26.09397519325059,"segment_cum_len":6792.4258754552175}
{"route_id":"685","segment_first_lat":34.1170200136,"segment_first_lon":-118.2347934501,"segment_second_lat":34.1169153959,"segment_second_lon":-118.2348955756,"segment_sequence":220003,"segment_id":11,"segment_len_meter":14.957026371742215,"segment_cum_len":6807.38290182696}
{"route_id":"685","segment_first_lat":34.1169153959,"segment_first_lon":-118.2348955756,"segment_second_lat":34.1167144616,"segment_second_lon":-118.2350701147,"segment_sequence":220004,"segment_id":11,"segment_len_meter":27.520440057054465,"segment_cum_len":6834.9033418840145}
{"route_id":"685","segment_first_lat":34.1167144616,"segment_first_lon":-118.2350701147,"segment_second_lat":34.1165713544,"segment_second_lon":-118.2351820427,"segment_sequence":220005,"segment_id":11,"segment_len_meter":18.957497601840046,"segment_cum_len":6853.860839485855}
{"route_id":"685","segment_first_lat":34.1165713544,"segment_first_lon":-118.2351820427,"segment_second_lat":34.116430982,"segment_second_lon":-118.2353005857,"segment_sequence":220006,"segment_id":11,"segment_len_meter":19.045255474148895,"segment_cum_len":6872.906094960003}
{"route_id":"685","segment_first_lat":34.116430982,"segment_first_lon":-118.2353005857,"segment_second_lat":34.1161833207,"segment_second_lon":-118.2354815988,"segment_sequence":220007,"segment_id":11,"segment_len_meter":32.18788765643261,"segment_cum_len":6905.093982616436}
{"route_id":"685","segment_first_lat":34.1161833207,"segment_first_lon":-118.2354815988,"segment_second_lat":34.1159577,"segment_second_lon":-118.2356329387,"segment_sequence":220008,"segment_id":11,"segment_len_meter":28.696797180500518,"segment_cum_len":6933.7907797969365}
{"route_id":"685","segment_first_lat":34.1159577,"segment_first_lon":-118.2356329387,"segment_second_lat":34.1157789152,"segment_second_lon":-118.2357216375,"segment_sequence":220009,"segment_id":11,"segment_len_meter":21.49159016993186,"segment_cum_len":6955.282369966868}
{"route_id":"685","segment_first_lat":34.1157789152,"segment_first_lon":-118.2357216375,"segment_second_lat":34.1156634148,"segment_second_lon":-118.235767565,"segment_sequence":220010,"segment_id":11,"segment_len_meter":13.521112064383784,"segment_cum_len":6968.803482031251}
{"route_id":"685","segment_first_lat":34.1156634148,"segment_first_lon":-118.235767565,"segment_second_lat":34.114868774,"segment_second_lon":-118.2360263219,"segment_sequence":220011,"segment_id":11,"segment_len_meter":91.51467393431064,"segment_cum_len":7060.318155965562}
{"route_id":"685","segment_first_lat":34.114868774,"segment_first_lon":-118.2360263219,"segment_second_lat":34.1148143328,"segment_second_lon":-118.2360433477,"segment_sequence":220012,"segment_id":11,"segment_len_meter":6.253208737201185,"segment_cum_len":7066.571364702763}
{"route_id":"685","segment_first_lat":34.1148143328,"segment_first_lon":-118.2360433477,"segment_second_lat":34.1145855702,"segment_second_lon":-118.2361147238,"segment_sequence":230001,"segment_id":12,"segment_len_meter":26.272225317744997,"segment_cum_len":7092.843590020509}
{"route_id":"685","segment_first_lat":34.1145855702,"segment_first_lon":-118.2361147238,"segment_second_lat":34.1139696686,"segment_second_lon":-118.2363079046,"segment_sequence":230002,"segment_id":12,"segment_len_meter":70.7565971067098,"segment_cum_len":7163.600187127218}
{"route_id":"685","segment_first_lat":34.1139696686,"segment_first_lon":-118.2363079046,"segment_second_lat":34.1134384746,"segment_second_lon":-118.2364636599,"segment_sequence":230003,"segment_id":12,"segment_len_meter":60.78165036473346,"segment_cum_len":7224.381837491952}
{"route_id":"685","segment_first_lat":34.1134384746,"segment_first_lon":-118.2364636599,"segment_second_lat":34.1134005322,"segment_second_lon":-118.2364747852,"segment_sequence":240001,"segment_id":12,"segment_len_meter":4.341542474563079,"segment_cum_len":7228.723379966515}
{"route_id":"685","segment_first_lat":34.1134005322,"segment_first_lon":-118.2364747852,"segment_second_lat":34.1131833413,"segment_second_lon":-118.2365303339,"segment_sequence":240002,"segment_id":12,"segment_len_meter":24.68602713727989,"segment_cum_len":7253.409407103794}
{"route_id":"685","segment_first_lat":34.1131833413,"segment_first_lon":-118.2365303339,"segment_second_lat":34.1131201018,"segment_second_lon":-118.2365499771,"segment_sequence":240003,"segment_id":12,"segment_len_meter":7.260719549996365,"segment_cum_len":7260.670126653791}
{"route_id":"685","segment_first_lat":34.1131201018,"segment_first_lon":-118.2365499771,"segment_second_lat":34.1120817209,"segment_second_lon":-118.2368096801,"segment_sequence":240004,"segment_id":12,"segment_len_meter":117.91211506787546,"segment_cum_len":7378.582241721667}
{"route_id":"685","segment_first_lat":34.1120817209,"segment_first_lon":-118.2368096801,"segment_second_lat":34.1118664567,"segment_second_lon":-118.2368635806,"segment_sequence":250001,"segment_id":13,"segment_len_meter":24.445239139044038,"segment_cum_len":7403.027480860711}
{"route_id":"685","segment_first_lat":34.1118664567,"segment_first_lon":-118.2368635806,"segment_second_lat":34.1115310624,"segment_second_lon":-118.2369419177,"segment_sequence":250002,"segment_id":13,"segment_len_meter":37.98507400530456,"segment_cum_len":7441.012554866015}
{"route_id":"685","segment_first_lat":34.1115310624,"segment_first_lon":-118.2369419177,"segment_second_lat":34.1106287394,"segment_second_lon":-118.2371818449,"segment_sequence":250003,"segment_id":13,"segment_len_meter":102.73640388381666,"segment_cum_len":7543.748958749832}
{"route_id":"685","segment_first_lat":34.1106287394,"segment_first_lon":-118.2371818449,"segment_second_lat":34.1103873502,"segment_second_lon":-118.2372459105,"segment_sequence":260001,"segment_id":13,"segment_len_meter":27.481656557813803,"segment_cum_len":7571.230615307646}
{"route_id":"685","segment_first_lat":34.1103873502,"segment_first_lon":-118.2372459105,"segment_second_lat":34.1092189,"segment_second_lon":-118.2375531283,"segment_sequence":260002,"segment_id":13,"segment_len_meter":132.96875242951916,"segment_cum_len":7704.199367737166}
{"route_id":"685","segment_first_lat":34.1092189,"segment_first_lon":-118.2375531283,"segment_second_lat":34.1079701655,"segment_second_lon":-118.2378835639,"segment_sequence":260003,"segment_id":13,"segment_len_meter":142.14656337793903,"segment_cum_len":7846.345931115105}
{"route_id":"685","segment_first_lat":34.1079701655,"segment_first_lon":-118.2378835639,"segment_second_lat":34.1078359991,"segment_second_lon":-118.2379191902,"segment_sequence":270001,"segment_id":14,"segment_len_meter":15.274942693076268,"segment_cum_len":7861.6208738081805}
{"route_id":"685","segment_first_lat":34.1078359991,"segment_first_lon":-118.2379191902,"segment_second_lat":34.1077370176,"segment_second_lon":-118.2379486399,"segment_sequence":270002,"segment_id":14,"segment_len_meter":11.335291300229299,"segment_cum_len":7872.95616510841}
{"route_id":"685","segment_first_lat":34.1077370176,"segment_first_lon":-118.2379486399,"segment_second_lat":34.1072943781,"segment_second_lon":-118.2380663051,"segment_sequence":270003,"segment_id":14,"segment_len_meter":50.39736355704263,"segment_cum_len":7923.353528665452}
{"route_id":"685","segment_first_lat":34.1072943781,"segment_first_lon":-118.2380663051,"segment_second_lat":34.1067005477,"segment_second_lon":-118.2382132694,"segment_sequence":270004,"segment_id":14,"segment_len_meter":67.40300792228577,"segment_cum_len":7990.756536587738}
{"route_id":"685","segment_first_lat":34.1067005477,"segment_first_lon":-118.2382132694,"segment_second_lat":34.1064998693,"segment_second_lon":-118.2382556424,"segment_sequence":270005,"segment_id":14,"segment_len_meter":22.652880292955903,"segment_cum_len":8013.409416880694}
{"route_id":"685","segment_first_lat":34.1064998693,"segment_first_lon":-118.2382556424,"segment_second_lat":34.1063404479,"segment_second_lon":-118.2382783121,"segment_sequence":270006,"segment_id":14,"segment_len_meter":17.84930138198158,"segment_cum_len":8031.258718262676}
{"route_id":"685","segment_first_lat":34.1063404479,"segment_first_lon":-118.2382783121,"segment_second_lat":34.1059639391,"segment_second_lon":-118.2383036665,"segment_sequence":270007,"segment_id":14,"segment_len_meter":41.930897860947766,"segment_cum_len":8073.189616123624}
{"route_id":"685","segment_first_lat":34.1059639391,"segment_first_lon":-118.2383036665,"segment_second_lat":34.1058540248,"segment_second_lon":-118.2383033532,"segment_sequence":270008,"segment_id":14,"segment_len_meter":12.221946565011631,"segment_cum_len":8085.411562688635}
{"route_id":"685","segment_first_lat":34.1058540248,"segment_first_lon":-118.2383033532,"segment_second_lat":34.1056754335,"segment_second_lon":-118.238292934,"segment_sequence":270009,"segment_id":14,"segment_len_meter":19.881603118675407,"segment_cum_len":8105.29316580731}
{"route_id":"685","segment_first_lat":34.1056754335,"segment_first_lon":-118.238292934,"segment_second_lat":34.1055792845,"segment_second_lon":-118.2382794464,"segment_sequence":270010,"segment_id":14,"segment_len_meter":10.763157736374337,"segment_cum_len":8116.056323543685}
{"route_id":"685","segment_first_lat":34.1055792845,"segment_first_lon":-118.2382794464,"segment_second_lat":34.1052963918,"segment_second_lon":-118.238209269,"segment_sequence":270011,"segment_id":14,"segment_len_meter":32.11296162239485,"segment_cum_len":8148.16928516608}
{"route_id":"685","segment_first_lat":34.1052963918,"segment_first_lon":-118.238209269,"segment_second_lat":34.1051096481,"segment_second_lon":-118.2381525795,"segment_sequence":270012,"segment_id":14,"segment_len_meter":21.410877069246357,"segment_cum_len":8169.5801622353265}
{"route_id":"685","segment_first_lat":34.1051096481,"segment_first_lon":-118.2381525795,"segment_second_lat":34.1050797167,"segment_second_lon":-118.2381422537,"segment_sequence":270013,"segment_id":14,"segment_len_meter":3.4613410636420703,"segment_cum_len":8173.041503298969}
{"route_id":"685","segment_first_lat":34.1050797167,"segment_first_lon":-118.2381422537,"segment_second_lat":34.1049448873,"segment_second_lon":-118.2380959528,"segment_sequence":280001,"segment_id":14,"segment_len_meter":15.586635107890343,"segment_cum_len":8188.628138406859}
{"route_id":"685","segment_first_lat":34.1049448873,"segment_first_lon":-118.2380959528,"segment_second_lat":34.1048872213,"segment_second_lon":-118.2380759683,"segment_sequence":280002,"segment_id":14,"segment_len_meter":6.670939751314525,"segment_cum_len":8195.299078158174}
{"route_id":"685","segment_first_lat":34.1048872213,"segment_first_lon":-118.2380759683,"segment_second_lat":34.1047581826,"segment_second_lon":-118.2380194436,"segment_sequence":280003,"segment_id":14,"segment_len_meter":15.263108776213679,"segment_cum_len":8210.562186934387}
{"route_id":"685","segment_first_lat":34.1047581826,"segment_first_lon":-118.2380194436,"segment_second_lat":34.1046785988,"segment_second_lon":-118.2379663632,"segment_sequence":280004,"segment_id":14,"segment_len_meter":10.109141690708043,"segment_cum_len":8220.671328625094}
{"route_id":"685","segment_first_lat":34.1046785988,"segment_first_lon":-118.2379663632,"segment_second_lat":34.104522192,"segment_second_lon":-118.2378536038,"segment_sequence":280005,"segment_id":14,"segment_len_meter":20.254696087851908,"segment_cum_len":8240.926024712946}
{"route_id":"685","segment_first_lat":34.104522192,"segment_first_lon":-118.2378536038,"segment_second_lat":34.1043998312,"segment_second_lon":-118.2377548158,"segment_sequence":280006,"segment_id":14,"segment_len_meter":16.366101478168904,"segment_cum_len":8257.292126191114}
