{"route_id":"102","stop_id":"2395","stop_lat":33.974232,"stop_lon":-118.226679,"stop_sequence":84,"segment_first_lat":33.9744067358,"segment_first_lon":-118.2270979254,"segment_second_lat":33.9743594704,"segment_second_lon":-118.2266607825,"segment_sequence":830008,"segment_id":42,"segment_len_meter":40.65124378391935,"segment_cum_len":27921.844612387285,"stop_segment_distance":16.863295907405934}
{"route_id":"106","stop_id":"17309","stop_lat":34.042922,"stop_lon":-118.219494,"stop_sequence":26,"segment_first_lat":34.0414987317,"segment_first_lon":-118.2195460718,"segment_second_lat":34.0429192568,"segment_second_lon":-118.2196128466,"segment_sequence":250004,"segment_id":13,"segment_len_meter":158.07496395833135,"segment_cum_len":9022.407676279863,"stop_segment_distance":11.212515088511111}
{"route_id":"110","stop_id":"2114","stop_lat":33.980321,"stop_lon":-118.209672,"stop_sequence":67,"segment_first_lat":33.9805316289,"segment_first_lon":-118.2104704692,"segment_second_lat":33.9804484217,"segment_second_lon":-118.2096509217,"segment_sequence":660004,"segment_id":33,"segment_len_meter":76.1314475140884,"segment_cum_len":22661.91790581752,"stop_segment_distance":15.429052164757692}
{"route_id":"110","stop_id":"2122","stop_lat":33.981517,"stop_lon":-118.224838,"stop_sequence":62,"segment_first_lat":33.9816433232,"segment_first_lon":-118.2248382798,"segment_second_lat":33.981644054,"segment_second_lon":-118.2244457589,"segment_sequence":620001,"segment_id":31,"segment_len_meter":36.192358443942126,"segment_cum_len":21287.0240601228,"stop_segment_distance":16.68210498362121}
{"route_id":"125","stop_id":"30009","stop_lat":33.898035,"stop_lon":-118.223176,"stop_sequence":49,"segment_first_lat":33.8979461157,"segment_first_lon":-118.2221621281,"segment_second_lat":33.8979365518,"segment_second_lon":-118.2231743936,"segment_sequence":480024,"segment_id":24,"segment_len_meter":93.43348479014037,"segment_cum_len":19417.158823233152,"stop_segment_distance":11.610601735928824}
{"route_id":"130","stop_id":"13000041","stop_lat":33.874968,"stop_lon":-118.125522,"stop_sequence":8,"segment_first_lat":33.874840502,"segment_first_lon":-118.1255217126,"segment_second_lat":33.8748248612,"segment_second_lon":-118.1288851732,"segment_sequence":80001,"segment_id":4,"segment_len_meter":310.5208580799437,"segment_cum_len":4699.001714306371,"stop_segment_distance":14.553203821522061}
{"route_id":"14","stop_id":"16535","stop_lat":34.035276,"stop_lon":-118.369075,"stop_sequence":1,"segment_first_lat":34.035277414,"segment_first_lon":-118.3690823768,"segment_second_lat":34.0355976388,"segment_second_lon":-118.3689606748,"segment_sequence":10001,"segment_id":1,"segment_len_meter":37.331588944802235,"segment_cum_len":37.331588944802235,"stop_segment_distance":0.6499551517083191}
{"route_id":"14","stop_id":"5388","stop_lat":34.038081,"stop_lon":-118.263255,"stop_sequence":36,"segment_first_lat":34.0381068468,"segment_first_lon":-118.2633412762,"segment_second_lat":34.0383117703,"segment_second_lon":-118.2632461994,"segment_sequence":360001,"segment_id":18,"segment_len_meter":24.41254047227294,"segment_cum_len":11958.853463311358,"stop_segment_distance":9.714105790009679}
{"route_id":"150","stop_id":"7012","stop_lat":34.161342,"stop_lon":-118.513869,"stop_sequence":36,"segment_first_lat":34.1614653645,"segment_first_lon":-118.5138431079,"segment_second_lat":34.1614123869,"segment_second_lon":-118.5135062677,"segment_sequence":360001,"segment_id":18,"segment_len_meter":31.547279469366877,"segment_cum_len":12725.91216220586,"stop_segment_distance":16.65572247781762}
{"route_id":"150","stop_id":"7014","stop_lat":34.140399,"stop_lon":-118.376092,"stop_sequence":74,"segment_first_lat":34.140500566,"segment_first_lon":-118.3761744837,"segment_second_lat":34.1405972414,"segment_second_lon":-118.376013975,"segment_sequence":740001,"segment_id":37,"segment_len_meter":18.269330973539752,"segment_cum_len":25756.58193532355,"stop_segment_distance":18.52199097978223}
{"route_id":"152","stop_id":"10634","stop_lat":34.221791,"stop_lon":-118.402887,"stop_sequence":32,"segment_first_lat":34.2216598458,"segment_first_lon":-118.4008814571,"segment_second_lat":34.2216633551,"segment_second_lon":-118.4028861291,"segment_sequence":310003,"segment_id":16,"segment_len_meter":184.31702874719906,"segment_cum_len":12644.7503454223,"stop_segment_distance":14.849015144298164}
{"route_id":"152","stop_id":"13018","stop_lat":34.221774,"stop_lon":-118.436969,"stop_sequence":40,"segment_first_lat":34.2216467501,"segment_first_lon":-118.436968513,"segment_second_lat":34.2216302141,"segment_second_lon":-118.4394858262,"segment_sequence":400001,"segment_id":20,"segment_len_meter":231.4580231797702,"segment_cum_len":16009.887008866492,"stop_segment_distance":14.64903135185574}
{"route_id":"154","stop_id":"12674","stop_lat":34.179537,"stop_lon":-118.378841,"stop_sequence":21,"segment_first_lat":34.1794387996,"segment_first_lon":-118.3768500707,"segment_second_lat":34.1794375275,"segment_second_lon":-118.3788404796,"segment_sequence":200004,"segment_id":10,"segment_len_meter":183.09694858453958,"segment_cum_len":8631.377948946038,"stop_segment_distance":11.433876849943374}
{"route_id":"154","stop_id":"6980","stop_lat":34.169068,"stop_lon":-118.536311,"stop_sequence":67,"segment_first_lat":34.1689501025,"segment_first_lon":-118.5363735228,"segment_second_lat":34.169117806,"segment_second_lon":-118.5368506566,"segment_sequence":670001,"segment_id":34,"segment_len_meter":47.69344369297491,"segment_cum_len":28523.54856053487,"stop_segment_distance":16.5793993990371}
{"route_id":"155","stop_id":"18072","stop_lat":34.170583,"stop_lon":-118.319402,"stop_sequence":49,"segment_first_lat":34.1696591998,"segment_first_lon":-118.320578425,"segment_second_lat":34.1706641716,"segment_second_lon":-118.3195134569,"segment_sequence":480005,"segment_id":24,"segment_len_meter":148.61697706622118,"segment_cum_len":18424.31534921707,"stop_segment_distance":14.260475177644878}
{"route_id":"166","stop_id":"12542","stop_lat":34.235564,"stop_lon":-118.523296,"stop_sequence":29,"segment_first_lat":34.2356523353,"segment_first_lon":-118.5238225026,"segment_second_lat":34.2356919271,"segment_second_lon":-118.5233092584,"segment_sequence":280009,"segment_id":14,"segment_len_meter":47.38657653400777,"segment_cum_len":12889.152609319734,"stop_segment_distance":16.277509796778673}
{"route_id":"166","stop_id":"12617","stop_lat":34.259357,"stop_lon":-118.40286,"stop_sequence":60,"segment_first_lat":34.2594077114,"segment_first_lon":-118.4030130659,"segment_second_lat":34.2595244107,"segment_second_lon":-118.4029563749,"segment_sequence":600001,"segment_id":30,"segment_len_meter":13.98322552306381,"segment_cum_len":25001.4214786107,"stop_segment_distance":21.786884059990754}
{"route_id":"169","stop_id":"6875","stop_lat":34.194384,"stop_lon":-118.653292,"stop_sequence":32,"segment_first_lat":34.1945060194,"segment_first_lon":-118.6532640151,"segment_second_lat":34.1939694925,"segment_second_lon":-118.6500748875,"segment_sequence":320001,"segment_id":16,"segment_len_meter":299.3207840630952,"segment_cum_len":14004.095899881226,"stop_segment_distance":13.946604623744918}
{"route_id":"201","stop_id":"142446","stop_lat":34.118487,"stop_lon":-118.260492,"stop_sequence":30,"segment_first_lat":34.1184041897,"segment_first_lon":-118.2603781875,"segment_second_lat":34.1182780431,"segment_second_lon":-118.2605145763,"segment_sequence":300001,"segment_id":15,"segment_len_meter":18.825291905438682,"segment_cum_len":7726.649028527068,"stop_segment_distance":18.450859759797346}
{"route_id":"201","stop_id":"8104","stop_lat":34.076135,"stop_lon":-118.28692,"stop_sequence":48,"segment_first_lat":34.0761347965,"segment_first_lon":-118.2867979502,"segment_second_lat":34.0757968107,"segment_second_lon":-118.2867967913,"segment_sequence":480001,"segment_id":24,"segment_len_meter":37.582457809780685,"segment_cum_len":14317.75239495049,"stop_segment_distance":12.938415647118326}
{"route_id":"205","stop_id":"17482","stop_lat":33.857974,"stop_lon":-118.234674,"stop_sequence":101,"segment_first_lat":33.8559355755,"segment_first_lon":-118.2346520249,"segment_second_lat":33.8579661582,"segment_second_lon":-118.2348243654,"segment_sequence":1010002,"segment_id":51,"segment_len_meter":226.35061023830184,"segment_cum_len":37429.76245794561,"stop_segment_distance":14.232823027367516}
{"route_id":"206","stop_id":"13747","stop_lat":34.034683,"stop_lon":-118.30037,"stop_sequence":30,"segment_first_lat":34.0354555506,"segment_first_lon":-118.3002571655,"segment_second_lat":34.0346834125,"segment_second_lon":-118.3002517545,"segment_sequence":290007,"segment_id":15,"segment_len_meter":85.85928716334261,"segment_cum_len":9018.262582169731,"stop_segment_distance":11.567429216749716}
{"route_id":"206","stop_id":"13773","stop_lat":33.952885,"stop_lon":-118.300363,"stop_sequence":59,"segment_first_lat":33.9532037878,"segment_first_lon":-118.3002426104,"segment_second_lat":33.9528850337,"segment_second_lon":-118.300243776,"segment_sequence":580005,"segment_id":29,"segment_len_meter":35.44400181891295,"segment_cum_len":18114.37617946597,"stop_segment_distance":12.69885919144312}
{"route_id":"212","stop_id":"13653","stop_lat":34.057451,"stop_lon":-118.346022,"stop_sequence":25,"segment_first_lat":34.0574481299,"segment_first_lon":-118.3458708434,"segment_second_lat":34.0572422984,"segment_second_lon":-118.3458762653,"segment_sequence":250001,"segment_id":13,"segment_len_meter":22.89286803416634,"segment_cum_len":7020.7789306709,"stop_segment_distance":17.845896114525004}
{"route_id":"224","stop_id":"5827","stop_lat":34.303378,"stop_lon":-118.4644,"stop_sequence":55,"segment_first_lat":34.3022066943,"segment_first_lon":-118.4631053975,"segment_second_lat":34.3032834741,"segment_second_lon":-118.4645004481,"segment_sequence":540003,"segment_id":27,"segment_len_meter":175.3747558543503,"segment_cum_len":21872.238611662422,"stop_segment_distance":14.975070839502024}
{"route_id":"230","stop_id":"2927","stop_lat":34.154664,"stop_lon":-118.396623,"stop_sequence":47,"segment_first_lat":34.1548676219,"segment_first_lon":-118.3964722937,"segment_second_lat":34.1546642811,"segment_second_lon":-118.3964713289,"segment_sequence":460004,"segment_id":23,"segment_len_meter":22.610639627361508,"segment_cum_len":18225.79022522722,"stop_segment_distance":17.89662475297783}
{"route_id":"233","stop_id":"2046","stop_lat":34.277573,"stop_lon":-118.398548,"stop_sequence":52,"segment_first_lat":34.2776573334,"segment_first_lon":-118.3984314668,"segment_second_lat":34.2764075066,"segment_second_lon":-118.3971193013,"segment_sequence":520001,"segment_id":26,"segment_len_meter":183.9836629281925,"segment_cum_len":17197.067594121214,"stop_segment_distance":14.71643860364739}
{"route_id":"233","stop_id":"6767","stop_lat":34.233418,"stop_lon":-118.450095,"stop_sequence":29,"segment_first_lat":34.2331428201,"segment_first_lon":-118.4502460318,"segment_second_lat":34.233417618,"segment_second_lon":-118.4502438745,"segment_sequence":280006,"segment_id":14,"segment_len_meter":30.55677592432815,"segment_cum_len":9265.769442498624,"stop_segment_distance":16.73082004667758}
{"route_id":"234","stop_id":"2953","stop_lat":34.035198,"stop_lon":-118.434615,"stop_sequence":78,"segment_first_lat":34.0351941017,"segment_first_lon":-118.4341135425,"segment_second_lat":34.0351236497,"segment_second_lon":-118.434601342,"segment_sequence":770009,"segment_id":39,"segment_len_meter":45.626620589498046,"segment_cum_len":46400.37606745554,"stop_segment_distance":8.945616314326038}
{"route_id":"234","stop_id":"4742","stop_lat":34.271744,"stop_lon":-118.462973,"stop_sequence":32,"segment_first_lat":34.2717040171,"segment_first_lon":-118.4626514554,"segment_second_lat":34.2716257452,"segment_second_lon":-118.4629277376,"segment_sequence":310012,"segment_id":16,"segment_len_meter":26.837723770125333,"segment_cum_len":11774.80747803973,"stop_segment_distance":16.832676499834132}
{"route_id":"237","stop_id":"3607","stop_lat":34.107993,"stop_lon":-118.337041,"stop_sequence":7,"segment_first_lat":34.1080487974,"segment_first_lon":-118.3371824914,"segment_second_lat":34.1081715608,"segment_second_lon":-118.3371079967,"segment_sequence":70001,"segment_id":4,"segment_len_meter":15.27678227468,"segment_cum_len":2205.6930755375424,"stop_segment_distance":19.94312728945397}
{"route_id":"239","stop_id":"20019","stop_lat":34.268752,"stop_lon":-118.510811,"stop_sequence":37,"segment_first_lat":34.2687537715,"segment_first_lon":-118.5109283929,"segment_second_lat":34.2696798558,"segment_second_lon":-118.5109188374,"segment_sequence":370001,"segment_id":19,"segment_len_meter":102.97961936667606,"segment_cum_len":14643.38499186559,"stop_segment_distance":11.457301321007634}
{"route_id":"243","stop_id":"11677","stop_lat":34.253766,"stop_lon":-118.579926,"stop_sequence":10,"segment_first_lat":34.2556244208,"segment_first_lon":-118.5798201349,"segment_second_lat":34.2537668915,"segment_second_lon":-118.5798072307,"segment_sequence":90003,"segment_id":5,"segment_len_meter":206.55123919320138,"segment_cum_len":5791.2776634426555,"stop_segment_distance":11.241012960524301}
{"route_id":"243","stop_id":"14837","stop_lat":34.243033,"stop_lon":-118.553417,"stop_sequence":61,"segment_first_lat":34.2430354718,"segment_first_lon":-118.5535686768,"segment_second_lat":34.24371148,"segment_second_lon":-118.5535638949,"segment_sequence":610001,"segment_id":31,"segment_len_meter":75.16996734528111,"segment_cum_len":26946.963226338587,"stop_segment_distance":15.417225947021691}
{"route_id":"251","stop_id":"11653","stop_lat":34.055407,"stop_lon":-118.204934,"stop_sequence":12,"segment_first_lat":34.0555185955,"segment_first_lon":-118.2048611548,"segment_second_lat":34.0553688686,"segment_second_lon":-118.2045181011,"segment_sequence":120001,"segment_id":6,"segment_len_meter":35.72081950480163,"segment_cum_len":4500.790136262361,"stop_segment_distance":16.934865958942957}
{"route_id":"251","stop_id":"9151","stop_lat":33.951254,"stop_lon":-118.206668,"stop_sequence":50,"segment_first_lat":33.9542120624,"segment_first_lon":-118.2060649185,"segment_second_lat":33.9512370215,"segment_second_lon":-118.2065146075,"segment_sequence":490002,"segment_id":25,"segment_len_meter":333.3995818842231,"segment_cum_len":18888.63066362724,"stop_segment_distance":14.466363602167291}
{"route_id":"265","stop_id":"4320","stop_lat":33.89663,"stop_lon":-118.159949,"stop_sequence":20,"segment_first_lat":33.8966293865,"segment_first_lon":-118.1601014725,"segment_second_lat":33.8973520614,"segment_second_lon":-118.160105489,"segment_sequence":200001,"segment_id":10,"segment_len_meter":80.35863756944207,"segment_cum_len":7143.088003050166,"stop_segment_distance":15.292589789197038}
{"route_id":"266","stop_id":"17789","stop_lat":33.857517,"stop_lon":-118.1423,"stop_sequence":4,"segment_first_lat":33.8575169822,"segment_first_lon":-118.1424497127,"segment_second_lat":33.858857903,"segment_second_lon":-118.1424635184,"segment_sequence":40001,"segment_id":2,"segment_len_meter":149.10903947636146,"segment_cum_len":3231.591107143059,"stop_segment_distance":14.579473640125144}
{"route_id":"268","stop_id":"8941","stop_lat":34.100555,"stop_lon":-118.050607,"stop_sequence":21,"segment_first_lat":34.0997940341,"segment_first_lon":-118.0506066795,"segment_second_lat":34.1005323236,"segment_second_lon":-118.0507551094,"segment_sequence":200003,"segment_id":10,"segment_len_meter":83.22388190985862,"segment_cum_len":6742.743530985445,"stop_segment_distance":15.260071439229534}
{"route_id":"51","stop_id":"46","stop_lat":34.059621,"stop_lon":-118.283965,"stop_sequence":6,"segment_first_lat":34.059686225,"segment_first_lon":-118.2839220002,"segment_second_lat":34.0594139735,"segment_second_lon":-118.2833102833,"segment_sequence":60001,"segment_id":3,"segment_len_meter":63.96824344067745,"segment_cum_len":1567.980847161213,"stop_segment_distance":8.852167735675344}
{"route_id":"55","stop_id":"7333","stop_lat":34.047395,"stop_lon":-118.24942,"stop_sequence":59,"segment_first_lat":34.0470854331,"segment_first_lon":-118.249131916,"segment_second_lat":34.0473185351,"segment_second_lon":-118.2494911098,"segment_sequence":580006,"segment_id":29,"segment_len_meter":42.03608832703743,"segment_cum_len":18237.203889393404,"stop_segment_distance":12.164776805652728}
{"route_id":"611","stop_id":"15267","stop_lat":34.000231,"stop_lon":-118.203935,"stop_sequence":53,"segment_first_lat":34.0003345891,"segment_first_lon":-118.2039194515,"segment_second_lat":34.0002601244,"segment_second_lon":-118.2031033671,"segment_sequence":530001,"segment_id":27,"segment_len_meter":75.684586904789,"segment_cum_len":16167.74260313912,"stop_segment_distance":12.654870583886549}
{"route_id":"62","stop_id":"10153","stop_lat":34.018626,"stop_lon":-118.206946,"stop_sequence":24,"segment_first_lat":34.0187513593,"segment_first_lon":-118.2069494762,"segment_second_lat":34.0187609919,"segment_second_lon":-118.2066198327,"segment_sequence":240001,"segment_id":12,"segment_len_meter":30.400274318391688,"segment_cum_len":8926.465589582374,"stop_segment_distance":17.14300271750394}
{"route_id":"687","stop_id":"11824","stop_lat":34.154085,"stop_lon":-118.113312,"stop_sequence":12,"segment_first_lat":34.1540852717,"segment_first_lon":-118.1131595228,"segment_second_lat":34.1535411939,"segment_second_lon":-118.1131587861,"segment_sequence":120001,"segment_id":6,"segment_len_meter":60.498729039255906,"segment_cum_len":3412.6972573392322,"stop_segment_distance":15.622095140662253}
{"route_id":"757","stop_id":"15321","stop_lat":34.043036,"stop_lon":-118.309164,"stop_sequence":11,"segment_first_lat":34.043036838,"segment_first_lon":-118.3090057803,"segment_second_lat":34.0417646029,"segment_second_lon":-118.3089941503,"segment_sequence":110001,"segment_id":6,"segment_len_meter":141.4701470231597,"segment_cum_len":8307.862795035184,"stop_segment_distance":15.344673173131838}
{"route_id":"76","stop_id":"15060","stop_lat":34.06259,"stop_lon":-118.185967,"stop_sequence":43,"segment_first_lat":34.0624417739,"segment_first_lon":-118.1858808127,"segment_second_lat":34.0624613785,"segment_second_lon":-118.1859977363,"segment_sequence":420014,"segment_id":21,"segment_len_meter":10.989034894201998,"segment_cum_len":15273.682497035144,"stop_segment_distance":21.885080121636484}
{"route_id":"76","stop_id":"6728","stop_lat":34.080971,"stop_lon":-118.073022,"stop_sequence":12,"segment_first_lat":34.0809726923,"segment_first_lon":-118.069610634,"segment_second_lat":34.0808448302,"segment_second_lon":-118.0730153191,"segment_sequence":110002,"segment_id":6,"segment_len_meter":313.8830237420674,"segment_cum_len":4140.443642717678,"stop_segment_distance":14.335874636439314}
{"route_id":"770","stop_id":"2182","stop_lat":34.062546,"stop_lon":-118.082142,"stop_sequence":23,"segment_first_lat":34.0626714386,"segment_first_lon":-118.0833866035,"segment_second_lat":34.0626722915,"segment_second_lon":-118.0821418637,"segment_sequence":220011,"segment_id":11,"segment_len_meter":114.66136593664265,"segment_cum_len":21484.122044820688,"stop_segment_distance":14.87581631052376}
{"route_id":"78","stop_id":"2843","stop_lat":34.107608,"stop_lon":-118.052478,"stop_sequence":75,"segment_first_lat":34.1077784501,"segment_first_lon":-118.0526761872,"segment_second_lat":34.1077483083,"segment_second_lon":-118.052481263,"segment_sequence":740008,"segment_id":37,"segment_len_meter":18.256504582902913,"segment_cum_len":23887.866138986177,"stop_segment_distance":23.656957065466308}
{"route_id":"90","stop_id":"3355","stop_lat":34.186345,"stop_lon":-118.229224,"stop_sequence":46,"segment_first_lat":34.1863461863,"segment_first_lon":-118.2290681843,"segment_second_lat":34.1861373525,"segment_second_lon":-118.2290656276,"segment_sequence":460001,"segment_id":23,"segment_len_meter":23.22244987521501,"segment_cum_len":14372.772115463938,"stop_segment_distance":18.411105884829748}
{"route_id":"96","stop_id":"12616","stop_lat":34.060352,"stop_lon":-118.239554,"stop_sequence":41,"segment_first_lat":34.0607379381,"segment_first_lon":-118.2404595666,"segment_second_lat":34.06041748,"segment_second_lon":-118.2395199953,"segment_sequence":400005,"segment_id":20,"segment_len_meter":93.60043964266023,"segment_cum_len":20741.261517623523,"stop_segment_distance":8.136949541615536}
