{"route_id":"10","stop_id":"11702","stop_lat":34.083677,"stop_lon":-118.30409,"stop_sequence":40,"segment_first_lat":34.0835502422,"segment_first_lon":-118.304089042,"segment_second_lat":34.0835489776,"segment_second_lon":-118.3045910231,"segment_sequence":400001,"segment_id":20,"segment_len_meter":46.22966283052029,"segment_cum_len":10852.020739999189,"stop_segment_distance":16.152672485738}
{"route_id":"117","stop_id":"637","stop_lat":33.945321,"stop_lon":-118.360996,"stop_sequence":10,"segment_first_lat":33.945449592,"segment_first_lon":-118.3609967887,"segment_second_lat":33.9454499753,"segment_second_lon":-118.360225269,"segment_sequence":100001,"segment_id":5,"segment_len_meter":71.16802204637524,"segment_cum_len":4781.101122407196,"stop_segment_distance":15.658307315235547}
{"route_id":"130","stop_id":"17471","stop_lat":33.865805,"stop_lon":-118.275182,"stop_sequence":41,"segment_first_lat":33.8663140329,"segment_first_lon":-118.2737674029,"segment_second_lat":33.8656957348,"segment_second_lon":-118.275110306,"segment_sequence":400009,"segment_id":20,"segment_len_meter":141.77567939669004,"segment_cum_len":20073.506818224305,"stop_segment_distance":14.407172217528284}
{"route_id":"152","stop_id":"12991","stop_lat":34.221479,"stop_lon":-118.480623,"stop_sequence":50,"segment_first_lat":34.2213584555,"segment_first_lon":-118.4792234941,"segment_second_lat":34.2213529058,"segment_second_lon":-118.4806227508,"segment_sequence":490004,"segment_id":25,"segment_len_meter":128.65454442978069,"segment_cum_len":19792.44391490075,"stop_segment_distance":14.738638599948388}
{"route_id":"152","stop_id":"13002","stop_lat":34.220064,"stop_lon":-118.588842,"stop_sequence":74,"segment_first_lat":34.2199360009,"segment_first_lon":-118.5888379417,"segment_second_lat":34.2198972321,"segment_second_lon":-118.5909283069,"segment_sequence":740001,"segment_id":37,"segment_len_meter":192.24787095368097,"segment_cum_len":29983.363722424976,"stop_segment_distance":14.710336982491299}
{"route_id":"16","stop_id":"1204","stop_lat":34.044875,"stop_lon":-118.245544,"stop_sequence":2,"segment_first_lat":34.0447844621,"segment_first_lon":-118.245598604,"segment_second_lat":34.0448199941,"segment_second_lon":-118.2456921267,"segment_sequence":20001,"segment_id":1,"segment_len_meter":9.479440786357479,"segment_cum_len":806.0469123727,"stop_segment_distance":16.730703324118267}
{"route_id":"16","stop_id":"15622","stop_lat":34.069091,"stop_lon":-118.31984,"stop_sequence":34,"segment_first_lat":34.0689629969,"segment_first_lon":-118.3185382328,"segment_second_lat":34.0689645051,"segment_second_lon":-118.3198392121,"segment_sequence":330004,"segment_id":17,"segment_len_meter":119.8331429542802,"segment_cum_len":8951.284849284566,"stop_segment_distance":14.979966187871284}
{"route_id":"161","stop_id":"8889","stop_lat":34.16249,"stop_lon":-118.628551,"stop_sequence":16,"segment_first_lat":34.1624039259,"segment_first_lon":-118.6285276618,"segment_second_lat":34.1623630188,"segment_second_lon":-118.6287319771,"segment_sequence":160001,"segment_id":8,"segment_len_meter":19.341164314162118,"segment_cum_len":6198.572601867967,"stop_segment_distance":12.299684697768079}
{"route_id":"163","stop_id":"6183","stop_lat":34.20089,"stop_lon":-118.524223,"stop_sequence":28,"segment_first_lat":34.2010202464,"segment_first_lon":-118.525136528,"segment_second_lat":34.2010148625,"segment_second_lon":-118.5242237035,"segment_sequence":270005,"segment_id":14,"segment_len_meter":83.95100164154603,"segment_cum_len":9912.614905277858,"stop_segment_distance":15.186022140258473}
{"route_id":"164","stop_id":"7114","stop_lat":34.186819,"stop_lon":-118.383212,"stop_sequence":25,"segment_first_lat":34.186692575,"segment_first_lon":-118.3823122725,"segment_second_lat":34.1866919272,"segment_second_lon":-118.3832116714,"segment_sequence":240005,"segment_id":12,"segment_len_meter":82.72825137047509,"segment_cum_len":8770.758632497114,"stop_segment_distance":15.345494993380896}
{"route_id":"166","stop_id":"12512","stop_lat":34.235359,"stop_lon":-118.531874,"stop_sequence":27,"segment_first_lat":34.2354899661,"segment_first_lon":-118.5326917839,"segment_second_lat":34.235484507,"segment_second_lon":-118.5318712213,"segment_sequence":260003,"segment_id":13,"segment_len_meter":75.43547807702531,"segment_cum_len":12100.71878143456,"stop_segment_distance":15.097748798864885}
{"route_id":"176","stop_id":"4637","stop_lat":34.051764,"stop_lon":-118.036547,"stop_sequence":27,"segment_first_lat":34.0516481909,"segment_first_lon":-118.036880615,"segment_second_lat":34.0518414384,"segment_second_lon":-118.0366410278,"segment_sequence":260009,"segment_id":13,"segment_len_meter":30.80503171568961,"segment_cum_len":10032.930205317496,"stop_segment_distance":14.73328686932772}
{"route_id":"183","stop_id":"20147","stop_lat":34.164805,"stop_lon":-118.358421,"stop_sequence":31,"segment_first_lat":34.1649255276,"segment_first_lon":-118.3593434154,"segment_second_lat":34.1649304631,"segment_second_lon":-118.3584211295,"segment_sequence":300005,"segment_id":15,"segment_len_meter":84.85706213294408,"segment_cum_len":12534.932439167607,"stop_segment_distance":15.012764131897683}
{"route_id":"183","stop_id":"7843","stop_lat":34.175375,"stop_lon":-118.314329,"stop_sequence":43,"segment_first_lat":34.1737291795,"segment_first_lon":-118.3162660217,"segment_second_lat":34.1754582254,"segment_second_lon":-118.3144449153,"segment_sequence":420001,"segment_id":21,"segment_len_meter":255.0126721439998,"segment_cum_len":17247.49250788129,"stop_segment_distance":14.538281899258436}
{"route_id":"20","stop_id":"2445","stop_lat":34.061837,"stop_lon":-118.314533,"stop_sequence":26,"segment_first_lat":34.0617081124,"segment_first_lon":-118.3145320879,"segment_second_lat":34.0617062444,"segment_second_lon":-118.3152485447,"segment_sequence":260001,"segment_id":13,"segment_len_meter":65.9987165315033,"segment_cum_len":7467.779731282836,"stop_segment_distance":15.831994845826756}
{"route_id":"202","stop_id":"14336","stop_lat":33.871502,"stop_lon":-118.213988,"stop_sequence":25,"segment_first_lat":33.8717989067,"segment_first_lon":-118.2139199616,"segment_second_lat":33.8715327883,"segment_second_lon":-118.213837587,"segment_sequence":240006,"segment_id":12,"segment_len_meter":30.5526813530698,"segment_cum_len":10582.58553703591,"stop_segment_distance":17.356612074362936}
{"route_id":"206","stop_id":"13753","stop_lat":34.007474,"stop_lon":-118.300299,"stop_sequence":39,"segment_first_lat":34.0081941588,"segment_first_lon":-118.3001725804,"segment_second_lat":34.0074742038,"segment_second_lon":-118.3001782476,"segment_sequence":380006,"segment_id":19,"segment_len_meter":80.05704772954401,"segment_cum_len":12043.830512495138,"stop_segment_distance":11.994950978702946}
{"route_id":"210","stop_id":"9426","stop_lat":33.941575,"stop_lon":-118.326629,"stop_sequence":65,"segment_first_lat":33.9415754027,"segment_first_lon":-118.3264759145,"segment_second_lat":33.9386763972,"segment_second_lon":-118.32648275,"segment_sequence":650001,"segment_id":33,"segment_len_meter":322.35532066085403,"segment_cum_len":21965.38185417584,"stop_segment_distance":14.358773024344316}
{"route_id":"256","stop_id":"9887","stop_lat":34.028805,"stop_lon":-118.169284,"stop_sequence":9,"segment_first_lat":34.0277738334,"segment_first_lon":-118.1696883178,"segment_second_lat":34.0288201187,"segment_second_lon":-118.1693683234,"segment_sequence":80002,"segment_id":4,"segment_len_meter":120.02066516842874,"segment_cum_len":1667.5882025230765,"stop_segment_distance":8.492236836305494}
{"route_id":"267","stop_id":"1387","stop_lat":34.142219,"stop_lon":-118.101963,"stop_sequence":35,"segment_first_lat":34.1421200114,"segment_first_lon":-118.1019630523,"segment_second_lat":34.1421188977,"segment_second_lon":-118.1032750719,"segment_sequence":350001,"segment_id":18,"segment_len_meter":120.74556258811552,"segment_cum_len":13235.672825023625,"stop_segment_distance":11.523651679111822}
{"route_id":"267","stop_id":"1707","stop_lat":34.149634,"stop_lon":-118.141763,"stop_sequence":54,"segment_first_lat":34.1495351432,"segment_first_lon":-118.1417625921,"segment_second_lat":34.1495252238,"segment_second_lon":-118.1429524233,"segment_sequence":540001,"segment_id":27,"segment_len_meter":109.4964197312093,"segment_cum_len":17921.469915700778,"stop_segment_distance":11.615566965967815}
{"route_id":"268","stop_id":"16248","stop_lat":34.161952,"stop_lon":-118.064978,"stop_sequence":40,"segment_first_lat":34.1618268936,"segment_first_lon":-118.0649774054,"segment_second_lat":34.1618104049,"segment_second_lon":-118.0679788924,"segment_sequence":400001,"segment_id":20,"segment_len_meter":276.1692831141644,"segment_cum_len":16428.097674567627,"stop_segment_distance":14.298848676393277}
{"route_id":"268","stop_id":"16492","stop_lat":34.183269,"stop_lon":-118.168384,"stop_sequence":85,"segment_first_lat":34.1831922126,"segment_first_lon":-118.1685227276,"segment_second_lat":34.1831676661,"segment_second_lon":-118.1683904195,"segment_sequence":900050,"segment_id":45,"segment_len_meter":12.472737840713178,"segment_cum_len":36138.69612168473,"stop_segment_distance":14.164525070442805}
{"route_id":"30","stop_id":"13227","stop_lat":34.0511,"stop_lon":-118.247714,"stop_sequence":31,"segment_first_lat":34.0511799592,"segment_first_lon":-118.2478318593,"segment_second_lat":34.0523938699,"segment_second_lon":-118.2466717458,"segment_sequence":310001,"segment_id":16,"segment_len_meter":172.17151843123034,"segment_cum_len":9813.340150336147,"stop_segment_distance":14.834144455307609}
{"route_id":"344","stop_id":"142304","stop_lat":33.776476,"stop_lon":-118.375077,"stop_sequence":17,"segment_first_lat":33.7764379968,"segment_first_lon":-118.3757614266,"segment_second_lat":33.776601841,"segment_second_lon":-118.3751208476,"segment_sequence":160010,"segment_id":8,"segment_len_meter":61.946211720921575,"segment_cum_len":7208.59373056966,"stop_segment_distance":16.02198508541982}
{"route_id":"35","stop_id":"16470","stop_lat":34.038563,"stop_lon":-118.280926,"stop_sequence":49,"segment_first_lat":34.0381332569,"segment_first_lon":-118.2802939717,"segment_second_lat":34.0384528454,"segment_second_lon":-118.2809984332,"segment_sequence":480011,"segment_id":24,"segment_len_meter":74.00224659646834,"segment_cum_len":15868.157853471503,"stop_segment_distance":15.2792410309941}
{"route_id":"40","stop_id":"2731","stop_lat":34.01094,"stop_lon":-118.31807,"stop_sequence":33,"segment_first_lat":34.0108218807,"segment_first_lon":-118.3170697085,"segment_second_lat":34.0108145789,"segment_second_lon":-118.3180694807,"segment_sequence":320003,"segment_id":16,"segment_len_meter":92.15560981193458,"segment_cum_len":12866.766557198524,"stop_segment_distance":14.921310895689501}
{"route_id":"40","stop_id":"73","stop_lat":34.054387,"stop_lon":-118.237945,"stop_sequence":6,"segment_first_lat":34.0545110751,"segment_first_lon":-118.237780753,"segment_second_lat":34.0543764043,"segment_second_lon":-118.2377935758,"segment_sequence":50007,"segment_id":3,"segment_len_meter":15.021232364465904,"segment_cum_len":2211.147373750285,"stop_segment_distance":19.45536177170642}
{"route_id":"460","stop_id":"3769","stop_lat":33.847281,"stop_lon":-117.975942,"stop_sequence":64,"segment_first_lat":33.8472807659,"segment_first_lon":-117.9760921066,"segment_second_lat":33.847885287,"segment_second_lon":-117.976099838,"segment_sequence":650001,"segment_id":33,"segment_len_meter":67.22347120918529,"segment_cum_len":53482.924826861214,"stop_segment_distance":15.395418451310135}
{"route_id":"487","stop_id":"15029","stop_lat":34.055671,"stop_lon":-118.21097,"stop_sequence":3,"segment_first_lat":34.0557158678,"segment_first_lon":-118.2109408929,"segment_second_lat":34.0549840963,"segment_second_lon":-118.2093702215,"segment_sequence":30001,"segment_id":2,"segment_len_meter":166.0070673778107,"segment_cum_len":2766.5923225013066,"stop_segment_distance":5.652532546958156}
{"route_id":"501","stop_id":"50100000","stop_lat":34.158254,"stop_lon":-118.328474,"stop_sequence":6,"segment_first_lat":34.1581349706,"segment_first_lon":-118.3284171393,"segment_second_lat":34.1579028201,"segment_second_lon":-118.3291077331,"segment_sequence":60001,"segment_id":3,"segment_len_meter":68.58676734495823,"segment_cum_len":19704.54046249946,"stop_segment_distance":15.824311861657947}
{"route_id":"53","stop_id":"10052","stop_lat":33.930847,"stop_lon":-118.258785,"stop_sequence":22,"segment_first_lat":33.9309980528,"segment_first_lon":-118.2589037627,"segment_second_lat":33.930969815,"segment_second_lon":-118.2587454425,"segment_sequence":210007,"segment_id":11,"segment_len_meter":14.940232144649826,"segment_cum_len":9507.330518366176,"stop_segment_distance":19.249644836512587}
{"route_id":"62","stop_id":"4389","stop_lat":33.858224,"stop_lon":-118.082225,"stop_sequence":72,"segment_first_lat":33.858224472,"segment_first_lon":-118.0820736793,"segment_second_lat":33.853506504,"segment_second_lon":-118.0820176839,"segment_sequence":720001,"segment_id":36,"segment_len_meter":524.6395864330333,"segment_cum_len":36592.3990225335,"stop_segment_distance":14.244044757933466}
{"route_id":"71","stop_id":"5370","stop_lat":34.04065,"stop_lon":-118.260936,"stop_sequence":6,"segment_first_lat":34.0399638022,"segment_first_lon":-118.2617231198,"segment_second_lat":34.0407094275,"segment_second_lon":-118.2610289741,"segment_sequence":50005,"segment_id":3,"segment_len_meter":104.7130069887796,"segment_cum_len":1259.6020082756481,"stop_segment_distance":11.377111555534086}
{"route_id":"733","stop_id":"15307","stop_lat":34.028471,"stop_lon":-118.390309,"stop_sequence":24,"segment_first_lat":34.0287484483,"segment_first_lon":-118.3895512753,"segment_second_lat":34.0283667817,"segment_second_lon":-118.3902277248,"segment_sequence":230004,"segment_id":12,"segment_len_meter":75.41252944401263,"segment_cum_len":18419.270891274366,"stop_segment_distance":14.724477647862173}
{"route_id":"734","stop_id":"14539","stop_lat":34.221134,"stop_lon":-118.467849,"stop_sequence":9,"segment_first_lat":34.221142484,"segment_first_lon":-118.4677024704,"segment_second_lat":34.220826605,"segment_second_lon":-118.4676689443,"segment_sequence":90001,"segment_id":5,"segment_len_meter":35.259145981707576,"segment_cum_len":10291.500603574837,"stop_segment_distance":16.22525894463812}
{"route_id":"744","stop_id":"142062","stop_lat":34.151306,"stop_lon":-118.448549,"stop_sequence":2,"segment_first_lat":34.1513077296,"segment_first_lon":-118.4486760488,"segment_second_lat":34.1519153192,"segment_second_lon":-118.4486680732,"segment_sequence":20001,"segment_id":1,"segment_len_meter":67.56486713964809,"segment_cum_len":4268.274230876655,"stop_segment_distance":12.761258168331835}
{"route_id":"83","stop_id":"1604","stop_lat":34.040394,"stop_lon":-118.257054,"stop_sequence":52,"segment_first_lat":34.0404664524,"segment_first_lon":-118.2567008238,"segment_second_lat":34.0402963575,"segment_second_lon":-118.2569600771,"segment_sequence":510006,"segment_id":26,"segment_len_meter":30.468943582682993,"segment_cum_len":15705.102301762776,"stop_segment_distance":16.939826431531454}
{"route_id":"90","stop_id":"2098","stop_lat":34.098503,"stop_lon":-118.234167,"stop_sequence":79,"segment_first_lat":34.0991566048,"segment_first_lon":-118.2345252839,"segment_second_lat":34.0985777507,"segment_second_lon":-118.2340367798,"segment_sequence":780003,"segment_id":39,"segment_len_meter":78.52483786889351,"segment_cum_len":25376.226917449003,"stop_segment_distance":15.87927309777335}
