{"route_id":"102","stop_id":"6350","stop_lat":34.004572,"stop_lon":-118.347526,"stop_sequence":28,"segment_first_lat":34.0049441715,"segment_first_lon":-118.3489464294,"segment_second_lat":34.0046961001,"segment_second_lon":-118.3474966149,"segment_sequence":270008,"segment_id":14,"segment_len_meter":136.46027543195942,"segment_cum_len":9857.049090520537,"stop_segment_distance":14.921252512782843}
{"route_id":"105","stop_id":"6067","stop_lat":34.012821,"stop_lon":-118.344475,"stop_sequence":34,"segment_first_lat":34.012646472,"segment_first_lon":-118.3441543114,"segment_second_lat":34.0127246148,"segment_second_lon":-118.344503416,"segment_sequence":330008,"segment_id":17,"segment_len_meter":33.32986884585785,"segment_cum_len":11711.025959165225,"stop_segment_distance":13.062685400954997}
{"route_id":"110","stop_id":"9356","stop_lat":33.978147,"stop_lon":-118.247838,"stop_sequence":49,"segment_first_lat":33.9784220663,"segment_first_lon":-118.2476841455,"segment_second_lat":33.9781472822,"segment_second_lon":-118.2476833328,"segment_sequence":480004,"segment_id":24,"segment_len_meter":30.554689737978777,"segment_cum_len":17950.259753004797,"stop_segment_distance":17.42289597273041}
{"route_id":"111","stop_id":"103","stop_lat":33.952611,"stop_lon":-118.372737,"stop_sequence":6,"segment_first_lat":33.9526666007,"segment_first_lon":-118.3735315733,"segment_second_lat":33.9526756538,"segment_second_lon":-118.3727369438,"segment_sequence":50003,"segment_id":3,"segment_len_meter":73.30044158236576,"segment_cum_len":2584.6296554128808,"stop_segment_distance":7.437420237251317}
{"route_id":"111","stop_id":"7504","stop_lat":33.952602,"stop_lon":-118.359573,"stop_sequence":10,"segment_first_lat":33.9527017214,"segment_first_lon":-118.3601773175,"segment_second_lat":33.9527013235,"segment_second_lon":-118.3595738943,"segment_sequence":90002,"segment_id":5,"segment_len_meter":55.65740248496892,"segment_cum_len":3798.789575724026,"stop_segment_distance":12.219314092856571}
{"route_id":"115","stop_id":"1558","stop_lat":33.961632,"stop_lon":-118.354784,"stop_sequence":19,"segment_first_lat":33.961762014,"segment_first_lon":-118.3547848996,"segment_second_lat":33.9617734171,"segment_second_lon":-118.3533339417,"segment_sequence":190001,"segment_id":10,"segment_len_meter":133.82240237232557,"segment_cum_len":4134.459018162674,"stop_segment_distance":15.289582734215486}
{"route_id":"125","stop_id":"17288","stop_lat":33.901763,"stop_lon":-118.388246,"stop_sequence":5,"segment_first_lat":33.9018886303,"segment_first_lon":-118.3882465678,"segment_second_lat":33.9018920657,"segment_second_lon":-118.3864934365,"segment_sequence":50001,"segment_id":3,"segment_len_meter":161.79888273915003,"segment_cum_len":2658.282901429301,"stop_segment_distance":14.55225690340555}
{"route_id":"163","stop_id":"6220","stop_lat":34.2009,"stop_lon":-118.601737,"stop_sequence":9,"segment_first_lat":34.2010233485,"segment_first_lon":-118.6028628317,"segment_second_lat":34.2010264737,"segment_second_lon":-118.601738397,"segment_sequence":80004,"segment_id":4,"segment_len_meter":103.41039695547937,"segment_cum_len":2755.4583592210433,"stop_segment_distance":15.096301278805242}
{"route_id":"165","stop_id":"3043","stop_lat":34.188003,"stop_lon":-118.642562,"stop_sequence":1,"segment_first_lat":34.1880087069,"segment_first_lon":-118.6427179986,"segment_second_lat":34.1898406384,"segment_second_lon":-118.6426355363,"segment_sequence":10001,"segment_id":1,"segment_len_meter":203.84265014272663,"segment_cum_len":203.84265014272663,"stop_segment_distance":14.968147061037286}
{"route_id":"169","stop_id":"6103","stop_lat":34.208264,"stop_lon":-118.541352,"stop_sequence":67,"segment_first_lat":34.2083909314,"segment_first_lon":-118.541353275,"segment_second_lat":34.2083967587,"segment_second_lon":-118.5404801307,"segment_sequence":670001,"segment_id":34,"segment_len_meter":80.29522366024102,"segment_cum_len":27306.27918488976,"stop_segment_distance":15.342503570615833}
{"route_id":"175","stop_id":"3995","stop_lat":34.091388,"stop_lon":-118.309012,"stop_sequence":2,"segment_first_lat":34.0907862673,"segment_first_lon":-118.3091620685,"segment_second_lat":34.0913907846,"segment_second_lon":-118.3091682668,"segment_sequence":10004,"segment_id":1,"segment_len_meter":67.22168008381011,"segment_cum_len":292.9591258939461,"stop_segment_distance":15.493346463801103}
{"route_id":"18","stop_id":"5775","stop_lat":34.062058,"stop_lon":-118.308924,"stop_sequence":2,"segment_first_lat":34.0620574399,"segment_first_lon":-118.3090757077,"segment_second_lat":34.0622635285,"segment_second_lon":-118.3090764691,"segment_sequence":20001,"segment_id":1,"segment_len_meter":22.916114092875638,"segment_cum_len":384.20885683532214,"stop_segment_distance":17.883477103575963}
{"route_id":"183","stop_id":"30001","stop_lat":34.168829,"stop_lon":-118.375295,"stop_sequence":26,"segment_first_lat":34.1690126532,"segment_first_lon":-118.3744062487,"segment_second_lat":34.1690080792,"segment_second_lon":-118.3758806701,"segment_sequence":250012,"segment_id":13,"segment_len_meter":135.64913069015196,"segment_cum_len":10462.781940765823,"stop_segment_distance":6.072500675181317}
{"route_id":"205","stop_id":"709","stop_lat":33.789291,"stop_lon":-118.307453,"stop_sequence":50,"segment_first_lat":33.7894829771,"segment_first_lon":-118.3076013079,"segment_second_lat":33.7894831753,"segment_second_lon":-118.3064461793,"segment_sequence":500002,"segment_id":25,"segment_len_meter":106.74845079928387,"segment_cum_len":13692.846964678543,"stop_segment_distance":14.084830066241892}
{"route_id":"211","stop_id":"141065","stop_lat":33.916691,"stop_lon":-118.36112,"stop_sequence":10,"segment_first_lat":33.9166905316,"segment_first_lon":-118.361271383,"segment_second_lat":33.9193256975,"segment_second_lon":-118.3612797773,"segment_sequence":100001,"segment_id":5,"segment_len_meter":293.0181027131881,"segment_cum_len":3666.6988531860998,"stop_segment_distance":14.286605152633797}
{"route_id":"224","stop_id":"5859","stop_lat":34.266378,"stop_lon":-118.42219,"stop_sequence":40,"segment_first_lat":34.2662960487,"segment_first_lon":-118.4223043009,"segment_second_lat":34.2669741919,"segment_second_lon":-118.4230233137,"segment_sequence":400001,"segment_id":20,"segment_len_meter":100.25843102803948,"segment_cum_len":16303.459865629742,"stop_segment_distance":14.933106241407856}
{"route_id":"232","stop_id":"23200074","stop_lat":33.781084,"stop_lon":-118.244881,"stop_sequence":20,"segment_first_lat":33.7809945826,"segment_first_lon":-118.2442485894,"segment_second_lat":33.7809556791,"segment_second_lon":-118.2448681012,"segment_sequence":190003,"segment_id":10,"segment_len_meter":57.41957340433632,"segment_cum_len":7454.56149296781,"stop_segment_distance":16.186908592650056}
{"route_id":"233","stop_id":"10612","stop_lat":34.280572,"stop_lon":-118.401724,"stop_sequence":51,"segment_first_lat":34.280653024,"segment_first_lon":-118.4016104667,"segment_second_lat":34.2803315417,"segment_second_lon":-118.401272589,"segment_sequence":510001,"segment_id":26,"segment_len_meter":47.34542808588576,"segment_cum_len":16617.398071231157,"stop_segment_distance":15.784846649079455}
{"route_id":"236","stop_id":"321","stop_lat":34.221484,"stop_lon":-118.502513,"stop_sequence":16,"segment_first_lat":34.2212111173,"segment_first_lon":-118.5026698014,"segment_second_lat":34.2214858886,"segment_second_lon":-118.5026744328,"segment_sequence":150021,"segment_id":8,"segment_len_meter":30.556141856007343,"segment_cum_len":6829.381620816313,"stop_segment_distance":17.88206167263668}
{"route_id":"260","stop_id":"8755","stop_lat":33.878344,"stop_lon":-118.186151,"stop_sequence":95,"segment_first_lat":33.8790638319,"segment_first_lon":-118.1859684128,"segment_second_lat":33.8783383559,"segment_second_lon":-118.1860000775,"segment_sequence":940046,"segment_id":47,"segment_len_meter":80.7221957435966,"segment_cum_len":38143.59519572696,"stop_segment_distance":15.021790283913276}
{"route_id":"266","stop_id":"17840","stop_lat":33.943019,"stop_lon":-118.11936,"stop_sequence":30,"segment_first_lat":33.9428070358,"segment_first_lon":-118.1196395355,"segment_second_lat":33.9430709735,"segment_second_lon":-118.1194935262,"segment_sequence":290010,"segment_id":15,"segment_len_meter":32.29159071258132,"segment_cum_len":13182.842589724329,"stop_segment_distance":16.248971965309998}
{"route_id":"30","stop_id":"1166","stop_lat":34.051917,"stop_lon":-118.243244,"stop_sequence":33,"segment_first_lat":34.0520422152,"segment_first_lon":-118.2431129102,"segment_second_lat":34.0515040254,"segment_second_lon":-118.2423708721,"segment_sequence":330001,"segment_id":17,"segment_len_meter":90.85585575621741,"segment_cum_len":10363.413879508935,"stop_segment_distance":20.20005972876197}
{"route_id":"40","stop_id":"9446","stop_lat":33.983059,"stop_lon":-118.331,"stop_sequence":48,"segment_first_lat":33.985411151,"segment_first_lon":-118.3308278957,"segment_second_lat":33.9830589276,"segment_second_lon":-118.3308466402,"segment_sequence":470002,"segment_id":24,"segment_len_meter":261.5610183210912,"segment_cum_len":17654.581728494657,"stop_segment_distance":14.607431008612139}
{"route_id":"53","stop_id":"7333","stop_lat":34.047395,"stop_lon":-118.24942,"stop_sequence":76,"segment_first_lat":34.0470854331,"segment_first_lon":-118.249131916,"segment_second_lat":34.0473185351,"segment_second_lon":-118.2494911098,"segment_sequence":750004,"segment_id":38,"segment_len_meter":42.03608832703743,"segment_cum_len":24067.43437194277,"stop_segment_distance":12.164776805652728}
{"route_id":"55","stop_id":"796","stop_lat":33.934578,"stop_lon":-118.246153,"stop_sequence":9,"segment_first_lat":33.9331650794,"segment_first_lon":-118.2462745707,"segment_second_lat":33.9345774759,"segment_second_lon":-118.246273118,"segment_sequence":80005,"segment_id":4,"segment_len_meter":157.05138239456343,"segment_cum_len":2522.8456857361084,"stop_segment_distance":11.539766642639279}
{"route_id":"577","stop_id":"30016","stop_lat":33.913142,"stop_lon":-118.104021,"stop_sequence":4,"segment_first_lat":33.9131421461,"segment_first_lon":-118.1039760382,"segment_second_lat":33.9124634181,"segment_second_lon":-118.1039906863,"segment_sequence":40001,"segment_id":2,"segment_len_meter":75.48321407796206,"segment_cum_len":22785.84338563128,"stop_segment_distance":4.172543632858705}
{"route_id":"603","stop_id":"17142","stop_lat":34.033407,"stop_lon":-118.280179,"stop_sequence":60,"segment_first_lat":34.0335909345,"segment_first_lon":-118.2803348672,"segment_second_lat":34.0334952509,"segment_second_lon":-118.2801229807,"segment_sequence":590006,"segment_id":30,"segment_len_meter":22.235668173829193,"segment_cum_len":18314.95179538766,"stop_segment_distance":13.844334387183192}
{"route_id":"66","stop_id":"1601","stop_lat":34.018765,"stop_lon":-118.183471,"stop_sequence":47,"segment_first_lat":34.0188918229,"segment_first_lon":-118.1834708126,"segment_second_lat":34.0188932836,"segment_second_lon":-118.1825072225,"segment_sequence":470001,"segment_id":24,"segment_len_meter":88.80872106981789,"segment_cum_len":14407.212754402695,"stop_segment_distance":15.257333800944693}
{"route_id":"71","stop_id":"6952","stop_lat":34.035059,"stop_lon":-118.265404,"stop_sequence":3,"segment_first_lat":34.0344752432,"segment_first_lon":-118.2659835283,"segment_second_lat":34.0350990237,"segment_second_lon":-118.2654775452,"segment_sequence":20004,"segment_id":1,"segment_len_meter":83.5754402711916,"segment_cum_len":508.3674996739576,"stop_segment_distance":8.586702744802864}
{"route_id":"76","stop_id":"16401","stop_lat":34.075677,"stop_lon":-118.159836,"stop_sequence":36,"segment_first_lat":34.0755678021,"segment_first_lon":-118.1597482056,"segment_second_lat":34.0754625607,"segment_second_lon":-118.1599543926,"segment_sequence":360001,"segment_id":18,"segment_len_meter":22.306476163800284,"segment_cum_len":12196.09264658877,"stop_segment_distance":18.501428742285476}
{"route_id":"770","stop_id":"397","stop_lat":34.040431,"stop_lon":-118.173266,"stop_sequence":15,"segment_first_lat":34.040561149,"segment_first_lon":-118.1732659428,"segment_second_lat":34.0405709974,"segment_second_lon":-118.1713712861,"segment_sequence":150001,"segment_id":8,"segment_len_meter":174.5784770506849,"segment_cum_len":11143.458798602627,"stop_segment_distance":15.166544746437523}
{"route_id":"78","stop_id":"2854","stop_lat":34.107532,"stop_lon":-118.042363,"stop_sequence":78,"segment_first_lat":34.1076588505,"segment_first_lon":-118.0423662959,"segment_second_lat":34.1076757691,"segment_second_lon":-118.0411172603,"segment_sequence":780001,"segment_id":39,"segment_len_meter":115.01130319893556,"segment_cum_len":24937.55490700803,"stop_segment_distance":14.8984189028927}
{"route_id":"83","stop_id":"16870","stop_lat":34.12313,"stop_lon":-118.216182,"stop_sequence":4,"segment_first_lat":34.1234500578,"segment_first_lon":-118.2171477527,"segment_second_lat":34.1232553826,"segment_second_lon":-118.2161447834,"segment_sequence":30003,"segment_id":2,"segment_len_meter":94.82780354903545,"segment_cum_len":593.7313111540221,"stop_segment_distance":15.286160370877198}
{"route_id":"90","stop_id":"12064","stop_lat":34.161376,"stop_lon":-118.236452,"stop_sequence":55,"segment_first_lat":34.1612739799,"segment_first_lon":-118.2363613595,"segment_second_lat":34.1600447609,"segment_second_lon":-118.2383686517,"segment_sequence":550001,"segment_id":28,"segment_len_meter":229.76729671453626,"segment_cum_len":17614.97794293972,"stop_segment_distance":14.555250260223318}
{"route_id":"90","stop_id":"12351","stop_lat":34.11495,"stop_lon":-118.24612,"stop_sequence":73,"segment_first_lat":34.1156198192,"segment_first_lon":-118.2465972951,"segment_second_lat":34.1150318828,"segment_second_lon":-118.2460045154,"segment_sequence":720007,"segment_id":36,"segment_len_meter":85.15839162813873,"segment_cum_len":23205.865677952967,"stop_segment_distance":15.314649094916163}
{"route_id":"901","stop_id":"15583","stop_lat":34.179164,"stop_lon":-118.429605,"stop_sequence":4,"segment_first_lat":34.1791234243,"segment_first_lon":-118.4296533435,"segment_second_lat":34.1792840508,"segment_second_lon":-118.4298432921,"segment_sequence":40001,"segment_id":2,"segment_len_meter":24.986550551430444,"segment_cum_len":5443.03899594867,"stop_segment_distance":7.01373985744647}
