{"route_id":"102","stop_id":"6343","stop_lat":34.001264,"stop_lon":-118.354949,"stop_sequence":26,"segment_first_lat":34.0013582756,"segment_first_lon":-118.3550450865,"segment_second_lat":34.0015887094,"segment_second_lon":-118.3547095342,"segment_sequence":260001,"segment_id":13,"segment_len_meter":40.166495618135585,"segment_cum_len":9033.995273323888,"stop_segment_distance":15.877039183620923}
{"route_id":"106","stop_id":"125459","stop_lat":34.056295,"stop_lon":-118.211028,"stop_sequence":31,"segment_first_lat":34.0563278084,"segment_first_lon":-118.2111035468,"segment_second_lat":34.0564485777,"segment_second_lon":-118.2110246165,"segment_sequence":310001,"segment_id":16,"segment_len_meter":15.271169287856143,"segment_cum_len":11009.743407506592,"stop_segment_distance":9.666565804948895}
{"route_id":"120","stop_id":"16644","stop_lat":33.944353,"stop_lon":-117.995812,"stop_sequence":2,"segment_first_lat":33.9444737998,"segment_first_lon":-117.9960589382,"segment_second_lat":33.9444006982,"segment_second_lon":-117.9957925411,"segment_sequence":10005,"segment_id":1,"segment_len_meter":25.88329540339849,"segment_cum_len":264.09599935199304,"stop_segment_distance":6.160338018895185}
{"route_id":"14","stop_id":"427","stop_lat":34.071491,"stop_lon":-118.281053,"stop_sequence":49,"segment_first_lat":34.0709295759,"segment_first_lon":-118.2800901754,"segment_second_lat":34.0713770082,"segment_second_lon":-118.2811209241,"segment_sequence":480004,"segment_id":24,"segment_len_meter":107.18592349267072,"segment_cum_len":17895.740645442245,"stop_segment_distance":15.401693808925629}
{"route_id":"14","stop_id":"7473","stop_lat":34.031489,"stop_lon":-118.283741,"stop_sequence":27,"segment_first_lat":34.0315782688,"segment_first_lon":-118.2836830678,"segment_second_lat":34.0314323205,"segment_second_lon":-118.2833475744,"segment_sequence":270001,"segment_id":14,"segment_len_meter":34.916534225949924,"segment_cum_len":9072.871561285256,"stop_segment_distance":13.152352022490405}
{"route_id":"164","stop_id":"7167","stop_lat":34.188486,"stop_lon":-118.593146,"stop_sequence":71,"segment_first_lat":34.1883606102,"segment_first_lon":-118.5931455635,"segment_second_lat":34.188355975,"segment_second_lon":-118.5955429056,"segment_sequence":710001,"segment_id":36,"segment_len_meter":220.50779592557723,"segment_cum_len":28431.66991839906,"stop_segment_distance":14.375421917347694}
{"route_id":"167","stop_id":"18195","stop_lat":34.242682,"stop_lon":-118.471547,"stop_sequence":40,"segment_first_lat":34.2428090494,"segment_first_lon":-118.471547656,"segment_second_lat":34.2428045077,"segment_second_lon":-118.4697476108,"segment_sequence":400001,"segment_id":20,"segment_len_meter":165.46172209750517,"segment_cum_len":17459.01638541944,"stop_segment_distance":14.626440191096691}
{"route_id":"2","stop_id":"8031","stop_lat":34.097929,"stop_lon":-118.31814,"stop_sequence":48,"segment_first_lat":34.0980534784,"segment_first_lon":-118.3190322094,"segment_second_lat":34.0980558299,"segment_second_lon":-118.3181403781,"segment_sequence":470007,"segment_id":24,"segment_len_meter":82.11865914712666,"segment_cum_len":14934.897335840886,"stop_segment_distance":15.29519945147156}
{"route_id":"206","stop_id":"11188","stop_lat":34.057879,"stop_lon":-118.301001,"stop_sequence":21,"segment_first_lat":34.0597478992,"segment_first_lon":-118.3008957196,"segment_second_lat":34.0578793766,"segment_second_lon":-118.3008830564,"segment_sequence":200008,"segment_id":10,"segment_len_meter":207.773508253538,"segment_cum_len":6407.502681683043,"stop_segment_distance":11.130062327573398}
{"route_id":"207","stop_id":"3987","stop_lat":34.09476,"stop_lon":-118.309064,"stop_sequence":58,"segment_first_lat":34.0943913648,"segment_first_lon":-118.3092084264,"segment_second_lat":34.0947568106,"segment_second_lon":-118.3092170443,"segment_sequence":570005,"segment_id":29,"segment_len_meter":40.643466629895016,"segment_cum_len":20480.76899905828,"stop_segment_distance":16.547387747528518}
{"route_id":"207","stop_id":"5713","stop_lat":34.04409,"stop_lon":-118.308861,"stop_sequence":38,"segment_first_lat":34.0435726604,"segment_first_lon":-118.3090107299,"segment_second_lat":34.0440919992,"segment_second_lon":-118.3090142984,"segment_sequence":370005,"segment_id":19,"segment_len_meter":57.74877576089087,"segment_cum_len":14846.886811735045,"stop_segment_distance":15.534057598052648}
{"route_id":"222","stop_id":"142313","stop_lat":34.101503,"stop_lon":-118.326907,"stop_sequence":8,"segment_first_lat":34.1016205137,"segment_first_lon":-118.3281594954,"segment_second_lat":34.1016285786,"segment_second_lon":-118.3269075937,"segment_sequence":70002,"segment_id":4,"segment_len_meter":115.27151183536363,"segment_cum_len":1596.4650595745761,"stop_segment_distance":14.753000996124385}
{"route_id":"222","stop_id":"2487","stop_lat":34.10145,"stop_lon":-118.336291,"stop_sequence":3,"segment_first_lat":34.1015714902,"segment_first_lon":-118.3369855936,"segment_second_lat":34.101575621,"segment_second_lon":-118.3362919271,"segment_sequence":20003,"segment_id":1,"segment_len_meter":63.87057566907164,"segment_cum_len":732.3869766292414,"stop_segment_distance":15.463632286052373}
{"route_id":"222","stop_id":"6368","stop_lat":34.260179,"stop_lon":-118.338933,"stop_sequence":60,"segment_first_lat":34.2603055135,"segment_first_lon":-118.3390661748,"segment_second_lat":34.2603219956,"segment_second_lon":-118.3389699343,"segment_sequence":590017,"segment_id":30,"segment_len_meter":9.032516036299542,"segment_cum_len":24485.20489043903,"stop_segment_distance":25.87260405547402}
{"route_id":"230","stop_id":"14191","stop_lat":34.280566,"stop_lon":-118.448135,"stop_sequence":8,"segment_first_lat":34.2808481934,"segment_first_lon":-118.4475175113,"segment_second_lat":34.2804695388,"segment_second_lon":-118.4480361984,"segment_sequence":70002,"segment_id":4,"segment_len_meter":63.5918872642843,"segment_cum_len":2153.365979458032,"stop_segment_distance":15.293457213982187}
{"route_id":"258","stop_id":"142422","stop_lat":33.914357,"stop_lon":-118.16906,"stop_sequence":79,"segment_first_lat":33.914357398,"segment_first_lon":-118.1689076007,"segment_second_lat":33.9136182353,"segment_second_lon":-118.1689034742,"segment_sequence":790001,"segment_id":40,"segment_len_meter":82.19202427445526,"segment_cum_len":30851.292451564903,"stop_segment_distance":15.278144417619117}
{"route_id":"258","stop_id":"17019","stop_lat":33.929664,"stop_lon":-118.168389,"stop_sequence":76,"segment_first_lat":33.929623402,"segment_first_lon":-118.1682441408,"segment_second_lat":33.928179141,"segment_second_lon":-118.1688306377,"segment_sequence":760001,"segment_id":38,"segment_len_meter":169.46570260191325,"segment_cum_len":29225.469303174737,"stop_segment_distance":14.703238779455262}
{"route_id":"258","stop_id":"4327","stop_lat":34.113851,"stop_lon":-118.167646,"stop_sequence":7,"segment_first_lat":34.1126015809,"segment_first_lon":-118.1688958131,"segment_second_lat":34.1139254269,"segment_second_lon":-118.1677682824,"segment_sequence":60002,"segment_id":3,"segment_len_meter":180.12282124215386,"segment_cum_len":1699.5651965226264,"stop_segment_distance":14.237982357746091}
{"route_id":"28","stop_id":"12612","stop_lat":34.059853,"stop_lon":-118.405848,"stop_sequence":94,"segment_first_lat":34.0597254971,"segment_first_lon":-118.4058469849,"segment_second_lat":34.0597291153,"segment_second_lon":-118.4067318337,"segment_sequence":940001,"segment_id":47,"segment_len_meter":81.51317921773438,"segment_cum_len":31751.876109104836,"stop_segment_distance":15.240533682577322}
{"route_id":"4","stop_id":"14408","stop_lat":34.07743,"stop_lon":-118.395534,"stop_sequence":67,"segment_first_lat":34.0779606176,"segment_first_lon":-118.3945193189,"segment_second_lat":34.0773299946,"segment_second_lon":-118.3954386775,"segment_sequence":660008,"segment_id":33,"segment_len_meter":109.93942170172961,"segment_cum_len":20665.72116142199,"stop_segment_distance":14.748275660076885}
{"route_id":"460","stop_id":"4595","stop_lat":33.902303,"stop_lon":-118.051064,"stop_sequence":35,"segment_first_lat":33.9024264187,"segment_first_lon":-118.0515947617,"segment_second_lat":33.9024288429,"segment_second_lon":-118.051064206,"segment_sequence":350003,"segment_id":18,"segment_len_meter":48.966007305495886,"segment_cum_len":40113.39960067602,"stop_segment_distance":15.897504750706624}
{"route_id":"487","stop_id":"10185","stop_lat":34.161858,"stop_lon":-118.041203,"stop_sequence":63,"segment_first_lat":34.161956914,"segment_first_lon":-118.0418579857,"segment_second_lat":34.1619662057,"segment_second_lon":-118.0412067828,"segment_sequence":620003,"segment_id":31,"segment_len_meter":59.92519904869999,"segment_cum_len":33753.26471013067,"stop_segment_distance":13.371596647469566}
{"route_id":"487","stop_id":"13909","stop_lat":34.128793,"stop_lon":-118.031363,"stop_sequence":77,"segment_first_lat":34.1292330043,"segment_first_lon":-118.0312218201,"segment_second_lat":34.1285735177,"segment_second_lon":-118.0312146347,"segment_sequence":770001,"segment_id":39,"segment_len_meter":73.33454653287026,"segment_cum_len":38331.78573269676,"stop_segment_distance":5.254297845622531}
{"route_id":"487","stop_id":"5457","stop_lat":34.131941,"stop_lon":-118.093158,"stop_sequence":31,"segment_first_lat":34.1310890775,"segment_first_lon":-118.0929583173,"segment_second_lat":34.131882954,"segment_second_lon":-118.093292948,"segment_sequence":300005,"segment_id":15,"segment_len_meter":93.4939785484393,"segment_cum_len":22699.040992397495,"stop_segment_distance":16.99965541926821}
{"route_id":"55","stop_id":"798","stop_lat":33.926208,"stop_lon":-118.246139,"stop_sequence":6,"segment_first_lat":33.9262075668,"segment_first_lon":-118.2462577476,"segment_second_lat":33.9268313381,"segment_second_lon":-118.2462526584,"segment_sequence":60001,"segment_id":3,"segment_len_meter":69.36179330683048,"segment_cum_len":1661.443858186475,"stop_segment_distance":11.695371408922412}
{"route_id":"603","stop_id":"7369","stop_lat":34.059554,"stop_lon":-118.275136,"stop_sequence":44,"segment_first_lat":34.0600874624,"segment_first_lon":-118.2760787384,"segment_second_lat":34.0596410135,"segment_second_lon":-118.2750801845,"segment_sequence":430002,"segment_id":22,"segment_len_meter":104.52720445778608,"segment_cum_len":13989.221524270417,"stop_segment_distance":11.599450489849858}
{"route_id":"611","stop_id":"11451","stop_lat":34.000136,"stop_lon":-118.208336,"stop_sequence":51,"segment_first_lat":34.0002358114,"segment_first_lon":-118.2083392067,"segment_second_lat":34.0002820456,"segment_second_lon":-118.2049279026,"segment_sequence":510001,"segment_id":26,"segment_len_meter":314.5113526344962,"segment_cum_len":15998.283844466356,"stop_segment_distance":11.184441197350111}
{"route_id":"611","stop_id":"9942","stop_lat":33.974871,"stop_lon":-118.242611,"stop_sequence":26,"segment_first_lat":33.9747428285,"segment_first_lon":-118.2426104629,"segment_second_lat":33.9747464309,"segment_second_lon":-118.2431414902,"segment_sequence":260001,"segment_id":13,"segment_len_meter":48.96881863219685,"segment_cum_len":8078.664230081137,"stop_segment_distance":16.124176027442807}
{"route_id":"70","stop_id":"1464","stop_lat":34.062599,"stop_lon":-118.05585,"stop_sequence":67,"segment_first_lat":34.0627248473,"segment_first_lon":-118.0578347903,"segment_second_lat":34.0627257812,"segment_second_lon":-118.0558504686,"segment_sequence":660004,"segment_id":33,"segment_len_meter":182.78908729818272,"segment_cum_len":22868.69970121391,"stop_segment_distance":14.67550222021788}
{"route_id":"757","stop_id":"14143","stop_lat":33.974159,"stop_lon":-118.309117,"stop_sequence":19,"segment_first_lat":33.9745738343,"segment_first_lon":-118.3089672137,"segment_second_lat":33.974161659,"segment_second_lon":-118.308965693,"segment_sequence":180022,"segment_id":9,"segment_len_meter":45.83201676895631,"segment_cum_len":15825.309301461073,"stop_segment_distance":16.274568886722534}
{"route_id":"76","stop_id":"13560","stop_lat":34.052881,"stop_lon":-118.251572,"stop_sequence":64,"segment_first_lat":34.0528055328,"segment_first_lon":-118.2514526094,"segment_second_lat":34.0517747108,"segment_second_lon":-118.2524207476,"segment_sequence":640001,"segment_id":32,"segment_len_meter":145.23624685652308,"segment_cum_len":23657.216425629307,"stop_segment_distance":14.360562606637274}
{"route_id":"81","stop_id":"9325","stop_lat":34.139133,"stop_lon":-118.208626,"stop_sequence":7,"segment_first_lat":34.1392650365,"segment_first_lon":-118.2088047377,"segment_second_lat":34.1392700046,"segment_second_lon":-118.2086329041,"segment_sequence":60005,"segment_id":3,"segment_len_meter":15.82406960831535,"segment_cum_len":1811.8823365175658,"stop_segment_distance":21.472254354585957}
{"route_id":"83","stop_id":"11779","stop_lat":34.107096,"stop_lon":-118.203934,"stop_sequence":21,"segment_first_lat":34.1071015495,"segment_first_lon":-118.2037560115,"segment_second_lat":34.1070241742,"segment_second_lon":-118.2038509625,"segment_sequence":200007,"segment_id":10,"segment_len_meter":12.265672596732495,"segment_cum_len":5857.592071143239,"stop_segment_distance":15.189042356872294}
{"route_id":"854","stop_id":"9689","stop_lat":34.047659,"stop_lon":-118.224217,"stop_sequence":5,"segment_first_lat":34.0475000457,"segment_first_lon":-118.2240480242,"segment_second_lat":34.0475112503,"segment_second_lon":-118.2242292851,"segment_sequence":40031,"segment_id":2,"segment_len_meter":16.746553904884838,"segment_cum_len":4537.788434922909,"stop_segment_distance":23.275034304850724}
{"route_id":"DSE","stop_id":"10853","stop_lat":33.959639,"stop_lon":-118.281034,"stop_sequence":3,"segment_first_lat":33.959639,"segment_first_lon":-118.280915,"segment_second_lat":33.95702,"segment_second_lon":-118.28091,"segment_sequence":309,"segment_id":0,"segment_len_meter":291.21987800054507,"segment_cum_len":19611.862301453482,"stop_segment_distance":11.199308262083434}
{"route_id":"DSE","stop_id":"63500004","stop_lat":34.07152443,"stop_lon":-118.2412864,"stop_sequence":4,"segment_first_lat":34.07115634,"segment_first_lon":-118.2407139,"segment_second_lat":34.07124002,"segment_second_lon":-118.2409928,"segment_sequence":72,"segment_id":0,"segment_len_meter":27.322000437486828,"segment_cum_len":6179.608555121625,"stop_segment_distance":81.04074907399553}
