{"route_id":"102","stop_id":"30006","stop_lat":33.950005,"stop_lon":-118.392639,"stop_sequence":1,"segment_first_lat":33.9507951784,"segment_first_lon":-118.3924376032,"segment_second_lat":33.9494320666,"segment_second_lon":-118.3924058284,"segment_sequence":10003,"segment_id":1,"segment_len_meter":151.59945052657912,"segment_cum_len":274.78502957468163,"stop_segment_distance":5.446508132768372}
{"route_id":"108","stop_id":"7962","stop_lat":33.988967,"stop_lon":-118.32175,"stop_sequence":27,"segment_first_lat":33.9890882332,"segment_first_lon":-118.3225459068,"segment_second_lat":33.9890925538,"segment_second_lon":-118.3217509093,"segment_sequence":260002,"segment_id":13,"segment_len_meter":73.2976488693066,"segment_cum_len":9703.072406385456,"stop_segment_distance":15.27147893465839}
{"route_id":"120","stop_id":"6354","stop_lat":33.932136,"stop_lon":-118.099413,"stop_sequence":32,"segment_first_lat":33.9328041485,"segment_first_lon":-118.0992655571,"segment_second_lat":33.9321364262,"segment_second_lon":-118.0992621288,"segment_sequence":310013,"segment_id":16,"segment_len_meter":74.24800584548713,"segment_cum_len":13651.830362992916,"stop_segment_distance":15.200944301263718}
{"route_id":"125","stop_id":"17353","stop_lat":33.901769,"stop_lon":-118.285809,"stop_sequence":31,"segment_first_lat":33.9018945329,"segment_first_lon":-118.2861325395,"segment_second_lat":33.901895299,"segment_second_lon":-118.2858095951,"segment_sequence":300013,"segment_id":15,"segment_len_meter":29.805016942947226,"segment_cum_len":12653.740629608366,"stop_segment_distance":17.200287231298823}
{"route_id":"130","stop_id":"13000049","stop_lat":33.874809,"stop_lon":-118.164144,"stop_sequence":17,"segment_first_lat":33.8746978464,"segment_first_lon":-118.1603125955,"segment_second_lat":33.8746830714,"segment_second_lon":-118.1641438379,"segment_sequence":160001,"segment_id":8,"segment_len_meter":353.7061898280161,"segment_cum_len":7954.191453938373,"stop_segment_distance":14.229391189991134}
{"route_id":"130","stop_id":"13000078","stop_lat":33.864751,"stop_lon":-118.395344,"stop_sequence":75,"segment_first_lat":33.864674946,"segment_first_lon":-118.3950540959,"segment_second_lat":33.8646262905,"segment_second_lon":-118.3953111223,"segment_sequence":740012,"segment_id":37,"segment_len_meter":24.340500073745687,"segment_cum_len":35113.98941483349,"stop_segment_distance":17.926324453538527}
{"route_id":"130","stop_id":"13293","stop_lat":33.840175,"stop_lon":-118.388359,"stop_sequence":84,"segment_first_lat":33.8412193663,"segment_first_lon":-118.3883016265,"segment_second_lat":33.8401834642,"segment_second_lon":-118.3882066036,"segment_sequence":830015,"segment_id":42,"segment_len_meter":115.52089648450587,"segment_cum_len":38514.90586159379,"stop_segment_distance":14.83460399721173}
{"route_id":"14","stop_id":"140903","stop_lat":34.076278,"stop_lon":-118.353042,"stop_sequence":68,"segment_first_lat":34.076154155,"segment_first_lon":-118.3522023276,"segment_second_lat":34.0761517065,"segment_second_lon":-118.353041089,"segment_sequence":670003,"segment_id":34,"segment_len_meter":77.25212148605515,"segment_cum_len":24777.096657542563,"stop_segment_distance":15.343324547664324}
{"route_id":"14","stop_id":"140911","stop_lat":34.077298,"stop_lon":-118.383529,"stop_sequence":76,"segment_first_lat":34.0771554743,"segment_first_lon":-118.3834297173,"segment_second_lat":34.0771773062,"segment_second_lon":-118.3835638906,"segment_sequence":750018,"segment_id":38,"segment_len_meter":12.593678055367056,"segment_cum_len":27612.38570773144,"stop_segment_distance":19.50311818810347}
{"route_id":"152","stop_id":"19092","stop_lat":34.221344,"stop_lon":-118.502509,"stop_sequence":54,"segment_first_lat":34.2212183977,"segment_first_lon":-118.5025047756,"segment_second_lat":34.2212111173,"segment_second_lon":-118.5026698014,"segment_sequence":540001,"segment_id":27,"segment_len_meter":15.19471545021286,"segment_cum_len":21866.839933237497,"stop_segment_distance":19.67952276871526}
{"route_id":"163","stop_id":"6225","stop_lat":34.201079,"stop_lon":-118.465845,"stop_sequence":41,"segment_first_lat":34.2011932932,"segment_first_lon":-118.465845869,"segment_second_lat":34.2011958544,"segment_second_lon":-118.4619532973,"segment_sequence":410001,"segment_id":21,"segment_len_meter":357.98381987427024,"segment_cum_len":15648.064303791094,"stop_segment_distance":12.865073590955774}
{"route_id":"166","stop_id":"6458","stop_lat":34.235373,"stop_lon":-118.553241,"stop_sequence":22,"segment_first_lat":34.2354986338,"segment_first_lon":-118.5532384633,"segment_second_lat":34.2354893771,"segment_second_lon":-118.5518352318,"segment_sequence":220001,"segment_id":11,"segment_len_meter":129.00097191227906,"segment_cum_len":10265.35673863525,"stop_segment_distance":14.84726083042483}
{"route_id":"167","stop_id":"4032","stop_lat":34.235377,"stop_lon":-118.52702,"stop_sequence":23,"segment_first_lat":34.2355106185,"segment_first_lon":-118.5273485589,"segment_second_lat":34.2355027156,"segment_second_lon":-118.5270179819,"segment_sequence":220005,"segment_id":11,"segment_len_meter":30.40212207580883,"segment_cum_len":9390.69064431626,"stop_segment_distance":17.238528288549464}
{"route_id":"176","stop_id":"3852","stop_lat":34.059201,"stop_lon":-118.064445,"stop_sequence":19,"segment_first_lat":34.0596659411,"segment_first_lon":-118.0643268842,"segment_second_lat":34.059209539,"segment_second_lon":-118.0642935176,"segment_sequence":180011,"segment_id":9,"segment_len_meter":50.84259600425908,"segment_cum_len":6649.046633861633,"stop_segment_distance":15.976004132882835}
{"route_id":"18","stop_id":"8286","stop_lat":34.025574,"stop_lon":-118.19628,"stop_sequence":46,"segment_first_lat":34.0258808712,"segment_first_lon":-118.1966475425,"segment_second_lat":34.0256853888,"segment_second_lon":-118.1962081505,"segment_sequence":450004,"segment_id":23,"segment_len_meter":45.95825523244817,"segment_cum_len":12749.31462416594,"stop_segment_distance":16.165827563036146}
{"route_id":"2","stop_id":"6430","stop_lat":34.080565,"stop_lon":-118.435482,"stop_sequence":9,"segment_first_lat":34.080661455,"segment_first_lon":-118.4355658261,"segment_second_lat":34.0807576429,"segment_second_lon":-118.4354101214,"segment_sequence":90001,"segment_id":5,"segment_len_meter":17.88938694764356,"segment_cum_len":2717.1791924337695,"stop_segment_distance":17.74595679253803}
{"route_id":"207","stop_id":"862","stop_lat":33.925047,"stop_lon":-118.326344,"stop_sequence":1,"segment_first_lat":33.9250525245,"segment_first_lon":-118.3264890002,"segment_second_lat":33.9252586112,"segment_second_lon":-118.3264898032,"segment_sequence":10002,"segment_id":1,"segment_len_meter":22.915915258459012,"segment_cum_len":23.527001287243586,"stop_segment_distance":17.581006701150965}
{"route_id":"210","stop_id":"10909","stop_lat":33.868236,"stop_lon":-118.352742,"stop_sequence":86,"segment_first_lat":33.8687800841,"segment_first_lon":-118.3525830168,"segment_second_lat":33.86823324,"segment_second_lon":-118.3525912584,"segment_sequence":850007,"segment_id":43,"segment_len_meter":60.811050464967416,"segment_cum_len":31439.84672157961,"stop_segment_distance":15.364522684891263}
{"route_id":"212","stop_id":"12127","stop_lat":34.076392,"stop_lon":-118.344199,"stop_sequence":17,"segment_first_lat":34.0782852792,"segment_first_lon":-118.3440479306,"segment_second_lat":34.0763919954,"segment_second_lon":-118.3440460869,"segment_sequence":160002,"segment_id":8,"segment_len_meter":210.52362174042142,"segment_cum_len":4864.843579747117,"stop_segment_distance":14.542268478424006}
{"route_id":"212","stop_id":"13637","stop_lat":34.027408,"stop_lon":-118.353727,"stop_sequence":38,"segment_first_lat":34.0284161975,"segment_first_lon":-118.3528298178,"segment_second_lat":34.0273420037,"segment_second_lon":-118.3535982253,"segment_sequence":370003,"segment_id":19,"segment_len_meter":138.8576749413018,"segment_cum_len":10586.198220111251,"stop_segment_distance":14.392529149583567}
{"route_id":"217","stop_id":"11986","stop_lat":34.079908,"stop_lon":-118.36159,"stop_sequence":20,"segment_first_lat":34.079907958,"segment_first_lon":-118.3614381044,"segment_second_lat":34.0782180416,"segment_second_lon":-118.3614278296,"segment_sequence":200001,"segment_id":10,"segment_len_meter":187.9125128504283,"segment_cum_len":6132.906316421497,"stop_segment_distance":14.584184131691615}
{"route_id":"236","stop_id":"340","stop_lat":34.228772,"stop_lon":-118.502441,"stop_sequence":18,"segment_first_lat":34.228773672,"segment_first_lon":-118.5025929264,"segment_second_lat":34.2311479264,"segment_second_lon":-118.5025774438,"segment_sequence":180001,"segment_id":9,"segment_len_meter":264.008880908015,"segment_cum_len":7903.807181401145,"stop_segment_distance":14.448414707593429}
{"route_id":"239","stop_id":"699","stop_lat":34.265119,"stop_lon":-118.510864,"stop_sequence":36,"segment_first_lat":34.265120805,"segment_first_lon":-118.5109842607,"segment_second_lat":34.2660688944,"segment_second_lon":-118.5109695453,"segment_sequence":360001,"segment_id":18,"segment_len_meter":105.4314039184801,"segment_cum_len":14241.83646527501,"stop_segment_distance":11.689731670469612}
{"route_id":"251","stop_id":"142329","stop_lat":34.034001,"stop_lon":-118.216067,"stop_sequence":19,"segment_first_lat":34.0343722617,"segment_first_lon":-118.2156689861,"segment_second_lat":34.033943129,"segment_second_lon":-118.2159296156,"segment_sequence":180007,"segment_id":9,"segment_len_meter":53.42037064273402,"segment_cum_len":7273.342129240502,"stop_segment_distance":16.002012239318326}
{"route_id":"256","stop_id":"10099","stop_lat":34.05388,"stop_lon":-118.172561,"stop_sequence":21,"segment_first_lat":34.0535937543,"segment_first_lon":-118.1728571552,"segment_second_lat":34.053924814,"segment_second_lon":-118.1727056466,"segment_sequence":200011,"segment_id":10,"segment_len_meter":39.369520620298786,"segment_cum_len":5064.000968403443,"stop_segment_distance":16.779889047955166}
{"route_id":"260","stop_id":"13136","stop_lat":33.899594,"stop_lon":-118.193801,"stop_sequence":91,"segment_first_lat":33.9019079341,"segment_first_lon":-118.1938225385,"segment_second_lat":33.8996025035,"segment_second_lon":-118.1936491481,"segment_sequence":900003,"segment_id":45,"segment_len_meter":256.8511765133692,"segment_cum_len":35547.05917196621,"stop_segment_distance":14.50105206419613}
{"route_id":"265","stop_id":"2141","stop_lat":33.914696,"stop_lon":-118.15155,"stop_sequence":27,"segment_first_lat":33.9147809015,"segment_first_lon":-118.1514900794,"segment_second_lat":33.9144829971,"segment_second_lon":-118.1508636563,"segment_sequence":270001,"segment_id":14,"segment_len_meter":66.62336305133903,"segment_cum_len":10091.137875286651,"stop_segment_distance":11.935104262274137}
{"route_id":"266","stop_id":"17863","stop_lat":33.995784,"stop_lon":-118.0856,"stop_sequence":43,"segment_first_lat":33.9958490364,"segment_first_lon":-118.0857244073,"segment_second_lat":33.9959683512,"segment_second_lon":-118.0856427126,"segment_sequence":430001,"segment_id":22,"segment_len_meter":15.255823199828143,"segment_cum_len":19897.718763062985,"stop_segment_distance":19.17648285779901}
{"route_id":"267","stop_id":"1011","stop_lat":34.142413,"stop_lon":-118.073657,"stop_sequence":27,"segment_first_lat":34.1423221339,"segment_first_lon":-118.0733235011,"segment_second_lat":34.1423106667,"segment_second_lon":-118.0736539755,"segment_sequence":260010,"segment_id":13,"segment_len_meter":30.44029013924573,"segment_cum_len":10509.432976711425,"stop_segment_distance":13.25429088432325}
{"route_id":"28","stop_id":"1287","stop_lat":34.146017,"stop_lon":-118.232429,"stop_sequence":5,"segment_first_lat":34.1461666871,"segment_first_lon":-118.2333979989,"segment_second_lat":34.1461663544,"segment_second_lon":-118.2324296312,"segment_sequence":40003,"segment_id":2,"segment_len_meter":89.11486564242139,"segment_cum_len":1194.0442150083904,"stop_segment_distance":18.205783059108526}
{"route_id":"68","stop_id":"8892","stop_lat":34.038539,"stop_lon":-118.147288,"stop_sequence":11,"segment_first_lat":34.0382507485,"segment_first_lon":-118.1471721176,"segment_second_lat":34.0384485898,"segment_second_lon":-118.1474012072,"segment_sequence":100015,"segment_id":5,"segment_len_meter":30.48844116465358,"segment_cum_len":6402.523862669809,"stop_segment_distance":17.7825882460072}
{"route_id":"70","stop_id":"3164","stop_lat":34.054876,"stop_lon":-118.188502,"stop_sequence":27,"segment_first_lat":34.0549442843,"segment_first_lon":-118.1884993319,"segment_second_lat":34.0549133701,"segment_second_lon":-118.1871747413,"segment_sequence":270001,"segment_id":14,"segment_len_meter":122.07647386633643,"segment_cum_len":9746.073945216842,"stop_segment_distance":7.864874042864798}
{"route_id":"704","stop_id":"6019","stop_lat":34.090574,"stop_lon":-118.33819,"stop_sequence":21,"segment_first_lat":34.0907269089,"segment_first_lon":-118.338190362,"segment_second_lat":34.090727091,"segment_second_lon":-118.3374373187,"segment_sequence":210001,"segment_id":11,"segment_len_meter":69.34489615789332,"segment_cum_len":18375.98904806026,"stop_segment_distance":19.029262549368156}
{"route_id":"754","stop_id":"14017","stop_lat":34.018511,"stop_lon":-118.291692,"stop_sequence":15,"segment_first_lat":34.0199652064,"segment_first_lon":-118.2915357221,"segment_second_lat":34.0185115825,"segment_second_lon":-118.2915365989,"segment_sequence":140004,"segment_id":7,"segment_len_meter":161.63562313004647,"segment_cum_len":9980.297412905828,"stop_segment_distance":15.027591364674748}
{"route_id":"76","stop_id":"2397","stop_lat":34.054321,"stop_lon":-118.250213,"stop_sequence":63,"segment_first_lat":34.0544618943,"segment_first_lon":-118.2498900902,"segment_second_lat":34.0542424777,"segment_second_lon":-118.250088838,"segment_sequence":620004,"segment_id":31,"segment_len_meter":30.50428509337153,"segment_cum_len":23308.68186481972,"stop_segment_distance":17.50735252987549}
{"route_id":"90","stop_id":"12063","stop_lat":34.156182,"stop_lon":-118.242106,"stop_sequence":57,"segment_first_lat":34.1562181954,"segment_first_lon":-118.2419011292,"segment_second_lat":34.156118856,"segment_second_lon":-118.2419715772,"segment_sequence":560004,"segment_id":28,"segment_len_meter":12.807605322629762,"segment_cum_len":18167.83469766395,"stop_segment_distance":20.691235652958163}
{"route_id":"90","stop_id":"15425","stop_lat":34.202818,"stop_lon":-118.226859,"stop_sequence":40,"segment_first_lat":34.203528557,"segment_first_lon":-118.2262062331,"segment_second_lat":34.2027568005,"segment_second_lon":-118.2267280104,"segment_sequence":390005,"segment_id":20,"segment_len_meter":98.31991144367285,"segment_cum_len":12415.746164327347,"stop_segment_distance":14.744384854512873}
{"route_id":"94","stop_id":"10361","stop_lat":34.191768,"stop_lon":-118.33816,"stop_sequence":37,"segment_first_lat":34.1918803761,"segment_first_lon":-118.3390727981,"segment_second_lat":34.1918667279,"segment_second_lon":-118.3381567524,"segment_sequence":360004,"segment_id":18,"segment_len_meter":84.2679112478202,"segment_cum_len":16302.296080143631,"stop_segment_distance":11.594596258641857}
