{"route_id":"102","stop_id":"1830","stop_lat":34.018015,"stop_lon":-118.286718,"stop_sequence":52,"segment_first_lat":34.0181592464,"segment_first_lon":-118.2883581738,"segment_second_lat":34.0181477722,"segment_second_lon":-118.2867150863,"segment_sequence":510002,"segment_id":26,"segment_len_meter":151.44064352414955,"segment_cum_len":16957.326401423197,"stop_segment_distance":15.34078686342167}
{"route_id":"102","stop_id":"1836","stop_lat":34.018085,"stop_lon":-118.306382,"stop_sequence":44,"segment_first_lat":34.0182121179,"segment_first_lon":-118.3063827323,"segment_second_lat":34.0182101281,"segment_second_lon":-118.3056501339,"segment_sequence":440001,"segment_id":22,"segment_len_meter":67.52029701869878,"segment_cum_len":15212.065476290652,"stop_segment_distance":15.487273523442923}
{"route_id":"106","stop_id":"1189","stop_lat":34.037308,"stop_lon":-118.204051,"stop_sequence":18,"segment_first_lat":34.0368721272,"segment_first_lon":-118.2034001716,"segment_second_lat":34.0371981761,"segment_second_lon":-118.2041241475,"segment_sequence":170005,"segment_id":9,"segment_len_meter":75.92566646025831,"segment_cum_len":6292.520345968649,"stop_segment_distance":15.12962237321453}
{"route_id":"106","stop_id":"9034","stop_lat":34.035148,"stop_lon":-118.192507,"stop_sequence":16,"segment_first_lat":34.0359998597,"segment_first_lon":-118.1923936761,"segment_second_lat":34.0351480373,"segment_second_lon":-118.1923841263,"segment_sequence":150004,"segment_id":8,"segment_len_meter":94.72241689305648,"segment_cum_len":4882.0473172441525,"stop_segment_distance":11.8963089396036}
{"route_id":"106","stop_id":"9713","stop_lat":34.036112,"stop_lon":-118.18368,"stop_sequence":12,"segment_first_lat":34.0360414585,"segment_first_lon":-118.1836800466,"segment_second_lat":34.0360312357,"segment_second_lon":-118.1846174096,"segment_sequence":120001,"segment_id":6,"segment_len_meter":86.38139868576108,"segment_cum_len":4070.763648358835,"stop_segment_distance":8.306228983876892}
{"route_id":"108","stop_id":"6277","stop_lat":33.987263,"stop_lon":-118.187957,"stop_sequence":68,"segment_first_lat":33.9873942289,"segment_first_lon":-118.1879355773,"segment_second_lat":33.9873727746,"segment_second_lon":-118.1877725717,"segment_sequence":680001,"segment_id":34,"segment_len_meter":15.21702770240436,"segment_cum_len":22068.725590256676,"stop_segment_distance":20.439639752837046}
{"route_id":"117","stop_id":"163","stop_lat":33.933707,"stop_lon":-118.182576,"stop_sequence":63,"segment_first_lat":33.9339655889,"segment_first_lon":-118.1823881566,"segment_second_lat":33.93369213,"segment_second_lon":-118.1824201979,"segment_sequence":620005,"segment_id":31,"segment_len_meter":30.550588105424417,"segment_cum_len":22717.1415503328,"stop_segment_distance":17.490303481498337}
{"route_id":"125","stop_id":"17290","stop_lat":33.902167,"stop_lon":-118.386409,"stop_sequence":6,"segment_first_lat":33.9021668489,"segment_first_lon":-118.3864940446,"segment_second_lat":33.9047772887,"segment_second_lon":-118.3865001505,"segment_sequence":60001,"segment_id":3,"segment_len_meter":290.26820905354236,"segment_cum_len":2979.105659792783,"stop_segment_distance":7.953382912021823}
{"route_id":"127","stop_id":"9884","stop_lat":33.896146,"stop_lon":-118.216117,"stop_sequence":41,"segment_first_lat":33.8960207053,"segment_first_lon":-118.2161170298,"segment_second_lat":33.8960211015,"segment_second_lon":-118.2169671774,"segment_sequence":410001,"segment_id":21,"segment_len_meter":78.46647817976798,"segment_cum_len":15861.441857338159,"stop_segment_distance":15.1543489235887}
{"route_id":"130","stop_id":"13000062","stop_lat":33.872998,"stop_lon":-118.305131,"stop_sequence":51,"segment_first_lat":33.8728727927,"segment_first_lon":-118.3051301995,"segment_second_lat":33.8728638575,"segment_second_lon":-118.3061612639,"segment_sequence":510001,"segment_id":26,"segment_len_meter":95.19564123082702,"segment_cum_len":25721.130611484576,"stop_segment_distance":15.005895640483857}
{"route_id":"155","stop_id":"18055","stop_lat":34.157526,"stop_lon":-118.401007,"stop_sequence":17,"segment_first_lat":34.157614192,"segment_first_lon":-118.4018666401,"segment_second_lat":34.1576239149,"segment_second_lon":-118.4010072629,"segment_sequence":160004,"segment_id":8,"segment_len_meter":79.08158253526724,"segment_cum_len":5802.963672462565,"stop_segment_distance":11.510092128359403}
{"route_id":"155","stop_id":"7051","stop_lat":34.140168,"stop_lon":-118.369819,"stop_sequence":29,"segment_first_lat":34.140285702,"segment_first_lon":-118.3697549588,"segment_second_lat":34.1398532589,"segment_second_lon":-118.368650905,"segment_sequence":290001,"segment_id":15,"segment_len_meter":112.41247826594501,"segment_cum_len":10880.058953984353,"stop_segment_distance":14.997340366987302}
{"route_id":"158","stop_id":"9578","stop_lat":34.257383,"stop_lon":-118.575288,"stop_sequence":69,"segment_first_lat":34.2572563241,"segment_first_lon":-118.5752875963,"segment_second_lat":34.2572518755,"segment_second_lon":-118.5785275175,"segment_sequence":690001,"segment_id":35,"segment_len_meter":297.7642753623691,"segment_cum_len":27764.508745028852,"stop_segment_distance":14.404833506501632}
{"route_id":"16","stop_id":"15642","stop_lat":34.069079,"stop_lon":-118.323452,"stop_sequence":35,"segment_first_lat":34.0689569018,"segment_first_lon":-118.322903405,"segment_second_lat":34.0689532369,"segment_second_lon":-118.3234515168,"segment_sequence":340004,"segment_id":17,"segment_len_meter":50.48815287871895,"segment_cum_len":9284.01748359464,"stop_segment_distance":15.819234297035479}
{"route_id":"169","stop_id":"6793","stop_lat":34.218228,"stop_lon":-118.448604,"stop_sequence":93,"segment_first_lat":34.2182272712,"segment_first_lon":-118.4487547929,"segment_second_lat":34.2197688421,"segment_second_lon":-118.4487548081,"segment_sequence":930001,"segment_id":47,"segment_len_meter":171.41486314885046,"segment_cum_len":38475.17812884491,"stop_segment_distance":14.344385923040306}
{"route_id":"18","stop_id":"8336","stop_lat":34.015811,"stop_lon":-118.136022,"stop_sequence":67,"segment_first_lat":34.016142473,"segment_first_lon":-118.1369795563,"segment_second_lat":34.0159353069,"segment_second_lon":-118.13598761,"segment_sequence":660002,"segment_id":33,"segment_len_meter":94.28251779583537,"segment_cum_len":18458.97708789506,"stop_segment_distance":15.541392936666412}
{"route_id":"2","stop_id":"6433","stop_lat":34.097891,"stop_lon":-118.326322,"stop_sequence":46,"segment_first_lat":34.0980180726,"segment_first_lon":-118.3263220404,"segment_second_lat":34.0980234321,"segment_second_lon":-118.3251494567,"segment_sequence":460001,"segment_id":23,"segment_len_meter":107.97111338408664,"segment_cum_len":14289.495025498623,"stop_segment_distance":15.124163865988393}
{"route_id":"200","stop_id":"3280","stop_lat":34.079822,"stop_lon":-118.260391,"stop_sequence":37,"segment_first_lat":34.0800219712,"segment_first_lon":-118.2605869562,"segment_second_lat":34.0798807073,"segment_second_lon":-118.2603427998,"segment_sequence":360004,"segment_id":18,"segment_len_meter":27.429352633238306,"segment_cum_len":8926.875992806912,"stop_segment_distance":9.102875073652317}
{"route_id":"202","stop_id":"14162","stop_lat":33.888732,"stop_lon":-118.224016,"stop_sequence":15,"segment_first_lat":33.8892047297,"segment_first_lon":-118.2239280784,"segment_second_lat":33.8887376571,"segment_second_lon":-118.2238961885,"segment_sequence":140005,"segment_id":7,"segment_len_meter":52.01945432131751,"segment_cum_len":5309.005788356085,"stop_segment_distance":12.245608509137895}
{"route_id":"205","stop_id":"16993","stop_lat":33.89568,"stop_lon":-118.237406,"stop_sequence":117,"segment_first_lat":33.8942925368,"segment_first_lon":-118.2374679525,"segment_second_lat":33.8956747978,"segment_second_lon":-118.2375572123,"segment_sequence":1170003,"segment_id":59,"segment_len_meter":153.92105101705158,"segment_cum_len":44457.02435330441,"stop_segment_distance":14.432298796296806}
{"route_id":"209","stop_id":"8725","stop_lat":34.007121,"stop_lon":-118.318105,"stop_sequence":37,"segment_first_lat":34.0054824924,"segment_first_lon":-118.318220793,"segment_second_lat":34.0071202127,"segment_second_lon":-118.3182240491,"segment_sequence":360003,"segment_id":18,"segment_len_meter":182.10643596319994,"segment_cum_len":12672.154122229116,"stop_segment_distance":11.373619537179138}
{"route_id":"232","stop_id":"1478","stop_lat":33.919747,"stop_lon":-118.395943,"stop_sequence":84,"segment_first_lat":33.9196807821,"segment_first_lon":-118.3960814042,"segment_second_lat":33.9201311638,"segment_second_lon":-118.3961626396,"segment_sequence":900003,"segment_id":45,"segment_len_meter":50.63801202443919,"segment_cum_len":36513.132605061386,"stop_segment_distance":11.38422548203495}
{"route_id":"243","stop_id":"12850","stop_lat":34.242622,"stop_lon":-118.575551,"stop_sequence":14,"segment_first_lat":34.2427520056,"segment_first_lon":-118.5760380174,"segment_second_lat":34.2427501977,"segment_second_lon":-118.5755516003,"segment_sequence":130003,"segment_id":7,"segment_len_meter":44.71215659795963,"segment_cum_len":7408.953157271603,"stop_segment_distance":16.58596935849601}
{"route_id":"252","stop_id":"3924","stop_lat":34.062145,"stop_lon":-118.198011,"stop_sequence":14,"segment_first_lat":34.0617073373,"segment_first_lon":-118.1984453231,"segment_second_lat":34.0621909666,"segment_second_lon":-118.1981077174,"segment_sequence":130004,"segment_id":7,"segment_len_meter":62.122066425936495,"segment_cum_len":4665.182278209152,"stop_segment_distance":11.1498562401638}
{"route_id":"260","stop_id":"182","stop_lat":33.939083,"stop_lon":-118.181964,"stop_sequence":79,"segment_first_lat":33.9394292211,"segment_first_lon":-118.1817802439,"segment_second_lat":33.9390714027,"segment_second_lon":-118.1818127656,"segment_sequence":780006,"segment_id":39,"segment_len_meter":39.900542155344134,"segment_cum_len":30977.5317642268,"stop_segment_distance":16.175327167573613}
{"route_id":"266","stop_id":"17832","stop_lat":33.927948,"stop_lon":-118.129382,"stop_sequence":25,"segment_first_lat":33.9276202057,"segment_first_lon":-118.129793774,"segment_second_lat":33.9280112531,"segment_second_lon":-118.1295105602,"segment_sequence":240005,"segment_id":12,"segment_len_meter":50.72979591509239,"segment_cum_len":11266.271547500492,"stop_segment_distance":15.708813395674973}
{"route_id":"267","stop_id":"1373","stop_lat":34.142083,"stop_lon":-118.109792,"stop_sequence":38,"segment_first_lat":34.1419831804,"segment_first_lon":-118.1097920358,"segment_second_lat":34.1419805067,"segment_second_lon":-118.1106149358,"segment_sequence":380001,"segment_id":19,"segment_len_meter":75.73240420093343,"segment_cum_len":13912.18426461104,"stop_segment_distance":11.954799206517322}
{"route_id":"268","stop_id":"5956","stop_lat":34.088887,"stop_lon":-118.027263,"stop_sequence":11,"segment_first_lat":34.0882851749,"segment_first_lon":-118.0276029464,"segment_second_lat":34.0889186025,"segment_second_lon":-118.0274066427,"segment_sequence":100009,"segment_id":5,"segment_len_meter":72.71676962169228,"segment_cum_len":3171.0980056598223,"stop_segment_distance":14.850043763505582}
{"route_id":"33","stop_id":"15257","stop_lat":34.044122,"stop_lon":-118.291379,"stop_sequence":60,"segment_first_lat":34.0442479549,"segment_first_lon":-118.2913793558,"segment_second_lat":34.0442480708,"segment_second_lon":-118.2904187695,"segment_sequence":600001,"segment_id":30,"segment_len_meter":88.5052767646788,"segment_cum_len":19557.184182090255,"stop_segment_distance":15.076589036515713}
{"route_id":"33","stop_id":"6911","stop_lat":34.043452,"stop_lon":-118.321445,"stop_sequence":50,"segment_first_lat":34.0435841922,"segment_first_lon":-118.3224654917,"segment_second_lat":34.0435775691,"segment_second_lon":-118.3214454689,"segment_sequence":490003,"segment_id":25,"segment_len_meter":93.98518504156047,"segment_cum_len":16693.45798623502,"stop_segment_distance":15.145127552406365}
{"route_id":"33","stop_id":"6935","stop_lat":34.020349,"stop_lon":-118.403643,"stop_sequence":25,"segment_first_lat":34.0204538366,"segment_first_lon":-118.4037286627,"segment_second_lat":34.0208037394,"segment_second_lon":-118.4031237971,"segment_sequence":250001,"segment_id":13,"segment_len_meter":67.98078495977096,"segment_cum_len":8297.631821187013,"stop_segment_distance":15.715222034216467}
{"route_id":"45","stop_id":"7612","stop_lat":33.916304,"stop_lon":-118.278008,"stop_sequence":65,"segment_first_lat":33.9164290275,"segment_first_lon":-118.2780082116,"segment_second_lat":33.9164285801,"segment_second_lon":-118.2776061043,"segment_sequence":650001,"segment_id":33,"segment_len_meter":37.10463259408642,"segment_cum_len":22077.76588938757,"stop_segment_distance":16.385698435425788}
{"route_id":"60","stop_id":"12711","stop_lat":34.00384,"stop_lon":-118.229735,"stop_sequence":27,"segment_first_lat":34.0039677489,"segment_first_lon":-118.2302300553,"segment_second_lat":34.0039686919,"segment_second_lon":-118.2297351491,"segment_sequence":260005,"segment_id":13,"segment_len_meter":45.62080434510188,"segment_cum_len":8682.143993400647,"stop_segment_distance":16.483304128168307}
{"route_id":"611","stop_id":"140862","stop_lat":33.964449,"stop_lon":-118.219192,"stop_sequence":14,"segment_first_lat":33.9643765597,"segment_first_lon":-118.2192034215,"segment_second_lat":33.964472447,"segment_second_lon":-118.2201158537,"segment_sequence":140001,"segment_id":7,"segment_len_meter":84.820368025076,"segment_cum_len":4925.75328449249,"stop_segment_distance":8.543943637295527}
{"route_id":"62","stop_id":"1593","stop_lat":34.018776,"stop_lon":-118.179794,"stop_sequence":28,"segment_first_lat":34.0188997529,"segment_first_lon":-118.1800289538,"segment_second_lat":34.0188978989,"segment_second_lon":-118.1797979514,"segment_sequence":270013,"segment_id":14,"segment_len_meter":21.29116273888112,"segment_cum_len":11398.609573243977,"stop_segment_distance":17.925000743175914}
{"route_id":"68","stop_id":"9227","stop_lat":34.043788,"stop_lon":-118.200608,"stop_sequence":28,"segment_first_lat":34.0436746188,"segment_first_lon":-118.2006812056,"segment_second_lat":34.0440855171,"segment_second_lon":-118.2016153758,"segment_sequence":280001,"segment_id":14,"segment_len_meter":97.44693755848483,"segment_cum_len":11576.50575170776,"stop_segment_distance":15.387524539256205}
{"route_id":"685","stop_id":"3957","stop_lat":34.168331,"stop_lon":-118.22902,"stop_sequence":2,"segment_first_lat":34.1682506051,"segment_first_lon":-118.2289137757,"segment_second_lat":34.1678193808,"segment_second_lon":-118.2293922748,"segment_sequence":20001,"segment_id":1,"segment_len_meter":65.0938733911032,"segment_cum_len":468.42736023666333,"stop_segment_distance":14.554724785586615}
{"route_id":"687","stop_id":"11827","stop_lat":34.156286,"stop_lon":-118.113321,"stop_sequence":11,"segment_first_lat":34.1565610946,"segment_first_lon":-118.1131694864,"segment_second_lat":34.1562863078,"segment_second_lon":-118.1131691142,"segment_sequence":100003,"segment_id":5,"segment_len_meter":30.55491726231345,"segment_cum_len":3107.4521389247784,"stop_segment_distance":17.03722271958083}
{"route_id":"70","stop_id":"142046","stop_lat":34.062578,"stop_lon":-118.071276,"stop_sequence":62,"segment_first_lat":34.0627028244,"segment_first_lon":-118.071275997,"segment_second_lat":34.0627104032,"segment_second_lon":-118.0695888344,"segment_sequence":620001,"segment_id":31,"segment_len_meter":155.41807751410093,"segment_cum_len":21603.148385342123,"stop_segment_distance":14.573722327753813}
{"route_id":"76","stop_id":"10224","stop_lat":34.079001,"stop_lon":-118.117245,"stop_sequence":23,"segment_first_lat":34.0788741386,"segment_first_lon":-118.1172345665,"segment_second_lat":34.0788217971,"segment_second_lon":-118.1182159481,"segment_sequence":230001,"segment_id":12,"segment_len_meter":90.57157091957565,"segment_cum_len":8309.649714386811,"stop_segment_distance":15.184094847951854}
{"route_id":"78","stop_id":"7781","stop_lat":34.094889,"stop_lon":-118.156497,"stop_sequence":39,"segment_first_lat":34.0950095779,"segment_first_lon":-118.1567647712,"segment_second_lat":34.0950195299,"segment_second_lon":-118.1565068271,"segment_sequence":380012,"segment_id":19,"segment_len_meter":23.777652764729066,"segment_cum_len":13765.583334703337,"stop_segment_distance":18.831193046466343}
{"route_id":"83","stop_id":"11781","stop_lat":34.109955,"stop_lon":-118.198345,"stop_sequence":19,"segment_first_lat":34.1104622654,"segment_first_lon":-118.1970876419,"segment_second_lat":34.1098706126,"segment_second_lon":-118.1982854426,"segment_sequence":180003,"segment_id":9,"segment_len_meter":128.40898497022678,"segment_cum_len":5253.295425088687,"stop_segment_distance":11.228743938033631}
{"route_id":"92","stop_id":"2258","stop_lat":34.273982,"stop_lon":-118.411781,"stop_sequence":107,"segment_first_lat":34.2738998781,"segment_first_lon":-118.411895825,"segment_second_lat":34.2751856503,"segment_second_lon":-118.4132570101,"segment_sequence":1070001,"segment_id":54,"segment_len_meter":189.95840794979068,"segment_cum_len":36402.66363390964,"stop_segment_distance":14.539335004378302}
