{"route_id":"10","stop_id":"11718","stop_lat":34.083663,"stop_lon":-118.315969,"stop_sequence":43,"segment_first_lat":34.0835120624,"segment_first_lon":-118.3159681282,"segment_second_lat":34.0835118075,"segment_second_lon":-118.3177415899,"segment_sequence":430001,"segment_id":22,"segment_len_meter":163.32526239449317,"segment_cum_len":12063.123942944041,"stop_segment_distance":17.566655824991813}
{"route_id":"108","stop_id":"1648","stop_lat":33.989118,"stop_lon":-118.270257,"stop_sequence":42,"segment_first_lat":33.9892407726,"segment_first_lon":-118.2705373427,"segment_second_lat":33.9892430422,"segment_second_lon":-118.2702602496,"segment_sequence":410005,"segment_id":21,"segment_len_meter":25.548245381529902,"segment_cum_len":14450.41224099812,"stop_segment_distance":17.589442107718}
{"route_id":"108","stop_id":"498","stop_lat":33.984199,"stop_lon":-118.383967,"stop_sequence":8,"segment_first_lat":33.9842112379,"segment_first_lon":-118.384046478,"segment_second_lat":33.9843742787,"segment_second_lon":-118.3840175381,"segment_sequence":80001,"segment_id":4,"segment_len_meter":18.324621657018756,"segment_cum_len":3577.69196968586,"stop_segment_distance":9.168063000042594}
{"route_id":"111","stop_id":"2767","stop_lat":33.952975,"stop_lon":-118.352469,"stop_sequence":12,"segment_first_lat":33.9529872804,"segment_first_lon":-118.3526255305,"segment_second_lat":33.9532352057,"segment_second_lon":-118.3526021734,"segment_sequence":120001,"segment_id":6,"segment_len_meter":27.652085579541087,"segment_cum_len":4496.2892104623315,"stop_segment_distance":18.28301398195395}
{"route_id":"14","stop_id":"428","stop_lat":34.064629,"stop_lon":-118.265436,"stop_sequence":45,"segment_first_lat":34.0644914022,"segment_first_lon":-118.2654483267,"segment_second_lat":34.0645318766,"segment_second_lon":-118.2655366127,"segment_sequence":440003,"segment_id":22,"segment_len_meter":9.29470230502176,"segment_cum_len":16270.882265278318,"stop_segment_distance":20.27871303610317}
{"route_id":"150","stop_id":"7051","stop_lat":34.140168,"stop_lon":-118.369819,"stop_sequence":75,"segment_first_lat":34.140285702,"segment_first_lon":-118.3697549588,"segment_second_lat":34.1398532589,"segment_second_lon":-118.368650905,"segment_sequence":750001,"segment_id":38,"segment_len_meter":112.41247826594501,"segment_cum_len":26545.17497863791,"stop_segment_distance":14.997340366987302}
{"route_id":"163","stop_id":"140819","stop_lat":34.201112,"stop_lon":-118.379174,"stop_sequence":61,"segment_first_lat":34.2012111154,"segment_first_lon":-118.3801133019,"segment_second_lat":34.2012115899,"segment_second_lon":-118.3791740596,"segment_sequence":600005,"segment_id":30,"segment_len_meter":86.37822541933723,"segment_cum_len":23279.98213945027,"stop_segment_distance":11.779627580598131}
{"route_id":"163","stop_id":"6194","stop_lat":34.200905,"stop_lon":-118.597293,"stop_sequence":10,"segment_first_lat":34.2010336865,"segment_first_lon":-118.5974555899,"segment_second_lat":34.2010328544,"segment_second_lon":-118.5972902226,"segment_sequence":90008,"segment_id":5,"segment_len_meter":15.20845662515643,"segment_cum_len":3164.5475102481255,"stop_segment_distance":19.706991712655174}
{"route_id":"163","stop_id":"6203","stop_lat":34.200869,"stop_lon":-118.623062,"stop_sequence":4,"segment_first_lat":34.2009938156,"segment_first_lon":-118.6230631682,"segment_second_lat":34.2009961646,"segment_second_lon":-118.621270667,"segment_sequence":40001,"segment_id":2,"segment_len_meter":164.84951280196364,"segment_cum_len":959.1106662711034,"stop_segment_distance":14.377475478044346}
{"route_id":"166","stop_id":"12504","stop_lat":34.235657,"stop_lon":-118.506572,"stop_sequence":33,"segment_first_lat":34.2357826638,"segment_first_lon":-118.5065690324,"segment_second_lat":34.2357563366,"segment_second_lon":-118.5025357069,"segment_sequence":330001,"segment_id":17,"segment_len_meter":370.7876149173708,"segment_cum_len":14800.309419658555,"stop_segment_distance":14.401739196533072}
{"route_id":"169","stop_id":"6093","stop_lat":34.208295,"stop_lon":-118.509528,"stop_sequence":74,"segment_first_lat":34.2084222525,"segment_first_lon":-118.5095286547,"segment_second_lat":34.2084188033,"segment_second_lon":-118.5055034026,"segment_sequence":740001,"segment_id":37,"segment_len_meter":370.1542399170121,"segment_cum_len":30522.850853571697,"stop_segment_distance":14.345778588592509}
{"route_id":"18","stop_id":"5065","stop_lat":34.013696,"stop_lon":-118.130445,"stop_sequence":70,"segment_first_lat":34.0136669087,"segment_first_lon":-118.1302957841,"segment_second_lat":34.0131957689,"segment_second_lon":-118.1304412296,"segment_sequence":700001,"segment_id":35,"segment_len_meter":54.07636871368499,"segment_cum_len":19197.035362639017,"stop_segment_distance":15.676393338543583}
{"route_id":"18","stop_id":"8317","stop_lat":34.023732,"stop_lon":-118.17366,"stop_sequence":53,"segment_first_lat":34.023854459,"segment_first_lon":-118.1736240768,"segment_second_lat":34.023740665,"segment_second_lon":-118.1730727127,"segment_sequence":530001,"segment_id":27,"segment_len_meter":52.36487918758035,"segment_cum_len":14932.594240098855,"stop_segment_distance":15.781007657024553}
{"route_id":"2","stop_id":"8032","stop_lat":34.097866,"stop_lon":-118.335445,"stop_sequence":43,"segment_first_lat":34.0979928908,"segment_first_lon":-118.3363072466,"segment_second_lat":34.097993089,"segment_second_lon":-118.3354451353,"segment_sequence":420006,"segment_id":21,"segment_len_meter":79.38173892160103,"segment_cum_len":13341.479244539518,"stop_segment_distance":15.388176890783825}
{"route_id":"200","stop_id":"4662","stop_lat":34.061057,"stop_lon":-118.273725,"stop_sequence":28,"segment_first_lat":34.0595434113,"segment_first_lon":-118.2748619588,"segment_second_lat":34.0611180202,"segment_second_lon":-118.2738597991,"segment_sequence":270002,"segment_id":14,"segment_len_meter":197.93594895729385,"segment_cum_len":6338.199966964368,"stop_segment_distance":14.445619070287705}
{"route_id":"204","stop_id":"5660","stop_lat":34.007191,"stop_lon":-118.291386,"stop_sequence":31,"segment_first_lat":34.0064237156,"segment_first_lon":-118.2915380546,"segment_second_lat":34.00719037,"segment_second_lon":-118.291538085,"segment_sequence":300005,"segment_id":15,"segment_len_meter":85.24807981534045,"segment_cum_len":9252.757169655002,"stop_segment_distance":15.23256579252758}
{"route_id":"205","stop_id":"17452","stop_lat":33.834173,"stop_lon":-118.29012,"stop_sequence":71,"segment_first_lat":33.8334883574,"segment_first_lon":-118.2902554319,"segment_second_lat":33.8341725264,"segment_second_lon":-118.2902716288,"segment_sequence":710004,"segment_id":36,"segment_len_meter":76.09082983725558,"segment_cum_len":23730.96870973668,"stop_segment_distance":15.064024178531355}
{"route_id":"205","stop_id":"243","stop_lat":33.846668,"stop_lon":-118.248194,"stop_sequence":94,"segment_first_lat":33.8467936262,"segment_first_lon":-118.248194471,"segment_second_lat":33.8468003306,"segment_second_lon":-118.243699259,"segment_sequence":950001,"segment_id":48,"segment_len_meter":415.13666072216523,"segment_cum_len":35279.57990179675,"stop_segment_distance":14.185925193942921}
{"route_id":"209","stop_id":"5617","stop_lat":33.956196,"stop_lon":-118.317608,"stop_sequence":19,"segment_first_lat":33.9545356747,"segment_first_lon":-118.3177271754,"segment_second_lat":33.9561953797,"segment_second_lon":-118.3177275355,"segment_sequence":180003,"segment_id":9,"segment_len_meter":184.55077871542943,"segment_cum_len":6976.881345514291,"stop_segment_distance":11.421149309431854}
{"route_id":"211","stop_id":"141067","stop_lat":33.923541,"stop_lon":-118.361146,"stop_sequence":12,"segment_first_lat":33.9228511484,"segment_first_lon":-118.3612949772,"segment_second_lat":33.923540851,"segment_second_lon":-118.361297951,"segment_sequence":110004,"segment_id":6,"segment_len_meter":76.69192086241472,"segment_cum_len":4135.405537111895,"stop_segment_distance":15.258124882048918}
{"route_id":"217","stop_id":"11012","stop_lat":34.101738,"stop_lon":-118.329286,"stop_sequence":3,"segment_first_lat":34.1016159788,"segment_first_lon":-118.3288168251,"segment_second_lat":34.101612778,"segment_second_lon":-118.3292858745,"segment_sequence":20003,"segment_id":1,"segment_len_meter":43.188885916111765,"segment_cum_len":583.8547533275656,"stop_segment_distance":16.01477945260548}
{"route_id":"234","stop_id":"12262","stop_lat":34.286425,"stop_lon":-118.437255,"stop_sequence":24,"segment_first_lat":34.2863301725,"segment_first_lon":-118.4371559942,"segment_second_lat":34.2857662677,"segment_second_lon":-118.437926717,"segment_sequence":240001,"segment_id":12,"segment_len_meter":94.58113870219984,"segment_cum_len":8582.535988819933,"stop_segment_distance":15.123720275973994}
{"route_id":"246","stop_id":"293","stop_lat":33.806057,"stop_lon":-118.263884,"stop_sequence":46,"segment_first_lat":33.8060540334,"segment_first_lon":-118.2640353249,"segment_second_lat":33.8065870627,"segment_second_lon":-118.2640564228,"segment_sequence":460001,"segment_id":23,"segment_len_meter":59.302200856296814,"segment_cum_len":13805.652284475962,"stop_segment_distance":15.73862048755101}
{"route_id":"260","stop_id":"13403","stop_lat":34.140443,"stop_lon":-118.150561,"stop_sequence":15,"segment_first_lat":34.1404427047,"segment_first_lon":-118.1504076611,"segment_second_lat":34.1396348387,"segment_second_lon":-118.1504009197,"segment_sequence":150001,"segment_id":8,"segment_len_meter":89.83274312137699,"segment_cum_len":4873.669085404251,"stop_segment_distance":15.342484188636476}
{"route_id":"267","stop_id":"1374","stop_lat":34.142044,"stop_lon":-118.115919,"stop_sequence":40,"segment_first_lat":34.1419453104,"segment_first_lon":-118.1159191449,"segment_second_lat":34.1419330826,"segment_second_lon":-118.1172014027,"segment_sequence":400001,"segment_id":20,"segment_len_meter":118.01459755090217,"segment_cum_len":14518.365106073878,"stop_segment_distance":11.621916156311428}
{"route_id":"35","stop_id":"7750","stop_lat":34.025876,"stop_lon":-118.365383,"stop_sequence":6,"segment_first_lat":34.0260847063,"segment_first_lon":-118.3661828068,"segment_second_lat":34.0260047449,"segment_second_lon":-118.3653659692,"segment_sequence":50004,"segment_id":3,"segment_len_meter":75.80017021062424,"segment_cum_len":2306.9891087698893,"stop_segment_distance":15.875942544432903}
{"route_id":"4","stop_id":"14395","stop_lat":34.090879,"stop_lon":-118.322096,"stop_sequence":44,"segment_first_lat":34.090754949,"segment_first_lon":-118.3211677158,"segment_second_lat":34.0907524783,"segment_second_lon":-118.3220957998,"segment_sequence":430005,"segment_id":22,"segment_len_meter":85.46414007229507,"segment_cum_len":13407.749594630302,"stop_segment_distance":15.192285327809685}
{"route_id":"40","stop_id":"10932","stop_lat":33.916688,"stop_lon":-118.352722,"stop_sequence":70,"segment_first_lat":33.9182220939,"segment_first_lon":-118.3525768017,"segment_second_lat":33.9166888113,"segment_second_lon":-118.3525703507,"segment_sequence":690004,"segment_id":35,"segment_len_meter":170.49428537873158,"segment_cum_len":26658.196245924428,"stop_segment_distance":14.608266827399916}
{"route_id":"40","stop_id":"9439","stop_lat":33.994707,"stop_lon":-118.330944,"stop_sequence":43,"segment_first_lat":33.9947072822,"segment_first_lon":-118.3307907305,"segment_second_lat":33.9931327411,"segment_second_lon":-118.3307957261,"segment_sequence":430001,"segment_id":22,"segment_len_meter":175.08158785298448,"segment_cum_len":16534.412685847834,"stop_segment_distance":14.630959522993606}
{"route_id":"460","stop_id":"4593","stop_lat":33.902228,"stop_lon":-118.064167,"stop_sequence":31,"segment_first_lat":33.902348444,"segment_first_lon":-118.065089309,"segment_second_lat":33.90235361,"segment_second_lon":-118.0641666055,"segment_sequence":310006,"segment_id":16,"segment_len_meter":85.15880652987559,"segment_cum_len":38904.13055497222,"stop_segment_distance":14.97611829855245}
{"route_id":"487","stop_id":"5471","stop_lat":34.129941,"stop_lon":-118.092309,"stop_sequence":30,"segment_first_lat":34.129501342,"segment_first_lon":-118.0922626403,"segment_second_lat":34.129895518,"segment_second_lon":-118.0924501019,"segment_sequence":290006,"segment_id":15,"segment_len_meter":47.104408061387474,"segment_cum_len":22464.671310465932,"stop_segment_distance":15.906657116988242}
{"route_id":"53","stop_id":"4854","stop_lat":34.009015,"stop_lon":-118.25634,"stop_sequence":56,"segment_first_lat":34.008396555,"segment_first_lon":-118.2564935939,"segment_second_lat":34.009014825,"segment_second_lon":-118.2564931786,"segment_sequence":550004,"segment_id":28,"segment_len_meter":68.74849795458229,"segment_cum_len":18895.208491083635,"stop_segment_distance":15.580915286253457}
{"route_id":"55","stop_id":"8240","stop_lat":34.048436,"stop_lon":-118.251024,"stop_sequence":60,"segment_first_lat":34.0481153251,"segment_first_lon":-118.2507294304,"segment_second_lat":34.0483514141,"segment_second_lon":-118.2511034972,"segment_sequence":590004,"segment_id":30,"segment_len_meter":43.32328197222784,"segment_cum_len":18424.97927659464,"stop_segment_distance":13.408339964518596}
{"route_id":"603","stop_id":"15737","stop_lat":34.056738,"stop_lon":-118.27718,"stop_sequence":46,"segment_first_lat":34.0566736287,"segment_first_lon":-118.2772249698,"segment_second_lat":34.056980959,"segment_second_lon":-118.2778909075,"segment_sequence":460001,"segment_id":23,"segment_len_meter":70.22418733061629,"segment_cum_len":14511.229004643283,"stop_segment_distance":8.89032371266839}
{"route_id":"66","stop_id":"1600","stop_lat":34.012903,"stop_lon":-118.141201,"stop_sequence":60,"segment_first_lat":34.0132288542,"segment_first_lon":-118.1424952723,"segment_second_lat":34.0130273382,"segment_second_lon":-118.1411756918,"segment_sequence":590004,"segment_id":30,"segment_len_meter":123.67330221583092,"segment_cum_len":18294.295549398073,"stop_segment_distance":15.022955703597546}
{"route_id":"68","stop_id":"9224","stop_lat":34.040624,"stop_lon":-118.18908,"stop_sequence":25,"segment_first_lat":34.0405047649,"segment_first_lon":-118.1881723703,"segment_second_lat":34.0404986755,"segment_second_lon":-118.1890800846,"segment_sequence":240002,"segment_id":12,"segment_len_meter":83.64025817639734,"segment_cum_len":10310.751873371755,"stop_segment_distance":14.969295123802155}
{"route_id":"734","stop_id":"14547","stop_lat":34.193661,"stop_lon":-118.466326,"stop_sequence":12,"segment_first_lat":34.1936611119,"segment_first_lon":-118.4661795246,"segment_second_lat":34.1930235949,"segment_second_lon":-118.466180596,"segment_sequence":120001,"segment_id":6,"segment_len_meter":70.88872454032584,"segment_cum_len":13407.81029810947,"stop_segment_distance":14.710100708429735}
{"route_id":"76","stop_id":"15072","stop_lat":34.07417,"stop_lon":-118.164875,"stop_sequence":37,"segment_first_lat":34.073846343,"segment_first_lon":-118.1643992895,"segment_second_lat":34.0740541691,"segment_second_lon":-118.1649399301,"segment_sequence":360023,"segment_id":18,"segment_len_meter":54.89642450896712,"segment_cum_len":12712.608681940052,"stop_segment_distance":16.00472961496508}
{"route_id":"76","stop_id":"16393","stop_lat":34.078464,"stop_lon":-118.127135,"stop_sequence":26,"segment_first_lat":34.0783376448,"segment_first_lon":-118.1271242607,"segment_second_lat":34.0782841904,"segment_second_lon":-118.1280428842,"segment_sequence":260001,"segment_id":13,"segment_len_meter":84.81348262562311,"segment_cum_len":9216.694271895558,"stop_segment_distance":15.24435745303633}
{"route_id":"81","stop_id":"10438","stop_lat":33.927776,"stop_lon":-118.281847,"stop_sequence":100,"segment_first_lat":33.9276904959,"segment_first_lon":-118.2818100564,"segment_second_lat":33.9277398412,"segment_second_lon":-118.2818596682,"segment_sequence":990013,"segment_id":50,"segment_len_meter":7.145532539168316,"segment_cum_len":31884.725983662927,"stop_segment_distance":7.141730273575266}
{"route_id":"92","stop_id":"2200","stop_lat":34.094259,"stop_lon":-118.259082,"stop_sequence":26,"segment_first_lat":34.0942588729,"segment_first_lon":-118.2592318581,"segment_second_lat":34.0944649572,"segment_second_lon":-118.2592348091,"segment_sequence":260001,"segment_id":13,"segment_len_meter":22.917139693882437,"segment_cum_len":7593.198946260843,"stop_segment_distance":17.76090222554762}
{"route_id":"92","stop_id":"3585","stop_lat":34.202591,"stop_lon":-118.333206,"stop_sequence":82,"segment_first_lat":34.2019068069,"segment_first_lon":-118.332360159,"segment_second_lat":34.2024892505,"segment_second_lon":-118.3332984269,"segment_sequence":810003,"segment_id":41,"segment_len_meter":107.88894147222254,"segment_cum_len":25403.551793621635,"stop_segment_distance":15.068906067226393}
{"route_id":"94","stop_id":"14185","stop_lat":34.239004,"stop_lon":-118.393643,"stop_sequence":19,"segment_first_lat":34.2390852835,"segment_first_lon":-118.3935281685,"segment_second_lat":34.2377801183,"segment_second_lon":-118.3921479339,"segment_sequence":190001,"segment_id":10,"segment_len_meter":192.7697685304416,"segment_cum_len":8417.014019655206,"stop_segment_distance":14.539734295901923}
{"route_id":"96","stop_id":"13549","stop_lat":34.03598,"stop_lon":-118.266348,"stop_sequence":56,"segment_first_lat":34.0364512008,"segment_first_lon":-118.2658742853,"segment_second_lat":34.0359192816,"segment_second_lon":-118.2662175137,"segment_sequence":550003,"segment_id":28,"segment_len_meter":67.07158747739948,"segment_cum_len":25032.077155027055,"stop_segment_distance":14.91359465292318}
{"route_id":"DSE","stop_id":"2155","stop_lat":34.05566698,"stop_lon":-118.2368629,"stop_sequence":1,"segment_first_lat":34.05550814,"segment_first_lon":-118.2369929,"segment_second_lat":34.05679124,"segment_second_lon":-118.2367252,"segment_sequence":1,"segment_id":0,"segment_len_meter":144.78992306401233,"segment_cum_len":151.50892056900918,"stop_segment_distance":2.2037394205953547}
