{"route_id":"105","stop_id":"2746","stop_lat":34.019724,"stop_lon":-118.349242,"stop_sequence":38,"segment_first_lat":34.0190422677,"segment_first_lon":-118.3484211058,"segment_second_lat":34.0196235484,"segment_second_lon":-118.3493353211,"segment_sequence":370002,"segment_id":19,"segment_len_meter":106.19358227271884,"segment_cum_len":12902.054550103023,"stop_segment_distance":15.003542899131773}
{"route_id":"110","stop_id":"2105","stop_lat":33.979015,"stop_lon":-118.197458,"stop_sequence":71,"segment_first_lat":33.9791764535,"segment_first_lon":-118.1977615758,"segment_second_lat":33.9791398929,"segment_second_lon":-118.1974346169,"segment_sequence":700011,"segment_id":35,"segment_len_meter":30.42088927095673,"segment_cum_len":23797.735085648914,"stop_segment_distance":16.88730709829409}
{"route_id":"120","stop_id":"14878","stop_lat":33.935639,"stop_lon":-118.039576,"stop_sequence":18,"segment_first_lat":33.9355398804,"segment_first_lon":-118.0396699317,"segment_second_lat":33.9368771383,"segment_second_lon":-118.0416433349,"segment_sequence":180001,"segment_id":9,"segment_len_meter":235.06239534277586,"segment_cum_len":6973.689476357964,"stop_segment_distance":14.17763310543441}
{"route_id":"120","stop_id":"30007","stop_lat":33.927643,"stop_lon":-118.237701,"stop_sequence":71,"segment_first_lat":33.9291168383,"segment_first_lon":-118.23840065,"segment_second_lat":33.927646842,"segment_second_lon":-118.2376534619,"segment_sequence":700021,"segment_id":35,"segment_len_meter":177.3986178754202,"segment_cum_len":30346.688376069244,"stop_segment_distance":3.146266507004782}
{"route_id":"158","stop_id":"9048","stop_lat":34.229061,"stop_lon":-118.429286,"stop_sequence":30,"segment_first_lat":34.229135067,"segment_first_lon":-118.4293618655,"segment_second_lat":34.2310794887,"segment_second_lon":-118.4266394673,"segment_sequence":300001,"segment_id":15,"segment_len_meter":330.7380648239371,"segment_cum_len":11246.63302458305,"stop_segment_distance":11.07444531415814}
{"route_id":"16","stop_id":"15653","stop_lat":34.069086,"stop_lon":-118.327124,"stop_sequence":36,"segment_first_lat":34.0689569325,"segment_first_lon":-118.3259610235,"segment_second_lat":34.0689584616,"segment_second_lon":-118.3271233208,"segment_sequence":350006,"segment_id":18,"segment_len_meter":107.0591881950163,"segment_cum_len":9622.232350323453,"stop_segment_distance":15.201214785590594}
{"route_id":"176","stop_id":"8226","stop_lat":34.062466,"stop_lon":-118.081825,"stop_sequence":14,"segment_first_lat":34.0591689101,"segment_first_lon":-118.0819307556,"segment_second_lat":34.062466337,"segment_second_lon":-118.0819428996,"segment_sequence":130001,"segment_id":7,"segment_len_meter":366.65884884690286,"segment_cum_len":4697.649804073608,"stop_segment_distance":10.950847853970458}
{"route_id":"180","stop_id":"3673","stop_lat":34.149774,"stop_lon":-118.132195,"stop_sequence":76,"segment_first_lat":34.1497736151,"segment_first_lon":-118.132347306,"segment_second_lat":34.1505072927,"segment_second_lon":-118.132351112,"segment_sequence":760001,"segment_id":38,"segment_len_meter":81.58197869811922,"segment_cum_len":23329.42885394519,"stop_segment_distance":15.22782489822356}
{"route_id":"20","stop_id":"15730","stop_lat":34.05359,"stop_lon":-118.260653,"stop_sequence":7,"segment_first_lat":34.0531792117,"segment_first_lon":-118.2600312598,"segment_second_lat":34.0534769672,"segment_second_lon":-118.2607211762,"segment_sequence":60020,"segment_id":3,"segment_len_meter":71.6662500366138,"segment_cum_len":2042.2759332170697,"stop_segment_distance":15.64636825960892}
{"route_id":"200","stop_id":"1854","stop_lat":34.057095,"stop_lon":-118.276237,"stop_sequence":26,"segment_first_lat":34.0564805892,"segment_first_lon":-118.2768063644,"segment_second_lat":34.0571550794,"segment_second_lon":-118.2763754402,"segment_sequence":250002,"segment_id":13,"segment_len_meter":84.85822940281533,"segment_cum_len":5840.319138766084,"stop_segment_distance":15.670941029768969}
{"route_id":"210","stop_id":"9443","stop_lat":33.990607,"stop_lon":-118.330957,"stop_sequence":49,"segment_first_lat":33.9906074281,"segment_first_lon":-118.3308045525,"segment_second_lat":33.9890301315,"segment_second_lon":-118.3308125057,"segment_sequence":490001,"segment_id":25,"segment_len_meter":175.38891250001487,"segment_cum_len":16184.14341891591,"stop_segment_distance":14.511182203750593}
{"route_id":"222","stop_id":"12115","stop_lat":34.184524,"stop_lon":-118.348972,"stop_sequence":32,"segment_first_lat":34.1813739061,"segment_first_lon":-118.3491874423,"segment_second_lat":34.1845261853,"segment_second_lon":-118.3491258917,"segment_sequence":310001,"segment_id":16,"segment_len_meter":350.5631777318987,"segment_cum_len":12370.058770041362,"stop_segment_distance":14.42911537810221}
{"route_id":"256","stop_id":"1758","stop_lat":34.085085,"stop_lon":-118.177929,"stop_sequence":37,"segment_first_lat":34.0843128681,"segment_first_lon":-118.1780429134,"segment_second_lat":34.0850850128,"segment_second_lon":-118.1780471992,"segment_sequence":360005,"segment_id":18,"segment_len_meter":85.85948046662402,"segment_cum_len":10917.803094236406,"stop_segment_distance":11.521440910146495}
{"route_id":"260","stop_id":"8765","stop_lat":33.95814,"stop_lon":-118.184957,"stop_sequence":73,"segment_first_lat":33.9581734493,"segment_first_lon":-118.1848115034,"segment_second_lat":33.9570251574,"segment_second_lon":-118.1844300825,"segment_sequence":730001,"segment_id":37,"segment_len_meter":132.44171269056437,"segment_cum_len":28926.61431086784,"stop_segment_distance":14.633850364162356}
{"route_id":"266","stop_id":"17026","stop_lat":33.904068,"stop_lon":-118.142725,"stop_sequence":18,"segment_first_lat":33.9040646915,"segment_first_lon":-118.1428748482,"segment_second_lat":33.9043559556,"segment_second_lon":-118.1428802879,"segment_sequence":180001,"segment_id":9,"segment_len_meter":32.39098084693969,"segment_cum_len":8290.985498902119,"stop_segment_distance":16.52334499331694}
{"route_id":"267","stop_id":"2975","stop_lat":34.195722,"stop_lon":-118.158713,"stop_sequence":78,"segment_first_lat":34.1952547476,"segment_first_lon":-118.1588378788,"segment_second_lat":34.1957163559,"segment_second_lon":-118.1588642203,"segment_sequence":770004,"segment_id":39,"segment_len_meter":51.385644030484244,"segment_cum_len":25167.462165191613,"stop_segment_distance":15.746943858844816}
{"route_id":"268","stop_id":"10273","stop_lat":34.169091,"stop_lon":-118.129944,"stop_sequence":69,"segment_first_lat":34.1689920924,"segment_first_lon":-118.1299439435,"segment_second_lat":34.1689827289,"segment_second_lon":-118.1309819823,"segment_sequence":690001,"segment_id":35,"segment_len_meter":95.50626254260818,"segment_cum_len":26484.933719892586,"stop_segment_distance":11.743000515303578}
{"route_id":"268","stop_id":"15014","stop_lat":34.08267,"stop_lon":-118.031373,"stop_sequence":9,"segment_first_lat":34.0810379603,"segment_first_lon":-118.0320423143,"segment_second_lat":34.0827022051,"segment_second_lon":-118.0315168654,"segment_sequence":80002,"segment_id":4,"segment_len_meter":191.27811986216662,"segment_cum_len":2364.540756676773,"stop_segment_distance":14.104152462552463}
{"route_id":"268","stop_id":"7711","stop_lat":34.131459,"stop_lon":-118.054168,"stop_sequence":29,"segment_first_lat":34.1315850381,"segment_first_lon":-118.0541801621,"segment_second_lat":34.131632281,"segment_second_lon":-118.0536098493,"segment_sequence":290001,"segment_id":15,"segment_len_meter":52.75476070939838,"segment_cum_len":10310.838678074828,"stop_segment_distance":16.172313798692997}
{"route_id":"53","stop_id":"4889","stop_lat":34.004278,"stop_lon":-118.256273,"stop_sequence":53,"segment_first_lat":34.0042775288,"segment_first_lon":-118.2564842729,"segment_second_lat":34.0048380891,"segment_second_lon":-118.2564859903,"segment_sequence":530001,"segment_id":27,"segment_len_meter":62.33166247510872,"segment_cum_len":18430.772778958035,"stop_segment_distance":22.444052469801754}
{"route_id":"60","stop_id":"11520","stop_lat":33.945544,"stop_lon":-118.21636,"stop_sequence":50,"segment_first_lat":33.9459148407,"segment_first_lon":-118.2163182847,"segment_second_lat":33.9455759476,"segment_second_lon":-118.216211573,"segment_sequence":490005,"segment_id":25,"segment_len_meter":38.947618842952195,"segment_cum_len":15638.651740856114,"stop_segment_distance":16.61195989586416}
{"route_id":"68","stop_id":"469","stop_lat":34.040688,"stop_lon":-118.173926,"stop_sequence":19,"segment_first_lat":34.0405582764,"segment_first_lon":-118.173926103,"segment_second_lat":34.04055179,"segment_second_lon":-118.1755600007,"segment_sequence":190001,"segment_id":10,"segment_len_meter":150.5502663110271,"segment_cum_len":9064.964979595488,"stop_segment_distance":15.192162710733896}
{"route_id":"687","stop_id":"9852","stop_lat":34.146095,"stop_lon":-118.121557,"stop_sequence":19,"segment_first_lat":34.1459667787,"segment_first_lon":-118.1215564283,"segment_second_lat":34.1459585759,"segment_second_lon":-118.1228751078,"segment_sequence":190001,"segment_id":10,"segment_len_meter":121.35631869000937,"segment_cum_len":5143.20366990613,"stop_segment_distance":15.146394939825456}
{"route_id":"733","stop_id":"29","stop_lat":34.015028,"stop_lon":-118.497346,"stop_sequence":40,"segment_first_lat":34.0152745776,"segment_first_lon":-118.4975194202,"segment_second_lat":34.015076866,"segment_second_lon":-118.4972862648,"segment_sequence":390008,"segment_id":20,"segment_len_meter":30.74279771659542,"segment_cum_len":31887.310633258046,"stop_segment_distance":8.729703033398067}
{"route_id":"750","stop_id":"15325","stop_lat":34.143676,"stop_lon":-118.395613,"stop_sequence":4,"segment_first_lat":34.1435483537,"segment_first_lon":-118.3955973235,"segment_second_lat":34.143375212,"segment_second_lon":-118.3975315301,"segment_sequence":40001,"segment_id":2,"segment_len_meter":179.04083058602484,"segment_cum_len":3474.0934641444824,"stop_segment_distance":14.925759525142382}
{"route_id":"76","stop_id":"15086","stop_lat":34.080046,"stop_lon":-118.054835,"stop_sequence":7,"segment_first_lat":34.0794639423,"segment_first_lon":-118.0538108789,"segment_second_lat":34.0799333357,"segment_second_lon":-118.0549029478,"segment_sequence":60003,"segment_id":3,"segment_len_meter":113.31407003167155,"segment_cum_len":2434.545478965304,"stop_segment_distance":15.07982179347772}
{"route_id":"81","stop_id":"12023","stop_lat":34.094681,"stop_lon":-118.208551,"stop_sequence":35,"segment_first_lat":34.0948136355,"segment_first_lon":-118.2082577519,"segment_second_lat":34.0946094624,"segment_second_lon":-118.2084207403,"segment_sequence":340006,"segment_id":17,"segment_len_meter":27.21534717833022,"segment_cum_len":9925.310387320425,"stop_segment_distance":17.945165268976268}
{"route_id":"90","stop_id":"13540","stop_lat":34.141336,"stop_lon":-118.250064,"stop_sequence":64,"segment_first_lat":34.1416246892,"segment_first_lon":-118.2497772567,"segment_second_lat":34.1412918954,"segment_second_lon":-118.2499226654,"segment_sequence":630005,"segment_id":32,"segment_len_meter":39.35034215719513,"segment_cum_len":19978.51532970744,"stop_segment_distance":16.10608480120448}
{"route_id":"90","stop_id":"278","stop_lat":34.047555,"stop_lon":-118.253101,"stop_sequence":90,"segment_first_lat":34.0487616958,"segment_first_lon":-118.2517514257,"segment_second_lat":34.0474909261,"segment_second_lon":-118.2530089562,"segment_sequence":890002,"segment_id":45,"segment_len_meter":182.72927756052525,"segment_cum_len":32390.182179751035,"stop_segment_distance":11.278888664780311}
