{"route_id":"102","stop_id":"14558","stop_lat":33.964883,"stop_lon":-118.222488,"stop_sequence":90,"segment_first_lat":33.9650975348,"segment_first_lon":-118.222389722,"segment_second_lat":33.9648801625,"segment_second_lon":-118.2223990383,"segment_sequence":890004,"segment_id":45,"segment_len_meter":24.18596230347424,"segment_cum_len":29320.64844940948,"stop_segment_distance":9.54334181269013}
{"route_id":"105","stop_id":"14378","stop_lat":34.084912,"stop_lon":-118.38363,"stop_sequence":72,"segment_first_lat":34.085006328,"segment_first_lon":-118.3837289284,"segment_second_lat":34.0853502473,"segment_second_lon":-118.3832460124,"segment_sequence":720001,"segment_id":36,"segment_len_meter":58.65396668529813,"segment_cum_len":25457.007468431053,"stop_segment_distance":15.448646508373471}
{"route_id":"108","stop_id":"1651","stop_lat":33.989115,"stop_lon":-118.267703,"stop_sequence":43,"segment_first_lat":33.9892425634,"segment_first_lon":-118.2685052786,"segment_second_lat":33.9892421461,"segment_second_lon":-118.2677036654,"segment_sequence":420004,"segment_id":21,"segment_len_meter":73.90590188671887,"segment_cum_len":14686.121373716269,"stop_segment_distance":15.54728608925815}
{"route_id":"120","stop_id":"140804","stop_lat":33.931096,"stop_lon":-118.334985,"stop_sequence":97,"segment_first_lat":33.9309757324,"segment_first_lon":-118.3329436044,"segment_second_lat":33.9309700812,"segment_second_lon":-118.334984132,"segment_sequence":960004,"segment_id":48,"segment_len_meter":188.25934113818738,"segment_cum_len":41505.795385614336,"stop_segment_distance":14.554844087781163}
{"route_id":"150","stop_id":"7017","stop_lat":34.146408,"stop_lon":-118.422202,"stop_sequence":59,"segment_first_lat":34.1465308892,"segment_first_lon":-118.4221727165,"segment_second_lat":34.1463752929,"segment_second_lon":-118.4212461903,"segment_sequence":590001,"segment_id":30,"segment_len_meter":87.00174750789148,"segment_cum_len":21382.521280902307,"stop_segment_distance":14.96021736891035}
{"route_id":"16","stop_id":"7301","stop_lat":34.069185,"stop_lon":-118.29142,"stop_sequence":24,"segment_first_lat":34.0690614626,"segment_first_lon":-118.2903761417,"segment_second_lat":34.0690589496,"segment_second_lon":-118.2914195537,"segment_sequence":230010,"segment_id":12,"segment_len_meter":96.10883359131961,"segment_cum_len":6333.515907274983,"stop_segment_distance":15.033172598296332}
{"route_id":"161","stop_id":"20100","stop_lat":34.145253,"stop_lon":-118.820253,"stop_sequence":51,"segment_first_lat":34.1449923873,"segment_first_lon":-118.8205314015,"segment_second_lat":34.1452961288,"segment_second_lon":-118.8203559098,"segment_sequence":500014,"segment_id":25,"segment_len_meter":37.437137213018545,"segment_cum_len":29463.824214598644,"stop_segment_distance":11.8588147923084}
{"route_id":"165","stop_id":"10362","stop_lat":34.191816,"stop_lon":-118.341444,"stop_sequence":73,"segment_first_lat":34.1919288695,"segment_first_lon":-118.3423434466,"segment_second_lat":34.1919152087,"segment_second_lon":-118.341440627,"segment_sequence":720002,"segment_id":36,"segment_len_meter":83.05160516929918,"segment_cum_len":28367.445303256893,"stop_segment_distance":11.658384627593378}
{"route_id":"167","stop_id":"18204","stop_lat":34.23265,"stop_lon":-118.438581,"stop_sequence":50,"segment_first_lat":34.2327156871,"segment_first_lon":-118.4384510691,"segment_second_lat":34.2298403532,"segment_second_lon":-118.4363040741,"segment_sequence":500001,"segment_id":25,"segment_len_meter":375.7409644862245,"segment_cum_len":21355.051155241243,"stop_segment_distance":14.321359121517446}
{"route_id":"167","stop_id":"4537","stop_lat":34.221543,"stop_lon":-118.417464,"stop_sequence":66,"segment_first_lat":34.2216725199,"segment_first_lon":-118.4222016647,"segment_second_lat":34.2216702698,"segment_second_lon":-118.4174645766,"segment_sequence":650002,"segment_id":33,"segment_len_meter":435.5446124227082,"segment_cum_len":26264.903934726368,"stop_segment_distance":14.443144510684476}
{"route_id":"169","stop_id":"6113","stop_lat":34.208369,"stop_lon":-118.379213,"stop_sequence":120,"segment_first_lat":34.2084709803,"segment_first_lon":-118.3801331168,"segment_second_lat":34.2084691944,"segment_second_lon":-118.3792136275,"segment_sequence":1190005,"segment_id":60,"segment_len_meter":84.55455965208921,"segment_cum_len":47719.834136688194,"stop_segment_distance":11.95526880471806}
{"route_id":"176","stop_id":"176166","stop_lat":34.051534,"stop_lon":-118.084227,"stop_sequence":10,"segment_first_lat":34.0516642883,"segment_first_lon":-118.0861817087,"segment_second_lat":34.051663469,"segment_second_lon":-118.0842273588,"segment_sequence":90008,"segment_id":5,"segment_len_meter":180.05167442086466,"segment_cum_len":3280.2825515651093,"stop_segment_distance":15.011302702489473}
{"route_id":"2","stop_id":"6422","stop_lat":34.087332,"stop_lon":-118.398398,"stop_sequence":23,"segment_first_lat":34.0871916362,"segment_first_lon":-118.3992725042,"segment_second_lat":34.0874510042,"segment_second_lon":-118.3984500485,"segment_sequence":220012,"segment_id":11,"segment_len_meter":81.04502440625791,"segment_cum_len":7202.015375042459,"stop_segment_distance":15.06053068938489}
{"route_id":"204","stop_id":"11247","stop_lat":34.011137,"stop_lon":-118.291386,"stop_sequence":32,"segment_first_lat":34.0111363069,"segment_first_lon":-118.2915373095,"segment_second_lat":34.0120925626,"segment_second_lon":-118.2915380003,"segment_sequence":320001,"segment_id":16,"segment_len_meter":106.33080147941398,"segment_cum_len":9797.861752443716,"stop_segment_distance":14.789412007631384}
{"route_id":"218","stop_id":"1428","stop_lat":34.0749,"stop_lon":-118.378767,"stop_sequence":26,"segment_first_lat":34.0754029276,"segment_first_lon":-118.3788844267,"segment_second_lat":34.0749641019,"segment_second_lon":-118.3786179321,"segment_sequence":250028,"segment_id":13,"segment_len_meter":54.620753486192605,"segment_cum_len":13192.466177726965,"stop_segment_distance":17.808094321771286}
{"route_id":"224","stop_id":"11304","stop_lat":34.179677,"stop_lon":-118.383342,"stop_sequence":17,"segment_first_lat":34.1796218601,"segment_first_lon":-118.3834778022,"segment_second_lat":34.1828148406,"segment_second_lon":-118.3854012857,"segment_sequence":170001,"segment_id":9,"segment_len_meter":396.689173060875,"segment_cum_len":5676.494912466826,"stop_segment_distance":14.24410166785259}
{"route_id":"236","stop_id":"341","stop_lat":34.242808,"stop_lon":-118.502313,"stop_sequence":22,"segment_first_lat":34.2407851656,"segment_first_lon":-118.5024964961,"segment_second_lat":34.2428107812,"segment_second_lon":-118.5024640201,"segment_sequence":210003,"segment_id":11,"segment_len_meter":225.25795997973347,"segment_cum_len":9200.708768351671,"stop_segment_distance":14.187785254625908}
{"route_id":"245","stop_id":"6590","stop_lat":34.208557,"stop_lon":-118.605811,"stop_sequence":10,"segment_first_lat":34.2085564092,"segment_first_lon":-118.6059607992,"segment_second_lat":34.2099193981,"segment_second_lon":-118.6059567976,"segment_sequence":100001,"segment_id":5,"segment_len_meter":151.55789746695888,"segment_cum_len":4056.6483855110637,"stop_segment_distance":14.301337665289225}
{"route_id":"256","stop_id":"10492","stop_lat":34.145439,"stop_lon":-118.16069,"stop_sequence":75,"segment_first_lat":34.1454730708,"segment_first_lon":-118.160576203,"segment_second_lat":34.1447634109,"segment_second_lon":-118.1602820213,"segment_sequence":750001,"segment_id":38,"segment_len_meter":83.4254662950128,"segment_cum_len":23322.59545162408,"stop_segment_distance":11.692984858623802}
{"route_id":"258","stop_id":"10315","stop_lat":33.967657,"stop_lon":-118.164897,"stop_sequence":67,"segment_first_lat":33.9676424856,"segment_first_lon":-118.1647445422,"segment_second_lat":33.966794609,"segment_second_lon":-118.1648652273,"segment_sequence":670001,"segment_id":34,"segment_len_meter":94.93422437521008,"segment_cum_len":24756.102290446306,"stop_segment_distance":15.156001756961615}
{"route_id":"258","stop_id":"13400","stop_lat":34.007716,"stop_lon":-118.158822,"stop_sequence":55,"segment_first_lat":34.0077102111,"segment_first_lon":-118.158671084,"segment_second_lat":34.0074656364,"segment_second_lon":-118.1586828286,"segment_sequence":550001,"segment_id":28,"segment_len_meter":27.217004490781157,"segment_cum_len":20177.579642127504,"stop_segment_distance":17.361427837417686}
{"route_id":"260","stop_id":"13162","stop_lat":34.056607,"stop_lon":-118.134781,"stop_sequence":43,"segment_first_lat":34.0569070784,"segment_first_lon":-118.1344546435,"segment_second_lat":34.0565551502,"segment_second_lon":-118.1346356582,"segment_sequence":420008,"segment_id":21,"segment_len_meter":42.53751212201588,"segment_cum_len":15882.244100945774,"stop_segment_distance":16.95445956524547}
{"route_id":"260","stop_id":"643","stop_lat":34.03743,"stop_lon":-118.146824,"stop_sequence":50,"segment_first_lat":34.0373087903,"segment_first_lon":-118.1467133138,"segment_second_lat":34.0364250504,"segment_second_lon":-118.1480864919,"segment_sequence":500001,"segment_id":25,"segment_len_meter":160.20802419187743,"segment_cum_len":18523.476150658316,"stop_segment_distance":18.001455579389244}
{"route_id":"268","stop_id":"1441","stop_lat":34.150315,"stop_lon":-118.073701,"stop_sequence":47,"segment_first_lat":34.150219484,"segment_first_lon":-118.0733700921,"segment_second_lat":34.1502162603,"segment_second_lon":-118.0737006051,"segment_sequence":460003,"segment_id":23,"segment_len_meter":30.41639240569169,"segment_cum_len":18250.994063213897,"stop_segment_distance":12.812711942865398}
{"route_id":"602","stop_id":"6406","stop_lat":34.048659,"stop_lon":-118.532961,"stop_sequence":12,"segment_first_lat":34.0487787115,"segment_first_lon":-118.5329592169,"segment_second_lat":34.0487725611,"segment_second_lon":-118.5326716436,"segment_sequence":120001,"segment_id":6,"segment_len_meter":26.503472406479567,"segment_cum_len":3309.9500334754866,"stop_segment_distance":16.30717666219868}
{"route_id":"603","stop_id":"10498","stop_lat":34.107684,"stop_lon":-118.25475,"stop_sequence":21,"segment_first_lat":34.1075955543,"segment_first_lon":-118.2546407335,"segment_second_lat":34.1070366269,"segment_second_lon":-118.25529642,"segment_sequence":210001,"segment_id":11,"segment_len_meter":86.64228316766417,"segment_cum_len":6445.201932244471,"stop_segment_distance":15.248021193106936}
{"route_id":"603","stop_id":"12960","stop_lat":34.105688,"stop_lon":-118.256429,"stop_sequence":22,"segment_first_lat":34.1058306451,"segment_first_lon":-118.2564357187,"segment_second_lat":34.1057541754,"segment_second_lon":-118.2563433191,"segment_sequence":210010,"segment_id":11,"segment_len_meter":12.02806763346275,"segment_cum_len":6642.372473431829,"stop_segment_distance":14.63317620249066}
{"route_id":"611","stop_id":"9612","stop_lat":34.000026,"stop_lon":-118.201777,"stop_sequence":54,"segment_first_lat":34.0001233312,"segment_first_lon":-118.2017628847,"segment_second_lat":33.9999843062,"segment_second_lon":-118.2004336187,"segment_sequence":540001,"segment_id":27,"segment_len_meter":123.50926936654217,"segment_cum_len":16415.756415508244,"stop_segment_distance":11.31744996025769}
{"route_id":"62","stop_id":"6502","stop_lat":33.99782,"stop_lon":-118.14627,"stop_sequence":34,"segment_first_lat":33.9985172056,"segment_first_lon":-118.146769053,"segment_second_lat":33.9978983111,"segment_second_lon":-118.1461536668,"segment_sequence":330010,"segment_id":17,"segment_len_meter":89.18659859914347,"segment_cum_len":15465.235277306214,"stop_segment_distance":14.77659867466977}
{"route_id":"70","stop_id":"2173","stop_lat":34.062535,"stop_lon":-118.086493,"stop_sequence":58,"segment_first_lat":34.0626487792,"segment_first_lon":-118.0882070611,"segment_second_lat":34.0626599108,"segment_second_lon":-118.0864934909,"segment_sequence":570005,"segment_id":29,"segment_len_meter":157.8533231302614,"segment_cum_len":20045.91736890807,"stop_segment_distance":14.436068044274833}
{"route_id":"76","stop_id":"16394","stop_lat":34.078318,"stop_lon":-118.129648,"stop_sequence":27,"segment_first_lat":34.07819236,"segment_first_lon":-118.1296371007,"segment_second_lat":34.0781414023,"segment_second_lon":-118.1305160971,"segment_sequence":270001,"segment_id":14,"segment_len_meter":81.1534961376332,"segment_cum_len":9445.030056101203,"stop_segment_distance":15.180778039872678}
