{"route_id":"102","stop_id":"769","stop_lat":33.985368,"stop_lon":-118.252211,"stop_sequence":72,"segment_first_lat":33.9861426637,"segment_first_lon":-118.2520909438,"segment_second_lat":33.9853677724,"segment_second_lon":-118.2520886109,"segment_sequence":710006,"segment_id":36,"segment_len_meter":86.16424973398442,"segment_cum_len":23604.91144333588,"stop_segment_distance":11.967115839173815}
{"route_id":"108","stop_id":"1639","stop_lat":33.989208,"stop_lon":-118.247403,"stop_sequence":48,"segment_first_lat":33.9893364578,"segment_first_lon":-118.2477329263,"segment_second_lat":33.9893371345,"segment_second_lon":-118.2474030467,"segment_sequence":470004,"segment_id":24,"segment_len_meter":30.413785685573313,"segment_cum_len":16557.81234107996,"stop_segment_distance":17.55014549648445}
{"route_id":"110","stop_id":"1450","stop_lat":33.981896,"stop_lon":-118.256633,"stop_sequence":45,"segment_first_lat":33.9819596122,"segment_first_lon":-118.2602389055,"segment_second_lat":33.9819959124,"segment_second_lon":-118.256633397,"segment_sequence":440003,"segment_id":22,"segment_len_meter":332.46798394667655,"segment_cum_len":16687.397883198893,"stop_segment_distance":11.197342080627436}
{"route_id":"110","stop_id":"6315","stop_lat":33.981841,"stop_lon":-118.320786,"stop_sequence":27,"segment_first_lat":33.9816390952,"segment_first_lon":-118.3213957164,"segment_second_lat":33.9819063207,"segment_second_lon":-118.3208293948,"segment_sequence":260007,"segment_id":13,"segment_len_meter":60.07985216303928,"segment_cum_len":10519.703149501353,"stop_segment_distance":8.748372054866138}
{"route_id":"115","stop_id":"6356","stop_lat":33.921807,"stop_lon":-118.099384,"stop_sequence":85,"segment_first_lat":33.9218073251,"segment_first_lon":-118.0992317644,"segment_second_lat":33.9211396032,"segment_second_lon":-118.0992286664,"segment_sequence":850001,"segment_id":43,"segment_len_meter":74.24783795317946,"segment_cum_len":28818.833297703888,"stop_segment_distance":15.381435312357624}
{"route_id":"125","stop_id":"19138","stop_lat":33.909674,"stop_lon":-118.116557,"stop_sequence":78,"segment_first_lat":33.9085911117,"segment_first_lon":-118.1166641714,"segment_second_lat":33.9096737487,"segment_second_lon":-118.1166745768,"segment_sequence":770006,"segment_id":39,"segment_len_meter":120.38757144514643,"segment_cum_len":31385.078375477147,"stop_segment_distance":11.279936850949113}
{"route_id":"125","stop_id":"2328","stop_lat":33.90404,"stop_lon":-118.383228,"stop_sequence":8,"segment_first_lat":33.9040406005,"segment_first_lon":-118.3831396544,"segment_second_lat":33.9018752966,"segment_second_lon":-118.3831386538,"segment_sequence":80001,"segment_id":4,"segment_len_meter":240.7708260327599,"segment_cum_len":3669.5343229818395,"stop_segment_distance":8.227986258761234}
{"route_id":"154","stop_id":"2815","stop_lat":34.17405,"stop_lon":-118.380264,"stop_sequence":24,"segment_first_lat":34.1739851987,"segment_first_lon":-118.3800555509,"segment_second_lat":34.1749807761,"segment_second_lon":-118.3806618012,"segment_sequence":290002,"segment_id":15,"segment_len_meter":123.95847540545309,"segment_cum_len":12244.360454791851,"stop_segment_distance":6.304000580677567}
{"route_id":"158","stop_id":"175999","stop_lat":34.151766,"stop_lon":-118.448158,"stop_sequence":1,"segment_first_lat":34.1518246464,"segment_first_lon":-118.4481473394,"segment_second_lat":34.1517621597,"segment_second_lon":-118.4477318648,"segment_sequence":10001,"segment_id":1,"segment_len_meter":38.85810455284206,"segment_cum_len":38.85810455284206,"stop_segment_distance":6.951629155462953}
{"route_id":"169","stop_id":"6828","stop_lat":34.193576,"stop_lon":-118.634718,"stop_sequence":37,"segment_first_lat":34.1937008079,"segment_first_lon":-118.6349567485,"segment_second_lat":34.1937020574,"segment_second_lon":-118.634718658,"segment_sequence":360012,"segment_id":18,"segment_len_meter":21.898584499056224,"segment_cum_len":15430.028148333558,"stop_segment_distance":18.095067733219775}
{"route_id":"180","stop_id":"3053","stop_lat":34.125985,"stop_lon":-118.263502,"stop_sequence":26,"segment_first_lat":34.126092402,"segment_first_lon":-118.26358112,"segment_second_lat":34.1264781767,"segment_second_lon":-118.2628365717,"segment_sequence":260001,"segment_id":13,"segment_len_meter":80.85150605218942,"segment_cum_len":8122.053437818134,"stop_segment_distance":15.349505200893248}
{"route_id":"202","stop_id":"3382","stop_lat":33.780121,"stop_lon":-118.262219,"stop_sequence":53,"segment_first_lat":33.780020758,"segment_first_lon":-118.2617681512,"segment_second_lat":33.7799964414,"segment_second_lon":-118.2622093436,"segment_sequence":520009,"segment_id":26,"segment_len_meter":40.86580134871512,"segment_cum_len":25960.11478591833,"stop_segment_distance":16.146979616850167}
{"route_id":"205","stop_id":"16984","stop_lat":33.779465,"stop_lon":-118.309414,"stop_sequence":46,"segment_first_lat":33.778967767,"segment_first_lon":-118.3094910382,"segment_second_lat":33.7794500877,"segment_second_lon":-118.3095665254,"segment_sequence":450005,"segment_id":23,"segment_len_meter":54.083508907561466,"segment_cum_len":12406.713638062536,"stop_segment_distance":15.856963499433206}
{"route_id":"205","stop_id":"17486","stop_lat":33.86398,"stop_lon":-118.235287,"stop_sequence":103,"segment_first_lat":33.8609770076,"segment_first_lon":-118.235077853,"segment_second_lat":33.8639692367,"segment_second_lon":-118.2354390165,"segment_sequence":1030003,"segment_id":52,"segment_len_meter":334.38768265203987,"segment_cum_len":38099.76139789564,"stop_segment_distance":14.174723785631443}
{"route_id":"205","stop_id":"5697","stop_lat":33.810415,"stop_lon":-118.290179,"stop_sequence":64,"segment_first_lat":33.8104147379,"segment_first_lon":-118.2903296693,"segment_second_lat":33.8117529592,"segment_second_lon":-118.2903152072,"segment_sequence":650001,"segment_id":33,"segment_len_meter":148.80941794888216,"segment_cum_len":21237.932757819934,"stop_segment_distance":14.416490544195057}
{"route_id":"206","stop_id":"13767","stop_lat":33.971111,"stop_lon":-118.300426,"stop_sequence":53,"segment_first_lat":33.9727519058,"segment_first_lon":-118.3002995017,"segment_second_lat":33.9711114179,"segment_second_lon":-118.3003058222,"segment_sequence":520005,"segment_id":26,"segment_len_meter":182.41486285093245,"segment_cum_len":16087.330398018938,"stop_segment_distance":11.500469712692421}
{"route_id":"211","stop_id":"12859","stop_lat":33.884264,"stop_lon":-118.343973,"stop_sequence":56,"segment_first_lat":33.8845395338,"segment_first_lon":-118.3438227897,"segment_second_lat":33.8842647527,"segment_second_lon":-118.3438216627,"segment_sequence":550007,"segment_id":28,"segment_len_meter":30.554441367991597,"segment_cum_len":20060.23617743347,"stop_segment_distance":17.045358497552858}
{"route_id":"217","stop_id":"11992","stop_lat":34.097779,"stop_lon":-118.361687,"stop_sequence":15,"segment_first_lat":34.0977798968,"segment_first_lon":-118.3615348418,"segment_second_lat":34.0968456365,"segment_second_lon":-118.3615281601,"segment_sequence":150001,"segment_id":8,"segment_len_meter":103.88682735918094,"segment_cum_len":4061.227492739399,"stop_segment_distance":14.934813368805536}
{"route_id":"217","stop_id":"5222","stop_lat":34.026414,"stop_lon":-118.371577,"stop_sequence":42,"segment_first_lat":34.0265338366,"segment_first_lon":-118.3720724982,"segment_second_lat":34.0265436038,"segment_second_lon":-118.3715778273,"segment_sequence":410024,"segment_id":21,"segment_len_meter":45.599807739491965,"segment_cum_len":12164.40750395642,"stop_segment_distance":16.37936351187733}
{"route_id":"237","stop_id":"690","stop_lat":34.168992,"stop_lon":-118.379282,"stop_sequence":31,"segment_first_lat":34.1688916759,"segment_first_lon":-118.3792786314,"segment_second_lat":34.1688658299,"segment_second_lon":-118.3809446971,"segment_sequence":310001,"segment_id":16,"segment_len_meter":153.30681522295936,"segment_cum_len":11791.272965431022,"stop_segment_distance":11.464891110570278}
{"route_id":"252","stop_id":"5568","stop_lat":34.024555,"stop_lon":-118.21966,"stop_sequence":1,"segment_first_lat":34.0245648084,"segment_first_lon":-118.2198118696,"segment_second_lat":34.0255388387,"segment_second_lon":-118.2197088201,"segment_sequence":10001,"segment_id":1,"segment_len_meter":108.72278806949586,"segment_cum_len":108.72278806949586,"stop_segment_distance":14.806007170293682}
{"route_id":"258","stop_id":"14858","stop_lat":34.012409,"stop_lon":-118.163087,"stop_sequence":53,"segment_first_lat":34.0130336282,"segment_first_lon":-118.1642237562,"segment_second_lat":34.0124952925,"segment_second_lon":-118.16302985,"segment_sequence":520003,"segment_id":26,"segment_len_meter":125.27090562756185,"segment_cum_len":19354.264700622105,"stop_segment_distance":11.381424028314385}
{"route_id":"265","stop_id":"584","stop_lat":33.853951,"stop_lon":-118.154921,"stop_sequence":6,"segment_first_lat":33.8538527593,"segment_first_lon":-118.154920841,"segment_second_lat":33.8538520565,"segment_second_lon":-118.1573711897,"segment_sequence":60001,"segment_id":3,"segment_len_meter":226.2727510807395,"segment_cum_len":2074.652585269163,"stop_segment_distance":11.176385134239524}
{"route_id":"33","stop_id":"140717","stop_lat":33.991198,"stop_lon":-118.457872,"stop_sequence":7,"segment_first_lat":33.9909504391,"segment_first_lon":-118.45863911,"segment_second_lat":33.9913045078,"segment_second_lon":-118.4579505859,"segment_sequence":60009,"segment_id":3,"segment_len_meter":74.69613388010384,"segment_cum_len":2270.4740346215885,"stop_segment_distance":15.07907196807679}
{"route_id":"4","stop_id":"14388","stop_lat":34.090923,"stop_lon":-118.355313,"stop_sequence":54,"segment_first_lat":34.0907967406,"segment_first_lon":-118.35531581,"segment_second_lat":34.090801881,"segment_second_lon":-118.3563694345,"segment_sequence":540002,"segment_id":27,"segment_len_meter":97.02587337634566,"segment_cum_len":16563.948913374774,"stop_segment_distance":15.226611279206693}
{"route_id":"4","stop_id":"8097","stop_lat":34.058058,"stop_lon":-118.246117,"stop_sequence":12,"segment_first_lat":34.0566351955,"segment_first_lon":-118.2446505456,"segment_second_lat":34.0579666279,"segment_second_lon":-118.2462289352,"segment_sequence":110003,"segment_id":6,"segment_len_meter":207.51158154009934,"segment_cum_len":3688.7322734969416,"stop_segment_distance":15.003513978038768}
{"route_id":"40","stop_id":"142169","stop_lat":34.008171,"stop_lon":-118.33524,"stop_sequence":38,"segment_first_lat":34.0084512128,"segment_first_lon":-118.3351028171,"segment_second_lat":34.0081767394,"segment_second_lon":-118.33508885,"segment_sequence":370007,"segment_id":19,"segment_len_meter":30.54719130896781,"segment_cum_len":14745.428001931825,"stop_segment_distance":17.02614081368999}
{"route_id":"45","stop_id":"11908","stop_lat":34.073852,"stop_lon":-118.212129,"stop_sequence":4,"segment_first_lat":34.0736900733,"segment_first_lon":-118.2121247995,"segment_second_lat":34.0736768759,"segment_second_lon":-118.213065876,"segment_sequence":40001,"segment_id":2,"segment_len_meter":86.69002039694888,"segment_cum_len":737.6310938029984,"stop_segment_distance":19.780103366375045}
{"route_id":"45","stop_id":"4775","stop_lat":34.014306,"stop_lon":-118.27704,"stop_sequence":32,"segment_first_lat":34.014944606,"segment_first_lon":-118.276457816,"segment_second_lat":34.0142456158,"segment_second_lon":-118.2769082401,"segment_sequence":310003,"segment_id":16,"segment_len_meter":88.11668291078817,"segment_cum_len":10285.048071227337,"stop_segment_distance":14.76404161954369}
{"route_id":"487","stop_id":"6247","stop_lat":34.161221,"stop_lon":-118.090347,"stop_sequence":50,"segment_first_lat":34.1613365592,"segment_first_lon":-118.0907573834,"segment_second_lat":34.1613464788,"segment_second_lon":-118.0903541111,"segment_sequence":490025,"segment_id":25,"segment_len_meter":37.12119825779989,"segment_cum_len":29228.354258466312,"stop_segment_distance":16.73237043981834}
{"route_id":"51","stop_id":"1361","stop_lat":33.895619,"stop_lon":-118.256389,"stop_sequence":85,"segment_first_lat":33.8957491204,"segment_first_lon":-118.2564022908,"segment_second_lat":33.8957571639,"segment_second_lon":-118.2562378882,"segment_sequence":850001,"segment_id":43,"segment_len_meter":15.20032659802631,"segment_cum_len":23063.056535532145,"stop_segment_distance":20.07007025156345}
{"route_id":"51","stop_id":"262","stop_lat":33.956286,"stop_lon":-118.265277,"stop_sequence":57,"segment_first_lat":33.9562867488,"segment_first_lon":-118.2651235531,"segment_second_lat":33.955605275,"segment_second_lon":-118.2651263423,"segment_sequence":570001,"segment_id":29,"segment_len_meter":75.77686587951872,"segment_cum_len":15500.454786592967,"stop_segment_distance":15.334172805036502}
{"route_id":"60","stop_id":"12703","stop_lat":34.001908,"stop_lon":-118.22548,"stop_sequence":28,"segment_first_lat":34.0019405461,"segment_first_lon":-118.22533622,"segment_second_lat":34.0018062405,"segment_second_lon":-118.2253015457,"segment_sequence":280001,"segment_id":14,"segment_len_meter":15.27233369328879,"segment_cum_len":9211.514833625799,"stop_segment_distance":18.433064091579812}
{"route_id":"605","stop_id":"3162","stop_lat":34.055791,"stop_lon":-118.205156,"stop_sequence":20,"segment_first_lat":34.0556781755,"segment_first_lon":-118.2052266837,"segment_second_lat":34.0560340104,"segment_second_lon":-118.2060416925,"segment_sequence":200001,"segment_id":10,"segment_len_meter":84.86961310533543,"segment_cum_len":5965.665441896336,"stop_segment_distance":15.216747919182268}
{"route_id":"611","stop_id":"11046","stop_lat":33.974861,"stop_lon":-118.240896,"stop_sequence":25,"segment_first_lat":33.974735022,"segment_first_lon":-118.240608408,"segment_second_lat":33.9747344494,"segment_second_lon":-118.2408953533,"segment_sequence":240006,"segment_id":12,"segment_len_meter":26.45992879361377,"segment_cum_len":7871.53349431719,"stop_segment_distance":17.60380366030371}
{"route_id":"62","stop_id":"14852","stop_lat":33.969553,"stop_lon":-118.118213,"stop_sequence":39,"segment_first_lat":33.9705746918,"segment_first_lon":-118.1189602245,"segment_second_lat":33.9696297348,"segment_second_lon":-118.118092489,"segment_sequence":380010,"segment_id":19,"segment_len_meter":132.07519803395465,"segment_cum_len":19550.373881657735,"stop_segment_distance":14.8068396562702}
{"route_id":"704","stop_id":"5977","stop_lat":34.028798,"stop_lon":-118.479672,"stop_sequence":4,"segment_first_lat":34.0288868858,"segment_first_lon":-118.4797788193,"segment_second_lat":34.029677731,"segment_second_lon":-118.478809065,"segment_sequence":40001,"segment_id":2,"segment_len_meter":125.37673074780604,"segment_cum_len":3065.57516144461,"stop_segment_distance":14.639459004497567}
{"route_id":"734","stop_id":"40246","stop_lat":34.18146,"stop_lon":-118.466326,"stop_sequence":14,"segment_first_lat":34.1824414544,"segment_first_lon":-118.4661744447,"segment_second_lat":34.1814604687,"segment_second_lon":-118.4661706235,"segment_sequence":130004,"segment_id":7,"segment_len_meter":109.08119928395526,"segment_cum_len":14693.587020365823,"stop_segment_distance":15.231168136481259}
{"route_id":"76","stop_id":"15092","stop_lat":34.06341,"stop_lon":-118.19035,"stop_sequence":44,"segment_first_lat":34.0632849483,"segment_first_lon":-118.1903845929,"segment_second_lat":34.0638751887,"segment_second_lon":-118.1934978374,"segment_sequence":440001,"segment_id":22,"segment_len_meter":294.19309007797864,"segment_cum_len":15982.353854325418,"stop_segment_distance":14.615159026095625}
{"route_id":"90","stop_id":"12058","stop_lat":34.149813,"stop_lon":-118.245921,"stop_sequence":60,"segment_first_lat":34.1497721087,"segment_first_lon":-118.2457732919,"segment_second_lat":34.1481440172,"segment_second_lon":-118.24643547,"segment_sequence":600001,"segment_id":30,"segment_len_meter":191.01568319214942,"segment_cum_len":19148.231443972472,"stop_segment_distance":14.842998974086669}
{"route_id":"90","stop_id":"2034","stop_lat":34.259552,"stop_lon":-118.311561,"stop_sequence":6,"segment_first_lat":34.2596944628,"segment_first_lon":-118.3139742953,"segment_second_lat":34.2596776224,"segment_second_lon":-118.311558291,"segment_sequence":50004,"segment_id":3,"segment_len_meter":222.04353700412986,"segment_cum_len":1231.4836840539183,"stop_segment_distance":14.279106550174816}
{"route_id":"94","stop_id":"14232","stop_lat":34.242304,"stop_lon":-118.397089,"stop_sequence":18,"segment_first_lat":34.2437390912,"segment_first_lon":-118.39840656,"segment_second_lat":34.2423855163,"segment_second_lon":-118.3969736621,"segment_sequence":170004,"segment_id":9,"segment_len_meter":200.0039133534253,"segment_cum_len":7739.48850599626,"stop_segment_distance":14.274000419514948}
