{"route_id":"111","stop_id":"1956","stop_lat":33.971846,"stop_lon":-118.203684,"stop_sequence":56,"segment_first_lat":33.9721295289,"segment_first_lon":-118.2051987208,"segment_second_lat":33.9719724757,"segment_second_lon":-118.203666025,"segment_sequence":550002,"segment_id":28,"segment_len_meter":142.4124840788972,"segment_cum_len":20149.08106355083,"stop_segment_distance":14.942294379958753}
{"route_id":"111","stop_id":"6356","stop_lat":33.921807,"stop_lon":-118.099384,"stop_sequence":87,"segment_first_lat":33.9218073251,"segment_first_lon":-118.0992317644,"segment_second_lat":33.9211396032,"segment_second_lon":-118.0992286664,"segment_sequence":870001,"segment_id":44,"segment_len_meter":74.24783795317946,"segment_cum_len":32839.632502750195,"stop_segment_distance":15.381435312357624}
{"route_id":"115","stop_id":"3136","stop_lat":33.959964,"stop_lon":-118.282931,"stop_sequence":40,"segment_first_lat":33.9600953035,"segment_first_lon":-118.2832447478,"segment_second_lat":33.9600897264,"segment_second_lon":-118.2829281529,"segment_sequence":390005,"segment_id":20,"segment_len_meter":29.20551780164665,"segment_cum_len":10712.63461697626,"stop_segment_distance":17.188224065299224}
{"route_id":"150","stop_id":"15343","stop_lat":34.139568,"stop_lon":-118.381918,"stop_sequence":72,"segment_first_lat":34.1398300033,"segment_first_lon":-118.3831983981,"segment_second_lat":34.1396926032,"segment_second_lon":-118.3818976736,"segment_sequence":710005,"segment_id":36,"segment_len_meter":120.68036897736235,"segment_cum_len":25195.686471354165,"stop_segment_distance":14.687271700177917}
{"route_id":"161","stop_id":"65","stop_lat":34.13941,"stop_lon":-118.708608,"stop_sequence":27,"segment_first_lat":34.139327041,"segment_first_lon":-118.7085437622,"segment_second_lat":34.13925313,"segment_second_lon":-118.7086829289,"segment_sequence":270001,"segment_id":14,"segment_len_meter":15.218030463967057,"segment_cum_len":15665.988175497689,"stop_segment_distance":14.495299236197628}
{"route_id":"161","stop_id":"70020085","stop_lat":34.143973,"stop_lon":-118.698511,"stop_sequence":24,"segment_first_lat":34.143823444,"segment_first_lon":-118.6982085258,"segment_second_lat":34.1438768039,"segment_second_lon":-118.6985328602,"segment_sequence":230008,"segment_id":12,"segment_len_meter":30.431985424089504,"segment_cum_len":14560.79489629375,"stop_segment_distance":12.87746316187362}
{"route_id":"163","stop_id":"24021","stop_lat":34.211948,"stop_lon":-118.37016,"stop_sequence":66,"segment_first_lat":34.2102600708,"segment_first_lon":-118.3703178174,"segment_second_lat":34.2119472896,"segment_second_lon":-118.3703130614,"segment_sequence":650003,"segment_id":33,"segment_len_meter":187.61068043844296,"segment_cum_len":25291.02482009107,"stop_segment_distance":14.713533766074676}
{"route_id":"169","stop_id":"6097","stop_lat":34.208219,"stop_lon":-118.566793,"stop_sequence":61,"segment_first_lat":34.2083496417,"segment_first_lon":-118.570667456,"segment_second_lat":34.2083458652,"segment_second_lon":-118.5667943351,"segment_sequence":600001,"segment_id":30,"segment_len_meter":356.1649188732987,"segment_cum_len":24886.432436579395,"stop_segment_distance":14.526115551967393}
{"route_id":"201","stop_id":"9073","stop_lat":34.121356,"stop_lon":-118.262705,"stop_sequence":29,"segment_first_lat":34.1230079022,"segment_first_lon":-118.2639622686,"segment_second_lat":34.1213986115,"segment_second_lon":-118.2626362363,"segment_sequence":280002,"segment_id":14,"segment_len_meter":216.6122864596314,"segment_cum_len":7300.324051566027,"stop_segment_distance":8.397897315621208}
{"route_id":"202","stop_id":"16657","stop_lat":33.924337,"stop_lon":-118.239211,"stop_sequence":3,"segment_first_lat":33.9243370338,"segment_first_lon":-118.2390581688,"segment_second_lat":33.9232983388,"segment_second_lon":-118.2390631164,"segment_sequence":30001,"segment_id":2,"segment_len_meter":115.49851648493696,"segment_cum_len":782.2387293372295,"stop_segment_distance":14.89981611423137}
{"route_id":"205","stop_id":"17442","stop_lat":33.812413,"stop_lon":-118.290179,"stop_sequence":65,"segment_first_lat":33.8120634519,"segment_first_lon":-118.2903195734,"segment_second_lat":33.8124096509,"segment_second_lon":-118.2903303177,"segment_sequence":650003,"segment_id":33,"segment_len_meter":38.50836842748505,"segment_cum_len":21310.968695712614,"stop_segment_distance":16.4568636663887}
{"route_id":"206","stop_id":"13760","stop_lat":33.986021,"stop_lon":-118.300327,"stop_sequence":47,"segment_first_lat":33.9867112765,"segment_first_lon":-118.300204423,"segment_second_lat":33.9860215552,"segment_second_lon":-118.3002075579,"segment_sequence":460006,"segment_id":23,"segment_len_meter":76.6940540061735,"segment_cum_len":14429.359854882427,"stop_segment_distance":11.901484326989618}
{"route_id":"207","stop_id":"5774","stop_lat":34.039729,"stop_lon":-118.308838,"stop_sequence":37,"segment_first_lat":34.0393822036,"segment_first_lon":-118.3089919545,"segment_second_lat":34.0397284372,"segment_second_lon":-118.3089912526,"segment_sequence":360004,"segment_id":18,"segment_len_meter":38.49947407618775,"segment_cum_len":14361.671877018409,"stop_segment_distance":16.71005676165612}
{"route_id":"209","stop_id":"5611","stop_lat":33.979871,"stop_lon":-118.317602,"stop_sequence":27,"segment_first_lat":33.9782112331,"segment_first_lon":-118.3177279496,"segment_second_lat":33.9798709575,"segment_second_lon":-118.3177220428,"segment_sequence":260002,"segment_id":13,"segment_len_meter":184.55373659198924,"segment_cum_len":9609.498868581306,"stop_segment_distance":11.437698162359567}
{"route_id":"209","stop_id":"7746","stop_lat":34.025478,"stop_lon":-118.334765,"stop_sequence":44,"segment_first_lat":34.0256006935,"segment_first_lon":-118.3350955775,"segment_second_lat":34.0256029831,"segment_second_lon":-118.3347655612,"segment_sequence":430003,"segment_id":22,"segment_len_meter":30.41437076040006,"segment_cum_len":16362.51396339171,"stop_segment_distance":16.86355978441639}
{"route_id":"211","stop_id":"13619","stop_lat":33.945175,"stop_lon":-118.36117,"stop_sequence":19,"segment_first_lat":33.9418195344,"segment_first_lon":-118.3613174361,"segment_second_lat":33.9451746447,"segment_second_lon":-118.3613259722,"segment_sequence":180002,"segment_id":9,"segment_len_meter":373.07207467684583,"segment_cum_len":6540.989333255667,"stop_segment_distance":14.674060266590118}
{"route_id":"212","stop_id":"12141","stop_lat":33.968935,"stop_lon":-118.355834,"stop_sequence":53,"segment_first_lat":33.9700187169,"segment_first_lon":-118.3564886995,"segment_second_lat":33.9690045931,"segment_second_lon":-118.3557057187,"segment_sequence":520004,"segment_id":26,"segment_len_meter":133.90135867428415,"segment_cum_len":17794.589656877826,"stop_segment_distance":15.017204365675155}
{"route_id":"218","stop_id":"32166","stop_lat":34.137402,"stop_lon":-118.393138,"stop_sequence":4,"segment_first_lat":34.1386402724,"segment_first_lon":-118.3934309786,"segment_second_lat":34.137437579,"segment_second_lon":-118.3929907522,"segment_sequence":30005,"segment_id":2,"segment_len_meter":139.73610193251096,"segment_cum_len":954.078740334892,"stop_segment_distance":14.686574519873176}
{"route_id":"224","stop_id":"5848","stop_lat":34.309995,"stop_lon":-118.472961,"stop_sequence":58,"segment_first_lat":34.3099937579,"segment_first_lon":-118.4731825526,"segment_second_lat":34.3101317835,"segment_second_lon":-118.4730210707,"segment_sequence":580002,"segment_id":29,"segment_len_meter":21.343153248828774,"segment_cum_len":22985.770977601063,"stop_segment_distance":15.185677408832444}
{"route_id":"232","stop_id":"23200114","stop_lat":33.891744,"stop_lon":-118.395857,"stop_sequence":78,"segment_first_lat":33.8917435948,"segment_first_lon":-118.3960083792,"segment_second_lat":33.8921970036,"segment_second_lon":-118.3960042607,"segment_sequence":780001,"segment_id":39,"segment_len_meter":50.41819139401775,"segment_cum_len":30897.436789438776,"stop_segment_distance":15.72788810581931}
{"route_id":"233","stop_id":"140740","stop_lat":34.253805,"stop_lon":-118.438709,"stop_sequence":37,"segment_first_lat":34.2530396092,"segment_first_lon":-118.4399854476,"segment_second_lat":34.2539015031,"segment_second_lon":-118.4388075802,"segment_sequence":360004,"segment_id":18,"segment_len_meter":144.58356989308777,"segment_cum_len":12008.125147424256,"stop_segment_distance":14.396855394914752}
{"route_id":"234","stop_id":"14526","stop_lat":34.088388,"stop_lon":-118.474937,"stop_sequence":68,"segment_first_lat":34.0886742385,"segment_first_lon":-118.4748202241,"segment_second_lat":34.0884012465,"segment_second_lon":-118.4747823439,"segment_sequence":670107,"segment_id":34,"segment_len_meter":30.55510191957931,"segment_cum_len":34570.17306334596,"stop_segment_distance":17.358800502248595}
{"route_id":"234","stop_id":"4739","stop_lat":34.271789,"stop_lon":-118.456164,"stop_sequence":30,"segment_first_lat":34.2716585179,"segment_first_lon":-118.4561755156,"segment_second_lat":34.2716863299,"segment_second_lon":-118.4564517218,"segment_sequence":300001,"segment_id":15,"segment_len_meter":25.56800370027579,"segment_cum_len":11175.814515852084,"stop_segment_distance":17.77746834530425}
{"route_id":"243","stop_id":"11369","stop_lat":34.250293,"stop_lon":-118.553432,"stop_sequence":63,"segment_first_lat":34.2502926208,"segment_first_lon":-118.5535876865,"segment_second_lat":34.2506690733,"segment_second_lon":-118.5535901833,"segment_sequence":630001,"segment_id":32,"segment_len_meter":41.86023717106247,"segment_cum_len":27720.621481723276,"stop_segment_distance":16.722111389786527}
{"route_id":"260","stop_id":"13139","stop_lat":34.029572,"stop_lon":-118.154659,"stop_sequence":52,"segment_first_lat":34.0304599903,"segment_first_lon":-118.1542345415,"segment_second_lat":34.0295432273,"segment_second_lon":-118.1545094251,"segment_sequence":510011,"segment_id":26,"segment_len_meter":105.03954606283324,"segment_cum_len":19528.793481084875,"stop_segment_distance":15.315876921339225}
{"route_id":"268","stop_id":"142137","stop_lat":34.132102,"stop_lon":-118.054314,"stop_sequence":31,"segment_first_lat":34.1321097522,"segment_first_lon":-118.0544669973,"segment_second_lat":34.1340858055,"segment_second_lon":-118.0543318083,"segment_sequence":310001,"segment_id":16,"segment_len_meter":220.07912820743053,"segment_cum_len":11547.982088058003,"stop_segment_distance":14.62447577352114}
{"route_id":"268","stop_id":"8950","stop_lat":34.114928,"stop_lon":-118.053503,"stop_sequence":25,"segment_first_lat":34.1144471358,"segment_first_lon":-118.0535591847,"segment_second_lat":34.1149051644,"segment_second_lon":-118.0536513227,"segment_sequence":240006,"segment_id":12,"segment_len_meter":51.63196442076291,"segment_cum_len":8363.036012049288,"stop_segment_distance":15.9759439894719}
{"route_id":"28","stop_id":"4252","stop_lat":34.052762,"stop_lon":-118.300237,"stop_sequence":70,"segment_first_lat":34.0526325484,"segment_first_lon":-118.300236277,"segment_second_lat":34.0526306254,"segment_second_lon":-118.3010087782,"segment_sequence":700001,"segment_id":35,"segment_len_meter":71.16901476221979,"segment_cum_len":21903.280908048262,"stop_segment_distance":15.812675665910163}
{"route_id":"28","stop_id":"680","stop_lat":34.058181,"stop_lon":-118.239699,"stop_sequence":49,"segment_first_lat":34.0582585287,"segment_first_lon":-118.2394949954,"segment_second_lat":34.0580741147,"segment_second_lon":-118.2396496392,"segment_sequence":490003,"segment_id":25,"segment_len_meter":24.968810120769753,"segment_cum_len":14934.484312856333,"stop_segment_distance":8.432618220746484}
{"route_id":"33","stop_id":"6904","stop_lat":34.046295,"stop_lon":-118.334007,"stop_sequence":46,"segment_first_lat":34.0465797134,"segment_first_lon":-118.3344632615,"segment_second_lat":34.0464140642,"segment_second_lon":-118.3339496123,"segment_sequence":450011,"segment_id":23,"segment_len_meter":50.782868308935086,"segment_cum_len":15484.587510553372,"stop_segment_distance":16.098431876768565}
{"route_id":"35","stop_id":"7745","stop_lat":34.026203,"stop_lon":-118.368751,"stop_sequence":5,"segment_first_lat":34.0264521138,"segment_first_lon":-118.3700523561,"segment_second_lat":34.0263313941,"segment_second_lon":-118.3687340178,"segment_sequence":40008,"segment_id":2,"segment_len_meter":122.23225260891425,"segment_cum_len":1994.4729834302814,"stop_segment_distance":15.21550336531115}
{"route_id":"40","stop_id":"9445","stop_lat":33.985548,"stop_lon":-118.33098,"stop_sequence":47,"segment_first_lat":33.9863097111,"segment_first_lon":-118.3308248486,"segment_second_lat":33.9855485454,"segment_second_lon":-118.330827449,"segment_sequence":460004,"segment_id":23,"segment_len_meter":84.63810375987835,"segment_cum_len":17377.743094428803,"stop_segment_distance":15.325218285184619}
{"route_id":"460","stop_id":"15694","stop_lat":34.049104,"stop_lon":-118.252096,"stop_sequence":4,"segment_first_lat":34.0490232436,"segment_first_lon":-118.2521701408,"segment_second_lat":34.0494655554,"segment_second_lon":-118.2528726462,"segment_sequence":40001,"segment_id":2,"segment_len_meter":81.2894997444294,"segment_cum_len":1179.2403908998813,"stop_segment_distance":12.067170255124452}
{"route_id":"51","stop_id":"9751","stop_lat":34.042167,"stop_lon":-118.249104,"stop_sequence":22,"segment_first_lat":34.0422618079,"segment_first_lon":-118.2490073043,"segment_second_lat":34.0419481012,"segment_second_lon":-118.2485587699,"segment_sequence":220001,"segment_id":11,"segment_len_meter":54.08105472596043,"segment_cum_len":5332.20687620382,"stop_segment_distance":15.544731824104758}
{"route_id":"603","stop_id":"20177","stop_lat":34.146712,"stop_lon":-118.259665,"stop_sequence":2,"segment_first_lat":34.1468402121,"segment_first_lon":-118.2596649821,"segment_second_lat":34.1468363094,"segment_second_lon":-118.2581512642,"segment_sequence":20001,"segment_id":1,"segment_len_meter":139.30074040423918,"segment_cum_len":474.7735816623767,"stop_segment_distance":14.941722260608913}
{"route_id":"611","stop_id":"10188","stop_lat":33.985733,"stop_lon":-118.174317,"stop_sequence":67,"segment_first_lat":33.985722118,"segment_first_lon":-118.1742301407,"segment_second_lat":33.9850819908,"segment_second_lon":-118.174335355,"segment_sequence":670001,"segment_id":34,"segment_len_meter":71.83690797473659,"segment_cum_len":20179.079479987424,"stop_segment_distance":8.671138983315757}
{"route_id":"68","stop_id":"3279","stop_lat":34.034472,"stop_lon":-118.084382,"stop_sequence":1,"segment_first_lat":34.0343422074,"segment_first_lon":-118.0844056496,"segment_second_lat":34.034434074,"segment_second_lon":-118.0850632189,"segment_sequence":10001,"segment_id":1,"segment_len_meter":61.448346735726005,"segment_cum_len":61.448346735726005,"stop_segment_distance":16.061562805249295}
{"route_id":"687","stop_id":"8687","stop_lat":34.168869,"stop_lon":-118.113183,"stop_sequence":4,"segment_first_lat":34.1688661933,"segment_first_lon":-118.1130317684,"segment_second_lat":34.1680940308,"segment_second_lon":-118.1130429555,"segment_sequence":40001,"segment_id":2,"segment_len_meter":85.86672113489287,"segment_cum_len":1794.4214492825429,"stop_segment_distance":15.180787339345244}
{"route_id":"734","stop_id":"10977","stop_lat":34.078001,"stop_lon":-118.439296,"stop_sequence":23,"segment_first_lat":34.0780455543,"segment_first_lon":-118.4391837829,"segment_second_lat":34.0778920716,"segment_second_lon":-118.4390740001,"segment_sequence":230002,"segment_id":12,"segment_len_meter":19.836777390060753,"segment_cum_len":32746.8079065704,"stop_segment_distance":15.38905909161479}
{"route_id":"81","stop_id":"10434","stop_lat":34.098226,"stop_lon":-118.205511,"stop_sequence":33,"segment_first_lat":34.0981236376,"segment_first_lon":-118.2054173976,"segment_second_lat":34.0980690817,"segment_second_lon":-118.2055044655,"segment_sequence":330001,"segment_id":17,"segment_len_meter":10.053537820443866,"segment_cum_len":9455.702812975276,"stop_segment_distance":21.68248508304535}
{"route_id":"94","stop_id":"5132","stop_lat":34.036264,"stop_lon":-118.263425,"stop_sequence":97,"segment_first_lat":34.036798554,"segment_first_lon":-118.2628519578,"segment_second_lat":34.036208104,"segment_second_lon":-118.2633257291,"segment_sequence":960004,"segment_id":48,"segment_len_meter":78.84419404438863,"segment_cum_len":40717.46175398554,"stop_segment_distance":11.72116669816674}
