{"route_id":"102","stop_id":"653","stop_lat":34.006787,"stop_lon":-118.252236,"stop_sequence":66,"segment_first_lat":34.0075841677,"segment_first_lon":-118.2521159197,"segment_second_lat":34.0067872864,"segment_second_lon":-118.2521164892,"segment_sequence":650003,"segment_id":33,"segment_len_meter":88.60917324821155,"segment_cum_len":21223.07282960281,"stop_segment_distance":11.736471830970302}
{"route_id":"105","stop_id":"4523","stop_lat":34.021707,"stop_lon":-118.366188,"stop_sequence":41,"segment_first_lat":34.0215764343,"segment_first_lon":-118.3658561733,"segment_second_lat":34.0215789968,"segment_second_lon":-118.3661891645,"segment_sequence":400006,"segment_id":20,"segment_len_meter":30.690240819303575,"segment_cum_len":14526.965594772078,"stop_segment_distance":17.396269322702032}
{"route_id":"105","stop_id":"8126","stop_lat":34.003818,"stop_lon":-118.321207,"stop_sequence":24,"segment_first_lat":34.0036962802,"segment_first_lon":-118.3203355103,"segment_second_lat":34.0036917669,"segment_second_lon":-118.3212065318,"segment_sequence":230003,"segment_id":12,"segment_len_meter":80.29299484286469,"segment_cum_len":8714.156039509939,"stop_segment_distance":15.210244912072682}
{"route_id":"106","stop_id":"8612","stop_lat":34.037023,"stop_lon":-118.173315,"stop_sequence":9,"segment_first_lat":34.0369658495,"segment_first_lon":-118.1713374976,"segment_second_lat":34.0369509371,"segment_second_lon":-118.1733145794,"segment_sequence":80010,"segment_id":4,"segment_len_meter":182.18504552071167,"segment_cum_len":3005.752203643431,"stop_segment_distance":8.155034919245338}
{"route_id":"110","stop_id":"2119","stop_lat":33.979529,"stop_lon":-118.202443,"stop_sequence":70,"segment_first_lat":33.9796712531,"segment_first_lon":-118.2026180367,"segment_second_lat":33.9796520717,"segment_second_lon":-118.2024223933,"segment_sequence":690005,"segment_id":35,"segment_len_meter":18.165309283729368,"segment_cum_len":23334.30017412792,"stop_segment_distance":18.249368102099222}
{"route_id":"115","stop_id":"1911","stop_lat":33.960022,"stop_lon":-118.234113,"stop_sequence":54,"segment_first_lat":33.9601395055,"segment_first_lon":-118.2344756911,"segment_second_lat":33.9601403316,"segment_second_lon":-118.2340502945,"segment_sequence":530010,"segment_id":27,"segment_len_meter":39.23358827803511,"segment_cum_len":15220.789425723164,"stop_segment_distance":11.050738281052539}
{"route_id":"115","stop_id":"7807","stop_lat":33.95997,"stop_lon":-118.277899,"stop_sequence":42,"segment_first_lat":33.9600967453,"segment_first_lon":-118.2778992332,"segment_second_lat":33.9601054447,"segment_second_lon":-118.2740970512,"segment_sequence":420001,"segment_id":21,"segment_len_meter":350.66916357858753,"segment_cum_len":11527.13485739186,"stop_segment_distance":14.394161611927814}
{"route_id":"117","stop_id":"1106","stop_lat":33.943126,"stop_lon":-118.246498,"stop_sequence":40,"segment_first_lat":33.9432632259,"segment_first_lon":-118.2477120765,"segment_second_lat":33.9432544524,"segment_second_lon":-118.2464954569,"segment_sequence":390002,"segment_id":20,"segment_len_meter":112.2329020031948,"segment_cum_len":15483.310826958343,"stop_segment_distance":15.081136168064106}
{"route_id":"120","stop_id":"14346","stop_lat":33.936296,"stop_lon":-117.993194,"stop_sequence":4,"segment_first_lat":33.9380189873,"segment_first_lon":-117.9930723538,"segment_second_lat":33.9362960918,"segment_second_lon":-117.9930754633,"segment_sequence":30003,"segment_id":2,"segment_len_meter":191.57745350500326,"segment_cum_len":1327.6442266668478,"stop_segment_distance":11.27385320299851}
{"route_id":"150","stop_id":"14946","stop_lat":34.182984,"stop_lon":-118.606039,"stop_sequence":8,"segment_first_lat":34.182984649,"segment_first_lon":-118.6058827635,"segment_second_lat":34.1828472364,"segment_second_lon":-118.6058860653,"segment_sequence":80001,"segment_id":4,"segment_len_meter":15.282602250627036,"segment_cum_len":2205.812322651417,"stop_segment_distance":19.805503911099862}
{"route_id":"155","stop_id":"18066","stop_lat":34.15589,"stop_lon":-118.334729,"stop_sequence":41,"segment_first_lat":34.156007126,"segment_first_lon":-118.3347868845,"segment_second_lat":34.1562847042,"segment_second_lon":-118.3339768476,"segment_sequence":410001,"segment_id":21,"segment_len_meter":80.67348054178716,"segment_cum_len":16088.992848852653,"stop_segment_distance":15.34970280975324}
{"route_id":"16","stop_id":"15656","stop_lat":34.072785,"stop_lon":-118.369825,"stop_sequence":50,"segment_first_lat":34.0725511456,"segment_first_lon":-118.3689519671,"segment_second_lat":34.0726599755,"segment_second_lon":-118.3698459994,"segment_sequence":490005,"segment_id":25,"segment_len_meter":83.23009579256711,"segment_cum_len":13597.09675443472,"stop_segment_distance":15.317288944244638}
{"route_id":"16","stop_id":"15657","stop_lat":34.060936,"stop_lon":-118.267718,"stop_sequence":15,"segment_first_lat":34.060602044,"segment_first_lon":-118.2672023568,"segment_second_lat":34.0608208702,"segment_second_lon":-118.2677795215,"segment_sequence":140007,"segment_id":7,"segment_len_meter":58.47112448264666,"segment_cum_len":3905.1781052576694,"stop_segment_distance":15.822015342483269}
{"route_id":"161","stop_id":"15457","stop_lat":34.190454,"stop_lon":-118.596471,"stop_sequence":1,"segment_first_lat":34.1905038491,"segment_first_lon":-118.5964705685,"segment_second_lat":34.1905025572,"segment_second_lon":-118.5960079366,"segment_sequence":10001,"segment_id":1,"segment_len_meter":42.55197826740356,"segment_cum_len":42.55197826740356,"stop_segment_distance":5.923438863675955}
{"route_id":"163","stop_id":"6216","stop_lat":34.200879,"stop_lon":-118.61992,"stop_sequence":5,"segment_first_lat":34.2010066417,"segment_first_lon":-118.6199247023,"segment_second_lat":34.2010212626,"segment_second_lon":-118.6190550092,"segment_sequence":50001,"segment_id":3,"segment_len_meter":79.99876733049098,"segment_cum_len":1162.9043919485175,"stop_segment_distance":15.308365146379643}
{"route_id":"163","stop_id":"7212","stop_lat":34.215984,"stop_lon":-118.370165,"stop_sequence":67,"segment_first_lat":34.2159839312,"segment_first_lon":-118.3703157471,"segment_second_lat":34.2167203628,"segment_second_lon":-118.3703166976,"segment_sequence":670001,"segment_id":34,"segment_len_meter":81.88750437983528,"segment_cum_len":25821.766523628634,"stop_segment_distance":15.033048194282472}
{"route_id":"167","stop_id":"18196","stop_lat":34.242666,"stop_lon":-118.467206,"stop_sequence":41,"segment_first_lat":34.2427912744,"segment_first_lon":-118.4672030241,"segment_second_lat":34.2427775798,"segment_second_lon":-118.4653367517,"segment_sequence":410001,"segment_id":21,"segment_len_meter":171.55538887745314,"segment_cum_len":17864.476130089453,"stop_segment_distance":14.646848608349416}
{"route_id":"169","stop_id":"14941","stop_lat":34.164059,"stop_lon":-118.605988,"stop_sequence":10,"segment_first_lat":34.164059957,"segment_first_lon":-118.60583578,"segment_second_lat":34.1635103598,"segment_second_lon":-118.6058384065,"segment_sequence":100001,"segment_id":5,"segment_len_meter":61.11289812247218,"segment_cum_len":3726.8610863522567,"stop_segment_distance":15.432056261360707}
{"route_id":"169","stop_id":"6092","stop_lat":34.208289,"stop_lon":-118.526988,"stop_sequence":70,"segment_first_lat":34.2084153322,"segment_first_lon":-118.526988929,"segment_second_lat":34.2084128153,"segment_second_lon":-118.5262414168,"segment_sequence":700001,"segment_id":35,"segment_len_meter":68.74028490408232,"segment_cum_len":28615.745537604722,"stop_segment_distance":15.328655686557838}
{"route_id":"169","stop_id":"6121","stop_lat":34.208286,"stop_lon":-118.523128,"stop_sequence":71,"segment_first_lat":34.2084166944,"segment_first_lon":-118.52408164,"segment_second_lat":34.2084136724,"segment_second_lon":-118.5231290594,"segment_sequence":700004,"segment_id":35,"segment_len_meter":87.59803526606657,"segment_cum_len":28901.961213122,"stop_segment_distance":15.48969155294185}
{"route_id":"175","stop_id":"7092","stop_lat":34.09803,"stop_lon":-118.291203,"stop_sequence":10,"segment_first_lat":34.0981594743,"segment_first_lon":-118.2912038713,"segment_second_lat":34.0981634672,"segment_second_lon":-118.2895424191,"segment_sequence":100001,"segment_id":5,"segment_len_meter":152.98402023796802,"segment_cum_len":2853.4385846591304,"stop_segment_distance":15.034897310541197}
{"route_id":"18","stop_id":"8288","stop_lat":34.021534,"stop_lon":-118.163191,"stop_sequence":57,"segment_first_lat":34.0216567588,"segment_first_lon":-118.1631559381,"segment_second_lat":34.0215404497,"segment_second_lon":-118.1626003078,"segment_sequence":570001,"segment_id":29,"segment_len_meter":52.81555543776061,"segment_cum_len":15928.262143359134,"stop_segment_distance":15.65559951833498}
{"route_id":"18","stop_id":"8328","stop_lat":34.022708,"stop_lon":-118.168777,"stop_sequence":55,"segment_first_lat":34.022831209,"segment_first_lon":-118.1687420496,"segment_second_lat":34.0226679842,"segment_second_lon":-118.1679553007,"segment_sequence":550001,"segment_id":28,"segment_len_meter":74.74393467577195,"segment_cum_len":15419.065000156637,"stop_segment_distance":15.188367315963049}
{"route_id":"200","stop_id":"5148","stop_lat":34.03691,"stop_lon":-118.283851,"stop_sequence":14,"segment_first_lat":34.0369100309,"segment_first_lon":-118.2840031563,"segment_second_lat":34.0370474233,"segment_second_lon":-118.2840036226,"segment_sequence":140001,"segment_id":7,"segment_len_meter":15.27739826103938,"segment_cum_len":3427.8939248917636,"stop_segment_distance":19.51027812799701}
{"route_id":"204","stop_id":"5653","stop_lat":34.034254,"stop_lon":-118.291387,"stop_sequence":41,"segment_first_lat":34.0336880657,"segment_first_lon":-118.2915340206,"segment_second_lat":34.0342541157,"segment_second_lon":-118.291538633,"segment_sequence":400003,"segment_id":20,"segment_len_meter":62.94332322123072,"segment_cum_len":12262.123683861646,"stop_segment_distance":15.40010113543368}
{"route_id":"205","stop_id":"5780","stop_lat":33.736393,"stop_lon":-118.309574,"stop_sequence":10,"segment_first_lat":33.7361180729,"segment_first_lon":-118.3096949003,"segment_second_lat":33.7363928493,"segment_second_lon":-118.3096959137,"segment_sequence":90004,"segment_id":5,"segment_len_meter":30.553885346000946,"segment_cum_len":1916.7923505349295,"stop_segment_distance":13.270047801108667}
{"route_id":"206","stop_id":"13769","stop_lat":33.967437,"stop_lon":-118.30036,"stop_sequence":54,"segment_first_lat":33.9677783907,"segment_first_lon":-118.3002552845,"segment_second_lat":33.9674404424,"segment_second_lon":-118.3002398917,"segment_sequence":530006,"segment_id":27,"segment_len_meter":37.60493826425367,"segment_cum_len":16495.674029838792,"stop_segment_distance":12.648033011989135}
{"route_id":"210","stop_id":"13371","stop_lat":33.952077,"stop_lon":-118.326631,"stop_sequence":62,"segment_first_lat":33.9520776994,"segment_first_lon":-118.3264799168,"segment_second_lat":33.9492584043,"segment_second_lon":-118.3264775017,"segment_sequence":620001,"segment_id":31,"segment_len_meter":313.49139098173856,"segment_cum_len":20788.70974140233,"stop_segment_distance":14.177430462001723}
{"route_id":"217","stop_id":"11985","stop_lat":34.077943,"stop_lon":-118.361579,"stop_sequence":21,"segment_first_lat":34.077943256,"segment_first_lon":-118.3614269724,"segment_second_lat":34.0762450794,"segment_second_lon":-118.3614222762,"segment_sequence":210001,"segment_id":11,"segment_len_meter":188.8291178290223,"segment_cum_len":6352.290300879849,"stop_segment_distance":14.523801556131389}
{"route_id":"222","stop_id":"15837","stop_lat":34.154453,"stop_lon":-118.340306,"stop_sequence":24,"segment_first_lat":34.1544063405,"segment_first_lon":-118.3404471487,"segment_second_lat":34.154914012,"segment_second_lon":-118.3406911696,"segment_sequence":240001,"segment_id":12,"segment_len_meter":60.75227788043975,"segment_cum_len":8923.487812399979,"stop_segment_distance":15.555039265451015}
{"route_id":"224","stop_id":"451","stop_lat":34.323406,"stop_lon":-118.444838,"stop_sequence":67,"segment_first_lat":34.3230746783,"segment_first_lon":-118.4453925598,"segment_second_lat":34.3234753816,"segment_second_lon":-118.4449273687,"segment_sequence":660006,"segment_id":33,"segment_len_meter":61.726989471175294,"segment_cum_len":26419.933012356283,"stop_segment_distance":12.392210663940496}
{"route_id":"230","stop_id":"2915","stop_lat":34.205783,"stop_lon":-118.396654,"stop_sequence":33,"segment_first_lat":34.2084788965,"segment_first_lon":-118.3965019099,"segment_second_lat":34.2057832235,"segment_second_lon":-118.3964990335,"segment_sequence":320002,"segment_id":16,"segment_len_meter":299.74527820259254,"segment_cum_len":12541.571634267813,"stop_segment_distance":14.60170047838028}
{"route_id":"233","stop_id":"6786","stop_lat":34.188537,"stop_lon":-118.448508,"stop_sequence":14,"segment_first_lat":34.1876517642,"segment_first_lon":-118.4486583176,"segment_second_lat":34.1885365808,"segment_second_lon":-118.4486600941,"segment_sequence":130002,"segment_id":7,"segment_len_meter":98.38725262151763,"segment_cum_len":4245.64948141145,"stop_segment_distance":15.002409513594827}
{"route_id":"234","stop_id":"2095","stop_lat":34.153005,"stop_lon":-118.466367,"stop_sequence":65,"segment_first_lat":34.1529898627,"segment_first_lon":-118.4662137534,"segment_second_lat":34.1528243612,"segment_second_lon":-118.466233984,"segment_sequence":650001,"segment_id":33,"segment_len_meter":18.496844146686428,"segment_cum_len":25222.699607760933,"stop_segment_distance":19.22641458684211}
{"route_id":"256","stop_id":"2797","stop_lat":34.182216,"stop_lon":-118.131499,"stop_sequence":116,"segment_first_lat":34.1822212554,"segment_first_lon":-118.1316494767,"segment_second_lat":34.1836502146,"segment_second_lon":-118.1315895669,"segment_sequence":1160001,"segment_id":58,"segment_len_meter":158.98855045147667,"segment_cum_len":35639.607501316175,"stop_segment_distance":14.560448163222816}
{"route_id":"258","stop_id":"13392","stop_lat":33.98119,"stop_lon":-118.162951,"stop_sequence":63,"segment_first_lat":33.9825429113,"segment_first_lon":-118.1625707609,"segment_second_lat":33.9811727989,"segment_second_lon":-118.1627989951,"segment_sequence":620002,"segment_id":31,"segment_len_meter":153.79611017007355,"segment_cum_len":23145.945252237947,"stop_segment_distance":14.817679044645502}
{"route_id":"28","stop_id":"16131","stop_lat":34.058689,"stop_lon":-118.411894,"stop_sequence":96,"segment_first_lat":34.0587428097,"segment_first_lon":-118.4115440302,"segment_second_lat":34.0585817577,"segment_second_lon":-118.4117934965,"segment_sequence":950011,"segment_id":48,"segment_len_meter":29.134744854734972,"segment_cum_len":32254.679743875702,"stop_segment_distance":18.752389227286987}
{"route_id":"33","stop_id":"5628","stop_lat":33.988796,"stop_lon":-118.462338,"stop_sequence":6,"segment_first_lat":33.9887173182,"segment_first_lon":-118.4627207094,"segment_second_lat":33.988895673,"segment_second_lon":-118.4624294192,"segment_sequence":50006,"segment_id":3,"segment_len_meter":33.38505678365565,"segment_cum_len":1777.8824095253426,"stop_segment_distance":16.89205003302464}
{"route_id":"35","stop_id":"16520","stop_lat":34.040048,"stop_lon":-118.326485,"stop_sequence":65,"segment_first_lat":34.0398952639,"segment_first_lon":-118.3260128573,"segment_second_lat":34.0398939885,"segment_second_lon":-118.3264848692,"segment_sequence":640004,"segment_id":32,"segment_len_meter":43.49209430105546,"segment_cum_len":20103.785349975544,"stop_segment_distance":20.334661040347186}
{"route_id":"4","stop_id":"14349","stop_lat":34.090999,"stop_lon":-118.291945,"stop_sequence":35,"segment_first_lat":34.0908730646,"segment_first_lon":-118.2919447544,"segment_second_lat":34.0908710025,"segment_second_lon":-118.2927968763,"segment_sequence":350002,"segment_id":18,"segment_len_meter":78.46886519512974,"segment_cum_len":10709.637036933273,"stop_segment_distance":15.261070852117939}
{"route_id":"460","stop_id":"17199","stop_lat":33.887798,"stop_lon":-118.043144,"stop_sequence":39,"segment_first_lat":33.8879068543,"segment_first_lon":-118.0448018001,"segment_second_lat":33.8879250438,"segment_second_lon":-118.0431478121,"segment_sequence":390002,"segment_id":20,"segment_len_meter":152.68679875747995,"segment_cum_len":42455.97839594691,"stop_segment_distance":14.947563846717316}
{"route_id":"487","stop_id":"3892","stop_lat":34.113339,"stop_lon":-118.091009,"stop_sequence":24,"segment_first_lat":34.1109650847,"segment_first_lon":-118.0911222625,"segment_second_lat":34.1133364648,"segment_second_lon":-118.0911621789,"segment_sequence":230003,"segment_id":12,"segment_len_meter":263.71104184926844,"segment_cum_len":20565.542250848128,"stop_segment_distance":14.566876275149355}
{"route_id":"550","stop_id":"17562","stop_lat":33.732366,"stop_lon":-118.294734,"stop_sequence":10,"segment_first_lat":33.7324398865,"segment_first_lon":-118.2950431955,"segment_second_lat":33.7324370721,"segment_second_lon":-118.294734045,"segment_sequence":90004,"segment_id":5,"segment_len_meter":28.590137298588626,"segment_cum_len":2211.681993836016,"stop_segment_distance":9.06227663791314}
{"route_id":"66","stop_id":"7444","stop_lat":34.043738,"stop_lon":-118.258421,"stop_sequence":21,"segment_first_lat":34.0444233866,"segment_first_lon":-118.2592712299,"segment_second_lat":34.0438156118,"segment_second_lon":-118.2583487074,"segment_sequence":200002,"segment_id":10,"segment_len_meter":108.590846301255,"segment_cum_len":5959.703025211726,"stop_segment_distance":11.603761877229715}
{"route_id":"68","stop_id":"9218","stop_lat":34.058127,"stop_lon":-118.236685,"stop_sequence":38,"segment_first_lat":34.0580056659,"segment_first_lon":-118.2367374994,"segment_second_lat":34.0580984841,"segment_second_lon":-118.2370481056,"segment_sequence":380001,"segment_id":19,"segment_len_meter":30.418056090648815,"segment_cum_len":15205.660810992982,"stop_segment_distance":17.51416300649362}
{"route_id":"78","stop_id":"2577","stop_lat":34.085312,"stop_lon":-118.184356,"stop_sequence":30,"segment_first_lat":34.085414884,"segment_first_lon":-118.1843743652,"segment_second_lat":34.085446985,"segment_second_lon":-118.1840461572,"segment_sequence":300001,"segment_id":15,"segment_len_meter":30.435355957177283,"segment_cum_len":10920.46096791929,"stop_segment_distance":13.370153886774492}
{"route_id":"780","stop_id":"7576","stop_lat":34.145607,"stop_lon":-118.160386,"stop_sequence":26,"segment_first_lat":34.1457338212,"segment_first_lon":-118.1603863369,"segment_second_lat":34.1457423711,"segment_second_lon":-118.1576465213,"segment_sequence":260001,"segment_id":13,"segment_len_meter":252.13692270042952,"segment_cum_len":31239.855646691223,"stop_segment_distance":14.518279280707645}
{"route_id":"83","stop_id":"16874","stop_lat":34.120565,"stop_lon":-118.202804,"stop_sequence":8,"segment_first_lat":34.1210700578,"segment_first_lon":-118.204748221,"segment_second_lat":34.120689789,"segment_second_lon":-118.2027705085,"segment_sequence":70002,"segment_id":4,"segment_len_meter":186.90105125258395,"segment_cum_len":1857.487569469578,"stop_segment_distance":14.889872320026456}
{"route_id":"90","stop_id":"13536","stop_lat":34.133687,"stop_lon":-118.2521,"stop_sequence":67,"segment_first_lat":34.1347728395,"segment_first_lon":-118.2517725606,"segment_second_lat":34.1336694746,"segment_second_lon":-118.2519486721,"segment_sequence":660006,"segment_id":33,"segment_len_meter":123.75468641832697,"segment_cum_len":20850.2125120881,"stop_segment_distance":14.753310356242082}
{"route_id":"92","stop_id":"2216","stop_lat":34.269215,"stop_lon":-118.406694,"stop_sequence":105,"segment_first_lat":34.2691222798,"segment_first_lon":-118.4068087673,"segment_second_lat":34.269224956,"segment_second_lon":-118.4069188254,"segment_sequence":1050001,"segment_id":53,"segment_len_meter":15.252238951921061,"segment_cum_len":35520.30970608821,"stop_segment_distance":20.185449837276035}
{"route_id":"94","stop_id":"14194","stop_lat":34.171319,"stop_lon":-118.295846,"stop_sequence":52,"segment_first_lat":34.1714151738,"segment_first_lon":-118.2957464382,"segment_second_lat":34.1709112621,"segment_second_lon":-118.2950510577,"segment_sequence":520001,"segment_id":26,"segment_len_meter":85.0429902601414,"segment_cum_len":22104.587787306264,"stop_segment_distance":15.084530668667426}
{"route_id":"94","stop_id":"3631","stop_lat":34.199478,"stop_lon":-118.348982,"stop_sequence":32,"segment_first_lat":34.2027481688,"segment_first_lon":-118.3487734458,"segment_second_lat":34.1994752711,"segment_second_lon":-118.3488302201,"segment_sequence":310001,"segment_id":16,"segment_len_meter":363.9670727833321,"segment_cum_len":14475.008698679576,"stop_segment_distance":14.126739660430587}
{"route_id":"96","stop_id":"13553","stop_lat":34.0374,"stop_lon":-118.265438,"stop_sequence":55,"segment_first_lat":34.0384270275,"segment_first_lon":-118.2645734647,"segment_second_lat":34.0373361687,"segment_second_lon":-118.2653044238,"segment_sequence":540006,"segment_id":27,"segment_len_meter":138.7431229180628,"segment_cum_len":24853.465491995208,"stop_segment_distance":14.704502577997744}
{"route_id":"96","stop_id":"18089","stop_lat":34.098483,"stop_lon":-118.248489,"stop_sequence":31,"segment_first_lat":34.0988258283,"segment_first_lon":-118.248780689,"segment_second_lat":34.0985572953,"segment_second_lon":-118.2484119219,"segment_sequence":300010,"segment_id":15,"segment_len_meter":45.21662702735207,"segment_cum_len":15129.192492234022,"stop_segment_distance":12.306603493555265}
{"route_id":"96","stop_id":"2193","stop_lat":34.106932,"stop_lon":-118.263142,"stop_sequence":27,"segment_first_lat":34.1070295574,"segment_first_lon":-118.2630763794,"segment_second_lat":34.1067438293,"segment_second_lon":-118.2624210669,"segment_sequence":270001,"segment_id":14,"segment_len_meter":68.18787436082404,"segment_cum_len":13281.734858123038,"stop_segment_distance":13.82410118982358}
