{"route_id":"10","stop_id":"11699","stop_lat":34.083955,"stop_lon":-118.361773,"stop_sequence":59,"segment_first_lat":34.0838273702,"segment_first_lon":-118.3617691157,"segment_second_lat":34.08381449,"segment_second_lon":-118.3626739599,"segment_sequence":590001,"segment_id":30,"segment_len_meter":83.34276445915671,"segment_cum_len":16201.857492466246,"stop_segment_distance":15.284413676650729}
{"route_id":"117","stop_id":"7554","stop_lat":33.945368,"stop_lon":-118.296284,"stop_sequence":25,"segment_first_lat":33.945491067,"segment_first_lon":-118.2999281205,"segment_second_lat":33.9454975991,"segment_second_lon":-118.2962848542,"segment_sequence":240001,"segment_id":12,"segment_len_meter":336.0698109355126,"segment_cum_len":10679.290367148014,"stop_segment_distance":14.767671435865054}
{"route_id":"125","stop_id":"30016","stop_lat":33.913142,"stop_lon":-118.104021,"stop_sequence":82,"segment_first_lat":33.9133344981,"segment_first_lon":-118.1039719923,"segment_second_lat":33.9131421461,"segment_second_lon":-118.1039760382,"segment_sequence":810013,"segment_id":41,"segment_len_meter":21.39182481904672,"segment_cum_len":33901.58727854193,"stop_segment_distance":4.634569835064259}
{"route_id":"130","stop_id":"13000047","stop_lat":33.87484,"stop_lon":-118.155444,"stop_sequence":15,"segment_first_lat":33.8747183729,"segment_first_lon":-118.1536252038,"segment_second_lat":33.8747135679,"segment_second_lon":-118.155443649,"segment_sequence":140005,"segment_id":7,"segment_len_meter":167.8806462136464,"segment_cum_len":7150.977363093439,"stop_segment_distance":14.633846386605484}
{"route_id":"130","stop_id":"13000054","stop_lat":33.876006,"stop_lon":-118.24274,"stop_sequence":32,"segment_first_lat":33.8759574012,"segment_first_lon":-118.2424036744,"segment_second_lat":33.8759402526,"segment_second_lon":-118.2427324014,"segment_sequence":310006,"segment_id":16,"segment_len_meter":30.407654234112353,"segment_cum_len":16151.272707685881,"stop_segment_distance":8.452746564550527}
{"route_id":"158","stop_id":"7043","stop_lat":34.148525,"stop_lon":-118.434983,"stop_sequence":3,"segment_first_lat":34.1487401872,"segment_first_lon":-118.4354999111,"segment_second_lat":34.1486525659,"segment_second_lon":-118.4349554307,"segment_sequence":20006,"segment_id":1,"segment_len_meter":51.04326434428314,"segment_cum_len":1350.322506420278,"stop_segment_distance":16.613397757460056}
{"route_id":"163","stop_id":"7198","stop_lat":34.218891,"stop_lon":-118.37022,"stop_sequence":68,"segment_first_lat":34.2175035412,"segment_first_lon":-118.3703069395,"segment_second_lat":34.2188912147,"segment_second_lon":-118.3703104473,"segment_sequence":670007,"segment_id":34,"segment_len_meter":154.30259012819232,"segment_cum_len":26063.216641725376,"stop_segment_distance":8.499100784304062}
{"route_id":"164","stop_id":"7136","stop_lat":34.186803,"stop_lon":-118.457284,"stop_sequence":43,"segment_first_lat":34.1866762374,"segment_first_lon":-118.4552828776,"segment_second_lat":34.1866763849,"segment_second_lon":-118.4572833919,"segment_sequence":420004,"segment_id":21,"segment_len_meter":184.0106976735819,"segment_cum_len":15584.030313301266,"stop_segment_distance":14.673768034198929}
{"route_id":"165","stop_id":"6843","stop_lat":34.193774,"stop_lon":-118.499095,"stop_sequence":37,"segment_first_lat":34.1939034102,"segment_first_lon":-118.5011099334,"segment_second_lat":34.1939015691,"segment_second_lon":-118.4990960039,"segment_sequence":360002,"segment_id":18,"segment_len_meter":185.2288917900163,"segment_cum_len":13780.890352244915,"stop_segment_distance":14.835522589279151}
{"route_id":"165","stop_id":"6867","stop_lat":34.193119,"stop_lon":-118.642168,"stop_sequence":2,"segment_first_lat":34.1932450848,"segment_first_lon":-118.6421623841,"segment_second_lat":34.1931919292,"segment_second_lon":-118.6402671073,"segment_sequence":20001,"segment_id":1,"segment_len_meter":174.41742919702847,"segment_cum_len":788.5094143152372,"stop_segment_distance":14.633942067115072}
{"route_id":"166","stop_id":"12520","stop_lat":34.235345,"stop_lon":-118.584364,"stop_sequence":14,"segment_first_lat":34.2354627132,"segment_first_lon":-118.5872799297,"segment_second_lat":34.2354716014,"segment_second_lon":-118.5843651256,"segment_sequence":130002,"segment_id":7,"segment_len_meter":267.9552660065497,"segment_cum_len":6585.612377888173,"stop_segment_distance":14.499044691264828}
{"route_id":"169","stop_id":"6116","stop_lat":34.2086,"stop_lon":-118.424907,"stop_sequence":108,"segment_first_lat":34.2088983516,"segment_first_lon":-118.4258944122,"segment_second_lat":34.2086955515,"segment_second_lon":-118.4248799596,"segment_sequence":1070013,"segment_id":54,"segment_len_meter":95.97346653343428,"segment_cum_len":43149.62794672446,"stop_segment_distance":11.609282721648526}
{"route_id":"180","stop_id":"1292","stop_lat":34.146213,"stop_lon":-118.249884,"stop_sequence":38,"segment_first_lat":34.1463398268,"segment_first_lon":-118.2498838895,"segment_second_lat":34.1463419946,"segment_second_lon":-118.2488329015,"segment_sequence":380001,"segment_id":19,"segment_len_meter":96.71816178900919,"segment_cum_len":11521.42559140646,"stop_segment_distance":15.17014108142277}
{"route_id":"201","stop_id":"7370","stop_lat":34.063588,"stop_lon":-118.291305,"stop_sequence":53,"segment_first_lat":34.0636871323,"segment_first_lon":-118.2913050896,"segment_second_lat":34.0637014525,"segment_second_lon":-118.289921705,"segment_sequence":530001,"segment_id":27,"segment_len_meter":127.44123934363927,"segment_cum_len":16205.543667520686,"stop_segment_distance":11.627843822043758}
{"route_id":"204","stop_id":"5662","stop_lat":33.99989,"stop_lon":-118.291367,"stop_sequence":28,"segment_first_lat":33.9998893382,"segment_first_lon":-118.2915195885,"segment_second_lat":34.0005405709,"segment_second_lon":-118.2915241657,"segment_sequence":280001,"segment_id":14,"segment_len_meter":72.41500161425719,"segment_cum_len":8513.318928602675,"stop_segment_distance":15.42831302594405}
{"route_id":"210","stop_id":"4838","stop_lat":33.880221,"stop_lon":-118.335026,"stop_sequence":82,"segment_first_lat":33.8813428296,"segment_first_lon":-118.3314154854,"segment_second_lat":33.8801623427,"segment_second_lon":-118.3349985608,"segment_sequence":810012,"segment_id":41,"segment_len_meter":355.8619459383578,"segment_cum_len":29007.15651777911,"stop_segment_distance":7.014208897065203}
{"route_id":"232","stop_id":"9803","stop_lat":33.780396,"stop_lon":-118.25709,"stop_sequence":24,"segment_first_lat":33.7803328545,"segment_first_lon":-118.255915141,"segment_second_lat":33.7802701951,"segment_second_lon":-118.2570801517,"segment_sequence":230005,"segment_id":12,"segment_len_meter":107.89841369215493,"segment_cum_len":8585.813554416167,"stop_segment_distance":14.930163079813}
{"route_id":"239","stop_id":"20023","stop_lat":34.279192,"stop_lon":-118.507988,"stop_sequence":41,"segment_first_lat":34.2793216806,"segment_first_lon":-118.5079853534,"segment_second_lat":34.2793014706,"segment_second_lon":-118.5049993285,"segment_sequence":410001,"segment_id":21,"segment_len_meter":274.36684056473365,"segment_cum_len":16258.256169458284,"stop_segment_distance":14.925716461002878}
{"route_id":"239","stop_id":"9115","stop_lat":34.172128,"stop_lon":-118.518379,"stop_sequence":5,"segment_first_lat":34.1715472499,"segment_first_lon":-118.518521015,"segment_second_lat":34.1721270202,"segment_second_lon":-118.518529903,"segment_sequence":40009,"segment_id":2,"segment_len_meter":64.47270129575836,"segment_cum_len":1462.7208841417735,"stop_segment_distance":15.29530339157391}
{"route_id":"256","stop_id":"3451","stop_lat":34.05786,"stop_lon":-118.172021,"stop_sequence":22,"segment_first_lat":34.0577605241,"segment_first_lon":-118.1721526384,"segment_second_lat":34.057846779,"segment_second_lon":-118.1721722949,"segment_sequence":210018,"segment_id":11,"segment_len_meter":9.7605492129355,"segment_cum_len":5507.720719324699,"stop_segment_distance":20.668048119769693}
{"route_id":"258","stop_id":"10313","stop_lat":33.957318,"stop_lon":-118.164579,"stop_sequence":71,"segment_first_lat":33.9580978704,"segment_first_lon":-118.1647162062,"segment_second_lat":33.9573524795,"segment_second_lon":-118.1644413734,"segment_sequence":700003,"segment_id":35,"segment_len_meter":86.67310211905586,"segment_cum_len":25826.562489135056,"stop_segment_distance":14.222818558813046}
{"route_id":"265","stop_id":"4297","stop_lat":33.903436,"stop_lon":-118.160015,"stop_sequence":22,"segment_first_lat":33.901855702,"segment_first_lon":-118.160150341,"segment_second_lat":33.9034356878,"segment_second_lon":-118.160164894,"segment_sequence":210003,"segment_id":11,"segment_len_meter":175.69153897351273,"segment_cum_len":7819.585191249274,"stop_segment_distance":14.306630523693343}
{"route_id":"266","stop_id":"9338","stop_lat":33.896803,"stop_lon":-118.142564,"stop_sequence":16,"segment_first_lat":33.8967993333,"segment_first_lon":-118.1427154997,"segment_second_lat":33.8975167711,"segment_second_lon":-118.1427335267,"segment_sequence":160001,"segment_id":8,"segment_len_meter":79.79279230169799,"segment_cum_len":7530.380709087759,"stop_segment_distance":15.091389362329963}
{"route_id":"268","stop_id":"2979","stop_lat":34.179217,"stop_lon":-118.159492,"stop_sequence":81,"segment_first_lat":34.1792170934,"segment_first_lon":-118.1596432204,"segment_second_lat":34.1799315293,"segment_second_lon":-118.1596518597,"segment_sequence":810001,"segment_id":41,"segment_len_meter":79.44562255523289,"segment_cum_len":30256.2851752336,"stop_segment_distance":15.26657096291919}
{"route_id":"28","stop_id":"11909","stop_lat":34.06052,"stop_lon":-118.239379,"stop_sequence":48,"segment_first_lat":34.061398042,"segment_first_lon":-118.238764412,"segment_second_lat":34.0604707918,"segment_second_lon":-118.2392411609,"segment_sequence":470003,"segment_id":24,"segment_len_meter":112.0691265859062,"segment_cum_len":14604.779971813836,"stop_segment_distance":14.61830269201684}
{"route_id":"28","stop_id":"12608","stop_lat":34.059519,"stop_lon":-118.389622,"stop_sequence":91,"segment_first_lat":34.0593909718,"segment_first_lon":-118.3892680548,"segment_second_lat":34.0593917562,"segment_second_lon":-118.389621329,"segment_sequence":900004,"segment_id":45,"segment_len_meter":32.543831193236585,"segment_cum_len":30171.486970626993,"stop_segment_distance":17.183040455454403}
{"route_id":"33","stop_id":"6933","stop_lat":34.008428,"stop_lon":-118.424617,"stop_sequence":18,"segment_first_lat":34.0083411474,"segment_first_lon":-118.4250324073,"segment_second_lat":34.0085310824,"segment_second_lon":-118.4247040723,"segment_sequence":170005,"segment_id":9,"segment_len_meter":36.90508240427849,"segment_cum_len":5885.416655672512,"stop_segment_distance":16.577304578819444}
{"route_id":"35","stop_id":"16448","stop_lat":34.040164,"stop_lon":-118.28745,"stop_sequence":51,"segment_first_lat":34.0400451132,"segment_first_lon":-118.2864299962,"segment_second_lat":34.0400380181,"segment_second_lon":-118.2874499249,"segment_sequence":500010,"segment_id":25,"segment_len_meter":93.980862758968,"segment_cum_len":16506.97535668312,"stop_segment_distance":14.937253213358517}
{"route_id":"35","stop_id":"4756","stop_lat":34.033969,"stop_lon":-118.263539,"stop_sequence":41,"segment_first_lat":34.0334626042,"segment_first_lon":-118.264128697,"segment_second_lat":34.0341783071,"segment_second_lon":-118.2635533535,"segment_sequence":410008,"segment_id":21,"segment_len_meter":95.62509409096234,"segment_cum_len":13503.346511026337,"stop_segment_distance":5.938785665076537}
{"route_id":"40","stop_id":"10493","stop_lat":34.050674,"stop_lon":-118.240998,"stop_sequence":8,"segment_first_lat":34.0505777949,"segment_first_lon":-118.2410975453,"segment_second_lat":34.0513341288,"segment_second_lon":-118.2421359904,"segment_sequence":80001,"segment_id":4,"segment_len_meter":127.38093385902887,"segment_cum_len":3208.229140451779,"stop_segment_distance":14.693738490339243}
{"route_id":"45","stop_id":"13282","stop_lat":34.003973,"stop_lon":-118.278494,"stop_sequence":35,"segment_first_lat":34.0047072225,"segment_first_lon":-118.278344273,"segment_second_lat":34.0039735485,"segment_second_lon":-118.2783418336,"segment_sequence":340006,"segment_id":17,"segment_len_meter":81.58113651099497,"segment_cum_len":11460.13952127453,"stop_segment_distance":15.245989387530173}
{"route_id":"487","stop_id":"3895","stop_lat":34.127287,"stop_lon":-118.091031,"stop_sequence":29,"segment_first_lat":34.1272445201,"segment_first_lon":-118.0911720598,"segment_second_lat":34.1279576184,"segment_second_lon":-118.0915009524,"segment_sequence":290001,"segment_id":15,"segment_len_meter":84.875420228123,"segment_cum_len":22232.12329389807,"stop_segment_distance":15.148921054838297}
{"route_id":"55","stop_id":"1255","stop_lat":34.023636,"stop_lon":-118.265675,"stop_sequence":47,"segment_first_lat":34.0235483565,"segment_first_lon":-118.2657313214,"segment_second_lat":34.0247536172,"segment_second_lon":-118.2684426439,"segment_sequence":470001,"segment_id":24,"segment_len_meter":283.5433941936317,"segment_cum_len":14188.805677131313,"stop_segment_distance":11.224216341989518}
{"route_id":"603","stop_id":"32175","stop_lat":34.110579,"stop_lon":-118.25134,"stop_sequence":20,"segment_first_lat":34.1111025177,"segment_first_lon":-118.2505053697,"segment_second_lat":34.1104923597,"segment_second_lon":-118.2512296722,"segment_sequence":190003,"segment_id":10,"segment_len_meter":95.1298718169147,"segment_cum_len":5908.6879951692945,"stop_segment_distance":15.269913577601656}
{"route_id":"605","stop_id":"6303","stop_lat":34.046559,"stop_lon":-118.207765,"stop_sequence":16,"segment_first_lat":34.0453044742,"segment_first_lon":-118.20872871,"segment_second_lat":34.0466158111,"segment_second_lon":-118.2079001111,"segment_sequence":150004,"segment_id":8,"segment_len_meter":164.5902670771286,"segment_cum_len":4626.202518544363,"stop_segment_distance":14.727270137628125}
{"route_id":"685","stop_id":"12435","stop_lat":34.154663,"stop_lon":-118.237537,"stop_sequence":6,"segment_first_lat":34.1546899754,"segment_first_lon":-118.2373892083,"segment_second_lat":34.1541775052,"segment_second_lon":-118.237244632,"segment_sequence":60001,"segment_id":3,"segment_len_meter":58.51639076352789,"segment_cum_len":2235.2935236751214,"stop_segment_distance":15.726363718693086}
{"route_id":"750","stop_id":"15457","stop_lat":34.190454,"stop_lon":-118.596471,"stop_sequence":20,"segment_first_lat":34.190506338,"segment_first_lon":-118.5974695735,"segment_second_lat":34.1905038491,"segment_second_lon":-118.5964705685,"segment_sequence":190012,"segment_id":10,"segment_len_meter":91.88641914085733,"segment_cum_len":26524.698300471202,"stop_segment_distance":5.687225843298307}
{"route_id":"78","stop_id":"7792","stop_lat":34.091387,"stop_lon":-118.141766,"stop_sequence":45,"segment_first_lat":34.0915130341,"segment_first_lon":-118.1417666226,"segment_second_lat":34.0915230166,"segment_second_lon":-118.1407493645,"segment_sequence":450001,"segment_id":23,"segment_len_meter":93.68113013803045,"segment_cum_len":15365.477218969985,"stop_segment_distance":15.164470345736973}
{"route_id":"90","stop_id":"7651","stop_lat":34.259596,"stop_lon":-118.318127,"stop_sequence":4,"segment_first_lat":34.2597239586,"segment_first_lon":-118.3184621022,"segment_second_lat":34.2597215313,"segment_second_lon":-118.3181311419,"segment_sequence":30003,"segment_id":2,"segment_len_meter":30.417099602617164,"segment_cum_len":627.405137834747,"stop_segment_distance":17.471079315558534}
{"route_id":"94","stop_id":"14222","stop_lat":34.122532,"stop_lon":-118.253834,"stop_sequence":71,"segment_first_lat":34.1228232975,"segment_first_lon":-118.2539337874,"segment_second_lat":34.1226160131,"segment_second_lon":-118.2537170711,"segment_sequence":700003,"segment_id":35,"segment_len_meter":30.483096493172333,"segment_cum_len":28856.135054218987,"stop_segment_distance":17.437075502320468}
