{"route_id":"117","stop_id":"13939","stop_lat":33.945229,"stop_lon":-118.396436,"stop_sequence":2,"segment_first_lat":33.9453808367,"segment_first_lon":-118.396288641,"segment_second_lat":33.9452324599,"segment_second_lon":-118.3962862905,"segment_sequence":10015,"segment_id":1,"segment_len_meter":16.500172007696268,"segment_cum_len":1097.2355489581676,"stop_segment_distance":18.990371877393155}
{"route_id":"14","stop_id":"4459","stop_lat":34.070073,"stop_lon":-118.402247,"stop_sequence":81,"segment_first_lat":34.0713202709,"segment_first_lon":-118.4032814009,"segment_second_lat":34.0701546176,"segment_second_lon":-118.4021276687,"segment_sequence":800014,"segment_id":40,"segment_len_meter":167.60919908208777,"segment_cum_len":29904.20260098856,"stop_segment_distance":14.90824941638644}
{"route_id":"14","stop_id":"7471","stop_lat":34.032456,"stop_lon":-118.346173,"stop_sequence":9,"segment_first_lat":34.0325491668,"segment_first_lon":-118.3470845177,"segment_second_lat":34.0325539804,"segment_second_lon":-118.3461735914,"segment_sequence":80008,"segment_id":4,"segment_len_meter":83.94304676206987,"segment_cum_len":3246.8348853897837,"stop_segment_distance":11.58434561007303}
{"route_id":"150","stop_id":"7053","stop_lat":34.142603,"stop_lon":-118.404851,"stop_sequence":64,"segment_first_lat":34.142729838,"segment_first_lon":-118.4048689459,"segment_second_lat":34.1428926724,"segment_second_lon":-118.4030120537,"segment_sequence":640001,"segment_id":32,"segment_len_meter":171.8454079831712,"segment_cum_len":23147.54303174272,"stop_segment_distance":14.630069086913949}
{"route_id":"16","stop_id":"15660","stop_lat":34.069117,"stop_lon":-118.286599,"stop_sequence":23,"segment_first_lat":34.068994414,"segment_first_lon":-118.2862319472,"segment_second_lat":34.0689899726,"segment_second_lon":-118.2865984497,"segment_sequence":220004,"segment_id":11,"segment_len_meter":33.76209609129572,"segment_cum_len":5889.227070123833,"stop_segment_distance":16.816342405291024}
{"route_id":"165","stop_id":"6854","stop_lat":34.193829,"stop_lon":-118.400999,"stop_sequence":59,"segment_first_lat":34.1939562905,"segment_first_lon":-118.40232589,"segment_second_lat":34.1939557475,"segment_second_lon":-118.4009998147,"segment_sequence":580004,"segment_id":29,"segment_len_meter":121.96414144990493,"segment_cum_len":22803.23644198793,"stop_segment_distance":14.986935514048866}
{"route_id":"176","stop_id":"16878","stop_lat":34.11463,"stop_lon":-118.181666,"stop_sequence":92,"segment_first_lat":34.1145147214,"segment_first_lon":-118.1817264905,"segment_second_lat":34.1148321513,"segment_second_lon":-118.1826043298,"segment_sequence":920001,"segment_id":46,"segment_len_meter":88.18590353824163,"segment_cum_len":33051.99540658389,"stop_segment_distance":15.049290099761123}
{"route_id":"2","stop_id":"16325","stop_lat":34.0905,"stop_lon":-118.389908,"stop_sequence":26,"segment_first_lat":34.0906232418,"segment_first_lon":-118.3910252138,"segment_second_lat":34.0906268497,"segment_second_lon":-118.3899088751,"segment_sequence":250007,"segment_id":13,"segment_len_meter":102.80029136225872,"segment_cum_len":8088.3667179791055,"stop_segment_distance":15.093831571048696}
{"route_id":"2","stop_id":"8014","stop_lat":34.09051,"stop_lon":-118.387788,"stop_sequence":27,"segment_first_lat":34.0906340664,"segment_first_lon":-118.3885217214,"segment_second_lat":34.0906364221,"segment_second_lon":-118.3877885047,"segment_sequence":260003,"segment_id":13,"segment_len_meter":67.51971830415583,"segment_cum_len":8283.626859902282,"stop_segment_distance":15.497597118362052}
{"route_id":"20","stop_id":"16746","stop_lat":34.067186,"stop_lon":-118.384269,"stop_sequence":46,"segment_first_lat":34.0670558509,"segment_first_lon":-118.3837928589,"segment_second_lat":34.0670573628,"segment_second_lon":-118.3842680086,"segment_sequence":450009,"segment_id":23,"segment_len_meter":43.76728198583738,"segment_cum_len":13886.289876780436,"stop_segment_distance":16.721033392881417}
{"route_id":"202","stop_id":"12482","stop_lat":33.907334,"stop_lon":-118.22718,"stop_sequence":10,"segment_first_lat":33.9073749733,"segment_first_lon":-118.2270688776,"segment_second_lat":33.9070216836,"segment_second_lon":-118.226879084,"segment_sequence":100001,"segment_id":5,"segment_len_meter":43.01180802183748,"segment_cum_len":3226.4207443165647,"stop_segment_distance":12.675548973102558}
{"route_id":"209","stop_id":"5616","stop_lat":33.963928,"stop_lon":-118.317628,"stop_sequence":21,"segment_first_lat":33.9639278008,"segment_first_lon":-118.3177476353,"segment_second_lat":33.9645790491,"segment_second_lon":-118.317745489,"segment_sequence":210001,"segment_id":11,"segment_len_meter":72.41577746785235,"segment_cum_len":7909.113423405685,"stop_segment_distance":11.817211144464594}
{"route_id":"212","stop_id":"13650","stop_lat":34.059052,"stop_lon":-118.345438,"stop_sequence":24,"segment_first_lat":34.0590043581,"segment_first_lon":-118.3452579022,"segment_second_lat":34.058887163,"segment_second_lon":-118.3453052913,"segment_sequence":240001,"segment_id":12,"segment_len_meter":13.743280822954327,"segment_cum_len":6829.262471906504,"stop_segment_distance":25.704709406846554}
{"route_id":"212","stop_id":"1563","stop_lat":33.961669,"stop_lon":-118.351615,"stop_sequence":57,"segment_first_lat":33.9617946399,"segment_first_lon":-118.3516192053,"segment_second_lat":33.9618026859,"segment_second_lon":-118.3508376742,"segment_sequence":570001,"segment_id":29,"segment_len_meter":72.08320300872505,"segment_cum_len":18897.073595045196,"stop_segment_distance":15.10752442701822}
{"route_id":"234","stop_id":"20127","stop_lat":34.168501,"stop_lon":-118.466315,"stop_sequence":63,"segment_first_lat":34.1702930328,"segment_first_lon":-118.4661628616,"segment_second_lat":34.1685014151,"segment_second_lon":-118.4661594771,"segment_sequence":620003,"segment_id":31,"segment_len_meter":199.21904206340253,"segment_cum_len":23479.189850022613,"stop_segment_distance":14.845308604323236}
{"route_id":"236","stop_id":"20133","stop_lat":34.224254,"stop_lon":-118.502493,"stop_sequence":17,"segment_first_lat":34.2242558989,"segment_first_lon":-118.5026451267,"segment_second_lat":34.2253881175,"segment_second_lon":-118.5026254775,"segment_sequence":170001,"segment_id":9,"segment_len_meter":125.9099249752473,"segment_cum_len":7263.329730843664,"stop_segment_distance":14.773244947128305}
{"route_id":"237","stop_id":"510","stop_lat":34.172275,"stop_lon":-118.413865,"stop_sequence":40,"segment_first_lat":34.1721518708,"segment_first_lon":-118.4136961956,"segment_second_lat":34.1721474583,"segment_second_lon":-118.4138614764,"segment_sequence":390004,"segment_id":20,"segment_len_meter":15.213339937631282,"segment_cum_len":15208.243822754104,"stop_segment_distance":19.675508824708125}
{"route_id":"237","stop_id":"520","stop_lat":34.172278,"stop_lon":-118.435811,"stop_sequence":45,"segment_first_lat":34.1721514271,"segment_first_lon":-118.4358070858,"segment_second_lat":34.1721399155,"segment_second_lon":-118.4366368458,"segment_sequence":450001,"segment_id":23,"segment_len_meter":76.3466081549913,"segment_cum_len":17303.543309728004,"stop_segment_distance":15.243970221617062}
{"route_id":"237","stop_id":"685","stop_lat":34.16878,"stop_lon":-118.383692,"stop_sequence":32,"segment_first_lat":34.1686821066,"segment_first_lon":-118.3836910719,"segment_second_lat":34.168687237,"segment_second_lon":-118.3844117843,"segment_sequence":320001,"segment_id":16,"segment_len_meter":66.30893911255161,"segment_cum_len":12112.902532732734,"stop_segment_distance":11.59622001222884}
{"route_id":"239","stop_id":"16903","stop_lat":34.162727,"stop_lon":-118.518413,"stop_sequence":2,"segment_first_lat":34.1627262971,"segment_first_lon":-118.518561148,"segment_second_lat":34.163075296,"segment_second_lon":-118.5185576943,"segment_sequence":20001,"segment_id":1,"segment_len_meter":38.80820806420972,"segment_cum_len":456.1589172543195,"stop_segment_distance":15.775825844682956}
{"route_id":"260","stop_id":"11142","stop_lat":33.930518,"stop_lon":-118.183759,"stop_sequence":82,"segment_first_lat":33.9304778139,"segment_first_lon":-118.1836144424,"segment_second_lat":33.9298278207,"segment_second_lon":-118.1838790431,"segment_sequence":820001,"segment_id":41,"segment_len_meter":76.28740140831918,"segment_cum_len":32029.13655642677,"stop_segment_distance":15.317642951585157}
{"route_id":"260","stop_id":"11975","stop_lat":34.17775,"stop_lon":-118.150899,"stop_sequence":4,"segment_first_lat":34.1777501547,"segment_first_lon":-118.1507456115,"segment_second_lat":34.1760519871,"segment_second_lon":-118.1507309757,"segment_sequence":40001,"segment_id":2,"segment_len_meter":188.83242164683784,"segment_cum_len":823.7781177043793,"stop_segment_distance":14.720070404192398}
{"route_id":"260","stop_id":"13145","stop_lat":34.027321,"stop_lon":-118.155331,"stop_sequence":53,"segment_first_lat":34.0294099048,"segment_first_lon":-118.1545494437,"segment_second_lat":34.0272891189,"segment_second_lon":-118.1551821564,"segment_sequence":520002,"segment_id":26,"segment_len_meter":242.92195730013273,"segment_cum_len":19786.992032267266,"stop_segment_distance":14.431269242802358}
{"route_id":"268","stop_id":"10168","stop_lat":34.158623,"stop_lon":-118.089138,"stop_sequence":53,"segment_first_lat":34.1585276929,"segment_first_lon":-118.0877694776,"segment_second_lat":34.1584972921,"segment_second_lon":-118.0891346114,"segment_sequence":520015,"segment_id":26,"segment_len_meter":125.6547108393156,"segment_cum_len":21415.178877202998,"stop_segment_distance":14.692947910353595}
{"route_id":"33","stop_id":"6941","stop_lat":34.042368,"stop_lon":-118.281163,"stop_sequence":64,"segment_first_lat":34.0426096466,"segment_first_lon":-118.2814279783,"segment_second_lat":34.042454046,"segment_second_lon":-118.2811046256,"segment_sequence":630009,"segment_id":32,"segment_len_meter":34.45283086664098,"segment_cum_len":20459.067782734255,"stop_segment_distance":12.828419449452724}
{"route_id":"4","stop_id":"6016","stop_lat":34.090953,"stop_lon":-118.358355,"stop_sequence":55,"segment_first_lat":34.090816214,"segment_first_lon":-118.3580275165,"segment_second_lat":34.0908259524,"segment_second_lon":-118.358357511,"segment_sequence":540006,"segment_id":27,"segment_len_meter":30.40719208567771,"segment_cum_len":16747.05188899901,"stop_segment_distance":17.496963035927404}
{"route_id":"40","stop_id":"13639","stop_lat":33.954947,"stop_lon":-118.35255,"stop_sequence":59,"segment_first_lat":33.9553462689,"segment_first_lon":-118.352360451,"segment_second_lat":33.954933422,"segment_second_lon":-118.3524009219,"segment_sequence":580004,"segment_id":29,"segment_len_meter":46.057991124385495,"segment_cum_len":22404.482928304682,"stop_segment_distance":15.489566012728027}
{"route_id":"51","stop_id":"254","stop_lat":33.986254,"stop_lon":-118.265355,"stop_sequence":46,"segment_first_lat":33.9871697937,"segment_first_lon":-118.2651768078,"segment_second_lat":33.9862547563,"segment_second_lon":-118.2651768787,"segment_sequence":450002,"segment_id":23,"segment_len_meter":101.74751677986515,"segment_cum_len":12092.311634169033,"stop_segment_distance":17.82384057077533}
{"route_id":"550","stop_id":"17446","stop_lat":33.818826,"stop_lon":-118.290116,"stop_sequence":26,"segment_first_lat":33.8174190696,"segment_first_lon":-118.2902689724,"segment_second_lat":33.8188259551,"segment_second_lon":-118.2902679141,"segment_sequence":250008,"segment_id":13,"segment_len_meter":156.43856052047386,"segment_cum_len":12638.446713390536,"stop_segment_distance":14.675910353561932}
{"route_id":"611","stop_id":"141097","stop_lat":33.960394,"stop_lon":-118.17929,"stop_sequence":77,"segment_first_lat":33.9624385661,"segment_first_lon":-118.1788589078,"segment_second_lat":33.9603810651,"segment_second_lon":-118.1791694417,"segment_sequence":760002,"segment_id":38,"segment_len_meter":230.56927291784328,"segment_cum_len":23054.565264937497,"stop_segment_distance":11.437840116300407}
{"route_id":"611","stop_id":"6173","stop_lat":33.968719,"stop_lon":-118.222314,"stop_sequence":17,"segment_first_lat":33.9680597058,"segment_first_lon":-118.2223975877,"segment_second_lat":33.9687191873,"segment_second_lon":-118.222399339,"segment_sequence":160004,"segment_id":8,"segment_len_meter":73.33117486221845,"segment_cum_len":5584.460840322073,"stop_segment_distance":8.253019344035238}
{"route_id":"611","stop_id":"8681","stop_lat":33.980673,"stop_lon":-118.175098,"stop_sequence":69,"segment_first_lat":33.9823829768,"segment_first_lon":-118.1747651426,"segment_second_lat":33.9806641112,"segment_second_lon":-118.175012239,"segment_sequence":680003,"segment_id":34,"segment_len_meter":192.48229238748078,"segment_cum_len":20674.284551567463,"stop_segment_distance":8.088670176943737}
{"route_id":"62","stop_id":"1215","stop_lat":34.042024,"stop_lon":-118.245057,"stop_sequence":9,"segment_first_lat":34.042102692,"segment_first_lon":-118.244984358,"segment_second_lat":34.0416984335,"segment_second_lon":-118.2443296001,"segment_sequence":90001,"segment_id":5,"segment_len_meter":75.23440198658018,"segment_cum_len":3583.5808396087227,"stop_segment_distance":11.95627911042726}
{"route_id":"66","stop_id":"4725","stop_lat":34.0416,"stop_lon":-118.255177,"stop_sequence":23,"segment_first_lat":34.0418925409,"segment_first_lon":-118.2554310555,"segment_second_lat":34.0416805516,"segment_second_lon":-118.2551019708,"segment_sequence":220003,"segment_id":11,"segment_len_meter":38.40636661735627,"segment_cum_len":6341.612250032648,"stop_segment_distance":12.98432151842399}
{"route_id":"720","stop_id":"16770","stop_lat":34.057022,"stop_lon":-118.447281,"stop_sequence":30,"segment_first_lat":34.0577785463,"segment_first_lon":-118.4477769401,"segment_second_lat":34.0570734142,"segment_second_lon":-118.4471901193,"segment_sequence":290007,"segment_id":15,"segment_len_meter":95.23700880375058,"segment_cum_len":29966.57873552299,"stop_segment_distance":10.630678474225093}
{"route_id":"78","stop_id":"7787","stop_lat":34.09415,"stop_lon":-118.128678,"stop_sequence":50,"segment_first_lat":34.0942592555,"segment_first_lon":-118.1287556791,"segment_second_lat":34.0946616283,"segment_second_lon":-118.1278995097,"segment_sequence":500001,"segment_id":25,"segment_len_meter":90.64902307587847,"segment_cum_len":16637.63577573432,"stop_segment_distance":14.965523280125666}
{"route_id":"90","stop_id":"10618","stop_lat":34.257586,"stop_lon":-118.301308,"stop_sequence":10,"segment_first_lat":34.2585512758,"segment_first_lon":-118.3021221172,"segment_second_lat":34.257667404,"segment_second_lon":-118.3011909542,"segment_sequence":90005,"segment_id":5,"segment_len_meter":130.3182502988758,"segment_cum_len":2276.4378875739803,"stop_segment_distance":14.578646691858125}
