{"route_id":"10","stop_id":"11698","stop_lat":34.083711,"stop_lon":-118.295863,"stop_sequence":37,"segment_first_lat":34.0835885305,"segment_first_lon":-118.2953011254,"segment_second_lat":34.0835849586,"segment_second_lon":-118.2958625443,"segment_sequence":360007,"segment_id":18,"segment_len_meter":51.70481673970182,"segment_cum_len":10048.16870449389,"stop_segment_distance":15.817581416366345}
{"route_id":"102","stop_id":"13655","stop_lat":33.988455,"stop_lon":-118.35818,"stop_sequence":22,"segment_first_lat":33.9885831895,"segment_first_lon":-118.3581960269,"segment_second_lat":33.9886433474,"segment_second_lon":-118.3575543377,"segment_sequence":220001,"segment_id":11,"segment_len_meter":59.53886663608925,"segment_cum_len":7052.269781188546,"stop_segment_distance":16.16010226655534}
{"route_id":"150","stop_id":"20256","stop_lat":34.156275,"stop_lon":-118.483798,"stop_sequence":43,"segment_first_lat":34.1569413494,"segment_first_lon":-118.4876680747,"segment_second_lat":34.1564005435,"segment_second_lon":-118.4837737542,"segment_sequence":420001,"segment_id":21,"segment_len_meter":363.344401125385,"segment_cum_len":15521.01296662788,"stop_segment_distance":14.52222449573378}
{"route_id":"164","stop_id":"7150","stop_lat":34.186818,"stop_lon":-118.391932,"stop_sequence":27,"segment_first_lat":34.186692243,"segment_first_lon":-118.3910120011,"segment_second_lat":34.1866914662,"segment_second_lon":-118.3919312394,"segment_sequence":260005,"segment_id":13,"segment_len_meter":84.55312582995845,"segment_cum_len":9572.799629454514,"stop_segment_distance":15.287519464500505}
{"route_id":"165","stop_id":"6876","stop_lat":34.193706,"stop_lon":-118.558037,"stop_sequence":23,"segment_first_lat":34.193840196,"segment_first_lon":-118.5594107211,"segment_second_lat":34.1938316965,"segment_second_lon":-118.5580382865,"segment_sequence":220003,"segment_id":11,"segment_len_meter":126.23168325392858,"segment_cum_len":8359.544378191498,"stop_segment_distance":14.970304808648464}
{"route_id":"166","stop_id":"20342","stop_lat":34.235348,"stop_lon":-118.562174,"stop_sequence":20,"segment_first_lat":34.2354852201,"segment_first_lon":-118.5622903294,"segment_second_lat":34.2354932503,"segment_second_lon":-118.5611522302,"segment_sequence":200002,"segment_id":10,"segment_len_meter":104.6274861884693,"segment_cum_len":9382.277826228803,"stop_segment_distance":9.313341760624013}
{"route_id":"169","stop_id":"11036","stop_lat":34.20275,"stop_lon":-118.34893,"stop_sequence":130,"segment_first_lat":34.2027481688,"segment_first_lon":-118.3487734458,"segment_second_lat":34.1994752711,"segment_second_lon":-118.3488302201,"segment_sequence":1300001,"segment_id":65,"segment_len_meter":363.9670727833321,"segment_cum_len":52832.66266852949,"stop_segment_distance":14.680589269273014}
{"route_id":"18","stop_id":"1223","stop_lat":34.034397,"stop_lon":-118.223396,"stop_sequence":37,"segment_first_lat":34.0345270005,"segment_first_lon":-118.2242476336,"segment_second_lat":34.0345239078,"segment_second_lon":-118.2233960715,"segment_sequence":360010,"segment_id":18,"segment_len_meter":78.46989085161101,"segment_cum_len":9733.870269174278,"stop_segment_distance":15.437649390834267}
{"route_id":"180","stop_id":"142406","stop_lat":34.146165,"stop_lon":-118.254729,"stop_sequence":36,"segment_first_lat":34.1462904208,"segment_first_lon":-118.2547288898,"segment_second_lat":34.1462985692,"segment_second_lon":-118.2538596963,"segment_sequence":360001,"segment_id":18,"segment_len_meter":79.99327852913619,"segment_cum_len":11058.801285313915,"stop_segment_distance":15.318255199494956}
{"route_id":"205","stop_id":"17448","stop_lat":33.824333,"stop_lon":-118.290112,"stop_sequence":68,"segment_first_lat":33.8233543647,"segment_first_lon":-118.2902664623,"segment_second_lat":33.8243325948,"segment_second_lon":-118.2902639208,"segment_sequence":680007,"segment_id":34,"segment_len_meter":108.77447757016301,"segment_cum_len":22636.78623568498,"stop_segment_distance":15.010024079695285}
{"route_id":"206","stop_id":"13758","stop_lat":33.991723,"stop_lon":-118.300308,"stop_sequence":45,"segment_first_lat":33.9923142338,"segment_first_lon":-118.3001783277,"segment_second_lat":33.991720667,"segment_second_lon":-118.3001897251,"segment_sequence":440004,"segment_id":22,"segment_len_meter":66.00998050445553,"segment_cum_len":13795.561688958345,"stop_segment_distance":11.7176472080657}
{"route_id":"206","stop_id":"15437","stop_lat":33.928482,"stop_lon":-118.292094,"stop_sequence":71,"segment_first_lat":33.9286171523,"segment_first_lon":-118.2919398043,"segment_second_lat":33.9284797506,"segment_second_lon":-118.2919436109,"segment_sequence":700007,"segment_id":35,"segment_len_meter":15.282408016705096,"segment_cum_len":21601.563455335894,"stop_segment_distance":19.289051288225203}
{"route_id":"224","stop_id":"4624","stop_lat":34.315597,"stop_lon":-118.4667,"stop_sequence":60,"segment_first_lat":34.3140813254,"segment_first_lon":-118.4685693809,"segment_second_lat":34.3156643974,"segment_second_lon":-118.4667876119,"segment_sequence":590002,"segment_id":30,"segment_len_meter":240.34281927854406,"segment_cum_len":23826.154833429235,"stop_segment_distance":11.236907730315096}
{"route_id":"224","stop_id":"6617","stop_lat":34.283489,"stop_lon":-118.440795,"stop_sequence":47,"segment_first_lat":34.2828448515,"segment_first_lon":-118.4403114543,"segment_second_lat":34.283407089,"segment_second_lon":-118.4409106361,"segment_sequence":460003,"segment_id":23,"segment_len_meter":83.30108181329686,"segment_cum_len":18768.270664719126,"stop_segment_distance":14.978075524932578}
{"route_id":"232","stop_id":"23200098","stop_lat":33.828055,"stop_lon":-118.385528,"stop_sequence":58,"segment_first_lat":33.8277717241,"segment_first_lon":-118.3856580779,"segment_second_lat":33.8280458903,"segment_second_lon":-118.3856790933,"segment_sequence":570008,"segment_id":29,"segment_len_meter":30.547632292822573,"segment_cum_len":23622.928045626402,"stop_segment_distance":17.158438444212475}
{"route_id":"234","stop_id":"9045","stop_lat":34.274718,"stop_lon":-118.449514,"stop_sequence":29,"segment_first_lat":34.2747994876,"segment_first_lon":-118.4491599945,"segment_second_lat":34.2746199444,"segment_second_lon":-118.449410597,"segment_sequence":280003,"segment_id":14,"segment_len_meter":30.476295552027572,"segment_cum_len":10417.533418953279,"stop_segment_distance":17.752337809906393}
{"route_id":"237","stop_id":"4101","stop_lat":34.110219,"stop_lon":-118.335151,"stop_sequence":8,"segment_first_lat":34.1103089393,"segment_first_lon":-118.3353029393,"segment_second_lat":34.1102879377,"segment_second_lon":-118.3351472556,"segment_sequence":70012,"segment_id":4,"segment_len_meter":14.522000920664976,"segment_cum_len":2560.0734680845185,"stop_segment_distance":10.346847649723504}
{"route_id":"246","stop_id":"3378","stop_lat":33.791451,"stop_lon":-118.263173,"stop_sequence":41,"segment_first_lat":33.7914421872,"segment_first_lon":-118.2633248939,"segment_second_lat":33.792316391,"segment_second_lon":-118.2633928001,"segment_sequence":410001,"segment_id":21,"segment_len_meter":97.40936548114284,"segment_cum_len":12217.108302348312,"stop_segment_distance":15.00882948502975}
{"route_id":"266","stop_id":"12331","stop_lat":34.059356,"stop_lon":-118.064152,"stop_sequence":53,"segment_first_lat":34.059346652,"segment_first_lon":-118.0643035277,"segment_second_lat":34.0596659411,"segment_second_lon":-118.0643268842,"segment_sequence":530001,"segment_id":27,"segment_len_meter":35.568465010569945,"segment_cum_len":27530.304130643766,"stop_segment_distance":16.472391042113735}
{"route_id":"267","stop_id":"6524","stop_lat":34.106989,"stop_lon":-118.060779,"stop_sequence":15,"segment_first_lat":34.1069655997,"segment_first_lon":-118.0609270276,"segment_second_lat":34.1084861115,"segment_second_lon":-118.0612393261,"segment_sequence":150001,"segment_id":8,"segment_len_meter":171.50060815604223,"segment_cum_len":5885.471651100118,"stop_segment_distance":14.155564169948121}
{"route_id":"268","stop_id":"125460","stop_lat":34.149977,"stop_lon":-118.082185,"stop_sequence":49,"segment_first_lat":34.1500777916,"segment_first_lon":-118.0821881152,"segment_second_lat":34.150111091,"segment_second_lon":-118.0796497896,"segment_sequence":490001,"segment_id":25,"segment_len_meter":233.61004809477308,"segment_cum_len":19681.36571402631,"stop_segment_distance":11.371291924272953}
{"route_id":"33","stop_id":"6942","stop_lat":34.003466,"stop_lon":-118.433579,"stop_sequence":15,"segment_first_lat":34.0034597084,"segment_first_lon":-118.4338664941,"segment_second_lat":34.0035712012,"segment_second_lon":-118.4336569002,"segment_sequence":140004,"segment_id":7,"segment_len_meter":22.956058952376075,"segment_cum_len":4892.768536487828,"stop_segment_distance":17.280740827362692}
{"route_id":"33","stop_id":"6962","stop_lat":34.044124,"stop_lon":-118.289369,"stop_sequence":61,"segment_first_lat":34.0442495063,"segment_first_lon":-118.2898212962,"segment_second_lat":34.0442505909,"segment_second_lon":-118.289369065,"segment_sequence":600003,"segment_id":30,"segment_len_meter":41.66727527665064,"segment_cum_len":19653.900921455486,"stop_segment_distance":16.3567966092305}
{"route_id":"4","stop_id":"6018","stop_lat":34.090855,"stop_lon":-118.338921,"stop_sequence":48,"segment_first_lat":34.0907256879,"segment_first_lon":-118.3389202814,"segment_second_lat":34.0907233316,"segment_second_lon":-118.3397591893,"segment_sequence":480001,"segment_id":24,"segment_len_meter":77.25228420569654,"segment_cum_len":15034.30826404253,"stop_segment_distance":15.688621637312721}
{"route_id":"45","stop_id":"1404","stop_lat":33.916299,"stop_lon":-118.274155,"stop_sequence":66,"segment_first_lat":33.9164260094,"segment_first_lon":-118.2739245209,"segment_second_lat":33.9147607753,"segment_second_lon":-118.273942149,"segment_sequence":660002,"segment_id":33,"segment_len_meter":185.1727284342162,"segment_cum_len":22602.677074859057,"stop_segment_distance":12.523713052007338}
{"route_id":"602","stop_id":"6394","stop_lat":34.042877,"stop_lon":-118.545779,"stop_sequence":5,"segment_first_lat":34.0430076934,"segment_first_lon":-118.5458503779,"segment_second_lat":34.0431314109,"segment_second_lon":-118.5455326408,"segment_sequence":50001,"segment_id":3,"segment_len_meter":32.346759080263716,"segment_cum_len":1653.9538533728996,"stop_segment_distance":19.87472510525172}
{"route_id":"602","stop_id":"8017","stop_lat":34.046129,"stop_lon":-118.524465,"stop_sequence":16,"segment_first_lat":34.046217968,"segment_first_lon":-118.5243551078,"segment_second_lat":34.0461192675,"segment_second_lon":-118.5242402715,"segment_sequence":160001,"segment_id":8,"segment_len_meter":15.244520219498217,"segment_cum_len":4302.434591338977,"stop_segment_distance":19.64461218693499}
{"route_id":"611","stop_id":"140859","stop_lat":33.961007,"stop_lon":-118.186045,"stop_sequence":6,"segment_first_lat":33.9609050879,"segment_first_lon":-118.1860617501,"segment_second_lat":33.9613386885,"segment_second_lon":-118.1901215344,"segment_sequence":60001,"segment_id":3,"segment_len_meter":377.5129972875687,"segment_cum_len":2137.492406295289,"stop_segment_distance":11.694726752249437}
{"route_id":"62","stop_id":"6341","stop_lat":34.008789,"stop_lon":-118.157725,"stop_sequence":31,"segment_first_lat":34.0088786119,"segment_first_lon":-118.1576134733,"segment_second_lat":34.0085666637,"segment_second_lon":-118.1572430044,"segment_sequence":310001,"segment_id":16,"segment_len_meter":48.675287014719856,"segment_cum_len":13897.808519102491,"stop_segment_distance":16.48495409538168}
{"route_id":"750","stop_id":"15352","stop_lat":34.14539,"stop_lon":-118.41444,"stop_sequence":5,"segment_first_lat":34.1452555781,"segment_first_lon":-118.4144735803,"segment_second_lat":34.1454063438,"segment_second_lon":-118.4153815492,"segment_sequence":50001,"segment_id":3,"segment_len_meter":85.22258613728995,"segment_cum_len":5195.979644384753,"stop_segment_distance":16.707268740639904}
{"route_id":"76","stop_id":"15093","stop_lat":34.080652,"stop_lon":-118.081885,"stop_sequence":14,"segment_first_lat":34.0805674125,"segment_first_lon":-118.0806106103,"segment_second_lat":34.0805253417,"segment_second_lon":-118.081878693,"segment_sequence":130003,"segment_id":7,"segment_len_meter":116.88060925890917,"segment_cum_len":4957.508998234122,"stop_segment_distance":14.95912502346917}
{"route_id":"901","stop_id":"15535","stop_lat":34.180897,"stop_lon":-118.469026,"stop_sequence":6,"segment_first_lat":34.1806658803,"segment_first_lon":-118.4684194994,"segment_second_lat":34.1808412271,"segment_second_lon":-118.4690496915,"segment_sequence":50019,"segment_id":3,"segment_len_meter":61.1612972811433,"segment_cum_len":9090.426091752026,"stop_segment_distance":6.837506129730265}
{"route_id":"910","stop_id":"1813","stop_lat":34.030324,"stop_lon":-118.273023,"stop_sequence":14,"segment_first_lat":34.0306352256,"segment_first_lon":-118.2727009337,"segment_second_lat":34.0302783465,"segment_second_lon":-118.2729136388,"segment_sequence":130006,"segment_id":7,"segment_len_meter":44.260102025953124,"segment_cum_len":23831.18508091987,"stop_segment_distance":12.614271919327685}
