{"route_id":"10","stop_id":"11717","stop_lat":34.083864,"stop_lon":-118.357195,"stop_sequence":57,"segment_first_lat":34.0837179012,"segment_first_lon":-118.3563491571,"segment_second_lat":34.0837360035,"segment_second_lon":-118.3571979898,"segment_sequence":560005,"segment_id":28,"segment_len_meter":78.19814850101504,"segment_cum_len":15697.392010086636,"stop_segment_distance":15.609883280588349}
{"route_id":"105","stop_id":"2475","stop_lat":34.003836,"stop_lon":-118.318376,"stop_sequence":23,"segment_first_lat":34.0037061373,"segment_first_lon":-118.3183757107,"segment_second_lat":34.0036990866,"segment_second_lon":-118.3192764171,"segment_sequence":230001,"segment_id":12,"segment_len_meter":83.03149622956191,"segment_cum_len":8536.234530894608,"stop_segment_distance":15.794317445532883}
{"route_id":"106","stop_id":"9694","stop_lat":34.037032,"stop_lon":-118.168994,"stop_sequence":8,"segment_first_lat":34.0369611166,"segment_first_lon":-118.1688454679,"segment_second_lat":34.0369622781,"segment_second_lon":-118.168997302,"segment_sequence":70004,"segment_id":4,"segment_len_meter":13.991294710807786,"segment_cum_len":2607.881135051795,"stop_segment_distance":9.561139007780397}
{"route_id":"115","stop_id":"2942","stop_lat":33.959844,"stop_lon":-118.309305,"stop_sequence":33,"segment_first_lat":33.9599781383,"segment_first_lon":-118.3096751337,"segment_second_lat":33.9599746978,"segment_second_lon":-118.3093024847,"segment_sequence":320005,"segment_id":16,"segment_len_meter":34.37086990526743,"segment_cum_len":8280.018886790469,"stop_segment_distance":17.41699702699382}
{"route_id":"125","stop_id":"16970","stop_lat":33.901797,"stop_lon":-118.308821,"stop_sequence":25,"segment_first_lat":33.9019231676,"segment_first_lon":-118.3088246282,"segment_second_lat":33.9019421182,"segment_second_lon":-118.3080766462,"segment_sequence":250001,"segment_id":13,"segment_len_meter":69.06420792583087,"segment_cum_len":10598.642814607725,"stop_segment_distance":15.53594869075252}
{"route_id":"164","stop_id":"7174","stop_lat":34.186809,"stop_lon":-118.431036,"stop_sequence":36,"segment_first_lat":34.186678843,"segment_first_lon":-118.4290117011,"segment_second_lat":34.1866818155,"segment_second_lon":-118.4310353741,"segment_sequence":350003,"segment_id":18,"segment_len_meter":186.14115801968913,"segment_cum_len":13169.686005635387,"stop_segment_distance":14.761148765529157}
{"route_id":"165","stop_id":"6832","stop_lat":34.193825,"stop_lon":-118.413417,"stop_sequence":56,"segment_first_lat":34.1939526915,"segment_first_lon":-118.413417266,"segment_second_lat":34.1939488128,"segment_second_lon":-118.4118960656,"segment_sequence":560001,"segment_id":28,"segment_len_meter":139.91118839521334,"segment_cum_len":21801.06642623173,"stop_segment_distance":14.849491228518275}
{"route_id":"176","stop_id":"70500030","stop_lat":34.051617,"stop_lon":-118.090279,"stop_sequence":9,"segment_first_lat":34.0512517084,"segment_first_lon":-118.0904861124,"segment_second_lat":34.0517792973,"segment_second_lon":-118.090486683,"segment_sequence":80005,"segment_id":4,"segment_len_meter":58.66523258673908,"segment_cum_len":2702.4507500703467,"stop_segment_distance":12.513466276997065}
{"route_id":"2","stop_id":"14762","stop_lat":34.081237,"stop_lon":-118.412226,"stop_sequence":18,"segment_first_lat":34.0811013942,"segment_first_lon":-118.4126315741,"segment_second_lat":34.0813316229,"segment_second_lon":-118.4123226087,"segment_sequence":170004,"segment_id":9,"segment_len_meter":38.275844573304965,"segment_cum_len":5669.70299431217,"stop_segment_distance":15.784083381135687}
{"route_id":"204","stop_id":"5652","stop_lat":34.072631,"stop_lon":-118.291515,"stop_sequence":54,"segment_first_lat":34.0714490143,"segment_first_lon":-118.2916623267,"segment_second_lat":34.0726305904,"segment_second_lon":-118.2916664467,"segment_sequence":530004,"segment_id":27,"segment_len_meter":131.38581578621628,"segment_cum_len":16529.526887478256,"stop_segment_distance":14.69285930699263}
{"route_id":"205","stop_id":"7405","stop_lat":33.743401,"stop_lon":-118.297039,"stop_sequence":30,"segment_first_lat":33.7433280274,"segment_first_lon":-118.2967095844,"segment_second_lat":33.7433310627,"segment_second_lon":-118.2970385108,"segment_sequence":290005,"segment_id":15,"segment_len_meter":30.41519509539299,"segment_cum_len":7072.2447247373875,"stop_segment_distance":8.882440298116727}
{"route_id":"206","stop_id":"13772","stop_lat":33.956831,"stop_lon":-118.300358,"stop_sequence":57,"segment_first_lat":33.9568334362,"segment_first_lon":-118.3002404523,"segment_second_lat":33.9566963391,"segment_second_lon":-118.3002320468,"segment_sequence":570001,"segment_id":29,"segment_len_meter":15.264201852165414,"segment_cum_len":17690.53224532047,"stop_segment_distance":14.532329584060399}
{"route_id":"212","stop_id":"11029","stop_lat":34.101729,"stop_lon":-118.330865,"stop_sequence":4,"segment_first_lat":34.1016112782,"segment_first_lon":-118.3295336127,"segment_second_lat":34.1016026943,"segment_second_lon":-118.33086479,"segment_sequence":30002,"segment_id":2,"segment_len_meter":122.57101394000385,"segment_cum_len":729.2367116712628,"stop_segment_distance":14.757006448662295}
{"route_id":"232","stop_id":"23200085","stop_lat":33.789682,"stop_lon":-118.32303,"stop_sequence":41,"segment_first_lat":33.7895538533,"segment_first_lon":-118.3230296362,"segment_second_lat":33.7895554901,"segment_second_lon":-118.3239544054,"segment_sequence":410001,"segment_id":21,"segment_len_meter":85.46045753392889,"segment_cum_len":15949.733943419607,"stop_segment_distance":15.365911098143854}
{"route_id":"234","stop_id":"14516","stop_lat":34.190209,"stop_lon":-118.46631,"stop_sequence":56,"segment_first_lat":34.1902097658,"segment_first_lon":-118.4661751427,"segment_second_lat":34.1885033322,"segment_second_lon":-118.4661719019,"segment_sequence":560001,"segment_id":28,"segment_len_meter":189.7469931153947,"segment_cum_len":21255.01051822397,"stop_segment_distance":12.74365756748412}
{"route_id":"236","stop_id":"352","stop_lat":34.170302,"stop_lon":-118.500949,"stop_sequence":4,"segment_first_lat":34.1700323792,"segment_first_lon":-118.5011056094,"segment_second_lat":34.1703044369,"segment_second_lon":-118.5011019516,"segment_sequence":30005,"segment_id":2,"segment_len_meter":30.253307637987145,"segment_cum_len":1112.2238033556348,"stop_segment_distance":17.08365967459721}
{"route_id":"251","stop_id":"142337","stop_lat":34.069622,"stop_lon":-118.215674,"stop_sequence":8,"segment_first_lat":34.0698529967,"segment_first_lon":-118.2155128161,"segment_second_lat":34.0696194142,"segment_second_lon":-118.2155204692,"segment_sequence":70009,"segment_id":4,"segment_len_meter":25.9827530487749,"segment_cum_len":2386.1664236387874,"stop_segment_distance":17.829445370021784}
{"route_id":"251","stop_id":"17718","stop_lat":34.087012,"stop_lon":-118.223758,"stop_sequence":2,"segment_first_lat":34.0870496812,"segment_first_lon":-118.2236955671,"segment_second_lat":34.0869382967,"segment_second_lon":-118.2235988314,"segment_sequence":20001,"segment_id":1,"segment_len_meter":15.256401406482444,"segment_cum_len":106.89248717496228,"stop_segment_distance":8.651220956677713}
{"route_id":"256","stop_id":"10322","stop_lat":34.104912,"stop_lon":-118.181278,"stop_sequence":52,"segment_first_lat":34.1048159102,"segment_first_lon":-118.1813106586,"segment_second_lat":34.1051649223,"segment_second_lon":-118.1827483865,"segment_sequence":520001,"segment_id":26,"segment_len_meter":137.94415746191962,"segment_cum_len":14857.976719726992,"stop_segment_distance":11.42533619197954}
{"route_id":"258","stop_id":"10406","stop_lat":34.105544,"stop_lon":-118.15067,"stop_sequence":16,"segment_first_lat":34.1065915519,"segment_first_lon":-118.1505132602,"segment_second_lat":34.1055418532,"segment_second_lon":-118.1505232629,"segment_sequence":150003,"segment_id":8,"segment_len_meter":116.72480306543153,"segment_cum_len":4560.366877740624,"stop_segment_distance":14.160376529722356}
{"route_id":"260","stop_id":"8780","stop_lat":33.948604,"stop_lon":-118.182041,"stop_sequence":76,"segment_first_lat":33.9488842445,"segment_first_lon":-118.181988703,"segment_second_lat":33.9486417492,"segment_second_lon":-118.181896184,"segment_sequence":750005,"segment_id":38,"segment_len_meter":28.282494651034398,"segment_cum_len":29889.162197858066,"stop_segment_distance":17.252314723634917}
{"route_id":"267","stop_id":"1380","stop_lat":34.141855,"stop_lon":-118.121613,"stop_sequence":42,"segment_first_lat":34.141763063,"segment_first_lon":-118.1215787358,"segment_second_lat":34.1416977043,"segment_second_lon":-118.1218113002,"segment_sequence":420001,"segment_id":21,"segment_len_meter":22.603281476602998,"segment_cum_len":14945.792200504036,"stop_segment_distance":13.37276017866765}
{"route_id":"28","stop_id":"3934","stop_lat":34.055274,"stop_lon":-118.242378,"stop_sequence":51,"segment_first_lat":34.0560919576,"segment_first_lon":-118.2415026767,"segment_second_lat":34.055229976,"segment_second_lon":-118.2423133268,"segment_sequence":500009,"segment_id":25,"segment_len_meter":121.5073093596106,"segment_cum_len":15334.805110140303,"stop_segment_distance":7.756157214989187}
{"route_id":"45","stop_id":"19014","stop_lat":34.018981,"stop_lon":-118.274052,"stop_sequence":30,"segment_first_lat":34.0189207796,"segment_first_lon":-118.273921381,"segment_second_lat":34.0184724993,"segment_second_lon":-118.274208991,"segment_sequence":300001,"segment_id":15,"segment_len_meter":56.45632526148984,"segment_cum_len":9753.253264290599,"stop_segment_distance":15.683706804553097}
{"route_id":"60","stop_id":"3716","stop_lat":34.03864,"stop_lon":-118.240185,"stop_sequence":14,"segment_first_lat":34.0386256736,"segment_first_lon":-118.2399926727,"segment_second_lat":34.0380605895,"segment_second_lon":-118.2400544262,"segment_sequence":140001,"segment_id":7,"segment_len_meter":63.091603625360804,"segment_cum_len":3953.6704424732925,"stop_segment_distance":20.24271972831889}
{"route_id":"665","stop_id":"19","stop_lat":34.018999,"stop_lon":-118.192361,"stop_sequence":20,"segment_first_lat":34.0188616909,"segment_first_lon":-118.1922387827,"segment_second_lat":34.0191364744,"segment_second_lon":-118.1922404038,"segment_sequence":200022,"segment_id":10,"segment_len_meter":30.554896413267294,"segment_cum_len":8718.588533524788,"stop_segment_distance":7.318614611180038}
{"route_id":"665","stop_id":"3552","stop_lat":34.049045,"stop_lon":-118.184765,"stop_sequence":8,"segment_first_lat":34.049056021,"segment_first_lon":-118.1846758594,"segment_second_lat":34.0489763382,"segment_second_lon":-118.1846723824,"segment_sequence":80002,"segment_id":4,"segment_len_meter":8.866112115758446,"segment_cum_len":3535.0749974540577,"stop_segment_distance":10.887495344392216}
{"route_id":"68","stop_id":"9230","stop_lat":34.040648,"stop_lon":-118.184463,"stop_sequence":23,"segment_first_lat":34.0405312938,"segment_first_lon":-118.1834324374,"segment_second_lat":34.0405225805,"segment_second_lon":-118.1844622773,"segment_sequence":220003,"segment_id":11,"segment_len_meter":94.8951852413058,"segment_cum_len":9885.253700151645,"stop_segment_distance":14.89039404429505}
{"route_id":"78","stop_id":"99","stop_lat":34.042134,"stop_lon":-118.259555,"stop_sequence":6,"segment_first_lat":34.0408614156,"segment_first_lon":-118.2608875117,"segment_second_lat":34.0421932337,"segment_second_lon":-118.2596468942,"segment_sequence":50002,"segment_id":3,"segment_len_meter":187.07716742597728,"segment_cum_len":1275.7620335367828,"stop_segment_distance":10.994347623874035}
{"route_id":"794","stop_id":"5838","stop_lat":34.254142,"stop_lon":-118.409231,"stop_sequence":33,"segment_first_lat":34.251989422,"segment_first_lon":-118.4071425549,"segment_second_lat":34.2540591163,"segment_second_lon":-118.4093480383,"segment_sequence":320010,"segment_id":16,"segment_len_meter":306.68104804826726,"segment_cum_len":34844.41483675117,"stop_segment_distance":14.29819701879768}
{"route_id":"910","stop_id":"15820","stop_lat":34.027429,"stop_lon":-118.27509,"stop_sequence":15,"segment_first_lat":34.0276488942,"segment_first_lon":-118.274859519,"segment_second_lat":34.0273955252,"segment_second_lon":-118.2749870693,"segment_sequence":140020,"segment_id":7,"segment_len_meter":30.527087186241328,"segment_cum_len":24207.473263854623,"stop_segment_distance":12.050828389122952}
{"route_id":"92","stop_id":"4743","stop_lat":34.133799,"stop_lon":-118.25477,"stop_sequence":42,"segment_first_lat":34.1337989835,"segment_first_lon":-118.2549231292,"segment_second_lat":34.1344886914,"segment_second_lon":-118.2549275459,"segment_sequence":420001,"segment_id":21,"segment_len_meter":76.6930966943364,"segment_cum_len":12635.561350204805,"stop_segment_distance":15.449800207361434}
{"route_id":"94","stop_id":"14987","stop_lat":34.284848,"stop_lon":-118.442643,"stop_sequence":4,"segment_first_lat":34.2852811114,"segment_first_lon":-118.4428800481,"segment_second_lat":34.2849353322,"segment_second_lon":-118.4425299453,"segment_sequence":30012,"segment_id":2,"segment_len_meter":50.12915082902791,"segment_cum_len":1406.399539044721,"stop_segment_distance":16.94534557332699}
