{"route_id":"102","stop_id":"7970","stop_lat":33.987463,"stop_lon":-118.362801,"stop_sequence":21,"segment_first_lat":33.9875691415,"segment_first_lon":-118.3630058965,"segment_second_lat":33.9875875808,"segment_second_lon":-118.3628136588,"segment_sequence":200004,"segment_id":10,"segment_len_meter":17.842180765848497,"segment_cum_len":6550.316051876893,"stop_segment_distance":18.33454055752651}
{"route_id":"108","stop_id":"13655","stop_lat":33.988455,"stop_lon":-118.35818,"stop_sequence":17,"segment_first_lat":33.9885831895,"segment_first_lon":-118.3581960269,"segment_second_lat":33.9886433474,"segment_second_lon":-118.3575543377,"segment_sequence":170001,"segment_id":9,"segment_len_meter":59.53886663608925,"segment_cum_len":6400.427573180448,"stop_segment_distance":16.16010226655534}
{"route_id":"108","stop_id":"6267","stop_lat":33.988593,"stop_lon":-118.201056,"stop_sequence":62,"segment_first_lat":33.9888280651,"segment_first_lon":-118.2020464127,"segment_second_lat":33.9887209386,"segment_second_lon":-118.2010354053,"segment_sequence":610002,"segment_id":31,"segment_len_meter":93.96985594403995,"segment_cum_len":20836.66347422849,"stop_segment_distance":15.362842071886448}
{"route_id":"120","stop_id":"6499","stop_lat":33.941947,"stop_lon":-118.048935,"stop_sequence":22,"segment_first_lat":33.941825173,"segment_first_lon":-118.048963344,"segment_second_lat":33.9418369599,"segment_second_lon":-118.0490342351,"segment_sequence":220001,"segment_id":11,"segment_len_meter":6.669596865616745,"segment_cum_len":7853.315805221939,"stop_segment_distance":22.40823648790476}
{"route_id":"125","stop_id":"9895","stop_lat":33.895761,"stop_lon":-118.221703,"stop_sequence":51,"segment_first_lat":33.8959553269,"segment_first_lon":-118.2217040995,"segment_second_lat":33.8959596265,"segment_second_lon":-118.2205587203,"segment_sequence":510001,"segment_id":26,"segment_len_meter":105.71675289645047,"segment_cum_len":20025.743453969677,"stop_segment_distance":23.79061062981826}
{"route_id":"150","stop_id":"7033","stop_lat":34.152904,"stop_lon":-118.461339,"stop_sequence":48,"segment_first_lat":34.1530755693,"segment_first_lon":-118.4616377056,"segment_second_lat":34.1530265239,"segment_second_lon":-118.4613125234,"segment_sequence":470005,"segment_id":24,"segment_len_meter":30.415644494043814,"segment_cum_len":17622.0298840027,"stop_segment_distance":16.88283833639019}
{"route_id":"152","stop_id":"10426","stop_lat":34.186701,"stop_lon":-118.623578,"stop_sequence":91,"segment_first_lat":34.190381133,"segment_first_lon":-118.6233689168,"segment_second_lat":34.1867017161,"segment_second_lon":-118.6233586529,"segment_sequence":900001,"segment_id":45,"segment_len_meter":409.13358150583474,"segment_cum_len":36612.26511558986,"stop_segment_distance":20.706258609291865}
{"route_id":"152","stop_id":"13005","stop_lat":34.21973,"stop_lon":-118.610222,"stop_sequence":79,"segment_first_lat":34.2196195307,"segment_first_lon":-118.6092458425,"segment_second_lat":34.2196028146,"segment_second_lon":-118.6102182621,"segment_sequence":780002,"segment_id":39,"segment_len_meter":89.42918333550142,"segment_cum_len":31757.303014741523,"stop_segment_distance":15.307510737566218}
{"route_id":"152","stop_id":"7211","stop_lat":34.201484,"stop_lon":-118.37014,"stop_sequence":13,"segment_first_lat":34.2014833848,"segment_first_lon":-118.3702937837,"segment_second_lat":34.2023406995,"segment_second_lon":-118.3703025457,"segment_sequence":130001,"segment_id":7,"segment_len_meter":95.33245074439974,"segment_cum_len":5329.161317199986,"stop_segment_distance":15.236901135933095}
{"route_id":"154","stop_id":"9097","stop_lat":34.172358,"stop_lon":-118.507414,"stop_sequence":59,"segment_first_lat":34.172254685,"segment_first_lon":-118.5074140279,"segment_second_lat":34.172258664,"segment_second_lon":-118.507579025,"segment_sequence":590001,"segment_id":30,"segment_len_meter":15.185753750848122,"segment_cum_len":25407.1473436898,"stop_segment_distance":15.077216411104004}
{"route_id":"163","stop_id":"6242","stop_lat":34.201085,"stop_lon":-118.430928,"stop_sequence":49,"segment_first_lat":34.2012130712,"segment_first_lon":-118.4309284743,"segment_second_lat":34.2012141966,"segment_second_lon":-118.4292980277,"segment_sequence":490001,"segment_id":25,"segment_len_meter":149.94544316263267,"segment_cum_len":18651.261731984665,"stop_segment_distance":14.884194060897642}
{"route_id":"164","stop_id":"8152","stop_lat":34.184455,"stop_lon":-118.326276,"stop_sequence":7,"segment_first_lat":34.1843278268,"segment_first_lon":-118.3262789552,"segment_second_lat":34.1843309529,"segment_second_lon":-118.3264442936,"segment_sequence":70001,"segment_id":4,"segment_len_meter":15.212501405480863,"segment_cum_len":3476.767826718521,"stop_segment_distance":19.66513967069185}
{"route_id":"180","stop_id":"1291","stop_lat":34.146219,"stop_lon":-118.246949,"stop_sequence":39,"segment_first_lat":34.1463447581,"segment_first_lon":-118.2469490516,"segment_second_lat":34.1463496639,"segment_second_lon":-118.2464301789,"segment_sequence":390001,"segment_id":20,"segment_len_meter":47.75271350355467,"segment_cum_len":11742.542208106519,"stop_segment_distance":16.13756864039435}
{"route_id":"205","stop_id":"13819","stop_lat":33.743382,"stop_lon":-118.290431,"stop_sequence":27,"segment_first_lat":33.7433111598,"segment_first_lon":-118.2901049,"segment_second_lat":33.7433103663,"segment_second_lon":-118.2904338128,"segment_sequence":260005,"segment_id":13,"segment_len_meter":30.412199570554403,"segment_cum_len":6461.532443634646,"stop_segment_distance":8.721273695830835}
{"route_id":"205","stop_id":"17495","stop_lat":33.876423,"stop_lon":-118.230621,"stop_sequence":110,"segment_first_lat":33.8763034032,"segment_first_lon":-118.2306174249,"segment_second_lat":33.8762393293,"segment_second_lon":-118.2332132087,"segment_sequence":1110001,"segment_id":56,"segment_len_meter":239.74561600254526,"segment_cum_len":42002.256977095225,"stop_segment_distance":13.73645108213097}
{"route_id":"205","stop_id":"5795","stop_lat":33.925148,"stop_lon":-118.238904,"stop_sequence":129,"segment_first_lat":33.9251476447,"segment_first_lon":-118.2390598222,"segment_second_lat":33.9258263553,"segment_second_lon":-118.2390634068,"segment_sequence":1300001,"segment_id":65,"segment_len_meter":75.46990008170081,"segment_cum_len":47826.34150671286,"stop_segment_distance":15.757431596283055}
{"route_id":"210","stop_id":"15534","stop_lat":34.092702,"stop_lon":-118.32678,"stop_sequence":7,"segment_first_lat":34.093229883,"segment_first_lon":-118.3266303452,"segment_second_lat":34.0927022957,"segment_second_lon":-118.3266282845,"segment_sequence":60004,"segment_id":3,"segment_len_meter":58.665338013707064,"segment_cum_len":1586.439092474689,"stop_segment_distance":15.599180039087962}
{"route_id":"217","stop_id":"13417","stop_lat":34.065033,"stop_lon":-118.361519,"stop_sequence":26,"segment_first_lat":34.0657290949,"segment_first_lon":-118.3613705681,"segment_second_lat":34.0650338902,"segment_second_lon":-118.3613675649,"segment_sequence":250005,"segment_id":13,"segment_len_meter":77.3037306005093,"segment_cum_len":7598.929403669197,"stop_segment_distance":15.246470974574706}
{"route_id":"232","stop_id":"36493","stop_lat":33.923912,"stop_lon":-118.396126,"stop_sequence":91,"segment_first_lat":33.9239123861,"segment_first_lon":-118.3962780858,"segment_second_lat":33.9251099015,"segment_second_lon":-118.3962784752,"segment_sequence":910001,"segment_id":46,"segment_len_meter":133.1576419060005,"segment_cum_len":37067.10820032342,"stop_segment_distance":14.8164096361117}
{"route_id":"236","stop_id":"123620","stop_lat":34.322887,"stop_lon":-118.469553,"stop_sequence":45,"segment_first_lat":34.3230147218,"segment_first_lon":-118.4695664875,"segment_second_lat":34.3230252545,"segment_second_lon":-118.4694012759,"segment_sequence":450001,"segment_id":23,"segment_len_meter":15.21697388681417,"segment_cum_len":21087.731809701596,"stop_segment_distance":19.7867403973944}
{"route_id":"243","stop_id":"9386","stop_lat":34.23884,"stop_lon":-118.562422,"stop_sequence":18,"segment_first_lat":34.2388403669,"segment_first_lon":-118.5623023407,"segment_second_lat":34.2384392117,"segment_second_lon":-118.562293683,"segment_sequence":180001,"segment_id":9,"segment_len_meter":44.6135222522466,"segment_cum_len":9103.801792325492,"stop_segment_distance":12.486421564152465}
{"route_id":"245","stop_id":"6589","stop_lat":34.205834,"stop_lon":-118.605795,"stop_sequence":9,"segment_first_lat":34.2058332937,"segment_first_lon":-118.6059460014,"segment_second_lat":34.2064625563,"segment_second_lon":-118.6059482521,"segment_sequence":90001,"segment_id":5,"segment_len_meter":69.97111476574366,"segment_cum_len":3672.2609678277045,"stop_segment_distance":15.214307273603652}
{"route_id":"251","stop_id":"9148","stop_lat":33.948676,"stop_lon":-118.207034,"stop_sequence":51,"segment_first_lat":33.9486586338,"segment_first_lon":-118.2068828143,"segment_second_lat":33.9466040896,"segment_second_lon":-118.2071903084,"segment_sequence":510001,"segment_id":26,"segment_len_meter":230.20890315366984,"segment_cum_len":19407.54874947061,"stop_segment_distance":14.706239165530434}
{"route_id":"256","stop_id":"10106","stop_lat":34.061463,"stop_lon":-118.17494,"stop_sequence":26,"segment_first_lat":34.0613401798,"segment_first_lon":-118.1746329412,"segment_second_lat":34.0613378119,"segment_second_lon":-118.1749399898,"segment_sequence":250020,"segment_id":13,"segment_len_meter":28.285975080464173,"segment_cum_len":7405.701398844801,"stop_segment_distance":17.044372139069797}
{"route_id":"256","stop_id":"7571","stop_lat":34.141656,"stop_lon":-118.17407,"stop_sequence":73,"segment_first_lat":34.1417441467,"segment_first_lon":-118.1741184978,"segment_second_lat":34.1418760105,"segment_second_lon":-118.1737601982,"segment_sequence":730001,"segment_id":37,"segment_len_meter":36.08754190922386,"segment_cum_len":21881.616690213865,"stop_segment_distance":12.25066755205021}
{"route_id":"256","stop_id":"9857","stop_lat":34.021358,"stop_lon":-118.171543,"stop_sequence":5,"segment_first_lat":34.0202552253,"segment_first_lon":-118.1719566954,"segment_second_lat":34.0213727014,"segment_second_lon":-118.1716256838,"segment_sequence":40002,"segment_id":2,"segment_len_meter":127.94776701877353,"segment_cum_len":813.7247599446874,"stop_segment_distance":8.259509040039433}
{"route_id":"260","stop_id":"13131","stop_lat":33.87438,"stop_lon":-118.214872,"stop_sequence":100,"segment_first_lat":33.8742529489,"segment_first_lon":-118.2148716831,"segment_second_lat":33.8742453886,"segment_second_lon":-118.2164858638,"segment_sequence":1000001,"segment_id":50,"segment_len_meter":149.02517855370567,"segment_cum_len":41387.12995728256,"stop_segment_distance":14.845701061846995}
{"route_id":"260","stop_id":"13133","stop_lat":33.895888,"stop_lon":-118.193532,"stop_sequence":92,"segment_first_lat":33.8958966575,"segment_first_lon":-118.1933786234,"segment_second_lat":33.8942643468,"segment_second_lon":-118.1932677678,"segment_sequence":920001,"segment_id":46,"segment_len_meter":181.79283402999803,"segment_cum_len":36141.67928611682,"stop_segment_distance":14.577927444055092}
{"route_id":"266","stop_id":"17877","stop_lat":34.047493,"stop_lon":-118.064077,"stop_sequence":50,"segment_first_lat":34.0474929558,"segment_first_lon":-118.0642515035,"segment_second_lat":34.048075502,"segment_second_lon":-118.0642519508,"segment_sequence":500001,"segment_id":25,"segment_len_meter":64.77619508548045,"segment_cum_len":26241.254009363136,"stop_segment_distance":18.04813339280544}
{"route_id":"267","stop_id":"1706","stop_lat":34.149639,"stop_lon":-118.14407,"stop_sequence":55,"segment_first_lat":34.1495252238,"segment_first_lon":-118.1429524233,"segment_second_lat":34.1495170281,"segment_second_lon":-118.1440695442,"segment_sequence":540002,"segment_id":27,"segment_len_meter":102.80395409119707,"segment_cum_len":18024.273869791974,"stop_segment_distance":14.375797151629726}
{"route_id":"268","stop_id":"8946","stop_lat":34.098953,"stop_lon":-118.050282,"stop_sequence":20,"segment_first_lat":34.0980300534,"segment_first_lon":-118.0502488777,"segment_second_lat":34.0989304535,"segment_second_lon":-118.0504304303,"segment_sequence":190004,"segment_id":10,"segment_len_meter":101.5059389795154,"segment_cum_len":6562.132134634395,"stop_segment_distance":15.06144465033411}
{"route_id":"33","stop_id":"4703","stop_lat":34.041393,"stop_lon":-118.279022,"stop_sequence":65,"segment_first_lat":34.0414755387,"segment_first_lon":-118.278967983,"segment_second_lat":34.0409965431,"segment_second_lon":-118.2779137432,"segment_sequence":650001,"segment_id":33,"segment_len_meter":110.78154828735512,"segment_cum_len":20794.79455690488,"stop_segment_distance":10.88327285187816}
{"route_id":"33","stop_id":"6974","stop_lat":33.987348,"stop_lon":-118.468691,"stop_sequence":4,"segment_first_lat":33.9874018894,"segment_first_lon":-118.4689184183,"segment_second_lat":33.9874170508,"segment_second_lon":-118.4686938572,"segment_sequence":30006,"segment_id":2,"segment_len_meter":20.772705604656156,"segment_cum_len":1132.2460764544282,"stop_segment_distance":8.716970689626496}
{"route_id":"35","stop_id":"16514","stop_lat":34.039802,"stop_lon":-118.28362,"stop_sequence":50,"segment_first_lat":34.0395548641,"segment_first_lon":-118.2834146881,"segment_second_lat":34.0396907748,"segment_second_lon":-118.2836950566,"segment_sequence":490004,"segment_id":25,"segment_len_meter":29.929371148808976,"segment_cum_len":16152.221549841226,"stop_segment_distance":17.602967933809254}
{"route_id":"45","stop_id":"13272","stop_lat":33.949332,"stop_lon":-118.278539,"stop_sequence":53,"segment_first_lat":33.9500934233,"segment_first_lon":-118.2783903137,"segment_second_lat":33.9493322738,"segment_second_lon":-118.2783877842,"segment_sequence":520009,"segment_id":26,"segment_len_meter":84.63628441706607,"segment_cum_len":17537.33989035832,"stop_segment_distance":15.081860026370805}
{"route_id":"460","stop_id":"607","stop_lat":33.902181,"stop_lon":-118.046741,"stop_sequence":36,"segment_first_lat":33.902181152,"segment_first_lon":-118.0465902517,"segment_second_lat":33.9006203884,"segment_second_lon":-118.0465781801,"segment_sequence":370001,"segment_id":19,"segment_len_meter":173.5525700137029,"segment_cum_len":40730.22565372544,"stop_segment_distance":14.541621541553297}
{"route_id":"51","stop_id":"15741","stop_lat":34.045227,"stop_lon":-118.253636,"stop_sequence":20,"segment_first_lat":34.0456079646,"segment_first_lon":-118.25398334,"segment_second_lat":34.0453253063,"segment_second_lon":-118.2535447662,"segment_sequence":190005,"segment_id":10,"segment_len_meter":51.19253813130737,"segment_cum_len":4738.719794513515,"stop_segment_distance":15.687704008080914}
{"route_id":"53","stop_id":"4866","stop_lat":33.969641,"stop_lon":-118.25624,"stop_sequence":42,"segment_first_lat":33.9693936504,"segment_first_lon":-118.2563939294,"segment_second_lat":33.9696437079,"segment_second_lon":-118.2563927161,"segment_sequence":410005,"segment_id":21,"segment_len_meter":27.805350486808504,"segment_cum_len":14517.272775710013,"stop_segment_distance":17.232090183013508}
{"route_id":"60","stop_id":"11490","stop_lat":33.88623,"stop_lon":-118.206458,"stop_sequence":70,"segment_first_lat":33.8862610976,"segment_first_lon":-118.2063087452,"segment_second_lat":33.8849859024,"segment_second_lon":-118.2059441776,"segment_sequence":700001,"segment_id":35,"segment_len_meter":145.73399682876732,"segment_cum_len":22472.626033823522,"stop_segment_distance":14.713176070951391}
{"route_id":"602","stop_id":"2189","stop_lat":34.065811,"stop_lon":-118.4478,"stop_sequence":51,"segment_first_lat":34.0662512338,"segment_first_lon":-118.4475218229,"segment_second_lat":34.0657829221,"segment_second_lon":-118.447689363,"segment_sequence":500015,"segment_id":25,"segment_len_meter":54.31257364508237,"segment_cum_len":15813.722626809176,"stop_segment_distance":11.598697915363587}
{"route_id":"611","stop_id":"9610","stop_lat":33.997764,"stop_lon":-118.190135,"stop_sequence":57,"segment_first_lat":33.9979372565,"segment_first_lon":-118.1901815527,"segment_second_lat":33.9978643654,"segment_second_lon":-118.1900533802,"segment_sequence":560006,"segment_id":28,"segment_len_meter":14.328543685248048,"segment_cum_len":17423.25501580579,"stop_segment_distance":18.86860529311698}
{"route_id":"68","stop_id":"9233","stop_lat":34.040698,"stop_lon":-118.171207,"stop_sequence":18,"segment_first_lat":34.0405745731,"segment_first_lon":-118.1707870463,"segment_second_lat":34.0405720559,"segment_second_lon":-118.1712062467,"segment_sequence":170009,"segment_id":9,"segment_len_meter":38.6264397069084,"segment_cum_len":8663.800444903392,"stop_segment_distance":16.434726401126753}
{"route_id":"76","stop_id":"12272","stop_lat":34.067134,"stop_lon":-118.222149,"stop_sequence":50,"segment_first_lat":34.0670144294,"segment_first_lon":-118.2221957675,"segment_second_lat":34.0670542576,"segment_second_lon":-118.2223537031,"segment_sequence":500001,"segment_id":25,"segment_len_meter":15.206925597192596,"segment_cum_len":18692.094497042912,"stop_segment_distance":19.60559818903463}
{"route_id":"76","stop_id":"16398","stop_lat":34.077581,"stop_lon":-118.142199,"stop_sequence":31,"segment_first_lat":34.07745555,"segment_first_lon":-118.142187944,"segment_second_lat":34.0774016866,"segment_second_lon":-118.143123059,"segment_sequence":310001,"segment_id":16,"segment_len_meter":86.33271419602771,"segment_cum_len":10609.049476895378,"stop_segment_distance":15.064613036636487}
{"route_id":"81","stop_id":"13463","stop_lat":33.945755,"stop_lon":-118.282741,"stop_sequence":94,"segment_first_lat":33.9464564242,"segment_first_lon":-118.2826183374,"segment_second_lat":33.9457557389,"segment_second_lon":-118.2826110279,"segment_sequence":930004,"segment_id":47,"segment_len_meter":77.91556794928974,"segment_cum_len":29712.10974562749,"stop_segment_distance":12.885071725476791}
{"route_id":"81","stop_id":"4675","stop_lat":34.044218,"stop_lon":-118.26308,"stop_sequence":54,"segment_first_lat":34.0441554105,"segment_first_lon":-118.2629833406,"segment_second_lat":34.0429510211,"segment_second_lon":-118.264115736,"segment_sequence":540001,"segment_id":27,"segment_len_meter":169.76782015855434,"segment_cum_len":18266.89120757513,"stop_segment_distance":11.695202545048915}
{"route_id":"92","stop_id":"7680","stop_lat":34.168412,"stop_lon":-118.285465,"stop_sequence":62,"segment_first_lat":34.1666444921,"segment_first_lon":-118.2832705742,"segment_second_lat":34.1683177828,"segment_second_lon":-118.2855622679,"segment_sequence":610004,"segment_id":31,"segment_len_meter":281.19945796110943,"segment_cum_len":18551.942489432236,"stop_segment_distance":14.337214078701152}
{"route_id":"94","stop_id":"12590","stop_lat":34.180974,"stop_lon":-118.308365,"stop_sequence":46,"segment_first_lat":34.1810556452,"segment_first_lon":-118.3084771146,"segment_second_lat":34.1820395639,"segment_second_lon":-118.3074365768,"segment_sequence":460001,"segment_id":23,"segment_len_meter":145.36657567750402,"segment_cum_len":19919.945005455746,"stop_segment_distance":14.42958921800951}
{"route_id":"94","stop_id":"14237","stop_lat":34.146833,"stop_lon":-118.271983,"stop_sequence":62,"segment_first_lat":34.1470863622,"segment_first_lon":-118.2719406839,"segment_second_lat":34.1468840687,"segment_second_lon":-118.271840544,"segment_sequence":610006,"segment_id":31,"segment_len_meter":24.308508120916958,"segment_cum_len":25585.897876970746,"stop_segment_distance":18.41850803362578}
