{"route_id":"102","stop_id":"6134","stop_lat":33.954411,"stop_lon":-118.396058,"stop_sequence":3,"segment_first_lat":33.9539049791,"segment_first_lon":-118.3962069639,"segment_second_lat":33.9544105784,"segment_second_lon":-118.3962093554,"segment_sequence":20009,"segment_id":1,"segment_len_meter":56.22050979230374,"segment_cum_len":1305.083064603931,"stop_segment_distance":15.659896345953435}
{"route_id":"108","stop_id":"1645","stop_lat":33.98909,"stop_lon":-118.234976,"stop_sequence":52,"segment_first_lat":33.9891975983,"segment_first_lon":-118.237529294,"segment_second_lat":33.989215512,"segment_second_lon":-118.2349760651,"segment_sequence":510004,"segment_id":26,"segment_len_meter":235.40715456043992,"segment_cum_len":17703.704574863077,"stop_segment_distance":14.257894345446772}
{"route_id":"108","stop_id":"1649","stop_lat":33.989096,"stop_lon":-118.230503,"stop_sequence":53,"segment_first_lat":33.9892315286,"segment_first_lon":-118.232808791,"segment_second_lat":33.989226063,"segment_second_lon":-118.230502907,"segment_sequence":520004,"segment_id":26,"segment_len_meter":212.59521002947736,"segment_cum_len":18116.123067346383,"stop_segment_distance":14.986553667923886}
{"route_id":"108","stop_id":"496","stop_lat":33.987356,"stop_lon":-118.382336,"stop_sequence":9,"segment_first_lat":33.987217868,"segment_first_lon":-118.3824306874,"segment_second_lat":33.9873640965,"segment_second_lon":-118.3824175006,"segment_sequence":80023,"segment_id":4,"segment_len_meter":16.305258813672083,"segment_cum_len":3953.9311354254296,"stop_segment_distance":8.929922276737258}
{"route_id":"110","stop_id":"14693","stop_lat":33.979315,"stop_lon":-118.326166,"stop_sequence":26,"segment_first_lat":33.9793792396,"segment_first_lon":-118.3262129779,"segment_second_lat":33.9797072702,"segment_second_lon":-118.325524551,"segment_sequence":260001,"segment_id":13,"segment_len_meter":73.21117295753203,"segment_cum_len":10022.498277046634,"stop_segment_distance":8.633069748194401}
{"route_id":"115","stop_id":"7817","stop_lat":33.959852,"stop_lon":-118.317939,"stop_sequence":31,"segment_first_lat":33.9599817163,"segment_first_lon":-118.3188492552,"segment_second_lat":33.9599797221,"segment_second_lon":-118.3179390916,"segment_sequence":300005,"segment_id":15,"segment_len_meter":83.94302514069973,"segment_cum_len":7483.46884722068,"stop_segment_distance":15.440345941872536}
{"route_id":"117","stop_id":"6640","stop_lat":33.943819,"stop_lon":-118.20322,"stop_sequence":53,"segment_first_lat":33.9440591365,"segment_first_lon":-118.2042298748,"segment_second_lat":33.9439446433,"segment_second_lon":-118.2031992751,"segment_sequence":520006,"segment_id":26,"segment_len_meter":95.91683652495104,"segment_cum_len":19816.27905297409,"stop_segment_distance":15.092066930921249}
{"route_id":"120","stop_id":"11148","stop_lat":33.93004,"stop_lon":-118.168449,"stop_sequence":53,"segment_first_lat":33.9299129892,"segment_first_lon":-118.1684662451,"segment_second_lat":33.9300163409,"segment_second_lon":-118.1696189008,"segment_sequence":530001,"segment_id":27,"segment_len_meter":106.96398171327837,"segment_cum_len":23323.43867588219,"stop_segment_distance":15.216164614281979}
{"route_id":"120","stop_id":"36524","stop_lat":33.932199,"stop_lon":-118.199368,"stop_sequence":62,"segment_first_lat":33.9320434513,"segment_first_lon":-118.1989129081,"segment_second_lat":33.9320663009,"segment_second_lon":-118.1993863481,"segment_sequence":610006,"segment_id":31,"segment_len_meter":43.75267205308724,"segment_cum_len":26084.80970917485,"stop_segment_distance":16.508680232897156}
{"route_id":"130","stop_id":"10969","stop_lat":33.855006,"stop_lon":-118.398305,"stop_sequence":78,"segment_first_lat":33.855286171,"segment_first_lon":-118.3982112069,"segment_second_lat":33.8550291611,"segment_second_lon":-118.3981543255,"segment_sequence":770008,"segment_id":39,"segment_len_meter":29.056881156190098,"segment_cum_len":36473.57210657554,"stop_segment_distance":17.42813439256533}
{"route_id":"14","stop_id":"55","stop_lat":34.032361,"stop_lon":-118.370491,"stop_sequence":3,"segment_first_lat":34.0324617456,"segment_first_lon":-118.3704914965,"segment_second_lat":34.032464061,"segment_second_lon":-118.3701845575,"segment_sequence":30001,"segment_id":2,"segment_len_meter":28.28545554083213,"segment_cum_len":1034.1628645015671,"stop_segment_distance":13.392339121501344}
{"route_id":"152","stop_id":"15553","stop_lat":34.190176,"stop_lon":-118.370139,"stop_sequence":11,"segment_first_lat":34.1885408539,"segment_first_lon":-118.3702843556,"segment_second_lat":34.1901758259,"segment_second_lon":-118.3702916035,"segment_sequence":100003,"segment_id":5,"segment_len_meter":181.80181389167916,"segment_cum_len":3976.479372022319,"stop_segment_distance":14.54518313639673}
{"route_id":"16","stop_id":"15655","stop_lat":34.069105,"stop_lon":-118.311426,"stop_sequence":31,"segment_first_lat":34.0689788024,"segment_first_lon":-118.3103560274,"segment_second_lat":34.0689785218,"segment_second_lon":-118.3114258624,"segment_sequence":300003,"segment_id":15,"segment_len_meter":98.54234330238943,"segment_cum_len":8176.329480819149,"stop_segment_distance":15.070319240375838}
{"route_id":"164","stop_id":"7143","stop_lat":34.186749,"stop_lon":-118.51016,"stop_sequence":54,"segment_first_lat":34.1866215524,"segment_first_lon":-118.5101595077,"segment_second_lat":34.186625647,"segment_second_lon":-118.5119219722,"segment_sequence":540001,"segment_id":27,"segment_len_meter":162.11521341346014,"segment_cum_len":20609.863100140596,"stop_segment_distance":14.704934328409934}
{"route_id":"165","stop_id":"6845","stop_lat":34.193791,"stop_lon":-118.479436,"stop_sequence":41,"segment_first_lat":34.1939172393,"segment_first_lon":-118.481466876,"segment_second_lat":34.1939176098,"segment_second_lon":-118.4794364266,"segment_sequence":400003,"segment_id":20,"segment_len_meter":186.74814834807884,"segment_cum_len":15589.059398247326,"stop_segment_distance":14.64450113052311}
{"route_id":"165","stop_id":"6862","stop_lat":34.193807,"stop_lon":-118.461711,"stop_sequence":45,"segment_first_lat":34.193933254,"segment_first_lon":-118.4617114072,"segment_second_lat":34.1939299417,"segment_second_lon":-118.4598396712,"segment_sequence":450001,"segment_id":23,"segment_len_meter":172.15103460771144,"segment_cum_len":17391.455080223695,"stop_segment_distance":14.543188857747964}
{"route_id":"166","stop_id":"12511","stop_lat":34.235714,"stop_lon":-118.5153,"stop_sequence":31,"segment_first_lat":34.2358392439,"segment_first_lon":-118.5152974356,"segment_second_lat":34.2358132215,"segment_second_lon":-118.5112607962,"segment_sequence":310001,"segment_id":16,"segment_len_meter":371.0917301963862,"segment_cum_len":13998.203468451282,"stop_segment_distance":14.317091103613677}
{"route_id":"169","stop_id":"6118","stop_lat":34.208261,"stop_lon":-118.544968,"stop_sequence":66,"segment_first_lat":34.2083867856,"segment_first_lon":-118.5469793191,"segment_second_lat":34.2083881664,"segment_second_lon":-118.5449683631,"segment_sequence":650002,"segment_id":33,"segment_len_meter":184.92358245794713,"segment_cum_len":26893.546549198203,"stop_segment_distance":14.701857836543468}
{"route_id":"211","stop_id":"12318","stop_lat":33.96008,"stop_lon":-118.344093,"stop_sequence":35,"segment_first_lat":33.9607151683,"segment_first_lon":-118.3439376302,"segment_second_lat":33.9600804123,"segment_second_lon":-118.3439376619,"segment_sequence":340006,"segment_id":17,"segment_len_meter":70.58164691736933,"segment_cum_len":11629.733597528784,"stop_segment_distance":15.81141889484428}
{"route_id":"217","stop_id":"11981","stop_lat":34.076245,"stop_lon":-118.361575,"stop_sequence":22,"segment_first_lat":34.077943256,"segment_first_lon":-118.3614269724,"segment_second_lat":34.0762450794,"segment_second_lon":-118.3614222762,"segment_sequence":210001,"segment_id":11,"segment_len_meter":188.8291178290223,"segment_cum_len":6352.290300879849,"stop_segment_distance":14.566004428475111}
{"route_id":"234","stop_id":"14517","stop_lat":34.171851,"stop_lon":-118.466307,"stop_sequence":62,"segment_first_lat":34.1718511477,"segment_first_lon":-118.466148413,"segment_second_lat":34.1707299395,"segment_second_lon":-118.4661652993,"segment_sequence":620001,"segment_id":31,"segment_len_meter":124.68234214331778,"segment_cum_len":23231.388481866743,"stop_segment_distance":15.243367602752073}
{"route_id":"237","stop_id":"9137","stop_lat":34.114691,"stop_lon":-118.335714,"stop_sequence":9,"segment_first_lat":34.1146704681,"segment_first_lon":-118.3358642323,"segment_second_lat":34.1149072375,"segment_second_lon":-118.3358995428,"segment_sequence":90001,"segment_id":5,"segment_len_meter":26.5274793778953,"segment_cum_len":3256.64732331136,"stop_segment_distance":16.98418922645654}
{"route_id":"246","stop_id":"5407","stop_lat":33.708585,"stop_lon":-118.287782,"stop_sequence":4,"segment_first_lat":33.7083041019,"segment_first_lon":-118.2879357191,"segment_second_lat":33.7085843831,"segment_second_lon":-118.2879324056,"segment_sequence":30013,"segment_id":2,"segment_len_meter":31.167354559744645,"segment_cum_len":789.1524931955963,"stop_segment_distance":17.063973333456943}
{"route_id":"251","stop_id":"13947","stop_lat":34.014547,"stop_lon":-118.220059,"stop_sequence":24,"segment_first_lat":34.0151734943,"segment_first_lon":-118.2199323998,"segment_second_lat":34.0145522502,"segment_second_lon":-118.2199063489,"segment_sequence":230005,"segment_id":12,"segment_len_meter":69.12090820486551,"segment_cum_len":9509.156237622805,"stop_segment_distance":15.594366307002446}
{"route_id":"252","stop_id":"6299","stop_lat":34.056674,"stop_lon":-118.201421,"stop_sequence":12,"segment_first_lat":34.0564205213,"segment_first_lon":-118.2017144323,"segment_second_lat":34.0567208997,"segment_second_lon":-118.2015279632,"segment_sequence":110010,"segment_id":6,"segment_len_meter":37.55910058809312,"segment_cum_len":3979.920048369237,"stop_segment_distance":12.64279917897418}
{"route_id":"28","stop_id":"10299","stop_lat":34.126236,"stop_lon":-118.219111,"stop_sequence":15,"segment_first_lat":34.1267230493,"segment_first_lon":-118.2185209045,"segment_second_lat":34.126164668,"segment_second_lon":-118.2189836869,"segment_sequence":140009,"segment_id":7,"segment_len_meter":75.29704075364285,"segment_cum_len":4654.695006953323,"stop_segment_distance":15.556593337541813}
{"route_id":"33","stop_id":"6954","stop_lat":34.046447,"stop_lon":-118.340685,"stop_sequence":44,"segment_first_lat":34.0463295414,"segment_first_lon":-118.3423485231,"segment_second_lat":34.0465713131,"segment_second_lon":-118.3407115154,"segment_sequence":430006,"segment_id":22,"segment_len_meter":153.20183188568606,"segment_cum_len":14848.39015190912,"stop_segment_distance":14.658559063396496}
{"route_id":"35","stop_id":"7748","stop_lat":34.025429,"stop_lon":-118.346194,"stop_sequence":12,"segment_first_lat":34.0255530596,"segment_first_lon":-118.3470918066,"segment_second_lat":34.0255556371,"segment_second_lon":-118.3461941483,"segment_sequence":110003,"segment_id":6,"segment_len_meter":82.72601972677982,"segment_cum_len":4077.4316426427913,"stop_segment_distance":15.236736243417184}
{"route_id":"40","stop_id":"1208","stop_lat":34.051781,"stop_lon":-118.242517,"stop_sequence":9,"segment_first_lat":34.0516846097,"segment_first_lon":-118.2426199812,"segment_second_lat":34.0522192364,"segment_second_lon":-118.24335673,"segment_sequence":90001,"segment_id":5,"segment_len_meter":90.22813006126756,"segment_cum_len":3357.6773563170773,"stop_segment_distance":15.51671716707358}
{"route_id":"51","stop_id":"13869","stop_lat":34.033576,"stop_lon":-118.253551,"stop_sequence":26,"segment_first_lat":34.0335111149,"segment_first_lon":-118.2534185367,"segment_second_lat":34.0327452372,"segment_second_lon":-118.2539641051,"segment_sequence":260001,"segment_id":13,"segment_len_meter":98.89357933443746,"segment_cum_len":6659.376312150238,"stop_segment_distance":15.198236398906488}
{"route_id":"603","stop_id":"17132","stop_lat":34.06644,"stop_lon":-118.2789,"stop_sequence":40,"segment_first_lat":34.0684680329,"segment_first_lon":-118.2774700988,"segment_second_lat":34.0663930854,"segment_second_lon":-118.2787951858,"segment_sequence":390004,"segment_id":20,"segment_len_meter":261.0191792575082,"segment_cum_len":12836.30726109363,"stop_segment_distance":11.107977834638916}
{"route_id":"687","stop_id":"13402","stop_lat":34.135494,"stop_lon":-118.150483,"stop_sequence":33,"segment_first_lat":34.1354938405,"segment_first_lon":-118.1503650489,"segment_second_lat":34.1347656618,"segment_second_lon":-118.1503591126,"segment_sequence":330001,"segment_id":17,"segment_len_meter":80.97162047612579,"segment_cum_len":8906.349571960636,"stop_segment_distance":11.670563238774662}
{"route_id":"70","stop_id":"3165","stop_lat":34.054412,"stop_lon":-118.195104,"stop_sequence":26,"segment_first_lat":34.0545705594,"segment_first_lon":-118.1971144438,"segment_second_lat":34.0544831509,"segment_second_lon":-118.195100065,"segment_sequence":250003,"segment_id":13,"segment_len_meter":185.830114744422,"segment_cum_len":9008.9349151912,"stop_segment_distance":8.140416467867738}
{"route_id":"744","stop_id":"6806","stop_lat":34.24723,"stop_lon":-118.447711,"stop_sequence":16,"segment_first_lat":34.2473298918,"segment_first_lon":-118.4478156323,"segment_second_lat":34.2492063028,"segment_second_lon":-118.4452432702,"segment_sequence":160001,"segment_id":8,"segment_len_meter":315.33527699878874,"segment_cum_len":15315.866614832292,"stop_segment_distance":15.172982710272663}
{"route_id":"78","stop_id":"656","stop_lat":34.057838,"stop_lon":-118.236635,"stop_sequence":14,"segment_first_lat":34.0580984841,"segment_first_lon":-118.2370481056,"segment_second_lat":34.0579592571,"segment_second_lon":-118.2365818664,"segment_sequence":130016,"segment_id":7,"segment_len_meter":45.65567313704152,"segment_cum_len":4470.2014214237615,"stop_segment_distance":16.51321133325647}
{"route_id":"81","stop_id":"13442","stop_lat":33.998437,"stop_lon":-118.28283,"stop_sequence":73,"segment_first_lat":33.9987617612,"segment_first_lon":-118.2826794378,"segment_second_lat":33.9984375159,"segment_second_lon":-118.282678343,"segment_sequence":720006,"segment_id":36,"segment_len_meter":36.05457360623151,"segment_cum_len":23854.05455513478,"stop_segment_distance":16.61360346054957}
{"route_id":"92","stop_id":"3407","stop_lat":34.148363,"stop_lon":-118.254838,"stop_sequence":49,"segment_first_lat":34.1483625851,"segment_first_lon":-118.2549946559,"segment_second_lat":34.1499068653,"segment_second_lon":-118.2550076309,"segment_sequence":490001,"segment_id":25,"segment_len_meter":171.72027460290283,"segment_cum_len":14350.007462298585,"stop_segment_distance":15.07404395812165}
{"route_id":"94","stop_id":"10362","stop_lat":34.191816,"stop_lon":-118.341444,"stop_sequence":36,"segment_first_lat":34.1919288695,"segment_first_lon":-118.3423434466,"segment_second_lat":34.1919152087,"segment_second_lon":-118.341440627,"segment_sequence":350002,"segment_id":18,"segment_len_meter":83.05160516929918,"segment_cum_len":16000.210287725531,"stop_segment_distance":11.658384627593378}
{"route_id":"96","stop_id":"10755","stop_lat":34.108186,"stop_lon":-118.2638,"stop_sequence":26,"segment_first_lat":34.108220266,"segment_first_lon":-118.2636820252,"segment_second_lat":34.1080190448,"segment_second_lon":-118.263591205,"segment_sequence":260001,"segment_id":13,"segment_len_meter":23.886114127815087,"segment_cum_len":13084.813176137253,"stop_segment_distance":14.348451125508252}
{"route_id":"96","stop_id":"4499","stop_lat":34.099702,"stop_lon":-118.250233,"stop_sequence":30,"segment_first_lat":34.0997471914,"segment_first_lon":-118.2501113055,"segment_second_lat":34.0996448057,"segment_second_lon":-118.2500581486,"segment_sequence":300001,"segment_id":15,"segment_len_meter":12.392300363309989,"segment_cum_len":14933.092942027286,"stop_segment_distance":17.198364584006974}
