{"route_id":"108","stop_id":"1636","stop_lat":33.989057,"stop_lon":-118.208087,"stop_sequence":59,"segment_first_lat":33.9891827144,"segment_first_lon":-118.2080873848,"segment_second_lat":33.9891832588,"segment_second_lon":-118.2064907633,"segment_sequence":590001,"segment_id":30,"segment_len_meter":147.20294162595212,"segment_cum_len":20330.020596593702,"stop_segment_distance":14.61160611749986}
{"route_id":"117","stop_id":"7556","stop_lat":33.945316,"stop_lon":-118.365358,"stop_sequence":9,"segment_first_lat":33.9454441509,"segment_first_lon":-118.3653588281,"segment_second_lat":33.9454428802,"segment_second_lon":-118.3635058525,"segment_sequence":90001,"segment_id":5,"segment_len_meter":170.92582272247733,"segment_cum_len":4478.485861641422,"stop_segment_distance":14.75515210900133}
{"route_id":"125","stop_id":"11183","stop_lat":33.901716,"stop_lon":-118.360947,"stop_sequence":13,"segment_first_lat":33.9018328557,"segment_first_lon":-118.3612867604,"segment_second_lat":33.9018363159,"segment_second_lon":-118.3609572369,"segment_sequence":120004,"segment_id":6,"segment_len_meter":30.414542892293245,"segment_cum_len":5717.931497463775,"stop_segment_distance":16.93979455181699}
{"route_id":"125","stop_id":"16967","stop_lat":33.903335,"stop_lon":-118.208118,"stop_sequence":59,"segment_first_lat":33.903461359,"segment_first_lon":-118.2081184248,"segment_second_lat":33.9034631637,"segment_second_lon":-118.2070704814,"segment_sequence":590001,"segment_id":30,"segment_len_meter":96.71428350863164,"segment_cum_len":22139.00153868614,"stop_segment_distance":15.055951393942053}
{"route_id":"127","stop_id":"14679","stop_lat":33.896522,"stop_lon":-118.16043,"stop_sequence":26,"segment_first_lat":33.8964223127,"segment_first_lon":-118.1604299334,"segment_second_lat":33.8964187329,"segment_second_lon":-118.1614646049,"segment_sequence":260001,"segment_id":13,"segment_len_meter":95.49793554541549,"segment_cum_len":10738.320229404419,"stop_segment_distance":11.765615189971328}
{"route_id":"130","stop_id":"9194","stop_lat":33.870734,"stop_lon":-118.248839,"stop_sequence":35,"segment_first_lat":33.8707347111,"segment_first_lon":-118.2486860023,"segment_second_lat":33.8700395188,"segment_second_lon":-118.2486816346,"segment_sequence":350001,"segment_id":18,"segment_len_meter":77.30290857827211,"segment_cum_len":17318.86519264679,"stop_segment_distance":15.400431424000544}
{"route_id":"155","stop_id":"12963","stop_lat":34.152111,"stop_lon":-118.357741,"stop_sequence":35,"segment_first_lat":34.1522108556,"segment_first_lon":-118.3577418807,"segment_second_lat":34.1522095123,"segment_second_lon":-118.3570808236,"segment_sequence":350001,"segment_id":18,"segment_len_meter":60.83017057927398,"segment_cum_len":13776.021737560197,"stop_segment_distance":12.002244954350004}
{"route_id":"155","stop_id":"15344","stop_lat":34.150717,"stop_lon":-118.446487,"stop_sequence":2,"segment_first_lat":34.1505724027,"segment_first_lon":-118.4465207435,"segment_second_lat":34.1508892294,"segment_second_lon":-118.4485267197,"segment_sequence":20001,"segment_id":1,"segment_len_meter":187.9234133706815,"segment_cum_len":597.783501310561,"stop_segment_distance":17.123269330182865}
{"route_id":"16","stop_id":"15640","stop_lat":34.069137,"stop_lon":-118.303185,"stop_sequence":28,"segment_first_lat":34.0690099323,"segment_first_lon":-118.3031842772,"segment_second_lat":34.0690057095,"segment_second_lon":-118.3040989058,"segment_sequence":280001,"segment_id":14,"segment_len_meter":84.24758012261094,"segment_cum_len":7501.434866376276,"stop_segment_distance":15.31801432983633}
{"route_id":"161","stop_id":"11479","stop_lat":34.142077,"stop_lon":-118.811976,"stop_sequence":47,"segment_first_lat":34.1420538622,"segment_first_lon":-118.8117180119,"segment_second_lat":34.1419674893,"segment_second_lon":-118.8118946482,"segment_sequence":460008,"segment_id":23,"segment_len_meter":18.88109213862782,"segment_cum_len":28002.67479651651,"stop_segment_distance":19.295128897102707}
{"route_id":"164","stop_id":"7147","stop_lat":34.186781,"stop_lon":-118.470375,"stop_sequence":46,"segment_first_lat":34.1866555245,"segment_first_lon":-118.4700369657,"segment_second_lat":34.1866542134,"segment_second_lon":-118.4703742351,"segment_sequence":450006,"segment_id":23,"segment_len_meter":31.022961652277353,"segment_cum_len":16788.167086397847,"stop_segment_distance":17.15509786526787}
{"route_id":"18","stop_id":"7342","stop_lat":34.063492,"stop_lon":-118.29808,"stop_sequence":6,"segment_first_lat":34.0635854554,"segment_first_lon":-118.2991761045,"segment_second_lat":34.0635906388,"segment_second_lon":-118.2980799423,"segment_sequence":50003,"segment_id":3,"segment_len_meter":100.97540133767015,"segment_cum_len":1539.9992305264589,"stop_segment_distance":11.494590279599493}
{"route_id":"18","stop_id":"7364","stop_lat":34.06362,"stop_lon":-118.287207,"stop_sequence":10,"segment_first_lat":34.063713285,"segment_first_lon":-118.2884227501,"segment_second_lat":34.0637186535,"segment_second_lon":-118.2872077234,"segment_sequence":90002,"segment_id":5,"segment_len_meter":111.92446683531006,"segment_cum_len":2546.1498202277894,"stop_segment_distance":11.51443601558583}
{"route_id":"18","stop_id":"7367","stop_lat":34.056188,"stop_lon":-118.267518,"stop_sequence":19,"segment_first_lat":34.0565580447,"segment_first_lon":-118.2680511242,"segment_second_lat":34.0563010759,"segment_second_lon":-118.267450756,"segment_sequence":180007,"segment_id":9,"segment_len_meter":62.252939029446694,"segment_cum_len":4572.203672548533,"stop_segment_distance":15.835561916635527}
{"route_id":"202","stop_id":"13983","stop_lat":33.851565,"stop_lon":-118.206903,"stop_sequence":33,"segment_first_lat":33.8515653787,"segment_first_lon":-118.2067852471,"segment_second_lat":33.8496776228,"segment_second_lon":-118.2067861912,"segment_sequence":330001,"segment_id":17,"segment_len_meter":209.9088969291286,"segment_cum_len":13850.195827247246,"stop_segment_distance":11.108943731452626}
{"route_id":"202","stop_id":"30007","stop_lat":33.927643,"stop_lon":-118.237701,"stop_sequence":1,"segment_first_lat":33.927646842,"segment_first_lon":-118.2376534619,"segment_second_lat":33.9246231098,"segment_second_lon":-118.2361167361,"segment_sequence":10001,"segment_id":1,"segment_len_meter":364.89665933309806,"segment_cum_len":364.89665933309806,"stop_segment_distance":5.7415841412305895}
{"route_id":"205","stop_id":"16982","stop_lat":33.743461,"stop_lon":-118.309558,"stop_sequence":35,"segment_first_lat":33.7433763853,"segment_first_lon":-118.3091526448,"segment_second_lat":33.7433838497,"segment_second_lon":-118.3095625016,"segment_sequence":340003,"segment_id":17,"segment_len_meter":37.905406854857944,"segment_cum_len":8230.2766915016,"stop_segment_distance":9.326387902709172}
{"route_id":"205","stop_id":"17497","stop_lat":33.876418,"stop_lon":-118.236096,"stop_sequence":111,"segment_first_lat":33.8764087327,"segment_first_lon":-118.236246479,"segment_second_lat":33.8777036071,"segment_second_lon":-118.2363377594,"segment_sequence":1120001,"segment_id":56,"segment_len_meter":144.22984857048917,"segment_cum_len":42455.525272857245,"stop_segment_distance":14.385110434239124}
{"route_id":"206","stop_id":"13742","stop_lat":33.932943,"stop_lon":-118.300414,"stop_sequence":67,"segment_first_lat":33.933317446,"segment_first_lon":-118.3002933221,"segment_second_lat":33.9329437359,"segment_second_lon":-118.3002942903,"segment_sequence":660005,"segment_id":33,"segment_len_meter":41.55476315800308,"segment_cum_len":20331.890582662058,"stop_segment_distance":12.588967194285793}
{"route_id":"209","stop_id":"5619","stop_lat":33.949376,"stop_lon":-118.317612,"stop_sequence":17,"segment_first_lat":33.9493751937,"segment_first_lon":-118.3177293639,"segment_second_lat":33.9512437401,"segment_second_lon":-118.3177278784,"segment_sequence":170001,"segment_id":9,"segment_len_meter":207.7729250602891,"segment_cum_len":6426.283800848661,"stop_segment_distance":11.011138118622142}
{"route_id":"210","stop_id":"14113","stop_lat":34.069119,"stop_lon":-118.30926,"stop_sequence":19,"segment_first_lat":34.0711583,"segment_first_lon":-118.3091159394,"segment_second_lat":34.0691193955,"segment_second_lon":-118.3091084049,"segment_sequence":180002,"segment_id":9,"segment_len_meter":226.71689848785022,"segment_cum_len":5914.688854220768,"stop_segment_distance":14.394266132069419}
{"route_id":"210","stop_id":"30013","stop_lat":33.87176,"stop_lon":-118.356871,"stop_sequence":88,"segment_first_lat":33.8717018414,"segment_first_lon":-118.3569765879,"segment_second_lat":33.8717609221,"segment_second_lon":-118.3569758511,"segment_sequence":870035,"segment_id":44,"segment_len_meter":6.5698262743394515,"segment_cum_len":32817.6534672253,"stop_segment_distance":14.809254152032842}
{"route_id":"211","stop_id":"12881","stop_lat":33.891175,"stop_lon":-118.343979,"stop_sequence":54,"segment_first_lat":33.8934260136,"segment_first_lon":-118.3438394694,"segment_second_lat":33.8911755634,"segment_second_lon":-118.343827273,"segment_sequence":530002,"segment_id":27,"segment_len_meter":250.24117708396875,"segment_cum_len":19291.787140785127,"stop_segment_distance":14.39618074850739}
{"route_id":"211","stop_id":"141069","stop_lat":33.931142,"stop_lon":-118.361159,"stop_sequence":14,"segment_first_lat":33.9309352834,"segment_first_lon":-118.3613133541,"segment_second_lat":33.9311413699,"segment_second_lon":-118.3613142429,"segment_sequence":130006,"segment_id":7,"segment_len_meter":22.915919961696233,"segment_cum_len":4980.546951316349,"stop_segment_distance":18.44655729740326}
{"route_id":"233","stop_id":"6811","stop_lat":34.209984,"stop_lon":-118.44861,"stop_sequence":21,"segment_first_lat":34.2084667159,"segment_first_lon":-118.4487602239,"segment_second_lat":34.2099835354,"segment_second_lon":-118.4487657291,"segment_sequence":200002,"segment_id":10,"segment_len_meter":168.66339277853754,"segment_cum_len":6630.506378809504,"stop_segment_distance":14.935861727224022}
{"route_id":"239","stop_id":"20015","stop_lat":34.238851,"stop_lon":-118.523052,"stop_sequence":27,"segment_first_lat":34.2381227805,"segment_first_lon":-118.5231696503,"segment_second_lat":34.2388453291,"segment_second_lon":-118.5232046187,"segment_sequence":260007,"segment_id":13,"segment_len_meter":80.4080169088094,"segment_cum_len":10066.789297620791,"stop_segment_distance":15.328940054576947}
{"route_id":"239","stop_id":"20029","stop_lat":34.272389,"stop_lon":-118.467372,"stop_sequence":52,"segment_first_lat":34.2723692672,"segment_first_lon":-118.4675202272,"segment_second_lat":34.2737452483,"segment_second_lon":-118.467776855,"segment_sequence":520001,"segment_id":26,"segment_len_meter":154.80860735558514,"segment_cum_len":20706.255966754605,"stop_segment_distance":14.315846430277787}
{"route_id":"260","stop_id":"8783","stop_lat":33.992809,"stop_lon":-118.18374,"stop_sequence":63,"segment_first_lat":33.9930593701,"segment_first_lon":-118.1833647203,"segment_second_lat":33.9927394118,"segment_second_lon":-118.1836163889,"segment_sequence":620028,"segment_id":31,"segment_len_meter":42.47477042967122,"segment_cum_len":24862.65858949671,"stop_segment_distance":15.708063755361458}
{"route_id":"33","stop_id":"6925","stop_lat":34.004866,"stop_lon":-118.43098,"stop_sequence":16,"segment_first_lat":34.0049728441,"segment_first_lon":-118.4310628722,"segment_second_lat":34.0059243992,"segment_second_lon":-118.4292995752,"segment_sequence":160001,"segment_id":8,"segment_len_meter":193.943766339091,"segment_cum_len":5372.139397872922,"stop_segment_distance":14.71751348485651}
{"route_id":"33","stop_id":"6966","stop_lat":34.042588,"stop_lon":-118.36439,"stop_sequence":38,"segment_first_lat":34.0425763213,"segment_first_lon":-118.3647431531,"segment_second_lat":34.0427035991,"segment_second_lon":-118.3644532259,"segment_sequence":370005,"segment_id":19,"segment_len_meter":30.230874099431386,"segment_cum_len":12614.480081592706,"stop_segment_distance":16.446552624775652}
{"route_id":"35","stop_id":"5108","stop_lat":34.023191,"stop_lon":-118.274191,"stop_sequence":36,"segment_first_lat":34.0225407981,"segment_first_lon":-118.2747767413,"segment_second_lat":34.0232504996,"segment_second_lon":-118.2743252999,"segment_sequence":350007,"segment_id":18,"segment_len_meter":89.21081403273082,"segment_cum_len":11044.809616625469,"stop_segment_distance":15.052193339176114}
{"route_id":"40","stop_id":"13214","stop_lat":34.011337,"stop_lon":-118.278845,"stop_sequence":24,"segment_first_lat":34.0120000674,"segment_first_lon":-118.2783388262,"segment_second_lat":34.0113038638,"segment_second_lon":-118.2787694299,"segment_sequence":230006,"segment_id":12,"segment_len_meter":86.99565550713652,"segment_cum_len":9229.742870933056,"stop_segment_distance":8.135525107660726}
{"route_id":"45","stop_id":"1887","stop_lat":33.928658,"stop_lon":-118.282743,"stop_sequence":60,"segment_first_lat":33.9286559103,"segment_first_lon":-118.282591261,"segment_second_lat":33.928518519,"segment_second_lon":-118.2825907976,"segment_sequence":600001,"segment_id":30,"segment_len_meter":15.277275350464032,"segment_cum_len":20262.662238422603,"stop_segment_distance":19.646644104416715}
{"route_id":"501","stop_id":"18128","stop_lat":34.155364,"stop_lon":-118.335861,"stop_sequence":7,"segment_first_lat":34.1559024092,"segment_first_lon":-118.335092545,"segment_second_lat":34.1552815011,"segment_second_lon":-118.3357448501,"segment_sequence":60008,"segment_id":3,"segment_len_meter":91.4846577519689,"segment_cum_len":20389.945672963193,"stop_segment_distance":15.250413996858143}
{"route_id":"51","stop_id":"7411","stop_lat":34.05972,"stop_lon":-118.288746,"stop_sequence":4,"segment_first_lat":34.05979487,"segment_first_lon":-118.2887460039,"segment_second_lat":34.0597990001,"segment_second_lon":-118.2878215706,"segment_sequence":40001,"segment_id":2,"segment_len_meter":85.15987501048606,"segment_cum_len":1141.1530405759574,"stop_segment_distance":8.775478306028049}
{"route_id":"603","stop_id":"17126","stop_lat":34.142654,"stop_lon":-118.260723,"stop_sequence":5,"segment_first_lat":34.1425529315,"segment_first_lon":-118.2578868639,"segment_second_lat":34.1425287135,"segment_second_lon":-118.2607223626,"segment_sequence":40002,"segment_id":2,"segment_len_meter":260.9642632178226,"segment_cum_len":1237.3497016295973,"stop_segment_distance":14.217751133724107}
{"route_id":"611","stop_id":"9960","stop_lat":33.97486,"stop_lon":-118.234105,"stop_sequence":23,"segment_first_lat":33.974732347,"segment_first_lon":-118.2335798499,"segment_second_lat":33.9747335288,"segment_second_lon":-118.2341042734,"segment_sequence":220008,"segment_id":11,"segment_len_meter":48.35841472793045,"segment_cum_len":7245.311701805709,"stop_segment_distance":16.16736182563612}
{"route_id":"68","stop_id":"9744","stop_lat":34.044344,"stop_lon":-118.248787,"stop_sequence":45,"segment_first_lat":34.0444266303,"segment_first_lon":-118.2487153373,"segment_second_lat":34.0439252039,"segment_second_lon":-118.2478846435,"segment_sequence":450001,"segment_id":23,"segment_len_meter":94.69278777560734,"segment_cum_len":17521.75650706578,"stop_segment_distance":11.91535349157354}
{"route_id":"687","stop_id":"9841","stop_lat":34.146146,"stop_lon":-118.113374,"stop_sequence":16,"segment_first_lat":34.146506637,"segment_first_lon":-118.1131657862,"segment_second_lat":34.1460202707,"segment_second_lon":-118.1131585176,"segment_sequence":150003,"segment_id":8,"segment_len_meter":54.085601476001486,"segment_cum_len":4248.997641316038,"stop_segment_distance":14.620764215442108}
{"route_id":"734","stop_id":"7996","stop_lat":34.076383,"stop_lon":-118.454696,"stop_sequence":22,"segment_first_lat":34.07647808,"segment_first_lon":-118.4547992809,"segment_second_lat":34.0765703201,"segment_second_lon":-118.4546769376,"segment_sequence":220001,"segment_id":11,"segment_len_meter":15.237018530545994,"segment_cum_len":30799.09937968219,"stop_segment_distance":19.88772907771265}
{"route_id":"744","stop_id":"142066","stop_lat":34.274151,"stop_lon":-118.411279,"stop_sequence":24,"segment_first_lat":34.2760814482,"segment_first_lon":-118.4084021166,"segment_second_lat":34.2740561932,"segment_second_lon":-118.411179962,"segment_sequence":230005,"segment_id":12,"segment_len_meter":340.38668970093056,"segment_cum_len":23542.99506402926,"stop_segment_distance":14.060574301448696}
{"route_id":"750","stop_id":"15324","stop_lat":34.159471,"stop_lon":-118.501383,"stop_sequence":10,"segment_first_lat":34.1593507728,"segment_first_lon":-118.5014256573,"segment_second_lat":34.1595254329,"segment_second_lon":-118.5021797135,"segment_sequence":100001,"segment_id":5,"segment_len_meter":72.04870426713346,"segment_cum_len":13338.990288486993,"stop_segment_distance":15.440325629193367}
{"route_id":"78","stop_id":"2532","stop_lat":34.089571,"stop_lon":-118.167152,"stop_sequence":36,"segment_first_lat":34.0891897402,"segment_first_lon":-118.1704536676,"segment_second_lat":34.0896949776,"segment_second_lon":-118.1671790101,"segment_sequence":350001,"segment_id":18,"segment_len_meter":306.7438519481627,"segment_cum_len":12592.897763826037,"stop_segment_distance":14.248646435290254}
{"route_id":"78","stop_id":"2562","stop_lat":34.085873,"stop_lon":-118.17836,"stop_sequence":32,"segment_first_lat":34.0857569984,"segment_first_lon":-118.1788881546,"segment_second_lat":34.0859659787,"segment_second_lon":-118.1784202896,"segment_sequence":310016,"segment_id":16,"segment_len_meter":48.95324509192556,"segment_cum_len":11467.549200779753,"stop_segment_distance":13.10188665268911}
{"route_id":"78","stop_id":"7783","stop_lat":34.094994,"stop_lon":-118.151781,"stop_sequence":41,"segment_first_lat":34.0951288874,"segment_first_lon":-118.1517741863,"segment_second_lat":34.0951206883,"segment_second_lon":-118.1515198417,"segment_sequence":410001,"segment_id":21,"segment_len_meter":23.43814832840203,"segment_cum_len":14225.105653369923,"stop_segment_distance":19.443910205791497}
{"route_id":"780","stop_id":"10293","stop_lat":34.13903,"stop_lon":-118.214482,"stop_sequence":24,"segment_first_lat":34.1393088087,"segment_first_lon":-118.2151829822,"segment_second_lat":34.1391708069,"segment_second_lon":-118.2144426983,"segment_sequence":230025,"segment_id":12,"segment_len_meter":69.83754887115212,"segment_cum_len":25689.53756500782,"stop_segment_distance":17.808124621949688}
{"route_id":"92","stop_id":"2242","stop_lat":34.291282,"stop_lon":-118.430112,"stop_sequence":114,"segment_first_lat":34.2910046267,"segment_first_lon":-118.4300149982,"segment_second_lat":34.2912006221,"segment_second_lon":-118.4302272357,"segment_sequence":1130002,"segment_id":57,"segment_len_meter":29.242570302882317,"segment_cum_len":38769.572432798435,"stop_segment_distance":16.788214464133578}
{"route_id":"96","stop_id":"12591","stop_lat":34.147124,"stop_lon":-118.284312,"stop_sequence":18,"segment_first_lat":34.1470899622,"segment_first_lon":-118.2843501526,"segment_second_lat":34.1471264054,"segment_second_lon":-118.2843942338,"segment_sequence":180001,"segment_id":9,"segment_len_meter":5.733833166801694,"segment_cum_len":7933.913052383764,"stop_segment_distance":7.000995677883421}
{"route_id":"96","stop_id":"13548","stop_lat":34.181038,"stop_lon":-118.303485,"stop_sequence":7,"segment_first_lat":34.181737199,"segment_first_lon":-118.3042150113,"segment_second_lat":34.1811311751,"segment_second_lon":-118.3033858749,"segment_sequence":60004,"segment_id":3,"segment_len_meter":101.77479249433988,"segment_cum_len":1972.3136620534185,"stop_segment_distance":14.75966637130658}
{"route_id":"96","stop_id":"18076","stop_lat":34.166521,"stop_lon":-118.307779,"stop_sequence":12,"segment_first_lat":34.1666142573,"segment_first_lon":-118.3076776725,"segment_second_lat":34.1660947875,"segment_second_lon":-118.3069679877,"segment_sequence":120001,"segment_id":6,"segment_len_meter":87.17664400786383,"segment_cum_len":4280.756391185029,"stop_segment_distance":15.162434805350912}
