{"route_id":"115","stop_id":"1563","stop_lat":33.961669,"stop_lon":-118.351615,"stop_sequence":20,"segment_first_lat":33.9617946399,"segment_first_lon":-118.3516192053,"segment_second_lat":33.9618026859,"segment_second_lon":-118.3508376742,"segment_sequence":200001,"segment_id":10,"segment_len_meter":72.08320300872505,"segment_cum_len":4364.703596971781,"stop_segment_distance":15.10752442701822}
{"route_id":"120","stop_id":"6355","stop_lat":33.923604,"stop_lon":-118.099393,"stop_sequence":34,"segment_first_lat":33.9236044036,"segment_first_lon":-118.0992408146,"segment_second_lat":33.9220821078,"segment_second_lon":-118.0992330787,"segment_sequence":340001,"segment_id":17,"segment_len_meter":169.2730747272832,"segment_cum_len":14769.823389814745,"stop_segment_distance":14.6375611102209}
{"route_id":"125","stop_id":"17286","stop_lat":33.901755,"stop_lon":-118.392487,"stop_sequence":4,"segment_first_lat":33.9018798422,"segment_first_lon":-118.3924876931,"segment_second_lat":33.9018795485,"segment_second_lon":-118.3912255576,"segment_sequence":40001,"segment_id":2,"segment_len_meter":116.4839040635018,"segment_cum_len":2221.5478171005034,"stop_segment_distance":14.638924921595276}
{"route_id":"128","stop_id":"176135","stop_lat":33.880897,"stop_lon":-118.046304,"stop_sequence":6,"segment_first_lat":33.88089652,"segment_first_lon":-118.0464598198,"segment_second_lat":33.8820506047,"segment_second_lon":-118.0464657307,"segment_sequence":60001,"segment_id":3,"segment_len_meter":128.32952361733985,"segment_cum_len":3229.2910559667666,"stop_segment_distance":15.195806476969636}
{"route_id":"130","stop_id":"8739","stop_lat":33.872957,"stop_lon":-118.348697,"stop_sequence":61,"segment_first_lat":33.8728312674,"segment_first_lon":-118.3486963752,"segment_second_lat":33.8728283153,"segment_second_lon":-118.3523562666,"segment_sequence":610001,"segment_id":31,"segment_len_meter":337.89068270953305,"segment_cum_len":29986.042171857,"stop_segment_distance":14.225753638938613}
{"route_id":"158","stop_id":"16861","stop_lat":34.218075,"stop_lon":-118.430814,"stop_sequence":25,"segment_first_lat":34.2178854056,"segment_first_lon":-118.4309218966,"segment_second_lat":34.2180553759,"segment_second_lon":-118.4309568448,"segment_sequence":240005,"segment_id":12,"segment_len_meter":19.171064506634426,"segment_cum_len":9490.749399040615,"stop_segment_distance":17.442771120819348}
{"route_id":"163","stop_id":"11681","stop_lat":34.202511,"stop_lon":-118.62956,"stop_sequence":1,"segment_first_lat":34.2025148073,"segment_first_lon":-118.6294301369,"segment_second_lat":34.2022565417,"segment_second_lon":-118.629422568,"segment_sequence":10001,"segment_id":1,"segment_len_meter":28.726258983160914,"segment_cum_len":28.726258983160914,"stop_segment_distance":14.213029782810263}
{"route_id":"164","stop_id":"7146","stop_lat":34.186792,"stop_lon":-118.461662,"stop_sequence":44,"segment_first_lat":34.1866637335,"segment_first_lon":-118.4607619014,"segment_second_lat":34.1866649754,"segment_second_lon":-118.4616613127,"segment_sequence":430003,"segment_id":22,"segment_len_meter":82.72950319707749,"segment_cum_len":15986.722250938923,"stop_segment_distance":15.407192486683158}
{"route_id":"164","stop_id":"7166","stop_lat":34.186727,"stop_lon":-118.54947,"stop_sequence":63,"segment_first_lat":34.186599402,"segment_first_lon":-118.5494687413,"segment_second_lat":34.1865972257,"segment_second_lon":-118.5509137314,"segment_sequence":630001,"segment_id":32,"segment_len_meter":132.91298240303638,"segment_cum_len":24196.43808309966,"stop_segment_distance":14.854347737976354}
{"route_id":"166","stop_id":"4044","stop_lat":34.235442,"stop_lon":-118.467205,"stop_sequence":42,"segment_first_lat":34.235531862,"segment_first_lon":-118.4672054089,"segment_second_lat":34.2355230373,"segment_second_lon":-118.4653591773,"segment_sequence":420001,"segment_id":21,"segment_len_meter":169.72393731621332,"segment_cum_len":18218.006323962196,"stop_segment_distance":10.191025121272503}
{"route_id":"169","stop_id":"14452","stop_lat":34.205298,"stop_lon":-118.405995,"stop_sequence":113,"segment_first_lat":34.205288029,"segment_first_lon":-118.4061158172,"segment_second_lat":34.2055864276,"segment_second_lon":-118.4061225601,"segment_sequence":1130001,"segment_id":57,"segment_len_meter":33.1862041016782,"segment_cum_len":44989.73352051108,"stop_segment_distance":12.129161509757793}
{"route_id":"183","stop_id":"3080","stop_lat":34.16478,"stop_lon":-118.387895,"stop_sequence":22,"segment_first_lat":34.1649049221,"segment_first_lon":-118.3899414526,"segment_second_lat":34.1649062824,"segment_second_lon":-118.3878951916,"segment_sequence":210003,"segment_id":11,"segment_len_meter":188.26718208050508,"segment_cum_len":8376.37699402846,"stop_segment_distance":14.571379075656893}
{"route_id":"20","stop_id":"8400","stop_lat":34.061894,"stop_lon":-118.320317,"stop_sequence":28,"segment_first_lat":34.0617665429,"segment_first_lon":-118.3203201512,"segment_second_lat":34.0617889724,"segment_second_lon":-118.3213932832,"segment_sequence":280001,"segment_id":14,"segment_len_meter":98.8858816465713,"segment_cum_len":8033.984567553347,"stop_segment_distance":15.11976019960997}
{"route_id":"204","stop_id":"5676","stop_lat":33.965703,"stop_lon":-118.291489,"stop_sequence":17,"segment_first_lat":33.965702901,"segment_first_lon":-118.2916436488,"segment_second_lat":33.9667058607,"segment_second_lon":-118.2916471414,"segment_sequence":170001,"segment_id":9,"segment_len_meter":111.52449538609868,"segment_cum_len":4749.150052208524,"stop_segment_distance":15.20017788523758}
{"route_id":"205","stop_id":"5779","stop_lat":33.737852,"stop_lon":-118.303025,"stop_sequence":14,"segment_first_lat":33.7379227696,"segment_first_lon":-118.3030249954,"segment_second_lat":33.7379193665,"segment_second_lon":-118.3026303096,"segment_sequence":140001,"segment_id":7,"segment_len_meter":36.49785669016971,"segment_cum_len":2740.2625336264864,"stop_segment_distance":8.628507774160283}
{"route_id":"206","stop_id":"7097","stop_lat":33.928286,"stop_lon":-118.291415,"stop_sequence":75,"segment_first_lat":33.9281289484,"segment_first_lon":-118.2915623125,"segment_second_lat":33.9282828203,"segment_second_lon":-118.291565485,"segment_sequence":740011,"segment_id":37,"segment_len_meter":17.11227813920307,"segment_cum_len":23017.637359014487,"stop_segment_distance":18.90541223596758}
{"route_id":"212","stop_id":"12133","stop_lat":34.101284,"stop_lon":-118.345282,"stop_sequence":9,"segment_first_lat":34.1015839748,"segment_first_lon":-118.3452173527,"segment_second_lat":34.101318217,"segment_second_lon":-118.345134335,"segment_sequence":80005,"segment_id":4,"segment_len_meter":30.5235111995985,"segment_cum_len":2081.311622474195,"stop_segment_distance":17.477644220736497}
{"route_id":"243","stop_id":"12953","stop_lat":34.275067,"stop_lon":-118.567463,"stop_sequence":1,"segment_first_lat":34.2751383524,"segment_first_lon":-118.5674317444,"segment_second_lat":34.2748109717,"segment_second_lon":-118.5663388254,"segment_sequence":10001,"segment_id":1,"segment_len_meter":106.81760481593433,"segment_cum_len":106.81760481593433,"stop_segment_distance":8.766732847666091}
{"route_id":"258","stop_id":"3269","stop_lat":34.115618,"stop_lon":-118.157543,"stop_sequence":11,"segment_first_lat":34.1157453595,"segment_first_lon":-118.1575470078,"segment_second_lat":34.1157469917,"segment_second_lon":-118.1573487829,"segment_sequence":110001,"segment_id":6,"segment_len_meter":18.249283065783544,"segment_cum_len":2757.2930048050075,"stop_segment_distance":18.838910694019226}
{"route_id":"260","stop_id":"8789","stop_lat":33.986898,"stop_lon":-118.185759,"stop_sequence":65,"segment_first_lat":33.9868815108,"segment_first_lon":-118.1856071827,"segment_second_lat":33.9866671327,"segment_second_lon":-118.1856367257,"segment_sequence":650001,"segment_id":33,"segment_len_meter":23.992873127306567,"segment_cum_len":25578.25495039723,"stop_segment_distance":18.161720292039476}
{"route_id":"268","stop_id":"10276","stop_lat":34.169168,"stop_lon":-118.121765,"stop_sequence":66,"segment_first_lat":34.1690750715,"segment_first_lon":-118.1217652615,"segment_second_lat":34.1690596984,"segment_second_lon":-118.1231074366,"segment_sequence":660001,"segment_id":33,"segment_len_meter":123.49313938608647,"segment_cum_len":25760.41501883015,"stop_segment_distance":10.93109181026135}
{"route_id":"268","stop_id":"10552","stop_lat":34.150364,"stop_lon":-118.070809,"stop_sequence":46,"segment_first_lat":34.150244645,"segment_first_lon":-118.0708053107,"segment_second_lat":34.1502313768,"segment_second_lon":-118.0718695605,"segment_sequence":460001,"segment_id":23,"segment_len_meter":97.94488138762938,"segment_cum_len":18082.490281750543,"stop_segment_distance":14.033226522562273}
{"route_id":"33","stop_id":"4782","stop_lat":34.043443,"stop_lon":-118.31141,"stop_sequence":53,"segment_first_lat":34.0435719909,"segment_first_lon":-118.3114105257,"segment_second_lat":34.0435732329,"segment_second_lon":-118.3109285901,"segment_sequence":530001,"segment_id":27,"segment_len_meter":44.404536283116535,"segment_cum_len":17662.46510222717,"stop_segment_distance":16.598659461240224}
{"route_id":"33","stop_id":"6972","stop_lat":34.043463,"stop_lon":-118.3067,"stop_sequence":55,"segment_first_lat":34.0435834602,"segment_first_lon":-118.3069311646,"segment_second_lat":34.0435889934,"segment_second_lon":-118.3067001176,"segment_sequence":540004,"segment_id":27,"segment_len_meter":21.29696929977079,"segment_cum_len":18052.08007118653,"stop_segment_distance":17.87352137188194}
{"route_id":"35","stop_id":"7742","stop_lat":34.025447,"stop_lon":-118.317815,"stop_sequence":21,"segment_first_lat":34.0255787322,"segment_first_lon":-118.3188549468,"segment_second_lat":34.025574329,"segment_second_lon":-118.3178153508,"segment_sequence":200005,"segment_id":10,"segment_len_meter":95.80730621304518,"segment_cum_len":6692.760603041057,"stop_segment_distance":15.302459919697355}
{"route_id":"487","stop_id":"14328","stop_lat":34.076702,"stop_lon":-118.041049,"stop_sequence":94,"segment_first_lat":34.0768613028,"segment_first_lon":-118.0408346293,"segment_second_lat":34.0766659057,"segment_second_lon":-118.0409055323,"segment_sequence":930017,"segment_id":47,"segment_len_meter":22.687311509325152,"segment_cum_len":44717.080503698075,"stop_segment_distance":17.647685564904794}
{"route_id":"51","stop_id":"7588","stop_lat":33.89585,"stop_lon":-118.226582,"stop_sequence":94,"segment_first_lat":33.8959789836,"segment_first_lon":-118.2264208264,"segment_second_lat":33.8951601015,"segment_second_lon":-118.22643509,"segment_sequence":940002,"segment_id":47,"segment_len_meter":91.06505167493087,"segment_cum_len":25906.423120141862,"stop_segment_distance":7.501176166159425}
{"route_id":"51","stop_id":"7590","stop_lat":33.895786,"stop_lon":-118.234045,"stop_sequence":91,"segment_first_lat":33.8959199487,"segment_first_lon":-118.2343059342,"segment_second_lat":33.895914415,"segment_second_lon":-118.2340426371,"segment_sequence":900006,"segment_id":45,"segment_len_meter":24.30947234541508,"segment_cum_len":25111.822897508748,"stop_segment_distance":18.288492504586607}
{"route_id":"550","stop_id":"25400200","stop_lat":33.737736,"stop_lon":-118.292177,"stop_sequence":13,"segment_first_lat":33.7374227525,"segment_first_lon":-118.2923308941,"segment_second_lat":33.7377360034,"segment_second_lon":-118.2923296823,"segment_sequence":120005,"segment_id":6,"segment_len_meter":34.83209108298721,"segment_cum_len":3021.3217191961594,"stop_segment_distance":16.912509506479424}
{"route_id":"550","stop_id":"3546","stop_lat":33.748031,"stop_lon":-118.292884,"stop_sequence":16,"segment_first_lat":33.7476706558,"segment_first_lon":-118.2928895746,"segment_second_lat":33.74797804,"segment_second_lon":-118.2930409695,"segment_sequence":150015,"segment_id":8,"segment_len_meter":36.934745259190095,"segment_cum_len":4173.257220451473,"stop_segment_distance":18.799253515103338}
{"route_id":"60","stop_id":"9754","stop_lat":34.034977,"stop_lon":-118.238801,"stop_sequence":16,"segment_first_lat":34.0352763447,"segment_first_lon":-118.2390001405,"segment_second_lat":34.0350733134,"segment_second_lon":-118.2387041553,"segment_sequence":150006,"segment_id":8,"segment_len_meter":35.40551460906267,"segment_cum_len":4427.710192806752,"stop_segment_distance":16.54342679697764}
{"route_id":"611","stop_id":"9176","stop_lat":33.958117,"stop_lon":-118.182131,"stop_sequence":2,"segment_first_lat":33.9581885283,"segment_first_lon":-118.1821240046,"segment_second_lat":33.9579118342,"segment_second_lon":-118.1795483272,"segment_sequence":20001,"segment_id":1,"segment_len_meter":239.53953538401967,"segment_cum_len":434.2035974880505,"stop_segment_distance":7.730860671887655}
{"route_id":"66","stop_id":"7422","stop_lat":34.053186,"stop_lon":-118.274319,"stop_sequence":14,"segment_first_lat":34.0532738522,"segment_first_lon":-118.2742646176,"segment_second_lat":34.0531264796,"segment_second_lon":-118.2739396133,"segment_sequence":140001,"segment_id":7,"segment_len_meter":34.13268513067817,"segment_cum_len":4104.648856300984,"stop_segment_distance":12.418751501161324}
{"route_id":"720","stop_id":"1218","stop_lat":34.034867,"stop_lon":-118.234847,"stop_sequence":9,"segment_first_lat":34.0347163483,"segment_first_lon":-118.2345064183,"segment_second_lat":34.0347401165,"segment_second_lon":-118.2348603098,"segment_sequence":80037,"segment_id":4,"segment_len_meter":32.71698629226754,"segment_cum_len":8232.774959246588,"stop_segment_distance":17.019574399445723}
{"route_id":"78","stop_id":"3264","stop_lat":34.054467,"stop_lon":-118.225087,"stop_sequence":16,"segment_first_lat":34.0545797876,"segment_first_lon":-118.2251564413,"segment_second_lat":34.0550760679,"segment_second_lon":-118.223965969,"segment_sequence":160001,"segment_id":8,"segment_len_meter":122.77345776815176,"segment_cum_len":5732.625520590019,"stop_segment_distance":14.806353698429547}
{"route_id":"92","stop_id":"2210","stop_lat":34.074249,"stop_lon":-118.26157,"stop_sequence":17,"segment_first_lat":34.0737131469,"segment_first_lon":-118.2617230526,"segment_second_lat":34.074254829,"segment_second_lon":-118.2616877632,"segment_sequence":160015,"segment_id":8,"segment_len_meter":60.3199356655712,"segment_cum_len":5296.310742238043,"stop_segment_distance":11.774891027107863}
