{"route_id":"102","stop_id":"1839","stop_lat":34.018123,"stop_lon":-118.30857,"stop_sequence":43,"segment_first_lat":34.0182469535,"segment_first_lon":-118.3085647943,"segment_second_lat":34.0182334978,"segment_second_lon":-118.3083462873,"segment_sequence":430001,"segment_id":22,"segment_len_meter":20.1941955010096,"segment_cum_len":14963.533874112702,"stop_segment_distance":17.59897471774774}
{"route_id":"106","stop_id":"9691","stop_lat":34.037062,"stop_lon":-118.165245,"stop_sequence":7,"segment_first_lat":34.0369784686,"segment_first_lon":-118.1652411503,"segment_second_lat":34.0369499708,"segment_second_lon":-118.1669805567,"segment_sequence":70001,"segment_id":4,"segment_len_meter":160.30829503045436,"segment_cum_len":2422.018861619728,"stop_segment_distance":9.393345318728507}
{"route_id":"108","stop_id":"9471","stop_lat":33.988905,"stop_lon":-118.330482,"stop_sequence":24,"segment_first_lat":33.9890324093,"segment_first_lon":-118.3304826334,"segment_second_lat":33.9890394625,"segment_second_lon":-118.3294105471,"segment_sequence":240001,"segment_id":12,"segment_len_meter":98.84589714089147,"segment_cum_len":8996.851334041943,"stop_segment_distance":15.231044040794814}
{"route_id":"111","stop_id":"5188","stop_lat":33.954649,"stop_lon":-118.352278,"stop_sequence":13,"segment_first_lat":33.9540983509,"segment_first_lon":-118.3524936939,"segment_second_lat":33.9546596508,"segment_second_lon":-118.352429777,"segment_sequence":120003,"segment_id":6,"segment_len_meter":62.69150647730688,"segment_cum_len":4655.478215519573,"stop_segment_distance":15.737797818885376}
{"route_id":"117","stop_id":"6634","stop_lat":33.942254,"stop_lon":-118.188951,"stop_sequence":58,"segment_first_lat":33.9424318255,"segment_first_lon":-118.1894357185,"segment_second_lat":33.9423806843,"segment_second_lon":-118.1889301783,"segment_sequence":570007,"segment_id":29,"segment_len_meter":46.98011795519636,"segment_cum_len":21144.0696541108,"stop_segment_distance":16.127802610396955}
{"route_id":"14","stop_id":"56","stop_lat":34.032672,"stop_lon":-118.291204,"stop_sequence":25,"segment_first_lat":34.0327710736,"segment_first_lon":-118.2912040733,"segment_second_lat":34.0327732197,"segment_second_lon":-118.290312937,"segment_sequence":250001,"segment_id":13,"segment_len_meter":82.11783629242123,"segment_cum_len":8394.449038302433,"stop_segment_distance":11.777223341939504}
{"route_id":"158","stop_id":"16856","stop_lat":34.154988,"stop_lon":-118.431074,"stop_sequence":6,"segment_first_lat":34.1549877341,"segment_first_lon":-118.4312255652,"segment_second_lat":34.1552432836,"segment_second_lon":-118.431226884,"segment_sequence":60001,"segment_id":3,"segment_len_meter":28.416067022554095,"segment_cum_len":2503.6260427483253,"stop_segment_distance":17.211354435293416}
{"route_id":"158","stop_id":"8710","stop_lat":34.242353,"stop_lon":-118.426204,"stop_sequence":35,"segment_first_lat":34.2422877296,"segment_first_lon":-118.4262920816,"segment_second_lat":34.2428423872,"segment_second_lon":-118.4268782651,"segment_sequence":350001,"segment_id":18,"segment_len_meter":81.89708495002102,"segment_cum_len":13086.119080100072,"stop_segment_distance":11.454308468796}
{"route_id":"163","stop_id":"15557","stop_lat":34.20873,"stop_lon":-118.370159,"stop_sequence":65,"segment_first_lat":34.208729517,"segment_first_lon":-118.3703110303,"segment_second_lat":34.2093642709,"segment_second_lon":-118.370313845,"segment_sequence":650001,"segment_id":33,"segment_len_meter":70.5818879331038,"segment_cum_len":25003.805065687215,"stop_segment_distance":15.349310428423834}
{"route_id":"183","stop_id":"2824","stop_lat":34.165165,"stop_lon":-118.374577,"stop_sequence":25,"segment_first_lat":34.1651102486,"segment_first_lon":-118.3747133883,"segment_second_lat":34.1656143731,"segment_second_lon":-118.3750158149,"segment_sequence":250001,"segment_id":13,"segment_len_meter":62.58195381436592,"segment_cum_len":9684.819730720006,"stop_segment_distance":15.605470936212}
{"route_id":"201","stop_id":"16251","stop_lat":34.100953,"stop_lon":-118.266624,"stop_sequence":38,"segment_first_lat":34.103448362,"segment_first_lon":-118.2665365709,"segment_second_lat":34.100953288,"segment_second_lon":-118.2665378667,"segment_sequence":370003,"segment_id":19,"segment_len_meter":277.4395960566289,"segment_cum_len":10382.072850049666,"stop_segment_distance":8.079539249961385}
{"route_id":"205","stop_id":"7404","stop_lat":33.743389,"stop_lon":-118.292141,"stop_sequence":28,"segment_first_lat":33.7433100407,"segment_first_lon":-118.290568667,"segment_second_lat":33.7433161256,"segment_second_lon":-118.2921409045,"segment_sequence":270002,"segment_id":14,"segment_len_meter":145.37444571290342,"segment_cum_len":6619.375886900041,"stop_segment_distance":8.375337540345555}
{"route_id":"206","stop_id":"11007","stop_lat":34.101893,"stop_lon":-118.29819,"stop_sequence":5,"segment_first_lat":34.1017664833,"segment_first_lon":-118.2972382692,"segment_second_lat":34.1017666124,"segment_second_lon":-118.2981896076,"segment_sequence":40002,"segment_id":2,"segment_len_meter":87.5937100080989,"segment_cum_len":1298.2022670249153,"stop_segment_distance":15.211820100028007}
{"route_id":"206","stop_id":"12546","stop_lat":34.072911,"stop_lon":-118.300497,"stop_sequence":16,"segment_first_lat":34.0737715835,"segment_first_lon":-118.3003814993,"segment_second_lat":34.0729115062,"segment_second_lon":-118.3003784107,"segment_sequence":150005,"segment_id":8,"segment_len_meter":95.63665537624138,"segment_cum_len":4722.529560521474,"stop_segment_distance":11.568256492592099}
{"route_id":"232","stop_id":"23200072","stop_lat":33.781877,"stop_lon":-118.233204,"stop_sequence":18,"segment_first_lat":33.7818066325,"segment_first_lon":-118.2324144501,"segment_second_lat":33.7817507231,"segment_second_lon":-118.2331915484,"segment_sequence":170005,"segment_id":9,"segment_len_meter":72.08870989596274,"segment_cum_len":6371.774717571165,"stop_segment_distance":15.388900848357821}
{"route_id":"236","stop_id":"123628","stop_lat":34.301921,"stop_lon":-118.442558,"stop_sequence":50,"segment_first_lat":34.3020124017,"segment_first_lon":-118.4424539871,"segment_second_lat":34.3015332101,"segment_second_lon":-118.4418405318,"segment_sequence":500001,"segment_id":25,"segment_len_meter":77.55270348490221,"segment_cum_len":24572.35392349896,"stop_segment_distance":15.153410899933846}
{"route_id":"236","stop_id":"334","stop_lat":34.283954,"stop_lon":-118.501939,"stop_sequence":33,"segment_first_lat":34.2810682554,"segment_first_lon":-118.5021200583,"segment_second_lat":34.2839564258,"segment_second_lon":-118.5020900997,"segment_sequence":320002,"segment_id":16,"segment_len_meter":321.16169113171065,"segment_cum_len":13776.073513713938,"stop_segment_distance":14.03435628848348}
{"route_id":"237","stop_id":"554","stop_lat":34.128667,"stop_lon":-118.347312,"stop_sequence":13,"segment_first_lat":34.1285707009,"segment_first_lon":-118.3474098665,"segment_second_lat":34.1288986277,"segment_second_lon":-118.3478513667,"segment_sequence":130001,"segment_id":7,"segment_len_meter":54.59890290333994,"segment_cum_len":5314.720712950034,"stop_segment_distance":15.32340941755816}
{"route_id":"245","stop_id":"6576","stop_lat":34.231361,"stop_lon":-118.602711,"stop_sequence":16,"segment_first_lat":34.2313255003,"segment_first_lon":-118.602860974,"segment_second_lat":34.2314591264,"segment_second_lon":-118.6029006476,"segment_sequence":160001,"segment_id":8,"segment_len_meter":15.299647272461254,"segment_cum_len":6563.157258889862,"stop_segment_distance":19.609478352813245}
{"route_id":"256","stop_id":"1316","stop_lat":34.145676,"stop_lon":-118.147328,"stop_sequence":86,"segment_first_lat":34.1458059462,"segment_first_lon":-118.1473284731,"segment_second_lat":34.1458147065,"segment_second_lon":-118.1459965789,"segment_sequence":860001,"segment_id":43,"segment_len_meter":122.5730795897452,"segment_cum_len":26654.098048274194,"stop_segment_distance":15.36904155060212}
{"route_id":"256","stop_id":"3294","stop_lat":34.112627,"stop_lon":-118.192468,"stop_sequence":60,"segment_first_lat":34.1122818161,"segment_first_lon":-118.1934017387,"segment_second_lat":34.1127110556,"segment_second_lon":-118.1925275866,"segment_sequence":590005,"segment_id":30,"segment_len_meter":93.56586276691014,"segment_cum_len":16972.26874530562,"stop_segment_distance":11.413846025714506}
{"route_id":"256","stop_id":"3677","stop_lat":34.180119,"stop_lon":-118.131598,"stop_sequence":115,"segment_first_lat":34.1795666764,"segment_first_lon":-118.1317722561,"segment_second_lat":34.1801247944,"segment_second_lon":-118.1317493308,"segment_sequence":1140003,"segment_id":57,"segment_len_meter":62.09571100153229,"segment_cum_len":35247.31496862853,"stop_segment_distance":15.312954978362832}
{"route_id":"260","stop_id":"11979","stop_lat":34.182963,"stop_lon":-118.150952,"stop_sequence":2,"segment_first_lat":34.1829628058,"segment_first_lon":-118.150798002,"segment_second_lat":34.1809074194,"segment_second_lon":-118.1507794131,"segment_sequence":20001,"segment_id":1,"segment_len_meter":228.55493650526822,"segment_cum_len":283.8600730152522,"stop_segment_distance":14.731509183524565}
{"route_id":"268","stop_id":"10266","stop_lat":34.16922,"stop_lon":-118.100928,"stop_sequence":60,"segment_first_lat":34.1691222856,"segment_first_lon":-118.1009281977,"segment_second_lat":34.1691235332,"segment_second_lon":-118.1017348405,"segment_sequence":600001,"segment_id":30,"segment_len_meter":74.21193883544807,"segment_cum_len":23794.05514012884,"stop_segment_distance":11.654398822525238}
{"route_id":"28","stop_id":"12605","stop_lat":34.05984,"stop_lon":-118.399756,"stop_sequence":93,"segment_first_lat":34.0597078241,"segment_first_lon":-118.399111619,"segment_second_lat":34.0597106409,"segment_second_lon":-118.399755446,"segment_sequence":920015,"segment_id":46,"segment_len_meter":59.31012098934632,"segment_cum_len":31109.20794672494,"stop_segment_distance":16.226751799759406}
{"route_id":"28","stop_id":"16145","stop_lat":34.057429,"stop_lon":-118.348911,"stop_sequence":82,"segment_first_lat":34.057285233,"segment_first_lon":-118.3481478786,"segment_second_lat":34.0573011583,"segment_second_lon":-118.3489138943,"segment_sequence":810006,"segment_id":41,"segment_len_meter":70.58953398872042,"segment_cum_len":26403.166602787533,"stop_segment_distance":15.723645706393441}
{"route_id":"28","stop_id":"4613","stop_lat":34.055544,"stop_lon":-118.418064,"stop_sequence":97,"segment_first_lat":34.0549515806,"segment_first_lon":-118.4176990397,"segment_second_lat":34.0554841629,"segment_second_lon":-118.4181632404,"segment_sequence":960030,"segment_id":48,"segment_len_meter":73.04694029389101,"segment_cum_len":33309.04566867488,"stop_segment_distance":12.218580598177397}
{"route_id":"35","stop_id":"7759","stop_lat":34.023299,"stop_lon":-118.283393,"stop_sequence":31,"segment_first_lat":34.0236026683,"segment_first_lon":-118.2837632899,"segment_second_lat":34.0234075084,"segment_second_lon":-118.2833213965,"segment_sequence":300006,"segment_id":15,"segment_len_meter":46.14558122076614,"segment_cum_len":9929.547531083943,"stop_segment_distance":15.614257573362018}
{"route_id":"35","stop_id":"9069","stop_lat":34.031775,"stop_lon":-118.265691,"stop_sequence":42,"segment_first_lat":34.0327413741,"segment_first_lon":-118.2647172153,"segment_second_lat":34.031702738,"segment_second_lon":-118.265566776,"segment_sequence":410018,"segment_id":21,"segment_len_meter":139.52424620249636,"segment_cum_len":14241.080719281863,"stop_segment_distance":14.457907577670824}
{"route_id":"534","stop_id":"12724","stop_lat":34.038599,"stop_lon":-118.540856,"stop_sequence":7,"segment_first_lat":34.0383742462,"segment_first_lon":-118.5407682974,"segment_second_lat":34.0384501075,"segment_second_lon":-118.5409480205,"segment_sequence":60015,"segment_id":3,"segment_len_meter":18.584867296047417,"segment_cum_len":6758.187691992349,"stop_segment_distance":26.281720996436366}
{"route_id":"534","stop_id":"12743","stop_lat":34.020724,"stop_lon":-118.795951,"stop_sequence":32,"segment_first_lat":34.0205503229,"segment_first_lon":-118.7959193337,"segment_second_lat":34.0205249767,"segment_second_lon":-118.7961375619,"segment_sequence":320001,"segment_id":16,"segment_len_meter":20.30896145128259,"segment_cum_len":31951.529111767068,"stop_segment_distance":27.24708200092265}
{"route_id":"66","stop_id":"2157","stop_lat":34.008174,"stop_lon":-118.131526,"stop_sequence":63,"segment_first_lat":34.0083695424,"segment_first_lon":-118.1313542862,"segment_second_lat":34.0081647973,"segment_second_lon":-118.1313816811,"segment_sequence":620013,"segment_id":31,"segment_len_meter":22.90622595628636,"segment_cum_len":19635.867178163502,"stop_segment_distance":17.329908186732272}
{"route_id":"665","stop_id":"3452","stop_lat":34.05781,"stop_lon":-118.172321,"stop_sequence":3,"segment_first_lat":34.0575736839,"segment_first_lon":-118.1721423495,"segment_second_lat":34.0576996284,"segment_second_lon":-118.1724628548,"segment_sequence":30004,"segment_id":2,"segment_len_meter":32.67853541055983,"segment_cum_len":1054.8812217747202,"stop_segment_distance":16.254414308244627}
{"route_id":"770","stop_id":"2181","stop_lat":34.062515,"stop_lon":-118.090162,"stop_sequence":22,"segment_first_lat":34.0626454099,"segment_first_lon":-118.0901649648,"segment_second_lat":34.0626533472,"segment_second_lon":-118.0894683149,"segment_sequence":220001,"segment_id":11,"segment_len_meter":64.17917802610265,"segment_cum_len":20809.15570546408,"stop_segment_distance":16.05002125314617}
{"route_id":"794","stop_id":"30015","stop_lat":34.293471,"stop_lon":-118.45085,"stop_sequence":38,"segment_first_lat":34.2935781456,"segment_first_lon":-118.4507642343,"segment_second_lat":34.2934632292,"segment_second_lon":-118.4507788433,"segment_sequence":370011,"segment_id":19,"segment_len_meter":12.848403889860498,"segment_cum_len":40842.71673442919,"stop_segment_distance":8.028868720232422}
{"route_id":"81","stop_id":"13598","stop_lat":34.047228,"stop_lon":-118.253407,"stop_sequence":50,"segment_first_lat":34.0471674086,"segment_first_lon":-118.2533156402,"segment_second_lat":34.045920191,"segment_second_lon":-118.2544728428,"segment_sequence":500001,"segment_id":25,"segment_len_meter":174.93061029227806,"segment_cum_len":16956.72005814636,"stop_segment_distance":11.324214551807188}
{"route_id":"90","stop_id":"11057","stop_lat":34.208252,"stop_lon":-118.23508,"stop_sequence":36,"segment_first_lat":34.2083544082,"segment_first_lon":-118.2349860767,"segment_second_lat":34.2078440434,"segment_second_lon":-118.2341789466,"segment_sequence":360001,"segment_id":18,"segment_len_meter":93.4318722449669,"segment_cum_len":11238.965874403451,"stop_segment_distance":15.324413425608753}
{"route_id":"910","stop_id":"3674","stop_lat":34.048546,"stop_lon":-118.259061,"stop_sequence":10,"segment_first_lat":34.0484848474,"segment_first_lon":-118.2589636038,"segment_second_lat":34.0472656797,"segment_second_lon":-118.260085506,"segment_sequence":100001,"segment_id":5,"segment_len_meter":170.47595560480673,"segment_cum_len":21593.27543199262,"stop_segment_distance":11.596699110086576}
{"route_id":"92","stop_id":"10785","stop_lat":34.231541,"stop_lon":-118.367971,"stop_sequence":94,"segment_first_lat":34.2302834922,"segment_first_lon":-118.3668567742,"segment_second_lat":34.2314591495,"segment_second_lon":-118.36808737,"segment_sequence":930002,"segment_id":47,"segment_len_meter":172.88332960640932,"segment_cum_len":29996.058319974865,"stop_segment_distance":14.497058856425127}
