{"route_id":"102","stop_id":"2784","stop_lat":33.97284,"stop_lon":-118.376636,"stop_sequence":13,"segment_first_lat":33.9726215125,"segment_first_lon":-118.3770902551,"segment_second_lat":33.9729267748,"segment_second_lon":-118.3767466397,"segment_sequence":120010,"segment_id":6,"segment_len_meter":46.434772718851306,"segment_cum_len":4337.766220821922,"stop_segment_distance":16.032037939248873}
{"route_id":"108","stop_id":"7973","stop_lat":33.989013,"stop_lon":-118.296026,"stop_sequence":35,"segment_first_lat":33.9891430633,"segment_first_lon":-118.2980161322,"segment_second_lat":33.9891405404,"segment_second_lon":-118.2960269388,"segment_sequence":340003,"segment_id":17,"segment_len_meter":183.39699150071297,"segment_cum_len":12074.769663401155,"stop_segment_distance":14.83767498583461}
{"route_id":"110","stop_id":"3617","stop_lat":33.982236,"stop_lon":-118.286564,"stop_sequence":38,"segment_first_lat":33.9822897005,"segment_first_lon":-118.2867569038,"segment_second_lat":33.9823323832,"segment_second_lon":-118.286603008,"segment_sequence":370016,"segment_id":19,"segment_len_meter":14.962485337190826,"segment_cum_len":13910.556886896049,"stop_segment_distance":15.104327631838041}
{"route_id":"110","stop_id":"7654","stop_lat":33.982259,"stop_lon":-118.304737,"stop_sequence":34,"segment_first_lat":33.9823668982,"segment_first_lon":-118.306762852,"segment_second_lat":33.9823618633,"segment_second_lon":-118.3047375256,"segment_sequence":330010,"segment_id":17,"segment_len_meter":186.74384523321078,"segment_cum_len":12222.961889087841,"stop_segment_distance":11.870630033956019}
{"route_id":"117","stop_id":"4846","stop_lat":33.946446,"stop_lon":-118.230905,"stop_sequence":45,"segment_first_lat":33.9465601931,"segment_first_lon":-118.2309061256,"segment_second_lat":33.9465632353,"segment_second_lon":-118.2300330538,"segment_sequence":450001,"segment_id":23,"segment_len_meter":80.53523247538806,"segment_cum_len":17320.687469501416,"stop_segment_distance":13.643200097756932}
{"route_id":"117","stop_id":"7566","stop_lat":33.945344,"stop_lon":-118.317933,"stop_sequence":20,"segment_first_lat":33.9454730722,"segment_first_lon":-118.3188335984,"segment_second_lat":33.9454732501,"segment_second_lon":-118.3179334919,"segment_sequence":190004,"segment_id":10,"segment_len_meter":83.02934062762603,"segment_cum_len":8682.273768730638,"stop_segment_distance":15.648103301329286}
{"route_id":"127","stop_id":"9880","stop_lat":33.896193,"stop_lon":-118.20349,"stop_sequence":37,"segment_first_lat":33.8960587629,"segment_first_lon":-118.203243005,"segment_second_lat":33.896063292,"segment_second_lon":-118.2034901517,"segment_sequence":360003,"segment_id":18,"segment_len_meter":22.816561033930522,"segment_cum_len":14617.496538367068,"stop_segment_distance":18.85521451097475}
{"route_id":"130","stop_id":"290","stop_lat":33.867126,"stop_lon":-118.265914,"stop_sequence":39,"segment_first_lat":33.867014122,"segment_first_lon":-118.2654424413,"segment_second_lat":33.8669982525,"segment_second_lon":-118.2659101398,"segment_sequence":380003,"segment_id":19,"segment_len_meter":43.218105904674964,"segment_cum_len":19194.314463164534,"stop_segment_distance":16.272096484044397}
{"route_id":"158","stop_id":"9555","stop_lat":34.257761,"stop_lon":-118.519666,"stop_sequence":56,"segment_first_lat":34.2576229029,"segment_first_lon":-118.5178312857,"segment_second_lat":34.2576350901,"segment_second_lon":-118.5196684399,"segment_sequence":550004,"segment_id":28,"segment_len_meter":168.84772259188946,"segment_cum_len":22351.133777617117,"stop_segment_distance":14.470298668014891}
{"route_id":"165","stop_id":"6839","stop_lat":34.193829,"stop_lon":-118.374316,"stop_sequence":65,"segment_first_lat":34.1939544271,"segment_first_lon":-118.374316331,"segment_second_lat":34.1939537085,"segment_second_lon":-118.3731258399,"segment_sequence":650001,"segment_id":33,"segment_len_meter":109.49397002268068,"segment_cum_len":25366.91389427743,"stop_segment_distance":14.791342935364128}
{"route_id":"166","stop_id":"4143","stop_lat":34.264293,"stop_lon":-118.401831,"stop_sequence":61,"segment_first_lat":34.2646499417,"segment_first_lon":-118.401915395,"segment_second_lat":34.2618679144,"segment_second_lon":-118.3989432101,"segment_sequence":610002,"segment_id":31,"segment_len_meter":412.6744661173371,"segment_cum_len":25992.231569367865,"stop_segment_distance":6.108902515956629}
{"route_id":"180","stop_id":"3052","stop_lat":34.110997,"stop_lon":-118.291526,"stop_sequence":16,"segment_first_lat":34.111119259,"segment_first_lon":-118.2915588902,"segment_second_lat":34.1115405789,"segment_second_lon":-118.289357491,"segment_sequence":160001,"segment_id":8,"segment_len_meter":208.0133904506955,"segment_cum_len":4899.265216623662,"stop_segment_distance":14.504892233812427}
{"route_id":"20","stop_id":"15689","stop_lat":34.048354,"stop_lon":-118.250875,"stop_sequence":3,"segment_first_lat":34.0482613056,"segment_first_lon":-118.2509609476,"segment_second_lat":34.0484658973,"segment_second_lon":-118.2512850738,"segment_sequence":30001,"segment_id":2,"segment_len_meter":37.54077757287474,"segment_cum_len":995.5288429102683,"stop_segment_distance":15.23404388307231}
{"route_id":"204","stop_id":"5635","stop_lat":34.018622,"stop_lon":-118.291386,"stop_sequence":35,"segment_first_lat":34.0186214971,"segment_first_lon":-118.2915366517,"segment_second_lat":34.0199652064,"segment_second_lon":-118.2915357221,"segment_sequence":350001,"segment_id":18,"segment_len_meter":149.4136816090031,"segment_cum_len":10673.260406819345,"stop_segment_distance":14.46499487241607}
{"route_id":"206","stop_id":"13739","stop_lat":33.942457,"stop_lon":-118.300389,"stop_sequence":63,"segment_first_lat":33.9432262774,"segment_first_lon":-118.3002629007,"segment_second_lat":33.9424568648,"segment_second_lon":-118.3002683854,"segment_sequence":620005,"segment_id":31,"segment_len_meter":85.55627361062997,"segment_cum_len":19273.99155289546,"stop_segment_distance":11.897128127764574}
{"route_id":"245","stop_id":"14944","stop_lat":34.253477,"stop_lon":-118.605902,"stop_sequence":21,"segment_first_lat":34.2519758066,"segment_first_lon":-118.6060602607,"segment_second_lat":34.2534762076,"segment_second_lon":-118.6060529544,"segment_sequence":200005,"segment_id":10,"segment_len_meter":166.8383305601066,"segment_cum_len":9105.639793678318,"stop_segment_distance":14.593624502668803}
{"route_id":"246","stop_id":"3387","stop_lat":33.789124,"stop_lon":-118.262994,"stop_sequence":40,"segment_first_lat":33.789115185,"segment_first_lon":-118.2631464635,"segment_second_lat":33.7900278504,"segment_second_lon":-118.2632177776,"segment_sequence":400001,"segment_id":20,"segment_len_meter":101.69752330657221,"segment_cum_len":11962.12059998884,"stop_segment_distance":15.035230882810168}
{"route_id":"252","stop_id":"11727","stop_lat":34.086022,"stop_lon":-118.190517,"stop_sequence":20,"segment_first_lat":34.0859277001,"segment_first_lon":-118.1894833313,"segment_second_lat":34.0859236013,"segment_second_lon":-118.1905170428,"segment_sequence":190008,"segment_id":10,"segment_len_meter":95.19704975603953,"segment_cum_len":8497.732509095062,"stop_segment_distance":11.512121297145498}
{"route_id":"260","stop_id":"3563","stop_lat":34.105066,"stop_lon":-118.134849,"stop_sequence":30,"segment_first_lat":34.1050659195,"segment_first_lon":-118.1346926294,"segment_second_lat":34.1040849343,"segment_second_lon":-118.1346890671,"segment_sequence":300001,"segment_id":15,"segment_len_meter":109.0810704473731,"segment_cum_len":10570.996987986797,"stop_segment_distance":15.394933077053139}
{"route_id":"260","stop_id":"8779","stop_lat":33.946352,"stop_lon":-118.181189,"stop_sequence":77,"segment_first_lat":33.9468931643,"segment_first_lon":-118.1812524123,"segment_second_lat":33.9463892377,"segment_second_lon":-118.1810505273,"segment_sequence":760005,"segment_id":38,"segment_len_meter":59.04754223176713,"segment_cum_len":30151.547565215715,"stop_segment_distance":14.838305992159597}
{"route_id":"268","stop_id":"2707","stop_lat":34.197961,"stop_lon":-118.175315,"stop_sequence":88,"segment_first_lat":34.197961727,"segment_first_lon":-118.175316441,"segment_second_lat":34.1978781453,"segment_second_lon":-118.1753483439,"segment_sequence":880001,"segment_id":44,"segment_len_meter":9.746011794253779,"segment_cum_len":33777.180674975825,"stop_segment_distance":0.11921676680257853}
{"route_id":"28","stop_id":"142101","stop_lat":34.142998,"stop_lon":-118.224985,"stop_sequence":7,"segment_first_lat":34.143086266,"segment_first_lon":-118.2248713888,"segment_second_lat":34.1429159839,"segment_second_lon":-118.2246772649,"segment_sequence":70001,"segment_id":4,"segment_len_meter":26.03222599216284,"segment_cum_len":2047.0755237708336,"stop_segment_distance":18.061006060625143}
{"route_id":"33","stop_id":"9391","stop_lat":34.043835,"stop_lon":-118.32619,"stop_sequence":48,"segment_first_lat":34.0439529912,"segment_first_lon":-118.3261359489,"segment_second_lat":34.0437845864,"segment_second_lon":-118.3256120887,"segment_sequence":480001,"segment_id":24,"segment_len_meter":51.77214822701242,"segment_cum_len":16306.579844962858,"stop_segment_distance":15.802655088740849}
{"route_id":"40","stop_id":"13974","stop_lat":34.044403,"stop_lon":-118.252563,"stop_sequence":12,"segment_first_lat":34.0443490314,"segment_first_lon":-118.2524752594,"segment_second_lat":34.0433808029,"segment_second_lon":-118.2533361959,"segment_sequence":120001,"segment_id":6,"segment_len_meter":133.72905546543453,"segment_cum_len":4830.606315987851,"stop_segment_distance":10.48237793703862}
{"route_id":"40","stop_id":"683","stop_lat":34.056828,"stop_lon":-118.232139,"stop_sequence":3,"segment_first_lat":34.0567048686,"segment_first_lon":-118.2321857109,"segment_second_lat":34.0569766491,"segment_second_lon":-118.2331755893,"segment_sequence":30001,"segment_id":2,"segment_len_meter":96.06774963445648,"segment_cum_len":1413.6186834928628,"stop_segment_distance":15.197777177582722}
{"route_id":"40","stop_id":"9438","stop_lat":33.9979,"stop_lon":-118.330933,"stop_sequence":42,"segment_first_lat":33.9983400005,"segment_first_lon":-118.3307767111,"segment_second_lat":33.9978975779,"segment_second_lon":-118.3307825511,"segment_sequence":410002,"segment_id":21,"segment_len_meter":49.19809431770803,"segment_cum_len":16004.585003586892,"stop_segment_distance":15.677099953718177}
{"route_id":"611","stop_id":"140860","stop_lat":33.961643,"stop_lon":-118.192038,"stop_sequence":7,"segment_first_lat":33.9613386885,"segment_first_lon":-118.1901215344,"segment_second_lat":33.961543362,"segment_second_lon":-118.1920557807,"segment_sequence":60002,"segment_id":3,"segment_len_meter":179.83485510775873,"segment_cum_len":2317.327261403048,"stop_segment_distance":11.324000097176565}
{"route_id":"62","stop_id":"9831","stop_lat":33.831368,"stop_lon":-118.08124,"stop_sequence":78,"segment_first_lat":33.8314966569,"segment_first_lon":-118.0817903766,"segment_second_lat":33.831497029,"segment_second_lon":-118.0812405127,"segment_sequence":770004,"segment_id":39,"segment_len_meter":50.7894269852512,"segment_cum_len":39090.70729482771,"stop_segment_distance":16.36940499486286}
{"route_id":"744","stop_id":"6232","stop_lat":34.201496,"stop_lon":-118.448584,"stop_sequence":9,"segment_first_lat":34.2014953753,"segment_first_lon":-118.448739301,"segment_second_lat":34.2022702304,"segment_second_lon":-118.4487533861,"segment_sequence":90001,"segment_id":5,"segment_len_meter":86.16969257664105,"segment_cum_len":9869.523327057117,"stop_segment_distance":15.601299711459944}
{"route_id":"750","stop_id":"15411","stop_lat":34.14824,"stop_lon":-118.431667,"stop_sequence":6,"segment_first_lat":34.148113847,"segment_first_lon":-118.4316954461,"segment_second_lat":34.1482588477,"segment_second_lon":-118.4325657697,"segment_sequence":60001,"segment_id":3,"segment_len_meter":81.69716386713537,"segment_cum_len":6808.864077725152,"stop_segment_distance":15.30712018571198}
{"route_id":"78","stop_id":"18020","stop_lat":34.107291,"stop_lon":-118.032693,"stop_sequence":80,"segment_first_lat":34.1074057637,"segment_first_lon":-118.0326553016,"segment_second_lat":34.1073514249,"segment_second_lon":-118.032399262,"segment_sequence":800001,"segment_id":40,"segment_len_meter":24.335118511684385,"segment_cum_len":25746.22009666226,"stop_segment_distance":16.755666207820482}
{"route_id":"78","stop_id":"3103","stop_lat":34.056416,"stop_lon":-118.231639,"stop_sequence":15,"segment_first_lat":34.0565392155,"segment_first_lon":-118.2315906572,"segment_second_lat":34.0563298792,"segment_second_lon":-118.2308462595,"segment_sequence":150001,"segment_id":8,"segment_len_meter":72.41935181131129,"segment_cum_len":5028.796699337733,"stop_segment_distance":15.64246439750356}
{"route_id":"90","stop_id":"2456","stop_lat":34.045763,"stop_lon":-118.254769,"stop_sequence":91,"segment_first_lat":34.0457013152,"segment_first_lon":-118.2546722202,"segment_second_lat":34.044695034,"segment_second_lon":-118.2555881557,"segment_sequence":910001,"segment_id":46,"segment_len_meter":140.14940752426094,"segment_cum_len":32781.50331613249,"stop_segment_distance":11.807001293951743}
