{"route_id":"105","stop_id":"2465","stop_lat":34.090746,"stop_lon":-118.376655,"stop_sequence":68,"segment_first_lat":34.0906433425,"segment_first_lon":-118.3766547082,"segment_second_lat":34.0906296694,"segment_second_lon":-118.3777776073,"segment_sequence":680001,"segment_id":34,"segment_len_meter":103.4147942945438,"segment_cum_len":23970.721768773597,"stop_segment_distance":12.183063451823116}
{"route_id":"110","stop_id":"1445","stop_lat":33.981983,"stop_lon":-118.247922,"stop_sequence":47,"segment_first_lat":33.9820914267,"segment_first_lon":-118.2498786269,"segment_second_lat":33.9820855694,"segment_second_lon":-118.2479225805,"segment_sequence":460003,"segment_id":23,"segment_len_meter":180.35688072613786,"segment_cum_len":17491.120614442934,"stop_segment_distance":11.860190427054647}
{"route_id":"120","stop_id":"142040","stop_lat":33.931077,"stop_lon":-118.348583,"stop_sequence":100,"segment_first_lat":33.930951599,"segment_first_lon":-118.3485822317,"segment_second_lat":33.930951548,"segment_second_lon":-118.3492646127,"segment_sequence":1000001,"segment_id":50,"segment_len_meter":62.95622491502266,"segment_cum_len":42823.34705507835,"stop_segment_distance":15.401825094867263}
{"route_id":"130","stop_id":"3710","stop_lat":33.874417,"stop_lon":-118.203049,"stop_sequence":24,"segment_first_lat":33.8742907618,"segment_first_lon":-118.2030485831,"segment_second_lat":33.8742864329,"segment_second_lon":-118.2056016448,"segment_sequence":240001,"segment_id":12,"segment_len_meter":235.701640829503,"segment_cum_len":11783.790641414125,"stop_segment_distance":14.444737877327071}
{"route_id":"158","stop_id":"16858","stop_lat":34.148308,"stop_lon":-118.431059,"stop_sequence":4,"segment_first_lat":34.148307648,"segment_first_lon":-118.4312125788,"segment_second_lat":34.1491017573,"segment_second_lon":-118.4312216341,"segment_sequence":40001,"segment_id":2,"segment_len_meter":88.30485718780903,"segment_cum_len":1820.715942058825,"stop_segment_distance":15.349711913092122}
{"route_id":"16","stop_id":"15641","stop_lat":34.069037,"stop_lon":-118.343782,"stop_sequence":42,"segment_first_lat":34.068912686,"segment_first_lon":-118.342932941,"segment_second_lat":34.0689102737,"segment_second_lon":-118.3437815358,"segment_sequence":410004,"segment_id":21,"segment_len_meter":78.16445958147207,"segment_cum_len":11156.640745222734,"stop_segment_distance":15.34585012817864}
{"route_id":"167","stop_id":"18166","stop_lat":34.245285,"stop_lon":-118.481972,"stop_sequence":38,"segment_first_lat":34.2453323305,"segment_first_lon":-118.4819719002,"segment_second_lat":34.2453289742,"segment_second_lon":-118.4811578764,"segment_sequence":380001,"segment_id":19,"segment_len_meter":74.82411500559462,"segment_cum_len":16200.657805413775,"stop_segment_distance":5.430765009052891}
{"route_id":"167","stop_id":"9102","stop_lat":34.172013,"stop_lon":-118.418255,"stop_sequence":83,"segment_first_lat":34.1721446275,"segment_first_lon":-118.4205760564,"segment_second_lat":34.1721397615,"segment_second_lon":-118.4182551825,"segment_sequence":820003,"segment_id":41,"segment_len_meter":213.51537841927598,"segment_cum_len":33255.10966336464,"stop_segment_distance":14.612537756196872}
{"route_id":"176","stop_id":"2177","stop_lat":34.062574,"stop_lon":-118.073372,"stop_sequence":16,"segment_first_lat":34.0627075234,"segment_first_lon":-118.07441922,"segment_second_lat":34.0627010194,"segment_second_lon":-118.0733725752,"segment_sequence":150005,"segment_id":8,"segment_len_meter":96.41614394960092,"segment_cum_len":5510.1380579261795,"stop_segment_distance":15.310228285702763}
{"route_id":"180","stop_id":"2903","stop_lat":34.101635,"stop_lon":-118.291612,"stop_sequence":11,"segment_first_lat":34.1014170988,"segment_first_lon":-118.2917668577,"segment_second_lat":34.1016341793,"segment_second_lon":-118.2917676152,"segment_sequence":100014,"segment_id":5,"segment_len_meter":24.13835103786267,"segment_cum_len":3618.8485119533407,"stop_segment_distance":18.303661790367997}
{"route_id":"180","stop_id":"9324","stop_lat":34.137465,"stop_lon":-118.190621,"stop_sequence":57,"segment_first_lat":34.1375843341,"segment_first_lon":-118.1905683761,"segment_second_lat":34.1375367655,"segment_second_lon":-118.190413279,"segment_sequence":570001,"segment_id":29,"segment_len_meter":15.222877257529317,"segment_cum_len":17215.751963832747,"stop_segment_distance":19.619017700866543}
{"route_id":"20","stop_id":"16765","stop_lat":34.060502,"stop_lon":-118.437847,"stop_sequence":62,"segment_first_lat":34.0608616595,"segment_first_lon":-118.4357621976,"segment_second_lat":34.0603827302,"segment_second_lon":-118.437806059,"segment_sequence":610014,"segment_id":31,"segment_len_meter":195.6649464706773,"segment_cum_len":19199.332623241957,"stop_segment_distance":14.292514309309723}
{"route_id":"202","stop_id":"19155","stop_lat":33.773146,"stop_lon":-118.273802,"stop_sequence":58,"segment_first_lat":33.773268239,"segment_first_lon":-118.2736597239,"segment_second_lat":33.7728171468,"segment_second_lon":-118.2736171245,"segment_sequence":580001,"segment_id":29,"segment_len_meter":50.31347206098696,"segment_cum_len":27793.71894920908,"stop_segment_distance":8.96178425035761}
{"route_id":"204","stop_id":"5663","stop_lat":34.06719,"stop_lon":-118.291489,"stop_sequence":52,"segment_first_lat":34.0654367163,"segment_first_lon":-118.2916413643,"segment_second_lat":34.0671898523,"segment_second_lon":-118.2916445048,"segment_sequence":510004,"segment_id":26,"segment_len_meter":194.94004355550248,"segment_cum_len":15924.540764006071,"stop_segment_distance":14.844562584804748}
{"route_id":"205","stop_id":"5651","stop_lat":33.858743,"stop_lon":-118.290372,"stop_sequence":77,"segment_first_lat":33.858138487,"segment_first_lon":-118.290515316,"segment_second_lat":33.858742992,"segment_second_lon":-118.2905226801,"segment_sequence":770003,"segment_id":39,"segment_len_meter":67.2213284741146,"segment_cum_len":26468.10295483556,"stop_segment_distance":15.201193023277327}
{"route_id":"205","stop_id":"7376","stop_lat":33.737829,"stop_lon":-118.299114,"stop_sequence":16,"segment_first_lat":33.7379027499,"segment_first_lon":-118.2993873503,"segment_second_lat":33.7379017803,"segment_second_lon":-118.2991143644,"segment_sequence":150006,"segment_id":8,"segment_len_meter":25.24275714284167,"segment_cum_len":3065.4454311402587,"stop_segment_distance":9.423371089206988}
{"route_id":"217","stop_id":"2497","stop_lat":34.101756,"stop_lon":-118.326991,"stop_sequence":2,"segment_first_lat":34.1016280803,"segment_first_lon":-118.3269901731,"segment_second_lat":34.1016205137,"segment_second_lon":-118.3281594954,"segment_sequence":20001,"segment_id":1,"segment_len_meter":107.66786745604865,"segment_cum_len":480.1405636385697,"stop_segment_distance":15.194388477123567}
{"route_id":"222","stop_id":"16128","stop_lat":34.147344,"stop_lon":-118.341566,"stop_sequence":21,"segment_first_lat":34.14662721,"segment_first_lon":-118.3413745798,"segment_second_lat":34.1472959282,"segment_second_lon":-118.3417078175,"segment_sequence":200012,"segment_id":10,"segment_len_meter":80.43343923605345,"segment_cum_len":7946.128747503838,"stop_segment_distance":15.296334306333577}
{"route_id":"246","stop_id":"297","stop_lat":33.795245,"stop_lon":-118.263478,"stop_sequence":43,"segment_first_lat":33.7935906023,"segment_first_lon":-118.2634942165,"segment_second_lat":33.7952370679,"segment_second_lon":-118.263629388,"segment_sequence":420001,"segment_id":21,"segment_len_meter":183.50423038178633,"segment_cum_len":12542.608075558099,"stop_segment_distance":14.479500495398185}
{"route_id":"251","stop_id":"11507","stop_lat":33.930189,"stop_lon":-118.211643,"stop_sequence":59,"segment_first_lat":33.9302186258,"segment_first_lon":-118.2114975259,"segment_second_lat":33.929780016,"segment_second_lon":-118.2113714826,"segment_sequence":590001,"segment_id":30,"segment_len_meter":50.13839193771594,"segment_cum_len":22235.48851435653,"stop_segment_distance":15.601361552413536}
{"route_id":"268","stop_id":"11878","stop_lat":34.156924,"stop_lon":-118.052849,"stop_sequence":36,"segment_first_lat":34.1555472318,"segment_first_lon":-118.0530599739,"segment_second_lat":34.1569297258,"segment_second_lon":-118.0529676389,"segment_sequence":350007,"segment_id":18,"segment_len_meter":153.96092500918147,"segment_cum_len":14468.679682230342,"stop_segment_distance":11.289639843645404}
{"route_id":"33","stop_id":"6937","stop_lat":34.039897,"stop_lon":-118.275735,"stop_sequence":66,"segment_first_lat":34.0401298513,"segment_first_lon":-118.2760029899,"segment_second_lat":34.0399844048,"segment_second_lon":-118.2756790302,"segment_sequence":650005,"segment_id":33,"segment_len_meter":33.94980474838516,"segment_cum_len":21029.45330452495,"stop_segment_distance":12.831589536631299}
{"route_id":"4","stop_id":"6045","stop_lat":34.084954,"stop_lon":-118.384397,"stop_sequence":64,"segment_first_lat":34.0848541995,"segment_first_lon":-118.3843012312,"segment_second_lat":34.0845761903,"segment_second_lon":-118.384708814,"segment_sequence":640001,"segment_id":32,"segment_len_meter":48.6264751865121,"segment_cum_len":19390.478365174004,"stop_segment_distance":16.435632654347224}
{"route_id":"40","stop_id":"10898","stop_lat":33.927053,"stop_lon":-118.352743,"stop_sequence":67,"segment_first_lat":33.9270536505,"segment_first_lon":-118.3525918778,"segment_second_lat":33.9254983677,"segment_second_lon":-118.352590937,"segment_sequence":670001,"segment_id":34,"segment_len_meter":172.93957864154333,"segment_cum_len":25678.615725905634,"stop_segment_distance":14.439361949574277}
{"route_id":"45","stop_id":"13238","stop_lat":34.007573,"stop_lon":-118.278506,"stop_sequence":34,"segment_first_lat":34.0081887473,"segment_first_lon":-118.2783525499,"segment_second_lat":34.0075732243,"segment_second_lon":-118.2783531428,"segment_sequence":330007,"segment_id":17,"segment_len_meter":68.44305665162537,"segment_cum_len":11059.872360781128,"stop_segment_distance":15.560541874538472}
{"route_id":"53","stop_id":"633","stop_lat":33.870817,"stop_lon":-118.248532,"stop_sequence":3,"segment_first_lat":33.8700395188,"segment_first_lon":-118.2486816346,"segment_second_lat":33.8708171448,"segment_second_lon":-118.2486865763,"segment_sequence":20003,"segment_id":1,"segment_len_meter":86.46926968767934,"segment_cum_len":1155.2789789411263,"stop_segment_distance":15.350784058937478}
{"route_id":"66","stop_id":"7434","stop_lat":34.057645,"stop_lon":-118.288824,"stop_sequence":10,"segment_first_lat":34.0577447686,"segment_first_lon":-118.2888247677,"segment_second_lat":34.0577348399,"segment_second_lon":-118.2868801398,"segment_sequence":100001,"segment_id":5,"segment_len_meter":179.1465377130044,"segment_cum_len":2781.982005111944,"stop_segment_distance":11.298396409098814}
{"route_id":"685","stop_id":"10304","stop_lat":34.112108,"stop_lon":-118.236957,"stop_sequence":25,"segment_first_lat":34.1131201018,"segment_first_lon":-118.2365499771,"segment_second_lat":34.1120817209,"segment_second_lon":-118.2368096801,"segment_sequence":240004,"segment_id":12,"segment_len_meter":117.91211506787546,"segment_cum_len":7378.582241721667,"stop_segment_distance":14.57671215830048}
{"route_id":"687","stop_id":"9844","stop_lat":34.146039,"stop_lon":-118.129614,"stop_sequence":22,"segment_first_lat":34.1459122444,"segment_first_lon":-118.1296139135,"segment_second_lat":34.1459062523,"segment_second_lon":-118.1308400553,"segment_sequence":220001,"segment_id":11,"segment_len_meter":112.83904869986988,"segment_cum_len":5876.225737457378,"stop_segment_distance":15.046019658891424}
{"route_id":"733","stop_id":"3157","stop_lat":34.008607,"stop_lon":-118.489795,"stop_sequence":37,"segment_first_lat":34.0083099608,"segment_first_lon":-118.4898163692,"segment_second_lat":34.0085785922,"segment_second_lon":-118.4899116498,"segment_sequence":360037,"segment_id":18,"segment_len_meter":31.13481727788981,"segment_cum_len":30213.799471469465,"stop_segment_distance":13.159758888663688}
{"route_id":"76","stop_id":"10230","stop_lat":34.079152,"stop_lon":-118.114425,"stop_sequence":22,"segment_first_lat":34.0790252272,"segment_first_lon":-118.1144145747,"segment_second_lat":34.0788917695,"segment_second_lon":-118.1169050176,"segment_sequence":220001,"segment_id":11,"segment_len_meter":229.8468495713688,"segment_cum_len":8188.66374343634,"stop_segment_distance":14.51490326707355}
{"route_id":"78","stop_id":"5383","stop_lat":34.045008,"stop_lon":-118.256883,"stop_sequence":7,"segment_first_lat":34.0437304298,"segment_first_lon":-118.2582193768,"segment_second_lat":34.04506745,"segment_second_lon":-118.2569747291,"segment_sequence":60003,"segment_id":3,"segment_len_meter":187.75960876441565,"segment_cum_len":1679.1981433861536,"stop_segment_distance":10.96390921465175}
{"route_id":"81","stop_id":"13468","stop_lat":33.982184,"stop_lon":-118.282818,"stop_sequence":80,"segment_first_lat":33.9821839456,"segment_first_lon":-118.2826650351,"segment_second_lat":33.9819036707,"segment_second_lon":-118.2826621099,"segment_sequence":800001,"segment_id":40,"segment_len_meter":31.16631403952036,"segment_cum_len":25692.54459673349,"stop_segment_distance":17.263289708992474}
