{"route_id":"111","stop_id":"6355","stop_lat":33.923604,"stop_lon":-118.099393,"stop_sequence":86,"segment_first_lat":33.9236044036,"segment_first_lon":-118.0992408146,"segment_second_lat":33.9220821078,"segment_second_lon":-118.0992330787,"segment_sequence":860001,"segment_id":43,"segment_len_meter":169.2730747272832,"segment_cum_len":32734.829981970037,"stop_segment_distance":14.6375611102209}
{"route_id":"125","stop_id":"922","stop_lat":33.895793,"stop_lon":-118.223072,"stop_sequence":50,"segment_first_lat":33.8959596742,"segment_first_lon":-118.2230712645,"segment_second_lat":33.8959541745,"segment_second_lon":-118.2220316333,"segment_sequence":500001,"segment_id":25,"segment_len_meter":95.95734187123688,"segment_cum_len":19889.795867579596,"stop_segment_distance":20.25762293185595}
{"route_id":"127","stop_id":"9881","stop_lat":33.896198,"stop_lon":-118.201932,"stop_sequence":36,"segment_first_lat":33.8960719583,"segment_first_lon":-118.2019315702,"segment_second_lat":33.8960653292,"segment_second_lon":-118.2026070584,"segment_sequence":360001,"segment_id":18,"segment_len_meter":62.35016896678997,"segment_cum_len":14535.979207467897,"stop_segment_distance":15.693832626106449}
{"route_id":"128","stop_id":"17225","stop_lat":33.887736,"stop_lon":-118.086679,"stop_sequence":14,"segment_first_lat":33.8876132859,"segment_first_lon":-118.0848401057,"segment_second_lat":33.8876095047,"segment_second_lon":-118.0866786029,"segment_sequence":130002,"segment_id":7,"segment_len_meter":169.7058779793452,"segment_cum_len":7587.122716918347,"stop_segment_distance":14.649261966596072}
{"route_id":"150","stop_id":"14962","stop_lat":34.196215,"stop_lon":-118.606059,"stop_sequence":3,"segment_first_lat":34.196215766,"segment_first_lon":-118.605906982,"segment_second_lat":34.1955645324,"segment_second_lon":-118.6059022577,"segment_sequence":30001,"segment_id":2,"segment_len_meter":72.41517592925968,"segment_cum_len":791.6789728187905,"stop_segment_distance":15.317694554271029}
{"route_id":"165","stop_id":"6893","stop_lat":34.193683,"stop_lon":-118.57064,"stop_sequence":20,"segment_first_lat":34.1938108223,"segment_first_lon":-118.570640874,"segment_second_lat":34.1938106388,"segment_second_lon":-118.5698637429,"segment_sequence":200001,"segment_id":10,"segment_len_meter":71.47579247980407,"segment_cum_len":7271.8900328916125,"stop_segment_distance":15.530116748482726}
{"route_id":"169","stop_id":"16859","stop_lat":34.226204,"stop_lon":-118.433019,"stop_sequence":101,"segment_first_lat":34.2262403013,"segment_first_lon":-118.4328698781,"segment_second_lat":34.2260920691,"segment_second_lon":-118.4328267647,"segment_sequence":1010001,"segment_id":51,"segment_len_meter":16.95257988318461,"segment_cum_len":40691.346588950735,"stop_segment_distance":18.955806655600092}
{"route_id":"169","stop_id":"1867","stop_lat":34.197147,"stop_lon":-118.62324,"stop_sequence":41,"segment_first_lat":34.1968716223,"segment_first_lon":-118.62338958,"segment_second_lat":34.1971464041,"segment_second_lon":-118.623391631,"segment_sequence":400004,"segment_id":20,"segment_len_meter":30.55492435941042,"segment_cum_len":16853.98681778493,"stop_segment_distance":16.959731435046606}
{"route_id":"180","stop_id":"3049","stop_lat":34.111745,"stop_lon":-118.287554,"stop_sequence":17,"segment_first_lat":34.1115405789,"segment_first_lon":-118.289357491,"segment_second_lat":34.1118693308,"segment_second_lon":-118.2875865483,"segment_sequence":160002,"segment_id":8,"segment_len_meter":167.08682892802096,"segment_cum_len":5066.352045551683,"stop_segment_distance":14.643428580520407}
{"route_id":"180","stop_id":"3964","stop_lat":34.105267,"stop_lon":-118.291628,"stop_sequence":13,"segment_first_lat":34.104513931,"segment_first_lon":-118.291777664,"segment_second_lat":34.1052668432,"segment_second_lon":-118.2917802913,"segment_sequence":120003,"segment_id":6,"segment_len_meter":83.72036631304098,"segment_cum_len":4022.78399395902,"stop_segment_distance":15.164820522232475}
{"route_id":"201","stop_id":"8473","stop_lat":34.062257,"stop_lon":-118.289494,"stop_sequence":54,"segment_first_lat":34.0622588469,"segment_first_lon":-118.2899101021,"segment_second_lat":34.0622570969,"segment_second_lon":-118.2894940824,"segment_sequence":530004,"segment_id":27,"segment_len_meter":38.323044431890615,"segment_cum_len":16404.28077392523,"stop_segment_distance":0.0208265389391471}
{"route_id":"204","stop_id":"3961","stop_lat":34.09929,"stop_lon":-118.291918,"stop_sequence":67,"segment_first_lat":34.1008702742,"segment_first_lon":-118.2917656103,"segment_second_lat":34.0992902524,"segment_second_lon":-118.2917624095,"segment_sequence":660001,"segment_id":33,"segment_len_meter":175.6906553377988,"segment_cum_len":20553.948697273278,"stop_segment_distance":14.913461375466937}
{"route_id":"204","stop_id":"5690","stop_lat":33.975181,"stop_lon":-118.291446,"stop_sequence":20,"segment_first_lat":33.9746308014,"segment_first_lon":-118.2915988815,"segment_second_lat":33.9751803687,"segment_second_lon":-118.2916007952,"segment_sequence":190008,"segment_id":10,"segment_len_meter":61.1093504023776,"segment_cum_len":5691.661231761066,"stop_segment_distance":15.947276932515507}
{"route_id":"205","stop_id":"17581","stop_lat":33.752,"stop_lon":-118.308806,"stop_sequence":38,"segment_first_lat":33.7518345498,"segment_first_lon":-118.3089765495,"segment_second_lat":33.7520137568,"segment_second_lon":-118.3089568141,"segment_sequence":370005,"segment_id":19,"segment_len_meter":20.01026921850169,"segment_cum_len":9214.067286868985,"stop_segment_distance":18.24639580465231}
{"route_id":"206","stop_id":"13787","stop_lat":34.043924,"stop_lon":-118.300476,"stop_sequence":27,"segment_first_lat":34.0439682479,"segment_first_lon":-118.3003405281,"segment_second_lat":34.0438986847,"segment_second_lon":-118.3003574435,"segment_sequence":260013,"segment_id":13,"segment_len_meter":7.890527006822966,"segment_cum_len":7984.468255269468,"stop_segment_distance":16.80648688079785}
{"route_id":"224","stop_id":"19059","stop_lat":34.27233,"stop_lon":-118.428542,"stop_sequence":42,"segment_first_lat":34.2720387344,"segment_first_lon":-118.4284443075,"segment_second_lat":34.2722473621,"segment_second_lon":-118.4286595371,"segment_sequence":410008,"segment_id":21,"segment_len_meter":30.48437037396245,"segment_cum_len":17085.818308625498,"stop_segment_distance":17.304266656565318}
{"route_id":"232","stop_id":"23200106","stop_lat":33.852018,"stop_lon":-118.38928,"stop_sequence":66,"segment_first_lat":33.851191174,"segment_first_lon":-118.389181026,"segment_second_lat":33.8519888919,"segment_second_lon":-118.389429759,"segment_sequence":650004,"segment_id":33,"segment_len_meter":91.62788712337411,"segment_cum_len":26348.275888619475,"stop_segment_distance":14.967368592671576}
{"route_id":"237","stop_id":"15545","stop_lat":34.158031,"stop_lon":-118.370176,"stop_sequence":26,"segment_first_lat":34.1578495511,"segment_first_lon":-118.3703268483,"segment_second_lat":34.1580309093,"segment_second_lon":-118.370327652,"segment_sequence":250003,"segment_id":13,"segment_len_meter":20.166247337301698,"segment_cum_len":9743.054521726111,"stop_segment_distance":18.27715753366312}
{"route_id":"239","stop_id":"20012","stop_lat":34.208276,"stop_lon":-118.518445,"stop_sequence":16,"segment_first_lat":34.2050631705,"segment_first_lon":-118.5185921857,"segment_second_lat":34.2082754513,"segment_second_lon":-118.5185975808,"segment_sequence":150001,"segment_id":8,"segment_len_meter":357.18967247953594,"segment_cum_len":5482.409819756437,"stop_segment_distance":14.348159038065887}
{"route_id":"256","stop_id":"10813","stop_lat":34.18587,"stop_lon":-118.131878,"stop_sequence":118,"segment_first_lat":34.1856837336,"segment_first_lon":-118.1315041544,"segment_second_lat":34.1858039243,"segment_second_lon":-118.1319090675,"segment_sequence":1170003,"segment_id":59,"segment_len_meter":39.570226643242,"segment_cum_len":35905.43117393804,"stop_segment_distance":8.456340917737478}
{"route_id":"256","stop_id":"9923","stop_lat":34.031355,"stop_lon":-118.169029,"stop_sequence":10,"segment_first_lat":34.0299234882,"segment_first_lon":-118.1690986025,"segment_second_lat":34.0313551033,"segment_second_lon":-118.1691133769,"segment_sequence":90006,"segment_id":5,"segment_len_meter":159.19415807122212,"segment_cum_len":1952.350635240062,"stop_segment_distance":7.887265022483319}
{"route_id":"260","stop_id":"10392","stop_lat":34.131463,"stop_lon":-118.150482,"stop_sequence":19,"segment_first_lat":34.1314627576,"segment_first_lon":-118.1503290489,"segment_second_lat":34.131045085,"segment_second_lon":-118.1503259847,"segment_sequence":190001,"segment_id":10,"segment_len_meter":46.44393047032293,"segment_cum_len":5828.831358876378,"stop_segment_distance":16.272177040483378}
{"route_id":"260","stop_id":"13149","stop_lat":34.004813,"stop_lon":-118.165313,"stop_sequence":60,"segment_first_lat":34.0047153321,"segment_first_lon":-118.1652167296,"segment_second_lat":34.0044253906,"segment_second_lon":-118.1656487094,"segment_sequence":600001,"segment_id":30,"segment_len_meter":51.235114299300115,"segment_cum_len":22723.045268876813,"stop_segment_distance":15.848663138800127}
{"route_id":"266","stop_id":"17786","stop_lat":33.849955,"stop_lon":-118.142666,"stop_sequence":1,"segment_first_lat":33.8499549169,"segment_first_lon":-118.142502735,"segment_second_lat":33.8480067384,"segment_second_lon":-118.1424813119,"segment_sequence":10001,"segment_id":1,"segment_len_meter":216.63659918987216,"segment_cum_len":216.63659918987216,"stop_segment_distance":15.747640837781546}
{"route_id":"35","stop_id":"16458","stop_lat":34.040069,"stop_lon":-118.313322,"stop_sequence":60,"segment_first_lat":34.0399425611,"segment_first_lon":-118.3133378994,"segment_second_lat":34.0399324566,"segment_second_lon":-118.3140541389,"segment_sequence":600002,"segment_id":30,"segment_len_meter":66.00487972736116,"segment_cum_len":18958.391404799957,"stop_segment_distance":17.278330678735102}
{"route_id":"4","stop_id":"14392","stop_lat":34.090891,"stop_lon":-118.350405,"stop_sequence":52,"segment_first_lat":34.0907632624,"segment_first_lon":-118.3504076656,"segment_second_lat":34.0907760584,"segment_second_lon":-118.3511112216,"segment_sequence":520001,"segment_id":26,"segment_len_meter":64.80338555698289,"segment_cum_len":16079.715549482975,"stop_segment_distance":15.67970181118477}
{"route_id":"4","stop_id":"14399","stop_lat":34.090995,"stop_lon":-118.284425,"stop_sequence":32,"segment_first_lat":34.0908904599,"segment_first_lon":-118.2844216379,"segment_second_lat":34.0908879521,"segment_second_lon":-118.2845530818,"segment_sequence":320001,"segment_id":16,"segment_len_meter":12.107357287778823,"segment_cum_len":9950.31483555372,"stop_segment_distance":16.278087823592294}
{"route_id":"4","stop_id":"16314","stop_lat":34.068088,"stop_lon":-118.249987,"stop_sequence":16,"segment_first_lat":34.067470238,"segment_first_lon":-118.2499256481,"segment_second_lat":34.0680548378,"segment_second_lon":-118.2501294723,"segment_sequence":150011,"segment_id":8,"segment_len_meter":67.66144002599906,"segment_cum_len":5121.299981065161,"stop_segment_distance":14.894093843741757}
{"route_id":"40","stop_id":"11231","stop_lat":34.011048,"stop_lon":-118.331144,"stop_sequence":37,"segment_first_lat":34.0109185557,"segment_first_lon":-118.3302060776,"segment_second_lat":34.0109223084,"segment_second_lon":-118.3311432001,"segment_sequence":360006,"segment_id":18,"segment_len_meter":86.3783243456997,"segment_cum_len":14072.737973178917,"stop_segment_distance":15.239147477259593}
{"route_id":"460","stop_id":"12615","stop_lat":33.858996,"stop_lon":-117.98077,"stop_sequence":68,"segment_first_lat":33.8591222253,"segment_first_lon":-117.9807703735,"segment_second_lat":33.8591273109,"segment_second_lon":-117.9799403638,"segment_sequence":690001,"segment_id":35,"segment_len_meter":76.6430040172986,"segment_cum_len":55258.28390911699,"stop_segment_distance":15.378201620439299}
{"route_id":"460","stop_id":"370","stop_lat":33.8651,"stop_lon":-117.99825,"stop_sequence":54,"segment_first_lat":33.8650999795,"segment_first_lon":-117.9980986401,"segment_second_lat":33.8636161558,"segment_second_lon":-117.9980818751,"segment_sequence":550001,"segment_id":28,"segment_len_meter":165.00092856974507,"segment_cum_len":49474.09204128934,"stop_segment_distance":14.698842762503062}
{"route_id":"60","stop_id":"13684","stop_lat":33.882761,"stop_lon":-118.205441,"stop_sequence":71,"segment_first_lat":33.8827909485,"segment_first_lon":-118.2052913925,"segment_second_lat":33.8822174869,"segment_second_lon":-118.205123611,"segment_sequence":710001,"segment_id":36,"segment_len_meter":65.6200548330264,"segment_cum_len":22789.64287825917,"stop_segment_distance":15.749689535593077}
{"route_id":"601","stop_id":"3592","stop_lat":34.173196,"stop_lon":-118.596939,"stop_sequence":9,"segment_first_lat":34.1732976368,"segment_first_lon":-118.5969398514,"segment_second_lat":34.1733041048,"segment_second_lon":-118.5947347098,"segment_sequence":90001,"segment_id":5,"segment_len_meter":202.86609545856822,"segment_cum_len":3800.3995664192016,"stop_segment_distance":11.57825642290706}
{"route_id":"602","stop_id":"6427","stop_lat":34.048402,"stop_lon":-118.538202,"stop_sequence":10,"segment_first_lat":34.0485198567,"segment_first_lon":-118.5382259321,"segment_second_lat":34.0485820738,"segment_second_lon":-118.5378301896,"segment_sequence":100002,"segment_id":5,"segment_len_meter":37.111114857239194,"segment_cum_len":2828.6013351182787,"stop_segment_distance":15.85665016324311}
{"route_id":"70","stop_id":"712","stop_lat":34.057437,"stop_lon":-118.173532,"stop_sequence":32,"segment_first_lat":34.0573788509,"segment_first_lon":-118.1738752331,"segment_second_lat":34.0575226941,"segment_second_lon":-118.1735939141,"segment_sequence":310003,"segment_id":16,"segment_len_meter":30.454157811371914,"segment_cum_len":11068.126284604337,"stop_segment_distance":12.924999866037666}
{"route_id":"794","stop_id":"19059","stop_lat":34.27233,"stop_lon":-118.428542,"stop_sequence":35,"segment_first_lat":34.2720387344,"segment_first_lon":-118.4284443075,"segment_second_lat":34.2722473621,"segment_second_lon":-118.4286595371,"segment_sequence":340009,"segment_id":17,"segment_len_meter":30.48437037396245,"segment_cum_len":37535.137899500565,"stop_segment_distance":17.304266656565318}
{"route_id":"794","stop_id":"3886","stop_lat":34.104659,"stop_lon":-118.238221,"stop_sequence":13,"segment_first_lat":34.1043566372,"segment_first_lon":-118.238199985,"segment_second_lat":34.1046003474,"segment_second_lon":-118.238352634,"segment_sequence":120015,"segment_id":6,"segment_len_meter":30.527125382013107,"segment_cum_len":9804.039725517321,"stop_segment_distance":16.91276284682186}
{"route_id":"81","stop_id":"1266","stop_lat":34.045426,"stop_lon":-118.257059,"stop_sequence":52,"segment_first_lat":34.0453449203,"segment_first_lon":-118.2571340305,"segment_second_lat":34.0458633897,"segment_second_lon":-118.2579321662,"segment_sequence":520001,"segment_id":26,"segment_len_meter":93.44123342507653,"segment_cum_len":17407.86446725847,"stop_segment_distance":11.927752607421922}
{"route_id":"81","stop_id":"13471","stop_lat":33.95981,"stop_lon":-118.282848,"stop_sequence":89,"segment_first_lat":33.9598108129,"segment_first_lon":-118.2826963747,"segment_second_lat":33.9587336621,"segment_second_lon":-118.2826927392,"segment_sequence":890001,"segment_id":45,"segment_len_meter":119.77417351271211,"segment_cum_len":28268.96162735654,"stop_segment_distance":14.74717448185902}
{"route_id":"910","stop_id":"9480","stop_lat":34.062839,"stop_lon":-118.167993,"stop_sequence":2,"segment_first_lat":34.0627164377,"segment_first_lon":-118.1671640559,"segment_second_lat":34.0627405635,"segment_second_lon":-118.167996134,"segment_sequence":10150,"segment_id":1,"segment_len_meter":76.69517206541462,"segment_cum_len":11709.609727944318,"stop_segment_distance":11.820402444416857}
