{"route_id":"102","stop_id":"1516","stop_lat":34.016163,"stop_lon":-118.267456,"stop_sequence":60,"segment_first_lat":34.0171973115,"segment_first_lon":-118.2694067346,"segment_second_lat":34.016273307,"segment_second_lon":-118.267383244,"segment_sequence":590002,"segment_id":30,"segment_len_meter":212.92735148946156,"segment_cum_len":19150.616056049515,"stop_segment_distance":14.482525552325598}
{"route_id":"108","stop_id":"30012","stop_lat":33.987962,"stop_lon":-118.394653,"stop_sequence":4,"segment_first_lat":33.9883192092,"segment_first_lon":-118.3945521776,"segment_second_lat":33.9877639536,"segment_second_lon":-118.394608939,"segment_sequence":30016,"segment_id":2,"segment_len_meter":61.96299722041403,"segment_cum_len":1312.7254350551332,"stop_segment_distance":1.2233799402522365}
{"route_id":"117","stop_id":"6630","stop_lat":33.942882,"stop_lon":-118.194712,"stop_sequence":56,"segment_first_lat":33.9431089482,"segment_first_lon":-118.1955993283,"segment_second_lat":33.9430079237,"segment_second_lon":-118.194690772,"segment_sequence":550003,"segment_id":28,"segment_len_meter":84.56062793750918,"segment_cum_len":20608.038784332286,"stop_segment_distance":15.23251683160862}
{"route_id":"130","stop_id":"13000044","stop_lat":33.874889,"stop_lon":-118.146935,"stop_sequence":13,"segment_first_lat":33.8747594197,"segment_first_lon":-118.146931257,"segment_second_lat":33.8747412246,"segment_second_lon":-118.1485487271,"segment_sequence":130001,"segment_id":7,"segment_len_meter":149.3393168065501,"segment_cum_len":6514.41559796862,"stop_segment_distance":14.956885610146855}
{"route_id":"152","stop_id":"13041","stop_lat":34.22073,"stop_lon":-118.545168,"stop_sequence":64,"segment_first_lat":34.2206042249,"segment_first_lon":-118.5451638743,"segment_second_lat":34.2205994132,"segment_second_lon":-118.5455608019,"segment_sequence":640001,"segment_id":32,"segment_len_meter":36.499304642647054,"segment_cum_len":25811.133745881867,"stop_segment_distance":16.417146954361783}
{"route_id":"158","stop_id":"16846","stop_lat":34.157885,"stop_lon":-118.431082,"stop_sequence":7,"segment_first_lat":34.1578867348,"segment_first_lon":-118.4312335844,"segment_second_lat":34.1586314349,"segment_second_lon":-118.4312278416,"segment_sequence":70001,"segment_id":4,"segment_len_meter":82.80855893077285,"segment_cum_len":2880.375008746638,"stop_segment_distance":15.218102133815307}
{"route_id":"164","stop_id":"7175","stop_lat":34.186737,"stop_lon":-118.540707,"stop_sequence":61,"segment_first_lat":34.1866103127,"segment_first_lon":-118.5407062016,"segment_second_lat":34.18660254,"segment_second_lon":-118.5424421399,"segment_sequence":610001,"segment_id":31,"segment_len_meter":159.67701927462141,"segment_cum_len":23417.19655525723,"stop_segment_distance":14.71005937622678}
{"route_id":"165","stop_id":"6859","stop_lat":34.193658,"stop_lon":-118.58401,"stop_sequence":17,"segment_first_lat":34.1937808045,"segment_first_lon":-118.5864544362,"segment_second_lat":34.1937849336,"segment_second_lon":-118.5840106385,"segment_sequence":160002,"segment_id":8,"segment_len_meter":224.7661846061682,"segment_cum_len":5970.723758799621,"stop_segment_distance":14.58722944040531}
{"route_id":"222","stop_id":"220","stop_lat":34.174859,"stop_lon":-118.34916,"stop_sequence":30,"segment_first_lat":34.1727945332,"segment_first_lon":-118.3493499481,"segment_second_lat":34.174861054,"segment_second_lon":-118.3493119728,"segment_sequence":290002,"segment_id":15,"segment_len_meter":229.8131844607759,"segment_cum_len":11295.208746355649,"stop_segment_distance":14.39172103598682}
{"route_id":"232","stop_id":"11163","stop_lat":33.93117,"stop_lon":-118.395991,"stop_sequence":94,"segment_first_lat":33.9311666152,"segment_first_lon":-118.3961469093,"segment_second_lat":33.9315210555,"segment_second_lon":-118.3961571562,"segment_sequence":940001,"segment_id":47,"segment_len_meter":39.42329978853949,"segment_cum_len":37780.54839728009,"stop_segment_distance":16.903403275459638}
{"route_id":"234","stop_id":"12264","stop_lat":34.29149,"stop_lon":-118.430319,"stop_sequence":22,"segment_first_lat":34.2918247765,"segment_first_lon":-118.4296550378,"segment_second_lat":34.2913960372,"segment_second_lon":-118.4302159936,"segment_sequence":210006,"segment_id":11,"segment_len_meter":70.20303252598997,"segment_cum_len":7637.175944964387,"stop_segment_distance":15.351693254705907}
{"route_id":"246","stop_id":"3386","stop_lat":33.78699,"stop_lon":-118.262833,"stop_sequence":39,"segment_first_lat":33.7869804923,"segment_first_lon":-118.2629850999,"segment_second_lat":33.7876761183,"segment_second_lon":-118.2630392757,"segment_sequence":390001,"segment_id":20,"segment_len_meter":77.51194596083978,"segment_cum_len":11700.099734831707,"stop_segment_distance":15.222519881123347}
{"route_id":"256","stop_id":"10396","stop_lat":34.104099,"stop_lon":-118.187959,"stop_sequence":55,"segment_first_lat":34.1040610071,"segment_first_lon":-118.1876514312,"segment_second_lat":34.1040264751,"segment_second_lon":-118.1879463417,"segment_sequence":540011,"segment_id":27,"segment_len_meter":27.42306777714456,"segment_cum_len":15425.856595342522,"stop_segment_distance":9.356874191822762}
{"route_id":"256","stop_id":"10568","stop_lat":34.138329,"stop_lon":-118.159348,"stop_sequence":77,"segment_first_lat":34.1385133707,"segment_first_lon":-118.159245579,"segment_second_lat":34.1383353308,"segment_second_lon":-118.1592287163,"segment_sequence":760004,"segment_id":38,"segment_len_meter":19.8578709175899,"segment_cum_len":24047.87760649468,"stop_segment_distance":13.707198693209001}
{"route_id":"260","stop_id":"13135","stop_lat":33.903716,"stop_lon":-118.194104,"stop_sequence":90,"segment_first_lat":33.9046857004,"segment_first_lon":-118.1940069183,"segment_second_lat":33.903721297,"segment_second_lon":-118.1939526179,"segment_sequence":890009,"segment_id":45,"segment_len_meter":107.35379381119986,"segment_cum_len":35088.21260844377,"stop_segment_distance":14.826899309436897}
{"route_id":"266","stop_id":"3855","stop_lat":34.113818,"stop_lon":-118.073467,"stop_sequence":67,"segment_first_lat":34.1138331488,"segment_first_lon":-118.0736193067,"segment_second_lat":34.1148845671,"segment_second_lon":-118.0734811442,"segment_sequence":670001,"segment_id":34,"segment_len_meter":117.60223435503751,"segment_cum_len":33929.0836886813,"stop_segment_distance":15.124099899449263}
{"route_id":"267","stop_id":"1388","stop_lat":34.141018,"stop_lon":-118.127822,"stop_sequence":44,"segment_first_lat":34.1409350496,"segment_first_lon":-118.1259510939,"segment_second_lat":34.1409281402,"segment_second_lon":-118.127821596,"segment_sequence":430003,"segment_id":22,"segment_len_meter":172.1469208266512,"segment_cum_len":15511.305879206746,"stop_segment_distance":10.274272832570858}
{"route_id":"267","stop_id":"142127","stop_lat":34.072517,"stop_lon":-118.042018,"stop_sequence":2,"segment_first_lat":34.0725241543,"segment_first_lon":-118.0422028783,"segment_second_lat":34.0726895791,"segment_second_lon":-118.0421930555,"segment_sequence":20001,"segment_id":1,"segment_len_meter":18.416635057074576,"segment_cum_len":615.6446345623064,"stop_segment_distance":23.694753943799096}
{"route_id":"4","stop_id":"14915","stop_lat":34.033504,"stop_lon":-118.265139,"stop_sequence":1,"segment_first_lat":34.0334863029,"segment_first_lon":-118.2651011163,"segment_second_lat":34.0331273498,"segment_second_lon":-118.2653884468,"segment_sequence":10001,"segment_id":1,"segment_len_meter":47.897240942126935,"segment_cum_len":47.897240942126935,"stop_segment_distance":3.884916869835486}
{"route_id":"460","stop_id":"30016","stop_lat":33.913142,"stop_lon":-118.104021,"stop_sequence":17,"segment_first_lat":33.9131421461,"segment_first_lon":-118.1039760382,"segment_second_lat":33.9124634181,"segment_second_lon":-118.1039906863,"segment_sequence":180001,"segment_id":9,"segment_len_meter":75.48321407796206,"segment_cum_len":33033.444377108644,"stop_segment_distance":4.172543632858705}
{"route_id":"487","stop_id":"7775","stop_lat":34.102274,"stop_lon":-118.110559,"stop_sequence":15,"segment_first_lat":34.1010043837,"segment_first_lon":-118.110501272,"segment_second_lat":34.1023861994,"segment_second_lon":-118.1108961871,"segment_sequence":140006,"segment_id":7,"segment_len_meter":157.89476741025615,"segment_cum_len":17622.13410763232,"stop_segment_distance":16.83917016940191}
{"route_id":"53","stop_id":"4855","stop_lat":34.007399,"stop_lon":-118.256316,"stop_sequence":55,"segment_first_lat":34.0066653917,"segment_first_lon":-118.2564981881,"segment_second_lat":34.0073990782,"segment_second_lon":-118.256494827,"segment_sequence":540003,"segment_id":27,"segment_len_meter":81.58280482575708,"segment_cum_len":18715.54547734002,"stop_segment_distance":18.185121476049915}
{"route_id":"602","stop_id":"2190","stop_lat":34.070368,"stop_lon":-118.453299,"stop_sequence":49,"segment_first_lat":34.0704168283,"segment_first_lon":-118.4534712661,"segment_second_lat":34.0704574301,"segment_second_lon":-118.4533427067,"segment_sequence":480009,"segment_id":24,"segment_len_meter":12.672844653870388,"segment_cum_len":14973.777498009844,"stop_segment_distance":14.825672120878945}
{"route_id":"603","stop_id":"2016","stop_lat":34.123517,"stop_lon":-118.254861,"stop_sequence":15,"segment_first_lat":34.1239118181,"segment_first_lon":-118.2550671057,"segment_second_lat":34.1235984151,"segment_second_lon":-118.2547449894,"segment_sequence":140003,"segment_id":7,"segment_len_meter":45.75604455901164,"segment_cum_len":3943.1898382977847,"stop_segment_distance":16.06949823929488}
{"route_id":"611","stop_id":"12703","stop_lat":34.001908,"stop_lon":-118.22548,"stop_sequence":47,"segment_first_lat":34.0019405461,"segment_first_lon":-118.22533622,"segment_second_lat":34.0018062405,"segment_second_lon":-118.2253015457,"segment_sequence":470001,"segment_id":24,"segment_len_meter":15.27233369328879,"segment_cum_len":13925.954800537995,"stop_segment_distance":18.433064091579812}
{"route_id":"62","stop_id":"4380","stop_lat":33.890176,"stop_lon":-118.082596,"stop_sequence":61,"segment_first_lat":33.8901786735,"segment_first_lon":-118.0824433518,"segment_second_lat":33.8896950622,"segment_second_lon":-118.0824336505,"segment_sequence":610001,"segment_id":31,"segment_len_meter":53.782578237808075,"segment_cum_len":30951.84976867231,"stop_segment_distance":15.848348057968728}
{"route_id":"685","stop_id":"10306","stop_lat":34.117292,"stop_lon":-118.234688,"stop_sequence":22,"segment_first_lat":34.1172926931,"segment_first_lon":-118.2344638295,"segment_second_lat":34.1172004019,"segment_second_lon":-118.2345861439,"segment_sequence":210007,"segment_id":11,"segment_len_meter":15.234870544723819,"segment_cum_len":6764.734812079216,"stop_segment_distance":19.245928913865384}
{"route_id":"70","stop_id":"70500036","stop_lat":34.034213,"stop_lon":-118.265336,"stop_sequence":2,"segment_first_lat":34.0340072993,"segment_first_lon":-118.2651007864,"segment_second_lat":34.0341481921,"segment_second_lon":-118.2653840928,"segment_sequence":10010,"segment_id":1,"segment_len_meter":30.446137649214982,"segment_cum_len":358.6297553903305,"stop_segment_distance":9.52486507436565}
{"route_id":"92","stop_id":"10766","stop_lat":34.255363,"stop_lon":-118.393174,"stop_sequence":101,"segment_first_lat":34.2523914093,"segment_first_lon":-118.390214499,"segment_second_lat":34.2552815833,"segment_second_lon":-118.3932891536,"segment_sequence":1000004,"segment_id":50,"segment_len_meter":427.94342388386315,"segment_cum_len":33515.06722442385,"stop_segment_distance":13.963662888657893}
