{"route_id":"105","stop_id":"10252","stop_lat":34.003964,"stop_lon":-118.274307,"stop_sequence":13,"segment_first_lat":34.0038382504,"segment_first_lon":-118.2743062292,"segment_second_lat":34.0038086779,"segment_second_lon":-118.2783412854,"segment_sequence":130001,"segment_id":7,"segment_len_meter":371.96852743158513,"segment_cum_len":4762.696982989501,"stop_segment_distance":14.297870664105346}
{"route_id":"108","stop_id":"6260","stop_lat":33.979359,"stop_lon":-118.135151,"stop_sequence":81,"segment_first_lat":33.9794703738,"segment_first_lon":-118.1350790493,"segment_second_lat":33.9788577512,"segment_second_lon":-118.1337125248,"segment_sequence":810001,"segment_id":41,"segment_len_meter":143.2386940202086,"segment_cum_len":27223.97558904679,"stop_segment_distance":14.68350546449605}
{"route_id":"117","stop_id":"2607","stop_lat":33.928785,"stop_lon":-118.161778,"stop_sequence":68,"segment_first_lat":33.928901146,"segment_first_lon":-118.1617061962,"segment_second_lat":33.928837592,"segment_second_lon":-118.1615600417,"segment_sequence":680001,"segment_id":34,"segment_len_meter":15.224070596168529,"segment_cum_len":25108.14542178927,"stop_segment_distance":20.23309705128105}
{"route_id":"120","stop_id":"141011","stop_lat":33.92842,"stop_lon":-118.029139,"stop_sequence":15,"segment_first_lat":33.9283242894,"segment_first_lon":-118.0292340539,"segment_second_lat":33.9305764124,"segment_second_lon":-118.0324759519,"segment_sequence":150001,"segment_id":8,"segment_len_meter":390.0952189673458,"segment_cum_len":5875.422853716349,"stop_segment_distance":13.926071520269033}
{"route_id":"127","stop_id":"10457","stop_lat":33.939858,"stop_lon":-118.132938,"stop_sequence":2,"segment_first_lat":33.9399670413,"segment_first_lon":-118.1328585468,"segment_second_lat":33.9394995007,"segment_second_lon":-118.1319782066,"segment_sequence":20001,"segment_id":1,"segment_len_meter":96.426519219328,"segment_cum_len":554.3273765611941,"stop_segment_distance":14.84258816257929}
{"route_id":"127","stop_id":"9288","stop_lat":33.891756,"stop_lon":-118.133867,"stop_sequence":18,"segment_first_lat":33.8917563703,"segment_first_lon":-118.1339811754,"segment_second_lat":33.8921080983,"segment_second_lon":-118.1339761361,"segment_sequence":180001,"segment_id":9,"segment_len_meter":39.113134981228804,"segment_cum_len":7709.516527782182,"stop_segment_distance":11.852273713278606}
{"route_id":"130","stop_id":"10964","stop_lat":33.861177,"stop_lon":-118.399886,"stop_sequence":76,"segment_first_lat":33.8614470587,"segment_first_lon":-118.3998017255,"segment_second_lat":33.8612051809,"segment_second_lon":-118.3997393078,"segment_sequence":750032,"segment_id":38,"segment_len_meter":27.506154158441888,"segment_cum_len":35771.37418728787,"stop_segment_distance":17.417429561903788}
{"route_id":"14","stop_id":"140914","stop_lat":34.077306,"stop_lon":-118.392089,"stop_sequence":79,"segment_first_lat":34.0771814105,"segment_first_lon":-118.3916195296,"segment_second_lat":34.0771798894,"segment_second_lon":-118.3920884485,"segment_sequence":780005,"segment_id":39,"segment_len_meter":43.1881976445306,"segment_cum_len":28397.740850656173,"stop_segment_distance":16.238547273571207}
{"route_id":"154","stop_id":"9098","stop_lat":34.172339,"stop_lon":-118.50143,"stop_sequence":57,"segment_first_lat":34.1722376035,"segment_first_lon":-118.5014296068,"segment_second_lat":34.1722339403,"segment_second_lon":-118.5023123054,"segment_sequence":570001,"segment_id":29,"segment_len_meter":81.20703258820012,"segment_cum_len":24922.603467059445,"stop_segment_distance":12.07393705108258}
{"route_id":"16","stop_id":"2265","stop_lat":34.06874,"stop_lon":-118.284524,"stop_sequence":22,"segment_first_lat":34.0686136198,"segment_first_lon":-118.2845780201,"segment_second_lat":34.0689517382,"segment_second_lon":-118.2856869779,"segment_sequence":220001,"segment_id":11,"segment_len_meter":108.84566238389786,"segment_cum_len":5804.832694518037,"stop_segment_distance":15.740831113661955}
{"route_id":"164","stop_id":"7111","stop_lat":34.186774,"stop_lon":-118.497466,"stop_sequence":51,"segment_first_lat":34.1866433614,"segment_first_lon":-118.4971347858,"segment_second_lat":34.1866466733,"segment_second_lon":-118.4974654695,"segment_sequence":500004,"segment_id":25,"segment_len_meter":30.419087922248806,"segment_cum_len":19280.10519782785,"stop_segment_distance":17.49066529533927}
{"route_id":"165","stop_id":"20338","stop_lat":34.193621,"stop_lon":-118.603388,"stop_sequence":12,"segment_first_lat":34.1937517129,"segment_first_lon":-118.6046423908,"segment_second_lat":34.1937560475,"segment_second_lon":-118.603389092,"segment_sequence":110002,"segment_id":6,"segment_len_meter":115.27188240450715,"segment_cum_len":4188.374145969598,"stop_segment_distance":16.02839172425854}
{"route_id":"165","stop_id":"6848","stop_lat":34.193784,"stop_lon":-118.492038,"stop_sequence":39,"segment_first_lat":34.1939095959,"segment_first_lon":-118.492039071,"segment_second_lat":34.1939123894,"segment_second_lon":-118.4902004368,"segment_sequence":390001,"segment_id":20,"segment_len_meter":169.10646944941058,"segment_cum_len":14599.052221683993,"stop_segment_distance":14.469203329094654}
{"route_id":"200","stop_id":"4980","stop_lat":34.01879,"stop_lon":-118.281793,"stop_sequence":5,"segment_first_lat":34.0183660632,"segment_first_lon":-118.2822374531,"segment_second_lat":34.0188523307,"segment_second_lon":-118.2819295544,"segment_sequence":40011,"segment_id":2,"segment_len_meter":61.064644409274905,"segment_cum_len":1130.4437948716961,"stop_segment_distance":15.753805273383307}
{"route_id":"202","stop_id":"14163","stop_lat":33.914098,"stop_lon":-118.230721,"stop_sequence":8,"segment_first_lat":33.9141383818,"segment_first_lon":-118.2306098132,"segment_second_lat":33.9135605066,"segment_second_lon":-118.2303244519,"segment_sequence":80001,"segment_id":4,"segment_len_meter":69.44308312251052,"segment_cum_len":2432.824199782068,"stop_segment_distance":11.835553236672382}
{"route_id":"204","stop_id":"140930","stop_lat":34.040426,"stop_lon":-118.291402,"stop_sequence":42,"segment_first_lat":34.0404257839,"segment_first_lon":-118.2915584851,"segment_second_lat":34.0426872488,"segment_second_lon":-118.2915719765,"segment_sequence":420001,"segment_id":21,"segment_len_meter":251.466496220007,"segment_cum_len":13199.86896079659,"stop_segment_distance":14.878882033512923}
{"route_id":"209","stop_id":"5622","stop_lat":33.981677,"stop_lon":-118.317589,"stop_sequence":28,"segment_first_lat":33.9800083519,"segment_first_lon":-118.3177215746,"segment_second_lat":33.9816763435,"segment_second_lon":-118.317706793,"segment_sequence":270002,"segment_id":14,"segment_len_meter":185.47721135311227,"segment_cum_len":9810.253701159725,"stop_segment_distance":11.331539084670283}
{"route_id":"209","stop_id":"865","stop_lat":33.90584,"stop_lon":-118.326371,"stop_sequence":3,"segment_first_lat":33.9058394775,"segment_first_lon":-118.3265206014,"segment_second_lat":33.9063615745,"segment_second_lon":-118.3265183512,"segment_sequence":30001,"segment_id":2,"segment_len_meter":58.05490902469188,"segment_cum_len":630.8949110968185,"stop_segment_distance":15.320798701574176}
{"route_id":"210","stop_id":"9432","stop_lat":34.036592,"stop_lon":-118.33305,"stop_sequence":34,"segment_first_lat":34.036540518,"segment_first_lon":-118.3329127426,"segment_second_lat":34.0358662802,"segment_second_lon":-118.3332784138,"segment_sequence":340001,"segment_id":17,"segment_len_meter":82.19564072983935,"segment_cum_len":10825.655523812093,"stop_segment_distance":15.083140293957982}
{"route_id":"211","stop_id":"12315","stop_lat":33.964691,"stop_lon":-118.344096,"stop_sequence":34,"segment_first_lat":33.9654689507,"segment_first_lon":-118.3439439606,"segment_second_lat":33.9646913074,"segment_second_lon":-118.3439434054,"segment_sequence":330002,"segment_id":17,"segment_len_meter":86.47000485814084,"segment_cum_len":11117.024799671395,"stop_segment_distance":15.23595486203942}
{"route_id":"212","stop_id":"13649","stop_lat":34.060672,"stop_lon":-118.344801,"stop_sequence":23,"segment_first_lat":34.0616875799,"segment_first_lon":-118.3442272964,"segment_second_lat":34.0606268525,"segment_second_lon":-118.3446290331,"segment_sequence":220007,"segment_id":11,"segment_len_meter":123.61697254996571,"segment_cum_len":6626.0289851003845,"stop_segment_distance":17.68268282451382}
{"route_id":"234","stop_id":"20125","stop_lat":34.198604,"stop_lon":-118.466327,"stop_sequence":54,"segment_first_lat":34.1993575221,"segment_first_lon":-118.4661762647,"segment_second_lat":34.1986046034,"segment_second_lon":-118.4661747079,"segment_sequence":530002,"segment_id":27,"segment_len_meter":83.72086204333229,"segment_cum_len":20131.791292599497,"stop_segment_distance":15.212314401660691}
{"route_id":"234","stop_id":"20213","stop_lat":34.232054,"stop_lon":-118.467752,"stop_sequence":44,"segment_first_lat":34.23225264,"segment_first_lon":-118.4676006127,"segment_second_lat":34.2320547954,"segment_second_lon":-118.4675995046,"segment_sequence":430003,"segment_id":22,"segment_len_meter":21.99955164145221,"segment_cum_len":16387.31374433488,"stop_segment_distance":18.126699897854298}
{"route_id":"251","stop_id":"140842","stop_lat":33.980461,"stop_lon":-118.225317,"stop_sequence":37,"segment_first_lat":33.9816427081,"segment_first_lon":-118.2251681294,"segment_second_lat":33.980461136,"segment_second_lon":-118.2251649521,"segment_sequence":360002,"segment_id":18,"segment_len_meter":131.3851496116935,"segment_cum_len":13843.716877883397,"stop_segment_distance":14.749559056015897}
{"route_id":"258","stop_id":"4321","stop_lat":34.112293,"stop_lon":-118.17166,"stop_sequence":5,"segment_first_lat":34.1124180002,"segment_first_lon":-118.1716424419,"segment_second_lat":34.1123973955,"segment_second_lon":-118.1714458314,"segment_sequence":50001,"segment_id":3,"segment_len_meter":18.24490362521859,"segment_cum_len":1251.620050760302,"stop_segment_distance":18.628479992962802}
{"route_id":"265","stop_id":"3830","stop_lat":33.874905,"stop_lon":-118.159829,"stop_sequence":11,"segment_first_lat":33.8749051986,"segment_first_lon":-118.1599809257,"segment_second_lat":33.8756718546,"segment_second_lon":-118.1599718467,"segment_sequence":110001,"segment_id":6,"segment_len_meter":85.25237809386259,"segment_cum_len":4732.228884419097,"stop_segment_distance":15.057553820625671}
{"route_id":"266","stop_id":"17851","stop_lat":33.970458,"stop_lon":-118.105069,"stop_sequence":37,"segment_first_lat":33.9700294692,"segment_first_lon":-118.1054209625,"segment_second_lat":33.9705031049,"segment_second_lon":-118.1052131209,"segment_sequence":360003,"segment_id":18,"segment_len_meter":56.045086252318825,"segment_cum_len":16505.693713769822,"stop_segment_distance":15.814443910178625}
{"route_id":"28","stop_id":"16155","stop_lat":34.052744,"stop_lon":-118.303997,"stop_sequence":71,"segment_first_lat":34.0526184431,"segment_first_lon":-118.3036794995,"segment_second_lat":34.0526176457,"segment_second_lon":-118.3039964231,"segment_sequence":700006,"segment_id":35,"segment_len_meter":29.197554863405724,"segment_cum_len":22178.53029417248,"stop_segment_distance":17.264107464495314}
{"route_id":"33","stop_id":"6953","stop_lat":34.044979,"stop_lon":-118.350632,"stop_sequence":42,"segment_first_lat":34.0450265134,"segment_first_lon":-118.3511470168,"segment_second_lat":34.0451015782,"segment_second_lon":-118.3506577898,"segment_sequence":410006,"segment_id":21,"segment_len_meter":45.84163771193024,"segment_cum_len":13917.528639832366,"stop_segment_distance":15.738758757429714}
{"route_id":"40","stop_id":"19015","stop_lat":34.031362,"stop_lon":-118.265987,"stop_sequence":17,"segment_first_lat":34.0313028372,"segment_first_lon":-118.2658556185,"segment_second_lat":34.0295344874,"segment_second_lon":-118.2670203238,"segment_sequence":170001,"segment_id":9,"segment_len_meter":224.01697786467116,"segment_cum_len":6931.4340756693955,"stop_segment_distance":14.175925958900592}
{"route_id":"51","stop_id":"791","stop_lat":33.89572,"stop_lon":-118.246491,"stop_sequence":88,"segment_first_lat":33.8958439291,"segment_first_lon":-118.2489262432,"segment_second_lat":33.8958464603,"segment_second_lon":-118.2464911442,"segment_sequence":870002,"segment_id":44,"segment_len_meter":224.75409675574798,"segment_cum_len":23962.803117422558,"stop_segment_distance":14.497082125556744}
{"route_id":"602","stop_id":"8061","stop_lat":34.050793,"stop_lon":-118.504947,"stop_sequence":25,"segment_first_lat":34.0506326299,"segment_first_lon":-118.5052367493,"segment_second_lat":34.0508589072,"segment_second_lon":-118.5050753629,"segment_sequence":240005,"segment_id":12,"segment_len_meter":29.225704791263265,"segment_cum_len":7821.527140460511,"stop_segment_distance":16.789760736172074}
{"route_id":"603","stop_id":"17129","stop_lat":34.075208,"stop_lon":-118.271694,"stop_sequence":37,"segment_first_lat":34.0766280149,"segment_first_lon":-118.2707341367,"segment_second_lat":34.0751737779,"segment_second_lon":-118.2716187132,"segment_sequence":360005,"segment_id":18,"segment_len_meter":181.06828706722538,"segment_cum_len":11546.438678229528,"stop_segment_distance":7.804017505570698}
{"route_id":"603","stop_id":"17141","stop_lat":34.034921,"stop_lon":-118.283617,"stop_sequence":59,"segment_first_lat":34.0351926729,"segment_first_lon":-118.2839775241,"segment_second_lat":34.0350106421,"segment_second_lon":-118.2835616884,"segment_sequence":580007,"segment_id":29,"segment_len_meter":43.33535920603924,"segment_cum_len":17956.062915429186,"stop_segment_distance":12.762039129637294}
{"route_id":"704","stop_id":"7946","stop_lat":34.08933,"stop_lon":-118.376081,"stop_sequence":16,"segment_first_lat":34.089440459,"segment_first_lon":-118.3761687363,"segment_second_lat":34.0899533401,"segment_second_lon":-118.3752446083,"segment_sequence":160001,"segment_id":8,"segment_len_meter":102.44259384451232,"segment_cum_len":14875.917471883948,"stop_segment_distance":15.875789580142964}
{"route_id":"757","stop_id":"14145","stop_lat":33.931104,"stop_lon":-118.309374,"stop_sequence":22,"segment_first_lat":33.9309788783,"segment_first_lon":-118.3093734576,"segment_second_lat":33.9309788589,"segment_second_lon":-118.3111964356,"segment_sequence":220001,"segment_id":11,"segment_len_meter":168.18723812954826,"segment_cum_len":20825.681887933082,"stop_segment_distance":14.43764680016642}
{"route_id":"770","stop_id":"1465","stop_lat":34.062578,"stop_lon":-118.065062,"stop_sequence":24,"segment_first_lat":34.0627041334,"segment_first_lon":-118.0650621979,"segment_second_lat":34.0627077054,"segment_second_lon":-118.0645504371,"segment_sequence":240001,"segment_id":12,"segment_len_meter":47.14337198726733,"segment_cum_len":23104.6206917729,"stop_segment_distance":16.163222212095214}
{"route_id":"78","stop_id":"2845","stop_lat":34.107578,"stop_lon":-118.038055,"stop_sequence":79,"segment_first_lat":34.1077004029,"segment_first_lon":-118.0380582529,"segment_second_lat":34.1077377003,"segment_second_lon":-118.0365155455,"segment_sequence":790001,"segment_id":40,"segment_len_meter":142.09407146494087,"segment_cum_len":25361.302258305004,"stop_segment_distance":14.36206461898908}
{"route_id":"780","stop_id":"1291","stop_lat":34.146219,"stop_lon":-118.246949,"stop_sequence":21,"segment_first_lat":34.1463447581,"segment_first_lon":-118.2469490516,"segment_second_lat":34.1463496639,"segment_second_lon":-118.2464301789,"segment_sequence":210001,"segment_id":11,"segment_len_meter":47.75271350355467,"segment_cum_len":22495.498981339777,"stop_segment_distance":16.13756864039435}
{"route_id":"854","stop_id":"30000","stop_lat":34.055394,"stop_lon":-118.233118,"stop_sequence":1,"segment_first_lat":34.0554015379,"segment_first_lon":-118.2331926585,"segment_second_lat":34.0558968764,"segment_second_lon":-118.2331032496,"segment_sequence":10001,"segment_id":1,"segment_len_meter":55.69159876204993,"segment_cum_len":55.69159876204993,"stop_segment_distance":7.170983731480675}
