{"route_id":"111","stop_id":"1982","stop_lat":33.94095,"stop_lon":-118.104524,"stop_sequence":82,"segment_first_lat":33.9422036538,"segment_first_lon":-118.1067080252,"segment_second_lat":33.941059779,"segment_second_lon":-118.1044514835,"segment_sequence":810002,"segment_id":41,"segment_len_meter":243.94535158337345,"segment_cum_len":30159.46556803982,"stop_segment_distance":14.971083913899918}
{"route_id":"111","stop_id":"1989","stop_lat":33.971687,"stop_lon":-118.202289,"stop_sequence":57,"segment_first_lat":33.9718508991,"segment_first_lon":-118.2025958178,"segment_second_lat":33.9718146264,"segment_second_lon":-118.202268886,"segment_sequence":560005,"segment_id":28,"segment_len_meter":30.416725398230664,"segment_cum_len":20279.11846371431,"stop_segment_distance":17.550303611565706}
{"route_id":"127","stop_id":"9894","stop_lat":33.896231,"stop_lon":-118.198663,"stop_sequence":35,"segment_first_lat":33.8961200705,"segment_first_lon":-118.1977732137,"segment_second_lat":33.896104599,"segment_second_lon":-118.1986595708,"segment_sequence":340004,"segment_id":17,"segment_len_meter":81.82650972829236,"segment_cum_len":14171.606234962732,"stop_segment_distance":15.278222144959216}
{"route_id":"152","stop_id":"13013","stop_lat":34.221799,"stop_lon":-118.422037,"stop_sequence":36,"segment_first_lat":34.2216702907,"segment_first_lon":-118.417299176,"segment_second_lat":34.2216725473,"segment_second_lon":-118.4220362641,"segment_sequence":350002,"segment_id":18,"segment_len_meter":435.5446127136409,"segment_cum_len":14405.491864020047,"stop_segment_distance":14.36336412854115}
{"route_id":"152","stop_id":"14994","stop_lat":34.22764,"stop_lon":-118.381008,"stop_sequence":26,"segment_first_lat":34.2276603097,"segment_first_lon":-118.3807498052,"segment_second_lat":34.2275441223,"segment_second_lon":-118.3809090635,"segment_sequence":250003,"segment_id":13,"segment_len_meter":19.52671612322796,"segment_cum_len":10382.073020792819,"stop_segment_distance":18.33223150639306}
{"route_id":"152","stop_id":"15557","stop_lat":34.20873,"stop_lon":-118.370159,"stop_sequence":15,"segment_first_lat":34.208729517,"segment_first_lon":-118.3703110303,"segment_second_lat":34.2093642709,"segment_second_lon":-118.370313845,"segment_sequence":150001,"segment_id":8,"segment_len_meter":70.5818879331038,"segment_cum_len":6110.149128530342,"stop_segment_distance":15.349310428423834}
{"route_id":"155","stop_id":"30002","stop_lat":34.139051,"stop_lon":-118.363171,"stop_sequence":30,"segment_first_lat":34.1389083642,"segment_first_lon":-118.363078264,"segment_second_lat":34.1390288953,"segment_second_lon":-118.3632033761,"segment_sequence":290032,"segment_id":15,"segment_len_meter":17.66946330719856,"segment_cum_len":11610.606526497231,"stop_segment_distance":4.204142721528314}
{"route_id":"16","stop_id":"15644","stop_lat":34.069046,"stop_lon":-118.340606,"stop_sequence":41,"segment_first_lat":34.0689191286,"segment_first_lon":-118.3396805329,"segment_second_lat":34.0689187233,"segment_second_lon":-118.3406050811,"segment_sequence":400003,"segment_id":20,"segment_len_meter":85.16006538461775,"segment_cum_len":10864.056141663004,"stop_segment_distance":15.396803105344105}
{"route_id":"16","stop_id":"16917","stop_lat":34.054044,"stop_lon":-118.261774,"stop_sequence":9,"segment_first_lat":34.0539910994,"segment_first_lon":-118.2619881924,"segment_second_lat":34.0544781277,"segment_second_lon":-118.26168599,"segment_sequence":90002,"segment_id":5,"segment_len_meter":60.89231986869207,"segment_cum_len":2699.643743451654,"stop_segment_distance":8.647461952704404}
{"route_id":"165","stop_id":"6877","stop_lat":34.193615,"stop_lon":-118.614817,"stop_sequence":9,"segment_first_lat":34.1937416865,"segment_first_lon":-118.6175063173,"segment_second_lat":34.193742466,"segment_second_lon":-118.6148177795,"segment_sequence":80003,"segment_id":4,"segment_len_meter":247.27556300807578,"segment_cum_len":3137.2202070337744,"stop_segment_distance":14.646432032267967}
{"route_id":"169","stop_id":"6077","stop_lat":34.20823,"stop_lon":-118.561938,"stop_sequence":62,"segment_first_lat":34.2083566983,"segment_first_lon":-118.5619389833,"segment_second_lat":34.208360045,"segment_second_lon":-118.5612179687,"segment_sequence":620001,"segment_id":31,"segment_len_meter":66.3041374431676,"segment_cum_len":25399.22790821955,"stop_segment_distance":15.557703134271591}
{"route_id":"169","stop_id":"8891","stop_lat":34.158079,"stop_lon":-118.635506,"stop_sequence":20,"segment_first_lat":34.1579937826,"segment_first_lon":-118.6356241872,"segment_second_lat":34.1581466034,"segment_second_lon":-118.6357740988,"segment_sequence":200001,"segment_id":10,"segment_len_meter":21.886695214541025,"segment_cum_len":8478.345591039886,"stop_segment_distance":18.32568494139532}
{"route_id":"175","stop_id":"2305","stop_lat":34.106823,"stop_lon":-118.272533,"stop_sequence":23,"segment_first_lat":34.1083691571,"segment_first_lon":-118.2741965912,"segment_second_lat":34.1068738234,"segment_second_lon":-118.272468935,"segment_sequence":220003,"segment_id":11,"segment_len_meter":230.10313882837005,"segment_cum_len":6272.936399376511,"stop_segment_distance":8.320072824109104}
{"route_id":"176","stop_id":"11749","stop_lat":34.115706,"stop_lon":-118.143942,"stop_sequence":79,"segment_first_lat":34.1156716518,"segment_first_lon":-118.1427822081,"segment_second_lat":34.1156351074,"segment_second_lon":-118.1439384734,"segment_sequence":780004,"segment_id":39,"segment_len_meter":106.52224717060972,"segment_cum_len":29205.78689694059,"stop_segment_distance":8.204946408414543}
{"route_id":"180","stop_id":"1324","stop_lat":34.145699,"stop_lon":-118.144017,"stop_sequence":70,"segment_first_lat":34.1458266985,"segment_first_lon":-118.1440169127,"segment_second_lat":34.1458348781,"segment_second_lon":-118.142913061,"segment_sequence":700001,"segment_id":35,"segment_len_meter":101.58736322114325,"segment_cum_len":21842.814218456704,"stop_segment_distance":15.320844623191817}
{"route_id":"180","stop_id":"2474","stop_lat":34.10164,"stop_lon":-118.298519,"stop_sequence":9,"segment_first_lat":34.1017637503,"segment_first_lon":-118.2994580479,"segment_second_lat":34.1017660716,"segment_second_lon":-118.2985199313,"segment_sequence":80004,"segment_id":4,"segment_len_meter":86.37670969130849,"segment_cum_len":2933.1259840558773,"stop_segment_distance":15.19234567513952}
{"route_id":"2","stop_id":"3587","stop_lat":34.057114,"stop_lon":-118.245438,"stop_sequence":78,"segment_first_lat":34.0581620777,"segment_first_lon":-118.2464609478,"segment_second_lat":34.0572056548,"segment_second_lon":-118.2453270388,"segment_sequence":770013,"segment_id":39,"segment_len_meter":149.06939787551838,"segment_cum_len":24541.736107711924,"stop_segment_distance":15.23930096143053}
{"route_id":"2","stop_id":"8011","stop_lat":34.076712,"stop_lon":-118.257555,"stop_sequence":70,"segment_first_lat":34.0772211006,"segment_first_lon":-118.2583954205,"segment_second_lat":34.0768254238,"segment_second_lon":-118.2574867349,"segment_sequence":690015,"segment_id":35,"segment_len_meter":94.55121525126737,"segment_cum_len":21686.04184928426,"stop_segment_distance":15.43677435576987}
{"route_id":"20","stop_id":"16770","stop_lat":34.057022,"stop_lon":-118.447281,"stop_sequence":65,"segment_first_lat":34.0577785463,"segment_first_lon":-118.4477769401,"segment_second_lat":34.0570734142,"segment_second_lon":-118.4471901193,"segment_sequence":640007,"segment_id":32,"segment_len_meter":95.23700880375058,"segment_cum_len":20257.805657806253,"stop_segment_distance":10.630678474225093}
{"route_id":"205","stop_id":"17459","stop_lat":33.854086,"stop_lon":-118.29037,"stop_sequence":76,"segment_first_lat":33.8513348698,"segment_first_lon":-118.2905115082,"segment_second_lat":33.8540854238,"segment_second_lon":-118.2905210365,"segment_sequence":760003,"segment_id":38,"segment_len_meter":305.84891591642844,"segment_cum_len":25950.20112198442,"stop_segment_distance":14.289060239504181}
{"route_id":"206","stop_id":"12547","stop_lat":34.011057,"stop_lon":-118.300285,"stop_sequence":38,"segment_first_lat":34.0120933958,"segment_first_lon":-118.3001667649,"segment_second_lat":34.0110574527,"segment_second_lon":-118.3001656898,"segment_sequence":370002,"segment_id":19,"segment_len_meter":115.19165963568045,"segment_cum_len":11645.380732364436,"stop_segment_distance":11.56170592033125}
{"route_id":"232","stop_id":"13938","stop_lat":33.948694,"stop_lon":-118.39574,"stop_sequence":96,"segment_first_lat":33.948767155,"segment_first_lon":-118.3957480876,"segment_second_lat":33.9487825858,"segment_second_lon":-118.3954837223,"segment_sequence":960001,"segment_id":48,"segment_len_meter":24.445432947185186,"segment_cum_len":39751.13602877431,"stop_segment_distance":9.332494372722973}
{"route_id":"236","stop_id":"123622","stop_lat":34.318126,"stop_lon":-118.463558,"stop_sequence":46,"segment_first_lat":34.3182189914,"segment_first_lon":-118.4634562785,"segment_second_lat":34.3157126472,"segment_second_lon":-118.4602097513,"segment_sequence":460001,"segment_id":23,"segment_len_meter":408.12800887526475,"segment_cum_len":22263.123864804686,"stop_segment_distance":13.937256778627216}
{"route_id":"239","stop_id":"14538","stop_lat":34.278953,"stop_lon":-118.468465,"stop_sequence":53,"segment_first_lat":34.2790779194,"segment_first_lon":-118.4684621899,"segment_second_lat":34.2790509818,"segment_second_lon":-118.4650425027,"segment_sequence":530001,"segment_id":27,"segment_len_meter":314.21797245197723,"segment_cum_len":21651.47677935487,"stop_segment_distance":14.32563669383677}
{"route_id":"239","stop_id":"16904","stop_lat":34.163972,"stop_lon":-118.5221,"stop_sequence":1,"segment_first_lat":34.1639727348,"segment_first_lon":-118.5220128096,"segment_second_lat":34.1635605527,"segment_second_lon":-118.5220118873,"segment_sequence":10001,"segment_id":1,"segment_len_meter":45.832636929539554,"segment_cum_len":45.832636929539554,"stop_segment_distance":8.653426828012257}
{"route_id":"256","stop_id":"10310","stop_lat":34.099447,"stop_lon":-118.178898,"stop_sequence":49,"segment_first_lat":34.0981662026,"segment_first_lon":-118.1795614494,"segment_second_lat":34.0994794056,"segment_second_lon":-118.1790086784,"segment_sequence":480001,"segment_id":24,"segment_len_meter":154.63783066063732,"segment_cum_len":13812.867522448289,"stop_segment_distance":11.13833692290251}
{"route_id":"260","stop_id":"13132","stop_lat":33.889041,"stop_lon":-118.193058,"stop_sequence":94,"segment_first_lat":33.890612885,"segment_first_lon":-118.1930122296,"segment_second_lat":33.8890489945,"segment_second_lon":-118.1929022046,"segment_sequence":930003,"segment_id":47,"segment_len_meter":174.19299114185225,"segment_cum_len":36722.58139984423,"stop_segment_distance":15.051843434230761}
{"route_id":"267","stop_id":"1377","stop_lat":34.142254,"stop_lon":-118.092069,"stop_sequence":32,"segment_first_lat":34.1421565298,"segment_first_lon":-118.0920684059,"segment_second_lat":34.1421520329,"segment_second_lon":-118.0929177447,"segment_sequence":320001,"segment_id":16,"segment_len_meter":78.16643397594481,"segment_cum_len":12282.417595464643,"stop_segment_distance":11.600631241436801}
{"route_id":"28","stop_id":"10294","stop_lat":34.12226,"stop_lon":-118.224592,"stop_sequence":17,"segment_first_lat":34.1221505928,"segment_first_lon":-118.2245144035,"segment_second_lat":34.1218388589,"segment_second_lon":-118.2251723926,"segment_sequence":170001,"segment_id":9,"segment_len_meter":69.78669264545101,"segment_cum_len":5413.978734915817,"stop_segment_distance":15.365205440100112}
{"route_id":"28","stop_id":"16174","stop_lat":34.057664,"stop_lon":-118.359692,"stop_sequence":85,"segment_first_lat":34.0575329956,"segment_first_lon":-118.3592519081,"segment_second_lat":34.0575396465,"segment_second_lon":-118.3596946701,"segment_sequence":840006,"segment_id":42,"segment_len_meter":40.7949511504778,"segment_cum_len":27396.701251597584,"stop_segment_distance":16.114542726315435}
{"route_id":"35","stop_id":"16471","stop_lat":34.040139,"stop_lon":-118.291887,"stop_sequence":52,"segment_first_lat":34.0400117125,"segment_first_lon":-118.2918861339,"segment_second_lat":34.0400089219,"segment_second_lon":-118.2923581412,"segment_sequence":520001,"segment_id":26,"segment_len_meter":43.49248685485594,"segment_cum_len":16959.242684159923,"stop_segment_distance":16.419195487484103}
{"route_id":"40","stop_id":"142067","stop_lat":34.052221,"stop_lon":-118.239917,"stop_sequence":7,"segment_first_lat":34.0524601328,"segment_first_lon":-118.2396929822,"segment_second_lat":34.052192616,"segment_second_lon":-118.2397681456,"segment_sequence":60011,"segment_id":3,"segment_len_meter":30.541867787289995,"segment_cum_len":2825.5331704303367,"stop_segment_distance":17.190166163902617}
{"route_id":"534","stop_id":"12723","stop_lat":34.025955,"stop_lon":-118.765489,"stop_sequence":30,"segment_first_lat":34.0258322959,"segment_first_lon":-118.7654714118,"segment_second_lat":34.0258168334,"segment_second_lon":-118.7656564194,"segment_sequence":300001,"segment_id":15,"segment_len_meter":17.136170178710643,"segment_cum_len":29017.85987843348,"stop_segment_distance":18.377293229070787}
{"route_id":"55","stop_id":"5113","stop_lat":34.03245,"stop_lon":-118.268281,"stop_sequence":52,"segment_first_lat":34.030570624,"segment_first_lon":-118.2696544134,"segment_second_lat":34.0325117234,"segment_second_lon":-118.2684186823,"segment_sequence":510006,"segment_id":26,"segment_len_meter":244.03729861747127,"segment_cum_len":15349.582810811165,"stop_segment_distance":14.700925596705986}
{"route_id":"665","stop_id":"3549","stop_lat":34.045616,"stop_lon":-118.184747,"stop_sequence":9,"segment_first_lat":34.0456157153,"segment_first_lon":-118.1846623244,"segment_second_lat":34.0446979277,"segment_second_lon":-118.1846629397,"segment_sequence":90001,"segment_id":5,"segment_len_meter":102.05334060364662,"segment_cum_len":4014.2236563585807,"stop_segment_distance":8.126687012724616}
{"route_id":"665","stop_id":"9692","stop_lat":34.036076,"stop_lon":-118.189331,"stop_sequence":14,"segment_first_lat":34.0360052512,"segment_first_lon":-118.1893306833,"segment_second_lat":34.036006002,"segment_second_lon":-118.1902515669,"segment_sequence":140001,"segment_id":7,"segment_len_meter":84.85548593012494,"segment_cum_len":5497.105589304472,"stop_segment_distance":8.194047070291504}
{"route_id":"685","stop_id":"10295","stop_lat":34.113466,"stop_lon":-118.236607,"stop_sequence":24,"segment_first_lat":34.1139696686,"segment_first_lon":-118.2363079046,"segment_second_lat":34.1134384746,"segment_second_lon":-118.2364636599,"segment_sequence":230003,"segment_id":12,"segment_len_meter":60.78165036473346,"segment_cum_len":7224.381837491952,"stop_segment_distance":15.172953910141665}
{"route_id":"70","stop_id":"14915","stop_lat":34.033504,"stop_lon":-118.265139,"stop_sequence":1,"segment_first_lat":34.0334863029,"segment_first_lon":-118.2651011163,"segment_second_lat":34.0331273498,"segment_second_lon":-118.2653884468,"segment_sequence":10001,"segment_id":1,"segment_len_meter":47.897240942126935,"segment_cum_len":47.897240942126935,"stop_segment_distance":3.884916869835486}
{"route_id":"720","stop_id":"1213","stop_lat":34.039201,"stop_lon":-118.239787,"stop_sequence":10,"segment_first_lat":34.0392064021,"segment_first_lon":-118.2399402054,"segment_second_lat":34.0415591089,"segment_second_lon":-118.2398102955,"segment_sequence":100001,"segment_id":5,"segment_len_meter":261.88276314737243,"segment_cum_len":9385.694171337438,"stop_segment_distance":14.465226120379441}
{"route_id":"754","stop_id":"14042","stop_lat":34.068783,"stop_lon":-118.291802,"stop_sequence":6,"segment_first_lat":34.0687836066,"segment_first_lon":-118.2916497312,"segment_second_lat":34.0673822026,"segment_second_lon":-118.2916448452,"segment_sequence":60001,"segment_id":3,"segment_len_meter":155.8296648829976,"segment_cum_len":4545.993037797888,"stop_segment_distance":14.628749150009384}
{"route_id":"81","stop_id":"13597","stop_lat":34.048613,"stop_lon":-118.252055,"stop_sequence":49,"segment_first_lat":34.048549672,"segment_first_lon":-118.2519614012,"segment_second_lat":34.0473849132,"segment_second_lon":-118.2531139409,"segment_sequence":490001,"segment_id":25,"segment_len_meter":167.48072693448387,"segment_cum_len":16751.289101661587,"stop_segment_distance":11.48094102871707}
{"route_id":"83","stop_id":"16871","stop_lat":34.121791,"stop_lon":-118.209201,"stop_sequence":6,"segment_first_lat":34.1220695781,"segment_first_lon":-118.2099644622,"segment_second_lat":34.1219154372,"segment_second_lon":-118.2091635048,"segment_sequence":50004,"segment_id":3,"segment_len_meter":75.69585456067207,"segment_cum_len":1253.418601533893,"stop_segment_distance":15.367235985045369}
{"route_id":"90","stop_id":"10611","stop_lat":34.252441,"stop_lon":-118.295091,"stop_sequence":13,"segment_first_lat":34.2528603116,"segment_first_lon":-118.2954830447,"segment_second_lat":34.2525413726,"segment_second_lon":-118.2949954597,"segment_sequence":120009,"segment_id":6,"segment_len_meter":57.14889910072665,"segment_cum_len":3085.2758285516634,"stop_segment_distance":15.978320902632433}
{"route_id":"94","stop_id":"14213","stop_lat":34.271751,"stop_lon":-118.428337,"stop_sequence":9,"segment_first_lat":34.2718312112,"segment_first_lon":-118.4282274298,"segment_second_lat":34.271294129,"segment_second_lon":-118.4276460886,"segment_sequence":90001,"segment_id":5,"segment_len_meter":80.12585329998964,"segment_cum_len":3464.0068845927117,"stop_segment_distance":14.63557380735186}
