{"route_id":"102","stop_id":"12642","stop_lat":33.994524,"stop_lon":-118.355547,"stop_sequence":24,"segment_first_lat":33.9944539112,"segment_first_lon":-118.355628107,"segment_second_lat":33.9949425567,"segment_second_lon":-118.3562550223,"segment_sequence":240001,"segment_id":12,"segment_len_meter":79.32602771072746,"segment_cum_len":8143.072812049109,"stop_segment_distance":11.6408142945278}
{"route_id":"102","stop_id":"5228","stop_lat":33.980024,"stop_lon":-118.369283,"stop_sequence":16,"segment_first_lat":33.9800661994,"segment_first_lon":-118.3693977878,"segment_second_lat":33.9801196154,"segment_second_lon":-118.3693627299,"segment_sequence":160001,"segment_id":8,"segment_len_meter":6.762260215702239,"segment_cum_len":5395.257072111648,"stop_segment_distance":17.741545248209174}
{"route_id":"115","stop_id":"1909","stop_lat":33.960045,"stop_lon":-118.254186,"stop_sequence":48,"segment_first_lat":33.960176683,"segment_first_lon":-118.2560590317,"segment_second_lat":33.9601721262,"segment_second_lon":-118.2541859421,"segment_sequence":470001,"segment_id":24,"segment_len_meter":172.75199441141433,"segment_cum_len":13363.51820165899,"stop_segment_distance":14.749295507387359}
{"route_id":"120","stop_id":"30011","stop_lat":33.92959,"stop_lon":-118.3772,"stop_sequence":107,"segment_first_lat":33.9295439342,"segment_first_lon":-118.3759997419,"segment_second_lat":33.9295476058,"segment_second_lon":-118.3771996755,"segment_sequence":1060012,"segment_id":53,"segment_len_meter":110.70802078645208,"segment_cum_len":46090.01903249027,"stop_segment_distance":4.861678853333061}
{"route_id":"130","stop_id":"6600","stop_lat":33.838105,"stop_lon":-118.38616,"stop_sequence":86,"segment_first_lat":33.8382348625,"segment_first_lon":-118.3867039308,"segment_second_lat":33.8382670596,"segment_second_lon":-118.3861752412,"segment_sequence":850003,"segment_id":43,"segment_len_meter":48.96081087546551,"segment_cum_len":38905.779874210566,"stop_segment_distance":21.385870179416358}
{"route_id":"14","stop_id":"7480","stop_lat":34.030306,"stop_lon":-118.281043,"stop_sequence":28,"segment_first_lat":34.0305931782,"segment_first_lon":-118.2814436764,"segment_second_lat":34.0303944691,"segment_second_lon":-118.2809882078,"segment_sequence":270006,"segment_id":14,"segment_len_meter":47.432830366000694,"segment_cum_len":9319.103465602382,"stop_segment_distance":12.440705846964057}
{"route_id":"150","stop_id":"15234","stop_lat":34.193896,"stop_lon":-118.606052,"stop_sequence":4,"segment_first_lat":34.1946137864,"segment_first_lon":-118.6058953607,"segment_second_lat":34.1938965637,"segment_second_lon":-118.6058984252,"segment_sequence":30003,"segment_id":2,"segment_len_meter":79.75202356480125,"segment_cum_len":977.1510311746366,"stop_segment_distance":15.476978911025881}
{"route_id":"158","stop_id":"9575","stop_lat":34.257395,"stop_lon":-118.560389,"stop_sequence":65,"segment_first_lat":34.2572698789,"segment_first_lon":-118.5603885483,"segment_second_lat":34.2572777055,"segment_second_lon":-118.5613681976,"segment_sequence":650001,"segment_id":33,"segment_len_meter":90.03852322270464,"segment_cum_len":26187.364329058386,"stop_segment_distance":14.807317562740423}
{"route_id":"165","stop_id":"6856","stop_lat":34.193598,"stop_lon":-118.627337,"stop_sequence":6,"segment_first_lat":34.1937258439,"segment_first_lon":-118.6275262354,"segment_second_lat":34.1937254648,"segment_second_lon":-118.6273344298,"segment_sequence":50004,"segment_id":3,"segment_len_meter":17.64118007071636,"segment_cum_len":1986.0051593422372,"stop_segment_distance":19.00662334644325}
{"route_id":"165","stop_id":"6883","stop_lat":34.193809,"stop_lon":-118.444518,"stop_sequence":49,"segment_first_lat":34.1939343325,"segment_first_lon":-118.4454479766,"segment_second_lat":34.1939355525,"segment_second_lon":-118.4445187387,"segment_sequence":480004,"segment_id":24,"segment_len_meter":85.46562920253348,"segment_cum_len":18800.621383258986,"stop_segment_distance":15.267973858580476}
{"route_id":"167","stop_id":"4473","stop_lat":34.24249,"stop_lon":-118.536237,"stop_sequence":19,"segment_first_lat":34.2424903997,"segment_first_lon":-118.5360843585,"segment_second_lat":34.2409515525,"segment_second_lon":-118.5360883731,"segment_sequence":190001,"segment_id":10,"segment_len_meter":171.1123994536061,"segment_cum_len":7950.463367752121,"stop_segment_distance":14.530835266361919}
{"route_id":"180","stop_id":"11010","stop_lat":34.100218,"stop_lon":-118.325614,"stop_sequence":1,"segment_first_lat":34.1001875827,"segment_first_lon":-118.3255872876,"segment_second_lat":34.1001655287,"segment_second_lon":-118.3256136273,"segment_sequence":10002,"segment_id":1,"segment_len_meter":3.448998089437633,"segment_cum_len":4.052565680241782,"stop_segment_distance":6.567640606884848}
{"route_id":"180","stop_id":"2480","stop_lat":34.101643,"stop_lon":-118.295933,"stop_sequence":10,"segment_first_lat":34.1017696859,"segment_first_lon":-118.2959334942,"segment_second_lat":34.1017731965,"segment_second_lon":-118.29449659,"segment_sequence":100001,"segment_id":5,"segment_len_meter":132.3023528718315,"segment_cum_len":3303.5730210527267,"stop_segment_distance":14.830922412286952}
{"route_id":"200","stop_id":"4660","stop_lat":34.054654,"stop_lon":-118.277794,"stop_sequence":24,"segment_first_lat":34.053384701,"segment_first_lon":-118.2787769284,"segment_second_lat":34.0547147003,"segment_second_lon":-118.2779295996,"segment_sequence":230002,"segment_id":12,"segment_len_meter":167.22661140287565,"segment_cum_len":5533.501616979117,"stop_segment_distance":14.663451214579709}
{"route_id":"210","stop_id":"9026","stop_lat":34.076101,"stop_lon":-118.319761,"stop_sequence":13,"segment_first_lat":34.0762283893,"segment_first_lon":-118.3206132971,"segment_second_lat":34.0762284493,"segment_second_lon":-118.3197613167,"segment_sequence":120004,"segment_id":6,"segment_len_meter":78.46906902395551,"segment_cum_len":4142.138017341541,"stop_segment_distance":15.468778503722888}
{"route_id":"210","stop_id":"9441","stop_lat":33.992858,"stop_lon":-118.33095,"stop_sequence":48,"segment_first_lat":33.9928579521,"segment_first_lon":-118.3307966198,"segment_second_lat":33.9908822181,"segment_second_lon":-118.330803329,"segment_sequence":480001,"segment_id":24,"segment_len_meter":219.69246796016404,"segment_cum_len":15978.199044312414,"stop_segment_distance":14.560707302772812}
{"route_id":"212","stop_id":"13646","stop_lat":34.06703,"stop_lon":-118.344167,"stop_sequence":21,"segment_first_lat":34.0689096156,"segment_first_lon":-118.3440126706,"segment_second_lat":34.0670300623,"segment_second_lon":-118.3440141863,"segment_sequence":200002,"segment_id":10,"segment_len_meter":208.996837949555,"segment_cum_len":5905.848993519831,"stop_segment_distance":14.56572743337361}
{"route_id":"222","stop_id":"30021","stop_lat":34.193428,"stop_lon":-118.35145,"stop_sequence":35,"segment_first_lat":34.1934304,"segment_first_lon":-118.3515116618,"segment_second_lat":34.1936145312,"segment_second_lon":-118.3515038387,"segment_sequence":350001,"segment_id":18,"segment_len_meter":20.48709430578972,"segment_cum_len":13752.247601645995,"stop_segment_distance":6.514708112481667}
{"route_id":"222","stop_id":"7199","stop_lat":34.218851,"stop_lon":-118.36902,"stop_sequence":44,"segment_first_lat":34.2178754423,"segment_first_lon":-118.3700009581,"segment_second_lat":34.2189225248,"segment_second_lon":-118.3691465365,"segment_sequence":430008,"segment_id":22,"segment_len_meter":140.45614078097148,"segment_cum_len":18182.377562521386,"stop_segment_distance":14.713744811580256}
{"route_id":"224","stop_id":"450","stop_lat":34.321591,"stop_lon":-118.446865,"stop_sequence":66,"segment_first_lat":34.3216660971,"segment_first_lon":-118.4469625353,"segment_second_lat":34.3217861204,"segment_second_lon":-118.4468297054,"segment_sequence":660001,"segment_id":33,"segment_len_meter":18.080772720237228,"segment_cum_len":26163.40336419485,"stop_segment_distance":16.102164167752825}
{"route_id":"236","stop_id":"322","stop_lat":34.178452,"stop_lon":-118.501007,"stop_sequence":6,"segment_first_lat":34.1765199658,"segment_first_lon":-118.5011577487,"segment_second_lat":34.1784516688,"segment_second_lon":-118.5011756191,"segment_sequence":50005,"segment_id":3,"segment_len_meter":214.80186416174774,"segment_cum_len":2018.240793712147,"stop_segment_distance":15.989082488698358}
{"route_id":"237","stop_id":"687","stop_lat":34.168775,"stop_lon":-118.402172,"stop_sequence":36,"segment_first_lat":34.1686767427,"segment_first_lon":-118.4021710995,"segment_second_lat":34.1686760904,"segment_second_lon":-118.4030273281,"segment_sequence":360001,"segment_id":18,"segment_len_meter":78.7741941442735,"segment_cum_len":13825.571459899971,"stop_segment_distance":11.607965967196478}
{"route_id":"251","stop_id":"142317","stop_lat":34.073359,"stop_lon":-118.215756,"stop_sequence":7,"segment_first_lat":34.0736366303,"segment_first_lon":-118.2156150246,"segment_second_lat":34.0733618605,"segment_second_lon":-118.2156054006,"segment_sequence":60002,"segment_id":3,"segment_len_meter":30.565863631302705,"segment_cum_len":1969.7607605243875,"stop_segment_distance":16.799373305781813}
{"route_id":"256","stop_id":"10055","stop_lat":34.040422,"stop_lon":-118.173444,"stop_sequence":16,"segment_first_lat":34.0401089323,"segment_first_lon":-118.173591787,"segment_second_lat":34.0404221845,"segment_second_lon":-118.1735947474,"segment_sequence":150004,"segment_id":8,"segment_len_meter":34.83312344987657,"segment_cum_len":3393.775673433177,"stop_segment_distance":16.43700240048139}
{"route_id":"256","stop_id":"1336","stop_lat":34.145767,"stop_lon":-118.135001,"stop_sequence":90,"segment_first_lat":34.1458934339,"segment_first_lon":-118.1350010165,"segment_second_lat":34.1458946981,"segment_second_lon":-118.1338641023,"segment_sequence":900001,"segment_id":45,"segment_len_meter":104.62592427798006,"segment_cum_len":27770.649238107326,"stop_segment_distance":15.016430758505393}
{"route_id":"267","stop_id":"1371","stop_lat":34.142066,"stop_lon":-118.113447,"stop_sequence":39,"segment_first_lat":34.1419668906,"segment_first_lon":-118.1134471597,"segment_second_lat":34.1419577062,"segment_second_lon":-118.1144452067,"segment_sequence":390001,"segment_id":20,"segment_len_meter":91.85636866061472,"segment_cum_len":14264.696305901902,"stop_segment_distance":11.815292294532668}
{"route_id":"53","stop_id":"1204","stop_lat":34.044875,"stop_lon":-118.245544,"stop_sequence":74,"segment_first_lat":34.0447844621,"segment_first_lon":-118.245598604,"segment_second_lat":34.0448199941,"segment_second_lon":-118.2456921267,"segment_sequence":740001,"segment_id":37,"segment_len_meter":9.479440786357479,"segment_cum_len":23620.25636507556,"stop_segment_distance":16.730703324118267}
{"route_id":"60","stop_id":"11497","stop_lat":33.961698,"stop_lon":-118.224161,"stop_sequence":45,"segment_first_lat":33.9620660163,"segment_first_lon":-118.2242185142,"segment_second_lat":33.9617586174,"segment_second_lon":-118.2240244443,"segment_sequence":440012,"segment_id":22,"segment_len_meter":38.58372336090987,"segment_cum_len":13689.058242217596,"stop_segment_distance":16.964484685512573}
{"route_id":"60","stop_id":"8653","stop_lat":33.874807,"stop_lon":-118.224693,"stop_sequence":78,"segment_first_lat":33.874804229,"segment_first_lon":-118.2247777628,"segment_second_lat":33.8754913881,"segment_second_lon":-118.2248171605,"segment_sequence":780001,"segment_id":39,"segment_len_meter":76.49512555432557,"segment_cum_len":25844.51168744279,"stop_segment_distance":8.295178120834109}
{"route_id":"603","stop_id":"14209","stop_lat":34.130881,"stop_lon":-118.261271,"stop_sequence":11,"segment_first_lat":34.131649802,"segment_first_lon":-118.2615145379,"segment_second_lat":34.1309301341,"segment_second_lon":-118.2611326101,"segment_sequence":100004,"segment_id":5,"segment_len_meter":87.40429284639343,"segment_cum_len":2933.9571576366016,"stop_segment_distance":14.832584367992311}
{"route_id":"603","stop_id":"6535","stop_lat":34.033195,"stop_lon":-118.264573,"stop_sequence":67,"segment_first_lat":34.0328646001,"segment_first_lon":-118.2649123366,"segment_second_lat":34.0332161677,"segment_second_lon":-118.2646091391,"segment_sequence":660004,"segment_id":33,"segment_len_meter":48.05030241172195,"segment_cum_len":20281.348298893852,"stop_segment_distance":4.2720866991673105}
{"route_id":"62","stop_id":"5807","stop_lat":33.904139,"stop_lon":-118.080724,"stop_sequence":57,"segment_first_lat":33.9040559111,"segment_first_lon":-118.0806085837,"segment_second_lat":33.9021893586,"segment_second_lon":-118.0825645725,"segment_sequence":570001,"segment_id":29,"segment_len_meter":275.07117514176133,"segment_cum_len":29562.479712628057,"stop_segment_distance":14.442306913691255}
{"route_id":"66","stop_id":"1589","stop_lat":34.016116,"stop_lon":-118.15832,"stop_sequence":56,"segment_first_lat":34.0162411687,"segment_first_lon":-118.1582846716,"segment_second_lat":34.016087141,"segment_second_lon":-118.15755742,"segment_sequence":560001,"segment_id":28,"segment_len_meter":69.18231401805448,"segment_cum_len":16745.576143626906,"stop_segment_distance":15.46977119902273}
{"route_id":"68","stop_id":"9220","stop_lat":34.051236,"stop_lon":-118.217386,"stop_sequence":33,"segment_first_lat":34.0506246894,"segment_first_lon":-118.2163381136,"segment_second_lat":34.0511236131,"segment_second_lon":-118.2174585275,"segment_sequence":320002,"segment_id":16,"segment_len_meter":117.18708851239072,"segment_cum_len":13233.006862522747,"stop_segment_distance":15.054961095011748}
{"route_id":"687","stop_id":"13403","stop_lat":34.140443,"stop_lon":-118.150561,"stop_sequence":31,"segment_first_lat":34.1404427047,"segment_first_lon":-118.1504076611,"segment_second_lat":34.1396348387,"segment_second_lon":-118.1504009197,"segment_sequence":310001,"segment_id":16,"segment_len_meter":89.83274312137699,"segment_cum_len":8364.908066815544,"stop_segment_distance":15.342484188636476}
{"route_id":"76","stop_id":"6734","stop_lat":34.08138,"stop_lon":-118.057983,"stop_sequence":8,"segment_first_lat":34.0812626726,"segment_first_lon":-118.0580137214,"segment_second_lat":34.081283776,"segment_second_lon":-118.0581283305,"segment_sequence":80001,"segment_id":4,"segment_len_meter":10.812793821411464,"segment_cum_len":2768.1655418032533,"stop_segment_distance":19.67216699891356}
{"route_id":"78","stop_id":"7778","stop_lat":34.102358,"stop_lon":-118.102664,"stop_sequence":60,"segment_first_lat":34.1024522638,"segment_first_lon":-118.1046035433,"segment_second_lat":34.1024844253,"segment_second_lon":-118.102667866,"segment_sequence":590003,"segment_id":30,"segment_len_meter":178.26030950400104,"segment_cum_len":19184.24096135132,"stop_segment_distance":14.689913436340902}
{"route_id":"794","stop_id":"6615","stop_lat":34.290728,"stop_lon":-118.448792,"stop_sequence":37,"segment_first_lat":34.2907598221,"segment_first_lon":-118.4490108586,"segment_second_lat":34.2912206008,"segment_second_lon":-118.448503479,"segment_sequence":370002,"segment_id":19,"segment_len_meter":69.26628068841937,"segment_cum_len":40395.11254756569,"stop_segment_distance":11.999674223390855}
{"route_id":"81","stop_id":"13436","stop_lat":34.02486,"stop_lon":-118.278243,"stop_sequence":61,"segment_first_lat":34.0250505114,"segment_first_lon":-118.2779796005,"segment_second_lat":34.0248116366,"segment_second_lon":-118.2781358975,"segment_sequence":600008,"segment_id":30,"segment_len_meter":30.21583254727977,"segment_cum_len":20816.96476959225,"stop_segment_distance":13.242430427497755}
{"route_id":"83","stop_id":"9072","stop_lat":34.073732,"stop_lon":-118.217676,"stop_sequence":35,"segment_first_lat":34.0736177604,"segment_first_lon":-118.2169457376,"segment_second_lat":34.0736051872,"segment_second_lon":-118.2176721753,"segment_sequence":340003,"segment_id":17,"segment_len_meter":66.92301156208268,"segment_cum_len":10128.07835699655,"stop_segment_distance":15.631981221200675}
