{"route_id":"10","stop_id":"40","stop_lat":34.048591,"stop_lon":-118.251764,"stop_sequence":9,"segment_first_lat":34.0473849132,"segment_first_lon":-118.2531139409,"segment_second_lat":34.0486556839,"segment_second_lon":-118.2518564136,"segment_sequence":80003,"segment_id":4,"segment_len_meter":182.72926845875153,"segment_cum_len":2678.412139436327,"stop_segment_distance":11.322042678727342}
{"route_id":"110","stop_id":"16002","stop_lat":33.981881,"stop_lon":-118.308585,"stop_sequence":33,"segment_first_lat":33.9819722193,"segment_first_lon":-118.3086283751,"segment_second_lat":33.9820549953,"segment_second_lon":-118.3083878871,"segment_sequence":330001,"segment_id":17,"segment_len_meter":24.008456320334545,"segment_cum_len":11879.864278788684,"stop_segment_distance":13.439717872264552}
{"route_id":"110","stop_id":"2118","stop_lat":33.98097,"stop_lon":-118.215809,"stop_sequence":65,"segment_first_lat":33.981142458,"segment_first_lon":-118.2162311701,"segment_second_lat":33.9810970878,"segment_second_lon":-118.215787736,"segment_sequence":640010,"segment_id":32,"segment_len_meter":41.197020103272884,"segment_cum_len":22091.484641938525,"stop_segment_distance":16.46336238903995}
{"route_id":"115","stop_id":"1901","stop_lat":33.960024,"stop_lon":-118.247006,"stop_sequence":50,"segment_first_lat":33.9601548968,"segment_first_lon":-118.2474058854,"segment_second_lat":33.96015296,"segment_second_lon":-118.2470101596,"segment_sequence":490008,"segment_id":25,"segment_len_meter":36.49763137497468,"segment_cum_len":14025.332933564761,"stop_segment_distance":17.496062462438452}
{"route_id":"125","stop_id":"17500","stop_lat":33.903609,"stop_lon":-118.155642,"stop_sequence":68,"segment_first_lat":33.9037367291,"segment_first_lon":-118.1556424757,"segment_second_lat":33.9037420045,"segment_second_lon":-118.1549603291,"segment_sequence":680001,"segment_id":34,"segment_len_meter":62.95743364389228,"segment_cum_len":26948.61971964954,"stop_segment_distance":15.87132114539488}
{"route_id":"128","stop_id":"17220","stop_lat":33.887901,"stop_lon":-118.063889,"stop_sequence":9,"segment_first_lat":33.8877839386,"segment_first_lon":-118.0617798946,"segment_second_lat":33.8877726723,"segment_second_lon":-118.063888565,"segment_sequence":80003,"segment_id":4,"segment_len_meter":194.64776714665476,"segment_cum_len":5483.234384806256,"stop_segment_distance":14.740084577261882}
{"route_id":"150","stop_id":"7040","stop_lat":34.15411,"stop_lon":-118.468545,"stop_sequence":46,"segment_first_lat":34.1542922813,"segment_first_lon":-118.4689360377,"segment_second_lat":34.154230593,"segment_second_lon":-118.46854566,"segment_sequence":450009,"segment_id":23,"segment_len_meter":36.570458053996624,"segment_cum_len":16943.014397438692,"stop_segment_distance":18.13716632662613}
{"route_id":"152","stop_id":"7214","stop_lat":34.205108,"stop_lon":-118.370149,"stop_sequence":14,"segment_first_lat":34.2051078304,"segment_first_lon":-118.3703005937,"segment_second_lat":34.2066411492,"segment_second_lon":-118.37030177,"segment_sequence":140001,"segment_id":7,"segment_len_meter":170.49730580449108,"segment_cum_len":5807.349774873382,"stop_segment_distance":14.499809257405047}
{"route_id":"158","stop_id":"9572","stop_lat":34.257711,"stop_lon":-118.511395,"stop_sequence":54,"segment_first_lat":34.2575854025,"segment_first_lon":-118.5113974774,"segment_second_lat":34.2575984991,"segment_second_lon":-118.5132376133,"segment_sequence":540001,"segment_id":27,"segment_len_meter":169.12265965912545,"segment_cum_len":21760.077752070185,"stop_segment_distance":14.650362226168056}
{"route_id":"180","stop_id":"3671","stop_lat":34.147933,"stop_lon":-118.132185,"stop_sequence":75,"segment_first_lat":34.1479325514,"segment_first_lon":-118.1323377802,"segment_second_lat":34.1495950044,"segment_second_lon":-118.1323463621,"segment_sequence":750001,"segment_id":38,"segment_len_meter":184.85802630142405,"segment_cum_len":23227.98608162456,"stop_segment_distance":14.603545948587481}
{"route_id":"205","stop_id":"17472","stop_lat":33.866757,"stop_lon":-118.271107,"stop_sequence":86,"segment_first_lat":33.8668844429,"segment_first_lon":-118.2711113357,"segment_second_lat":33.8669158858,"segment_second_lon":-118.2700800852,"segment_sequence":870001,"segment_id":44,"segment_len_meter":95.27846495988726,"segment_cum_len":30790.749342421055,"stop_segment_distance":15.344229751146585}
{"route_id":"205","stop_id":"17609","stop_lat":33.88424,"stop_lon":-118.236636,"stop_sequence":114,"segment_first_lat":33.8842307508,"segment_first_lon":-118.236788093,"segment_second_lat":33.885783587,"segment_second_lon":-118.2369101013,"segment_sequence":1150001,"segment_id":58,"segment_len_meter":173.03442501270325,"segment_cum_len":43355.544074523365,"stop_segment_distance":14.536903996084277}
{"route_id":"207","stop_id":"5725","stop_lat":34.021753,"stop_lon":-118.308735,"stop_sequence":32,"segment_first_lat":34.0210761568,"segment_first_lon":-118.3088880716,"segment_second_lat":34.0217521329,"segment_second_lon":-118.3088879263,"segment_sequence":310006,"segment_id":16,"segment_len_meter":75.1651140456386,"segment_cum_len":12362.74366274118,"stop_segment_distance":15.501361332568791}
{"route_id":"210","stop_id":"142129","stop_lat":33.980352,"stop_lon":-118.331012,"stop_sequence":53,"segment_first_lat":33.9803494906,"segment_first_lon":-118.330862323,"segment_second_lat":33.9796789875,"segment_second_lon":-118.3308712183,"segment_sequence":530001,"segment_id":27,"segment_len_meter":74.56105445672247,"segment_cum_len":17223.961394001322,"stop_segment_distance":15.195969721525756}
{"route_id":"224","stop_id":"11301","stop_lat":34.177537,"stop_lon":-118.382049,"stop_sequence":16,"segment_first_lat":34.1767141249,"segment_first_lon":-118.3817144677,"segment_second_lat":34.1774801326,"segment_second_lon":-118.3821824972,"segment_sequence":150004,"segment_id":8,"segment_len_meter":95.43959345191317,"segment_cum_len":5013.509266246207,"stop_segment_distance":14.90953592156761}
{"route_id":"224","stop_id":"11321","stop_lat":34.208337,"stop_lon":-118.387627,"stop_sequence":25,"segment_first_lat":34.206660578,"segment_first_lon":-118.3877815423,"segment_second_lat":34.2083367965,"segment_second_lon":-118.387780065,"segment_sequence":240003,"segment_id":12,"segment_len_meter":186.38704265649483,"segment_cum_len":8567.193124410009,"stop_segment_distance":14.639106029631165}
{"route_id":"232","stop_id":"3008","stop_lat":33.775631,"stop_lon":-118.189181,"stop_sequence":6,"segment_first_lat":33.7756308086,"segment_first_lon":-118.1893669423,"segment_second_lat":33.7759000944,"segment_second_lon":-118.1893659046,"segment_sequence":60001,"segment_id":3,"segment_len_meter":29.94336838627211,"segment_cum_len":1569.9777185075386,"stop_segment_distance":21.701490872281315}
{"route_id":"232","stop_id":"5548","stop_lat":33.945871,"stop_lon":-118.395941,"stop_sequence":95,"segment_first_lat":33.9458706019,"segment_first_lon":-118.3960921415,"segment_second_lat":33.9473544434,"segment_second_lon":-118.3960935524,"segment_sequence":950001,"segment_id":48,"segment_len_meter":164.99569807304195,"segment_cum_len":39541.34224147212,"stop_segment_distance":14.496708620301376}
{"route_id":"256","stop_id":"10108","stop_lat":34.062518,"stop_lon":-118.178951,"stop_sequence":27,"segment_first_lat":34.0625143908,"segment_first_lon":-118.1791035794,"segment_second_lat":34.0626003904,"segment_second_lon":-118.1791093764,"segment_sequence":270001,"segment_id":14,"segment_len_meter":9.577617454089475,"segment_cum_len":7874.606516802123,"stop_segment_distance":21.710374967693}
{"route_id":"258","stop_id":"13397","stop_lat":33.983293,"stop_lon":-118.162605,"stop_sequence":62,"segment_first_lat":33.9832753721,"segment_first_lon":-118.1624534343,"segment_second_lat":33.9825429113,"segment_second_lon":-118.1625707609,"segment_sequence":620001,"segment_id":31,"segment_len_meter":82.16121761794123,"segment_cum_len":22992.149142067872,"stop_segment_distance":15.416160091790147}
{"route_id":"265","stop_id":"12767","stop_lat":33.959934,"stop_lon":-118.124993,"stop_sequence":46,"segment_first_lat":33.9598929772,"segment_first_lon":-118.1252105872,"segment_second_lat":33.9600043654,"segment_second_lon":-118.1251138027,"segment_sequence":450011,"segment_id":23,"segment_len_meter":15.267162674715589,"segment_cum_len":18075.699508972095,"stop_segment_distance":18.92677490663719}
{"route_id":"33","stop_id":"3119","stop_lat":33.994287,"stop_lon":-118.476264,"stop_sequence":1,"segment_first_lat":33.994351164,"segment_first_lon":-118.4761759707,"segment_second_lat":33.9941889353,"segment_second_lon":-118.4759932712,"segment_sequence":10001,"segment_id":1,"segment_len_meter":24.679967976180194,"segment_cum_len":24.679967976180194,"stop_segment_distance":13.362648124898193}
{"route_id":"344","stop_id":"7509","stop_lat":33.872741,"stop_lon":-118.317506,"stop_sequence":38,"segment_first_lat":33.8728702204,"segment_first_lon":-118.3175066502,"segment_second_lat":33.8728717639,"segment_second_lon":-118.3169202812,"segment_sequence":380001,"segment_id":19,"segment_len_meter":54.13532989964496,"segment_cum_len":22603.10271372802,"stop_segment_distance":16.22927927500932}
{"route_id":"40","stop_id":"10899","stop_lat":33.92391,"stop_lon":-118.352742,"stop_sequence":68,"segment_first_lat":33.9254983677,"segment_first_lon":-118.352590937,"segment_second_lat":33.9239101104,"segment_second_lon":-118.3525901871,"segment_sequence":670002,"segment_id":34,"segment_len_meter":176.60616751987948,"segment_cum_len":25855.221893425514,"stop_segment_distance":14.568743381154832}
{"route_id":"487","stop_id":"17015","stop_lat":34.10628,"stop_lon":-118.030615,"stop_sequence":84,"segment_first_lat":34.1068407793,"segment_first_lon":-118.030644936,"segment_second_lat":34.1063115861,"segment_second_lon":-118.0304633842,"segment_sequence":830010,"segment_id":42,"segment_len_meter":61.171642694920784,"segment_cum_len":40811.38797848961,"stop_segment_distance":15.639275482183656}
{"route_id":"487","stop_id":"7950","stop_lat":34.161682,"stop_lon":-118.067295,"stop_sequence":56,"segment_first_lat":34.1618140846,"segment_first_lon":-118.0672956244,"segment_second_lat":34.1618278066,"segment_second_lon":-118.0648121252,"segment_sequence":560001,"segment_id":28,"segment_len_meter":228.50885254322253,"segment_cum_len":31581.30885576643,"stop_segment_distance":15.199481820196127}
{"route_id":"577","stop_id":"30020","stop_lat":34.072197,"stop_lon":-118.045125,"stop_sequence":1,"segment_first_lat":34.0724714455,"segment_first_lon":-118.0451053849,"segment_second_lat":34.0724717255,"segment_second_lon":-118.0443492075,"segment_sequence":10001,"segment_id":1,"segment_len_meter":69.64852007403212,"segment_cum_len":69.64852007403212,"stop_segment_distance":38.63315221719145}
{"route_id":"60","stop_id":"11507","stop_lat":33.930189,"stop_lon":-118.211643,"stop_sequence":55,"segment_first_lat":33.9302186258,"segment_first_lon":-118.2114975259,"segment_second_lat":33.929780016,"segment_second_lon":-118.2113714826,"segment_sequence":550001,"segment_id":28,"segment_len_meter":50.13839193771594,"segment_cum_len":17451.035376845313,"stop_segment_distance":15.601361552413536}
{"route_id":"60","stop_id":"12199","stop_lat":33.87902,"stop_lon":-118.204305,"stop_sequence":73,"segment_first_lat":33.8790503317,"segment_first_lon":-118.2041555229,"segment_second_lat":33.8785208115,"segment_second_lon":-118.2040010414,"segment_sequence":730001,"segment_id":37,"segment_len_meter":60.58241935848284,"segment_cum_len":23213.568388229472,"stop_segment_distance":15.819600934413515}
{"route_id":"665","stop_id":"708","stop_lat":34.063181,"stop_lon":-118.168687,"stop_sequence":1,"segment_first_lat":34.0631061549,"segment_first_lon":-118.1686948518,"segment_second_lat":34.0631422714,"segment_second_lon":-118.1691987673,"segment_sequence":10001,"segment_id":1,"segment_len_meter":46.59218596766688,"segment_cum_len":46.59218596766688,"stop_segment_distance":9.099910625951402}
{"route_id":"70","stop_id":"2180","stop_lat":34.062557,"stop_lon":-118.077387,"stop_sequence":60,"segment_first_lat":34.0626717721,"segment_first_lon":-118.0787972416,"segment_second_lat":34.0626847743,"segment_second_lon":-118.077387428,"segment_sequence":590004,"segment_id":30,"segment_len_meter":129.87541862013532,"segment_cum_len":20884.750131450848,"stop_segment_distance":14.864753967733861}
{"route_id":"704","stop_id":"14424","stop_lat":34.0478,"stop_lon":-118.443508,"stop_sequence":8,"segment_first_lat":34.0476654,"segment_first_lon":-118.4443061391,"segment_second_lat":34.0479110451,"segment_second_lon":-118.4435630346,"segment_sequence":70025,"segment_id":4,"segment_len_meter":73.71193547701253,"segment_cum_len":6953.555143287131,"stop_segment_distance":14.678836348854105}
{"route_id":"720","stop_id":"16584","stop_lat":34.020599,"stop_lon":-118.157493,"stop_sequence":3,"segment_first_lat":34.0204741365,"segment_first_lon":-118.1575277279,"segment_second_lat":34.0206448044,"segment_second_lon":-118.1583481102,"segment_sequence":30001,"segment_id":2,"segment_len_meter":77.95369794456697,"segment_cum_len":576.9557231265494,"stop_segment_distance":15.268025968735444}
{"route_id":"733","stop_id":"12411","stop_lat":34.055101,"stop_lon":-118.242543,"stop_sequence":4,"segment_first_lat":34.0560919576,"segment_first_lon":-118.2415026767,"segment_second_lat":34.0550568088,"segment_second_lon":-118.2424759148,"segment_sequence":30025,"segment_id":2,"segment_len_meter":145.90237665216648,"segment_cum_len":2469.130698170373,"stop_segment_distance":8.030436974610154}
{"route_id":"754","stop_id":"140954","stop_lat":33.945233,"stop_lon":-118.292037,"stop_sequence":21,"segment_first_lat":33.9455083237,"segment_first_lon":-118.2918865676,"segment_second_lat":33.9452335407,"segment_second_lon":-118.2918856102,"segment_sequence":200023,"segment_id":10,"segment_len_meter":30.55460315898018,"segment_cum_len":18131.830756137882,"stop_segment_distance":17.02300708192312}
{"route_id":"83","stop_id":"16866","stop_lat":34.118025,"stop_lon":-118.189665,"stop_sequence":12,"segment_first_lat":34.1183450897,"segment_first_lon":-118.1907495157,"segment_second_lat":34.1181479039,"segment_second_lon":-118.1896310276,"segment_sequence":110004,"segment_id":6,"segment_len_meter":105.2725059926963,"segment_cum_len":3100.4839711974337,"stop_segment_distance":14.738307513050643}
{"route_id":"90","stop_id":"13537","stop_lat":34.142821,"stop_lon":-118.249355,"stop_sequence":63,"segment_first_lat":34.142767029,"segment_first_lon":-118.2492218167,"segment_second_lat":34.1426424072,"segment_second_lon":-118.2492911778,"segment_sequence":630001,"segment_id":32,"segment_len_meter":15.25684436547096,"segment_cum_len":19817.468479483956,"stop_segment_distance":19.09930859907002}
{"route_id":"901","stop_id":"15438","stop_lat":34.188736,"stop_lon":-118.589246,"stop_sequence":12,"segment_first_lat":34.1886451905,"segment_first_lon":-118.5886669586,"segment_second_lat":34.1886423729,"segment_second_lon":-118.5892456172,"segment_sequence":110020,"segment_id":6,"segment_len_meter":53.2256796543305,"segment_cum_len":20859.102234047677,"stop_segment_distance":11.393924061514802}
