{"route_id":"105","stop_id":"10244","stop_lat":34.00403,"stop_lon":-118.252445,"stop_sequence":8,"segment_first_lat":34.0039020349,"segment_first_lon":-118.2521147286,"segment_second_lat":34.0039027191,"segment_second_lon":-118.2524446698,"segment_sequence":70004,"segment_id":4,"segment_len_meter":30.41425210017789,"segment_cum_len":2375.477082929288,"stop_segment_distance":17.34440150334712}
{"route_id":"108","stop_id":"6282","stop_lat":33.986309,"stop_lon":-118.167767,"stop_sequence":75,"segment_first_lat":33.9864451972,"segment_first_lon":-118.1677470659,"segment_second_lat":33.9862778545,"segment_second_lon":-118.1661570917,"segment_sequence":750001,"segment_id":38,"segment_len_meter":147.7711774645531,"segment_cum_len":24081.56279341431,"stop_segment_distance":15.957745259798259}
{"route_id":"115","stop_id":"1926","stop_lat":33.938013,"stop_lon":-118.129388,"stop_sequence":76,"segment_first_lat":33.9381232452,"segment_first_lon":-118.1293135486,"segment_second_lat":33.9374951133,"segment_second_lon":-118.1280024435,"segment_sequence":760001,"segment_id":38,"segment_len_meter":139.67034179674496,"segment_cum_len":25551.023824394422,"stop_segment_distance":14.575221898323747}
{"route_id":"150","stop_id":"7019","stop_lat":34.155613,"stop_lon":-118.478952,"stop_sequence":44,"segment_first_lat":34.1557358842,"segment_first_lon":-118.4789274756,"segment_second_lat":34.1555447905,"segment_second_lon":-118.4774974536,"segment_sequence":440001,"segment_id":22,"segment_len_meter":133.28883559871093,"segment_cum_len":16106.317043875233,"stop_segment_distance":14.616030059634369}
{"route_id":"152","stop_id":"13044","stop_lat":34.221304,"stop_lon":-118.50536,"stop_sequence":55,"segment_first_lat":34.221199415,"segment_first_lon":-118.5041616428,"segment_second_lat":34.2211798563,"segment_second_lon":-118.5053590235,"segment_sequence":540003,"segment_id":27,"segment_len_meter":110.11350181071262,"segment_cum_len":22114.125511265764,"stop_segment_distance":14.484683073789014}
{"route_id":"155","stop_id":"18046","stop_lat":34.157531,"stop_lon":-118.444477,"stop_sequence":7,"segment_first_lat":34.1576249884,"segment_first_lon":-118.4444776289,"segment_second_lat":34.1576305419,"segment_second_lon":-118.4443123843,"segment_sequence":70001,"segment_id":4,"segment_len_meter":15.217245666490202,"segment_cum_len":1818.27318603263,"stop_segment_distance":13.994012356643955}
{"route_id":"163","stop_id":"7214","stop_lat":34.205108,"stop_lon":-118.370149,"stop_sequence":64,"segment_first_lat":34.2051078304,"segment_first_lon":-118.3703005937,"segment_second_lat":34.2066411492,"segment_second_lon":-118.37030177,"segment_sequence":640001,"segment_id":32,"segment_len_meter":170.49730580449108,"segment_cum_len":24701.00571203025,"stop_segment_distance":14.499809257405047}
{"route_id":"165","stop_id":"6858","stop_lat":34.193767,"stop_lon":-118.510008,"stop_sequence":34,"segment_first_lat":34.1938852456,"segment_first_lon":-118.5120094565,"segment_second_lat":34.1938936972,"segment_second_lon":-118.5100088167,"segment_sequence":330003,"segment_id":17,"segment_len_meter":184.0089024957868,"segment_cum_len":12777.182626573738,"stop_segment_distance":14.630110942876541}
{"route_id":"169","stop_id":"7212","stop_lat":34.215984,"stop_lon":-118.370165,"stop_sequence":124,"segment_first_lat":34.2159839312,"segment_first_lon":-118.3703157471,"segment_second_lat":34.2167203628,"segment_second_lon":-118.3703166976,"segment_sequence":1240001,"segment_id":62,"segment_len_meter":81.88750437983528,"segment_cum_len":49457.710645693085,"stop_segment_distance":15.033048194282472}
{"route_id":"175","stop_id":"17056","stop_lat":34.090599,"stop_lon":-118.311308,"stop_sequence":1,"segment_first_lat":34.0905994499,"segment_first_lon":-118.311394082,"segment_second_lat":34.0907777769,"segment_second_lon":-118.3113980489,"segment_sequence":10001,"segment_id":1,"segment_len_meter":19.83242220331557,"segment_cum_len":19.83242220331557,"stop_segment_distance":9.633969730300368}
{"route_id":"180","stop_id":"3679","stop_lat":34.170801,"stop_lon":-118.132016,"stop_sequence":84,"segment_first_lat":34.1708060237,"segment_first_lon":-118.1321700326,"segment_second_lat":34.1714682942,"segment_second_lon":-118.1321396733,"segment_sequence":840001,"segment_id":42,"segment_len_meter":73.69406647792242,"segment_cum_len":25661.00955662722,"stop_segment_distance":15.554779029271828}
{"route_id":"2","stop_id":"6402","stop_lat":34.079881,"stop_lon":-118.414247,"stop_sequence":17,"segment_first_lat":34.079628979,"segment_first_lon":-118.4149062654,"segment_second_lat":34.079981285,"segment_second_lon":-118.4143380172,"segment_sequence":160006,"segment_id":8,"segment_len_meter":65.37246479672514,"segment_cum_len":5430.849995755998,"stop_segment_distance":15.45011688081398}
{"route_id":"20","stop_id":"8450","stop_lat":34.061841,"stop_lon":-118.311,"stop_sequence":25,"segment_first_lat":34.0617052373,"segment_first_lon":-118.310332345,"segment_second_lat":34.0617079184,"segment_second_lon":-118.3109992935,"segment_sequence":240003,"segment_id":12,"segment_len_meter":61.43852013359507,"segment_cum_len":7076.347128192622,"stop_segment_distance":16.688059315844548}
{"route_id":"204","stop_id":"5673","stop_lat":33.970979,"stop_lon":-118.291467,"stop_sequence":19,"segment_first_lat":33.9707095201,"segment_first_lon":-118.2916346993,"segment_second_lat":33.9709840647,"segment_second_lon":-118.291620814,"segment_sequence":180006,"segment_id":9,"segment_len_meter":30.55480823797451,"segment_cum_len":5224.94095035014,"stop_segment_distance":17.360597437957498}
{"route_id":"209","stop_id":"5610","stop_lat":33.983185,"stop_lon":-118.317579,"stop_sequence":29,"segment_first_lat":33.9818412188,"segment_first_lon":-118.3177054394,"segment_second_lat":33.9831849495,"segment_second_lon":-118.3176956942,"segment_sequence":280002,"segment_id":14,"segment_len_meter":149.41873838115708,"segment_cum_len":9978.006161254874,"stop_segment_distance":11.216580131759969}
{"route_id":"222","stop_id":"7653","stop_lat":34.259605,"stop_lon":-118.319802,"stop_sequence":64,"segment_first_lat":34.2597332898,"segment_first_lon":-118.3201334409,"segment_second_lat":34.2597314167,"segment_second_lon":-118.3198024826,"segment_sequence":630003,"segment_id":32,"segment_len_meter":30.416427931782398,"segment_cum_len":26258.154463659284,"stop_segment_distance":17.27552356449615}
{"route_id":"224","stop_id":"5821","stop_lat":34.296317,"stop_lon":-118.455252,"stop_sequence":52,"segment_first_lat":34.295983021,"segment_first_lon":-118.4550483749,"segment_second_lat":34.296227247,"segment_second_lon":-118.4553572968,"segment_sequence":510005,"segment_id":26,"segment_len_meter":39.2786292387124,"segment_cum_len":20722.864323569767,"stop_segment_distance":16.201381008644724}
{"route_id":"230","stop_id":"2893","stop_lat":34.274837,"stop_lon":-118.449359,"stop_sequence":11,"segment_first_lat":34.2755576533,"segment_first_lon":-118.4499684432,"segment_second_lat":34.2749024012,"segment_second_lon":-118.4492697827,"segment_sequence":100006,"segment_id":5,"segment_len_meter":97.10749252635419,"segment_cum_len":3037.985229258863,"stop_segment_distance":11.611735730733827}
{"route_id":"233","stop_id":"15582","stop_lat":34.224935,"stop_lon":-118.44867,"stop_sequence":26,"segment_first_lat":34.2247753885,"segment_first_lon":-118.4487883332,"segment_second_lat":34.2249110375,"segment_second_lon":-118.448814535,"segment_sequence":250007,"segment_id":13,"segment_len_meter":15.274640543649504,"segment_cum_len":8290.891450183291,"stop_segment_distance":19.095605592914985}
{"route_id":"239","stop_id":"16563","stop_lat":34.165659,"stop_lon":-118.518418,"stop_sequence":3,"segment_first_lat":34.1656610272,"segment_first_lon":-118.5185691142,"segment_second_lat":34.1667602401,"segment_second_lon":-118.5185574238,"segment_sequence":30001,"segment_id":2,"segment_len_meter":122.23163002459033,"segment_cum_len":865.9197327213498,"stop_segment_distance":14.79575656152231}
{"route_id":"246","stop_id":"6179","stop_lat":33.706853,"stop_lon":-118.29252,"stop_sequence":2,"segment_first_lat":33.7069815475,"segment_first_lon":-118.2928496348,"segment_second_lat":33.706980699,"segment_second_lon":-118.2925208585,"segment_sequence":10010,"segment_id":1,"segment_len_meter":30.412466875989377,"segment_cum_len":192.71412026112452,"stop_segment_distance":17.463054479319215}
{"route_id":"265","stop_id":"4274","stop_lat":33.989031,"stop_lon":-118.102443,"stop_sequence":54,"segment_first_lat":33.9890908681,"segment_first_lon":-118.1027432461,"segment_second_lat":33.9891526413,"segment_second_lon":-118.1024830465,"segment_sequence":530014,"segment_id":27,"segment_len_meter":24.953517185927527,"segment_cum_len":22070.587746499445,"stop_segment_distance":17.538136770875152}
{"route_id":"265","stop_id":"4283","stop_lat":33.917149,"stop_lon":-118.157006,"stop_sequence":26,"segment_first_lat":33.9172134766,"segment_first_lon":-118.1571391574,"segment_second_lat":33.9173906023,"segment_second_lon":-118.1570125943,"segment_sequence":260001,"segment_id":13,"segment_len_meter":22.89760092348084,"segment_cum_len":9438.08312282704,"stop_segment_distance":18.200013566064495}
{"route_id":"35","stop_id":"7256","stop_lat":34.033546,"stop_lon":-118.266284,"stop_sequence":40,"segment_first_lat":34.0336027908,"segment_first_lon":-118.2662348987,"segment_second_lat":34.0332860789,"segment_second_lon":-118.2656826991,"segment_sequence":400001,"segment_id":20,"segment_len_meter":61.88243972774309,"segment_cum_len":12606.215907094307,"stop_segment_distance":8.37983873356616}
{"route_id":"4","stop_id":"14417","stop_lat":34.051351,"stop_lon":-118.433603,"stop_sequence":77,"segment_first_lat":34.0515537001,"segment_first_lon":-118.4329472373,"segment_second_lat":34.0512045381,"segment_second_lon":-118.4334571284,"segment_sequence":760003,"segment_id":38,"segment_len_meter":60.94345411472848,"segment_cum_len":25215.860622691358,"stop_segment_distance":24.653536461245537}
{"route_id":"40","stop_id":"10901","stop_lat":33.910074,"stop_lon":-118.352885,"stop_sequence":72,"segment_first_lat":33.9108134186,"segment_first_lon":-118.3527367859,"segment_second_lat":33.910074256,"segment_second_lon":-118.3527336748,"segment_sequence":710006,"segment_id":36,"segment_len_meter":82.19163250823418,"segment_cum_len":27396.94525370992,"stop_segment_distance":15.122503512061897}
{"route_id":"40","stop_id":"10902","stop_lat":33.906219,"stop_lon":-118.352889,"stop_sequence":73,"segment_first_lat":33.906221764,"segment_first_lon":-118.352735916,"segment_second_lat":33.9059882055,"segment_second_lon":-118.3527329557,"segment_sequence":730001,"segment_id":37,"segment_len_meter":25.971957171481044,"segment_cum_len":27851.300160063085,"stop_segment_distance":17.586522417148743}
{"route_id":"40","stop_id":"11248","stop_lat":34.011004,"stop_lon":-118.309415,"stop_sequence":31,"segment_first_lat":34.0108595443,"segment_first_lon":-118.308903166,"segment_second_lat":34.0108607073,"segment_second_lon":-118.3094146192,"segment_sequence":300006,"segment_id":15,"segment_len_meter":47.142345309374605,"segment_cum_len":12068.978238166395,"stop_segment_distance":18.627872650584692}
{"route_id":"51","stop_id":"237","stop_lat":33.918652,"stop_lon":-118.265385,"stop_sequence":75,"segment_first_lat":33.9186519721,"segment_first_lon":-118.2652286145,"segment_second_lat":33.9176682323,"segment_second_lon":-118.2652337409,"segment_sequence":750001,"segment_id":38,"segment_len_meter":109.38789767687547,"segment_cum_len":19718.924965266026,"stop_segment_distance":15.319047115978918}
{"route_id":"55","stop_id":"9782","stop_lat":34.01525,"stop_lon":-118.247354,"stop_sequence":42,"segment_first_lat":34.0151884696,"segment_first_lon":-118.2473999302,"segment_second_lat":34.0158732541,"segment_second_lon":-118.2487288289,"segment_sequence":420001,"segment_id":21,"segment_len_meter":144.22132598818533,"segment_cum_len":12120.577711997747,"stop_segment_distance":8.252726434373528}
{"route_id":"550","stop_id":"5636","stop_lat":33.850104,"stop_lon":-118.290356,"stop_sequence":29,"segment_first_lat":33.8498373396,"segment_first_lon":-118.2904964408,"segment_second_lat":33.8501011028,"segment_second_lon":-118.2905082225,"segment_sequence":280013,"segment_id":14,"segment_len_meter":29.349303375968233,"segment_cum_len":16121.129472010412,"stop_segment_distance":17.07528941513847}
{"route_id":"602","stop_id":"7999","stop_lat":34.045644,"stop_lon":-118.514621,"stop_sequence":20,"segment_first_lat":34.0456844279,"segment_first_lon":-118.514816287,"segment_second_lat":34.0457494577,"segment_second_lon":-118.5147097324,"segment_sequence":190036,"segment_id":10,"segment_len_meter":12.192985631194963,"segment_cum_len":5716.170509787007,"stop_segment_distance":20.647791441624676}
{"route_id":"602","stop_id":"8026","stop_lat":34.048511,"stop_lon":-118.50661,"stop_sequence":24,"segment_first_lat":34.0474518107,"segment_first_lon":-118.5075613513,"segment_second_lat":34.0485761353,"segment_second_lon":-118.506737924,"segment_sequence":230010,"segment_id":12,"segment_len_meter":146.23687784416444,"segment_cum_len":7524.740460005048,"stop_segment_distance":14.409088944000445}
{"route_id":"750","stop_id":"30002","stop_lat":34.139051,"stop_lon":-118.363171,"stop_sequence":1,"segment_first_lat":34.1390288953,"segment_first_lon":-118.3632033761,"segment_second_lat":34.1392179081,"segment_second_lon":-118.3634001688,"segment_sequence":10001,"segment_id":1,"segment_len_meter":27.744417987784043,"segment_cum_len":27.744417987784043,"stop_segment_distance":4.212488715246945}
{"route_id":"92","stop_id":"10792","stop_lat":34.24941,"stop_lon":-118.386865,"stop_sequence":100,"segment_first_lat":34.2464513323,"segment_first_lon":-118.383929426,"segment_second_lat":34.2493277251,"segment_second_lon":-118.3869807467,"segment_sequence":990002,"segment_id":50,"segment_len_meter":425.38998156445587,"segment_cum_len":32635.00603434886,"stop_segment_distance":14.126931695960025}
{"route_id":"96","stop_id":"18085","stop_lat":34.120622,"stop_lon":-118.274362,"stop_sequence":21,"segment_first_lat":34.1208605098,"segment_first_lon":-118.2744159788,"segment_second_lat":34.1206770178,"segment_second_lon":-118.2742657052,"segment_sequence":200071,"segment_id":10,"segment_len_meter":24.650672128373856,"segment_cum_len":11323.797914875595,"stop_segment_distance":13.102292795427296}
