{"route_id":"111","stop_id":"1961","stop_lat":33.944071,"stop_lon":-118.110697,"stop_sequence":80,"segment_first_lat":33.9449383508,"segment_first_lon":-118.1121120932,"segment_second_lat":33.9441780281,"segment_second_lon":-118.1106181804,"segment_sequence":790002,"segment_id":40,"segment_len_meter":161.67294031064853,"segment_cum_len":29493.263155473396,"stop_segment_distance":14.572633601116792}
{"route_id":"120","stop_id":"11156","stop_lat":33.930543,"stop_lon":-118.211931,"stop_sequence":65,"segment_first_lat":33.9304207196,"segment_first_lon":-118.2118946043,"segment_second_lat":33.9302197611,"segment_second_lon":-118.2128823827,"segment_sequence":650001,"segment_id":33,"segment_len_meter":93.83231409370484,"segment_cum_len":27385.16199765803,"stop_segment_distance":15.021872357004241}
{"route_id":"130","stop_id":"403","stop_lat":33.846043,"stop_lon":-118.393148,"stop_sequence":80,"segment_first_lat":33.8461389294,"segment_first_lon":-118.3931802252,"segment_second_lat":33.846386745,"segment_second_lon":-118.3920962745,"segment_sequence":800001,"segment_id":40,"segment_len_meter":103.82765618815341,"segment_cum_len":37700.050788896864,"stop_segment_distance":11.625088081672985}
{"route_id":"150","stop_id":"7000","stop_lat":34.168282,"stop_lon":-118.602289,"stop_sequence":13,"segment_first_lat":34.1684259116,"segment_first_lon":-118.6026342319,"segment_second_lat":34.1684108973,"segment_second_lon":-118.6022833638,"segment_sequence":120003,"segment_id":6,"segment_len_meter":32.32357077612225,"segment_cum_len":4154.933899388399,"stop_segment_distance":17.583834023077188}
{"route_id":"150","stop_id":"7029","stop_lat":34.165229,"stop_lon":-118.526984,"stop_sequence":32,"segment_first_lat":34.165345957,"segment_first_lon":-118.5269331478,"segment_second_lat":34.1652523851,"segment_second_lon":-118.5266505731,"segment_sequence":320001,"segment_id":16,"segment_len_meter":28.003018571850944,"segment_cum_len":11437.480934949948,"stop_segment_distance":16.60497060197943}
{"route_id":"16","stop_id":"8634","stop_lat":34.04625,"stop_lon":-118.247677,"stop_sequence":3,"segment_first_lat":34.0461737789,"segment_first_lon":-118.2477533208,"segment_second_lat":34.0463677386,"segment_second_lon":-118.2480404276,"segment_sequence":30001,"segment_id":2,"segment_len_meter":34.13036766662839,"segment_cum_len":1082.7957154178011,"stop_segment_distance":12.834907502424223}
{"route_id":"167","stop_id":"981","stop_lat":34.249715,"stop_lon":-118.588701,"stop_sequence":5,"segment_first_lat":34.2497154883,"segment_first_lon":-118.5885499978,"segment_second_lat":34.2487839521,"segment_second_lon":-118.5885483931,"segment_sequence":50001,"segment_id":3,"segment_len_meter":103.58220443566056,"segment_cum_len":2253.2235277413606,"stop_segment_distance":14.77064221965604}
{"route_id":"169","stop_id":"3253","stop_lat":34.20827,"stop_lon":-118.353458,"stop_sequence":128,"segment_first_lat":34.2091781281,"segment_first_lon":-118.3544799583,"segment_second_lat":34.2083977895,"segment_second_lon":-118.3533315962,"segment_sequence":1270002,"segment_id":64,"segment_len_meter":136.67649933306618,"segment_cum_len":51625.90810210449,"stop_segment_distance":19.625427317065743}
{"route_id":"169","stop_id":"6082","stop_lat":34.208276,"stop_lon":-118.53185,"stop_sequence":69,"segment_first_lat":34.2084088696,"segment_first_lon":-118.5327935617,"segment_second_lat":34.2084012159,"segment_second_lon":-118.5318475661,"segment_sequence":680008,"segment_id":34,"segment_len_meter":86.99602077421152,"segment_cum_len":28100.198336748766,"stop_segment_distance":14.946125501082818}
{"route_id":"169","stop_id":"6115","stop_lat":34.208181,"stop_lon":-118.593025,"stop_sequence":55,"segment_first_lat":34.2083072953,"segment_first_lon":-118.5935749932,"segment_second_lat":34.2083077894,"segment_second_lon":-118.5930259494,"segment_sequence":540007,"segment_id":27,"segment_len_meter":50.489054874082406,"segment_cum_len":22474.160931292943,"stop_segment_distance":16.099419100532877}
{"route_id":"2","stop_id":"5135","stop_lat":34.051495,"stop_lon":-118.249416,"stop_sequence":80,"segment_first_lat":34.0514357408,"segment_first_lon":-118.2493221477,"segment_second_lat":34.0503782332,"segment_second_lon":-118.2503136551,"segment_sequence":800001,"segment_id":40,"segment_len_meter":148.90121939064517,"segment_cum_len":25518.897585312367,"stop_segment_distance":11.16689818170974}
{"route_id":"2","stop_id":"8056","stop_lat":34.096368,"stop_lon":-118.370398,"stop_sequence":33,"segment_first_lat":34.0962203127,"segment_first_lon":-118.3711042869,"segment_second_lat":34.0964811263,"segment_second_lon":-118.3704646516,"segment_sequence":320012,"segment_id":16,"segment_len_meter":65.65060566882397,"segment_cum_len":10062.907844942229,"stop_segment_distance":15.422134884177197}
{"route_id":"202","stop_id":"4528","stop_lat":33.924721,"stop_lon":-118.2367,"stop_sequence":2,"segment_first_lat":33.9246208667,"segment_first_lon":-118.2367001692,"segment_second_lat":33.9246118206,"segment_second_lon":-118.239056975,"segment_sequence":20001,"segment_id":1,"segment_len_meter":217.45655178645256,"segment_cum_len":636.1851162470119,"stop_segment_distance":11.486081305806948}
{"route_id":"206","stop_id":"12298","stop_lat":34.079165,"stop_lon":-118.300543,"stop_sequence":14,"segment_first_lat":34.0799404357,"segment_first_lon":-118.3004333759,"segment_second_lat":34.0791655555,"segment_second_lon":-118.3004249785,"segment_sequence":130002,"segment_id":7,"segment_len_meter":86.1662178419093,"segment_cum_len":4026.9884786514717,"stop_segment_distance":11.517188199743018}
{"route_id":"206","stop_id":"12299","stop_lat":34.09105,"stop_lon":-118.300599,"stop_sequence":9,"segment_first_lat":34.0952322097,"segment_first_lon":-118.3004982237,"segment_second_lat":34.0910499857,"segment_second_lon":-118.3004798929,"segment_sequence":80002,"segment_id":4,"segment_len_meter":465.0451542889841,"segment_cum_len":2705.486640374725,"stop_segment_distance":11.056004569357583}
{"route_id":"206","stop_id":"13755","stop_lat":34.066935,"stop_lon":-118.300476,"stop_sequence":18,"segment_first_lat":34.0669349289,"segment_first_lon":-118.3003579403,"segment_second_lat":34.0653961189,"segment_second_lon":-118.3003580283,"segment_sequence":180001,"segment_id":9,"segment_len_meter":171.10786526186646,"segment_cum_len":5558.208382650626,"stop_segment_distance":11.227330375121795}
{"route_id":"209","stop_id":"915","stop_lat":33.917235,"stop_lon":-118.326363,"stop_sequence":6,"segment_first_lat":33.917234807,"segment_first_lon":-118.3265195178,"segment_second_lat":33.9193726491,"segment_second_lon":-118.3265140044,"segment_sequence":60001,"segment_id":3,"segment_len_meter":237.71773986469015,"segment_cum_len":2077.739829128102,"stop_segment_distance":14.828656608328913}
{"route_id":"212","stop_id":"12862","stop_lat":33.952455,"stop_lon":-118.344078,"stop_sequence":62,"segment_first_lat":33.9524556613,"segment_first_lon":-118.343933723,"segment_second_lat":33.9492786155,"segment_second_lon":-118.3439236463,"segment_sequence":620001,"segment_id":31,"segment_len_meter":353.27259737150354,"segment_cum_len":20795.22285079019,"stop_segment_distance":13.519862942045961}
{"route_id":"212","stop_id":"13636","stop_lat":34.021735,"stop_lon":-118.355777,"stop_sequence":40,"segment_first_lat":34.0223956255,"segment_first_lon":-118.3556326488,"segment_second_lat":34.0217361665,"segment_second_lon":-118.3556222564,"segment_sequence":390011,"segment_id":20,"segment_len_meter":73.33474978140241,"segment_cum_len":11250.415627371714,"stop_segment_distance":15.5803337344107}
{"route_id":"222","stop_id":"7212","stop_lat":34.215984,"stop_lon":-118.370165,"stop_sequence":43,"segment_first_lat":34.2159839312,"segment_first_lon":-118.3703157471,"segment_second_lat":34.2167203628,"segment_second_lon":-118.3703166976,"segment_sequence":430001,"segment_id":22,"segment_len_meter":81.88750437983528,"segment_cum_len":17905.816679979467,"stop_segment_distance":15.033048194282472}
{"route_id":"224","stop_id":"5854","stop_lat":34.260117,"stop_lon":-118.415549,"stop_sequence":38,"segment_first_lat":34.259401324,"segment_first_lon":-118.4149891536,"segment_second_lat":34.2600351445,"segment_second_lon":-118.4156644717,"segment_sequence":370005,"segment_id":19,"segment_len_meter":93.90910185393079,"segment_cum_len":15277.458487644572,"stop_segment_distance":14.835017226047498}
{"route_id":"232","stop_id":"23200089","stop_lat":33.796196,"stop_lon":-118.338432,"stop_sequence":45,"segment_first_lat":33.7959129172,"segment_first_lon":-118.3383089242,"segment_second_lat":33.7961037744,"segment_second_lon":-118.3385456748,"segment_sequence":440006,"segment_id":22,"segment_len_meter":30.479412301744837,"segment_cum_len":17564.247996187085,"stop_segment_distance":17.669507272205898}
{"route_id":"233","stop_id":"6780","stop_lat":34.168345,"stop_lon":-118.448548,"stop_sequence":7,"segment_first_lat":34.1675124414,"segment_first_lon":-118.4486526537,"segment_second_lat":34.1683450059,"segment_second_lon":-118.4486657198,"segment_sequence":60005,"segment_id":3,"segment_len_meter":92.5847528519818,"segment_cum_len":1998.6302141473102,"stop_segment_distance":11.32130955357323}
{"route_id":"236","stop_id":"123602","stop_lat":34.299225,"stop_lon":-118.502484,"stop_sequence":36,"segment_first_lat":34.2992418259,"segment_first_lon":-118.5026400267,"segment_second_lat":34.299644988,"segment_second_lon":-118.5025629891,"segment_sequence":360001,"segment_id":18,"segment_len_meter":45.38467787612303,"segment_cum_len":15529.207056758434,"stop_segment_distance":16.33018492599927}
{"route_id":"237","stop_id":"15552","stop_lat":34.154399,"stop_lon":-118.370189,"stop_sequence":24,"segment_first_lat":34.1534776289,"segment_first_lon":-118.3703372214,"segment_second_lat":34.154398159,"segment_second_lon":-118.370341301,"segment_sequence":230008,"segment_id":12,"segment_len_meter":102.3589653117056,"segment_cum_len":9339.105732573138,"stop_segment_distance":15.011259775995327}
{"route_id":"239","stop_id":"20014","stop_lat":34.215536,"stop_lon":-118.518447,"stop_sequence":18,"segment_first_lat":34.2139635707,"segment_first_lon":-118.518609091,"segment_second_lat":34.21553541,"segment_second_lon":-118.5186006604,"segment_sequence":170002,"segment_id":9,"segment_len_meter":174.78227477687926,"segment_cum_len":6289.7131083554095,"stop_segment_distance":14.827245845003148}
{"route_id":"245","stop_id":"9579","stop_lat":34.257102,"stop_lon":-118.601338,"stop_sequence":23,"segment_first_lat":34.2572316623,"segment_first_lon":-118.6013397618,"segment_second_lat":34.2572419003,"segment_second_lon":-118.6008827998,"segment_sequence":230001,"segment_id":12,"segment_len_meter":42.01237373148401,"segment_cum_len":9994.549111315855,"stop_segment_distance":17.040032938546723}
{"route_id":"258","stop_id":"8571","stop_lat":34.114202,"stop_lon":-118.181239,"stop_sequence":2,"segment_first_lat":34.1143185186,"segment_first_lon":-118.181180616,"segment_second_lat":34.1140714218,"segment_second_lon":-118.1804882787,"segment_sequence":20001,"segment_id":1,"segment_len_meter":69.40702091916637,"segment_cum_len":365.61208966366945,"stop_segment_distance":15.240575564126587}
{"route_id":"268","stop_id":"16518","stop_lat":34.169059,"stop_lon":-118.133805,"stop_sequence":71,"segment_first_lat":34.1689668939,"segment_first_lon":-118.1329026864,"segment_second_lat":34.1689612273,"segment_second_lon":-118.1338051885,"segment_sequence":700003,"segment_id":35,"segment_len_meter":83.03349161210237,"segment_cum_len":26744.682887066258,"stop_segment_distance":11.48145651853774}
{"route_id":"4","stop_id":"14380","stop_lat":34.09097,"stop_lon":-118.298214,"stop_sequence":37,"segment_first_lat":34.0908475774,"segment_first_lon":-118.2978831449,"segment_second_lat":34.0908448392,"segment_second_lon":-118.2982134176,"segment_sequence":360005,"segment_id":18,"segment_len_meter":30.415037908604052,"segment_cum_len":11208.437796386925,"stop_segment_distance":16.87225450068153}
{"route_id":"45","stop_id":"11588","stop_lat":33.913167,"stop_lon":-118.274105,"stop_sequence":67,"segment_first_lat":33.9131669969,"segment_first_lon":-118.2739547366,"segment_second_lat":33.9127850449,"segment_second_lon":-118.2739554655,"segment_sequence":670001,"segment_id":34,"segment_len_meter":42.471177884442206,"segment_cum_len":22822.372647292654,"stop_segment_distance":16.05182885584869}
{"route_id":"51","stop_id":"273","stop_lat":33.949384,"stop_lon":-118.265301,"stop_sequence":61,"segment_first_lat":33.9502166933,"segment_first_lon":-118.2651455574,"segment_second_lat":33.9493840875,"segment_second_lon":-118.2651485273,"segment_sequence":600002,"segment_id":30,"segment_len_meter":92.58194613880839,"segment_cum_len":16192.223627016941,"stop_segment_distance":15.176905720339505}
{"route_id":"53","stop_id":"4871","stop_lat":33.960466,"stop_lon":-118.256175,"stop_sequence":38,"segment_first_lat":33.9604658828,"segment_first_lon":-118.256388035,"segment_second_lat":33.9607983745,"segment_second_lon":-118.256387404,"segment_sequence":380001,"segment_id":19,"segment_len_meter":36.971435993310166,"segment_cum_len":13533.701640506246,"stop_segment_distance":24.505321137115942}
{"route_id":"550","stop_id":"4240","stop_lat":33.789935,"stop_lon":-118.297115,"stop_sequence":22,"segment_first_lat":33.7900477355,"segment_first_lon":-118.2971755522,"segment_second_lat":33.7903961579,"segment_second_lon":-118.2962836082,"segment_sequence":220001,"segment_id":11,"segment_len_meter":91.0773127462242,"segment_cum_len":9088.815574902006,"stop_segment_distance":15.021526221339997}
{"route_id":"550","stop_id":"5064","stop_lat":33.73955,"stop_lon":-118.292167,"stop_sequence":14,"segment_first_lat":33.7392308228,"segment_first_lon":-118.2923207432,"segment_second_lat":33.7395495694,"segment_second_lon":-118.2923195504,"segment_sequence":130006,"segment_id":7,"segment_len_meter":35.44317641506273,"segment_cum_len":3222.9903295384893,"stop_segment_distance":16.89489915068274}
{"route_id":"602","stop_id":"16366","stop_lat":34.049712,"stop_lon":-118.529601,"stop_sequence":13,"segment_first_lat":34.0498736228,"segment_first_lon":-118.5297405504,"segment_second_lat":34.0498436218,"segment_second_lon":-118.5295637442,"segment_sequence":120022,"segment_id":6,"segment_len_meter":16.627351617255577,"segment_cum_len":3637.5136343172494,"stop_segment_distance":20.50246116409339}
{"route_id":"611","stop_id":"6262","stop_lat":33.987003,"stop_lon":-118.185255,"stop_sequence":62,"segment_first_lat":33.9871288422,"segment_first_lon":-118.1852336555,"segment_second_lat":33.9870371449,"segment_second_lon":-118.1844632012,"segment_sequence":620001,"segment_id":31,"segment_len_meter":71.76300219700133,"segment_cum_len":19121.99887332253,"stop_segment_distance":15.469324301215295}
{"route_id":"66","stop_id":"139999","stop_lat":34.0612,"stop_lon":-118.309234,"stop_sequence":2,"segment_first_lat":34.0612001144,"segment_first_lon":-118.3090712196,"segment_second_lat":34.0607055067,"segment_second_lon":-118.3090674113,"segment_sequence":20001,"segment_id":1,"segment_len_meter":54.99898578094642,"segment_cum_len":434.01369537735303,"stop_segment_distance":17.082528914366456}
{"route_id":"76","stop_id":"176170","stop_lat":34.078237,"stop_lon":-118.050531,"stop_sequence":5,"segment_first_lat":34.0780337728,"segment_first_lon":-118.0504085844,"segment_second_lat":34.0781161355,"segment_second_lon":-118.0505836564,"segment_sequence":40011,"segment_id":2,"segment_len_meter":18.54351868872071,"segment_cum_len":1988.323136059214,"stop_segment_distance":20.998449054618526}
{"route_id":"83","stop_id":"12788","stop_lat":34.081479,"stop_lon":-118.214275,"stop_sequence":31,"segment_first_lat":34.0817401738,"segment_first_lon":-118.2140276181,"segment_second_lat":34.0814468082,"segment_second_lon":-118.2141223081,"segment_sequence":300007,"segment_id":15,"segment_len_meter":33.766299167675264,"segment_cum_len":9051.555787682191,"stop_segment_distance":17.655907027377765}
{"route_id":"901","stop_id":"15444","stop_lat":34.191236,"stop_lon":-118.596145,"stop_sequence":13,"segment_first_lat":34.1911986547,"segment_first_lon":-118.5962209037,"segment_second_lat":34.1916485715,"segment_second_lon":-118.5965385972,"segment_sequence":130001,"segment_id":7,"segment_len_meter":57.93682554562507,"segment_cum_len":21664.916081371328,"stop_segment_distance":8.625555856246024}
{"route_id":"96","stop_id":"18091","stop_lat":34.093944,"stop_lon":-118.241381,"stop_sequence":33,"segment_first_lat":34.094462779,"segment_first_lon":-118.2417290939,"segment_second_lat":34.0940022845,"segment_second_lon":-118.2412921043,"segment_sequence":320016,"segment_id":16,"segment_len_meter":65.12370565851161,"segment_cum_len":15992.207951908236,"stop_segment_distance":11.309791275263947}
