{"route_id":"102","stop_id":"2788","stop_lat":33.960088,"stop_lon":-118.390967,"stop_sequence":7,"segment_first_lat":33.9598752511,"segment_first_lon":-118.3914140098,"segment_second_lat":33.960171762,"segment_second_lon":-118.3910701281,"segment_sequence":60002,"segment_id":3,"segment_len_meter":45.74856932317175,"segment_cum_len":2399.56664415025,"stop_segment_distance":15.095605230272184}
{"route_id":"102","stop_id":"7756","stop_lat":34.021689,"stop_lon":-118.279757,"stop_sequence":54,"segment_first_lat":34.0218010686,"segment_first_lon":-118.2796841995,"segment_second_lat":34.0213667088,"segment_second_lon":-118.2786999837,"segment_sequence":540001,"segment_id":27,"segment_len_meter":102.7640574331089,"segment_cum_len":17963.71478474852,"stop_segment_distance":15.18765017008046}
{"route_id":"105","stop_id":"36587","stop_lat":34.065484,"stop_lon":-118.376056,"stop_sequence":59,"segment_first_lat":34.0654804442,"segment_first_lon":-118.3762089152,"segment_second_lat":34.0693573249,"segment_second_lon":-118.3763310244,"segment_sequence":590001,"segment_id":30,"segment_len_meter":431.23617297521906,"segment_cum_len":21461.520349727707,"stop_segment_distance":14.29341343296511}
{"route_id":"105","stop_id":"5225","stop_lat":34.056864,"stop_lon":-118.375997,"stop_sequence":56,"segment_first_lat":34.0551018571,"segment_first_lon":-118.3761579538,"segment_second_lat":34.05686327,"segment_second_lon":-118.3761510167,"segment_sequence":550002,"segment_id":28,"segment_len_meter":195.86122082146494,"segment_cum_len":20071.968617375645,"stop_segment_distance":14.829081165991965}
{"route_id":"105","stop_id":"8138","stop_lat":34.003843,"stop_lon":-118.313651,"stop_sequence":22,"segment_first_lat":34.0037198679,"segment_first_lon":-118.3113216681,"segment_second_lat":34.00371631,"segment_second_lon":-118.3136510236,"segment_sequence":210003,"segment_id":11,"segment_len_meter":214.72207087729194,"segment_cum_len":8017.659312924679,"stop_segment_distance":14.520669707629139}
{"route_id":"110","stop_id":"2125","stop_lat":33.981512,"stop_lon":-118.222796,"stop_sequence":63,"segment_first_lat":33.9816408529,"segment_first_lon":-118.2232088085,"segment_second_lat":33.9816396914,"segment_second_lon":-118.2227964914,"segment_sequence":620004,"segment_id":31,"segment_len_meter":38.01779057365609,"segment_cum_len":21439.096561203765,"stop_segment_distance":16.851184176123347}
{"route_id":"117","stop_id":"7561","stop_lat":33.945355,"stop_lon":-118.352279,"stop_sequence":12,"segment_first_lat":33.9454588826,"segment_first_lon":-118.3522792977,"segment_second_lat":33.945460562,"segment_second_lon":-118.3491503579,"segment_sequence":120001,"segment_id":6,"segment_len_meter":288.6257309197,"segment_cum_len":5802.702041994209,"stop_segment_distance":11.762511640255298}
{"route_id":"120","stop_id":"11167","stop_lat":33.931049,"stop_lon":-118.181142,"stop_sequence":55,"segment_first_lat":33.9309239782,"segment_first_lon":-118.1811272127,"segment_second_lat":33.9308360798,"segment_second_lon":-118.1822000363,"segment_sequence":550001,"segment_id":28,"segment_len_meter":99.45980166738002,"segment_cum_len":24491.001146370687,"stop_segment_distance":14.95298543561752}
{"route_id":"158","stop_id":"11349","stop_lat":34.25008,"stop_lon":-118.597618,"stop_sequence":75,"segment_first_lat":34.2499804769,"segment_first_lon":-118.5976173244,"segment_second_lat":34.2499807751,"segment_second_lon":-118.5988913556,"segment_sequence":750001,"segment_id":38,"segment_len_meter":117.09953455195571,"segment_cum_len":30444.204099087925,"stop_segment_distance":11.523381550294403}
{"route_id":"163","stop_id":"3177","stop_lat":34.201052,"stop_lon":-118.492719,"stop_sequence":36,"segment_first_lat":34.2011978212,"segment_first_lon":-118.4933982809,"segment_second_lat":34.2011821887,"segment_second_lon":-118.4927165718,"segment_sequence":350005,"segment_id":18,"segment_len_meter":62.718060325082675,"segment_cum_len":12818.36009876016,"stop_segment_distance":16.30068072398106}
{"route_id":"165","stop_id":"30003","stop_lat":34.179294,"stop_lon":-118.312829,"stop_sequence":87,"segment_first_lat":34.1797573156,"segment_first_lon":-118.3133762865,"segment_second_lat":34.1793199747,"segment_second_lon":-118.3127983535,"segment_sequence":860017,"segment_id":43,"segment_len_meter":72.05047144015482,"segment_cum_len":33207.20699547438,"stop_segment_distance":4.018343538728061}
{"route_id":"165","stop_id":"4635","stop_lat":34.191708,"stop_lon":-118.33271,"stop_sequence":76,"segment_first_lat":34.1918092873,"segment_first_lon":-118.3327101849,"segment_second_lat":34.1918092537,"segment_second_lon":-118.332022366,"segment_sequence":760001,"segment_id":38,"segment_len_meter":63.26289843014618,"segment_cum_len":29233.802380174093,"stop_segment_distance":12.240003828453908}
{"route_id":"169","stop_id":"8518","stop_lat":34.201447,"stop_lon":-118.483508,"stop_sequence":80,"segment_first_lat":34.201445985,"segment_first_lon":-118.4836606348,"segment_second_lat":34.2021851828,"segment_second_lon":-118.4836576397,"segment_sequence":800001,"segment_id":40,"segment_len_meter":82.19550666928217,"segment_cum_len":33312.02785669988,"stop_segment_distance":15.069900405038723}
{"route_id":"176","stop_id":"30020","stop_lat":34.072197,"stop_lon":-118.045125,"stop_sequence":36,"segment_first_lat":34.0720155426,"segment_first_lon":-118.0444513297,"segment_second_lat":34.0720149716,"segment_second_lon":-118.0459768846,"segment_sequence":350010,"segment_id":18,"segment_len_meter":140.5136065433712,"segment_cum_len":13418.504966666935,"stop_segment_distance":5.766603869612339}
{"route_id":"180","stop_id":"18025","stop_lat":34.128385,"stop_lon":-118.258917,"stop_sequence":27,"segment_first_lat":34.1285144911,"segment_first_lon":-118.2589538015,"segment_second_lat":34.1285946673,"segment_second_lon":-118.2587260523,"segment_sequence":270002,"segment_id":14,"segment_len_meter":22.78015656550722,"segment_cum_len":8568.095469410486,"stop_segment_distance":21.208406274997017}
{"route_id":"180","stop_id":"3958","stop_lat":34.109809,"stop_lon":-118.291638,"stop_sequence":15,"segment_first_lat":34.1084653543,"segment_first_lon":-118.2917881499,"segment_second_lat":34.1098090626,"segment_second_lon":-118.2917898661,"segment_sequence":140003,"segment_id":7,"segment_len_meter":149.41362939412684,"segment_cum_len":4527.863940663204,"stop_segment_distance":14.61272757673521}
{"route_id":"180","stop_id":"9326","stop_lat":34.139104,"stop_lon":-118.198289,"stop_sequence":55,"segment_first_lat":34.1392223356,"segment_first_lon":-118.1982608925,"segment_second_lat":34.1392060624,"segment_second_lon":-118.1981303171,"segment_sequence":550001,"segment_id":28,"segment_len_meter":12.152769008343254,"segment_cum_len":16444.57479873839,"stop_segment_distance":19.75272933397052}
{"route_id":"20","stop_id":"16693","stop_lat":34.059279,"stop_lon":-118.442512,"stop_sequence":63,"segment_first_lat":34.0593506596,"segment_first_lon":-118.4417203161,"segment_second_lat":34.0591575008,"segment_second_lon":-118.4424661163,"segment_sequence":620005,"segment_id":31,"segment_len_meter":71.98247865928602,"segment_cum_len":19649.75330909163,"stop_segment_distance":15.537594771594428}
{"route_id":"200","stop_id":"3357","stop_lat":34.066451,"stop_lon":-118.270275,"stop_sequence":31,"segment_first_lat":34.0648159423,"segment_first_lon":-118.2714982446,"segment_second_lat":34.0665118947,"segment_second_lon":-118.2704111628,"segment_sequence":300002,"segment_id":15,"segment_len_meter":213.51790810188072,"segment_cum_len":7016.907814854467,"stop_segment_distance":14.630518119598946}
{"route_id":"204","stop_id":"5681","stop_lat":33.952662,"stop_lon":-118.291387,"stop_sequence":12,"segment_first_lat":33.9519034112,"segment_first_lon":-118.2915428462,"segment_second_lat":33.9526618263,"segment_second_lon":-118.2915398803,"segment_sequence":110003,"segment_id":6,"segment_len_meter":84.33235511731934,"segment_cum_len":3186.429395580077,"stop_segment_distance":15.336036010912977}
{"route_id":"207","stop_id":"5719","stop_lat":33.9337,"stop_lon":-118.308882,"stop_sequence":3,"segment_first_lat":33.9321852157,"segment_first_lon":-118.3090400133,"segment_second_lat":33.9336992948,"segment_second_lon":-118.3090350488,"segment_sequence":20001,"segment_id":1,"segment_len_meter":168.358537460974,"segment_cum_len":2571.362343160149,"stop_segment_distance":14.827451802400361}
{"route_id":"209","stop_id":"847","stop_lat":33.912391,"stop_lon":-118.326354,"stop_sequence":5,"segment_first_lat":33.9123931382,"segment_first_lon":-118.3265042792,"segment_second_lat":33.9127723605,"segment_second_lon":-118.3264971875,"segment_sequence":50001,"segment_id":3,"segment_len_meter":42.172673640876255,"segment_cum_len":1343.8092429965338,"stop_segment_distance":16.11335486574638}
{"route_id":"210","stop_id":"141023","stop_lat":33.964141,"stop_lon":-118.330543,"stop_sequence":59,"segment_first_lat":33.9641933159,"segment_first_lon":-118.330404408,"segment_second_lat":33.9640014734,"segment_second_lon":-118.3302189729,"segment_sequence":590002,"segment_id":30,"segment_len_meter":27.34067091089744,"segment_cum_len":18981.476510922996,"stop_segment_distance":20.372769312355242}
{"route_id":"210","stop_id":"4800","stop_lat":33.877144,"stop_lon":-118.344903,"stop_sequence":84,"segment_first_lat":33.8770576531,"segment_first_lon":-118.3446124146,"segment_second_lat":33.8769875097,"segment_second_lon":-118.3448302159,"segment_sequence":830005,"segment_id":42,"segment_len_meter":21.566743752477674,"segment_cum_len":29981.030258856455,"stop_segment_distance":25.579117033905536}
{"route_id":"222","stop_id":"3432","stop_lat":34.110363,"stop_lon":-118.331524,"stop_sequence":12,"segment_first_lat":34.1101819013,"segment_first_lon":-118.3315495484,"segment_second_lat":34.1102849731,"segment_second_lon":-118.3316401453,"segment_sequence":110029,"segment_id":6,"segment_len_meter":14.174797618454644,"segment_cum_len":3141.4681658510067,"stop_segment_distance":19.869420800526424}
{"route_id":"224","stop_id":"11307","stop_lat":34.161802,"stop_lon":-118.372553,"stop_sequence":10,"segment_first_lat":34.1610750352,"segment_first_lon":-118.3722914531,"segment_second_lat":34.1617473197,"segment_second_lon":-118.3726884803,"segment_sequence":90004,"segment_id":5,"segment_len_meter":83.20280866165385,"segment_cum_len":3058.149580132974,"stop_segment_distance":15.007206259407283}
{"route_id":"230","stop_id":"2913","stop_lat":34.255823,"stop_lon":-118.429198,"stop_sequence":17,"segment_first_lat":34.2572970182,"segment_first_lon":-118.4305594726,"segment_second_lat":34.2559055069,"segment_second_lon":-118.4290826018,"segment_sequence":160003,"segment_id":8,"segment_len_meter":205.82598864055308,"segment_cum_len":5849.448794120688,"stop_segment_distance":14.403481237835734}
{"route_id":"232","stop_id":"17009","stop_lat":33.861684,"stop_lon":-118.391983,"stop_sequence":69,"segment_first_lat":33.8612390811,"segment_first_lon":-118.3920142075,"segment_second_lat":33.8616571969,"segment_second_lon":-118.392131116,"segment_sequence":680008,"segment_id":34,"segment_len_meter":47.72908279363059,"segment_cum_len":27453.00966308308,"stop_segment_distance":15.824702392721782}
{"route_id":"239","stop_id":"9593","stop_lat":34.257564,"stop_lon":-118.523156,"stop_sequence":31,"segment_first_lat":34.2575663824,"segment_first_lon":-118.5233067556,"segment_second_lat":34.2577999711,"segment_second_lon":-118.523302925,"segment_sequence":310001,"segment_id":16,"segment_len_meter":25.976264070669878,"segment_cum_len":12174.66603304284,"stop_segment_distance":17.39077687165318}
{"route_id":"251","stop_id":"15862","stop_lat":34.079792,"stop_lon":-118.218593,"stop_sequence":5,"segment_first_lat":34.0805631449,"segment_first_lon":-118.2191499501,"segment_second_lat":34.0798520776,"segment_second_lon":-118.2184981777,"segment_sequence":40003,"segment_id":2,"segment_len_meter":99.27138086165633,"segment_cum_len":1160.5434502225528,"stop_segment_distance":11.641993110718062}
{"route_id":"256","stop_id":"10057","stop_lat":34.042272,"stop_lon":-118.173458,"stop_sequence":17,"segment_first_lat":34.0414828455,"segment_first_lon":-118.1736045398,"segment_second_lat":34.0422714757,"segment_second_lon":-118.1736091468,"segment_sequence":160003,"segment_id":8,"segment_len_meter":87.6927046285585,"segment_cum_len":3599.4119514419444,"stop_segment_distance":15.016594045164041}
{"route_id":"258","stop_id":"2170","stop_lat":34.115813,"stop_lon":-118.182395,"stop_sequence":1,"segment_first_lat":34.1159339097,"segment_first_lon":-118.1823318594,"segment_second_lat":34.1158250069,"segment_second_lon":-118.182025029,"segment_sequence":10001,"segment_id":1,"segment_len_meter":30.732723003159496,"segment_cum_len":30.732723003159496,"stop_segment_distance":17.999831554895362}
{"route_id":"258","stop_id":"6497","stop_lat":34.015039,"stop_lon":-118.168923,"stop_sequence":51,"segment_first_lat":34.0151287866,"segment_first_lon":-118.1688651146,"segment_second_lat":34.0148883009,"segment_second_lon":-118.16830927,"segment_sequence":510001,"segment_id":26,"segment_len_meter":57.790322005276316,"segment_cum_len":18799.657061191432,"stop_segment_distance":12.526017052390493}
{"route_id":"28","stop_id":"16153","stop_lat":34.044389,"stop_lon":-118.262556,"stop_sequence":59,"segment_first_lat":34.0442852816,"segment_first_lon":-118.2626519999,"segment_second_lat":34.0443718357,"segment_second_lon":-118.2627800198,"segment_sequence":590001,"segment_id":30,"segment_len_meter":15.223609179628598,"segment_cum_len":18160.500967912038,"stop_segment_distance":20.039135856122392}
{"route_id":"53","stop_id":"3444","stop_lat":33.908462,"stop_lon":-118.254352,"stop_sequence":13,"segment_first_lat":33.9067192001,"segment_first_lon":-118.2545148666,"segment_second_lat":33.9084619208,"segment_second_lon":-118.2544961008,"segment_sequence":120003,"segment_id":6,"segment_len_meter":193.78943867766316,"segment_cum_len":5397.422493087805,"stop_segment_distance":13.88125345103822}
{"route_id":"53","stop_id":"3705","stop_lat":33.943597,"stop_lon":-118.253902,"stop_sequence":30,"segment_first_lat":33.9435961926,"segment_first_lon":-118.2540871816,"segment_second_lat":33.9441237855,"segment_second_lon":-118.2540844956,"segment_sequence":300001,"segment_id":15,"segment_len_meter":58.66617703800767,"segment_cum_len":11608.258294870551,"stop_segment_distance":19.363261886679545}
{"route_id":"603","stop_id":"13801","stop_lat":34.140967,"stop_lon":-118.264531,"stop_sequence":7,"segment_first_lat":34.1416567687,"segment_first_lon":-118.2644111376,"segment_second_lat":34.1409670502,"segment_second_lon":-118.2644115994,"segment_sequence":60002,"segment_id":3,"segment_len_meter":76.6932097893269,"segment_cum_len":1748.5513746482445,"stop_segment_distance":11.783391651749014}
{"route_id":"605","stop_id":"3168","stop_lat":34.054863,"stop_lon":-118.203058,"stop_sequence":19,"segment_first_lat":34.0546215327,"segment_first_lon":-118.2028391694,"segment_second_lat":34.0547526678,"segment_second_lon":-118.2031293496,"segment_sequence":180008,"segment_id":9,"segment_len_meter":30.451158750476928,"segment_cum_len":5661.875377472775,"stop_segment_distance":17.042991144223606}
{"route_id":"611","stop_id":"6175","stop_lat":33.971242,"stop_lon":-118.222324,"stop_sequence":18,"segment_first_lat":33.9705547445,"segment_first_lon":-118.2224042135,"segment_second_lat":33.9712416997,"segment_second_lon":-118.2224086763,"segment_sequence":170004,"segment_id":9,"segment_len_meter":76.38704169594135,"segment_cum_len":5864.953025223709,"stop_segment_distance":8.198022569032872}
{"route_id":"66","stop_id":"1592","stop_lat":34.018749,"stop_lon":-118.188968,"stop_sequence":45,"segment_first_lat":34.0188756477,"segment_first_lon":-118.1889685379,"segment_second_lat":34.0188789546,"segment_second_lon":-118.1882590503,"segment_sequence":450001,"segment_id":23,"segment_len_meter":65.3904482334155,"segment_cum_len":13877.094976847433,"stop_segment_distance":15.61091692649299}
{"route_id":"704","stop_id":"6014","stop_lat":34.090704,"stop_lon":-118.361716,"stop_sequence":18,"segment_first_lat":34.0908187118,"segment_first_lon":-118.362717547,"segment_second_lat":34.0908305052,"segment_second_lon":-118.3617168402,"segment_sequence":170015,"segment_id":9,"segment_len_meter":92.16050693382566,"segment_cum_len":16140.061287395818,"stop_segment_distance":15.012925034209502}
{"route_id":"754","stop_id":"140950","stop_lat":34.039738,"stop_lon":-118.291707,"stop_sequence":12,"segment_first_lat":34.0397388244,"segment_first_lon":-118.2915551013,"segment_second_lat":34.0390683497,"segment_second_lon":-118.2915527652,"segment_sequence":120001,"segment_id":6,"segment_len_meter":74.55369582476014,"segment_cum_len":7694.4605176866535,"stop_segment_distance":15.248561704631555}
{"route_id":"78","stop_id":"2573","stop_lat":34.089067,"stop_lon":-118.170427,"stop_sequence":35,"segment_first_lat":34.0891897402,"segment_first_lon":-118.1704536676,"segment_second_lat":34.0896949776,"segment_second_lon":-118.1671790101,"segment_sequence":350001,"segment_id":18,"segment_len_meter":306.7438519481627,"segment_cum_len":12592.897763826037,"stop_segment_distance":14.26609113904567}
{"route_id":"92","stop_id":"3402","stop_lat":34.146563,"stop_lon":-118.254839,"stop_sequence":48,"segment_first_lat":34.1465627281,"segment_first_lon":-118.2549931302,"segment_second_lat":34.1480878025,"segment_second_lon":-118.2549921649,"segment_sequence":480001,"segment_id":24,"segment_len_meter":169.58055930173367,"segment_cum_len":14147.731896769674,"stop_segment_distance":14.738527180961682}
{"route_id":"94","stop_id":"2232","stop_lat":34.136899,"stop_lon":-118.26505,"stop_sequence":65,"segment_first_lat":34.1370491839,"segment_first_lon":-118.2653879558,"segment_second_lat":34.1370389538,"segment_second_lon":-118.2650409354,"segment_sequence":640016,"segment_id":32,"segment_len_meter":31.958545557106444,"segment_cum_len":26915.482363937906,"stop_segment_distance":18.929517352065286}
{"route_id":"94","stop_id":"4255","stop_lat":34.084024,"stop_lon":-118.222749,"stop_sequence":82,"segment_first_lat":34.0845320526,"segment_first_lon":-118.2231168281,"segment_second_lat":34.0841147134,"segment_second_lon":-118.2226361841,"segment_sequence":810003,"segment_id":41,"segment_len_meter":64.13127905304029,"segment_cum_len":34074.44777303447,"stop_segment_distance":16.219868547429243}
