{"route_id":"10","stop_id":"11706","stop_lat":34.082081,"stop_lon":-118.376851,"stop_sequence":63,"segment_first_lat":34.0819531085,"segment_first_lon":-118.3768474062,"segment_second_lat":34.0819395562,"segment_second_lon":-118.3773156371,"segment_sequence":630001,"segment_id":32,"segment_len_meter":43.148397286209715,"segment_cum_len":17598.940663647994,"stop_segment_distance":16.666253694426928}
{"route_id":"105","stop_id":"7099","stop_lat":34.004619,"stop_lon":-118.227381,"stop_sequence":1,"segment_first_lat":34.0046256348,"segment_first_lon":-118.2274511155,"segment_second_lat":34.0039151436,"segment_second_lon":-118.2275409081,"segment_sequence":10001,"segment_id":1,"segment_len_meter":79.43542636911992,"segment_cum_len":79.43542636911992,"stop_segment_distance":6.711025058058567}
{"route_id":"108","stop_id":"7961","stop_lat":33.98898,"stop_lon":-118.319774,"stop_sequence":28,"segment_first_lat":33.9890995375,"segment_first_lon":-118.3203654342,"segment_second_lat":33.989107415,"segment_second_lon":-118.3197782755,"segment_sequence":270005,"segment_id":14,"segment_len_meter":54.14111954587191,"segment_cum_len":9884.952123514806,"stop_segment_distance":16.157192308751156}
{"route_id":"115","stop_id":"3128","stop_lat":33.959854,"stop_lon":-118.340442,"stop_sequence":24,"segment_first_lat":33.9599713907,"segment_first_lon":-118.342658378,"segment_second_lat":33.9599801382,"segment_second_lon":-118.34044238,"segment_sequence":230007,"segment_id":12,"segment_len_meter":204.37978872614156,"segment_cum_len":5407.986713770708,"stop_segment_distance":14.47520428767291}
{"route_id":"120","stop_id":"14855","stop_lat":33.941992,"stop_lon":-118.064312,"stop_sequence":25,"segment_first_lat":33.9418644033,"segment_first_lon":-118.0643122609,"segment_second_lat":33.9418494203,"segment_second_lon":-118.0685652987,"segment_sequence":250001,"segment_id":13,"segment_len_meter":392.337017791266,"segment_cum_len":9655.292750650151,"stop_segment_distance":14.528543847196943}
{"route_id":"150","stop_id":"7032","stop_lat":34.164255,"stop_lon":-118.524175,"stop_sequence":33,"segment_first_lat":34.1644761738,"segment_first_lon":-118.5244208997,"segment_second_lat":34.1643728057,"segment_second_lon":-118.5241147985,"segment_sequence":320006,"segment_id":16,"segment_len_meter":30.41832133961542,"segment_cum_len":11690.682485619007,"stop_segment_distance":17.220918924403865}
{"route_id":"150","stop_id":"7055","stop_lat":34.151222,"stop_lon":-118.451213,"stop_sequence":51,"segment_first_lat":34.1513991346,"segment_first_lon":-118.4515078057,"segment_second_lat":34.1513442866,"segment_second_lon":-118.4511839268,"segment_sequence":500003,"segment_id":25,"segment_len_meter":30.421010266830603,"segment_cum_len":18572.654810870063,"stop_segment_distance":16.961707293581537}
{"route_id":"158","stop_id":"7023","stop_lat":34.149208,"stop_lon":-118.439088,"stop_sequence":2,"segment_first_lat":34.1493318502,"segment_first_lon":-118.4390593396,"segment_second_lat":34.149197396,"segment_second_lon":-118.4382488718,"segment_sequence":20001,"segment_id":1,"segment_len_meter":76.06499931286223,"segment_cum_len":1041.2534686746806,"stop_segment_distance":15.184496385840191}
{"route_id":"161","stop_id":"11476","stop_lat":34.14387,"stop_lon":-118.80884,"stop_sequence":46,"segment_first_lat":34.1439401511,"segment_first_lon":-118.8082594557,"segment_second_lat":34.1437002712,"segment_second_lon":-118.8087089301,"segment_sequence":450009,"segment_id":23,"segment_len_meter":49.21875934290867,"segment_cum_len":27651.5431036614,"stop_segment_distance":27.172522475494304}
{"route_id":"163","stop_id":"6238","stop_lat":34.200995,"stop_lon":-118.544447,"stop_sequence":23,"segment_first_lat":34.2011220089,"segment_first_lon":-118.5444480171,"segment_second_lat":34.2011196445,"segment_second_lon":-118.5436906483,"segment_sequence":230001,"segment_id":12,"segment_len_meter":69.65263065364913,"segment_cum_len":8112.36908731576,"stop_segment_distance":15.396446512804076}
{"route_id":"165","stop_id":"732","stop_lat":34.19385,"stop_lon":-118.36384,"stop_sequence":68,"segment_first_lat":34.1939735207,"segment_first_lon":-118.3648288887,"segment_second_lat":34.1939764987,"segment_second_lon":-118.3638401355,"segment_sequence":670003,"segment_id":34,"segment_len_meter":90.93992828603463,"segment_cum_len":26220.9595038807,"stop_segment_distance":15.109170414469233}
{"route_id":"169","stop_id":"6083","stop_lat":34.208364,"stop_lon":-118.374841,"stop_sequence":121,"segment_first_lat":34.2084674846,"segment_first_lon":-118.3768586896,"segment_second_lat":34.2084635852,"segment_second_lon":-118.3748411058,"segment_sequence":1200003,"segment_id":60,"segment_len_meter":185.533332860798,"segment_cum_len":48121.9227714923,"stop_segment_distance":11.439181651283832}
{"route_id":"18","stop_id":"8278","stop_lat":34.031659,"stop_lon":-118.209949,"stop_sequence":41,"segment_first_lat":34.0317700756,"segment_first_lon":-118.2098765269,"segment_second_lat":34.0313723529,"segment_second_lon":-118.2089877029,"segment_sequence":410001,"segment_id":21,"segment_len_meter":93.08249555730761,"segment_cum_len":11412.557013900176,"stop_segment_distance":15.102374923329592}
{"route_id":"18","stop_id":"8321","stop_lat":34.029343,"stop_lon":-118.204877,"stop_sequence":43,"segment_first_lat":34.0298394431,"segment_first_lon":-118.2055547488,"segment_second_lat":34.0294805066,"segment_second_lon":-118.2047848749,"segment_sequence":420005,"segment_id":21,"segment_len_meter":81.4019422081566,"segment_cum_len":11853.319779339317,"stop_segment_distance":19.441832831476134}
{"route_id":"201","stop_id":"4200","stop_lat":34.137342,"stop_lon":-118.264526,"stop_sequence":20,"segment_first_lat":34.1373398643,"segment_first_lon":-118.2644054122,"segment_second_lat":34.1368040201,"segment_second_lon":-118.2644090045,"segment_sequence":200001,"segment_id":10,"segment_len_meter":59.584073791174276,"segment_cum_len":4780.959566919975,"stop_segment_distance":12.298834759539261}
{"route_id":"205","stop_id":"5399","stop_lat":33.743376,"stop_lon":-118.288207,"stop_sequence":26,"segment_first_lat":33.7433027692,"segment_first_lon":-118.287878113,"segment_second_lat":33.7433039053,"segment_second_lon":-118.2882070324,"segment_sequence":250013,"segment_id":13,"segment_len_meter":30.412946832768338,"segment_cum_len":6255.636293302974,"stop_segment_distance":9.084646252017453}
{"route_id":"206","stop_id":"13763","stop_lat":33.978654,"stop_lon":-118.30038,"stop_sequence":50,"segment_first_lat":33.9791572752,"segment_first_lon":-118.3002565039,"segment_second_lat":33.978654408,"segment_second_lon":-118.3002599782,"segment_sequence":490004,"segment_id":25,"segment_len_meter":55.91719910816345,"segment_cum_len":15248.568236997817,"stop_segment_distance":12.258317782565051}
{"route_id":"207","stop_id":"5750","stop_lat":33.95621,"stop_lon":-118.30884,"stop_sequence":11,"segment_first_lat":33.9545363843,"segment_first_lon":-118.3089922276,"segment_second_lat":33.9562098285,"segment_second_lon":-118.3089924653,"segment_sequence":100003,"segment_id":5,"segment_len_meter":186.07850635446306,"segment_cum_len":5074.476105964806,"stop_segment_distance":14.610202091944672}
{"route_id":"209","stop_id":"126","stop_lat":34.014466,"stop_lon":-118.318116,"stop_sequence":39,"segment_first_lat":34.0108133196,"segment_first_lon":-118.3182344593,"segment_second_lat":34.0144652341,"segment_second_lon":-118.3182354744,"segment_sequence":380002,"segment_id":19,"segment_len_meter":406.0743757189906,"segment_cum_len":13488.884495432776,"stop_segment_distance":11.244058289294287}
{"route_id":"209","stop_id":"5601","stop_lat":33.935683,"stop_lon":-118.317649,"stop_sequence":13,"segment_first_lat":33.9350422888,"segment_first_lon":-118.3177653383,"segment_second_lat":33.9356825322,"segment_second_lon":-118.3177677666,"segment_sequence":120004,"segment_id":6,"segment_len_meter":71.19217036750338,"segment_cum_len":4695.937251113936,"stop_segment_distance":11.81244520427532}
{"route_id":"230","stop_id":"2906","stop_lat":34.190408,"stop_lon":-118.396628,"stop_sequence":37,"segment_first_lat":34.1921372941,"segment_first_lon":-118.3964673247,"segment_second_lat":34.1904088556,"segment_second_lon":-118.3964716863,"segment_sequence":360002,"segment_id":18,"segment_len_meter":192.1940108931293,"segment_cum_len":14251.151584139741,"stop_segment_distance":15.039458709596317}
{"route_id":"237","stop_id":"504","stop_lat":34.172276,"stop_lon":-118.431516,"stop_sequence":44,"segment_first_lat":34.1721489541,"segment_first_lon":-118.4315158127,"segment_second_lat":34.17215005,"segment_second_lon":-118.4322861293,"segment_sequence":440001,"segment_id":22,"segment_len_meter":70.86733198237256,"segment_cum_len":16903.273866094256,"stop_segment_distance":15.48041066705656}
{"route_id":"246","stop_id":"5408","stop_lat":33.741767,"stop_lon":-118.287735,"stop_sequence":21,"segment_first_lat":33.7414919505,"segment_first_lon":-118.2878883506,"segment_second_lat":33.741766732,"segment_second_lon":-118.2878873192,"segment_sequence":200004,"segment_id":10,"segment_len_meter":30.55445756882335,"segment_cum_len":4478.9220192713565,"stop_segment_distance":17.24081904783993}
{"route_id":"252","stop_id":"3928","stop_lat":34.049739,"stop_lon":-118.205736,"stop_sequence":9,"segment_first_lat":34.0494582924,"segment_first_lon":-118.2060849205,"segment_second_lat":34.0497960932,"segment_second_lon":-118.2058721651,"segment_sequence":80007,"segment_id":4,"segment_len_meter":42.36857997504774,"segment_cum_len":3111.9950647691053,"stop_segment_distance":16.4981666420664}
{"route_id":"260","stop_id":"10404","stop_lat":34.120276,"stop_lon":-118.150419,"stop_sequence":22,"segment_first_lat":34.1238457295,"segment_first_lon":-118.1502720672,"segment_second_lat":34.1202759337,"segment_second_lon":-118.1503016637,"segment_sequence":210001,"segment_id":11,"segment_len_meter":396.9525315360587,"segment_cum_len":7026.357074267647,"stop_segment_distance":11.014932903407328}
{"route_id":"28","stop_id":"16154","stop_lat":34.043225,"stop_lon":-118.260684,"stop_sequence":58,"segment_first_lat":34.0431226089,"segment_first_lon":-118.2607730873,"segment_second_lat":34.0436981873,"segment_second_lon":-118.2617083928,"segment_sequence":580001,"segment_id":29,"segment_len_meter":107.34349609947903,"segment_cum_len":18036.548781340443,"stop_segment_distance":14.752398336479146}
{"route_id":"33","stop_id":"6961","stop_lat":34.043446,"stop_lon":-118.309175,"stop_sequence":54,"segment_first_lat":34.0435697746,"segment_first_lon":-118.3101363468,"segment_second_lat":34.043572238,"segment_second_lon":-118.3091757764,"segment_sequence":530003,"segment_id":27,"segment_len_meter":88.50494127540681,"segment_cum_len":17823.966341826712,"stop_segment_distance":15.171275292775107}
{"route_id":"344","stop_id":"2389","stop_lat":33.780886,"stop_lon":-118.369648,"stop_sequence":18,"segment_first_lat":33.780912596,"segment_first_lon":-118.3697967754,"segment_second_lat":33.7810701881,"segment_second_lon":-118.3697504135,"segment_sequence":180001,"segment_id":9,"segment_len_meter":18.039704843093357,"segment_cum_len":7954.665364438451,"stop_segment_distance":18.58703719783364}
{"route_id":"35","stop_id":"7769","stop_lat":34.025423,"stop_lon":-118.348517,"stop_sequence":11,"segment_first_lat":34.0255462044,"segment_first_lon":-118.3494679608,"segment_second_lat":34.0255489521,"segment_second_lon":-118.3485174992,"segment_sequence":100003,"segment_id":5,"segment_len_meter":87.59225842525058,"segment_cum_len":3863.3172275945803,"stop_segment_distance":15.115165929188692}
{"route_id":"45","stop_id":"13261","stop_lat":33.964316,"stop_lon":-118.278415,"stop_sequence":48,"segment_first_lat":33.965069513,"segment_first_lon":-118.2782686047,"segment_second_lat":33.9643166122,"segment_second_lon":-118.2782634649,"segment_sequence":470003,"segment_id":24,"segment_len_meter":83.72009111214683,"segment_cum_len":15869.815366201481,"stop_segment_distance":15.122767632982729}
{"route_id":"460","stop_id":"2661","stop_lat":33.916977,"stop_lon":-118.098897,"stop_sequence":18,"segment_first_lat":33.9171022036,"segment_first_lon":-118.0988975852,"segment_second_lat":33.9171067451,"segment_second_lon":-118.0980472316,"segment_sequence":190001,"segment_id":10,"segment_len_meter":78.46769451870621,"segment_cum_len":34033.19634972368,"stop_segment_distance":15.1827042673238}
{"route_id":"665","stop_id":"32034","stop_lat":34.019137,"stop_lon":-118.192121,"stop_sequence":21,"segment_first_lat":34.01977672,"segment_first_lon":-118.1922441844,"segment_second_lat":34.0189990824,"segment_second_lon":-118.1922397583,"segment_sequence":190010,"segment_id":10,"segment_len_meter":86.47031809386515,"segment_cum_len":7584.972242397399,"stop_segment_distance":4.404599057054355}
{"route_id":"794","stop_id":"40","stop_lat":34.048591,"stop_lon":-118.251764,"stop_sequence":6,"segment_first_lat":34.0473849132,"segment_first_lon":-118.2531139409,"segment_second_lat":34.0486556839,"segment_second_lon":-118.2518564136,"segment_sequence":50003,"segment_id":3,"segment_len_meter":182.72926845875153,"segment_cum_len":2172.207728709989,"stop_segment_distance":11.322042678727342}
{"route_id":"910","stop_id":"10848","stop_lat":34.017818,"stop_lon":-118.280305,"stop_sequence":16,"segment_first_lat":34.0179835595,"segment_first_lon":-118.2801142964,"segment_second_lat":34.0177849851,"segment_second_lon":-118.2801911804,"segment_sequence":150029,"segment_id":8,"segment_len_meter":23.189630339782884,"segment_cum_len":25394.655709428087,"stop_segment_distance":13.376918632939425}
{"route_id":"92","stop_id":"13547","stop_lat":34.181721,"stop_lon":-118.303967,"stop_sequence":69,"segment_first_lat":34.1810224575,"segment_first_lon":-118.3032370231,"segment_second_lat":34.1816282076,"segment_second_lon":-118.3040661564,"segment_sequence":680007,"segment_id":34,"segment_len_meter":101.75449681717126,"segment_cum_len":20809.101954279624,"stop_segment_distance":14.692615122302513}
