{"route_id":"105","stop_id":"16417","stop_lat":34.003895,"stop_lon":-118.282469,"stop_sequence":15,"segment_first_lat":34.0037792181,"segment_first_lon":-118.28156469,"segment_second_lat":34.0037683203,"segment_second_lon":-118.2824653863,"segment_sequence":140010,"segment_id":7,"segment_len_meter":83.03563672272813,"segment_cum_len":5142.902217095589,"stop_segment_distance":15.402606565138797}
{"route_id":"106","stop_id":"16907","stop_lat":34.061094,"stop_lon":-118.208818,"stop_sequence":36,"segment_first_lat":34.0615754392,"segment_first_lon":-118.2098258389,"segment_second_lat":34.06115655,"segment_second_lon":-118.2087817984,"segment_sequence":350009,"segment_id":18,"segment_len_meter":106.86057949906296,"segment_cum_len":12370.382541908792,"stop_segment_distance":8.021658067101953}
{"route_id":"108","stop_id":"1641","stop_lat":33.989206,"stop_lon":-118.252328,"stop_sequence":47,"segment_first_lat":33.9893237673,"segment_first_lon":-118.2564384653,"segment_second_lat":33.9893324321,"segment_second_lon":-118.2523281659,"segment_sequence":460002,"segment_id":23,"segment_len_meter":378.9558350593971,"segment_cum_len":16103.733999573647,"stop_segment_distance":14.299149176578908}
{"route_id":"120","stop_id":"10536","stop_lat":33.935425,"stop_lon":-118.082156,"stop_sequence":28,"segment_first_lat":33.9352969448,"segment_first_lon":-118.0821554437,"segment_second_lat":33.9352953391,"segment_second_lon":-118.0824950002,"segment_sequence":280001,"segment_id":14,"segment_len_meter":31.326270701896178,"segment_cum_len":11673.930775168337,"stop_segment_distance":17.35064160016759}
{"route_id":"127","stop_id":"14680","stop_lat":33.896509,"stop_lon":-118.164124,"stop_sequence":27,"segment_first_lat":33.8964142167,"segment_first_lon":-118.1627793626,"segment_second_lat":33.8964074476,"segment_second_lon":-118.1641237721,"segment_sequence":260004,"segment_id":13,"segment_len_meter":124.08730022763925,"segment_cum_len":10983.760238339706,"stop_segment_distance":11.757523440817153}
{"route_id":"127","stop_id":"9287","stop_lat":33.894562,"stop_lon":-118.133878,"stop_sequence":19,"segment_first_lat":33.8945618906,"segment_first_lon":-118.1339952154,"segment_second_lat":33.8952021292,"segment_second_lon":-118.134000852,"segment_sequence":190001,"segment_id":10,"segment_len_meter":71.19318507792252,"segment_cum_len":8053.567912090755,"stop_segment_distance":11.702328887983867}
{"route_id":"130","stop_id":"13000069","stop_lat":33.873002,"stop_lon":-118.364134,"stop_sequence":65,"segment_first_lat":33.872871172,"segment_first_lon":-118.3629145025,"segment_second_lat":33.8728746393,"segment_second_lon":-118.3641333885,"segment_sequence":640004,"segment_id":32,"segment_len_meter":112.5312727986841,"segment_cum_len":31073.60179806192,"stop_segment_distance":15.153635016692888}
{"route_id":"14","stop_id":"7456","stop_lat":34.032568,"stop_lon":-118.315334,"stop_sequence":18,"segment_first_lat":34.0326659872,"segment_first_lon":-118.3155286109,"segment_second_lat":34.0326664959,"segment_second_lon":-118.3153338815,"segment_sequence":170003,"segment_id":9,"segment_len_meter":17.94426832339418,"segment_cum_len":6088.738405734531,"stop_segment_distance":13.991737140916122}
{"route_id":"154","stop_id":"12672","stop_lat":34.179513,"stop_lon":-118.427193,"stop_sequence":43,"segment_first_lat":34.1794154502,"segment_first_lon":-118.4271922816,"segment_second_lat":34.1794154845,"segment_second_lon":-118.4284255475,"segment_sequence":430001,"segment_id":22,"segment_len_meter":113.44765217348926,"segment_cum_len":16943.856506547898,"stop_segment_distance":11.298408635588345}
{"route_id":"158","stop_id":"8711","stop_lat":34.25128,"stop_lon":-118.435654,"stop_sequence":38,"segment_first_lat":34.2512149659,"segment_first_lon":-118.4357423851,"segment_second_lat":34.2521747192,"segment_second_lon":-118.4367577022,"segment_sequence":380001,"segment_id":19,"segment_len_meter":141.76545429375753,"segment_cum_len":14465.044668351333,"stop_segment_distance":11.19639026275226}
{"route_id":"16","stop_id":"15693","stop_lat":34.047647,"stop_lon":-118.24981,"stop_sequence":4,"segment_first_lat":34.0475710781,"segment_first_lon":-118.2498830447,"segment_second_lat":34.0477893785,"segment_second_lon":-118.2502233821,"segment_sequence":40001,"segment_id":2,"segment_len_meter":39.65400221125945,"segment_cum_len":1338.6231600023834,"stop_segment_distance":12.387871869633784}
{"route_id":"166","stop_id":"9560","stop_lat":34.257365,"stop_lon":-118.597627,"stop_sequence":2,"segment_first_lat":34.2572395934,"segment_first_lon":-118.5976295897,"segment_second_lat":34.2572453132,"segment_second_lon":-118.5985298022,"segment_sequence":20001,"segment_id":1,"segment_len_meter":82.73618209378999,"segment_cum_len":1446.2279004906768,"stop_segment_distance":15.242669055803674}
{"route_id":"167","stop_id":"12512","stop_lat":34.235359,"stop_lon":-118.531874,"stop_sequence":22,"segment_first_lat":34.2354899661,"segment_first_lon":-118.5326917839,"segment_second_lat":34.235484507,"segment_second_lon":-118.5318712213,"segment_sequence":210003,"segment_id":11,"segment_len_meter":75.43547807702531,"segment_cum_len":8944.507120730002,"stop_segment_distance":15.097748798864885}
{"route_id":"169","stop_id":"14562","stop_lat":34.201067,"stop_lon":-118.629916,"stop_sequence":44,"segment_first_lat":34.2009923566,"segment_first_lon":-118.6294494201,"segment_second_lat":34.2009830599,"segment_second_lon":-118.6299156696,"segment_sequence":430009,"segment_id":22,"segment_len_meter":42.891600919934454,"segment_cum_len":17918.91963383049,"stop_segment_distance":10.147026108837714}
{"route_id":"176","stop_id":"11750","stop_lat":34.089612,"stop_lon":-118.086753,"stop_sequence":55,"segment_first_lat":34.0894956002,"segment_first_lon":-118.0868135399,"segment_second_lat":34.08978712,"segment_second_lon":-118.0876147643,"segment_sequence":550001,"segment_id":28,"segment_len_meter":80.58936711539637,"segment_cum_len":21721.72301398957,"stop_segment_distance":15.214979983478699}
{"route_id":"180","stop_id":"760","stop_lat":34.146144,"stop_lon":-118.132179,"stop_sequence":74,"segment_first_lat":34.1461436944,"segment_first_lon":-118.1323309816,"segment_second_lat":34.1465256479,"segment_second_lon":-118.1323315864,"segment_sequence":740001,"segment_id":37,"segment_len_meter":42.471327882042054,"segment_cum_len":22886.686025522722,"stop_segment_distance":16.215056299626113}
{"route_id":"20","stop_id":"16671","stop_lat":34.064224,"stop_lon":-118.371207,"stop_sequence":43,"segment_first_lat":34.0640275118,"segment_first_lon":-118.3706511073,"segment_second_lat":34.0640963619,"segment_second_lon":-118.3712275725,"segment_sequence":420004,"segment_id":21,"segment_len_meter":53.650244370974825,"segment_cum_len":12637.787469312028,"stop_segment_distance":16.340888703883188}
{"route_id":"202","stop_id":"14296","stop_lat":33.787521,"stop_lon":-118.250836,"stop_sequence":48,"segment_first_lat":33.7878369414,"segment_first_lon":-118.2507713139,"segment_second_lat":33.787523462,"segment_second_lon":-118.2507496447,"segment_sequence":470008,"segment_id":24,"segment_len_meter":34.914794636046565,"segment_cum_len":24090.17000210029,"stop_segment_distance":8.706458111569177}
{"route_id":"204","stop_id":"7087","stop_lat":34.088612,"stop_lon":-118.291577,"stop_sequence":61,"segment_first_lat":34.0876970488,"segment_first_lon":-118.2917255972,"segment_second_lat":34.0886120839,"segment_second_lon":-118.2917287891,"segment_sequence":600003,"segment_id":30,"segment_len_meter":101.74768540256066,"segment_cum_len":18306.614994280902,"stop_segment_distance":14.884442383130036}
{"route_id":"207","stop_id":"65300081","stop_lat":34.053059,"stop_lon":-118.308901,"stop_sequence":41,"segment_first_lat":34.0530582073,"segment_first_lon":-118.3090540174,"segment_second_lat":34.0535583113,"segment_second_lon":-118.3090575155,"segment_sequence":410001,"segment_id":21,"segment_len_meter":55.60996140445039,"segment_cum_len":15899.519561677058,"stop_segment_distance":15.85011413904165}
{"route_id":"224","stop_id":"11330","stop_lat":34.158352,"stop_lon":-118.370494,"stop_sequence":8,"segment_first_lat":34.1582608882,"segment_first_lon":-118.3706030276,"segment_second_lat":34.1587820576,"segment_second_lon":-118.3709061413,"segment_sequence":80002,"segment_id":4,"segment_len_meter":64.31351381634039,"segment_cum_len":2689.883286632184,"stop_segment_distance":10.975729655776462}
{"route_id":"233","stop_id":"15142","stop_lat":34.175625,"stop_lon":-118.448376,"stop_sequence":9,"segment_first_lat":34.1724096666,"segment_first_lon":-118.4485255509,"segment_second_lat":34.175624697,"segment_second_lon":-118.4485282646,"segment_sequence":80001,"segment_id":4,"segment_len_meter":357.4951566567215,"segment_cum_len":2808.9766488788623,"stop_segment_distance":14.305648199254165}
{"route_id":"265","stop_id":"583","stop_lat":33.853908,"stop_lon":-118.143035,"stop_sequence":3,"segment_first_lat":33.8538026088,"segment_first_lon":-118.1430345829,"segment_second_lat":33.8537945937,"segment_second_lon":-118.1439962649,"segment_sequence":30001,"segment_id":2,"segment_len_meter":88.80920258290091,"segment_cum_len":839.3422765217753,"stop_segment_distance":12.567221643100197}
{"route_id":"266","stop_id":"140940","stop_lat":34.148448,"stop_lon":-118.080921,"stop_sequence":79,"segment_first_lat":34.1483992015,"segment_first_lon":-118.0795985817,"segment_second_lat":34.1484106893,"segment_second_lon":-118.0809206274,"segment_sequence":780007,"segment_id":39,"segment_len_meter":121.66585767111498,"segment_cum_len":38752.90925735165,"stop_segment_distance":4.297369584368312}
{"route_id":"266","stop_id":"17813","stop_lat":33.887174,"stop_lon":-118.142508,"stop_sequence":12,"segment_first_lat":33.8871740187,"segment_first_lon":-118.1426612232,"segment_second_lat":33.8874597901,"segment_second_lon":-118.1426636864,"segment_sequence":120001,"segment_id":6,"segment_len_meter":31.77714330533274,"segment_cum_len":6412.061326026727,"stop_segment_distance":17.243230973577877}
{"route_id":"266","stop_id":"17836","stop_lat":33.933005,"stop_lon":-118.125662,"stop_sequence":27,"segment_first_lat":33.9315994187,"segment_first_lon":-118.1268923935,"segment_second_lat":33.933071766,"segment_second_lon":-118.125791583,"segment_sequence":260003,"segment_id":13,"segment_len_meter":192.65931477716924,"segment_cum_len":11925.352100706197,"stop_segment_distance":14.579167400037846}
{"route_id":"267","stop_id":"3684","stop_lat":34.190861,"stop_lon":-118.158565,"stop_sequence":76,"segment_first_lat":34.189720208,"segment_first_lon":-118.1590819722,"segment_second_lat":34.19089294,"segment_second_lon":-118.1587098792,"segment_sequence":750002,"segment_id":38,"segment_len_meter":134.81818473534548,"segment_cum_len":24630.30505302877,"stop_segment_distance":14.44207463806086}
{"route_id":"268","stop_id":"10277","stop_lat":34.169072,"stop_lon":-118.13209,"stop_sequence":70,"segment_first_lat":34.1689794105,"segment_first_lon":-118.1315076155,"segment_second_lat":34.1689743798,"segment_second_lon":-118.1320894464,"segment_sequence":690003,"segment_id":35,"segment_len_meter":53.53194258128381,"segment_cum_len":26586.8258434733,"stop_segment_distance":11.883150994723657}
{"route_id":"30","stop_id":"30000","stop_lat":34.055394,"stop_lon":-118.233118,"stop_sequence":38,"segment_first_lat":34.0554015379,"segment_first_lon":-118.2331926585,"segment_second_lat":34.0558968764,"segment_second_lon":-118.2331032496,"segment_sequence":380001,"segment_id":19,"segment_len_meter":55.69159876204993,"segment_cum_len":14566.95630235456,"stop_segment_distance":7.170983731480675}
{"route_id":"344","stop_id":"2412","stop_lat":33.825862,"stop_lon":-118.351382,"stop_sequence":27,"segment_first_lat":33.8255654527,"segment_first_lon":-118.3514597691,"segment_second_lat":33.8258331482,"segment_second_lon":-118.3515343111,"segment_sequence":260015,"segment_id":13,"segment_len_meter":30.552420668187157,"segment_cum_len":14065.294781498817,"stop_segment_distance":17.626211571861344}
{"route_id":"40","stop_id":"11256","stop_lat":34.01102,"stop_lon":-118.292016,"stop_sequence":27,"segment_first_lat":34.0108559679,"segment_first_lon":-118.292015445,"segment_second_lat":34.0108632369,"segment_second_lon":-118.2930977618,"segment_sequence":270001,"segment_id":14,"segment_len_meter":99.76364471241013,"segment_cum_len":10564.964730166483,"stop_segment_distance":19.697291635080163}
{"route_id":"460","stop_id":"2377","stop_lat":34.039881,"stop_lon":-118.267103,"stop_sequence":9,"segment_first_lat":34.0398324525,"segment_first_lon":-118.2669950907,"segment_second_lat":34.0396057107,"segment_second_lon":-118.2671386122,"segment_sequence":90001,"segment_id":5,"segment_len_meter":28.470236440368424,"segment_cum_len":3243.296453443008,"stop_segment_distance":13.629737564831643}
{"route_id":"53","stop_id":"4876","stop_lat":33.952987,"stop_lon":-118.256199,"stop_sequence":34,"segment_first_lat":33.9529332891,"segment_first_lon":-118.2563428868,"segment_second_lat":33.9529972492,"segment_second_lon":-118.2563734184,"segment_sequence":340001,"segment_id":17,"segment_len_meter":7.649284079653566,"segment_cum_len":12665.54928150591,"stop_segment_distance":23.032076966165093}
{"route_id":"53","stop_id":"8634","stop_lat":34.04625,"stop_lon":-118.247677,"stop_sequence":75,"segment_first_lat":34.0461737789,"segment_first_lon":-118.2477533208,"segment_second_lat":34.0463677386,"segment_second_lon":-118.2480404276,"segment_sequence":750001,"segment_id":38,"segment_len_meter":34.13036766662839,"segment_cum_len":23897.005168120664,"stop_segment_distance":12.834907502424223}
{"route_id":"601","stop_id":"974","stop_lat":34.173577,"stop_lon":-118.588409,"stop_sequence":11,"segment_first_lat":34.1738302451,"segment_first_lon":-118.5882914655,"segment_second_lat":34.1735938296,"segment_second_lon":-118.588254425,"segment_sequence":100030,"segment_id":5,"segment_len_meter":26.508135031837725,"segment_cum_len":4665.076132667979,"stop_segment_distance":17.998891198932874}
{"route_id":"602","stop_id":"8010","stop_lat":34.043038,"stop_lon":-118.520715,"stop_sequence":18,"segment_first_lat":34.0433447131,"segment_first_lon":-118.5208756941,"segment_second_lat":34.0431334595,"segment_second_lon":-118.5206070003,"segment_sequence":170010,"segment_id":9,"segment_len_meter":34.12766791796534,"segment_cum_len":4774.085531879508,"stop_segment_distance":17.602068485944955}
{"route_id":"70","stop_id":"3172","stop_lat":34.054495,"stop_lon":-118.197936,"stop_sequence":25,"segment_first_lat":34.0543475297,"segment_first_lon":-118.2007256241,"segment_second_lat":34.0545675564,"segment_second_lon":-118.1979424241,"segment_sequence":240008,"segment_id":12,"segment_len_meter":257.56866702874584,"segment_cum_len":8746.748892164811,"stop_segment_distance":8.039519473679547}
{"route_id":"720","stop_id":"104703","stop_lat":34.046606,"stop_lon":-118.248203,"stop_sequence":12,"segment_first_lat":34.0465282769,"segment_first_lon":-118.2482772602,"segment_second_lat":34.0467019651,"segment_second_lon":-118.2485332791,"segment_sequence":120001,"segment_id":6,"segment_len_meter":30.486049747036244,"segment_cum_len":10383.753929412338,"stop_segment_distance":12.783491782038528}
{"route_id":"794","stop_id":"5853","stop_lat":34.219102,"stop_lon":-118.368782,"stop_sequence":28,"segment_first_lat":34.2183872507,"segment_first_lon":-118.3679688811,"segment_second_lat":34.2190060513,"segment_second_lon":-118.3688792964,"segment_sequence":270012,"segment_id":14,"segment_len_meter":108.35954487384656,"segment_cum_len":29443.312427876775,"stop_segment_distance":14.678927117876029}
{"route_id":"81","stop_id":"13447","stop_lat":33.984332,"stop_lon":-118.282815,"stop_sequence":79,"segment_first_lat":33.9851021703,"segment_first_lon":-118.28266631,"segment_second_lat":33.9843327754,"segment_second_lon":-118.2826637126,"segment_sequence":780003,"segment_id":39,"segment_len_meter":85.55314465365716,"segment_cum_len":25422.437955638776,"stop_segment_distance":15.125504364677226}
{"route_id":"81","stop_id":"13450","stop_lat":33.972846,"stop_lon":-118.282829,"stop_sequence":84,"segment_first_lat":33.9736792925,"segment_first_lon":-118.2826772267,"segment_second_lat":33.972846691,"segment_second_lon":-118.2826773847,"segment_sequence":830003,"segment_id":42,"segment_len_meter":92.58106386319147,"segment_cum_len":26699.655165703374,"stop_segment_distance":15.10916058676301}
