{"route_id":"111","stop_id":"1992","stop_lat":33.936955,"stop_lon":-118.096969,"stop_sequence":83,"segment_first_lat":33.9368885865,"segment_first_lon":-118.0968413562,"segment_second_lat":33.9360618233,"segment_second_lon":-118.0974463359,"segment_sequence":830001,"segment_id":42,"segment_len_meter":107.54721167710743,"segment_cum_len":31138.368805175094,"stop_segment_distance":14.99391141203067}
{"route_id":"125","stop_id":"17377","stop_lat":33.903301,"stop_lon":-118.213173,"stop_sequence":58,"segment_first_lat":33.9034240553,"segment_first_lon":-118.2137337491,"segment_second_lat":33.9034272456,"segment_second_lon":-118.2131735337,"segment_sequence":570006,"segment_id":29,"segment_len_meter":51.70318645517706,"segment_cum_len":21575.736751576973,"stop_segment_distance":15.864398404598177}
{"route_id":"128","stop_id":"176131","stop_lat":33.873117,"stop_lon":-118.054795,"stop_sequence":4,"segment_first_lat":33.8732447221,"segment_first_lon":-118.0547952763,"segment_second_lat":33.8732519468,"segment_second_lon":-118.0533919349,"segment_sequence":40001,"segment_id":2,"segment_len_meter":129.5619181828751,"segment_cum_len":1608.289065249974,"stop_segment_distance":15.040396933693614}
{"route_id":"14","stop_id":"7460","stop_lat":34.03263,"stop_lon":-118.302944,"stop_sequence":22,"segment_first_lat":34.0327228868,"segment_first_lon":-118.3040627755,"segment_second_lat":34.0327281725,"segment_second_lon":-118.3029439144,"segment_sequence":210003,"segment_id":11,"segment_len_meter":103.10387763301146,"segment_cum_len":7230.493706386425,"stop_segment_distance":11.422875440723445}
{"route_id":"152","stop_id":"6373","stop_lat":34.221275,"stop_lon":-118.367042,"stop_sequence":19,"segment_first_lat":34.220307889,"segment_first_lon":-118.3680137326,"segment_second_lat":34.2213455857,"segment_second_lon":-118.3671688132,"segment_sequence":180005,"segment_id":9,"segment_len_meter":139.10114341760638,"segment_cum_len":7529.726315832737,"stop_segment_distance":14.764739376653068}
{"route_id":"155","stop_id":"18047","stop_lat":34.157516,"stop_lon":-118.434888,"stop_sequence":9,"segment_first_lat":34.1576164417,"segment_first_lon":-118.4348883816,"segment_second_lat":34.1576150099,"segment_second_lon":-118.43345049,"segment_sequence":90001,"segment_id":5,"segment_len_meter":132.30535234052454,"segment_cum_len":2817.73307879267,"stop_segment_distance":11.590921331437812}
{"route_id":"158","stop_id":"16838","stop_lat":34.172424,"stop_lon":-118.431035,"stop_sequence":11,"segment_first_lat":34.1724232726,"segment_first_lon":-118.4311856312,"segment_second_lat":34.1739565902,"segment_second_lon":-118.4311879244,"segment_sequence":110001,"segment_id":6,"segment_len_meter":170.4972685751591,"segment_cum_len":4584.488872692938,"stop_segment_distance":14.356593349738375}
{"route_id":"165","stop_id":"6830","stop_lat":34.193801,"stop_lon":-118.453255,"stop_sequence":47,"segment_first_lat":34.1939234795,"segment_first_lon":-118.4542773947,"segment_second_lat":34.1939248395,"segment_second_lon":-118.4532555637,"segment_sequence":460006,"segment_id":23,"segment_len_meter":93.98179256941103,"segment_cum_len":17997.060710513644,"stop_segment_distance":14.803338925781475}
{"route_id":"175","stop_id":"3987","stop_lat":34.09476,"stop_lon":-118.309064,"stop_sequence":4,"segment_first_lat":34.0943913648,"segment_first_lon":-118.3092084264,"segment_second_lat":34.0947568106,"segment_second_lon":-118.3092170443,"segment_sequence":30005,"segment_id":2,"segment_len_meter":40.643466629895016,"segment_cum_len":667.360582179988,"stop_segment_distance":16.547387747528518}
{"route_id":"201","stop_id":"14635","stop_lat":34.080968,"stop_lon":-118.275114,"stop_sequence":45,"segment_first_lat":34.0811726972,"segment_first_lon":-118.2745202354,"segment_second_lat":34.0808673628,"segment_second_lon":-118.2750235141,"segment_sequence":440006,"segment_id":22,"segment_len_meter":57.454913861450464,"segment_cum_len":13021.397598417583,"stop_segment_distance":15.729187457949962}
{"route_id":"202","stop_id":"20500002","stop_lat":33.923023,"stop_lon":-118.239221,"stop_sequence":4,"segment_first_lat":33.9230235507,"segment_first_lon":-118.2390649694,"segment_second_lat":33.9222046833,"segment_second_lon":-118.2390698848,"segment_sequence":40001,"segment_id":2,"segment_len_meter":91.05502999738589,"segment_cum_len":903.8492802978421,"stop_segment_distance":15.396522165848182}
{"route_id":"209","stop_id":"5604","stop_lat":33.938065,"stop_lon":-118.317642,"stop_sequence":14,"segment_first_lat":33.9380649495,"segment_first_lon":-118.317757022,"segment_second_lat":33.9382298191,"segment_second_lon":-118.3177576474,"segment_sequence":140001,"segment_id":7,"segment_len_meter":18.3327538617848,"segment_cum_len":4979.198703234347,"stop_segment_distance":13.484416759030633}
{"route_id":"217","stop_id":"13414","stop_lat":34.039525,"stop_lon":-118.369671,"stop_sequence":39,"segment_first_lat":34.0398272023,"segment_first_lon":-118.3696691954,"segment_second_lat":34.0395759043,"segment_second_lon":-118.3695360528,"segment_sequence":380003,"segment_id":19,"segment_len_meter":30.517504875140435,"segment_cum_len":10574.779747290222,"stop_segment_distance":16.748273274220036}
{"route_id":"230","stop_id":"14189","stop_lat":34.282455,"stop_lon":-118.445543,"stop_sequence":6,"segment_first_lat":34.2827373174,"segment_first_lon":-118.4449223281,"segment_second_lat":34.2823581122,"segment_second_lon":-118.4454443461,"segment_sequence":50003,"segment_id":3,"segment_len_meter":63.86115673241463,"segment_cum_len":1835.8628011693404,"stop_segment_distance":15.31317011492564}
{"route_id":"232","stop_id":"17626","stop_lat":33.779341,"stop_lon":-118.279374,"stop_sequence":29,"segment_first_lat":33.7790576109,"segment_first_lon":-118.2795078171,"segment_second_lat":33.7793317961,"segment_second_lon":-118.2795274864,"segment_sequence":280010,"segment_id":14,"segment_len_meter":30.542153411592505,"segment_cum_len":10693.611667367366,"stop_segment_distance":17.53212991256257}
{"route_id":"234","stop_id":"10555","stop_lat":34.312844,"stop_lon":-118.437042,"stop_sequence":11,"segment_first_lat":34.311506168,"segment_first_lon":-118.435535129,"segment_second_lat":34.3127498427,"segment_second_lon":-118.4371431272,"segment_sequence":100002,"segment_id":5,"segment_len_meter":202.32495383018858,"segment_cum_len":3409.5226728032935,"stop_segment_distance":14.854465417324434}
{"route_id":"236","stop_id":"123626","stop_lat":34.304905,"stop_lon":-118.446415,"stop_sequence":49,"segment_first_lat":34.305786024,"segment_first_lon":-118.4473334158,"segment_second_lat":34.3049989395,"segment_second_lon":-118.4463142743,"segment_sequence":480004,"segment_id":24,"segment_len_meter":128.15065588227836,"segment_cum_len":24008.990000888236,"stop_segment_distance":15.08407531961717}
{"route_id":"236","stop_id":"328","stop_lat":34.257799,"stop_lon":-118.502182,"stop_sequence":26,"segment_first_lat":34.257800868,"segment_first_lon":-118.5023335255,"segment_second_lat":34.2589138074,"segment_second_lon":-118.5023243385,"segment_sequence":260001,"segment_id":13,"segment_len_meter":123.75609512283302,"segment_cum_len":10991.36907174474,"stop_segment_distance":14.820509243412545}
{"route_id":"239","stop_id":"4032","stop_lat":34.235377,"stop_lon":-118.52702,"stop_sequence":25,"segment_first_lat":34.2355106185,"segment_first_lon":-118.5273485589,"segment_second_lat":34.2355027156,"segment_second_lon":-118.5270179819,"segment_sequence":240006,"segment_id":12,"segment_len_meter":30.40212207580883,"segment_cum_len":9359.942135166297,"stop_segment_distance":17.238528288549464}
{"route_id":"245","stop_id":"703","stop_lat":34.253382,"stop_lon":-118.599048,"stop_sequence":24,"segment_first_lat":34.2551224566,"segment_first_lon":-118.5988256595,"segment_second_lat":34.253381437,"segment_second_lon":-118.5988131684,"segment_sequence":230007,"segment_id":12,"segment_len_meter":193.59595067280634,"segment_cum_len":10643.288497736516,"stop_segment_distance":22.593065874609522}
{"route_id":"256","stop_id":"10495","stop_lat":34.140458,"stop_lon":-118.159543,"stop_sequence":76,"segment_first_lat":34.1404676948,"segment_first_lon":-118.1594257777,"segment_second_lat":34.1399118687,"segment_second_lon":-118.1593738243,"segment_sequence":760001,"segment_id":38,"segment_len_meter":61.989716853340944,"segment_cum_len":23872.065700119347,"stop_segment_distance":11.543413490559978}
{"route_id":"260","stop_id":"13148","stop_lat":34.022394,"stop_lon":-118.156827,"stop_sequence":55,"segment_first_lat":34.0223646711,"segment_first_lon":-118.1566775471,"segment_second_lat":34.0209129502,"segment_second_lon":-118.157120997,"segment_sequence":550001,"segment_id":28,"segment_len_meter":166.51719240947133,"segment_cum_len":20518.1593606029,"stop_segment_distance":14.536557384834595}
{"route_id":"265","stop_id":"2801","stop_lat":33.847548,"stop_lon":-118.142322,"stop_sequence":1,"segment_first_lat":33.8475478575,"segment_first_lon":-118.1424772391,"segment_second_lat":33.8480067384,"segment_second_lon":-118.1424813119,"segment_sequence":10001,"segment_id":1,"segment_len_meter":51.02661424621494,"segment_cum_len":51.02661424621494,"stop_segment_distance":16.398424557951195}
{"route_id":"266","stop_id":"5445","stop_lat":34.130779,"stop_lon":-118.073003,"stop_sequence":73,"segment_first_lat":34.1307756895,"segment_first_lon":-118.07315344,"segment_second_lat":34.132556287,"segment_second_lon":-118.0731893648,"segment_sequence":730001,"segment_id":37,"segment_len_meter":198.0210171249317,"segment_cum_len":35898.567894649546,"stop_segment_distance":14.199095789194871}
{"route_id":"344","stop_id":"10891","stop_lat":33.778881,"stop_lon":-118.391212,"stop_sequence":14,"segment_first_lat":33.7790008531,"segment_first_lon":-118.3912935042,"segment_second_lat":33.7790487286,"segment_second_lon":-118.3911894164,"segment_sequence":140001,"segment_id":7,"segment_len_meter":10.994909534985688,"segment_cum_len":5624.105639460721,"stop_segment_distance":23.080773445651005}
{"route_id":"35","stop_id":"7751","stop_lat":34.025438,"stop_lon":-118.343032,"stop_sequence":13,"segment_first_lat":34.0255621364,"segment_first_lon":-118.3439203003,"segment_second_lat":34.0255646622,"segment_second_lon":-118.3430325424,"segment_sequence":120004,"segment_id":6,"segment_len_meter":81.8136051369615,"segment_cum_len":4368.797562040464,"stop_segment_distance":15.28941500317022}
{"route_id":"487","stop_id":"142110","stop_lat":34.150062,"stop_lon":-118.090778,"stop_sequence":45,"segment_first_lat":34.1499122533,"segment_first_lon":-118.0926123842,"segment_second_lat":34.1499716,"segment_second_lon":-118.0904442723,"segment_sequence":380003,"segment_id":19,"segment_len_meter":199.622521550762,"segment_cum_len":25064.700038716794,"stop_segment_distance":2.313295826992146}
{"route_id":"501","stop_id":"2824","stop_lat":34.165165,"stop_lon":-118.374577,"stop_sequence":10,"segment_first_lat":34.1651102486,"segment_first_lon":-118.3747133883,"segment_second_lat":34.1656143731,"segment_second_lon":-118.3750158149,"segment_sequence":100001,"segment_id":5,"segment_len_meter":62.58195381436592,"segment_cum_len":25510.03153430039,"stop_segment_distance":15.605470936212}
{"route_id":"53","stop_id":"4862","stop_lat":33.985084,"stop_lon":-118.256284,"stop_sequence":47,"segment_first_lat":33.9844765403,"segment_first_lon":-118.2564401136,"segment_second_lat":33.9850838244,"segment_second_lon":-118.2564366956,"segment_sequence":460008,"segment_id":23,"segment_len_meter":67.52764632674938,"segment_cum_len":16234.16912867765,"stop_segment_distance":15.614096661426757}
{"route_id":"611","stop_id":"16650","stop_lat":33.964464,"stop_lon":-118.178662,"stop_sequence":75,"segment_first_lat":33.9644501844,"segment_first_lon":-118.1785436438,"segment_second_lat":33.9625748913,"segment_second_lon":-118.1788374337,"segment_sequence":750001,"segment_id":38,"segment_len_meter":210.27598713315402,"segment_cum_len":22808.70849680071,"stop_segment_distance":11.428254780505654}
{"route_id":"62","stop_id":"6495","stop_lat":33.955611,"stop_lon":-118.102504,"stop_sequence":43,"segment_first_lat":33.9557072647,"segment_first_lon":-118.1024071728,"segment_second_lat":33.9550351331,"segment_second_lon":-118.1014418448,"segment_sequence":430001,"segment_id":22,"segment_len_meter":116.24539306482261,"segment_cum_len":21799.867750359434,"stop_segment_distance":14.731874683548895}
{"route_id":"685","stop_id":"9629","stop_lat":34.104346,"stop_lon":-118.23785,"stop_sequence":29,"segment_first_lat":34.104522192,"segment_first_lon":-118.2378536038,"segment_second_lat":34.1043998312,"segment_second_lon":-118.2377548158,"segment_sequence":280006,"segment_id":14,"segment_len_meter":16.366101478168904,"segment_cum_len":8257.292126191114,"stop_segment_distance":13.841204878527488}
{"route_id":"70","stop_id":"4105","stop_lat":34.053042,"stop_lon":-118.249358,"stop_sequence":11,"segment_first_lat":34.0523289595,"segment_first_lon":-118.2501742341,"segment_second_lat":34.0531017847,"segment_second_lon":-118.249449922,"segment_sequence":100006,"segment_id":5,"segment_len_meter":108.80011057616888,"segment_cum_len":3002.598048121715,"stop_segment_distance":11.241000453704075}
{"route_id":"704","stop_id":"14436","stop_lat":34.09066,"stop_lon":-118.308914,"stop_sequence":23,"segment_first_lat":34.0907869009,"segment_first_lon":-118.3089143591,"segment_second_lat":34.0907878968,"segment_second_lon":-118.3085246295,"segment_sequence":230001,"segment_id":12,"segment_len_meter":35.88886172158536,"segment_cum_len":21038.47428582482,"stop_segment_distance":16.794934550997944}
{"route_id":"757","stop_id":"65300065","stop_lat":34.076041,"stop_lon":-118.309289,"stop_sequence":6,"segment_first_lat":34.0760412214,"segment_first_lon":-118.3091372875,"segment_second_lat":34.0746535569,"segment_second_lon":-118.3091321588,"segment_sequence":60001,"segment_id":3,"segment_len_meter":154.30197532179986,"segment_cum_len":4650.722468055217,"stop_segment_distance":14.622550716058157}
{"route_id":"770","stop_id":"15715","stop_lat":34.049246,"stop_lon":-118.252961,"stop_sequence":6,"segment_first_lat":34.0484606574,"segment_first_lon":-118.2537906294,"segment_second_lat":34.0492904559,"segment_second_lon":-118.2530325544,"segment_sequence":50004,"segment_id":3,"segment_len_meter":115.72228353347363,"segment_cum_len":2465.4172538795738,"stop_segment_distance":8.57011713049279}
{"route_id":"78","stop_id":"7784","stop_lat":34.094008,"stop_lon":-118.149368,"stop_sequence":42,"segment_first_lat":34.0940979961,"segment_first_lon":-118.1492604272,"segment_second_lat":34.0934894584,"segment_second_lon":-118.1484980183,"segment_sequence":420001,"segment_id":21,"segment_len_meter":97.5061109545603,"segment_cum_len":14565.16113576828,"stop_segment_distance":15.277390154721061}
{"route_id":"910","stop_id":"10846","stop_lat":33.902028,"stop_lon":-118.286828,"stop_sequence":20,"segment_first_lat":33.9048718785,"segment_first_lon":-118.2866864608,"segment_second_lat":33.9020278168,"segment_second_lon":-118.2867050731,"segment_sequence":190059,"segment_id":10,"segment_len_meter":316.2498970517393,"segment_cum_len":38425.187885969695,"stop_segment_distance":11.589702445765965}
