{"route_id":"105","stop_id":"6066","stop_lat":34.01374,"stop_lon":-118.34629,"stop_sequence":35,"segment_first_lat":34.0134681278,"segment_first_lon":-118.3460616611,"segment_second_lat":34.01365384,"segment_second_lon":-118.3463643591,"segment_sequence":340009,"segment_id":17,"segment_len_meter":34.71059988018166,"segment_cum_len":11913.358675509317,"stop_segment_distance":13.904289683425432}
{"route_id":"111","stop_id":"1410","stop_lat":33.974613,"stop_lon":-118.242485,"stop_sequence":45,"segment_first_lat":33.9747464309,"segment_first_lon":-118.2431414902,"segment_second_lat":33.974741988,"segment_second_lon":-118.242481829,"segment_sequence":440010,"segment_id":22,"segment_len_meter":60.830797884565364,"segment_cum_len":16550.606734049907,"stop_segment_distance":15.843089225372502}
{"route_id":"111","stop_id":"9952","stop_lat":33.973319,"stop_lon":-118.217771,"stop_sequence":52,"segment_first_lat":33.9735836796,"segment_first_lon":-118.2189623467,"segment_second_lat":33.9734454586,"segment_second_lon":-118.2177499011,"segment_sequence":510007,"segment_id":26,"segment_len_meter":112.85532119219069,"segment_cum_len":18840.05301588135,"stop_segment_distance":15.072511506334806}
{"route_id":"130","stop_id":"13000037","stop_lat":33.873079,"stop_lon":-118.100022,"stop_sequence":4,"segment_first_lat":33.8729518817,"segment_first_lon":-118.1000182539,"segment_second_lat":33.8729413032,"segment_second_lon":-118.1008417985,"segment_sequence":40001,"segment_id":2,"segment_len_meter":76.04073563642754,"segment_cum_len":2047.3904026410808,"stop_segment_distance":15.317329960069387}
{"route_id":"14","stop_id":"1728","stop_lat":34.05673,"stop_lon":-118.396248,"stop_sequence":88,"segment_first_lat":34.0565077943,"segment_first_lon":-118.3962273662,"segment_second_lat":34.0566755558,"segment_second_lon":-118.3963519665,"segment_sequence":870004,"segment_id":44,"segment_len_meter":21.902928834166982,"segment_cum_len":32208.70190469351,"stop_segment_distance":14.208840065745488}
{"route_id":"158","stop_id":"9569","stop_lat":34.257593,"stop_lon":-118.493427,"stop_sequence":50,"segment_first_lat":34.257452964,"segment_first_lon":-118.491357976,"segment_second_lat":34.2574673446,"segment_second_lon":-118.4934297727,"segment_sequence":490005,"segment_id":25,"segment_len_meter":190.41402449022496,"segment_cum_len":19939.59208241069,"stop_segment_distance":14.349376482559137}
{"route_id":"164","stop_id":"8148","stop_lat":34.184659,"stop_lon":-118.338151,"stop_sequence":11,"segment_first_lat":34.1845133058,"segment_first_lon":-118.3371019596,"segment_second_lat":34.184531804,"segment_second_lon":-118.3381535119,"segment_sequence":100003,"segment_id":5,"segment_len_meter":96.74790081902225,"segment_cum_len":4554.068141700141,"stop_segment_distance":15.242932429053596}
{"route_id":"166","stop_id":"10775","stop_lat":34.258799,"stop_lon":-118.396205,"stop_sequence":63,"segment_first_lat":34.2588502874,"segment_first_lon":-118.3960650881,"segment_second_lat":34.2587229897,"segment_second_lon":-118.3960025967,"segment_sequence":630001,"segment_id":32,"segment_len_meter":15.275593190080626,"segment_cum_len":26436.539880806562,"stop_segment_distance":19.22225929714348}
{"route_id":"169","stop_id":"15099","stop_lat":34.165667,"stop_lon":-118.63998,"stop_sequence":21,"segment_first_lat":34.1655937275,"segment_first_lon":-118.6401025626,"segment_second_lat":34.1660713114,"segment_second_lon":-118.6405187917,"segment_sequence":210001,"segment_id":11,"segment_len_meter":65.47237390667553,"segment_cum_len":9529.754040518112,"stop_segment_distance":15.360778488582412}
{"route_id":"169","stop_id":"20010","stop_lat":34.151339,"stop_lon":-118.60493,"stop_sequence":14,"segment_first_lat":34.1513602248,"segment_first_lon":-118.6047822092,"segment_second_lat":34.1512243251,"segment_second_lon":-118.6047577584,"segment_sequence":140001,"segment_id":7,"segment_len_meter":15.277940840100193,"segment_cum_len":5111.598458406197,"stop_segment_distance":18.86734495069149}
{"route_id":"175","stop_id":"6447","stop_lat":34.098058,"stop_lon":-118.282942,"stop_sequence":14,"segment_first_lat":34.0958267447,"segment_first_lon":-118.283017468,"segment_second_lat":34.0980579958,"segment_second_lon":-118.2830279926,"segment_sequence":130005,"segment_id":7,"segment_len_meter":248.10569504486392,"segment_cum_len":3924.5127065725055,"stop_segment_distance":8.0139174917947}
{"route_id":"176","stop_id":"14886","stop_lat":34.069305,"stop_lon":-118.060451,"stop_sequence":44,"segment_first_lat":34.0692395891,"segment_first_lon":-118.0604191145,"segment_second_lat":34.0690461228,"segment_second_lon":-118.0609991275,"segment_sequence":440001,"segment_id":22,"segment_len_meter":57.59336964513223,"segment_cum_len":17472.990098870938,"stop_segment_distance":8.368081282904981}
{"route_id":"18","stop_id":"32147","stop_lat":34.055475,"stop_lon":-118.265836,"stop_sequence":20,"segment_first_lat":34.0558008119,"segment_first_lon":-118.2662758254,"segment_second_lat":34.0555889755,"segment_second_lon":-118.2657657405,"segment_sequence":190003,"segment_id":10,"segment_len_meter":52.564416341639735,"segment_cum_len":4746.464751481034,"stop_segment_distance":16.019489770385015}
{"route_id":"18","stop_id":"7345","stop_lat":34.046694,"stop_lon":-118.25227,"stop_sequence":26,"segment_first_lat":34.0470370213,"segment_first_lon":-118.2525946171,"segment_second_lat":34.0467724145,"segment_second_lon":-118.2521940573,"segment_sequence":250003,"segment_id":13,"segment_len_meter":47.1984778881781,"segment_cum_len":6386.8531051204745,"stop_segment_distance":12.451000936462442}
{"route_id":"2","stop_id":"7997","stop_lat":34.065413,"stop_lon":-118.249464,"stop_sequence":75,"segment_first_lat":34.0655231903,"segment_first_lon":-118.249348616,"segment_second_lat":34.0654427374,"segment_second_lon":-118.2493196503,"segment_sequence":740009,"segment_id":37,"segment_len_meter":9.33536554120841,"segment_cum_len":23290.521820341786,"stop_segment_distance":20.58625940181549}
{"route_id":"2","stop_id":"8049","stop_lat":34.097863,"stop_lon":-118.34428,"stop_sequence":40,"segment_first_lat":34.0979953114,"segment_first_lon":-118.3451926279,"segment_second_lat":34.0979910429,"segment_second_lon":-118.3442809513,"segment_sequence":390008,"segment_id":20,"segment_len_meter":83.94696563935321,"segment_cum_len":12527.888302896084,"stop_segment_distance":15.602488320162564}
{"route_id":"201","stop_id":"9817","stop_lat":34.14642,"stop_lon":-118.2445,"stop_sequence":7,"segment_first_lat":34.1462742957,"segment_first_lon":-118.2443015295,"segment_second_lat":34.1462908995,"segment_second_lon":-118.2445157428,"segment_sequence":60005,"segment_id":3,"segment_len_meter":19.799401382713736,"segment_cum_len":1825.241174528231,"stop_segment_distance":19.043559071453398}
{"route_id":"211","stop_id":"13826","stop_lat":33.941562,"stop_lon":-118.34406,"stop_sequence":40,"segment_first_lat":33.9415626713,"segment_first_lon":-118.343909444,"segment_second_lat":33.9409306651,"segment_second_lon":-118.3439091574,"segment_sequence":400001,"segment_id":20,"segment_len_meter":70.2758880210942,"segment_cum_len":13759.203033353962,"stop_segment_distance":15.179862899516166}
{"route_id":"217","stop_id":"11029","stop_lat":34.101729,"stop_lon":-118.330865,"stop_sequence":4,"segment_first_lat":34.1016112782,"segment_first_lon":-118.3295336127,"segment_second_lat":34.1016026943,"segment_second_lon":-118.33086479,"segment_sequence":30002,"segment_id":2,"segment_len_meter":122.57101394000385,"segment_cum_len":729.2367116712628,"stop_segment_distance":14.757006448662295}
{"route_id":"217","stop_id":"14279","stop_lat":34.057735,"stop_lon":-118.364215,"stop_sequence":30,"segment_first_lat":34.0576813097,"segment_first_lon":-118.3640473466,"segment_second_lat":34.0557875768,"segment_second_lon":-118.364922904,"segment_sequence":300001,"segment_id":15,"segment_len_meter":225.49298733868395,"segment_cum_len":8690.848615802814,"stop_segment_distance":17.215767556743856}
{"route_id":"217","stop_id":"1438","stop_lat":34.040041,"stop_lon":-118.369938,"stop_sequence":38,"segment_first_lat":34.0402826261,"segment_first_lon":-118.3699055668,"segment_second_lat":34.0400875539,"segment_second_lon":-118.3698069999,"segment_sequence":370012,"segment_id":19,"segment_len_meter":23.51563527665667,"segment_cum_len":10512.645997639507,"stop_segment_distance":16.65134995500065}
{"route_id":"222","stop_id":"12116","stop_lat":34.19961,"stop_lon":-118.348675,"stop_sequence":37,"segment_first_lat":34.1996126724,"segment_first_lon":-118.3488278175,"segment_second_lat":34.2028855701,"segment_second_lon":-118.3487710431,"segment_sequence":370001,"segment_id":19,"segment_len_meter":363.96707279318684,"segment_cum_len":15037.196872808248,"stop_segment_distance":14.424184884043598}
{"route_id":"222","stop_id":"547","stop_lat":34.215803,"stop_lon":-118.364676,"stop_sequence":42,"segment_first_lat":34.2157031901,"segment_first_lon":-118.3646757443,"segment_second_lat":34.2157048216,"segment_second_lon":-118.3654100766,"segment_sequence":420001,"segment_id":21,"segment_len_meter":67.52212049718067,"segment_cum_len":17342.31739090001,"stop_segment_distance":11.951718563175618}
{"route_id":"222","stop_id":"6377","stop_lat":34.252465,"stop_lon":-118.345143,"stop_sequence":58,"segment_first_lat":34.2522664888,"segment_first_lon":-118.3454136889,"segment_second_lat":34.252514721,"segment_second_lon":-118.345283009,"segment_sequence":570009,"segment_id":29,"segment_len_meter":30.102131092212282,"segment_cum_len":23406.644687887438,"stop_segment_distance":17.163113235506188}
{"route_id":"230","stop_id":"2905","stop_lat":34.249872,"stop_lon":-118.42288,"stop_sequence":19,"segment_first_lat":34.2506034818,"segment_first_lon":-118.4234532652,"segment_second_lat":34.2499538134,"segment_second_lon":-118.4227646472,"segment_sequence":180003,"segment_id":9,"segment_len_meter":96.044403898578,"segment_cum_len":6729.883747680171,"stop_segment_distance":14.838101755458538}
{"route_id":"230","stop_id":"5812","stop_lat":34.283587,"stop_lon":-118.443983,"stop_sequence":5,"segment_first_lat":34.2834921246,"segment_first_lon":-118.4438848796,"segment_second_lat":34.2832068328,"segment_second_lon":-118.4442759821,"segment_sequence":50001,"segment_id":3,"segment_len_meter":47.932541682893735,"segment_cum_len":1692.9313466775836,"stop_segment_distance":16.059659573662344}
{"route_id":"246","stop_id":"4796","stop_lat":33.863188,"stop_lon":-118.265977,"stop_sequence":60,"segment_first_lat":33.8631876206,"segment_first_lon":-118.2661319196,"segment_second_lat":33.8652539748,"segment_second_lon":-118.2661384779,"segment_sequence":600001,"segment_id":30,"segment_len_meter":229.7689016212035,"segment_cum_len":20385.377900740354,"stop_segment_distance":14.744583464216703}
{"route_id":"258","stop_id":"4329","stop_lat":34.115491,"stop_lon":-118.166229,"stop_sequence":8,"segment_first_lat":34.1154022204,"segment_first_lon":-118.166512834,"segment_second_lat":34.1155865638,"segment_second_lon":-118.166341404,"segment_sequence":70003,"segment_id":4,"segment_len_meter":25.869531627856333,"segment_cum_len":1926.2420043437924,"stop_segment_distance":16.89484223524265}
{"route_id":"268","stop_id":"142050","stop_lat":34.073741,"stop_lon":-118.035408,"stop_sequence":5,"segment_first_lat":34.0732302222,"segment_first_lon":-118.035807037,"segment_second_lat":34.073785091,"segment_second_lon":-118.0355523495,"segment_sequence":40006,"segment_id":2,"segment_len_meter":66.00752356275223,"segment_cum_len":1304.3780259421515,"stop_segment_distance":15.813290443225455}
{"route_id":"28","stop_id":"9509","stop_lat":34.100621,"stop_lon":-118.234688,"stop_sequence":29,"segment_first_lat":34.1006790694,"segment_first_lon":-118.234593306,"segment_second_lat":34.1002782757,"segment_second_lon":-118.2342476586,"segment_sequence":290001,"segment_id":15,"segment_len_meter":54.76333520498782,"segment_cum_len":8476.312331681595,"stop_segment_distance":11.729638370253248}
{"route_id":"460","stop_id":"2774","stop_lat":33.84665,"stop_lon":-117.985509,"stop_sequence":61,"segment_first_lat":33.8467752951,"segment_first_lon":-117.9855121183,"segment_second_lat":33.8467820836,"segment_second_lon":-117.9848534772,"segment_sequence":620001,"segment_id":31,"segment_len_meter":60.83066569662946,"segment_cum_len":52560.20836748348,"stop_segment_distance":15.398663890171825}
{"route_id":"487","stop_id":"10181","stop_lat":34.161846,"stop_lon":-118.044559,"stop_sequence":62,"segment_first_lat":34.1619420898,"segment_first_lon":-118.0448826218,"segment_second_lat":34.1619441332,"segment_second_lon":-118.044558672,"segment_sequence":610002,"segment_id":31,"segment_len_meter":29.807052281601052,"segment_cum_len":33444.84894326809,"stop_segment_distance":12.739922388123844}
{"route_id":"55","stop_id":"793","stop_lat":33.943033,"stop_lon":-118.246112,"stop_sequence":12,"segment_first_lat":33.9414746434,"segment_first_lon":-118.2462396533,"segment_second_lat":33.9430326882,"segment_second_lon":-118.2462326934,"segment_sequence":110005,"segment_id":6,"segment_len_meter":173.247866891031,"segment_cum_len":3463.163798953395,"stop_segment_distance":11.566743903254547}
{"route_id":"60","stop_id":"11514","stop_lat":33.932977,"stop_lon":-118.212461,"stop_sequence":54,"segment_first_lat":33.9332213067,"segment_first_lon":-118.2123724422,"segment_second_lat":33.9330079098,"segment_second_lon":-118.2123095957,"segment_sequence":530007,"segment_id":27,"segment_len_meter":24.426754150285422,"segment_cum_len":17081.81671904133,"stop_segment_distance":18.325717202471818}
{"route_id":"70","stop_id":"3931","stop_lat":34.057507,"stop_lon":-118.240081,"stop_sequence":14,"segment_first_lat":34.0572922283,"segment_first_lon":-118.2404001405,"segment_second_lat":34.0575534994,"segment_second_lon":-118.2401496466,"segment_sequence":130011,"segment_id":7,"segment_len_meter":37.101568254168306,"segment_cum_len":4289.962912580817,"stop_segment_distance":8.944265361067913}
{"route_id":"704","stop_id":"6052","stop_lat":34.090641,"stop_lon":-118.352138,"stop_sequence":19,"segment_first_lat":34.0907741886,"segment_first_lon":-118.3526965712,"segment_second_lat":34.0907706055,"segment_second_lon":-118.3521350754,"segment_sequence":180017,"segment_id":9,"segment_len_meter":51.70751978095462,"segment_cum_len":17022.479159548962,"stop_segment_distance":16.232801116912775}
{"route_id":"733","stop_id":"15269","stop_lat":34.043701,"stop_lon":-118.28363,"stop_sequence":14,"segment_first_lat":34.0435882712,"segment_first_lon":-118.2836132033,"segment_second_lat":34.0436158678,"segment_second_lon":-118.2836799762,"segment_sequence":130030,"segment_id":7,"segment_len_meter":6.87509317381741,"segment_cum_len":7967.220100987563,"stop_segment_distance":16.28174140714667}
{"route_id":"81","stop_id":"12026","stop_lat":34.099693,"stop_lon":-118.204128,"stop_sequence":32,"segment_first_lat":34.1019146063,"segment_first_lon":-118.2031388765,"segment_second_lat":34.0996503595,"segment_second_lon":-118.203954873,"segment_sequence":310002,"segment_id":16,"segment_len_meter":262.74417573680785,"segment_cum_len":9221.175636197353,"stop_segment_distance":17.171803835473156}
{"route_id":"81","stop_id":"762","stop_lat":34.139209,"stop_lon":-118.206386,"stop_sequence":8,"segment_first_lat":34.1393058734,"segment_first_lon":-118.2074300709,"segment_second_lat":34.1393362329,"segment_second_lon":-118.206389155,"segment_sequence":70003,"segment_id":4,"segment_len_meter":95.85839018761082,"segment_cum_len":2018.513310300298,"stop_segment_distance":14.983496545262867}
