{"route_id":"108","stop_id":"7687","stop_lat":33.982425,"stop_lon":-118.386901,"stop_sequence":7,"segment_first_lat":33.9824780017,"segment_first_lon":-118.3868475828,"segment_second_lat":33.9823269728,"segment_second_lon":-118.3866436941,"segment_sequence":70001,"segment_id":4,"segment_len_meter":25.207960262322494,"segment_cum_len":3198.0728110293994,"stop_segment_distance":8.581460576331708}
{"route_id":"110","stop_id":"2276","stop_lat":33.965104,"stop_lon":-118.150655,"stop_sequence":91,"segment_first_lat":33.9652939686,"segment_first_lon":-118.1503846519,"segment_second_lat":33.9650620749,"segment_second_lon":-118.1505850749,"segment_sequence":900004,"segment_id":45,"segment_len_meter":31.725817344273544,"segment_cum_len":31395.61435776216,"stop_segment_distance":8.908950114976214}
{"route_id":"150","stop_id":"7024","stop_lat":34.166307,"stop_lon":-118.585994,"stop_sequence":16,"segment_first_lat":34.1663819324,"segment_first_lon":-118.5863282383,"segment_second_lat":34.166428209,"segment_second_lon":-118.5860217797,"segment_sequence":150020,"segment_id":8,"segment_len_meter":28.66106178915454,"segment_cum_len":5674.45874285269,"stop_segment_distance":16.916982874379404}
{"route_id":"158","stop_id":"16852","stop_lat":34.201488,"stop_lon":-118.431105,"stop_sequence":19,"segment_first_lat":34.2014875087,"segment_first_lon":-118.4312586277,"segment_second_lat":34.2030620644,"segment_second_lon":-118.4312555137,"segment_sequence":190001,"segment_id":10,"segment_len_meter":175.08283976996418,"segment_cum_len":7820.891552556116,"stop_segment_distance":14.620182160508904}
{"route_id":"164","stop_id":"7121","stop_lat":34.186792,"stop_lon":-118.452916,"stop_sequence":42,"segment_first_lat":34.1866707159,"segment_first_lon":-118.4508883319,"segment_second_lat":34.1866656161,"segment_second_lon":-118.4529152703,"segment_sequence":410003,"segment_id":21,"segment_len_meter":186.4421108504878,"segment_cum_len":15182.239221044374,"stop_segment_distance":14.606474305136857}
{"route_id":"166","stop_id":"12628","stop_lat":34.253996,"stop_lon":-118.409505,"stop_sequence":58,"segment_first_lat":34.252931993,"segment_first_lon":-118.411194368,"segment_second_lat":34.2540920495,"segment_second_lon":-118.4096040086,"segment_sequence":570003,"segment_id":29,"segment_len_meter":194.94642022186758,"segment_cum_len":24135.09984755379,"stop_segment_distance":14.29189248555329}
{"route_id":"167","stop_id":"17408","stop_lat":34.242878,"stop_lon":-118.502698,"stop_sequence":30,"segment_first_lat":34.2430226614,"segment_first_lon":-118.5043099923,"segment_second_lat":34.2430054722,"segment_second_lon":-118.5026951586,"segment_sequence":290005,"segment_id":15,"segment_len_meter":148.44816817497264,"segment_cum_len":12465.059049094647,"stop_segment_distance":14.773849444465782}
{"route_id":"167","stop_id":"18207","stop_lat":34.215959,"stop_lon":-118.414505,"stop_sequence":68,"segment_first_lat":34.2179074545,"segment_first_lon":-118.4143826813,"segment_second_lat":34.2159591886,"segment_second_lon":-118.4143852518,"segment_sequence":670005,"segment_id":34,"segment_len_meter":216.63741276699892,"segment_cum_len":27183.921596686763,"stop_segment_distance":11.32340838534489}
{"route_id":"167","stop_id":"18214","stop_lat":34.183102,"stop_lon":-118.413863,"stop_sequence":77,"segment_first_lat":34.1849184146,"segment_first_lon":-118.4137461953,"segment_second_lat":34.1831020648,"segment_second_lon":-118.413743812,"segment_sequence":760003,"segment_id":38,"segment_len_meter":201.96900175107035,"segment_cum_len":30849.478205647323,"stop_segment_distance":11.256238622217381}
{"route_id":"180","stop_id":"10293","stop_lat":34.13903,"stop_lon":-118.214482,"stop_sequence":49,"segment_first_lat":34.1393088087,"segment_first_lon":-118.2151829822,"segment_second_lat":34.1391708069,"segment_second_lon":-118.2144426983,"segment_sequence":480004,"segment_id":24,"segment_len_meter":69.83754887115212,"segment_cum_len":14936.58079932912,"stop_segment_distance":17.808124621949688}
{"route_id":"183","stop_id":"10122","stop_lat":34.182971,"stop_lon":-118.306253,"stop_sequence":45,"segment_first_lat":34.1831967761,"segment_first_lon":-118.3062141326,"segment_second_lat":34.1824574117,"segment_second_lon":-118.3051996492,"segment_sequence":450002,"segment_id":23,"segment_len_meter":124.36780259179513,"segment_cum_len":18518.26968783497,"stop_segment_distance":13.461669393458138}
{"route_id":"201","stop_id":"9080","stop_lat":34.131356,"stop_lon":-118.26913,"stop_sequence":24,"segment_first_lat":34.1315343369,"segment_first_lon":-118.2690515814,"segment_second_lat":34.1313557305,"segment_second_lon":-118.2690490239,"segment_sequence":230002,"segment_id":12,"segment_len_meter":19.861520549499502,"segment_cum_len":6027.069883699139,"stop_segment_distance":8.694625150407475}
{"route_id":"205","stop_id":"17559","stop_lat":33.732531,"stop_lon":-118.299302,"stop_sequence":4,"segment_first_lat":33.7324576535,"segment_first_lon":-118.2989765803,"segment_second_lat":33.7324584845,"segment_second_lon":-118.2993054564,"segment_sequence":30004,"segment_id":2,"segment_len_meter":30.412665683309235,"segment_cum_len":611.6198753479664,"stop_segment_distance":8.835510752200882}
{"route_id":"205","stop_id":"17631","stop_lat":33.914244,"stop_lon":-118.238912,"stop_sequence":123,"segment_first_lat":33.914054581,"segment_first_lon":-118.2390697056,"segment_second_lat":33.9142441843,"segment_second_lon":-118.2390685986,"segment_sequence":1230007,"segment_id":62,"segment_len_meter":21.083172507487816,"segment_cum_len":46538.32859499393,"stop_segment_distance":18.96834409316208}
{"route_id":"210","stop_id":"9445","stop_lat":33.985548,"stop_lon":-118.33098,"stop_sequence":51,"segment_first_lat":33.9863097111,"segment_first_lon":-118.3308248486,"segment_second_lat":33.9855485454,"segment_second_lon":-118.330827449,"segment_sequence":500004,"segment_id":25,"segment_len_meter":84.63810375987835,"segment_cum_len":16571.28173115026,"stop_segment_distance":15.325218285184619}
{"route_id":"210","stop_id":"9446","stop_lat":33.983059,"stop_lon":-118.331,"stop_sequence":52,"segment_first_lat":33.985411151,"segment_first_lon":-118.3308278957,"segment_second_lat":33.9830589276,"segment_second_lon":-118.3308466402,"segment_sequence":510002,"segment_id":26,"segment_len_meter":261.5610183210912,"segment_cum_len":16848.120365216113,"stop_segment_distance":14.607431008612139}
{"route_id":"224","stop_id":"2010","stop_lat":34.323026,"stop_lon":-118.451768,"stop_sequence":65,"segment_first_lat":34.3231762866,"segment_first_lon":-118.4520867454,"segment_second_lat":34.3231569096,"segment_second_lon":-118.4517564295,"segment_sequence":640010,"segment_id":32,"segment_len_meter":30.410192292979787,"segment_cum_len":25584.716285249393,"stop_segment_distance":17.890607333464338}
{"route_id":"236","stop_id":"323","stop_lat":34.239659,"stop_lon":-118.502347,"stop_sequence":21,"segment_first_lat":34.239386462,"segment_first_lon":-118.5025013116,"segment_second_lat":34.2396612703,"segment_second_lon":-118.5024970101,"segment_sequence":200003,"segment_id":10,"segment_len_meter":30.55984696233938,"segment_cum_len":8850.47914054964,"stop_segment_distance":16.69234054680983}
{"route_id":"239","stop_id":"2891","stop_lat":34.250609,"stop_lon":-118.523175,"stop_sequence":30,"segment_first_lat":34.2504025043,"segment_first_lon":-118.5233260389,"segment_second_lat":34.2506085917,"segment_second_lon":-118.5233273311,"segment_sequence":290005,"segment_id":15,"segment_len_meter":22.91618110173566,"segment_cum_len":11374.915754748508,"stop_segment_distance":17.916599996906598}
{"route_id":"239","stop_id":"6236","stop_lat":34.201489,"stop_lon":-118.518436,"stop_sequence":14,"segment_first_lat":34.2014909106,"segment_first_lon":-118.5185875322,"segment_second_lat":34.2022356149,"segment_second_lon":-118.5185825654,"segment_sequence":140001,"segment_id":7,"segment_len_meter":82.8085997984527,"segment_cum_len":4810.8055274539365,"stop_segment_distance":15.235634064688995}
{"route_id":"246","stop_id":"291","stop_lat":33.853627,"stop_lon":-118.265387,"stop_sequence":58,"segment_first_lat":33.8536141182,"segment_first_lon":-118.2655393421,"segment_second_lat":33.8567746026,"segment_second_lon":-118.265943594,"segment_sequence":580001,"segment_id":29,"segment_len_meter":353.4068492525005,"segment_cum_len":19441.672895248685,"stop_segment_distance":14.484759114302733}
{"route_id":"251","stop_id":"14713","stop_lat":33.966952,"stop_lon":-118.210483,"stop_sequence":44,"segment_first_lat":33.9676198257,"segment_first_lon":-118.2102632291,"segment_second_lat":33.9669398329,"segment_second_lon":-118.2103630983,"segment_sequence":430005,"segment_id":22,"segment_len_meter":76.17059869265775,"segment_cum_len":16629.72135903224,"stop_segment_distance":11.94419240585961}
{"route_id":"258","stop_id":"10319","stop_lat":33.971714,"stop_lon":-118.164351,"stop_sequence":66,"segment_first_lat":33.9742948932,"segment_first_lon":-118.163837756,"segment_second_lat":33.9716993309,"segment_second_lon":-118.1641994287,"segment_sequence":650003,"segment_id":33,"segment_len_meter":290.5339587930085,"segment_cum_len":24207.273734424707,"stop_segment_distance":14.396789252143833}
{"route_id":"266","stop_id":"13076","stop_lat":34.081116,"stop_lon":-118.073035,"stop_sequence":58,"segment_first_lat":34.0811134665,"segment_first_lon":-118.0731886008,"segment_second_lat":34.0817454638,"segment_second_lon":-118.0732076476,"segment_sequence":580001,"segment_id":29,"segment_len_meter":70.29678265207559,"segment_cum_len":30243.012246574974,"stop_segment_distance":15.628613630679794}
{"route_id":"35","stop_id":"16459","stop_lat":34.033122,"stop_lon":-118.268854,"stop_sequence":44,"segment_first_lat":34.0329939196,"segment_first_lon":-118.2689370934,"segment_second_lat":34.0333376183,"segment_second_lon":-118.269702936,"segment_sequence":440001,"segment_id":22,"segment_len_meter":80.25528437886992,"segment_cum_len":14682.017351468345,"stop_segment_distance":17.734418975316245}
{"route_id":"51","stop_id":"5497","stop_lat":34.021768,"stop_lon":-118.261363,"stop_sequence":33,"segment_first_lat":34.0224840123,"segment_first_lon":-118.260734524,"segment_second_lat":34.021708327,"segment_second_lon":-118.2612258016,"segment_sequence":320007,"segment_id":16,"segment_len_meter":97.4136449267283,"segment_cum_len":8057.3979740868945,"stop_segment_distance":15.322456112058205}
{"route_id":"51","stop_id":"7589","stop_lat":33.895753,"stop_lon":-118.242102,"stop_sequence":89,"segment_first_lat":33.8958647529,"segment_first_lon":-118.2441186988,"segment_second_lat":33.8958789871,"segment_second_lon":-118.2421021157,"segment_sequence":880003,"segment_id":44,"segment_len_meter":186.1325569688375,"segment_cum_len":24367.91687441343,"stop_segment_distance":14.427543491585652}
{"route_id":"53","stop_id":"1142","stop_lat":33.923825,"stop_lon":-118.258361,"stop_sequence":18,"segment_first_lat":33.923731534,"segment_first_lon":-118.2556081498,"segment_second_lat":33.9237256679,"segment_second_lon":-118.2583604877,"segment_sequence":170002,"segment_id":9,"segment_len_meter":253.95207247308437,"segment_cum_len":7468.676048688559,"stop_segment_distance":11.30414662737249}
{"route_id":"611","stop_id":"809","stop_lat":33.976232,"stop_lon":-118.247516,"stop_sequence":29,"segment_first_lat":33.9757347059,"segment_first_lon":-118.247663004,"segment_second_lat":33.9762293015,"segment_second_lon":-118.2476720528,"segment_sequence":280003,"segment_id":14,"segment_len_meter":55.00285075944771,"segment_cum_len":8659.806972644652,"stop_segment_distance":16.323811664579353}
{"route_id":"744","stop_id":"6809","stop_lat":34.221822,"stop_lon":-118.4486,"stop_sequence":12,"segment_first_lat":34.221821534,"segment_first_lon":-118.4487516158,"segment_second_lat":34.2233246253,"segment_second_lon":-118.4487540706,"segment_sequence":120001,"segment_id":6,"segment_len_meter":167.13627923663915,"segment_cum_len":12210.68544998531,"stop_segment_distance":14.48760830477434}
{"route_id":"750","stop_id":"15401","stop_lat":34.140094,"stop_lon":-118.378725,"stop_sequence":3,"segment_first_lat":34.1400652466,"segment_first_lon":-118.3783050983,"segment_second_lat":34.1399736618,"segment_second_lon":-118.3786817586,"segment_sequence":20026,"segment_id":1,"segment_len_meter":36.129927453268365,"segment_cum_len":1629.8327082369922,"stop_segment_distance":16.606945542395856}
{"route_id":"83","stop_id":"16877","stop_lat":34.118777,"stop_lon":-118.193909,"stop_sequence":11,"segment_first_lat":34.119137617,"segment_first_lon":-118.1951984199,"segment_second_lat":34.1188998569,"segment_second_lon":-118.1938756339,"segment_sequence":100003,"segment_id":5,"segment_len_meter":124.6065414511794,"segment_cum_len":2700.8962368824864,"stop_segment_distance":14.68389833680979}
