{"route_id":"106","stop_id":"8588","stop_lat":34.060404,"stop_lon":-118.210057,"stop_sequence":37,"segment_first_lat":34.0606384204,"segment_first_lon":-118.2098234888,"segment_second_lat":34.0603724279,"segment_second_lon":-118.209980969,"segment_sequence":360013,"segment_id":18,"segment_len_meter":32.94314583305774,"segment_cum_len":12553.226720339664,"stop_segment_distance":8.687380071412058}
{"route_id":"117","stop_id":"7568","stop_lat":33.945344,"stop_lon":-118.309219,"stop_sequence":22,"segment_first_lat":33.9454807213,"segment_first_lon":-118.3095687885,"segment_second_lat":33.9454766718,"segment_second_lon":-118.3092192815,"segment_sequence":210006,"segment_id":11,"segment_len_meter":32.24303265800833,"segment_cum_len":9486.163152790237,"stop_segment_distance":18.17746805363837}
{"route_id":"152","stop_id":"13001","stop_lat":34.220474,"stop_lon":-118.562116,"stop_sequence":68,"segment_first_lat":34.2203734956,"segment_first_lon":-118.5601243806,"segment_second_lat":34.2203491482,"segment_second_lon":-118.5621156242,"segment_sequence":670002,"segment_id":34,"segment_len_meter":183.10480274944806,"segment_cum_len":27333.526812096134,"stop_segment_distance":14.2380315313778}
{"route_id":"152","stop_id":"6366","stop_lat":34.23032,"stop_lon":-118.366698,"stop_sequence":22,"segment_first_lat":34.2300259359,"segment_first_lon":-118.3666108254,"segment_second_lat":34.2302412966,"segment_second_lon":-118.3668165578,"segment_sequence":210004,"segment_id":11,"segment_len_meter":30.515467175512477,"segment_cum_len":8578.360569220413,"stop_segment_distance":17.128870073190335}
{"route_id":"155","stop_id":"6797","stop_lat":34.152191,"stop_lon":-118.448554,"stop_sequence":4,"segment_first_lat":34.1521901034,"segment_first_lon":-118.4486695485,"segment_second_lat":34.1526544887,"segment_second_lon":-118.4486720418,"segment_sequence":40001,"segment_id":2,"segment_len_meter":51.637799061375304,"segment_cum_len":806.448150500087,"stop_segment_distance":11.665164338968083}
{"route_id":"16","stop_id":"15654","stop_lat":34.073718,"stop_lon":-118.379861,"stop_sequence":53,"segment_first_lat":34.0735915226,"segment_first_lon":-118.3798470545,"segment_second_lat":34.0735950376,"segment_second_lon":-118.3805636378,"segment_sequence":530001,"segment_id":27,"segment_len_meter":66.00194030762383,"segment_cum_len":14591.03653130301,"stop_segment_distance":14.265102545645277}
{"route_id":"16","stop_id":"15688","stop_lat":34.050463,"stop_lon":-118.254137,"stop_sequence":6,"segment_first_lat":34.0503854865,"segment_first_lon":-118.2542078006,"segment_second_lat":34.0512981202,"segment_second_lon":-118.255608327,"segment_sequence":60001,"segment_id":3,"segment_len_meter":164.15525858232678,"segment_cum_len":1969.886627265094,"stop_segment_distance":10.963643243953982}
{"route_id":"165","stop_id":"11812","stop_lat":34.181575,"stop_lon":-118.312672,"stop_sequence":82,"segment_first_lat":34.1816270185,"segment_first_lon":-118.3126165426,"segment_second_lat":34.1811541292,"segment_second_lon":-118.3119696948,"segment_sequence":820001,"segment_id":41,"segment_len_meter":79.40676796931281,"segment_cum_len":31694.848325413812,"stop_segment_distance":8.078440702218359}
{"route_id":"169","stop_id":"4190","stop_lat":34.178917,"stop_lon":-118.605405,"stop_sequence":6,"segment_first_lat":34.1792197824,"segment_first_lon":-118.6053770269,"segment_second_lat":34.1789614953,"segment_second_lon":-118.6052637311,"segment_sequence":50014,"segment_id":3,"segment_len_meter":30.552748541184094,"segment_cum_len":1989.284107146148,"stop_segment_distance":17.118643344906864}
{"route_id":"18","stop_id":"1217","stop_lat":34.043467,"stop_lon":-118.247325,"stop_sequence":29,"segment_first_lat":34.0439252039,"segment_first_lon":-118.2478846435,"segment_second_lat":34.0435481134,"segment_second_lon":-118.2472550247,"segment_sequence":280002,"segment_id":14,"segment_len_meter":71.57855422817093,"segment_cum_len":6966.655371622004,"stop_segment_distance":11.99792777779875}
{"route_id":"2","stop_id":"8022","stop_lat":34.08979,"stop_lon":-118.277108,"stop_sequence":61,"segment_first_lat":34.0901218451,"segment_first_lon":-118.2772248757,"segment_second_lat":34.0898586041,"segment_second_lon":-118.2769828998,"segment_sequence":600011,"segment_id":30,"segment_len_meter":36.78749608332351,"segment_cum_len":19115.12757172735,"stop_segment_distance":15.46646228067221}
{"route_id":"201","stop_id":"14046","stop_lat":34.067519,"stop_lon":-118.291797,"stop_sequence":52,"segment_first_lat":34.0690583917,"segment_first_lon":-118.2916506893,"segment_second_lat":34.0675195952,"segment_second_lon":-118.2916453242,"segment_sequence":510002,"segment_id":26,"segment_len_meter":171.10707757610592,"segment_cum_len":15621.141033344189,"stop_segment_distance":14.566408854951874}
{"route_id":"202","stop_id":"12742","stop_lat":33.791069,"stop_lon":-118.247934,"stop_sequence":46,"segment_first_lat":33.7909995645,"segment_first_lon":-118.246831539,"segment_second_lat":33.7909423629,"segment_second_lon":-118.247924318,"segment_sequence":450003,"segment_id":23,"segment_len_meter":101.18491498607412,"segment_cum_len":23427.63382564964,"stop_segment_distance":15.096478983935484}
{"route_id":"209","stop_id":"9302","stop_lat":34.018345,"stop_lon":-118.331767,"stop_sequence":41,"segment_first_lat":34.0182505256,"segment_first_lon":-118.3309708951,"segment_second_lat":34.0182461442,"segment_second_lon":-118.3317661691,"segment_sequence":400004,"segment_id":20,"segment_len_meter":73.29801841990543,"segment_cum_len":15206.345537395251,"stop_segment_distance":11.815658419059545}
{"route_id":"218","stop_id":"6009","stop_lat":34.090656,"stop_lon":-118.365587,"stop_sequence":12,"segment_first_lat":34.0907825824,"segment_first_lon":-118.3655875495,"segment_second_lat":34.0907899455,"segment_second_lon":-118.3649699524,"segment_sequence":120001,"segment_id":6,"segment_len_meter":56.878021055548466,"segment_cum_len":8068.4946655713275,"stop_segment_distance":15.93854947076884}
{"route_id":"222","stop_id":"9137","stop_lat":34.114691,"stop_lon":-118.335714,"stop_sequence":13,"segment_first_lat":34.1146704681,"segment_first_lon":-118.3358642323,"segment_second_lat":34.1149072375,"segment_second_lon":-118.3358995428,"segment_sequence":130001,"segment_id":7,"segment_len_meter":26.5274793778953,"segment_cum_len":3871.6328997293394,"stop_segment_distance":16.98418922645654}
{"route_id":"224","stop_id":"11300","stop_lat":34.171984,"stop_lon":-118.378684,"stop_sequence":13,"segment_first_lat":34.1710641693,"segment_first_lon":-118.3783099163,"segment_second_lat":34.1719278862,"segment_second_lon":-118.3788189902,"segment_sequence":120004,"segment_id":6,"segment_len_meter":106.85165593677591,"segment_cum_len":4322.923008653036,"stop_segment_distance":14.961726640387852}
{"route_id":"224","stop_id":"4622","stop_lat":34.313204,"stop_lon":-118.469389,"stop_sequence":59,"segment_first_lat":34.3132748725,"segment_first_lon":-118.4694778735,"segment_second_lat":34.3140813254,"segment_second_lon":-118.4685693809,"segment_sequence":590001,"segment_id":30,"segment_len_meter":122.48813135132598,"segment_cum_len":23585.81201415069,"stop_segment_distance":12.07846279793138}
{"route_id":"233","stop_id":"6775","stop_lat":34.268716,"stop_lon":-118.418263,"stop_sequence":45,"segment_first_lat":34.2681523801,"segment_first_lon":-118.4192626686,"segment_second_lat":34.2688125202,"segment_second_lon":-118.4183610632,"segment_sequence":440003,"segment_id":22,"segment_len_meter":110.69063189047195,"segment_cum_len":14514.125536067877,"stop_segment_distance":14.527449594112554}
{"route_id":"237","stop_id":"548","stop_lat":34.132332,"stop_lon":-118.353024,"stop_sequence":15,"segment_first_lat":34.1321812497,"segment_first_lon":-118.3529704247,"segment_second_lat":34.132217197,"segment_second_lon":-118.3530816066,"segment_sequence":140007,"segment_id":7,"segment_len_meter":10.986250202649666,"segment_cum_len":5922.501767448917,"stop_segment_distance":20.309525637695124}
{"route_id":"246","stop_id":"13806","stop_lat":33.725016,"stop_lon":-118.287822,"stop_sequence":13,"segment_first_lat":33.7242466251,"segment_first_lon":-118.2879772191,"segment_second_lat":33.7250160117,"segment_second_lon":-118.2879742667,"segment_sequence":120004,"segment_id":6,"segment_len_meter":85.5523222698784,"segment_cum_len":2616.2843964604613,"stop_segment_distance":15.276213854420206}
{"route_id":"246","stop_id":"17081","stop_lat":33.870894,"stop_lon":-118.278892,"stop_sequence":65,"segment_first_lat":33.8708016685,"segment_first_lon":-118.2788547256,"segment_second_lat":33.8704403579,"segment_second_lon":-118.2801451568,"segment_sequence":650001,"segment_id":33,"segment_len_meter":125.73067166640587,"segment_cum_len":22436.918028640783,"stop_segment_distance":11.313191366971864}
{"route_id":"256","stop_id":"1319","stop_lat":34.145822,"stop_lon":-118.124339,"stop_sequence":94,"segment_first_lat":34.1459541168,"segment_first_lon":-118.1245474268,"segment_second_lat":34.1459502161,"segment_second_lon":-118.1243325966,"segment_sequence":930005,"segment_id":47,"segment_len_meter":19.774738682664548,"segment_cum_len":28647.833895373216,"stop_segment_distance":18.65465142656288}
{"route_id":"260","stop_id":"8766","stop_lat":33.965295,"stop_lon":-118.187004,"stop_sequence":70,"segment_first_lat":33.9653202075,"segment_first_lon":-118.1868544721,"segment_second_lat":33.9632076622,"segment_second_lon":-118.1863201351,"segment_sequence":700001,"segment_id":35,"segment_len_meter":240.01750936205906,"segment_cum_len":28216.81528538082,"stop_segment_distance":14.571814929356606}
{"route_id":"268","stop_id":"3015","stop_lat":34.150526,"stop_lon":-118.079571,"stop_sequence":50,"segment_first_lat":34.1505232641,"segment_first_lon":-118.0796610895,"segment_second_lat":34.1517240616,"segment_second_lon":-118.0796942947,"segment_sequence":500001,"segment_id":25,"segment_len_meter":133.5575473402167,"segment_cum_len":19860.76661338145,"stop_segment_distance":8.438795594138128}
{"route_id":"28","stop_id":"3534","stop_lat":34.084064,"stop_lon":-118.222343,"stop_sequence":37,"segment_first_lat":34.084593969,"segment_first_lon":-118.221425416,"segment_second_lat":34.0839698048,"segment_second_lon":-118.2222404834,"segment_sequence":360001,"segment_id":18,"segment_len_meter":102.23125611669035,"segment_cum_len":10850.294673971397,"stop_segment_distance":14.891745680309867}
{"route_id":"344","stop_id":"10890","stop_lat":33.745209,"stop_lon":-118.40309,"stop_sequence":4,"segment_first_lat":33.7454304814,"segment_first_lon":-118.4033148616,"segment_second_lat":33.7453220717,"segment_second_lon":-118.4030304789,"segment_sequence":30026,"segment_id":2,"segment_len_meter":28.925630776696153,"segment_cum_len":847.6618535594216,"stop_segment_distance":17.02908580548855}
{"route_id":"35","stop_id":"7764","stop_lat":34.025392,"stop_lon":-118.300399,"stop_sequence":27,"segment_first_lat":34.0255190143,"segment_first_lon":-118.3014558095,"segment_second_lat":34.0255191737,"segment_second_lon":-118.3003997309,"segment_sequence":260003,"segment_id":13,"segment_len_meter":97.32510970275109,"segment_cum_len":8297.848832589505,"stop_segment_distance":15.22737785409086}
{"route_id":"35","stop_id":"7768","stop_lat":34.025462,"stop_lon":-118.337534,"stop_sequence":15,"segment_first_lat":34.0255859829,"segment_first_lon":-118.3383990727,"segment_second_lat":34.0255884036,"segment_second_lon":-118.3375344159,"segment_sequence":140004,"segment_id":7,"segment_len_meter":79.68462679312876,"segment_cum_len":4875.49588173476,"stop_segment_distance":15.27665997024738}
{"route_id":"501","stop_id":"24675","stop_lat":34.156863,"stop_lon":-118.255644,"stop_sequence":5,"segment_first_lat":34.1567900588,"segment_first_lon":-118.255642785,"segment_second_lat":34.1567694436,"segment_second_lon":-118.2570713275,"segment_sequence":50001,"segment_id":3,"segment_len_meter":131.46630195811977,"segment_cum_len":12573.788895322336,"stop_segment_distance":8.390987650053745}
{"route_id":"534","stop_id":"12741","stop_lat":34.039585,"stop_lon":-118.589183,"stop_sequence":13,"segment_first_lat":34.0394453772,"segment_first_lon":-118.5890466178,"segment_second_lat":34.0394564825,"segment_second_lon":-118.589192263,"segment_sequence":120045,"segment_id":6,"segment_len_meter":13.476723953344134,"segment_cum_len":11413.257271454926,"stop_segment_distance":20.813058115584937}
{"route_id":"55","stop_id":"13558","stop_lat":34.028906,"stop_lon":-118.270547,"stop_sequence":51,"segment_first_lat":34.0283223879,"segment_first_lon":-118.2710960254,"segment_second_lat":34.0289663194,"segment_second_lon":-118.2706812732,"segment_sequence":500005,"segment_id":25,"segment_len_meter":81.16449077806783,"segment_cum_len":14903.489165117126,"stop_segment_distance":15.197151296918918}
{"route_id":"60","stop_id":"12696","stop_lat":33.993076,"stop_lon":-118.22537,"stop_sequence":31,"segment_first_lat":33.9938623308,"segment_first_lon":-118.2252207868,"segment_second_lat":33.9930764473,"segment_second_lon":-118.2252186728,"segment_sequence":300005,"segment_id":15,"segment_len_meter":87.38647546462718,"segment_cum_len":10182.56746271749,"stop_segment_distance":15.07632432960223}
{"route_id":"603","stop_id":"17139","stop_lat":34.047508,"stop_lon":-118.284293,"stop_sequence":53,"segment_first_lat":34.0474958054,"segment_first_lon":-118.284171132,"segment_second_lat":34.0472910285,"segment_second_lon":-118.2841968454,"segment_sequence":530001,"segment_id":27,"segment_len_meter":22.893061988468453,"segment_cum_len":16566.80057528824,"stop_segment_distance":14.117828400026006}
{"route_id":"665","stop_id":"11178","stop_lat":34.026445,"stop_lon":-118.192431,"stop_sequence":18,"segment_first_lat":34.027289251,"segment_first_lon":-118.1923208468,"segment_second_lat":34.0264456694,"segment_second_lon":-118.1923132978,"segment_sequence":170003,"segment_id":9,"segment_len_meter":93.80457386124937,"segment_cum_len":6756.902920995547,"stop_segment_distance":11.466332647701634}
{"route_id":"70","stop_id":"1461","stop_lat":34.062459,"stop_lon":-118.108298,"stop_sequence":53,"segment_first_lat":34.0625765408,"segment_first_lon":-118.1093378409,"segment_second_lat":34.0625843475,"segment_second_lon":-118.1082978165,"segment_sequence":520003,"segment_id":26,"segment_len_meter":95.80765495989976,"segment_cum_len":18037.25027672064,"stop_segment_distance":14.80482330383309}
{"route_id":"794","stop_id":"142450","stop_lat":34.041747,"stop_lon":-118.258164,"stop_sequence":4,"segment_first_lat":34.0418098592,"segment_first_lon":-118.2582593324,"segment_second_lat":34.0430182851,"segment_second_lon":-118.2571410747,"segment_sequence":40001,"segment_id":2,"segment_len_meter":169.32718635056784,"segment_cum_len":1378.3843590609783,"stop_segment_distance":11.798374913474447}
{"route_id":"90","stop_id":"11265","stop_lat":34.216268,"stop_lon":-118.240117,"stop_sequence":33,"segment_first_lat":34.2176893329,"segment_first_lon":-118.2399721179,"segment_second_lat":34.2162686929,"segment_second_lon":-118.2399653889,"segment_sequence":320011,"segment_id":16,"segment_len_meter":157.96917227673816,"segment_cum_len":10035.800736669522,"stop_segment_distance":14.577053914557155}
{"route_id":"90","stop_id":"9158","stop_lat":34.174549,"stop_lon":-118.229093,"stop_sequence":51,"segment_first_lat":34.1753081852,"segment_first_lon":-118.2289499753,"segment_second_lat":34.1745497924,"segment_second_lon":-118.2289386398,"segment_sequence":500004,"segment_id":25,"segment_len_meter":84.33587908580361,"segment_cum_len":15661.306170715961,"stop_segment_distance":15.301513907953819}
{"route_id":"92","stop_id":"2243","stop_lat":34.224911,"stop_lon":-118.361471,"stop_sequence":91,"segment_first_lat":34.2235350323,"segment_first_lon":-118.3603366678,"segment_second_lat":34.2248307729,"segment_second_lon":-118.3615890949,"segment_sequence":900003,"segment_id":45,"segment_len_meter":184.44051326775875,"segment_cum_len":29047.184034186706,"stop_segment_distance":14.776340998079377}
{"route_id":"94","stop_id":"14209","stop_lat":34.130881,"stop_lon":-118.261271,"stop_sequence":67,"segment_first_lat":34.131649802,"segment_first_lon":-118.2615145379,"segment_second_lat":34.1309301341,"segment_second_lon":-118.2611326101,"segment_sequence":660004,"segment_id":33,"segment_len_meter":87.40429284639343,"segment_cum_len":27702.382008299053,"stop_segment_distance":14.832584367992311}
{"route_id":"94","stop_id":"14216","stop_lat":34.224525,"stop_lon":-118.377265,"stop_sequence":24,"segment_first_lat":34.2246254873,"segment_first_lon":-118.3771688133,"segment_second_lat":34.2238883153,"segment_second_lon":-118.37608142,"segment_sequence":240001,"segment_id":12,"segment_len_meter":129.28335405713923,"segment_cum_len":10558.449428499222,"stop_segment_distance":14.78832636952447}
{"route_id":"94","stop_id":"6535","stop_lat":34.033195,"stop_lon":-118.264573,"stop_sequence":99,"segment_first_lat":34.0328646001,"segment_first_lon":-118.2649123366,"segment_second_lat":34.0332161677,"segment_second_lon":-118.2646091391,"segment_sequence":980008,"segment_id":49,"segment_len_meter":48.05030241172195,"segment_cum_len":41241.39845185522,"stop_segment_distance":4.2720866991673105}
