{"route_id":"110","stop_id":"7340","stop_lat":33.983317,"stop_lon":-118.309135,"stop_sequence":32,"segment_first_lat":33.9833903708,"segment_first_lon":-118.3094945336,"segment_second_lat":33.9833912925,"segment_second_lon":-118.3091349909,"segment_sequence":310002,"segment_id":16,"segment_len_meter":33.15099958583772,"segment_cum_len":11639.931899755318,"stop_segment_distance":9.249136445060103}
{"route_id":"111","stop_id":"1431","stop_lat":33.974573,"stop_lon":-118.274191,"stop_sequence":37,"segment_first_lat":33.9746879828,"segment_first_lon":-118.2779674433,"segment_second_lat":33.9746988227,"segment_second_lon":-118.2741909917,"segment_sequence":360001,"segment_id":18,"segment_len_meter":348.2370970183424,"segment_cum_len":13626.491759619235,"stop_segment_distance":14.22288441360945}
{"route_id":"117","stop_id":"7549","stop_lat":33.945349,"stop_lon":-118.326064,"stop_sequence":18,"segment_first_lat":33.9454773727,"segment_first_lon":-118.3260641472,"segment_second_lat":33.9454776828,"segment_second_lon":-118.3253387871,"segment_sequence":180001,"segment_id":9,"segment_len_meter":66.91005344341184,"segment_cum_len":7999.179632510113,"stop_segment_distance":15.774051692315538}
{"route_id":"125","stop_id":"12392","stop_lat":33.898208,"stop_lon":-118.215803,"stop_sequence":55,"segment_first_lat":33.8962949499,"segment_first_lon":-118.2158043679,"segment_second_lat":33.8982022903,"segment_second_lon":-118.2159203277,"segment_sequence":540001,"segment_id":27,"segment_len_meter":212.35645078288772,"segment_cum_len":20709.27008186436,"stop_segment_distance":11.212419567262828}
{"route_id":"125","stop_id":"17322","stop_lat":33.90179,"stop_lon":-118.344009,"stop_sequence":16,"segment_first_lat":33.9019164565,"segment_first_lon":-118.344942005,"segment_second_lat":33.9019169233,"segment_second_lon":-118.3440094128,"segment_sequence":150007,"segment_id":8,"segment_len_meter":86.06995738762078,"segment_cum_len":7282.288873198761,"stop_segment_distance":15.291967237579058}
{"route_id":"125","stop_id":"17375","stop_lat":33.9032,"stop_lon":-118.225254,"stop_sequence":48,"segment_first_lat":33.9033258003,"segment_first_lon":-118.2254355676,"segment_second_lat":33.9033261391,"segment_second_lon":-118.2252543198,"segment_sequence":470006,"segment_id":24,"segment_len_meter":16.727321208803094,"segment_cum_len":18249.64863271245,"stop_segment_distance":19.1268070353314}
{"route_id":"154","stop_id":"15884","stop_lat":34.180307,"stop_lon":-118.333881,"stop_sequence":9,"segment_first_lat":34.1802416456,"segment_first_lon":-118.3336593295,"segment_second_lat":34.1801867874,"segment_second_lon":-118.3338224446,"segment_sequence":80009,"segment_id":4,"segment_len_meter":16.197284920901797,"segment_cum_len":4198.383491752937,"stop_segment_distance":19.861623406858936}
{"route_id":"158","stop_id":"9586","stop_lat":34.257395,"stop_lon":-118.549048,"stop_sequence":62,"segment_first_lat":34.2572639547,"segment_first_lon":-118.5487855882,"segment_second_lat":34.2572660666,"segment_second_lon":-118.5490470483,"segment_sequence":610003,"segment_id":31,"segment_len_meter":24.03054658607924,"segment_cum_len":25054.967525961,"stop_segment_distance":18.48363181429483}
{"route_id":"161","stop_id":"20091","stop_lat":34.140504,"stop_lon":-118.734756,"stop_sequence":30,"segment_first_lat":34.1404034753,"segment_first_lon":-118.7347702973,"segment_second_lat":34.1404129933,"segment_second_lon":-118.7348771279,"segment_sequence":300001,"segment_id":15,"segment_len_meter":9.888645916226746,"segment_cum_len":18305.47568985917,"stop_segment_distance":16.42206879748317}
{"route_id":"175","stop_id":"8037","stop_lat":34.098016,"stop_lon":-118.295966,"stop_sequence":9,"segment_first_lat":34.0981429549,"segment_first_lon":-118.2959669028,"segment_second_lat":34.0981474071,"segment_second_lon":-118.2950453499,"segment_sequence":90001,"segment_id":5,"segment_len_meter":84.85630840056753,"segment_cum_len":2346.7355830374854,"stop_segment_distance":15.282551159179675}
{"route_id":"176","stop_id":"10118","stop_lat":34.091356,"stop_lon":-118.091501,"stop_sequence":56,"segment_first_lat":34.0909773048,"segment_first_lon":-118.0908494693,"segment_second_lat":34.0912389099,"segment_second_lon":-118.0915664671,"segment_sequence":550006,"segment_id":28,"segment_len_meter":72.14928867246529,"segment_cum_len":22119.827933955185,"stop_segment_distance":15.497681559282057}
{"route_id":"18","stop_id":"8333","stop_lat":34.016052,"stop_lon":-118.137174,"stop_sequence":66,"segment_first_lat":34.0163665864,"segment_first_lon":-118.1380424828,"segment_second_lat":34.0161760902,"segment_second_lon":-118.1371393249,"segment_sequence":650002,"segment_id":33,"segment_len_meter":85.89427025680561,"segment_cum_len":18349.502092201506,"stop_segment_distance":15.62439683724341}
{"route_id":"180","stop_id":"7575","stop_lat":34.14564,"stop_lon":-118.152015,"stop_sequence":66,"segment_first_lat":34.1457671658,"segment_first_lon":-118.1520181783,"segment_second_lat":34.1457691923,"segment_second_lon":-118.1517174284,"segment_sequence":660001,"segment_id":33,"segment_len_meter":27.677812130226496,"segment_cum_len":21032.546577396875,"stop_segment_distance":17.389105935326146}
{"route_id":"200","stop_id":"5150","stop_lat":34.029285,"stop_lon":-118.283792,"stop_sequence":11,"segment_first_lat":34.0290127811,"segment_first_lon":-118.2839499535,"segment_second_lat":34.0292875781,"segment_second_lon":-118.2839456052,"segment_sequence":100003,"segment_id":5,"segment_len_meter":30.55865958072865,"segment_cum_len":2564.9441033073763,"stop_segment_distance":17.186748609433792}
{"route_id":"201","stop_id":"14239","stop_lat":34.133609,"stop_lon":-118.26271,"stop_sequence":21,"segment_first_lat":34.1344220069,"segment_first_lon":-118.2629672971,"segment_second_lat":34.1336586849,"segment_second_lon":-118.2625703367,"segment_sequence":200016,"segment_id":10,"segment_len_meter":92.40706035810447,"segment_cum_len":5172.3945486126695,"stop_segment_distance":15.03694370706566}
{"route_id":"205","stop_id":"7399","stop_lat":33.737791,"stop_lon":-118.287583,"stop_sequence":21,"segment_first_lat":33.7378648188,"segment_first_lon":-118.2879088057,"segment_second_lat":33.737863682,"segment_second_lon":-118.2875799076,"segment_sequence":200004,"segment_id":10,"segment_len_meter":30.4129060393676,"segment_cum_len":4132.030338428286,"stop_segment_distance":8.898919115778675}
{"route_id":"210","stop_id":"25400146","stop_lat":33.886992,"stop_lon":-118.326677,"stop_sequence":80,"segment_first_lat":33.8869919968,"segment_first_lon":-118.3265265947,"segment_second_lat":33.8864067073,"segment_second_lon":-118.3265262918,"segment_sequence":800001,"segment_id":40,"segment_len_meter":65.08122902455841,"segment_cum_len":27777.642252673304,"stop_segment_distance":15.35406641789632}
{"route_id":"210","stop_id":"9403","stop_lat":33.894392,"stop_lon":-118.326683,"stop_sequence":78,"segment_first_lat":33.8943919318,"segment_first_lon":-118.3265287305,"segment_second_lat":33.8910230783,"segment_second_lon":-118.3265277991,"segment_sequence":780001,"segment_id":39,"segment_len_meter":374.5994276735285,"segment_cum_len":27264.325195345187,"stop_segment_distance":14.520333284178207}
{"route_id":"224","stop_id":"11317","stop_lat":34.152501,"stop_lon":-118.366942,"stop_sequence":6,"segment_first_lat":34.1524433697,"segment_first_lon":-118.3670782715,"segment_second_lat":34.1528739833,"segment_second_lon":-118.3673432637,"segment_sequence":60001,"segment_id":3,"segment_len_meter":53.73343932057013,"segment_cum_len":1955.5842267724852,"stop_segment_distance":15.87744937804581}
{"route_id":"230","stop_id":"2920","stop_lat":34.212249,"stop_lon":-118.396655,"stop_sequence":31,"segment_first_lat":34.2139197146,"segment_first_lon":-118.3965045904,"segment_second_lat":34.2122490026,"segment_second_lon":-118.3965026113,"segment_sequence":300002,"segment_id":15,"segment_len_meter":185.77478742015612,"segment_cum_len":11822.609553615033,"stop_segment_distance":14.527039535616296}
{"route_id":"234","stop_id":"20085","stop_lat":34.315617,"stop_lon":-118.427777,"stop_sequence":7,"segment_first_lat":34.3167681658,"segment_first_lon":-118.4263260313,"segment_second_lat":34.3155474143,"segment_second_lon":-118.42769052,"segment_sequence":60002,"segment_id":3,"segment_len_meter":184.74190254942985,"segment_cum_len":2166.4164062385084,"stop_segment_distance":11.123295845565877}
{"route_id":"237","stop_id":"11217","stop_lat":34.172415,"stop_lon":-118.457321,"stop_sequence":49,"segment_first_lat":34.1724147497,"segment_first_lon":-118.4574390707,"segment_second_lat":34.1730934754,"segment_second_lon":-118.4574404727,"segment_sequence":490001,"segment_id":25,"segment_len_meter":75.47096463604997,"segment_cum_len":19323.29362422655,"stop_segment_distance":11.630703263172066}
{"route_id":"252","stop_id":"2587","stop_lat":34.080636,"stop_lon":-118.191103,"stop_sequence":16,"segment_first_lat":34.080029852,"segment_first_lon":-118.1918080615,"segment_second_lat":34.0806963504,"segment_second_lon":-118.1911996338,"segment_sequence":150035,"segment_id":8,"segment_len_meter":92.91048436381861,"segment_cum_len":6916.713732294264,"stop_segment_distance":11.826917668619828}
{"route_id":"256","stop_id":"9856","stop_lat":34.019398,"stop_lon":-118.172136,"stop_sequence":4,"segment_first_lat":34.0194123585,"segment_first_lon":-118.1722183035,"segment_second_lat":34.0202552253,"segment_second_lon":-118.1719566954,"segment_sequence":40001,"segment_id":2,"segment_len_meter":96.77413255323978,"segment_cum_len":685.7769929259139,"stop_segment_distance":7.718448554455051}
{"route_id":"258","stop_id":"13505","stop_lat":34.073613,"stop_lon":-118.151963,"stop_sequence":26,"segment_first_lat":34.0736127627,"segment_first_lon":-118.1518120849,"segment_second_lat":34.0721097074,"segment_second_lon":-118.1517902049,"segment_sequence":260001,"segment_id":13,"segment_len_meter":167.14427340537003,"segment_cum_len":8409.071775522674,"stop_segment_distance":14.670223113743617}
{"route_id":"260","stop_id":"187","stop_lat":33.936417,"stop_lon":-118.182262,"stop_sequence":80,"segment_first_lat":33.9386074989,"segment_first_lon":-118.1818575845,"segment_second_lat":33.9364052693,"segment_second_lon":-118.1821106085,"segment_sequence":790003,"segment_id":40,"segment_len_meter":245.98674949637237,"segment_cum_len":31275.267869638694,"stop_segment_distance":14.453547976748979}
{"route_id":"260","stop_id":"9806","stop_lat":33.874513,"stop_lon":-118.186449,"stop_sequence":96,"segment_first_lat":33.8743849106,"segment_first_lon":-118.1864485544,"segment_second_lat":33.8743934551,"segment_second_lon":-118.1871407037,"segment_sequence":960001,"segment_id":48,"segment_len_meter":63.90688698848823,"segment_cum_len":38677.76237103129,"stop_segment_distance":15.563541215755713}
{"route_id":"265","stop_id":"4286","stop_lat":33.907112,"stop_lon":-118.160048,"stop_sequence":23,"segment_first_lat":33.9055075307,"segment_first_lon":-118.1601836831,"segment_second_lat":33.9071122475,"segment_second_lon":-118.1601982846,"segment_sequence":220004,"segment_id":11,"segment_len_meter":178.44145489656208,"segment_cum_len":8228.411711097677,"stop_segment_distance":14.275381581535726}
{"route_id":"266","stop_id":"17853","stop_lat":33.977634,"stop_lon":-118.100968,"stop_sequence":38,"segment_first_lat":33.97770049,"segment_first_lon":-118.1011008756,"segment_second_lat":33.9786565012,"segment_second_lon":-118.1004017821,"segment_sequence":380001,"segment_id":19,"segment_len_meter":124.32154204555783,"segment_cum_len":17518.48021646398,"stop_segment_distance":15.10014170390653}
{"route_id":"28","stop_id":"13971","stop_lat":34.046112,"stop_lon":-118.250908,"stop_sequence":54,"segment_first_lat":34.0474031749,"segment_first_lon":-118.2496214258,"segment_second_lat":34.0460673885,"segment_second_lon":-118.2508378402,"segment_sequence":530004,"segment_id":27,"segment_len_meter":186.07080815022437,"segment_cum_len":16621.2293552315,"stop_segment_distance":8.26011790161698}
{"route_id":"28","stop_id":"142051","stop_lat":34.058284,"stop_lon":-118.36362,"stop_sequence":86,"segment_first_lat":34.0581115544,"segment_first_lon":-118.3633416988,"segment_second_lat":34.0581570797,"segment_second_lon":-118.3636453082,"segment_sequence":850008,"segment_id":43,"segment_len_meter":28.423411790824847,"segment_cum_len":27767.35598105388,"stop_segment_distance":17.895867558729368}
{"route_id":"40","stop_id":"16952","stop_lat":34.048496,"stop_lon":-118.248723,"stop_sequence":11,"segment_first_lat":34.0484444405,"segment_first_lon":-118.2486414507,"segment_second_lat":34.0474031749,"segment_second_lon":-118.2496214258,"segment_sequence":110001,"segment_id":6,"segment_len_meter":146.82537731430352,"segment_cum_len":4267.3328071544865,"stop_segment_distance":9.655714483221459}
{"route_id":"460","stop_id":"2777","stop_lat":33.846696,"stop_lon":-117.981939,"stop_sequence":62,"segment_first_lat":33.8467820836,"segment_first_lon":-117.9848534772,"segment_second_lat":33.8468231744,"segment_second_lon":-117.9819422798,"segment_sequence":620002,"segment_id":31,"segment_len_meter":268.8899333644637,"segment_cum_len":52829.098300847945,"stop_segment_distance":14.578815058898044}
{"route_id":"460","stop_id":"4598","stop_lat":33.902129,"stop_lon":-118.069274,"stop_sequence":30,"segment_first_lat":33.9022467632,"segment_first_lon":-118.0700125272,"segment_second_lat":33.9022562556,"segment_second_lon":-118.0692776654,"segment_sequence":300005,"segment_id":15,"segment_len_meter":67.82913615179417,"segment_cum_len":38432.22533265542,"stop_segment_distance":15.730808715585866}
{"route_id":"53","stop_id":"140785","stop_lat":33.933404,"stop_lon":-118.254055,"stop_sequence":25,"segment_first_lat":33.9334069143,"segment_first_lon":-118.2542079255,"segment_second_lat":33.9349759915,"segment_second_lon":-118.2541813678,"segment_sequence":250001,"segment_id":13,"segment_len_meter":174.49062661915227,"segment_cum_len":10591.024769342159,"stop_segment_distance":14.807362353606862}
{"route_id":"53","stop_id":"4879","stop_lat":33.888123,"stop_lon":-118.249836,"stop_sequence":7,"segment_first_lat":33.8870409369,"segment_first_lon":-118.2497336857,"segment_second_lat":33.8880980554,"segment_second_lon":-118.2499862538,"segment_sequence":60005,"segment_id":3,"segment_len_meter":119.83589305158347,"segment_cum_len":3087.7391018306507,"stop_segment_distance":14.99808792380523}
{"route_id":"534","stop_id":"3033","stop_lat":34.014736,"stop_lon":-118.491174,"stop_sequence":2,"segment_first_lat":34.0146839546,"segment_first_lon":-118.4912376237,"segment_second_lat":34.0158771058,"segment_second_lon":-118.4926490603,"segment_sequence":20001,"segment_id":1,"segment_len_meter":185.80970475004756,"segment_cum_len":602.0739216032329,"stop_segment_distance":8.394850966856438}
{"route_id":"602","stop_id":"2936","stop_lat":34.063582,"stop_lon":-118.447907,"stop_sequence":52,"segment_first_lat":34.0636380726,"segment_first_lon":-118.4482408362,"segment_second_lat":34.0636519363,"segment_second_lon":-118.4479110636,"segment_sequence":510008,"segment_id":26,"segment_len_meter":30.416306354595296,"segment_cum_len":16088.546931219567,"stop_segment_distance":8.746526206290316}
{"route_id":"603","stop_id":"17138","stop_lat":34.050074,"stop_lon":-118.284276,"stop_sequence":52,"segment_first_lat":34.0508083687,"segment_first_lon":-118.284169178,"segment_second_lat":34.0500747123,"segment_second_lon":-118.2841584332,"segment_sequence":510004,"segment_id":26,"segment_len_meter":81.5848754383057,"segment_cum_len":16257.006570364261,"stop_segment_distance":11.495879649077821}
{"route_id":"62","stop_id":"1599","stop_lat":34.019879,"stop_lon":-118.210203,"stop_sequence":23,"segment_first_lat":34.0199892697,"segment_first_lon":-118.210131448,"segment_second_lat":34.0190114878,"segment_second_lon":-118.2079635442,"segment_sequence":230001,"segment_id":12,"segment_len_meter":227.46815743556158,"segment_cum_len":8796.66165717278,"stop_segment_distance":14.279915284161632}
{"route_id":"62","stop_id":"6484","stop_lat":33.994902,"stop_lon":-118.14346,"stop_sequence":35,"segment_first_lat":33.9949815397,"segment_first_lon":-118.1433407686,"segment_second_lat":33.9928164785,"segment_second_lon":-118.1412663129,"segment_sequence":350001,"segment_id":18,"segment_len_meter":307.46217184133354,"segment_cum_len":16187.976882239034,"stop_segment_distance":14.344162513318565}
{"route_id":"76","stop_id":"10802","stop_lat":34.039169,"stop_lon":-118.264358,"stop_sequence":71,"segment_first_lat":34.0394065045,"segment_first_lon":-118.2640088254,"segment_second_lat":34.0391026539,"segment_second_lon":-118.2642309995,"segment_sequence":700004,"segment_id":35,"segment_len_meter":39.5047309558127,"segment_cum_len":25438.133093762644,"stop_segment_distance":15.953210856755355}
{"route_id":"794","stop_id":"12353","stop_lat":34.115116,"stop_lon":-118.245889,"stop_sequence":14,"segment_first_lat":34.1150318828,"segment_first_lon":-118.2460045154,"segment_second_lat":34.1156198192,"segment_second_lon":-118.2465972951,"segment_sequence":140001,"segment_id":7,"segment_len_meter":85.15839162813873,"segment_cum_len":11277.02359160028,"stop_segment_distance":14.970322340398667}
{"route_id":"94","stop_id":"14205","stop_lat":34.156941,"stop_lon":-118.277764,"stop_sequence":59,"segment_first_lat":34.1570122136,"segment_first_lon":-118.2776408215,"segment_second_lat":34.1569000439,"segment_second_lon":-118.2775455829,"segment_sequence":590001,"segment_id":30,"segment_len_meter":15.243477090633343,"segment_cum_len":24352.460419194704,"stop_segment_distance":19.18982840811183}
