{"route_id":"108","stop_id":"14654","stop_lat":33.986773,"stop_lon":-118.183071,"stop_sequence":70,"segment_first_lat":33.9868997009,"segment_first_lon":-118.183053357,"segment_second_lat":33.9868098636,"segment_second_lon":-118.1821338095,"segment_sequence":700001,"segment_id":35,"segment_len_meter":85.36787246847508,"segment_cum_len":22592.435378251357,"stop_segment_distance":15.319517436707812}
{"route_id":"108","stop_id":"6268","stop_lat":33.987444,"stop_lon":-118.189689,"stop_sequence":67,"segment_first_lat":33.9875701276,"segment_first_lon":-118.1896688017,"segment_second_lat":33.9874892382,"segment_second_lon":-118.1888581182,"segment_sequence":670001,"segment_id":34,"segment_len_meter":75.28288679742298,"segment_cum_len":21967.79484068195,"stop_segment_distance":15.635884692128428}
{"route_id":"115","stop_id":"1537","stop_lat":33.959966,"stop_lon":-118.28086,"stop_sequence":41,"segment_first_lat":33.9600904288,"segment_first_lon":-118.2808638153,"segment_second_lat":33.9600930569,"segment_second_lon":-118.2806791547,"segment_sequence":410001,"segment_id":21,"segment_len_meter":17.033395815286763,"segment_cum_len":10920.072485571403,"stop_segment_distance":18.66539534265763}
{"route_id":"127","stop_id":"14673","stop_lat":33.896477,"stop_lon":-118.169142,"stop_sequence":28,"segment_first_lat":33.8963744056,"segment_first_lon":-118.1691422248,"segment_second_lat":33.8963674438,"segment_second_lon":-118.1707667209,"segment_sequence":280001,"segment_id":14,"segment_len_meter":149.93825001656165,"segment_cum_len":11596.943449633432,"stop_segment_distance":11.920661925155201}
{"route_id":"14","stop_id":"140915","stop_lat":34.077301,"stop_lon":-118.394586,"stop_sequence":80,"segment_first_lat":34.0771751859,"segment_first_lon":-118.3935348322,"segment_second_lat":34.0771739585,"segment_second_lon":-118.3945849566,"segment_sequence":790004,"segment_id":40,"segment_len_meter":96.71753632692841,"segment_cum_len":28627.672701406733,"stop_segment_distance":15.228198431621948}
{"route_id":"152","stop_id":"13014","stop_lat":34.221589,"stop_lon":-118.461676,"stop_sequence":46,"segment_first_lat":34.2214671701,"segment_first_lon":-118.4611458227,"segment_second_lat":34.2214629536,"segment_second_lon":-118.4616750814,"segment_sequence":450005,"segment_id":23,"segment_len_meter":48.66428413311784,"segment_cum_len":18050.24629463945,"stop_segment_distance":15.945502886600671}
{"route_id":"154","stop_id":"9117","stop_lat":34.172339,"stop_lon":-118.522368,"stop_sequence":63,"segment_first_lat":34.1722418569,"segment_first_lon":-118.5223669826,"segment_second_lat":34.1722430255,"segment_second_lon":-118.5228595949,"segment_sequence":630001,"segment_id":32,"segment_len_meter":45.31925295409407,"segment_cum_len":26813.206205749633,"stop_segment_distance":11.950483811558158}
{"route_id":"155","stop_id":"18050","stop_lat":34.157524,"stop_lon":-118.422694,"stop_sequence":12,"segment_first_lat":34.1576253282,"segment_first_lon":-118.4235605465,"segment_second_lat":34.157621764,"segment_second_lon":-118.4226944929,"segment_sequence":110005,"segment_id":6,"segment_len_meter":79.68949133049291,"segment_cum_len":3807.432020946592,"stop_segment_distance":11.707516067156547}
{"route_id":"165","stop_id":"6882","stop_lat":34.193827,"stop_lon":-118.378674,"stop_sequence":64,"segment_first_lat":34.1939521279,"segment_first_lon":-118.3786748295,"segment_second_lat":34.1939526139,"segment_second_lon":-118.3779043213,"segment_sequence":640001,"segment_id":32,"segment_len_meter":70.86655710113993,"segment_cum_len":24927.41889250141,"stop_segment_distance":15.202355702200634}
{"route_id":"176","stop_id":"10093","stop_lat":34.095785,"stop_lon":-118.125797,"stop_sequence":68,"segment_first_lat":34.0956751273,"segment_first_lon":-118.1257237196,"segment_second_lat":34.095149104,"segment_second_lon":-118.1268532096,"segment_sequence":680001,"segment_id":34,"segment_len_meter":119.32386647429493,"segment_cum_len":26312.342107007295,"stop_segment_distance":14.876820108870788}
{"route_id":"18","stop_id":"8316","stop_lat":34.023802,"stop_lon":-118.183901,"stop_sequence":50,"segment_first_lat":34.0239236054,"segment_first_lon":-118.1849768224,"segment_second_lat":34.0239277221,"segment_second_lon":-118.1839009743,"segment_sequence":490002,"segment_id":25,"segment_len_meter":99.14992554719002,"segment_cum_len":13932.20488591004,"stop_segment_distance":14.894138468329317}
{"route_id":"180","stop_id":"1288","stop_lat":34.14612,"stop_lon":-118.241588,"stop_sequence":41,"segment_first_lat":34.1462467806,"segment_first_lon":-118.2415847309,"segment_second_lat":34.1462280892,"segment_second_lon":-118.2397933621,"segment_sequence":410001,"segment_id":21,"segment_len_meter":164.86519425336286,"segment_cum_len":12353.621961362553,"stop_segment_distance":14.825194517816755}
{"route_id":"183","stop_id":"20151","stop_lat":34.169076,"stop_lon":-118.343013,"stop_sequence":35,"segment_first_lat":34.1688997741,"segment_first_lon":-118.3439483257,"segment_second_lat":34.16919464,"segment_second_lon":-118.3430714853,"segment_sequence":340006,"segment_id":17,"segment_len_meter":87.07866744136636,"segment_cum_len":14038.399722176848,"stop_segment_distance":15.422426564405995}
{"route_id":"183","stop_id":"7844","stop_lat":34.173647,"stop_lon":-118.31615,"stop_sequence":42,"segment_first_lat":34.1737291795,"segment_first_lon":-118.3162660217,"segment_second_lat":34.1754582254,"segment_second_lon":-118.3144449153,"segment_sequence":420001,"segment_id":21,"segment_len_meter":255.0126721439998,"segment_cum_len":17247.49250788129,"stop_segment_distance":14.315210113615763}
{"route_id":"200","stop_id":"4997","stop_lat":34.01385,"stop_lon":-118.282592,"stop_sequence":3,"segment_first_lat":34.0118387207,"segment_first_lon":-118.2827334984,"segment_second_lat":34.0138501355,"segment_second_lon":-118.2827432623,"segment_sequence":20004,"segment_id":1,"segment_len_meter":223.66093170781906,"segment_cum_len":556.4974989774129,"stop_segment_distance":14.304893897870016}
{"route_id":"201","stop_id":"13798","stop_lat":34.145991,"stop_lon":-118.264217,"stop_sequence":15,"segment_first_lat":34.1463315787,"segment_first_lon":-118.2641053416,"segment_second_lat":34.1459908578,"segment_second_lon":-118.2640979854,"segment_sequence":140007,"segment_id":7,"segment_len_meter":37.892483016166096,"segment_cum_len":3755.1078208056315,"stop_segment_distance":12.29986347842702}
{"route_id":"205","stop_id":"7378","stop_lat":33.737858,"stop_lon":-118.307406,"stop_sequence":12,"segment_first_lat":33.7379292333,"segment_first_lon":-118.3074091839,"segment_second_lat":33.7379298045,"segment_second_lon":-118.3071855376,"segment_sequence":120001,"segment_id":6,"segment_len_meter":20.68027167577788,"segment_cum_len":2319.0399234570227,"stop_segment_distance":9.139556808957927}
{"route_id":"209","stop_id":"5615","stop_lat":33.967113,"stop_lon":-118.317623,"stop_sequence":22,"segment_first_lat":33.9664008879,"segment_first_lon":-118.3177425072,"segment_second_lat":33.9671125835,"segment_second_lon":-118.3177425689,"segment_sequence":210004,"segment_id":11,"segment_len_meter":79.13694023938933,"segment_cum_len":8190.830000111504,"stop_segment_distance":11.836406178579495}
{"route_id":"212","stop_id":"13640","stop_lat":34.046208,"stop_lon":-118.345438,"stop_sequence":30,"segment_first_lat":34.0473996422,"segment_first_lon":-118.3448320389,"segment_second_lat":34.0461692017,"segment_second_lon":-118.3452924184,"segment_sequence":290003,"segment_id":15,"segment_len_meter":143.24292335631787,"segment_cum_len":8351.526244164796,"stop_segment_distance":14.632876037315214}
{"route_id":"222","stop_id":"12114","stop_lat":34.181372,"stop_lon":-118.349035,"stop_sequence":31,"segment_first_lat":34.1813739061,"segment_first_lon":-118.3491874423,"segment_second_lat":34.1845261853,"segment_second_lon":-118.3491258917,"segment_sequence":310001,"segment_id":16,"segment_len_meter":350.5631777318987,"segment_cum_len":12370.058770041362,"stop_segment_distance":14.290247914507518}
{"route_id":"230","stop_id":"20037","stop_lat":34.279353,"stop_lon":-118.449804,"stop_sequence":9,"segment_first_lat":34.2792583987,"segment_first_lon":-118.4497053698,"segment_second_lat":34.2789672819,"segment_second_lon":-118.450106001,"segment_sequence":90001,"segment_id":5,"segment_len_meter":49.018991705382746,"segment_cum_len":2406.485732749921,"stop_segment_distance":15.948664350749027}
{"route_id":"232","stop_id":"23200094","stop_lat":33.813706,"stop_lon":-118.369674,"stop_sequence":51,"segment_first_lat":33.8136078843,"segment_first_lon":-118.369765419,"segment_second_lat":33.8138668658,"segment_second_lon":-118.3701681758,"segment_sequence":510001,"segment_id":26,"segment_len_meter":47.051258852215945,"segment_cum_len":21130.058241729406,"stop_segment_distance":15.780028015446874}
{"route_id":"236","stop_id":"123604","stop_lat":34.303799,"stop_lon":-118.500833,"stop_sequence":37,"segment_first_lat":34.3035478356,"segment_first_lon":-118.5010368272,"segment_second_lat":34.3038179345,"segment_second_lon":-118.500975204,"segment_sequence":360018,"segment_id":18,"segment_len_meter":30.56236461570451,"segment_cum_len":16017.279984452389,"stop_segment_distance":16.291266628392087}
{"route_id":"239","stop_id":"11484","stop_lat":34.231733,"stop_lon":-118.527222,"stop_sequence":24,"segment_first_lat":34.2312431618,"segment_first_lon":-118.5273381453,"segment_second_lat":34.2317322761,"segment_second_lon":-118.5273412348,"segment_sequence":230006,"segment_id":12,"segment_len_meter":54.387770341863884,"segment_cum_len":8909.404164913794,"stop_segment_distance":12.078329025713245}
{"route_id":"246","stop_id":"5395","stop_lat":33.734092,"stop_lon":-118.287774,"stop_sequence":17,"segment_first_lat":33.7337760488,"segment_first_lon":-118.2879342539,"segment_second_lat":33.7340948116,"segment_second_lon":-118.2879261382,"segment_sequence":160009,"segment_id":8,"segment_len_meter":35.452750288240644,"segment_cum_len":3625.8293655776392,"stop_segment_distance":16.74900742643731}
{"route_id":"258","stop_id":"11297","stop_lat":34.051484,"stop_lon":-118.174527,"stop_sequence":33,"segment_first_lat":34.0515913984,"segment_first_lon":-118.1741867298,"segment_second_lat":34.0513918505,"segment_second_lon":-118.1744137711,"segment_sequence":320011,"segment_id":16,"segment_len_meter":30.4936422408297,"segment_cum_len":13370.259258406822,"stop_segment_distance":17.674963050958638}
{"route_id":"260","stop_id":"8767","stop_lat":33.918417,"stop_lon":-118.188739,"stop_sequence":86,"segment_first_lat":33.9183746742,"segment_first_lon":-118.1885972123,"segment_second_lat":33.9178973367,"segment_second_lon":-118.1887968644,"segment_sequence":860001,"segment_id":43,"segment_len_meter":56.183753439376204,"segment_cum_len":33431.20584342413,"stop_segment_distance":15.750310455272412}
{"route_id":"266","stop_id":"11670","stop_lat":34.075942,"stop_lon":-118.072886,"stop_sequence":56,"segment_first_lat":34.075939329,"segment_first_lon":-118.0730377849,"segment_second_lat":34.0767224581,"segment_second_lon":-118.073057952,"segment_sequence":560001,"segment_id":28,"segment_len_meter":87.09979015705103,"segment_cum_len":29684.307544908002,"stop_segment_distance":15.099308142241256}
{"route_id":"268","stop_id":"3348","stop_lat":34.169222,"stop_lon":-118.098624,"stop_sequence":59,"segment_first_lat":34.1691208837,"segment_first_lon":-118.0982933884,"segment_second_lat":34.1691219885,"segment_second_lon":-118.0986239803,"segment_sequence":580006,"segment_id":29,"segment_len_meter":30.414978663796557,"segment_cum_len":23507.852829000803,"stop_segment_distance":13.133928383717201}
{"route_id":"28","stop_id":"10308","stop_lat":34.129655,"stop_lon":-118.217052,"stop_sequence":14,"segment_first_lat":34.1303013131,"segment_first_lon":-118.2166996338,"segment_second_lat":34.1296235989,"segment_second_lon":-118.2169020858,"segment_sequence":130007,"segment_id":7,"segment_len_meter":77.62812653224273,"segment_cum_len":4220.912234757494,"stop_segment_distance":15.451696327451685}
{"route_id":"30","stop_id":"4766","stop_lat":34.038258,"stop_lon":-118.259991,"stop_sequence":26,"segment_first_lat":34.038333942,"segment_first_lon":-118.2601161686,"segment_second_lat":34.0392462954,"segment_second_lon":-118.2593212048,"segment_sequence":260001,"segment_id":13,"segment_len_meter":125.12988106507275,"segment_cum_len":7941.5674217473725,"stop_segment_distance":15.20221428686979}
{"route_id":"33","stop_id":"6948","stop_lat":34.043582,"stop_lon":-118.283846,"stop_sequence":63,"segment_first_lat":34.0437629773,"segment_first_lon":-118.2841056393,"segment_second_lat":34.0436701948,"segment_second_lon":-118.2838313445,"segment_sequence":620008,"segment_id":31,"segment_len_meter":27.297488465390373,"segment_cum_len":20173.61385195243,"stop_segment_distance":13.862860032470536}
{"route_id":"344","stop_id":"7897","stop_lat":33.749363,"stop_lon":-118.407278,"stop_sequence":2,"segment_first_lat":33.7493727454,"segment_first_lon":-118.4076396299,"segment_second_lat":33.7494814813,"segment_second_lon":-118.407337861,"segment_sequence":10004,"segment_id":1,"segment_len_meter":30.407493102926576,"segment_cum_len":115.90377628197884,"stop_segment_distance":17.334683765915134}
{"route_id":"35","stop_id":"2272","stop_lat":34.026297,"stop_lon":-118.272212,"stop_sequence":37,"segment_first_lat":34.0254302291,"segment_first_lon":-118.2729380925,"segment_second_lat":34.0263573165,"segment_second_lon":-118.2723487161,"segment_sequence":360006,"segment_id":18,"segment_len_meter":116.52094349010858,"segment_cum_len":11435.357942949602,"stop_segment_distance":15.083914242756691}
{"route_id":"40","stop_id":"10915","stop_lat":33.872283,"stop_lon":-118.352842,"stop_sequence":83,"segment_first_lat":33.8722832676,"segment_first_lon":-118.3526896572,"segment_second_lat":33.8710604736,"segment_second_lon":-118.3526914314,"segment_sequence":830001,"segment_id":42,"segment_len_meter":135.96858779666454,"segment_cum_len":31735.362412172137,"stop_segment_distance":14.743855188593528}
{"route_id":"45","stop_id":"9064","stop_lat":34.065306,"stop_lon":-118.236999,"stop_sequence":13,"segment_first_lat":34.0652477548,"segment_first_lon":-118.2368372379,"segment_second_lat":34.0646217212,"segment_second_lon":-118.2371524368,"segment_sequence":130001,"segment_id":7,"segment_len_meter":75.42405593956269,"segment_cum_len":3361.60183920744,"stop_segment_distance":18.213050031972926}
{"route_id":"55","stop_id":"3538","stop_lat":34.059586,"stop_lon":-118.248657,"stop_sequence":67,"segment_first_lat":34.059694846,"segment_first_lon":-118.2487362976,"segment_second_lat":34.0598369435,"segment_second_lon":-118.2484534431,"segment_sequence":670001,"segment_id":34,"segment_len_meter":30.47291533627985,"segment_cum_len":20307.49894063341,"stop_segment_distance":17.28281847425014}
{"route_id":"550","stop_id":"5697","stop_lat":33.810415,"stop_lon":-118.290179,"stop_sequence":25,"segment_first_lat":33.8104147379,"segment_first_lon":-118.2903296693,"segment_second_lat":33.8117529592,"segment_second_lon":-118.2903152072,"segment_sequence":250001,"segment_id":13,"segment_len_meter":148.80941794888216,"segment_cum_len":11851.909249306917,"stop_segment_distance":14.416490544195057}
{"route_id":"665","stop_id":"9276","stop_lat":34.055735,"stop_lon":-118.177995,"stop_sequence":4,"segment_first_lat":34.0556306683,"segment_first_lon":-118.1780181905,"segment_second_lat":34.0556685147,"segment_second_lon":-118.1784408537,"segment_sequence":40002,"segment_id":2,"segment_len_meter":39.164321876474126,"segment_cum_len":1668.0833321672624,"stop_segment_distance":14.365867634503893}
{"route_id":"685","stop_id":"12433","stop_lat":34.164893,"stop_lon":-118.232399,"stop_sequence":3,"segment_first_lat":34.1648109901,"segment_first_lon":-118.2322788548,"segment_second_lat":34.1643782424,"segment_second_lon":-118.2326852478,"segment_sequence":30001,"segment_id":2,"segment_len_meter":60.938667700550695,"segment_cum_len":957.0464519794564,"stop_segment_distance":16.39805130023788}
{"route_id":"70","stop_id":"11653","stop_lat":34.055407,"stop_lon":-118.204934,"stop_sequence":23,"segment_first_lat":34.0555185955,"segment_first_lon":-118.2048611548,"segment_second_lat":34.0553688686,"segment_second_lon":-118.2045181011,"segment_sequence":230001,"segment_id":12,"segment_len_meter":35.72081950480163,"segment_cum_len":8111.975533154577,"stop_segment_distance":16.934865958942957}
{"route_id":"704","stop_id":"8040","stop_lat":34.062668,"stop_lon":-118.246511,"stop_sequence":31,"segment_first_lat":34.0633761608,"segment_first_lon":-118.2471333548,"segment_second_lat":34.0627560878,"segment_second_lon":-118.2464015145,"segment_sequence":300041,"segment_id":15,"segment_len_meter":96.42957176729222,"segment_cum_len":28703.075902591412,"stop_segment_distance":15.031815329938809}
{"route_id":"71","stop_id":"715","stop_lat":34.048843,"stop_lon":-118.189257,"stop_sequence":30,"segment_first_lat":34.0489122517,"segment_first_lon":-118.1893255577,"segment_second_lat":34.0489692699,"segment_second_lon":-118.1892378758,"segment_sequence":300001,"segment_id":15,"segment_len_meter":10.26916987895261,"segment_cum_len":9989.864746088499,"stop_segment_distance":13.841084291793486}
{"route_id":"71","stop_id":"8220","stop_lat":34.052779,"stop_lon":-118.203594,"stop_sequence":25,"segment_first_lat":34.0528694146,"segment_first_lon":-118.2035390928,"segment_second_lat":34.0521583385,"segment_second_lon":-118.2018593171,"segment_sequence":250001,"segment_id":13,"segment_len_meter":173.78302762027388,"segment_cum_len":8695.100944758038,"stop_segment_distance":11.549115909470544}
{"route_id":"720","stop_id":"16759","stop_lat":34.066347,"stop_lon":-118.380267,"stop_sequence":23,"segment_first_lat":34.0659953498,"segment_first_lon":-118.3793866228,"segment_second_lat":34.0662246433,"segment_second_lon":-118.3803095427,"segment_sequence":220004,"segment_id":11,"segment_len_meter":88.7538805424888,"segment_cum_len":23216.81162841284,"stop_segment_distance":15.433535777081659}
{"route_id":"81","stop_id":"12010","stop_lat":34.109749,"stop_lon":-118.192768,"stop_sequence":26,"segment_first_lat":34.1096414254,"segment_first_lon":-118.1926889997,"segment_second_lat":34.1095705793,"segment_second_lon":-118.192830559,"segment_sequence":260001,"segment_id":13,"segment_len_meter":15.228629144810917,"segment_cum_len":7590.9585125134645,"stop_segment_distance":19.42934613597763}
{"route_id":"96","stop_id":"18095","stop_lat":34.087753,"stop_lon":-118.234559,"stop_sequence":37,"segment_first_lat":34.0880408078,"segment_first_lon":-118.2348607125,"segment_second_lat":34.0878354281,"segment_second_lon":-118.2344948571,"segment_sequence":360007,"segment_id":18,"segment_len_meter":40.701883876704315,"segment_cum_len":16932.274183661255,"stop_segment_distance":12.583273366620965}
