{"route_id":"111","stop_id":"1958","stop_lat":33.958574,"stop_lon":-118.140289,"stop_sequence":70,"segment_first_lat":33.95868171,"segment_first_lon":-118.1402112173,"segment_second_lat":33.958305572,"segment_second_lon":-118.1394636841,"segment_sequence":700001,"segment_id":35,"segment_len_meter":80.63925898171081,"segment_cum_len":26401.486023134286,"stop_segment_distance":15.0832956351353}
{"route_id":"111","stop_id":"7633","stop_lat":33.974454,"stop_lon":-118.322344,"stop_sequence":25,"segment_first_lat":33.9745786693,"segment_first_lon":-118.3223481973,"segment_second_lat":33.9745807302,"segment_second_lon":-118.3220909423,"segment_sequence":250001,"segment_id":13,"segment_len_meter":23.72319495612865,"segment_cum_len":9209.429289263131,"stop_segment_distance":17.404710907139567}
{"route_id":"128","stop_id":"1357","stop_lat":33.896148,"stop_lon":-118.218351,"stop_sequence":47,"segment_first_lat":33.8960175033,"segment_first_lon":-118.2183511276,"segment_second_lat":33.8960152393,"segment_second_lon":-118.2186905213,"segment_sequence":470001,"segment_id":24,"segment_len_meter":31.326190358291893,"segment_cum_len":20656.496130402687,"stop_segment_distance":17.824380904043583}
{"route_id":"128","stop_id":"17232","stop_lat":33.889488,"stop_lon":-118.122325,"stop_sequence":21,"segment_first_lat":33.8893583674,"segment_first_lon":-118.1223243586,"segment_second_lat":33.8893542722,"segment_second_lon":-118.124179367,"segment_sequence":210001,"segment_id":11,"segment_len_meter":171.22655216643128,"segment_cum_len":11079.831462827287,"stop_segment_distance":14.999353692146713}
{"route_id":"14","stop_id":"16950","stop_lat":34.026021,"stop_lon":-118.270557,"stop_sequence":32,"segment_first_lat":34.0260662624,"segment_first_lon":-118.2706626529,"segment_second_lat":34.0267828581,"segment_second_lon":-118.2701933584,"segment_sequence":320001,"segment_id":16,"segment_len_meter":90.6620621571215,"segment_cum_len":10506.158773292,"stop_segment_distance":11.40071797143969}
{"route_id":"150","stop_id":"7020","stop_lat":34.144658,"stop_lon":-118.411693,"stop_sequence":62,"segment_first_lat":34.1449189978,"segment_first_lon":-118.4124542235,"segment_second_lat":34.1447869893,"segment_second_lon":-118.4116802089,"segment_sequence":610002,"segment_id":31,"segment_len_meter":72.72717159029223,"segment_cum_len":22280.38750108015,"stop_segment_distance":17.490988602533136}
{"route_id":"152","stop_id":"15549","stop_lat":34.183367,"stop_lon":-118.370142,"stop_sequence":9,"segment_first_lat":34.1830890242,"segment_first_lon":-118.3702899478,"segment_second_lat":34.1833637891,"segment_second_lon":-118.3702977787,"segment_sequence":80006,"segment_id":4,"segment_len_meter":30.560953240945107,"segment_cum_len":3218.9842292740054,"stop_segment_distance":17.54566343659666}
{"route_id":"158","stop_id":"9559","stop_lat":34.257392,"stop_lon":-118.46283,"stop_sequence":44,"segment_first_lat":34.2572569385,"segment_first_lon":-118.4608504663,"segment_second_lat":34.2572672494,"segment_second_lon":-118.4628295633,"segment_sequence":430003,"segment_id":22,"segment_len_meter":181.89183807157897,"segment_cum_len":17127.179112230315,"stop_segment_distance":14.526899242995228}
{"route_id":"161","stop_id":"8668","stop_lat":34.149378,"stop_lon":-118.822515,"stop_sequence":53,"segment_first_lat":34.149293387,"segment_first_lon":-118.8225693306,"segment_second_lat":34.1493713491,"segment_second_lon":-118.8227426312,"segment_sequence":530001,"segment_id":27,"segment_len_meter":18.151455010110535,"segment_cum_len":30152.154234873477,"stop_segment_distance":13.463184199545843}
{"route_id":"169","stop_id":"6086","stop_lat":34.208154,"stop_lon":-118.610479,"stop_sequence":51,"segment_first_lat":34.208279533,"segment_first_lon":-118.6123780171,"segment_second_lat":34.2082814334,"segment_second_lon":-118.6104795165,"segment_sequence":500003,"segment_id":25,"segment_len_meter":174.582693055622,"segment_cum_len":20869.151653495024,"stop_segment_distance":14.774513811078862}
{"route_id":"2","stop_id":"8042","stop_lat":34.097912,"stop_lon":-118.352998,"stop_sequence":37,"segment_first_lat":34.0980470141,"segment_first_lon":-118.3539163685,"segment_second_lat":34.098038169,"segment_second_lon":-118.3529947619,"segment_sequence":360005,"segment_id":18,"segment_len_meter":84.86561111038677,"segment_cum_len":11725.513900552138,"stop_segment_distance":15.05106067175413}
{"route_id":"210","stop_id":"9437","stop_lat":33.999744,"stop_lon":-118.330924,"stop_sequence":45,"segment_first_lat":33.9997441753,"segment_first_lon":-118.3307713716,"segment_second_lat":33.9983400005,"segment_second_lon":-118.3307767111,"segment_sequence":450001,"segment_id":23,"segment_len_meter":156.1378897579204,"segment_cum_len":15148.925545990638,"stop_segment_distance":14.639143722754739}
{"route_id":"232","stop_id":"1161","stop_lat":33.768152,"stop_lon":-118.190035,"stop_sequence":2,"segment_first_lat":33.7680798333,"segment_first_lon":-118.1893877455,"segment_second_lat":33.7680771656,"segment_second_lon":-118.1900342476,"segment_sequence":10007,"segment_id":1,"segment_len_meter":59.7606140064137,"segment_cum_len":439.63915771630457,"stop_segment_distance":8.926028470961477}
{"route_id":"232","stop_id":"16923","stop_lat":33.774653,"stop_lon":-118.189212,"stop_sequence":5,"segment_first_lat":33.7741415054,"segment_first_lon":-118.1893652277,"segment_second_lat":33.7746525938,"segment_second_lon":-118.1893663807,"segment_sequence":40002,"segment_id":2,"segment_len_meter":56.83053706882128,"segment_cum_len":1431.2615427099954,"stop_segment_distance":16.051146053988383}
{"route_id":"239","stop_id":"6620","stop_lat":34.285071,"stop_lon":-118.442465,"stop_sequence":63,"segment_first_lat":34.2849878971,"segment_first_lon":-118.4425831925,"segment_second_lat":34.2852811114,"segment_second_lon":-118.4428800481,"segment_sequence":630001,"segment_id":32,"segment_len_meter":42.50710203332808,"segment_cum_len":24277.698829946225,"stop_segment_distance":16.471701273753496}
{"route_id":"243","stop_id":"14829","stop_lat":34.176106,"stop_lon":-118.553331,"stop_sequence":44,"segment_first_lat":34.175830176,"segment_first_lon":-118.5534810926,"segment_second_lat":34.1761049453,"segment_second_lon":-118.5534858886,"segment_sequence":430008,"segment_id":22,"segment_len_meter":30.55613756950228,"segment_cum_len":19429.24652889203,"stop_segment_distance":17.328008722603773}
{"route_id":"246","stop_id":"2332","stop_lat":33.770561,"stop_lon":-118.272698,"stop_sequence":31,"segment_first_lat":33.7706899369,"segment_first_lon":-118.2727089978,"segment_second_lat":33.7707183472,"segment_second_lon":-118.2721757442,"segment_sequence":310001,"segment_id":16,"segment_len_meter":49.39129379751122,"segment_cum_len":8908.956013611381,"stop_segment_distance":16.32831632226091}
{"route_id":"258","stop_id":"12030","stop_lat":34.09839,"stop_lon":-118.152226,"stop_sequence":19,"segment_first_lat":34.0985904874,"segment_first_lon":-118.1521239938,"segment_second_lat":34.0983989821,"segment_second_lon":-118.1521071299,"segment_sequence":180005,"segment_id":9,"segment_len_meter":21.350957479854337,"segment_cum_len":5485.57747955074,"stop_segment_distance":13.830832181259098}
{"route_id":"258","stop_id":"13127","stop_lat":34.020509,"stop_lon":-118.167713,"stop_sequence":49,"segment_first_lat":34.0204915805,"segment_first_lon":-118.1676308296,"segment_second_lat":34.018342456,"segment_second_lon":-118.1682403169,"segment_sequence":490001,"segment_id":25,"segment_len_meter":245.48493683251922,"segment_cum_len":18357.87843769812,"stop_segment_distance":8.093777503832257}
{"route_id":"258","stop_id":"142420","stop_lat":33.938562,"stop_lon":-118.167576,"stop_sequence":75,"segment_first_lat":33.9388343506,"segment_first_lon":-118.1675234905,"segment_second_lat":33.9386050317,"segment_second_lon":-118.1674326992,"segment_sequence":740022,"segment_id":37,"segment_len_meter":26.83942676734681,"segment_cum_len":28016.973357158386,"stop_segment_distance":17.888553661859593}
{"route_id":"260","stop_id":"13150","stop_lat":34.048471,"stop_lon":-118.139663,"stop_sequence":46,"segment_first_lat":34.0484181201,"segment_first_lon":-118.1395280572,"segment_second_lat":34.0483031757,"segment_second_lon":-118.1396004905,"segment_sequence":460001,"segment_id":23,"segment_len_meter":14.418557220547429,"segment_cum_len":16907.662053640208,"stop_segment_distance":18.864050888756736}
{"route_id":"260","stop_id":"954","stop_lat":34.18346,"stop_lon":-118.150963,"stop_sequence":1,"segment_first_lat":34.1834601662,"segment_first_lon":-118.1508018757,"segment_second_lat":34.1831826332,"segment_second_lon":-118.1508000521,"segment_sequence":10001,"segment_id":1,"segment_len_meter":30.86071747050845,"segment_cum_len":30.86071747050845,"stop_segment_distance":18.251454832414783}
{"route_id":"267","stop_id":"1009","stop_lat":34.142314,"stop_lon":-118.081876,"stop_sequence":29,"segment_first_lat":34.1422146978,"segment_first_lon":-118.0818763372,"segment_second_lat":34.1422002374,"segment_second_lon":-118.0833337581,"segment_sequence":290001,"segment_id":15,"segment_len_meter":134.13631578224312,"segment_cum_len":11400.380624942334,"stop_segment_distance":11.658321563175264}
{"route_id":"28","stop_id":"3404","stop_lat":34.062083,"stop_lon":-118.417161,"stop_sequence":100,"segment_first_lat":34.0615839078,"segment_first_lon":-118.4180075155,"segment_second_lat":34.062129933,"segment_second_lon":-118.4172069389,"segment_sequence":990001,"segment_id":50,"segment_len_meter":95.52479720067771,"segment_cum_len":34330.96455640093,"stop_segment_distance":6.904995486777693}
{"route_id":"33","stop_id":"15270","stop_lat":34.044642,"stop_lon":-118.328725,"stop_sequence":47,"segment_first_lat":34.0450487677,"segment_first_lon":-118.329604641,"segment_second_lat":34.0447625066,"segment_second_lon":-118.3286726287,"segment_sequence":460007,"segment_id":23,"segment_len_meter":91.58155412114779,"segment_cum_len":16004.333610296839,"stop_segment_distance":15.474080734794782}
{"route_id":"344","stop_id":"2391","stop_lat":33.776541,"stop_lon":-118.378082,"stop_sequence":16,"segment_first_lat":33.7766505298,"segment_first_lon":-118.3780025308,"segment_second_lat":33.776588079,"segment_second_lon":-118.3778515461,"segment_sequence":160001,"segment_id":8,"segment_len_meter":15.587293506664555,"segment_cum_len":6948.589961461033,"stop_segment_distance":20.569215233639543}
{"route_id":"45","stop_id":"13277","stop_lat":33.960288,"stop_lon":-118.278385,"stop_sequence":49,"segment_first_lat":33.9608241461,"segment_first_lon":-118.2782380117,"segment_second_lat":33.9602883298,"segment_second_lon":-118.2782312852,"segment_sequence":480006,"segment_id":24,"segment_len_meter":59.583283835283105,"segment_cum_len":16317.751130770652,"stop_segment_distance":15.732155573790074}
{"route_id":"55","stop_id":"1253","stop_lat":34.0201,"stop_lon":-118.257698,"stop_sequence":45,"segment_first_lat":34.020012388,"segment_first_lon":-118.2577541605,"segment_second_lat":34.0207310458,"segment_second_lon":-118.2593793407,"segment_sequence":450001,"segment_id":23,"segment_len_meter":169.7648675737038,"segment_cum_len":13241.270991958678,"stop_segment_distance":11.370542253031829}
{"route_id":"750","stop_id":"15330","stop_lat":34.168631,"stop_lon":-118.605102,"stop_sequence":16,"segment_first_lat":34.1684559112,"segment_first_lon":-118.6037816089,"segment_second_lat":34.1684921478,"segment_second_lon":-118.6051082138,"segment_sequence":150023,"segment_id":8,"segment_len_meter":122.11618712283988,"segment_cum_len":23233.969638164643,"stop_segment_distance":16.362200794843574}
{"route_id":"76","stop_id":"13568","stop_lat":34.045723,"stop_lon":-118.258252,"stop_sequence":68,"segment_first_lat":34.0456461511,"segment_first_lon":-118.2581341802,"segment_second_lat":34.0444233866,"segment_second_lon":-118.2592712299,"segment_sequence":680001,"segment_id":34,"segment_len_meter":171.6445091719506,"segment_cum_len":24690.28624923716,"stop_segment_distance":14.513049055979394}
{"route_id":"794","stop_id":"1574","stop_lat":34.180725,"stop_lon":-118.309029,"stop_sequence":22,"segment_first_lat":34.1808492722,"segment_first_lon":-118.3086952352,"segment_second_lat":34.180642077,"segment_second_lon":-118.3089123598,"segment_sequence":210014,"segment_id":11,"segment_len_meter":30.491220193935266,"segment_cum_len":21097.68127490504,"stop_segment_distance":17.324726096387703}
{"route_id":"92","stop_id":"2194","stop_lat":34.107056,"stop_lon":-118.262881,"stop_sequence":32,"segment_first_lat":34.1067438293,"segment_first_lon":-118.2624210669,"segment_second_lat":34.1069672176,"segment_second_lon":-118.2629331435,"segment_sequence":310010,"segment_id":16,"segment_len_meter":53.28951314699113,"segment_cum_len":9157.34891159248,"stop_segment_distance":12.442421020254976}
{"route_id":"92","stop_id":"2251","stop_lat":34.271,"stop_lon":-118.408629,"stop_sequence":106,"segment_first_lat":34.270918107,"segment_first_lon":-118.4087432597,"segment_second_lat":34.2736934301,"segment_second_lon":-118.4116773339,"segment_sequence":1060001,"segment_id":53,"segment_len_meter":409.7840302013517,"segment_cum_len":36182.20869398007,"stop_segment_distance":14.183511933815225}
{"route_id":"92","stop_id":"4746","stop_lat":34.135684,"stop_lon":-118.254789,"stop_sequence":43,"segment_first_lat":34.1347634704,"segment_first_lon":-118.2549316885,"segment_second_lat":34.1356839916,"segment_second_lon":-118.254940114,"segment_sequence":420003,"segment_id":21,"segment_len_meter":102.36022474473796,"segment_cum_len":12768.477984558072,"stop_segment_distance":14.745152663801207}
