{"route_id":"102","stop_id":"6342","stop_lat":34.005855,"stop_lon":-118.338969,"stop_sequence":30,"segment_first_lat":34.0058978391,"segment_first_lon":-118.3392532373,"segment_second_lat":34.0059688373,"segment_second_lon":-118.3390209116,"segment_sequence":290010,"segment_id":15,"segment_len_meter":22.82420874333986,"segment_cum_len":10684.344948766558,"stop_segment_distance":17.338225366450764}
{"route_id":"110","stop_id":"9355","stop_lat":33.980158,"stop_lon":-118.247841,"stop_sequence":48,"segment_first_lat":33.9808126874,"segment_first_lon":-118.2476912167,"segment_second_lat":33.9801587014,"segment_second_lon":-118.2476892822,"segment_sequence":470004,"segment_id":24,"segment_len_meter":72.72014405780965,"segment_cum_len":17726.599469849985,"stop_segment_distance":15.36582063784573}
{"route_id":"152","stop_id":"10421","stop_lat":34.200718,"stop_lon":-118.623547,"stop_sequence":87,"segment_first_lat":34.2007186904,"segment_first_lon":-118.6233944834,"segment_second_lat":34.1996469868,"segment_second_lon":-118.623397067,"segment_sequence":870001,"segment_id":44,"segment_len_meter":119.16824006490472,"segment_cum_len":35172.80473480569,"stop_segment_distance":14.745213609920455}
{"route_id":"152","stop_id":"12989","stop_lat":34.219922,"stop_lon":-118.598209,"stop_sequence":76,"segment_first_lat":34.2197867329,"segment_first_lon":-118.5982050564,"segment_second_lat":34.2197576615,"segment_second_lon":-118.6003021002,"segment_sequence":760001,"segment_id":38,"segment_len_meter":192.84102510390633,"segment_cum_len":30845.389061444977,"stop_segment_distance":15.521148532633333}
{"route_id":"16","stop_id":"15632","stop_lat":34.069176,"stop_lon":-118.29525,"stop_sequence":25,"segment_first_lat":34.0690523464,"segment_first_lon":-118.2941436512,"segment_second_lat":34.0690496476,"segment_second_lon":-118.2952497998,"segment_sequence":240005,"segment_id":12,"segment_len_meter":101.8875334598355,"segment_cum_len":6686.320491457808,"stop_segment_distance":14.99108668927262}
{"route_id":"163","stop_id":"6223","stop_lat":34.200808,"stop_lon":-118.62793,"stop_sequence":3,"segment_first_lat":34.2009368841,"segment_first_lon":-118.6279620718,"segment_second_lat":34.2009597146,"segment_second_lon":-118.6277988663,"segment_sequence":30001,"segment_id":2,"segment_len_meter":15.222552451171808,"segment_cum_len":358.62856783265124,"stop_segment_distance":20.146333678294802}
{"route_id":"165","stop_id":"10361","stop_lat":34.191768,"stop_lon":-118.33816,"stop_sequence":74,"segment_first_lat":34.1918803761,"segment_first_lon":-118.3390727981,"segment_second_lat":34.1918667279,"segment_second_lon":-118.3381567524,"segment_sequence":730004,"segment_id":37,"segment_len_meter":84.2679112478202,"segment_cum_len":28669.531095674996,"stop_segment_distance":11.594596258641857}
{"route_id":"166","stop_id":"12522","stop_lat":34.235365,"stop_lon":-118.46071,"stop_sequence":44,"segment_first_lat":34.2354916356,"segment_first_lon":-118.4607104637,"segment_second_lat":34.2354846729,"segment_second_lon":-118.4588543188,"segment_sequence":440001,"segment_id":22,"segment_len_meter":170.63425049039301,"segment_cum_len":18816.006608527678,"stop_segment_distance":14.555271017912332}
{"route_id":"166","stop_id":"703","stop_lat":34.253382,"stop_lon":-118.599048,"stop_sequence":1,"segment_first_lat":34.253381437,"segment_first_lon":-118.5988131684,"segment_second_lat":34.2508028812,"segment_second_lon":-118.5987946692,"segment_sequence":10001,"segment_id":1,"segment_len_meter":286.7273642882023,"segment_cum_len":286.7273642882023,"stop_segment_distance":22.584399811359788}
{"route_id":"169","stop_id":"11805","stop_lat":34.152615,"stop_lon":-118.630017,"stop_sequence":18,"segment_first_lat":34.1524318349,"segment_first_lon":-118.6298240306,"segment_second_lat":34.152495732,"segment_second_lon":-118.6300598504,"segment_sequence":170011,"segment_id":9,"segment_len_meter":22.833464869887724,"segment_cum_len":7632.884729635008,"stop_segment_distance":18.023045628314815}
{"route_id":"175","stop_id":"6448","stop_lat":34.108176,"stop_lon":-118.282973,"stop_sequence":19,"segment_first_lat":34.1077194696,"segment_first_lon":-118.2830544207,"segment_second_lat":34.1081756082,"segment_second_lon":-118.2830582774,"segment_sequence":180006,"segment_id":9,"segment_len_meter":50.721541040311585,"segment_cum_len":5049.545523949663,"stop_segment_distance":8.444185932741746}
{"route_id":"176","stop_id":"6651","stop_lat":34.06031,"stop_lon":-118.035438,"stop_sequence":29,"segment_first_lat":34.0587380554,"segment_first_lon":-118.0356047226,"segment_second_lat":34.0603098371,"segment_second_lon":-118.0355885533,"segment_sequence":280001,"segment_id":14,"segment_len_meter":174.78049794821095,"segment_cum_len":10999.824437794463,"stop_segment_distance":14.554095643509783}
{"route_id":"18","stop_id":"7348","stop_lat":34.063626,"stop_lon":-118.285814,"stop_sequence":11,"segment_first_lat":34.0637193208,"segment_first_lon":-118.287042638,"segment_second_lat":34.0637247067,"segment_second_lon":-118.2858144043,"segment_sequence":100002,"segment_id":5,"segment_len_meter":113.14102218324962,"segment_cum_len":2674.497958324512,"stop_segment_distance":11.486182201301517}
{"route_id":"183","stop_id":"11220","stop_lat":34.164738,"stop_lon":-118.457101,"stop_sequence":6,"segment_first_lat":34.1648635516,"segment_first_lon":-118.4574317787,"segment_second_lat":34.1648686486,"segment_second_lon":-118.4571012295,"segment_sequence":50006,"segment_id":3,"segment_len_meter":30.417615791344794,"segment_cum_len":2009.0209043814273,"stop_segment_distance":17.59265531107524}
{"route_id":"20","stop_id":"16769","stop_lat":34.061934,"stop_lon":-118.291299,"stop_sequence":17,"segment_first_lat":34.0618154992,"segment_first_lon":-118.2903014654,"segment_second_lat":34.0618067783,"segment_second_lon":-118.2912985419,"segment_sequence":160004,"segment_id":8,"segment_len_meter":91.85345180575406,"segment_cum_len":5261.519259750776,"stop_segment_distance":15.12341402167283}
{"route_id":"202","stop_id":"30014","stop_lat":33.875981,"stop_lon":-118.222832,"stop_sequence":21,"segment_first_lat":33.8761487962,"segment_first_lon":-118.222974081,"segment_second_lat":33.8754370139,"segment_second_lon":-118.2230248974,"segment_sequence":200008,"segment_id":10,"segment_len_meter":79.28549595588638,"segment_cum_len":8718.625762394819,"stop_segment_distance":6.577277396990468}
{"route_id":"205","stop_id":"17431","stop_lat":33.790557,"stop_lon":-118.282989,"stop_sequence":55,"segment_first_lat":33.7906648958,"segment_first_lon":-118.2828012837,"segment_second_lat":33.7907712869,"segment_second_lon":-118.2837139115,"segment_sequence":580030,"segment_id":29,"segment_len_meter":85.16277903430344,"segment_cum_len":18269.5366839946,"stop_segment_distance":7.0304524100498895}
{"route_id":"209","stop_id":"881","stop_lat":33.909475,"stop_lon":-118.326372,"stop_sequence":4,"segment_first_lat":33.9094748544,"segment_first_lon":-118.3265298216,"segment_second_lat":33.9123381783,"segment_second_lon":-118.3265053834,"segment_sequence":40001,"segment_id":2,"segment_len_meter":318.39507786704627,"segment_cum_len":1295.5244578961224,"stop_segment_distance":14.777918267011955}
{"route_id":"210","stop_id":"9405","stop_lat":34.042319,"stop_lon":-118.329888,"stop_sequence":32,"segment_first_lat":34.0446865153,"segment_first_lon":-118.3284247547,"segment_second_lat":34.0422686236,"segment_second_lon":-118.3297491628,"segment_sequence":310002,"segment_id":16,"segment_len_meter":295.2541452096547,"segment_cum_len":10042.98084723331,"stop_segment_distance":14.480922534348622}
{"route_id":"218","stop_id":"32168","stop_lat":34.1312,"stop_lon":-118.38112,"stop_sequence":6,"segment_first_lat":34.1314170614,"segment_first_lon":-118.3811143826,"segment_second_lat":34.1312706794,"segment_second_lon":-118.3810016949,"segment_sequence":50031,"segment_id":3,"segment_len_meter":19.300700167728138,"segment_cum_len":2441.8940538015454,"stop_segment_distance":18.26997351092001}
{"route_id":"224","stop_id":"4623","stop_lat":34.318534,"stop_lon":-118.463385,"stop_sequence":61,"segment_first_lat":34.3186061109,"segment_first_lon":-118.4634716772,"segment_second_lat":34.3188145872,"segment_second_lon":-118.4632075547,"segment_sequence":610001,"segment_id":31,"segment_len_meter":33.55223421897535,"segment_cum_len":24306.63182337085,"stop_segment_distance":12.945789346588853}
{"route_id":"243","stop_id":"14833","stop_lat":34.253901,"stop_lon":-118.55342,"stop_sequence":64,"segment_first_lat":34.2539006983,"segment_first_lon":-118.5535725678,"segment_second_lat":34.255074009,"segment_second_lon":-118.5535829973,"segment_sequence":640001,"segment_id":32,"segment_len_meter":130.4697184667032,"segment_cum_len":28210.43818872552,"stop_segment_distance":14.842700347454809}
{"route_id":"33","stop_id":"16404","stop_lat":34.043675,"stop_lon":-118.29998,"stop_sequence":57,"segment_first_lat":34.0437400041,"segment_first_lon":-118.3004090291,"segment_second_lat":34.0438050204,"segment_second_lon":-118.3000105055,"segment_sequence":560013,"segment_id":28,"segment_len_meter":37.42379571173009,"segment_cum_len":18670.21292475773,"stop_segment_distance":17.489490834251164}
{"route_id":"33","stop_id":"6944","stop_lat":34.04456,"stop_lon":-118.353915,"stop_sequence":41,"segment_first_lat":34.0445936237,"segment_first_lon":-118.3544726136,"segment_second_lat":34.0446814639,"segment_second_lon":-118.3539418533,"segment_sequence":400005,"segment_id":20,"segment_len_meter":49.86818512156236,"segment_cum_len":13611.237978431926,"stop_segment_distance":15.37508470331349}
{"route_id":"4","stop_id":"14411","stop_lat":34.090844,"stop_lon":-118.370618,"stop_sequence":59,"segment_first_lat":34.0907167064,"segment_first_lon":-118.3706141654,"segment_second_lat":34.0907041058,"segment_second_lon":-118.3714959646,"segment_sequence":590001,"segment_id":30,"segment_len_meter":81.21363741075048,"segment_cum_len":17957.121490441048,"stop_segment_distance":15.276415881984946}
{"route_id":"40","stop_id":"13977","stop_lat":34.042464,"stop_lon":-118.254314,"stop_sequence":13,"segment_first_lat":34.0430641695,"segment_first_lon":-118.2536356224,"segment_second_lat":34.042419891,"segment_second_lon":-118.2542430174,"segment_sequence":120003,"segment_id":6,"segment_len_meter":90.9085977210238,"segment_cum_len":4966.244446880455,"stop_segment_distance":8.702133266973917}
{"route_id":"51","stop_id":"241","stop_lat":33.906561,"stop_lon":-118.265429,"stop_sequence":80,"segment_first_lat":33.9073115227,"segment_first_lon":-118.265273468,"segment_second_lat":33.9065613546,"segment_second_lon":-118.2652766961,"segment_sequence":790005,"segment_id":40,"segment_len_meter":83.415418820591,"segment_cum_len":20953.998209782774,"stop_segment_distance":15.31980685678269}
{"route_id":"605","stop_id":"17157","stop_lat":34.033415,"stop_lon":-118.197187,"stop_sequence":10,"segment_first_lat":34.0334485788,"segment_first_lon":-118.1972637156,"segment_second_lat":34.0340031186,"segment_second_lon":-118.1969141718,"segment_sequence":100001,"segment_id":5,"segment_len_meter":69.56778024603693,"segment_cum_len":2319.1587911114325,"stop_segment_distance":8.48875960329103}
{"route_id":"611","stop_id":"11453","stop_lat":34.000059,"stop_lon":-118.21271,"stop_sequence":50,"segment_first_lat":34.0001583847,"segment_first_lon":-118.2127138065,"segment_second_lat":34.0002313944,"segment_second_lon":-118.20866912,"segment_sequence":500001,"segment_id":25,"segment_len_meter":372.9460179460813,"segment_cum_len":15653.355627511102,"stop_segment_distance":11.110497667515517}
{"route_id":"68","stop_id":"16952","stop_lat":34.048496,"stop_lon":-118.248723,"stop_sequence":43,"segment_first_lat":34.0484444405,"segment_first_lon":-118.2486414507,"segment_second_lat":34.0474031749,"segment_second_lon":-118.2496214258,"segment_sequence":430001,"segment_id":22,"segment_len_meter":146.82537731430352,"segment_cum_len":16959.198016651844,"stop_segment_distance":9.655714483221459}
{"route_id":"685","stop_id":"14013","stop_lat":34.142461,"stop_lon":-118.234125,"stop_sequence":10,"segment_first_lat":34.1424878086,"segment_first_lon":-118.2339776427,"segment_second_lat":34.1415084486,"segment_second_lon":-118.2337022532,"segment_sequence":100001,"segment_id":5,"segment_len_meter":111.81014639859112,"segment_cum_len":3681.2631371776556,"stop_segment_distance":14.913063148271931}
{"route_id":"687","stop_id":"3664","stop_lat":34.146022,"stop_lon":-118.132628,"stop_sequence":23,"segment_first_lat":34.1458960604,"segment_first_lon":-118.1326280385,"segment_second_lat":34.1458946981,"segment_second_lon":-118.1338641023,"segment_sequence":230001,"segment_id":12,"segment_len_meter":113.75028430056612,"segment_cum_len":6154.521619578523,"stop_segment_distance":14.884552298595295}
{"route_id":"70","stop_id":"714","stop_lat":34.05573,"stop_lon":-118.181145,"stop_sequence":29,"segment_first_lat":34.0558454811,"segment_first_lon":-118.1813894119,"segment_second_lat":34.0558282778,"segment_second_lon":-118.1811341738,"segment_sequence":280010,"segment_id":14,"segment_len_meter":23.59127176559417,"segment_cum_len":10318.131879892993,"stop_segment_distance":13.302602322191834}
{"route_id":"733","stop_id":"15273","stop_lat":34.013448,"stop_lon":-118.4167,"stop_sequence":28,"segment_first_lat":34.0137892681,"segment_first_lon":-118.4158305336,"segment_second_lat":34.0133441638,"segment_second_lon":-118.4166123504,"segment_sequence":270012,"segment_id":14,"segment_len_meter":87.41994840642201,"segment_cum_len":21369.806683695595,"stop_segment_distance":15.340870549004805}
{"route_id":"770","stop_id":"4711","stop_lat":34.037568,"stop_lon":-118.146065,"stop_sequence":17,"segment_first_lat":34.0376669613,"segment_first_lon":-118.1461574412,"segment_second_lat":34.0393597693,"segment_second_lon":-118.1435333055,"segment_sequence":170001,"segment_id":9,"segment_len_meter":306.424997838098,"segment_cum_len":13896.066793844737,"stop_segment_distance":14.26970053855905}
{"route_id":"780","stop_id":"2493","stop_lat":34.101611,"stop_lon":-118.308931,"stop_sequence":14,"segment_first_lat":34.1017377021,"segment_first_lon":-118.3089316931,"segment_second_lat":34.1017443217,"segment_second_lon":-118.3071975077,"segment_sequence":140001,"segment_id":7,"segment_len_meter":159.67545389164053,"segment_cum_len":12969.390684706525,"stop_segment_distance":14.710367323116657}
{"route_id":"92","stop_id":"10748","stop_lat":34.076561,"stop_lon":-118.261078,"stop_sequence":18,"segment_first_lat":34.0763410104,"segment_first_lon":-118.2613085875,"segment_second_lat":34.076597369,"segment_second_lon":-118.2611898466,"segment_sequence":170011,"segment_id":9,"segment_len_meter":30.531632367240903,"segment_cum_len":5562.943516741064,"stop_segment_distance":12.929550532583015}
{"route_id":"92","stop_id":"2224","stop_lat":34.285897,"stop_lon":-118.424414,"stop_sequence":111,"segment_first_lat":34.285814251,"segment_first_lon":-118.4245291353,"segment_second_lat":34.287062332,"segment_second_lon":-118.4258630398,"segment_sequence":1110001,"segment_id":56,"segment_len_meter":185.14411829834182,"segment_cum_len":38159.24519482704,"stop_segment_distance":14.653985125478158}
{"route_id":"94","stop_id":"10241","stop_lat":34.179713,"stop_lon":-118.304743,"stop_sequence":49,"segment_first_lat":34.1796504521,"segment_first_lon":-118.3046534371,"segment_second_lat":34.1786503927,"segment_second_lon":-118.3056750729,"segment_sequence":490001,"segment_id":25,"segment_len_meter":145.5955157371941,"segment_cum_len":20802.368576169054,"stop_segment_distance":11.174559306098445}
{"route_id":"94","stop_id":"5828","stop_lat":34.152935,"stop_lon":-118.275133,"stop_sequence":60,"segment_first_lat":34.1532371512,"segment_first_lon":-118.2751271668,"segment_second_lat":34.1529876844,"segment_second_lon":-118.2749885153,"segment_sequence":590015,"segment_id":30,"segment_len_meter":30.532855970970576,"segment_cum_len":24847.93943914476,"stop_segment_distance":17.59780154474974}
