{"route_id":"128","stop_id":"17245","stop_lat":33.889241,"stop_lon":-118.182775,"stop_sequence":34,"segment_first_lat":33.8891134092,"segment_first_lon":-118.1827782108,"segment_second_lat":33.8891299528,"segment_second_lon":-118.1836447974,"segment_sequence":340001,"segment_id":17,"segment_len_meter":80.01136389537228,"segment_cum_len":16569.013062846894,"stop_segment_distance":15.409696475185271}
{"route_id":"14","stop_id":"140912","stop_lat":34.077323,"stop_lon":-118.386941,"stop_sequence":77,"segment_first_lat":34.0771970396,"segment_first_lon":-118.3869402486,"segment_second_lat":34.0771967071,"segment_second_lon":-118.3877294958,"segment_sequence":770001,"segment_id":39,"segment_len_meter":72.69039602509656,"segment_cum_len":27996.264832522094,"stop_segment_distance":15.282395896976624}
{"route_id":"14","stop_id":"407","stop_lat":34.063647,"stop_lon":-118.263253,"stop_sequence":44,"segment_first_lat":34.0635362181,"segment_first_lon":-118.263325246,"segment_second_lat":34.0637393958,"segment_second_lon":-118.2637785557,"segment_sequence":440001,"segment_id":22,"segment_len_meter":47.47687483955094,"segment_cum_len":16086.51596137989,"stop_segment_distance":16.014285913258085}
{"route_id":"150","stop_id":"15249","stop_lat":34.201436,"stop_lon":-118.60449,"stop_sequence":1,"segment_first_lat":34.2014361216,"segment_first_lon":-118.6043977267,"segment_second_lat":34.2010239352,"segment_second_lon":-118.6043973895,"segment_sequence":10001,"segment_id":1,"segment_len_meter":45.83304700276769,"segment_cum_len":45.83304700276769,"stop_segment_distance":9.257302622250783}
{"route_id":"150","stop_id":"20255","stop_lat":34.162374,"stop_lon":-118.518765,"stop_sequence":35,"segment_first_lat":34.1626489378,"segment_first_lon":-118.5192988292,"segment_second_lat":34.162493688,"segment_second_lon":-118.5187210219,"segment_sequence":340010,"segment_id":17,"segment_len_meter":55.89546025766879,"segment_cum_len":12230.128673177875,"stop_segment_distance":15.868599852999964}
{"route_id":"152","stop_id":"10416","stop_lat":34.196596,"stop_lon":-118.62354,"stop_sequence":88,"segment_first_lat":34.1965968252,"segment_first_lon":-118.6233905053,"segment_second_lat":34.1959373131,"segment_second_lon":-118.6233925276,"segment_sequence":880001,"segment_id":44,"segment_len_meter":73.33463544129758,"segment_cum_len":35585.3039525724,"stop_segment_distance":14.902717227280405}
{"route_id":"152","stop_id":"13012","stop_lat":34.220197,"stop_lon":-118.580107,"stop_sequence":72,"segment_first_lat":34.2200699757,"segment_first_lon":-118.5801025162,"segment_second_lat":34.2200424274,"segment_second_lon":-118.5819481757,"segment_sequence":720001,"segment_id":36,"segment_len_meter":169.7273241858104,"segment_cum_len":29157.508865980708,"stop_segment_distance":14.560729816719174}
{"route_id":"158","stop_id":"9582","stop_lat":34.257436,"stop_lon":-118.467139,"stop_sequence":45,"segment_first_lat":34.2572849836,"segment_first_lon":-118.4650138871,"segment_second_lat":34.2573086658,"segment_second_lon":-118.4671419849,"segment_sequence":440004,"segment_id":22,"segment_len_meter":195.59973780613174,"segment_cum_len":17523.539807929395,"stop_segment_distance":14.589931101599689}
{"route_id":"167","stop_id":"9562","stop_lat":34.242623,"stop_lon":-118.561994,"stop_sequence":13,"segment_first_lat":34.2427487773,"segment_first_lon":-118.5619951341,"segment_second_lat":34.2427486619,"segment_second_lon":-118.5603605503,"segment_sequence":130001,"segment_id":7,"segment_len_meter":150.25177047782108,"segment_cum_len":5517.2024625704935,"stop_segment_distance":14.530821763660867}
{"route_id":"169","stop_id":"6080","stop_lat":34.208282,"stop_lon":-118.513904,"stop_sequence":73,"segment_first_lat":34.2084078668,"segment_first_lon":-118.5139043936,"segment_second_lat":34.2084225078,"segment_second_lon":-118.5098594066,"segment_sequence":730001,"segment_id":37,"segment_len_meter":371.97240892116866,"segment_cum_len":30122.28132536322,"stop_segment_distance":14.284325028539513}
{"route_id":"176","stop_id":"11762","stop_lat":34.115833,"stop_lon":-118.162899,"stop_sequence":85,"segment_first_lat":34.115718304,"segment_first_lon":-118.1624167543,"segment_second_lat":34.115706393,"segment_second_lon":-118.1628957818,"segment_sequence":840004,"segment_id":42,"segment_len_meter":44.11868130502423,"segment_cum_len":30958.627008316234,"stop_segment_distance":16.15310948732194}
{"route_id":"180","stop_id":"4903","stop_lat":34.140476,"stop_lon":-118.257719,"stop_sequence":32,"segment_first_lat":34.1404755705,"segment_first_lon":-118.2578705397,"segment_second_lat":34.1408602709,"segment_second_lon":-118.2578717266,"segment_sequence":320001,"segment_id":16,"segment_len_meter":42.77687222319149,"segment_cum_len":10010.486068165825,"stop_segment_distance":16.151139144171843}
{"route_id":"2","stop_id":"15599","stop_lat":34.037888,"stop_lon":-118.262083,"stop_sequence":89,"segment_first_lat":34.0385242274,"segment_first_lon":-118.2613271476,"segment_second_lat":34.0378273026,"segment_second_lon":-118.2619913884,"segment_sequence":880001,"segment_id":44,"segment_len_meter":98.74964902944282,"segment_cum_len":27281.287868427622,"stop_segment_distance":11.33338224632081}
{"route_id":"201","stop_id":"19086","stop_lat":34.123079,"stop_lon":-118.264124,"stop_sequence":28,"segment_first_lat":34.1248206706,"segment_first_lon":-118.2654707268,"segment_second_lat":34.1231209098,"segment_second_lon":-118.2640561314,"segment_sequence":270001,"segment_id":14,"segment_len_meter":229.5176902830571,"segment_cum_len":7068.462057323947,"stop_segment_distance":8.2192326735682}
{"route_id":"201","stop_id":"9819","stop_lat":34.146472,"stop_lon":-118.246916,"stop_sequence":8,"segment_first_lat":34.1463496639,"segment_first_lon":-118.2464301789,"segment_second_lat":34.1463451004,"segment_second_lon":-118.2469160025,"segment_sequence":70005,"segment_id":4,"segment_len_meter":44.71111226441076,"segment_cum_len":2046.3052412585778,"stop_segment_distance":16.131141974687935}
{"route_id":"202","stop_id":"14166","stop_lat":33.884072,"stop_lon":-118.223677,"stop_sequence":16,"segment_first_lat":33.8840782333,"segment_first_lon":-118.2235579013,"segment_second_lat":33.8834350286,"segment_second_lon":-118.2235238985,"segment_sequence":160001,"segment_id":8,"segment_len_meter":71.58994256696789,"segment_cum_len":5899.653962264061,"stop_segment_distance":11.650187120886613}
{"route_id":"209","stop_id":"5624","stop_lat":33.960254,"stop_lon":-118.317624,"stop_sequence":20,"segment_first_lat":33.9599791443,"segment_first_lon":-118.3177412294,"segment_second_lat":33.9602539179,"segment_second_lon":-118.3177458992,"segment_sequence":190004,"segment_id":10,"segment_len_meter":30.556465660486015,"segment_cum_len":7428.17523048653,"stop_segment_distance":13.10464681720239}
{"route_id":"218","stop_id":"15656","stop_lat":34.072785,"stop_lon":-118.369825,"stop_sequence":22,"segment_first_lat":34.0725511456,"segment_first_lon":-118.3689519671,"segment_second_lat":34.0726599755,"segment_second_lon":-118.3698459994,"segment_sequence":210005,"segment_id":11,"segment_len_meter":83.23009579256711,"segment_cum_len":11322.487511970636,"stop_segment_distance":15.317288944244638}
{"route_id":"222","stop_id":"217","stop_lat":34.132184,"stop_lon":-118.344227,"stop_sequence":18,"segment_first_lat":34.1319474424,"segment_first_lon":-118.3444802933,"segment_second_lat":34.1322239151,"segment_second_lon":-118.344371394,"segment_sequence":170012,"segment_id":9,"segment_len_meter":32.33508534106873,"segment_cum_len":6179.320826052901,"stop_segment_distance":16.82510512294654}
{"route_id":"224","stop_id":"4110","stop_lat":34.324614,"stop_lon":-118.444583,"stop_sequence":68,"segment_first_lat":34.3245181256,"segment_first_lon":-118.4445752254,"segment_second_lat":34.3245083344,"segment_second_lon":-118.4448470964,"segment_sequence":680001,"segment_id":34,"segment_len_meter":24.98994653002062,"segment_cum_len":26613.70172386574,"stop_segment_distance":12.6431887955405}
{"route_id":"237","stop_id":"11221","stop_lat":34.179302,"stop_lon":-118.457101,"stop_sequence":51,"segment_first_lat":34.1794014603,"segment_first_lon":-118.4571013967,"segment_second_lat":34.179411763,"segment_second_lon":-118.4550250676,"segment_sequence":510001,"segment_id":26,"segment_len_meter":191.00416474275409,"segment_cum_len":20245.96030068361,"stop_segment_distance":11.409359556602851}
{"route_id":"251","stop_id":"11493","stop_lat":33.925273,"stop_lon":-118.210154,"stop_sequence":60,"segment_first_lat":33.9252924379,"segment_first_lon":-118.2099987936,"segment_second_lat":33.9251166284,"segment_second_lon":-118.2099686864,"segment_sequence":600001,"segment_id":30,"segment_len_meter":19.745501034224976,"segment_cum_len":22770.292948863484,"stop_segment_distance":19.122971077724838}
{"route_id":"260","stop_id":"189","stop_lat":33.941034,"stop_lon":-118.181721,"stop_sequence":78,"segment_first_lat":33.9412459181,"segment_first_lon":-118.1815336201,"segment_second_lat":33.9410155934,"segment_second_lon":-118.181570376,"segment_sequence":770022,"segment_id":39,"segment_len_meter":25.83441245751697,"segment_cum_len":30760.161205399134,"stop_segment_distance":17.434731511043935}
{"route_id":"260","stop_id":"3488","stop_lat":34.168567,"stop_lon":-118.150817,"stop_sequence":7,"segment_first_lat":34.1685668641,"segment_first_lon":-118.1506632554,"segment_second_lat":34.166970364,"segment_second_lon":-118.1506517814,"segment_sequence":70001,"segment_id":4,"segment_len_meter":177.525850132183,"segment_cum_len":1833.6354859925193,"stop_segment_distance":14.806237459702032}
{"route_id":"268","stop_id":"16244","stop_lat":34.161994,"stop_lon":-118.057461,"stop_sequence":38,"segment_first_lat":34.1618666964,"segment_first_lon":-118.0574604595,"segment_second_lat":34.1618559538,"segment_second_lon":-118.0597809961,"segment_sequence":380001,"segment_id":19,"segment_len_meter":213.513005923367,"segment_cum_len":15673.802051994231,"stop_segment_distance":14.653572810831662}
{"route_id":"28","stop_id":"16132","stop_lat":34.053144,"stop_lon":-118.318382,"stop_sequence":74,"segment_first_lat":34.0527664599,"segment_first_lon":-118.3177073594,"segment_second_lat":34.0530285968,"segment_second_lon":-118.3184415812,"segment_sequence":730009,"segment_id":37,"segment_len_meter":73.6549284966256,"segment_cum_len":23521.036330168226,"stop_segment_distance":15.304252284694456}
{"route_id":"33","stop_id":"6946","stop_lat":34.039878,"stop_lon":-118.36931,"stop_sequence":36,"segment_first_lat":34.0399824674,"segment_first_lon":-118.369396573,"segment_second_lat":34.0412988832,"segment_second_lon":-118.3670841783,"segment_sequence":360001,"segment_id":18,"segment_len_meter":258.5027350747889,"segment_cum_len":12325.930263602899,"stop_segment_distance":14.478317337237684}
{"route_id":"35","stop_id":"16441","stop_lat":34.040028,"stop_lon":-118.323475,"stop_sequence":64,"segment_first_lat":34.0399048013,"segment_first_lon":-118.3224612151,"segment_second_lat":34.0399020908,"segment_second_lon":-118.3234745555,"segment_sequence":630003,"segment_id":32,"segment_len_meter":93.37113524721921,"segment_cum_len":19826.40921470372,"stop_segment_distance":15.040085626667647}
{"route_id":"460","stop_id":"17206","stop_lat":33.888061,"stop_lon":-118.004813,"stop_sequence":46,"segment_first_lat":33.8881873947,"segment_first_lon":-118.0048126428,"segment_second_lat":33.8881981743,"segment_second_lon":-118.0028225682,"segment_sequence":470001,"segment_id":24,"segment_len_meter":183.69960452674283,"segment_cum_len":46178.38320239307,"stop_segment_distance":14.715750398179836}
{"route_id":"460","stop_id":"3674","stop_lat":34.048546,"stop_lon":-118.259061,"stop_sequence":6,"segment_first_lat":34.0484848474,"segment_first_lon":-118.2589636038,"segment_second_lat":34.0472656797,"segment_second_lon":-118.260085506,"segment_sequence":60001,"segment_id":3,"segment_len_meter":170.47595560480673,"segment_cum_len":2171.392027566187,"stop_segment_distance":11.596699110086576}
{"route_id":"487","stop_id":"125460","stop_lat":34.149977,"stop_lon":-118.082185,"stop_sequence":41,"segment_first_lat":34.1500777916,"segment_first_lon":-118.0821881152,"segment_second_lat":34.150111091,"segment_second_lon":-118.0796497896,"segment_sequence":410001,"segment_id":21,"segment_len_meter":233.61004809477308,"segment_cum_len":26058.160364542266,"stop_segment_distance":11.371291924272953}
{"route_id":"51","stop_id":"264","stop_lat":33.953044,"stop_lon":-118.265286,"stop_sequence":59,"segment_first_lat":33.9538054219,"segment_first_lon":-118.2651305378,"segment_second_lat":33.9530442596,"segment_second_lon":-118.2651337341,"segment_sequence":580003,"segment_id":29,"segment_len_meter":84.63789956040394,"segment_cum_len":15785.227848400285,"stop_segment_distance":15.27838697762131}
{"route_id":"60","stop_id":"9759","stop_lat":34.036525,"stop_lon":-118.241014,"stop_sequence":15,"segment_first_lat":34.0366222921,"segment_first_lon":-118.2409144182,"segment_second_lat":34.0363778735,"segment_second_lon":-118.2405678043,"segment_sequence":150001,"segment_id":8,"segment_len_meter":41.93728283792741,"segment_cum_len":4202.912025002179,"stop_segment_distance":16.498527369817296}
{"route_id":"687","stop_id":"11823","stop_lat":34.157622,"stop_lon":-118.113326,"stop_sequence":10,"segment_first_lat":34.1576217686,"segment_first_lon":-118.1131742283,"segment_second_lat":34.1571051694,"segment_second_lon":-118.1131735287,"segment_sequence":100001,"segment_id":5,"segment_len_meter":57.443246218230286,"segment_cum_len":3016.3977208109013,"stop_segment_distance":15.678411161555914}
{"route_id":"687","stop_id":"9840","stop_lat":34.146114,"stop_lon":-118.118625,"stop_sequence":18,"segment_first_lat":34.1459864527,"segment_first_lon":-118.1186249287,"segment_second_lat":34.1459780956,"segment_second_lon":-118.1198543739,"segment_sequence":180001,"segment_id":9,"segment_len_meter":113.14479897100128,"segment_cum_len":4865.20893825638,"stop_segment_distance":15.176971013424975}
{"route_id":"733","stop_id":"14361","stop_lat":34.012952,"stop_lon":-118.4964,"stop_sequence":38,"segment_first_lat":34.0132286084,"segment_first_lon":-118.4958903631,"segment_second_lat":34.0128819843,"segment_second_lon":-118.4963195902,"segment_sequence":370029,"segment_id":19,"segment_len_meter":55.23325051429071,"segment_cum_len":31147.462653221395,"stop_segment_distance":11.663195171997849}
{"route_id":"770","stop_id":"70500041","stop_lat":34.062495,"stop_lon":-118.099304,"stop_sequence":21,"segment_first_lat":34.0626239524,"segment_first_lon":-118.0993040417,"segment_second_lat":34.0626272278,"segment_second_lon":-118.0983234412,"segment_sequence":210001,"segment_id":11,"segment_len_meter":90.33046877627396,"segment_cum_len":19993.425370944205,"stop_segment_distance":15.523188658149309}
{"route_id":"81","stop_id":"13457","stop_lat":33.952971,"stop_lon":-118.282838,"stop_sequence":91,"segment_first_lat":33.9535292429,"segment_first_lon":-118.2826850673,"segment_second_lat":33.9529714267,"segment_second_lon":-118.2826858227,"segment_sequence":900008,"segment_id":45,"segment_len_meter":62.02637057247763,"segment_cum_len":28909.69435850055,"stop_segment_distance":15.666229551026873}
{"route_id":"81","stop_id":"13462","stop_lat":34.028366,"stop_lon":-118.276043,"stop_sequence":60,"segment_first_lat":34.0298690419,"segment_first_lon":-118.2749163169,"segment_second_lat":34.0283059925,"segment_second_lon":-118.2759072296,"segment_sequence":590005,"segment_id":30,"segment_len_meter":196.33163114352968,"segment_cum_len":20377.44198000394,"stop_segment_distance":14.603828809597985}
{"route_id":"90","stop_id":"12433","stop_lat":34.164893,"stop_lon":-118.232399,"stop_sequence":54,"segment_first_lat":34.1648109901,"segment_first_lon":-118.2322788548,"segment_second_lat":34.1643782424,"segment_second_lon":-118.2326852478,"segment_sequence":540001,"segment_id":27,"segment_len_meter":60.938667700550695,"segment_cum_len":16899.739343101923,"stop_segment_distance":16.39805130023788}
{"route_id":"94","stop_id":"18073","stop_lat":34.174153,"stop_lon":-118.299731,"stop_sequence":51,"segment_first_lat":34.1742461022,"segment_first_lon":-118.2996292514,"segment_second_lat":34.1739593689,"segment_second_lon":-118.2992374407,"segment_sequence":510001,"segment_id":26,"segment_len_meter":48.122453243307184,"segment_cum_len":21591.55081588495,"stop_segment_distance":16.085755814771012}
