{"route_id":"10","stop_id":"16386","stop_lat":34.075116,"stop_lon":-118.280464,"stop_sequence":27,"segment_first_lat":34.0750028174,"segment_first_lon":-118.2805344218,"segment_second_lat":34.0752797038,"segment_second_lon":-118.2811680537,"segment_sequence":270001,"segment_id":14,"segment_len_meter":65.98297955674063,"segment_cum_len":7894.774662816795,"stop_segment_distance":15.527398287989186}
{"route_id":"117","stop_id":"36507","stop_lat":33.917991,"stop_lon":-118.140715,"stop_sequence":74,"segment_first_lat":33.9180950354,"segment_first_lon":-118.1406301289,"segment_second_lat":33.9175767649,"segment_second_lon":-118.1397090201,"segment_sequence":740001,"segment_id":37,"segment_len_meter":102.68948347613473,"segment_cum_len":27486.634724462016,"stop_segment_distance":14.905592858569364}
{"route_id":"120","stop_id":"14857","stop_lat":33.930848,"stop_lon":-118.032634,"stop_sequence":16,"segment_first_lat":33.9307519307,"segment_first_lon":-118.0327295208,"segment_second_lat":33.9313015548,"segment_second_lon":-118.0335245269,"segment_sequence":160001,"segment_id":8,"segment_len_meter":95.47179096801842,"segment_cum_len":6001.360928351484,"stop_segment_distance":14.780357049312983}
{"route_id":"120","stop_id":"2610","stop_lat":33.930861,"stop_lon":-118.183746,"stop_sequence":56,"segment_first_lat":33.9307351281,"segment_first_lon":-118.1835381977,"segment_second_lat":33.9307347953,"segment_second_lon":-118.1837567553,"segment_sequence":550005,"segment_id":28,"segment_len_meter":20.16413049875511,"segment_cum_len":24635.13380688169,"stop_segment_distance":17.64143229678456}
{"route_id":"130","stop_id":"17603","stop_lat":33.874894,"stop_lon":-118.142879,"stop_sequence":12,"segment_first_lat":33.8747673147,"segment_first_lon":-118.142879279,"segment_second_lat":33.8747659224,"segment_second_lon":-118.1440487539,"segment_sequence":120001,"segment_id":6,"segment_len_meter":107.9665710987257,"segment_cum_len":6098.939809558333,"stop_segment_distance":15.04736649526555}
{"route_id":"154","stop_id":"12661","stop_lat":34.17951,"stop_lon":-118.440299,"stop_sequence":46,"segment_first_lat":34.1794126876,"segment_first_lon":-118.4402986115,"segment_second_lat":34.1794127542,"segment_second_lon":-118.44216339,"segment_sequence":460001,"segment_id":23,"segment_len_meter":171.54025714325505,"segment_cum_len":18207.596917566138,"stop_segment_distance":11.12541284971607}
{"route_id":"158","stop_id":"9590","stop_lat":34.257394,"stop_lon":-118.571238,"stop_sequence":68,"segment_first_lat":34.2572688236,"segment_first_lon":-118.5709059701,"segment_second_lat":34.2572625911,"segment_second_lon":-118.5712368725,"segment_sequence":670005,"segment_id":34,"segment_len_meter":30.4193645427249,"segment_cum_len":27094.426242177098,"stop_segment_distance":17.73264493008913}
{"route_id":"164","stop_id":"7129","stop_lat":34.186827,"stop_lon":-118.374489,"stop_sequence":23,"segment_first_lat":34.1867030378,"segment_first_lon":-118.3736886443,"segment_second_lat":34.1867005629,"segment_second_lon":-118.3744888361,"segment_sequence":220003,"segment_id":11,"segment_len_meter":73.60349061868021,"segment_cum_len":7968.413394871548,"stop_segment_distance":15.35299265775484}
{"route_id":"165","stop_id":"11813","stop_lat":34.179478,"stop_lon":-118.309811,"stop_sequence":84,"segment_first_lat":34.1795292256,"segment_first_lon":-118.3097556577,"segment_second_lat":34.1789251472,"segment_second_lon":-118.3089327921,"segment_sequence":840001,"segment_id":42,"segment_len_meter":101.20099635813831,"segment_cum_len":32068.309705126063,"stop_segment_distance":7.954603681518307}
{"route_id":"166","stop_id":"12506","stop_lat":34.235379,"stop_lon":-118.46288,"stop_sequence":43,"segment_first_lat":34.2355031499,"segment_first_lon":-118.4628779706,"segment_second_lat":34.2354945845,"segment_second_lon":-118.4620272901,"segment_sequence":430001,"segment_id":22,"segment_len_meter":78.20751597185159,"segment_cum_len":18524.31807196646,"stop_segment_distance":15.033558839097623}
{"route_id":"166","stop_id":"12531","stop_lat":34.235269,"stop_lon":-118.446072,"stop_sequence":48,"segment_first_lat":34.2354069035,"segment_first_lon":-118.4480745911,"segment_second_lat":34.2353939759,"segment_second_lon":-118.4460695331,"segment_sequence":470004,"segment_id":24,"segment_len_meter":184.3276393869392,"segment_cum_len":19991.34181205495,"stop_segment_distance":14.303812843474674}
{"route_id":"169","stop_id":"6856","stop_lat":34.193598,"stop_lon":-118.627337,"stop_sequence":39,"segment_first_lat":34.1937258439,"segment_first_lon":-118.6275262354,"segment_second_lat":34.1937254648,"segment_second_lon":-118.6273344298,"segment_sequence":380004,"segment_id":19,"segment_len_meter":17.64118007071636,"segment_cum_len":16109.193264513013,"stop_segment_distance":19.00662334644325}
{"route_id":"176","stop_id":"3296","stop_lat":34.034557,"stop_lon":-118.085039,"stop_sequence":2,"segment_first_lat":34.034434074,"segment_first_lon":-118.0850632189,"segment_second_lat":34.0345890898,"segment_second_lon":-118.0861740256,"segment_sequence":20001,"segment_id":1,"segment_len_meter":103.79903991792744,"segment_cum_len":165.24738665365345,"stop_segment_distance":14.701016633297826}
{"route_id":"2","stop_id":"8062","stop_lat":34.090822,"stop_lon":-118.382924,"stop_sequence":29,"segment_first_lat":34.0908913799,"segment_first_lon":-118.3829787749,"segment_second_lat":34.0909516221,"segment_second_lon":-118.3828720388,"segment_sequence":290001,"segment_id":15,"segment_len_meter":11.894488515212084,"segment_cum_len":8745.015312007015,"stop_segment_distance":12.50960873438621}
{"route_id":"204","stop_id":"5658","stop_lat":34.015948,"stop_lon":-118.29139,"stop_sequence":34,"segment_first_lat":34.0159478147,"segment_first_lon":-118.2915398787,"segment_second_lat":34.0168353802,"segment_second_lon":-118.2915380203,"segment_sequence":340001,"segment_id":17,"segment_len_meter":98.69292929723407,"segment_cum_len":10325.239397310126,"stop_segment_distance":14.73186040508918}
{"route_id":"204","stop_id":"5675","stop_lat":34.060054,"stop_lon":-118.291474,"stop_sequence":49,"segment_first_lat":34.0600536704,"segment_first_lon":-118.2916255699,"segment_second_lat":34.0618040581,"segment_second_lon":-118.2916287002,"segment_sequence":490001,"segment_id":25,"segment_len_meter":194.63444550878572,"segment_cum_len":15325.664509262231,"stop_segment_distance":14.446843585611447}
{"route_id":"206","stop_id":"13734","stop_lat":34.017872,"stop_lon":-118.300306,"stop_sequence":35,"segment_first_lat":34.0178721338,"segment_first_lon":-118.3001775889,"segment_second_lat":34.0173335566,"segment_second_lon":-118.3001756574,"segment_sequence":350001,"segment_id":18,"segment_len_meter":59.88731683024458,"segment_cum_len":10947.508691848869,"stop_segment_distance":13.013223481745676}
{"route_id":"207","stop_id":"5721","stop_lat":34.073574,"stop_lon":-118.308973,"stop_sequence":49,"segment_first_lat":34.0730570644,"segment_first_lon":-118.3091229564,"segment_second_lat":34.0735736602,"segment_second_lon":-118.3091248656,"segment_sequence":480003,"segment_id":24,"segment_len_meter":57.44310124170118,"segment_cum_len":18125.14478977523,"stop_segment_distance":15.661221467668163}
{"route_id":"239","stop_id":"16565","stop_lat":34.174562,"stop_lon":-118.518378,"stop_sequence":6,"segment_first_lat":34.1731602284,"segment_first_lon":-118.5185310259,"segment_second_lat":34.174561652,"segment_second_lon":-118.5185331118,"segment_sequence":50003,"segment_id":3,"segment_len_meter":155.8313125509807,"segment_cum_len":1733.4410642252872,"stop_segment_distance":14.942563662736262}
{"route_id":"246","stop_id":"224","stop_lat":33.859184,"stop_lon":-118.265961,"stop_sequence":59,"segment_first_lat":33.8591840709,"segment_first_lon":-118.2661146027,"segment_second_lat":33.8598243223,"segment_second_lon":-118.2661113646,"segment_sequence":590001,"segment_id":30,"segment_len_meter":71.19333531922693,"segment_cum_len":19781.615823777625,"stop_segment_distance":15.531608405766036}
{"route_id":"252","stop_id":"11472","stop_lat":34.080212,"stop_lon":-118.203027,"stop_sequence":26,"segment_first_lat":34.0802161981,"segment_first_lon":-118.2028847295,"segment_second_lat":34.0788110039,"segment_second_lon":-118.2028453254,"segment_sequence":260001,"segment_id":13,"segment_len_meter":156.2926042937266,"segment_cum_len":10170.262032024302,"stop_segment_distance":13.498113134299587}
{"route_id":"256","stop_id":"4673","stop_lat":34.141582,"stop_lon":-118.148752,"stop_sequence":83,"segment_first_lat":34.1405765517,"segment_first_lon":-118.148832844,"segment_second_lat":34.1415822596,"segment_second_lon":-118.1488435579,"segment_sequence":820004,"segment_id":41,"segment_len_meter":111.83396298824093,"segment_cum_len":25920.765033328345,"stop_segment_distance":8.64028048319193}
{"route_id":"256","stop_id":"9944","stop_lat":34.033418,"stop_lon":-118.169465,"stop_sequence":11,"segment_first_lat":34.0332950724,"segment_first_lon":-118.1691285191,"segment_second_lat":34.0332918525,"segment_second_lon":-118.1694651681,"segment_sequence":100005,"segment_id":5,"segment_len_meter":31.023808610054825,"segment_cum_len":2199.1051223207874,"stop_segment_distance":16.88864231245748}
{"route_id":"258","stop_id":"142427","stop_lat":33.889037,"stop_lon":-118.168472,"stop_sequence":84,"segment_first_lat":33.8891642067,"segment_first_lon":-118.1684719976,"segment_second_lat":33.8891701776,"segment_second_lon":-118.1673418694,"segment_sequence":840001,"segment_id":42,"segment_len_meter":104.31845981901317,"segment_cum_len":33702.445705373895,"stop_segment_distance":15.188794575244657}
{"route_id":"28","stop_id":"16179","stop_lat":34.052629,"stop_lon":-118.291409,"stop_sequence":68,"segment_first_lat":34.0525048692,"segment_first_lon":-118.2914477276,"segment_second_lat":34.0525437809,"segment_second_lon":-118.2916063262,"segment_sequence":680001,"segment_id":34,"segment_len_meter":15.238503905961615,"segment_cum_len":21035.321459816994,"stop_segment_distance":19.518539520100212}
{"route_id":"344","stop_id":"141","stop_lat":33.872706,"stop_lon":-118.348037,"stop_sequence":34,"segment_first_lat":33.8728323477,"segment_first_lon":-118.3480375312,"segment_second_lat":33.8728416052,"segment_second_lon":-118.3440482417,"segment_sequence":340001,"segment_id":17,"segment_len_meter":368.3028048385356,"segment_cum_len":20098.541280918318,"stop_segment_distance":14.307679064878528}
{"route_id":"344","stop_id":"2354","stop_lat":33.745271,"stop_lon":-118.400975,"stop_sequence":5,"segment_first_lat":33.7453355119,"segment_first_lon":-118.4013112538,"segment_second_lat":33.7453972343,"segment_second_lon":-118.401012556,"segment_sequence":40011,"segment_id":2,"segment_len_meter":28.45766645919301,"segment_cum_len":1037.5232801902528,"stop_segment_distance":17.909024012394486}
{"route_id":"4","stop_id":"4767","stop_lat":34.053969,"stop_lon":-118.244999,"stop_sequence":10,"segment_first_lat":34.0540547946,"segment_first_lon":-118.2451319326,"segment_second_lat":34.0557250639,"segment_second_lon":-118.243581521,"segment_sequence":100001,"segment_id":5,"segment_len_meter":234.2966240687879,"segment_cum_len":3340.0091098177663,"stop_segment_distance":16.133885337970412}
{"route_id":"487","stop_id":"3888","stop_lat":34.146407,"stop_lon":-118.094433,"stop_sequence":36,"segment_first_lat":34.146404446,"segment_first_lon":-118.0945815866,"segment_second_lat":34.1470694197,"segment_second_lon":-118.0945955593,"segment_sequence":360001,"segment_id":18,"segment_len_meter":73.95288128756088,"segment_cum_len":24400.837526739284,"stop_segment_distance":14.885306414465617}
{"route_id":"51","stop_id":"228","stop_lat":33.94349,"stop_lon":-118.265309,"stop_sequence":64,"segment_first_lat":33.9434899298,"segment_first_lon":-118.2651559185,"segment_second_lat":33.9428469271,"segment_second_lon":-118.2651584991,"segment_sequence":640001,"segment_id":32,"segment_len_meter":71.49903434733187,"segment_cum_len":16919.126498285448,"stop_segment_distance":15.463836096612624}
{"route_id":"534","stop_id":"4245","stop_lat":34.041993,"stop_lon":-118.567783,"stop_sequence":11,"segment_first_lat":34.0418721162,"segment_first_lon":-118.5678096579,"segment_second_lat":34.0419197991,"segment_second_lon":-118.5681295117,"segment_sequence":110001,"segment_id":6,"segment_len_meter":29.944246576527682,"segment_cum_len":9375.189128780323,"stop_segment_distance":16.668530993986984}
{"route_id":"744","stop_id":"196","stop_lat":34.259152,"stop_lon":-118.431406,"stop_sequence":18,"segment_first_lat":34.2587807726,"segment_first_lon":-118.4321325145,"segment_second_lat":34.2592413748,"segment_second_lon":-118.4315007982,"segment_sequence":170012,"segment_id":9,"segment_len_meter":77.41896156601145,"segment_cum_len":17001.217717941217,"stop_segment_distance":14.295495375956563}
{"route_id":"780","stop_id":"4899","stop_lat":34.142759,"stop_lon":-118.257735,"stop_sequence":19,"segment_first_lat":34.1427590203,"segment_first_lon":-118.2578878303,"segment_second_lat":34.1443829992,"segment_second_lon":-118.2578958159,"segment_sequence":190001,"segment_id":10,"segment_len_meter":180.57971008157458,"segment_cum_len":21155.159931219747,"stop_segment_distance":14.671114054317314}
{"route_id":"83","stop_id":"1119","stop_lat":34.123287,"stop_lon":-118.222123,"stop_sequence":1,"segment_first_lat":34.1233049708,"segment_first_lon":-118.2221372292,"segment_second_lat":34.1234773625,"segment_second_lon":-118.221783487,"segment_sequence":10001,"segment_id":1,"segment_len_meter":37.78558656663882,"segment_cum_len":37.78558656663882,"stop_segment_distance":2.349799623242518}
{"route_id":"83","stop_id":"13977","stop_lat":34.042464,"stop_lon":-118.254314,"stop_sequence":51,"segment_first_lat":34.0430641695,"segment_first_lon":-118.2536356224,"segment_second_lat":34.042419891,"segment_second_lon":-118.2542430174,"segment_sequence":500003,"segment_id":25,"segment_len_meter":90.9085977210238,"segment_cum_len":15357.066694915751,"stop_segment_distance":8.702133266973917}
{"route_id":"92","stop_id":"10738","stop_lat":34.11876,"stop_lon":-118.259802,"stop_sequence":36,"segment_first_lat":34.1185369468,"segment_first_lon":-118.2602345503,"segment_second_lat":34.1188431933,"segment_second_lon":-118.2599173353,"segment_sequence":350007,"segment_id":18,"segment_len_meter":44.85907453839196,"segment_cum_len":10733.001875794127,"stop_segment_distance":16.13441498367022}
{"route_id":"92","stop_id":"2238","stop_lat":34.218302,"stop_lon":-118.354204,"stop_sequence":88,"segment_first_lat":34.2178464282,"segment_first_lon":-118.3539808848,"segment_second_lat":34.2182251669,"segment_second_lon":-118.3543291551,"segment_sequence":870022,"segment_id":44,"segment_len_meter":52.9057606823096,"segment_cum_len":28047.34953800008,"stop_segment_distance":16.080242501001855}
{"route_id":"94","stop_id":"12346","stop_lat":34.19153,"stop_lon":-118.325431,"stop_sequence":40,"segment_first_lat":34.1916012026,"segment_first_lon":-118.3262795897,"segment_second_lat":34.1916249119,"segment_second_lon":-118.3254347916,"segment_sequence":390018,"segment_id":20,"segment_len_meter":77.74612527528433,"segment_cum_len":17478.742887644097,"stop_segment_distance":11.264090321506245}
