{"route_id":"102","stop_id":"7822","stop_lat":33.959746,"stop_lon":-118.39325,"stop_sequence":6,"segment_first_lat":33.9598717502,"segment_first_lon":-118.3932507963,"segment_second_lat":33.9598752511,"segment_second_lon":-118.3914140098,"segment_sequence":60001,"segment_id":3,"segment_len_meter":169.4041365719745,"segment_cum_len":2353.8180748270784,"stop_segment_distance":14.518040083848348}
{"route_id":"152","stop_id":"10411","stop_lat":34.19038,"stop_lon":-118.62352,"stop_sequence":90,"segment_first_lat":34.190381133,"segment_first_lon":-118.6233689168,"segment_second_lat":34.1867017161,"segment_second_lon":-118.6233586529,"segment_sequence":900001,"segment_id":45,"segment_len_meter":409.13358150583474,"segment_cum_len":36612.26511558986,"stop_segment_distance":14.038931823799942}
{"route_id":"152","stop_id":"13020","stop_lat":34.219584,"stop_lon":-118.619414,"stop_sequence":81,"segment_first_lat":34.2194574603,"segment_first_lon":-118.6194100203,"segment_second_lat":34.219400161,"segment_second_lon":-118.6231839763,"segment_sequence":810001,"segment_id":41,"segment_len_meter":347.05851381262903,"segment_cum_len":32949.6664811641,"stop_segment_distance":14.252900033643243}
{"route_id":"158","stop_id":"16841","stop_lat":34.183341,"stop_lon":-118.431048,"stop_sequence":14,"segment_first_lat":34.1833406175,"segment_first_lon":-118.4311983379,"segment_second_lat":34.1848931796,"segment_second_lon":-118.4311980858,"segment_sequence":140001,"segment_id":7,"segment_len_meter":172.6370303783184,"segment_cum_len":5800.583304404539,"stop_segment_distance":14.337675983262443}
{"route_id":"166","stop_id":"12523","stop_lat":34.231729,"stop_lon":-118.5669,"stop_sequence":18,"segment_first_lat":34.2318544898,"segment_first_lon":-118.5671590607,"segment_second_lat":34.2318556989,"segment_second_lon":-118.5669010104,"segment_sequence":170004,"segment_id":9,"segment_len_meter":23.723564522492815,"segment_cum_len":8465.59720736542,"stop_segment_distance":17.96783325774924}
{"route_id":"200","stop_id":"3282","stop_lat":34.07813,"stop_lon":-118.257467,"stop_sequence":38,"segment_first_lat":34.0783437419,"segment_first_lon":-118.2576888882,"segment_second_lat":34.0781868665,"segment_second_lon":-118.2574179448,"segment_sequence":370005,"segment_id":19,"segment_len_meter":30.446304623270116,"segment_cum_len":9255.567300574354,"stop_segment_distance":8.66994852975187}
{"route_id":"202","stop_id":"8673","stop_lat":33.842701,"stop_lon":-118.221904,"stop_sequence":39,"segment_first_lat":33.8462873996,"segment_first_lon":-118.2204017497,"segment_second_lat":33.8426624616,"segment_second_lon":-118.2217555452,"segment_sequence":380010,"segment_id":19,"segment_len_meter":422.02022208133553,"segment_cum_len":16415.400395573906,"stop_segment_distance":14.577945223785832}
{"route_id":"211","stop_id":"141075","stop_lat":33.952976,"stop_lon":-118.359328,"stop_sequence":22,"segment_first_lat":33.952976042,"segment_first_lon":-118.3594121822,"segment_second_lat":33.9535832977,"segment_second_lon":-118.3594194042,"segment_sequence":220001,"segment_id":11,"segment_len_meter":67.5270386067665,"segment_cum_len":7682.819351489542,"stop_segment_distance":8.290234765493821}
{"route_id":"222","stop_id":"16890","stop_lat":34.104051,"stop_lon":-118.329547,"stop_sequence":10,"segment_first_lat":34.1039837866,"segment_first_lon":-118.329538008,"segment_second_lat":34.1039657543,"segment_second_lon":-118.3297014526,"segment_sequence":100001,"segment_id":5,"segment_len_meter":15.181629227257623,"segment_cum_len":2402.5924123388204,"stop_segment_distance":9.428172500924422}
{"route_id":"222","stop_id":"3252","stop_lat":34.208176,"stop_lon":-118.35276,"stop_sequence":40,"segment_first_lat":34.2067101205,"segment_first_lon":-118.3508478647,"segment_second_lat":34.2080762941,"segment_second_lon":-118.3528582603,"segment_sequence":390002,"segment_id":20,"segment_len_meter":239.2813897125375,"segment_cum_len":15883.146732641622,"stop_segment_distance":14.786723440207453}
{"route_id":"224","stop_id":"14198","stop_lat":34.304543,"stop_lon":-118.46591,"stop_sequence":56,"segment_first_lat":34.3039374969,"segment_first_lon":-118.4653534343,"segment_second_lat":34.3044482647,"segment_second_lon":-118.4660139088,"segment_sequence":550003,"segment_id":28,"segment_len_meter":83.10299811313135,"segment_cum_len":22062.241305863805,"stop_segment_distance":15.649847895534108}
{"route_id":"232","stop_id":"6601","stop_lat":33.901281,"stop_lon":-118.396004,"stop_sequence":81,"segment_first_lat":33.9012781202,"segment_first_lon":-118.396166129,"segment_second_lat":33.9018826286,"segment_second_lon":-118.3961719521,"segment_sequence":810001,"segment_id":41,"segment_len_meter":67.22041555464722,"segment_cum_len":31975.228596688765,"stop_segment_distance":16.41652307306866}
{"route_id":"236","stop_id":"329","stop_lat":34.197817,"stop_lon":-118.500971,"stop_sequence":10,"segment_first_lat":34.1978163764,"segment_first_lon":-118.5011221666,"segment_second_lat":34.2001191129,"segment_second_lon":-118.5011240776,"segment_sequence":100001,"segment_id":5,"segment_len_meter":256.05267651594346,"segment_cum_len":4427.721596679458,"stop_segment_distance":14.220333606548138}
{"route_id":"237","stop_id":"509","stop_lat":34.172281,"stop_lon":-118.409713,"stop_sequence":39,"segment_first_lat":34.1721533425,"segment_first_lon":-118.4097124093,"segment_second_lat":34.1721590732,"segment_second_lon":-118.4131970173,"segment_sequence":390001,"segment_id":20,"segment_len_meter":320.5759490453242,"segment_cum_len":15147.097724128544,"stop_segment_distance":14.426359527454224}
{"route_id":"239","stop_id":"20030","stop_lat":34.278931,"stop_lon":-118.464714,"stop_sequence":54,"segment_first_lat":34.2790494921,"segment_first_lon":-118.4647147751,"segment_second_lat":34.2790391785,"segment_second_lon":-118.4623842698,"segment_sequence":540001,"segment_id":27,"segment_len_meter":214.13188163220377,"segment_cum_len":21895.721005325344,"stop_segment_distance":13.439489372831815}
{"route_id":"246","stop_id":"5409","stop_lat":33.739533,"stop_lon":-118.28775,"stop_sequence":20,"segment_first_lat":33.739213996,"segment_first_lon":-118.2879035643,"segment_second_lat":33.739532748,"segment_second_lon":-118.2879000525,"segment_sequence":190005,"segment_id":10,"segment_len_meter":35.44509274436793,"segment_cum_len":4230.511117777612,"stop_segment_distance":16.637933437570382}
{"route_id":"246","stop_id":"7594","stop_lat":33.774028,"stop_lon":-118.261815,"stop_sequence":35,"segment_first_lat":33.7727416085,"segment_first_lon":-118.2618704836,"segment_second_lat":33.7740193993,"segment_second_lon":-118.261967587,"segment_sequence":340002,"segment_id":17,"segment_len_meter":142.3670504119108,"segment_cum_len":10178.311297874161,"stop_segment_distance":14.900956789237938}
{"route_id":"251","stop_id":"12407","stop_lat":34.053172,"stop_lon":-118.203899,"stop_sequence":13,"segment_first_lat":34.0533314608,"segment_first_lon":-118.2036250612,"segment_second_lat":34.0531149785,"segment_second_lon":-118.2037585682,"segment_sequence":120014,"segment_id":6,"segment_len_meter":27.0319885923094,"segment_cum_len":4864.125839821224,"stop_segment_distance":18.21905400123381}
{"route_id":"256","stop_id":"10291","stop_lat":34.094355,"stop_lon":-118.18102,"stop_sequence":46,"segment_first_lat":34.0927624468,"segment_first_lon":-118.1818129879,"segment_second_lat":34.0943869074,"segment_second_lon":-118.1811344594,"segment_sequence":450002,"segment_id":23,"segment_len_meter":191.13271609201655,"segment_cum_len":13213.729501846392,"stop_segment_distance":11.536328951683402}
{"route_id":"258","stop_id":"13391","stop_lat":33.991835,"stop_lon":-118.161266,"stop_sequence":59,"segment_first_lat":33.9918202466,"segment_first_lon":-118.1611131727,"segment_second_lat":33.9912142303,"segment_second_lon":-118.1611987673,"segment_sequence":590001,"segment_id":30,"segment_len_meter":67.84642483363388,"segment_cum_len":22019.582591491373,"stop_segment_distance":15.642650145093853}
{"route_id":"258","stop_id":"142424","stop_lat":33.90341,"stop_lon":-118.169002,"stop_sequence":81,"segment_first_lat":33.9034100969,"segment_first_lon":-118.1688496188,"segment_second_lat":33.9018630741,"segment_second_lon":-118.1688435364,"segment_sequence":810001,"segment_id":41,"segment_len_meter":172.02200266561542,"segment_cum_len":32158.51911188414,"stop_segment_distance":14.672081517563214}
{"route_id":"267","stop_id":"3682","stop_lat":34.187365,"stop_lon":-118.159564,"stop_sequence":74,"segment_first_lat":34.1865510847,"segment_first_lon":-118.1597074972,"segment_second_lat":34.187364446,"segment_second_lon":-118.1597146735,"segment_sequence":730002,"segment_id":37,"segment_len_meter":90.44405886702803,"segment_cum_len":24225.92512365855,"stop_segment_distance":14.875838756468596}
{"route_id":"28","stop_id":"16135","stop_lat":34.052551,"stop_lon":-118.287546,"stop_sequence":67,"segment_first_lat":34.052429518,"segment_first_lon":-118.286535119,"segment_second_lat":34.0524246437,"segment_second_lon":-118.2875453024,"segment_sequence":660005,"segment_id":33,"segment_len_meter":93.06759060287148,"segment_cum_len":20659.644501804185,"stop_segment_distance":15.087503305072957}
{"route_id":"30","stop_id":"4888","stop_lat":34.047454,"stop_lon":-118.225399,"stop_sequence":37,"segment_first_lat":34.0476654342,"segment_first_lon":-118.2267157676,"segment_second_lat":34.0475824614,"segment_second_lon":-118.2253878358,"segment_sequence":360002,"segment_id":18,"segment_len_meter":122.69379567157513,"segment_cum_len":12037.337031860128,"stop_segment_distance":15.202428431635823}
{"route_id":"4","stop_id":"16329","stop_lat":34.062943,"stop_lon":-118.246409,"stop_sequence":14,"segment_first_lat":34.0628539504,"segment_first_lon":-118.2465173628,"segment_second_lat":34.0633761608,"segment_second_lon":-118.2471333548,"segment_sequence":140001,"segment_id":7,"segment_len_meter":81.18833181598625,"segment_cum_len":4513.0983555964995,"stop_segment_distance":15.164519151407148}
{"route_id":"45","stop_id":"13270","stop_lat":34.025575,"stop_lon":-118.269757,"stop_sequence":28,"segment_first_lat":34.0263126169,"segment_first_lon":-118.2691225508,"segment_second_lat":34.0255203615,"segment_second_lon":-118.2696355015,"segment_sequence":270006,"segment_id":14,"segment_len_meter":99.97657035588934,"segment_cum_len":8863.405668756983,"stop_segment_distance":13.488576464416894}
{"route_id":"487","stop_id":"142117","stop_lat":34.149878,"stop_lon":-118.09011,"stop_sequence":39,"segment_first_lat":34.1500000775,"segment_first_lon":-118.089099107,"segment_second_lat":34.1499716,"segment_second_lon":-118.0904442723,"segment_sequence":440007,"segment_id":22,"segment_len_meter":123.82487495284185,"segment_cum_len":27406.334494552004,"stop_segment_distance":2.657834257898898}
{"route_id":"487","stop_id":"3891","stop_lat":34.103678,"stop_lon":-118.090853,"stop_sequence":21,"segment_first_lat":34.103677828,"segment_first_lon":-118.0910049811,"segment_second_lat":34.1052111241,"segment_second_lon":-118.0910234972,"segment_sequence":210001,"segment_id":11,"segment_len_meter":170.5032704223461,"segment_cum_len":19661.88972974171,"stop_segment_distance":14.686812837345514}
{"route_id":"53","stop_id":"2345","stop_lat":34.063887,"stop_lon":-118.251345,"stop_sequence":81,"segment_first_lat":34.0638231979,"segment_first_lon":-118.2515458188,"segment_second_lat":34.0638061833,"segment_second_lon":-118.251535202,"segment_sequence":800025,"segment_id":40,"segment_len_meter":2.1297545568318217,"segment_cum_len":26686.737150682267,"stop_segment_distance":37.37324960479538}
{"route_id":"550","stop_id":"12036","stop_lat":33.782843,"stop_lon":-118.297307,"stop_sequence":20,"segment_first_lat":33.7828421955,"segment_first_lon":-118.297494248,"segment_second_lat":33.783369778,"segment_second_lon":-118.2974928272,"segment_sequence":200001,"segment_id":10,"segment_len_meter":58.66464434222039,"segment_cum_len":8236.308166285584,"stop_segment_distance":19.681840765645354}
{"route_id":"603","stop_id":"1330","stop_lat":34.125099,"stop_lon":-118.256488,"stop_sequence":14,"segment_first_lat":34.1251815973,"segment_first_lon":-118.2563728263,"segment_second_lat":34.124608273,"segment_second_lon":-118.2557796241,"segment_sequence":140001,"segment_id":7,"segment_len_meter":83.93878779600566,"segment_cum_len":3795.9499475947378,"stop_segment_distance":15.112700595075609}
{"route_id":"611","stop_id":"803","stop_lat":33.996459,"stop_lon":-118.247606,"stop_sequence":37,"segment_first_lat":33.9957389112,"segment_first_lon":-118.2477617683,"segment_second_lat":33.9964588516,"segment_second_lon":-118.2477612596,"segment_sequence":360003,"segment_id":18,"segment_len_meter":80.05373370313853,"segment_cum_len":10909.280832569368,"stop_segment_distance":15.607175365865118}
{"route_id":"66","stop_id":"4117","stop_lat":34.031755,"stop_lon":-118.244017,"stop_sequence":27,"segment_first_lat":34.0318421404,"segment_first_lon":-118.2439074051,"segment_second_lat":34.0312725009,"segment_second_lon":-118.2432298088,"segment_sequence":270001,"segment_id":14,"segment_len_meter":88.94348924330559,"segment_cum_len":7935.401330241974,"stop_segment_distance":15.277252595647525}
{"route_id":"687","stop_id":"142018","stop_lat":34.127807,"stop_lon":-118.148625,"stop_sequence":37,"segment_first_lat":34.12753256,"segment_first_lon":-118.1487071871,"segment_second_lat":34.1278073433,"segment_second_lon":-118.1487103194,"segment_sequence":360003,"segment_id":18,"segment_len_meter":30.55586914528358,"segment_cum_len":9888.335047887087,"stop_segment_distance":8.737555633710691}
{"route_id":"70","stop_id":"5424","stop_lat":34.064259,"stop_lon":-118.157916,"stop_sequence":37,"segment_first_lat":34.0643626585,"segment_first_lon":-118.157997011,"segment_second_lat":34.0649422267,"segment_second_lon":-118.156909835,"segment_sequence":370001,"segment_id":19,"segment_len_meter":119.08874940960878,"segment_cum_len":13217.85632302021,"stop_segment_distance":14.482570313496794}
{"route_id":"733","stop_id":"2212","stop_lat":34.043972,"stop_lon":-118.252932,"stop_sequence":8,"segment_first_lat":34.044531554,"segment_first_lon":-118.2523130712,"segment_second_lat":34.0439242444,"segment_second_lon":-118.252853259,"segment_sequence":70003,"segment_id":4,"segment_len_meter":83.88941344081044,"segment_cum_len":4033.319411281704,"stop_segment_distance":9.500607824590034}
{"route_id":"81","stop_id":"13435","stop_lat":34.030645,"stop_lon":-118.274592,"stop_sequence":59,"segment_first_lat":34.0307799156,"segment_first_lon":-118.2743318287,"segment_second_lat":34.0305861821,"segment_second_lon":-118.2744566105,"segment_sequence":580009,"segment_id":29,"segment_len_meter":24.419021237140125,"segment_cum_len":20090.808266560627,"stop_segment_distance":17.949549973973436}
{"route_id":"81","stop_id":"16455","stop_lat":34.034621,"stop_lon":-118.272057,"stop_sequence":58,"segment_first_lat":34.0354305137,"segment_first_lon":-118.2713666003,"segment_second_lat":34.0345601144,"segment_second_lon":-118.2719215794,"segment_sequence":570009,"segment_id":29,"segment_len_meter":109.46411315287948,"segment_cum_len":19590.97394330137,"stop_segment_distance":14.958662553132726}
{"route_id":"83","stop_id":"11664","stop_lat":34.098672,"stop_lon":-118.20651,"stop_sequence":23,"segment_first_lat":34.0985926257,"segment_first_lon":-118.2064279843,"segment_second_lat":34.0984628808,"segment_second_lon":-118.2066152811,"segment_sequence":230001,"segment_id":12,"segment_len_meter":22.484601382159113,"segment_cum_len":6945.6780823858035,"stop_segment_distance":14.324047320526404}
{"route_id":"DSE","stop_id":"9221","stop_lat":34.058812,"stop_lon":-118.240401,"stop_sequence":2,"segment_first_lat":34.05856526,"segment_first_lon":-118.2403067,"segment_second_lat":34.05906734,"segment_second_lon":-118.2411769,"segment_sequence":14,"segment_id":0,"segment_len_meter":97.68854724904786,"segment_cum_len":993.5483325605352,"stop_segment_distance":7.999308839680836}
