{"route_id":"110","stop_id":"2068","stop_lat":33.969811,"stop_lon":-118.141439,"stop_sequence":86,"segment_first_lat":33.9698929444,"segment_first_lon":-118.1413773767,"segment_second_lat":33.9694386415,"segment_second_lon":-118.1405079097,"segment_sequence":860001,"segment_id":43,"segment_len_meter":94.76683631568271,"segment_cum_len":29558.499096370248,"stop_segment_distance":11.296423032880412}
{"route_id":"111","stop_id":"1433","stop_lat":33.974606,"stop_lon":-118.230608,"stop_sequence":48,"segment_first_lat":33.9747353171,"segment_first_lon":-118.2306074842,"segment_second_lat":33.9747330342,"segment_second_lon":-118.2303640678,"segment_sequence":480001,"segment_id":24,"segment_len_meter":22.447392855882907,"segment_cum_len":17668.02620786941,"stop_segment_distance":18.49316502930014}
{"route_id":"117","stop_id":"7567","stop_lat":33.945379,"stop_lon":-118.29215,"stop_sequence":26,"segment_first_lat":33.9454980039,"segment_first_lon":-118.2961200009,"segment_second_lat":33.945507685,"segment_second_lon":-118.292150333,"segment_sequence":250002,"segment_id":13,"segment_len_meter":366.1791223591294,"segment_cum_len":11060.676263828063,"stop_segment_distance":14.577560660424751}
{"route_id":"120","stop_id":"17880","stop_lat":33.916825,"stop_lon":-118.099378,"stop_sequence":36,"segment_first_lat":33.9168255002,"segment_first_lon":-118.0992275132,"segment_second_lat":33.9158335301,"segment_second_lon":-118.0992289754,"segment_sequence":360001,"segment_id":18,"segment_len_meter":110.30212502514433,"segment_cum_len":15464.635429601894,"stop_segment_distance":14.684877674394514}
{"route_id":"128","stop_id":"17222","stop_lat":33.887813,"stop_lon":-118.07319,"stop_sequence":11,"segment_first_lat":33.8876827499,"segment_first_lon":-118.0731897371,"segment_second_lat":33.8876747457,"segment_second_lon":-118.075034822,"segment_sequence":110001,"segment_id":6,"segment_len_meter":170.31563615687287,"segment_cum_len":6512.26904952204,"stop_segment_distance":15.148961939730043}
{"route_id":"14","stop_id":"415","stop_lat":34.070078,"stop_lon":-118.277796,"stop_sequence":48,"segment_first_lat":34.0699644389,"segment_first_lon":-118.2778660192,"segment_second_lat":34.070259918,"segment_second_lon":-118.2785458941,"segment_sequence":480001,"segment_id":24,"segment_len_meter":70.7181656382782,"segment_cum_len":17628.002111093967,"stop_segment_distance":15.433687594231131}
{"route_id":"150","stop_id":"6989","stop_lat":34.139869,"stop_lon":-118.378575,"stop_sequence":73,"segment_first_lat":34.1399892495,"segment_first_lon":-118.378618047,"segment_second_lat":34.1400652466,"segment_second_lon":-118.3783050983,"segment_sequence":730001,"segment_id":37,"segment_len_meter":30.01557974035726,"segment_cum_len":25535.14799701497,"stop_segment_distance":16.993646515101666}
{"route_id":"164","stop_id":"7119","stop_lat":34.185996,"stop_lon":-118.361299,"stop_sequence":19,"segment_first_lat":34.1857516616,"segment_first_lon":-118.3612251748,"segment_second_lat":34.1859036262,"segment_second_lon":-118.3614070331,"segment_sequence":180012,"segment_id":9,"segment_len_meter":23.777119430523946,"segment_cum_len":6734.597686521177,"stop_segment_distance":18.519466958199516}
{"route_id":"176","stop_id":"12781","stop_lat":34.11236,"stop_lon":-118.170821,"stop_sequence":89,"segment_first_lat":34.1122473328,"segment_first_lon":-118.1708842317,"segment_second_lat":34.1123018008,"segment_second_lon":-118.1710359811,"segment_sequence":890001,"segment_id":45,"segment_len_meter":15.226816362144502,"segment_cum_len":31914.33223161808,"stop_segment_distance":19.410506976762015}
{"route_id":"18","stop_id":"8332","stop_lat":34.015029,"stop_lon":-118.132341,"stop_sequence":68,"segment_first_lat":34.0151543351,"segment_first_lon":-118.1323063741,"segment_second_lat":34.0148686573,"segment_second_lon":-118.130955308,"segment_sequence":680001,"segment_id":34,"segment_len_meter":128.51352165671824,"segment_cum_len":18937.723949088937,"stop_segment_distance":14.739539939552458}
{"route_id":"183","stop_id":"3090","stop_lat":34.164774,"stop_lon":-118.427002,"stop_sequence":13,"segment_first_lat":34.1649035658,"segment_first_lon":-118.4300536073,"segment_second_lat":34.1649014637,"segment_second_lon":-118.4270023725,"segment_sequence":120003,"segment_id":6,"segment_len_meter":280.73027457370995,"segment_cum_len":4778.295106355511,"stop_segment_distance":14.577141286887127}
{"route_id":"206","stop_id":"12296","stop_lat":34.083293,"stop_lon":-118.300564,"stop_sequence":12,"segment_first_lat":34.0832928132,"segment_first_lon":-118.3004460788,"segment_second_lat":34.0812319096,"segment_second_lon":-118.3004446199,"segment_sequence":120001,"segment_id":6,"segment_len_meter":229.16206401106214,"segment_cum_len":3797.2131799390622,"stop_segment_distance":11.144179133864583}
{"route_id":"206","stop_id":"13765","stop_lat":33.976343,"stop_lon":-118.300388,"stop_sequence":51,"segment_first_lat":33.9770139219,"segment_first_lon":-118.3002653105,"segment_second_lat":33.976343436,"segment_second_lon":-118.3002685135,"segment_sequence":500004,"segment_id":25,"segment_len_meter":74.55521547833123,"segment_cum_len":15505.538071963254,"stop_segment_distance":11.918826574370456}
{"route_id":"232","stop_id":"36494","stop_lat":33.927309,"stop_lon":-118.396132,"stop_sequence":92,"segment_first_lat":33.9273089926,"segment_first_lon":-118.3962845903,"segment_second_lat":33.9280720688,"segment_second_lon":-118.3962858918,"segment_sequence":920001,"segment_id":46,"segment_len_meter":84.85028705271817,"segment_cum_len":37396.48694424748,"stop_segment_distance":15.25739803288819}
{"route_id":"239","stop_id":"20028","stop_lat":34.271736,"stop_lon":-118.475647,"stop_sequence":51,"segment_first_lat":34.2718633369,"segment_first_lon":-118.4756444646,"segment_second_lat":34.2718547574,"segment_second_lon":-118.4748198917,"segment_sequence":510001,"segment_id":26,"segment_len_meter":75.77494104100674,"segment_cum_len":19843.61535049732,"stop_segment_distance":15.526823611269094}
{"route_id":"239","stop_id":"5815","stop_lat":34.281139,"stop_lon":-118.446887,"stop_sequence":60,"segment_first_lat":34.2808481934,"segment_first_lon":-118.4475175113,"segment_second_lat":34.281235413,"segment_second_lon":-118.4469856239,"segment_sequence":590003,"segment_id":30,"segment_len_meter":65.13126942658354,"segment_cum_len":23609.326393678304,"stop_segment_distance":15.250291953170233}
{"route_id":"251","stop_id":"10433","stop_lat":34.083887,"stop_lon":-118.222587,"stop_sequence":3,"segment_first_lat":34.0845320526,"segment_first_lon":-118.2231168281,"segment_second_lat":34.0839759656,"segment_second_lon":-118.2224763017,"segment_sequence":20006,"segment_id":1,"segment_len_meter":85.45789559370125,"segment_cum_len":572.8400203020276,"stop_segment_distance":15.497198806941483}
{"route_id":"256","stop_id":"10453","stop_lat":34.122026,"stop_lon":-118.176993,"stop_sequence":68,"segment_first_lat":34.1217950583,"segment_first_lon":-118.1772009155,"segment_second_lat":34.1220565293,"segment_second_lon":-118.1770997051,"segment_sequence":670005,"segment_id":34,"segment_len_meter":30.53050607668186,"segment_cum_len":19324.00170543933,"stop_segment_distance":11.889235391199946}
{"route_id":"256","stop_id":"1347","stop_lat":34.066944,"stop_lon":-118.178072,"stop_sequence":29,"segment_first_lat":34.0668561763,"segment_first_lon":-118.1776953832,"segment_second_lat":34.0667812363,"segment_second_lon":-118.1780164955,"segment_sequence":280014,"segment_id":14,"segment_len_meter":30.72974674392692,"segment_cum_len":8477.597188960535,"stop_segment_distance":24.116298131101455}
{"route_id":"258","stop_id":"70500033","stop_lat":34.07211,"stop_lon":-118.151947,"stop_sequence":27,"segment_first_lat":34.0736127627,"segment_first_lon":-118.1518120849,"segment_second_lat":34.0721097074,"segment_second_lon":-118.1517902049,"segment_sequence":260001,"segment_id":13,"segment_len_meter":167.14427340537003,"segment_cum_len":8409.071775522674,"stop_segment_distance":14.858602339291394}
{"route_id":"260","stop_id":"13169","stop_lat":34.077631,"stop_lon":-118.13465,"stop_sequence":38,"segment_first_lat":34.0779062097,"segment_first_lon":-118.1345016094,"segment_second_lat":34.0776314254,"segment_second_lon":-118.1344995164,"segment_sequence":370003,"segment_id":19,"segment_len_meter":30.55522814513594,"segment_cum_len":13512.562271956518,"stop_segment_distance":16.819522760173914}
{"route_id":"267","stop_id":"1370","stop_lat":34.142214,"stop_lon":-118.104191,"stop_sequence":36,"segment_first_lat":34.1421153643,"segment_first_lon":-118.1041905078,"segment_second_lat":34.1421148043,"segment_second_lon":-118.1048382555,"segment_sequence":360001,"segment_id":18,"segment_len_meter":59.61242197287707,"segment_cum_len":13379.534087321756,"stop_segment_distance":11.935131825147721}
{"route_id":"268","stop_id":"16517","stop_lat":34.169222,"stop_lon":-118.105679,"stop_sequence":61,"segment_first_lat":34.1691283946,"segment_first_lon":-118.1056787935,"segment_second_lat":34.1691345111,"segment_second_lon":-118.1080855019,"segment_sequence":610001,"segment_id":31,"segment_len_meter":221.42019864478468,"segment_cum_len":24378.323650185637,"stop_segment_distance":10.601925700262967}
{"route_id":"28","stop_id":"16172","stop_lat":34.059513,"stop_lon":-118.383818,"stop_sequence":89,"segment_first_lat":34.0593875239,"segment_first_lon":-118.38382041,"segment_second_lat":34.0593882489,"segment_second_lon":-118.3841109535,"segment_sequence":890001,"segment_id":45,"segment_len_meter":26.76506786393173,"segment_cum_len":29663.86784707466,"stop_segment_distance":17.532347659560603}
{"route_id":"33","stop_id":"3123","stop_lat":33.987463,"stop_lon":-118.470849,"stop_sequence":3,"segment_first_lat":33.9879599753,"segment_first_lon":-118.4709667926,"segment_second_lat":33.9874886773,"segment_second_lon":-118.4707648959,"segment_sequence":20031,"segment_id":1,"segment_len_meter":55.61368976654764,"segment_cum_len":930.9359150782728,"stop_segment_distance":8.96770395068225}
{"route_id":"45","stop_id":"13274","stop_lat":33.982537,"stop_lon":-118.278452,"stop_sequence":42,"segment_first_lat":33.9833069767,"segment_first_lon":-118.2782995246,"segment_second_lat":33.9825375757,"segment_second_lon":-118.2782996063,"segment_sequence":410005,"segment_id":21,"segment_len_meter":85.55348808683054,"segment_cum_len":13843.727013029358,"stop_segment_distance":15.26199914466764}
{"route_id":"45","stop_id":"15585","stop_lat":33.927296,"stop_lon":-118.282346,"stop_sequence":61,"segment_first_lat":33.9273699351,"segment_first_lon":-118.2825836275,"segment_second_lat":33.9273704911,"segment_second_lon":-118.28234629,"segment_sequence":600008,"segment_id":30,"segment_len_meter":21.897680074037066,"segment_cum_len":20412.27940010395,"stop_segment_distance":9.800471248910533}
{"route_id":"487","stop_id":"13912","stop_lat":34.114296,"stop_lon":-118.03109,"stop_sequence":82,"segment_first_lat":34.1147930315,"segment_first_lon":-118.0309385815,"segment_second_lat":34.1142956676,"segment_second_lon":-118.0309383975,"segment_sequence":810003,"segment_id":41,"segment_len_meter":55.30434497058496,"segment_cum_len":39919.65363641528,"stop_segment_distance":15.650530218042611}
{"route_id":"51","stop_id":"9761","stop_lat":34.043939,"stop_lon":-118.251638,"stop_sequence":21,"segment_first_lat":34.044531554,"segment_first_lon":-118.2523130712,"segment_second_lat":34.0440382618,"segment_second_lon":-118.2515467481,"segment_sequence":200004,"segment_id":10,"segment_len_meter":89.40900703492754,"segment_cum_len":4971.89446620317,"stop_segment_distance":15.0752848516493}
{"route_id":"60","stop_id":"11489","stop_lat":33.937036,"stop_lon":-118.213717,"stop_sequence":53,"segment_first_lat":33.9378406516,"segment_first_lon":-118.2138050667,"segment_second_lat":33.9370703008,"segment_second_lon":-118.2135680421,"segment_sequence":520006,"segment_id":26,"segment_len_meter":88.40593499742559,"segment_cum_len":16615.398431173377,"stop_segment_distance":15.696641609476671}
{"route_id":"60","stop_id":"2000","stop_lat":34.060624,"stop_lon":-118.244081,"stop_sequence":2,"segment_first_lat":34.0606157163,"segment_first_lon":-118.2438565893,"segment_second_lat":34.0602686995,"segment_second_lon":-118.2442451682,"segment_sequence":20002,"segment_id":1,"segment_len_meter":52.63306845016048,"segment_cum_len":432.49914281891796,"stop_segment_distance":10.363078929549758}
{"route_id":"605","stop_id":"17151","stop_lat":34.021729,"stop_lon":-118.20936,"stop_sequence":2,"segment_first_lat":34.0217636725,"segment_first_lon":-118.2094366134,"segment_second_lat":34.0220401251,"segment_second_lon":-118.2092680099,"segment_sequence":20001,"segment_id":1,"segment_len_meter":34.444238146180595,"segment_cum_len":216.8423995989805,"stop_segment_distance":9.219735611460592}
{"route_id":"665","stop_id":"3550","stop_lat":34.036102,"stop_lon":-118.184849,"stop_sequence":12,"segment_first_lat":34.036029783,"segment_first_lon":-118.1848484521,"segment_second_lat":34.0360239274,"segment_second_lon":-118.1857990271,"segment_sequence":120001,"segment_id":6,"segment_len_meter":87.59377716456608,"segment_cum_len":5086.815820116894,"stop_segment_distance":8.406779530858742}
{"route_id":"70","stop_id":"16168","stop_lat":34.042533,"stop_lon":-118.259189,"stop_sequence":7,"segment_first_lat":34.0425908205,"segment_first_lon":-118.2592771048,"segment_second_lat":34.0437304298,"segment_second_lon":-118.2582193768,"segment_sequence":70001,"segment_id":4,"segment_len_meter":159.86082590697936,"segment_cum_len":1683.6985072175944,"stop_segment_distance":10.837702469735802}
{"route_id":"71","stop_id":"16168","stop_lat":34.042533,"stop_lon":-118.259189,"stop_sequence":7,"segment_first_lat":34.0425908205,"segment_first_lon":-118.2592771048,"segment_second_lat":34.0437304298,"segment_second_lon":-118.2582193768,"segment_sequence":70001,"segment_id":4,"segment_len_meter":159.86082590697936,"segment_cum_len":1683.6985072175944,"stop_segment_distance":10.837702469735802}
{"route_id":"78","stop_id":"1531","stop_lat":34.103261,"stop_lon":-118.093618,"stop_sequence":63,"segment_first_lat":34.1033811545,"segment_first_lon":-118.094460248,"segment_second_lat":34.1033864814,"segment_second_lon":-118.0936179106,"segment_sequence":620003,"segment_id":31,"segment_len_meter":77.55831002202432,"segment_cum_len":20024.203442786107,"stop_segment_distance":15.0849787131869}
{"route_id":"901","stop_id":"15601","stop_lat":34.200574,"stop_lon":-118.597059,"stop_sequence":14,"segment_first_lat":34.2005678854,"segment_first_lon":-118.5971274898,"segment_second_lat":34.201032294,"segment_second_lon":-118.5971810801,"segment_sequence":140001,"segment_id":7,"segment_len_meter":51.874534710972775,"segment_cum_len":22717.486723415364,"stop_segment_distance":6.642905712223495}
{"route_id":"96","stop_id":"18078","stop_lat":34.162282,"stop_lon":-118.301982,"stop_sequence":14,"segment_first_lat":34.1623787128,"segment_first_lon":-118.301882802,"segment_second_lat":34.1621103448,"segment_second_lon":-118.3015122616,"segment_sequence":140001,"segment_id":7,"segment_len_meter":45.30799110248635,"segment_cum_len":4950.279218845439,"stop_segment_distance":16.043984127658803}
