{"route_id":"10","stop_id":"11719","stop_lat":34.083728,"stop_lon":-118.292234,"stop_sequence":36,"segment_first_lat":34.0836003877,"segment_first_lon":-118.2922331088,"segment_second_lat":34.0835973716,"segment_second_lon":-118.2927978323,"segment_sequence":360001,"segment_id":18,"segment_len_meter":52.00869882381514,"segment_cum_len":9765.912008017956,"stop_segment_distance":16.10020555663141}
{"route_id":"102","stop_id":"14551","stop_lat":33.966529,"stop_lon":-118.222479,"stop_sequence":89,"segment_first_lat":33.9672298582,"segment_first_lon":-118.2223953841,"segment_second_lat":33.9665291591,"segment_second_lon":-118.2223935234,"segment_sequence":880004,"segment_id":44,"segment_len_meter":77.91437398131994,"segment_cum_len":29137.271359179704,"stop_segment_distance":8.280832694864984}
{"route_id":"105","stop_id":"10256","stop_lat":34.004077,"stop_lon":-118.234744,"stop_sequence":4,"segment_first_lat":34.0039475135,"segment_first_lon":-118.2347435667,"segment_second_lat":34.0039418497,"segment_second_lon":-118.2365186233,"segment_sequence":40001,"segment_id":2,"segment_len_meter":163.62680083074636,"segment_cum_len":907.2927513044366,"stop_segment_distance":15.045854540697519}
{"route_id":"105","stop_id":"16422","stop_lat":34.003842,"stop_lon":-118.299939,"stop_sequence":19,"segment_first_lat":34.0037096123,"segment_first_lon":-118.2990776005,"segment_second_lat":34.0037118719,"segment_second_lon":-118.2999387488,"segment_sequence":180005,"segment_id":9,"segment_len_meter":79.38168934908951,"segment_cum_len":6753.648019167232,"stop_segment_distance":15.84532682730429}
{"route_id":"110","stop_id":"10820","stop_lat":33.981246,"stop_lon":-118.392019,"stop_sequence":7,"segment_first_lat":33.9812135999,"segment_first_lon":-118.3919046265,"segment_second_lat":33.9799313806,"segment_second_lon":-118.3924313271,"segment_sequence":70001,"segment_id":4,"segment_len_meter":150.62052697506232,"segment_cum_len":3416.301511482136,"stop_segment_distance":11.565903855514762}
{"route_id":"111","stop_id":"1969","stop_lat":33.967691,"stop_lon":-118.164405,"stop_sequence":64,"segment_first_lat":33.9678174609,"segment_first_lon":-118.164387717,"segment_second_lat":33.9677335307,"segment_second_lon":-118.1634654426,"segment_sequence":640001,"segment_id":32,"segment_len_meter":85.56238942347083,"segment_cum_len":23886.38327584991,"stop_segment_distance":15.364217935675697}
{"route_id":"115","stop_id":"1908","stop_lat":33.960025,"stop_lon":-118.240968,"stop_sequence":52,"segment_first_lat":33.9601506226,"segment_first_lon":-118.2413777378,"segment_second_lat":33.9601514402,"segment_second_lon":-118.2409688295,"segment_sequence":510007,"segment_id":26,"segment_len_meter":37.712902342401044,"segment_cum_len":14582.53410508123,"stop_segment_distance":16.635208353158184}
{"route_id":"115","stop_id":"1928","stop_lat":33.960049,"stop_lon":-118.256059,"stop_sequence":47,"segment_first_lat":33.960176683,"segment_first_lon":-118.2560590317,"segment_second_lat":33.9601721262,"segment_second_lon":-118.2541859421,"segment_sequence":470001,"segment_id":24,"segment_len_meter":172.75199441141433,"segment_cum_len":13363.51820165899,"stop_segment_distance":14.735849475913511}
{"route_id":"120","stop_id":"140806","stop_lat":33.931086,"stop_lon":-118.34373,"stop_sequence":99,"segment_first_lat":33.9309657964,"segment_first_lon":-118.3394640951,"segment_second_lat":33.9309589336,"segment_second_lon":-118.3437297734,"segment_sequence":980003,"segment_id":49,"segment_len_meter":393.55062961825047,"segment_cum_len":42312.66996772658,"stop_segment_distance":14.375923256557769}
{"route_id":"125","stop_id":"1359","stop_lat":33.895891,"stop_lon":-118.217263,"stop_sequence":53,"segment_first_lat":33.8960205673,"segment_first_lon":-118.2172637387,"segment_second_lat":33.8960211015,"segment_second_lon":-118.2169671774,"segment_sequence":530001,"segment_id":27,"segment_len_meter":27.37191979568087,"segment_cum_len":20357.473523457724,"stop_segment_distance":17.934903251436648}
{"route_id":"128","stop_id":"17236","stop_lat":33.889411,"stop_lon":-118.142443,"stop_sequence":26,"segment_first_lat":33.8892813662,"segment_first_lon":-118.1405251193,"segment_second_lat":33.8892815883,"segment_second_lon":-118.1424427355,"segment_sequence":250003,"segment_id":13,"segment_len_meter":177.00509629102095,"segment_cum_len":12765.65162013574,"stop_segment_distance":15.000109705614818}
{"route_id":"128","stop_id":"17242","stop_lat":33.889292,"stop_lon":-118.168538,"stop_sequence":31,"segment_first_lat":33.8891701776,"segment_first_lon":-118.1673418694,"segment_second_lat":33.8891638398,"segment_second_lon":-118.1685378942,"segment_sequence":300012,"segment_id":15,"segment_len_meter":110.40117424112842,"segment_cum_len":15174.464287807697,"stop_segment_distance":15.086078584423888}
{"route_id":"154","stop_id":"20002","stop_lat":34.168728,"stop_lon":-118.376732,"stop_sequence":27,"segment_first_lat":34.1689303162,"segment_first_lon":-118.3770274747,"segment_second_lat":34.1685435905,"segment_second_lon":-118.3767943162,"segment_sequence":250005,"segment_id":13,"segment_len_meter":48.055244149181746,"segment_cum_len":10401.644066260196,"stop_segment_distance":8.522029866983303}
{"route_id":"158","stop_id":"9577","stop_lat":34.257391,"stop_lon":-118.567028,"stop_sequence":67,"segment_first_lat":34.25726478,"segment_first_lon":-118.5670305772,"segment_second_lat":34.2572659728,"segment_second_lon":-118.5674211003,"segment_sequence":670001,"segment_id":34,"segment_len_meter":35.89113397212774,"segment_cum_len":26743.71694067512,"stop_segment_distance":16.856203276778004}
{"route_id":"163","stop_id":"140818","stop_lat":34.201078,"stop_lon":-118.428173,"stop_sequence":50,"segment_first_lat":34.2012141966,"segment_first_lon":-118.4292980277,"segment_second_lat":34.2012060911,"segment_second_lon":-118.4281735363,"segment_sequence":490002,"segment_id":25,"segment_len_meter":103.41872774978712,"segment_cum_len":18754.680459734453,"stop_segment_distance":15.391128289909659}
{"route_id":"176","stop_id":"142128","stop_lat":34.074858,"stop_lon":-118.041266,"stop_sequence":38,"segment_first_lat":34.0748787988,"segment_first_lon":-118.0414079106,"segment_second_lat":34.0754185141,"segment_second_lon":-118.0413061398,"segment_sequence":380001,"segment_id":19,"segment_len_meter":60.741200065561095,"segment_cum_len":14470.592011268269,"stop_segment_distance":14.968162685687979}
{"route_id":"176","stop_id":"70500029","stop_lat":34.044629,"stop_lon":-118.090324,"stop_sequence":6,"segment_first_lat":34.0446293697,"segment_first_lon":-118.0904773004,"segment_second_lat":34.0455608851,"segment_second_lon":-118.0904898613,"segment_sequence":60001,"segment_id":3,"segment_len_meter":103.58625173992945,"segment_cum_len":2010.9931150975215,"stop_segment_distance":15.280034498583674}
{"route_id":"180","stop_id":"3667","stop_lat":34.152206,"stop_lon":-118.132198,"stop_sequence":77,"segment_first_lat":34.1519966367,"segment_first_lon":-118.1323534708,"segment_second_lat":34.1522082254,"segment_second_lon":-118.1323511618,"segment_sequence":760007,"segment_id":38,"segment_len_meter":23.528549354757004,"segment_cum_len":23518.58634844811,"stop_segment_distance":17.892095753925574}
{"route_id":"2","stop_id":"6414","stop_lat":34.088407,"stop_lon":-118.395573,"stop_sequence":24,"segment_first_lat":34.0882708867,"segment_first_lon":-118.396136756,"segment_second_lat":34.0885153988,"segment_second_lon":-118.3956487777,"segment_sequence":230011,"segment_id":12,"segment_len_meter":52.52214893796648,"segment_cum_len":7486.450087393541,"stop_segment_distance":15.482358655180832}
{"route_id":"20","stop_id":"16750","stop_lat":34.061847,"stop_lon":-118.306424,"stop_sequence":23,"segment_first_lat":34.0617261966,"segment_first_lon":-118.3053435894,"segment_second_lat":34.0617209892,"segment_second_lon":-118.3064232185,"segment_sequence":220004,"segment_id":11,"segment_len_meter":99.45467182415159,"segment_cum_len":6654.804152267162,"stop_segment_distance":14.984583151559761}
{"route_id":"205","stop_id":"17478","stop_lat":33.853579,"stop_lon":-118.234309,"stop_sequence":99,"segment_first_lat":33.8535697992,"segment_first_lon":-118.2344586654,"segment_second_lat":33.8538640531,"segment_second_lon":-118.2344782609,"segment_sequence":1000001,"segment_id":50,"segment_len_meter":32.7695389670655,"segment_cum_len":36972.51086787894,"stop_segment_distance":16.429589493916552}
{"route_id":"205","stop_id":"17490","stop_lat":33.871511,"stop_lon":-118.235717,"stop_sequence":105,"segment_first_lat":33.871501788,"segment_first_lon":-118.2358982938,"segment_second_lat":33.8729117806,"segment_second_lon":-118.2359974643,"segment_sequence":1060001,"segment_id":53,"segment_len_meter":157.0511307944272,"segment_cum_len":39095.65925297178,"stop_segment_distance":17.615224808160463}
{"route_id":"207","stop_id":"5753","stop_lat":33.948541,"stop_lon":-118.308848,"stop_sequence":8,"segment_first_lat":33.9470045319,"segment_first_lon":-118.3089842289,"segment_second_lat":33.9485405448,"segment_second_lon":-118.3089991267,"segment_sequence":70003,"segment_id":4,"segment_len_meter":170.80236988384843,"segment_cum_len":4221.657532639419,"stop_segment_distance":14.446687810799858}
{"route_id":"232","stop_id":"23200084","stop_lat":33.789674,"stop_lon":-118.319818,"stop_sequence":40,"segment_first_lat":33.7895293088,"segment_first_lon":-118.3172769265,"segment_second_lat":33.7895484067,"segment_second_lon":-118.3198209188,"segment_sequence":390003,"segment_id":20,"segment_len_meter":235.10640527763357,"segment_cum_len":15567.74535727805,"stop_segment_distance":14.238958600562484}
{"route_id":"232","stop_id":"9697","stop_lat":33.771567,"stop_lon":-118.189178,"stop_sequence":3,"segment_first_lat":33.7710447348,"segment_first_lon":-118.1893681127,"segment_second_lat":33.7715695702,"segment_second_lon":-118.1893640322,"segment_sequence":20011,"segment_id":1,"segment_len_meter":58.36025259924773,"segment_cum_len":1088.4443264276797,"stop_segment_distance":19.511119402837124}
{"route_id":"233","stop_id":"2924","stop_lat":34.258594,"stop_lon":-118.432158,"stop_sequence":39,"segment_first_lat":34.2575767825,"segment_first_lon":-118.4337843099,"segment_second_lat":34.2586901978,"segment_second_lon":-118.4322568131,"segment_sequence":380009,"segment_id":19,"segment_len_meter":187.17701724766854,"segment_cum_len":12811.869675485028,"stop_segment_distance":14.293264610685867}
{"route_id":"233","stop_id":"6792","stop_lat":34.190549,"stop_lon":-118.448512,"stop_sequence":15,"segment_first_lat":34.1896989321,"segment_first_lon":-118.4486627001,"segment_second_lat":34.1905480268,"segment_second_lon":-118.4486642848,"segment_sequence":140003,"segment_id":7,"segment_len_meter":94.41513539065474,"segment_cum_len":4469.312409701659,"stop_segment_distance":15.126194851023612}
{"route_id":"246","stop_id":"3017","stop_lat":33.770744,"stop_lon":-118.269392,"stop_sequence":32,"segment_first_lat":33.7708732417,"segment_first_lon":-118.2694029085,"segment_second_lat":33.7708987572,"segment_second_lon":-118.2689288676,"segment_sequence":320001,"segment_id":16,"segment_len_meter":43.908629162430294,"segment_cum_len":9209.743666950842,"stop_segment_distance":16.635546193292498}
{"route_id":"266","stop_id":"2805","stop_lat":33.916716,"stop_lon":-118.13773,"stop_sequence":22,"segment_first_lat":33.9167822936,"segment_first_lon":-118.1378613024,"segment_second_lat":33.9170157835,"segment_second_lon":-118.1376876597,"segment_sequence":220001,"segment_id":11,"segment_len_meter":30.509075390583302,"segment_cum_len":9829.528928983345,"stop_segment_distance":17.235710982949247}
{"route_id":"28","stop_id":"1747","stop_lat":34.107998,"stop_lon":-118.238032,"stop_sequence":26,"segment_first_lat":34.1092189,"segment_first_lon":-118.2375531283,"segment_second_lat":34.1079701655,"segment_second_lon":-118.2378835639,"segment_sequence":250003,"segment_id":13,"segment_len_meter":142.14656337793903,"segment_cum_len":7504.726070642714,"stop_segment_distance":14.603074682984726}
{"route_id":"35","stop_id":"7747","stop_lat":34.025393,"stop_lon":-118.304396,"stop_sequence":25,"segment_first_lat":34.0255154894,"segment_first_lon":-118.3043936772,"segment_second_lat":34.0255125589,"segment_second_lon":-118.3040299793,"segment_sequence":250001,"segment_id":13,"segment_len_meter":33.51891831538886,"segment_cum_len":7963.294684578485,"stop_segment_distance":16.3596641012479}
{"route_id":"40","stop_id":"10920","stop_lat":33.920321,"stop_lon":-118.352734,"stop_sequence":69,"segment_first_lat":33.9236902829,"segment_first_lon":-118.3525899214,"segment_second_lat":33.920321439,"segment_second_lon":-118.3525816794,"segment_sequence":680002,"segment_id":34,"segment_len_meter":374.5991222774991,"segment_cum_len":26254.264730734114,"stop_segment_distance":14.338714382610874}
{"route_id":"45","stop_id":"11909","stop_lat":34.06052,"stop_lon":-118.239379,"stop_sequence":16,"segment_first_lat":34.061398042,"segment_first_lon":-118.238764412,"segment_second_lat":34.0604707918,"segment_second_lon":-118.2392411609,"segment_sequence":150003,"segment_id":8,"segment_len_meter":112.0691265859062,"segment_cum_len":3861.666736904247,"stop_segment_distance":14.61830269201684}
{"route_id":"51","stop_id":"260","stop_lat":33.963903,"stop_lon":-118.265278,"stop_sequence":54,"segment_first_lat":33.9646759373,"segment_first_lon":-118.2651286734,"segment_second_lat":33.9639037953,"segment_second_lon":-118.2651262291,"segment_sequence":530006,"segment_id":27,"segment_len_meter":85.85856897291231,"segment_cum_len":14577.670392958027,"stop_segment_distance":15.181645099239788}
{"route_id":"51","stop_id":"289","stop_lat":33.988683,"stop_lon":-118.265376,"stop_sequence":45,"segment_first_lat":33.9886838591,"segment_first_lon":-118.2651792938,"segment_second_lat":33.9871697937,"segment_second_lon":-118.2651768078,"segment_sequence":450001,"segment_id":23,"segment_len_meter":168.35654710972284,"segment_cum_len":11990.564117389167,"stop_segment_distance":19.03957609339855}
{"route_id":"71","stop_id":"8221","stop_lat":34.049013,"stop_lon":-118.19483,"stop_sequence":28,"segment_first_lat":34.0493004391,"segment_first_lon":-118.1952467666,"segment_second_lat":34.0491003258,"segment_second_lon":-118.194778854,"segment_sequence":270004,"segment_id":14,"segment_len_meter":48.51344958198186,"segment_cum_len":9430.738924625162,"stop_segment_distance":12.238749671489025}
{"route_id":"78","stop_id":"1548","stop_lat":34.095174,"stop_lon":-118.126493,"stop_sequence":51,"segment_first_lat":34.0952832273,"segment_first_lon":-118.1265650622,"segment_second_lat":34.0957825336,"segment_second_lon":-118.1254933311,"segment_sequence":510001,"segment_id":26,"segment_len_meter":113.23180092622209,"segment_cum_len":16891.851262460415,"stop_segment_distance":14.853378298000365}
{"route_id":"90","stop_id":"11055","stop_lat":34.206738,"stop_lon":-118.231894,"stop_sequence":37,"segment_first_lat":34.2069084352,"segment_first_lon":-118.2320165844,"segment_second_lat":34.2068532663,"segment_second_lon":-118.2318401463,"segment_sequence":360009,"segment_id":18,"segment_len_meter":17.346146878239217,"segment_cum_len":11481.615735478328,"stop_segment_distance":18.445168957937405}
{"route_id":"90","stop_id":"572","stop_lat":34.172005,"stop_lon":-118.229159,"stop_sequence":52,"segment_first_lat":34.1726454368,"segment_first_lon":-118.2289790448,"segment_second_lat":34.1720023798,"segment_second_lon":-118.2290073672,"segment_sequence":510004,"segment_id":26,"segment_len_meter":71.55213314730986,"segment_cum_len":15944.648860298794,"stop_segment_distance":15.513146754431247}
