{"route_id":"102","stop_id":"6345","stop_lat":34.006909,"stop_lon":-118.337337,"stop_sequence":31,"segment_first_lat":34.0069753688,"segment_first_lon":-118.337456726,"segment_second_lat":34.0071480382,"segment_second_lon":-118.3373214815,"segment_sequence":310001,"segment_id":16,"segment_len_meter":22.892156073824147,"segment_cum_len":10892.794813692784,"stop_segment_distance":17.002290296813385}
{"route_id":"105","stop_id":"9130","stop_lat":34.038299,"stop_lon":-118.376951,"stop_sequence":49,"segment_first_lat":34.038121088,"segment_first_lon":-118.3766790581,"segment_second_lat":34.0382017377,"segment_second_lon":-118.3769873817,"segment_sequence":480005,"segment_id":24,"segment_len_meter":29.7917480305402,"segment_cum_len":17961.39093074688,"stop_segment_distance":13.456631880192571}
{"route_id":"110","stop_id":"2101","stop_lat":33.973339,"stop_lon":-118.14405,"stop_sequence":84,"segment_first_lat":33.9734642098,"segment_first_lon":-118.1440301989,"segment_second_lat":33.9731030937,"segment_second_lon":-118.1408125424,"segment_sequence":840001,"segment_id":42,"segment_len_meter":299.41691627739567,"segment_cum_len":29062.854035070097,"stop_segment_distance":14.313570568558475}
{"route_id":"110","stop_id":"2116","stop_lat":33.977604,"stop_lon":-118.18434,"stop_sequence":74,"segment_first_lat":33.9777791516,"segment_first_lon":-118.1847726434,"segment_second_lat":33.9777295547,"segment_second_lon":-118.1843223085,"segment_sequence":730004,"segment_id":37,"segment_len_meter":41.889506773717855,"segment_cum_len":25017.05610558436,"stop_segment_distance":16.560363765238037}
{"route_id":"111","stop_id":"30004","stop_lat":33.959841,"stop_lon":-118.352686,"stop_sequence":15,"segment_first_lat":33.9594889132,"segment_first_lon":-118.3527472155,"segment_second_lat":33.9598300487,"segment_second_lon":-118.3527981172,"segment_sequence":140013,"segment_id":7,"segment_len_meter":38.2219376828522,"segment_cum_len":5321.446498369342,"stop_segment_distance":11.745160353013347}
{"route_id":"125","stop_id":"17333","stop_lat":33.901804,"stop_lon":-118.318005,"stop_sequence":23,"segment_first_lat":33.90193126,"segment_first_lon":-118.3201525357,"segment_second_lat":33.9019306228,"segment_second_lon":-118.3180055912,"segment_sequence":220001,"segment_id":11,"segment_len_meter":198.1438070698612,"segment_cum_len":9682.225888145522,"stop_segment_distance":14.639127109858578}
{"route_id":"130","stop_id":"13000040","stop_lat":33.874698,"stop_lon":-118.121265,"stop_sequence":7,"segment_first_lat":33.8745245338,"segment_first_lon":-118.1211958344,"segment_second_lat":33.8745930884,"segment_second_lon":-118.121335941,"segment_sequence":60018,"segment_id":3,"segment_len_meter":15.01387331560921,"segment_cum_len":3997.8653479072564,"stop_segment_distance":18.682514468264664}
{"route_id":"152","stop_id":"13027","stop_lat":34.2206,"stop_lon":-118.5539,"stop_sequence":66,"segment_first_lat":34.2204730623,"segment_first_lon":-118.5538961053,"segment_second_lat":34.220462035,"segment_second_lon":-118.5546237895,"segment_sequence":660001,"segment_id":33,"segment_len_meter":66.91803574716813,"segment_cum_len":26644.571015350186,"stop_segment_distance":15.49532932313521}
{"route_id":"154","stop_id":"9108","stop_lat":34.172369,"stop_lon":-118.510162,"stop_sequence":60,"segment_first_lat":34.1722656603,"segment_first_lon":-118.5101611096,"segment_second_lat":34.1722626122,"segment_second_lon":-118.5105578197,"segment_sequence":600001,"segment_id":30,"segment_len_meter":36.49787490672327,"segment_cum_len":25681.274529246504,"stop_segment_distance":13.280990151019118}
{"route_id":"161","stop_id":"8890","stop_lat":34.16384,"stop_lon":-118.624303,"stop_sequence":15,"segment_first_lat":34.1638768048,"segment_first_lon":-118.6240194346,"segment_second_lat":34.1637766105,"segment_second_lon":-118.6242652958,"segment_sequence":140007,"segment_id":7,"segment_len_meter":25.215612424248732,"segment_cum_len":5751.83925061471,"stop_segment_distance":9.04930298145267}
{"route_id":"165","stop_id":"12343","stop_lat":34.188015,"stop_lon":-118.318632,"stop_sequence":79,"segment_first_lat":34.1886367273,"segment_first_lon":-118.3192988208,"segment_second_lat":34.1880896637,"segment_second_lon":-118.318554051,"segment_sequence":780005,"segment_id":39,"segment_len_meter":91.61411942019622,"segment_cum_len":30625.18543350567,"stop_segment_distance":11.774290544357072}
{"route_id":"165","stop_id":"6824","stop_lat":34.193755,"stop_lon":-118.505656,"stop_sequence":35,"segment_first_lat":34.1938874589,"segment_first_lon":-118.5069168013,"segment_second_lat":34.1938831147,"segment_second_lon":-118.5056568357,"segment_sequence":340005,"segment_id":17,"segment_len_meter":115.88487304771964,"segment_cum_len":13177.455738321092,"stop_segment_distance":15.253499618459031}
{"route_id":"166","stop_id":"12625","stop_lat":34.243835,"stop_lon":-118.423435,"stop_sequence":54,"segment_first_lat":34.243276891,"segment_first_lon":-118.4244385399,"segment_second_lat":34.2439334931,"segment_second_lon":-118.4235385496,"segment_sequence":530002,"segment_id":27,"segment_len_meter":110.33716828764275,"segment_cum_len":22427.368676515343,"stop_segment_distance":15.35041427774641}
{"route_id":"167","stop_id":"1016","stop_lat":34.257113,"stop_lon":-118.597467,"stop_sequence":2,"segment_first_lat":34.2572453132,"segment_first_lon":-118.5985298022,"segment_second_lat":34.2572387615,"segment_second_lon":-118.5974641111,"segment_sequence":10004,"segment_id":1,"segment_len_meter":97.9447043447961,"segment_cum_len":493.2982503423249,"stop_segment_distance":14.820247908501926}
{"route_id":"169","stop_id":"6100","stop_lat":34.208168,"stop_lon":-118.601257,"stop_sequence":53,"segment_first_lat":34.208295461,"segment_first_lon":-118.6012582647,"segment_second_lat":34.2082960857,"segment_second_lon":-118.6003023974,"segment_sequence":530001,"segment_id":27,"segment_len_meter":87.89978103199904,"segment_cum_len":21805.03007298146,"stop_segment_distance":15.205117213164982}
{"route_id":"169","stop_id":"6568","stop_lat":34.171696,"stop_lon":-118.605957,"stop_sequence":8,"segment_first_lat":34.1719686476,"segment_first_lon":-118.60580056,"segment_second_lat":34.171694084,"segment_second_lon":-118.6058098098,"segment_sequence":70006,"segment_id":4,"segment_len_meter":30.541936450177058,"segment_cum_len":2816.66857420558,"stop_segment_distance":16.5606889481754}
{"route_id":"175","stop_id":"8027","stop_lat":34.098007,"stop_lon":-118.298483,"stop_sequence":8,"segment_first_lat":34.0981311368,"segment_first_lon":-118.2994252202,"segment_second_lat":34.098133466,"segment_second_lon":-118.2984838413,"segment_sequence":70003,"segment_id":4,"segment_len_meter":86.68080531343284,"segment_cum_len":2030.1215805446436,"stop_segment_distance":15.230946144228838}
{"route_id":"176","stop_id":"3854","stop_lat":34.055583,"stop_lon":-118.064443,"stop_sequence":20,"segment_first_lat":34.057099455,"segment_first_lon":-118.0642951975,"segment_second_lat":34.0555826376,"segment_second_lon":-118.0642910606,"segment_sequence":190005,"segment_id":10,"segment_len_meter":168.66283009557523,"segment_cum_len":7052.381631686956,"stop_segment_distance":14.50550875206713}
{"route_id":"183","stop_id":"3094","stop_lat":34.164766,"stop_lon":-118.405309,"stop_sequence":18,"segment_first_lat":34.1648950582,"segment_first_lon":-118.4062917142,"segment_second_lat":34.1648958799,"segment_second_lon":-118.405309906,"segment_sequence":170004,"segment_id":9,"segment_len_meter":90.33174176932567,"segment_cum_len":6774.127559860379,"stop_segment_distance":15.657382584917158}
{"route_id":"204","stop_id":"5665","stop_lat":33.993105,"stop_lon":-118.291333,"stop_sequence":26,"segment_first_lat":33.9923190725,"segment_first_lon":-118.2914790445,"segment_second_lat":33.9931049475,"segment_second_lon":-118.2914847496,"segment_sequence":250003,"segment_id":13,"segment_len_meter":87.38689585310684,"segment_cum_len":7686.502804633082,"stop_segment_distance":15.025518625696293}
{"route_id":"205","stop_id":"17599","stop_lat":33.783559,"stop_lon":-118.309775,"stop_sequence":48,"segment_first_lat":33.7835609768,"segment_first_lon":-118.3099278728,"segment_second_lat":33.7836983795,"segment_second_lon":-118.309923115,"segment_sequence":480001,"segment_id":24,"segment_len_meter":15.284809219002044,"segment_cum_len":12881.21314274912,"stop_segment_distance":19.523155227707804}
{"route_id":"210","stop_id":"9462","stop_lat":34.025815,"stop_lon":-118.335242,"stop_sequence":37,"segment_first_lat":34.0260705744,"segment_first_lon":-118.3350974588,"segment_second_lat":34.0258150252,"segment_second_lon":-118.3350964356,"segment_sequence":360004,"segment_id":18,"segment_len_meter":28.41593100150179,"segment_cum_len":11977.648365927857,"stop_segment_distance":16.384305492313842}
{"route_id":"222","stop_id":"12108","stop_lat":34.160938,"stop_lon":-118.343433,"stop_sequence":26,"segment_first_lat":34.1575841001,"segment_first_lon":-118.3419680501,"segment_second_lat":34.1608896446,"segment_second_lon":-118.3435761991,"segment_sequence":250002,"segment_id":13,"segment_len_meter":396.2257311965873,"segment_cum_len":9639.016713159288,"stop_segment_distance":14.553398119966516}
{"route_id":"233","stop_id":"6768","stop_lat":34.158316,"stop_lon":-118.448577,"stop_sequence":4,"segment_first_lat":34.158040272,"segment_first_lon":-118.448697655,"segment_second_lat":34.1583150563,"segment_second_lon":-118.4486991305,"segment_sequence":30011,"segment_id":2,"segment_len_meter":30.554921704942643,"segment_cum_len":883.2652278111409,"stop_segment_distance":13.290755366605715}
{"route_id":"234","stop_id":"20086","stop_lat":34.313978,"stop_lon":-118.429617,"stop_sequence":8,"segment_first_lat":34.3141169409,"segment_first_lon":-118.4292996168,"segment_second_lat":34.3139092067,"segment_second_lon":-118.4295303647,"segment_sequence":70004,"segment_id":4,"segment_len_meter":31.347805615261016,"segment_cum_len":2414.8825364068766,"stop_segment_distance":12.68008000279832}
{"route_id":"236","stop_id":"324","stop_lat":34.271849,"stop_lon":-118.502048,"stop_sequence":30,"segment_first_lat":34.268424684,"segment_first_lon":-118.5022326446,"segment_second_lat":34.271851457,"segment_second_lon":-118.5021996468,"segment_sequence":290002,"segment_id":15,"segment_len_meter":381.05183673681796,"segment_cum_len":12430.0166596901,"stop_segment_distance":14.02987984615396}
{"route_id":"246","stop_id":"216","stop_lat":33.771569,"stop_lon":-118.26163,"stop_sequence":34,"segment_first_lat":33.7715596989,"segment_first_lon":-118.2617812498,"segment_second_lat":33.7727416085,"segment_second_lon":-118.2618704836,"segment_sequence":340001,"segment_id":17,"segment_len_meter":131.6809168899263,"segment_cum_len":10035.94424746225,"stop_segment_distance":14.606848748831993}
{"route_id":"252","stop_id":"6303","stop_lat":34.046559,"stop_lon":-118.207765,"stop_sequence":8,"segment_first_lat":34.0453044742,"segment_first_lon":-118.20872871,"segment_second_lat":34.0466158111,"segment_second_lon":-118.2079001111,"segment_sequence":70004,"segment_id":4,"segment_len_meter":164.5902670771286,"segment_cum_len":2711.8140440936886,"stop_segment_distance":14.727270137628125}
{"route_id":"260","stop_id":"10407","stop_lat":34.123846,"stop_lon":-118.150425,"stop_sequence":21,"segment_first_lat":34.1238457295,"segment_first_lon":-118.1502720672,"segment_second_lat":34.1202759337,"segment_second_lon":-118.1503016637,"segment_sequence":210001,"segment_id":11,"segment_len_meter":396.9525315360587,"segment_cum_len":7026.357074267647,"stop_segment_distance":14.26056780331794}
{"route_id":"267","stop_id":"6520","stop_lat":34.120911,"stop_lon":-118.063541,"stop_sequence":20,"segment_first_lat":34.118360942,"segment_first_lon":-118.0631925558,"segment_second_lat":34.120890643,"segment_second_lon":-118.0636900678,"segment_sequence":190002,"segment_id":10,"segment_len_meter":284.9938694716985,"segment_cum_len":7283.142863089748,"stop_segment_distance":14.275750324302066}
{"route_id":"268","stop_id":"8696","stop_lat":34.163221,"stop_lon":-118.098227,"stop_sequence":57,"segment_first_lat":34.1629655795,"segment_first_lon":-118.0983820116,"segment_second_lat":34.1632211332,"segment_second_lon":-118.0983799986,"segment_sequence":560005,"segment_id":28,"segment_len_meter":28.416878499676457,"segment_cum_len":22821.36434202129,"stop_segment_distance":17.441457471187235}
{"route_id":"30","stop_id":"1177","stop_lat":34.048333,"stop_lon":-118.234053,"stop_sequence":35,"segment_first_lat":34.0486000998,"segment_first_lon":-118.2351329363,"segment_second_lat":34.0484563282,"segment_second_lon":-118.2340312698,"segment_sequence":340010,"segment_id":17,"segment_len_meter":102.75010541385511,"segment_cum_len":11234.224940088161,"stop_segment_distance":14.94379920081792}
{"route_id":"534","stop_id":"12733","stop_lat":34.037893,"stop_lon":-118.618687,"stop_sequence":15,"segment_first_lat":34.0376659767,"segment_first_lon":-118.6179356454,"segment_second_lat":34.037740054,"segment_second_lon":-118.6187095645,"segment_sequence":140019,"segment_id":7,"segment_len_meter":71.78601465925654,"segment_cum_len":14232.40287619171,"stop_segment_distance":19.038735939807253}
{"route_id":"577","stop_id":"2292","stop_lat":33.860694,"stop_lon":-118.091041,"stop_sequence":6,"segment_first_lat":33.8606947909,"segment_first_lon":-118.0908417465,"segment_second_lat":33.8584435191,"segment_second_lon":-118.0908182284,"segment_sequence":60001,"segment_id":3,"segment_len_meter":250.33942163910356,"segment_cum_len":33068.83899562392,"stop_segment_distance":19.145065342169545}
{"route_id":"60","stop_id":"140995","stop_lat":34.048472,"stop_lon":-118.255005,"stop_sequence":7,"segment_first_lat":34.0487488543,"segment_first_lon":-118.2552506161,"segment_second_lat":34.0485516784,"segment_second_lon":-118.254933104,"segment_sequence":60002,"segment_id":3,"segment_len_meter":36.55738282327328,"segment_cum_len":2106.193803153696,"stop_segment_distance":12.711916874747239}
{"route_id":"603","stop_id":"91","stop_lat":34.095807,"stop_lon":-118.253554,"stop_sequence":26,"segment_first_lat":34.096409871,"segment_first_lon":-118.2530278179,"segment_second_lat":34.0957692263,"segment_second_lon":-118.2534760804,"segment_sequence":250010,"segment_id":13,"segment_len_meter":82.33075336226656,"segment_cum_len":8112.625720062761,"stop_segment_distance":8.695633234958109}
{"route_id":"605","stop_id":"3170","stop_lat":34.057871,"stop_lon":-118.209939,"stop_sequence":22,"segment_first_lat":34.057435389,"segment_first_lon":-118.2092575022,"segment_second_lat":34.0577580626,"segment_second_lon":-118.2100064318,"segment_sequence":210005,"segment_id":11,"segment_len_meter":77.76498207548855,"segment_cum_len":6378.165586580292,"stop_segment_distance":15.540345793082537}
{"route_id":"611","stop_id":"9959","stop_lat":33.974441,"stop_lon":-118.226204,"stop_sequence":20,"segment_first_lat":33.9742744381,"segment_first_lon":-118.2258475407,"segment_second_lat":33.9743133044,"segment_second_lon":-118.2262226535,"segment_sequence":190005,"segment_id":10,"segment_len_meter":34.85908504763699,"segment_cum_len":6515.6410516694295,"stop_segment_distance":17.17260248962365}
{"route_id":"611","stop_id":"9969","stop_lat":33.974857,"stop_lon":-118.237485,"stop_sequence":24,"segment_first_lat":33.974731574,"segment_first_lon":-118.236795632,"segment_second_lat":33.9747302191,"segment_second_lon":-118.2374849604,"segment_sequence":230005,"segment_id":12,"segment_len_meter":63.56465719647483,"segment_cum_len":7557.052601379633,"stop_segment_distance":15.61278357527258}
{"route_id":"62","stop_id":"13152","stop_lat":34.010992,"stop_lon":-118.159947,"stop_sequence":30,"segment_first_lat":34.0111952563,"segment_first_lon":-118.1601747513,"segment_second_lat":34.0110774793,"segment_second_lon":-118.1598874549,"segment_sequence":290013,"segment_id":15,"segment_len_meter":29.542302118709102,"segment_cum_len":13455.674557804377,"stop_segment_distance":12.279630025615603}
{"route_id":"70","stop_id":"18023","stop_lat":34.061321,"stop_lon":-118.148233,"stop_sequence":40,"segment_first_lat":34.0614208722,"segment_first_lon":-118.1481799333,"segment_second_lat":34.0613483005,"segment_second_lon":-118.1479787342,"segment_sequence":400001,"segment_id":20,"segment_len_meter":20.214613977488842,"segment_cum_len":14254.486843127552,"stop_segment_distance":15.537364264485756}
{"route_id":"734","stop_id":"16556","stop_lat":34.058932,"stop_lon":-118.444214,"stop_sequence":26,"segment_first_lat":34.0587986231,"segment_first_lon":-118.4438898394,"segment_second_lat":34.0586591551,"segment_second_lon":-118.4444536683,"segment_sequence":260003,"segment_id":13,"segment_len_meter":54.20622893863397,"segment_cum_len":35462.5533644636,"stop_segment_distance":16.657927281130114}
{"route_id":"83","stop_id":"11782","stop_lat":34.111275,"stop_lon":-118.195676,"stop_sequence":18,"segment_first_lat":34.1114492324,"segment_first_lon":-118.195097879,"segment_second_lat":34.1111917436,"segment_second_lon":-118.1956159466,"segment_sequence":170005,"segment_id":9,"segment_len_meter":55.62911339227762,"segment_cum_len":4966.971132394816,"stop_segment_distance":11.794231066344011}
{"route_id":"90","stop_id":"15422","stop_lat":34.201008,"stop_lon":-118.228094,"stop_sequence":41,"segment_first_lat":34.2012751712,"segment_first_lon":-118.2277379715,"segment_second_lat":34.2009461019,"segment_second_lon":-118.2279626234,"segment_sequence":400003,"segment_id":20,"segment_len_meter":42.020690082890674,"segment_cum_len":12646.894758965323,"stop_segment_distance":16.095724517174034}
{"route_id":"96","stop_id":"7256","stop_lat":34.033546,"stop_lon":-118.266284,"stop_sequence":57,"segment_first_lat":34.0336027908,"segment_first_lon":-118.2662348987,"segment_second_lat":34.0332860789,"segment_second_lon":-118.2656826991,"segment_sequence":570001,"segment_id":29,"segment_len_meter":61.88243972774309,"segment_cum_len":25431.44287854863,"stop_segment_distance":8.37983873356616}
