{"route_id":"110","stop_id":"5045","stop_lat":33.976097,"stop_lon":-118.35729,"stop_sequence":15,"segment_first_lat":33.976223834,"segment_first_lon":-118.3572694384,"segment_second_lat":33.9761571551,"segment_second_lon":-118.3565873937,"segment_sequence":150001,"segment_id":8,"segment_len_meter":63.3272869393374,"segment_cum_len":6833.30881219798,"stop_segment_distance":16.035065118348513}
{"route_id":"111","stop_id":"1964","stop_lat":33.948372,"stop_lon":-118.119173,"stop_sequence":77,"segment_first_lat":33.9484799484,"segment_first_lon":-118.1190950268,"segment_second_lat":33.9481308313,"segment_second_lon":-118.1184008025,"segment_sequence":770001,"segment_id":39,"segment_len_meter":74.88380164692114,"segment_cum_len":28651.501762947362,"stop_segment_distance":15.218447207751154}
{"route_id":"127","stop_id":"14677","stop_lat":33.896427,"stop_lon":-118.177347,"stop_sequence":30,"segment_first_lat":33.8963455758,"segment_first_lon":-118.1764112714,"segment_second_lat":33.8963279952,"segment_second_lon":-118.1773437622,"segment_sequence":290003,"segment_id":15,"segment_len_meter":86.08841362608185,"segment_cum_len":12204.019650969256,"stop_segment_distance":11.762760915380895}
{"route_id":"158","stop_id":"6451","stop_lat":34.257386,"stop_lon":-118.553959,"stop_sequence":63,"segment_first_lat":34.2572623782,"segment_first_lon":-118.5539582421,"segment_second_lat":34.2572670619,"segment_second_lon":-118.5553350031,"segment_sequence":630001,"segment_id":32,"segment_len_meter":126.53181092513458,"segment_cum_len":25632.870295313307,"stop_segment_distance":14.365146405727842}
{"route_id":"158","stop_id":"9563","stop_lat":34.257367,"stop_lon":-118.58887,"stop_sequence":72,"segment_first_lat":34.2572365779,"segment_first_lon":-118.5885418104,"segment_second_lat":34.2572366172,"segment_second_lon":-118.5888727559,"segment_sequence":710004,"segment_id":36,"segment_len_meter":30.415441133179197,"segment_cum_len":28715.3047931989,"stop_segment_distance":17.552131828637787}
{"route_id":"16","stop_id":"15637","stop_lat":34.069047,"stop_lon":-118.338354,"stop_sequence":40,"segment_first_lat":34.0689206918,"segment_first_lon":-118.3371611408,"segment_second_lat":34.0689198316,"segment_second_lon":-118.3383531463,"segment_sequence":390004,"segment_id":20,"segment_len_meter":109.79556179267138,"segment_cum_len":10656.630576627727,"stop_segment_distance":15.113224110389908}
{"route_id":"163","stop_id":"6199","stop_lat":34.201085,"stop_lon":-118.418317,"stop_sequence":53,"segment_first_lat":34.2012074167,"segment_first_lon":-118.4210630531,"segment_second_lat":34.2012117185,"segment_second_lon":-118.4183180953,"segment_sequence":520002,"segment_id":26,"segment_len_meter":252.4428148640262,"segment_cum_len":19661.04880599582,"stop_segment_distance":14.55786252010293}
{"route_id":"163","stop_id":"6219","stop_lat":34.200876,"stop_lon":-118.575038,"stop_sequence":16,"segment_first_lat":34.2010038389,"segment_first_lon":-118.5750357094,"segment_second_lat":34.2010050497,"segment_second_lon":-118.5744338035,"segment_sequence":160001,"segment_id":8,"segment_len_meter":55.355082705771586,"segment_cum_len":5275.45173296222,"stop_segment_distance":16.250112108534758}
{"route_id":"166","stop_id":"12539","stop_lat":34.235513,"stop_lon":-118.484807,"stop_sequence":38,"segment_first_lat":34.2356385092,"segment_first_lon":-118.4848043226,"segment_second_lat":34.2356313118,"segment_second_lon":-118.4839936794,"segment_sequence":380001,"segment_id":19,"segment_len_meter":74.52532741191827,"segment_cum_len":16504.90231210151,"stop_segment_distance":15.348625044258071}
{"route_id":"167","stop_id":"18211","stop_lat":34.201383,"stop_lon":-118.41391,"stop_sequence":72,"segment_first_lat":34.2030351435,"segment_first_lon":-118.4137863389,"segment_second_lat":34.2013836464,"segment_second_lon":-118.4137900625,"segment_sequence":710005,"segment_id":36,"segment_len_meter":183.6384181718403,"segment_cum_len":28816.543664262717,"stop_segment_distance":11.453588381804451}
{"route_id":"176","stop_id":"10117","stop_lat":34.092727,"stop_lon":-118.095304,"stop_sequence":57,"segment_first_lat":34.0926118304,"segment_first_lon":-118.0953619908,"segment_second_lat":34.0930886199,"segment_second_lon":-118.0967012003,"segment_sequence":570001,"segment_id":29,"segment_len_meter":134.2329494623375,"segment_cum_len":22635.459655400227,"stop_segment_distance":14.438773450282412}
{"route_id":"176","stop_id":"15015","stop_lat":34.065006,"stop_lon":-118.035728,"stop_sequence":31,"segment_first_lat":34.0649970543,"segment_first_lon":-118.0358787937,"segment_second_lat":34.0658246885,"segment_second_lon":-118.0359524491,"segment_sequence":310001,"segment_id":16,"segment_len_meter":92.27847995130733,"segment_cum_len":11614.327003293725,"stop_segment_distance":14.999562524036662}
{"route_id":"180","stop_id":"142101","stop_lat":34.142998,"stop_lon":-118.224985,"stop_sequence":46,"segment_first_lat":34.143086266,"segment_first_lon":-118.2248713888,"segment_second_lat":34.1429159839,"segment_second_lon":-118.2246772649,"segment_sequence":460001,"segment_id":23,"segment_len_meter":26.03222599216284,"segment_cum_len":13884.499151842218,"stop_segment_distance":18.061006060625143}
{"route_id":"180","stop_id":"3050","stop_lat":34.113197,"stop_lon":-118.279224,"stop_sequence":20,"segment_first_lat":34.1132335525,"segment_first_lon":-118.2799048332,"segment_second_lat":34.1133208035,"segment_second_lon":-118.2792490082,"segment_sequence":190003,"segment_id":10,"segment_len_meter":61.15086614117404,"segment_cum_len":5850.934414238524,"stop_segment_distance":15.61697016134972}
{"route_id":"183","stop_id":"13101","stop_lat":34.177806,"stop_lon":-118.307266,"stop_sequence":48,"segment_first_lat":34.1777424143,"segment_first_lon":-118.3073321551,"segment_second_lat":34.178114297,"segment_second_lon":-118.307835416,"segment_sequence":480001,"segment_id":24,"segment_len_meter":62.07435691136915,"segment_cum_len":19395.66346909373,"stop_segment_distance":9.85625625597288}
{"route_id":"183","stop_id":"20150","stop_lat":34.16652,"stop_lon":-118.350656,"stop_sequence":33,"segment_first_lat":34.1666369708,"segment_first_lon":-118.3507126491,"segment_second_lat":34.1668681723,"segment_second_lon":-118.3500127824,"segment_sequence":330001,"segment_id":17,"segment_len_meter":69.33261896338225,"segment_cum_len":13349.36901846103,"stop_segment_distance":15.39649115869176}
{"route_id":"2","stop_id":"13596","stop_lat":34.050438,"stop_lon":-118.250406,"stop_sequence":81,"segment_first_lat":34.0514357408,"segment_first_lon":-118.2493221477,"segment_second_lat":34.0503782332,"segment_second_lon":-118.2503136551,"segment_sequence":800001,"segment_id":40,"segment_len_meter":148.90121939064517,"segment_cum_len":25518.897585312367,"stop_segment_distance":11.15761425939263}
{"route_id":"201","stop_id":"9816","stop_lat":34.146408,"stop_lon":-118.255327,"stop_sequence":12,"segment_first_lat":34.14628794,"segment_first_lon":-118.2549932833,"segment_second_lat":34.1462765265,"segment_second_lon":-118.2553234192,"segment_sequence":110002,"segment_id":6,"segment_len_meter":30.407490630891775,"segment_cum_len":2820.0683873449343,"stop_segment_distance":17.70210402962292}
{"route_id":"209","stop_id":"7724","stop_lat":33.930851,"stop_lon":-118.326159,"stop_sequence":10,"segment_first_lat":33.9309769616,"segment_first_lon":-118.3261593576,"segment_second_lat":33.9309782087,"segment_second_lon":-118.3240660683,"segment_sequence":100001,"segment_id":5,"segment_len_meter":193.12610575027674,"segment_cum_len":3591.627998002054,"stop_segment_distance":14.490829148277612}
{"route_id":"210","stop_id":"15976","stop_lat":33.974809,"stop_lon":-118.331007,"stop_sequence":55,"segment_first_lat":33.9756781238,"segment_first_lon":-118.3308620072,"segment_second_lat":33.9748098158,"segment_second_lon":-118.3308559379,"segment_sequence":540003,"segment_id":27,"segment_len_meter":96.55306638493688,"segment_cum_len":17765.391988249732,"stop_segment_distance":14.93959860843826}
{"route_id":"217","stop_id":"11991","stop_lat":34.074107,"stop_lon":-118.361565,"stop_sequence":23,"segment_first_lat":34.0741072535,"segment_first_lon":-118.3614136992,"segment_second_lat":34.0715490006,"segment_second_lon":-118.3614056175,"segment_sequence":230001,"segment_id":12,"segment_len_meter":284.46571746415117,"segment_cum_len":6874.472767743554,"stop_segment_distance":14.28488958426317}
{"route_id":"222","stop_id":"756","stop_lat":34.168185,"stop_lon":-118.346947,"stop_sequence":28,"segment_first_lat":34.1681376037,"segment_first_lon":-118.3470894159,"segment_second_lat":34.1712359178,"segment_second_lon":-118.3485929669,"segment_sequence":280001,"segment_id":14,"segment_len_meter":371.24950653717826,"segment_cum_len":10878.610250292048,"stop_segment_distance":14.382401984133537}
{"route_id":"232","stop_id":"23200064","stop_lat":33.782733,"stop_lon":-118.189687,"stop_sequence":9,"segment_first_lat":33.7826083384,"segment_first_lon":-118.1896870733,"segment_second_lat":33.7826090842,"segment_second_lon":-118.1900852482,"segment_sequence":90001,"segment_id":5,"segment_len_meter":36.799429130311,"segment_cum_len":2383.019078949145,"stop_segment_distance":16.362988420115244}
{"route_id":"232","stop_id":"23200116","stop_lat":33.897553,"stop_lon":-118.395865,"stop_sequence":80,"segment_first_lat":33.8975525271,"segment_first_lon":-118.3960157229,"segment_second_lat":33.8990418483,"segment_second_lon":-118.3960201233,"segment_sequence":800001,"segment_id":40,"segment_len_meter":165.60545959308607,"segment_cum_len":31658.565625549883,"stop_segment_distance":14.476032779196032}
{"route_id":"234","stop_id":"20103","stop_lat":34.299183,"stop_lon":-118.433027,"stop_sequence":19,"segment_first_lat":34.3006227283,"segment_first_lon":-118.4345015164,"segment_second_lat":34.2992529918,"segment_second_lon":-118.4329421415,"segment_sequence":180004,"segment_id":9,"segment_len_meter":209.08289018088487,"segment_cum_len":6431.834551954607,"stop_segment_distance":11.63353130122482}
{"route_id":"239","stop_id":"13039","stop_lat":34.221123,"stop_lon":-118.518955,"stop_sequence":19,"segment_first_lat":34.2209981385,"segment_first_lon":-118.5189471957,"segment_second_lat":34.220971545,"segment_second_lon":-118.5197012549,"segment_sequence":190001,"segment_id":10,"segment_len_meter":69.39445231825786,"segment_cum_len":6997.913753988034,"stop_segment_distance":15.158414369202958}
{"route_id":"256","stop_id":"10629","stop_lat":34.135641,"stop_lon":-118.155344,"stop_sequence":79,"segment_first_lat":34.1357686516,"segment_first_lon":-118.1553442381,"segment_second_lat":34.1357749091,"segment_second_lon":-118.1541050285,"segment_sequence":790001,"segment_id":40,"segment_len_meter":114.05546582357505,"segment_cum_len":24786.364352586705,"stop_segment_distance":15.138322246201284}
{"route_id":"265","stop_id":"761","stop_lat":33.882168,"stop_lon":-118.159866,"stop_sequence":13,"segment_first_lat":33.88216766,"segment_first_lon":-118.1600181761,"segment_second_lat":33.8834234084,"segment_second_lon":-118.160025515,"segment_sequence":130001,"segment_id":7,"segment_len_meter":139.63449466986867,"segment_cum_len":5594.270396817434,"stop_segment_distance":14.782837230339055}
{"route_id":"28","stop_id":"10290","stop_lat":34.11823,"stop_lon":-118.232947,"stop_sequence":20,"segment_first_lat":34.1181195907,"segment_first_lon":-118.2328683839,"segment_second_lat":34.1177890608,"segment_second_lon":-118.2335599573,"segment_sequence":200001,"segment_id":10,"segment_len_meter":73.51115634042523,"segment_cum_len":6307.841848065488,"stop_segment_distance":15.492622876339482}
{"route_id":"28","stop_id":"10306","stop_lat":34.117292,"stop_lon":-118.234688,"stop_sequence":21,"segment_first_lat":34.1172926931,"segment_first_lon":-118.2344638295,"segment_second_lat":34.1172004019,"segment_second_lon":-118.2345861439,"segment_sequence":200007,"segment_id":10,"segment_len_meter":15.234870544723819,"segment_cum_len":6423.114951606825,"stop_segment_distance":19.245928913865384}
{"route_id":"460","stop_id":"3097","stop_lat":33.902241,"stop_lon":-118.059794,"stop_sequence":32,"segment_first_lat":33.9023709715,"segment_first_lon":-118.0597936437,"segment_second_lat":33.9023851604,"segment_second_lon":-118.0577439244,"segment_sequence":330001,"segment_id":17,"segment_len_meter":189.17636434854955,"segment_cum_len":39496.89565174326,"stop_segment_distance":15.156496685551787}
{"route_id":"51","stop_id":"7383","stop_lat":34.054949,"stop_lon":-118.273645,"stop_sequence":10,"segment_first_lat":34.0551872777,"segment_first_lon":-118.273985978,"segment_second_lat":34.0550125597,"segment_second_lon":-118.2736017822,"segment_sequence":90007,"segment_id":5,"segment_len_meter":40.37541061756063,"segment_cum_len":2587.52841525123,"stop_segment_distance":8.83081620344209}
{"route_id":"550","stop_id":"17554","stop_lat":33.732405,"stop_lon":-118.303535,"stop_sequence":6,"segment_first_lat":33.7324782578,"segment_first_lon":-118.3039130408,"segment_second_lat":33.7324772892,"segment_second_lon":-118.3035348331,"segment_sequence":50003,"segment_id":3,"segment_len_meter":34.974579016313974,"segment_cum_len":1397.812594248251,"stop_segment_distance":8.95912748814137}
{"route_id":"602","stop_id":"6395","stop_lat":34.04794,"stop_lon":-118.527081,"stop_sequence":14,"segment_first_lat":34.0480583063,"segment_first_lon":-118.5270528006,"segment_second_lat":34.0480367592,"segment_second_lon":-118.5268899174,"segment_sequence":140001,"segment_id":7,"segment_len_meter":15.19691036069477,"segment_cum_len":3973.3713816966497,"stop_segment_distance":18.844585183122973}
{"route_id":"602","stop_id":"8070","stop_lat":34.057035,"stop_lon":-118.485757,"stop_sequence":33,"segment_first_lat":34.0570029237,"segment_first_lon":-118.486331128,"segment_second_lat":34.0571505385,"segment_second_lon":-118.4858400598,"segment_sequence":320006,"segment_id":16,"segment_len_meter":48.1242991432459,"segment_cum_len":10545.130911053493,"stop_segment_distance":19.83944373541656}
{"route_id":"603","stop_id":"17127","stop_lat":34.11232,"stop_lon":-118.24926,"stop_sequence":19,"segment_first_lat":34.1122286459,"segment_first_lon":-118.2491525891,"segment_second_lat":34.1116810041,"segment_second_lon":-118.2498133377,"segment_sequence":190001,"segment_id":10,"segment_len_meter":86.07297632838151,"segment_cum_len":5723.022109856161,"stop_segment_distance":15.531265437396385}
{"route_id":"71","stop_id":"717","stop_lat":34.055362,"stop_lon":-118.183396,"stop_sequence":33,"segment_first_lat":34.0554593407,"segment_first_lon":-118.183433804,"segment_second_lat":34.0555986363,"segment_second_lon":-118.1829042307,"segment_sequence":330001,"segment_id":17,"segment_len_meter":51.18638483541906,"segment_cum_len":11086.692965510909,"stop_segment_distance":12.574883584421613}
{"route_id":"744","stop_id":"4348","stop_lat":34.279523,"stop_lon":-118.417661,"stop_sequence":21,"segment_first_lat":34.2789913853,"segment_first_lon":-118.4172912365,"segment_second_lat":34.2794403792,"segment_second_lon":-118.4177728141,"segment_sequence":200006,"segment_id":10,"segment_len_meter":66.71166413638237,"segment_cum_len":20280.17044441048,"stop_segment_distance":15.250859968172108}
{"route_id":"76","stop_id":"12268","stop_lat":34.064979,"stop_lon":-118.231256,"stop_sequence":53,"segment_first_lat":34.0651480027,"segment_first_lon":-118.2307352197,"segment_second_lat":34.0648798042,"segment_second_lon":-118.2311696564,"segment_sequence":520007,"segment_id":26,"segment_len_meter":49.90783789822654,"segment_cum_len":19610.098039844383,"stop_segment_distance":15.211427444406588}
{"route_id":"81","stop_id":"11996","stop_lat":34.131774,"stop_lon":-118.189254,"stop_sequence":17,"segment_first_lat":34.1318185597,"segment_first_lon":-118.1891121837,"segment_second_lat":34.1310653641,"segment_second_lon":-118.1887628562,"segment_sequence":170001,"segment_id":9,"segment_len_meter":89.71130781484703,"segment_cum_len":4706.881873281934,"stop_segment_distance":15.093652403757602}
{"route_id":"90","stop_id":"10551","stop_lat":34.224116,"stop_lon":-118.240143,"stop_sequence":31,"segment_first_lat":34.2248207738,"segment_first_lon":-118.2410048992,"segment_second_lat":34.2242189633,"segment_second_lon":-118.2400497688,"segment_sequence":300003,"segment_id":15,"segment_len_meter":110.40626561867974,"segment_cum_len":9145.735878397272,"stop_segment_distance":15.345291966872864}
{"route_id":"94","stop_id":"14233","stop_lat":34.22748,"stop_lon":-118.381298,"stop_sequence":23,"segment_first_lat":34.2292850573,"segment_first_lon":-118.3831259657,"segment_second_lat":34.2275764785,"segment_second_lon":-118.3811927276,"segment_sequence":220004,"segment_id":11,"segment_len_meter":260.16138361681834,"segment_cum_len":9934.261421118052,"stop_segment_distance":16.066998327727845}
{"route_id":"96","stop_id":"18075","stop_lat":34.168983,"stop_lon":-118.305815,"stop_sequence":11,"segment_first_lat":34.1688983591,"segment_first_lon":-118.3057031981,"segment_second_lat":34.1684847959,"segment_second_lon":-118.3061403772,"segment_sequence":110001,"segment_id":6,"segment_len_meter":61.09383538393489,"segment_cum_len":3913.574766558733,"stop_segment_distance":15.816566371327625}
