{"route_id":"105","stop_id":"10243","stop_lat":34.004026,"stop_lon":-118.24807,"stop_sequence":7,"segment_first_lat":34.0038983263,"segment_first_lon":-118.2480696646,"segment_second_lat":34.0038910122,"segment_second_lon":-118.2494850813,"segment_sequence":70001,"segment_id":4,"segment_len_meter":130.47641786067965,"segment_cum_len":2102.657412719751,"stop_segment_distance":15.023903390061548}
{"route_id":"106","stop_id":"30017","stop_lat":34.04,"stop_lon":-118.14599,"stop_sequence":1,"segment_first_lat":34.0399699256,"segment_first_lon":-118.1459455909,"segment_second_lat":34.0398541111,"segment_second_lon":-118.146052665,"segment_sequence":10001,"segment_id":1,"segment_len_meter":16.222813746158664,"segment_cum_len":16.222813746158664,"stop_segment_distance":6.280844976269446}
{"route_id":"108","stop_id":"1650","stop_lat":33.975137,"stop_lon":-118.123287,"stop_sequence":84,"segment_first_lat":33.975150577,"segment_first_lon":-118.1237129067,"segment_second_lat":33.9752608728,"segment_second_lon":-118.123340037,"segment_sequence":830016,"segment_id":42,"segment_len_meter":36.504798419093355,"segment_cum_len":28285.695556257877,"stop_segment_distance":17.414305125871095}
{"route_id":"108","stop_id":"7977","stop_lat":33.989048,"stop_lon":-118.282891,"stop_sequence":38,"segment_first_lat":33.9891718511,"segment_first_lon":-118.283795048,"segment_second_lat":33.9891761717,"segment_second_lon":-118.2828911877,"segment_sequence":370005,"segment_id":19,"segment_len_meter":83.33415834200257,"segment_cum_len":13285.847862317834,"stop_segment_distance":15.398090606543391}
{"route_id":"110","stop_id":"2124","stop_lat":33.981518,"stop_lon":-118.229931,"stop_sequence":60,"segment_first_lat":33.9816460909,"segment_first_lon":-118.2299311899,"segment_second_lat":33.9816453325,"segment_second_lon":-118.2296079336,"segment_sequence":600001,"segment_id":30,"segment_len_meter":29.805864957985218,"segment_cum_len":20811.045760508,"stop_segment_distance":17.41916757374359}
{"route_id":"120","stop_id":"140808","stop_lat":33.93106,"stop_lon":-118.364617,"stop_sequence":104,"segment_first_lat":33.9309322513,"segment_first_lon":-118.3641483556,"segment_second_lat":33.9309349585,"segment_second_lon":-118.3646164745,"segment_sequence":1030006,"segment_id":52,"segment_len_meter":43.18953887034603,"segment_cum_len":44239.760969760646,"stop_segment_distance":16.225132062896513}
{"route_id":"128","stop_id":"17218","stop_lat":33.887952,"stop_lon":-118.055658,"stop_sequence":8,"segment_first_lat":33.8878231923,"segment_first_lon":-118.055658162,"segment_second_lat":33.8878020037,"segment_second_lon":-118.0586201835,"segment_sequence":80001,"segment_id":4,"segment_len_meter":273.4235297230784,"segment_cum_len":4996.9182502920285,"stop_segment_distance":14.835589703793346}
{"route_id":"128","stop_id":"8693","stop_lat":33.889476,"stop_lon":-118.126058,"stop_sequence":22,"segment_first_lat":33.8893503992,"segment_first_lon":-118.1252666698,"segment_second_lat":33.8893476513,"segment_second_lon":-118.1260574356,"segment_sequence":210003,"segment_id":11,"segment_len_meter":72.99202560223436,"segment_cum_len":11253.187548186686,"stop_segment_distance":15.646428138982017}
{"route_id":"152","stop_id":"10413","stop_lat":34.176086,"stop_lon":-118.623486,"stop_sequence":94,"segment_first_lat":34.1760893728,"segment_first_lon":-118.6233320366,"segment_second_lat":34.1758503041,"segment_second_lon":-118.6233319059,"segment_sequence":940001,"segment_id":47,"segment_len_meter":26.58322927832341,"segment_cum_len":37818.899464361406,"stop_segment_distance":17.38159850759006}
{"route_id":"16","stop_id":"15629","stop_lat":34.061945,"stop_lon":-118.269964,"stop_sequence":16,"segment_first_lat":34.0618317286,"segment_first_lon":-118.270038463,"segment_second_lat":34.0619006555,"segment_second_lon":-118.2701813181,"segment_sequence":160001,"segment_id":8,"segment_len_meter":15.228702163246648,"segment_cum_len":4156.961319779973,"stop_segment_distance":19.73032147923462}
{"route_id":"161","stop_id":"20090","stop_lat":34.136597,"stop_lon":-118.724725,"stop_sequence":29,"segment_first_lat":34.1365022931,"segment_first_lon":-118.7246986301,"segment_second_lat":34.1364187044,"segment_second_lon":-118.7251195848,"segment_sequence":290001,"segment_id":15,"segment_len_meter":39.84247746912483,"segment_cum_len":17267.380940592568,"stop_segment_distance":12.339802752670494}
{"route_id":"163","stop_id":"14614","stop_lat":34.201093,"stop_lon":-118.448403,"stop_sequence":45,"segment_first_lat":34.2012163326,"segment_first_lon":-118.4484041043,"segment_second_lat":34.201209928,"segment_second_lon":-118.447907658,"segment_sequence":450001,"segment_id":23,"segment_len_meter":45.6616551145416,"segment_cum_len":16939.810574270334,"stop_segment_distance":15.42636782682655}
{"route_id":"165","stop_id":"6891","stop_lat":34.19383,"stop_lon":-118.404868,"stop_sequence":58,"segment_first_lat":34.1939552251,"segment_first_lon":-118.4048689023,"segment_second_lat":34.1939566716,"segment_second_lon":-118.4030368785,"segment_sequence":580001,"segment_id":29,"segment_len_meter":168.49818746171468,"segment_cum_len":22615.879666768626,"stop_segment_distance":14.429679470513946}
{"route_id":"165","stop_id":"6898","stop_lat":34.19375,"stop_lon":-118.523113,"stop_sequence":31,"segment_first_lat":34.1938861359,"segment_first_lon":-118.5239937733,"segment_second_lat":34.1938759434,"segment_second_lon":-118.5231107591,"segment_sequence":300007,"segment_id":15,"segment_len_meter":81.22211273436818,"segment_cum_len":11572.118980786285,"stop_segment_distance":15.194045262185583}
{"route_id":"166","stop_id":"12645","stop_lat":34.239257,"stop_lon":-118.601961,"stop_sequence":9,"segment_first_lat":34.2394855994,"segment_first_lon":-118.6018369502,"segment_second_lat":34.2392575105,"segment_second_lon":-118.6018392763,"segment_sequence":80007,"segment_id":4,"segment_len_meter":25.363229845316752,"segment_cum_len":4563.309925687291,"stop_segment_distance":13.685980475694961}
{"route_id":"180","stop_id":"3051","stop_lat":34.112141,"stop_lon":-118.285395,"stop_sequence":18,"segment_first_lat":34.1119052386,"segment_first_lon":-118.2873930775,"segment_second_lat":34.1122654706,"segment_second_lon":-118.2854283016,"segment_sequence":170002,"segment_id":9,"segment_len_meter":185.26513151268605,"segment_cum_len":5269.870751351107,"stop_segment_distance":14.718576580151819}
{"route_id":"201","stop_id":"4535","stop_lat":34.149684,"stop_lon":-118.238991,"stop_sequence":5,"segment_first_lat":34.1498906544,"segment_first_lon":-118.2387230862,"segment_second_lat":34.1496356822,"segment_second_lon":-118.2388466313,"segment_sequence":40014,"segment_id":2,"segment_len_meter":30.54611299742015,"segment_cum_len":982.2379234580822,"stop_segment_distance":17.486602933127845}
{"route_id":"205","stop_id":"8834","stop_lat":33.858772,"stop_lon":-118.266269,"stop_sequence":89,"segment_first_lat":33.8587718914,"segment_first_lon":-118.2661169178,"segment_second_lat":33.858208581,"segment_second_lon":-118.2661194119,"segment_sequence":900001,"segment_id":45,"segment_len_meter":62.63768198138546,"segment_cum_len":32131.11456647102,"stop_segment_distance":15.559200926691297}
{"route_id":"210","stop_id":"9449","stop_lat":33.969226,"stop_lon":-118.330995,"stop_sequence":57,"segment_first_lat":33.9699846057,"segment_first_lon":-118.3308428119,"segment_second_lat":33.9692261969,"segment_second_lon":-118.3308424542,"segment_sequence":560003,"segment_id":28,"segment_len_meter":84.33121733345011,"segment_cum_len":18386.265087328902,"stop_segment_distance":15.248934088710598}
{"route_id":"232","stop_id":"23200004","stop_lat":33.923526,"stop_lon":-118.392385,"stop_sequence":86,"segment_first_lat":33.9236247766,"segment_first_lon":-118.3923851788,"segment_second_lat":33.9236348443,"segment_second_lon":-118.3877441132,"segment_sequence":860001,"segment_id":43,"segment_len_meter":428.22130741888867,"segment_cum_len":35184.197294032136,"stop_segment_distance":11.136763857626875}
{"route_id":"232","stop_id":"23200082","stop_lat":33.789615,"stop_lon":-118.31189,"stop_sequence":38,"segment_first_lat":33.7894831742,"segment_first_lon":-118.3096680358,"segment_second_lat":33.7894876064,"segment_second_lon":-118.311889455,"segment_sequence":370004,"segment_id":19,"segment_len_meter":205.2877316550828,"segment_cum_len":14834.724161935275,"stop_segment_distance":14.737773320439828}
{"route_id":"246","stop_id":"5391","stop_lat":33.722725,"stop_lon":-118.287827,"stop_sequence":12,"segment_first_lat":33.7217543983,"segment_first_lon":-118.2879719627,"segment_second_lat":33.7227243506,"segment_second_lon":-118.2879782477,"segment_sequence":110002,"segment_id":6,"segment_len_meter":107.85534118607495,"segment_cum_len":2361.4619563121205,"stop_segment_distance":14.888447635000546}
{"route_id":"252","stop_id":"14634","stop_lat":34.082904,"stop_lon":-118.200626,"stop_sequence":24,"segment_first_lat":34.0828770764,"segment_first_lon":-118.2005110707,"segment_second_lat":34.0827442852,"segment_second_lon":-118.200552694,"segment_sequence":240001,"segment_id":12,"segment_len_meter":15.255170782563388,"segment_cum_len":9609.75786746089,"stop_segment_distance":14.743832747792462}
{"route_id":"265","stop_id":"4305","stop_lat":33.967193,"stop_lon":-118.115371,"stop_sequence":49,"segment_first_lat":33.9672831312,"segment_first_lon":-118.1154768818,"segment_second_lat":33.9674182087,"segment_second_lon":-118.1153115112,"segment_sequence":490001,"segment_id":25,"segment_len_meter":21.40505486721953,"segment_cum_len":19307.219430414392,"stop_segment_distance":18.223310920536665}
{"route_id":"265","stop_id":"4309","stop_lat":33.987726,"stop_lon":-118.104816,"stop_sequence":53,"segment_first_lat":33.9878057263,"segment_first_lon":-118.1049452328,"segment_second_lat":33.9880559841,"segment_second_lon":-118.1047113346,"segment_sequence":530002,"segment_id":27,"segment_len_meter":35.205250137153875,"segment_cum_len":21826.899129925943,"stop_segment_distance":17.586245869976118}
{"route_id":"30","stop_id":"7900","stop_lat":34.047051,"stop_lon":-118.317851,"stop_sequence":7,"segment_first_lat":34.047176912,"segment_first_lon":-118.3188910381,"segment_second_lat":34.0471774553,"segment_second_lon":-118.3178511926,"segment_sequence":60008,"segment_id":3,"segment_len_meter":95.80466858083616,"segment_cum_len":2127.8998516250294,"stop_segment_distance":15.096432785640545}
{"route_id":"344","stop_id":"2403","stop_lat":33.805318,"stop_lon":-118.350964,"stop_sequence":24,"segment_first_lat":33.8050429744,"segment_first_lon":-118.3511137765,"segment_second_lat":33.8053177357,"segment_second_lon":-118.3511208511,"segment_sequence":230007,"segment_id":12,"segment_len_meter":30.559054361735274,"segment_cum_len":11779.956619259567,"stop_segment_distance":17.500183718713874}
{"route_id":"487","stop_id":"3300","stop_lat":34.053972,"stop_lon":-118.232222,"stop_sequence":2,"segment_first_lat":34.0540055809,"segment_first_lon":-118.2322151951,"segment_second_lat":34.0539619722,"segment_second_lon":-118.2318862582,"segment_sequence":20001,"segment_id":1,"segment_len_meter":30.689200107422938,"segment_cum_len":508.52730945650785,"stop_segment_distance":4.047782248684069}
{"route_id":"487","stop_id":"3887","stop_lat":34.119728,"stop_lon":-118.091112,"stop_sequence":26,"segment_first_lat":34.1194394065,"segment_first_lon":-118.0912603531,"segment_second_lat":34.1197279289,"segment_second_lon":-118.0912652936,"segment_sequence":250005,"segment_id":13,"segment_len_meter":32.08545053365502,"segment_cum_len":21276.32185017024,"stop_segment_distance":16.901141040870954}
{"route_id":"55","stop_id":"5144","stop_lat":34.026463,"stop_lon":-118.271978,"stop_sequence":50,"segment_first_lat":34.025825195,"segment_first_lon":-118.2708206157,"segment_second_lat":34.026373952,"segment_second_lon":-118.2720392041,"segment_sequence":490002,"segment_id":25,"segment_len_meter":127.80758928286834,"segment_cum_len":14566.060014366692,"stop_segment_distance":11.67447160312939}
{"route_id":"55","stop_id":"6","stop_lat":33.924696,"stop_lon":-118.242222,"stop_sequence":4,"segment_first_lat":33.9246103423,"segment_first_lon":-118.2393865976,"segment_second_lat":33.924598361,"segment_second_lon":-118.2422213533,"segment_sequence":30001,"segment_id":2,"segment_len_meter":261.5564202276336,"segment_cum_len":928.1551066195791,"stop_segment_distance":11.08657987340905}
{"route_id":"60","stop_id":"1216","stop_lat":34.041238,"stop_lon":-118.243777,"stop_sequence":13,"segment_first_lat":34.0416984335,"segment_first_lon":-118.2443296001,"segment_second_lat":34.0413171854,"segment_second_lon":-118.2437085843,"segment_sequence":120002,"segment_id":6,"segment_len_meter":71.21310722995888,"segment_cum_len":3416.9919372021373,"stop_segment_distance":11.821844375438886}
{"route_id":"602","stop_id":"16555","stop_lat":34.062714,"stop_lon":-118.445519,"stop_sequence":53,"segment_first_lat":34.063695534,"segment_first_lon":-118.4453355852,"segment_second_lat":34.0627116813,"segment_second_lon":-118.4453650159,"segment_sequence":520006,"segment_id":26,"segment_len_meter":109.433014999346,"segment_cum_len":16435.32959764364,"stop_segment_distance":15.195422796523417}
{"route_id":"62","stop_id":"4373","stop_lat":33.877868,"stop_lon":-118.082468,"stop_sequence":65,"segment_first_lat":33.877868493,"segment_first_lon":-118.0823166008,"segment_second_lat":33.8776294323,"segment_second_lon":-118.0823163661,"segment_sequence":650001,"segment_id":33,"segment_len_meter":26.58234583067682,"segment_cum_len":32293.640552668512,"stop_segment_distance":17.388914034995402}
{"route_id":"68","stop_id":"304","stop_lat":34.039787,"stop_lon":-118.149221,"stop_sequence":12,"segment_first_lat":34.0396745564,"segment_first_lon":-118.1492957123,"segment_second_lat":34.0398359867,"segment_second_lon":-118.1496340024,"segment_sequence":120001,"segment_id":6,"segment_len_meter":35.969662855017965,"segment_cum_len":6660.951524804204,"stop_segment_distance":16.74593196105939}
{"route_id":"704","stop_id":"2421","stop_lat":34.072617,"stop_lon":-118.251259,"stop_sequence":30,"segment_first_lat":34.0728698617,"segment_first_lon":-118.2512230009,"segment_second_lat":34.0726697614,"segment_second_lon":-118.251117393,"segment_sequence":290020,"segment_id":15,"segment_len_meter":24.28342999496672,"segment_cum_len":27470.626063660653,"stop_segment_distance":18.329907900933424}
{"route_id":"704","stop_id":"30000","stop_lat":34.055394,"stop_lon":-118.233118,"stop_sequence":34,"segment_first_lat":34.0554015379,"segment_first_lon":-118.2331926585,"segment_second_lat":34.0558968764,"segment_second_lon":-118.2331032496,"segment_sequence":340001,"segment_id":17,"segment_len_meter":55.69159876204993,"segment_cum_len":30718.278082872304,"stop_segment_distance":7.170983731480675}
{"route_id":"720","stop_id":"16747","stop_lat":34.067217,"stop_lon":-118.40182,"stop_sequence":26,"segment_first_lat":34.0670842143,"segment_first_lon":-118.4012765376,"segment_second_lat":34.0670878987,"segment_second_lon":-118.4018213686,"segment_sequence":250014,"segment_id":13,"segment_len_meter":50.18709336350687,"segment_cum_len":25211.961938005054,"stop_segment_distance":16.360281393026945}
{"route_id":"733","stop_id":"15290","stop_lat":34.029408,"stop_lon":-118.38861,"stop_sequence":23,"segment_first_lat":34.0294505982,"segment_first_lon":-118.3882508808,"segment_second_lat":34.0292985807,"segment_second_lon":-118.3885257594,"segment_sequence":220021,"segment_id":11,"segment_len_meter":30.45296469712208,"segment_cum_len":18231.279268619182,"stop_segment_distance":17.41064928501648}
{"route_id":"734","stop_id":"2953","stop_lat":34.035198,"stop_lon":-118.434615,"stop_sequence":30,"segment_first_lat":34.0351941017,"segment_first_lon":-118.4341135425,"segment_second_lat":34.0351236497,"segment_second_lon":-118.434601342,"segment_sequence":290009,"segment_id":15,"segment_len_meter":45.626620589498046,"segment_cum_len":39055.812726583245,"stop_segment_distance":8.945616314326038}
{"route_id":"757","stop_id":"11257","stop_lat":34.011024,"stop_lon":-118.309056,"stop_sequence":16,"segment_first_lat":34.0118844976,"segment_first_lon":-118.3089036487,"segment_second_lat":34.0110244164,"segment_second_lon":-118.3089031145,"segment_sequence":150008,"segment_id":8,"segment_len_meter":95.63667861784283,"segment_cum_len":11726.078787993603,"stop_segment_distance":15.163215542646086}
{"route_id":"94","stop_id":"1816","stop_lat":34.191735,"stop_lon":-118.335954,"stop_sequence":38,"segment_first_lat":34.1918479398,"segment_first_lon":-118.3369133108,"segment_second_lat":34.191834129,"segment_second_lon":-118.3359509697,"segment_sequence":370003,"segment_id":19,"segment_len_meter":88.52566679206159,"segment_cum_len":16505.20766924566,"stop_segment_distance":11.623415882611454}
