{"route_id":"102","stop_id":"11224","stop_lat":34.010686,"stop_lon":-118.318462,"stop_sequence":38,"segment_first_lat":34.0108050355,"segment_first_lon":-118.319290322,"segment_second_lat":34.01081162,"segment_second_lon":-118.3184621301,"segment_sequence":370004,"segment_id":19,"segment_len_meter":76.3404769051938,"segment_cum_len":13208.654411244352,"stop_segment_distance":15.115688433330789}
{"route_id":"106","stop_id":"643","stop_lat":34.03743,"stop_lon":-118.146824,"stop_sequence":2,"segment_first_lat":34.0373087903,"segment_first_lon":-118.1467133138,"segment_second_lat":34.0364250504,"segment_second_lon":-118.1480864919,"segment_sequence":20001,"segment_id":1,"segment_len_meter":160.20802419187743,"segment_cum_len":606.2711551611474,"stop_segment_distance":18.001455579389244}
{"route_id":"111","stop_id":"1432","stop_lat":33.974603,"stop_lon":-118.269224,"stop_sequence":38,"segment_first_lat":33.9747251219,"segment_first_lon":-118.2692239238,"segment_second_lat":33.9747364248,"segment_second_lon":-118.2673538562,"segment_sequence":380001,"segment_id":19,"segment_len_meter":172.447601692808,"segment_cum_len":14256.973065980053,"stop_segment_distance":14.218920566918797}
{"route_id":"120","stop_id":"11440","stop_lat":33.929567,"stop_lon":-118.000516,"stop_sequence":8,"segment_first_lat":33.9298361184,"segment_first_lon":-117.9991484135,"segment_second_lat":33.9294984111,"segment_second_lon":-118.000490402,"segment_sequence":70003,"segment_id":4,"segment_len_meter":129.38246321525563,"segment_cum_len":2591.98386711325,"stop_segment_distance":8.276485989080271}
{"route_id":"130","stop_id":"13000042","stop_lat":33.874951,"stop_lon":-118.128885,"stop_sequence":9,"segment_first_lat":33.874840502,"segment_first_lon":-118.1255217126,"segment_second_lat":33.8748248612,"segment_second_lon":-118.1288851732,"segment_sequence":80001,"segment_id":4,"segment_len_meter":310.5208580799437,"segment_cum_len":4699.001714306371,"stop_segment_distance":14.247920248231026}
{"route_id":"150","stop_id":"7023","stop_lat":34.149208,"stop_lon":-118.439088,"stop_sequence":54,"segment_first_lat":34.1493318502,"segment_first_lon":-118.4390593396,"segment_second_lat":34.149197396,"segment_second_lon":-118.4382488718,"segment_sequence":540001,"segment_id":27,"segment_len_meter":76.06499931286223,"segment_cum_len":19786.69685149604,"stop_segment_distance":15.184496385840191}
{"route_id":"150","stop_id":"7045","stop_lat":34.172548,"stop_lon":-118.553129,"stop_sequence":23,"segment_first_lat":34.1726866901,"segment_first_lon":-118.553453655,"segment_second_lat":34.1726796844,"segment_second_lon":-118.553122999,"segment_sequence":220007,"segment_id":11,"segment_len_meter":30.42931698792121,"segment_cum_len":8823.53009407963,"stop_segment_distance":17.83744251042519}
{"route_id":"154","stop_id":"11948","stop_lat":34.178634,"stop_lon":-118.355855,"stop_sequence":15,"segment_first_lat":34.1785492562,"segment_first_lon":-118.3559135412,"segment_second_lat":34.1788956085,"segment_second_lon":-118.3566195921,"segment_sequence":150001,"segment_id":8,"segment_len_meter":75.50966147132034,"segment_cum_len":6573.935841359906,"stop_segment_distance":11.456918224122063}
{"route_id":"161","stop_id":"588","stop_lat":34.168065,"stop_lon":-118.597775,"stop_sequence":8,"segment_first_lat":34.1678610466,"segment_first_lon":-118.5974068133,"segment_second_lat":34.1679423239,"segment_second_lon":-118.5978084022,"segment_sequence":70007,"segment_id":4,"segment_len_meter":38.036337498102455,"segment_cum_len":3029.933075499123,"stop_segment_distance":16.71121471689473}
{"route_id":"164","stop_id":"7132","stop_lat":34.186771,"stop_lon":-118.479098,"stop_sequence":48,"segment_first_lat":34.1866422353,"segment_first_lon":-118.4783332388,"segment_second_lat":34.1866436088,"segment_second_lon":-118.4790970796,"segment_sequence":470006,"segment_id":24,"segment_len_meter":70.25956558829611,"segment_cum_len":17590.515132315104,"stop_segment_distance":15.692318930050803}
{"route_id":"165","stop_id":"12349","stop_lat":34.186024,"stop_lon":-118.315867,"stop_sequence":80,"segment_first_lat":34.1860771665,"segment_first_lon":-118.3158091789,"segment_second_lat":34.1855563488,"segment_second_lon":-118.3151075393,"segment_sequence":800001,"segment_id":40,"segment_len_meter":86.71257803245928,"segment_cum_len":31049.273419891775,"stop_segment_distance":8.32616960076939}
{"route_id":"166","stop_id":"4032","stop_lat":34.235377,"stop_lon":-118.52702,"stop_sequence":28,"segment_first_lat":34.2355106185,"segment_first_lon":-118.5273485589,"segment_second_lat":34.2355027156,"segment_second_lon":-118.5270179819,"segment_sequence":270005,"segment_id":14,"segment_len_meter":30.40212207580883,"segment_cum_len":12546.902305020818,"stop_segment_distance":17.238528288549464}
{"route_id":"166","stop_id":"4039","stop_lat":34.235333,"stop_lon":-118.60141,"stop_sequence":10,"segment_first_lat":34.2354592667,"segment_first_lon":-118.6014108928,"segment_second_lat":34.2354644083,"segment_second_lon":-118.6003753407,"segment_sequence":100001,"segment_id":5,"segment_len_meter":95.19842946851783,"segment_cum_len":5113.793533885617,"stop_segment_distance":15.072566689534483}
{"route_id":"167","stop_id":"4763","stop_lat":34.221521,"stop_lon":-118.436471,"stop_sequence":61,"segment_first_lat":34.2216501896,"segment_first_lon":-118.4364723286,"segment_second_lat":34.2216688767,"segment_second_lon":-118.4341038864,"segment_sequence":610001,"segment_id":31,"segment_len_meter":217.77285007703173,"segment_cum_len":24735.025160832778,"stop_segment_distance":14.854114107424522}
{"route_id":"169","stop_id":"14946","stop_lat":34.182984,"stop_lon":-118.606039,"stop_sequence":5,"segment_first_lat":34.182984649,"segment_first_lon":-118.6058827635,"segment_second_lat":34.1828472364,"segment_second_lon":-118.6058860653,"segment_sequence":50001,"segment_id":3,"segment_len_meter":15.282602250627036,"segment_cum_len":1547.637175609701,"stop_segment_distance":19.805503911099862}
{"route_id":"201","stop_id":"9821","stop_lat":34.146435,"stop_lon":-118.252826,"stop_sequence":10,"segment_first_lat":34.1463098049,"segment_first_lon":-118.2528252613,"segment_second_lat":34.1462985692,"segment_second_lon":-118.2538596963,"segment_sequence":100001,"segment_id":5,"segment_len_meter":95.20280011091592,"segment_cum_len":2685.335051116304,"stop_segment_distance":15.047042349154637}
{"route_id":"205","stop_id":"17424","stop_lat":33.787381,"stop_lon":-118.307538,"stop_sequence":49,"segment_first_lat":33.7874013096,"segment_first_lon":-118.3076802288,"segment_second_lat":33.7875373863,"segment_second_lon":-118.3076567042,"segment_sequence":490001,"segment_id":25,"segment_len_meter":15.286422009350725,"segment_cum_len":13369.558902008705,"stop_segment_distance":18.610660307752035}
{"route_id":"205","stop_id":"7402","stop_lat":33.737768,"stop_lon":-118.281031,"stop_sequence":23,"segment_first_lat":33.7378418419,"segment_first_lon":-118.2813604459,"segment_second_lat":33.7378390385,"segment_second_lon":-118.2810315425,"segment_sequence":220005,"segment_id":11,"segment_len_meter":30.414739355248965,"segment_cum_len":4737.55967800344,"stop_segment_distance":9.035004214164307}
{"route_id":"206","stop_id":"12294","stop_lat":34.095369,"stop_lon":-118.300618,"stop_sequence":8,"segment_first_lat":34.0966968155,"segment_first_lon":-118.3005034869,"segment_second_lat":34.0953696024,"segment_second_lon":-118.3004987175,"segment_sequence":70002,"segment_id":4,"segment_len_meter":147.58001673647126,"segment_cum_len":2225.164047222926,"stop_segment_distance":11.426248734924258}
{"route_id":"206","stop_id":"13785","stop_lat":34.046961,"stop_lon":-118.300246,"stop_sequence":26,"segment_first_lat":34.0470464935,"segment_first_lon":-118.3000874898,"segment_second_lat":34.0469279267,"segment_second_lon":-118.3001412025,"segment_sequence":250008,"segment_id":13,"segment_len_meter":14.08221248883496,"segment_cum_len":7645.367515347192,"stop_segment_distance":13.675484262796088}
{"route_id":"207","stop_id":"5739","stop_lat":34.065633,"stop_lon":-118.30894,"stop_sequence":46,"segment_first_lat":34.0656323805,"segment_first_lon":-118.3090932086,"segment_second_lat":34.0671821531,"segment_second_lon":-118.3091045483,"segment_sequence":460001,"segment_id":23,"segment_len_meter":172.33001616291622,"segment_cum_len":17414.43899675653,"stop_segment_distance":14.706240871078421}
{"route_id":"234","stop_id":"20122","stop_lat":34.213948,"stop_lon":-118.466301,"stop_sequence":49,"segment_first_lat":34.2142155978,"segment_first_lon":-118.4661302114,"segment_second_lat":34.2139415297,"segment_second_lon":-118.4661567971,"segment_sequence":480015,"segment_id":24,"segment_len_meter":30.57287406806819,"segment_cum_len":18426.320351617986,"stop_segment_distance":16.351820741286904}
{"route_id":"239","stop_id":"11481","stop_lat":34.224478,"stop_lon":-118.527229,"stop_sequence":22,"segment_first_lat":34.2229802115,"segment_first_lon":-118.5273355794,"segment_second_lat":34.2244777676,"segment_second_lon":-118.5273480151,"segment_sequence":210004,"segment_id":11,"segment_len_meter":166.52456585385798,"segment_cum_len":8102.724650119441,"stop_segment_distance":11.252272053401867}
{"route_id":"243","stop_id":"14836","stop_lat":34.228511,"stop_lon":-118.553413,"stop_sequence":57,"segment_first_lat":34.2282379703,"segment_first_lon":-118.553567166,"segment_second_lat":34.2285127608,"segment_second_lon":-118.5535673338,"segment_sequence":560005,"segment_id":28,"segment_len_meter":30.555313384595,"segment_cum_len":25256.920528504656,"stop_segment_distance":17.139900872334824}
{"route_id":"243","stop_id":"14847","stop_lat":34.186866,"stop_lon":-118.553329,"stop_sequence":46,"segment_first_lat":34.1868658052,"segment_first_lon":-118.5534781621,"segment_second_lat":34.1877120912,"segment_second_lon":-118.5534936897,"segment_sequence":460001,"segment_id":23,"segment_len_meter":94.11354766267678,"segment_cum_len":20719.94685725936,"stop_segment_distance":14.899410255843591}
{"route_id":"256","stop_id":"10337","stop_lat":34.105459,"stop_lon":-118.184573,"stop_sequence":54,"segment_first_lat":34.1053920556,"segment_first_lon":-118.1844521112,"segment_second_lat":34.1052968717,"segment_second_lon":-118.1845225937,"segment_sequence":540001,"segment_id":27,"segment_len_meter":12.414988667945634,"segment_cum_len":15050.230653723997,"stop_segment_distance":19.590699863120065}
{"route_id":"256","stop_id":"10604","stop_lat":34.135623,"stop_lon":-118.158665,"stop_sequence":78,"segment_first_lat":34.1357511482,"segment_first_lon":-118.1586653178,"segment_second_lat":34.1357675722,"segment_second_lon":-118.1555425115,"segment_sequence":780001,"segment_id":39,"segment_len_meter":287.4200955916686,"segment_cum_len":24654.059968837082,"stop_segment_distance":14.663894314295192}
{"route_id":"256","stop_id":"1334","stop_lat":34.145736,"stop_lon":-118.138167,"stop_sequence":89,"segment_first_lat":34.1458632025,"segment_first_lon":-118.1381671463,"segment_second_lat":34.1458693326,"segment_second_lon":-118.1368848209,"segment_sequence":890001,"segment_id":45,"segment_len_meter":118.00946931944577,"segment_cum_len":27492.64110192663,"stop_segment_distance":15.05672262359667}
{"route_id":"258","stop_id":"142418","stop_lat":33.948941,"stop_lon":-118.165361,"stop_sequence":73,"segment_first_lat":33.9489108657,"segment_first_lon":-118.165211189,"segment_second_lat":33.9479297444,"segment_second_lon":-118.1655139135,"segment_sequence":730001,"segment_id":37,"segment_len_meter":112.61259829645253,"segment_cum_len":26902.442021457566,"stop_segment_distance":14.934113074496665}
{"route_id":"267","stop_id":"1708","stop_lat":34.149615,"stop_lon":-118.146314,"stop_sequence":56,"segment_first_lat":34.1495179053,"segment_first_lon":-118.146313731,"segment_second_lat":34.1495206379,"segment_second_lon":-118.1467797596,"segment_sequence":560001,"segment_id":28,"segment_len_meter":42.88605100090093,"segment_cum_len":18273.684828841622,"stop_segment_distance":12.036266990246304}
{"route_id":"55","stop_id":"7256","stop_lat":34.033546,"stop_lon":-118.266284,"stop_sequence":53,"segment_first_lat":34.0336027908,"segment_first_lon":-118.2662348987,"segment_second_lat":34.0332860789,"segment_second_lon":-118.2656826991,"segment_sequence":530001,"segment_id":27,"segment_len_meter":61.88243972774309,"segment_cum_len":15746.038790625418,"stop_segment_distance":8.37983873356616}
{"route_id":"603","stop_id":"17136","stop_lat":34.056059,"stop_lon":-118.284336,"stop_sequence":50,"segment_first_lat":34.0568398367,"segment_first_lon":-118.2842160767,"segment_second_lat":34.0560594403,"segment_second_lon":-118.2842163968,"segment_sequence":490004,"segment_id":25,"segment_len_meter":86.77612546254797,"segment_cum_len":15591.50498959293,"stop_segment_distance":11.767418808128994}
{"route_id":"71","stop_id":"11653","stop_lat":34.055407,"stop_lon":-118.204934,"stop_sequence":23,"segment_first_lat":34.0555185955,"segment_first_lon":-118.2048611548,"segment_second_lat":34.0553688686,"segment_second_lon":-118.2045181011,"segment_sequence":230001,"segment_id":12,"segment_len_meter":35.72081950480163,"segment_cum_len":8111.975533154577,"stop_segment_distance":16.934865958942957}
{"route_id":"754","stop_id":"14064","stop_lat":34.057899,"stop_lon":-118.291783,"stop_sequence":8,"segment_first_lat":34.0587017035,"segment_first_lon":-118.291631092,"segment_second_lat":34.0578993314,"segment_second_lon":-118.291628295,"segment_sequence":70004,"segment_id":4,"segment_len_meter":89.2200788624034,"segment_cum_len":5600.445474179929,"stop_segment_distance":15.378598258930467}
{"route_id":"76","stop_id":"9061","stop_lat":34.053628,"stop_lon":-118.245236,"stop_sequence":61,"segment_first_lat":34.0529562218,"segment_first_lon":-118.2444417082,"segment_second_lat":34.0535262518,"segment_second_lon":-118.2453301155,"segment_sequence":600003,"segment_id":30,"segment_len_meter":103.52003488744107,"segment_cum_len":22708.548107862778,"stop_segment_distance":15.302393617879588}
{"route_id":"78","stop_id":"2851","stop_lat":34.103564,"stop_lon":-118.073207,"stop_sequence":69,"segment_first_lat":34.1036513472,"segment_first_lon":-118.0733787795,"segment_second_lat":34.1036868714,"segment_second_lon":-118.0732522936,"segment_sequence":680012,"segment_id":34,"segment_len_meter":12.297503902149273,"segment_cum_len":21901.959180264294,"stop_segment_distance":20.54771504953858}
{"route_id":"81","stop_id":"12015","stop_lat":34.123747,"stop_lon":-118.185548,"stop_sequence":20,"segment_first_lat":34.124206078,"segment_first_lon":-118.1855985272,"segment_second_lat":34.1237930935,"segment_second_lon":-118.1854059714,"segment_sequence":190007,"segment_id":10,"segment_len_meter":49.223744963675415,"segment_cum_len":5572.5649767485775,"stop_segment_distance":16.077377342588548}
{"route_id":"83","stop_id":"13716","stop_lat":34.036791,"stop_lon":-118.260178,"stop_sequence":54,"segment_first_lat":34.0369176108,"segment_first_lon":-118.2598982112,"segment_second_lat":34.036721353,"segment_second_lon":-118.2600537241,"segment_sequence":530004,"segment_id":27,"segment_len_meter":26.107051810236428,"segment_cum_len":16195.833832395803,"stop_segment_distance":17.091798335633065}
{"route_id":"90","stop_id":"10553","stop_lat":34.2557,"stop_lon":-118.299355,"stop_sequence":11,"segment_first_lat":34.2557816962,"segment_first_lon":-118.2992412285,"segment_second_lat":34.2555117313,"segment_second_lon":-118.2989573119,"segment_sequence":110001,"segment_id":6,"segment_len_meter":39.77446649160497,"segment_cum_len":2592.054823633621,"stop_segment_distance":16.19762528612509}
{"route_id":"90","stop_id":"10581","stop_lat":34.240138,"stop_lon":-118.265911,"stop_sequence":24,"segment_first_lat":34.2402388269,"segment_first_lon":-118.2658189101,"segment_second_lat":34.239083835,"segment_second_lon":-118.2639620367,"segment_sequence":240001,"segment_id":12,"segment_len_meter":213.61059898267615,"segment_cum_len":6395.325716024537,"stop_segment_distance":14.533564912189831}
{"route_id":"910","stop_id":"3301","stop_lat":34.053943,"stop_lon":-118.232454,"stop_sequence":4,"segment_first_lat":34.0539078572,"segment_first_lon":-118.2324486602,"segment_second_lat":34.0538834893,"segment_second_lon":-118.2326882713,"segment_sequence":40001,"segment_id":2,"segment_len_meter":22.240145967238128,"segment_cum_len":18098.584590227885,"stop_segment_distance":4.272588938398858}
{"route_id":"94","stop_id":"14243","stop_lat":34.168512,"stop_lon":-118.291985,"stop_sequence":54,"segment_first_lat":34.1686044016,"segment_first_lon":-118.2918861085,"segment_second_lat":34.1680957987,"segment_second_lon":-118.2911897667,"segment_sequence":540001,"segment_id":27,"segment_len_meter":85.45546467992548,"segment_cum_len":22578.09175998584,"stop_segment_distance":14.83967380257603}
