{"route_id":"10","stop_id":"11721","stop_lat":34.083652,"stop_lon":-118.309463,"stop_sequence":41,"segment_first_lat":34.0835264516,"segment_first_lon":-118.3091319296,"segment_second_lat":34.0835256061,"segment_second_lon":-118.3094621802,"segment_sequence":400009,"segment_id":20,"segment_len_meter":30.41425355347489,"segment_cum_len":11300.637283880118,"stop_segment_distance":17.173964096549486}
{"route_id":"10","stop_id":"16369","stop_lat":34.068914,"stop_lon":-118.263484,"stop_sequence":20,"segment_first_lat":34.0686949991,"segment_first_lon":-118.2632328515,"segment_second_lat":34.0687998521,"segment_second_lon":-118.2635379516,"segment_sequence":190008,"segment_id":10,"segment_len_meter":30.425359512075374,"segment_cum_len":6115.926504466781,"stop_segment_distance":16.79355058879154}
{"route_id":"110","stop_id":"1420","stop_lat":33.974623,"stop_lon":-118.245681,"stop_sequence":51,"segment_first_lat":33.9747518542,"segment_first_lon":-118.2458889413,"segment_second_lat":33.9747522775,"segment_second_lon":-118.2456811533,"segment_sequence":500007,"segment_id":25,"segment_len_meter":19.160638752775565,"segment_cum_len":18510.41347383821,"stop_segment_distance":19.150953346207668}
{"route_id":"110","stop_id":"14510","stop_lat":33.965288,"stop_lon":-118.139766,"stop_sequence":89,"segment_first_lat":33.9651880279,"segment_first_lon":-118.1397689839,"segment_second_lat":33.9651911346,"segment_second_lon":-118.1399335522,"segment_sequence":890001,"segment_id":45,"segment_len_meter":15.180836368928462,"segment_cum_len":30338.68385054902,"stop_segment_distance":14.774561944175955}
{"route_id":"111","stop_id":"1978","stop_lat":33.967054,"stop_lon":-118.157966,"stop_sequence":66,"segment_first_lat":33.9673849789,"segment_first_lon":-118.1602815846,"segment_second_lat":33.9671454131,"segment_second_lon":-118.1579544319,"segment_sequence":650001,"segment_id":33,"segment_len_meter":216.25760789522838,"segment_cum_len":24398.804603810302,"stop_segment_distance":10.655083791714077}
{"route_id":"117","stop_id":"32187","stop_lat":33.927206,"stop_lon":-118.158828,"stop_sequence":69,"segment_first_lat":33.9272692394,"segment_first_lon":-118.1587841136,"segment_second_lat":33.9269625919,"segment_second_lon":-118.1581479953,"segment_sequence":690001,"segment_id":35,"segment_len_meter":67.8766992689132,"segment_cum_len":25486.60567921313,"stop_segment_distance":8.56659343926546}
{"route_id":"120","stop_id":"11161","stop_lat":33.931059,"stop_lon":-118.37036,"stop_sequence":105,"segment_first_lat":33.9309306479,"segment_first_lon":-118.3703590094,"segment_second_lat":33.9309302911,"segment_second_lon":-118.371100727,"segment_sequence":1050001,"segment_id":53,"segment_len_meter":68.43062640688066,"segment_cum_len":44838.00293120047,"stop_segment_distance":15.663464632726559}
{"route_id":"127","stop_id":"8975","stop_lat":33.909486,"stop_lon":-118.125485,"stop_sequence":10,"segment_first_lat":33.9094864498,"segment_first_lon":-118.1253320305,"segment_second_lat":33.9089588687,"segment_second_lon":-118.1253289346,"segment_sequence":100001,"segment_id":5,"segment_len_meter":58.66503739788792,"segment_cum_len":4413.941100242644,"stop_segment_distance":15.80930876675162}
{"route_id":"127","stop_id":"9883","stop_lat":33.896152,"stop_lon":-118.212974,"stop_sequence":40,"segment_first_lat":33.8960263005,"segment_first_lon":-118.2129734789,"segment_second_lat":33.8960268767,"segment_second_lon":-118.2137346581,"segment_sequence":400001,"segment_id":20,"segment_len_meter":70.25493282546792,"segment_cum_len":15563.086892795414,"stop_segment_distance":15.29437376800007}
{"route_id":"14","stop_id":"13184","stop_lat":34.065143,"stop_lon":-118.399233,"stop_sequence":83,"segment_first_lat":34.0652916318,"segment_first_lon":-118.3990788268,"segment_second_lat":34.0651432429,"segment_second_lon":-118.3990797698,"segment_sequence":820004,"segment_id":41,"segment_len_meter":16.50032149181474,"segment_cum_len":30560.372563107958,"stop_segment_distance":19.40489544477514}
{"route_id":"152","stop_id":"13034","stop_lat":34.220672,"stop_lon":-118.549018,"stop_sequence":65,"segment_first_lat":34.2205741756,"segment_first_lon":-118.5468904494,"segment_second_lat":34.2205442248,"segment_second_lon":-118.5490139829,"segment_sequence":640003,"segment_id":32,"segment_len_meter":195.27611771183368,"segment_cum_len":26128.696109641947,"stop_segment_distance":14.85575417724408}
{"route_id":"155","stop_id":"18067","stop_lat":34.151904,"stop_lon":-118.344156,"stop_sequence":39,"segment_first_lat":34.1521813398,"segment_first_lon":-118.3450165222,"segment_second_lat":34.1520000376,"segment_second_lon":-118.3441283148,"segment_sequence":380008,"segment_id":19,"segment_len_meter":84.1818912068761,"segment_cum_len":14971.256616577642,"stop_segment_distance":11.774667082283699}
{"route_id":"164","stop_id":"7116","stop_lat":34.186823,"stop_lon":-118.399021,"stop_sequence":29,"segment_first_lat":34.1866954905,"segment_first_lon":-118.3990206648,"segment_second_lat":34.1866972398,"segment_second_lon":-118.3995728798,"segment_sequence":290001,"segment_id":15,"segment_len_meter":50.7940322787715,"segment_cum_len":10275.69162648618,"stop_segment_distance":16.038091735141357}
{"route_id":"176","stop_id":"12910","stop_lat":34.072164,"stop_lon":-118.036305,"stop_sequence":34,"segment_first_lat":34.0720788195,"segment_first_lon":-118.0359683455,"segment_second_lat":34.0720616841,"segment_second_lon":-118.0362982149,"segment_sequence":330003,"segment_id":17,"segment_len_meter":30.44279689854997,"segment_cum_len":12340.199395083579,"stop_segment_distance":13.37374437295302}
{"route_id":"2","stop_id":"6432","stop_lat":34.082079,"stop_lon":-118.434757,"stop_sequence":10,"segment_first_lat":34.081610841,"segment_first_lon":-118.4350347783,"segment_second_lat":34.0821078368,"segment_second_lon":-118.4349092266,"segment_sequence":90010,"segment_id":5,"segment_len_meter":56.460098768460746,"segment_cum_len":2877.375272755133,"stop_segment_distance":15.924526226357976}
{"route_id":"204","stop_id":"5689","stop_lat":33.948917,"stop_lon":-118.291401,"stop_sequence":10,"segment_first_lat":33.9484493556,"segment_first_lon":-118.2915440139,"segment_second_lat":33.9489164812,"segment_second_lon":-118.2915479477,"segment_sequence":90006,"segment_id":5,"segment_len_meter":51.94326422479786,"segment_cum_len":2769.92155825195,"stop_segment_distance":15.258214691991043}
{"route_id":"207","stop_id":"5730","stop_lat":34.007142,"stop_lon":-118.308754,"stop_sequence":27,"segment_first_lat":34.0063942519,"segment_first_lon":-118.3089064857,"segment_second_lat":34.0071416714,"segment_second_lon":-118.3089066041,"segment_sequence":260005,"segment_id":13,"segment_len_meter":83.10925719196862,"segment_cum_len":10738.123624569333,"stop_segment_distance":15.282864407590623}
{"route_id":"209","stop_id":"8715","stop_lat":34.010621,"stop_lon":-118.318115,"stop_sequence":38,"segment_first_lat":34.0090162233,"segment_first_lon":-118.318230927,"segment_second_lat":34.0106209699,"segment_second_lon":-118.318234058,"segment_sequence":370003,"segment_id":19,"segment_len_meter":178.43991384962268,"segment_cum_len":13061.421776948342,"stop_segment_distance":11.296721834666414}
{"route_id":"212","stop_id":"2604","stop_lat":33.931275,"stop_lon":-118.352441,"stop_sequence":68,"segment_first_lat":33.931274349,"segment_first_lon":-118.3525941458,"segment_second_lat":33.9322910555,"segment_second_lon":-118.3525941389,"segment_sequence":680001,"segment_id":34,"segment_len_meter":113.05260468870469,"segment_cum_len":23784.682957369023,"stop_segment_distance":14.936885676711185}
{"route_id":"230","stop_id":"2898","stop_lat":34.168126,"stop_lon":-118.396624,"stop_sequence":43,"segment_first_lat":34.1681261952,"segment_first_lon":-118.3964730591,"segment_second_lat":34.1667137923,"segment_second_lon":-118.3964690015,"segment_sequence":430001,"segment_id":22,"segment_len_meter":157.05248053360614,"segment_cum_len":16885.935034559196,"stop_segment_distance":14.510895052222793}
{"route_id":"239","stop_id":"16559","stop_lat":34.182551,"stop_lon":-118.518338,"stop_sequence":9,"segment_first_lat":34.1817916144,"segment_first_lon":-118.5184821032,"segment_second_lat":34.1825500293,"segment_second_lon":-118.5184838346,"segment_sequence":80005,"segment_id":4,"segment_len_meter":84.3320395632204,"segment_cum_len":2621.778764703442,"stop_segment_distance":14.5571033421068}
{"route_id":"251","stop_id":"7515","stop_lat":34.087847,"stop_lon":-118.223915,"stop_sequence":1,"segment_first_lat":34.0878427455,"segment_first_lon":-118.2238284753,"segment_second_lat":34.0875011244,"segment_second_lon":-118.2238612484,"segment_sequence":10001,"segment_id":1,"segment_len_meter":38.1062380906469,"segment_cum_len":38.1062380906469,"stop_segment_distance":8.65264199800928}
{"route_id":"260","stop_id":"8785","stop_lat":33.998256,"stop_lon":-118.175748,"stop_sequence":62,"segment_first_lat":33.9981648323,"segment_first_lon":-118.1756423421,"segment_second_lat":33.9980249914,"segment_second_lon":-118.1758139347,"segment_sequence":620001,"segment_id":31,"segment_len_meter":22.18146689661666,"segment_cum_len":23902.025636711336,"stop_segment_distance":18.273296636540163}
{"route_id":"28","stop_id":"9510","stop_lat":34.091005,"stop_lon":-118.22355,"stop_sequence":34,"segment_first_lat":34.0910631207,"segment_first_lon":-118.2234536364,"segment_second_lat":34.0909506337,"segment_second_lon":-118.2233585448,"segment_sequence":340001,"segment_id":17,"segment_len_meter":15.268516924308372,"segment_cum_len":9934.744557926544,"stop_segment_distance":14.347142390898817}
{"route_id":"33","stop_id":"6929","stop_lat":34.014811,"stop_lon":-118.413453,"stop_sequence":22,"segment_first_lat":34.0149147024,"segment_first_lon":-118.4135391042,"segment_second_lat":34.01533576,"segment_second_lon":-118.4127924464,"segment_sequence":220001,"segment_id":11,"segment_len_meter":83.23466932530961,"segment_cum_len":7218.821481060036,"stop_segment_distance":15.09288228118632}
{"route_id":"4","stop_id":"14393","stop_lat":34.090909,"stop_lon":-118.353566,"stop_sequence":53,"segment_first_lat":34.0907815323,"segment_first_lon":-118.353568549,"segment_second_lat":34.0907888335,"segment_second_lon":-118.3542654767,"segment_sequence":530001,"segment_id":27,"segment_len_meter":64.18251179590428,"segment_cum_len":16370.196687789887,"stop_segment_distance":15.776576149731426}
{"route_id":"45","stop_id":"13977","stop_lat":34.042464,"stop_lon":-118.254314,"stop_sequence":22,"segment_first_lat":34.0430641695,"segment_first_lon":-118.2536356224,"segment_second_lat":34.042419891,"segment_second_lon":-118.2542430174,"segment_sequence":210003,"segment_id":11,"segment_len_meter":90.9085977210238,"segment_cum_len":6390.95694916943,"stop_segment_distance":8.702133266973917}
{"route_id":"60","stop_id":"7345","stop_lat":34.046694,"stop_lon":-118.25227,"stop_sequence":9,"segment_first_lat":34.0470370213,"segment_first_lon":-118.2525946171,"segment_second_lat":34.0467724145,"segment_second_lon":-118.2521940573,"segment_sequence":80003,"segment_id":4,"segment_len_meter":47.1984778881781,"segment_cum_len":2426.9063857142005,"stop_segment_distance":12.451000936462442}
{"route_id":"62","stop_id":"4378","stop_lat":33.887354,"stop_lon":-118.08257,"stop_sequence":62,"segment_first_lat":33.8873539227,"segment_first_lon":-118.0824181692,"segment_second_lat":33.8863152443,"segment_second_lon":-118.0824171481,"segment_sequence":620001,"segment_id":31,"segment_len_meter":115.49580695571355,"segment_cum_len":31327.6826912673,"stop_segment_distance":14.88215020007378}
{"route_id":"62","stop_id":"4516","stop_lat":33.90153,"stop_lon":-118.082712,"stop_sequence":58,"segment_first_lat":33.9015298834,"segment_first_lon":-118.0825579912,"segment_second_lat":33.900342828,"segment_second_lon":-118.082546277,"segment_sequence":580001,"segment_id":29,"segment_len_meter":131.99896565595282,"segment_cum_len":29767.811490261054,"stop_segment_distance":15.105359462676603}
{"route_id":"66","stop_id":"1581","stop_lat":34.02694,"stop_lon":-118.237112,"stop_sequence":30,"segment_first_lat":34.0272931596,"segment_first_lon":-118.2379311436,"segment_second_lat":34.0270623952,"segment_second_lon":-118.2370644881,"segment_sequence":290004,"segment_id":15,"segment_len_meter":83.88768516785989,"segment_cum_len":8690.015474799115,"stop_segment_distance":15.500758898546081}
{"route_id":"70","stop_id":"5383","stop_lat":34.045008,"stop_lon":-118.256883,"stop_sequence":8,"segment_first_lat":34.0437304298,"segment_first_lon":-118.2582193768,"segment_second_lat":34.04506745,"segment_second_lon":-118.2569747291,"segment_sequence":70002,"segment_id":4,"segment_len_meter":187.75960876441565,"segment_cum_len":1871.45811598201,"stop_segment_distance":10.96390921465175}
{"route_id":"704","stop_id":"5985","stop_lat":34.07316,"stop_lon":-118.401266,"stop_sequence":14,"segment_first_lat":34.0732586856,"segment_first_lon":-118.4013669184,"segment_second_lat":34.073772013,"segment_second_lon":-118.4006151676,"segment_sequence":140001,"segment_id":7,"segment_len_meter":89.73420726403495,"segment_cum_len":11920.284297094959,"stop_segment_distance":15.336191854161456}
{"route_id":"733","stop_id":"15301","stop_lat":34.046122,"stop_lon":-118.345626,"stop_sequence":19,"segment_first_lat":34.0459985105,"segment_first_lon":-118.3455973921,"segment_second_lat":34.045948394,"segment_second_lon":-118.3459220093,"segment_sequence":190001,"segment_id":10,"segment_len_meter":30.42329341332119,"segment_cum_len":13803.785770027825,"stop_segment_distance":16.97214118093028}
{"route_id":"754","stop_id":"3970","stop_lat":34.083795,"stop_lon":-118.291861,"stop_sequence":4,"segment_first_lat":34.0846551756,"segment_first_lon":-118.2917149868,"segment_second_lat":34.083795104,"segment_second_lon":-118.2917093448,"segment_sequence":30009,"segment_id":2,"segment_len_meter":95.63700993315742,"segment_cum_len":2720.9369858035407,"stop_segment_distance":14.91725748341861}
{"route_id":"757","stop_id":"65300076","stop_lat":33.959746,"stop_lon":-118.309114,"stop_sequence":20,"segment_first_lat":33.9597463695,"segment_first_lon":-118.3089735247,"segment_second_lat":33.959073138,"segment_second_lon":-118.3089759877,"segment_sequence":200001,"segment_id":10,"segment_len_meter":74.860271910131,"segment_cum_len":17503.082513458427,"stop_segment_distance":13.989476573760783}
{"route_id":"76","stop_id":"10228","stop_lat":34.080453,"stop_lon":-118.086736,"stop_sequence":15,"segment_first_lat":34.0803274077,"segment_first_lon":-118.0867293895,"segment_second_lat":34.0802820831,"segment_second_lon":-118.0878491846,"segment_sequence":150001,"segment_id":8,"segment_len_meter":103.25343790370344,"segment_cum_len":5508.091417185117,"stop_segment_distance":14.993202518232678}
{"route_id":"76","stop_id":"142058","stop_lat":34.067053,"stop_lon":-118.227409,"stop_sequence":52,"segment_first_lat":34.0671060748,"segment_first_lon":-118.2269962865,"segment_second_lat":34.0669359223,"segment_second_lon":-118.2273200689,"segment_sequence":510006,"segment_id":26,"segment_len_meter":35.31932993668152,"segment_cum_len":19188.01820600682,"stop_segment_distance":18.53310602309392}
{"route_id":"770","stop_id":"1461","stop_lat":34.062459,"stop_lon":-118.108298,"stop_sequence":20,"segment_first_lat":34.0625765408,"segment_first_lon":-118.1093378409,"segment_second_lat":34.0625843475,"segment_second_lon":-118.1082978165,"segment_sequence":190018,"segment_id":10,"segment_len_meter":95.80765495989976,"segment_cum_len":19074.593350295916,"stop_segment_distance":14.80482330383309}
{"route_id":"78","stop_id":"3329","stop_lat":34.077569,"stop_lon":-118.19383,"stop_sequence":26,"segment_first_lat":34.0775170542,"segment_first_lon":-118.1939649691,"segment_second_lat":34.0775992751,"segment_second_lon":-118.1939278439,"segment_sequence":250009,"segment_id":13,"segment_len_meter":9.761016156400098,"segment_cum_len":9553.989247725387,"stop_segment_distance":13.56589583560683}
{"route_id":"83","stop_id":"14915","stop_lat":34.033504,"stop_lon":-118.265139,"stop_sequence":56,"segment_first_lat":34.0338540645,"segment_first_lon":-118.26480655,"segment_second_lat":34.0334863029,"segment_second_lon":-118.2651011163,"segment_sequence":550007,"segment_id":28,"segment_len_meter":49.081966504866664,"segment_cum_len":16943.778095855894,"stop_segment_distance":4.4599165723685275}
{"route_id":"90","stop_id":"16381","stop_lat":34.056366,"stop_lon":-118.244805,"stop_sequence":86,"segment_first_lat":34.056415481,"segment_first_lon":-118.2445937782,"segment_second_lat":34.0563011922,"segment_second_lon":-118.2447182392,"segment_sequence":850024,"segment_id":43,"segment_len_meter":17.116253580470083,"segment_cum_len":31147.750922356045,"stop_segment_distance":13.866862624819035}
{"route_id":"92","stop_id":"8101","stop_lat":34.054895,"stop_lon":-118.242397,"stop_sequence":7,"segment_first_lat":34.0540582493,"segment_first_lon":-118.2416453678,"segment_second_lat":34.0548061462,"segment_second_lon":-118.2425042406,"segment_sequence":60002,"segment_id":3,"segment_len_meter":114.78944868210958,"segment_cum_len":2292.660085343644,"stop_segment_distance":15.164224294684644}
{"route_id":"96","stop_id":"4642","stop_lat":34.179635,"stop_lon":-118.309775,"stop_sequence":4,"segment_first_lat":34.1789251472,"segment_first_lon":-118.3089327921,"segment_second_lat":34.1795837174,"segment_second_lon":-118.3098302523,"segment_sequence":30002,"segment_id":2,"segment_len_meter":110.35520261215628,"segment_cum_len":1082.5025109978985,"stop_segment_distance":7.884439872127743}
