{"route_id":"111","stop_id":"1957","stop_lat":33.974633,"stop_lon":-118.261664,"stop_sequence":40,"segment_first_lat":33.9747543307,"segment_first_lon":-118.2629573547,"segment_second_lat":33.9747593399,"segment_second_lon":-118.2616644589,"segment_sequence":390002,"segment_id":20,"segment_len_meter":119.22201278887373,"segment_cum_len":14781.61103628908,"stop_segment_distance":14.85018652692004}
{"route_id":"14","stop_id":"140907","stop_lat":34.076235,"stop_lon":-118.361208,"stop_sequence":70,"segment_first_lat":34.0761108629,"segment_first_lon":-118.3603587019,"segment_second_lat":34.0761083281,"segment_second_lon":-118.3612073692,"segment_sequence":690004,"segment_id":35,"segment_len_meter":78.16454355587504,"segment_cum_len":25529.243887484958,"stop_segment_distance":15.351493386543524}
{"route_id":"14","stop_id":"7476","stop_lat":34.032416,"stop_lon":-118.356015,"stop_sequence":7,"segment_first_lat":34.0325149175,"segment_first_lon":-118.3560156066,"segment_second_lat":34.0325163667,"segment_second_lon":-118.3555238339,"segment_sequence":70001,"segment_id":4,"segment_len_meter":45.31688022066141,"segment_cum_len":2385.2000635340396,"stop_segment_distance":12.29874098928974}
{"route_id":"161","stop_id":"12772","stop_lat":34.15167,"stop_lon":-118.650638,"stop_sequence":21,"segment_first_lat":34.1515990046,"segment_first_lon":-118.650722982,"segment_second_lat":34.1517159135,"segment_second_lon":-118.6508534595,"segment_sequence":210001,"segment_id":11,"segment_len_meter":17.695992779704042,"segment_cum_len":9070.033693328629,"stop_segment_distance":13.889175672901892}
{"route_id":"201","stop_id":"9836","stop_lat":34.151762,"stop_lon":-118.234356,"stop_sequence":3,"segment_first_lat":34.1519470333,"segment_first_lon":-118.2325878345,"segment_second_lat":34.1516394938,"segment_second_lon":-118.2343225508,"segment_sequence":20009,"segment_id":1,"segment_len_meter":163.2499763165035,"segment_cum_len":483.3780032978599,"stop_segment_distance":14.717197255710857}
{"route_id":"204","stop_id":"5648","stop_lat":34.05064,"stop_lon":-118.291458,"stop_sequence":45,"segment_first_lat":34.0491117018,"segment_first_lon":-118.2916009669,"segment_second_lat":34.0506394985,"segment_second_lon":-118.2916092628,"segment_sequence":440003,"segment_id":22,"segment_len_meter":169.88496128589836,"segment_cum_len":14084.125600078572,"stop_segment_distance":14.499653746427498}
{"route_id":"204","stop_id":"5693","stop_lat":34.025291,"stop_lon":-118.291379,"stop_sequence":38,"segment_first_lat":34.023792993,"segment_first_lon":-118.2915328847,"segment_second_lat":34.0252905829,"segment_second_lon":-118.2915321609,"segment_sequence":370001,"segment_id":19,"segment_len_meter":166.52441243358564,"segment_cum_len":11265.415629098952,"stop_segment_distance":14.763961115500791}
{"route_id":"206","stop_id":"13777","stop_lat":33.945683,"stop_lon":-118.300377,"stop_sequence":62,"segment_first_lat":33.9459631563,"segment_first_lon":-118.3002562249,"segment_second_lat":33.9456828728,"segment_second_lon":-118.3002571986,"segment_sequence":610004,"segment_id":31,"segment_len_meter":31.16623264480572,"segment_cum_len":18915.272986555414,"stop_segment_distance":12.968836731772878}
{"route_id":"222","stop_id":"2035","stop_lat":34.259538,"stop_lon":-118.301848,"stop_sequence":69,"segment_first_lat":34.2596325098,"segment_first_lon":-118.3026952662,"segment_second_lat":34.2596368234,"segment_second_lon":-118.3018480484,"segment_sequence":680014,"segment_id":34,"segment_len_meter":77.86254000332242,"segment_cum_len":27911.410715633418,"stop_segment_distance":11.697644264734592}
{"route_id":"222","stop_id":"8955","stop_lat":34.136437,"stop_lon":-118.341802,"stop_sequence":19,"segment_first_lat":34.1361807521,"segment_first_lon":-118.3419928376,"segment_second_lat":34.1364531924,"segment_second_lon":-118.3419486789,"segment_sequence":180020,"segment_id":9,"segment_len_meter":30.56538928104462,"segment_cum_len":6708.399603669719,"stop_segment_distance":16.525930470634922}
{"route_id":"237","stop_id":"6984","stop_lat":34.14052,"stop_lon":-118.369989,"stop_sequence":20,"segment_first_lat":34.1398532589,"segment_first_lon":-118.368650905,"segment_second_lat":34.1404026716,"segment_second_lon":-118.370053899,"segment_sequence":190002,"segment_id":10,"segment_len_meter":142.84410345209656,"segment_cum_len":7773.843203108866,"stop_segment_distance":15.246978817135897}
{"route_id":"239","stop_id":"20032","stop_lat":34.27969,"stop_lon":-118.454605,"stop_sequence":56,"segment_first_lat":34.2798492563,"segment_first_lon":-118.4545465953,"segment_second_lat":34.2787353154,"segment_second_lon":-118.4533587563,"segment_sequence":560002,"segment_id":28,"segment_len_meter":165.08733479136438,"segment_cum_len":22808.11891066454,"stop_segment_distance":9.559478187653156}
{"route_id":"256","stop_id":"1881","stop_lat":34.113431,"stop_lon":-118.186219,"stop_sequence":63,"segment_first_lat":34.1134028868,"segment_first_lon":-118.1864467235,"segment_second_lat":34.1135124235,"segment_second_lon":-118.1863356327,"segment_sequence":620005,"segment_id":31,"segment_len_meter":15.904270623766447,"segment_cum_len":17805.804449806135,"stop_segment_distance":19.337149760394926}
{"route_id":"260","stop_id":"11959","stop_lat":34.149359,"stop_lon":-118.150683,"stop_sequence":12,"segment_first_lat":34.149359397,"segment_first_lon":-118.1505307954,"segment_second_lat":34.1483179392,"segment_second_lon":-118.1505421398,"segment_sequence":120001,"segment_id":6,"segment_len_meter":115.80952900087325,"segment_cum_len":3907.8833333695093,"stop_segment_distance":14.680921385701737}
{"route_id":"265","stop_id":"581","stop_lat":33.853959,"stop_lon":-118.151394,"stop_sequence":5,"segment_first_lat":33.8538583388,"segment_first_lon":-118.1513964969,"segment_second_lat":33.8538701564,"segment_second_lon":-118.1518315872,"segment_sequence":50001,"segment_id":3,"segment_len_meter":40.19905449984655,"segment_cum_len":1563.0912442301433,"stop_segment_distance":12.594530415764673}
{"route_id":"267","stop_id":"142128","stop_lat":34.074858,"stop_lon":-118.041266,"stop_sequence":3,"segment_first_lat":34.0748787988,"segment_first_lon":-118.0414079106,"segment_second_lat":34.0754185141,"segment_second_lon":-118.0413061398,"segment_sequence":30001,"segment_id":2,"segment_len_meter":60.741200065561095,"segment_cum_len":932.1978491428406,"stop_segment_distance":14.968162685687979}
{"route_id":"33","stop_id":"6945","stop_lat":34.043282,"stop_lon":-118.362247,"stop_sequence":39,"segment_first_lat":34.0433495501,"segment_first_lon":-118.3625612898,"segment_second_lat":34.0434061675,"segment_second_lon":-118.3622829341,"segment_sequence":380007,"segment_id":19,"segment_len_meter":26.4084291087917,"segment_cum_len":12829.47984192193,"stop_segment_distance":17.706036711169553}
{"route_id":"4","stop_id":"14398","stop_lat":34.09093,"stop_lon":-118.304446,"stop_sequence":39,"segment_first_lat":34.0908149323,"segment_first_lon":-118.3032732378,"segment_second_lat":34.090804839,"segment_second_lon":-118.3044457038,"segment_sequence":380005,"segment_id":19,"segment_len_meter":107.9736617149518,"segment_cum_len":11782.363493829096,"stop_segment_distance":14.693970965148111}
{"route_id":"53","stop_id":"4874","stop_lat":34.033336,"stop_lon":-118.243252,"stop_sequence":68,"segment_first_lat":34.0329753958,"segment_first_lon":-118.2436176205,"segment_second_lat":34.0333863858,"segment_second_lon":-118.2433900886,"segment_sequence":670002,"segment_id":34,"segment_len_meter":50.28017613688436,"segment_cum_len":21959.56246672023,"stop_segment_distance":15.99613894629298}
{"route_id":"603","stop_id":"4200","stop_lat":34.137342,"stop_lon":-118.264526,"stop_sequence":9,"segment_first_lat":34.1373398643,"segment_first_lon":-118.2644054122,"segment_second_lat":34.1368040201,"segment_second_lon":-118.2644090045,"segment_sequence":90001,"segment_id":5,"segment_len_meter":59.584073791174276,"segment_cum_len":2211.5174176975966,"stop_segment_distance":12.298834759539261}
{"route_id":"603","stop_id":"8688","stop_lat":34.092456,"stop_lon":-118.256758,"stop_sequence":28,"segment_first_lat":34.093012943,"segment_first_lon":-118.2559009774,"segment_second_lat":34.0924031398,"segment_second_lon":-118.256701712,"segment_sequence":270004,"segment_id":14,"segment_len_meter":100.17297282188355,"segment_cum_len":8593.350404555313,"stop_segment_distance":7.979728986387414}
{"route_id":"62","stop_id":"208","stop_lat":34.01869,"stop_lon":-118.19966,"stop_sequence":26,"segment_first_lat":34.0188090382,"segment_first_lon":-118.2009472944,"segment_second_lat":34.0188161199,"segment_second_lon":-118.1996603211,"segment_sequence":250004,"segment_id":13,"segment_len_meter":118.61567280379191,"segment_cum_len":9567.966575242795,"stop_segment_distance":14.787074779720854}
{"route_id":"685","stop_id":"14015","stop_lat":34.137507,"stop_lon":-118.233731,"stop_sequence":12,"segment_first_lat":34.1380656017,"segment_first_lon":-118.2335769625,"segment_second_lat":34.1375077807,"segment_second_lon":-118.2335780473,"segment_sequence":110004,"segment_id":6,"segment_len_meter":62.026945527601775,"segment_cum_len":4127.611698163905,"stop_segment_distance":15.761365184722031}
{"route_id":"70","stop_id":"1456","stop_lat":34.062591,"stop_lon":-118.063024,"stop_sequence":65,"segment_first_lat":34.0627175786,"segment_first_lon":-118.0630257192,"segment_second_lat":34.0627196091,"segment_second_lon":-118.062820355,"segment_sequence":650001,"segment_id":33,"segment_len_meter":18.918809937876254,"segment_cum_len":22226.652681926294,"stop_segment_distance":18.74540062661392}
{"route_id":"71","stop_id":"142080","stop_lat":34.055575,"stop_lon":-118.178612,"stop_sequence":35,"segment_first_lat":34.0556870561,"segment_first_lon":-118.178909696,"segment_second_lat":34.0556710088,"segment_second_lon":-118.1786125332,"segment_sequence":340004,"segment_id":17,"segment_len_meter":27.434007812773125,"segment_cum_len":11487.405596704142,"stop_segment_distance":13.364658919871424}
{"route_id":"71","stop_id":"656","stop_lat":34.057838,"stop_lon":-118.236635,"stop_sequence":15,"segment_first_lat":34.0580984841,"segment_first_lon":-118.2370481056,"segment_second_lat":34.0579592571,"segment_second_lon":-118.2365818664,"segment_sequence":140016,"segment_id":7,"segment_len_meter":45.65567313704152,"segment_cum_len":4662.461507029803,"stop_segment_distance":16.51321133325647}
{"route_id":"720","stop_id":"15688","stop_lat":34.050463,"stop_lon":-118.254137,"stop_sequence":14,"segment_first_lat":34.0503854865,"segment_first_lon":-118.2542078006,"segment_second_lat":34.0512981202,"segment_second_lon":-118.255608327,"segment_sequence":140001,"segment_id":7,"segment_len_meter":164.15525858232678,"segment_cum_len":11212.166769056497,"stop_segment_distance":10.963643243953982}
{"route_id":"81","stop_id":"10431","stop_lat":34.102077,"stop_lon":-118.203275,"stop_sequence":31,"segment_first_lat":34.1020364043,"segment_first_lon":-118.2030988726,"segment_second_lat":34.1019146063,"segment_second_lon":-118.2031388765,"segment_sequence":310001,"segment_id":16,"segment_len_meter":14.035253299341882,"segment_cum_len":8958.431460460546,"stop_segment_distance":24.778798369715723}
{"route_id":"83","stop_id":"11899","stop_lat":34.062506,"stop_lon":-118.238371,"stop_sequence":44,"segment_first_lat":34.0640276008,"segment_first_lon":-118.237447911,"segment_second_lat":34.0624572988,"segment_second_lon":-118.2382315695,"segment_sequence":430002,"segment_id":22,"segment_len_meter":188.9432731598947,"segment_cum_len":12588.105140057334,"stop_segment_distance":14.355115481047847}
{"route_id":"83","stop_id":"4330","stop_lat":34.072113,"stop_lon":-118.223843,"stop_sequence":38,"segment_first_lat":34.0719841789,"segment_first_lon":-118.223858355,"segment_second_lat":34.0720189384,"segment_second_lon":-118.2242292711,"segment_sequence":380001,"segment_id":19,"segment_len_meter":34.38174663967872,"segment_cum_len":10791.98102113012,"stop_segment_distance":17.0957613649743}
{"route_id":"92","stop_id":"4753","stop_lat":34.123607,"stop_lon":-118.25506,"stop_sequence":38,"segment_first_lat":34.1232846225,"segment_first_lon":-118.255388994,"segment_second_lat":34.1236576502,"segment_second_lon":-118.255192217,"segment_sequence":370013,"segment_id":19,"segment_len_meter":45.2613113957895,"segment_cum_len":11427.078025850516,"stop_segment_distance":15.075984121573605}
{"route_id":"92","stop_id":"5289","stop_lat":34.044037,"stop_lon":-118.251028,"stop_sequence":3,"segment_first_lat":34.0441231912,"segment_first_lon":-118.2511409833,"segment_second_lat":34.0443779527,"segment_second_lon":-118.2508601738,"segment_sequence":30001,"segment_id":2,"segment_len_meter":38.36523663150542,"segment_cum_len":806.5538686831562,"stop_segment_distance":16.729021808850163}
