{"route_id":"10","stop_id":"11061","stop_lat":34.078595,"stop_lon":-118.2843,"stop_sequence":30,"segment_first_lat":34.0779045706,"segment_first_lon":-118.284413144,"segment_second_lat":34.0785942754,"segment_second_lon":-118.2844181312,"segment_sequence":290009,"segment_id":15,"segment_len_meter":76.69305010446976,"segment_cum_len":8442.138284859995,"stop_segment_distance":11.66328463866013}
{"route_id":"10","stop_id":"15788","stop_lat":34.044456,"stop_lon":-118.255561,"stop_sequence":7,"segment_first_lat":34.0437790794,"segment_first_lon":-118.2547205054,"segment_second_lat":34.0443781097,"segment_second_lon":-118.2556330714,"segment_sequence":60002,"segment_id":3,"segment_len_meter":107.26785437320572,"segment_cum_len":2071.101880144298,"stop_segment_distance":11.639469523573538}
{"route_id":"106","stop_id":"9710","stop_lat":34.036461,"stop_lon":-118.178496,"stop_sequence":11,"segment_first_lat":34.0366988237,"segment_first_lon":-118.1773804934,"segment_second_lat":34.0363922088,"segment_second_lon":-118.1784677432,"segment_sequence":100007,"segment_id":5,"segment_len_meter":105.82713813014433,"segment_cum_len":3489.922216854746,"stop_segment_distance":8.388789121104438}
{"route_id":"120","stop_id":"142219","stop_lat":33.924069,"stop_lon":-118.151688,"stop_sequence":48,"segment_first_lat":33.923504197,"segment_first_lon":-118.1508271587,"segment_second_lat":33.9239594405,"segment_second_lon":-118.1517618019,"segment_sequence":470006,"segment_id":24,"segment_len_meter":99.99654364788438,"segment_cum_len":21506.81276766177,"stop_segment_distance":15.216906977389371}
{"route_id":"14","stop_id":"16530","stop_lat":34.034824,"stop_lon":-118.369291,"stop_sequence":2,"segment_first_lat":34.0347136921,"segment_first_lon":-118.3692155459,"segment_second_lat":34.0346456349,"segment_second_lon":-118.3693657537,"segment_sequence":20001,"segment_id":1,"segment_len_meter":15.77491887748244,"segment_cum_len":351.01479330727244,"stop_segment_distance":19.31979137800628}
{"route_id":"163","stop_id":"6222","stop_lat":34.200938,"stop_lon":-118.531344,"stop_sequence":26,"segment_first_lat":34.2010642956,"segment_first_lon":-118.531347755,"segment_second_lat":34.2010752819,"segment_second_lon":-118.5307855982,"segment_sequence":260001,"segment_id":13,"segment_len_meter":51.713741503144576,"segment_cum_len":9308.961546252323,"stop_segment_distance":15.908711388294904}
{"route_id":"169","stop_id":"6771","stop_lat":34.21362,"stop_lon":-118.448616,"stop_sequence":91,"segment_first_lat":34.2136189926,"segment_first_lon":-118.4487690588,"segment_second_lat":34.2142894947,"segment_second_lon":-118.4487650545,"segment_sequence":910001,"segment_id":46,"segment_len_meter":74.5573410199637,"segment_cum_len":37865.8874744899,"stop_segment_distance":15.212795997276643}
{"route_id":"176","stop_id":"11763","stop_lat":34.115886,"stop_lon":-118.158046,"stop_sequence":83,"segment_first_lat":34.1157411359,"segment_first_lon":-118.1580458734,"segment_second_lat":34.1157371764,"segment_second_lon":-118.158551347,"segment_sequence":830001,"segment_id":42,"segment_len_meter":46.53546674065163,"segment_cum_len":30558.648902352823,"stop_segment_distance":18.949993938637533}
{"route_id":"176","stop_id":"4627","stop_lat":34.051741,"stop_lon":-118.046745,"stop_sequence":25,"segment_first_lat":34.0518431709,"segment_first_lon":-118.0467448997,"segment_second_lat":34.0518488822,"segment_second_lon":-118.0447245247,"segment_sequence":250001,"segment_id":13,"segment_len_meter":186.13513930937654,"segment_cum_len":9274.678064712418,"stop_segment_distance":11.755295966766994}
{"route_id":"18","stop_id":"30010","stop_lat":34.00656,"stop_lon":-118.124931,"stop_sequence":75,"segment_first_lat":34.0062107617,"segment_first_lon":-118.1252105773,"segment_second_lat":34.006591803,"segment_second_lon":-118.1250286855,"segment_sequence":740005,"segment_id":37,"segment_len_meter":45.566619733987444,"segment_cum_len":20767.759969221555,"stop_segment_distance":10.71396152840532}
{"route_id":"206","stop_id":"13743","stop_lat":34.05102,"stop_lon":-118.300085,"stop_sequence":25,"segment_first_lat":34.0522237672,"segment_first_lon":-118.2999740073,"segment_second_lat":34.051020217,"segment_second_lon":-118.2999667211,"segment_sequence":240002,"segment_id":12,"segment_len_meter":133.8303596905592,"segment_cum_len":7187.0243455648415,"stop_segment_distance":11.309454668496414}
{"route_id":"209","stop_id":"5602","stop_lat":33.984265,"stop_lon":-118.317569,"stop_sequence":30,"segment_first_lat":33.9838856693,"segment_first_lon":-118.3176901062,"segment_second_lat":33.9842648768,"segment_second_lon":-118.3176892359,"segment_sequence":290003,"segment_id":15,"segment_len_meter":42.16602649829927,"segment_cum_len":10098.090403661274,"stop_segment_distance":12.55259905419178}
{"route_id":"232","stop_id":"23200113","stop_lat":33.887655,"stop_lon":-118.395848,"stop_sequence":77,"segment_first_lat":33.8876575726,"segment_first_lon":-118.3959992909,"segment_second_lat":33.8884792316,"segment_second_lon":-118.3959834032,"segment_sequence":770001,"segment_id":39,"segment_len_meter":91.3760814610974,"segment_cum_len":30483.986468729876,"stop_segment_distance":15.090654850958273}
{"route_id":"237","stop_id":"15554","stop_lat":34.150587,"stop_lon":-118.370162,"stop_sequence":23,"segment_first_lat":34.150586918,"segment_first_lon":-118.3703151565,"segment_second_lat":34.1512903598,"segment_second_lon":-118.3703209178,"segment_sequence":230001,"segment_id":12,"segment_len_meter":78.22095599938933,"segment_cum_len":8993.526740956455,"stop_segment_distance":15.438134254952175}
{"route_id":"243","stop_id":"14830","stop_lat":34.211881,"stop_lon":-118.553373,"stop_sequence":53,"segment_first_lat":34.2101843535,"segment_first_lon":-118.5535301793,"segment_second_lat":34.2118798338,"segment_second_lon":-118.5535262028,"segment_sequence":520003,"segment_id":26,"segment_len_meter":188.5291621915762,"segment_cum_len":23407.311690325663,"stop_segment_distance":14.770400174684085}
{"route_id":"243","stop_id":"20332","stop_lat":34.274463,"stop_lon":-118.578902,"stop_sequence":5,"segment_first_lat":34.274449424,"segment_first_lon":-118.578815899,"segment_second_lat":34.2738307437,"segment_second_lon":-118.5789569212,"segment_sequence":50001,"segment_id":3,"segment_len_meter":70.00385205119036,"segment_cum_len":3545.6619249944515,"stop_segment_distance":8.534929363168132}
{"route_id":"258","stop_id":"11302","stop_lat":34.047298,"stop_lon":-118.175333,"stop_sequence":34,"segment_first_lat":34.047384014,"segment_first_lon":-118.17522574,"segment_second_lat":34.0472869095,"segment_second_lon":-118.1751086779,"segment_sequence":340001,"segment_id":17,"segment_len_meter":15.261384565592767,"segment_cum_len":13898.882886314228,"stop_segment_distance":19.19555752686929}
{"route_id":"260","stop_id":"13164","stop_lat":34.084866,"stop_lon":-118.134711,"stop_sequence":36,"segment_first_lat":34.0858172408,"segment_first_lon":-118.1345704767,"segment_second_lat":34.0848664901,"segment_second_lon":-118.1345603602,"segment_sequence":350002,"segment_id":18,"segment_len_meter":105.72275935953328,"segment_cum_len":12708.030177816483,"stop_segment_distance":14.712018844798223}
{"route_id":"265","stop_id":"4272","stop_lat":33.938,"stop_lon":-118.141223,"stop_sequence":39,"segment_first_lat":33.9380643968,"segment_first_lon":-118.1413516892,"segment_second_lat":33.9389345601,"segment_second_lon":-118.1407139029,"segment_sequence":390001,"segment_id":20,"segment_len_meter":113.24230880787194,"segment_cum_len":15325.592624126191,"stop_segment_distance":14.66012083238283}
{"route_id":"267","stop_id":"3681","stop_lat":34.185807,"stop_lon":-118.159547,"stop_sequence":73,"segment_first_lat":34.1858064205,"segment_first_lon":-118.1597001216,"segment_second_lat":34.1865510847,"segment_second_lon":-118.1597074972,"segment_sequence":730001,"segment_id":37,"segment_len_meter":82.80566029451066,"segment_cum_len":24135.481064791522,"stop_segment_distance":15.324201086913277}
{"route_id":"268","stop_id":"15017","stop_lat":34.080865,"stop_lon":-118.031963,"stop_sequence":8,"segment_first_lat":34.0804415956,"segment_first_lon":-118.0323359994,"segment_second_lat":34.0809107176,"segment_second_lon":-118.0321050115,"segment_sequence":70003,"segment_id":4,"segment_len_meter":56.335030955034995,"segment_cum_len":2157.9809994396887,"stop_segment_distance":15.977695884111483}
{"route_id":"45","stop_id":"9683","stop_lat":33.909079,"stop_lon":-118.273634,"stop_sequence":68,"segment_first_lat":33.9091778563,"segment_first_lon":-118.2736338818,"segment_second_lat":33.9091555014,"segment_second_lon":-118.2701437021,"segment_sequence":680001,"segment_id":34,"segment_len_meter":322.09465398312625,"segment_cum_len":23575.761599408925,"stop_segment_distance":11.106136869307534}
{"route_id":"51","stop_id":"265","stop_lat":33.950923,"stop_lon":-118.265296,"stop_sequence":60,"segment_first_lat":33.9509229038,"segment_first_lon":-118.2651398792,"segment_second_lat":33.9502166933,"segment_second_lon":-118.2651455574,"segment_sequence":600001,"segment_id":30,"segment_len_meter":78.52877133209358,"segment_cum_len":16099.641680878132,"stop_segment_distance":15.62570798193704}
{"route_id":"60","stop_id":"13687","stop_lat":33.892514,"stop_lon":-118.20788,"stop_sequence":68,"segment_first_lat":33.8941906081,"segment_first_lon":-118.2078581622,"segment_second_lat":33.89252262,"segment_second_lon":-118.2077291455,"segment_sequence":670002,"segment_id":34,"segment_len_meter":185.8537091921527,"segment_cum_len":21616.241807573642,"stop_segment_distance":14.544512273431366}
{"route_id":"62","stop_id":"12557","stop_lat":33.914336,"stop_lon":-118.072705,"stop_sequence":53,"segment_first_lat":33.9161712617,"segment_first_lon":-118.0725883919,"segment_second_lat":33.9143354527,"segment_second_lon":-118.0725554912,"segment_sequence":520002,"segment_id":26,"segment_len_meter":204.15522206740408,"segment_cum_len":27906.381102041723,"stop_segment_distance":13.996503369616732}
{"route_id":"62","stop_id":"6488","stop_lat":34.003062,"stop_lon":-118.151281,"stop_sequence":33,"segment_first_lat":34.0033505045,"segment_first_lon":-118.1513636406,"segment_second_lat":34.0031424651,"segment_second_lon":-118.1511656331,"segment_sequence":320004,"segment_id":16,"segment_len_meter":29.466741978118442,"segment_cum_len":14721.208136300032,"stop_segment_distance":17.403455846655866}
{"route_id":"780","stop_id":"142411","stop_lat":34.145849,"stop_lon":-118.120019,"stop_sequence":30,"segment_first_lat":34.1459684016,"segment_first_lon":-118.1213085562,"segment_second_lat":34.1459771073,"segment_second_lon":-118.120019622,"segment_sequence":290011,"segment_id":15,"segment_len_meter":118.61948377705977,"segment_cum_len":34702.65376373851,"stop_segment_distance":15.038759561089165}
{"route_id":"794","stop_id":"3867","stop_lat":34.186222,"stop_lon":-118.315877,"stop_sequence":24,"segment_first_lat":34.1855563488,"segment_first_lon":-118.3151075393,"segment_second_lat":34.1861686237,"segment_second_lon":-118.3159325301,"segment_sequence":230015,"segment_id":12,"segment_len_meter":101.94920571525093,"segment_cum_len":22231.19689700032,"stop_segment_distance":8.291677506894601}
{"route_id":"81","stop_id":"13425","stop_lat":33.938059,"stop_lon":-118.282689,"stop_sequence":96,"segment_first_lat":33.9380590708,"segment_first_lon":-118.2825834166,"segment_second_lat":33.9373721135,"segment_second_lon":-118.2825810995,"segment_sequence":960001,"segment_id":48,"segment_len_meter":76.38646566961482,"segment_cum_len":30644.347303161703,"stop_segment_distance":10.378010369804073}
{"route_id":"83","stop_id":"142074","stop_lat":34.087417,"stop_lon":-118.21247,"stop_sequence":28,"segment_first_lat":34.0873732867,"segment_first_lon":-118.212326952,"segment_second_lat":34.0866777939,"segment_second_lon":-118.2126432318,"segment_sequence":280001,"segment_id":14,"segment_len_meter":82.63827287465888,"segment_cum_len":8452.875270804365,"stop_segment_distance":15.132906674386234}
{"route_id":"92","stop_id":"2233","stop_lat":34.288566,"stop_lon":-118.427248,"stop_sequence":112,"segment_first_lat":34.2878891275,"segment_first_lon":-118.4267346481,"segment_second_lat":34.2884840251,"segment_second_lon":-118.4273640687,"segment_sequence":1110004,"segment_id":56,"segment_len_meter":87.86095237110057,"segment_cum_len":38369.025421154525,"stop_segment_distance":14.987633077683071}
{"route_id":"94","stop_id":"14217","stop_lat":34.263143,"stop_lon":-118.419161,"stop_sequence":12,"segment_first_lat":34.2643733287,"segment_first_lon":-118.4202564535,"segment_second_lat":34.263225335,"segment_second_lon":-118.4190452937,"segment_sequence":110003,"segment_id":6,"segment_len_meter":169.36073776355923,"segment_cum_len":4659.706033839591,"stop_segment_distance":14.524574265739119}
