{"route_id":"10","stop_id":"16388","stop_lat":34.075729,"stop_lon":-118.281853,"stop_sequence":28,"segment_first_lat":34.075427288,"segment_first_lon":-118.2815119801,"segment_second_lat":34.0756178483,"segment_second_lon":-118.2819263899,"segment_sequence":270003,"segment_id":14,"segment_len_meter":43.655529706938104,"segment_cum_len":7974.105349034625,"stop_segment_distance":16.388526726590072}
{"route_id":"106","stop_id":"142322","stop_lat":34.058052,"stop_lon":-118.210342,"stop_sequence":32,"segment_first_lat":34.0579381612,"segment_first_lon":-118.2104149516,"segment_second_lat":34.0581935407,"segment_second_lon":-118.2109860981,"segment_sequence":320001,"segment_id":16,"segment_len_meter":59.78897545271303,"segment_cum_len":11269.388871779496,"stop_segment_distance":15.929912690277334}
{"route_id":"111","stop_id":"3638","stop_lat":33.965264,"stop_lon":-118.353227,"stop_sequence":17,"segment_first_lat":33.9644607258,"segment_first_lon":-118.3533683637,"segment_second_lat":33.9652630764,"segment_second_lon":-118.3533770256,"segment_sequence":160005,"segment_id":8,"segment_len_meter":89.22089226143248,"segment_cum_len":5978.115608074123,"stop_segment_distance":14.881644191172498}
{"route_id":"115","stop_id":"7797","stop_lat":33.959878,"stop_lon":-118.304804,"stop_sequence":35,"segment_first_lat":33.9599909817,"segment_first_lon":-118.3067996162,"segment_second_lat":33.9600037332,"segment_second_lon":-118.3048045746,"segment_sequence":340002,"segment_id":17,"segment_len_meter":184.00448276095588,"segment_cum_len":8694.871682726422,"stop_segment_distance":14.456924317749042}
{"route_id":"117","stop_id":"5031","stop_lat":33.945421,"stop_lon":-118.282279,"stop_sequence":28,"segment_first_lat":33.9455476798,"segment_first_lon":-118.2822789679,"segment_second_lat":33.9455522552,"segment_second_lon":-118.2803172116,"segment_sequence":280001,"segment_id":14,"segment_len_meter":180.96061321322884,"segment_cum_len":12152.22134232334,"stop_segment_distance":14.676127707290817}
{"route_id":"14","stop_id":"420","stop_lat":34.076441,"stop_lon":-118.296389,"stop_sequence":53,"segment_first_lat":34.076319145,"segment_first_lon":-118.2958137275,"segment_second_lat":34.0763155382,"segment_second_lon":-118.2963883065,"segment_sequence":520009,"segment_id":26,"segment_len_meter":52.92131893440189,"segment_cum_len":19543.980734172208,"stop_segment_distance":15.718285402982978}
{"route_id":"154","stop_id":"12667","stop_lat":34.179532,"stop_lon":-118.394222,"stop_sequence":35,"segment_first_lat":34.1794342602,"segment_first_lon":-118.3942215474,"segment_second_lat":34.1794329046,"segment_second_lon":-118.3950580447,"segment_sequence":350001,"segment_id":18,"segment_len_meter":76.94919350634707,"segment_cum_len":13874.37629186295,"stop_segment_distance":11.611780095083233}
{"route_id":"154","stop_id":"6614","stop_lat":34.178794,"stop_lon":-118.308628,"stop_sequence":3,"segment_first_lat":34.1782049396,"segment_first_lon":-118.3079580824,"segment_second_lat":34.178741673,"segment_second_lon":-118.3086844716,"segment_sequence":20002,"segment_id":1,"segment_len_meter":89.5934808899328,"segment_cum_len":941.5201519860747,"stop_segment_distance":8.140459730428049}
{"route_id":"155","stop_id":"18054","stop_lat":34.15752,"stop_lon":-118.405426,"stop_sequence":16,"segment_first_lat":34.1576270367,"segment_first_lon":-118.4070629118,"segment_second_lat":34.1576201687,"segment_second_lon":-118.4054266672,"segment_sequence":150002,"segment_id":8,"segment_len_meter":150.558307998105,"segment_cum_len":5396.310264677898,"stop_segment_distance":11.667482541666033}
{"route_id":"16","stop_id":"15621","stop_lat":34.059939,"stop_lon":-118.265302,"stop_sequence":14,"segment_first_lat":34.0596699944,"segment_first_lon":-118.2649443928,"segment_second_lat":34.059822686,"segment_second_lon":-118.2653608777,"segment_sequence":130007,"segment_id":7,"segment_len_meter":41.9554756704359,"segment_cum_len":3656.1627410891724,"stop_segment_distance":16.565944855321064}
{"route_id":"164","stop_id":"7162","stop_lat":34.186822,"stop_lon":-118.378844,"stop_sequence":24,"segment_first_lat":34.1866980899,"segment_first_lon":-118.3779343271,"segment_second_lat":34.1866952453,"segment_second_lon":-118.3788436358,"segment_sequence":230006,"segment_id":12,"segment_len_meter":83.64033375652184,"segment_cum_len":8368.978223484539,"stop_segment_distance":15.254173192180772}
{"route_id":"165","stop_id":"20072","stop_lat":34.193644,"stop_lon":-118.602062,"stop_sequence":13,"segment_first_lat":34.1937579107,"segment_first_lon":-118.6028500743,"segment_second_lat":34.1937651278,"segment_second_lon":-118.6020630747,"segment_sequence":120002,"segment_id":6,"segment_len_meter":72.38792487506034,"segment_cum_len":4310.338103353085,"stop_segment_distance":14.662002028853152}
{"route_id":"165","stop_id":"20339","stop_lat":34.193645,"stop_lon":-118.596738,"stop_sequence":14,"segment_first_lat":34.1937728403,"segment_first_lon":-118.5967356506,"segment_second_lat":34.1937670401,"segment_second_lon":-118.5954591308,"segment_sequence":140001,"segment_id":7,"segment_len_meter":117.40835154972959,"segment_cum_len":4917.745131596845,"stop_segment_distance":15.211453898195401}
{"route_id":"176","stop_id":"15013","stop_lat":34.070323,"stop_lon":-118.035812,"stop_sequence":33,"segment_first_lat":34.0685120958,"segment_first_lon":-118.035960208,"segment_second_lat":34.0703229363,"segment_second_lon":-118.0359639583,"segment_sequence":320005,"segment_id":16,"segment_len_meter":201.35657287094364,"segment_cum_len":12114.510875756641,"stop_segment_distance":14.465635471255638}
{"route_id":"176","stop_id":"2176","stop_lat":34.062585,"stop_lon":-118.066967,"stop_sequence":18,"segment_first_lat":34.0627143482,"segment_first_lon":-118.0674790508,"segment_second_lat":34.0627127096,"segment_second_lon":-118.0669672859,"segment_sequence":170003,"segment_id":9,"segment_len_meter":47.14242433121829,"segment_cum_len":6100.176055291039,"stop_segment_distance":16.370822669459756}
{"route_id":"18","stop_id":"5585","stop_lat":34.045711,"stop_lon":-118.250749,"stop_sequence":27,"segment_first_lat":34.0457890895,"segment_first_lon":-118.2506765752,"segment_second_lat":34.045607215,"segment_second_lon":-118.2503951122,"segment_sequence":270001,"segment_id":14,"segment_len_meter":32.88605202264428,"segment_cum_len":6597.230688505298,"stop_segment_distance":12.65251505469849}
{"route_id":"183","stop_id":"8611","stop_lat":34.180621,"stop_lon":-118.308731,"stop_sequence":44,"segment_first_lat":34.1807040702,"segment_first_lon":-118.3088474534,"segment_second_lat":34.1808492722,"segment_second_lon":-118.3086952352,"segment_sequence":440001,"segment_id":22,"segment_len_meter":21.37166229858009,"segment_cum_len":18047.166759267762,"stop_segment_distance":18.368200348252934}
{"route_id":"2","stop_id":"13598","stop_lat":34.047228,"stop_lon":-118.253407,"stop_sequence":83,"segment_first_lat":34.0471674086,"segment_first_lon":-118.2533156402,"segment_second_lat":34.045920191,"segment_second_lon":-118.2544728428,"segment_sequence":830001,"segment_id":42,"segment_len_meter":174.93061029227806,"segment_cum_len":26145.599021041766,"stop_segment_distance":11.324214551807188}
{"route_id":"200","stop_id":"4658","stop_lat":34.059302,"stop_lon":-118.274841,"stop_sequence":27,"segment_first_lat":34.0579583531,"segment_first_lon":-118.2758637163,"segment_second_lat":34.059360965,"segment_second_lon":-118.2749772449,"segment_sequence":260003,"segment_id":13,"segment_len_meter":176.0492948249807,"segment_cum_len":6117.365224456725,"stop_segment_distance":14.742279501680002}
{"route_id":"207","stop_id":"5729","stop_lat":34.068631,"stop_lon":-118.308951,"stop_sequence":47,"segment_first_lat":34.0671821531,"segment_first_lon":-118.3091045483,"segment_second_lat":34.0686302766,"segment_second_lon":-118.3091072579,"segment_sequence":460002,"segment_id":23,"segment_len_meter":161.02417977952493,"segment_cum_len":17575.463176536054,"stop_segment_distance":15.093062791131132}
{"route_id":"210","stop_id":"1772","stop_lat":34.022825,"stop_lon":-118.335243,"stop_sequence":38,"segment_first_lat":34.0240453879,"segment_first_lon":-118.3350992509,"segment_second_lat":34.0228253382,"segment_second_lon":-118.3350973362,"segment_sequence":370003,"segment_id":19,"segment_len_meter":135.66345165365507,"segment_cum_len":12310.08696987705,"stop_segment_distance":14.107045570844292}
{"route_id":"222","stop_id":"2040","stop_lat":34.259579,"stop_lon":-118.315917,"stop_sequence":66,"segment_first_lat":34.2597117785,"segment_first_lon":-118.3168205388,"segment_second_lat":34.2597048055,"segment_second_lon":-118.3159137067,"segment_sequence":650003,"segment_id":33,"segment_len_meter":83.34327352015178,"segment_cum_len":26615.553135268372,"stop_segment_distance":14.98836146343298}
{"route_id":"232","stop_id":"142212","stop_lat":33.919537,"stop_lon":-118.391212,"stop_sequence":90,"segment_first_lat":33.9194639364,"segment_first_lon":-118.3912120673,"segment_second_lat":33.9194583066,"segment_second_lon":-118.3960506879,"segment_sequence":900001,"segment_id":45,"segment_len_meter":446.4700482394474,"segment_cum_len":36437.59461503134,"stop_segment_distance":8.215622370235337}
{"route_id":"232","stop_id":"2404","stop_lat":33.805101,"stop_lon":-118.350903,"stop_sequence":47,"segment_first_lat":33.8046284639,"segment_first_lon":-118.3500291171,"segment_second_lat":33.8049857066,"segment_second_lon":-118.3509640992,"segment_sequence":460010,"segment_id":23,"segment_len_meter":95.08398689265141,"segment_cum_len":19089.14958364594,"stop_segment_distance":15.25834185996304}
{"route_id":"236","stop_id":"123624","stop_lat":34.310016,"stop_lon":-118.453049,"stop_sequence":47,"segment_first_lat":34.3101104182,"segment_first_lon":-118.452944478,"segment_second_lat":34.3095216589,"segment_second_lon":-118.4521783104,"segment_sequence":470001,"segment_id":24,"segment_len_meter":96.11410167201323,"segment_cum_len":23272.093843618055,"stop_segment_distance":15.152220302172154}
{"route_id":"237","stop_id":"2831","stop_lat":34.137925,"stop_lon":-118.363877,"stop_sequence":18,"segment_first_lat":34.1373684356,"segment_first_lon":-118.3634483069,"segment_second_lat":34.1378405583,"segment_second_lon":-118.3639843978,"segment_sequence":170012,"segment_id":9,"segment_len_meter":72.04416463345758,"segment_cum_len":7144.048939406723,"stop_segment_distance":14.98313121179379}
{"route_id":"256","stop_id":"10160","stop_lat":34.077663,"stop_lon":-118.1783,"stop_sequence":34,"segment_first_lat":34.0776018295,"segment_first_lon":-118.1785470879,"segment_second_lat":34.0777287502,"segment_second_lon":-118.1783819137,"segment_sequence":330016,"segment_id":17,"segment_len_meter":20.75086812664688,"segment_cum_len":10090.407531149109,"stop_segment_distance":13.506429271625763}
{"route_id":"260","stop_id":"10394","stop_lat":34.133905,"stop_lon":-118.150503,"stop_sequence":18,"segment_first_lat":34.1339055894,"segment_first_lon":-118.150349965,"segment_second_lat":34.1329410956,"segment_second_lon":-118.1503426125,"segment_sequence":180001,"segment_id":9,"segment_len_meter":107.2489523600381,"segment_cum_len":5617.9989982304305,"stop_segment_distance":15.029505361863414}
{"route_id":"266","stop_id":"5446","stop_lat":34.137277,"stop_lon":-118.073108,"stop_sequence":75,"segment_first_lat":34.1359746025,"segment_first_lon":-118.0732452316,"segment_second_lat":34.1372770848,"segment_second_lon":-118.0732582697,"segment_sequence":740002,"segment_id":37,"segment_len_meter":144.83439489942805,"segment_cum_len":36423.54000677139,"stop_segment_distance":14.365477302140022}
{"route_id":"30","stop_id":"7928","stop_lat":34.047059,"stop_lon":-118.314645,"stop_sequence":8,"segment_first_lat":34.0471825433,"segment_first_lon":-118.3157021935,"segment_second_lat":34.0471853004,"segment_second_lon":-118.3146458507,"segment_sequence":70003,"segment_id":4,"segment_len_meter":97.32507934937465,"segment_cum_len":2423.2207049546946,"stop_segment_distance":15.086116876214106}
{"route_id":"35","stop_id":"16523","stop_lat":34.039977,"stop_lon":-118.337104,"stop_sequence":68,"segment_first_lat":34.0398608145,"segment_first_lon":-118.3365654328,"segment_second_lat":34.0398573901,"segment_second_lon":-118.3371034521,"segment_sequence":670008,"segment_id":34,"segment_len_meter":49.575364042197265,"segment_cum_len":21082.224500269942,"stop_segment_distance":15.00322990993881}
{"route_id":"53","stop_id":"3438","stop_lat":33.896072,"stop_lon":-118.251718,"stop_sequence":9,"segment_first_lat":33.8960477582,"segment_first_lon":-118.2518654592,"segment_second_lat":33.896744253,"segment_second_lon":-118.2520362649,"segment_sequence":90001,"segment_id":5,"segment_len_meter":79.03493168213683,"segment_cum_len":4067.638284466698,"stop_segment_distance":15.155266049902238}
{"route_id":"53","stop_id":"627","stop_lat":34.012258,"stop_lon":-118.256344,"stop_sequence":57,"segment_first_lat":34.0122572581,"segment_first_lon":-118.2565146632,"segment_second_lat":34.0127710968,"segment_second_lon":-118.2565201975,"segment_sequence":570001,"segment_id":29,"segment_len_meter":57.13853356594262,"segment_cum_len":19313.011152763487,"stop_segment_distance":17.91210924400451}
{"route_id":"550","stop_id":"12037","stop_lat":33.754061,"stop_lon":-118.292093,"stop_sequence":17,"segment_first_lat":33.7540649702,"segment_first_lon":-118.2922437672,"segment_second_lat":33.7542834333,"segment_second_lon":-118.2922382774,"segment_sequence":170001,"segment_id":9,"segment_len_meter":24.297289809465518,"segment_cum_len":4922.922285867394,"stop_segment_distance":17.793152463754474}
{"route_id":"603","stop_id":"13799","stop_lat":34.138856,"stop_lon":-118.264528,"stop_sequence":8,"segment_first_lat":34.1408296558,"segment_first_lon":-118.2644118257,"segment_second_lat":34.1388566862,"segment_second_lon":-118.2644085583,"segment_sequence":70002,"segment_id":4,"segment_len_meter":219.3844160320862,"segment_cum_len":1983.2133651053957,"stop_segment_distance":11.32932742971633}
{"route_id":"611","stop_id":"14653","stop_lat":33.986331,"stop_lon":-118.17862,"stop_sequence":65,"segment_first_lat":33.9864582002,"segment_first_lon":-118.1785994787,"segment_second_lat":33.9862530252,"segment_second_lon":-118.1766719462,"segment_sequence":650001,"segment_id":33,"segment_len_meter":179.17609157284755,"segment_cum_len":19845.633546198176,"stop_segment_distance":14.912938939440494}
{"route_id":"71","stop_id":"708","stop_lat":34.063181,"stop_lon":-118.168687,"stop_sequence":40,"segment_first_lat":34.0630859085,"segment_first_lon":-118.168237853,"segment_second_lat":34.0631045357,"segment_second_lon":-118.1686737175,"segment_sequence":390040,"segment_id":20,"segment_len_meter":40.203590055624524,"segment_cum_len":13272.589499742993,"stop_segment_distance":11.089917790789123}
{"route_id":"733","stop_id":"13714","stop_lat":34.041362,"stop_lon":-118.255611,"stop_sequence":9,"segment_first_lat":34.0415939879,"segment_first_lon":-118.2549746231,"segment_second_lat":34.0412551321,"segment_second_lon":-118.2555152623,"segment_sequence":80006,"segment_id":4,"segment_len_meter":62.45945342438566,"segment_cum_len":4421.478974373897,"stop_segment_distance":16.399059961371236}
{"route_id":"780","stop_id":"16535","stop_lat":34.035276,"stop_lon":-118.369075,"stop_sequence":1,"segment_first_lat":34.035277414,"segment_first_lon":-118.3690823768,"segment_second_lat":34.0355976388,"segment_second_lon":-118.3689606748,"segment_sequence":10001,"segment_id":1,"segment_len_meter":37.331588944802235,"segment_cum_len":37.331588944802235,"stop_segment_distance":0.6499551517083191}
{"route_id":"94","stop_id":"5130","stop_lat":34.040009,"stop_lon":-118.260103,"stop_sequence":94,"segment_first_lat":34.0399474519,"segment_first_lon":-118.2600063159,"segment_second_lat":34.0391966251,"segment_second_lon":-118.2606941767,"segment_sequence":940001,"segment_id":47,"segment_len_meter":104.82073113655053,"segment_cum_len":40305.795166210926,"stop_segment_distance":11.898136339102109}
