{"route_id":"10","stop_id":"11712","stop_lat":34.083922,"stop_lon":-118.359778,"stop_sequence":58,"segment_first_lat":34.0837962027,"segment_first_lon":-118.3597838159,"segment_second_lat":34.0838128394,"segment_second_lon":-118.360471149,"segment_sequence":580001,"segment_id":29,"segment_len_meter":63.32609223574347,"segment_cum_len":15998.950658749072,"stop_segment_distance":15.650585053348543}
{"route_id":"102","stop_id":"1188","stop_lat":34.009139,"stop_lon":-118.256163,"stop_sequence":64,"segment_first_lat":34.0092353555,"segment_first_lon":-118.2561629043,"segment_second_lat":34.0092368031,"segment_second_lon":-118.2554798912,"segment_sequence":640001,"segment_id":32,"segment_len_meter":62.95676584015411,"segment_cum_len":20636.91940391399,"stop_segment_distance":11.65516350439379}
{"route_id":"102","stop_id":"657","stop_lat":34.004039,"stop_lon":-118.252234,"stop_sequence":67,"segment_first_lat":34.0043856624,"segment_first_lon":-118.2521128857,"segment_second_lat":34.0040394292,"segment_second_lon":-118.2521141526,"segment_sequence":660005,"segment_id":33,"segment_len_meter":38.49955239886532,"segment_cum_len":21528.62126972774,"stop_segment_distance":12.679432889043746}
{"route_id":"102","stop_id":"9965","stop_lat":33.973821,"stop_lon":-118.222706,"stop_sequence":86,"segment_first_lat":33.9739937072,"segment_first_lon":-118.2231356546,"segment_second_lat":33.9739478202,"segment_second_lon":-118.2226882953,"segment_sequence":850004,"segment_id":43,"segment_len_meter":41.56670181552236,"segment_cum_len":28291.008007220964,"stop_segment_distance":16.657952051019194}
{"route_id":"110","stop_id":"1999","stop_lat":33.966154,"stop_lon":-118.147867,"stop_sequence":90,"segment_first_lat":33.9657919971,"segment_first_lon":-118.145356275,"segment_second_lat":33.9660535462,"segment_second_lon":-118.147881266,"segment_sequence":890006,"segment_id":45,"segment_len_meter":234.66818615873697,"segment_cum_len":31077.953260130114,"stop_segment_distance":11.595123301600694}
{"route_id":"115","stop_id":"7822","stop_lat":33.959746,"stop_lon":-118.39325,"stop_sequence":3,"segment_first_lat":33.9598717502,"segment_first_lon":-118.3932507963,"segment_second_lat":33.9598741946,"segment_second_lon":-118.3919086556,"segment_sequence":30001,"segment_id":2,"segment_len_meter":123.78364914602079,"segment_cum_len":503.34665482999594,"stop_segment_distance":14.727869297909763}
{"route_id":"117","stop_id":"140762","stop_lat":33.945352,"stop_lon":-118.332988,"stop_sequence":16,"segment_first_lat":33.9454811698,"segment_first_lon":-118.3348080644,"segment_second_lat":33.9454818118,"segment_second_lon":-118.332988069,"segment_sequence":150001,"segment_id":8,"segment_len_meter":167.88348111137375,"segment_cum_len":7293.579741513214,"stop_segment_distance":15.054152797040047}
{"route_id":"117","stop_id":"6643","stop_lat":33.945739,"stop_lon":-118.220667,"stop_sequence":48,"segment_first_lat":33.945867152,"segment_first_lon":-118.2206489058,"segment_second_lat":33.9458442144,"segment_second_lon":-118.2204196968,"segment_sequence":480001,"segment_id":24,"segment_len_meter":21.296322238090514,"segment_cum_len":18213.378418805198,"stop_segment_distance":18.68816377465809}
{"route_id":"117","stop_id":"7569","stop_lat":33.945356,"stop_lon":-118.334808,"stop_sequence":15,"segment_first_lat":33.9454811698,"segment_first_lon":-118.3348080644,"segment_second_lat":33.9454818118,"segment_second_lon":-118.332988069,"segment_sequence":150001,"segment_id":8,"segment_len_meter":167.88348111137375,"segment_cum_len":7293.579741513214,"stop_segment_distance":14.494301620108843}
{"route_id":"120","stop_id":"140795","stop_lat":33.931128,"stop_lon":-118.282985,"stop_sequence":85,"segment_first_lat":33.9309989025,"segment_first_lon":-118.2829848565,"segment_second_lat":33.9309946107,"segment_second_lon":-118.284807819,"segment_sequence":850001,"segment_id":43,"segment_len_meter":168.18644982959802,"segment_cum_len":36876.51155043786,"stop_segment_distance":14.993756817653235}
{"route_id":"127","stop_id":"17302","stop_lat":33.896134,"stop_lon":-118.219683,"stop_sequence":43,"segment_first_lat":33.8960145752,"segment_first_lon":-118.2190562803,"segment_second_lat":33.8960134351,"segment_second_lon":-118.2196826837,"segment_sequence":420003,"segment_id":21,"segment_len_meter":57.81558768047424,"segment_cum_len":16112.078314467319,"stop_segment_distance":14.939964668171797}
{"route_id":"127","stop_id":"9890","stop_lat":33.896294,"stop_lon":-118.19373,"stop_sequence":33,"segment_first_lat":33.8961664852,"segment_first_lon":-118.1937268838,"segment_second_lat":33.8961556208,"segment_second_lon":-118.1945012179,"segment_sequence":330001,"segment_id":17,"segment_len_meter":71.47916418661524,"segment_cum_len":13787.751637541196,"stop_segment_distance":15.528138851973608}
{"route_id":"128","stop_id":"17226","stop_lat":33.887721,"stop_lon":-118.091496,"stop_sequence":15,"segment_first_lat":33.8875930294,"segment_first_lon":-118.0914955896,"segment_second_lat":33.8875854497,"segment_second_lon":-118.0927838496,"segment_sequence":150001,"segment_id":8,"segment_len_meter":118.91787017593725,"segment_cum_len":8150.68415245296,"stop_segment_distance":15.140491619428389}
{"route_id":"152","stop_id":"13011","stop_lat":34.22124,"stop_lon":-118.510206,"stop_sequence":56,"segment_first_lat":34.221115019,"segment_first_lon":-118.5102015517,"segment_second_lat":34.2211022751,"segment_second_lon":-118.5109424671,"segment_sequence":560001,"segment_id":28,"segment_len_meter":68.13755966736817,"segment_cum_len":22627.563745789554,"stop_segment_distance":15.189652748339412}
{"route_id":"155","stop_id":"12956","stop_lat":34.157508,"stop_lon":-118.439621,"stop_sequence":8,"segment_first_lat":34.1576064689,"segment_first_lon":-118.4396217781,"segment_second_lat":34.1576087867,"segment_second_lon":-118.4389838325,"segment_sequence":80001,"segment_id":4,"segment_len_meter":58.7000980545614,"segment_cum_len":2308.589307703383,"stop_segment_distance":11.938867444989178}
{"route_id":"164","stop_id":"7122","stop_lat":34.186836,"stop_lon":-118.367922,"stop_sequence":21,"segment_first_lat":34.1867070219,"segment_first_lon":-118.3670026694,"segment_second_lat":34.1867089007,"segment_second_lon":-118.3679219189,"segment_sequence":200006,"segment_id":10,"segment_len_meter":84.5543538466706,"segment_cum_len":7364.376341660735,"stop_segment_distance":15.3474990047187}
{"route_id":"169","stop_id":"20424","stop_lat":34.184929,"stop_lon":-118.655665,"stop_sequence":28,"segment_first_lat":34.1849428725,"segment_first_lon":-118.6558176442,"segment_second_lat":34.1864046672,"segment_second_lon":-118.6556340281,"segment_sequence":280001,"segment_id":14,"segment_len_meter":163.4192707664501,"segment_cum_len":12377.311249818185,"stop_segment_distance":14.817406689796286}
{"route_id":"200","stop_id":"4981","stop_lat":34.016348,"stop_lon":-118.2826,"stop_sequence":4,"segment_first_lat":34.0161280898,"segment_first_lon":-118.282754587,"segment_second_lat":34.0163479173,"segment_second_lon":-118.2827553296,"segment_sequence":30005,"segment_id":2,"segment_len_meter":24.443798559206282,"segment_cum_len":834.2408304603834,"stop_segment_distance":18.173448264180745}
{"route_id":"204","stop_id":"17308","stop_lat":34.10087,"stop_lon":-118.29192,"stop_sequence":66,"segment_first_lat":34.1008702742,"segment_first_lon":-118.2917656103,"segment_second_lat":34.0992902524,"segment_second_lon":-118.2917624095,"segment_sequence":660001,"segment_id":33,"segment_len_meter":175.6906553377988,"segment_cum_len":20553.948697273278,"stop_segment_distance":14.783042091926575}
{"route_id":"205","stop_id":"17615","stop_lat":33.905832,"stop_lon":-118.238282,"stop_sequence":120,"segment_first_lat":33.9056393421,"segment_first_lon":-118.2383635286,"segment_second_lat":33.9057821182,"segment_second_lon":-118.2384199586,"segment_sequence":1200009,"segment_id":60,"segment_len_meter":16.708302638743344,"segment_cum_len":45585.83390788988,"stop_segment_distance":19.884659604210693}
{"route_id":"210","stop_id":"9448","stop_lat":33.971026,"stop_lon":-118.330995,"stop_sequence":56,"segment_first_lat":33.9718174279,"segment_first_lon":-118.3308434562,"segment_second_lat":33.971026044,"segment_second_lon":-118.3308432982,"segment_sequence":550005,"segment_id":28,"segment_len_meter":87.99787591451673,"segment_cum_len":18186.131198835945,"stop_segment_distance":15.096932765386626}
{"route_id":"218","stop_id":"11986","stop_lat":34.079908,"stop_lon":-118.36159,"stop_sequence":16,"segment_first_lat":34.079907958,"segment_first_lon":-118.3614381044,"segment_second_lat":34.0782180416,"segment_second_lon":-118.3614278296,"segment_sequence":160001,"segment_id":8,"segment_len_meter":187.9125128504283,"segment_cum_len":9793.735890719003,"stop_segment_distance":14.584184131691615}
{"route_id":"230","stop_id":"2897","stop_lat":34.26947,"stop_lon":-118.443683,"stop_sequence":13,"segment_first_lat":34.2717393897,"segment_first_lon":-118.4458997199,"segment_second_lat":34.2695512869,"segment_second_lon":-118.4435677769,"segment_sequence":120002,"segment_id":6,"segment_len_meter":324.2139507058193,"segment_cum_len":3830.807098728556,"stop_segment_distance":14.005521838279435}
{"route_id":"230","stop_id":"2901","stop_lat":34.26178,"stop_lon":-118.435494,"stop_sequence":15,"segment_first_lat":34.2625093335,"segment_first_lon":-118.4360571906,"segment_second_lat":34.2618627262,"segment_second_lon":-118.4353776588,"segment_sequence":140004,"segment_id":7,"segment_len_meter":95.23310170942966,"segment_cum_len":4969.830121380194,"stop_segment_distance":15.077609260682749}
{"route_id":"256","stop_id":"10205","stop_lat":34.087849,"stop_lon":-118.183718,"stop_sequence":42,"segment_first_lat":34.0878786369,"segment_first_lon":-118.1838246131,"segment_second_lat":34.0892064026,"segment_second_lon":-118.1832852199,"segment_sequence":420001,"segment_id":21,"segment_len_meter":155.77262680725096,"segment_cum_len":12604.58648220473,"stop_segment_distance":10.692912142850076}
{"route_id":"256","stop_id":"10632","stop_lat":34.135649,"stop_lon":-118.15384,"stop_sequence":80,"segment_first_lat":34.1357757954,"segment_first_lon":-118.1538406629,"segment_second_lat":34.1357791008,"segment_second_lon":-118.1529682572,"segment_sequence":800001,"segment_id":40,"segment_len_meter":80.29458669275682,"segment_cum_len":24890.99059924962,"stop_segment_distance":15.331124764814192}
{"route_id":"258","stop_id":"13395","stop_lat":34.005547,"stop_lon":-118.159131,"stop_sequence":56,"segment_first_lat":34.0055354213,"segment_first_lon":-118.158983049,"segment_second_lat":34.0041620645,"segment_second_lon":-118.1591747752,"segment_sequence":560001,"segment_id":28,"segment_len_meter":153.72957203931662,"segment_cum_len":20547.761938155098,"stop_segment_distance":14.01966436244274}
{"route_id":"266","stop_id":"3850","stop_lat":34.12758,"stop_lon":-118.072964,"stop_sequence":72,"segment_first_lat":34.1260521365,"segment_first_lon":-118.0730977608,"segment_second_lat":34.1275799416,"segment_second_lon":-118.0731142964,"segment_sequence":710003,"segment_id":36,"segment_len_meter":169.8909941753734,"segment_cum_len":35345.176702483885,"stop_segment_distance":14.279434453704994}
{"route_id":"30","stop_id":"7927","stop_lat":34.04715,"stop_lon":-118.289359,"stop_sequence":15,"segment_first_lat":34.0472734834,"segment_first_lon":-118.2904160662,"segment_second_lat":34.0472760193,"segment_second_lon":-118.2893597216,"segment_sequence":140004,"segment_id":7,"segment_len_meter":97.32506656645793,"segment_cum_len":4752.980637391216,"stop_segment_distance":15.042164583009068}
{"route_id":"40","stop_id":"9443","stop_lat":33.990607,"stop_lon":-118.330957,"stop_sequence":45,"segment_first_lat":33.9906074281,"segment_first_lon":-118.3308045525,"segment_second_lat":33.9890301315,"segment_second_lon":-118.3308125057,"segment_sequence":450001,"segment_id":23,"segment_len_meter":175.38891250001487,"segment_cum_len":16990.604782194452,"stop_segment_distance":14.511182203750593}
{"route_id":"460","stop_id":"15693","stop_lat":34.047647,"stop_lon":-118.24981,"stop_sequence":3,"segment_first_lat":34.0475710781,"segment_first_lon":-118.2498830447,"segment_second_lat":34.0477893785,"segment_second_lon":-118.2502233821,"segment_sequence":30001,"segment_id":2,"segment_len_meter":39.65400221125945,"segment_cum_len":872.1299725915766,"stop_segment_distance":12.387871869633784}
{"route_id":"460","stop_id":"25013","stop_lat":33.873725,"stop_lon":-117.998352,"stop_sequence":51,"segment_first_lat":33.8753548556,"segment_first_lon":-117.9982100851,"segment_second_lat":33.8737253958,"segment_second_lon":-117.9981956251,"segment_sequence":510003,"segment_id":26,"segment_len_meter":181.19258072482552,"segment_cum_len":48349.88118371378,"stop_segment_distance":14.94889834636939}
{"route_id":"51","stop_id":"251","stop_lat":33.996724,"stop_lon":-118.265349,"stop_sequence":42,"segment_first_lat":33.9975868757,"segment_first_lon":-118.2652032047,"segment_second_lat":33.9967240597,"segment_second_lon":-118.2651975023,"segment_sequence":410007,"segment_id":21,"segment_len_meter":95.94220203981894,"segment_cum_len":10928.121604278818,"stop_segment_distance":14.908339444205097}
{"route_id":"51","stop_id":"7587","stop_lat":33.895793,"stop_lon":-118.231979,"stop_sequence":92,"segment_first_lat":33.8959098916,"segment_first_lon":-118.2338248158,"segment_second_lat":33.8959184031,"segment_second_lon":-118.2319795617,"segment_sequence":910002,"segment_id":46,"segment_len_meter":170.3151130737192,"segment_cum_len":25302.248680260807,"stop_segment_distance":14.488728626326548}
{"route_id":"55","stop_id":"822","stop_lat":33.989114,"stop_lon":-118.247584,"stop_sequence":30,"segment_first_lat":33.988869311,"segment_first_lon":-118.2477381417,"segment_second_lat":33.9891166243,"segment_second_lon":-118.2477352448,"segment_sequence":290007,"segment_id":15,"segment_len_meter":27.501281207777915,"segment_cum_len":8726.410526725582,"stop_segment_distance":17.14207614568671}
{"route_id":"550","stop_id":"25400199","stop_lat":33.735788,"stop_lon":-118.29219,"stop_sequence":12,"segment_first_lat":33.7351667889,"segment_first_lon":-118.2923427742,"segment_second_lat":33.7357877951,"segment_second_lon":-118.2923403316,"segment_sequence":110003,"segment_id":6,"segment_len_meter":69.0531082594435,"segment_cum_len":2804.687915954784,"stop_segment_distance":15.353503150957422}
{"route_id":"611","stop_id":"9609","stop_lat":33.995966,"stop_lon":-118.18705,"stop_sequence":58,"segment_first_lat":33.9963339936,"segment_first_lon":-118.1874759576,"segment_second_lat":33.9960489832,"segment_second_lon":-118.1869817775,"segment_sequence":570006,"segment_id":29,"segment_len_meter":55.49674584200675,"segment_cum_len":17771.020075720182,"stop_segment_distance":12.383353437660794}
{"route_id":"70","stop_id":"2174","stop_lat":34.062031,"stop_lon":-118.14029,"stop_sequence":42,"segment_first_lat":34.0621523673,"segment_first_lon":-118.1403469995,"segment_second_lat":34.0622508725,"segment_second_lon":-118.139996856,"segment_sequence":420001,"segment_id":21,"segment_len_meter":34.06333153847114,"segment_cum_len":15115.360048758612,"stop_segment_distance":16.844667585071598}
{"route_id":"733","stop_id":"13968","stop_lat":34.049661,"stop_lon":-118.247621,"stop_sequence":6,"segment_first_lat":34.0502691999,"segment_first_lon":-118.2469493866,"segment_second_lat":34.0496134294,"segment_second_lon":-118.2475492586,"segment_sequence":50004,"segment_id":3,"segment_len_meter":91.49576801487748,"segment_cum_len":3233.878457301919,"stop_segment_distance":8.633898104043311}
{"route_id":"780","stop_id":"3497","stop_lat":34.091109,"stop_lon":-118.361318,"stop_sequence":10,"segment_first_lat":34.0911082266,"segment_first_lon":-118.3614713191,"segment_second_lat":34.0918693734,"segment_second_lon":-118.3614769211,"segment_sequence":100001,"segment_id":5,"segment_len_meter":84.63723469149984,"segment_cum_len":6904.491477226942,"stop_segment_distance":15.288346794685069}
{"route_id":"81","stop_id":"13466","stop_lat":33.974932,"stop_lon":-118.2828,"stop_sequence":83,"segment_first_lat":33.9755753308,"segment_first_lon":-118.2826704338,"segment_second_lat":33.9749323262,"segment_second_lon":-118.2826728809,"segment_sequence":820006,"segment_id":41,"segment_len_meter":71.49920540672538,"segment_cum_len":26467.742528345487,"stop_segment_distance":12.74872445040414}
{"route_id":"92","stop_id":"3401","stop_lat":34.1447,"stop_lon":-118.254836,"stop_sequence":47,"segment_first_lat":34.1446996704,"segment_first_lon":-118.2549914117,"segment_second_lat":34.14628794,"segment_second_lon":-118.2549932833,"segment_sequence":470001,"segment_id":24,"segment_len_meter":176.6076056509323,"segment_cum_len":13947.596291597301,"stop_segment_distance":14.857718283212591}
