{"route_id":"108","stop_id":"11730","stop_lat":33.98496,"stop_lon":-118.399837,"stop_sequence":1,"segment_first_lat":33.9849192294,"segment_first_lon":-118.3999060426,"segment_second_lat":33.9850285387,"segment_second_lon":-118.4000058544,"segment_sequence":10001,"segment_id":1,"segment_len_meter":15.245522931569308,"segment_cum_len":15.245522931569308,"stop_segment_distance":9.903423177874792}
{"route_id":"111","stop_id":"1412","stop_lat":33.974627,"stop_lon":-118.247924,"stop_sequence":43,"segment_first_lat":33.9747531927,"segment_first_lon":-118.2479203326,"segment_second_lat":33.9747482383,"segment_second_lon":-118.2476567884,"segment_sequence":430001,"segment_id":22,"segment_len_meter":24.308224582918704,"segment_cum_len":16073.32773656516,"stop_segment_distance":17.81481024281441}
{"route_id":"117","stop_id":"7553","stop_lat":33.945434,"stop_lon":-118.277791,"stop_sequence":29,"segment_first_lat":33.9455600867,"segment_first_lon":-118.2781213722,"segment_second_lat":33.9455608465,"segment_second_lon":-118.2777916652,"segment_sequence":280007,"segment_id":14,"segment_len_meter":30.41354726394386,"segment_cum_len":12385.189804255864,"stop_segment_distance":17.236471129903038}
{"route_id":"128","stop_id":"8695","stop_lat":33.889455,"stop_lon":-118.130104,"stop_sequence":23,"segment_first_lat":33.8893357838,"segment_first_lon":-118.1287064964,"segment_second_lat":33.8893293378,"segment_second_lon":-118.130103513,"segment_sequence":220005,"segment_id":11,"segment_len_meter":128.95319054003028,"segment_cum_len":11626.665356460977,"stop_segment_distance":14.695284278721402}
{"route_id":"14","stop_id":"140895","stop_lat":34.076355,"stop_lon":-118.319336,"stop_sequence":59,"segment_first_lat":34.0762333269,"segment_first_lon":-118.3187475445,"segment_second_lat":34.0762295762,"segment_second_lon":-118.3193353308,"segment_sequence":580007,"segment_id":29,"segment_len_meter":54.13787758560533,"segment_cum_len":21657.50143361911,"stop_segment_distance":15.669774202669537}
{"route_id":"154","stop_id":"12678","stop_lat":34.179521,"stop_lon":-118.405034,"stop_sequence":38,"segment_first_lat":34.1794197149,"segment_first_lon":-118.4040413046,"segment_second_lat":34.1794210686,"segment_second_lon":-118.405033213,"segment_sequence":370004,"segment_id":19,"segment_len_meter":91.2453880703743,"segment_cum_len":14792.00183785784,"stop_segment_distance":11.876203893053926}
{"route_id":"154","stop_id":"2723","stop_lat":34.172277,"stop_lon":-118.457558,"stop_sequence":52,"segment_first_lat":34.1721399618,"segment_first_lon":-118.457438558,"segment_second_lat":34.1721358558,"segment_second_lon":-118.4592469496,"segment_sequence":520002,"segment_id":26,"segment_len_meter":166.36821613176446,"segment_cum_len":20585.803772710853,"stop_segment_distance":8.588178929698387}
{"route_id":"154","stop_id":"30001","stop_lat":34.168829,"stop_lon":-118.375295,"stop_sequence":26,"segment_first_lat":34.1690126532,"segment_first_lon":-118.3744062487,"segment_second_lat":34.1690080792,"segment_second_lon":-118.3758806701,"segment_sequence":250013,"segment_id":13,"segment_len_meter":135.64913069015196,"segment_cum_len":10918.03311345205,"stop_segment_distance":6.072500675181317}
{"route_id":"155","stop_id":"11801","stop_lat":34.151592,"stop_lon":-118.44701,"stop_sequence":1,"segment_first_lat":34.1516637577,"segment_first_lon":-118.4469965811,"segment_second_lat":34.1516445072,"segment_second_lon":-118.4468520389,"segment_sequence":10001,"segment_id":1,"segment_len_meter":13.471898642160733,"segment_cum_len":13.471898642160733,"stop_segment_distance":10.266502083535654}
{"route_id":"163","stop_id":"6189","stop_lat":34.201013,"stop_lon":-118.538749,"stop_sequence":24,"segment_first_lat":34.2011320964,"segment_first_lon":-118.5396823785,"segment_second_lat":34.2011384515,"segment_second_lon":-118.5387497835,"segment_sequence":230006,"segment_id":12,"segment_len_meter":85.76987326256581,"segment_cum_len":8566.7662601469,"stop_segment_distance":15.03448980848681}
{"route_id":"167","stop_id":"9531","stop_lat":34.242608,"stop_lon":-118.584352,"stop_sequence":8,"segment_first_lat":34.2427181118,"segment_first_lon":-118.5859610996,"segment_second_lat":34.2427333052,"segment_second_lon":-118.5843530923,"segment_sequence":70002,"segment_id":4,"segment_len_meter":147.81853963020876,"segment_cum_len":3311.770588474925,"stop_segment_distance":14.53043052628746}
{"route_id":"176","stop_id":"11103","stop_lat":34.105673,"stop_lon":-118.134477,"stop_sequence":75,"segment_first_lat":34.10559993,"segment_first_lon":-118.1346033069,"segment_second_lat":34.1057144139,"segment_second_lon":-118.1346949954,"segment_sequence":750001,"segment_id":38,"segment_len_meter":15.274713629644003,"segment_cum_len":27692.20608342099,"stop_segment_distance":19.50391480879805}
{"route_id":"176","stop_id":"12786","stop_lat":34.112244,"stop_lon":-118.175013,"stop_sequence":90,"segment_first_lat":34.1120818921,"segment_first_lon":-118.17493054,"segment_second_lat":34.1121193445,"segment_second_lon":-118.175064086,"segment_sequence":890020,"segment_id":45,"segment_len_meter":12.980805430942768,"segment_cum_len":32294.82187541829,"stop_segment_distance":21.215363613570148}
{"route_id":"18","stop_id":"9750","stop_lat":34.034635,"stop_lon":-118.235203,"stop_sequence":35,"segment_first_lat":34.0348284381,"segment_first_lon":-118.2362098466,"segment_second_lat":34.0347617341,"segment_second_lon":-118.2351891109,"segment_sequence":340003,"segment_id":17,"segment_len_meter":94.3497217815492,"segment_cum_len":8646.398753746671,"stop_segment_distance":15.039116806611958}
{"route_id":"180","stop_id":"2798","stop_lat":34.190034,"stop_lon":-118.131508,"stop_sequence":93,"segment_first_lat":34.1901102978,"segment_first_lon":-118.1317425951,"segment_second_lat":34.1901547497,"segment_second_lon":-118.1315485595,"segment_sequence":920015,"segment_id":46,"segment_len_meter":18.518818918270778,"segment_cum_len":28534.844936092824,"stop_segment_distance":18.60210610400497}
{"route_id":"201","stop_id":"9820","stop_lat":34.146463,"stop_lon":-118.250314,"stop_sequence":9,"segment_first_lat":34.1463370145,"segment_first_lon":-118.2503135329,"segment_second_lat":34.1463258347,"segment_second_lon":-118.2513314436,"segment_sequence":90001,"segment_id":5,"segment_len_meter":93.68216006658855,"segment_cum_len":2452.6511012104465,"stop_segment_distance":15.191829028600438}
{"route_id":"206","stop_id":"13786","stop_lat":33.989286,"stop_lon":-118.300306,"stop_sequence":46,"segment_first_lat":33.9897229809,"segment_first_lon":-118.3001855318,"segment_second_lat":33.9892915621,"segment_second_lon":-118.3001872839,"segment_sequence":450007,"segment_id":23,"segment_len_meter":47.97185379335292,"segment_cum_len":14065.743655456386,"stop_segment_distance":12.834084675819334}
{"route_id":"212","stop_id":"13638","stop_lat":34.04983,"stop_lon":-118.344334,"stop_sequence":28,"segment_first_lat":34.0498363893,"segment_first_lon":-118.3441821696,"segment_second_lat":34.0495476295,"segment_second_lon":-118.3441674469,"segment_sequence":280001,"segment_id":14,"segment_len_meter":32.137262560414314,"segment_cum_len":7959.998937235243,"stop_segment_distance":16.816160440361273}
{"route_id":"224","stop_id":"5829","stop_lat":34.269045,"stop_lon":-118.42502,"stop_sequence":41,"segment_first_lat":34.2669741919,"segment_first_lon":-118.4230233137,"segment_second_lat":34.268962589,"segment_second_lon":-118.4251355043,"segment_sequence":400002,"segment_id":20,"segment_len_meter":294.2075848954314,"segment_cum_len":16597.667450525172,"stop_segment_distance":14.240718688315894}
{"route_id":"233","stop_id":"6546","stop_lat":34.279531,"stop_lon":-118.388988,"stop_sequence":55,"segment_first_lat":34.2796957948,"segment_first_lon":-118.388941931,"segment_second_lat":34.2791152057,"segment_second_lon":-118.3883301317,"segment_sequence":550002,"segment_id":28,"segment_len_meter":85.60164582409786,"segment_cum_len":18310.999676337175,"stop_segment_distance":9.305404931956957}
{"route_id":"237","stop_id":"15420","stop_lat":34.165058,"stop_lon":-118.370891,"stop_sequence":28,"segment_first_lat":34.1649324302,"segment_first_lon":-118.3708904688,"segment_second_lat":34.164930016,"segment_second_lon":-118.3723912739,"segment_sequence":280001,"segment_id":14,"segment_len_meter":138.08243623242387,"segment_cum_len":10698.288881196753,"stop_segment_distance":14.645248402817202}
{"route_id":"239","stop_id":"20025","stop_lat":34.278986,"stop_lon":-118.476069,"stop_sequence":49,"segment_first_lat":34.2791104664,"segment_first_lon":-118.4759006154,"segment_second_lat":34.275647965,"segment_second_lon":-118.4759381334,"segment_sequence":490002,"segment_id":25,"segment_len_meter":385.0280215614206,"segment_cum_len":19316.981120487995,"stop_segment_distance":7.09758226278683}
{"route_id":"243","stop_id":"14826","stop_lat":34.25713,"stop_lon":-118.553464,"stop_sequence":65,"segment_first_lat":34.2565853752,"segment_first_lon":-118.5535797842,"segment_second_lat":34.257124067,"segment_second_lon":-118.5536177755,"segment_sequence":640005,"segment_id":32,"segment_len_meter":60.00147242503294,"segment_cum_len":28438.510506348794,"stop_segment_distance":15.633932073027445}
{"route_id":"243","stop_id":"16795","stop_lat":34.175539,"stop_lon":-118.571095,"stop_sequence":38,"segment_first_lat":34.1758149585,"segment_first_lon":-118.5709411483,"segment_second_lat":34.1755401509,"segment_second_lon":-118.5709445602,"segment_sequence":370023,"segment_id":19,"segment_len_meter":30.558822880516527,"segment_cum_len":16901.597771211793,"stop_segment_distance":17.073298054299133}
{"route_id":"243","stop_id":"7034","stop_lat":34.172197,"stop_lon":-118.565551,"stop_sequence":40,"segment_first_lat":34.1723217855,"segment_first_lon":-118.5655660479,"segment_second_lat":34.1723785451,"segment_second_lon":-118.5648278525,"segment_sequence":400001,"segment_id":20,"segment_len_meter":68.20463707400603,"segment_cum_len":17999.78445687193,"stop_segment_distance":15.26273019142684}
{"route_id":"246","stop_id":"295","stop_lat":33.812523,"stop_lon":-118.263802,"stop_sequence":49,"segment_first_lat":33.8109287075,"segment_first_lon":-118.2640108338,"segment_second_lat":33.8125280637,"segment_second_lon":-118.2639523332,"segment_sequence":480002,"segment_id":24,"segment_len_meter":177.92240550466747,"segment_cum_len":14466.584753237526,"stop_segment_distance":14.302011131865413}
{"route_id":"258","stop_id":"10638","stop_lat":34.101346,"stop_lon":-118.152235,"stop_sequence":18,"segment_first_lat":34.1018797082,"segment_first_lon":-118.1521068551,"segment_second_lat":34.1013466103,"segment_second_lon":-118.1521157951,"segment_sequence":170006,"segment_id":9,"segment_len_meter":59.28349679682646,"segment_cum_len":5157.739511675605,"stop_segment_distance":12.199639301805824}
{"route_id":"55","stop_id":"824","stop_lat":33.960446,"stop_lon":-118.247427,"stop_sequence":18,"segment_first_lat":33.9603933523,"segment_first_lon":-118.2475681759,"segment_second_lat":33.9605034187,"segment_second_lon":-118.2476278595,"segment_sequence":180001,"segment_id":9,"segment_len_meter":13.419692212535015,"segment_cum_len":5544.568428090467,"stop_segment_distance":20.450352535577967}
{"route_id":"603","stop_id":"5113","stop_lat":34.03245,"stop_lon":-118.268281,"stop_sequence":65,"segment_first_lat":34.030570624,"segment_first_lon":-118.2696544134,"segment_second_lat":34.0325117234,"segment_second_lon":-118.2684186823,"segment_sequence":640004,"segment_id":32,"segment_len_meter":244.03729861747127,"segment_cum_len":19751.777704201526,"stop_segment_distance":14.700925596705986}
{"route_id":"62","stop_id":"1585","stop_lat":34.023322,"stop_lon":-118.217928,"stop_sequence":20,"segment_first_lat":34.0241392017,"segment_first_lon":-118.2194893137,"segment_second_lat":34.0234348541,"segment_second_lon":-118.2178594984,"segment_sequence":190001,"segment_id":10,"segment_len_meter":169.39499464965087,"segment_cum_len":7760.441351659651,"stop_segment_distance":14.832227334026214}
{"route_id":"66","stop_id":"7432","stop_lat":34.057662,"stop_lon":-118.291875,"stop_sequence":9,"segment_first_lat":34.0577603906,"segment_first_lon":-118.2922683053,"segment_second_lat":34.0577613407,"segment_second_lon":-118.2918754279,"segment_sequence":80004,"segment_id":4,"segment_len_meter":36.19282217703848,"segment_cum_len":2321.7952346753327,"stop_segment_distance":12.701296334764123}
{"route_id":"685","stop_id":"15417","stop_lat":34.128519,"stop_lon":-118.232483,"stop_sequence":16,"segment_first_lat":34.1285308165,"segment_first_lon":-118.2324004199,"segment_second_lat":34.1272702931,"segment_second_lon":-118.2321524002,"segment_sequence":160001,"segment_id":8,"segment_len_meter":142.01078549283653,"segment_cum_len":5276.796139346421,"stop_segment_distance":7.848347856746017}
{"route_id":"78","stop_id":"1529","stop_lat":34.103075,"stop_lon":-118.096045,"stop_sequence":62,"segment_first_lat":34.1032026518,"segment_first_lon":-118.0960651199,"segment_second_lat":34.1033811235,"segment_second_lon":-118.0944998876,"segment_sequence":620001,"segment_id":31,"segment_len_meter":145.47485009650092,"segment_cum_len":19942.995416873302,"stop_segment_distance":15.117919774306102}
{"route_id":"81","stop_id":"16381","stop_lat":34.056366,"stop_lon":-118.244805,"stop_sequence":45,"segment_first_lat":34.056415481,"segment_first_lon":-118.2445937782,"segment_second_lat":34.0563011922,"segment_second_lon":-118.2447182392,"segment_sequence":440024,"segment_id":22,"segment_len_meter":17.116253580470083,"segment_cum_len":15493.609298346879,"stop_segment_distance":13.866862624819035}
{"route_id":"94","stop_id":"12103","stop_lat":34.064597,"stop_lon":-118.238737,"stop_sequence":83,"segment_first_lat":34.0650397184,"segment_first_lon":-118.2383851936,"segment_second_lat":34.0645586388,"segment_second_lon":-118.2386268339,"segment_sequence":820074,"segment_id":41,"segment_len_meter":57.939704902661965,"segment_cum_len":36789.20316138781,"stop_segment_distance":12.00530796434527}
