{"route_id":"105","stop_id":"13406","stop_lat":34.035671,"stop_lon":-118.369126,"stop_sequence":46,"segment_first_lat":34.0354946971,"segment_first_lon":-118.3693761026,"segment_second_lat":34.0357186924,"segment_second_lon":-118.3692721305,"segment_sequence":450006,"segment_id":23,"segment_len_meter":26.686214469136647,"segment_cum_len":16695.293703178075,"stop_segment_distance":18.041928786461614}
{"route_id":"108","stop_id":"1","stop_lat":33.973248,"stop_lon":-118.113113,"stop_sequence":85,"segment_first_lat":33.9734712812,"segment_first_lon":-118.1128692954,"segment_second_lat":33.9732106934,"segment_second_lon":-118.1129672298,"segment_sequence":840017,"segment_id":42,"segment_len_meter":30.35074946877133,"segment_cum_len":29333.83679482839,"stop_segment_distance":17.204840984959784}
{"route_id":"110","stop_id":"2127","stop_lat":33.976807,"stop_lon":-118.176901,"stop_sequence":76,"segment_first_lat":33.9770069055,"segment_first_lon":-118.1775179201,"segment_second_lat":33.9769350211,"segment_second_lon":-118.1768821808,"segment_sequence":750007,"segment_id":38,"segment_len_meter":59.163802252108226,"segment_cum_len":25708.782591568488,"stop_segment_distance":16.25168898496348}
{"route_id":"130","stop_id":"13000051","stop_lat":33.874767,"stop_lon":-118.172851,"stop_sequence":19,"segment_first_lat":33.8746441796,"segment_first_lon":-118.171934778,"segment_second_lat":33.8746406712,"segment_second_lon":-118.1728505858,"segment_sequence":180004,"segment_id":9,"segment_len_meter":84.54881993154873,"segment_cum_len":8758.017914474365,"stop_segment_distance":15.17986586803383}
{"route_id":"155","stop_id":"18058","stop_lat":34.157547,"stop_lon":-118.383544,"stop_sequence":21,"segment_first_lat":34.1576481673,"segment_first_lon":-118.3855245276,"segment_second_lat":34.1576467701,"segment_second_lon":-118.3835445415,"segment_sequence":200002,"segment_id":10,"segment_len_meter":182.18519789447242,"segment_cum_len":7409.779234616771,"stop_segment_distance":11.490784222963896}
{"route_id":"158","stop_id":"9585","stop_lat":34.257385,"stop_lon":-118.557781,"stop_sequence":64,"segment_first_lat":34.2572670619,"segment_first_lon":-118.5553350031,"segment_second_lat":34.2572582912,"segment_second_lon":-118.557780626,"segment_sequence":630002,"segment_id":32,"segment_len_meter":224.76624019218298,"segment_cum_len":25857.63653550549,"stop_segment_distance":14.503700838844793}
{"route_id":"163","stop_id":"115","stop_lat":34.200887,"stop_lon":-118.5668,"stop_sequence":18,"segment_first_lat":34.2010161871,"segment_first_lon":-118.5680013353,"segment_second_lat":34.2010146734,"segment_second_lon":-118.5668008041,"segment_sequence":170003,"segment_id":9,"segment_len_meter":110.40824797861637,"segment_cum_len":5977.4649788881015,"stop_segment_distance":15.200687724401462}
{"route_id":"163","stop_id":"6201","stop_lat":34.200911,"stop_lon":-118.595632,"stop_sequence":11,"segment_first_lat":34.2010348723,"segment_first_lon":-118.5966585567,"segment_second_lat":34.2010374513,"segment_second_lon":-118.5956333349,"segment_sequence":100003,"segment_id":5,"segment_len_meter":94.28601849220519,"segment_cum_len":3316.926386571023,"stop_segment_distance":15.183183596369133}
{"route_id":"166","stop_id":"12510","stop_lat":34.23534,"stop_lon":-118.588199,"stop_sequence":13,"segment_first_lat":34.2354642918,"segment_first_lon":-118.5881997285,"segment_second_lat":34.2354627132,"segment_second_lon":-118.5872799297,"segment_sequence":130001,"segment_id":7,"segment_len_meter":84.55587029515914,"segment_cum_len":6317.657111881623,"stop_segment_distance":14.84844999055251}
{"route_id":"2","stop_id":"5142","stop_lat":34.044323,"stop_lon":-118.256082,"stop_sequence":85,"segment_first_lat":34.0442619447,"segment_first_lon":-118.2559892226,"segment_second_lat":34.0438029808,"segment_second_lon":-118.256410672,"segment_sequence":850001,"segment_id":43,"segment_len_meter":64.12774378461823,"segment_cum_len":26441.070263381393,"stop_segment_distance":12.061748951801817}
{"route_id":"20","stop_id":"16704","stop_lat":34.067136,"stop_lon":-118.428689,"stop_sequence":59,"segment_first_lat":34.0676132566,"segment_first_lon":-118.427291613,"segment_second_lat":34.0670235425,"segment_second_lon":-118.428614974,"segment_sequence":580007,"segment_id":29,"segment_len_meter":138.41501904078103,"segment_cum_len":18002.955817286576,"stop_segment_distance":15.05422324656547}
{"route_id":"209","stop_id":"5609","stop_lat":33.987175,"stop_lon":-118.317551,"stop_sequence":31,"segment_first_lat":33.985495936,"segment_first_lon":-118.3176830211,"segment_second_lat":33.9871749117,"segment_second_lon":-118.3176712482,"segment_sequence":300003,"segment_id":15,"segment_len_meter":186.69673525429195,"segment_cum_len":10421.675891561932,"stop_segment_distance":11.489764587756639}
{"route_id":"211","stop_id":"141074","stop_lat":33.948934,"stop_lon":-118.36119,"stop_sequence":20,"segment_first_lat":33.9485242543,"segment_first_lon":-118.3613364636,"segment_second_lat":33.9489336653,"segment_second_lon":-118.3613431754,"segment_sequence":190006,"segment_id":10,"segment_len_meter":45.52863556473257,"segment_cum_len":6959.014672035665,"stop_segment_distance":16.12274720517358}
{"route_id":"224","stop_id":"2834","stop_lat":34.211967,"stop_lon":-118.387628,"stop_sequence":26,"segment_first_lat":34.2084741912,"segment_first_lon":-118.3877800415,"segment_second_lat":34.2119667601,"segment_second_lon":-118.3877803834,"segment_sequence":250002,"segment_id":13,"segment_len_meter":388.35594390924126,"segment_cum_len":8970.826662059675,"stop_segment_distance":14.290546643711423}
{"route_id":"224","stop_id":"6615","stop_lat":34.290728,"stop_lon":-118.448792,"stop_sequence":50,"segment_first_lat":34.2906486182,"segment_first_lon":-118.4489135861,"segment_second_lat":34.2907598221,"segment_second_lon":-118.4490108586,"segment_sequence":500001,"segment_id":25,"segment_len_meter":15.256384487448411,"segment_cum_len":19876.526712282295,"stop_segment_distance":19.395283588913305}
{"route_id":"243","stop_id":"12853","stop_lat":34.242615,"stop_lon":-118.571418,"stop_sequence":15,"segment_first_lat":34.2427377069,"segment_first_lon":-118.5721003581,"segment_second_lat":34.2427387285,"segment_second_lon":-118.5714187371,"segment_sequence":140003,"segment_id":7,"segment_len_meter":62.65505798891746,"segment_cum_len":7788.851202866223,"stop_segment_distance":15.292757103547146}
{"route_id":"246","stop_id":"245","stop_lat":33.835649,"stop_lon":-118.263535,"stop_sequence":55,"segment_first_lat":33.8356487875,"segment_first_lon":-118.2636869204,"segment_second_lat":33.8363467295,"segment_second_lon":-118.2636891145,"segment_sequence":550001,"segment_id":28,"segment_len_meter":77.60787407907698,"segment_cum_len":17115.630345463444,"stop_segment_distance":15.302900448274002}
{"route_id":"246","stop_id":"247","stop_lat":33.824488,"stop_lon":-118.26352,"stop_sequence":52,"segment_first_lat":33.8244871728,"segment_first_lon":-118.2636729086,"segment_second_lat":33.825490137,"segment_second_lon":-118.2636681593,"segment_sequence":520001,"segment_id":26,"segment_len_meter":111.52539354408003,"segment_cum_len":15908.428774014039,"stop_segment_distance":14.86967487925834}
{"route_id":"265","stop_id":"4279","stop_lat":33.942826,"stop_lon":-118.137681,"stop_sequence":41,"segment_first_lat":33.9428926091,"segment_first_lon":-118.137810306,"segment_second_lat":33.9431725699,"segment_second_lon":-118.137608661,"segment_sequence":410001,"segment_id":21,"segment_len_meter":36.26416827828558,"segment_cum_len":15877.083194939869,"stop_segment_distance":16.88664783169539}
{"route_id":"265","stop_id":"582","stop_lat":33.853888,"stop_lon":-118.145917,"stop_sequence":4,"segment_first_lat":33.8537873772,"segment_first_lon":-118.1454289155,"segment_second_lat":33.8537887113,"segment_second_lon":-118.1459163526,"segment_sequence":30004,"segment_id":2,"segment_len_meter":45.0117198101455,"segment_cum_len":1016.6561228418864,"stop_segment_distance":12.46809214364179}
{"route_id":"266","stop_id":"17845","stop_lat":33.954538,"stop_lon":-118.113335,"stop_sequence":33,"segment_first_lat":33.9545888818,"segment_first_lon":-118.1134726737,"segment_second_lat":33.9563634934,"segment_second_lon":-118.1125362766,"segment_sequence":330001,"segment_id":17,"segment_len_meter":215.40074913302809,"segment_cum_len":14794.216591017826,"stop_segment_distance":14.44122664771271}
{"route_id":"268","stop_id":"3356","stop_lat":34.159591,"stop_lon":-118.098282,"stop_sequence":56,"segment_first_lat":34.1595938976,"segment_first_lon":-118.0984358886,"segment_second_lat":34.16056391,"segment_second_lon":-118.0984188507,"segment_sequence":560001,"segment_id":28,"segment_len_meter":107.87184949304319,"segment_cum_len":22525.8719392694,"stop_segment_distance":15.204280282541703}
{"route_id":"4","stop_id":"14404","stop_lat":34.090857,"stop_lon":-118.33611,"stop_sequence":47,"segment_first_lat":34.0907334473,"segment_first_lon":-118.3331667921,"segment_second_lat":34.0907305172,"segment_second_lon":-118.336109597,"segment_sequence":460006,"segment_id":23,"segment_len_meter":270.9918898112661,"segment_cum_len":14698.229938353503,"stop_segment_distance":14.448984076306203}
{"route_id":"40","stop_id":"11244","stop_lat":34.010913,"stop_lon":-118.321178,"stop_sequence":34,"segment_first_lat":34.0107967158,"segment_first_lon":-118.3203560833,"segment_second_lat":34.0107862976,"segment_second_lon":-118.3211743613,"segment_sequence":330004,"segment_id":17,"segment_len_meter":75.43208245894816,"segment_cum_len":13152.971121008386,"stop_segment_distance":15.514615125951863}
{"route_id":"55","stop_id":"4992","stop_lat":34.053959,"stop_lon":-118.255369,"stop_sequence":63,"segment_first_lat":34.0540390936,"segment_first_lon":-118.255490919,"segment_second_lat":34.0549796487,"segment_second_lon":-118.2545994405,"segment_sequence":630001,"segment_id":32,"segment_len_meter":132.97750269574013,"segment_cum_len":19513.794088307048,"stop_segment_distance":15.171851898928594}
{"route_id":"60","stop_id":"11512","stop_lat":33.948779,"stop_lon":-118.217374,"stop_sequence":49,"segment_first_lat":33.9495784141,"segment_first_lon":-118.2174619988,"segment_second_lat":33.9488080667,"segment_second_lon":-118.2172265559,"segment_sequence":480006,"segment_id":24,"segment_len_meter":88.36885507757519,"segment_cum_len":15267.26037938983,"stop_segment_distance":14.870827343944796}
{"route_id":"601","stop_id":"15185","stop_lat":34.193898,"stop_lon":-118.597808,"stop_sequence":2,"segment_first_lat":34.1937735805,"segment_first_lon":-118.5974764103,"segment_second_lat":34.1937735954,"segment_second_lon":-118.5978071043,"segment_sequence":10008,"segment_id":1,"segment_len_meter":30.41523521685169,"segment_cum_len":557.4096512243595,"stop_segment_distance":16.907055038214892}
{"route_id":"720","stop_id":"9737","stop_lat":34.044165,"stop_lon":-118.243627,"stop_sequence":11,"segment_first_lat":34.0435042328,"segment_first_lon":-118.2427438142,"segment_second_lat":34.0440834911,"segment_second_lon":-118.243694855,"segment_sequence":100007,"segment_id":5,"segment_len_meter":108.75239648207068,"segment_cum_len":9846.325787825388,"stop_segment_distance":11.894755839139336}
{"route_id":"733","stop_id":"13971","stop_lat":34.046112,"stop_lon":-118.250908,"stop_sequence":7,"segment_first_lat":34.0474031749,"segment_first_lon":-118.2496214258,"segment_second_lat":34.0460673885,"segment_second_lon":-118.2508378402,"segment_sequence":60004,"segment_id":3,"segment_len_meter":186.07080815022437,"segment_cum_len":3731.159877484438,"stop_segment_distance":8.26011790161698}
{"route_id":"744","stop_id":"968","stop_lat":34.159264,"stop_lon":-118.448572,"stop_sequence":3,"segment_first_lat":34.1585376315,"segment_first_lon":-118.4487003257,"segment_second_lat":34.1592631122,"segment_second_lon":-118.4486906687,"segment_sequence":20015,"segment_id":1,"segment_len_meter":80.67466671335085,"segment_cum_len":5085.389300421451,"stop_segment_distance":11.87166931105861}
{"route_id":"750","stop_id":"15399","stop_lat":34.172817,"stop_lon":-118.553782,"stop_sequence":13,"segment_first_lat":34.1726936964,"segment_first_lon":-118.5537839805,"segment_second_lat":34.1726954011,"segment_second_lon":-118.5545513368,"segment_sequence":130001,"segment_id":7,"segment_len_meter":70.59468548378352,"segment_cum_len":18436.744675542654,"stop_segment_distance":15.173810520505981}
{"route_id":"770","stop_id":"659","stop_lat":34.05095,"stop_lon":-118.217385,"stop_sequence":11,"segment_first_lat":34.0510587511,"segment_first_lon":-118.2173127739,"segment_second_lat":34.0506246894,"segment_second_lon":-118.2163381136,"segment_sequence":110001,"segment_id":6,"segment_len_meter":101.94459797958218,"segment_cum_len":6706.646806948756,"stop_segment_distance":14.867254934704974}
{"route_id":"794","stop_id":"1326","stop_lat":34.182137,"stop_lon":-118.313187,"stop_sequence":23,"segment_first_lat":34.1820815434,"segment_first_lon":-118.3132441515,"segment_second_lat":34.1833254247,"segment_second_lon":-118.3149701711,"segment_sequence":230001,"segment_id":12,"segment_len_meter":210.566805152041,"segment_cum_len":21850.375924359418,"stop_segment_distance":8.172578110553815}
{"route_id":"81","stop_id":"10435","stop_lat":34.134117,"stop_lon":-118.189745,"stop_sequence":16,"segment_first_lat":34.1340847878,"segment_first_lon":-118.189602085,"segment_second_lat":34.1339987273,"segment_second_lon":-118.1896352654,"segment_sequence":160001,"segment_id":8,"segment_len_meter":10.044969769923098,"segment_cum_len":4364.575048474988,"stop_segment_distance":20.169795720348283}
