{"route_id":"108","stop_id":"7963","stop_lat":33.988957,"stop_lon":-118.323169,"stop_sequence":26,"segment_first_lat":33.9890846416,"segment_first_lon":-118.3231693688,"segment_second_lat":33.9890882332,"segment_second_lon":-118.3225459068,"segment_sequence":260001,"segment_id":13,"segment_len_meter":57.48247281737376,"segment_cum_len":9629.77475751615,"stop_segment_distance":15.982180570106507}
{"route_id":"115","stop_id":"1915","stop_lat":33.95546,"stop_lon":-118.219878,"stop_sequence":58,"segment_first_lat":33.9555855414,"segment_first_lon":-118.2198580489,"segment_second_lat":33.9555135056,"segment_second_lon":-118.2191261485,"segment_sequence":580001,"segment_id":29,"segment_len_meter":67.97892060801854,"segment_cum_len":16747.808242319617,"stop_segment_distance":15.701721324255772}
{"route_id":"130","stop_id":"13000071","stop_lat":33.872975,"stop_lon":-118.373065,"stop_sequence":67,"segment_first_lat":33.872848971,"segment_first_lon":-118.3730639769,"segment_second_lat":33.87284569,"segment_second_lon":-118.3748296782,"segment_sequence":670001,"segment_id":34,"segment_len_meter":163.0144292688257,"segment_cum_len":32061.12424843701,"stop_segment_distance":14.552388699254578}
{"route_id":"154","stop_id":"11300","stop_lat":34.171984,"stop_lon":-118.378684,"stop_sequence":28,"segment_first_lat":34.1721777576,"segment_first_lon":-118.3789662505,"segment_second_lat":34.1710641693,"segment_second_lon":-118.3783099163,"segment_sequence":250002,"segment_id":13,"segment_len_meter":137.76301506131287,"segment_cum_len":10088.599766776095,"stop_segment_distance":3.892894114578354}
{"route_id":"158","stop_id":"16840","stop_lat":34.168264,"stop_lon":-118.431033,"stop_sequence":10,"segment_first_lat":34.1666939179,"segment_first_lon":-118.4311835021,"segment_second_lat":34.1682629586,"segment_second_lon":-118.4311856489,"segment_sequence":90003,"segment_id":5,"segment_len_meter":174.46947733745822,"segment_cum_len":3951.3850326422516,"stop_segment_distance":14.708368011671752}
{"route_id":"18","stop_id":"8312","stop_lat":34.020346,"stop_lon":-118.157549,"stop_sequence":59,"segment_first_lat":34.0206448044,"segment_first_lon":-118.1583481102,"segment_second_lat":34.0204708598,"segment_second_lon":-118.1575118816,"segment_sequence":580005,"segment_id":29,"segment_len_meter":79.45889550345036,"segment_cum_len":16412.0701919681,"stop_segment_distance":15.635953659921725}
{"route_id":"183","stop_id":"3085","stop_lat":34.16477,"stop_lon":-118.400992,"stop_sequence":19,"segment_first_lat":34.1648959673,"segment_first_lon":-118.4019082748,"segment_second_lat":34.1648968089,"segment_second_lon":-118.4009925821,"segment_sequence":180004,"segment_id":9,"segment_len_meter":84.24876094033091,"segment_cum_len":7171.344969983508,"stop_segment_distance":15.30988683229225}
{"route_id":"2","stop_id":"5130","stop_lat":34.040009,"stop_lon":-118.260103,"stop_sequence":87,"segment_first_lat":34.0399474519,"segment_first_lon":-118.2600063159,"segment_second_lat":34.0391966251,"segment_second_lon":-118.2606941767,"segment_sequence":870001,"segment_id":44,"segment_len_meter":104.82073113655053,"segment_cum_len":27087.70751738976,"stop_segment_distance":11.898136339102109}
{"route_id":"2","stop_id":"6404","stop_lat":34.077629,"stop_lon":-118.422036,"stop_sequence":14,"segment_first_lat":34.079277934,"segment_first_lon":-118.4226354017,"segment_second_lat":34.0776721897,"segment_second_lon":-118.4218931822,"segment_sequence":130015,"segment_id":7,"segment_len_meter":191.1887765342486,"segment_cum_len":4604.24413353774,"stop_segment_distance":14.29753569849106}
{"route_id":"201","stop_id":"16254","stop_lat":34.107827,"stop_lon":-118.267205,"stop_sequence":35,"segment_first_lat":34.1078181194,"segment_first_lon":-118.2671203535,"segment_second_lat":34.1069310756,"segment_second_lon":-118.2672579166,"segment_sequence":350001,"segment_id":18,"segment_len_meter":99.44457985465274,"segment_cum_len":9683.403109281164,"stop_segment_distance":8.152237825657963}
{"route_id":"201","stop_id":"19084","stop_lat":34.126897,"stop_lon":-118.267203,"stop_sequence":26,"segment_first_lat":34.1269348167,"segment_first_lon":-118.2671242782,"segment_second_lat":34.1268371259,"segment_second_lon":-118.2670638288,"segment_sequence":260001,"segment_id":13,"segment_len_meter":12.204866880686497,"segment_cum_len":6570.652193117376,"stop_segment_distance":10.610000960253059}
{"route_id":"202","stop_id":"12727","stop_lat":33.791209,"stop_lon":-118.245246,"stop_sequence":45,"segment_first_lat":33.7911111487,"segment_first_lon":-118.2446663727,"segment_second_lat":33.7910822369,"segment_second_lon":-118.2452359646,"segment_sequence":440024,"segment_id":22,"segment_len_meter":52.734566115315694,"segment_cum_len":23178.71409500853,"stop_segment_distance":16.049073816295298}
{"route_id":"207","stop_id":"14147","stop_lat":33.932186,"stop_lon":-118.30886,"stop_sequence":2,"segment_first_lat":33.9321852157,"segment_first_lon":-118.3090400133,"segment_second_lat":33.9336992948,"segment_second_lon":-118.3090350488,"segment_sequence":20001,"segment_id":1,"segment_len_meter":168.358537460974,"segment_cum_len":2571.362343160149,"stop_segment_distance":17.293307385407246}
{"route_id":"210","stop_id":"16738","stop_lat":34.061832,"stop_lon":-118.316424,"stop_sequence":24,"segment_first_lat":34.0617062444,"segment_first_lon":-118.3152485447,"segment_second_lat":34.0617056437,"segment_second_lon":-118.3164239393,"segment_sequence":230002,"segment_id":12,"segment_len_meter":108.27473020302364,"segment_cum_len":7415.77791682234,"stop_segment_distance":14.95484950050485}
{"route_id":"210","stop_id":"9393","stop_lat":33.912063,"stop_lon":-118.326659,"stop_sequence":73,"segment_first_lat":33.9120633874,"segment_first_lon":-118.3265076086,"segment_second_lat":33.9094336353,"segment_second_lon":-118.3265303201,"segment_sequence":730001,"segment_id":37,"segment_len_meter":292.422602645816,"segment_cum_len":25217.106375692772,"stop_segment_distance":14.16094100296283}
{"route_id":"212","stop_id":"11010","stop_lat":34.100218,"stop_lon":-118.325614,"stop_sequence":1,"segment_first_lat":34.1001875827,"segment_first_lon":-118.3255872876,"segment_second_lat":34.1001655287,"segment_second_lon":-118.3256136273,"segment_sequence":10002,"segment_id":1,"segment_len_meter":3.448998089437633,"segment_cum_len":4.052565680241782,"stop_segment_distance":6.567640606884848}
{"route_id":"230","stop_id":"14987","stop_lat":34.284848,"stop_lon":-118.442643,"stop_sequence":4,"segment_first_lat":34.2852811114,"segment_first_lon":-118.4428800481,"segment_second_lat":34.2849353322,"segment_second_lon":-118.4425299453,"segment_sequence":30012,"segment_id":2,"segment_len_meter":50.12915082902791,"segment_cum_len":1406.399539044721,"stop_segment_distance":16.94534557332699}
{"route_id":"233","stop_id":"6782","stop_lat":34.278288,"stop_lon":-118.405129,"stop_sequence":50,"segment_first_lat":34.2778510439,"segment_first_lon":-118.4059645105,"segment_second_lat":34.2783846775,"segment_second_lon":-118.4052282566,"segment_sequence":490003,"segment_id":25,"segment_len_meter":89.98457859303697,"segment_cum_len":16123.194957101436,"stop_segment_distance":14.964843545133974}
{"route_id":"236","stop_id":"344","stop_lat":34.261418,"stop_lon":-118.502151,"stop_sequence":27,"segment_first_lat":34.2614199859,"segment_first_lon":-118.5023026866,"segment_second_lat":34.2623625471,"segment_second_lon":-118.5022954521,"segment_sequence":270001,"segment_id":14,"segment_len_meter":104.81013219456409,"segment_cum_len":11374.860665743452,"stop_segment_distance":14.996104118597913}
{"route_id":"258","stop_id":"11746","stop_lat":34.115577,"stop_lon":-118.150486,"stop_sequence":13,"segment_first_lat":34.1155773099,"segment_first_lon":-118.1503338531,"segment_second_lat":34.1148628562,"segment_second_lon":-118.1503398367,"segment_sequence":130001,"segment_id":7,"segment_len_meter":79.44553647693358,"segment_cum_len":3513.5577400324005,"stop_segment_distance":15.102143941205412}
{"route_id":"33","stop_id":"6927","stop_lat":34.030909,"stop_lon":-118.385112,"stop_sequence":32,"segment_first_lat":34.0298827372,"segment_first_lon":-118.3871703447,"segment_second_lat":34.0310123737,"segment_second_lon":-118.3851995773,"segment_sequence":310002,"segment_id":16,"segment_len_meter":220.8163944212373,"segment_cum_len":10302.372275956737,"stop_segment_distance":14.589735565791898}
{"route_id":"460","stop_id":"2778","stop_lat":33.846721,"stop_lon":-117.977882,"stop_sequence":63,"segment_first_lat":33.8468516248,"segment_first_lon":-117.9778850483,"segment_second_lat":33.8468685925,"segment_second_lon":-117.976086955,"segment_sequence":640001,"segment_id":32,"segment_len_meter":166.06577697838227,"segment_cum_len":53369.867295479955,"stop_segment_distance":15.045826504724403}
{"route_id":"534","stop_id":"12737","stop_lat":34.03837,"stop_lon":-118.648199,"stop_sequence":17,"segment_first_lat":34.0382511715,"segment_first_lon":-118.6481452606,"segment_second_lat":34.0381460624,"segment_second_lon":-118.6484781573,"segment_sequence":170001,"segment_id":9,"segment_len_meter":32.82539381602761,"segment_cum_len":17034.449647758178,"stop_segment_distance":17.08581700065139}
{"route_id":"60","stop_id":"16928","stop_lat":34.062108,"stop_lon":-118.246436,"stop_sequence":1,"segment_first_lat":34.0621630234,"segment_first_lon":-118.246572446,"segment_second_lat":34.0626579497,"segment_second_lon":-118.2462859959,"segment_sequence":10001,"segment_id":1,"segment_len_meter":61.03222891334858,"segment_cum_len":61.03222891334858,"stop_segment_distance":15.64018969533712}
{"route_id":"60","stop_id":"2397","stop_lat":34.054321,"stop_lon":-118.250213,"stop_sequence":4,"segment_first_lat":34.0544618943,"segment_first_lon":-118.2498900902,"segment_second_lat":34.0542424777,"segment_second_lon":-118.250088838,"segment_sequence":30009,"segment_id":2,"segment_len_meter":30.50428509337153,"segment_cum_len":1295.136894866731,"stop_segment_distance":17.50735252987549}
{"route_id":"611","stop_id":"14654","stop_lat":33.986773,"stop_lon":-118.183071,"stop_sequence":63,"segment_first_lat":33.9868997009,"segment_first_lon":-118.183053357,"segment_second_lat":33.9868098636,"segment_second_lon":-118.1821338095,"segment_sequence":630001,"segment_id":32,"segment_len_meter":85.36787246847508,"segment_cum_len":19338.24821489293,"stop_segment_distance":15.319517436707812}
{"route_id":"66","stop_id":"7442","stop_lat":34.044464,"stop_lon":-118.259526,"stop_sequence":20,"segment_first_lat":34.045129981,"segment_first_lon":-118.260366056,"segment_second_lat":34.0445411528,"segment_second_lon":-118.2594538096,"segment_sequence":190002,"segment_id":10,"segment_len_meter":106.54330897195322,"segment_cum_len":5829.793942690143,"stop_segment_distance":11.431826079154547}
{"route_id":"76","stop_id":"142127","stop_lat":34.072517,"stop_lon":-118.042018,"stop_sequence":2,"segment_first_lat":34.0725241543,"segment_first_lon":-118.0422028783,"segment_second_lat":34.0726895791,"segment_second_lon":-118.0421930555,"segment_sequence":20001,"segment_id":1,"segment_len_meter":18.416635057074576,"segment_cum_len":615.6446345623064,"stop_segment_distance":23.694753943799096}
{"route_id":"901","stop_id":"15611","stop_lat":34.168571,"stop_lon":-118.397301,"stop_sequence":2,"segment_first_lat":34.1685116986,"segment_first_lon":-118.3953898899,"segment_second_lat":34.1685084586,"segment_second_lon":-118.3973006885,"segment_sequence":10031,"segment_id":1,"segment_len_meter":175.79670755300742,"segment_cum_len":1934.321437353702,"stop_segment_distance":7.106174804861013}
{"route_id":"94","stop_id":"12360","stop_lat":34.119448,"stop_lon":-118.250587,"stop_sequence":72,"segment_first_lat":34.1201554711,"segment_first_lon":-118.2511305174,"segment_second_lat":34.1195333592,"segment_second_lon":-118.2504648841,"segment_sequence":710007,"segment_id":36,"segment_len_meter":92.4112867327985,"segment_cum_len":29311.262663851576,"stop_segment_distance":15.531308952764135}
