{"route_id":"105","stop_id":"6065","stop_lat":34.01215,"stop_lon":-118.342054,"stop_sequence":33,"segment_first_lat":34.0119769458,"segment_first_lon":-118.3418846524,"segment_second_lat":34.0120560348,"segment_second_lon":-118.3420961576,"segment_sequence":320016,"segment_id":16,"segment_len_meter":21.386604756373103,"segment_cum_len":11476.868254054749,"stop_segment_distance":14.53852950092761}
{"route_id":"110","stop_id":"140921","stop_lat":33.988519,"stop_lon":-118.395648,"stop_sequence":3,"segment_first_lat":33.9886410626,"segment_first_lon":-118.395619538,"segment_second_lat":33.9886104844,"segment_second_lon":-118.3953914462,"segment_sequence":30001,"segment_id":2,"segment_len_meter":21.302508304619273,"segment_cum_len":843.2817434845917,"stop_segment_distance":18.26981125331249}
{"route_id":"111","stop_id":"7647","stop_lat":33.974503,"stop_lon":-118.2921,"stop_sequence":32,"segment_first_lat":33.9746230458,"segment_first_lon":-118.2936635534,"segment_second_lat":33.9746293139,"segment_second_lon":-118.292100209,"segment_sequence":310004,"segment_id":16,"segment_len_meter":144.1612670496521,"segment_cum_len":11974.974958638579,"stop_segment_distance":14.679773812186284}
{"route_id":"128","stop_id":"17228","stop_lat":33.887676,"stop_lon":-118.09967,"stop_sequence":17,"segment_first_lat":33.8875704014,"segment_first_lon":-118.0958611794,"segment_second_lat":33.8875480771,"segment_second_lon":-118.0996699457,"segment_sequence":160001,"segment_id":8,"segment_len_meter":351.5831037848135,"segment_cum_len":8786.330052196437,"stop_segment_distance":14.416388915862683}
{"route_id":"130","stop_id":"15858","stop_lat":33.873039,"stop_lon":-118.298638,"stop_sequence":50,"segment_first_lat":33.8730079477,"segment_first_lon":-118.2980085347,"segment_second_lat":33.8729665713,"segment_second_lon":-118.2986277053,"segment_sequence":490007,"segment_id":25,"segment_len_meter":57.348158954766696,"segment_cum_len":25025.456929346048,"stop_segment_distance":8.977631064608609}
{"route_id":"150","stop_id":"6982","stop_lat":34.168376,"stop_lon":-118.6055,"stop_sequence":12,"segment_first_lat":34.1685025787,"segment_first_lon":-118.6054947538,"segment_second_lat":34.1684559112,"segment_second_lon":-118.6037816089,"segment_sequence":120001,"segment_id":6,"segment_len_meter":157.6973598355558,"segment_cum_len":4016.997142460153,"stop_segment_distance":14.73007286181388}
{"route_id":"165","stop_id":"6887","stop_lat":34.193806,"stop_lon":-118.448837,"stop_sequence":48,"segment_first_lat":34.1939306039,"segment_first_lon":-118.4509043745,"segment_second_lat":34.1939330694,"segment_second_lon":-118.4488375627,"segment_sequence":470004,"segment_id":24,"segment_len_meter":190.09269705277737,"segment_cum_len":18403.402364420363,"stop_segment_distance":14.685398705943726}
{"route_id":"167","stop_id":"15158","stop_lat":34.242547,"stop_lon":-118.449883,"stop_sequence":46,"segment_first_lat":34.2426744277,"segment_first_lon":-118.4498838365,"segment_second_lat":34.2426697353,"segment_second_lon":-118.4480374725,"segment_sequence":460001,"segment_id":23,"segment_len_meter":169.71966963715317,"segment_cum_len":19454.686143126524,"stop_segment_distance":14.640037585003938}
{"route_id":"167","stop_id":"18191","stop_lat":34.242816,"stop_lon":-118.491113,"stop_sequence":33,"segment_first_lat":34.242956361,"segment_first_lon":-118.4937311346,"segment_second_lat":34.2429411928,"segment_second_lon":-118.4911104212,"segment_sequence":320002,"segment_id":16,"segment_len_meter":240.90263349419502,"segment_cum_len":13529.961619958234,"stop_segment_distance":14.185613503735624}
{"route_id":"175","stop_id":"2599","stop_lat":34.103815,"stop_lon":-118.273442,"stop_sequence":24,"segment_first_lat":34.1038313524,"segment_first_lon":-118.2733304408,"segment_second_lat":34.1036970592,"segment_second_lon":-118.2732959775,"segment_sequence":240001,"segment_id":12,"segment_len_meter":15.26613244119121,"segment_cum_len":6646.361704559073,"stop_segment_distance":13.946545104039888}
{"route_id":"176","stop_id":"15031","stop_lat":34.100581,"stop_lon":-118.130469,"stop_sequence":72,"segment_first_lat":34.0992634484,"segment_first_lon":-118.1297358307,"segment_second_lat":34.1005160936,"segment_second_lon":-118.1306012295,"segment_sequence":710001,"segment_id":36,"segment_len_meter":160.4693572968317,"segment_cum_len":27001.738068319682,"stop_segment_distance":14.994368050865347}
{"route_id":"183","stop_id":"13548","stop_lat":34.181038,"stop_lon":-118.303485,"stop_sequence":46,"segment_first_lat":34.1810224575,"segment_first_lon":-118.3032370231,"segment_second_lat":34.1805954029,"segment_second_lon":-118.3036884462,"segment_sequence":460002,"segment_id":23,"segment_len_meter":63.081855320028275,"segment_cum_len":18822.29263937001,"stop_segment_distance":12.447107231098151}
{"route_id":"205","stop_id":"202","stop_lat":33.846675,"stop_lon":-118.24337,"stop_sequence":95,"segment_first_lat":33.846800172,"segment_first_lon":-118.2433699375,"segment_second_lat":33.8467994595,"segment_second_lon":-118.2386441794,"segment_sequence":960001,"segment_id":48,"segment_len_meter":436.4270786049113,"segment_cum_len":35746.420056609946,"stop_segment_distance":14.143942918707012}
{"route_id":"233","stop_id":"15173","stop_lat":34.194813,"stop_lon":-118.448522,"stop_sequence":16,"segment_first_lat":34.193933408,"segment_first_lon":-118.4486722185,"segment_second_lat":34.1948127179,"segment_second_lon":-118.448676942,"segment_sequence":150004,"segment_id":8,"segment_len_meter":97.77576497280795,"segment_cum_len":4943.5265811401505,"stop_segment_distance":15.251900349349498}
{"route_id":"233","stop_id":"6799","stop_lat":34.270205,"stop_lon":-118.416225,"stop_sequence":46,"segment_first_lat":34.2696432943,"segment_first_lon":-118.4172213212,"segment_second_lat":34.2703006599,"segment_second_lon":-118.4163229798,"segment_sequence":450003,"segment_id":23,"segment_len_meter":110.26045462275376,"segment_cum_len":14764.037777004278,"stop_segment_distance":14.504050273537288}
{"route_id":"243","stop_id":"16799","stop_lat":34.219901,"stop_lon":-118.571186,"stop_sequence":25,"segment_first_lat":34.2199020506,"segment_first_lon":-118.5710385047,"segment_second_lat":34.2180060236,"segment_second_lon":-118.5710311615,"segment_sequence":250001,"segment_id":13,"segment_len_meter":210.82966431725933,"segment_cum_len":12164.16148698521,"stop_segment_distance":13.924534985067197}
{"route_id":"246","stop_id":"5405","stop_lat":33.714998,"stop_lon":-118.287781,"stop_sequence":7,"segment_first_lat":33.7133600276,"segment_first_lon":-118.2879300335,"segment_second_lat":33.7149976979,"segment_second_lon":-118.2879326878,"segment_sequence":60002,"segment_id":3,"segment_len_meter":182.1007943717153,"segment_cum_len":1502.2827468210623,"stop_segment_distance":14.584410925421395}
{"route_id":"252","stop_id":"5564","stop_lat":34.03728,"stop_lon":-118.21368,"stop_sequence":5,"segment_first_lat":34.0364134662,"segment_first_lon":-118.2143836849,"segment_second_lat":34.0373366585,"segment_second_lon":-118.2138146978,"segment_sequence":40006,"segment_id":2,"segment_len_meter":115.26804724329106,"segment_cum_len":1544.7750555302532,"stop_segment_distance":14.79086295200814}
{"route_id":"256","stop_id":"9871","stop_lat":34.026001,"stop_lon":-118.170137,"stop_sequence":7,"segment_first_lat":34.0255223704,"segment_first_lon":-118.1703735026,"segment_second_lat":34.0260215974,"segment_second_lon":-118.1702207269,"segment_sequence":60004,"segment_id":3,"segment_len_meter":57.26914456103437,"segment_cum_len":1346.6450141124692,"stop_segment_distance":8.29071303553085}
{"route_id":"30","stop_id":"7908","stop_lat":34.047128,"stop_lon":-118.294879,"stop_sequence":13,"segment_first_lat":34.0472494798,"segment_first_lon":-118.2957769756,"segment_second_lat":34.047253874,"segment_second_lon":-118.2948790908,"segment_sequence":120005,"segment_id":6,"segment_len_meter":82.72667764786115,"segment_cum_len":4244.439164493622,"stop_segment_distance":15.09900584085031}
{"route_id":"33","stop_id":"6915","stop_lat":33.999735,"stop_lon":-118.44098,"stop_sequence":13,"segment_first_lat":33.9998418913,"segment_first_lon":-118.4410572697,"segment_second_lat":33.9999860921,"segment_second_lon":-118.4407736334,"segment_sequence":130001,"segment_id":7,"segment_len_meter":30.67191151392398,"segment_cum_len":4125.077336579881,"stop_segment_distance":16.970127652638595}
{"route_id":"33","stop_id":"6949","stop_lat":34.045791,"stop_lon":-118.345146,"stop_sequence":43,"segment_first_lat":34.0458811909,"segment_first_lon":-118.3454001647,"segment_second_lat":34.0459137144,"segment_second_lon":-118.3451735163,"segment_sequence":420006,"segment_id":21,"segment_len_meter":21.193075328592844,"segment_cum_len":14430.83209419405,"stop_segment_distance":18.160233565920453}
{"route_id":"40","stop_id":"10946","stop_lat":33.901495,"stop_lon":-118.352892,"stop_sequence":74,"segment_first_lat":33.9014954636,"segment_first_lon":-118.3527361273,"segment_second_lat":33.9001215344,"segment_second_lon":-118.3527379245,"segment_sequence":740001,"segment_id":37,"segment_len_meter":152.7740466505715,"segment_cum_len":28503.645640871873,"stop_segment_distance":14.99476566488687}
{"route_id":"45","stop_id":"13281","stop_lat":33.989374,"stop_lon":-118.278435,"stop_sequence":40,"segment_first_lat":33.98975898,"segment_first_lon":-118.2782879817,"segment_second_lat":33.9893742893,"segment_second_lon":-118.2782837342,"segment_sequence":390006,"segment_id":20,"segment_len_meter":42.77744665400274,"segment_cum_len":13083.513462377055,"stop_segment_distance":16.071237964623798}
{"route_id":"45","stop_id":"3102","stop_lat":34.051034,"stop_lon":-118.246348,"stop_sequence":19,"segment_first_lat":34.0517118213,"segment_first_lon":-118.2456067241,"segment_second_lat":34.0509946221,"segment_second_lon":-118.2462840155,"segment_sequence":180004,"segment_id":9,"segment_len_meter":101.25918340244529,"segment_cum_len":5188.022586883462,"stop_segment_distance":7.792424777981765}
{"route_id":"460","stop_id":"17200","stop_lat":33.887832,"stop_lon":-118.038041,"stop_sequence":40,"segment_first_lat":33.8879501048,"segment_first_lon":-118.0389502279,"segment_second_lat":33.8879589135,"segment_second_lon":-118.0380408624,"segment_sequence":400005,"segment_id":20,"segment_len_meter":83.94578047158707,"segment_cum_len":42927.39783578614,"stop_segment_distance":15.115050773793513}
{"route_id":"55","stop_id":"5292","stop_lat":34.04141,"stop_lon":-118.255014,"stop_sequence":57,"segment_first_lat":34.0412162554,"segment_first_lon":-118.2555775299,"segment_second_lat":34.0415112735,"segment_second_lon":-118.255106406,"segment_sequence":560010,"segment_id":28,"segment_len_meter":54.41050162863291,"segment_cum_len":17283.837766303383,"stop_segment_distance":15.922510010962078}
{"route_id":"577","stop_id":"20500001","stop_lat":33.7752,"stop_lon":-118.118006,"stop_sequence":9,"segment_first_lat":33.7753298574,"segment_first_lon":-118.117117299,"segment_second_lat":33.775328122,"segment_second_lon":-118.118887531,"segment_sequence":70006,"segment_id":4,"segment_len_meter":163.61891115765422,"segment_cum_len":46108.44949531358,"stop_segment_distance":2.495638182783239}
{"route_id":"733","stop_id":"5641","stop_lat":34.044374,"stop_lon":-118.291743,"stop_sequence":15,"segment_first_lat":34.0442476277,"segment_first_lon":-118.2917424631,"segment_second_lat":34.0442460069,"segment_second_lon":-118.2924125575,"segment_sequence":150001,"segment_id":8,"segment_len_meter":61.74056741681466,"segment_cum_len":8782.562034443343,"stop_segment_distance":15.622682968650572}
{"route_id":"754","stop_id":"7888","stop_lat":34.052269,"stop_lon":-118.291757,"stop_sequence":9,"segment_first_lat":34.0522689944,"segment_first_lon":-118.2916060287,"segment_second_lat":34.0509170464,"segment_second_lon":-118.2916039578,"segment_sequence":90001,"segment_id":5,"segment_len_meter":150.32987975638187,"segment_cum_len":6376.924327045181,"stop_segment_distance":14.568943984721471}
{"route_id":"76","stop_id":"13549","stop_lat":34.03598,"stop_lon":-118.266348,"stop_sequence":73,"segment_first_lat":34.0364512008,"segment_first_lon":-118.2658742853,"segment_second_lat":34.0359192816,"segment_second_lon":-118.2662175137,"segment_sequence":720003,"segment_id":36,"segment_len_meter":67.07158747739948,"segment_cum_len":25838.07335212706,"stop_segment_distance":14.91359465292318}
{"route_id":"78","stop_id":"1550","stop_lat":34.099938,"stop_lon":-118.116439,"stop_sequence":56,"segment_first_lat":34.1000487955,"segment_first_lon":-118.1165160843,"segment_second_lat":34.1004554748,"segment_second_lon":-118.1156634363,"segment_sequence":560001,"segment_id":28,"segment_len_meter":90.6005451050129,"segment_cum_len":17935.517658264886,"stop_segment_distance":15.325896397149322}
{"route_id":"90","stop_id":"12059","stop_lat":34.153348,"stop_lon":-118.243926,"stop_sequence":58,"segment_first_lat":34.1532873618,"segment_first_lon":-118.2437902111,"segment_second_lat":34.1517966413,"segment_second_lon":-118.244740743,"segment_sequence":580001,"segment_id":29,"segment_len_meter":187.42203970298323,"segment_cum_len":18711.839786526816,"stop_segment_distance":14.866896200497195}
