{"route_id":"102","stop_id":"142072","stop_lat":33.968304,"stop_lon":-118.381741,"stop_sequence":11,"segment_first_lat":33.9660902793,"segment_first_lon":-118.3844366344,"segment_second_lat":33.9683902116,"segment_second_lon":-118.3818510019,"segment_sequence":100001,"segment_id":5,"segment_len_meter":349.65801189275965,"segment_cum_len":3647.765760909878,"stop_segment_distance":14.142302450683587}
{"route_id":"108","stop_id":"6263","stop_lat":33.989068,"stop_lon":-118.215744,"stop_sequence":57,"segment_first_lat":33.9891942738,"segment_first_lon":-118.2157439476,"segment_second_lat":33.9891969339,"segment_second_lon":-118.2130092421,"segment_sequence":570001,"segment_id":29,"segment_len_meter":252.13043748098275,"segment_cum_len":19729.03535902161,"stop_segment_distance":14.453128737433161}
{"route_id":"110","stop_id":"9357","stop_lat":33.976424,"stop_lon":-118.247827,"stop_sequence":50,"segment_first_lat":33.9766936952,"segment_first_lon":-118.2476691385,"segment_second_lat":33.9764188997,"segment_second_lon":-118.2476739329,"segment_sequence":490004,"segment_id":25,"segment_len_meter":30.559063469973243,"segment_cum_len":18142.455878465473,"stop_segment_distance":16.901579374095707}
{"route_id":"115","stop_id":"7826","stop_lat":33.959698,"stop_lon":-118.344158,"stop_sequence":23,"segment_first_lat":33.959815617,"segment_first_lon":-118.3441921434,"segment_second_lat":33.9598743233,"segment_second_lon":-118.3439374751,"segment_sequence":230001,"segment_id":12,"segment_len_meter":24.377890665083463,"segment_cum_len":5084.550782235328,"stop_segment_distance":17.324352203114266}
{"route_id":"125","stop_id":"17387","stop_lat":33.903543,"stop_lon":-118.177712,"stop_sequence":64,"segment_first_lat":33.903679626,"segment_first_lon":-118.1782260185,"segment_second_lat":33.9036699485,"segment_second_lon":-118.1777082843,"segment_sequence":630020,"segment_id":32,"segment_len_meter":47.793379211073706,"segment_cum_len":24849.022407472563,"stop_segment_distance":16.138463086859595}
{"route_id":"150","stop_id":"20258","stop_lat":34.150646,"stop_lon":-118.447977,"stop_sequence":52,"segment_first_lat":34.1507971436,"segment_first_lon":-118.4479421944,"segment_second_lat":34.1505659605,"segment_second_lon":-118.4464793941,"segment_sequence":520001,"segment_id":26,"segment_len_meter":137.040859377398,"segment_cum_len":19014.16697747183,"stop_segment_distance":18.166302348722894}
{"route_id":"152","stop_id":"13042","stop_lat":34.22163,"stop_lon":-118.45512,"stop_sequence":45,"segment_first_lat":34.2215069048,"segment_first_lon":-118.4535409193,"segment_second_lat":34.2215034535,"segment_second_lon":-118.4551188227,"segment_sequence":440003,"segment_id":22,"segment_len_meter":145.0787820306166,"segment_cum_len":17447.420570082693,"stop_segment_distance":14.823149279335894}
{"route_id":"154","stop_id":"11949","stop_lat":34.177352,"stop_lon":-118.353462,"stop_sequence":14,"segment_first_lat":34.1772710506,"segment_first_lon":-118.3535332176,"segment_second_lat":34.1773517218,"segment_second_lon":-118.3536671315,"segment_sequence":140001,"segment_id":7,"segment_len_meter":15.238852642010489,"segment_cum_len":6252.258888110356,"stop_segment_distance":14.764540387255142}
{"route_id":"18","stop_id":"7344","stop_lat":34.058466,"stop_lon":-118.272759,"stop_sequence":17,"segment_first_lat":34.0590020958,"segment_first_lon":-118.2736452041,"segment_second_lat":34.0585772445,"segment_second_lon":-118.2726866954,"segment_sequence":160003,"segment_id":8,"segment_len_meter":100.14191321133985,"segment_cum_len":4027.4703877912466,"stop_segment_distance":14.992593173550219}
{"route_id":"180","stop_id":"3677","stop_lat":34.180119,"stop_lon":-118.131598,"stop_sequence":87,"segment_first_lat":34.1795666764,"segment_first_lon":-118.1317722561,"segment_second_lat":34.1801247944,"segment_second_lon":-118.1317493308,"segment_sequence":860003,"segment_id":43,"segment_len_meter":62.09571100153229,"segment_cum_len":26624.239074235014,"stop_segment_distance":15.312954978362832}
{"route_id":"20","stop_id":"16740","stop_lat":34.067199,"stop_lon":-118.392388,"stop_sequence":49,"segment_first_lat":34.0670711011,"segment_first_lon":-118.3923877659,"segment_second_lat":34.0670735636,"segment_second_lon":-118.3928137222,"segment_sequence":490001,"segment_id":25,"segment_len_meter":39.236607923495065,"segment_cum_len":14673.45865696035,"stop_segment_distance":16.605858842691923}
{"route_id":"206","stop_id":"11186","stop_lat":34.056046,"stop_lon":-118.300991,"stop_sequence":22,"segment_first_lat":34.0577145073,"segment_first_lon":-118.3008818032,"segment_second_lat":34.0560465705,"segment_second_lon":-118.3008728333,"segment_sequence":210002,"segment_id":11,"segment_len_meter":185.46795095736394,"segment_cum_len":6611.303625863291,"stop_segment_distance":11.220275765872401}
{"route_id":"210","stop_id":"14108","stop_lat":34.071295,"stop_lon":-118.309268,"stop_sequence":18,"segment_first_lat":34.0730570644,"segment_first_lon":-118.3091229564,"segment_second_lat":34.0712956925,"segment_second_lon":-118.3091164472,"segment_sequence":170003,"segment_id":9,"segment_len_meter":195.8565368435992,"segment_cum_len":5672.694535176692,"stop_segment_distance":14.490341632389544}
{"route_id":"218","stop_id":"15650","stop_lat":34.073189,"stop_lon":-118.373446,"stop_sequence":23,"segment_first_lat":34.0730629361,"segment_first_lon":-118.3734682377,"segment_second_lat":34.0731477944,"segment_second_lon":-118.3741950863,"segment_sequence":230001,"segment_id":12,"segment_len_meter":67.60834871638303,"segment_cum_len":11726.722032227339,"stop_segment_distance":15.704948125487647}
{"route_id":"232","stop_id":"23200071","stop_lat":33.782204,"stop_lon":-118.228677,"stop_sequence":17,"segment_first_lat":33.7820743097,"segment_first_lon":-118.2286625118,"segment_second_lat":33.7820240442,"segment_second_lon":-118.2293744753,"segment_sequence":170001,"segment_id":9,"segment_len_meter":66.0370753391299,"segment_cum_len":6017.690764375781,"stop_segment_distance":15.94130493095767}
{"route_id":"232","stop_id":"23200092","stop_lat":33.807949,"stop_lon":-118.358104,"stop_sequence":49,"segment_first_lat":33.807834036,"segment_first_lon":-118.3581700047,"segment_second_lat":33.8083923295,"segment_second_lon":-118.3595743287,"segment_sequence":490001,"segment_id":25,"segment_len_meter":143.83551639498825,"segment_cum_len":19970.266675961757,"stop_segment_distance":14.842960560878026}
{"route_id":"234","stop_id":"7996","stop_lat":34.076383,"stop_lon":-118.454696,"stop_sequence":70,"segment_first_lat":34.07647808,"segment_first_lon":-118.4547992809,"segment_second_lat":34.0765703201,"segment_second_lon":-118.4546769376,"segment_sequence":700001,"segment_id":35,"segment_len_meter":15.237018530545994,"segment_cum_len":38143.66272055447,"stop_segment_distance":19.88772907771265}
{"route_id":"265","stop_id":"142219","stop_lat":33.924069,"stop_lon":-118.151688,"stop_sequence":35,"segment_first_lat":33.9240633147,"segment_first_lon":-118.1519752568,"segment_second_lat":33.9251002467,"segment_second_lon":-118.1511827337,"segment_sequence":350002,"segment_id":18,"segment_len_meter":136.5338056017586,"segment_cum_len":13509.15435920136,"stop_segment_distance":13.761841396207359}
{"route_id":"266","stop_id":"17859","stop_lat":33.986878,"stop_lon":-118.094128,"stop_sequence":41,"segment_first_lat":33.9865723193,"segment_first_lon":-118.0945131997,"segment_second_lat":33.9869401825,"segment_second_lon":-118.0942566452,"segment_sequence":400005,"segment_id":20,"segment_len_meter":47.25141857537957,"segment_cum_len":18600.021791849576,"stop_segment_distance":15.637232987155727}
{"route_id":"4","stop_id":"14375","stop_lat":34.090861,"stop_lon":-118.346557,"stop_sequence":51,"segment_first_lat":34.0907350667,"segment_first_lon":-118.3465597549,"segment_second_lat":34.0907405133,"segment_second_lon":-118.3472467653,"segment_sequence":510001,"segment_id":26,"segment_len_meter":63.26706537366076,"segment_cum_len":15723.821756967393,"stop_segment_distance":15.653745528735321}
{"route_id":"40","stop_id":"13226","stop_lat":34.038032,"stop_lon":-118.260568,"stop_sequence":15,"segment_first_lat":34.037956222,"segment_first_lon":-118.2604467182,"segment_second_lat":34.0374292803,"segment_second_lon":-118.2609098187,"segment_sequence":150001,"segment_id":8,"segment_len_meter":72.48486713108181,"segment_cum_len":5887.659631622589,"stop_segment_distance":15.562619166668838}
{"route_id":"577","stop_id":"20500005","stop_lat":33.775454,"stop_lon":-118.113524,"stop_sequence":7,"segment_first_lat":33.7753116801,"segment_first_lon":-118.1131391827,"segment_second_lat":33.7753247753,"segment_second_lon":-118.1135310867,"segment_sequence":60211,"segment_id":3,"segment_len_meter":36.25211727820988,"segment_cum_len":45613.324440070595,"stop_segment_distance":17.061471827741443}
{"route_id":"60","stop_id":"13920","stop_lat":34.010117,"stop_lon":-118.230422,"stop_sequence":25,"segment_first_lat":34.011875976,"segment_first_lon":-118.2302914029,"segment_second_lat":34.0101173828,"segment_second_lon":-118.2302713865,"segment_sequence":240003,"segment_id":12,"segment_len_meter":195.55534524936633,"segment_cum_len":7952.698010340988,"stop_segment_distance":14.286617598252292}
{"route_id":"60","stop_id":"13926","stop_lat":34.0258,"stop_lon":-118.230062,"stop_sequence":21,"segment_first_lat":34.0266244466,"segment_first_lon":-118.2299293511,"segment_second_lat":34.0258056125,"segment_second_lon":-118.2299139005,"segment_sequence":200011,"segment_id":10,"segment_len_meter":91.06133045905554,"segment_cum_len":6202.823378955176,"stop_segment_distance":15.087030547096248}
{"route_id":"68","stop_id":"9246","stop_lat":34.052653,"stop_lon":-118.220526,"stop_sequence":34,"segment_first_lat":34.0525429625,"segment_first_lon":-118.2205981277,"segment_second_lat":34.0526992307,"segment_second_lon":-118.2209455077,"segment_sequence":340001,"segment_id":17,"segment_len_meter":36.4162641991873,"segment_cum_len":13598.926542135956,"stop_segment_distance":16.495902711968533}
{"route_id":"704","stop_id":"14360","stop_lat":34.016649,"stop_lon":-118.49468,"stop_sequence":2,"segment_first_lat":34.0167451993,"segment_first_lon":-118.4947902122,"segment_second_lat":34.0172006984,"segment_second_lon":-118.4942111246,"segment_sequence":20001,"segment_id":1,"segment_len_meter":73.57956446224681,"segment_cum_len":1080.668528735954,"stop_segment_distance":16.210810546370197}
{"route_id":"76","stop_id":"13567","stop_lat":34.04654,"stop_lon":-118.257495,"stop_sequence":67,"segment_first_lat":34.0473006442,"segment_first_lon":-118.2565864458,"segment_second_lat":34.0464619719,"segment_second_lon":-118.2573718392,"segment_sequence":660007,"segment_id":33,"segment_len_meter":118.03754903791189,"segment_cum_len":24403.913132178677,"stop_segment_distance":15.246154976662567}
{"route_id":"78","stop_id":"1540","stop_lat":34.109842,"stop_lon":-118.012298,"stop_sequence":87,"segment_first_lat":34.1099078634,"segment_first_lon":-118.0127539585,"segment_second_lat":34.1099656133,"segment_second_lon":-118.0123225216,"segment_sequence":860005,"segment_id":43,"segment_len_meter":40.23609137820705,"segment_cum_len":27621.308400672835,"stop_segment_distance":16.305303824408213}
{"route_id":"780","stop_id":"12964","stop_lat":34.116599,"stop_lon":-118.271716,"stop_sequence":17,"segment_first_lat":34.1165162078,"segment_first_lon":-118.2719436642,"segment_second_lat":34.1166565789,"segment_second_lon":-118.2718417017,"segment_sequence":160044,"segment_id":8,"segment_len_meter":18.213532788166667,"segment_cum_len":17394.878866451425,"stop_segment_distance":17.902543814498266}
{"route_id":"794","stop_id":"5837","stop_lat":34.22175,"stop_lon":-118.372681,"stop_sequence":29,"segment_first_lat":34.2216518533,"segment_first_lon":-118.3727808712,"segment_second_lat":34.2222908465,"segment_second_lon":-118.3737255211,"segment_sequence":290001,"segment_id":15,"segment_len_meter":112.2147035423524,"segment_cum_len":30019.468120853595,"stop_segment_distance":15.360553831284804}
{"route_id":"81","stop_id":"11994","stop_lat":34.088665,"stop_lon":-118.215551,"stop_sequence":38,"segment_first_lat":34.0890650792,"segment_first_lon":-118.2145450792,"segment_second_lat":34.0885811436,"segment_second_lon":-118.2154913906,"segment_sequence":370006,"segment_id":19,"segment_len_meter":102.41948589861983,"segment_cum_len":10880.245056076928,"stop_segment_distance":11.162755727994536}
{"route_id":"83","stop_id":"11784","stop_lat":34.113933,"stop_lon":-118.190277,"stop_sequence":16,"segment_first_lat":34.1138476633,"segment_first_lon":-118.1902162748,"segment_second_lat":34.1132880412,"segment_second_lon":-118.191359074,"segment_sequence":160001,"segment_id":8,"segment_len_meter":122.23281892208806,"segment_cum_len":4510.98635577326,"stop_segment_distance":11.527350927678754}
{"route_id":"83","stop_id":"16876","stop_lat":34.119355,"stop_lon":-118.196864,"stop_sequence":10,"segment_first_lat":34.1195298539,"segment_first_lon":-118.1973270797,"segment_second_lat":34.1194336431,"segment_second_lon":-118.1968431549,"segment_sequence":90007,"segment_id":5,"segment_len_meter":45.81423104119107,"segment_cum_len":2421.3427868401172,"stop_segment_distance":9.991908518893673}
