{"route_id":"10","stop_id":"11705","stop_lat":34.083578,"stop_lon":-118.343881,"stop_sequence":53,"segment_first_lat":34.0834549041,"segment_first_lon":-118.3427779044,"segment_second_lat":34.0834517692,"segment_second_lon":-118.3438809393,"segment_sequence":520003,"segment_id":26,"segment_len_meter":101.58361306477492,"segment_cum_len":14470.557619203262,"stop_segment_distance":14.959103980643931}
{"route_id":"10","stop_id":"24252","stop_lat":34.081851,"stop_lon":-118.286646,"stop_sequence":33,"segment_first_lat":34.0817762069,"segment_first_lon":-118.2856284074,"segment_second_lat":34.081778469,"segment_second_lon":-118.2866455747,"segment_sequence":320003,"segment_id":16,"segment_len_meter":93.67730669667186,"segment_cum_len":8998.22505390077,"stop_segment_distance":8.472260300258966}
{"route_id":"10","stop_id":"4771","stop_lat":34.051807,"stop_lon":-118.248822,"stop_sequence":11,"segment_first_lat":34.0518682721,"segment_first_lon":-118.2489144078,"segment_second_lat":34.0530896077,"segment_second_lon":-118.2477566334,"segment_sequence":110001,"segment_id":6,"segment_len_meter":172.68582061406266,"segment_cum_len":3299.567287784634,"stop_segment_distance":11.347345668554198}
{"route_id":"110","stop_id":"1497","stop_lat":33.977338,"stop_lon":-118.344448,"stop_sequence":20,"segment_first_lat":33.9766736006,"segment_first_lon":-118.3462625282,"segment_second_lat":33.9774279811,"segment_second_lon":-118.3445026757,"segment_sequence":190002,"segment_id":10,"segment_len_meter":182.67379875182652,"segment_cum_len":8016.738803310239,"stop_segment_distance":11.43157193743184}
{"route_id":"111","stop_id":"7640","stop_lat":33.974544,"stop_lon":-118.282838,"stop_sequence":34,"segment_first_lat":33.9746659664,"segment_first_lon":-118.2837656788,"segment_second_lat":33.974670341,"segment_second_lon":-118.2828388877,"segment_sequence":330005,"segment_id":17,"segment_len_meter":85.4628807259255,"segment_cum_len":12829.024996488286,"stop_segment_distance":15.197643561152503}
{"route_id":"115","stop_id":"7811","stop_lat":33.959853,"stop_lon":-118.31352,"stop_sequence":32,"segment_first_lat":33.9599835491,"segment_first_lon":-118.3150140756,"segment_second_lat":33.9599800217,"segment_second_lon":-118.3135202194,"segment_sequence":310006,"segment_id":16,"segment_len_meter":137.7761949710282,"segment_cum_len":7891.0167130322925,"stop_segment_distance":14.906482494161537}
{"route_id":"117","stop_id":"1104","stop_lat":33.943637,"stop_lon":-118.26468,"stop_sequence":33,"segment_first_lat":33.9437625709,"segment_first_lon":-118.2648811503,"segment_second_lat":33.9437418946,"segment_second_lon":-118.2646615032,"segment_sequence":320005,"segment_id":16,"segment_len_meter":20.391539468640076,"segment_cum_len":13802.251566825129,"stop_segment_distance":14.61830683349232}
{"route_id":"117","stop_id":"187","stop_lat":33.936417,"stop_lon":-118.182262,"stop_sequence":62,"segment_first_lat":33.9386074989,"segment_first_lon":-118.1818575845,"segment_second_lat":33.9364052693,"segment_second_lon":-118.1821106085,"segment_sequence":610003,"segment_id":31,"segment_len_meter":245.98674949637237,"segment_cum_len":22414.0941594726,"stop_segment_distance":14.453547976748979}
{"route_id":"117","stop_id":"6633","stop_lat":33.944558,"stop_lon":-118.209909,"stop_sequence":51,"segment_first_lat":33.9447815198,"segment_first_lon":-118.2107927835,"segment_second_lat":33.9446830764,"segment_second_lon":-118.2098878238,"segment_sequence":500004,"segment_id":25,"segment_len_meter":84.19238318820727,"segment_cum_len":19193.433327503346,"stop_segment_distance":15.080880240346332}
{"route_id":"165","stop_id":"6896","stop_lat":34.19382,"stop_lon":-118.43087,"stop_sequence":52,"segment_first_lat":34.1939448152,"segment_first_lon":-118.4308711335,"segment_second_lat":34.1939464548,"segment_second_lon":-118.4268433162,"segment_sequence":520001,"segment_id":26,"segment_len_meter":370.45357731090417,"segment_cum_len":20426.29767611122,"stop_segment_distance":14.042020225670228}
{"route_id":"166","stop_id":"1835","stop_lat":34.255672,"stop_lon":-118.392857,"stop_sequence":64,"segment_first_lat":34.2557331551,"segment_first_lon":-118.3929219568,"segment_second_lat":34.2572945485,"segment_second_lon":-118.3907867874,"segment_sequence":640001,"segment_id":32,"segment_len_meter":262.0138359855415,"segment_cum_len":27203.872992532313,"stop_segment_distance":9.239990391864353}
{"route_id":"169","stop_id":"6096","stop_lat":34.208364,"stop_lon":-118.461494,"stop_sequence":87,"segment_first_lat":34.2084608564,"segment_first_lon":-118.4614940532,"segment_second_lat":34.2084573056,"segment_second_lon":-118.4600453499,"segment_sequence":870001,"segment_id":44,"segment_len_meter":133.22034932697375,"segment_cum_len":36180.63467913075,"stop_segment_distance":11.167949460622452}
{"route_id":"2","stop_id":"8041","stop_lat":34.097881,"stop_lon":-118.348495,"stop_sequence":39,"segment_first_lat":34.0980092638,"segment_first_lon":-118.3489450223,"segment_second_lat":34.0980086368,"segment_second_lon":-118.3484957963,"segment_sequence":380005,"segment_id":19,"segment_len_meter":41.36401367668853,"segment_cum_len":12139.78637421538,"stop_segment_distance":16.651830623071646}
{"route_id":"212","stop_id":"1994","stop_lat":33.932292,"stop_lon":-118.352435,"stop_sequence":69,"segment_first_lat":33.931274349,"segment_first_lon":-118.3525941458,"segment_second_lat":33.9322910555,"segment_second_lon":-118.3525941389,"segment_sequence":680001,"segment_id":34,"segment_len_meter":113.05260468870469,"segment_cum_len":23784.682957369023,"stop_segment_distance":15.735848039557908}
{"route_id":"217","stop_id":"13405","stop_lat":34.0458,"stop_lon":-118.36821,"stop_sequence":36,"segment_first_lat":34.0476129201,"segment_first_lon":-118.3675479584,"segment_second_lat":34.045768637,"segment_second_lon":-118.3680587826,"segment_sequence":350002,"segment_id":18,"segment_len_meter":210.40621194997462,"segment_cum_len":9847.764175355991,"stop_segment_distance":14.569695230143225}
{"route_id":"222","stop_id":"7780","stop_lat":34.171697,"stop_lon":-118.348651,"stop_sequence":29,"segment_first_lat":34.1716497213,"segment_first_lon":-118.3487933855,"segment_second_lat":34.1727945332,"segment_second_lon":-118.3493499481,"segment_sequence":290001,"segment_id":15,"segment_len_meter":137.20887780556316,"segment_cum_len":11065.395561894873,"stop_segment_distance":14.849583768480812}
{"route_id":"224","stop_id":"5811","stop_lat":34.239271,"stop_lon":-118.393521,"stop_sequence":33,"segment_first_lat":34.2377801183,"segment_first_lon":-118.3921479339,"segment_second_lat":34.2391885235,"segment_second_lon":-118.3936375116,"segment_sequence":320003,"segment_id":16,"segment_len_meter":208.02799871251625,"segment_cum_len":12199.737910766058,"stop_segment_distance":14.432022472841567}
{"route_id":"232","stop_id":"23200093","stop_lat":33.809102,"stop_lon":-118.361032,"stop_sequence":50,"segment_first_lat":33.8089881689,"segment_first_lon":-118.361097994,"segment_second_lat":33.8094395374,"segment_second_lon":-118.3622286794,"segment_sequence":500001,"segment_id":25,"segment_len_meter":115.89679128236399,"segment_cum_len":20241.758234972534,"stop_segment_distance":14.912244658601324}
{"route_id":"237","stop_id":"9252","stop_lat":34.168227,"stop_lon":-118.377041,"stop_sequence":30,"segment_first_lat":34.1681294373,"segment_first_lon":-118.3765445068,"segment_second_lat":34.1681278922,"segment_second_lon":-118.3770403832,"segment_sequence":290007,"segment_id":15,"segment_len_meter":45.62190252540928,"segment_cum_len":11345.889231140465,"stop_segment_distance":12.347398800021146}
{"route_id":"239","stop_id":"6619","stop_lat":34.287156,"stop_lon":-118.445035,"stop_sequence":64,"segment_first_lat":34.2870737602,"segment_first_lon":-118.4451497183,"segment_second_lat":34.2880142723,"segment_second_lon":-118.4461456136,"segment_sequence":640001,"segment_id":32,"segment_len_meter":138.95412177342735,"segment_cum_len":24706.68113797853,"stop_segment_distance":14.709295212876071}
{"route_id":"246","stop_id":"3825","stop_lat":33.745892,"stop_lon":-118.287713,"stop_sequence":23,"segment_first_lat":33.7451273273,"segment_first_lon":-118.2878679221,"segment_second_lat":33.7458912206,"segment_second_lon":-118.2878649491,"segment_sequence":220005,"segment_id":11,"segment_len_meter":84.94150424224686,"segment_cum_len":4937.5498553289235,"stop_segment_distance":15.333751987603733}
{"route_id":"256","stop_id":"3675","stop_lat":34.177308,"stop_lon":-118.131719,"stop_sequence":114,"segment_first_lat":34.1773130365,"segment_first_lon":-118.1318725171,"segment_second_lat":34.1784564836,"segment_second_lon":-118.1318200991,"segment_sequence":1140001,"segment_id":57,"segment_len_meter":127.23692080677581,"segment_cum_len":35061.69302337488,"stop_segment_distance":14.940259527512225}
{"route_id":"266","stop_id":"4605","stop_lat":34.09931,"stop_lon":-118.073302,"stop_sequence":63,"segment_first_lat":34.0993069235,"segment_first_lon":-118.0734549033,"segment_second_lat":34.1036182864,"segment_second_lon":-118.0735207931,"segment_sequence":630001,"segment_id":32,"segment_len_meter":479.44006700382727,"segment_cum_len":32675.39262486577,"stop_segment_distance":14.125918807633639}
{"route_id":"487","stop_id":"140940","stop_lat":34.148448,"stop_lon":-118.080921,"stop_sequence":42,"segment_first_lat":34.1484106893,"segment_first_lon":-118.0809206274,"segment_second_lat":34.1484221739,"segment_second_lon":-118.082226148,"segment_sequence":420001,"segment_id":21,"segment_len_meter":120.14522639907287,"segment_cum_len":26490.383194254824,"stop_segment_distance":4.142127940067695}
{"route_id":"53","stop_id":"4869","stop_lat":33.963588,"stop_lon":-118.256234,"stop_sequence":39,"segment_first_lat":33.9628894919,"segment_first_lon":-118.2563872097,"segment_second_lat":33.963587448,"segment_second_lon":-118.256386708,"segment_sequence":380005,"segment_id":19,"segment_len_meter":77.6091911327774,"segment_cum_len":13843.8325999665,"stop_segment_distance":15.419650063275839}
{"route_id":"55","stop_id":"30007","stop_lat":33.927643,"stop_lon":-118.237701,"stop_sequence":1,"segment_first_lat":33.927646842,"segment_first_lon":-118.2376534619,"segment_second_lat":33.9246231098,"segment_second_lon":-118.2361167361,"segment_sequence":10001,"segment_id":1,"segment_len_meter":364.89665933309806,"segment_cum_len":364.89665933309806,"stop_segment_distance":5.7415841412305895}
{"route_id":"55","stop_id":"802","stop_lat":33.999158,"stop_lon":-118.247607,"stop_sequence":34,"segment_first_lat":33.9984290705,"segment_first_lon":-118.2477598321,"segment_second_lat":33.9991572491,"segment_second_lon":-118.2477619871,"segment_sequence":330004,"segment_id":17,"segment_len_meter":80.97000972015016,"segment_cum_len":9842.887404981253,"stop_segment_distance":15.586478007116014}
{"route_id":"605","stop_id":"1189","stop_lat":34.037308,"stop_lon":-118.204051,"stop_sequence":12,"segment_first_lat":34.0368721272,"segment_first_lon":-118.2034001716,"segment_second_lat":34.0371981761,"segment_second_lon":-118.2041241475,"segment_sequence":110005,"segment_id":6,"segment_len_meter":75.92566646025831,"segment_cum_len":3072.5786671417086,"stop_segment_distance":15.12962237321453}
{"route_id":"66","stop_id":"1236","stop_lat":34.025894,"stop_lon":-118.214677,"stop_sequence":36,"segment_first_lat":34.0259813273,"segment_first_lon":-118.214621973,"segment_second_lat":34.0258343382,"segment_second_lon":-118.2143004814,"segment_sequence":360001,"segment_id":18,"segment_len_meter":33.83688440664785,"segment_cum_len":11282.516249640017,"stop_segment_distance":12.445094717355751}
{"route_id":"70","stop_id":"5948","stop_lat":34.064174,"stop_lon":-118.042473,"stop_sequence":71,"segment_first_lat":34.0630568406,"segment_first_lon":-118.0424942659,"segment_second_lat":34.0641633587,"segment_second_lon":-118.0426249173,"segment_sequence":700001,"segment_id":35,"segment_len_meter":123.62639985295907,"segment_cum_len":24256.22079047472,"stop_segment_distance":14.65531236276847}
{"route_id":"754","stop_id":"13000140","stop_lat":34.061969,"stop_lon":-118.291784,"stop_sequence":7,"segment_first_lat":34.0622547135,"segment_first_lon":-118.2916269696,"segment_second_lat":34.0619689323,"segment_second_lon":-118.2916279543,"segment_sequence":60008,"segment_id":3,"segment_len_meter":31.777549032620193,"segment_cum_len":5147.924393957259,"stop_segment_distance":17.50498895167457}
{"route_id":"757","stop_id":"12471","stop_lat":34.083287,"stop_lon":-118.30929,"stop_sequence":5,"segment_first_lat":34.0832873844,"segment_first_lon":-118.3091326972,"segment_second_lat":34.0816853576,"segment_second_lon":-118.3091383345,"segment_sequence":50001,"segment_id":3,"segment_len_meter":178.13800904578744,"segment_cum_len":3868.7983251835485,"stop_segment_distance":14.99014314032803}
{"route_id":"76","stop_id":"10225","stop_lat":34.07885,"stop_lon":-118.120072,"stop_sequence":24,"segment_first_lat":34.0787227028,"segment_first_lon":-118.1200611525,"segment_second_lat":34.0786818261,"segment_second_lon":-118.1208212908,"segment_sequence":240001,"segment_id":12,"segment_len_meter":70.15558209760185,"segment_cum_len":8550.1040004106,"stop_segment_distance":15.532316364613465}
{"route_id":"78","stop_id":"1534","stop_lat":34.103349,"stop_lon":-118.077392,"stop_sequence":68,"segment_first_lat":34.1034567011,"segment_first_lon":-118.081260306,"segment_second_lat":34.1034749034,"segment_second_lon":-118.077392147,"segment_sequence":670002,"segment_id":34,"segment_len_meter":356.15619038541615,"segment_cum_len":21518.182553956227,"stop_segment_distance":14.209157376024393}
{"route_id":"90","stop_id":"12060","stop_lat":34.159006,"stop_lon":-118.239916,"stop_sequence":56,"segment_first_lat":34.1590694563,"segment_first_lon":-118.239661632,"segment_second_lat":34.1589262942,"segment_second_lon":-118.2397990612,"segment_sequence":550007,"segment_id":28,"segment_len_meter":20.33003550270696,"segment_cum_len":17797.02615243571,"stop_segment_distance":18.055295170927767}
{"route_id":"92","stop_id":"2196","stop_lat":34.098145,"stop_lon":-118.259074,"stop_sequence":28,"segment_first_lat":34.0979850037,"segment_first_lon":-118.2592259031,"segment_second_lat":34.0981443794,"segment_second_lon":-118.2592263971,"segment_sequence":270006,"segment_id":14,"segment_len_meter":17.721827645135498,"segment_cum_len":8002.492346565066,"stop_segment_distance":18.94144568987724}
{"route_id":"96","stop_id":"13551","stop_lat":34.041771,"stop_lon":-118.261973,"stop_sequence":53,"segment_first_lat":34.0430163643,"segment_first_lon":-118.2606004474,"segment_second_lat":34.0416922111,"segment_second_lon":-118.2618499984,"segment_sequence":520002,"segment_id":26,"segment_len_meter":186.90842704732935,"segment_cum_len":24269.886171625516,"stop_segment_distance":14.952082662319214}
