{"route_id":"102","stop_id":"6349","stop_lat":34.004811,"stop_lon":-118.340908,"stop_sequence":29,"segment_first_lat":34.0048151899,"segment_first_lon":-118.3411988161,"segment_second_lat":34.0049191128,"segment_second_lon":-118.340985436,"segment_sequence":280015,"segment_id":14,"segment_len_meter":22.812591207929437,"segment_cum_len":10467.154199925197,"stop_segment_distance":17.97981044387229}
{"route_id":"102","stop_id":"7761","stop_lat":34.020797,"stop_lon":-118.277731,"stop_sequence":55,"segment_first_lat":34.0210222682,"segment_first_lon":-118.2779233208,"segment_second_lat":34.0209101913,"segment_second_lon":-118.2776688437,"segment_sequence":540005,"segment_id":27,"segment_len_meter":26.558612524172858,"segment_cum_len":18071.455668248233,"stop_segment_distance":17.95550073302305}
{"route_id":"105","stop_id":"5214","stop_lat":34.040198,"stop_lon":-118.376857,"stop_sequence":50,"segment_first_lat":34.0394191261,"segment_first_lon":-118.3772262331,"segment_second_lat":34.0402257653,"segment_second_lon":-118.3770064029,"segment_sequence":490007,"segment_id":25,"segment_len_meter":91.95287958845343,"segment_cum_len":18204.150220913387,"stop_segment_distance":15.204778001368808}
{"route_id":"105","stop_id":"5886","stop_lat":34.086964,"stop_lon":-118.385509,"stop_sequence":71,"segment_first_lat":34.0871594694,"segment_first_lon":-118.3854869212,"segment_second_lat":34.0870050418,"segment_second_lon":-118.3853996791,"segment_sequence":700010,"segment_id":35,"segment_len_meter":18.95811321992987,"segment_cum_len":25092.978599518006,"stop_segment_distance":13.925454589987098}
{"route_id":"111","stop_id":"2395","stop_lat":33.974232,"stop_lon":-118.226679,"stop_sequence":49,"segment_first_lat":33.9744067358,"segment_first_lon":-118.2270979254,"segment_second_lat":33.9743594704,"segment_second_lon":-118.2266607825,"segment_sequence":480008,"segment_id":24,"segment_len_meter":40.65124378391935,"segment_cum_len":18012.073182372864,"stop_segment_distance":16.863295907405934}
{"route_id":"111","stop_id":"7506","stop_lat":33.95258,"stop_lon":-118.370326,"stop_sequence":7,"segment_first_lat":33.9526747173,"segment_first_lon":-118.3717938874,"segment_second_lat":33.9526792313,"segment_second_lon":-118.3703265709,"segment_sequence":60003,"segment_id":3,"segment_len_meter":135.34047813859655,"segment_cum_len":2806.9566250560215,"stop_segment_distance":11.49497287291399}
{"route_id":"115","stop_id":"1921","stop_lat":33.930508,"stop_lon":-118.114081,"stop_sequence":81,"segment_first_lat":33.9319669388,"segment_first_lon":-118.1166934236,"segment_second_lat":33.9306145542,"segment_second_lon":-118.1140009394,"segment_sequence":800004,"segment_id":40,"segment_len_meter":290.3781831265285,"segment_cum_len":27052.456395807454,"stop_segment_distance":14.115041906969395}
{"route_id":"120","stop_id":"10051","stop_lat":33.931119,"stop_lon":-118.258894,"stop_sequence":79,"segment_first_lat":33.9309983212,"segment_first_lon":-118.2589067304,"segment_second_lat":33.9310221176,"segment_second_lon":-118.2592137101,"segment_sequence":790001,"segment_id":40,"segment_len_meter":28.44515472640204,"segment_cum_len":33557.34580131651,"stop_segment_distance":16.42701464606895}
{"route_id":"120","stop_id":"11155","stop_lat":33.917153,"stop_lon":-118.137919,"stop_sequence":44,"segment_first_lat":33.9170198974,"segment_first_lon":-118.1379348637,"segment_second_lat":33.9170698569,"segment_second_lon":-118.1384590043,"segment_sequence":440001,"segment_id":22,"segment_len_meter":48.68291227783294,"segment_cum_len":20057.47430680113,"stop_segment_distance":16.86872970355087}
{"route_id":"127","stop_id":"14675","stop_lat":33.896583,"stop_lon":-118.146538,"stop_sequence":23,"segment_first_lat":33.8964877368,"segment_first_lon":-118.1461488511,"segment_second_lat":33.8964834178,"segment_second_lon":-118.146537672,"segment_sequence":220004,"segment_id":11,"segment_len_meter":35.890199987933116,"segment_cum_len":9360.580418910778,"stop_segment_distance":12.629574283721468}
{"route_id":"130","stop_id":"13000063","stop_lat":33.873005,"stop_lon":-118.313307,"stop_sequence":53,"segment_first_lat":33.87288016,"segment_first_lon":-118.3126542711,"segment_second_lat":33.8728784659,"segment_second_lon":-118.3133065244,"segment_sequence":520006,"segment_id":26,"segment_len_meter":60.21795054649839,"segment_cum_len":26380.807245526375,"stop_segment_distance":15.691771080490632}
{"route_id":"14","stop_id":"99","stop_lat":34.042134,"stop_lon":-118.259555,"stop_sequence":37,"segment_first_lat":34.0408614156,"segment_first_lon":-118.2608875117,"segment_second_lat":34.0421932337,"segment_second_lon":-118.2596468942,"segment_sequence":360006,"segment_id":18,"segment_len_meter":187.07716742597728,"segment_cum_len":12503.345281991455,"stop_segment_distance":10.994347623874035}
{"route_id":"152","stop_id":"6371","stop_lat":34.227695,"stop_lon":-118.365965,"stop_sequence":21,"segment_first_lat":34.2276779832,"segment_first_lon":-118.3661178424,"segment_second_lat":34.228696967,"segment_second_lon":-118.3662774695,"segment_sequence":210001,"segment_id":11,"segment_len_meter":114.25227517738111,"segment_cum_len":8393.842845894365,"stop_segment_distance":14.98405068837792}
{"route_id":"161","stop_id":"8665","stop_lat":34.151732,"stop_lon":-118.827889,"stop_sequence":55,"segment_first_lat":34.1516421914,"segment_first_lon":-118.8279460858,"segment_second_lat":34.1520797467,"segment_second_lon":-118.828937066,"segment_sequence":550001,"segment_id":28,"segment_len_meter":103.3574195037405,"segment_cum_len":30796.909831244597,"stop_segment_distance":11.831742561557121}
{"route_id":"164","stop_id":"4738","stop_lat":34.177759,"stop_lon":-118.318324,"stop_sequence":5,"segment_first_lat":34.1777070135,"segment_first_lon":-118.3184661889,"segment_second_lat":34.1779932214,"segment_second_lon":-118.3186167235,"segment_sequence":50001,"segment_id":3,"segment_len_meter":34.70714343406879,"segment_cum_len":2242.986243495555,"stop_segment_distance":17.05567548747679}
{"route_id":"165","stop_id":"6870","stop_lat":34.19373,"stop_lon":-118.535713,"stop_sequence":28,"segment_first_lat":34.1938556854,"segment_first_lon":-118.5357133421,"segment_second_lat":34.1938512049,"segment_second_lon":-118.535111452,"segment_sequence":280001,"segment_id":14,"segment_len_meter":55.360402554510266,"segment_cum_len":10468.321062976112,"stop_segment_distance":15.559811136759002}
{"route_id":"167","stop_id":"18208","stop_lat":34.21218,"stop_lon":-118.4145,"stop_sequence":69,"segment_first_lat":34.2137279103,"segment_first_lon":-118.4143817869,"segment_second_lat":34.2121808516,"segment_second_lon":-118.4143800637,"segment_sequence":680003,"segment_id":34,"segment_len_meter":172.02515163738323,"segment_cum_len":27604.05386069785,"stop_segment_distance":11.466536763918185}
{"route_id":"176","stop_id":"16503","stop_lat":34.049383,"stop_lon":-118.090332,"stop_sequence":8,"segment_first_lat":34.0485725432,"segment_first_lon":-118.0904865161,"segment_second_lat":34.0493831616,"segment_second_lon":-118.0904873928,"segment_sequence":70003,"segment_id":4,"segment_len_meter":90.13668971416152,"segment_cum_len":2436.012366385575,"stop_segment_distance":15.41599151133633}
{"route_id":"18","stop_id":"8318","stop_lat":34.023796,"stop_lon":-118.185967,"stop_sequence":49,"segment_first_lat":34.0239220843,"segment_first_lon":-118.1859668717,"segment_second_lat":34.0239236054,"segment_second_lon":-118.1849768224,"segment_sequence":490001,"segment_id":25,"segment_len_meter":91.24191428766059,"segment_cum_len":13833.05496036285,"stop_segment_distance":15.128219025188443}
{"route_id":"180","stop_id":"9333","stop_lat":34.142103,"stop_lon":-118.223228,"stop_sequence":47,"segment_first_lat":34.1424068301,"segment_first_lon":-118.2236249517,"segment_second_lat":34.142213694,"segment_second_lon":-118.2231574598,"segment_sequence":460007,"segment_id":23,"segment_len_meter":48.085471129240254,"segment_cum_len":14045.272308199039,"stop_segment_distance":15.588957265778497}
{"route_id":"2","stop_id":"2938","stop_lat":34.063664,"stop_lon":-118.442602,"stop_sequence":3,"segment_first_lat":34.0637159938,"segment_first_lon":-118.4427603121,"segment_second_lat":34.0637316213,"segment_second_lon":-118.4426200695,"segment_sequence":20009,"segment_id":1,"segment_len_meter":13.03487247517547,"segment_cum_len":378.86590851251304,"stop_segment_distance":10.353536776298084}
{"route_id":"20","stop_id":"16744","stop_lat":34.062499,"stop_lon":-118.35054,"stop_sequence":37,"segment_first_lat":34.0623717718,"segment_first_lon":-118.3505429741,"segment_second_lat":34.0623923302,"segment_second_lon":-118.3514114093,"segment_sequence":370001,"segment_id":19,"segment_len_meter":80.03031636773282,"segment_cum_len":10800.081937274515,"stop_segment_distance":15.262617645691378}
{"route_id":"210","stop_id":"14122","stop_lat":34.065495,"stop_lon":-118.309244,"stop_sequence":20,"segment_first_lat":34.0671821531,"segment_first_lon":-118.3091045483,"segment_second_lat":34.0654949888,"segment_second_lon":-118.3090923708,"segment_sequence":190003,"segment_id":10,"segment_len_meter":187.60746392872147,"segment_cum_len":6317.70815400786,"stop_segment_distance":14.401765435106284}
{"route_id":"217","stop_id":"13419","stop_lat":34.051385,"stop_lon":-118.366799,"stop_sequence":33,"segment_first_lat":34.0513857459,"segment_first_lon":-118.3666477683,"segment_second_lat":34.0510505022,"segment_second_lon":-118.3666486101,"segment_sequence":330001,"segment_id":17,"segment_len_meter":37.27747930402577,"segment_cum_len":9245.941326307136,"stop_segment_distance":16.346858112166466}
{"route_id":"222","stop_id":"6371","stop_lat":34.227695,"stop_lon":-118.365965,"stop_sequence":47,"segment_first_lat":34.2276779832,"segment_first_lon":-118.3661178424,"segment_second_lat":34.228696967,"segment_second_lon":-118.3662774695,"segment_sequence":470001,"segment_id":24,"segment_len_meter":114.25227517738111,"segment_cum_len":19371.548939402073,"stop_segment_distance":14.98405068837792}
{"route_id":"245","stop_id":"6592","stop_lat":34.196354,"stop_lon":-118.605756,"stop_sequence":7,"segment_first_lat":34.1955645324,"segment_first_lon":-118.6059022577,"segment_second_lat":34.1963531571,"segment_second_lon":-118.6059079788,"segment_sequence":60003,"segment_id":3,"segment_len_meter":87.69264428458531,"segment_cum_len":2548.102737111752,"stop_segment_distance":15.094758216819926}
{"route_id":"266","stop_id":"4608","stop_lat":34.109199,"stop_lon":-118.07345,"stop_sequence":66,"segment_first_lat":34.1063249119,"segment_first_lon":-118.0735595107,"segment_second_lat":34.1091964068,"segment_second_lon":-118.0736030009,"segment_sequence":650002,"segment_id":33,"segment_len_meter":319.3207695769228,"segment_cum_len":33295.69753478725,"stop_segment_distance":14.511395593886903}
{"route_id":"30","stop_id":"7925","stop_lat":34.047136,"stop_lon":-118.291756,"stop_sequence":14,"segment_first_lat":34.0472686637,"segment_first_lon":-118.2924132177,"segment_second_lat":34.0472658561,"segment_second_lon":-118.2917562881,"segment_sequence":130007,"segment_id":7,"segment_len_meter":60.52599204343597,"segment_cum_len":4532.171206188696,"stop_segment_distance":16.23612322116032}
{"route_id":"35","stop_id":"16467","stop_lat":34.040985,"stop_lon":-118.349958,"stop_sequence":72,"segment_first_lat":34.0408630066,"segment_first_lon":-118.3499854675,"segment_second_lat":34.0408963563,"segment_second_lon":-118.350235152,"segment_sequence":720001,"segment_id":36,"segment_len_meter":23.30297927687293,"segment_cum_len":22305.747530268833,"stop_segment_distance":17.86925093721808}
{"route_id":"40","stop_id":"11232","stop_lat":34.010986,"stop_lon":-118.304373,"stop_sequence":30,"segment_first_lat":34.0108596738,"segment_first_lon":-118.3034356132,"segment_second_lat":34.0108597875,"segment_second_lon":-118.3043727198,"segment_sequence":290004,"segment_id":15,"segment_len_meter":86.37591355271658,"segment_cum_len":11604.249253574775,"stop_segment_distance":15.194366720906103}
{"route_id":"460","stop_id":"4384","stop_lat":33.910169,"stop_lon":-118.082302,"stop_sequence":24,"segment_first_lat":33.9105761497,"segment_first_lon":-118.0819730162,"segment_second_lat":33.910128399,"segment_second_lon":-118.0821617508,"segment_sequence":240009,"segment_id":12,"segment_len_meter":52.74609499848518,"segment_cum_len":36316.13954071557,"stop_segment_distance":15.47109149787208}
{"route_id":"487","stop_id":"142118","stop_lat":34.149914,"stop_lon":-118.085969,"stop_sequence":40,"segment_first_lat":34.1500304588,"segment_first_lon":-118.0858468708,"segment_second_lat":34.1500241005,"segment_second_lon":-118.0862864493,"segment_sequence":440001,"segment_id":22,"segment_len_meter":40.45691325489567,"segment_cum_len":27023.667013383696,"stop_segment_distance":8.363341835170615}
{"route_id":"487","stop_id":"7778","stop_lat":34.102358,"stop_lon":-118.102664,"stop_sequence":17,"segment_first_lat":34.1024522638,"segment_first_lon":-118.1046035433,"segment_second_lat":34.1024844253,"segment_second_lon":-118.102667866,"segment_sequence":160003,"segment_id":8,"segment_len_meter":178.26030950400104,"segment_cum_len":18379.980712718534,"stop_segment_distance":14.689913436340902}
{"route_id":"487","stop_id":"7949","stop_lat":34.161729,"stop_lon":-118.059946,"stop_sequence":58,"segment_first_lat":34.1618500566,"segment_first_lon":-118.0605875627,"segment_second_lat":34.1618547729,"segment_second_lon":-118.0599462762,"segment_sequence":570004,"segment_id":29,"segment_len_meter":59.006303948656374,"segment_cum_len":32029.019842689413,"stop_segment_distance":15.523795389481698}
{"route_id":"53","stop_id":"4848","stop_lat":34.030381,"stop_lon":-118.24494,"stop_sequence":66,"segment_first_lat":34.0304358887,"segment_first_lon":-118.2450762817,"segment_second_lat":34.0309561243,"segment_second_lon":-118.2447735031,"segment_sequence":660001,"segment_id":33,"segment_len_meter":64.22486312855821,"segment_cum_len":21660.75346681935,"stop_segment_distance":15.503948099301226}
{"route_id":"55","stop_id":"3507","stop_lat":34.058301,"stop_lon":-118.251183,"stop_sequence":66,"segment_first_lat":34.0583829506,"segment_first_lon":-118.2512884489,"segment_second_lat":34.0585345631,"segment_second_lon":-118.2510577961,"segment_sequence":660002,"segment_id":33,"segment_len_meter":27.12359217267267,"segment_cum_len":20027.14561157416,"stop_segment_distance":14.612624499368966}
{"route_id":"60","stop_id":"12198","stop_lat":33.876941,"stop_lon":-118.203691,"stop_sequence":74,"segment_first_lat":33.877696867,"segment_first_lon":-118.2037618383,"segment_second_lat":33.876973188,"segment_second_lon":-118.2035403435,"segment_sequence":730003,"segment_id":37,"segment_len_meter":83.0267773258001,"segment_cum_len":23390.83727806913,"stop_segment_distance":15.637294715795221}
{"route_id":"60","stop_id":"12705","stop_lat":33.996475,"stop_lon":-118.22538,"stop_sequence":30,"segment_first_lat":33.9990942215,"segment_first_lon":-118.2252381609,"segment_second_lat":33.9964755311,"segment_second_lon":-118.2252278166,"segment_sequence":290002,"segment_id":15,"segment_len_meter":291.1866484360945,"segment_cum_len":9804.605648873954,"stop_segment_distance":14.380570244469197}
{"route_id":"62","stop_id":"2292","stop_lat":33.860694,"stop_lon":-118.091041,"stop_sequence":70,"segment_first_lat":33.8606947909,"segment_first_lon":-118.0908417465,"segment_second_lat":33.8584435191,"segment_second_lon":-118.0908182284,"segment_sequence":700001,"segment_id":35,"segment_len_meter":250.33942163910356,"segment_cum_len":35230.017632934134,"stop_segment_distance":19.145065342169545}
{"route_id":"66","stop_id":"15790","stop_lat":34.057627,"stop_lon":-118.298458,"stop_sequence":7,"segment_first_lat":34.0577265656,"segment_first_lon":-118.2984585324,"segment_second_lat":34.0577308822,"segment_second_lon":-118.2976001531,"segment_sequence":70001,"segment_id":4,"segment_len_meter":79.07713985372968,"segment_cum_len":1794.4101315869455,"stop_segment_distance":11.860586592764633}
{"route_id":"68","stop_id":"9213","stop_lat":34.054258,"stop_lon":-118.225238,"stop_sequence":36,"segment_first_lat":34.053479938,"segment_first_lon":-118.2237603143,"segment_second_lat":34.0541445197,"segment_second_lon":-118.2253068028,"segment_sequence":350009,"segment_id":18,"segment_len_meter":160.4970134845723,"segment_cum_len":14035.581575188378,"stop_segment_distance":14.923333041193644}
{"route_id":"704","stop_id":"17306","stop_lat":34.082956,"stop_lon":-118.273535,"stop_sequence":27,"segment_first_lat":34.0831396601,"segment_first_lon":-118.273535936,"segment_second_lat":34.0830363179,"segment_second_lon":-118.2734243033,"segment_sequence":260037,"segment_id":13,"segment_len_meter":15.418820356077278,"segment_cum_len":24951.98074472159,"stop_segment_distance":18.556697358587478}
{"route_id":"757","stop_id":"65300062","stop_lat":34.10148,"stop_lon":-118.309426,"stop_sequence":2,"segment_first_lat":34.1014807555,"segment_first_lon":-118.3092617291,"segment_second_lat":34.1005272437,"segment_second_lon":-118.309260845,"segment_sequence":20001,"segment_id":1,"segment_len_meter":106.02570590524768,"segment_cum_len":1773.517466260869,"stop_segment_distance":16.127156226353677}
{"route_id":"78","stop_id":"11759","stop_lat":34.060994,"stop_lon":-118.213651,"stop_sequence":19,"segment_first_lat":34.0608892618,"segment_first_lon":-118.2140733226,"segment_second_lat":34.0610959357,"segment_second_lon":-118.2137436871,"segment_sequence":180008,"segment_id":9,"segment_len_meter":38.081443096057534,"segment_cum_len":6903.465237538921,"stop_segment_distance":16.71889718727582}
{"route_id":"83","stop_id":"12787","stop_lat":34.079444,"stop_lon":-118.21491,"stop_sequence":32,"segment_first_lat":34.07996405,"segment_first_lon":-118.2145910839,"segment_second_lat":34.0794125222,"segment_second_lon":-118.2147627129,"segment_sequence":310006,"segment_id":16,"segment_len_meter":63.33138906075417,"segment_cum_len":9285.32148430527,"stop_segment_distance":15.536471843339122}
{"route_id":"94","stop_id":"14206","stop_lat":34.256871,"stop_lon":-118.412521,"stop_sequence":14,"segment_first_lat":34.2569518933,"segment_first_lon":-118.4124039066,"segment_second_lat":34.2564168736,"segment_second_lon":-118.4118403212,"segment_sequence":140001,"segment_id":7,"segment_len_meter":78.88035722543195,"segment_cum_len":5665.488749344436,"stop_segment_distance":15.540573583299832}
{"route_id":"96","stop_id":"13101","stop_lat":34.177806,"stop_lon":-118.307266,"stop_sequence":2,"segment_first_lat":34.1777424143,"segment_first_lon":-118.3073321551,"segment_second_lat":34.1782049396,"segment_second_lon":-118.3079580824,"segment_sequence":20001,"segment_id":1,"segment_len_meter":77.20443994976442,"segment_cum_len":851.9266710961418,"stop_segment_distance":9.720134918943458}
{"route_id":"96","stop_id":"13545","stop_lat":34.176667,"stop_lon":-118.297812,"stop_sequence":9,"segment_first_lat":34.1766372524,"segment_first_lon":-118.2975377184,"segment_second_lat":34.1744276722,"segment_second_lon":-118.2998772011,"segment_sequence":90002,"segment_id":5,"segment_len_meter":326.6257596409585,"segment_cum_len":3035.732165514285,"stop_segment_distance":12.02567369064019}
