{"route_id":"105","stop_id":"16424","stop_lat":34.003831,"stop_lon":-118.29204,"stop_sequence":17,"segment_first_lat":34.0037043141,"segment_first_lon":-118.2920399891,"segment_second_lat":34.0036980566,"segment_second_lon":-118.2937127563,"segment_sequence":170001,"segment_id":9,"segment_len_meter":154.19851366369016,"segment_cum_len":6179.726998102777,"stop_segment_distance":14.791118621476585}
{"route_id":"117","stop_id":"32143","stop_lat":33.943016,"stop_lon":-118.239284,"stop_sequence":42,"segment_first_lat":33.9431865298,"segment_first_lon":-118.2408079337,"segment_second_lat":33.9431442354,"segment_second_lon":-118.2392780055,"segment_sequence":410004,"segment_id":21,"segment_len_meter":141.2087139374621,"segment_cum_len":16149.43109861589,"stop_segment_distance":14.911742402701151}
{"route_id":"120","stop_id":"13000149","stop_lat":33.931074,"stop_lon":-118.352364,"stop_sequence":101,"segment_first_lat":33.9309482436,"segment_first_lon":-118.3513480045,"segment_second_lat":33.930945281,"segment_second_lon":-118.3523633227,"segment_sequence":1000005,"segment_id":50,"segment_len_meter":93.67347505915339,"segment_cum_len":43109.24419711569,"stop_segment_distance":15.412164380337956}
{"route_id":"120","stop_id":"36523","stop_lat":33.932024,"stop_lon":-118.197209,"stop_sequence":61,"segment_first_lat":33.9318967485,"segment_first_lon":-118.1972204399,"segment_second_lat":33.931927538,"segment_second_lon":-118.1975478601,"segment_sequence":610001,"segment_id":31,"segment_len_meter":30.400723556737105,"segment_cum_len":25914.444851731525,"stop_segment_distance":16.839893268740525}
{"route_id":"130","stop_id":"8741","stop_lat":33.87298,"stop_lon":-118.330658,"stop_sequence":57,"segment_first_lat":33.8728521649,"segment_first_lon":-118.3306571908,"segment_second_lat":33.872852333,"segment_second_lon":-118.3312962743,"segment_sequence":570001,"segment_id":29,"segment_len_meter":59.0018087021095,"segment_cum_len":28041.701173733276,"stop_segment_distance":15.8258881092912}
{"route_id":"14","stop_id":"7462","stop_lat":34.032624,"stop_lon":-118.305112,"stop_sequence":21,"segment_first_lat":34.0327240859,"segment_first_lon":-118.3051123491,"segment_second_lat":34.0327267182,"segment_second_lon":-118.3047228959,"segment_sequence":210001,"segment_id":11,"segment_len_meter":35.88901087042928,"segment_cum_len":7066.55874177864,"stop_segment_distance":12.870987642033533}
{"route_id":"152","stop_id":"10425","stop_lat":34.165757,"stop_lon":-118.623445,"stop_sequence":96,"segment_first_lat":34.1657108963,"segment_first_lon":-118.6243141286,"segment_second_lat":34.1660321647,"segment_second_lon":-118.6232950226,"segment_sequence":960006,"segment_id":48,"segment_len_meter":100.33700640214632,"segment_cum_len":39330.16951782902,"stop_segment_distance":13.35536708192349}
{"route_id":"154","stop_id":"15886","stop_lat":34.181676,"stop_lon":-118.329783,"stop_sequence":8,"segment_first_lat":34.1815571297,"segment_first_lon":-118.3297256513,"segment_second_lat":34.1813554321,"segment_second_lon":-118.3303309196,"segment_sequence":80001,"segment_id":4,"segment_len_meter":60.02447673246877,"segment_cum_len":3851.910985460428,"stop_segment_distance":15.93987122375917}
{"route_id":"161","stop_id":"14927","stop_lat":34.154826,"stop_lon":-118.774967,"stop_sequence":39,"segment_first_lat":34.1547009337,"segment_first_lon":-118.7749687088,"segment_second_lat":34.1547094636,"segment_second_lon":-118.7755241007,"segment_sequence":390001,"segment_id":20,"segment_len_meter":51.11404442359012,"segment_cum_len":23853.687409045182,"stop_segment_distance":15.668477518205243}
{"route_id":"166","stop_id":"12540","stop_lat":34.235195,"stop_lon":-118.440566,"stop_sequence":49,"segment_first_lat":34.2353416599,"segment_first_lon":-118.4419037769,"segment_second_lat":34.2353220893,"segment_second_lon":-118.4405637072,"segment_sequence":480005,"segment_id":24,"segment_len_meter":123.20995696534015,"segment_cum_len":20497.5485298923,"stop_segment_distance":14.979899651134275}
{"route_id":"169","stop_id":"14969","stop_lat":34.154565,"stop_lon":-118.605955,"stop_sequence":13,"segment_first_lat":34.1552667342,"segment_first_lon":-118.6058116933,"segment_second_lat":34.1545660534,"segment_second_lon":-118.6058039692,"segment_sequence":120004,"segment_id":6,"segment_len_meter":77.91539191934606,"segment_cum_len":4721.447637277062,"stop_segment_distance":15.118126658084265}
{"route_id":"169","stop_id":"6207","stop_lat":34.201036,"stop_lon":-118.492061,"stop_sequence":79,"segment_first_lat":34.2011637198,"segment_first_lon":-118.4920556816,"segment_second_lat":34.2011500139,"segment_second_lon":-118.4916418686,"segment_sequence":790001,"segment_id":40,"segment_len_meter":38.08718925197982,"segment_cum_len":32465.210849059455,"stop_segment_distance":16.700191971271224}
{"route_id":"176","stop_id":"13731","stop_lat":34.099513,"stop_lon":-118.10966,"stop_sequence":61,"segment_first_lat":34.0994684467,"segment_first_lon":-118.1097656119,"segment_second_lat":34.1000484858,"segment_second_lon":-118.1101069308,"segment_sequence":610001,"segment_id":31,"segment_len_meter":71.74675672425437,"segment_cum_len":24363.435274139778,"stop_segment_distance":11.54690691077927}
{"route_id":"18","stop_id":"13522","stop_lat":34.011684,"stop_lon":-118.130934,"stop_sequence":71,"segment_first_lat":34.0119176963,"segment_first_lon":-118.1307362109,"segment_second_lat":34.0116651136,"segment_second_lon":-118.1307866316,"segment_sequence":700006,"segment_id":35,"segment_len_meter":28.467818821714413,"segment_cum_len":19370.226665076025,"stop_segment_distance":17.01983831453389}
{"route_id":"2","stop_id":"8059","stop_lat":34.097984,"stop_lon":-118.308905,"stop_sequence":50,"segment_first_lat":34.0981100204,"segment_first_lon":-118.3089050783,"segment_second_lat":34.0981147353,"segment_second_lon":-118.3070553522,"segment_sequence":500001,"segment_id":25,"segment_len_meter":170.32018625610928,"segment_cum_len":15955.63437765684,"stop_segment_distance":14.624226527388487}
{"route_id":"212","stop_id":"13643","stop_lat":34.036076,"stop_lon":-118.349528,"stop_sequence":34,"segment_first_lat":34.0384531763,"segment_first_lon":-118.3484458151,"segment_second_lat":34.0360429705,"segment_second_lon":-118.3494121166,"segment_sequence":330003,"segment_id":17,"segment_len_meter":282.4064518886357,"segment_cum_len":9540.480585128593,"stop_segment_distance":11.399080439786246}
{"route_id":"222","stop_id":"6369","stop_lat":34.234498,"stop_lon":-118.366998,"stop_sequence":50,"segment_first_lat":34.2342094611,"segment_first_lon":-118.36710893,"segment_second_lat":34.2344819246,"segment_second_lon":-118.3671508229,"segment_sequence":490004,"segment_id":25,"segment_len_meter":30.540354118309857,"segment_cum_len":20019.79964780213,"stop_segment_distance":17.28757030855438}
{"route_id":"224","stop_id":"5868","stop_lat":34.23628,"stop_lon":-118.390354,"stop_sequence":32,"segment_first_lat":34.2351812753,"segment_first_lon":-118.3893896331,"segment_second_lat":34.2361980876,"segment_second_lon":-118.3904696664,"segment_sequence":310005,"segment_id":16,"segment_len_meter":150.46982587341222,"segment_cum_len":11757.728529485517,"stop_segment_distance":14.479236914546902}
{"route_id":"237","stop_id":"525","stop_lat":34.172262,"stop_lon":-118.448361,"stop_sequence":48,"segment_first_lat":34.1721337044,"segment_first_lon":-118.4473583536,"segment_second_lat":34.172134666,"segment_second_lon":-118.4483600941,"segment_sequence":470003,"segment_id":24,"segment_len_meter":92.15773396017552,"segment_cum_len":18382.054278675576,"stop_segment_distance":15.338993213090816}
{"route_id":"256","stop_id":"10323","stop_lat":34.105387,"stop_lon":-118.183258,"stop_sequence":53,"segment_first_lat":34.1051649223,"segment_first_lon":-118.1827483865,"segment_second_lat":34.105291603,"segment_second_lon":-118.1832900885,"segment_sequence":520002,"segment_id":26,"segment_len_meter":51.82577724177403,"segment_cum_len":14909.802496968767,"stop_segment_distance":12.207357007655979}
{"route_id":"256","stop_id":"1594","stop_lat":34.01878,"stop_lon":-118.17365,"stop_sequence":3,"segment_first_lat":34.0178288547,"segment_first_lon":-118.1738821722,"segment_second_lat":34.0189087651,"segment_second_lon":-118.1738811157,"segment_sequence":20011,"segment_id":1,"segment_len_meter":120.08059718990808,"segment_cum_len":392.70381968292463,"stop_segment_distance":13.490470657179742}
{"route_id":"260","stop_id":"8786","stop_lat":33.981832,"stop_lon":-118.186523,"stop_sequence":66,"segment_first_lat":33.9835228459,"segment_first_lon":-118.1861179453,"segment_second_lat":33.9818149391,"segment_second_lon":-118.1863707737,"segment_sequence":650005,"segment_id":33,"segment_len_meter":191.33598630369457,"segment_cum_len":26122.028340676672,"stop_segment_distance":14.514585814066777}
{"route_id":"266","stop_id":"2381","stop_lat":34.103896,"stop_lon":-118.073369,"stop_sequence":64,"segment_first_lat":34.1038930708,"segment_first_lon":-118.0735246684,"segment_second_lat":34.1061875199,"segment_second_lon":-118.0735574078,"segment_sequence":640001,"segment_id":32,"segment_len_meter":255.14890572004396,"segment_cum_len":32961.09824505002,"stop_segment_distance":14.582654819386903}
{"route_id":"267","stop_id":"1010","stop_lat":34.142362,"stop_lon":-118.076248,"stop_sequence":28,"segment_first_lat":34.1422854595,"segment_first_lon":-118.0748767458,"segment_second_lat":34.1422626214,"segment_second_lon":-118.0762449306,"segment_sequence":270003,"segment_id":14,"segment_len_meter":125.93977238322987,"segment_cum_len":10747.943476586432,"stop_segment_distance":11.597472777133646}
{"route_id":"267","stop_id":"2970","stop_lat":34.156029,"stop_lon":-118.154777,"stop_sequence":63,"segment_first_lat":34.1559575634,"segment_first_lon":-118.1549021578,"segment_second_lat":34.1567557896,"segment_second_lon":-118.1555683574,"segment_sequence":630001,"segment_id":32,"segment_len_meter":107.86945976919624,"segment_cum_len":20663.868230058684,"stop_segment_distance":14.901973040515358}
{"route_id":"267","stop_id":"2971","stop_lat":34.198047,"stop_lon":-118.158833,"stop_sequence":79,"segment_first_lat":34.1982881891,"segment_first_lon":-118.1589990797,"segment_second_lat":34.1976176906,"segment_second_lon":-118.1569077559,"segment_sequence":790002,"segment_id":40,"segment_len_meter":206.2823953766299,"segment_cum_len":25659.988967853107,"stop_segment_distance":7.967143065328685}
{"route_id":"35","stop_id":"16449","stop_lat":34.036945,"stop_lon":-118.277342,"stop_sequence":48,"segment_first_lat":34.0365257451,"segment_first_lon":-118.2767238534,"segment_second_lat":34.0368352184,"segment_second_lon":-118.2774147214,"segment_sequence":470003,"segment_id":24,"segment_len_meter":72.36553803881806,"segment_cum_len":15492.110998922177,"stop_segment_distance":15.164653862335527}
{"route_id":"4","stop_id":"16240","stop_lat":34.089882,"stop_lon":-118.376044,"stop_sequence":61,"segment_first_lat":34.090314159,"segment_first_lon":-118.3749720939,"segment_second_lat":34.089773596,"segment_second_lon":-118.375962159,"segment_sequence":600014,"segment_id":30,"segment_len_meter":109.20302482875731,"segment_cum_len":18397.532907687564,"stop_segment_distance":14.797135743140913}
{"route_id":"460","stop_id":"4597","stop_lat":33.902264,"stop_lon":-118.057411,"stop_sequence":33,"segment_first_lat":33.9023905387,"segment_first_lon":-118.0574143896,"segment_second_lat":33.9023993085,"segment_second_lon":-118.0568838386,"segment_sequence":340001,"segment_id":17,"segment_len_meter":48.974559743665026,"segment_cum_len":39576.28904549874,"stop_segment_distance":16.024749992366367}
{"route_id":"487","stop_id":"14326","stop_lat":34.124064,"stop_lon":-118.031269,"stop_sequence":79,"segment_first_lat":34.1240670387,"segment_first_lon":-118.0311184541,"segment_second_lat":34.1235009809,"segment_second_lon":-118.0311070094,"segment_sequence":790001,"segment_id":40,"segment_len_meter":62.951571157214296,"segment_cum_len":38895.917578394896,"stop_segment_distance":15.26644579899611}
{"route_id":"602","stop_id":"8002","stop_lat":34.045079,"stop_lon":-118.523234,"stop_sequence":17,"segment_first_lat":34.0454357918,"segment_first_lon":-118.5234338309,"segment_second_lat":34.0451683923,"segment_second_lon":-118.5231235097,"segment_sequence":160003,"segment_id":8,"segment_len_meter":41.249970327551694,"segment_cum_len":4449.969833117048,"stop_segment_distance":16.715562339536334}
{"route_id":"62","stop_id":"9764","stop_lat":34.034422,"stop_lon":-118.230225,"stop_sequence":15,"segment_first_lat":34.034556225,"segment_first_lon":-118.2306145646,"segment_second_lat":34.0345492806,"segment_second_lon":-118.2302217744,"segment_sequence":140007,"segment_id":7,"segment_len_meter":36.2027756882212,"segment_cum_len":5452.38657344387,"stop_segment_distance":16.829754270206678}
{"route_id":"780","stop_id":"13406","stop_lat":34.035671,"stop_lon":-118.369126,"stop_sequence":2,"segment_first_lat":34.0355976388,"segment_first_lon":-118.3689606748,"segment_second_lat":34.0358393277,"segment_second_lon":-118.3690013484,"segment_sequence":10002,"segment_id":1,"segment_len_meter":27.13466135686011,"segment_cum_len":64.46625030166234,"stop_segment_distance":12.106482806699677}
{"route_id":"81","stop_id":"5133","stop_lat":34.053811,"stop_lon":-118.247234,"stop_sequence":46,"segment_first_lat":34.0543477817,"segment_first_lon":-118.246585068,"segment_second_lat":34.0537498097,"segment_second_lon":-118.2471402444,"segment_sequence":450005,"segment_id":23,"segment_len_meter":83.88712293108499,"segment_cum_len":15854.592483334547,"stop_segment_distance":11.587029953842475}
{"route_id":"92","stop_id":"2203","stop_lat":34.085602,"stop_lon":-118.259752,"stop_sequence":23,"segment_first_lat":34.0839002268,"segment_first_lon":-118.2599923621,"segment_second_lat":34.0855933744,"segment_second_lon":-118.2599074642,"segment_sequence":220001,"segment_id":11,"segment_len_meter":188.43169660674099,"segment_cum_len":6579.419537089056,"stop_segment_distance":16.43620527413441}
{"route_id":"96","stop_id":"9061","stop_lat":34.053628,"stop_lon":-118.245236,"stop_sequence":45,"segment_first_lat":34.0529562218,"segment_first_lon":-118.2444417082,"segment_second_lat":34.0535262518,"segment_second_lon":-118.2453301155,"segment_sequence":440003,"segment_id":22,"segment_len_meter":103.52003488744107,"segment_cum_len":21902.55191160599,"stop_segment_distance":15.302393617879588}
