{"route_id":"10","stop_id":"11707","stop_lat":34.083623,"stop_lon":-118.323498,"stop_sequence":46,"segment_first_lat":34.0835019564,"segment_first_lon":-118.3227019637,"segment_second_lat":34.0834976295,"segment_second_lon":-118.3234978586,"segment_sequence":450006,"segment_id":23,"segment_len_meter":73.29876956892195,"segment_cum_len":12593.248656152418,"stop_segment_distance":15.177266008549552}
{"route_id":"105","stop_id":"5211","stop_lat":34.050552,"stop_lon":-118.375992,"stop_sequence":54,"segment_first_lat":34.049897425,"segment_first_lon":-118.376141158,"segment_second_lat":34.0505514112,"segment_second_lon":-118.3761440981,"segment_sequence":530007,"segment_id":27,"segment_len_meter":72.72045201495591,"segment_cum_len":19370.118919021446,"stop_segment_distance":15.36378837252272}
{"route_id":"111","stop_id":"7505","stop_lat":33.9526,"stop_lon":-118.361183,"stop_sequence":9,"segment_first_lat":33.9526987141,"segment_first_lon":-118.3611830069,"segment_second_lat":33.9527017214,"segment_second_lon":-118.3601773175,"segment_sequence":90001,"segment_id":5,"segment_len_meter":92.7614426948996,"segment_cum_len":3743.132173239057,"stop_segment_distance":11.66238585283044}
{"route_id":"115","stop_id":"7819","stop_lat":33.959909,"stop_lon":-118.291139,"stop_sequence":38,"segment_first_lat":33.9600363811,"segment_first_lon":-118.2911427885,"segment_second_lat":33.9600390248,"segment_second_lon":-118.2907302596,"segment_sequence":380001,"segment_id":19,"segment_len_meter":38.047899765096496,"segment_cum_len":9992.937717739635,"stop_segment_distance":16.495403789995876}
{"route_id":"120","stop_id":"10050","stop_lat":33.931324,"stop_lon":-118.269345,"stop_sequence":81,"segment_first_lat":33.9311871367,"segment_first_lon":-118.2691796264,"segment_second_lat":33.9312013094,"segment_second_lon":-118.2693547176,"segment_sequence":800011,"segment_id":40,"segment_len_meter":16.230495195109274,"segment_cum_len":34494.57657876217,"stop_segment_distance":18.991137038322197}
{"route_id":"120","stop_id":"140801","stop_lat":33.9311,"stop_lon":-118.317609,"stop_sequence":93,"segment_first_lat":33.9309727956,"segment_first_lon":-118.3166917199,"segment_second_lat":33.9309725837,"segment_second_lon":-118.3176081531,"segment_sequence":920003,"segment_id":46,"segment_len_meter":84.54977843599052,"segment_cum_len":39902.691286140056,"stop_segment_distance":15.420224569809477}
{"route_id":"120","stop_id":"140807","stop_lat":33.931066,"stop_lon":-118.361644,"stop_sequence":103,"segment_first_lat":33.9309356691,"segment_first_lon":-118.3616430087,"segment_second_lat":33.9309360738,"segment_second_lon":-118.3619660702,"segment_sequence":1030001,"segment_id":52,"segment_len_meter":29.805576801967447,"segment_cum_len":43995.23380338014,"stop_segment_distance":17.726901647037273}
{"route_id":"125","stop_id":"17510","stop_lat":33.902987,"stop_lon":-118.128856,"stop_sequence":74,"segment_first_lat":33.9032339327,"segment_first_lon":-118.1290672669,"segment_second_lat":33.9030995964,"segment_second_lon":-118.1287796999,"segment_sequence":730015,"segment_id":37,"segment_len_meter":30.454447182840298,"segment_cum_len":29386.715797743087,"stop_segment_distance":17.586295466902776}
{"route_id":"14","stop_id":"4731","stop_lat":34.0549,"stop_lon":-118.398792,"stop_sequence":86,"segment_first_lat":34.0550238995,"segment_first_lon":-118.3988268114,"segment_second_lat":34.0550795025,"segment_second_lon":-118.3985481061,"segment_sequence":860001,"segment_id":43,"segment_len_meter":26.40964499740206,"segment_cum_len":31739.438465977782,"stop_segment_distance":17.789582854847232}
{"route_id":"152","stop_id":"14989","stop_lat":34.225068,"stop_lon":-118.384526,"stop_sequence":27,"segment_first_lat":34.2253834666,"segment_first_lon":-118.3838623222,"segment_second_lat":34.2249719631,"segment_second_lon":-118.3844271147,"segment_sequence":260007,"segment_id":13,"segment_len_meter":69.21061919834237,"segment_cum_len":10813.838509984007,"stop_segment_distance":15.196749503184805}
{"route_id":"152","stop_id":"15548","stop_lat":34.168897,"stop_lon":-118.370125,"stop_sequence":5,"segment_first_lat":34.1688989522,"segment_first_lon":-118.3702809441,"segment_second_lat":34.1698332552,"segment_second_lon":-118.3702741752,"segment_sequence":50001,"segment_id":3,"segment_len_meter":103.89161997335177,"segment_cum_len":1714.3684954420714,"stop_segment_distance":15.464596886447723}
{"route_id":"154","stop_id":"12671","stop_lat":34.179523,"stop_lon":-118.401784,"stop_sequence":37,"segment_first_lat":34.1794248579,"segment_first_lon":-118.4008440994,"segment_second_lat":34.1794242152,"segment_second_lon":-118.4017830966,"segment_sequence":360006,"segment_id":18,"segment_len_meter":86.37800873773313,"segment_cum_len":14493.012507622765,"stop_segment_distance":11.753685141253413}
{"route_id":"155","stop_id":"18068","stop_lat":34.161051,"stop_lon":-118.329309,"stop_sequence":45,"segment_first_lat":34.1602605518,"segment_first_lon":-118.3290905749,"segment_second_lat":34.1610042476,"segment_second_lon":-118.3294508394,"segment_sequence":440002,"segment_id":22,"segment_len_meter":89.09143533117063,"segment_cum_len":17002.19646961703,"stop_segment_distance":15.11870033392448}
{"route_id":"166","stop_id":"12521","stop_lat":34.231714,"stop_lon":-118.579965,"stop_sequence":15,"segment_first_lat":34.2318367125,"segment_first_lon":-118.5801842774,"segment_second_lat":34.231837775,"segment_second_lon":-118.5799626191,"segment_sequence":140036,"segment_id":7,"segment_len_meter":20.377926435855823,"segment_cum_len":7264.754384877957,"stop_segment_distance":17.729523247832592}
{"route_id":"180","stop_id":"1316","stop_lat":34.145676,"stop_lon":-118.147328,"stop_sequence":69,"segment_first_lat":34.1458059462,"segment_first_lon":-118.1473284731,"segment_second_lat":34.1458147065,"segment_second_lon":-118.1459965789,"segment_sequence":690001,"segment_id":35,"segment_len_meter":122.5730795897452,"segment_cum_len":21559.04073208389,"stop_segment_distance":15.36904155060212}
{"route_id":"206","stop_id":"13774","stop_lat":33.949258,"stop_lon":-118.300374,"stop_sequence":60,"segment_first_lat":33.9492578405,"segment_first_lon":-118.3002535264,"segment_second_lat":33.9486835325,"segment_second_lon":-118.300256084,"segment_sequence":600001,"segment_id":30,"segment_len_meter":63.860571688099704,"segment_cum_len":18581.612079222556,"stop_segment_distance":12.049145655321674}
{"route_id":"210","stop_id":"15536","stop_lat":34.083697,"stop_lon":-118.326765,"stop_sequence":10,"segment_first_lat":34.0843982475,"segment_first_lon":-118.3266123663,"segment_second_lat":34.0836975386,"segment_second_lon":-118.3266122719,"segment_sequence":90004,"segment_id":5,"segment_len_meter":77.91527521951994,"segment_cum_len":2587.747122401434,"stop_segment_distance":15.382191754667744}
{"route_id":"222","stop_id":"16129","stop_lat":34.149911,"stop_lon":-118.341193,"stop_sequence":22,"segment_first_lat":34.1499927302,"segment_first_lon":-118.3413090038,"segment_second_lat":34.1504345258,"segment_second_lon":-118.3408447771,"segment_sequence":220001,"segment_id":11,"segment_len_meter":65.1014932033695,"segment_cum_len":8344.92029871455,"stop_segment_distance":15.368053174905498}
{"route_id":"232","stop_id":"23200091","stop_lat":33.806411,"stop_lon":-118.354214,"stop_sequence":48,"segment_first_lat":33.8054739426,"segment_first_lon":-118.352205099,"segment_second_lat":33.8062985253,"segment_second_lon":-118.3542786669,"segment_sequence":470003,"segment_id":24,"segment_len_meter":212.39718980632162,"segment_cum_len":19428.413532613555,"stop_segment_distance":14.321652909448858}
{"route_id":"234","stop_id":"20112","stop_lat":34.271895,"stop_lon":-118.458704,"stop_sequence":31,"segment_first_lat":34.2717506339,"segment_first_lon":-118.4583420865,"segment_second_lat":34.2717662779,"segment_second_lon":-118.4587099141,"segment_sequence":300006,"segment_id":15,"segment_len_meter":33.84397640483435,"segment_cum_len":11383.549947115322,"stop_segment_distance":17.407055455850042}
{"route_id":"239","stop_id":"20033","stop_lat":34.279523,"stop_lon":-118.449106,"stop_sequence":58,"segment_first_lat":34.2796202225,"segment_first_lon":-118.4492071311,"segment_second_lat":34.2799201773,"segment_second_lon":-118.4487936308,"segment_sequence":580001,"segment_id":29,"segment_len_meter":50.55568816779421,"segment_cum_len":23388.003682778748,"stop_segment_distance":16.37006049970669}
{"route_id":"258","stop_id":"10316","stop_lat":33.97532,"stop_lon":-118.16385,"stop_sequence":65,"segment_first_lat":33.9753076672,"segment_first_lon":-118.1636972527,"segment_second_lat":33.9749297661,"segment_second_lon":-118.1637499455,"segment_sequence":650001,"segment_id":33,"segment_len_meter":42.300671947064956,"segment_cum_len":23845.68227229581,"stop_segment_distance":16.21303979225391}
{"route_id":"266","stop_id":"17811","stop_lat":33.881871,"stop_lon":-118.14248,"stop_sequence":11,"segment_first_lat":33.8811068564,"segment_first_lon":-118.1426232246,"segment_second_lat":33.8818707446,"segment_second_lon":-118.142630125,"segment_sequence":100003,"segment_id":5,"segment_len_meter":84.94288086289838,"segment_cum_len":5790.579852544615,"stop_segment_distance":14.90700476214181}
{"route_id":"266","stop_id":"4609","stop_lat":34.106188,"stop_lon":-118.073404,"stop_sequence":65,"segment_first_lat":34.1038930708,"segment_first_lon":-118.0735246684,"segment_second_lat":34.1061875199,"segment_second_lon":-118.0735574078,"segment_sequence":640001,"segment_id":32,"segment_len_meter":255.14890572004396,"segment_cum_len":32961.09824505002,"stop_segment_distance":14.401574400331981}
{"route_id":"28","stop_id":"16163","stop_lat":34.055361,"stop_lon":-118.327724,"stop_sequence":77,"segment_first_lat":34.0551705438,"segment_first_lon":-118.327085917,"segment_second_lat":34.0552352605,"segment_second_lon":-118.3277431531,"segment_sequence":760006,"segment_id":38,"segment_len_meter":60.97389492316562,"segment_cum_len":24420.289150617038,"stop_segment_distance":15.600329572686555}
{"route_id":"33","stop_id":"140718","stop_lat":34.037566,"stop_lon":-118.270673,"stop_sequence":67,"segment_first_lat":34.0379834355,"segment_first_lon":-118.2712989623,"segment_second_lat":34.0376585347,"segment_second_lon":-118.2706100381,"segment_sequence":660014,"segment_id":33,"segment_len_meter":73.04038255739972,"segment_cum_len":21563.35619846386,"stop_segment_distance":12.807835719140385}
{"route_id":"35","stop_id":"16443","stop_lat":34.040056,"stop_lon":-118.315283,"stop_sequence":61,"segment_first_lat":34.0399314601,"segment_first_lon":-118.31443703,"segment_second_lat":34.0399292566,"segment_second_lon":-118.3152820309,"segment_sequence":600004,"segment_id":30,"segment_len_meter":77.85996483742082,"segment_cum_len":19071.531671043056,"stop_segment_distance":15.402920241967266}
{"route_id":"4","stop_id":"4818","stop_lat":34.041494,"stop_lon":-118.256654,"stop_sequence":5,"segment_first_lat":34.0415709359,"segment_first_lon":-118.2567758412,"segment_second_lat":34.0423170943,"segment_second_lon":-118.2560760282,"segment_sequence":50001,"segment_id":3,"segment_len_meter":105.07882624385536,"segment_cum_len":1456.3470984269793,"stop_segment_distance":14.925227345027793}
{"route_id":"611","stop_id":"141098","stop_lat":33.963577,"stop_lon":-118.210616,"stop_sequence":11,"segment_first_lat":33.9633891223,"segment_first_lon":-118.2096952813,"segment_second_lat":33.9634789965,"segment_second_lon":-118.2106304313,"segment_sequence":100002,"segment_id":5,"segment_len_meter":86.82075617638611,"segment_cum_len":4043.999234922127,"stop_segment_distance":11.602575157027388}
{"route_id":"62","stop_id":"7345","stop_lat":34.046694,"stop_lon":-118.25227,"stop_sequence":6,"segment_first_lat":34.0470370213,"segment_first_lon":-118.2525946171,"segment_second_lat":34.0467724145,"segment_second_lon":-118.2521940573,"segment_sequence":50003,"segment_id":3,"segment_len_meter":47.1984778881781,"segment_cum_len":2664.708389597971,"stop_segment_distance":12.451000936462442}
{"route_id":"66","stop_id":"1240","stop_lat":34.023225,"stop_lon":-118.208693,"stop_sequence":38,"segment_first_lat":34.0234065154,"segment_first_lon":-118.208862207,"segment_second_lat":34.0233145717,"segment_second_lon":-118.2086398773,"segment_sequence":370004,"segment_id":19,"segment_len_meter":22.89878493467647,"segment_cum_len":11874.78223988555,"stop_segment_distance":13.705245542817401}
{"route_id":"720","stop_id":"16769","stop_lat":34.061934,"stop_lon":-118.291299,"stop_sequence":17,"segment_first_lat":34.0618154992,"segment_first_lon":-118.2903014654,"segment_second_lat":34.0618067783,"segment_second_lon":-118.2912985419,"segment_sequence":160041,"segment_id":8,"segment_len_meter":91.85345180575406,"segment_cum_len":14970.292487310515,"stop_segment_distance":15.12341402167283}
{"route_id":"754","stop_id":"12442","stop_lat":34.099848,"stop_lon":-118.291606,"stop_sequence":1,"segment_first_lat":34.0998480692,"segment_first_lon":-118.2917633649,"segment_second_lat":34.1012192533,"segment_second_lon":-118.2917661674,"segment_sequence":10001,"segment_id":1,"segment_len_meter":152.46893377363065,"segment_cum_len":152.46893377363065,"stop_segment_distance":15.208579786340465}
{"route_id":"76","stop_id":"13553","stop_lat":34.0374,"stop_lon":-118.265438,"stop_sequence":72,"segment_first_lat":34.0384270275,"segment_first_lon":-118.2645734647,"segment_second_lat":34.0373361687,"segment_second_lon":-118.2653044238,"segment_sequence":710006,"segment_id":36,"segment_len_meter":138.7431229180628,"segment_cum_len":25659.461689095213,"stop_segment_distance":14.704502577997744}
{"route_id":"92","stop_id":"2204","stop_lat":34.09226,"stop_lon":-118.258528,"stop_sequence":25,"segment_first_lat":34.0919630192,"segment_first_lon":-118.258592903,"segment_second_lat":34.0922307768,"segment_second_lon":-118.2586677154,"segment_sequence":240021,"segment_id":12,"segment_len_meter":30.55990828367656,"segment_cum_len":7338.238017020797,"stop_segment_distance":16.268967571454343}
{"route_id":"92","stop_id":"2231","stop_lat":34.276646,"stop_lon":-118.414595,"stop_sequence":108,"segment_first_lat":34.2751856503,"segment_first_lon":-118.4132570101,"segment_second_lat":34.2765634185,"segment_second_lon":-118.4147110487,"segment_sequence":1070002,"segment_id":54,"segment_len_meter":203.27407234180566,"segment_cum_len":36605.93770625144,"stop_segment_distance":14.470880962379908}
{"route_id":"94","stop_id":"12098","stop_lat":34.062916,"stop_lon":-118.239581,"stop_sequence":84,"segment_first_lat":34.0644318362,"segment_first_lon":-118.2386905266,"segment_second_lat":34.0628780204,"segment_second_lon":-118.2394705809,"segment_sequence":830002,"segment_id":42,"segment_len_meter":187.12259464719446,"segment_cum_len":36991.597515166126,"stop_segment_distance":11.343520361252558}
{"route_id":"94","stop_id":"14242","stop_lat":34.128129,"stop_lon":-118.25921,"stop_sequence":68,"segment_first_lat":34.1282036899,"segment_first_lon":-118.2590896366,"segment_second_lat":34.1275810749,"segment_second_lon":-118.2585510928,"segment_sequence":680001,"segment_id":34,"segment_len_meter":85.14851477614465,"segment_cum_len":28145.830532022035,"stop_segment_distance":14.665216398397277}
