{"route_id":"106","stop_id":"9705","stop_lat":34.036088,"stop_lon":-118.187228,"stop_sequence":14,"segment_first_lat":34.0360151247,"segment_first_lon":-118.18722819,"segment_second_lat":34.0360093841,"segment_second_lon":-118.188092948,"segment_sequence":140001,"segment_id":7,"segment_len_meter":79.68626378882907,"segment_cum_len":4391.028666779504,"stop_segment_distance":8.596263870396541}
{"route_id":"108","stop_id":"1647","stop_lat":33.985739,"stop_lon":-118.162313,"stop_sequence":76,"segment_first_lat":33.9862208346,"segment_first_lon":-118.1656588766,"segment_second_lat":33.9858651625,"segment_second_lon":-118.1622948447,"segment_sequence":750003,"segment_id":38,"segment_len_meter":312.674733668045,"segment_cum_len":24440.608310383803,"stop_segment_distance":14.561209765039393}
{"route_id":"111","stop_id":"10529","stop_lat":33.972773,"stop_lon":-118.212631,"stop_sequence":53,"segment_first_lat":33.9729808982,"segment_first_lon":-118.2133868635,"segment_second_lat":33.9729001038,"segment_second_lon":-118.2126129077,"segment_sequence":520007,"segment_id":26,"segment_len_meter":71.93287965073975,"segment_cum_len":19317.62193419387,"stop_segment_distance":15.733442728010843}
{"route_id":"115","stop_id":"7827","stop_lat":33.95986,"stop_lon":-118.322288,"stop_sequence":30,"segment_first_lat":33.9599920264,"segment_first_lon":-118.3232351925,"segment_second_lat":33.9599874144,"segment_second_lon":-118.3222887441,"segment_sequence":290006,"segment_id":15,"segment_len_meter":87.29071053127568,"segment_cum_len":7082.307057903871,"stop_segment_distance":15.460155858240242}
{"route_id":"128","stop_id":"17237","stop_lat":33.889372,"stop_lon":-118.147626,"stop_sequence":27,"segment_first_lat":33.8892517013,"segment_first_lon":-118.1469665432,"segment_second_lat":33.8892464995,"segment_second_lon":-118.1476255084,"segment_sequence":260004,"segment_id":13,"segment_len_meter":60.82839490037024,"segment_cum_len":13244.06305185111,"stop_segment_distance":15.4501236247131}
{"route_id":"130","stop_id":"13000053","stop_lat":33.876197,"stop_lon":-118.23656,"stop_sequence":31,"segment_first_lat":33.8761259219,"segment_first_lon":-118.2365566698,"segment_second_lat":33.8760810615,"segment_second_lon":-118.2382663159,"segment_sequence":310001,"segment_id":16,"segment_len_meter":157.91164729423696,"segment_cum_len":15738.628361841547,"stop_segment_distance":8.049835745712357}
{"route_id":"150","stop_id":"6998","stop_lat":34.140239,"stop_lon":-118.385005,"stop_sequence":71,"segment_first_lat":34.141187787,"segment_first_lon":-118.3874067078,"segment_second_lat":34.1403575296,"segment_second_lon":-118.3849497124,"segment_sequence":700001,"segment_id":35,"segment_len_meter":244.24168255663562,"segment_cum_len":24903.082491180725,"stop_segment_distance":14.806901605628468}
{"route_id":"152","stop_id":"12993","stop_lat":34.221513,"stop_lon":-118.476287,"stop_sequence":49,"segment_first_lat":34.2213945669,"segment_first_lon":-118.4749431338,"segment_second_lat":34.221386815,"segment_second_lon":-118.4762861424,"segment_sequence":480003,"segment_id":24,"segment_len_meter":123.48435410237605,"segment_cum_len":19393.69736802656,"stop_segment_distance":14.806912736090538}
{"route_id":"169","stop_id":"2423","stop_lat":34.208156,"stop_lon":-118.494544,"stop_sequence":77,"segment_first_lat":34.2081734408,"segment_first_lon":-118.4943920521,"segment_second_lat":34.2079207343,"segment_second_lon":-118.4943674036,"segment_sequence":770002,"segment_id":39,"segment_len_meter":28.190950623387874,"segment_cum_len":31589.89616732789,"stop_segment_distance":16.706860030423403}
{"route_id":"176","stop_id":"10089","stop_lat":34.096661,"stop_lon":-118.123965,"stop_sequence":67,"segment_first_lat":34.096551945,"segment_first_lon":-118.1238875574,"segment_second_lat":34.0961184914,"segment_second_lon":-118.1248002007,"segment_sequence":670001,"segment_id":34,"segment_len_meter":96.87687349383951,"segment_cum_len":26094.72037977921,"stop_segment_distance":14.932444882129971}
{"route_id":"180","stop_id":"3663","stop_lat":34.167094,"stop_lon":-118.132189,"stop_sequence":82,"segment_first_lat":34.1670986802,"segment_first_lon":-118.1323423521,"segment_second_lat":34.1689731,"segment_second_lon":-118.1322547395,"segment_sequence":820001,"segment_id":41,"segment_len_meter":208.58177799514328,"segment_cum_len":25383.354721407242,"stop_segment_distance":14.570579779611023}
{"route_id":"2","stop_id":"6413","stop_lat":34.085066,"stop_lon":-118.407971,"stop_sequence":20,"segment_first_lat":34.0849769786,"segment_first_lon":-118.408274742,"segment_second_lat":34.0851479742,"segment_second_lon":-118.4080893094,"segment_sequence":190007,"segment_id":10,"segment_len_meter":25.556752763268346,"segment_cum_len":6246.849665697413,"stop_segment_distance":18.320838683313273}
{"route_id":"205","stop_id":"17591","stop_lat":33.766716,"stop_lon":-118.310384,"stop_sequence":43,"segment_first_lat":33.7657226472,"segment_first_lon":-118.3108306037,"segment_second_lat":33.7667469749,"segment_second_lon":-118.3105317095,"segment_sequence":420003,"segment_id":21,"segment_len_meter":117.20318491454313,"segment_cum_len":10971.285492819829,"stop_segment_distance":14.796865987865061}
{"route_id":"206","stop_id":"11185","stop_lat":34.054203,"stop_lon":-118.300896,"stop_sequence":23,"segment_first_lat":34.0543457517,"segment_first_lon":-118.3008267701,"segment_second_lat":34.0542290758,"segment_second_lon":-118.3007831025,"segment_sequence":220007,"segment_id":11,"segment_len_meter":13.583169404946434,"segment_cum_len":6814.544182860093,"stop_segment_distance":14.320863912844265}
{"route_id":"206","stop_id":"12295","stop_lat":34.101489,"stop_lon":-118.300653,"stop_sequence":6,"segment_first_lat":34.1014890417,"segment_first_lon":-118.3005329313,"segment_second_lat":34.0993814601,"segment_second_lon":-118.3005164379,"segment_sequence":60001,"segment_id":3,"segment_len_meter":234.35730187168426,"segment_cum_len":1779.0626535265064,"stop_segment_distance":11.382798486992243}
{"route_id":"210","stop_id":"9435","stop_lat":34.014419,"stop_lon":-118.335255,"stop_sequence":40,"segment_first_lat":34.014419591,"segment_first_lon":-118.3351009727,"segment_second_lat":34.0129055149,"segment_second_lon":-118.3351008508,"segment_sequence":400001,"segment_id":20,"segment_len_meter":168.3575812488204,"segment_cum_len":13413.12341832239,"stop_segment_distance":14.729678444899605}
{"route_id":"230","stop_id":"639","stop_lat":34.144293,"stop_lon":-118.394281,"stop_sequence":50,"segment_first_lat":34.145084484,"segment_first_lon":-118.3958309859,"segment_second_lat":34.1443584793,"segment_second_lon":-118.3942368744,"segment_sequence":490006,"segment_id":25,"segment_len_meter":167.44696027929425,"segment_cum_len":19466.77570292772,"stop_segment_distance":8.496874984747848}
{"route_id":"232","stop_id":"23200100","stop_lat":33.834591,"stop_lon":-118.384968,"stop_sequence":60,"segment_first_lat":33.832711842,"segment_first_lon":-118.3849498172,"segment_second_lat":33.834582843,"segment_second_lon":-118.3851210651,"segment_sequence":590002,"segment_id":30,"segment_len_meter":208.64623094830347,"segment_cum_len":24357.874980896526,"stop_segment_distance":14.480109136637822}
{"route_id":"232","stop_id":"23200105","stop_lat":33.849061,"stop_lon":-118.388364,"stop_sequence":65,"segment_first_lat":33.847037816,"segment_first_lon":-118.3879037376,"segment_second_lat":33.8490197931,"segment_second_lon":-118.3885122875,"segment_sequence":640004,"segment_id":32,"segment_len_meter":227.43845383114734,"segment_cum_len":26007.42699623175,"stop_segment_distance":15.949852878734248}
{"route_id":"233","stop_id":"559","stop_lat":34.179975,"stop_lon":-118.448475,"stop_sequence":10,"segment_first_lat":34.1794002973,"segment_first_lon":-118.4485313432,"segment_second_lat":34.179954454,"segment_second_lon":-118.4486308644,"segment_sequence":90006,"segment_id":5,"segment_len_meter":62.29577923880448,"segment_cum_len":3291.10137324731,"stop_segment_distance":16.336773138809484}
{"route_id":"28","stop_id":"17718","stop_lat":34.087012,"stop_lon":-118.223758,"stop_sequence":35,"segment_first_lat":34.0870496812,"segment_first_lon":-118.2236955671,"segment_second_lat":34.0869382967,"segment_second_lon":-118.2235988314,"segment_sequence":350001,"segment_id":18,"segment_len_meter":15.256401406482444,"segment_cum_len":10390.081501674762,"stop_segment_distance":8.651220956677713}
{"route_id":"45","stop_id":"11918","stop_lat":34.064184,"stop_lon":-118.237541,"stop_sequence":14,"segment_first_lat":34.0646217212,"segment_first_lon":-118.2371524368,"segment_second_lat":34.0641343227,"segment_second_lon":-118.2373947253,"segment_sequence":130002,"segment_id":7,"segment_len_meter":58.61179106088842,"segment_cum_len":3420.2136302683284,"stop_segment_distance":16.366690930354338}
{"route_id":"487","stop_id":"12386","stop_lat":34.145223,"stop_lon":-118.031637,"stop_sequence":71,"segment_first_lat":34.1452282718,"segment_first_lon":-118.0315196237,"segment_second_lat":34.1449837126,"segment_second_lon":-118.0315149045,"segment_sequence":710001,"segment_id":36,"segment_len_meter":27.19720999722503,"segment_cum_len":36506.8294179632,"stop_segment_distance":12.503169407441085}
{"route_id":"534","stop_id":"12739","stop_lat":34.035878,"stop_lon":-118.535517,"stop_sequence":6,"segment_first_lat":34.0357727147,"segment_first_lon":-118.53561166,"segment_second_lat":34.0358575978,"segment_second_lon":-118.5357415902,"segment_sequence":60001,"segment_id":3,"segment_len_meter":15.245594826993793,"segment_cum_len":6197.820010909308,"stop_segment_distance":20.17277224210612}
{"route_id":"60","stop_id":"13561","stop_lat":34.05007,"stop_lon":-118.254268,"stop_sequence":6,"segment_first_lat":34.0499951488,"segment_first_lon":-118.2541438916,"segment_second_lat":34.0487488543,"segment_second_lon":-118.2552506161,"segment_sequence":60001,"segment_id":3,"segment_len_meter":172.05082196617218,"segment_cum_len":2069.636420330423,"stop_segment_distance":14.650724920160286}
{"route_id":"611","stop_id":"8784","stop_lat":33.990757,"stop_lon":-118.185158,"stop_sequence":61,"segment_first_lat":33.9907390486,"segment_first_lon":-118.1850061034,"segment_second_lat":33.9901467365,"segment_second_lon":-118.1851034301,"segment_sequence":610001,"segment_id":31,"segment_len_meter":66.4705340092446,"segment_cum_len":18684.32698608514,"stop_segment_distance":15.719543109889614}
{"route_id":"66","stop_id":"7428","stop_lat":34.056284,"stop_lon":-118.28122,"stop_sequence":12,"segment_first_lat":34.0565328918,"segment_first_lon":-118.281521035,"segment_second_lat":34.0563716001,"segment_second_lon":-118.2811636042,"segment_sequence":110006,"segment_id":6,"segment_len_meter":37.495270543937,"segment_cum_len":3347.5994215553383,"stop_segment_distance":12.723666739422853}
{"route_id":"687","stop_id":"11818","stop_lat":34.166324,"stop_lon":-118.113222,"stop_sequence":5,"segment_first_lat":34.1665964208,"segment_first_lon":-118.1130640699,"segment_second_lat":34.1663216278,"segment_second_lon":-118.1130703097,"segment_sequence":40004,"segment_id":2,"segment_len_meter":30.56098001615127,"segment_cum_len":1991.5205155644046,"stop_segment_distance":16.994027717973005}
{"route_id":"71","stop_id":"2156","stop_lat":34.056997,"stop_lon":-118.20858,"stop_sequence":21,"segment_first_lat":34.0572875936,"segment_first_lon":-118.2089170787,"segment_second_lat":34.057112436,"segment_second_lon":-118.2085085776,"segment_sequence":200011,"segment_id":10,"segment_len_meter":42.37360211345498,"segment_cum_len":7696.366048955477,"stop_segment_distance":16.865175025321605}
{"route_id":"78","stop_id":"1419","stop_lat":34.093257,"stop_lon":-118.13049,"stop_sequence":49,"segment_first_lat":34.0931440788,"segment_first_lon":-118.1311406407,"segment_second_lat":34.0934038015,"segment_second_lon":-118.1305878098,"segment_sequence":480009,"segment_id":24,"segment_len_meter":58.52797373013781,"segment_cum_len":16353.310030879109,"stop_segment_distance":21.33037305360667}
{"route_id":"81","stop_id":"13438","stop_lat":34.007623,"stop_lon":-118.282874,"stop_sequence":69,"segment_first_lat":34.0076262731,"segment_first_lon":-118.2827209205,"segment_second_lat":34.0074009538,"segment_second_lon":-118.2827185098,"segment_sequence":690001,"segment_id":35,"segment_len_meter":25.05534842015459,"segment_cum_len":22857.30528562637,"stop_segment_distance":17.608559131634163}
{"route_id":"92","stop_id":"2229","stop_lat":34.209269,"stop_lon":-118.344045,"stop_sequence":85,"segment_first_lat":34.2086677046,"segment_first_lon":-118.3437681373,"segment_second_lat":34.2091941644,"segment_second_lon":-118.3441672058,"segment_sequence":840013,"segment_id":42,"segment_len_meter":69.09112971766645,"segment_cum_len":26670.571764318698,"stop_segment_distance":16.436358048090113}
{"route_id":"92","stop_id":"5271","stop_lat":34.046518,"stop_lon":-118.248516,"stop_sequence":4,"segment_first_lat":34.0464404094,"segment_first_lon":-118.2487800823,"segment_second_lat":34.0465940387,"segment_second_lon":-118.2486352918,"segment_sequence":30004,"segment_id":2,"segment_len_meter":21.674455672265108,"segment_cum_len":1127.3219896889693,"stop_segment_distance":18.007764649481242}
{"route_id":"94","stop_id":"12349","stop_lat":34.186024,"stop_lon":-118.315867,"stop_sequence":43,"segment_first_lat":34.1860771665,"segment_first_lon":-118.3158091789,"segment_second_lat":34.1855563488,"segment_second_lon":-118.3151075393,"segment_sequence":430001,"segment_id":22,"segment_len_meter":86.71257803245928,"segment_cum_len":18682.03840436041,"stop_segment_distance":8.32616960076939}
{"route_id":"94","stop_id":"2100","stop_lat":34.100341,"stop_lon":-118.235718,"stop_sequence":78,"segment_first_lat":34.1018944638,"segment_first_lon":-118.2368419391,"segment_second_lat":34.1004155362,"segment_second_lon":-118.2355881504,"segment_sequence":770010,"segment_id":39,"segment_len_meter":200.92412533886272,"segment_cum_len":31879.72355161646,"stop_segment_distance":14.988093149115912}
{"route_id":"94","stop_id":"5145","stop_lat":34.041457,"stop_lon":-118.258737,"stop_sequence":93,"segment_first_lat":34.0413985016,"segment_first_lon":-118.2586452548,"segment_second_lat":34.0405319842,"segment_second_lon":-118.2594671252,"segment_sequence":930001,"segment_id":47,"segment_len_meter":122.54961852657104,"segment_cum_len":40119.164278092954,"stop_segment_distance":11.020588463806263}
{"route_id":"96","stop_id":"13560","stop_lat":34.052881,"stop_lon":-118.251572,"stop_sequence":47,"segment_first_lat":34.0528055328,"segment_first_lon":-118.2514526094,"segment_second_lat":34.0517747108,"segment_second_lon":-118.2524207476,"segment_sequence":470001,"segment_id":24,"segment_len_meter":145.23624685652308,"segment_cum_len":22851.220228529302,"stop_segment_distance":14.360562606637274}
