{"route_id":"10","stop_id":"5279","stop_lat":34.036145,"stop_lon":-118.260335,"stop_sequence":3,"segment_first_lat":34.0357174559,"segment_first_lon":-118.2608648737,"segment_second_lat":34.0362154104,"segment_second_lon":-118.2604640748,"segment_sequence":20005,"segment_id":1,"segment_len_meter":66.55677269418881,"segment_cum_len":777.0407723342921,"stop_segment_distance":15.829852182441982}
{"route_id":"105","stop_id":"876","stop_lat":34.008237,"stop_lon":-118.33494,"stop_sequence":30,"segment_first_lat":34.0082316889,"segment_first_lon":-118.3350917097,"segment_second_lat":34.0084512128,"segment_second_lon":-118.3351028171,"segment_sequence":300001,"segment_id":15,"segment_len_meter":24.4314059591848,"segment_cum_len":10331.80079233133,"stop_segment_distance":17.718112948153582}
{"route_id":"111","stop_id":"1280","stop_lat":33.952607,"stop_lon":-118.355122,"stop_sequence":11,"segment_first_lat":33.9527087745,"segment_first_lon":-118.3559501002,"segment_second_lat":33.9527065427,"segment_second_lon":-118.3551224471,"segment_sequence":100007,"segment_id":5,"segment_len_meter":76.33986765611002,"segment_cum_len":4209.3818392878375,"stop_segment_distance":11.943415557742213}
{"route_id":"115","stop_id":"7816","stop_lat":33.959738,"stop_lon":-118.396472,"stop_sequence":2,"segment_first_lat":33.9598645835,"segment_first_lon":-118.3973662565,"segment_second_lat":33.959865051,"segment_second_lon":-118.3964725897,"segment_sequence":10001,"segment_id":1,"segment_len_meter":82.42139110239577,"segment_cum_len":82.42139110239577,"stop_segment_distance":15.374410952490692}
{"route_id":"117","stop_id":"7563","stop_lat":33.945292,"stop_lon":-118.36972,"stop_sequence":8,"segment_first_lat":33.9454217902,"segment_first_lon":-118.369720793,"segment_second_lat":33.9454272081,"segment_second_lon":-118.3686690421,"segment_sequence":80001,"segment_id":4,"segment_len_meter":97.01953578227761,"segment_cum_len":4002.204868412491,"stop_segment_distance":15.516118582379917}
{"route_id":"130","stop_id":"13000064","stop_lat":33.872995,"stop_lon":-118.318166,"stop_sequence":54,"segment_first_lat":33.8728687574,"segment_first_lon":-118.3181654928,"segment_second_lat":33.8728610982,"segment_second_lon":-118.3219801944,"segment_sequence":540001,"segment_id":27,"segment_len_meter":352.18388116886257,"segment_cum_len":27181.606399943677,"stop_segment_distance":14.304134765986134}
{"route_id":"130","stop_id":"13000072","stop_lat":33.872972,"stop_lon":-118.376767,"stop_sequence":68,"segment_first_lat":33.87284569,"segment_first_lon":-118.3748296782,"segment_second_lat":33.8728445954,"segment_second_lon":-118.3767666902,"segment_sequence":670002,"segment_id":34,"segment_len_meter":178.82990521008932,"segment_cum_len":32239.954153647097,"stop_segment_distance":14.745803270721723}
{"route_id":"164","stop_id":"7126","stop_lat":34.186755,"stop_lon":-118.514535,"stop_sequence":55,"segment_first_lat":34.1866266536,"segment_first_lon":-118.5145342247,"segment_second_lat":34.1866235385,"segment_second_lon":-118.5175829288,"segment_sequence":550001,"segment_id":28,"segment_len_meter":280.42535601094346,"segment_cum_len":21130.57067547846,"stop_segment_distance":14.58074035695796}
{"route_id":"167","stop_id":"18186","stop_lat":34.243005,"stop_lon":-118.520199,"stop_sequence":27,"segment_first_lat":34.2431268216,"segment_first_lon":-118.5212355376,"segment_second_lat":34.2431312772,"segment_second_lon":-118.5201998858,"segment_sequence":260003,"segment_id":13,"segment_len_meter":95.1984965245864,"segment_cum_len":10855.89335326706,"stop_segment_distance":15.07993340741028}
{"route_id":"202","stop_id":"13107","stop_lat":33.839369,"stop_lon":-118.223123,"stop_sequence":40,"segment_first_lat":33.8397761133,"segment_first_lon":-118.2228181174,"segment_second_lat":33.8393331332,"segment_second_lon":-118.2229835621,"segment_sequence":390004,"segment_id":20,"segment_len_meter":51.57277603610263,"segment_cum_len":16802.592015042763,"stop_segment_distance":15.22101784948159}
{"route_id":"206","stop_id":"13779","stop_lat":33.98249,"stop_lon":-118.300358,"stop_sequence":48,"segment_first_lat":33.9832571462,"segment_first_lon":-118.3002316223,"segment_second_lat":33.9824904718,"segment_second_lon":-118.3002400884,"segment_sequence":470006,"segment_id":24,"segment_len_meter":85.2538774272171,"segment_cum_len":14822.011056941416,"stop_segment_distance":11.713098510679217}
{"route_id":"207","stop_id":"3995","stop_lat":34.091388,"stop_lon":-118.309012,"stop_sequence":56,"segment_first_lat":34.0907862673,"segment_first_lon":-118.3091620685,"segment_second_lat":34.0913907846,"segment_second_lon":-118.3091682668,"segment_sequence":550003,"segment_id":28,"segment_len_meter":67.22168008381011,"segment_cum_len":20106.367542772237,"stop_segment_distance":15.493346463801103}
{"route_id":"211","stop_id":"11184","stop_lat":33.902108,"stop_lon":-118.361133,"stop_sequence":5,"segment_first_lat":33.9021076449,"segment_first_lon":-118.3612853085,"segment_second_lat":33.902811107,"segment_second_lon":-118.3612810909,"segment_sequence":50001,"segment_id":3,"segment_len_meter":78.22238507699215,"segment_cum_len":1830.3506886377797,"stop_segment_distance":15.201928336417353}
{"route_id":"211","stop_id":"12860","stop_lat":33.882006,"stop_lon":-118.343964,"stop_sequence":57,"segment_first_lat":33.8826985008,"segment_first_lon":-118.3438152392,"segment_second_lat":33.8820060527,"segment_second_lon":-118.3438123994,"segment_sequence":560004,"segment_id":28,"segment_len_meter":76.99716194720753,"segment_cum_len":20311.393613930406,"stop_segment_distance":15.214985115784302}
{"route_id":"232","stop_id":"23200073","stop_lat":33.781263,"stop_lon":-118.242074,"stop_sequence":19,"segment_first_lat":33.7811372119,"segment_first_lon":-118.2420630365,"segment_second_lat":33.7810910227,"segment_second_lon":-118.2427582138,"segment_sequence":190001,"segment_id":10,"segment_len_meter":64.45438264233402,"segment_cum_len":7258.982044289757,"stop_segment_distance":15.633599456146698}
{"route_id":"234","stop_id":"20126","stop_lat":34.179534,"stop_lon":-118.466317,"stop_sequence":60,"segment_first_lat":34.1806031359,"segment_first_lon":-118.4661674925,"segment_second_lat":34.1795342143,"segment_second_lon":-118.4661645033,"segment_sequence":590002,"segment_id":30,"segment_len_meter":118.85897696854985,"segment_cum_len":22252.3408116082,"stop_segment_distance":14.844495884868024}
{"route_id":"246","stop_id":"17082","stop_lat":33.870411,"stop_lon":-118.282141,"stop_sequence":66,"segment_first_lat":33.8703105263,"segment_first_lon":-118.2816172021,"segment_second_lat":33.870309301,"segment_second_lon":-118.2821409657,"segment_sequence":650006,"segment_id":33,"segment_len_meter":48.35681300480267,"segment_cum_len":22622.64322296904,"stop_segment_distance":12.585092788000495}
{"route_id":"246","stop_id":"6180","stop_lat":33.706857,"stop_lon":-118.290817,"stop_sequence":3,"segment_first_lat":33.7069827435,"segment_first_lon":-118.2912254987,"segment_second_lat":33.70698373,"segment_second_lon":-118.2908178232,"segment_sequence":20003,"segment_id":1,"segment_len_meter":37.71077819200667,"segment_cum_len":350.24816759376034,"stop_segment_distance":16.671844488589777}
{"route_id":"268","stop_id":"11559","stop_lat":34.092145,"stop_lon":-118.039788,"stop_sequence":15,"segment_first_lat":34.0922170976,"segment_first_lon":-118.0386226021,"segment_second_lat":34.0920482818,"segment_second_lon":-118.0397679555,"segment_sequence":140004,"segment_id":7,"segment_len_meter":107.12693574059001,"segment_cum_len":4784.173476184208,"stop_segment_distance":11.399130271661932}
{"route_id":"344","stop_id":"2401","stop_lat":33.799699,"stop_lon":-118.350976,"stop_sequence":22,"segment_first_lat":33.7997011761,"segment_first_lon":-118.351127302,"segment_second_lat":33.8003359612,"segment_second_lon":-118.3511138302,"segment_sequence":220001,"segment_id":11,"segment_len_meter":70.59585830749715,"segment_cum_len":11225.968519270475,"stop_segment_distance":15.349553284157366}
{"route_id":"40","stop_id":"9437","stop_lat":33.999744,"stop_lon":-118.330924,"stop_sequence":41,"segment_first_lat":33.9997441753,"segment_first_lon":-118.3307713716,"segment_second_lat":33.9983400005,"segment_second_lon":-118.3307767111,"segment_sequence":410001,"segment_id":21,"segment_len_meter":156.1378897579204,"segment_cum_len":15955.386909269184,"stop_segment_distance":14.639143722754739}
{"route_id":"51","stop_id":"266","stop_lat":33.947606,"stop_lon":-118.265302,"stop_sequence":62,"segment_first_lat":33.9483344059,"segment_first_lon":-118.2651494912,"segment_second_lat":33.9476062245,"segment_second_lon":-118.2651498241,"segment_sequence":610003,"segment_id":31,"segment_len_meter":80.9700831795593,"segment_cum_len":16389.913071299063,"stop_segment_distance":15.274512772588878}
{"route_id":"53","stop_id":"3437","stop_lat":33.906079,"stop_lon":-118.254358,"stop_sequence":12,"segment_first_lat":33.9058041887,"segment_first_lon":-118.2545054968,"segment_second_lat":33.9060789606,"segment_second_lon":-118.2545112745,"segment_sequence":110009,"segment_id":6,"segment_len_meter":30.557893567956533,"segment_cum_len":5132.439914049287,"stop_segment_distance":17.039561075374017}
{"route_id":"550","stop_id":"4794","stop_lat":33.831466,"stop_lon":-118.290114,"stop_sequence":27,"segment_first_lat":33.8296908268,"segment_first_lon":-118.2902719251,"segment_second_lat":33.8314659274,"segment_second_lon":-118.2902688482,"segment_sequence":260012,"segment_id":13,"segment_len_meter":197.3823856169809,"segment_cum_len":14043.954550496583,"stop_segment_distance":14.849046187731943}
{"route_id":"60","stop_id":"11515","stop_lat":33.928582,"stop_lon":-118.211134,"stop_sequence":56,"segment_first_lat":33.9295355976,"segment_first_lon":-118.211291751,"segment_second_lat":33.9286161482,"segment_second_lon":-118.2109897875,"segment_sequence":550003,"segment_id":28,"segment_len_meter":105.96599141801778,"segment_cum_len":17585.157377723328,"stop_segment_distance":14.899997142890783}
{"route_id":"602","stop_id":"6396","stop_lat":34.057275,"stop_lon":-118.495884,"stop_sequence":28,"segment_first_lat":34.057015506,"segment_first_lon":-118.4960739707,"segment_second_lat":34.0572888028,"segment_second_lon":-118.496035973,"segment_sequence":270012,"segment_id":14,"segment_len_meter":30.590156979112788,"segment_cum_len":9028.433533962638,"stop_segment_distance":17.240697352752786}
{"route_id":"66","stop_id":"7431","stop_lat":34.052303,"stop_lon":-118.272369,"stop_sequence":15,"segment_first_lat":34.052596042,"segment_first_lon":-118.2727692118,"segment_second_lat":34.0523907073,"segment_second_lon":-118.2723126321,"segment_sequence":140004,"segment_id":7,"segment_len_meter":47.86084450402341,"segment_cum_len":4275.413502419096,"stop_segment_distance":12.39400450547641}
{"route_id":"66","stop_id":"7443","stop_lat":34.045135,"stop_lon":-118.260567,"stop_sequence":19,"segment_first_lat":34.0454312329,"segment_first_lon":-118.2608357396,"segment_second_lat":34.045213784,"segment_second_lon":-118.2604967071,"segment_sequence":180014,"segment_id":9,"segment_len_meter":39.50166276427992,"segment_cum_len":5708.027675058285,"stop_segment_distance":12.600783938396013}
{"route_id":"665","stop_id":"9034","stop_lat":34.035148,"stop_lon":-118.192507,"stop_sequence":15,"segment_first_lat":34.0359998597,"segment_first_lon":-118.1923936761,"segment_second_lat":34.0351480373,"segment_second_lon":-118.1923841263,"segment_sequence":140004,"segment_id":7,"segment_len_meter":94.72241689305648,"segment_cum_len":5789.215537176367,"stop_segment_distance":11.8963089396036}
{"route_id":"68","stop_id":"9229","stop_lat":34.041808,"stop_lon":-118.196157,"stop_sequence":27,"segment_first_lat":34.0413888588,"segment_first_lon":-118.1955418883,"segment_second_lat":34.041696329,"segment_second_lon":-118.1962291892,"segment_sequence":260007,"segment_id":13,"segment_len_meter":71.96728897551552,"segment_cum_len":11013.596426928167,"stop_segment_distance":15.497296532117844}
{"route_id":"687","stop_id":"11822","stop_lat":34.161526,"stop_lon":-118.113282,"stop_sequence":8,"segment_first_lat":34.1615237863,"segment_first_lon":-118.1131315821,"segment_second_lat":34.1610566409,"segment_second_lon":-118.1131392136,"segment_sequence":80001,"segment_id":4,"segment_len_meter":51.94894415012884,"segment_cum_len":2576.998309221089,"stop_segment_distance":15.711567581878128}
{"route_id":"71","stop_id":"3167","stop_lat":34.060326,"stop_lon":-118.214313,"stop_sequence":20,"segment_first_lat":34.0604032279,"segment_first_lon":-118.2141922578,"segment_second_lat":34.0593081089,"segment_second_lon":-118.2131580425,"segment_sequence":200001,"segment_id":10,"segment_len_meter":154.6125231833273,"segment_cum_len":7200.5138723138525,"stop_segment_distance":14.779262078849627}
{"route_id":"76","stop_id":"13562","stop_lat":34.048933,"stop_lon":-118.255274,"stop_sequence":66,"segment_first_lat":34.0499951488,"segment_first_lon":-118.2541438916,"segment_second_lat":34.048859251,"segment_second_lon":-118.2551525782,"segment_sequence":650001,"segment_id":33,"segment_len_meter":156.81029857311745,"segment_cum_len":24067.940866890363,"stop_segment_distance":14.507083906665088}
{"route_id":"76","stop_id":"16396","stop_lat":34.078016,"stop_lon":-118.134842,"stop_sequence":29,"segment_first_lat":34.0778879812,"segment_first_lon":-118.1348311498,"segment_second_lat":34.0778248728,"segment_second_lon":-118.1359743042,"segment_sequence":290001,"segment_id":15,"segment_len_meter":105.51833953445855,"segment_cum_len":9948.962925983471,"stop_segment_distance":15.180580676914687}
{"route_id":"780","stop_id":"3491","stop_lat":34.07635,"stop_lon":-118.361298,"stop_sequence":8,"segment_first_lat":34.0763494975,"segment_first_lon":-118.3614227274,"segment_second_lat":34.0782180416,"segment_second_lon":-118.3614278296,"segment_sequence":80001,"segment_id":4,"segment_len_meter":207.77315553411503,"segment_cum_len":5386.506391751781,"stop_segment_distance":11.77523641721072}
{"route_id":"81","stop_id":"12028","stop_lat":34.114795,"stop_lon":-118.185224,"stop_sequence":22,"segment_first_lat":34.1147115599,"segment_first_lon":-118.1851066639,"segment_second_lat":34.1144019518,"segment_second_lon":-118.1854148787,"segment_sequence":220001,"segment_id":11,"segment_len_meter":44.61290153768074,"segment_cum_len":6713.060477457918,"stop_segment_distance":16.732007125982264}
{"route_id":"92","stop_id":"2211","stop_lat":34.081724,"stop_lon":-118.259905,"stop_sequence":21,"segment_first_lat":34.0797865312,"segment_first_lon":-118.2601800293,"segment_second_lat":34.0817322876,"segment_second_lon":-118.260058277,"segment_sequence":200002,"segment_id":10,"segment_len_meter":216.64860960317586,"segment_cum_len":6149.828884909871,"stop_segment_distance":14.418242115156318}
{"route_id":"96","stop_id":"6535","stop_lat":34.033195,"stop_lon":-118.264573,"stop_sequence":58,"segment_first_lat":34.0328646001,"segment_first_lon":-118.2649123366,"segment_second_lat":34.0332161677,"segment_second_lon":-118.2646091391,"segment_sequence":570004,"segment_id":29,"segment_len_meter":48.05030241172195,"segment_cum_len":25564.55749342671,"stop_segment_distance":4.2720866991673105}
