{"route_id":"111","stop_id":"1423","stop_lat":33.966224,"stop_lon":-118.351757,"stop_sequence":18,"segment_first_lat":33.9660829866,"segment_first_lon":-118.3520791294,"segment_second_lat":33.9662968243,"segment_second_lon":-118.3518722594,"segment_sequence":170008,"segment_id":9,"segment_len_meter":30.485108849510745,"segment_cum_len":6170.101044044505,"stop_segment_distance":16.468793280815298}
{"route_id":"120","stop_id":"14882","stop_lat":33.93301,"stop_lon":-118.035741,"stop_sequence":17,"segment_first_lat":33.9317053244,"segment_first_lon":-118.0341048791,"segment_second_lat":33.932911122,"segment_second_lon":-118.0358413516,"segment_sequence":160003,"segment_id":8,"segment_len_meter":208.90742826456452,"segment_cum_len":6280.143796586627,"stop_segment_distance":14.824129919271286}
{"route_id":"152","stop_id":"13017","stop_lat":34.219857,"stop_lon":-118.601953,"stop_sequence":77,"segment_first_lat":34.2197288692,"segment_first_lon":-118.6019492612,"segment_second_lat":34.2196770592,"segment_second_lon":-118.6048995937,"segment_sequence":770001,"segment_id":39,"segment_len_meter":271.3314518762197,"segment_cum_len":31268.203591062644,"stop_segment_distance":14.58433354316736}
{"route_id":"16","stop_id":"15649","stop_lat":34.071304,"stop_lon":-118.358842,"stop_sequence":47,"segment_first_lat":34.071107366,"segment_first_lon":-118.3583790293,"segment_second_lat":34.0711801079,"segment_second_lon":-118.3588677149,"segment_sequence":460004,"segment_id":23,"segment_len_meter":45.732580979901805,"segment_cum_len":12572.580483199621,"stop_segment_distance":16.167468944460744}
{"route_id":"163","stop_id":"12","stop_lat":34.201075,"stop_lon":-118.461953,"stop_sequence":42,"segment_first_lat":34.2011932932,"segment_first_lon":-118.465845869,"segment_second_lat":34.2011958544,"segment_second_lon":-118.4619532973,"segment_sequence":410001,"segment_id":21,"segment_len_meter":357.98381987427024,"segment_cum_len":15648.064303791094,"stop_segment_distance":13.707463876615748}
{"route_id":"163","stop_id":"6188","stop_lat":34.201031,"stop_lon":-118.505158,"stop_sequence":33,"segment_first_lat":34.2011561477,"segment_first_lon":-118.5054892089,"segment_second_lat":34.201158903,"segment_second_lon":-118.505158504,"segment_sequence":320003,"segment_id":16,"segment_len_meter":30.415117241246758,"segment_cum_len":11674.02122470363,"stop_segment_distance":17.295294443274262}
{"route_id":"164","stop_id":"7131","stop_lat":34.186812,"stop_lon":-118.422303,"stop_sequence":34,"segment_first_lat":34.186686401,"segment_first_lon":-118.4213899582,"segment_second_lat":34.1866854164,"segment_second_lon":-118.4223025829,"segment_sequence":330004,"segment_id":17,"segment_len_meter":83.9448289948149,"segment_cum_len":12366.42673581003,"stop_segment_distance":15.267054789893066}
{"route_id":"164","stop_id":"8149","stop_lat":34.184786,"stop_lon":-118.345631,"stop_sequence":14,"segment_first_lat":34.1846429937,"segment_first_lon":-118.3447108277,"segment_second_lat":34.1846590464,"segment_second_lon":-118.3456334184,"segment_sequence":130003,"segment_id":7,"segment_len_meter":84.88226436287896,"segment_cum_len":5242.245593497495,"stop_segment_distance":15.357829857102573}
{"route_id":"175","stop_id":"2596","stop_lat":34.093947,"stop_lon":-118.27842,"stop_sequence":27,"segment_first_lat":34.0939388572,"segment_first_lon":-118.2783275016,"segment_second_lat":34.0939069349,"segment_second_lon":-118.2783478736,"segment_sequence":260026,"segment_id":13,"segment_len_meter":4.014807566503914,"segment_cum_len":7899.78959361373,"stop_segment_distance":12.548067378742022}
{"route_id":"18","stop_id":"487","stop_lat":34.03483,"stop_lon":-118.238194,"stop_sequence":34,"segment_first_lat":34.0349592091,"segment_first_lon":-118.2381820027,"segment_second_lat":34.0349058018,"segment_second_lon":-118.2373949847,"segment_sequence":340001,"segment_id":17,"segment_len_meter":72.7639703500726,"segment_cum_len":8442.503918453689,"stop_segment_distance":15.753582249776954}
{"route_id":"180","stop_id":"1334","stop_lat":34.145736,"stop_lon":-118.138167,"stop_sequence":72,"segment_first_lat":34.1458632025,"segment_first_lon":-118.1381671463,"segment_second_lat":34.1458693326,"segment_second_lon":-118.1368848209,"segment_sequence":720001,"segment_id":36,"segment_len_meter":118.00946931944577,"segment_cum_len":22397.583785736326,"stop_segment_distance":15.05672262359667}
{"route_id":"180","stop_id":"7571","stop_lat":34.141656,"stop_lon":-118.17407,"stop_sequence":62,"segment_first_lat":34.1417441467,"segment_first_lon":-118.1741184978,"segment_second_lat":34.1418760105,"segment_second_lon":-118.1737601982,"segment_sequence":620001,"segment_id":31,"segment_len_meter":36.08754190922386,"segment_cum_len":18880.374014423076,"stop_segment_distance":12.25066755205021}
{"route_id":"20","stop_id":"16743","stop_lat":34.067201,"stop_lon":-118.394317,"stop_sequence":50,"segment_first_lat":34.0670736144,"segment_first_lon":-118.3943160858,"segment_second_lat":34.0670752075,"segment_second_lon":-118.3948377931,"segment_sequence":500001,"segment_id":25,"segment_len_meter":48.05578621396696,"segment_cum_len":14859.90140151537,"stop_segment_distance":16.077959625771875}
{"route_id":"20","stop_id":"16773","stop_lat":34.064196,"stop_lon":-118.432392,"stop_sequence":60,"segment_first_lat":34.0642709873,"segment_first_lon":-118.4321611929,"segment_second_lat":34.0641302018,"segment_second_lon":-118.4322641417,"segment_sequence":590011,"segment_id":30,"segment_len_meter":18.302932996535233,"segment_cum_len":18475.421094130885,"stop_segment_distance":18.399675490853994}
{"route_id":"202","stop_id":"9374","stop_lat":33.892422,"stop_lon":-118.224263,"stop_sequence":14,"segment_first_lat":33.8935540537,"segment_first_lon":-118.2241967108,"segment_second_lat":33.892424792,"segment_second_lon":-118.2241436064,"segment_sequence":130003,"segment_id":7,"segment_len_meter":125.6638024090524,"segment_cum_len":4898.376588113504,"stop_segment_distance":11.388002285805541}
{"route_id":"204","stop_id":"140945","stop_lat":33.945784,"stop_lon":-118.291413,"stop_sequence":9,"segment_first_lat":33.9457838858,"segment_first_lon":-118.2915654006,"segment_second_lat":33.9463306985,"segment_second_lon":-118.2915696117,"segment_sequence":90001,"segment_id":5,"segment_len_meter":60.80403886705207,"segment_cum_len":2482.3510905947555,"stop_segment_distance":15.737011501161064}
{"route_id":"204","stop_id":"140970","stop_lat":34.083411,"stop_lon":-118.291552,"stop_sequence":58,"segment_first_lat":34.0820584508,"segment_first_lon":-118.2917075809,"segment_second_lat":34.0834104142,"segment_second_lon":-118.29170404,"segment_sequence":570001,"segment_id":29,"segment_len_meter":150.3318247757418,"segment_cum_len":17728.205968875656,"stop_segment_distance":14.747909624202407}
{"route_id":"224","stop_id":"5832","stop_lat":34.257138,"stop_lon":-118.412397,"stop_sequence":37,"segment_first_lat":34.2564168736,"segment_first_lon":-118.4118403212,"segment_second_lat":34.2570553932,"segment_second_lon":-118.4125126359,"segment_sequence":360005,"segment_id":18,"segment_len_meter":94.1218868398478,"segment_cum_len":14837.357076813692,"stop_segment_distance":15.04205971177646}
{"route_id":"233","stop_id":"14934","stop_lat":34.228719,"stop_lon":-118.450083,"stop_sequence":28,"segment_first_lat":34.2287107498,"segment_first_lon":-118.4502419802,"segment_second_lat":34.2288478426,"segment_second_lon":-118.4502493361,"segment_sequence":280001,"segment_id":14,"segment_len_meter":15.259017145578893,"segment_cum_len":8757.622838310466,"stop_segment_distance":20.340557073785718}
{"route_id":"236","stop_id":"20131","stop_lat":34.161578,"stop_lon":-118.500923,"stop_sequence":2,"segment_first_lat":34.160714344,"segment_first_lon":-118.5010794783,"segment_second_lat":34.1615772001,"segment_second_lon":-118.5010760581,"segment_sequence":10002,"segment_id":1,"segment_len_meter":95.94573682075715,"segment_cum_len":141.7884879274643,"stop_segment_distance":15.244683905856448}
{"route_id":"239","stop_id":"2916","stop_lat":34.27762,"stop_lon":-118.451731,"stop_sequence":57,"segment_first_lat":34.2777152426,"segment_first_lon":-118.451829179,"segment_second_lat":34.278036466,"segment_second_lon":-118.4513886685,"segment_sequence":570001,"segment_id":29,"segment_len_meter":53.98179354377448,"segment_cum_len":23070.632700501763,"stop_segment_distance":15.91097265979598}
{"route_id":"258","stop_id":"13126","stop_lat":34.024789,"stop_lon":-118.166201,"stop_sequence":47,"segment_first_lat":34.0250118751,"segment_first_lon":-118.1659930749,"segment_second_lat":34.0247581135,"segment_second_lon":-118.1660905878,"segment_sequence":460003,"segment_id":23,"segment_len_meter":29.613471146811477,"segment_cum_len":17616.171688305298,"stop_segment_distance":12.45243907838438}
{"route_id":"260","stop_id":"8761","stop_lat":33.914147,"stop_lon":-118.190506,"stop_sequence":87,"segment_first_lat":33.9151477155,"segment_first_lon":-118.1899310485,"segment_second_lat":33.9141061489,"segment_second_lon":-118.1903653882,"segment_sequence":860008,"segment_id":43,"segment_len_meter":122.55587282845025,"segment_cum_len":33876.929008286395,"stop_segment_distance":14.467090003412324}
{"route_id":"266","stop_id":"12336","stop_lat":34.052027,"stop_lon":-118.064116,"stop_sequence":51,"segment_first_lat":34.0520260911,"segment_first_lon":-118.0642714911,"segment_second_lat":34.0543048897,"segment_second_lon":-118.0642765431,"segment_sequence":510001,"segment_id":26,"segment_len_meter":253.391270609373,"segment_cum_len":26934.040762929108,"stop_segment_distance":14.655450050181685}
{"route_id":"266","stop_id":"17849","stop_lat":33.968086,"stop_lon":-118.10619,"stop_sequence":36,"segment_first_lat":33.9681381538,"segment_first_lon":-118.106327833,"segment_second_lat":33.9689271528,"segment_second_lon":-118.1059109776,"segment_sequence":360001,"segment_id":18,"segment_len_meter":95.7852163517996,"segment_cum_len":16319.012252922834,"stop_segment_distance":15.192857364798144}
{"route_id":"28","stop_id":"11918","stop_lat":34.064184,"stop_lon":-118.237541,"stop_sequence":46,"segment_first_lat":34.0646217212,"segment_first_lon":-118.2371524368,"segment_second_lat":34.0641343227,"segment_second_lon":-118.2373947253,"segment_sequence":450002,"segment_id":23,"segment_len_meter":58.61179106088842,"segment_cum_len":14163.326865177916,"stop_segment_distance":16.366690930354338}
{"route_id":"30","stop_id":"7905","stop_lat":34.047042,"stop_lon":-118.282503,"stop_sequence":18,"segment_first_lat":34.0471443044,"segment_first_lon":-118.2824348807,"segment_second_lat":34.0469280404,"segment_second_lon":-118.2819673765,"segment_sequence":180001,"segment_id":9,"segment_len_meter":49.33106668697031,"segment_cum_len":5444.069407166228,"stop_segment_distance":14.611043878259004}
{"route_id":"33","stop_id":"1888","stop_lat":34.036983,"stop_lon":-118.269064,"stop_sequence":68,"segment_first_lat":34.0372402776,"segment_first_lon":-118.2693953457,"segment_second_lat":34.0370702239,"segment_second_lon":-118.2690079562,"segment_sequence":670004,"segment_id":34,"segment_len_meter":40.39484432609402,"segment_cum_len":21738.06448967717,"stop_segment_distance":12.433309915309252}
{"route_id":"4","stop_id":"14430","stop_lat":34.049047,"stop_lon":-118.440788,"stop_sequence":79,"segment_first_lat":34.0489664862,"segment_first_lon":-118.4401898625,"segment_second_lat":34.0488269523,"segment_second_lon":-118.440701142,"segment_sequence":780007,"segment_id":39,"segment_len_meter":49.594495594525135,"segment_cum_len":25938.55231221817,"stop_segment_distance":31.97888026027004}
{"route_id":"487","stop_id":"13731","stop_lat":34.099513,"stop_lon":-118.10966,"stop_sequence":14,"segment_first_lat":34.0994684467,"segment_first_lon":-118.1097656119,"segment_second_lat":34.1000484858,"segment_second_lon":-118.1101069308,"segment_sequence":140001,"segment_id":7,"segment_len_meter":71.74675672425437,"segment_cum_len":17351.439351270805,"stop_segment_distance":11.54690691077927}
{"route_id":"603","stop_id":"17123","stop_lat":34.145273,"stop_lon":-118.260797,"stop_sequence":1,"segment_first_lat":34.1452721693,"segment_first_lon":-118.2608617982,"segment_second_lat":34.1454125821,"segment_second_lon":-118.2608635585,"segment_sequence":10001,"segment_id":1,"segment_len_meter":15.614031361376943,"segment_cum_len":15.614031361376943,"stop_segment_distance":7.035583975334189}
{"route_id":"68","stop_id":"9243","stop_lat":34.048496,"stop_lon":-118.211259,"stop_sequence":31,"segment_first_lat":34.0480490896,"segment_first_lon":-118.2106006945,"segment_second_lat":34.048384975,"segment_second_lon":-118.2113320826,"segment_sequence":300006,"segment_id":15,"segment_len_meter":77.04289007958727,"segment_cum_len":12591.436824330056,"stop_segment_distance":15.429042053272}
{"route_id":"687","stop_id":"9316","stop_lat":34.145504,"stop_lon":-118.150603,"stop_sequence":29,"segment_first_lat":34.1457817615,"segment_first_lon":-118.1504549467,"segment_second_lat":34.1455069774,"segment_second_lon":-118.150452469,"segment_sequence":280004,"segment_id":14,"segment_len_meter":30.55544860805314,"segment_cum_len":7711.931997811076,"stop_segment_distance":17.05873022308115}
{"route_id":"71","stop_id":"5377","stop_lat":34.054416,"stop_lon":-118.246958,"stop_sequence":12,"segment_first_lat":34.054996834,"segment_first_lon":-118.2476566364,"segment_second_lat":34.0545189465,"segment_second_lon":-118.2468675109,"segment_sequence":110007,"segment_id":6,"segment_len_meter":90.04875949887614,"segment_cum_len":3360.5614213637787,"stop_segment_distance":15.292251832831909}
{"route_id":"780","stop_id":"1331","stop_lat":34.145773,"stop_lon":-118.132,"stop_sequence":29,"segment_first_lat":34.1458986712,"segment_first_lon":-118.1320000947,"segment_second_lat":34.1459062523,"segment_second_lon":-118.1308400553,"segment_sequence":290001,"segment_id":15,"segment_len_meter":106.75727045112649,"segment_cum_len":33706.84449336557,"stop_segment_distance":14.985481772808953}
{"route_id":"780","stop_id":"18027","stop_lat":34.138204,"stop_lon":-118.187074,"stop_sequence":25,"segment_first_lat":34.138162513,"segment_first_lon":-118.1873876119,"segment_second_lat":34.1382890362,"segment_second_lon":-118.1871321124,"segment_sequence":240075,"segment_id":12,"segment_len_meter":27.40207461068396,"segment_cum_len":28296.23266227445,"stop_segment_distance":12.690764736957433}
{"route_id":"780","stop_id":"2485","stop_lat":34.101439,"stop_lon":-118.338353,"stop_sequence":12,"segment_first_lat":34.101565745,"segment_first_lon":-118.3383531171,"segment_second_lat":34.101570301,"segment_second_lon":-118.3374117085,"segment_sequence":120001,"segment_id":6,"segment_len_meter":86.681114360967,"segment_cum_len":10187.360492831833,"stop_segment_distance":15.302343133548163}
{"route_id":"83","stop_id":"12028","stop_lat":34.114795,"stop_lon":-118.185224,"stop_sequence":14,"segment_first_lat":34.1147115599,"segment_first_lon":-118.1851066639,"segment_second_lat":34.1144019518,"segment_second_lon":-118.1854148787,"segment_sequence":140001,"segment_id":7,"segment_len_meter":44.61290153768074,"segment_cum_len":3862.6200878486848,"stop_segment_distance":16.732007125982264}
