{"route_id":"10","stop_id":"4723","stop_lat":34.069609,"stop_lon":-118.265598,"stop_sequence":21,"segment_first_lat":34.0694890484,"segment_first_lon":-118.2656566914,"segment_second_lat":34.069770514,"segment_second_lon":-118.2664919982,"segment_sequence":210001,"segment_id":11,"segment_len_meter":83.06146054190113,"segment_cum_len":6408.65395247912,"stop_segment_distance":15.611549351656635}
{"route_id":"110","stop_id":"1447","stop_lat":33.973647,"stop_lon":-118.146561,"stop_sequence":83,"segment_first_lat":33.9737747185,"segment_first_lon":-118.1465390118,"segment_second_lat":33.9735308096,"segment_second_lon":-118.1446342115,"segment_sequence":830001,"segment_id":42,"segment_len_meter":177.72957379407794,"segment_cum_len":28707.248639065994,"stop_segment_distance":14.760969178355197}
{"route_id":"110","stop_id":"1449","stop_lat":33.981844,"stop_lon":-118.261548,"stop_sequence":44,"segment_first_lat":33.9819399587,"segment_first_lon":-118.2629667257,"segment_second_lat":33.9819455146,"segment_second_lon":-118.2615483767,"segment_sequence":430004,"segment_id":22,"segment_len_meter":130.7794264794027,"segment_cum_len":16234.18016975965,"stop_segment_distance":11.755762352640375}
{"route_id":"110","stop_id":"176156","stop_lat":33.983725,"stop_lon":-118.390955,"stop_sequence":6,"segment_first_lat":33.9838498226,"segment_first_lon":-118.3907443072,"segment_second_lat":33.9836810431,"segment_second_lon":-118.3908477557,"segment_sequence":50026,"segment_id":3,"segment_len_meter":21.052160000653068,"segment_cum_len":2974.333041575802,"stop_segment_distance":13.853370220995437}
{"route_id":"115","stop_id":"1559","stop_lat":33.961673,"stop_lon":-118.349083,"stop_sequence":21,"segment_first_lat":33.9617968987,"segment_first_lon":-118.3490436784,"segment_second_lat":33.9617426766,"segment_second_lon":-118.3487895265,"segment_sequence":210002,"segment_id":11,"segment_len_meter":24.20248901025632,"segment_cum_len":4554.613167461866,"stop_segment_distance":18.196764303625397}
{"route_id":"115","stop_id":"7836","stop_lat":33.961481,"stop_lon":-118.370247,"stop_sequence":13,"segment_first_lat":33.9615997288,"segment_first_lon":-118.3709167348,"segment_second_lat":33.9616080952,"segment_second_lon":-118.370250629,"segment_sequence":120011,"segment_id":6,"segment_len_meter":61.43959696770811,"segment_cum_len":2574.1698775339078,"stop_segment_distance":15.859131671138059}
{"route_id":"127","stop_id":"1926","stop_lat":33.938013,"stop_lon":-118.129388,"stop_sequence":3,"segment_first_lat":33.9381232452,"segment_first_lon":-118.1293135486,"segment_second_lat":33.9374951133,"segment_second_lon":-118.1280024435,"segment_sequence":30001,"segment_id":2,"segment_len_meter":139.67034179674496,"segment_cum_len":983.6604823355045,"stop_segment_distance":14.575221898323747}
{"route_id":"128","stop_id":"597","stop_lat":33.867378,"stop_lon":-118.063554,"stop_sequence":1,"segment_first_lat":33.8673748352,"segment_first_lon":-118.0637096403,"segment_second_lat":33.8681991754,"segment_second_lon":-118.0637221252,"segment_sequence":10001,"segment_id":1,"segment_len_meter":91.6696957396781,"segment_cum_len":91.6696957396781,"stop_segment_distance":15.325197449854528}
{"route_id":"130","stop_id":"17461","stop_lat":33.861887,"stop_lon":-118.29042,"stop_sequence":46,"segment_first_lat":33.8609521711,"segment_first_lon":-118.2905547078,"segment_second_lat":33.8618836433,"segment_second_lon":-118.290572428,"segment_sequence":450006,"segment_id":23,"segment_len_meter":103.58790576143174,"segment_cum_len":22020.033345582626,"stop_segment_distance":15.18114174189516}
{"route_id":"152","stop_id":"13009","stop_lat":34.22178,"stop_lon":-118.396836,"stop_sequence":30,"segment_first_lat":34.2216533966,"segment_first_lon":-118.3968357287,"segment_second_lat":34.2216566617,"segment_second_lon":-118.397682595,"segment_sequence":300001,"segment_id":15,"segment_len_meter":77.86472767685636,"segment_cum_len":12166.318121285096,"stop_segment_distance":15.250795996496024}
{"route_id":"16","stop_id":"15639","stop_lat":34.069057,"stop_lon":-118.333427,"stop_sequence":38,"segment_first_lat":34.068934779,"segment_first_lon":-118.3320761732,"segment_second_lat":34.0689310586,"segment_second_lon":-118.3334266615,"segment_sequence":370003,"segment_id":19,"segment_len_meter":124.39402599217853,"segment_cum_len":10202.850551410576,"stop_segment_distance":14.77448627812386}
{"route_id":"161","stop_id":"20093","stop_lat":34.142871,"stop_lon":-118.743614,"stop_sequence":32,"segment_first_lat":34.1427845419,"segment_first_lon":-118.7436276831,"segment_second_lat":34.1428534821,"segment_second_lon":-118.7442582212,"segment_sequence":320001,"segment_id":16,"segment_len_meter":58.53225710174519,"segment_cum_len":19429.138508318923,"stop_segment_distance":10.482876699277341}
{"route_id":"163","stop_id":"6813","stop_lat":34.20108,"stop_lon":-118.453192,"stop_sequence":44,"segment_first_lat":34.201206458,"segment_first_lon":-118.4531925583,"segment_second_lat":34.2012181308,"segment_second_lon":-118.4508775753,"segment_sequence":440001,"segment_id":22,"segment_len_meter":212.90331578215918,"segment_cum_len":16666.67019415726,"stop_segment_distance":14.559901095597326}
{"route_id":"165","stop_id":"6847","stop_lat":34.193804,"stop_lon":-118.474578,"stop_sequence":42,"segment_first_lat":34.1939294226,"segment_first_lon":-118.4749093152,"segment_second_lat":34.1939307205,"segment_second_lon":-118.4745786302,"segment_sequence":410004,"segment_id":21,"segment_len_meter":30.414693372965555,"segment_cum_len":16035.852331692971,"stop_segment_distance":17.188251290109232}
{"route_id":"167","stop_id":"18215","stop_lat":34.17959,"stop_lon":-118.413862,"stop_sequence":78,"segment_first_lat":34.1830745864,"segment_first_lon":-118.4137436759,"segment_second_lat":34.1795902616,"segment_second_lon":-118.4137422894,"segment_sequence":770002,"segment_id":39,"segment_len_meter":387.439261534165,"segment_cum_len":31239.972951502237,"stop_segment_distance":11.194060326483054}
{"route_id":"169","stop_id":"15187","stop_lat":34.19379,"stop_lon":-118.649779,"stop_sequence":33,"segment_first_lat":34.1939146252,"segment_first_lon":-118.6497510402,"segment_second_lat":34.1937617322,"segment_second_lon":-118.6488496992,"segment_sequence":330001,"segment_id":17,"segment_len_meter":84.62513722352924,"segment_cum_len":14119.12490630582,"stop_segment_distance":14.998381456038473}
{"route_id":"180","stop_id":"2477","stop_lat":34.101562,"stop_lon":-118.318164,"stop_sequence":4,"segment_first_lat":34.1016581015,"segment_first_lon":-118.3223624302,"segment_second_lat":34.1016876399,"segment_second_lon":-118.318164106,"segment_sequence":30002,"segment_id":2,"segment_len_meter":386.5716651420934,"segment_cum_len":1124.3260723712458,"stop_segment_distance":14.114285759239806}
{"route_id":"200","stop_id":"3358","stop_lat":34.071787,"stop_lon":-118.266885,"stop_sequence":33,"segment_first_lat":34.0716513711,"segment_first_lon":-118.2671418931,"segment_second_lat":34.0718437191,"segment_second_lon":-118.2670190099,"segment_sequence":320004,"segment_id":16,"segment_len_meter":24.19829627009253,"segment_cum_len":7687.079285849532,"stop_segment_distance":17.72201727382426}
{"route_id":"202","stop_id":"12481","stop_lat":33.903038,"stop_lon":-118.225003,"stop_sequence":11,"segment_first_lat":33.9033267176,"segment_first_lon":-118.224944551,"segment_second_lat":33.9030564435,"segment_second_lon":-118.224883849,"segment_sequence":100006,"segment_id":5,"segment_len_meter":30.5707972721529,"segment_cum_len":3713.9429858109006,"stop_segment_distance":13.169195171985564}
{"route_id":"205","stop_id":"17619","stop_lat":33.911263,"stop_lon":-118.23894,"stop_sequence":122,"segment_first_lat":33.9106060003,"segment_first_lon":-118.2390895296,"segment_second_lat":33.911262747,"segment_second_lon":-118.2390831638,"segment_sequence":1220003,"segment_id":61,"segment_len_meter":73.02926385846779,"segment_cum_len":46206.77798763375,"stop_segment_distance":14.528844550343138}
{"route_id":"212","stop_id":"1564","stop_lat":33.959996,"stop_lon":-118.346576,"stop_sequence":59,"segment_first_lat":33.96008497,"segment_first_lon":-118.3464739216,"segment_second_lat":33.9599993314,"segment_second_lon":-118.3463452879,"segment_sequence":590001,"segment_id":30,"segment_len_meter":15.212676456494696,"segment_cum_len":19386.23838138213,"stop_segment_distance":19.72536489468731}
{"route_id":"234","stop_id":"20215","stop_lat":34.21816,"stop_lon":-118.466622,"stop_sequence":48,"segment_first_lat":34.2182034027,"segment_first_lon":-118.4664733376,"segment_second_lat":34.218072522,"segment_second_lon":-118.4664229883,"segment_sequence":480001,"segment_id":24,"segment_len_meter":15.271863099143825,"segment_cum_len":17964.30229445795,"stop_segment_distance":19.94753213380969}
{"route_id":"246","stop_id":"270","stop_lat":33.831945,"stop_lon":-118.263527,"stop_sequence":54,"segment_first_lat":33.8319447427,"segment_first_lon":-118.2636785696,"segment_second_lat":33.8337610399,"segment_second_lon":-118.263684279,"segment_sequence":540001,"segment_id":27,"segment_len_meter":201.9637224125533,"segment_cum_len":16828.114146198,"stop_segment_distance":14.492592475772483}
{"route_id":"251","stop_id":"898","stop_lat":33.954636,"stop_lon":-118.211968,"stop_sequence":48,"segment_first_lat":33.9547992578,"segment_first_lon":-118.211944074,"segment_second_lat":33.9547063654,"segment_second_lon":-118.2110123093,"segment_sequence":480001,"segment_id":24,"segment_len_meter":86.55874870304325,"segment_cum_len":18095.613737747,"stop_segment_distance":20.22201998002646}
{"route_id":"256","stop_id":"10279","stop_lat":34.16911,"stop_lon":-118.127547,"stop_sequence":109,"segment_first_lat":34.169011406,"segment_first_lon":-118.1275471935,"segment_second_lat":34.1690048312,"segment_second_lon":-118.1283075412,"segment_sequence":1090001,"segment_id":55,"segment_len_meter":69.9565367847777,"segment_cum_len":33643.267110934496,"stop_segment_distance":11.947612456899094}
{"route_id":"256","stop_id":"1318","stop_lat":34.14579,"stop_lon":-118.129184,"stop_sequence":92,"segment_first_lat":34.1459151774,"segment_first_lon":-118.1291842693,"segment_second_lat":34.1459257472,"segment_second_lon":-118.1280308441,"segment_sequence":920001,"segment_id":46,"segment_len_meter":106.15174702309533,"segment_cum_len":28307.47585943991,"stop_segment_distance":14.956028286043107}
{"route_id":"266","stop_id":"17847","stop_lat":33.96385,"stop_lon":-118.108424,"stop_sequence":35,"segment_first_lat":33.9639017307,"segment_first_lon":-118.1085619953,"segment_second_lat":33.9654330067,"segment_second_lon":-118.1077533645,"segment_sequence":350001,"segment_id":18,"segment_len_meter":185.8850758806491,"segment_cum_len":15894.954988848951,"stop_segment_distance":14.652800094783771}
{"route_id":"266","stop_id":"3846","stop_lat":34.119872,"stop_lon":-118.072663,"stop_sequence":69,"segment_first_lat":34.1195728216,"segment_first_lon":-118.0728343876,"segment_second_lat":34.1198808712,"segment_second_lon":-118.0728118586,"segment_sequence":680006,"segment_id":34,"segment_len_meter":34.31627788334345,"segment_cum_len":34488.217453283716,"stop_segment_distance":16.240969459150627}
{"route_id":"267","stop_id":"1709","stop_lat":34.149597,"stop_lon":-118.149242,"stop_sequence":57,"segment_first_lat":34.1494978388,"segment_first_lon":-118.1492420431,"segment_second_lat":34.1495005805,"segment_second_lon":-118.149691546,"segment_sequence":570001,"segment_id":29,"segment_len_meter":41.36537666028688,"segment_cum_len":18541.659841668905,"stop_segment_distance":12.395786560896354}
{"route_id":"4","stop_id":"14412","stop_lat":34.090889,"stop_lon":-118.316059,"stop_sequence":42,"segment_first_lat":34.0907634772,"segment_first_lon":-118.3160582797,"segment_second_lat":34.0907609391,"segment_second_lon":-118.3177592243,"segment_sequence":420001,"segment_id":21,"segment_len_meter":156.6337075658063,"segment_cum_len":13008.409506996677,"stop_segment_distance":14.537171795700374}
{"route_id":"40","stop_id":"10909","stop_lat":33.868236,"stop_lon":-118.352742,"stop_sequence":84,"segment_first_lat":33.8687800841,"segment_first_lon":-118.3525830168,"segment_second_lat":33.86823324,"segment_second_lon":-118.3525912584,"segment_sequence":830007,"segment_id":42,"segment_len_meter":60.811050464967416,"segment_cum_len":32050.873092009224,"stop_segment_distance":15.364522684891263}
{"route_id":"45","stop_id":"11914","stop_lat":34.071333,"stop_lon":-118.229758,"stop_sequence":10,"segment_first_lat":34.0711897712,"segment_first_lon":-118.2297117419,"segment_second_lat":34.0711179563,"segment_second_lon":-118.2299063651,"segment_sequence":100002,"segment_id":5,"segment_len_meter":19.62442348291641,"segment_cum_len":2360.5662745935283,"stop_segment_distance":24.403198704837433}
{"route_id":"487","stop_id":"3921","stop_lat":34.155943,"stop_lon":-118.09375,"stop_sequence":48,"segment_first_lat":34.1559455822,"segment_first_lon":-118.0939028825,"segment_second_lat":34.1570282589,"segment_second_lon":-118.0938829444,"segment_sequence":480001,"segment_id":24,"segment_len_meter":120.4021341414457,"segment_cum_len":28550.788882979243,"stop_segment_distance":14.962027304945039}
{"route_id":"51","stop_id":"215","stop_lat":34.004085,"stop_lon":-118.265376,"stop_sequence":39,"segment_first_lat":34.004799964,"segment_first_lon":-118.2652260557,"segment_second_lat":34.0040855246,"segment_second_lon":-118.2652237922,"segment_sequence":380004,"segment_id":19,"segment_len_meter":79.44231067633794,"segment_cum_len":10109.44136537616,"stop_segment_distance":15.28132919338222}
{"route_id":"55","stop_id":"799","stop_lat":34.012612,"stop_lon":-118.248455,"stop_sequence":41,"segment_first_lat":34.0123945688,"segment_first_lon":-118.2486755957,"segment_second_lat":34.0126443634,"segment_second_lon":-118.2485354391,"segment_sequence":400004,"segment_id":20,"segment_len_meter":30.6330742635411,"segment_cum_len":11648.868858374259,"stop_segment_distance":9.198672719623278}
{"route_id":"550","stop_id":"17552","stop_lat":33.732409,"stop_lon":-118.305258,"stop_sequence":5,"segment_first_lat":33.732481447,"segment_first_lon":-118.3052581441,"segment_second_lat":33.7324796086,"segment_second_lon":-118.3044655528,"segment_sequence":50001,"segment_id":3,"segment_len_meter":73.2944425388292,"segment_cum_len":1311.7447503010324,"stop_segment_distance":8.461565553640057}
{"route_id":"577","stop_id":"17036","stop_lat":34.019314,"stop_lon":-118.038605,"stop_sequence":3,"segment_first_lat":34.0194016365,"segment_first_lon":-118.0382821025,"segment_second_lat":34.0192177429,"segment_second_lon":-118.0384773775,"segment_sequence":20120,"segment_id":1,"segment_len_meter":27.24012728278627,"segment_cum_len":7715.118104805018,"stop_segment_distance":19.977290672244855}
{"route_id":"68","stop_id":"475","stop_lat":34.052758,"stop_lon":-118.244738,"stop_sequence":41,"segment_first_lat":34.0527133992,"segment_first_lon":-118.2446691196,"segment_second_lat":34.0517118213,"segment_second_lon":-118.2456067241,"segment_sequence":410001,"segment_id":21,"segment_len_meter":140.9425886199439,"segment_cum_len":16353.916111334278,"stop_segment_distance":8.313350142964197}
{"route_id":"78","stop_id":"5377","stop_lat":34.054416,"stop_lon":-118.246958,"stop_sequence":11,"segment_first_lat":34.054996834,"segment_first_lon":-118.2476566364,"segment_second_lat":34.0545189465,"segment_second_lon":-118.2468675109,"segment_sequence":100007,"segment_id":5,"segment_len_meter":90.04875949887614,"segment_cum_len":3168.301335757737,"stop_segment_distance":15.292251832831909}
{"route_id":"90","stop_id":"13539","stop_lat":34.144667,"stop_lon":-118.248058,"stop_sequence":62,"segment_first_lat":34.1448465893,"segment_first_lon":-118.2477675585,"segment_second_lat":34.1446154641,"segment_second_lon":-118.2479155959,"segment_sequence":610005,"segment_id":31,"segment_len_meter":29.087576859727182,"segment_cum_len":19563.98274955138,"stop_segment_distance":18.580221679588046}
