{"route_id":"10","stop_id":"11695","stop_lat":34.083639,"stop_lon":-118.317742,"stop_sequence":44,"segment_first_lat":34.0835120624,"segment_first_lon":-118.3159681282,"segment_second_lat":34.0835118075,"segment_second_lon":-118.3177415899,"segment_sequence":430001,"segment_id":22,"segment_len_meter":163.32526239449317,"segment_cum_len":12063.123942944041,"stop_segment_distance":14.789491379997742}
{"route_id":"102","stop_id":"1841","stop_lat":34.018034,"stop_lon":-118.291212,"stop_sequence":50,"segment_first_lat":34.0181708483,"segment_first_lon":-118.291536072,"segment_second_lat":34.0181598291,"segment_second_lon":-118.291206038,"segment_sequence":490006,"segment_id":25,"segment_len_meter":30.44226964381204,"segment_cum_len":16543.34491806751,"stop_segment_distance":17.08107660263954}
{"route_id":"108","stop_id":"7686","stop_lat":33.983568,"stop_lon":-118.391165,"stop_sequence":6,"segment_first_lat":33.9839910061,"segment_first_lon":-118.3921171924,"segment_second_lat":33.9836347794,"segment_second_lon":-118.3911328692,"segment_sequence":50010,"segment_id":3,"segment_len_meter":99.0243113692353,"segment_cum_len":2744.238397749683,"stop_segment_distance":8.570855906282219}
{"route_id":"111","stop_id":"1429","stop_lat":33.974604,"stop_lon":-118.233161,"stop_sequence":47,"segment_first_lat":33.9747323328,"segment_first_lon":-118.2331609734,"segment_second_lat":33.9747312308,"segment_second_lon":-118.2327354973,"segment_sequence":470001,"segment_id":24,"segment_len_meter":39.234272230027905,"segment_cum_len":17449.34678356016,"stop_segment_distance":16.744884443441748}
{"route_id":"115","stop_id":"1893","stop_lat":33.952282,"stop_lon":-118.188123,"stop_sequence":66,"segment_first_lat":33.952500703,"segment_first_lon":-118.1889473982,"segment_second_lat":33.9524099718,"segment_second_lon":-118.188101751,"segment_sequence":650008,"segment_id":33,"segment_len_meter":78.64916629552849,"segment_cum_len":19630.221869842742,"stop_segment_distance":15.548611372728317}
{"route_id":"120","stop_id":"140794","stop_lat":33.931142,"stop_lon":-118.278024,"stop_sequence":83,"segment_first_lat":33.9310204601,"segment_first_lon":-118.2760556372,"segment_second_lat":33.9310134657,"segment_second_lon":-118.2780236383,"segment_sequence":820002,"segment_id":41,"segment_len_meter":181.56859717313984,"segment_cum_len":35296.24306709828,"stop_segment_distance":14.826150836118046}
{"route_id":"128","stop_id":"17239","stop_lat":33.889336,"stop_lon":-118.156235,"stop_sequence":29,"segment_first_lat":33.8892076191,"segment_first_lon":-118.1562349354,"segment_second_lat":33.8892091714,"segment_second_lon":-118.1567324637,"segment_sequence":290001,"segment_id":15,"segment_len_meter":45.924591829926335,"segment_cum_len":14084.704223808976,"stop_segment_distance":16.3858427734311}
{"route_id":"130","stop_id":"14","stop_lat":33.865554,"stop_lon":-118.095309,"stop_sequence":1,"segment_first_lat":33.8656533568,"segment_first_lon":-118.0953090925,"segment_second_lat":33.8656368486,"segment_second_lon":-118.0984119668,"segment_sequence":20001,"segment_id":1,"segment_len_meter":286.4952737871538,"segment_cum_len":995.677343179318,"stop_segment_distance":11.19887514384709}
{"route_id":"14","stop_id":"7479","stop_lat":34.032608,"stop_lon":-118.309205,"stop_sequence":20,"segment_first_lat":34.0327021219,"segment_first_lon":-118.3100663667,"segment_second_lat":34.0327065294,"segment_second_lon":-118.3092049442,"segment_sequence":190003,"segment_id":10,"segment_len_meter":79.38096326989229,"segment_cum_len":6653.533849525352,"stop_segment_distance":11.636376013372555}
{"route_id":"152","stop_id":"13004","stop_lat":34.220934,"stop_lon":-118.53157,"stop_sequence":61,"segment_first_lat":34.2208697459,"segment_first_lon":-118.5273520225,"segment_second_lat":34.2208062416,"segment_second_lon":-118.53156601,"segment_sequence":600002,"segment_id":30,"segment_len_meter":387.51700624759474,"segment_cum_len":24524.173164097916,"stop_segment_distance":14.57885214830759}
{"route_id":"158","stop_id":"16843","stop_lat":34.164768,"stop_lon":-118.431035,"stop_sequence":9,"segment_first_lat":34.1615471032,"segment_first_lon":-118.4311853711,"segment_second_lat":34.1647676291,"segment_second_lon":-118.4311874455,"segment_sequence":80001,"segment_id":4,"segment_len_meter":358.106192068555,"segment_cum_len":3562.7216738984644,"stop_segment_distance":14.33421682848973}
{"route_id":"158","stop_id":"16848","stop_lat":34.221944,"stop_lon":-118.4326,"stop_sequence":27,"segment_first_lat":34.2219457525,"segment_first_lon":-118.4327543275,"segment_second_lat":34.2220639288,"segment_second_lon":-118.4327496472,"segment_sequence":270001,"segment_id":14,"segment_len_meter":13.147649091929962,"segment_cum_len":9976.336970923612,"stop_segment_distance":20.204108442481946}
{"route_id":"164","stop_id":"7149","stop_lat":34.186906,"stop_lon":-118.642613,"stop_sequence":83,"segment_first_lat":34.1869103745,"segment_first_lon":-118.6427670838,"segment_second_lat":34.1880087069,"segment_second_lon":-118.6427179986,"segment_sequence":830001,"segment_id":42,"segment_len_meter":122.212416148391,"segment_cum_len":32953.43806402937,"stop_segment_distance":14.963956418252067}
{"route_id":"167","stop_id":"18217","stop_lat":34.168837,"stop_lon":-118.413868,"stop_sequence":85,"segment_first_lat":34.1692993907,"segment_first_lon":-118.4137448843,"segment_second_lat":34.1688377354,"segment_second_lon":-118.4137475571,"segment_sequence":840007,"segment_id":42,"segment_len_meter":51.33431617308659,"segment_cum_len":34003.466265678915,"stop_segment_distance":12.395222396233166}
{"route_id":"176","stop_id":"15879","stop_lat":34.099257,"stop_lon":-118.106984,"stop_sequence":60,"segment_first_lat":34.0988296414,"segment_first_lon":-118.1056758313,"segment_second_lat":34.0991631495,"segment_second_lon":-118.1070189796,"segment_sequence":590016,"segment_id":30,"segment_len_meter":129.11369838536302,"segment_cum_len":24014.301421210723,"stop_segment_distance":11.294990338708544}
{"route_id":"211","stop_id":"141062","stop_lat":33.909714,"stop_lon":-118.36112,"stop_sequence":7,"segment_first_lat":33.9094939008,"segment_first_lon":-118.3612736468,"segment_second_lat":33.9097164798,"segment_second_lon":-118.3612726288,"segment_sequence":60008,"segment_id":3,"segment_len_meter":24.749833870798874,"segment_cum_len":2598.197785172339,"stop_segment_distance":17.62239181917721}
{"route_id":"224","stop_id":"11329","stop_lat":34.186962,"stop_lon":-118.387598,"stop_sequence":19,"segment_first_lat":34.1869654342,"segment_first_lon":-118.3877526061,"segment_second_lat":34.1875161342,"segment_second_lon":-118.3877455732,"segment_sequence":190001,"segment_id":10,"segment_len_meter":61.23846293655609,"segment_cum_len":6252.021296951584,"stop_segment_distance":16.081885787739452}
{"route_id":"224","stop_id":"6619","stop_lat":34.287156,"stop_lon":-118.445035,"stop_sequence":49,"segment_first_lat":34.2870737602,"segment_first_lon":-118.4451497183,"segment_second_lat":34.2880142723,"segment_second_lon":-118.4461456136,"segment_sequence":490001,"segment_id":25,"segment_len_meter":138.95412177342735,"segment_cum_len":19473.287561020188,"stop_segment_distance":14.709295212876071}
{"route_id":"232","stop_id":"13000045","stop_lat":33.870593,"stop_lon":-118.394519,"stop_sequence":72,"segment_first_lat":33.8705656685,"segment_first_lon":-118.3946664574,"segment_second_lat":33.8717809968,"segment_second_lon":-118.395015105,"segment_sequence":720001,"segment_id":36,"segment_len_meter":138.91897349510114,"segment_cum_len":28609.85626312083,"stop_segment_distance":14.844565780831374}
{"route_id":"233","stop_id":"6794","stop_lat":34.260985,"stop_lon":-118.428861,"stop_sequence":40,"segment_first_lat":34.2605895278,"segment_first_lon":-118.4296365441,"segment_second_lat":34.2610816019,"segment_second_lon":-118.4289599519,"segment_sequence":390005,"segment_id":20,"segment_len_meter":82.8258745367318,"segment_cum_len":13214.99686948091,"stop_segment_distance":14.995503045295138}
{"route_id":"243","stop_id":"16802","stop_lat":34.204431,"stop_lon":-118.571157,"stop_sequence":29,"segment_first_lat":34.2044314399,"segment_first_lon":-118.5710061448,"segment_second_lat":34.2035191381,"segment_second_lon":-118.5710048682,"segment_sequence":290001,"segment_id":15,"segment_len_meter":101.44339966164175,"segment_cum_len":13775.054823294246,"stop_segment_distance":14.784755754459368}
{"route_id":"243","stop_id":"176142","stop_lat":34.220753,"stop_lon":-118.553412,"stop_sequence":55,"segment_first_lat":34.22075267,"segment_first_lon":-118.5535641829,"segment_second_lat":34.2220222292,"segment_second_lon":-118.5535590369,"segment_sequence":550001,"segment_id":28,"segment_len_meter":141.1693350094147,"segment_cum_len":24535.19639723333,"stop_segment_distance":14.600970469070802}
{"route_id":"258","stop_id":"10318","stop_lat":33.965915,"stop_lon":-118.165141,"stop_sequence":68,"segment_first_lat":33.966794609,"segment_first_lon":-118.1648652273,"segment_second_lat":33.9659002889,"segment_second_lon":-118.1649894462,"segment_sequence":670002,"segment_id":34,"segment_len_meter":100.1015096539892,"segment_cum_len":24856.203800100295,"stop_segment_distance":15.030867553896229}
{"route_id":"260","stop_id":"11972","stop_lat":34.161227,"stop_lon":-118.150757,"stop_sequence":9,"segment_first_lat":34.1612273655,"segment_first_lon":-118.1506063876,"segment_second_lat":34.1601969253,"segment_second_lon":-118.150596597,"segment_sequence":90001,"segment_id":5,"segment_len_meter":114.58326359927962,"segment_cum_len":2586.8252882317593,"stop_segment_distance":14.760573173589094}
{"route_id":"265","stop_id":"4273","stop_lat":33.854019,"stop_lon":-118.15968,"stop_sequence":7,"segment_first_lat":33.8538363246,"segment_first_lon":-118.1588894548,"segment_second_lat":33.8538131005,"segment_second_lon":-118.1598280526,"segment_sequence":60004,"segment_id":3,"segment_len_meter":86.71149909145844,"segment_cum_len":2301.579867142807,"stop_segment_distance":15.729449918023022}
{"route_id":"265","stop_id":"8309","stop_lat":34.000952,"stop_lon":-118.083256,"stop_sequence":60,"segment_first_lat":34.0013526568,"segment_first_lon":-118.0838468132,"segment_second_lat":34.001067888,"segment_second_lon":-118.0831843645,"segment_sequence":590004,"segment_id":30,"segment_len_meter":68.78821140429667,"segment_cum_len":24728.254446290946,"stop_segment_distance":16.055063316802062}
{"route_id":"268","stop_id":"5803","stop_lat":34.132873,"stop_lon":-118.050514,"stop_sequence":30,"segment_first_lat":34.1326452199,"segment_first_lon":-118.0495724454,"segment_second_lat":34.1328039248,"segment_second_lon":-118.0505305051,"segment_sequence":290015,"segment_id":15,"segment_len_meter":89.92877763890714,"segment_cum_len":10863.800640499268,"stop_segment_distance":8.18733865195594}
{"route_id":"45","stop_id":"9072","stop_lat":34.073732,"stop_lon":-118.217676,"stop_sequence":6,"segment_first_lat":34.0736177604,"segment_first_lon":-118.2169457376,"segment_second_lat":34.0736051872,"segment_second_lon":-118.2176721753,"segment_sequence":50003,"segment_id":3,"segment_len_meter":66.92301156208268,"segment_cum_len":1161.9685928703307,"stop_segment_distance":15.631981221200675}
{"route_id":"60","stop_id":"12708","stop_lat":33.999564,"stop_lon":-118.225394,"stop_sequence":29,"segment_first_lat":34.0000174914,"segment_first_lon":-118.2252439441,"segment_second_lat":33.9995641,"segment_second_lon":-118.2252410746,"segment_sequence":280007,"segment_id":14,"segment_len_meter":50.41551743600349,"segment_cum_len":9461.170204681619,"stop_segment_distance":15.97081290689669}
{"route_id":"605","stop_id":"17156","stop_lat":34.031024,"stop_lon":-118.198719,"stop_sequence":9,"segment_first_lat":34.0310841856,"segment_first_lon":-118.1988516038,"segment_second_lat":34.0316346233,"segment_second_lon":-118.1984928293,"segment_sequence":90001,"segment_id":5,"segment_len_meter":69.56443982949357,"segment_cum_len":2017.4228855435967,"stop_segment_distance":15.3927158507921}
{"route_id":"62","stop_id":"1576","stop_lat":34.0224,"stop_lon":-118.215813,"stop_sequence":21,"segment_first_lat":34.0233716425,"segment_first_lon":-118.217713137,"segment_second_lat":34.0225131719,"segment_second_lon":-118.2157446913,"segment_sequence":200002,"segment_id":10,"segment_len_meter":204.99353944471133,"segment_cum_len":7980.644946477564,"stop_segment_distance":14.84136407398637}
{"route_id":"66","stop_id":"1583","stop_lat":34.025807,"stop_lon":-118.231841,"stop_sequence":31,"segment_first_lat":34.0259245396,"segment_first_lon":-118.2318108851,"segment_second_lat":34.0258032998,"segment_second_lon":-118.2311250868,"segment_sequence":310001,"segment_id":16,"segment_len_meter":64.62273915481312,"segment_cum_len":9255.436443520723,"stop_segment_distance":14.715999299602217}
{"route_id":"685","stop_id":"142107","stop_lat":34.151027,"stop_lon":-118.236515,"stop_sequence":7,"segment_first_lat":34.1510546114,"segment_first_lon":-118.2363678208,"segment_second_lat":34.1504094835,"segment_second_lon":-118.2361894998,"segment_sequence":70001,"segment_id":4,"segment_len_meter":73.58781560093756,"segment_cum_len":2665.3825142140645,"stop_segment_distance":15.212705914200114}
{"route_id":"70","stop_id":"1460","stop_lat":34.062392,"stop_lon":-118.120894,"stop_sequence":48,"segment_first_lat":34.0625185647,"segment_first_lon":-118.121141323,"segment_second_lat":34.0625188129,"segment_second_lon":-118.1208936963,"segment_sequence":470002,"segment_id":24,"segment_len_meter":22.8106131541449,"segment_cum_len":16876.91948398945,"stop_segment_distance":18.069234767785847}
{"route_id":"70","stop_id":"3804","stop_lat":34.056418,"stop_lon":-118.220338,"stop_sequence":18,"segment_first_lat":34.0565368091,"segment_first_lon":-118.2203950539,"segment_second_lat":34.0569838399,"segment_second_lon":-118.2190617726,"segment_sequence":180001,"segment_id":9,"segment_len_meter":132.50312617146878,"segment_cum_len":6425.199071366932,"stop_segment_distance":15.062219152944834}
{"route_id":"704","stop_id":"6039","stop_lat":34.043754,"stop_lon":-118.455783,"stop_sequence":7,"segment_first_lat":34.0438684698,"segment_first_lon":-118.4558536351,"segment_second_lat":34.0442235461,"segment_second_lon":-118.4550392312,"segment_sequence":70001,"segment_id":4,"segment_len_meter":84.79025096154604,"segment_cum_len":5816.514122751583,"stop_segment_distance":15.657586319474987}
{"route_id":"81","stop_id":"12098","stop_lat":34.062916,"stop_lon":-118.239581,"stop_sequence":43,"segment_first_lat":34.0644318362,"segment_first_lon":-118.2386905266,"segment_second_lat":34.0628780204,"segment_second_lon":-118.2394705809,"segment_sequence":420002,"segment_id":21,"segment_len_meter":187.12259464719446,"segment_cum_len":14584.630903640886,"stop_segment_distance":11.343520361252558}
{"route_id":"83","stop_id":"11918","stop_lat":34.064184,"stop_lon":-118.237541,"stop_sequence":43,"segment_first_lat":34.0646217212,"segment_first_lon":-118.2371524368,"segment_second_lat":34.0641343227,"segment_second_lon":-118.2373947253,"segment_sequence":420002,"segment_id":21,"segment_len_meter":58.61179106088842,"segment_cum_len":12386.323394394554,"stop_segment_distance":16.366690930354338}
{"route_id":"92","stop_id":"12068","stop_lat":34.185656,"stop_lon":-118.309358,"stop_sequence":74,"segment_first_lat":34.1855632454,"segment_first_lon":-118.3094563036,"segment_second_lat":34.1860911851,"segment_second_lon":-118.3101794272,"segment_sequence":740001,"segment_id":37,"segment_len_meter":88.71529847984412,"segment_cum_len":22601.478142587664,"stop_segment_distance":14.725528231987226}
{"route_id":"94","stop_id":"2016","stop_lat":34.123517,"stop_lon":-118.254861,"stop_sequence":70,"segment_first_lat":34.1239118181,"segment_first_lon":-118.2550671057,"segment_second_lat":34.1235984151,"segment_second_lon":-118.2547449894,"segment_sequence":690003,"segment_id":35,"segment_len_meter":45.75604455901164,"segment_cum_len":28711.614685416724,"stop_segment_distance":16.06949823929488}
