{"route_id":"110","stop_id":"142298","stop_lat":33.981519,"stop_lon":-118.2322,"stop_sequence":59,"segment_first_lat":33.9816479794,"segment_first_lon":-118.2325304228,"segment_second_lat":33.9816453172,"segment_second_lon":-118.2322005642,"segment_sequence":580007,"segment_id":29,"segment_len_meter":30.415948878300522,"segment_cum_len":20571.991523154036,"stop_segment_distance":17.303405634086328}
{"route_id":"115","stop_id":"1553","stop_lat":33.960032,"stop_lon":-118.261183,"stop_sequence":46,"segment_first_lat":33.960152282,"segment_first_lon":-118.2629312975,"segment_second_lat":33.9601585519,"segment_second_lon":-118.2611835528,"segment_sequence":450003,"segment_id":23,"segment_len_meter":161.19248934631145,"segment_cum_len":12718.136782588499,"stop_segment_distance":14.67537251637566}
{"route_id":"117","stop_id":"7570","stop_lat":33.945351,"stop_lon":-118.329367,"stop_sequence":17,"segment_first_lat":33.945481992,"segment_first_lon":-118.3328232148,"segment_second_lat":33.9454782881,"segment_second_lon":-118.329367842,"segment_sequence":160002,"segment_id":8,"segment_len_meter":318.7373194591479,"segment_cum_len":7627.523867737646,"stop_segment_distance":14.564201367470162}
{"route_id":"120","stop_id":"140976","stop_lat":33.917182,"stop_lon":-118.133901,"stop_sequence":43,"segment_first_lat":33.917027692,"segment_first_lon":-118.1319527035,"segment_second_lat":33.9170304906,"segment_second_lon":-118.1339006221,"segment_sequence":420002,"segment_id":21,"segment_len_meter":179.74390956677624,"segment_cum_len":19636.476774003724,"stop_segment_distance":17.698500962794668}
{"route_id":"120","stop_id":"2624","stop_lat":33.921698,"stop_lon":-118.146971,"stop_sequence":47,"segment_first_lat":33.9215916944,"segment_first_lon":-118.1470506211,"segment_second_lat":33.9219088585,"segment_second_lon":-118.1476731622,"segment_sequence":470001,"segment_id":24,"segment_len_meter":67.40403495553963,"segment_cum_len":21065.98523650147,"stop_segment_distance":15.413832074621965}
{"route_id":"14","stop_id":"7477","stop_lat":34.032594,"stop_lon":-118.311442,"stop_sequence":19,"segment_first_lat":34.0326772332,"segment_first_lon":-118.3133205979,"segment_second_lat":34.0326922593,"segment_second_lon":-118.3114426517,"segment_sequence":180003,"segment_id":9,"segment_len_meter":173.05946806155728,"segment_cum_len":6447.324480660471,"stop_segment_distance":11.225416499906402}
{"route_id":"14","stop_id":"8213","stop_lat":34.032499,"stop_lon":-118.334668,"stop_sequence":12,"segment_first_lat":34.0325985122,"segment_first_lon":-118.3346681252,"segment_second_lat":34.0325949065,"segment_second_lon":-118.3337868692,"segment_sequence":120001,"segment_id":6,"segment_len_meter":81.20818556322699,"segment_cum_len":4388.285137966581,"stop_segment_distance":11.750114476475702}
{"route_id":"161","stop_id":"11291","stop_lat":34.143424,"stop_lon":-118.82084,"stop_sequence":50,"segment_first_lat":34.143335286,"segment_first_lon":-118.8209480863,"segment_second_lat":34.1434110484,"segment_second_lon":-118.8209600675,"segment_sequence":490014,"segment_id":25,"segment_len_meter":8.496245410832136,"segment_cum_len":29242.394581564273,"stop_segment_distance":16.655926978272703}
{"route_id":"161","stop_id":"12967","stop_lat":34.145018,"stop_lon":-118.755419,"stop_sequence":33,"segment_first_lat":34.1449487438,"segment_first_lon":-118.7554300716,"segment_second_lat":34.1449677824,"segment_second_lon":-118.7555935128,"segment_sequence":330001,"segment_id":17,"segment_len_meter":15.18928091439762,"segment_cum_len":20499.53121249304,"stop_segment_distance":9.5817428931059}
{"route_id":"169","stop_id":"6109","stop_lat":34.208143,"stop_lon":-118.614858,"stop_sequence":50,"segment_first_lat":34.2082710779,"segment_first_lon":-118.6162080593,"segment_second_lat":34.2082705242,"segment_second_lon":-118.6148585884,"segment_sequence":490003,"segment_id":25,"segment_len_meter":124.09485011849847,"segment_cum_len":20466.45789817818,"stop_segment_distance":15.04851938732881}
{"route_id":"180","stop_id":"2483","stop_lat":34.101531,"stop_lon":-118.322527,"stop_sequence":3,"segment_first_lat":34.1016489232,"segment_first_lon":-118.3237398519,"segment_second_lat":34.1016571112,"segment_second_lon":-118.3225275891,"segment_sequence":20004,"segment_id":1,"segment_len_meter":111.62197357375253,"segment_cum_len":722.5471176831484,"stop_segment_distance":14.840830985573263}
{"route_id":"180","stop_id":"9325","stop_lat":34.139133,"stop_lon":-118.208626,"stop_sequence":51,"segment_first_lat":34.1392650365,"segment_first_lon":-118.2088047377,"segment_second_lat":34.1392700046,"segment_second_lon":-118.2086329041,"segment_sequence":500005,"segment_id":25,"segment_len_meter":15.82406960831535,"segment_cum_len":15472.162428775906,"stop_segment_distance":21.472254354585957}
{"route_id":"202","stop_id":"14812","stop_lat":33.849403,"stop_lon":-118.206904,"stop_sequence":34,"segment_first_lat":33.8494028406,"segment_first_lon":-118.2067861724,"segment_second_lat":33.8484328589,"segment_second_lon":-118.2067864154,"segment_sequence":340001,"segment_id":17,"segment_len_meter":107.85704631285044,"segment_cum_len":13988.607260181849,"stop_segment_distance":11.444013776116108}
{"route_id":"205","stop_id":"17589","stop_lat":33.762907,"stop_lon":-118.311501,"stop_sequence":42,"segment_first_lat":33.7602602607,"segment_first_lon":-118.3124352232,"segment_second_lat":33.762938381,"segment_second_lon":-118.3116493567,"segment_sequence":410001,"segment_id":21,"segment_len_meter":306.5266374985455,"segment_cum_len":10535.369064436998,"stop_segment_distance":14.338228279640816}
{"route_id":"211","stop_id":"1558","stop_lat":33.961632,"stop_lon":-118.354784,"stop_sequence":27,"segment_first_lat":33.961762014,"segment_first_lon":-118.3547848996,"segment_second_lat":33.9617734171,"segment_second_lon":-118.3533339417,"segment_sequence":270001,"segment_id":14,"segment_len_meter":133.82240237232557,"segment_cum_len":9157.248290969104,"stop_segment_distance":15.289582734215486}
{"route_id":"230","stop_id":"14983","stop_lat":34.290357,"stop_lon":-118.448837,"stop_sequence":2,"segment_first_lat":34.2904429682,"segment_first_lon":-118.4487201252,"segment_second_lat":34.2903353791,"segment_second_lon":-118.4486112853,"segment_sequence":20001,"segment_id":1,"segment_len_meter":15.591699361920885,"segment_cum_len":583.8771022303395,"stop_segment_distance":19.659094866866727}
{"route_id":"234","stop_id":"20121","stop_lat":34.24655,"stop_lon":-118.467634,"stop_sequence":40,"segment_first_lat":34.2492516657,"segment_first_lon":-118.4674675139,"segment_second_lat":34.2465504168,"segment_second_lon":-118.4674838216,"segment_sequence":390003,"segment_id":20,"segment_len_meter":300.36891331197967,"segment_cum_len":14775.41056280789,"stop_segment_distance":14.236027782971291}
{"route_id":"243","stop_id":"16805","stop_lat":34.185446,"stop_lon":-118.571083,"stop_sequence":35,"segment_first_lat":34.1854437195,"segment_first_lon":-118.5709269407,"segment_second_lat":34.1846632557,"segment_second_lon":-118.5709388007,"segment_sequence":350001,"segment_id":18,"segment_len_meter":86.79047151384499,"segment_cum_len":15871.853905164731,"stop_segment_distance":15.608644506193386}
{"route_id":"243","stop_id":"3185","stop_lat":34.260567,"stop_lon":-118.579941,"stop_sequence":8,"segment_first_lat":34.2605679233,"segment_first_lon":-118.5798197293,"segment_second_lat":34.2593093801,"segment_second_lon":-118.5798192595,"segment_sequence":80001,"segment_id":4,"segment_len_meter":139.9436254635095,"segment_cum_len":5174.975997754164,"stop_segment_distance":11.489551743040437}
{"route_id":"251","stop_id":"13954","stop_lat":34.032521,"stop_lon":-118.216981,"stop_sequence":20,"segment_first_lat":34.0327162171,"segment_first_lon":-118.2166911813,"segment_second_lat":34.0324639582,"segment_second_lon":-118.2168469725,"segment_sequence":190003,"segment_id":10,"segment_len_meter":31.510220815400647,"segment_cum_len":7458.270371132907,"stop_segment_distance":16.789579431818336}
{"route_id":"251","stop_id":"13961","stop_lat":34.000212,"stop_lon":-118.219735,"stop_sequence":28,"segment_first_lat":34.0009759078,"segment_first_lon":-118.2195981669,"segment_second_lat":34.0002147791,"segment_second_lon":-118.2195826435,"segment_sequence":270003,"segment_id":14,"segment_len_meter":84.64574708035,"segment_cum_len":11104.009278896394,"stop_segment_distance":15.276697484909377}
{"route_id":"251","stop_id":"14662","stop_lat":33.989341,"stop_lon":-118.219653,"stop_sequence":32,"segment_first_lat":33.989212227,"segment_first_lon":-118.219653083,"segment_second_lat":33.9892113192,"segment_second_lon":-118.2201512008,"segment_sequence":320001,"segment_id":16,"segment_len_meter":45.92481782474606,"segment_cum_len":12403.9488109592,"stop_segment_distance":16.536693476229203}
{"route_id":"265","stop_id":"3741","stop_lat":33.889411,"stop_lon":-118.159923,"stop_sequence":17,"segment_first_lat":33.8894108625,"segment_first_lon":-118.1600774719,"segment_second_lat":33.8909551365,"segment_second_lon":-118.1600830568,"segment_sequence":170001,"segment_id":9,"segment_len_meter":171.71620795008224,"segment_cum_len":6431.779053464144,"stop_segment_distance":14.87684623971387}
{"route_id":"266","stop_id":"2804","stop_lat":33.913221,"stop_lon":-118.140427,"stop_sequence":21,"segment_first_lat":33.913289154,"segment_first_lon":-118.1405561479,"segment_second_lat":33.9134046674,"segment_second_lon":-118.1404666953,"segment_sequence":210001,"segment_id":11,"segment_len_meter":15.268241950055812,"segment_cum_len":9352.910501645263,"stop_segment_distance":19.603618771059843}
{"route_id":"28","stop_id":"10302","stop_lat":34.105049,"stop_lon":-118.238285,"stop_sequence":27,"segment_first_lat":34.1050797167,"segment_first_lon":-118.2381422537,"segment_second_lat":34.1049448873,"segment_second_lon":-118.2380959528,"segment_sequence":270001,"segment_id":14,"segment_len_meter":15.586635107890343,"segment_cum_len":7847.008277934468,"stop_segment_distance":18.896755038348182}
{"route_id":"30","stop_id":"7917","stop_lat":34.047105,"stop_lon":-118.299662,"stop_sequence":11,"segment_first_lat":34.0472344047,"segment_first_lon":-118.2996623214,"segment_second_lat":34.0472362701,"segment_second_lon":-118.2989096764,"segment_sequence":110001,"segment_id":6,"segment_len_meter":69.3441127367879,"segment_cum_len":3873.069624151683,"stop_segment_distance":15.879548471303508}
{"route_id":"4","stop_id":"14387","stop_lat":34.090908,"stop_lon":-118.365753,"stop_sequence":57,"segment_first_lat":34.0907899455,"segment_first_lon":-118.3649699524,"segment_second_lat":34.0907807087,"segment_second_lon":-118.3657526828,"segment_sequence":560008,"segment_id":28,"segment_len_meter":72.08593302029485,"segment_cum_len":17428.145441223758,"stop_segment_distance":15.361152174397859}
{"route_id":"40","stop_id":"142129","stop_lat":33.980352,"stop_lon":-118.331012,"stop_sequence":49,"segment_first_lat":33.9803494906,"segment_first_lon":-118.330862323,"segment_second_lat":33.9796789875,"segment_second_lon":-118.3308712183,"segment_sequence":490001,"segment_id":25,"segment_len_meter":74.56105445672247,"segment_cum_len":18030.422757279866,"stop_segment_distance":15.195969721525756}
{"route_id":"45","stop_id":"11902","stop_lat":34.06902,"stop_lon":-118.233272,"stop_sequence":11,"segment_first_lat":34.0694892917,"segment_first_lon":-118.2323486531,"segment_second_lat":34.0689210862,"segment_second_lon":-118.2331761955,"segment_sequence":100007,"segment_id":5,"segment_len_meter":99.0055570316063,"segment_cum_len":2748.555568029464,"stop_segment_distance":14.877385750530223}
{"route_id":"51","stop_id":"253","stop_lat":33.991717,"stop_lon":-118.26534,"stop_sequence":44,"segment_first_lat":33.9924703865,"segment_first_lon":-118.265190297,"segment_second_lat":33.9917174779,"segment_second_lon":-118.2651879123,"segment_sequence":430004,"segment_id":22,"segment_len_meter":83.71990522166564,"segment_cum_len":11484.882595657537,"stop_segment_distance":15.203790637407735}
{"route_id":"603","stop_id":"7256","stop_lat":34.033546,"stop_lon":-118.266284,"stop_sequence":66,"segment_first_lat":34.0336027908,"segment_first_lon":-118.2662348987,"segment_second_lat":34.0332860789,"segment_second_lon":-118.2656826991,"segment_sequence":660001,"segment_id":33,"segment_len_meter":61.88243972774309,"segment_cum_len":20148.233684015773,"stop_segment_distance":8.37983873356616}
{"route_id":"687","stop_id":"11831","stop_lat":34.17514,"stop_lon":-118.112659,"stop_sequence":2,"segment_first_lat":34.1752637442,"segment_first_lon":-118.1124906113,"segment_second_lat":34.1751271597,"segment_second_lon":-118.1125069582,"segment_sequence":10006,"segment_id":1,"segment_len_meter":15.261773701368728,"segment_cum_len":1010.0129902354572,"stop_segment_distance":19.51730982802452}
{"route_id":"70","stop_id":"4486","stop_lat":34.058802,"stop_lon":-118.216415,"stop_sequence":19,"segment_first_lat":34.0586613645,"segment_first_lon":-118.2168046048,"segment_second_lat":34.0588904954,"segment_second_lon":-118.2165212647,"segment_sequence":180005,"segment_id":9,"segment_len_meter":36.47505397040774,"segment_cum_len":6741.018541705211,"stop_segment_distance":16.554730305131116}
{"route_id":"78","stop_id":"3265","stop_lat":34.065565,"stop_lon":-118.206808,"stop_sequence":21,"segment_first_lat":34.0656753847,"segment_first_lon":-118.2068852827,"segment_second_lat":34.0660112892,"segment_second_lon":-118.2061752279,"segment_sequence":210001,"segment_id":11,"segment_len_meter":75.31906841787524,"segment_cum_len":7791.641039577052,"stop_segment_distance":15.420729545200274}
{"route_id":"81","stop_id":"13456","stop_lat":33.956906,"stop_lon":-118.282842,"stop_sequence":90,"segment_first_lat":33.9573734845,"segment_first_lon":-118.2826881486,"segment_second_lat":33.9569063466,"segment_second_lon":-118.2826892101,"segment_sequence":890004,"segment_id":45,"segment_len_meter":51.94345678847518,"segment_cum_len":28472.150525217872,"stop_segment_distance":16.032513912464786}
{"route_id":"92","stop_id":"1573","stop_lat":34.183072,"stop_lon":-118.306544,"stop_sequence":70,"segment_first_lat":34.1829904071,"segment_first_lon":-118.3064322643,"segment_second_lat":34.1820395639,"segment_second_lon":-118.3074365768,"segment_sequence":700001,"segment_id":35,"segment_len_meter":140.40375099946726,"segment_cum_len":21243.54251366506,"stop_segment_distance":14.446235735800173}
{"route_id":"94","stop_id":"12350","stop_lat":34.110197,"stop_lon":-118.24308,"stop_sequence":75,"segment_first_lat":34.1102672029,"segment_first_lon":-118.2429492132,"segment_second_lat":34.1092235121,"segment_second_lon":-118.2421516776,"segment_sequence":750001,"segment_id":38,"segment_len_meter":137.33038117642633,"segment_cum_len":30724.24926342743,"stop_segment_distance":14.939492334339889}
{"route_id":"94","stop_id":"14984","stop_lat":34.286889,"stop_lon":-118.445156,"stop_sequence":3,"segment_first_lat":34.2880142723,"segment_first_lon":-118.4461456136,"segment_second_lat":34.2869705669,"segment_second_lon":-118.4450402487,"segment_sequence":20006,"segment_id":1,"segment_len_meter":154.21233246212697,"segment_cum_len":1081.5004097244484,"stop_segment_distance":14.432297028406964}
