{"route_id":"108","stop_id":"7984","stop_lat":33.989084,"stop_lon":-118.274152,"stop_sequence":41,"segment_first_lat":33.9892061245,"segment_first_lon":-118.2761287199,"segment_second_lat":33.989213103,"segment_second_lon":-118.2741527533,"segment_sequence":400004,"segment_id":20,"segment_len_meter":182.1788187858684,"segment_cum_len":14091.517619730512,"stop_segment_distance":14.928928302230702}
{"route_id":"120","stop_id":"14865","stop_lat":33.938833,"stop_lon":-118.044226,"stop_sequence":20,"segment_first_lat":33.9383904474,"segment_first_lon":-118.04376393,"segment_second_lat":33.9387661592,"segment_second_lon":-118.0442919465,"segment_sequence":190002,"segment_id":10,"segment_len_meter":64.1718522195783,"segment_cum_len":7295.9052364875515,"stop_segment_distance":10.537475357481455}
{"route_id":"125","stop_id":"17355","stop_lat":33.902301,"stop_lon":-118.262206,"stop_sequence":37,"segment_first_lat":33.9023892202,"segment_first_lon":-118.263185085,"segment_second_lat":33.9024265109,"segment_second_lon":-118.2622130599,"segment_sequence":360011,"segment_id":18,"segment_len_meter":89.80450979938907,"segment_cum_len":14835.614714743548,"stop_segment_distance":15.058139088884474}
{"route_id":"152","stop_id":"13003","stop_lat":34.22118,"stop_lon":-118.514592,"stop_sequence":57,"segment_first_lat":34.2210579937,"segment_first_lon":-118.5142601245,"segment_second_lat":34.22105329,"segment_second_lon":-118.514590896,"segment_sequence":560004,"segment_id":28,"segment_len_meter":30.417014478254963,"segment_cum_len":22963.06115161617,"stop_segment_distance":17.066776929616246}
{"route_id":"152","stop_id":"13021","stop_lat":34.221516,"stop_lon":-118.4733,"stop_sequence":48,"segment_first_lat":34.2213872565,"segment_first_lon":-118.4733023187,"segment_second_lat":34.2213911859,"segment_second_lon":-118.4737026103,"segment_sequence":480001,"segment_id":24,"segment_len_meter":36.80693429107806,"segment_cum_len":19156.153923632406,"stop_segment_distance":17.04398008039403}
{"route_id":"152","stop_id":"13036","stop_lat":34.221801,"stop_lon":-118.428607,"stop_sequence":38,"segment_first_lat":34.221674821,"segment_first_lon":-118.4278054544,"segment_second_lat":34.2216741864,"segment_second_lon":-118.428605991,"segment_sequence":370003,"segment_id":19,"segment_len_meter":73.60418165765978,"segment_cum_len":15009.537295933735,"stop_segment_distance":15.51769370195052}
{"route_id":"16","stop_id":"15623","stop_lat":34.058359,"stop_lon":-118.261388,"stop_sequence":12,"segment_first_lat":34.058144834,"segment_first_lon":-118.2612022296,"segment_second_lat":34.0582423908,"segment_second_lon":-118.2614527906,"segment_sequence":110002,"segment_id":6,"segment_len_meter":25.504064658602093,"segment_cum_len":3255.4284396657504,"stop_segment_distance":18.095555785995085}
{"route_id":"165","stop_id":"3035","stop_lat":34.192663,"stop_lon":-118.351678,"stop_sequence":70,"segment_first_lat":34.1927661119,"segment_first_lon":-118.3516487464,"segment_second_lat":34.1924535455,"segment_second_lon":-118.3500836217,"segment_sequence":700001,"segment_id":35,"segment_len_meter":148.08897358746347,"segment_cum_len":27567.967715778337,"stop_segment_distance":12.169400602725716}
{"route_id":"166","stop_id":"12515","stop_lat":34.235469,"stop_lon":-118.476492,"stop_sequence":40,"segment_first_lat":34.2356124573,"segment_first_lon":-118.4803806049,"segment_second_lat":34.2355937521,"segment_second_lon":-118.4764929219,"segment_sequence":390001,"segment_id":20,"segment_len_meter":357.39417469380385,"segment_cum_len":17194.446893224234,"stop_segment_distance":14.306755077950754}
{"route_id":"166","stop_id":"12541","stop_lat":34.235375,"stop_lon":-118.540112,"stop_sequence":25,"segment_first_lat":34.2355013153,"segment_first_lon":-118.540113003,"segment_second_lat":34.2354966402,"segment_second_lon":-118.538634037,"segment_sequence":250001,"segment_id":13,"segment_len_meter":135.9600047718967,"segment_cum_len":11479.000823012278,"stop_segment_distance":14.624423594828102}
{"route_id":"167","stop_id":"12543","stop_lat":34.235986,"stop_lon":-118.523004,"stop_sequence":24,"segment_first_lat":34.2357047299,"segment_first_lon":-118.5231445711,"segment_second_lat":34.2359791727,"segment_second_lon":-118.5231615104,"segment_sequence":230010,"segment_id":12,"segment_len_meter":30.556351332983677,"segment_cum_len":9778.703490549015,"stop_segment_distance":17.783426407166264}
{"route_id":"18","stop_id":"8314","stop_lat":34.023803,"stop_lon":-118.177716,"stop_sequence":52,"segment_first_lat":34.0239284666,"segment_first_lon":-118.1777164474,"segment_second_lat":34.0239261741,"segment_second_lon":-118.1759046464,"segment_sequence":520001,"segment_id":26,"segment_len_meter":166.97359560144025,"segment_cum_len":14669.146546780123,"stop_segment_distance":14.47093813561159}
{"route_id":"180","stop_id":"3670","stop_lat":34.157962,"stop_lon":-118.132327,"stop_sequence":79,"segment_first_lat":34.1579621289,"segment_first_lon":-118.1324796027,"segment_second_lat":34.1598471526,"segment_second_lon":-118.1324948218,"segment_sequence":790001,"segment_id":40,"segment_len_meter":209.60974971862169,"segment_cum_len":24368.116342741454,"stop_segment_distance":14.619078058842604}
{"route_id":"2","stop_id":"6423","stop_lat":34.086417,"stop_lon":-118.402565,"stop_sequence":22,"segment_first_lat":34.0865338541,"segment_first_lon":-118.4028956919,"segment_second_lat":34.0865423632,"segment_second_lon":-118.4025687689,"segment_sequence":210013,"segment_id":11,"segment_len_meter":30.121449250221396,"segment_cum_len":6806.998910725687,"stop_segment_distance":16.932445346150523}
{"route_id":"210","stop_id":"13372","stop_lat":33.949258,"stop_lon":-118.32663,"stop_sequence":63,"segment_first_lat":33.9520776994,"segment_first_lon":-118.3264799168,"segment_second_lat":33.9492584043,"segment_second_lon":-118.3264775017,"segment_sequence":620001,"segment_id":31,"segment_len_meter":313.49139098173856,"segment_cum_len":20788.70974140233,"stop_segment_distance":14.416823926883467}
{"route_id":"243","stop_id":"16798","stop_lat":34.227958,"stop_lon":-118.571222,"stop_sequence":23,"segment_first_lat":34.227945053,"segment_first_lon":-118.5710693652,"segment_second_lat":34.2270245311,"segment_second_lon":-118.5710630689,"segment_sequence":230002,"segment_id":12,"segment_len_meter":102.35900196369475,"segment_cum_len":11161.328462033744,"stop_segment_distance":16.567801587797106}
{"route_id":"243","stop_id":"9384","stop_lat":34.235619,"stop_lon":-118.562417,"stop_sequence":19,"segment_first_lat":34.2365676797,"segment_first_lon":-118.5623373238,"segment_second_lat":34.2356225884,"segment_second_lon":-118.5622962175,"segment_sequence":180008,"segment_id":9,"segment_len_meter":105.15727519759365,"segment_cum_len":9417.164493826844,"stop_segment_distance":11.695566788323134}
{"route_id":"245","stop_id":"14956","stop_lat":34.239374,"stop_lon":-118.605959,"stop_sequence":18,"segment_first_lat":34.2393763419,"segment_first_lon":-118.606110071,"segment_second_lat":34.2401925557,"segment_second_lon":-118.6060938285,"segment_sequence":180001,"segment_id":9,"segment_len_meter":90.77111402735544,"segment_cum_len":7596.044499313517,"stop_segment_distance":14.977603181439235}
{"route_id":"256","stop_id":"10152","stop_lat":34.072664,"stop_lon":-118.180287,"stop_sequence":32,"segment_first_lat":34.0726696653,"segment_first_lon":-118.1804075288,"segment_second_lat":34.0728068012,"segment_second_lon":-118.180395937,"segment_sequence":320001,"segment_id":16,"segment_len_meter":15.286148054406992,"segment_cum_len":9488.005821453733,"stop_segment_distance":14.616379562880065}
{"route_id":"256","stop_id":"10633","stop_lat":34.135656,"stop_lon":-118.150037,"stop_sequence":81,"segment_first_lat":34.1357838736,"segment_first_lon":-118.1500370944,"segment_second_lat":34.1357860998,"segment_second_lon":-118.1495711512,"segment_sequence":810001,"segment_id":41,"segment_len_meter":42.88480079745517,"segment_cum_len":25203.652034953804,"stop_segment_distance":16.584294768118497}
{"route_id":"260","stop_id":"9316","stop_lat":34.145504,"stop_lon":-118.150603,"stop_sequence":13,"segment_first_lat":34.1457817615,"segment_first_lon":-118.1504549467,"segment_second_lat":34.1455069774,"segment_second_lon":-118.150452469,"segment_sequence":120009,"segment_id":6,"segment_len_meter":30.55544860805314,"segment_cum_len":4220.693016399783,"stop_segment_distance":17.05873022308115}
{"route_id":"265","stop_id":"2624","stop_lat":33.921698,"stop_lon":-118.146971,"stop_sequence":34,"segment_first_lat":33.9215916944,"segment_first_lon":-118.1470506211,"segment_second_lat":33.9219088585,"segment_second_lon":-118.1476731622,"segment_sequence":340001,"segment_id":17,"segment_len_meter":67.40403495553963,"segment_cum_len":12908.961088035796,"stop_segment_distance":15.413832074621965}
{"route_id":"267","stop_id":"5247","stop_lat":34.144834,"stop_lon":-118.141282,"stop_sequence":51,"segment_first_lat":34.1448308971,"segment_first_lon":-118.1414333716,"segment_second_lat":34.1451798676,"segment_second_lon":-118.1414412331,"segment_sequence":510001,"segment_id":26,"segment_len_meter":38.81049289140419,"segment_cum_len":17296.9087962977,"stop_segment_distance":16.279974279913027}
{"route_id":"267","stop_id":"6527","stop_lat":34.113731,"stop_lon":-118.062105,"stop_sequence":18,"segment_first_lat":34.1102720381,"segment_first_lon":-118.0616073314,"segment_second_lat":34.1137109371,"segment_second_lon":-118.062255081,"segment_sequence":170002,"segment_id":9,"segment_len_meter":387.0101641076278,"segment_cum_len":6473.937260800454,"stop_segment_distance":14.323734739334043}
{"route_id":"28","stop_id":"16156","stop_lat":34.057202,"stop_lon":-118.339851,"stop_sequence":80,"segment_first_lat":34.0570519083,"segment_first_lon":-118.3383942888,"segment_second_lat":34.0570750143,"segment_second_lon":-118.3398536437,"segment_sequence":790006,"segment_id":40,"segment_len_meter":134.46440653319112,"segment_cum_len":25568.101744998392,"stop_segment_distance":14.887888257223096}
{"route_id":"40","stop_id":"9954","stop_lat":33.969126,"stop_lon":-118.348906,"stop_sequence":55,"segment_first_lat":33.9690991021,"segment_first_lon":-118.3486519644,"segment_second_lat":33.9690355397,"segment_second_lon":-118.3487770248,"segment_sequence":540004,"segment_id":27,"segment_len_meter":13.526304406786425,"segment_cum_len":20415.681161965073,"stop_segment_distance":25.667553841078274}
{"route_id":"45","stop_id":"13250","stop_lat":33.977506,"stop_lon":-118.278452,"stop_sequence":43,"segment_first_lat":33.9781959515,"segment_first_lon":-118.278302329,"segment_second_lat":33.9775062442,"segment_second_lon":-118.2783000368,"segment_sequence":420008,"segment_id":21,"segment_len_meter":76.69224388161382,"segment_cum_len":14403.186257539728,"stop_segment_distance":15.27073515087315}
{"route_id":"51","stop_id":"5479","stop_lat":34.035434,"stop_lon":-118.252206,"stop_sequence":25,"segment_first_lat":34.0358770313,"segment_first_lon":-118.2517093626,"segment_second_lat":34.0353673577,"segment_second_lon":-118.2520778304,"segment_sequence":240006,"segment_id":12,"segment_len_meter":66.06541980606495,"segment_cum_len":6319.929217303711,"stop_segment_distance":15.116300174068996}
{"route_id":"51","stop_id":"5496","stop_lat":34.037556,"stop_lon":-118.250242,"stop_sequence":24,"segment_first_lat":34.0384791779,"segment_first_lon":-118.2490996919,"segment_second_lat":34.0374732606,"segment_second_lon":-118.2501258603,"segment_sequence":230005,"segment_id":12,"segment_len_meter":146.46391771483556,"segment_cum_len":6023.600234231113,"stop_segment_distance":14.67411631021156}
{"route_id":"51","stop_id":"8473","stop_lat":34.062257,"stop_lon":-118.289494,"stop_sequence":1,"segment_first_lat":34.0622570969,"segment_first_lon":-118.2894940824,"segment_second_lat":34.0622588469,"segment_second_lon":-118.2899101021,"segment_sequence":10001,"segment_id":1,"segment_len_meter":38.323044431890615,"segment_cum_len":38.323044431890615,"stop_segment_distance":0.0208265389391471}
{"route_id":"60","stop_id":"12701","stop_lat":33.966414,"stop_lon":-118.225335,"stop_sequence":43,"segment_first_lat":33.9664140699,"segment_first_lon":-118.2251832513,"segment_second_lat":33.9658590064,"segment_second_lon":-118.2251817589,"segment_sequence":430001,"segment_id":22,"segment_len_meter":61.72039861847532,"segment_cum_len":13209.536030709976,"stop_segment_distance":15.583973597237723}
{"route_id":"603","stop_id":"7403","stop_lat":34.058135,"stop_lon":-118.280252,"stop_sequence":47,"segment_first_lat":34.0578640169,"segment_first_lon":-118.2798417383,"segment_second_lat":34.0580676867,"segment_second_lon":-118.2802930784,"segment_sequence":460004,"segment_id":23,"segment_len_meter":47.345975516143994,"segment_cum_len":14763.366968135659,"stop_segment_distance":9.376684754771503}
{"route_id":"611","stop_id":"12711","stop_lat":34.00384,"stop_lon":-118.229735,"stop_sequence":45,"segment_first_lat":34.0039677489,"segment_first_lon":-118.2302300553,"segment_second_lat":34.0039686919,"segment_second_lon":-118.2297351491,"segment_sequence":440004,"segment_id":22,"segment_len_meter":45.62080434510188,"segment_cum_len":13396.583944131502,"stop_segment_distance":16.483304128168307}
{"route_id":"62","stop_id":"5805","stop_lat":33.907601,"stop_lon":-118.077155,"stop_sequence":56,"segment_first_lat":33.9079967098,"segment_first_lon":-118.0766151335,"segment_second_lat":33.9075268382,"segment_second_lon":-118.0770339027,"segment_sequence":550005,"segment_id":28,"segment_len_meter":64.98691089899879,"segment_cum_len":28779.258937875173,"stop_segment_distance":15.37168749782839}
{"route_id":"62","stop_id":"9744","stop_lat":34.044344,"stop_lon":-118.248787,"stop_sequence":7,"segment_first_lat":34.0444266303,"segment_first_lon":-118.2487153373,"segment_second_lat":34.0439252039,"segment_second_lon":-118.2478846435,"segment_sequence":70001,"segment_id":4,"segment_len_meter":94.69278777560734,"segment_cum_len":3172.9321011760653,"stop_segment_distance":11.91535349157354}
{"route_id":"76","stop_id":"142042","stop_lat":34.064171,"stop_lon":-118.19435,"stop_sequence":45,"segment_first_lat":34.0640457799,"segment_first_lon":-118.1943854146,"segment_second_lat":34.0644586092,"segment_second_lon":-118.196531207,"segment_sequence":450001,"segment_id":23,"segment_len_meter":202.9200749124205,"segment_cum_len":16269.205000058313,"stop_segment_distance":14.831776924552258}
{"route_id":"794","stop_id":"5834","stop_lat":34.233437,"stop_lon":-118.38734,"stop_sequence":31,"segment_first_lat":34.2303476046,"segment_first_lon":-118.3842722237,"segment_second_lat":34.2333524408,"segment_second_lon":-118.3874555717,"segment_sequence":300006,"segment_id":15,"segment_len_meter":444.16613751100857,"segment_cum_len":31786.455619756598,"stop_segment_distance":14.486642460865312}
{"route_id":"83","stop_id":"13700","stop_lat":34.039265,"stop_lon":-118.258176,"stop_sequence":53,"segment_first_lat":34.0396675089,"segment_first_lon":-118.2576688086,"segment_second_lat":34.0391951602,"segment_second_lon":-118.2580502449,"segment_sequence":520007,"segment_id":26,"segment_len_meter":63.19734049047771,"segment_cum_len":15864.552414420477,"stop_segment_distance":15.460342064264673}
{"route_id":"96","stop_id":"13562","stop_lat":34.048933,"stop_lon":-118.255274,"stop_sequence":49,"segment_first_lat":34.0499951488,"segment_first_lon":-118.2541438916,"segment_second_lat":34.048859251,"segment_second_lon":-118.2551525782,"segment_sequence":480001,"segment_id":24,"segment_len_meter":156.81029857311745,"segment_cum_len":23261.94466979036,"stop_segment_distance":14.507083906665088}
