{"route_id":"10","stop_id":"11713","stop_lat":34.083585,"stop_lon":-118.341431,"stop_sequence":52,"segment_first_lat":34.0834610225,"segment_first_lon":-118.340614767,"segment_second_lat":34.0834587198,"segment_second_lon":-118.3414304845,"segment_sequence":510003,"segment_id":26,"segment_len_meter":75.12320592946155,"segment_cum_len":14244.883852365789,"stop_segment_distance":15.342422208511621}
{"route_id":"110","stop_id":"7657","stop_lat":33.982274,"stop_lon":-118.282898,"stop_sequence":39,"segment_first_lat":33.982367306,"segment_first_lon":-118.2864767932,"segment_second_lat":33.98237575,"segment_second_lon":-118.2828979002,"segment_sequence":380002,"segment_id":19,"segment_len_meter":329.98922356517966,"segment_cum_len":14252.814400314881,"stop_segment_distance":11.466814128848625}
{"route_id":"117","stop_id":"7564","stop_lat":33.945362,"stop_lon":-118.299928,"stop_sequence":24,"segment_first_lat":33.945491067,"segment_first_lon":-118.2999281205,"segment_second_lat":33.9454975991,"segment_second_lon":-118.2962848542,"segment_sequence":240001,"segment_id":12,"segment_len_meter":336.0698109355126,"segment_cum_len":10679.290367148014,"stop_segment_distance":14.67803535226426}
{"route_id":"120","stop_id":"11243","stop_lat":33.931385,"stop_lon":-118.203322,"stop_sequence":63,"segment_first_lat":33.9312714915,"segment_first_lon":-118.2032516126,"segment_second_lat":33.9308364744,"segment_second_lon":-118.2042470923,"segment_sequence":630001,"segment_id":32,"segment_len_meter":103.80203895251162,"segment_cum_len":26568.952638179944,"stop_segment_distance":15.294701875587677}
{"route_id":"125","stop_id":"9886","stop_lat":33.896301,"stop_lon":-118.215686,"stop_sequence":54,"segment_first_lat":33.8962949499,"segment_first_lon":-118.2158043679,"segment_second_lat":33.8982022903,"segment_second_lon":-118.2159203277,"segment_sequence":540001,"segment_id":27,"segment_len_meter":212.35645078288772,"segment_cum_len":20709.27008186436,"stop_segment_distance":11.106463861761227}
{"route_id":"150","stop_id":"7048","stop_lat":34.150278,"stop_lon":-118.445539,"stop_sequence":53,"segment_first_lat":34.1504005393,"segment_first_lon":-118.4455104181,"segment_second_lat":34.1502458854,"segment_second_lon":-118.4446003356,"segment_sequence":530001,"segment_id":27,"segment_len_meter":85.49436327161239,"segment_cum_len":19190.705099540464,"stop_segment_distance":14.833891126191986}
{"route_id":"16","stop_id":"15730","stop_lat":34.05359,"stop_lon":-118.260653,"stop_sequence":8,"segment_first_lat":34.0531792117,"segment_first_lon":-118.2600312598,"segment_second_lat":34.0534769672,"segment_second_lon":-118.2607211762,"segment_sequence":70020,"segment_id":4,"segment_len_meter":71.6662500366138,"segment_cum_len":2508.769117995544,"stop_segment_distance":15.64636825960892}
{"route_id":"164","stop_id":"7155","stop_lat":34.186587,"stop_lon":-118.618846,"stop_sequence":77,"segment_first_lat":34.1864566641,"segment_first_lon":-118.6170225977,"segment_second_lat":34.1864599962,"segment_second_lon":-118.6188445885,"segment_sequence":760002,"segment_id":38,"segment_len_meter":167.59064540583213,"segment_cum_len":30598.621166263674,"stop_segment_distance":14.877064365321985}
{"route_id":"169","stop_id":"14950","stop_lat":34.160765,"stop_lon":-118.605974,"stop_sequence":11,"segment_first_lat":34.1607652759,"segment_first_lon":-118.6058208169,"segment_second_lat":34.1602432017,"segment_second_lon":-118.6058147177,"segment_sequence":110001,"segment_id":6,"segment_len_meter":58.05471481477232,"segment_cum_len":4090.16615730035,"stop_segment_distance":15.883321422716925}
{"route_id":"176","stop_id":"6698","stop_lat":34.078868,"stop_lon":-118.053001,"stop_sequence":41,"segment_first_lat":34.0790274852,"segment_first_lon":-118.052783569,"segment_second_lat":34.0788293347,"segment_second_lon":-118.0528508116,"segment_sequence":400004,"segment_id":20,"segment_len_meter":22.8871278881334,"segment_cum_len":15776.177731976753,"stop_segment_distance":18.346707270786197}
{"route_id":"18","stop_id":"7343","stop_lat":34.053999,"stop_lon":-118.262341,"stop_sequence":22,"segment_first_lat":34.0543382545,"segment_first_lon":-118.2628278302,"segment_second_lat":34.0541097349,"segment_second_lon":-118.2622747928,"segment_sequence":210004,"segment_id":11,"segment_len_meter":56.934049511933864,"segment_cum_len":5107.701173455866,"stop_segment_distance":15.412027506146615}
{"route_id":"2","stop_id":"11426","stop_lat":34.063594,"stop_lon":-118.446732,"stop_sequence":1,"segment_first_lat":34.0636651084,"segment_first_lon":-118.4467287702,"segment_second_lat":34.0636633497,"segment_second_lon":-118.4466098971,"segment_sequence":10001,"segment_id":1,"segment_len_meter":10.951815952417052,"segment_cum_len":10.951815952417052,"stop_segment_distance":10.59786293117408}
{"route_id":"202","stop_id":"6435","stop_lat":33.858854,"stop_lon":-118.204236,"stop_sequence":31,"segment_first_lat":33.8588126133,"segment_first_lon":-118.2041349086,"segment_second_lat":33.855878367,"segment_second_lon":-118.2058199991,"segment_sequence":310001,"segment_id":16,"segment_len_meter":361.47704162652224,"segment_cum_len":13146.183349336203,"stop_segment_distance":10.692630087321334}
{"route_id":"204","stop_id":"2410","stop_lat":33.963505,"stop_lon":-118.291484,"stop_sequence":16,"segment_first_lat":33.9627599547,"segment_first_lon":-118.2916399967,"segment_second_lat":33.9635046241,"segment_second_lon":-118.2916399515,"segment_sequence":150007,"segment_id":8,"segment_len_meter":82.80345941232147,"segment_cum_len":4393.187889248711,"stop_segment_distance":15.664296689407479}
{"route_id":"210","stop_id":"15537","stop_lat":34.090951,"stop_lon":-118.326777,"stop_sequence":8,"segment_first_lat":34.0916553557,"segment_first_lon":-118.3266274983,"segment_second_lat":34.0909519059,"segment_second_lon":-118.3266247508,"segment_sequence":70003,"segment_id":4,"segment_len_meter":78.22045808432037,"segment_cum_len":1781.0740495803907,"stop_segment_distance":15.321445069407375}
{"route_id":"210","stop_id":"9439","stop_lat":33.994707,"stop_lon":-118.330944,"stop_sequence":47,"segment_first_lat":33.9947072822,"segment_first_lon":-118.3307907305,"segment_second_lat":33.9931327411,"segment_second_lon":-118.3307957261,"segment_sequence":470001,"segment_id":24,"segment_len_meter":175.08158785298448,"segment_cum_len":15727.95132256929,"stop_segment_distance":14.630959522993606}
{"route_id":"212","stop_id":"12142","stop_lat":33.970994,"stop_lon":-118.357426,"stop_sequence":52,"segment_first_lat":33.971310144,"segment_first_lon":-118.3574407564,"segment_second_lat":33.9710629875,"segment_second_lon":-118.3572968935,"segment_sequence":510008,"segment_id":26,"segment_len_meter":30.51703785377715,"segment_cum_len":17522.66386312525,"stop_segment_distance":18.82591794230291}
{"route_id":"212","stop_id":"13644","stop_lat":34.07125,"stop_lon":-118.344174,"stop_sequence":19,"segment_first_lat":34.0735809458,"segment_first_lon":-118.344035185,"segment_second_lat":34.07125078,"segment_second_lon":-118.3440226293,"segment_sequence":180002,"segment_id":9,"segment_len_meter":259.10519600367303,"segment_cum_len":5436.524917381937,"stop_segment_distance":14.341944622596088}
{"route_id":"232","stop_id":"17427","stop_lat":33.789602,"stop_lon":-118.304113,"stop_sequence":36,"segment_first_lat":33.7894705852,"segment_first_lon":-118.3027339238,"segment_second_lat":33.7894745288,"segment_second_lon":-118.3041128528,"segment_sequence":350003,"segment_id":18,"segment_len_meter":127.43119769239932,"segment_cum_len":14116.065233978845,"stop_segment_distance":15.021915645818623}
{"route_id":"233","stop_id":"6788","stop_lat":34.271105,"stop_lon":-118.414991,"stop_sequence":47,"segment_first_lat":34.2703914919,"segment_first_lon":-118.416198979,"segment_second_lat":34.2712007069,"segment_second_lon":-118.4150898696,"segment_sequence":460002,"segment_id":23,"segment_len_meter":135.95353028996269,"segment_cum_len":14915.217774029685,"stop_segment_distance":14.478953086463349}
{"route_id":"234","stop_id":"14547","stop_lat":34.193661,"stop_lon":-118.466326,"stop_sequence":55,"segment_first_lat":34.1936611119,"segment_first_lon":-118.4661795246,"segment_second_lat":34.1930235949,"segment_second_lon":-118.466180596,"segment_sequence":550001,"segment_id":28,"segment_len_meter":70.88872454032584,"segment_cum_len":20752.373613650296,"stop_segment_distance":14.710100708429735}
{"route_id":"243","stop_id":"20331","stop_lat":34.275435,"stop_lon":-118.570448,"stop_sequence":4,"segment_first_lat":34.2753468539,"segment_first_lon":-118.570428201,"segment_second_lat":34.2753127148,"segment_second_lon":-118.570675237,"segment_sequence":40001,"segment_id":2,"segment_len_meter":23.014115891730505,"segment_cum_len":2690.5983241345416,"stop_segment_distance":11.871572682194277}
{"route_id":"251","stop_id":"13948","stop_lat":34.009071,"stop_lon":-118.21987,"stop_sequence":25,"segment_first_lat":34.0099144436,"segment_first_lon":-118.2197371029,"segment_second_lat":34.0090736323,"segment_second_lon":-118.2197183978,"segment_sequence":240004,"segment_id":12,"segment_len_meter":93.50984693771147,"segment_cum_len":10118.607121286539,"stop_segment_distance":15.050389753842452}
{"route_id":"267","stop_id":"7503","stop_lat":34.19661,"stop_lon":-118.154191,"stop_sequence":80,"segment_first_lat":34.197010107,"segment_first_lon":-118.155011696,"segment_second_lat":34.1967284729,"segment_second_lon":-118.1541334951,"segment_sequence":790004,"segment_id":40,"segment_len_meter":86.62726827843696,"segment_cum_len":25933.627060131945,"stop_segment_distance":15.184345632270109}
{"route_id":"51","stop_id":"252","stop_lat":33.993525,"stop_lon":-118.265339,"stop_sequence":43,"segment_first_lat":33.9941493396,"segment_first_lon":-118.2651857179,"segment_second_lat":33.9935255737,"segment_second_lon":-118.2651863814,"segment_sequence":420007,"segment_id":21,"segment_len_meter":69.3596304669462,"segment_cum_len":11283.796152318384,"stop_segment_distance":15.55772666662294}
{"route_id":"55","stop_id":"4998","stop_lat":34.055244,"stop_lon":-118.254151,"stop_sequence":64,"segment_first_lat":34.0553249256,"segment_first_lon":-118.2542700192,"segment_second_lat":34.0564383761,"segment_second_lon":-118.2532172653,"segment_sequence":640001,"segment_id":32,"segment_len_meter":157.27307975775653,"segment_cum_len":19720.006687048935,"stop_segment_distance":15.14360034288373}
{"route_id":"55","stop_id":"7472","stop_lat":34.025809,"stop_lon":-118.270533,"stop_sequence":49,"segment_first_lat":34.0253439679,"segment_first_lon":-118.2697497815,"segment_second_lat":34.0257207475,"segment_second_lon":-118.2705882699,"segment_sequence":480003,"segment_id":24,"segment_len_meter":87.89955116727754,"segment_cum_len":14413.893239425292,"stop_segment_distance":11.946795602837227}
{"route_id":"71","stop_id":"3264","stop_lat":34.054467,"stop_lon":-118.225087,"stop_sequence":17,"segment_first_lat":34.0545797876,"segment_first_lon":-118.2251564413,"segment_second_lat":34.0550760679,"segment_second_lon":-118.223965969,"segment_sequence":170001,"segment_id":9,"segment_len_meter":122.77345776815176,"segment_cum_len":5924.8856061960605,"stop_segment_distance":14.806353698429547}
{"route_id":"90","stop_id":"14222","stop_lat":34.122532,"stop_lon":-118.253834,"stop_sequence":71,"segment_first_lat":34.1228232975,"segment_first_lon":-118.2539337874,"segment_second_lat":34.1226160131,"segment_second_lon":-118.2537170711,"segment_sequence":700010,"segment_id":35,"segment_len_meter":30.483096493172333,"segment_cum_len":22103.310066702918,"stop_segment_distance":17.437075502320468}
{"route_id":"90","stop_id":"17783","stop_lat":34.204843,"stop_lon":-118.225512,"stop_sequence":39,"segment_first_lat":34.205036213,"segment_first_lon":-118.2252313456,"segment_second_lat":34.2047856295,"segment_second_lon":-118.2253666009,"segment_sequence":380008,"segment_id":19,"segment_len_meter":30.513813701999783,"segment_cum_len":12157.702928866658,"stop_segment_distance":17.882490394342316}
{"route_id":"92","stop_id":"3584","stop_lat":34.204965,"stop_lon":-118.337433,"stop_sequence":83,"segment_first_lat":34.2046554363,"segment_first_lon":-118.3370575843,"segment_second_lat":34.2048531372,"segment_second_lon":-118.3375045422,"segment_sequence":820011,"segment_id":41,"segment_len_meter":46.61260118361103,"segment_cum_len":25872.305732740857,"stop_segment_distance":16.210904954599947}
{"route_id":"92","stop_id":"4748","stop_lat":34.14088,"stop_lon":-118.254825,"stop_sequence":45,"segment_first_lat":34.1408801488,"segment_first_lon":-118.2549777757,"segment_second_lat":34.1415808483,"segment_second_lon":-118.2549822268,"segment_sequence":450001,"segment_id":23,"segment_len_meter":77.91530635277587,"segment_cum_len":13424.190447382914,"stop_segment_distance":15.4076247998279}
