{"route_id":"102","stop_id":"11283","stop_lat":33.987452,"stop_lon":-118.364378,"stop_sequence":20,"segment_first_lat":33.9875809619,"segment_first_lon":-118.3643719638,"segment_second_lat":33.9875588916,"segment_second_lon":-118.3636722012,"segment_sequence":200001,"segment_id":10,"segment_len_meter":64.56355173285596,"segment_cum_len":6471.027456453825,"stop_segment_distance":15.93720061099323}
{"route_id":"105","stop_id":"10253","stop_lat":34.004002,"stop_lon":-118.269447,"stop_sequence":12,"segment_first_lat":34.0038717589,"segment_first_lon":-118.2686940742,"segment_second_lat":34.0038678836,"segment_second_lon":-118.269446323,"segment_sequence":110005,"segment_id":6,"segment_len_meter":69.34406370340145,"segment_cum_len":3942.718648527524,"stop_segment_distance":16.46904033177495}
{"route_id":"105","stop_id":"5213","stop_lat":34.062478,"stop_lon":-118.37597,"stop_sequence":58,"segment_first_lat":34.0622052552,"segment_first_lon":-118.3761172567,"segment_second_lat":34.0624772855,"segment_second_lon":-118.3761204608,"segment_sequence":570003,"segment_id":29,"segment_len_meter":30.249829211536284,"segment_cum_len":20696.24600083362,"stop_segment_distance":16.83361353735265}
{"route_id":"108","stop_id":"1652","stop_lat":33.984906,"stop_lon":-118.154194,"stop_sequence":77,"segment_first_lat":33.9853987124,"segment_first_lon":-118.1578427347,"segment_second_lat":33.9850324969,"segment_second_lon":-118.154172966,"segment_sequence":760006,"segment_id":38,"segment_len_meter":340.79726693761006,"segment_cum_len":25195.189316885662,"stop_segment_distance":14.250156503369283}
{"route_id":"108","stop_id":"7964","stop_lat":33.988934,"stop_lon":-118.326659,"stop_sequence":25,"segment_first_lat":33.9890570751,"segment_first_lon":-118.3269760923,"segment_second_lat":33.9890595815,"segment_second_lon":-118.3266594161,"segment_sequence":240004,"segment_id":12,"segment_len_meter":29.197813237560627,"segment_cum_len":9250.506282635492,"stop_segment_distance":17.04575797257026}
{"route_id":"111","stop_id":"140730","stop_lat":33.949715,"stop_lon":-118.385774,"stop_sequence":2,"segment_first_lat":33.949716789,"segment_first_lon":-118.3859197814,"segment_second_lat":33.9517291787,"segment_second_lon":-118.3858792628,"segment_sequence":20001,"segment_id":1,"segment_len_meter":223.79873360110292,"segment_cum_len":1271.7822824295124,"stop_segment_distance":13.826321741769732}
{"route_id":"111","stop_id":"7507","stop_lat":33.952594,"stop_lon":-118.365855,"stop_sequence":8,"segment_first_lat":33.9526917769,"segment_first_lon":-118.3658553716,"segment_second_lat":33.9526906282,"segment_second_lon":-118.3656904973,"segment_sequence":80001,"segment_id":4,"segment_len_meter":15.207895829865851,"segment_cum_len":3234.6003941165322,"stop_segment_distance":14.25661434408972}
{"route_id":"115","stop_id":"1931","stop_lat":33.95603,"stop_lon":-118.224997,"stop_sequence":57,"segment_first_lat":33.9563286102,"segment_first_lon":-118.2256342773,"segment_second_lat":33.9561512775,"segment_second_lon":-118.2249502262,"segment_sequence":560006,"segment_id":28,"segment_len_meter":66.1011670883435,"segment_cum_len":16205.740143099612,"stop_segment_distance":15.56530828490655}
{"route_id":"120","stop_id":"11438","stop_lat":33.930441,"stop_lon":-117.996844,"stop_sequence":7,"segment_first_lat":33.9312235879,"segment_first_lon":-117.9931981833,"segment_second_lat":33.9303771289,"segment_second_lon":-117.9968217487,"segment_sequence":60003,"segment_id":3,"segment_len_meter":347.3063994014732,"segment_cum_len":2239.671827355036,"stop_segment_distance":7.522787082988941}
{"route_id":"150","stop_id":"4190","stop_lat":34.178917,"stop_lon":-118.605405,"stop_sequence":9,"segment_first_lat":34.1792197824,"segment_first_lon":-118.6053770269,"segment_second_lat":34.1789614953,"segment_second_lon":-118.6052637311,"segment_sequence":80014,"segment_id":4,"segment_len_meter":30.552748541184094,"segment_cum_len":2647.4592541878624,"stop_segment_distance":17.118643344906864}
{"route_id":"154","stop_id":"12658","stop_lat":34.179516,"stop_lon":-118.418428,"stop_sequence":41,"segment_first_lat":34.1794180637,"segment_first_lon":-118.4184271829,"segment_second_lat":34.1794152776,"segment_second_lon":-118.4198654273,"segment_sequence":410001,"segment_id":21,"segment_len_meter":132.30390569554908,"segment_cum_len":16156.412832310925,"stop_segment_distance":11.2881431309317}
{"route_id":"155","stop_id":"4509","stop_lat":34.152108,"stop_lon":-118.346629,"stop_sequence":38,"segment_first_lat":34.1522342562,"segment_first_lon":-118.3476477249,"segment_second_lat":34.152234706,"segment_second_lon":-118.3466297077,"segment_sequence":370004,"segment_id":19,"segment_len_meter":93.6771789439469,"segment_cum_len":14737.73213651694,"stop_segment_distance":15.199822925695187}
{"route_id":"164","stop_id":"8151","stop_lat":34.184751,"stop_lon":-118.343498,"stop_sequence":13,"segment_first_lat":34.1846078071,"segment_first_lon":-118.3425878855,"segment_second_lat":34.1846239042,"segment_second_lon":-118.343500556,"segment_sequence":120003,"segment_id":6,"segment_len_meter":83.97010969555573,"segment_cum_len":5046.017533044783,"stop_segment_distance":15.380831209570061}
{"route_id":"166","stop_id":"14942","stop_lat":34.256941,"stop_lon":-118.606186,"stop_sequence":4,"segment_first_lat":34.2572134833,"segment_first_lon":-118.6060321057,"segment_second_lat":34.2569387013,"segment_second_lon":-118.6060301104,"segment_sequence":30005,"segment_id":2,"segment_len_meter":30.554914616139783,"segment_cum_len":2166.3745806846687,"stop_segment_distance":17.211763072888203}
{"route_id":"169","stop_id":"16834","stop_lat":34.205085,"stop_lon":-118.483502,"stop_sequence":81,"segment_first_lat":34.2050842365,"segment_first_lon":-118.4836535929,"segment_second_lat":34.2057135009,"segment_second_lon":-118.4836549221,"segment_sequence":810001,"segment_id":41,"segment_len_meter":69.97111556674828,"segment_cum_len":33704.36037677191,"stop_segment_distance":15.256854829562002}
{"route_id":"176","stop_id":"4638","stop_lat":34.068892,"stop_lon":-118.066576,"stop_sequence":46,"segment_first_lat":34.0688272885,"segment_first_lon":-118.0643768545,"segment_second_lat":34.0688195016,"segment_second_lon":-118.0665759418,"segment_sequence":450002,"segment_id":23,"segment_len_meter":202.55981697842955,"segment_cum_len":17990.69632884118,"stop_segment_distance":8.192642627635792}
{"route_id":"183","stop_id":"3285","stop_lat":34.168023,"stop_lon":-118.370591,"stop_sequence":27,"segment_first_lat":34.1681340004,"segment_first_lon":-118.3724088603,"segment_second_lat":34.1681250225,"segment_second_lon":-118.3705905817,"segment_sequence":260007,"segment_id":13,"segment_len_meter":167.28809249755759,"segment_cum_len":11059.654021108085,"stop_segment_distance":11.757909445918443}
{"route_id":"2","stop_id":"7995","stop_lat":34.094341,"stop_lon":-118.282692,"stop_sequence":58,"segment_first_lat":34.0944387479,"segment_first_lon":-118.2825668701,"segment_second_lat":34.0937741289,"segment_second_lon":-118.281821463,"segment_sequence":580001,"segment_id":29,"segment_len_meter":100.86055518154997,"segment_cum_len":18484.26183847907,"stop_segment_distance":16.954786820786282}
{"route_id":"2","stop_id":"8047","stop_lat":34.095091,"stop_lon":-118.372794,"stop_sequence":32,"segment_first_lat":34.0952092378,"segment_first_lon":-118.3728418051,"segment_second_lat":34.0952536864,"segment_second_lon":-118.3726854408,"segment_sequence":320001,"segment_id":16,"segment_len_meter":15.222905509557306,"segment_cum_len":9813.999794837673,"stop_segment_distance":19.309983907709082}
{"route_id":"201","stop_id":"9076","stop_lat":34.12478,"stop_lon":-118.265541,"stop_sequence":27,"segment_first_lat":34.1248206706,"segment_first_lon":-118.2654707268,"segment_second_lat":34.1231209098,"segment_second_lon":-118.2640561314,"segment_sequence":270001,"segment_id":14,"segment_len_meter":229.5176902830571,"segment_cum_len":7068.462057323947,"stop_segment_distance":7.974180412524305}
{"route_id":"202","stop_id":"14298","stop_lat":33.790623,"stop_lon":-118.251079,"stop_sequence":47,"segment_first_lat":33.7909002387,"segment_first_lon":-118.2510141294,"segment_second_lat":33.7906260526,"segment_second_lon":-118.250992576,"segment_sequence":460007,"segment_id":23,"segment_len_meter":30.553094993613307,"segment_cum_len":23744.438627822197,"stop_segment_distance":8.845680462843326}
{"route_id":"204","stop_id":"5680","stop_lat":33.954852,"stop_lon":-118.291382,"stop_sequence":13,"segment_first_lat":33.9541649166,"segment_first_lon":-118.2915342303,"segment_second_lat":33.954851881,"segment_second_lon":-118.2915339833,"segment_sequence":120003,"segment_id":6,"segment_len_meter":76.38695946305137,"segment_cum_len":3429.9531831384543,"stop_segment_distance":15.310720655265015}
{"route_id":"205","stop_id":"17492","stop_lat":33.876075,"stop_lon":-118.235894,"stop_sequence":106,"segment_first_lat":33.8762393293,"segment_first_lon":-118.2332132087,"segment_second_lat":33.8761345368,"segment_second_lon":-118.236227258,"segment_sequence":1110002,"segment_id":56,"segment_len_meter":278.4976613768543,"segment_cum_len":42280.75463847208,"stop_segment_distance":1.134078036200492}
{"route_id":"232","stop_id":"2646","stop_lat":33.929357,"stop_lon":-118.3961,"stop_sequence":93,"segment_first_lat":33.9290888367,"segment_first_lon":-118.3962676255,"segment_second_lat":33.929362845,"segment_second_lon":-118.396253428,"segment_sequence":920004,"segment_id":46,"segment_len_meter":30.496476806700084,"segment_cum_len":37540.06144699435,"stop_segment_distance":17.264311633905923}
{"route_id":"233","stop_id":"11800","stop_lat":34.151713,"stop_lon":-118.446816,"stop_sequence":1,"segment_first_lat":34.1516445072,"segment_first_lon":-118.4468520389,"segment_second_lat":34.1517621597,"segment_second_lon":-118.4477318648,"segment_sequence":10002,"segment_id":1,"segment_len_meter":82.01157956611613,"segment_cum_len":83.74762788706272,"stop_segment_distance":10.749931595596394}
{"route_id":"234","stop_id":"20120","stop_lat":34.25018,"stop_lon":-118.467608,"stop_sequence":39,"segment_first_lat":34.2517413882,"segment_first_lon":-118.467435129,"segment_second_lat":34.2501777493,"segment_second_lon":-118.4674568166,"segment_sequence":380003,"segment_id":19,"segment_len_meter":173.88013886683788,"segment_cum_len":14372.061130292386,"stop_segment_distance":14.36171318919179}
{"route_id":"243","stop_id":"14842","stop_lat":34.246666,"stop_lon":-118.553411,"stop_sequence":62,"segment_first_lat":34.2466654868,"segment_first_lon":-118.5535636311,"segment_second_lat":34.2500178379,"segment_second_lon":-118.5535858641,"segment_sequence":620001,"segment_id":31,"segment_len_meter":372.7700360378925,"segment_cum_len":27648.206321021797,"stop_segment_distance":14.31311709564136}
{"route_id":"245","stop_id":"6574","stop_lat":34.212707,"stop_lon":-118.605815,"stop_sequence":11,"segment_first_lat":34.211667062,"segment_first_lon":-118.6059595565,"segment_second_lat":34.2127057383,"segment_second_lon":-118.6059670937,"segment_sequence":100003,"segment_id":5,"segment_len_meter":115.49761449644022,"segment_cum_len":4366.477524764414,"stop_segment_distance":14.885928306736517}
{"route_id":"268","stop_id":"11555","stop_lat":34.091724,"stop_lon":-118.042652,"stop_sequence":16,"segment_first_lat":34.0918342888,"segment_first_lon":-118.0412118598,"segment_second_lat":34.0916266072,"segment_second_lon":-118.0426313188,"segment_sequence":150004,"segment_id":8,"segment_len_meter":132.73532575553546,"segment_cum_len":5051.984254591618,"stop_segment_distance":11.441647595383586}
{"route_id":"28","stop_id":"11899","stop_lat":34.062506,"stop_lon":-118.238371,"stop_sequence":47,"segment_first_lat":34.0640276008,"segment_first_lon":-118.237447911,"segment_second_lat":34.0624572988,"segment_second_lon":-118.2382315695,"segment_sequence":460002,"segment_id":23,"segment_len_meter":188.9432731598947,"segment_cum_len":14365.108610840696,"stop_segment_distance":14.355115481047847}
{"route_id":"30","stop_id":"3708","stop_lat":34.056702,"stop_lon":-118.230819,"stop_sequence":39,"segment_first_lat":34.056822526,"segment_first_lon":-118.2311576275,"segment_second_lat":34.0567638487,"segment_second_lon":-118.2308038775,"segment_sequence":380030,"segment_id":19,"segment_len_meter":33.235280143379505,"segment_cum_len":15272.575889796473,"stop_segment_distance":7.734057965185336}
{"route_id":"4","stop_id":"16351","stop_lat":34.078077,"stop_lon":-118.261545,"stop_sequence":21,"segment_first_lat":34.0780538515,"segment_first_lon":-118.2608846376,"segment_second_lat":34.0779541152,"segment_second_lon":-118.261514738,"segment_sequence":200014,"segment_id":10,"segment_len_meter":59.08245120701842,"segment_cum_len":6831.090035263037,"stop_segment_distance":15.736868491870837}
{"route_id":"40","stop_id":"10908","stop_lat":33.875418,"stop_lon":-118.352848,"stop_sequence":82,"segment_first_lat":33.8754185345,"segment_first_lon":-118.3526962574,"segment_second_lat":33.8747562927,"segment_second_lon":-118.3527003896,"segment_sequence":820001,"segment_id":41,"segment_len_meter":73.63891651741304,"segment_cum_len":31324.403286562236,"stop_segment_distance":15.199863724108823}
{"route_id":"487","stop_id":"5466","stop_lat":34.144187,"stop_lon":-118.094447,"stop_sequence":35,"segment_first_lat":34.144186902,"segment_first_lon":-118.0945975846,"segment_second_lat":34.1445248913,"segment_second_lon":-118.0945959842,"segment_sequence":350001,"segment_id":18,"segment_len_meter":37.582984006498734,"segment_cum_len":24117.882485716967,"stop_segment_distance":16.27030857641897}
{"route_id":"55","stop_id":"1234","stop_lat":33.956023,"stop_lon":-118.247209,"stop_sequence":17,"segment_first_lat":33.955247255,"segment_first_lon":-118.2473946874,"segment_second_lat":33.9560277092,"segment_second_lon":-118.2473633579,"segment_sequence":160004,"segment_id":8,"segment_len_meter":86.83064206408008,"segment_cum_len":5037.0332512622945,"stop_segment_distance":15.358479268713879}
{"route_id":"603","stop_id":"10744","stop_lat":34.085992,"stop_lon":-118.260031,"stop_sequence":31,"segment_first_lat":34.0859800502,"segment_first_lon":-118.2598842265,"segment_second_lat":34.0857747399,"segment_second_lon":-118.2599047253,"segment_sequence":310001,"segment_id":16,"segment_len_meter":22.907380260138073,"segment_cum_len":9442.27200422805,"stop_segment_distance":17.48570732727865}
{"route_id":"603","stop_id":"89","stop_lat":34.093765,"stop_lon":-118.25518,"stop_sequence":27,"segment_first_lat":34.0937213611,"segment_first_lon":-118.2551137438,"segment_second_lat":34.0936134289,"segment_second_lon":-118.2552158054,"segment_sequence":270001,"segment_id":14,"segment_len_meter":15.243402349755044,"segment_cum_len":8401.229093739019,"stop_segment_distance":9.72545088737613}
{"route_id":"71","stop_id":"718","stop_lat":34.054289,"stop_lon":-118.187543,"stop_sequence":32,"segment_first_lat":34.0542171785,"segment_first_lon":-118.187807047,"segment_second_lat":34.0543633729,"segment_second_lon":-118.1876251392,"segment_sequence":310014,"segment_id":16,"segment_len_meter":23.34746445891577,"segment_cum_len":10623.873764386517,"stop_segment_distance":13.464989001395988}
{"route_id":"76","stop_id":"15612","stop_lat":34.054622,"stop_lon":-118.246777,"stop_sequence":62,"segment_first_lat":34.0545189465,"segment_first_lon":-118.2468675109,"segment_second_lat":34.054996834,"segment_second_lon":-118.2476566364,"segment_sequence":620001,"segment_id":31,"segment_len_meter":90.04875949887612,"segment_cum_len":22978.184154229824,"stop_segment_distance":15.25002678115355}
{"route_id":"770","stop_id":"70500039","stop_lat":34.040383,"stop_lon":-118.186842,"stop_sequence":14,"segment_first_lat":34.0405131507,"segment_first_lon":-118.1868421547,"segment_second_lat":34.040519391,"segment_second_lon":-118.185825513,"segment_sequence":140001,"segment_id":7,"segment_len_meter":93.67672848564686,"segment_cum_len":9811.602332445544,"stop_segment_distance":15.67529130155971}
{"route_id":"78","stop_id":"7790","stop_lat":34.091426,"stop_lon":-118.136878,"stop_sequence":47,"segment_first_lat":34.091550821,"segment_first_lon":-118.1368784808,"segment_second_lat":34.0915588388,"segment_second_lon":-118.1358612186,"segment_sequence":470001,"segment_id":24,"segment_len_meter":93.6791331142201,"segment_cum_len":15815.62158378774,"stop_segment_distance":14.989046691055975}
{"route_id":"794","stop_id":"5850","stop_lat":34.137149,"stop_lon":-118.26485,"stop_sequence":17,"segment_first_lat":34.1369763469,"segment_first_lon":-118.2647697559,"segment_second_lat":34.1370153422,"segment_second_lon":-118.2649063614,"segment_sequence":160032,"segment_id":8,"segment_len_meter":13.299319202149961,"segment_cum_len":14222.376960010133,"stop_segment_distance":23.01167535133179}
{"route_id":"83","stop_id":"11778","stop_lat":34.106404,"stop_lon":-118.205171,"stop_sequence":22,"segment_first_lat":34.1065587864,"segment_first_lon":-118.2046036725,"segment_second_lat":34.1063166624,"segment_second_lon":-118.2051114777,"segment_sequence":210007,"segment_id":11,"segment_len_meter":53.95094658280247,"segment_cum_len":5998.690130321257,"stop_segment_distance":12.196017215462149}
{"route_id":"92","stop_id":"2198","stop_lat":34.083895,"stop_lon":-118.259839,"stop_sequence":22,"segment_first_lat":34.0839002268,"segment_first_lon":-118.2599923621,"segment_second_lat":34.0855933744,"segment_second_lon":-118.2599074642,"segment_sequence":220001,"segment_id":11,"segment_len_meter":188.43169660674099,"segment_cum_len":6579.419537089056,"stop_segment_distance":14.65976736279049}
{"route_id":"96","stop_id":"18093","stop_lat":34.090419,"stop_lon":-118.238438,"stop_sequence":35,"segment_first_lat":34.0908387701,"segment_first_lon":-118.2387460806,"segment_second_lat":34.0904820519,"segment_second_lon":-118.2383510375,"segment_sequence":340007,"segment_id":17,"segment_len_meter":53.82094895533424,"segment_cum_len":16469.531585081866,"stop_segment_distance":11.444290500015846}
