{"route_id":"102","stop_id":"1185","stop_lat":34.008631,"stop_lon":-118.252231,"stop_sequence":65,"segment_first_lat":34.0092658697,"segment_first_lon":-118.2521110858,"segment_second_lat":34.008631107,"segment_second_lon":-118.2521141235,"segment_sequence":640007,"segment_id":32,"segment_len_meter":70.58294724131379,"segment_cum_len":21018.04911795481,"stop_segment_distance":11.644552131242492}
{"route_id":"106","stop_id":"17158","stop_lat":34.03575,"stop_lon":-118.200526,"stop_sequence":17,"segment_first_lat":34.0354896977,"segment_first_lon":-118.2002645111,"segment_second_lat":34.0356361556,"segment_second_lon":-118.200597566,"segment_sequence":160017,"segment_id":8,"segment_len_meter":34.74295598512552,"segment_cum_len":5924.051159488972,"stop_segment_distance":17.19164285665579}
{"route_id":"125","stop_id":"17371","stop_lat":33.903193,"stop_lon":-118.230184,"stop_sequence":46,"segment_first_lat":33.903323301,"segment_first_lon":-118.2319671026,"segment_second_lat":33.9033201237,"segment_second_lon":-118.2301842663,"segment_sequence":450001,"segment_id":23,"segment_len_meter":164.53755608085797,"segment_cum_len":17794.656496185242,"stop_segment_distance":14.796452494479155}
{"route_id":"161","stop_id":"20087","stop_lat":34.13814,"stop_lon":-118.713839,"stop_sequence":28,"segment_first_lat":34.1380334368,"segment_first_lon":-118.7138471773,"segment_second_lat":34.1380735489,"segment_second_lon":-118.7144066853,"segment_sequence":280001,"segment_id":14,"segment_len_meter":51.68694805108833,"segment_cum_len":16221.615486970022,"stop_segment_distance":12.952831600891408}
{"route_id":"166","stop_id":"12514","stop_lat":34.235486,"stop_lon":-118.48038,"stop_sequence":39,"segment_first_lat":34.2356124573,"segment_first_lon":-118.4803806049,"segment_second_lat":34.2355937521,"segment_second_lon":-118.4764929219,"segment_sequence":390001,"segment_id":20,"segment_len_meter":357.39417469380385,"segment_cum_len":17194.446893224234,"stop_segment_distance":14.200943944537926}
{"route_id":"169","stop_id":"1874","stop_lat":34.194001,"stop_lon":-118.623223,"stop_sequence":40,"segment_first_lat":34.1940001132,"segment_first_lon":-118.6233757542,"segment_second_lat":34.19459363,"segment_second_lon":-118.6233824988,"segment_sequence":400001,"segment_id":20,"segment_len_meter":65.99897231106135,"segment_cum_len":16570.127505973167,"stop_segment_distance":15.56127862006646}
{"route_id":"175","stop_id":"8059","stop_lat":34.097984,"stop_lon":-118.308905,"stop_sequence":5,"segment_first_lat":34.0981100204,"segment_first_lon":-118.3089050783,"segment_second_lat":34.0981147353,"segment_second_lon":-118.3070553522,"segment_sequence":50001,"segment_id":3,"segment_len_meter":170.32018625610928,"segment_cum_len":1240.8695168082893,"stop_segment_distance":14.624226527388487}
{"route_id":"183","stop_id":"20129","stop_lat":34.164739,"stop_lon":-118.461963,"stop_sequence":5,"segment_first_lat":34.1648619417,"segment_first_lon":-118.4629094327,"segment_second_lat":34.1648655572,"segment_second_lon":-118.4619640021,"segment_sequence":40005,"segment_id":2,"segment_len_meter":86.98572017816807,"segment_cum_len":1561.606370339616,"stop_segment_distance":15.23071001528723}
{"route_id":"200","stop_id":"5151","stop_lat":34.027672,"stop_lon":-118.283797,"stop_sequence":10,"segment_first_lat":34.0276718205,"segment_first_lon":-118.2839503543,"segment_second_lat":34.0283972635,"segment_second_lon":-118.2839478651,"segment_sequence":100001,"segment_id":5,"segment_len_meter":80.66590733082323,"segment_cum_len":2465.942738765776,"stop_segment_distance":15.301669006033919}
{"route_id":"204","stop_id":"5683","stop_lat":33.951242,"stop_lon":-118.291392,"stop_sequence":11,"segment_first_lat":33.9509718485,"segment_first_lon":-118.2915593879,"segment_second_lat":33.9512461228,"segment_second_lon":-118.2915435262,"segment_sequence":100004,"segment_id":5,"segment_len_meter":30.53298323802355,"segment_cum_len":3029.0036582102694,"stop_segment_distance":17.22591541778063}
{"route_id":"205","stop_id":"17572","stop_lat":33.743425,"stop_lon":-118.304097,"stop_sequence":33,"segment_first_lat":33.7433492676,"segment_first_lon":-118.3025248906,"segment_second_lat":33.7433527232,"segment_second_lon":-118.3040971207,"segment_sequence":320003,"segment_id":16,"segment_len_meter":145.37263048231702,"segment_cum_len":7724.908926703285,"stop_segment_distance":8.268812338165816}
{"route_id":"207","stop_id":"5762","stop_lat":33.982246,"stop_lon":-118.308794,"stop_sequence":19,"segment_first_lat":33.9818887075,"segment_first_lon":-118.3089414275,"segment_second_lat":33.9822467574,"segment_second_lon":-118.3089401097,"segment_sequence":180007,"segment_id":9,"segment_len_meter":39.81351777910042,"segment_cum_len":7969.665755158661,"stop_segment_distance":15.64893420417333}
{"route_id":"224","stop_id":"30002","stop_lat":34.139051,"stop_lon":-118.363171,"stop_sequence":1,"segment_first_lat":34.1390288953,"segment_first_lon":-118.3632033761,"segment_second_lat":34.1392179081,"segment_second_lon":-118.3634001688,"segment_sequence":10001,"segment_id":1,"segment_len_meter":27.744417987784043,"segment_cum_len":27.744417987784043,"stop_segment_distance":4.212488715246945}
{"route_id":"234","stop_id":"6126","stop_lat":34.312668,"stop_lon":-118.431094,"stop_sequence":9,"segment_first_lat":34.3126006383,"segment_first_lon":-118.4310065702,"segment_second_lat":34.3113276244,"segment_second_lon":-118.4324478112,"segment_sequence":90001,"segment_id":5,"segment_len_meter":193.80178114990952,"segment_cum_len":2807.566759689166,"stop_segment_distance":11.278165422633606}
{"route_id":"245","stop_id":"14952","stop_lat":34.235752,"stop_lon":-118.605023,"stop_sequence":17,"segment_first_lat":34.2354495524,"segment_first_lon":-118.6050138786,"segment_second_lat":34.2356986395,"segment_second_lon":-118.6051536525,"segment_sequence":160012,"segment_id":8,"segment_len_meter":30.532566064905662,"segment_cum_len":7079.633385743673,"stop_segment_distance":16.504831737513744}
{"route_id":"252","stop_id":"142451","stop_lat":34.086366,"stop_lon":-118.187014,"stop_sequence":19,"segment_first_lat":34.086281166,"segment_first_lon":-118.1866009307,"segment_second_lat":34.0862673425,"segment_second_lon":-118.1870107569,"segment_sequence":180015,"segment_id":9,"segment_len_meter":37.77260893804197,"segment_cum_len":8167.427786257585,"stop_segment_distance":12.393786616076497}
{"route_id":"252","stop_id":"5561","stop_lat":34.040372,"stop_lon":-118.21171,"stop_sequence":6,"segment_first_lat":34.0392111662,"segment_first_lon":-118.2126183335,"segment_second_lat":34.0404328522,"segment_second_lon":-118.2118450829,"segment_sequence":50003,"segment_id":3,"segment_len_meter":153.3958594429556,"segment_cum_len":1933.9640650895435,"stop_segment_distance":14.609519740199602}
{"route_id":"266","stop_id":"6474","stop_lat":33.960721,"stop_lon":-118.110069,"stop_sequence":34,"segment_first_lat":33.9607726354,"segment_first_lon":-118.1102117278,"segment_second_lat":33.96102336,"segment_second_lon":-118.1100791607,"segment_sequence":340001,"segment_id":17,"segment_len_meter":30.442367579131847,"segment_cum_len":15359.761281638583,"stop_segment_distance":17.55268703483557}
{"route_id":"267","stop_id":"16044","stop_lat":34.131179,"stop_lon":-118.065482,"stop_sequence":23,"segment_first_lat":34.1310532348,"segment_first_lon":-118.065467648,"segment_second_lat":34.1309109183,"segment_second_lon":-118.0674250598,"segment_sequence":230001,"segment_id":12,"segment_len_meter":180.8585079203264,"segment_cum_len":8635.663291656187,"stop_segment_distance":14.499183426871213}
{"route_id":"30","stop_id":"7926","stop_lat":34.047078,"stop_lon":-118.309189,"stop_sequence":9,"segment_first_lat":34.0472024108,"segment_first_lon":-118.3101564138,"segment_second_lat":34.0472073643,"segment_second_lon":-118.3091892087,"segment_sequence":80005,"segment_id":4,"segment_len_meter":89.11370529236937,"segment_cum_len":2925.9666840261893,"stop_segment_distance":15.469430983470403}
{"route_id":"344","stop_id":"2400","stop_lat":33.787987,"stop_lon":-118.357674,"stop_sequence":20,"segment_first_lat":33.7880828069,"segment_first_lon":-118.3577724194,"segment_second_lat":33.7887701298,"segment_second_lon":-118.3568147228,"segment_sequence":200001,"segment_id":10,"segment_len_meter":116.93620449897912,"segment_cum_len":9553.155963979725,"stop_segment_distance":14.922028831181876}
{"route_id":"40","stop_id":"10939","stop_lat":33.894928,"stop_lon":-118.352884,"stop_sequence":76,"segment_first_lat":33.8964339302,"segment_first_lon":-118.3527355868,"segment_second_lat":33.8949281211,"segment_second_lon":-118.3527318863,"segment_sequence":750003,"segment_id":38,"segment_len_meter":167.43868076685627,"segment_cum_len":29081.127820773327,"stop_segment_distance":14.61236196856433}
{"route_id":"45","stop_id":"19015","stop_lat":34.031362,"stop_lon":-118.265987,"stop_sequence":26,"segment_first_lat":34.0313028372,"segment_first_lon":-118.2658556185,"segment_second_lat":34.0295344874,"segment_second_lon":-118.2670203238,"segment_sequence":260001,"segment_id":13,"segment_len_meter":224.01697786467116,"segment_cum_len":8356.14657795837,"stop_segment_distance":14.175925958900592}
{"route_id":"45","stop_id":"4774","stop_lat":34.016425,"stop_lon":-118.275704,"stop_sequence":31,"segment_first_lat":34.0163620913,"segment_first_lon":-118.2755570096,"segment_second_lat":34.0157646643,"segment_second_lon":-118.2759358467,"segment_sequence":310001,"segment_id":16,"segment_len_meter":75.04807424657878,"segment_cum_len":10093.832340138246,"stop_segment_distance":16.671109030221004}
{"route_id":"487","stop_id":"13907","stop_lat":34.135366,"stop_lon":-118.031485,"stop_sequence":75,"segment_first_lat":34.1353689661,"segment_first_lon":-118.0313328325,"segment_second_lat":34.1350969288,"segment_second_lon":-118.0313261214,"segment_sequence":750001,"segment_id":38,"segment_len_meter":30.25547328136236,"segment_cum_len":37606.33643568906,"stop_segment_distance":17.055116194555897}
{"route_id":"487","stop_id":"16242","stop_lat":34.16186,"stop_lon":-118.0349,"stop_sequence":65,"segment_first_lat":34.1619562788,"segment_first_lon":-118.0352302136,"segment_second_lat":34.1619596721,"segment_second_lon":-118.0348996529,"segment_sequence":640005,"segment_id":32,"segment_len_meter":30.416781318303734,"segment_cum_len":34333.60054537514,"stop_segment_distance":12.879802994343677}
{"route_id":"53","stop_id":"3441","stop_lat":33.91315,"stop_lon":-118.254297,"stop_sequence":14,"segment_first_lat":33.9131520347,"segment_first_lon":-118.2544503598,"segment_second_lat":33.9139682049,"segment_second_lon":-118.2544215273,"segment_sequence":140001,"segment_id":7,"segment_len_meter":90.79297760116653,"segment_cum_len":6009.815257314149,"stop_segment_distance":15.063762660888628}
{"route_id":"603","stop_id":"17140","stop_lat":34.045472,"stop_lon":-118.284316,"stop_sequence":54,"segment_first_lat":34.0459418115,"segment_first_lon":-118.2842021659,"segment_second_lat":34.0454719293,"segment_second_lon":-118.2842005699,"segment_sequence":530005,"segment_id":27,"segment_len_meter":52.248723685010596,"segment_cum_len":16769.18606467772,"stop_segment_distance":11.669558294711372}
{"route_id":"62","stop_id":"6503","stop_lat":33.958465,"stop_lon":-118.10663,"stop_sequence":42,"segment_first_lat":33.9594316717,"segment_first_lon":-118.1077951083,"segment_second_lat":33.9585614486,"segment_second_lon":-118.1065356256,"segment_sequence":410005,"segment_id":21,"segment_len_meter":151.18451819072067,"segment_cum_len":21187.928904792072,"stop_segment_distance":14.617606002761107}
{"route_id":"70","stop_id":"15715","stop_lat":34.049246,"stop_lon":-118.252961,"stop_sequence":10,"segment_first_lat":34.0484606574,"segment_first_lon":-118.2537906294,"segment_second_lat":34.0492904559,"segment_second_lon":-118.2530325544,"segment_sequence":90004,"segment_id":5,"segment_len_meter":115.72228353347363,"segment_cum_len":2465.4172567768837,"stop_segment_distance":8.57011713049279}
{"route_id":"720","stop_id":"16577","stop_lat":34.019878,"stop_lon":-118.154063,"stop_sequence":2,"segment_first_lat":34.0196452429,"segment_first_lon":-118.1535843118,"segment_second_lat":34.0197539471,"segment_second_lon":-118.1541026128,"segment_sequence":10004,"segment_id":1,"segment_len_meter":49.27394769363692,"segment_cum_len":173.32171499535562,"stop_segment_distance":16.143867941342215}
{"route_id":"734","stop_id":"14517","stop_lat":34.171851,"stop_lon":-118.466307,"stop_sequence":15,"segment_first_lat":34.1718511477,"segment_first_lon":-118.466148413,"segment_second_lat":34.1707299395,"segment_second_lon":-118.4661652993,"segment_sequence":150001,"segment_id":8,"segment_len_meter":124.68234214331778,"segment_cum_len":15886.8251550187,"stop_segment_distance":15.243367602752073}
{"route_id":"794","stop_id":"13600","stop_lat":34.045695,"stop_lon":-118.254528,"stop_sequence":5,"segment_first_lat":34.044695034,"segment_first_lon":-118.2555881557,"segment_second_lat":34.0457558277,"segment_second_lon":-118.2546225404,"segment_sequence":40005,"segment_id":2,"segment_len_meter":147.74501032207385,"segment_cum_len":1761.1508785782244,"stop_segment_distance":11.284852188265944}
{"route_id":"83","stop_id":"11783","stop_lat":34.112935,"stop_lon":-118.192303,"stop_sequence":17,"segment_first_lat":34.1132880412,"segment_first_lon":-118.191359074,"segment_second_lat":34.1128510998,"segment_second_lon":-118.1922434618,"segment_sequence":160002,"segment_id":8,"segment_len_meter":94.81310171915102,"segment_cum_len":4605.7994574924105,"stop_segment_distance":11.362324044547307}
{"route_id":"90","stop_id":"10603","stop_lat":34.241745,"stop_lon":-118.2685,"stop_sequence":23,"segment_first_lat":34.2429799514,"segment_first_lon":-118.2702346854,"segment_second_lat":34.2418466686,"segment_second_lon":-118.2684078695,"segment_sequence":220001,"segment_id":11,"segment_len_meter":209.9471956579036,"segment_cum_len":5884.058067926632,"stop_segment_distance":14.611976423921277}
{"route_id":"92","stop_id":"2217","stop_lat":34.228991,"stop_lon":-118.365412,"stop_sequence":92,"segment_first_lat":34.2289113589,"segment_first_lon":-118.365531728,"segment_second_lat":34.2298588079,"segment_second_lon":-118.3664479832,"segment_sequence":920001,"segment_id":46,"segment_len_meter":134.88754098840988,"segment_cum_len":29762.822084564494,"stop_segment_distance":14.822689010565767}
{"route_id":"94","stop_id":"3621","stop_lat":34.205204,"stop_lon":-118.349208,"stop_sequence":30,"segment_first_lat":34.2051991025,"segment_first_lon":-118.3491223545,"segment_second_lat":34.204659586,"segment_second_lon":-118.3491591256,"segment_sequence":300001,"segment_id":15,"segment_len_meter":60.08672544974783,"segment_cum_len":13876.350217454825,"stop_segment_distance":8.510864956412547}
{"route_id":"94","stop_id":"5143","stop_lat":34.042861,"stop_lon":-118.257434,"stop_sequence":92,"segment_first_lat":34.0428004998,"segment_first_lon":-118.2573424221,"segment_second_lat":34.0416140979,"segment_second_lon":-118.2584406066,"segment_sequence":920001,"segment_id":46,"segment_len_meter":166.25852626794506,"segment_cum_len":39966.11429515156,"stop_segment_distance":11.34328041634052}
{"route_id":"96","stop_id":"12103","stop_lat":34.064597,"stop_lon":-118.238737,"stop_sequence":39,"segment_first_lat":34.0650397184,"segment_first_lon":-118.2383851936,"segment_second_lat":34.0645586388,"segment_second_lon":-118.2386268339,"segment_sequence":380093,"segment_id":19,"segment_len_meter":57.939704902661965,"segment_cum_len":20190.207089288637,"stop_segment_distance":12.00530796434527}
{"route_id":"96","stop_id":"18083","stop_lat":34.13503,"stop_lon":-118.28199,"stop_sequence":19,"segment_first_lat":34.1350498099,"segment_first_lon":-118.2819041257,"segment_second_lat":34.1345692884,"segment_second_lon":-118.2817508261,"segment_sequence":190001,"segment_id":10,"segment_len_meter":55.26306754633289,"segment_cum_len":9397.357304057756,"stop_segment_distance":8.69996024167044}
