{"route_id":"10","stop_id":"3121","stop_lat":34.033659,"stop_lon":-118.262347,"stop_sequence":2,"segment_first_lat":34.0337311109,"segment_first_lon":-118.2624723293,"segment_second_lat":34.0343025744,"segment_second_lon":-118.2620090685,"segment_sequence":20001,"segment_id":1,"segment_len_meter":76.55146200378337,"segment_cum_len":521.0946893500475,"stop_segment_distance":15.55183562580305}
{"route_id":"10","stop_id":"8088","stop_lat":34.063145,"stop_lon":-118.251105,"stop_sequence":15,"segment_first_lat":34.0617348933,"segment_first_lon":-118.2501858541,"segment_second_lat":34.0630739493,"segment_second_lon":-118.2512358451,"segment_sequence":140010,"segment_id":7,"segment_len_meter":177.5534750589126,"segment_cum_len":4748.0330286010885,"stop_segment_distance":15.054643048808572}
{"route_id":"105","stop_id":"5218","stop_lat":34.044348,"stop_lon":-118.376661,"stop_sequence":52,"segment_first_lat":34.0440672175,"segment_first_lon":-118.3767685449,"segment_second_lat":34.0443281284,"segment_second_lon":-118.3768126327,"segment_sequence":510011,"segment_id":26,"segment_len_meter":29.294965955920752,"segment_cum_len":18671.133644223235,"stop_segment_distance":17.605878361175158}
{"route_id":"108","stop_id":"7987","stop_lat":33.989021,"stop_lon":-118.291689,"stop_sequence":36,"segment_first_lat":33.9891455273,"segment_first_lon":-118.2936485121,"segment_second_lat":33.9891502798,"segment_second_lon":-118.2916890337,"segment_sequence":350003,"segment_id":18,"segment_len_meter":180.65791627303727,"segment_cum_len":12474.711234622919,"stop_segment_distance":14.907600241809348}
{"route_id":"108","stop_id":"8679","stop_lat":33.98589,"stop_lon":-118.1744,"stop_sequence":74,"segment_first_lat":33.9862356784,"segment_first_lon":-118.1765082946,"segment_second_lat":33.9860148201,"segment_second_lon":-118.1743818293,"segment_sequence":730002,"segment_id":37,"segment_len_meter":197.59182624276127,"segment_cum_len":23312.623954495448,"stop_segment_distance":14.536724013811295}
{"route_id":"110","stop_id":"11730","stop_lat":33.98496,"stop_lon":-118.399837,"stop_sequence":1,"segment_first_lat":33.9849192294,"segment_first_lon":-118.3999060426,"segment_second_lat":33.9850285387,"segment_second_lon":-118.4000058544,"segment_sequence":10001,"segment_id":1,"segment_len_meter":15.245522931569308,"segment_cum_len":15.245522931569308,"stop_segment_distance":9.903423177874792}
{"route_id":"110","stop_id":"1498","stop_lat":33.975865,"stop_lon":-118.352328,"stop_sequence":17,"segment_first_lat":33.9759399345,"segment_first_lon":-118.3523323222,"segment_second_lat":33.9759452957,"segment_second_lon":-118.3520018552,"segment_sequence":170001,"segment_id":9,"segment_len_meter":30.478480778946775,"segment_cum_len":7282.324810579221,"stop_segment_distance":9.234861357553882}
{"route_id":"110","stop_id":"2593","stop_lat":33.975898,"stop_lon":-118.348308,"stop_sequence":18,"segment_first_lat":33.9759452957,"segment_first_lon":-118.3520018552,"segment_second_lat":33.97596975,"segment_second_lon":-118.3483098409,"segment_sequence":170002,"segment_id":9,"segment_len_meter":340.4546570425972,"segment_cum_len":7622.779467621818,"stop_segment_distance":8.17967426382296}
{"route_id":"117","stop_id":"189","stop_lat":33.941034,"stop_lon":-118.181721,"stop_sequence":60,"segment_first_lat":33.9412459181,"segment_first_lon":-118.1815336201,"segment_second_lat":33.9410155934,"segment_second_lon":-118.181570376,"segment_sequence":590009,"segment_id":30,"segment_len_meter":25.83441245751697,"segment_cum_len":21898.98749523304,"stop_segment_distance":17.434731511043935}
{"route_id":"120","stop_id":"8977","stop_lat":33.917178,"stop_lon":-118.125054,"stop_sequence":41,"segment_first_lat":33.9170612401,"segment_first_lon":-118.1236337428,"segment_second_lat":33.917050982,"segment_second_lon":-118.125054288,"segment_sequence":400004,"segment_id":20,"segment_len_meter":131.0853294847216,"segment_cum_len":18820.171446216315,"stop_segment_distance":14.73367580976992}
{"route_id":"130","stop_id":"631","stop_lat":33.867778,"stop_lon":-118.248817,"stop_sequence":36,"segment_first_lat":33.8688469743,"segment_first_lon":-118.2486748036,"segment_second_lat":33.8677780856,"segment_second_lon":-118.2486663631,"segment_sequence":350003,"segment_id":18,"segment_len_meter":118.85755532215151,"segment_cum_len":17570.329145943677,"stop_segment_distance":14.63780643621692}
{"route_id":"154","stop_id":"2811","stop_lat":34.17232,"stop_lon":-118.379221,"stop_sequence":25,"segment_first_lat":34.1721777576,"segment_first_lon":-118.3789662505,"segment_second_lat":34.1738623257,"segment_second_lon":-118.3799815961,"segment_sequence":280002,"segment_id":14,"segment_len_meter":209.31360334672425,"segment_cum_len":12105.13890572643,"stop_segment_distance":4.184551876379686}
{"route_id":"16","stop_id":"15646","stop_lat":34.069156,"stop_lon":-118.30016,"stop_sequence":27,"segment_first_lat":34.0690371246,"segment_first_lon":-118.2992220184,"segment_second_lat":34.0690301265,"segment_second_lon":-118.3001597511,"segment_sequence":260005,"segment_id":13,"segment_len_meter":86.37786481288923,"segment_cum_len":7138.583147935703,"stop_segment_distance":15.021191150171745}
{"route_id":"164","stop_id":"7153","stop_lat":34.186734,"stop_lon":-118.536398,"stop_sequence":60,"segment_first_lat":34.1866080631,"segment_first_lon":-118.5363976291,"segment_second_lat":34.1866133524,"segment_second_lon":-118.5375582953,"segment_sequence":600001,"segment_id":30,"segment_len_meter":106.76174791161799,"segment_cum_len":22967.96666229577,"stop_segment_distance":14.807620582345663}
{"route_id":"167","stop_id":"18201","stop_lat":34.242358,"stop_lon":-118.445276,"stop_sequence":47,"segment_first_lat":34.2424191015,"segment_first_lon":-118.4451398992,"segment_second_lat":34.2399110596,"segment_second_lon":-118.4435029262,"segment_sequence":470001,"segment_id":24,"segment_len_meter":316.88704720651924,"segment_cum_len":20053.93859977929,"stop_segment_distance":14.517443429289074}
{"route_id":"167","stop_id":"18213","stop_lat":34.19007,"stop_lon":-118.413871,"stop_sequence":75,"segment_first_lat":34.1900706966,"segment_first_lon":-118.4137518759,"segment_second_lat":34.1884796928,"segment_second_lon":-118.4137439951,"segment_sequence":750001,"segment_id":38,"segment_len_meter":176.91303583993374,"segment_cum_len":30251.51261179752,"stop_segment_distance":11.263558351393783}
{"route_id":"169","stop_id":"1069","stop_lat":34.203999,"stop_lon":-118.632015,"stop_sequence":45,"segment_first_lat":34.2037262574,"segment_first_lon":-118.632139049,"segment_second_lat":34.2040010788,"segment_second_lon":-118.6321335223,"segment_sequence":440024,"segment_id":22,"segment_len_meter":30.562971729592743,"segment_cum_len":18399.26470822885,"stop_segment_distance":12.741334176256327}
{"route_id":"176","stop_id":"4633","stop_lat":34.051708,"stop_lon":-118.064024,"stop_sequence":21,"segment_first_lat":34.0518077678,"segment_first_lon":-118.0640237281,"segment_second_lat":34.0518171763,"segment_second_lon":-118.0601546461,"segment_sequence":210001,"segment_id":11,"segment_len_meter":356.4542781103837,"segment_cum_len":7853.088462010862,"stop_segment_distance":11.32407700887569}
{"route_id":"183","stop_id":"3089","stop_lat":34.164775,"stop_lon":-118.43523,"stop_sequence":11,"segment_first_lat":34.164900707,"segment_first_lon":-118.4352304263,"segment_second_lat":34.1649027318,"segment_second_lon":-118.4333659832,"segment_sequence":110001,"segment_id":6,"segment_len_meter":171.53904305776126,"segment_cum_len":4192.807970382321,"stop_segment_distance":14.525920117864388}
{"route_id":"202","stop_id":"8653","stop_lat":33.874807,"stop_lon":-118.224693,"stop_sequence":20,"segment_first_lat":33.8754913881,"segment_first_lon":-118.2248171605,"segment_second_lat":33.8745297504,"segment_second_lon":-118.2247618732,"segment_sequence":220002,"segment_id":11,"segment_len_meter":107.05098395882817,"segment_cum_len":9325.279494132072,"stop_segment_distance":1.385548633499596}
{"route_id":"202","stop_id":"9677","stop_lat":33.91978,"stop_lon":-118.233763,"stop_sequence":6,"segment_first_lat":33.9198540007,"segment_first_lon":-118.2355297802,"segment_second_lat":33.9198524928,"segment_second_lon":-118.2337630769,"segment_sequence":50004,"segment_id":3,"segment_len_meter":163.0167323560028,"segment_cum_len":1655.4716037419282,"stop_segment_distance":8.275445109885965}
{"route_id":"205","stop_id":"17430","stop_lat":33.790878,"stop_lon":-118.291365,"stop_sequence":54,"segment_first_lat":33.7910063944,"segment_first_lon":-118.2916914915,"segment_second_lat":33.7910022453,"segment_second_lon":-118.2913623746,"segment_sequence":530012,"segment_id":27,"segment_len_meter":30.417510295102925,"segment_cum_len":15116.296036700514,"stop_segment_distance":16.77882679447404}
{"route_id":"207","stop_id":"5749","stop_lat":33.96394,"stop_lon":-118.308829,"stop_sequence":13,"segment_first_lat":33.9639395707,"segment_first_lon":-118.3089853661,"segment_second_lat":33.9645825754,"segment_second_lon":-118.3089831213,"segment_sequence":130001,"segment_id":7,"segment_len_meter":71.49916016412394,"segment_cum_len":6005.489934512755,"stop_segment_distance":15.772757722522641}
{"route_id":"210","stop_id":"25400145","stop_lat":33.902135,"stop_lon":-118.326677,"stop_sequence":76,"segment_first_lat":33.9034598255,"segment_first_lon":-118.3265268194,"segment_second_lat":33.9021353697,"segment_second_lon":-118.3265246254,"segment_sequence":750003,"segment_id":38,"segment_len_meter":147.2729047226291,"segment_cum_len":26028.690979013754,"stop_segment_distance":14.754398859880922}
{"route_id":"210","stop_id":"65300065","stop_lat":34.076041,"stop_lon":-118.309289,"stop_sequence":16,"segment_first_lat":34.0760412214,"segment_first_lon":-118.3091372875,"segment_second_lat":34.0746535569,"segment_second_lon":-118.3091321588,"segment_sequence":160001,"segment_id":8,"segment_len_meter":154.30197532179986,"segment_cum_len":5299.313930089096,"stop_segment_distance":14.622550716058157}
{"route_id":"210","stop_id":"9466","stop_lat":33.883051,"stop_lon":-118.326665,"stop_sequence":81,"segment_first_lat":33.8848789057,"segment_first_lon":-118.3265269304,"segment_second_lat":33.8830516277,"segment_second_lon":-118.3265135535,"segment_sequence":800004,"segment_id":40,"segment_len_meter":203.187795400866,"segment_cum_len":28150.713979048665,"stop_segment_distance":14.445683958530793}
{"route_id":"211","stop_id":"141077","stop_lat":33.958667,"stop_lon":-118.359408,"stop_sequence":24,"segment_first_lat":33.9578038313,"segment_first_lon":-118.3594803834,"segment_second_lat":33.9586666233,"segment_second_lon":-118.3594926602,"segment_sequence":230006,"segment_id":12,"segment_len_meter":95.94477473077643,"segment_cum_len":8248.100828291697,"stop_segment_distance":8.07538788070012}
{"route_id":"212","stop_id":"13621","stop_lat":34.052081,"stop_lon":-118.34426,"stop_sequence":27,"segment_first_lat":34.05204312,"segment_first_lon":-118.3441169684,"segment_second_lat":34.0518887834,"segment_second_lon":-118.3441803787,"segment_sequence":270001,"segment_id":14,"segment_len_meter":18.12851035412102,"segment_cum_len":7698.840818746544,"stop_segment_distance":18.30278300561914}
{"route_id":"218","stop_id":"32171","stop_lat":34.098152,"stop_lon":-118.365788,"stop_sequence":10,"segment_first_lat":34.0983280809,"segment_first_lon":-118.3656502667,"segment_second_lat":34.0981769893,"segment_second_lon":-118.3656363935,"segment_sequence":90015,"segment_id":5,"segment_len_meter":16.84911287764772,"segment_cum_len":7154.733302763674,"stop_segment_distance":20.712217912184833}
{"route_id":"222","stop_id":"6363","stop_lat":34.259639,"stop_lon":-118.327765,"stop_sequence":62,"segment_first_lat":34.2597656269,"segment_first_lon":-118.3277653014,"segment_second_lat":34.2597572143,"segment_second_lon":-118.3255876089,"segment_sequence":620001,"segment_id":31,"segment_len_meter":200.13631527835562,"segment_cum_len":25726.481616085424,"stop_segment_distance":14.481832942492503}
{"route_id":"222","stop_id":"6374","stop_lat":34.246971,"stop_lon":-118.354002,"stop_sequence":55,"segment_first_lat":34.2470493197,"segment_first_lon":-118.3545481344,"segment_second_lat":34.2470970352,"segment_second_lon":-118.3540182331,"segment_sequence":540006,"segment_id":27,"segment_len_meter":48.994424783498786,"segment_cum_len":22301.50112973566,"stop_segment_distance":16.04748948828191}
{"route_id":"234","stop_id":"20104","stop_lat":34.29647,"stop_lon":-118.430149,"stop_sequence":20,"segment_first_lat":34.2969493474,"segment_first_lon":-118.4304992488,"segment_second_lat":34.2965351527,"segment_second_lon":-118.4300597303,"segment_sequence":190007,"segment_id":10,"segment_len_meter":61.24797277759706,"segment_cum_len":6833.639062284399,"stop_segment_distance":11.953310809117077}
{"route_id":"239","stop_id":"16901","stop_lat":34.261147,"stop_lon":-118.523205,"stop_sequence":32,"segment_first_lat":34.2595172378,"segment_first_lon":-118.5233434785,"segment_second_lat":34.2611466898,"segment_second_lon":-118.5233566751,"segment_sequence":310005,"segment_id":16,"segment_len_meter":181.19085448930295,"segment_cum_len":12546.849168323575,"stop_segment_distance":14.415787957557058}
{"route_id":"258","stop_id":"13394","stop_lat":34.00052,"stop_lon":-118.15988,"stop_sequence":58,"segment_first_lat":34.0005028306,"segment_first_lon":-118.1597333094,"segment_second_lat":34.0003115471,"segment_second_lon":-118.1597580187,"segment_sequence":580001,"segment_id":29,"segment_len_meter":21.391374121180885,"segment_cum_len":20979.300611731633,"stop_segment_distance":18.02778705722466}
{"route_id":"258","stop_id":"142421","stop_lat":33.918028,"stop_lon":-118.16908,"stop_sequence":78,"segment_first_lat":33.9187456603,"segment_first_lon":-118.1689335852,"segment_second_lat":33.9180284846,"segment_second_lon":-118.1689262066,"segment_sequence":770008,"segment_id":39,"segment_len_meter":79.74920572370475,"segment_cum_len":30360.890122031207,"stop_segment_distance":15.377713422829558}
{"route_id":"267","stop_id":"2966","stop_lat":34.159147,"stop_lon":-118.157371,"stop_sequence":64,"segment_first_lat":34.1590738741,"segment_first_lon":-118.1574951586,"segment_second_lat":34.1595473706,"segment_second_lon":-118.1578874259,"segment_sequence":640001,"segment_id":32,"segment_len_meter":63.833990414103525,"segment_cum_len":21040.54764696616,"stop_segment_distance":15.302345607437587}
{"route_id":"268","stop_id":"9974","stop_lat":34.15042,"stop_lon":-118.068353,"stop_sequence":45,"segment_first_lat":34.1503134114,"segment_first_lon":-118.0678075872,"segment_second_lat":34.1503067844,"segment_second_lon":-118.068352603,"segment_sequence":440007,"segment_id":22,"segment_len_meter":50.158493704340245,"segment_cum_len":17758.72777163986,"stop_segment_distance":14.000574415812707}
{"route_id":"28","stop_id":"13714","stop_lat":34.041362,"stop_lon":-118.255611,"stop_sequence":56,"segment_first_lat":34.0415939879,"segment_first_lon":-118.2549746231,"segment_second_lat":34.0412551321,"segment_second_lon":-118.2555152623,"segment_sequence":550006,"segment_id":28,"segment_len_meter":62.45945342438566,"segment_cum_len":17311.548452120955,"stop_segment_distance":16.399059961371236}
{"route_id":"35","stop_id":"7746","stop_lat":34.025478,"stop_lon":-118.334765,"stop_sequence":16,"segment_first_lat":34.0256006935,"segment_first_lon":-118.3350955775,"segment_second_lat":34.0256029831,"segment_second_lon":-118.3347655612,"segment_sequence":150005,"segment_id":8,"segment_len_meter":30.41437076040006,"segment_cum_len":5130.670919046806,"stop_segment_distance":16.86355978441639}
{"route_id":"51","stop_id":"292","stop_lat":33.92759,"stop_lon":-118.265331,"stop_sequence":73,"segment_first_lat":33.9275908309,"segment_first_lon":-118.265176148,"segment_second_lat":33.9274671787,"segment_second_lon":-118.2651757567,"segment_sequence":730001,"segment_id":37,"segment_len_meter":13.749544706800538,"segment_cum_len":18629.31541561654,"stop_segment_distance":20.32862472568701}
{"route_id":"534","stop_id":"12716","stop_lat":34.037279,"stop_lon":-118.637856,"stop_sequence":16,"segment_first_lat":34.0371574453,"segment_first_lon":-118.6378879316,"segment_second_lat":34.0372036201,"segment_second_lon":-118.638146073,"segment_sequence":160001,"segment_id":8,"segment_len_meter":24.334121369994776,"segment_cum_len":16053.64131130784,"stop_segment_distance":17.510702467799504}
{"route_id":"550","stop_id":"12029","stop_lat":33.758949,"stop_lon":-118.292383,"stop_sequence":18,"segment_first_lat":33.757781133,"segment_first_lon":-118.2923392746,"segment_second_lat":33.7589314371,"segment_second_lon":-118.2925340865,"segment_sequence":170011,"segment_id":9,"segment_len_meter":129.16964698627348,"segment_cum_len":5441.595740865272,"stop_segment_distance":14.857278967833338}
{"route_id":"605","stop_id":"2794","stop_lat":34.059355,"stop_lon":-118.213013,"stop_sequence":23,"segment_first_lat":34.0591297721,"segment_first_lon":-118.2130024145,"segment_second_lat":34.0592809465,"segment_second_lon":-118.2131345321,"segment_sequence":220008,"segment_id":11,"segment_len_meter":20.753242271501904,"segment_cum_len":6714.756836545308,"stop_segment_distance":18.20762904377034}
{"route_id":"611","stop_id":"822","stop_lat":33.989114,"stop_lon":-118.247584,"stop_sequence":34,"segment_first_lat":33.988869311,"segment_first_lon":-118.2477381417,"segment_second_lat":33.9891166243,"segment_second_lon":-118.2477352448,"segment_sequence":330007,"segment_id":17,"segment_len_meter":27.501281207777915,"segment_cum_len":10092.85329468085,"stop_segment_distance":17.14207614568671}
{"route_id":"62","stop_id":"4077","stop_lat":33.931839,"stop_lon":-118.072836,"stop_sequence":49,"segment_first_lat":33.9335018212,"segment_first_lon":-118.0726759321,"segment_second_lat":33.9318393736,"segment_second_lon":-118.0726837204,"segment_sequence":480002,"segment_id":24,"segment_len_meter":184.857135386484,"segment_cum_len":25959.83893733989,"stop_segment_distance":14.678115366961208}
{"route_id":"66","stop_id":"7425","stop_lat":34.057599,"stop_lon":-118.304315,"stop_sequence":5,"segment_first_lat":34.0576896484,"segment_first_lon":-118.3053123493,"segment_second_lat":34.0576968363,"segment_second_lon":-118.3043153173,"segment_sequence":40003,"segment_id":2,"segment_len_meter":91.85217361643095,"segment_cum_len":1175.7834958538137,"stop_segment_distance":11.455994499791714}
{"route_id":"71","stop_id":"8217","stop_lat":34.049793,"stop_lon":-118.196634,"stop_sequence":27,"segment_first_lat":34.050061512,"segment_first_lon":-118.1969915799,"segment_second_lat":34.0498794516,"segment_second_lon":-118.1965788314,"segment_sequence":260005,"segment_id":13,"segment_len_meter":43.07968705997813,"segment_cum_len":9243.637632102915,"stop_segment_distance":12.255061976808484}
{"route_id":"78","stop_id":"1530","stop_lat":34.10333,"stop_lon":-118.081442,"stop_sequence":67,"segment_first_lat":34.1034472539,"segment_first_lon":-118.0830308708,"segment_second_lat":34.1034557544,"segment_second_lon":-118.0814419871,"segment_sequence":660004,"segment_id":33,"segment_len_meter":146.2953138279941,"segment_cum_len":21145.29822697759,"stop_segment_distance":14.558969956387386}
{"route_id":"78","stop_id":"15715","stop_lat":34.049246,"stop_lon":-118.252961,"stop_sequence":9,"segment_first_lat":34.0484606574,"segment_first_lon":-118.2537906294,"segment_second_lat":34.0492904559,"segment_second_lon":-118.2530325544,"segment_sequence":80003,"segment_id":4,"segment_len_meter":115.72228353347363,"segment_cum_len":2273.157171170842,"stop_segment_distance":8.57011713049279}
