{"route_id":"105","stop_id":"10250","stop_lat":34.004016,"stop_lon":-118.265718,"stop_sequence":11,"segment_first_lat":34.0038898887,"segment_first_lon":-118.2657180811,"segment_second_lat":34.0038849182,"segment_second_lon":-118.2664769254,"segment_sequence":110001,"segment_id":6,"segment_len_meter":69.95287073465754,"segment_cum_len":3668.9898693256996,"stop_segment_distance":15.530451058753883}
{"route_id":"106","stop_id":"16615","stop_lat":34.035692,"stop_lon":-118.218409,"stop_sequence":23,"segment_first_lat":34.0352671007,"segment_first_lon":-118.2177374834,"segment_second_lat":34.0355779199,"segment_second_lon":-118.218478295,"segment_sequence":220005,"segment_id":11,"segment_len_meter":76.51368199853108,"segment_cum_len":8163.073942972812,"stop_segment_distance":15.54093573138897}
{"route_id":"106","stop_id":"2341","stop_lat":34.047088,"stop_lon":-118.219505,"stop_sequence":27,"segment_first_lat":34.047238522,"segment_first_lon":-118.2198219192,"segment_second_lat":34.0472179622,"segment_second_lon":-118.2194927459,"segment_sequence":260006,"segment_id":13,"segment_len_meter":30.41392783078763,"segment_cum_len":9533.50469998612,"stop_segment_distance":17.737032350452946}
{"route_id":"111","stop_id":"1411","stop_lat":33.969567,"stop_lon":-118.347312,"stop_sequence":20,"segment_first_lat":33.9695498822,"segment_first_lon":-118.3476545328,"segment_second_lat":33.9696778734,"segment_second_lon":-118.3473889114,"segment_sequence":190008,"segment_id":10,"segment_len_meter":28.329388400219678,"segment_cum_len":6734.658032967837,"stop_segment_distance":17.538687232867964}
{"route_id":"117","stop_id":"7552","stop_lat":33.94535,"stop_lon":-118.321774,"stop_sequence":19,"segment_first_lat":33.9454754287,"segment_first_lon":-118.3217746171,"segment_second_lat":33.9454755172,"segment_second_lon":-118.3210195824,"segment_sequence":190001,"segment_id":10,"segment_len_meter":69.64734777121838,"segment_cum_len":8397.600309714397,"stop_segment_distance":15.27605686735744}
{"route_id":"158","stop_id":"9591","stop_lat":34.25754,"stop_lon":-118.484683,"stop_sequence":48,"segment_first_lat":34.2574003696,"segment_first_lon":-118.4819522363,"segment_second_lat":34.2574150241,"segment_second_lon":-118.4846826094,"segment_sequence":470001,"segment_id":24,"segment_len_meter":250.9388509338888,"segment_cum_len":19135.66526368798,"stop_segment_distance":14.406957723899865}
{"route_id":"161","stop_id":"15396","stop_lat":34.168826,"stop_lon":-118.614879,"stop_sequence":12,"segment_first_lat":34.1687049725,"segment_first_lon":-118.6148328832,"segment_second_lat":34.1685876245,"segment_second_lon":-118.6152674127,"segment_sequence":120001,"segment_id":6,"segment_len_meter":42.05291959685935,"segment_cum_len":4650.293281603595,"stop_segment_distance":16.549585501223056}
{"route_id":"161","stop_id":"20095","stop_lat":34.155143,"stop_lon":-118.792227,"stop_sequence":42,"segment_first_lat":34.1549917586,"segment_first_lon":-118.7921696441,"segment_second_lat":34.1550234569,"segment_second_lon":-118.7922806772,"segment_sequence":410010,"segment_id":21,"segment_len_meter":10.807746064894282,"segment_cum_len":25430.4273450485,"stop_segment_distance":20.998775329179878}
{"route_id":"163","stop_id":"6217","stop_lat":34.200904,"stop_lon":-118.561929,"stop_sequence":19,"segment_first_lat":34.2010297205,"segment_first_lon":-118.5619260636,"segment_second_lat":34.2010168435,"segment_second_lon":-118.5601996086,"segment_sequence":190001,"segment_id":10,"segment_len_meter":158.78169879524827,"segment_cum_len":6584.564269563443,"stop_segment_distance":14.739995617384494}
{"route_id":"167","stop_id":"12853","stop_lat":34.242615,"stop_lon":-118.571418,"stop_sequence":11,"segment_first_lat":34.2427377069,"segment_first_lon":-118.5721003581,"segment_second_lat":34.2427387285,"segment_second_lon":-118.5714187371,"segment_sequence":100003,"segment_id":5,"segment_len_meter":62.65505798891746,"segment_cum_len":4500.721375808088,"stop_segment_distance":15.292757103547146}
{"route_id":"167","stop_id":"18193","stop_lat":34.242745,"stop_lon":-118.480786,"stop_sequence":35,"segment_first_lat":34.2428959391,"segment_first_lon":-118.4846810288,"segment_second_lat":34.2428699923,"segment_second_lon":-118.4807830365,"segment_sequence":340001,"segment_id":17,"segment_len_meter":358.31646873519526,"segment_cum_len":14479.291336668402,"stop_segment_distance":14.010594788686603}
{"route_id":"167","stop_id":"4578","stop_lat":34.221547,"stop_lon":-118.429002,"stop_sequence":63,"segment_first_lat":34.2216726723,"segment_first_lon":-118.4299622697,"segment_second_lat":34.2216738789,"segment_second_lon":-118.4290029513,"segment_sequence":620002,"segment_id":31,"segment_len_meter":88.20320776127069,"segment_cum_len":25204.0234659161,"stop_segment_distance":15.295021997569037}
{"route_id":"176","stop_id":"11752","stop_lat":34.084562,"stop_lon":-118.073517,"stop_sequence":52,"segment_first_lat":34.0844436445,"segment_first_lon":-118.0735742816,"segment_second_lat":34.0847041987,"segment_second_lon":-118.0743793469,"segment_sequence":520001,"segment_id":26,"segment_len_meter":79.60057230597987,"segment_cum_len":20378.024849494326,"stop_segment_distance":15.552581797087058}
{"route_id":"176","stop_id":"16880","stop_lat":34.115809,"stop_lon":-118.183816,"stop_sequence":93,"segment_first_lat":34.1156761419,"segment_first_lon":-118.1841556541,"segment_second_lat":34.1158883462,"segment_second_lon":-118.1839301412,"segment_sequence":920007,"segment_id":46,"segment_len_meter":31.428817675397713,"segment_cum_len":33285.42728515755,"stop_segment_distance":16.874265385069396}
{"route_id":"180","stop_id":"2493","stop_lat":34.101611,"stop_lon":-118.308931,"stop_sequence":6,"segment_first_lat":34.1017377021,"segment_first_lon":-118.3089316931,"segment_second_lat":34.1017443217,"segment_second_lon":-118.3071975077,"segment_sequence":60001,"segment_id":3,"segment_len_meter":159.67545389164053,"segment_cum_len":2134.0942469445436,"stop_segment_distance":14.710367323116657}
{"route_id":"201","stop_id":"7960","stop_lat":34.092359,"stop_lon":-118.267162,"stop_sequence":41,"segment_first_lat":34.0925495265,"segment_first_lon":-118.2668816659,"segment_second_lat":34.0923040587,"segment_second_lon":-118.2670433843,"segment_sequence":400017,"segment_id":20,"segment_len_meter":31.092899665555045,"segment_cum_len":11504.990675122215,"stop_segment_distance":14.8169336331651}
{"route_id":"201","stop_id":"9815","stop_lat":34.146378,"stop_lon":-118.242011,"stop_sequence":6,"segment_first_lat":34.1462519666,"segment_first_lon":-118.2420143972,"segment_second_lat":34.1462658223,"segment_second_lon":-118.2430522107,"segment_sequence":60001,"segment_id":3,"segment_len_meter":95.51798835728455,"segment_cum_len":1690.4421709308342,"stop_segment_distance":15.12638775972431}
{"route_id":"204","stop_id":"3960","stop_lat":34.082059,"stop_lon":-118.291557,"stop_sequence":57,"segment_first_lat":34.0820584508,"segment_first_lon":-118.2917075809,"segment_second_lat":34.0834104142,"segment_second_lon":-118.29170404,"segment_sequence":570001,"segment_id":29,"segment_len_meter":150.3318247757418,"segment_cum_len":17728.205968875656,"stop_segment_distance":14.415473617702247}
{"route_id":"207","stop_id":"5727","stop_lat":34.016812,"stop_lon":-118.30874,"stop_sequence":30,"segment_first_lat":34.0168141919,"segment_first_lon":-118.3088961027,"segment_second_lat":34.0173610227,"segment_second_lon":-118.3088941609,"segment_sequence":300001,"segment_id":15,"segment_len_meter":60.80507407327632,"segment_cum_len":11874.469201135831,"stop_segment_distance":16.2646016601176}
{"route_id":"210","stop_id":"141021","stop_lat":33.988672,"stop_lon":-118.330963,"stop_sequence":50,"segment_first_lat":33.9886729092,"segment_first_lon":-118.3308124138,"segment_second_lat":33.9881535629,"segment_second_lon":-118.3308123411,"segment_sequence":500001,"segment_id":25,"segment_len_meter":57.74867412010887,"segment_cum_len":16281.613401384373,"stop_segment_distance":15.43272578449539}
{"route_id":"212","stop_id":"11012","stop_lat":34.101738,"stop_lon":-118.329286,"stop_sequence":3,"segment_first_lat":34.1016159788,"segment_first_lon":-118.3288168251,"segment_second_lat":34.101612778,"segment_second_lon":-118.3292858745,"segment_sequence":20003,"segment_id":1,"segment_len_meter":43.188885916111765,"segment_cum_len":583.8547533275656,"stop_segment_distance":16.01477945260548}
{"route_id":"218","stop_id":"11991","stop_lat":34.074107,"stop_lon":-118.361565,"stop_sequence":19,"segment_first_lat":34.0741072535,"segment_first_lon":-118.3614136992,"segment_second_lat":34.0717688292,"segment_second_lon":-118.3614062371,"segment_sequence":190001,"segment_id":10,"segment_len_meter":260.0218268552209,"segment_cum_len":10510.858451432132,"stop_segment_distance":14.317281400317825}
{"route_id":"218","stop_id":"17717","stop_lat":34.143275,"stop_lon":-118.395317,"stop_sequence":2,"segment_first_lat":34.1433153566,"segment_first_lon":-118.3951698872,"segment_second_lat":34.141118093,"segment_second_lon":-118.3943438678,"segment_sequence":20001,"segment_id":1,"segment_len_meter":255.87757628242673,"segment_cum_len":526.2960099817788,"stop_segment_distance":14.397866088609817}
{"route_id":"222","stop_id":"2058","stop_lat":34.259614,"stop_lon":-118.3228,"stop_sequence":63,"segment_first_lat":34.2597572143,"segment_first_lon":-118.3255876089,"segment_second_lat":34.2597481895,"segment_second_lon":-118.3228009645,"segment_sequence":620002,"segment_id":31,"segment_len_meter":256.0999726071862,"segment_cum_len":25982.58158869261,"stop_segment_distance":15.502799144015967}
{"route_id":"258","stop_id":"13507","stop_lat":34.07949,"stop_lon":-118.152023,"stop_sequence":24,"segment_first_lat":34.0836341078,"segment_first_lon":-118.1519118479,"segment_second_lat":34.0794903734,"segment_second_lon":-118.151872619,"segment_sequence":230001,"segment_id":12,"segment_len_meter":460.7764065083379,"segment_cum_len":7588.269338427921,"stop_segment_distance":13.990959829026167}
{"route_id":"258","stop_id":"3452","stop_lat":34.05781,"stop_lon":-118.172321,"stop_sequence":31,"segment_first_lat":34.0579363305,"segment_first_lon":-118.1721926184,"segment_second_lat":34.0578195842,"segment_second_lon":-118.172165966,"segment_sequence":300005,"segment_id":15,"segment_len_meter":13.211744503621244,"segment_cum_len":12601.594435244599,"stop_segment_distance":19.472984921945486}
{"route_id":"260","stop_id":"10405","stop_lat":34.108683,"stop_lon":-118.150643,"stop_sequence":25,"segment_first_lat":34.1086827101,"segment_first_lon":-118.1504896055,"segment_second_lat":34.1077759016,"segment_second_lon":-118.1504988749,"segment_sequence":250001,"segment_id":13,"segment_len_meter":100.83611602761069,"segment_cum_len":8426.681578940072,"stop_segment_distance":15.020245236315432}
{"route_id":"260","stop_id":"11854","stop_lat":34.0989,"stop_lon":-118.134819,"stop_sequence":32,"segment_first_lat":34.1005676799,"segment_first_lon":-118.1346734921,"segment_second_lat":34.0988997301,"segment_second_lon":-118.1346678329,"segment_sequence":310003,"segment_id":16,"segment_len_meter":185.46828765266878,"segment_cum_len":11147.569342221726,"stop_segment_distance":14.371714455663351}
{"route_id":"266","stop_id":"17828","stop_lat":33.920033,"stop_lon":-118.135194,"stop_sequence":23,"segment_first_lat":33.9186961517,"segment_first_lon":-118.1364214496,"segment_second_lat":33.920124838,"segment_second_lon":-118.1353706763,"segment_sequence":220004,"segment_id":11,"segment_len_meter":186.1129407530318,"segment_cum_len":10236.013210485298,"stop_segment_distance":20.005239253954727}
{"route_id":"268","stop_id":"11458","stop_lat":34.176799,"stop_lon":-118.159474,"stop_sequence":80,"segment_first_lat":34.1763620805,"segment_first_lon":-118.159621895,"segment_second_lat":34.1767989878,"segment_second_lon":-118.1596253747,"segment_sequence":790007,"segment_id":40,"segment_len_meter":48.58292975838599,"segment_cum_len":29907.953262530893,"stop_segment_distance":15.794691728479378}
{"route_id":"40","stop_id":"13586","stop_lat":33.937926,"stop_lon":-118.352769,"stop_sequence":64,"segment_first_lat":33.9379268423,"segment_first_lon":-118.3526168686,"segment_second_lat":33.9346019768,"segment_second_lon":-118.3526028752,"segment_sequence":640001,"segment_id":32,"segment_len_meter":369.7104292275034,"segment_cum_len":24666.339123429298,"stop_segment_distance":14.256431925022753}
{"route_id":"55","stop_id":"814","stop_lat":33.950439,"stop_lon":-118.245979,"stop_sequence":15,"segment_first_lat":33.9490149271,"segment_first_lon":-118.2461497123,"segment_second_lat":33.9504411763,"segment_second_lon":-118.2460935631,"segment_sequence":140002,"segment_id":7,"segment_len_meter":158.67622114821498,"segment_cum_len":4287.16769936314,"stop_segment_distance":11.024350675354782}
{"route_id":"55","stop_id":"826","stop_lat":33.967222,"stop_lon":-118.247506,"stop_sequence":21,"segment_first_lat":33.9665981014,"segment_first_lon":-118.2476557734,"segment_second_lat":33.9672218606,"segment_second_lon":-118.2476576179,"segment_sequence":200003,"segment_id":10,"segment_len_meter":69.3590670715776,"segment_cum_len":6291.652974883701,"stop_segment_distance":15.35917254466149}
{"route_id":"611","stop_id":"9940","stop_lat":33.974878,"stop_lon":-118.247426,"stop_sequence":28,"segment_first_lat":33.9747482383,"segment_first_lon":-118.2476567884,"segment_second_lat":33.9757347059,"segment_second_lon":-118.247663004,"segment_sequence":280002,"segment_id":14,"segment_len_meter":109.69168981568559,"segment_cum_len":8604.804121885205,"stop_segment_distance":13.756134081759356}
{"route_id":"70","stop_id":"720","stop_lat":34.055902,"stop_lon":-118.176791,"stop_sequence":31,"segment_first_lat":34.0559860322,"segment_first_lon":-118.1768518877,"segment_second_lat":34.0561384596,"segment_second_lon":-118.1765303189,"segment_sequence":310001,"segment_id":16,"segment_len_meter":34.13012053613334,"segment_cum_len":10756.869723272464,"stop_segment_distance":12.377810628100193}
{"route_id":"76","stop_id":"10238","stop_lat":34.080115,"stop_lon":-118.094513,"stop_sequence":17,"segment_first_lat":34.0800220448,"segment_first_lon":-118.0938163206,"segment_second_lat":34.07998826,"segment_second_lon":-118.0945035086,"segment_sequence":160003,"segment_id":8,"segment_len_meter":63.399940217940475,"segment_cum_len":6121.820507956945,"stop_segment_distance":15.709828876548038}
{"route_id":"794","stop_id":"20139","stop_lat":34.037462,"stop_lon":-118.262167,"stop_sequence":3,"segment_first_lat":34.0369939889,"segment_first_lon":-118.2626974389,"segment_second_lat":34.0375181215,"segment_second_lon":-118.2622657002,"segment_sequence":20005,"segment_id":1,"segment_len_meter":70.56408880591167,"segment_cum_len":605.6610147181149,"stop_segment_distance":11.860096283335068}
{"route_id":"83","stop_id":"12411","stop_lat":34.055101,"stop_lon":-118.242543,"stop_sequence":47,"segment_first_lat":34.0560919576,"segment_first_lon":-118.2415026767,"segment_second_lat":34.0550568088,"segment_second_lon":-118.2424759148,"segment_sequence":460015,"segment_id":23,"segment_len_meter":145.90237665216648,"segment_cum_len":13582.196683597595,"stop_segment_distance":8.030436974610154}
{"route_id":"94","stop_id":"13548","stop_lat":34.181038,"stop_lon":-118.303485,"stop_sequence":48,"segment_first_lat":34.1810224575,"segment_first_lon":-118.3032370231,"segment_second_lat":34.1805954029,"segment_second_lon":-118.3036884462,"segment_sequence":480002,"segment_id":24,"segment_len_meter":63.081855320028275,"segment_cum_len":20519.22191492791,"stop_segment_distance":12.447107231098151}
