{"route_id":"105","stop_id":"5221","stop_lat":34.026993,"stop_lon":-118.3719,"stop_sequence":44,"segment_first_lat":34.0267234679,"segment_first_lon":-118.3720634403,"segment_second_lat":34.0269980227,"segment_second_lon":-118.3720498095,"segment_sequence":430007,"segment_id":22,"segment_len_meter":30.554932877109852,"segment_cum_len":15682.934874763165,"stop_segment_distance":16.8046198461525}
{"route_id":"111","stop_id":"7645","stop_lat":33.974463,"stop_lon":-118.30055,"stop_sequence":30,"segment_first_lat":33.9745903156,"segment_first_lon":-118.3013648293,"segment_second_lat":33.9745923477,"segment_second_lon":-118.3005501712,"segment_sequence":290005,"segment_id":15,"segment_len_meter":75.12186740600914,"segment_cum_len":11195.773122263876,"stop_segment_distance":15.720356545044595}
{"route_id":"115","stop_id":"1564","stop_lat":33.959996,"stop_lon":-118.346576,"stop_sequence":22,"segment_first_lat":33.96008497,"segment_first_lon":-118.3464739216,"segment_second_lat":33.9599993314,"segment_second_lon":-118.3463452879,"segment_sequence":220001,"segment_id":11,"segment_len_meter":15.212676456494696,"segment_cum_len":4853.868383308716,"stop_segment_distance":19.72536489468731}
{"route_id":"128","stop_id":"17252","stop_lat":33.888819,"stop_lon":-118.20738,"stop_sequence":41,"segment_first_lat":33.8886908338,"segment_first_lon":-118.2070504656,"segment_second_lat":33.8886902674,"segment_second_lon":-118.2073799495,"segment_sequence":400004,"segment_id":20,"segment_len_meter":30.41320674500648,"segment_cum_len":18762.93524546666,"stop_segment_distance":17.492047514635797}
{"route_id":"154","stop_id":"11315","stop_lat":34.179535,"stop_lon":-118.383698,"stop_sequence":32,"segment_first_lat":34.1794373295,"segment_first_lon":-118.3836974879,"segment_second_lat":34.1794361548,"segment_second_lon":-118.3855358061,"segment_sequence":320001,"segment_id":16,"segment_len_meter":169.10618646512557,"segment_cum_len":12998.423020103057,"stop_segment_distance":11.170216876672924}
{"route_id":"154","stop_id":"506","stop_lat":34.172424,"stop_lon":-118.541745,"stop_sequence":69,"segment_first_lat":34.1723564088,"segment_first_lon":-118.5414305525,"segment_second_lat":34.1723250279,"segment_second_lon":-118.5416882234,"segment_sequence":680010,"segment_id":34,"segment_len_meter":23.96047799894515,"segment_cum_len":29196.351757589036,"stop_segment_distance":18.110058743221032}
{"route_id":"169","stop_id":"6112","stop_lat":34.208157,"stop_lon":-118.60563,"stop_sequence":52,"segment_first_lat":34.2082821708,"segment_first_lon":-118.6056307037,"segment_second_lat":34.2082838444,"segment_second_lon":-118.6044168577,"segment_sequence":520001,"segment_id":26,"segment_len_meter":111.62316017383316,"segment_cum_len":21426.668727620425,"stop_segment_distance":14.741811370071858}
{"route_id":"2","stop_id":"8007","stop_lat":34.085104,"stop_lon":-118.274834,"stop_sequence":63,"segment_first_lat":34.0851506813,"segment_first_lon":-118.274691157,"segment_second_lat":34.0847641948,"segment_second_lon":-118.2745089061,"segment_sequence":630001,"segment_id":32,"segment_len_meter":46.13653846683903,"segment_cum_len":19725.9167421486,"stop_segment_distance":16.213188691141482}
{"route_id":"204","stop_id":"5702","stop_lat":34.062079,"stop_lon":-118.291474,"stop_sequence":50,"segment_first_lat":34.0618040581,"segment_first_lon":-118.2916287002,"segment_second_lat":34.0620788479,"segment_second_lon":-118.2916276772,"segment_sequence":490002,"segment_id":25,"segment_len_meter":30.55537697098254,"segment_cum_len":15356.219886233213,"stop_segment_distance":17.331303877673033}
{"route_id":"205","stop_id":"17432","stop_lat":33.790899,"stop_lon":-118.283694,"stop_sequence":58,"segment_first_lat":33.7907860988,"segment_first_lon":-118.283841653,"segment_second_lat":33.7906837475,"segment_second_lon":-118.2829642523,"segment_sequence":540015,"segment_id":27,"segment_len_meter":81.87654409499969,"segment_cum_len":15894.309974535941,"stop_segment_distance":8.223331743978491}
{"route_id":"212","stop_id":"13647","stop_lat":33.984,"stop_lon":-118.358353,"stop_sequence":47,"segment_first_lat":33.9842670958,"segment_first_lon":-118.3581096117,"segment_second_lat":33.9839681215,"segment_second_lon":-118.3582043228,"segment_sequence":460017,"segment_id":23,"segment_len_meter":34.37221703920411,"segment_cum_len":16067.871677145122,"stop_segment_distance":17.01155223252072}
{"route_id":"212","stop_id":"2343","stop_lat":33.964598,"stop_lon":-118.353524,"stop_sequence":56,"segment_first_lat":33.9654691597,"segment_first_lon":-118.3533792143,"segment_second_lat":33.9645981143,"segment_second_lon":-118.3533699327,"segment_sequence":550002,"segment_id":28,"segment_len_meter":96.85961166686221,"segment_cum_len":18352.506927082115,"stop_segment_distance":15.133445952059063}
{"route_id":"217","stop_id":"1629","stop_lat":34.026183,"stop_lon":-118.370916,"stop_sequence":43,"segment_first_lat":34.0262212477,"segment_first_lon":-118.3709622134,"segment_second_lat":34.0262202875,"segment_second_lon":-118.3709169953,"segment_sequence":420007,"segment_id":21,"segment_len_meter":4.1685006783555405,"segment_cum_len":12252.05872352407,"stop_segment_distance":5.997452769905239}
{"route_id":"222","stop_id":"9132","stop_lat":34.105473,"stop_lon":-118.330368,"stop_sequence":11,"segment_first_lat":34.1053074596,"segment_first_lon":-118.3304367945,"segment_second_lat":34.1054133361,"segment_second_lon":-118.3305069148,"segment_sequence":100006,"segment_id":5,"segment_len_meter":13.426903898974148,"segment_cum_len":2579.9056163648697,"stop_segment_distance":20.447815208781286}
{"route_id":"234","stop_id":"20114","stop_lat":34.224788,"stop_lon":-118.46783,"stop_sequence":46,"segment_first_lat":34.2256491303,"segment_first_lon":-118.467679416,"segment_second_lat":34.2247890343,"segment_second_lon":-118.4676802221,"segment_sequence":450003,"segment_id":23,"segment_len_meter":95.63834034275187,"segment_cum_len":17195.293846376277,"stop_segment_distance":14.881754992916498}
{"route_id":"239","stop_id":"30015","stop_lat":34.293471,"stop_lon":-118.45085,"stop_sequence":66,"segment_first_lat":34.2935781456,"segment_first_lon":-118.4507642343,"segment_second_lat":34.2934632292,"segment_second_lon":-118.4507788433,"segment_sequence":650011,"segment_id":33,"segment_len_meter":12.848403889860498,"segment_cum_len":25626.790756792558,"stop_segment_distance":8.028868720232422}
{"route_id":"243","stop_id":"14839","stop_lat":34.208196,"stop_lon":-118.553355,"stop_sequence":52,"segment_first_lat":34.2070435089,"segment_first_lon":-118.5535258983,"segment_second_lat":34.2081948887,"segment_second_lon":-118.5535249305,"segment_sequence":510003,"segment_id":26,"segment_len_meter":128.0276233341673,"segment_cum_len":22997.563521965032,"stop_segment_distance":16.710568685916655}
{"route_id":"256","stop_id":"10127","stop_lat":34.069375,"stop_lon":-118.180319,"stop_sequence":31,"segment_first_lat":34.0676793468,"segment_first_lon":-118.1803518604,"segment_second_lat":34.0693719042,"segment_second_lon":-118.1804380589,"segment_sequence":300004,"segment_id":15,"segment_len_meter":188.3711995006492,"segment_cum_len":9105.420427776786,"stop_segment_distance":11.172974227233567}
{"route_id":"258","stop_id":"708","stop_lat":34.063181,"stop_lon":-118.168687,"stop_sequence":29,"segment_first_lat":34.0631061549,"segment_first_lon":-118.1686948518,"segment_second_lat":34.0631422714,"segment_second_lon":-118.1691987673,"segment_sequence":290001,"segment_id":15,"segment_len_meter":46.59218596766688,"segment_cum_len":11653.476179431658,"stop_segment_distance":9.099910625951402}
{"route_id":"267","stop_id":"1382","stop_lat":34.142295,"stop_lon":-118.085356,"stop_sequence":30,"segment_first_lat":34.1422002374,"segment_first_lon":-118.0833337581,"segment_second_lat":34.1421963532,"segment_second_lon":-118.085356317,"segment_sequence":290002,"segment_id":15,"segment_len_meter":186.13693984059844,"segment_cum_len":11586.517564782933,"stop_segment_distance":11.237338837107728}
{"route_id":"268","stop_id":"11560","stop_lat":34.092289,"stop_lon":-118.027023,"stop_sequence":12,"segment_first_lat":34.0921779283,"segment_first_lon":-118.0270381205,"segment_second_lat":34.0923161012,"segment_second_lon":-118.0284299941,"segment_sequence":120001,"segment_id":6,"segment_len_meter":129.08763142933935,"segment_cum_len":3728.2236638029326,"stop_segment_distance":12.938580254784625}
{"route_id":"35","stop_id":"7761","stop_lat":34.020797,"stop_lon":-118.277731,"stop_sequence":34,"segment_first_lat":34.0210222682,"segment_first_lon":-118.2779233208,"segment_second_lat":34.0209101913,"segment_second_lon":-118.2776688437,"segment_sequence":330005,"segment_id":17,"segment_len_meter":26.558612524172858,"segment_cum_len":10519.882509682275,"stop_segment_distance":17.95550073302305}
{"route_id":"4","stop_id":"16318","stop_lat":34.077802,"stop_lon":-118.263146,"stop_sequence":22,"segment_first_lat":34.0779284838,"segment_first_lon":-118.2616768014,"segment_second_lat":34.0776785969,"segment_second_lon":-118.263116814,"segment_sequence":210002,"segment_id":11,"segment_len_meter":135.504980923761,"segment_cum_len":6981.790742687497,"stop_segment_distance":14.520044027991986}
{"route_id":"45","stop_id":"11899","stop_lat":34.062506,"stop_lon":-118.238371,"stop_sequence":15,"segment_first_lat":34.0640276008,"segment_first_lon":-118.237447911,"segment_second_lat":34.0624572988,"segment_second_lon":-118.2382315695,"segment_sequence":140002,"segment_id":7,"segment_len_meter":188.9432731598947,"segment_cum_len":3621.9953759311065,"stop_segment_distance":14.355115481047847}
{"route_id":"501","stop_id":"9811","stop_lat":34.147924,"stop_lon":-118.14881,"stop_sequence":3,"segment_first_lat":34.147924286,"segment_first_lon":-118.1488945142,"segment_second_lat":34.1488558033,"segment_second_lon":-118.1489037756,"segment_sequence":30001,"segment_id":2,"segment_len_meter":103.58350404314197,"segment_cum_len":1290.0214925693722,"stop_segment_distance":8.164434783403593}
{"route_id":"534","stop_id":"470","stop_lat":34.022151,"stop_lon":-118.809037,"stop_sequence":34,"segment_first_lat":34.0220394087,"segment_first_lon":-118.8089857883,"segment_second_lat":34.021988267,"segment_second_lon":-118.8091542643,"segment_sequence":340001,"segment_id":17,"segment_len_meter":16.535507731788034,"segment_cum_len":33188.37305857868,"stop_segment_distance":17.816868596010377}
{"route_id":"55","stop_id":"1131","stop_lat":34.038897,"stop_lon":-118.258109,"stop_sequence":56,"segment_first_lat":34.0375947741,"segment_first_lon":-118.2593457934,"segment_second_lat":34.0389672424,"segment_second_lon":-118.2582347155,"segment_sequence":550005,"segment_id":28,"segment_len_meter":183.7704712820015,"segment_cum_len":16876.08784178206,"stop_segment_distance":14.468467964019283}
{"route_id":"550","stop_id":"30005","stop_lat":33.869338,"stop_lon":-118.287306,"stop_sequence":32,"segment_first_lat":33.8694761133,"segment_first_lon":-118.2870463773,"segment_second_lat":33.8693101416,"segment_second_lon":-118.287278043,"segment_sequence":310023,"segment_id":16,"segment_len_meter":28.250254460102173,"segment_cum_len":18648.619804750542,"stop_segment_distance":4.249656096372629}
{"route_id":"60","stop_id":"11498","stop_lat":33.917803,"stop_lon":-118.209558,"stop_sequence":59,"segment_first_lat":33.9178113708,"segment_first_lon":-118.2094052243,"segment_second_lat":33.9169181523,"segment_second_lon":-118.2093449833,"segment_sequence":590001,"segment_id":30,"segment_len_meter":99.47679528862152,"segment_cum_len":18899.45313020331,"stop_segment_distance":14.985859407331688}
{"route_id":"602","stop_id":"6411","stop_lat":34.04172,"stop_lon":-118.548999,"stop_sequence":4,"segment_first_lat":34.0417847675,"segment_first_lon":-118.5492076915,"segment_second_lat":34.041833282,"segment_second_lon":-118.5490535266,"segment_sequence":30048,"segment_id":2,"segment_len_meter":15.194526658028561,"segment_cum_len":1298.7704833120317,"stop_segment_distance":18.89995111658354}
{"route_id":"720","stop_id":"16628","stop_lat":34.028,"stop_lon":-118.201106,"stop_sequence":7,"segment_first_lat":34.0278851165,"segment_first_lon":-118.2011779978,"segment_second_lat":34.0282461876,"segment_second_lon":-118.2019996621,"segment_sequence":70001,"segment_id":4,"segment_len_meter":85.70570371165887,"segment_cum_len":4765.181353747086,"stop_segment_distance":15.474336869629468}
{"route_id":"733","stop_id":"65300024","stop_lat":33.998031,"stop_lon":-118.47941,"stop_sequence":36,"segment_first_lat":33.9978111921,"segment_first_lon":-118.4793262402,"segment_second_lat":33.9979668682,"segment_second_lon":-118.4794970394,"segment_sequence":350065,"segment_id":18,"segment_len_meter":23.4002077423611,"segment_cum_len":28684.687509848794,"stop_segment_distance":12.966811734398316}
{"route_id":"78","stop_id":"2534","stop_lat":34.090259,"stop_lon":-118.164729,"stop_sequence":37,"segment_first_lat":34.0903604622,"segment_first_lon":-118.1648148779,"segment_second_lat":34.0904596014,"segment_second_lon":-118.1646565389,"segment_sequence":370001,"segment_id":19,"segment_len_meter":18.2791142175833,"segment_cum_len":12843.584877220546,"stop_segment_distance":18.781119120177657}
{"route_id":"794","stop_id":"5851","stop_lat":34.165966,"stop_lon":-118.288029,"stop_sequence":20,"segment_first_lat":34.1652802436,"segment_first_lon":-118.2873155129,"segment_second_lat":34.1658693779,"segment_second_lon":-118.2881287796,"segment_sequence":190009,"segment_id":10,"segment_len_meter":99.44888303727409,"segment_cum_len":18197.49796972002,"stop_segment_distance":15.299046704168916}
{"route_id":"90","stop_id":"2100","stop_lat":34.100341,"stop_lon":-118.235718,"stop_sequence":78,"segment_first_lat":34.1018944638,"segment_first_lon":-118.2368419391,"segment_second_lat":34.1004155362,"segment_second_lon":-118.2355881504,"segment_sequence":770010,"segment_id":39,"segment_len_meter":200.92412533886272,"segment_cum_len":25126.89856410039,"stop_segment_distance":14.988093149115912}
{"route_id":"94","stop_id":"14238","stop_lat":34.150067,"stop_lon":-118.273649,"stop_sequence":61,"segment_first_lat":34.1505501179,"segment_first_lon":-118.2737433644,"segment_second_lat":34.1501156539,"segment_second_lon":-118.2735112407,"segment_sequence":600004,"segment_id":30,"segment_len_meter":52.82175935480908,"segment_cum_len":25195.041178696694,"stop_segment_distance":15.378782497379895}
