{"route_id":"10","stop_id":"16382","stop_lat":34.076702,"stop_lon":-118.283957,"stop_sequence":29,"segment_first_lat":34.0765153534,"segment_first_lon":-118.2838998724,"segment_second_lat":34.076578228,"segment_second_lon":-118.2840387808,"segment_sequence":280006,"segment_id":14,"segment_len_meter":14.57934330305694,"segment_cum_len":8196.108717297438,"stop_segment_distance":22.520484853730608}
{"route_id":"111","stop_id":"9957","stop_lat":33.973986,"stop_lon":-118.224485,"stop_sequence":50,"segment_first_lat":33.9742096798,"segment_first_lon":-118.2252108098,"segment_second_lat":33.9741313882,"segment_second_lon":-118.2244615744,"segment_sequence":490004,"segment_id":25,"segment_len_meter":69.63540943461308,"segment_cum_len":18216.44818856933,"stop_segment_distance":18.07575954051903}
{"route_id":"125","stop_id":"863","stop_lat":33.904788,"stop_lon":-118.39351,"stop_sequence":2,"segment_first_lat":33.9045902915,"segment_first_lon":-118.3933407375,"segment_second_lat":33.9046684115,"segment_second_lon":-118.3935684936,"segment_sequence":10029,"segment_id":1,"segment_len_meter":22.74340263734803,"segment_cum_len":1146.371984878327,"stop_segment_distance":18.577010353414106}
{"route_id":"128","stop_id":"17230","stop_lat":33.888807,"stop_lon":-118.113688,"stop_sequence":19,"segment_first_lat":33.8886337803,"segment_first_lon":-118.1136051387,"segment_second_lat":33.8886962871,"segment_second_lon":-118.1137574454,"segment_sequence":180015,"segment_id":9,"segment_len_meter":15.683003961344047,"segment_cum_len":10103.440312691617,"stop_segment_distance":18.920816547042087}
{"route_id":"14","stop_id":"9030","stop_lat":34.059498,"stop_lon":-118.399259,"stop_sequence":85,"segment_first_lat":34.0595017383,"segment_first_lon":-118.3991099755,"segment_second_lat":34.0593094092,"segment_second_lon":-118.3991031151,"segment_sequence":850001,"segment_id":43,"segment_len_meter":21.395356027320812,"segment_cum_len":31209.17877983475,"stop_segment_distance":17.755020773018426}
{"route_id":"155","stop_id":"18056","stop_lat":34.157536,"stop_lon":-118.392274,"stop_sequence":19,"segment_first_lat":34.1576317919,"segment_first_lon":-118.3931700164,"segment_second_lat":34.1576347013,"segment_second_lon":-118.3922742462,"segment_sequence":180005,"segment_id":9,"segment_len_meter":82.42345558682736,"segment_cum_len":6606.526653978779,"stop_segment_distance":11.682393244562604}
{"route_id":"165","stop_id":"6834","stop_lat":34.193779,"stop_lon":-118.494737,"stop_sequence":38,"segment_first_lat":34.1938990587,"segment_first_lon":-118.4961660523,"segment_second_lat":34.1939049098,"segment_second_lon":-118.4947374949,"segment_sequence":370003,"segment_id":19,"segment_len_meter":131.39148522113527,"segment_cum_len":14181.760814539488,"stop_segment_distance":14.72084687051094}
{"route_id":"167","stop_id":"20016","stop_lat":34.242959,"stop_lon":-118.523087,"stop_sequence":26,"segment_first_lat":34.243151144,"segment_first_lon":-118.5232408716,"segment_second_lat":34.2431268216,"segment_second_lon":-118.5212355376,"segment_sequence":260002,"segment_id":13,"segment_len_meter":184.35030082445505,"segment_cum_len":10760.694856742473,"stop_segment_distance":12.479368361576661}
{"route_id":"176","stop_id":"10701","stop_lat":34.112332,"stop_lon":-118.139304,"stop_sequence":77,"segment_first_lat":34.1122985004,"segment_first_lon":-118.1393723547,"segment_second_lat":34.1125291212,"segment_second_lon":-118.1395458515,"segment_sequence":770001,"segment_id":39,"segment_len_meter":30.211431327844906,"segment_cum_len":28572.38834107054,"stop_segment_distance":8.34533598063252}
{"route_id":"180","stop_id":"3660","stop_lat":34.164035,"stop_lon":-118.132333,"stop_sequence":81,"segment_first_lat":34.1633616572,"segment_first_lon":-118.1325169232,"segment_second_lat":34.1640404167,"segment_second_lon":-118.1324849426,"segment_sequence":800004,"segment_id":40,"segment_len_meter":75.53194740054455,"segment_cum_len":24834.456598960718,"stop_segment_distance":15.221518552947998}
{"route_id":"210","stop_id":"25400133","stop_lat":34.047567,"stop_lon":-118.327023,"stop_sequence":30,"segment_first_lat":34.0475163343,"segment_first_lon":-118.326884337,"segment_second_lat":34.0448868573,"segment_second_lon":-118.3283156173,"segment_sequence":300001,"segment_id":15,"segment_len_meter":320.74680110098075,"segment_cum_len":9723.285376211505,"stop_segment_distance":14.14942218050362}
{"route_id":"218","stop_id":"32165","stop_lat":34.14108,"stop_lon":-118.39449,"stop_sequence":3,"segment_first_lat":34.1433153566,"segment_first_lon":-118.3951698872,"segment_second_lat":34.141118093,"segment_second_lon":-118.3943438678,"segment_sequence":20001,"segment_id":1,"segment_len_meter":255.87757628242673,"segment_cum_len":526.2960099817788,"stop_segment_distance":14.537185615066335}
{"route_id":"268","stop_id":"15022","stop_lat":34.074643,"stop_lon":-118.034942,"stop_sequence":6,"segment_first_lat":34.0739777422,"segment_first_lon":-118.0354639339,"segment_second_lat":34.0747032772,"segment_second_lon":-118.0351251083,"segment_sequence":50002,"segment_id":3,"segment_len_meter":86.50130500055208,"segment_cum_len":1413.7968190893932,"stop_segment_distance":19.867938483447688}
{"route_id":"33","stop_id":"6912","stop_lat":34.043462,"stop_lon":-118.323825,"stop_sequence":49,"segment_first_lat":34.0435935302,"segment_first_lon":-118.3241094071,"segment_second_lat":34.0435907196,"segment_second_lon":-118.3238255134,"segment_sequence":480008,"segment_id":24,"segment_len_meter":26.159105029419607,"segment_cum_len":16474.161557656244,"stop_segment_distance":18.163671705871792}
{"route_id":"33","stop_id":"6928","stop_lat":34.023115,"stop_lon":-118.398775,"stop_sequence":27,"segment_first_lat":34.0228713074,"segment_first_lon":-118.3994672839,"segment_second_lat":34.0232189895,"segment_second_lon":-118.3988627025,"segment_sequence":260003,"segment_id":13,"segment_len_meter":67.81693665615391,"segment_cum_len":8773.397771528189,"stop_segment_distance":15.607709861110393}
{"route_id":"35","stop_id":"7738","stop_lat":34.025478,"stop_lon":-118.331821,"stop_sequence":17,"segment_first_lat":34.0256044997,"segment_first_lon":-118.3327260101,"segment_second_lat":34.0256047903,"segment_second_lon":-118.3318217416,"segment_sequence":160004,"segment_id":8,"segment_len_meter":83.33465652933901,"segment_cum_len":5401.965614569209,"stop_segment_distance":15.344829519782365}
{"route_id":"4","stop_id":"16323","stop_lat":34.079526,"stop_lon":-118.268749,"stop_sequence":24,"segment_first_lat":34.0793146091,"segment_first_lon":-118.2686425274,"segment_second_lat":34.0794213522,"segment_second_lon":-118.2688330869,"segment_sequence":230006,"segment_id":12,"segment_len_meter":21.187059267918517,"segment_cum_len":7581.1471356840575,"stop_segment_distance":18.25968549612978}
{"route_id":"40","stop_id":"20400005","stop_lat":33.93361,"stop_lon":-118.352754,"stop_sequence":65,"segment_first_lat":33.9337693867,"segment_first_lon":-118.3525993713,"segment_second_lat":33.933610013,"segment_second_lon":-118.3525987005,"segment_sequence":640006,"segment_id":32,"segment_len_meter":17.72165493661831,"segment_cum_len":24776.641137808005,"stop_segment_distance":19.356812941538262}
{"route_id":"460","stop_id":"4594","stop_lat":33.90209,"stop_lon":-118.079543,"stop_sequence":27,"segment_first_lat":33.9022172201,"segment_first_lon":-118.0795427376,"segment_second_lat":33.9022220195,"segment_second_lon":-118.0789298016,"segment_sequence":280001,"segment_id":14,"segment_len_meter":56.570841957662466,"segment_cum_len":37541.345572095895,"stop_segment_distance":16.04095375688148}
{"route_id":"53","stop_id":"4852","stop_lat":34.016535,"stop_lon":-118.255687,"stop_sequence":59,"segment_first_lat":34.0157175235,"segment_first_lon":-118.2561827424,"segment_second_lat":34.0165767059,"segment_second_lon":-118.2558293138,"segment_sequence":580009,"segment_id":29,"segment_len_meter":100.93743756013312,"segment_cum_len":19746.396980834077,"stop_segment_distance":14.711563737328007}
{"route_id":"53","stop_id":"4875","stop_lat":33.954498,"stop_lon":-118.256263,"stop_sequence":35,"segment_first_lat":33.95391218,"segment_first_lon":-118.2564223827,"segment_second_lat":33.9545002369,"segment_second_lon":-118.2564146203,"segment_sequence":340008,"segment_id":17,"segment_len_meter":65.39286336065445,"segment_cum_len":12833.371690293356,"stop_segment_distance":15.372309132419588}
{"route_id":"60","stop_id":"11504","stop_lat":33.955934,"stop_lon":-118.220614,"stop_sequence":47,"segment_first_lat":33.9567549616,"segment_first_lon":-118.220946336,"segment_second_lat":33.9559910946,"segment_second_lon":-118.2204764056,"segment_sequence":460006,"segment_id":23,"segment_len_meter":95.35760719232727,"segment_cum_len":14409.04298790345,"stop_segment_distance":15.127968895988602}
{"route_id":"60","stop_id":"141092","stop_lat":33.881058,"stop_lon":-118.204936,"stop_sequence":72,"segment_first_lat":33.8810919967,"segment_first_lon":-118.2047877778,"segment_second_lat":33.8807646295,"segment_second_lon":-118.2046851768,"segment_sequence":720001,"segment_id":36,"segment_len_meter":37.61360797873788,"segment_cum_len":22956.19076813647,"stop_segment_distance":16.585396218103035}
{"route_id":"770","stop_id":"7665","stop_lat":34.062368,"stop_lon":-118.133922,"stop_sequence":18,"segment_first_lat":34.0624583554,"segment_first_lon":-118.133922088,"segment_second_lat":34.0624604311,"segment_second_lon":-118.1320368247,"segment_sequence":180001,"segment_id":9,"segment_len_meter":173.66482864328157,"segment_cum_len":16887.756100066585,"stop_segment_distance":10.342780218666547}
{"route_id":"78","stop_id":"1546","stop_lat":34.096626,"stop_lon":-118.123424,"stop_sequence":53,"segment_first_lat":34.0967356245,"segment_first_lon":-118.123500052,"segment_second_lat":34.0971016068,"segment_second_lon":-118.122724043,"segment_sequence":530001,"segment_id":27,"segment_len_meter":82.23051574464613,"segment_cum_len":17186.02484328736,"stop_segment_distance":15.199290590893355}
{"route_id":"78","stop_id":"2846","stop_lat":34.10715,"stop_lon":-118.056713,"stop_sequence":74,"segment_first_lat":34.1070835285,"segment_first_lon":-118.05804386,"segment_second_lat":34.1072751246,"segment_second_lon":-118.0567397869,"segment_sequence":730006,"segment_id":37,"segment_len_meter":121.9393110147862,"segment_cum_len":23490.816710364954,"stop_segment_distance":14.943627976972977}
{"route_id":"83","stop_id":"11668","stop_lat":34.095548,"stop_lon":-118.20968,"stop_sequence":25,"segment_first_lat":34.0955451097,"segment_first_lon":-118.2095345329,"segment_second_lat":34.0954875987,"segment_second_lon":-118.2095809611,"segment_sequence":240009,"segment_id":12,"segment_len_meter":7.6923399236971886,"segment_cum_len":7382.532892502311,"stop_segment_distance":17.03216491432792}
