{"route_id":"102","stop_id":"1416","stop_lat":33.974636,"stop_lon":-118.251651,"stop_sequence":77,"segment_first_lat":33.9747612677,"segment_first_lon":-118.2519808229,"segment_second_lat":33.9747619561,"segment_second_lon":-118.2516510007,"segment_sequence":760003,"segment_id":38,"segment_len_meter":30.41371140376875,"segment_cum_len":25614.77051522405,"stop_segment_distance":17.043634770944102}
{"route_id":"102","stop_id":"2739","stop_lat":34.01072,"stop_lon":-118.314067,"stop_sequence":39,"segment_first_lat":34.0108378928,"segment_first_lon":-118.3151526607,"segment_second_lat":34.0108451189,"segment_second_lon":-118.3140670964,"segment_sequence":380004,"segment_id":19,"segment_len_meter":100.06294959297803,"segment_cum_len":13613.775202695908,"stop_segment_distance":14.773320537798242}
{"route_id":"102","stop_id":"7757","stop_lat":34.019975,"stop_lon":-118.27588,"stop_sequence":56,"segment_first_lat":34.0200843242,"segment_first_lon":-118.2758091765,"segment_second_lat":34.0196717466,"segment_second_lon":-118.2748993229,"segment_sequence":560001,"segment_id":28,"segment_len_meter":95.58409870690821,"segment_cum_len":18361.519841217618,"stop_segment_distance":14.681547935574287}
{"route_id":"105","stop_id":"15299","stop_lat":34.039875,"stop_lon":-118.370155,"stop_sequence":47,"segment_first_lat":34.0397691016,"segment_first_lon":-118.3700673473,"segment_second_lat":34.0391383117,"segment_second_lon":-118.3711911181,"segment_sequence":470001,"segment_id":24,"segment_len_meter":125.0662578989766,"segment_cum_len":17356.557066641824,"stop_segment_distance":15.009058501265912}
{"route_id":"106","stop_id":"8619","stop_lat":34.03736,"stop_lon":-118.152161,"stop_sequence":4,"segment_first_lat":34.0373821261,"segment_first_lon":-118.1518509885,"segment_second_lat":34.037289721,"segment_second_lon":-118.1521303902,"segment_sequence":30019,"segment_id":2,"segment_len_meter":27.719909268177204,"segment_cum_len":1050.758617630617,"stop_segment_distance":9.259695899520494}
{"route_id":"111","stop_id":"7648","stop_lat":33.974447,"stop_lon":-118.309231,"stop_sequence":28,"segment_first_lat":33.9745791889,"segment_first_lon":-118.3111605637,"segment_second_lat":33.9745745322,"segment_second_lon":-118.3092310756,"segment_sequence":270003,"segment_id":14,"segment_len_meter":177.92339141242059,"segment_cum_len":10395.279554869952,"stop_segment_distance":14.793383821443683}
{"route_id":"115","stop_id":"898","stop_lat":33.954636,"stop_lon":-118.211968,"stop_sequence":60,"segment_first_lat":33.9547992578,"segment_first_lon":-118.211944074,"segment_second_lat":33.9547063654,"segment_second_lon":-118.2110123093,"segment_sequence":600001,"segment_id":30,"segment_len_meter":86.55874870304325,"segment_cum_len":17501.538647695397,"stop_segment_distance":20.22201998002646}
{"route_id":"14","stop_id":"5376","stop_lat":34.029003,"stop_lon":-118.26895,"stop_sequence":33,"segment_first_lat":34.0285329804,"segment_first_lon":-118.2690834858,"segment_second_lat":34.029012042,"segment_second_lon":-118.2690348603,"segment_sequence":320005,"segment_id":16,"segment_len_meter":53.45735879316184,"segment_cum_len":10780.394654476313,"stop_segment_distance":8.11909575662569}
{"route_id":"150","stop_id":"6988","stop_lat":34.142989,"stop_lon":-118.400481,"stop_sequence":65,"segment_first_lat":34.1431156318,"segment_first_lon":-118.4004997502,"segment_second_lat":34.1433237713,"segment_second_lon":-118.3981327792,"segment_sequence":650001,"segment_id":33,"segment_len_meter":219.0561660754605,"segment_cum_len":23599.130144582745,"stop_segment_distance":14.417321645029801}
{"route_id":"164","stop_id":"7110","stop_lat":34.186833,"stop_lon":-118.370617,"stop_sequence":22,"segment_first_lat":34.186707543,"segment_first_lon":-118.370616811,"segment_second_lat":34.1867056203,"segment_second_lon":-118.3719592916,"segment_sequence":220001,"segment_id":11,"segment_len_meter":123.48378236460132,"segment_cum_len":7735.7409046362445,"stop_segment_distance":14.742318127011032}
{"route_id":"164","stop_id":"7170","stop_lat":34.186736,"stop_lon":-118.544586,"stop_sequence":62,"segment_first_lat":34.1866120028,"segment_first_lon":-118.5440062447,"segment_second_lat":34.1866093989,"segment_second_lon":-118.5445848907,"segment_sequence":610003,"segment_id":31,"segment_len_meter":53.22566904019529,"segment_cum_len":23614.295201046956,"stop_segment_distance":15.932595197629134}
{"route_id":"180","stop_id":"2484","stop_lat":34.10163,"stop_lon":-118.304528,"stop_sequence":7,"segment_first_lat":34.1017498697,"segment_first_lon":-118.3050074689,"segment_second_lat":34.1017571147,"segment_second_lon":-118.3045318263,"segment_sequence":60005,"segment_id":3,"segment_len_meter":43.80182102799105,"segment_cum_len":2379.5717836966737,"stop_segment_distance":16.452098526771437}
{"route_id":"183","stop_id":"20152","stop_lat":34.170425,"stop_lon":-118.338959,"stop_sequence":36,"segment_first_lat":34.1702577662,"segment_first_lon":-118.3398710443,"segment_second_lat":34.1705420949,"segment_second_lon":-118.3390176051,"segment_sequence":350005,"segment_id":18,"segment_len_meter":84.64228732019707,"segment_cum_len":14440.328029853688,"stop_segment_distance":15.39373546317347}
{"route_id":"2","stop_id":"2452","stop_lat":34.07439,"stop_lon":-118.437923,"stop_sequence":7,"segment_first_lat":34.0743529979,"segment_first_lon":-118.4380327338,"segment_second_lat":34.0752096415,"segment_second_lon":-118.4384523096,"segment_sequence":70001,"segment_id":4,"segment_len_meter":102.79492121695897,"segment_cum_len":1890.9326902078283,"stop_segment_distance":11.476869015691406}
{"route_id":"201","stop_id":"19088","stop_lat":34.107551,"stop_lon":-118.264079,"stop_sequence":34,"segment_first_lat":34.1072688149,"segment_first_lon":-118.2636185711,"segment_second_lat":34.1074564789,"segment_second_lon":-118.2641292198,"segment_sequence":330009,"segment_id":17,"segment_len_meter":51.43736422251176,"segment_cum_len":9279.161387734073,"stop_segment_distance":12.785166394212638}
{"route_id":"204","stop_id":"140955","stop_lat":33.960444,"stop_lon":-118.29151,"stop_sequence":15,"segment_first_lat":33.9604462087,"segment_first_lon":-118.2916609599,"segment_second_lat":33.9609710672,"segment_second_lon":-118.2916535541,"segment_sequence":150001,"segment_id":8,"segment_len_meter":58.36559901594392,"segment_cum_len":4111.404062819462,"stop_segment_distance":15.643282916796572}
{"route_id":"204","stop_id":"5666","stop_lat":33.991278,"stop_lon":-118.29132,"stop_sequence":25,"segment_first_lat":33.9905027666,"segment_first_lon":-118.2914661237,"segment_second_lat":33.9912776509,"segment_second_lon":-118.2914714603,"segment_sequence":240005,"segment_id":12,"segment_len_meter":86.164607602549,"segment_cum_len":7483.312993356475,"stop_segment_distance":15.047585479902892}
{"route_id":"204","stop_id":"5692","stop_lat":33.930786,"stop_lon":-118.29143,"stop_sequence":3,"segment_first_lat":33.9300578748,"segment_first_lon":-118.2915888036,"segment_second_lat":33.9307860616,"segment_second_lon":-118.2915860634,"segment_sequence":20008,"segment_id":1,"segment_len_meter":80.9710724803668,"segment_cum_len":753.8194040655405,"stop_segment_distance":15.706108782947652}
{"route_id":"205","stop_id":"5638","stop_lat":33.798038,"stop_lon":-118.290636,"stop_sequence":61,"segment_first_lat":33.7980473684,"segment_first_lon":-118.2907891349,"segment_second_lat":33.7999586609,"segment_second_lon":-118.2905969588,"segment_sequence":620001,"segment_id":31,"segment_len_meter":213.26659997212676,"segment_cum_len":19925.446161815886,"stop_segment_distance":14.520087969152598}
{"route_id":"210","stop_id":"140918","stop_lat":34.076103,"stop_lon":-118.323387,"stop_sequence":12,"segment_first_lat":34.0762284143,"segment_first_lon":-118.3233871876,"segment_second_lat":34.0762284335,"segment_second_lon":-118.3226606925,"segment_sequence":120001,"segment_id":6,"segment_len_meter":66.91162609870842,"segment_cum_len":3875.0998090875837,"stop_segment_distance":15.366790483182328}
{"route_id":"210","stop_id":"15540","stop_lat":34.097741,"stop_lon":-118.326803,"stop_sequence":4,"segment_first_lat":34.0977418454,"segment_first_lon":-118.3266512725,"segment_second_lat":34.0970631261,"segment_second_lon":-118.3266486212,"segment_sequence":40001,"segment_id":2,"segment_len_meter":75.47053762619076,"segment_cum_len":1101.531924458054,"stop_segment_distance":15.20544976216354}
{"route_id":"232","stop_id":"23200097","stop_lat":33.82555,"stop_lon":-118.385401,"stop_sequence":57,"segment_first_lat":33.8251534498,"segment_first_lon":-118.3855308083,"segment_second_lat":33.8255435737,"segment_second_lon":-118.3855520263,"segment_sequence":560007,"segment_id":28,"segment_len_meter":43.42405404758537,"segment_cum_len":23344.327579365126,"stop_segment_distance":16.240766689936144}
{"route_id":"236","stop_id":"326","stop_lat":34.172517,"stop_lon":-118.500955,"stop_sequence":5,"segment_first_lat":34.1725137356,"segment_first_lon":-118.5011059458,"segment_second_lat":34.1734479259,"segment_second_lon":-118.5011294022,"segment_sequence":50001,"segment_id":3,"segment_len_meter":103.89963329990529,"segment_cum_len":1461.7984003954662,"stop_segment_distance":14.741967961426482}
{"route_id":"243","stop_id":"7041","stop_lat":34.172652,"stop_lon":-118.557507,"stop_sequence":42,"segment_first_lat":34.1727793889,"segment_first_lon":-118.5575012665,"segment_second_lat":34.1727596738,"segment_second_lon":-118.5567106464,"segment_sequence":420001,"segment_id":21,"segment_len_meter":72.76759400321541,"segment_cum_len":18749.347850774233,"stop_segment_distance":15.641179991841568}
{"route_id":"252","stop_id":"11728","stop_lat":34.085195,"stop_lon":-118.195486,"stop_sequence":22,"segment_first_lat":34.0851059397,"segment_first_lon":-118.1954403328,"segment_second_lat":34.0850496391,"segment_second_lon":-118.1955911295,"segment_sequence":220001,"segment_id":11,"segment_len_meter":15.233081797397828,"segment_cum_len":8983.067394556423,"stop_segment_distance":14.36713684765858}
{"route_id":"266","stop_id":"17873","stop_lat":34.028718,"stop_lon":-118.067699,"stop_sequence":49,"segment_first_lat":34.0287745031,"segment_first_lon":-118.067833867,"segment_second_lat":34.0294707788,"segment_second_lon":-118.06739944,"segment_sequence":490001,"segment_id":25,"segment_len_meter":87.16032992869215,"segment_cum_len":24112.810526563357,"stop_segment_distance":14.905705002489071}
{"route_id":"266","stop_id":"3851","stop_lat":34.124843,"stop_lon":-118.072905,"stop_sequence":71,"segment_first_lat":34.1248370544,"segment_first_lon":-118.0730557268,"segment_second_lat":34.1252937312,"segment_second_lon":-118.0730871851,"segment_sequence":710001,"segment_id":36,"segment_len_meter":50.86263881775175,"segment_cum_len":35090.94926814284,"stop_segment_distance":15.877595733483382}
{"route_id":"268","stop_id":"30020","stop_lat":34.072197,"stop_lon":-118.045125,"stop_sequence":1,"segment_first_lat":34.0724714455,"segment_first_lon":-118.0451053849,"segment_second_lat":34.0724717255,"segment_second_lon":-118.0443492075,"segment_sequence":10001,"segment_id":1,"segment_len_meter":69.64852007403212,"segment_cum_len":69.64852007403212,"stop_segment_distance":38.63315221719145}
{"route_id":"33","stop_id":"5630","stop_lat":33.987526,"stop_lon":-118.464525,"stop_sequence":5,"segment_first_lat":33.9872513334,"segment_first_lon":-118.4652196651,"segment_second_lat":33.9876292928,"segment_second_lon":-118.46461644,"segment_sequence":40012,"segment_id":2,"segment_len_meter":69.70986706551406,"segment_cum_len":1531.9081352549274,"stop_segment_distance":15.494156834291346}
{"route_id":"33","stop_id":"6914","stop_lat":34.025407,"stop_lon":-118.39477,"stop_sequence":28,"segment_first_lat":34.0255013141,"segment_first_lon":-118.3948697069,"segment_second_lat":34.0255825116,"segment_second_lon":-118.3947443501,"segment_sequence":280001,"segment_id":14,"segment_len_meter":14.662157546731422,"segment_cum_len":9235.079459183557,"stop_segment_distance":18.939741897848137}
{"route_id":"35","stop_id":"7756","stop_lat":34.021689,"stop_lon":-118.279757,"stop_sequence":33,"segment_first_lat":34.0218010686,"segment_first_lon":-118.2796841995,"segment_second_lat":34.0213667088,"segment_second_lon":-118.2786999837,"segment_sequence":330001,"segment_id":17,"segment_len_meter":102.7640574331089,"segment_cum_len":10412.141626182562,"stop_segment_distance":15.18765017008046}
{"route_id":"45","stop_id":"13974","stop_lat":34.044403,"stop_lon":-118.252563,"stop_sequence":21,"segment_first_lat":34.0443490314,"segment_first_lon":-118.2524752594,"segment_second_lat":34.0433808029,"segment_second_lon":-118.2533361959,"segment_sequence":210001,"segment_id":11,"segment_len_meter":133.72905546543453,"segment_cum_len":6255.318818276826,"stop_segment_distance":10.48237793703862}
{"route_id":"53","stop_id":"4886","stop_lat":34.032258,"stop_lon":-118.243823,"stop_sequence":67,"segment_first_lat":34.0323192925,"segment_first_lon":-118.2439827273,"segment_second_lat":34.0329753958,"segment_second_lon":-118.2436176205,"segment_sequence":670001,"segment_id":34,"segment_len_meter":80.33944435428846,"segment_cum_len":21909.282290583345,"stop_segment_distance":17.865804518804197}
{"route_id":"602","stop_id":"7994","stop_lat":34.057482,"stop_lon":-118.482781,"stop_sequence":34,"segment_first_lat":34.0575435454,"segment_first_lon":-118.4830855609,"segment_second_lat":34.0576031331,"segment_second_lon":-118.4828211217,"segment_sequence":330014,"segment_id":17,"segment_len_meter":25.245736019052522,"segment_cum_len":10829.499017147333,"stop_segment_distance":17.600988780197667}
{"route_id":"611","stop_id":"6172","stop_lat":33.966255,"stop_lon":-118.222307,"stop_sequence":16,"segment_first_lat":33.9655729171,"segment_first_lon":-118.2223876864,"segment_second_lat":33.9662543764,"segment_second_lon":-118.2223921342,"segment_sequence":150005,"segment_id":8,"segment_len_meter":75.77592706987811,"segment_cum_len":5310.385453393758,"stop_segment_distance":8.28387501107514}
{"route_id":"733","stop_id":"15272","stop_lat":34.045081,"stop_lon":-118.328879,"stop_sequence":18,"segment_first_lat":34.0449577052,"segment_first_lon":-118.3289387972,"segment_second_lat":34.0450443796,"segment_second_lon":-118.3291985982,"segment_sequence":180001,"segment_id":9,"segment_len_meter":25.80438525582325,"segment_cum_len":12210.416399812988,"stop_segment_distance":18.69765179289746}
{"route_id":"78","stop_id":"2850","stop_lat":34.106,"stop_lon":-118.064918,"stop_sequence":72,"segment_first_lat":34.1061226622,"segment_first_lon":-118.0649403927,"segment_second_lat":34.1062920317,"segment_second_lon":-118.0637185887,"segment_sequence":720001,"segment_id":36,"segment_len_meter":114.05630904619721,"segment_cum_len":22839.0402309885,"stop_segment_distance":14.842546022097736}
{"route_id":"910","stop_id":"10994","stop_lat":33.988866,"stop_lon":-118.280733,"stop_sequence":17,"segment_first_lat":33.9888660366,"segment_first_lon":-118.2806129776,"segment_second_lat":33.9861402235,"segment_second_lon":-118.2805850399,"segment_sequence":170001,"segment_id":9,"segment_len_meter":303.1075325191927,"segment_cum_len":28925.66367924175,"stop_segment_distance":11.357512672176085}
{"route_id":"92","stop_id":"11062","stop_lat":34.291863,"stop_lon":-118.447947,"stop_sequence":120,"segment_first_lat":34.2916951901,"segment_first_lon":-118.4479763031,"segment_second_lat":34.2919497348,"segment_second_lon":-118.448249156,"segment_sequence":1200002,"segment_id":60,"segment_len_meter":37.80783689318114,"segment_cum_len":41228.316112408254,"stop_segment_distance":10.43080350826137}
{"route_id":"92","stop_id":"2195","stop_lat":34.078311,"stop_lon":-118.260238,"stop_sequence":19,"segment_first_lat":34.078340448,"segment_first_lon":-118.2603782939,"segment_second_lat":34.0785661992,"segment_second_lon":-118.2603083267,"segment_sequence":190001,"segment_id":10,"segment_len_meter":25.916294998351482,"segment_cum_len":5796.724051707055,"stop_segment_distance":16.51985394159547}
{"route_id":"92","stop_id":"2207","stop_lat":34.079575,"stop_lon":-118.260041,"stop_sequence":20,"segment_first_lat":34.0792726326,"segment_first_lon":-118.2602015473,"segment_second_lat":34.0795804222,"segment_second_lon":-118.2601886348,"segment_sequence":190005,"segment_id":10,"segment_len_meter":34.24529701877921,"segment_cum_len":5910.248300414189,"stop_segment_distance":16.094407672731627}
