{"route_id":"108","stop_id":"6256","stop_lat":33.989021,"stop_lon":-118.204735,"stop_sequence":60,"segment_first_lat":33.9891775183,"segment_first_lon":-118.2050227799,"segment_second_lat":33.9891450763,"segment_second_lon":-118.2047093139,"segment_sequence":590004,"segment_id":30,"segment_len_meter":29.124746938774013,"segment_cum_len":20494.543336261107,"stop_segment_distance":16.604816508502427}
{"route_id":"111","stop_id":"1420","stop_lat":33.974623,"stop_lon":-118.245681,"stop_sequence":44,"segment_first_lat":33.9747518542,"segment_first_lon":-118.2458889413,"segment_second_lat":33.9747522775,"segment_second_lon":-118.2456811533,"segment_sequence":430005,"segment_id":22,"segment_len_meter":19.160638752775565,"segment_cum_len":16255.505880091645,"stop_segment_distance":19.150953346207668}
{"route_id":"115","stop_id":"8124","stop_lat":33.935567,"stop_lon":-118.124228,"stop_sequence":78,"segment_first_lat":33.9360008629,"segment_first_lon":-118.1248320231,"segment_second_lat":33.9356814409,"segment_second_lon":-118.1241524277,"segment_sequence":770004,"segment_id":39,"segment_len_meter":72.05745898839915,"segment_cum_len":25959.4662073098,"stop_segment_distance":16.15842509704079}
{"route_id":"130","stop_id":"9806","stop_lat":33.874513,"stop_lon":-118.186449,"stop_sequence":22,"segment_first_lat":33.8743849106,"segment_first_lon":-118.1864485544,"segment_second_lat":33.8743934551,"segment_second_lon":-118.1871407037,"segment_sequence":220001,"segment_id":11,"segment_len_meter":63.90688698848823,"segment_cum_len":10079.310419007612,"stop_segment_distance":15.563541215755713}
{"route_id":"150","stop_id":"7001","stop_lat":34.144838,"stop_lon":-118.412761,"stop_sequence":61,"segment_first_lat":34.1451344212,"segment_first_lon":-118.4137442304,"segment_second_lat":34.1449650453,"segment_second_lon":-118.4127300858,"segment_sequence":600003,"segment_id":30,"segment_len_meter":95.21011141012167,"segment_cum_len":22181.762297285666,"stop_segment_distance":15.500500790990898}
{"route_id":"152","stop_id":"12998","stop_lat":34.221791,"stop_lon":-118.405083,"stop_sequence":33,"segment_first_lat":34.2216626256,"segment_first_lon":-118.4033525553,"segment_second_lat":34.2216642655,"segment_second_lon":-118.4050826536,"segment_sequence":320003,"segment_id":16,"segment_len_meter":159.07144210874225,"segment_cum_len":12846.706912073354,"stop_segment_distance":14.762962227125485}
{"route_id":"163","stop_id":"6237","stop_lat":34.20108,"stop_lon":-118.405323,"stop_sequence":56,"segment_first_lat":34.2012163434,"segment_first_lon":-118.4090910207,"segment_second_lat":34.2012070399,"segment_second_lon":-118.4053240718,"segment_sequence":550001,"segment_id":28,"segment_len_meter":346.4321719275837,"segment_cum_len":20856.058070602394,"stop_segment_distance":14.555304053888108}
{"route_id":"164","stop_id":"7173","stop_lat":34.186776,"stop_lon":-118.483344,"stop_sequence":49,"segment_first_lat":34.1866422272,"segment_first_lon":-118.4824863739,"segment_second_lat":34.1866511587,"segment_second_lon":-118.4833464818,"segment_sequence":480004,"segment_id":24,"segment_len_meter":79.12044391760908,"segment_cum_len":17981.388934879553,"stop_segment_distance":15.039189433919105}
{"route_id":"165","stop_id":"6850","stop_lat":34.193815,"stop_lon":-118.45761,"stop_sequence":46,"segment_first_lat":34.1939299417,"segment_first_lon":-118.4598396712,"segment_second_lat":34.193940867,"segment_second_lon":-118.4576108661,"segment_sequence":450002,"segment_id":23,"segment_len_meter":204.99522696637024,"segment_cum_len":17596.450307190065,"stop_segment_distance":14.470105719833413}
{"route_id":"176","stop_id":"10116","stop_lat":34.094342,"stop_lon":-118.099784,"stop_sequence":58,"segment_first_lat":34.094227796,"segment_first_lon":-118.0998515462,"segment_second_lat":34.0947254851,"segment_second_lon":-118.1011125521,"segment_sequence":580001,"segment_id":29,"segment_len_meter":128.62938386337171,"segment_cum_len":23080.650278576206,"stop_segment_distance":15.0653728503936}
{"route_id":"176","stop_id":"15057","stop_lat":34.076689,"stop_lon":-118.046019,"stop_sequence":39,"segment_first_lat":34.0765610077,"segment_first_lon":-118.0460540143,"segment_second_lat":34.0765955697,"segment_second_lon":-118.0462138621,"segment_sequence":390001,"segment_id":20,"segment_len_meter":15.215577078214142,"segment_cum_len":15089.068794991905,"stop_segment_distance":20.114449148789628}
{"route_id":"180","stop_id":"782","stop_lat":34.139285,"stop_lon":-118.203838,"stop_sequence":53,"segment_first_lat":34.139384646,"segment_first_lon":-118.2047435162,"segment_second_lat":34.1394117202,"segment_second_lon":-118.2038446941,"segment_sequence":520004,"segment_id":26,"segment_len_meter":82.77625488135385,"segment_cum_len":15913.118876314104,"stop_segment_distance":15.398835026678881}
{"route_id":"183","stop_id":"20145","stop_lat":34.164804,"stop_lon":-118.366034,"stop_sequence":29,"segment_first_lat":34.1649317168,"segment_first_lon":-118.3664376048,"segment_second_lat":34.1649310148,"segment_second_lon":-118.3660342989,"segment_sequence":280006,"segment_id":14,"segment_len_meter":37.10640316059399,"segment_cum_len":11834.470318791875,"stop_segment_distance":16.773838784862335}
{"route_id":"2","stop_id":"10984","stop_lat":34.069443,"stop_lon":-118.438855,"stop_sequence":6,"segment_first_lat":34.0689063567,"segment_first_lon":-118.4391060815,"segment_second_lat":34.069462471,"segment_second_lon":-118.4389709773,"segment_sequence":50013,"segment_id":3,"segment_len_meter":63.076846522224464,"segment_cum_len":1175.5445332143677,"stop_segment_distance":11.819878930879405}
{"route_id":"200","stop_id":"3360","stop_lat":34.080352,"stop_lon":-118.261625,"stop_sequence":36,"segment_first_lat":34.079058622,"segment_first_lon":-118.2625917876,"segment_second_lat":34.0804085335,"segment_second_lon":-118.2617601858,"segment_sequence":350003,"segment_id":18,"segment_len_meter":168.51372974947614,"segment_cum_len":8755.558759952184,"stop_segment_distance":14.582459888513341}
{"route_id":"202","stop_id":"12478","stop_lat":33.896862,"stop_lon":-118.224555,"stop_sequence":13,"segment_first_lat":33.8968666798,"segment_first_lon":-118.2244332677,"segment_second_lat":33.8959663047,"segment_second_lon":-118.2243843955,"segment_sequence":130001,"segment_id":7,"segment_len_meter":100.21870738278268,"segment_cum_len":4503.923907448417,"stop_segment_distance":11.862645733285305}
{"route_id":"230","stop_id":"20076","stop_lat":34.235689,"stop_lon":-118.407867,"stop_sequence":24,"segment_first_lat":34.2378256309,"segment_first_lon":-118.4099255356,"segment_second_lat":34.2357712311,"segment_second_lon":-118.4077513111,"segment_sequence":230004,"segment_id":12,"segment_len_meter":303.5330220849239,"segment_cum_len":8825.512987896585,"stop_segment_distance":14.228069304084784}
{"route_id":"232","stop_id":"13000003","stop_lat":33.866401,"stop_lon":-118.393323,"stop_sequence":71,"segment_first_lat":33.8655327547,"segment_first_lon":-118.3932266948,"segment_second_lat":33.8663692245,"segment_second_lon":-118.3934710791,"segment_sequence":700006,"segment_id":35,"segment_len_meter":95.70902311735206,"segment_cum_len":27991.437542716663,"stop_segment_distance":15.365306396654134}
{"route_id":"232","stop_id":"16986","stop_lat":33.789955,"stop_lon":-118.297839,"stop_sequence":34,"segment_first_lat":33.7898338329,"segment_first_lon":-118.2977813223,"segment_second_lat":33.7897681705,"segment_second_lon":-118.2979992811,"segment_sequence":340001,"segment_id":17,"segment_len_meter":21.42457024358037,"segment_cum_len":13547.232362219404,"stop_segment_distance":18.578780854809914}
{"route_id":"233","stop_id":"6771","stop_lat":34.21362,"stop_lon":-118.448616,"stop_sequence":22,"segment_first_lat":34.2136189926,"segment_first_lon":-118.4487690588,"segment_second_lat":34.2142894947,"segment_second_lon":-118.4487650545,"segment_sequence":220001,"segment_id":11,"segment_len_meter":74.5573410199637,"segment_cum_len":7109.309366751514,"stop_segment_distance":15.212795997276643}
{"route_id":"234","stop_id":"16771","stop_lat":34.057944,"stop_lon":-118.447626,"stop_sequence":75,"segment_first_lat":34.0579433594,"segment_first_lon":-118.4470514824,"segment_second_lat":34.0578218463,"segment_second_lon":-118.4475860127,"segment_sequence":740008,"segment_id":37,"segment_len_meter":51.06206236660145,"segment_cum_len":43110.39855933515,"stop_segment_distance":15.93713004078242}
{"route_id":"236","stop_id":"20132","stop_lat":34.165246,"stop_lon":-118.500931,"stop_sequence":3,"segment_first_lat":34.1652456254,"segment_first_lon":-118.5010825209,"segment_second_lat":34.1658776373,"segment_second_lon":-118.5010839971,"segment_sequence":30001,"segment_id":2,"segment_len_meter":70.27664810036306,"segment_cum_len":619.9773453647823,"stop_segment_distance":15.295678688066232}
{"route_id":"239","stop_id":"5814","stop_lat":34.282081,"stop_lon":-118.445594,"stop_sequence":61,"segment_first_lat":34.2817955285,"segment_first_lon":-118.4462149836,"segment_second_lat":34.2821769353,"segment_second_lon":-118.4456929843,"segment_sequence":600003,"segment_id":30,"segment_len_meter":64.02201256512369,"segment_cum_len":23767.64792543918,"stop_segment_distance":15.286402774986897}
{"route_id":"246","stop_id":"3389","stop_lat":33.7936,"stop_lon":-118.263344,"stop_sequence":42,"segment_first_lat":33.7935906023,"segment_first_lon":-118.2634942165,"segment_second_lat":33.7952370679,"segment_second_lon":-118.263629388,"segment_sequence":420001,"segment_id":21,"segment_len_meter":183.50423038178633,"segment_cum_len":12542.608075558099,"stop_segment_distance":14.350306750628476}
{"route_id":"252","stop_id":"11657","stop_lat":34.054825,"stop_lon":-118.202582,"stop_sequence":11,"segment_first_lat":34.0546215327,"segment_first_lon":-118.2028391694,"segment_second_lat":34.0548660704,"segment_second_lon":-118.2026888884,"segment_sequence":100008,"segment_id":5,"segment_len_meter":30.513028555030626,"segment_cum_len":3747.548772826656,"stop_segment_distance":13.100834401645795}
{"route_id":"267","stop_id":"9824","stop_lat":34.149737,"stop_lon":-118.153724,"stop_sequence":59,"segment_first_lat":34.1496356578,"segment_first_lon":-118.1537273615,"segment_second_lat":34.1496434344,"segment_second_lon":-118.1540942462,"segment_sequence":590002,"segment_id":30,"segment_len_meter":33.77255925238847,"segment_cum_len":18949.452117528857,"stop_segment_distance":13.124334253267179}
{"route_id":"268","stop_id":"3063","stop_lat":34.091188,"stop_lon":-118.048729,"stop_sequence":18,"segment_first_lat":34.0911713849,"segment_first_lon":-118.0488988558,"segment_second_lat":34.0915895865,"segment_second_lon":-118.0489569,"segment_sequence":180001,"segment_id":9,"segment_len_meter":46.80807282222795,"segment_cum_len":5734.663900447873,"stop_segment_distance":18.281973929083158}
{"route_id":"268","stop_id":"8944","stop_lat":34.104611,"stop_lon":-118.051432,"stop_sequence":22,"segment_first_lat":34.1045875505,"segment_first_lon":-118.0515797758,"segment_second_lat":34.106099844,"segment_second_lon":-118.0518889172,"segment_sequence":220001,"segment_id":11,"segment_len_meter":170.55116389715977,"segment_cum_len":7370.56526250219,"stop_segment_distance":14.115632986703162}
{"route_id":"30","stop_id":"7924","stop_lat":34.044333,"stop_lon":-118.276608,"stop_sequence":20,"segment_first_lat":34.0444738782,"segment_first_lon":-118.2765184096,"segment_second_lat":34.0441668712,"segment_second_lon":-118.2758281503,"segment_sequence":200001,"segment_id":10,"segment_len_meter":72.18105904535238,"segment_cum_len":6087.671843300623,"stop_segment_distance":19.715042940334953}
{"route_id":"33","stop_id":"6947","stop_lat":34.041196,"stop_lon":-118.366998,"stop_sequence":37,"segment_first_lat":34.0399824674,"segment_first_lon":-118.369396573,"segment_second_lat":34.0412988832,"segment_second_lon":-118.3670841783,"segment_sequence":360001,"segment_id":18,"segment_len_meter":258.5027350747889,"segment_cum_len":12325.930263602899,"stop_segment_distance":14.367382829744372}
{"route_id":"460","stop_id":"1060","stop_lat":33.810362,"stop_lon":-117.915914,"stop_sequence":72,"segment_first_lat":33.8093944825,"segment_first_lon":-117.9159576774,"segment_second_lat":33.8103617093,"segment_second_lon":-117.9159567086,"segment_sequence":720004,"segment_id":36,"segment_len_meter":107.55075032074578,"segment_cum_len":64205.62387729542,"stop_segment_distance":4.053925870303004}
{"route_id":"51","stop_id":"5484","stop_lat":34.024239,"stop_lon":-118.259783,"stop_sequence":32,"segment_first_lat":34.0244597041,"segment_first_lon":-118.2594701012,"segment_second_lat":34.024179032,"segment_second_lon":-118.2596514016,"segment_sequence":310006,"segment_id":16,"segment_len_meter":35.40042655975117,"segment_cum_len":7746.704631072099,"stop_segment_distance":16.30526296928509}
{"route_id":"687","stop_id":"11826","stop_lat":34.17306,"stop_lon":-118.112924,"stop_sequence":3,"segment_first_lat":34.1732493193,"segment_first_lon":-118.1127424664,"segment_second_lat":34.1730445775,"segment_second_lon":-118.1127696304,"segment_sequence":20003,"segment_id":1,"segment_len_meter":22.902992632676373,"segment_cum_len":1242.843388376912,"stop_segment_distance":18.272893707241863}
{"route_id":"70","stop_id":"7663","stop_lat":34.062087,"stop_lon":-118.15253,"stop_sequence":39,"segment_first_lat":34.0621700993,"segment_first_lon":-118.1524675043,"segment_second_lat":34.0620547189,"segment_second_lon":-118.1522259414,"segment_sequence":390001,"segment_id":20,"segment_len_meter":25.685767475613947,"segment_cum_len":13850.794779214571,"stop_segment_distance":13.439247198785726}
{"route_id":"70","stop_id":"7666","stop_lat":34.062334,"stop_lon":-118.131806,"stop_sequence":44,"segment_first_lat":34.0624612331,"segment_first_lon":-118.1318057075,"segment_second_lat":34.062464762,"segment_second_lon":-118.1305807849,"segment_sequence":440001,"segment_id":22,"segment_len_meter":112.83679197858956,"segment_cum_len":15984.539773739747,"stop_segment_distance":15.106786340412512}
{"route_id":"76","stop_id":"142039","stop_lat":34.062888,"stop_lon":-118.234103,"stop_sequence":54,"segment_first_lat":34.0627262473,"segment_first_lon":-118.2340500598,"segment_second_lat":34.0631422224,"segment_second_lon":-118.2349261809,"segment_sequence":540002,"segment_id":27,"segment_len_meter":93.02032788676057,"segment_cum_len":20064.204348338222,"stop_segment_distance":6.541288556881071}
{"route_id":"76","stop_id":"15064","stop_lat":34.063225,"stop_lon":-118.182495,"stop_sequence":42,"segment_first_lat":34.0631111844,"segment_first_lon":-118.182436954,"segment_second_lat":34.0630319591,"segment_second_lon":-118.1826761558,"segment_sequence":420001,"segment_id":21,"segment_len_meter":23.730154166223212,"segment_cum_len":14956.693765208458,"stop_segment_distance":17.197386587784695}
{"route_id":"83","stop_id":"11902","stop_lat":34.06902,"stop_lon":-118.233272,"stop_sequence":40,"segment_first_lat":34.0694892917,"segment_first_lon":-118.2323486531,"segment_second_lat":34.0689210862,"segment_second_lon":-118.2331761955,"segment_sequence":390007,"segment_id":20,"segment_len_meter":99.0055570316063,"segment_cum_len":11714.665332155688,"stop_segment_distance":14.877385750530223}
{"route_id":"90","stop_id":"10564","stop_lat":34.254651,"stop_lon":-118.298253,"stop_sequence":12,"segment_first_lat":34.2552020646,"segment_first_lon":-118.2986153418,"segment_second_lat":34.2547377659,"segment_second_lon":-118.298131514,"segment_sequence":110003,"segment_id":6,"segment_len_meter":68.13773196744062,"segment_cum_len":2706.812948919629,"stop_segment_distance":16.358927068690903}
{"route_id":"92","stop_id":"2259","stop_lat":34.282924,"stop_lon":-118.421254,"stop_sequence":110,"segment_first_lat":34.282839708,"segment_first_lon":-118.4213674272,"segment_second_lat":34.2833719467,"segment_second_lon":-118.4219279278,"segment_sequence":1100001,"segment_id":55,"segment_len_meter":78.45034511660069,"segment_cum_len":37612.34655079172,"stop_segment_distance":15.031696580184814}
{"route_id":"92","stop_id":"460","stop_lat":34.13863,"stop_lon":-118.254808,"stop_sequence":44,"segment_first_lat":34.138629666,"segment_first_lon":-118.2549639702,"segment_second_lat":34.1394814971,"segment_second_lon":-118.2549692126,"segment_sequence":440001,"segment_id":22,"segment_len_meter":94.72052547973634,"segment_cum_len":13190.750167383567,"stop_segment_distance":15.471699044640658}
