{"route_id":"108","stop_id":"1646","stop_lat":33.989194,"stop_lon":-118.256669,"stop_sequence":46,"segment_first_lat":33.9893180953,"segment_first_lon":-118.2578107557,"segment_second_lat":33.9893227267,"segment_second_lon":-118.2566693793,"segment_sequence":450003,"segment_id":23,"segment_len_meter":105.23200999134122,"segment_cum_len":15703.488420431582,"stop_segment_distance":15.248141976793761}
{"route_id":"110","stop_id":"615","stop_lat":33.976327,"stop_lon":-118.38183,"stop_sequence":9,"segment_first_lat":33.9766123508,"segment_first_lon":-118.3846284162,"segment_second_lat":33.9764525505,"segment_second_lon":-118.3818204795,"segment_sequence":80007,"segment_id":4,"segment_len_meter":259.5294963102387,"segment_cum_len":4489.27932674601,"stop_segment_distance":14.444908305713682}
{"route_id":"111","stop_id":"1424","stop_lat":33.971232,"stop_lon":-118.343826,"stop_sequence":21,"segment_first_lat":33.9713426226,"segment_first_lon":-118.3439034405,"segment_second_lat":33.9718498853,"segment_second_lon":-118.3428389061,"segment_sequence":210001,"segment_id":11,"segment_len_meter":113.21758746428357,"segment_cum_len":7218.788686298371,"stop_segment_distance":15.050133504534855}
{"route_id":"117","stop_id":"6635","stop_lat":33.945207,"stop_lon":-118.215776,"stop_sequence":49,"segment_first_lat":33.945333303,"segment_first_lon":-118.2157566089,"segment_second_lat":33.9452332464,"segment_second_lon":-118.2148526223,"segment_sequence":490001,"segment_id":25,"segment_len_meter":84.12638259486424,"segment_cum_len":18731.388967174436,"stop_segment_distance":15.257522000828445}
{"route_id":"120","stop_id":"36516","stop_lat":33.917197,"stop_lon":-118.116989,"stop_sequence":39,"segment_first_lat":33.9170700689,"segment_first_lon":-118.1169890921,"segment_second_lat":33.9170660591,"segment_second_lon":-118.1188414182,"segment_sequence":390001,"segment_id":20,"segment_len_meter":170.92337254432618,"segment_cum_len":18246.87503938777,"stop_segment_distance":14.740876656149396}
{"route_id":"120","stop_id":"36519","stop_lat":33.931134,"stop_lon":-118.187023,"stop_sequence":57,"segment_first_lat":33.9309910945,"segment_first_lon":-118.186845163,"segment_second_lat":33.9310072785,"segment_second_lon":-118.1870406825,"segment_sequence":560006,"segment_id":28,"segment_len_meter":18.128091772310377,"segment_cum_len":24939.669939562897,"stop_segment_distance":18.897539871831825}
{"route_id":"128","stop_id":"17244","stop_lat":33.889246,"stop_lon":-118.177793,"stop_sequence":33,"segment_first_lat":33.8891167442,"segment_first_lon":-118.1777930827,"segment_second_lat":33.8891150034,"segment_second_lon":-118.1789693469,"segment_sequence":330001,"segment_id":17,"segment_len_meter":108.5751627740134,"segment_cum_len":16137.409711094273,"stop_segment_distance":15.35262584085855}
{"route_id":"130","stop_id":"13000065","stop_lat":33.872987,"stop_lon":-118.321981,"stop_sequence":55,"segment_first_lat":33.8728687574,"segment_first_lon":-118.3181654928,"segment_second_lat":33.8728610982,"segment_second_lon":-118.3219801944,"segment_sequence":540001,"segment_id":27,"segment_len_meter":352.18388116886257,"segment_cum_len":27181.606399943677,"stop_segment_distance":14.318212889462586}
{"route_id":"150","stop_id":"7035","stop_lat":34.157936,"stop_lon":-118.495741,"stop_sequence":40,"segment_first_lat":34.1581136384,"segment_first_lon":-118.4960362018,"segment_second_lat":34.1580561591,"segment_second_lon":-118.4957129125,"segment_sequence":390008,"segment_id":20,"segment_len_meter":30.42565738085315,"segment_cum_len":14407.072410150644,"stop_segment_distance":16.768132638471688}
{"route_id":"152","stop_id":"13047","stop_lat":34.22106,"stop_lon":-118.522828,"stop_sequence":59,"segment_first_lat":34.2209619488,"segment_first_lon":-118.5219307885,"segment_second_lat":34.2209307576,"segment_second_lon":-118.5227906738,"segment_sequence":580004,"segment_id":29,"segment_len_meter":79.13759709475316,"segment_cum_len":23717.192507608022,"stop_segment_distance":18.84840212719199}
{"route_id":"155","stop_id":"18060","stop_lat":34.15406,"stop_lon":-118.379135,"stop_sequence":23,"segment_first_lat":34.1545912034,"segment_first_lon":-118.3789856551,"segment_second_lat":34.154060859,"segment_second_lon":-118.3789862247,"segment_sequence":220023,"segment_id":11,"segment_len_meter":58.971629946674376,"segment_cum_len":8236.26076830413,"stop_segment_distance":15.363257219584987}
{"route_id":"158","stop_id":"16847","stop_lat":34.179926,"stop_lon":-118.43104,"stop_sequence":13,"segment_first_lat":34.1794166294,"segment_first_lon":-118.4311962685,"segment_second_lat":34.1799277381,"segment_second_lon":-118.4311962616,"segment_sequence":120004,"segment_id":6,"segment_len_meter":56.83269440700026,"segment_cum_len":5248.451154089685,"stop_segment_distance":15.978107543923741}
{"route_id":"158","stop_id":"9047","stop_lat":34.231155,"stop_lon":-118.426365,"stop_sequence":31,"segment_first_lat":34.2310794887,"segment_first_lon":-118.4266394673,"segment_second_lat":34.2312258288,"segment_second_lon":-118.4264403882,"segment_sequence":300002,"segment_id":15,"segment_len_meter":24.489776976798343,"segment_cum_len":11271.122801559848,"stop_segment_distance":12.5942944051227}
{"route_id":"161","stop_id":"20080","stop_lat":34.151085,"stop_lon":-118.644466,"stop_sequence":19,"segment_first_lat":34.1511139133,"segment_first_lon":-118.644221722,"segment_second_lat":34.1510031377,"segment_second_lon":-118.6443828256,"segment_sequence":180021,"segment_id":9,"segment_len_meter":19.274364832206228,"segment_cum_len":8332.550293212607,"stop_segment_distance":15.325758050528844}
{"route_id":"164","stop_id":"7134","stop_lat":34.186766,"stop_lon":-118.492681,"stop_sequence":50,"segment_first_lat":34.1866409768,"segment_first_lon":-118.4926807296,"segment_second_lat":34.186640649,"segment_second_lon":-118.4937719183,"segment_sequence":500001,"segment_id":25,"segment_len_meter":100.3694354628069,"segment_cum_len":18940.356137663253,"stop_segment_distance":14.840449374047935}
{"route_id":"166","stop_id":"4049","stop_lat":34.235382,"stop_lon":-118.544496,"stop_sequence":24,"segment_first_lat":34.2355080512,"segment_first_lon":-118.5444969179,"segment_second_lat":34.2355098759,"segment_second_lon":-118.543663167,"segment_sequence":240001,"segment_id":12,"segment_len_meter":76.64566425322266,"segment_cum_len":11016.640975920973,"stop_segment_distance":15.241133246729419}
{"route_id":"176","stop_id":"17516","stop_lat":34.075411,"stop_lon":-118.053802,"stop_sequence":42,"segment_first_lat":34.0756857038,"segment_first_lon":-118.0536433376,"segment_second_lat":34.0754136654,"segment_second_lon":-118.0536431631,"segment_sequence":410010,"segment_id":21,"segment_len_meter":30.249294201974458,"segment_cum_len":16166.10283102563,"stop_segment_distance":18.244293714565593}
{"route_id":"18","stop_id":"7353","stop_lat":34.063463,"stop_lon":-118.30426,"stop_sequence":4,"segment_first_lat":34.063553508,"segment_first_lon":-118.305353561,"segment_second_lat":34.0635609374,"segment_second_lon":-118.3042607093,"segment_sequence":30003,"segment_id":2,"segment_len_meter":100.67223351311394,"segment_cum_len":970.6429897685782,"stop_segment_distance":11.45382835715803}
{"route_id":"2","stop_id":"8037","stop_lat":34.098016,"stop_lon":-118.295966,"stop_sequence":54,"segment_first_lat":34.0981429549,"segment_first_lon":-118.2959669028,"segment_second_lat":34.0981474071,"segment_second_lon":-118.2950453499,"segment_sequence":540001,"segment_id":27,"segment_len_meter":84.85630840056753,"segment_cum_len":17061.500443886038,"stop_segment_distance":15.282551159179675}
{"route_id":"207","stop_id":"140988","stop_lat":33.98312,"stop_lon":-118.308791,"stop_sequence":20,"segment_first_lat":33.9823833012,"segment_first_lon":-118.3089498494,"segment_second_lat":33.9831224979,"segment_second_lon":-118.3089413616,"segment_sequence":190003,"segment_id":10,"segment_len_meter":82.19864846535607,"segment_cum_len":8067.134652107894,"stop_segment_distance":14.884171153818642}
{"route_id":"210","stop_id":"15541","stop_lat":34.08686,"stop_lon":-118.326767,"stop_sequence":9,"segment_first_lat":34.0868603362,"segment_first_lon":-118.3266163672,"segment_second_lat":34.0862145852,"segment_second_lon":-118.3266161571,"segment_sequence":90001,"segment_id":5,"segment_len_meter":71.80423768247498,"segment_cum_len":2307.8637825739715,"stop_segment_distance":15.166535668737097}
{"route_id":"217","stop_id":"11984","stop_lat":34.083557,"stop_lon":-118.361593,"stop_sequence":19,"segment_first_lat":34.0835571374,"segment_first_lon":-118.3614406646,"segment_second_lat":34.0816748023,"segment_second_lon":-118.3614526751,"segment_sequence":190001,"segment_id":10,"segment_len_meter":209.30903603310838,"segment_cum_len":5748.525006375731,"stop_segment_distance":14.409593020334341}
{"route_id":"217","stop_id":"13411","stop_lat":34.047777,"stop_lon":-118.367661,"stop_sequence":35,"segment_first_lat":34.0496783162,"segment_first_lon":-118.3669760189,"segment_second_lat":34.0477468545,"segment_second_lon":-118.3675109138,"segment_sequence":340002,"segment_id":17,"segment_len_meter":220.35021368042683,"segment_cum_len":9622.079055279923,"stop_segment_distance":14.512961203979785}
{"route_id":"246","stop_id":"3141","stop_lat":33.770725,"stop_lon":-118.2787,"stop_sequence":30,"segment_first_lat":33.7705874835,"segment_first_lon":-118.2789268572,"segment_second_lat":33.7707715295,"segment_second_lon":-118.2788327101,"segment_sequence":290031,"segment_id":15,"segment_len_meter":22.23837467908774,"segment_cum_len":8229.935835779144,"stop_segment_distance":17.027145480762172}
{"route_id":"256","stop_id":"10382","stop_lat":34.104065,"stop_lon":-118.192094,"stop_sequence":56,"segment_first_lat":34.1039889946,"segment_first_lon":-118.1915161724,"segment_second_lat":34.1039924736,"segment_second_lon":-118.1920942642,"segment_sequence":550013,"segment_id":28,"segment_len_meter":53.227338640223685,"segment_cum_len":15808.987238374399,"stop_segment_distance":8.705948949214303}
{"route_id":"260","stop_id":"11962","stop_lat":34.157529,"stop_lon":-118.150724,"stop_sequence":10,"segment_first_lat":34.1575287701,"segment_first_lon":-118.1505729473,"segment_second_lat":34.1566522101,"segment_second_lon":-118.1505637654,"segment_sequence":100001,"segment_id":5,"segment_len_meter":97.47268647237313,"segment_cum_len":2980.9913449825326,"stop_segment_distance":15.02933826517365}
{"route_id":"260","stop_id":"13138","stop_lat":34.051792,"stop_lon":-118.137688,"stop_sequence":45,"segment_first_lat":34.0540446343,"segment_first_lon":-118.136166751,"segment_second_lat":34.0517351316,"segment_second_lon":-118.1375541475,"segment_sequence":440003,"segment_id":22,"segment_len_meter":286.8554012168474,"segment_cum_len":16481.957173337676,"stop_segment_distance":14.026716655823748}
{"route_id":"265","stop_id":"4288","stop_lat":33.890955,"stop_lon":-118.159932,"stop_sequence":18,"segment_first_lat":33.8894108625,"segment_first_lon":-118.1600774719,"segment_second_lat":33.8909551365,"segment_second_lon":-118.1600830568,"segment_sequence":170001,"segment_id":9,"segment_len_meter":171.71620795008224,"segment_cum_len":6431.779053464144,"stop_segment_distance":14.451288124317244}
{"route_id":"40","stop_id":"10910","stop_lat":33.865691,"stop_lon":-118.352738,"stop_sequence":85,"segment_first_lat":33.8655541129,"segment_first_lon":-118.3525859219,"segment_second_lat":33.8655464656,"segment_second_lon":-118.3533204421,"segment_sequence":850002,"segment_id":43,"segment_len_meter":67.8238950149597,"segment_cum_len":32416.612196495575,"stop_segment_distance":9.011924780980479}
{"route_id":"55","stop_id":"795","stop_lat":33.938169,"stop_lon":-118.246115,"stop_sequence":10,"segment_first_lat":33.9381689852,"segment_first_lon":-118.2462378498,"segment_second_lat":33.9388559525,"segment_second_lon":-118.2462352534,"segment_sequence":100001,"segment_id":5,"segment_len_meter":76.38765405432804,"segment_cum_len":2998.605859442331,"stop_segment_distance":12.132455826738962}
{"route_id":"55","stop_id":"808","stop_lat":33.978288,"stop_lon":-118.247529,"stop_sequence":26,"segment_first_lat":33.9780126381,"segment_first_lon":-118.2476829345,"segment_second_lat":33.9782874221,"segment_second_lon":-118.2476837473,"segment_sequence":250005,"segment_id":13,"segment_len_meter":30.554678642015745,"segment_cum_len":7522.228139508034,"stop_segment_distance":17.463311486136092}
{"route_id":"60","stop_id":"12212","stop_lat":33.895756,"stop_lon":-118.208109,"stop_sequence":67,"segment_first_lat":33.8957624738,"segment_first_lon":-118.2079572894,"segment_second_lat":33.8941906081,"segment_second_lon":-118.2078581622,"segment_sequence":670001,"segment_id":34,"segment_len_meter":175.02279425137206,"segment_cum_len":21430.38809838149,"stop_segment_distance":14.59483752073271}
{"route_id":"70","stop_id":"5951","stop_lat":34.063067,"stop_lon":-118.042343,"stop_sequence":70,"segment_first_lat":34.0630568406,"segment_first_lon":-118.0424942659,"segment_second_lat":34.0641633587,"segment_second_lon":-118.0426249173,"segment_sequence":700001,"segment_id":35,"segment_len_meter":123.62639985295907,"segment_cum_len":24256.22079047472,"stop_segment_distance":14.998151120201996}
{"route_id":"720","stop_id":"140711","stop_lat":34.065483,"stop_lon":-118.376773,"stop_sequence":22,"segment_first_lat":34.0652056836,"segment_first_lon":-118.3762000854,"segment_second_lat":34.0653587413,"segment_second_lon":-118.3768168947,"segment_sequence":210037,"segment_id":11,"segment_len_meter":59.31096585043119,"segment_cum_len":22880.993050659155,"stop_segment_distance":16.20739429812484}
{"route_id":"76","stop_id":"15037","stop_lat":34.08108,"stop_lon":-118.069545,"stop_sequence":11,"segment_first_lat":34.0810006306,"segment_first_lon":-118.0688081685,"segment_second_lat":34.0809752072,"segment_second_lon":-118.0695379828,"segment_sequence":100004,"segment_id":5,"segment_len_meter":67.2729771497243,"segment_cum_len":3819.8638343994594,"stop_segment_distance":12.8286216158656}
{"route_id":"78","stop_id":"1545","stop_lat":34.097881,"stop_lon":-118.12077,"stop_sequence":54,"segment_first_lat":34.0979918848,"segment_first_lon":-118.1208465489,"segment_second_lat":34.0984481607,"segment_second_lon":-118.1198886448,"segment_sequence":540001,"segment_id":27,"segment_len_meter":101.75303045609171,"segment_cum_len":17486.99258658812,"stop_segment_distance":15.226414295569882}
{"route_id":"96","stop_id":"10122","stop_lat":34.182971,"stop_lon":-118.306253,"stop_sequence":6,"segment_first_lat":34.1831967761,"segment_first_lon":-118.3062141326,"segment_second_lat":34.1824574117,"segment_second_lon":-118.3051996492,"segment_sequence":60002,"segment_id":3,"segment_len_meter":124.36780259179513,"segment_cum_len":1749.6380005687354,"stop_segment_distance":13.461669393458138}
