{"route_id":"110","stop_id":"1448","stop_lat":33.982002,"stop_lon":-118.251722,"stop_sequence":46,"segment_first_lat":33.9821018898,"segment_first_lon":-118.2517192389,"segment_second_lat":33.9820862825,"segment_second_lon":-118.2510330974,"segment_sequence":460001,"segment_id":23,"segment_len_meter":63.28892637820419,"segment_cum_len":17204.315161763265,"stop_segment_distance":12.028620773003375}
{"route_id":"110","stop_id":"3287","stop_lat":33.977189,"stop_lon":-118.372115,"stop_sequence":11,"segment_first_lat":33.9772959093,"segment_first_lon":-118.3725793643,"segment_second_lat":33.9773179237,"segment_second_lon":-118.3721239594,"segment_sequence":100004,"segment_id":5,"segment_len_meter":42.06389634730193,"segment_cum_len":5393.701382301783,"stop_segment_distance":16.733903109076778}
{"route_id":"120","stop_id":"140797","stop_lat":33.931109,"stop_lon":-118.291085,"stop_sequence":87,"segment_first_lat":33.9309867735,"segment_first_lon":-118.2892548015,"segment_second_lat":33.9309801728,"segment_second_lon":-118.2910843488,"segment_sequence":860003,"segment_id":43,"segment_len_meter":168.79490578446183,"segment_cum_len":37455.584298036076,"stop_segment_distance":14.929497158623803}
{"route_id":"130","stop_id":"2724","stop_lat":33.874738,"stop_lon":-118.177674,"stop_sequence":20,"segment_first_lat":33.874608377,"segment_first_lon":-118.1776733709,"segment_second_lat":33.8746074233,"segment_second_lon":-118.1783190512,"segment_sequence":200001,"segment_id":10,"segment_len_meter":59.60970714954963,"segment_cum_len":9262.90228959546,"stop_segment_distance":16.099789860078992}
{"route_id":"155","stop_id":"18051","stop_lat":34.157523,"stop_lon":-118.418301,"stop_sequence":13,"segment_first_lat":34.1576215166,"segment_first_lon":-118.4191344906,"segment_second_lat":34.1576222029,"segment_second_lon":-118.4183015134,"segment_sequence":120005,"segment_id":6,"segment_len_meter":76.64507447439036,"segment_cum_len":4211.645554172585,"stop_segment_distance":11.856617182003163}
{"route_id":"16","stop_id":"15630","stop_lat":34.070768,"stop_lon":-118.35499,"stop_sequence":46,"segment_first_lat":34.0705746934,"segment_first_lon":-118.3545133707,"segment_second_lat":34.0706438418,"segment_second_lon":-118.3550145823,"segment_sequence":450004,"segment_id":23,"segment_len_meter":46.801558287573776,"segment_cum_len":12212.699120374826,"stop_segment_distance":16.069657524308177}
{"route_id":"166","stop_id":"12851","stop_lat":34.242567,"stop_lon":-118.602286,"stop_sequence":8,"segment_first_lat":34.2426940443,"segment_first_lon":-118.6031670893,"segment_second_lat":34.2426915741,"segment_second_lon":-118.602283601,"segment_sequence":70006,"segment_id":4,"segment_len_meter":81.21120999351233,"segment_cum_len":4163.416701448541,"stop_segment_distance":14.855629168856794}
{"route_id":"167","stop_id":"18203","stop_lat":34.235508,"stop_lon":-118.44072,"stop_sequence":49,"segment_first_lat":34.2355758949,"segment_first_lon":-118.4405911843,"segment_second_lat":34.2353196687,"segment_second_lon":-118.4403982665,"segment_sequence":490001,"segment_id":25,"segment_len_meter":33.559761289536006,"segment_cum_len":20638.895646047902,"stop_segment_distance":16.723583995406898}
{"route_id":"167","stop_id":"4536","stop_lat":34.221546,"stop_lon":-118.432423,"stop_sequence":62,"segment_first_lat":34.2216710467,"segment_first_lon":-118.4324234253,"segment_second_lat":34.2216726723,"segment_second_lon":-118.4299622697,"segment_sequence":620001,"segment_id":31,"segment_len_meter":226.28737286910635,"segment_cum_len":25115.82025815483,"stop_segment_distance":14.30362947274378}
{"route_id":"169","stop_id":"6078","stop_lat":34.208183,"stop_lon":-118.588146,"stop_sequence":56,"segment_first_lat":34.2083076973,"segment_first_lon":-118.5881473665,"segment_second_lat":34.2083121166,"segment_second_lon":-118.5841155396,"segment_sequence":560001,"segment_id":28,"segment_len_meter":370.75945880538484,"segment_cum_len":23293.546056486415,"stop_segment_distance":14.018533290819448}
{"route_id":"169","stop_id":"6101","stop_lat":34.208376,"stop_lon":-118.391887,"stop_sequence":117,"segment_first_lat":34.2084760683,"segment_first_lon":-118.3918879501,"segment_second_lat":34.2084746755,"segment_second_lon":-118.3910445341,"segment_sequence":1170001,"segment_id":59,"segment_len_meter":77.55893354038022,"segment_cum_len":46631.88742162343,"stop_segment_distance":11.813087275997617}
{"route_id":"180","stop_id":"3668","stop_lat":34.185623,"stop_lon":-118.131355,"stop_sequence":90,"segment_first_lat":34.1837876145,"segment_first_lon":-118.1315838316,"segment_second_lat":34.1856290485,"segment_second_lon":-118.1315063829,"segment_sequence":890002,"segment_id":45,"segment_len_meter":204.88201214519034,"segment_cum_len":27236.700896599075,"stop_segment_distance":14.226992282840513}
{"route_id":"20","stop_id":"16714","stop_lat":34.062593,"stop_lon":-118.355097,"stop_sequence":39,"segment_first_lat":34.0624661672,"segment_first_lon":-118.355103032,"segment_second_lat":34.0624864352,"segment_second_lon":-118.3558724169,"segment_sequence":390001,"segment_id":20,"segment_len_meter":70.9091876084403,"segment_cum_len":11211.158164783265,"stop_segment_distance":15.610070617907056}
{"route_id":"211","stop_id":"13828","stop_lat":33.945192,"stop_lon":-118.344068,"stop_sequence":39,"segment_first_lat":33.94519257,"segment_first_lon":-118.3439167625,"segment_second_lat":33.944546831,"segment_second_lon":-118.3439141115,"segment_sequence":390001,"segment_id":20,"segment_len_meter":71.8033171535627,"segment_cum_len":13357.103119195102,"stop_segment_distance":15.278092418766107}
{"route_id":"234","stop_id":"3433","stop_lat":34.315221,"stop_lon":-118.421068,"stop_sequence":4,"segment_first_lat":34.3149488396,"segment_first_lon":-118.4208888313,"segment_second_lat":34.3151708402,"segment_second_lon":-118.4211343567,"segment_sequence":30003,"segment_id":2,"segment_len_meter":33.43414488020584,"segment_cum_len":1308.1749417227747,"stop_segment_distance":9.274373087801266}
{"route_id":"239","stop_id":"20024","stop_lat":34.279016,"stop_lon":-118.480399,"stop_sequence":48,"segment_first_lat":34.2791615877,"segment_first_lon":-118.4824255132,"segment_second_lat":34.2791462984,"segment_second_lon":-118.4803962095,"segment_sequence":470003,"segment_id":24,"segment_len_meter":186.4616586950191,"segment_cum_len":18518.875279491862,"stop_segment_distance":14.929209730342734}
{"route_id":"260","stop_id":"8778","stop_lat":33.960571,"stop_lon":-118.18579,"stop_sequence":72,"segment_first_lat":33.9606059412,"segment_first_lon":-118.185643929,"segment_second_lat":33.9589449176,"segment_second_lon":-118.185074047,"segment_sequence":720001,"segment_id":36,"segment_len_meter":192.03023013437755,"segment_cum_len":28704.860761921667,"stop_segment_distance":14.482534721471666}
{"route_id":"265","stop_id":"142218","stop_lat":33.887263,"stop_lon":-118.159903,"stop_sequence":16,"segment_first_lat":33.8855557039,"segment_first_lon":-118.1600411168,"segment_second_lat":33.8872618102,"segment_second_lon":-118.1600575531,"segment_sequence":150001,"segment_id":8,"segment_len_meter":189.7164316460638,"segment_cum_len":6021.091762534633,"stop_segment_distance":14.820789915437075}
{"route_id":"265","stop_id":"3828","stop_lat":33.878461,"stop_lon":-118.159839,"stop_sequence":12,"segment_first_lat":33.8784608747,"segment_first_lon":-118.159991005,"segment_second_lat":33.8801700076,"segment_second_lon":-118.1600034913,"segment_sequence":120001,"segment_id":6,"segment_len_meter":190.05040304671837,"segment_cum_len":5232.502769718156,"stop_segment_distance":14.620880672679618}
{"route_id":"501","stop_id":"501","stop_lat":34.141335,"stop_lon":-118.14893,"stop_sequence":1,"segment_first_lat":34.1413349541,"segment_first_lon":-118.1488411346,"segment_second_lat":34.1405765517,"segment_second_lon":-118.148832844,"segment_sequence":10001,"segment_id":1,"segment_len_meter":84.3339508443023,"segment_cum_len":84.3339508443023,"stop_segment_distance":8.652703229055973}
{"route_id":"534","stop_id":"12720","stop_lat":34.033592,"stop_lon":-118.733579,"stop_sequence":28,"segment_first_lat":34.0333921527,"segment_first_lon":-118.7330131364,"segment_second_lat":34.0333889454,"segment_second_lon":-118.7335412093,"segment_sequence":270049,"segment_id":14,"segment_len_meter":48.66244294944187,"segment_cum_len":25880.331154303516,"stop_segment_distance":30.864334507415094}
{"route_id":"60","stop_id":"13930","stop_lat":34.032708,"stop_lon":-118.230144,"stop_sequence":19,"segment_first_lat":34.033543414,"segment_first_lon":-118.230011072,"segment_second_lat":34.0327105731,"segment_second_lon":-118.2299916202,"segment_sequence":180004,"segment_id":9,"segment_len_meter":92.62502806316637,"segment_cum_len":5434.883214830793,"stop_segment_distance":15.11748926676394}
{"route_id":"60","stop_id":"3710","stop_lat":33.874417,"stop_lon":-118.203049,"stop_sequence":75,"segment_first_lat":33.8742907618,"segment_first_lon":-118.2030485831,"segment_second_lat":33.8742864329,"segment_second_lon":-118.2056016448,"segment_sequence":750001,"segment_id":38,"segment_len_meter":235.701640829503,"segment_cum_len":23964.653142429583,"stop_segment_distance":14.444737877327071}
{"route_id":"602","stop_id":"8072","stop_lat":34.058365,"stop_lon":-118.478349,"stop_sequence":36,"segment_first_lat":34.0584829751,"segment_first_lon":-118.4784103485,"segment_second_lat":34.0585355145,"segment_second_lon":-118.4782577862,"segment_sequence":360001,"segment_id":18,"segment_len_meter":15.220104584763973,"segment_cum_len":11264.82357452082,"stop_segment_distance":19.80258524354207}
{"route_id":"611","stop_id":"11452","stop_lat":33.999919,"stop_lon":-118.224914,"stop_sequence":48,"segment_first_lat":34.0000192059,"segment_first_lon":-118.2249140251,"segment_second_lat":34.0000259751,"segment_second_lon":-118.223637239,"segment_sequence":480001,"segment_id":24,"segment_len_meter":117.70261106462127,"segment_cum_len":14273.311363976316,"stop_segment_distance":11.737295403144373}
{"route_id":"611","stop_id":"25502","stop_lat":34.003758,"stop_lon":-118.247597,"stop_sequence":40,"segment_first_lat":34.0039001031,"segment_first_lon":-118.2477397308,"segment_second_lat":34.0039190292,"segment_second_lon":-118.2465487066,"segment_sequence":400002,"segment_id":20,"segment_len_meter":109.80940885572373,"segment_cum_len":11846.60788148733,"stop_segment_distance":9.02952809917862}
{"route_id":"62","stop_id":"13323","stop_lat":34.038978,"stop_lon":-118.240153,"stop_sequence":11,"segment_first_lat":34.0390653992,"segment_first_lon":-118.2400972481,"segment_second_lat":34.0390005645,"segment_second_lon":-118.2399514979,"segment_sequence":110001,"segment_id":6,"segment_len_meter":15.24246143835147,"segment_cum_len":4086.5226224438416,"stop_segment_distance":14.485751508551658}
{"route_id":"687","stop_id":"11821","stop_lat":34.15159,"stop_lon":-118.113305,"stop_sequence":14,"segment_first_lat":34.1515902093,"segment_first_lon":-118.1131544916,"segment_second_lat":34.1507053912,"segment_second_lon":-118.1131582513,"segment_sequence":140001,"segment_id":7,"segment_len_meter":98.38789200436959,"segment_cum_len":3728.0261551761773,"stop_segment_distance":14.748523157084676}
{"route_id":"720","stop_id":"16691","stop_lat":34.061879,"stop_lon":-118.319614,"stop_sequence":20,"segment_first_lat":34.0617494459,"segment_first_lon":-118.3196168281,"segment_second_lat":34.0617570638,"segment_second_lon":-118.3199569302,"segment_sequence":200001,"segment_id":10,"segment_len_meter":31.340873093496008,"segment_cum_len":17610.396081177343,"stop_segment_distance":17.443990264111875}
{"route_id":"910","stop_id":"5048","stop_lat":34.055644,"stop_lon":-118.21099,"stop_sequence":3,"segment_first_lat":34.0555967467,"segment_first_lon":-118.2110201569,"segment_second_lat":34.0558075884,"segment_second_lon":-118.2114455834,"segment_sequence":30001,"segment_id":2,"segment_len_meter":45.6691066415998,"segment_cum_len":15983.19742617836,"stop_segment_distance":6.017109666919367}
{"route_id":"92","stop_id":"2239","stop_lat":34.258638,"stop_lon":-118.3958,"stop_sequence":102,"segment_first_lat":34.2583470864,"segment_first_lon":-118.3958320304,"segment_second_lat":34.2585945787,"segment_second_lon":-118.3959444025,"segment_sequence":1010011,"segment_id":51,"segment_len_meter":29.393856944693542,"segment_cum_len":33961.88262570674,"stop_segment_distance":17.209980080824888}
