{"route_id":"102","stop_id":"1515","stop_lat":34.015299,"stop_lon":-118.265563,"stop_sequence":61,"segment_first_lat":34.0162074033,"segment_first_lon":-118.2672388289,"segment_second_lat":34.0154170554,"segment_second_lon":-118.2655236854,"segment_sequence":600002,"segment_id":30,"segment_len_meter":180.86698040087907,"segment_cum_len":19346.67733467795,"stop_segment_distance":17.304708948362588}
{"route_id":"102","stop_id":"36554","stop_lat":33.957453,"stop_lon":-118.396069,"stop_sequence":4,"segment_first_lat":33.9574524245,"segment_first_lon":-118.3962217657,"segment_second_lat":33.9596590002,"segment_second_lon":-118.3962097799,"segment_sequence":40001,"segment_id":2,"segment_len_meter":245.36251332961922,"segment_cum_len":1888.6866798119636,"stop_segment_distance":14.366782297411078}
{"route_id":"110","stop_id":"2590","stop_lat":33.980498,"stop_lon":-118.334876,"stop_sequence":23,"segment_first_lat":33.9805972668,"segment_first_lon":-118.3348759034,"segment_second_lat":33.9806024629,"segment_second_lon":-118.3337940225,"segment_sequence":230001,"segment_id":12,"segment_len_meter":99.75738928552164,"segment_cum_len":9088.132403680691,"stop_segment_distance":11.719202769076404}
{"route_id":"110","stop_id":"9981","stop_lat":33.98151,"stop_lon":-118.235538,"stop_sequence":58,"segment_first_lat":33.9816344731,"segment_first_lon":-118.2355270835,"segment_second_lat":33.9816289138,"segment_second_lon":-118.2352780302,"segment_sequence":580001,"segment_id":29,"segment_len_meter":22.972203838745234,"segment_cum_len":20288.20393821715,"stop_segment_distance":18.28066502789976}
{"route_id":"115","stop_id":"1924","stop_lat":33.952823,"stop_lon":-118.193548,"stop_sequence":65,"segment_first_lat":33.9530145504,"segment_first_lon":-118.1941386368,"segment_second_lat":33.952950409,"segment_second_lon":-118.1935271539,"segment_sequence":640004,"segment_id":32,"segment_len_meter":56.84976012617315,"segment_cum_len":19126.170033358547,"stop_segment_distance":15.940988827902231}
{"route_id":"117","stop_id":"32181","stop_lat":33.94531,"stop_lon":-118.378177,"stop_sequence":6,"segment_first_lat":33.9454682489,"segment_first_lon":-118.378484695,"segment_second_lat":33.9454379507,"segment_second_lon":-118.378157156,"segment_sequence":50008,"segment_id":3,"segment_len_meter":30.40073657376397,"segment_cum_len":3126.7105117947463,"stop_segment_distance":17.339085808485322}
{"route_id":"14","stop_id":"434","stop_lat":34.076391,"stop_lon":-118.308891,"stop_sequence":56,"segment_first_lat":34.0762723884,"segment_first_lon":-118.3079262158,"segment_second_lat":34.0762633317,"segment_second_lon":-118.3088904396,"segment_sequence":550006,"segment_id":28,"segment_len_meter":88.8125748356972,"segment_cum_len":20695.49455613524,"stop_segment_distance":15.215469896876357}
{"route_id":"152","stop_id":"10414","stop_lat":34.211608,"stop_lon":-118.623586,"stop_sequence":84,"segment_first_lat":34.2116085118,"segment_first_lon":-118.6234334408,"segment_second_lat":34.2112650346,"segment_second_lon":-118.6234308765,"segment_sequence":840001,"segment_id":42,"segment_len_meter":38.19364995301636,"segment_cum_len":33880.921337490225,"stop_segment_distance":16.55138761864888}
{"route_id":"154","stop_id":"15339","stop_lat":34.170065,"stop_lon":-118.538857,"stop_sequence":68,"segment_first_lat":34.1699535812,"segment_first_lon":-118.5389206148,"segment_second_lat":34.170311021,"segment_second_lon":-118.5397973574,"segment_sequence":680001,"segment_id":34,"segment_len_meter":89.92081736319365,"segment_cum_len":28825.38076494808,"stop_segment_distance":14.515913753103277}
{"route_id":"154","stop_id":"9105","stop_lat":34.167121,"stop_lon":-118.492172,"stop_sequence":56,"segment_first_lat":34.167012348,"segment_first_lon":-118.4917550483,"segment_second_lat":34.1670224557,"segment_second_lon":-118.4921749522,"segment_sequence":550028,"segment_id":28,"segment_len_meter":38.64881760603683,"segment_cum_len":23719.20397342762,"stop_segment_distance":12.530550399231501}
{"route_id":"163","stop_id":"6234","stop_lat":34.200841,"stop_lon":-118.5925,"stop_sequence":12,"segment_first_lat":34.2009673735,"segment_first_lon":-118.5925008946,"segment_second_lat":34.2009741684,"segment_second_lon":-118.591111909,"segment_sequence":120001,"segment_id":6,"segment_len_meter":127.74182975084797,"segment_cum_len":3741.5638815296675,"stop_segment_distance":14.823860055759084}
{"route_id":"164","stop_id":"7130","stop_lat":34.186617,"stop_lon":-118.623783,"stop_sequence":78,"segment_first_lat":34.1864406666,"segment_first_lon":-118.6233580275,"segment_second_lat":34.1864384846,"segment_second_lon":-118.6237812629,"segment_sequence":770006,"segment_id":39,"segment_len_meter":38.93077496280381,"segment_cum_len":31052.722140485843,"stop_segment_distance":24.651540998491086}
{"route_id":"167","stop_id":"9256","stop_lat":34.224858,"stop_lon":-118.445795,"stop_sequence":56,"segment_first_lat":34.2247885494,"segment_first_lon":-118.4452255351,"segment_second_lat":34.2247864546,"segment_second_lon":-118.4457945243,"segment_sequence":550007,"segment_id":28,"segment_len_meter":52.313451546395285,"segment_cum_len":22753.555219663634,"stop_segment_distance":8.56527099899835}
{"route_id":"169","stop_id":"6114","stop_lat":34.20826,"stop_lon":-118.548824,"stop_sequence":65,"segment_first_lat":34.2083894191,"segment_first_lon":-118.5488249262,"segment_second_lat":34.2083867856,"segment_second_lon":-118.5469793191,"segment_sequence":650001,"segment_id":33,"segment_len_meter":169.71861372651495,"segment_cum_len":26708.622966740255,"stop_segment_distance":14.890523391600823}
{"route_id":"169","stop_id":"8535","stop_lat":34.219686,"stop_lon":-118.432142,"stop_sequence":103,"segment_first_lat":34.2201419504,"segment_first_lon":-118.4323162677,"segment_second_lat":34.219751987,"segment_second_lon":-118.4320188496,"segment_sequence":1020009,"segment_id":51,"segment_len_meter":51.26475322926528,"segment_cum_len":41411.417432949806,"stop_segment_distance":15.398992444560264}
{"route_id":"176","stop_id":"142046","stop_lat":34.062578,"stop_lon":-118.071276,"stop_sequence":17,"segment_first_lat":34.0627028244,"segment_first_lon":-118.071275997,"segment_second_lat":34.0627104032,"segment_second_lon":-118.0695888344,"segment_sequence":170001,"segment_id":9,"segment_len_meter":155.41807751410093,"segment_cum_len":5858.6869191140095,"stop_segment_distance":14.573722327753813}
{"route_id":"18","stop_id":"32149","stop_lat":34.023912,"stop_lon":-118.192504,"stop_sequence":47,"segment_first_lat":34.0240257151,"segment_first_lon":-118.1924308339,"segment_second_lat":34.0239698409,"segment_second_lon":-118.1923165193,"segment_sequence":470001,"segment_id":24,"segment_len_meter":12.230639124473518,"segment_cum_len":13155.560885194183,"stop_segment_distance":20.535671286564728}
{"route_id":"205","stop_id":"17607","stop_lat":33.881031,"stop_lon":-118.236419,"stop_sequence":113,"segment_first_lat":33.8810247289,"segment_first_lon":-118.2365714809,"segment_second_lat":33.8821542166,"segment_second_lon":-118.236646161,"segment_sequence":1140001,"segment_id":57,"segment_len_meter":125.78236776119181,"segment_cum_len":42951.236913337,"stop_segment_distance":14.955137184615864}
{"route_id":"211","stop_id":"12868","stop_lat":33.91324,"stop_lon":-118.34402,"stop_sequence":48,"segment_first_lat":33.9142188947,"segment_first_lon":-118.3438687517,"segment_second_lat":33.913240663,"segment_second_lon":-118.343867704,"segment_sequence":470003,"segment_id":24,"segment_len_meter":108.7744450875727,"segment_cum_len":16838.211614459273,"stop_segment_distance":15.018726460821838}
{"route_id":"224","stop_id":"5823","stop_lat":34.248206,"stop_lon":-118.402961,"stop_sequence":34,"segment_first_lat":34.2441032911,"segment_first_lon":-118.3987921307,"segment_second_lat":34.248124104,"segment_second_lon":-118.4030767195,"segment_sequence":330007,"segment_id":17,"segment_len_meter":595.8119007771382,"segment_cum_len":13518.86677791632,"stop_segment_distance":13.969223791334116}
{"route_id":"230","stop_id":"2926","stop_lat":34.193676,"stop_lon":-118.396617,"stop_sequence":36,"segment_first_lat":34.193676117,"segment_first_lon":-118.3964663617,"segment_second_lat":34.1921372941,"segment_second_lon":-118.3964673247,"segment_sequence":360001,"segment_id":18,"segment_len_meter":171.1093224085855,"segment_cum_len":14058.957573246613,"stop_segment_distance":14.394715862893094}
{"route_id":"232","stop_id":"36491","stop_lat":33.919959,"stop_lon":-118.387513,"stop_sequence":89,"segment_first_lat":33.9212778864,"segment_first_lon":-118.3874398495,"segment_second_lat":33.9199589635,"segment_second_lon":-118.387424852,"segment_sequence":880002,"segment_id":44,"segment_len_meter":146.6640637527041,"segment_cum_len":35619.7833472831,"stop_segment_distance":8.278208688922916}
{"route_id":"237","stop_id":"11572","stop_lat":34.165053,"stop_lon":-118.374438,"stop_sequence":29,"segment_first_lat":34.164925933,"segment_first_lon":-118.3746028104,"segment_second_lat":34.1656143731,"segment_second_lon":-118.3750158149,"segment_sequence":290002,"segment_id":15,"segment_len_meter":85.46313891320274,"segment_cum_len":10987.225968214892,"stop_segment_distance":17.25466618166321}
{"route_id":"243","stop_id":"14846","stop_lat":34.172965,"stop_lon":-118.55331,"stop_sequence":43,"segment_first_lat":34.1726866901,"segment_first_lon":-118.553453655,"segment_second_lat":34.1729614488,"segment_second_lon":-118.553460765,"segment_sequence":420007,"segment_id":21,"segment_len_meter":30.558774626555827,"segment_cum_len":19079.687875155814,"stop_segment_distance":16.96716460127288}
{"route_id":"260","stop_id":"4699","stop_lat":34.087254,"stop_lon":-118.134731,"stop_sequence":35,"segment_first_lat":34.0872543664,"segment_first_lon":-118.1345784037,"segment_second_lat":34.0858172408,"segment_second_lon":-118.1345704767,"segment_sequence":350001,"segment_id":18,"segment_len_meter":159.8027430641247,"segment_cum_len":12602.30741845695,"stop_segment_distance":14.692707684532564}
{"route_id":"265","stop_id":"12761","stop_lat":33.961964,"stop_lon":-118.123136,"stop_sequence":47,"segment_first_lat":33.9620490296,"segment_first_lon":-118.1232539669,"segment_second_lat":33.9621703465,"segment_second_lon":-118.1231199274,"segment_sequence":470001,"segment_id":24,"segment_len_meter":18.297326542392305,"segment_cum_len":18379.16691736861,"stop_segment_distance":19.109083812931893}
{"route_id":"267","stop_id":"1376","stop_lat":34.142177,"stop_lon":-118.105995,"stop_sequence":37,"segment_first_lat":34.1420811085,"segment_first_lon":-118.1059806955,"segment_second_lat":34.1420587078,"segment_second_lon":-118.1061435955,"segment_sequence":370001,"segment_id":19,"segment_len_meter":15.19725290074442,"segment_cum_len":13500.084885256463,"stop_segment_distance":14.520750583884915}
{"route_id":"28","stop_id":"10309","stop_lat":34.124317,"stop_lon":-118.220804,"stop_sequence":16,"segment_first_lat":34.1244002538,"segment_first_lon":-118.2204973191,"segment_second_lat":34.1242278897,"segment_second_lon":-118.2206875132,"segment_sequence":150006,"segment_id":8,"segment_len_meter":25.958459209419537,"segment_cum_len":4921.446704821078,"stop_segment_distance":18.350332079093512}
{"route_id":"35","stop_id":"5110","stop_lat":34.020455,"stop_lon":-118.275948,"stop_sequence":35,"segment_first_lat":34.02051457,"segment_first_lon":-118.2760802082,"segment_second_lat":34.0209777264,"segment_second_lon":-118.2757781299,"segment_sequence":350001,"segment_id":18,"segment_len_meter":58.54394725982743,"segment_cum_len":10758.67361555255,"stop_segment_distance":15.520771874191993}
{"route_id":"40","stop_id":"11242","stop_lat":34.010987,"stop_lon":-118.300994,"stop_sequence":29,"segment_first_lat":34.0108651021,"segment_first_lon":-118.30016566,"segment_second_lat":34.0108652379,"segment_second_lon":-118.3009938776,"segment_sequence":280004,"segment_id":14,"segment_len_meter":76.33928506181013,"segment_cum_len":11292.810368457194,"stop_segment_distance":14.74437679393776}
{"route_id":"45","stop_id":"9066","stop_lat":34.010837,"stop_lon":-118.278513,"stop_sequence":33,"segment_first_lat":34.0108376685,"segment_first_lon":-118.2783613584,"segment_second_lat":34.0101562033,"segment_second_lon":-118.2783590922,"segment_sequence":330001,"segment_id":17,"segment_len_meter":75.77576082937246,"segment_cum_len":10772.657347411045,"stop_segment_distance":15.220598367975668}
{"route_id":"460","stop_id":"142428","stop_lat":33.877012,"stop_lon":-117.998378,"stop_sequence":50,"segment_first_lat":33.8772590981,"segment_first_lon":-117.998223222,"segment_second_lat":33.8770117939,"segment_second_lon":-117.9982232273,"segment_sequence":500019,"segment_id":25,"segment_len_meter":27.498972381672388,"segment_cum_len":47984.44111238353,"stop_segment_distance":17.7587420959784}
{"route_id":"55","stop_id":"811","stop_lat":33.970624,"stop_lon":-118.247503,"stop_sequence":22,"segment_first_lat":33.9700081821,"segment_first_lon":-118.2476592615,"segment_second_lat":33.9706237088,"segment_second_lon":-118.2476558048,"segment_sequence":210008,"segment_id":11,"segment_len_meter":68.44418855620712,"segment_cum_len":6669.933869786375,"stop_segment_distance":15.622602479924481}
{"route_id":"602","stop_id":"6387","stop_lat":34.04519,"stop_lon":-118.543572,"stop_sequence":6,"segment_first_lat":34.045104216,"segment_first_lon":-118.5437464289,"segment_second_lat":34.0452147973,"segment_second_lon":-118.5437207391,"segment_sequence":50017,"segment_id":3,"segment_len_meter":12.521821663067016,"segment_cum_len":1960.2281099892393,"stop_segment_distance":20.145741903394715}
{"route_id":"611","stop_id":"168","stop_lat":33.958259,"stop_lon":-118.184687,"stop_sequence":5,"segment_first_lat":33.9570251574,"segment_first_lon":-118.1844300825,"segment_second_lat":33.9584038763,"segment_second_lon":-118.1848881862,"segment_sequence":790002,"segment_id":40,"segment_len_meter":159.0222025156558,"segment_cum_len":24341.390013902506,"stop_segment_distance":4.778802185488843}
{"route_id":"611","stop_id":"8680","stop_lat":33.976971,"stop_lon":-118.175704,"stop_sequence":70,"segment_first_lat":33.9783784529,"segment_first_lon":-118.1753867757,"segment_second_lat":33.9769613247,"segment_second_lon":-118.1756173291,"segment_sequence":690005,"segment_id":35,"segment_len_meter":159.0050537587968,"segment_cum_len":21089.783602997868,"stop_segment_distance":8.270666910628023}
{"route_id":"68","stop_id":"9239","stop_lat":34.045195,"stop_lon":-118.203833,"stop_sequence":29,"segment_first_lat":34.0449560003,"segment_first_lon":-118.2036046789,"segment_second_lat":34.0450821778,"segment_second_lon":-118.2039004264,"segment_sequence":280005,"segment_id":14,"segment_len_meter":30.648898641635565,"segment_cum_len":11814.430256676938,"stop_segment_distance":17.24418802452489}
{"route_id":"71","stop_id":"15028","stop_lat":34.05625,"stop_lon":-118.206868,"stop_sequence":22,"segment_first_lat":34.0563646648,"segment_first_lon":-118.2067952389,"segment_second_lat":34.0560340104,"segment_second_lon":-118.2060416925,"segment_sequence":220001,"segment_id":11,"segment_len_meter":78.55499718773287,"segment_cum_len":7953.321815686758,"stop_segment_distance":15.671183645069092}
{"route_id":"720","stop_id":"16762","stop_lat":34.06722,"stop_lon":-118.408981,"stop_sequence":27,"segment_first_lat":34.0670943728,"segment_first_lon":-118.4089799185,"segment_second_lat":34.0670951677,"segment_second_lon":-118.4094752075,"segment_sequence":270001,"segment_id":14,"segment_len_meter":45.62209410914759,"segment_cum_len":25917.00177464664,"stop_segment_distance":15.938956035193087}
{"route_id":"78","stop_id":"1547","stop_lat":34.098917,"stop_lon":-118.118588,"stop_sequence":55,"segment_first_lat":34.0990269708,"segment_first_lon":-118.1186646718,"segment_second_lat":34.0994559709,"segment_second_lon":-118.1177628592,"segment_sequence":550001,"segment_id":28,"segment_len_meter":95.76294531136531,"segment_cum_len":17712.538741900702,"stop_segment_distance":15.125282873432269}
{"route_id":"92","stop_id":"3408","stop_lat":34.153224,"stop_lon":-118.254882,"stop_sequence":52,"segment_first_lat":34.1532234879,"segment_first_lon":-118.2550392362,"segment_second_lat":34.154674341,"segment_second_lon":-118.2550519276,"segment_sequence":520001,"segment_id":26,"segment_len_meter":161.33173085497268,"segment_cum_len":14880.142353426936,"stop_segment_distance":15.163777751355838}
{"route_id":"92","stop_id":"3579","stop_lat":34.191617,"stop_lon":-118.317534,"stop_sequence":77,"segment_first_lat":34.191148497,"segment_first_lon":-118.3171325524,"segment_second_lat":34.1915225372,"segment_second_lon":-118.317635946,"segment_sequence":760005,"segment_id":38,"segment_len_meter":62.23803441075592,"segment_cum_len":23515.33563413672,"stop_segment_distance":15.695617424116186}
{"route_id":"DSE","stop_id":"10994","stop_lat":33.988866,"stop_lon":-118.280733,"stop_sequence":2,"segment_first_lat":33.988866,"segment_first_lon":-118.280614,"segment_second_lat":33.98614,"segment_second_lon":-118.280585,"segment_sequence":269,"segment_id":0,"segment_len_meter":303.1291621796174,"segment_cum_len":16372.798988103901,"stop_segment_distance":11.266612552266736}
