{"route_id":"117","stop_id":"2666","stop_lat":33.930679,"stop_lon":-118.182572,"stop_sequence":64,"segment_first_lat":33.9308071917,"segment_first_lon":-118.1825869835,"segment_second_lat":33.9308360798,"segment_second_lon":-118.1822000363,"segment_sequence":640001,"segment_id":32,"segment_len_meter":35.843887375026654,"segment_cum_len":23182.36126439913,"stop_segment_distance":16.983823384505655}
{"route_id":"167","stop_id":"1043","stop_lat":34.257121,"stop_lon":-118.592592,"stop_sequence":3,"segment_first_lat":34.2572470431,"segment_first_lon":-118.5925926545,"segment_second_lat":34.2572560362,"segment_second_lon":-118.5907526623,"segment_sequence":30001,"segment_id":2,"segment_len_meter":169.10682399385917,"segment_cum_len":1110.117703680532,"stop_segment_distance":14.618060227150409}
{"route_id":"167","stop_id":"18199","stop_lat":34.242589,"stop_lon":-118.45708,"stop_sequence":44,"segment_first_lat":34.2427220665,"segment_first_lon":-118.4575540159,"segment_second_lat":34.2427183711,"segment_second_lon":-118.4570775207,"segment_sequence":430006,"segment_id":22,"segment_len_meter":43.80162214884641,"segment_cum_len":18623.699438788153,"stop_segment_distance":16.60119259121639}
{"route_id":"176","stop_id":"11764","stop_lat":34.11586,"stop_lon":-118.160901,"stop_sequence":84,"segment_first_lat":34.1157236821,"segment_first_lon":-118.1604477013,"segment_second_lat":34.1157208821,"segment_second_lon":-118.1609003162,"segment_sequence":830003,"segment_id":42,"segment_len_meter":41.66843746398427,"segment_cum_len":30774.900248407237,"stop_segment_distance":18.198749237846997}
{"route_id":"180","stop_id":"2800","stop_lat":34.169146,"stop_lon":-118.132093,"stop_sequence":83,"segment_first_lat":34.169151446,"segment_first_lon":-118.1322464264,"segment_second_lat":34.1706274032,"segment_second_lon":-118.132178015,"segment_sequence":830001,"segment_id":42,"segment_len_meter":164.23959062185176,"segment_cum_len":25567.44022489159,"stop_segment_distance":14.798846801520682}
{"route_id":"2","stop_id":"6415","stop_lat":34.078311,"stop_lon":-118.417119,"stop_sequence":16,"segment_first_lat":34.0781546267,"segment_first_lon":-118.4177290553,"segment_second_lat":34.0784210867,"segment_second_lon":-118.4171970568,"segment_sequence":150007,"segment_id":8,"segment_len_meter":57.258845586633186,"segment_cum_len":5115.332549889819,"stop_segment_distance":15.75211630608014}
{"route_id":"205","stop_id":"140758","stop_lat":33.925827,"stop_lon":-118.238912,"stop_sequence":130,"segment_first_lat":33.9251476447,"segment_first_lon":-118.2390598222,"segment_second_lat":33.9258263553,"segment_second_lon":-118.2390634068,"segment_sequence":1300001,"segment_id":65,"segment_len_meter":75.46990008170081,"segment_cum_len":47826.34150671286,"stop_segment_distance":15.262100988099562}
{"route_id":"211","stop_id":"7832","stop_lat":33.961577,"stop_lon":-118.359203,"stop_sequence":25,"segment_first_lat":33.9617035976,"segment_first_lon":-118.3592036224,"segment_second_lat":33.9617212143,"segment_second_lon":-118.3575284461,"segment_sequence":250001,"segment_id":13,"segment_len_meter":154.5077343763209,"segment_cum_len":8770.356918964055,"stop_segment_distance":14.837725752642882}
{"route_id":"217","stop_id":"11013","stop_lat":34.101795,"stop_lon":-118.35486,"stop_sequence":12,"segment_first_lat":34.1016631735,"segment_first_lon":-118.3539349775,"segment_second_lat":34.1016698035,"segment_second_lon":-118.354859918,"segment_sequence":110003,"segment_id":6,"segment_len_meter":85.16643522964146,"segment_cum_len":2938.6800299390266,"stop_segment_distance":15.17771518725786}
{"route_id":"222","stop_id":"14743","stop_lat":34.249638,"stop_lon":-118.346776,"stop_sequence":57,"segment_first_lat":34.2493818629,"segment_first_lon":-118.34710594,"segment_second_lat":34.2496945788,"segment_second_lon":-118.3469120026,"segment_sequence":560020,"segment_id":28,"segment_len_meter":39.07512869810322,"segment_cum_len":23058.938747743963,"stop_segment_distance":16.522415606613386}
{"route_id":"222","stop_id":"2478","stop_lat":34.101484,"stop_lon":-118.329781,"stop_sequence":6,"segment_first_lat":34.1016016924,"segment_first_lon":-118.3310299487,"segment_second_lat":34.101609778,"segment_second_lon":-118.3297813508,"segment_sequence":50002,"segment_id":3,"segment_len_meter":114.96736939168598,"segment_cum_len":1331.8574744877994,"stop_segment_distance":14.757038508563923}
{"route_id":"222","stop_id":"6365","stop_lat":34.230148,"stop_lon":-118.366337,"stop_sequence":48,"segment_first_lat":34.2301315484,"segment_first_lon":-118.3664892113,"segment_second_lat":34.2322272288,"segment_second_lon":-118.3668057637,"segment_sequence":480001,"segment_id":24,"segment_len_meter":234.83916711051077,"segment_cum_len":19767.089827716274,"stop_segment_distance":14.45511511871888}
{"route_id":"232","stop_id":"17620","stop_lat":33.816072,"stop_lon":-118.376657,"stop_sequence":53,"segment_first_lat":33.8158412058,"segment_first_lon":-118.3759247322,"segment_second_lat":33.8159473805,"segment_second_lon":-118.3766813832,"segment_sequence":520011,"segment_id":26,"segment_len_meter":70.89249323751086,"segment_cum_len":21782.28777579368,"stop_segment_distance":15.50044605718746}
{"route_id":"232","stop_id":"30006","stop_lat":33.950005,"stop_lon":-118.392639,"stop_sequence":97,"segment_first_lat":33.9494266345,"segment_first_lon":-118.3928083984,"segment_second_lat":33.950004218,"segment_second_lon":-118.3928137447,"segment_sequence":960008,"segment_id":48,"segment_len_meter":64.22624813969313,"segment_cum_len":40123.576273204926,"stop_segment_distance":18.07451840519299}
{"route_id":"233","stop_id":"6773","stop_lat":34.215505,"stop_lon":-118.448613,"stop_sequence":23,"segment_first_lat":34.2155040747,"segment_first_lon":-118.4487626509,"segment_second_lat":34.2160646508,"segment_second_lon":-118.4487613635,"segment_sequence":230001,"segment_id":12,"segment_len_meter":62.333330721712855,"segment_cum_len":7306.698027866829,"stop_segment_distance":15.135563736416998}
{"route_id":"236","stop_id":"349","stop_lat":34.268285,"stop_lon":-118.502083,"stop_sequence":29,"segment_first_lat":34.2660146814,"segment_first_lon":-118.5022545483,"segment_second_lat":34.268287284,"segment_second_lon":-118.5022338036,"segment_sequence":280002,"segment_id":14,"segment_len_meter":252.7090696256934,"segment_cum_len":12033.686268821759,"stop_segment_distance":14.090627602401213}
{"route_id":"243","stop_id":"12538","stop_lat":34.231429,"stop_lon":-118.571196,"stop_sequence":22,"segment_first_lat":34.2314295374,"segment_first_lon":-118.5710422502,"segment_second_lat":34.2309211989,"segment_second_lon":-118.5710367882,"segment_sequence":220001,"segment_id":11,"segment_len_meter":56.52689255780553,"segment_cum_len":10727.970683564865,"stop_segment_distance":15.939040660773763}
{"route_id":"252","stop_id":"14633","stop_lat":34.080668,"stop_lon":-118.201786,"stop_sequence":25,"segment_first_lat":34.0805028616,"segment_first_lon":-118.2016998601,"segment_second_lat":34.0804875638,"segment_second_lon":-118.2026311024,"segment_sequence":250003,"segment_id":13,"segment_len_meter":85.78179192012354,"segment_cum_len":9967.216261635822,"stop_segment_distance":14.597221629445926}
{"route_id":"258","stop_id":"4331","stop_lat":34.11189,"stop_lon":-118.17458,"stop_sequence":4,"segment_first_lat":34.1120436467,"segment_first_lon":-118.1747751882,"segment_second_lat":34.112009344,"segment_second_lon":-118.1745534415,"segment_sequence":30016,"segment_id":2,"segment_len_meter":20.76794582120119,"segment_cum_len":959.0858215274964,"stop_segment_distance":17.52094366780766}
{"route_id":"40","stop_id":"3708","stop_lat":34.056702,"stop_lon":-118.230819,"stop_sequence":1,"segment_first_lat":34.0567638487,"segment_first_lon":-118.2308038775,"segment_second_lat":34.0567429305,"segment_second_lon":-118.2306780337,"segment_sequence":10001,"segment_id":1,"segment_len_meter":11.824162737065407,"segment_cum_len":11.824162737065407,"stop_segment_distance":8.953489747593832}
{"route_id":"45","stop_id":"13228","stop_lat":34.029595,"stop_lon":-118.267153,"stop_sequence":27,"segment_first_lat":34.0313028372,"segment_first_lon":-118.2658556185,"segment_second_lat":34.0295344874,"segment_second_lon":-118.2670203238,"segment_sequence":260001,"segment_id":13,"segment_len_meter":224.01697786467116,"segment_cum_len":8356.14657795837,"stop_segment_distance":14.341730354713718}
{"route_id":"45","stop_id":"13894","stop_lat":33.902755,"stop_lon":-118.269303,"stop_sequence":71,"segment_first_lat":33.9042767846,"segment_first_lon":-118.2694952468,"segment_second_lat":33.9027769494,"segment_second_lon":-118.2691546219,"segment_sequence":700007,"segment_id":35,"segment_len_meter":169.7109712996423,"segment_cum_len":24336.844711368074,"stop_segment_distance":14.341002487153446}
{"route_id":"55","stop_id":"140774","stop_lat":34.011126,"stop_lon":-118.249322,"stop_sequence":40,"segment_first_lat":34.0090711171,"segment_first_lon":-118.2506256817,"segment_second_lat":34.0111595561,"segment_second_lon":-118.2494011553,"segment_sequence":390002,"segment_id":20,"segment_len_meter":258.2002502924921,"segment_cum_len":11465.485648321384,"stop_segment_distance":8.158266001438164}
{"route_id":"60","stop_id":"13916","stop_lat":34.021274,"stop_lon":-118.230337,"stop_sequence":22,"segment_first_lat":34.021721818,"segment_first_lon":-118.2301600895,"segment_second_lat":34.0212680953,"segment_second_lon":-118.2301865624,"segment_sequence":210009,"segment_id":11,"segment_len_meter":50.51062029255415,"segment_cum_len":6708.161182917353,"stop_segment_distance":15.765892447156403}
{"route_id":"603","stop_id":"17128","stop_lat":34.07936,"stop_lon":-118.269151,"stop_sequence":36,"segment_first_lat":34.0794979878,"segment_first_lon":-118.2689700515,"segment_second_lat":34.0793260138,"segment_second_lon":-118.2690741835,"segment_sequence":350007,"segment_id":18,"segment_len_meter":21.39277954482921,"segment_cum_len":11028.617174350566,"stop_segment_distance":9.280791678086466}
{"route_id":"71","stop_id":"712","stop_lat":34.057437,"stop_lon":-118.173532,"stop_sequence":37,"segment_first_lat":34.0573788509,"segment_first_lon":-118.1738752331,"segment_second_lat":34.0575226941,"segment_second_lon":-118.1735939141,"segment_sequence":360003,"segment_id":18,"segment_len_meter":30.454157811371914,"segment_cum_len":12004.436394006341,"stop_segment_distance":12.924999866037666}
{"route_id":"720","stop_id":"16711","stop_lat":34.062418,"stop_lon":-118.34633,"stop_sequence":21,"segment_first_lat":34.0622921385,"segment_first_lon":-118.3463329687,"segment_second_lat":34.0623058866,"segment_second_lon":-118.3470957192,"segment_sequence":210001,"segment_id":11,"segment_len_meter":70.27899898134946,"segment_cum_len":20111.187008927587,"stop_segment_distance":15.347802516466786}
{"route_id":"770","stop_id":"30020","stop_lat":34.072197,"stop_lon":-118.045125,"stop_sequence":26,"segment_first_lat":34.0720155426,"segment_first_lon":-118.0444513297,"segment_second_lat":34.0720149716,"segment_second_lon":-118.0459768846,"segment_sequence":250018,"segment_id":13,"segment_len_meter":140.5136065433712,"segment_cum_len":26522.782830696717,"stop_segment_distance":5.766603869612339}
{"route_id":"81","stop_id":"9333","stop_lat":34.142103,"stop_lon":-118.223228,"stop_sequence":3,"segment_first_lat":34.1424068301,"segment_first_lon":-118.2236249517,"segment_second_lat":34.142213694,"segment_second_lon":-118.2231574598,"segment_sequence":20005,"segment_id":1,"segment_len_meter":48.085471129240254,"segment_cum_len":384.9922159406982,"stop_segment_distance":15.588957265778497}
{"route_id":"90","stop_id":"10575","stop_lat":34.249693,"stop_lon":-118.29072,"stop_sequence":15,"segment_first_lat":34.2497840261,"segment_first_lon":-118.290615368,"segment_second_lat":34.2493862221,"segment_second_lon":-118.2901199347,"segment_sequence":150001,"segment_id":8,"segment_len_meter":63.48406303999781,"segment_cum_len":3655.7982237878236,"stop_segment_distance":15.328335092681911}
{"route_id":"94","stop_id":"12355","stop_lat":34.112573,"stop_lon":-118.243823,"stop_sequence":74,"segment_first_lat":34.1127403846,"segment_first_lon":-118.2437212032,"segment_second_lat":34.1126237099,"segment_second_lon":-118.2436666827,"segment_sequence":730010,"segment_id":37,"segment_len_meter":13.910729658504184,"segment_cum_len":30303.283970710607,"stop_segment_distance":22.384044373739226}
